Expediente,Solicitante,Sexo,Nacionalidad,EdadSolicitante,MiembrosUnidad,MenoresACargo,SituacionLaboral,RegimenVivienda,ConceptoAyuda,Discapacidad,Distrito,Canal,IngresosMensualesUnidad,RentaPerCapitaIPREM,GastoViviendaMensual,ImporteSolicitado,MesesEmpadronamiento,AyudasPrevias12m,DeudaSuministros,ExposicionMotivos,DestinoAyuda,InformeSocial,AportaDNI,AportaPadron,AportaJustificanteIngresos,AportaJustificanteGasto,DeclaracionResponsable,Concedida
AES-2025-00001,Andrea Castillo Rojas,Mujer,Española,26,3,0,Empleo estable,Habitación realquilada,Alquiler o hipoteca,No,San Antón,Presencial,1384,0.77,298,1080,180,1,0,Se me ha juntado todo y no llego a pagar el alquiler este mes. Estoy trabajando pero el sueldo no me da para cubrir los gastos de la habitación.,Pago de mensualidad de alquiler de habitación.,La persona solicitante mantiene contrato laboral activo. Se constata en el expediente que ya recibió una ayuda municipal por el mismo concepto hace pocos meses.,Sí,Sí,Sí,No,Sí,0
AES-2025-00002,Nerea Rodríguez Ortega,Mujer,UE,60,3,0,Desempleo con prestación,Cedida o familiar,Gastos sanitarios,No,La Vega,Presencial,870,0.48,0,480,222,0,0,"He perdido el empleo hace pocos meses y no tengo otros ingresos estables. Además, en casa tenemos una enfermedad grave o crónica con gastos que la sanidad pública no cubre.",Compra de medicación y material sanitario necesario.,La persona solicitante se encuentra en situación de desempleo con prestación contributiva. Se aporta documentación médica que acredita la necesidad de tratamiento farmacológico no subvencionado.,Sí,Sí,Sí,Sí,Sí,1
AES-2025-00003,Silvia Moreno Muñoz,Mujer,Extracomunitaria,31,1,0,Desempleo sin prestación,Hipoteca,Alimentación e higiene,Sí,San Antón,Sede electrónica,0,0.0,358,290,30,2,0,"Estoy sin trabajo y no cobro ninguna ayuda, así que se me hace imposible comprar comida. Con lo que cuesta la hipoteca y mis necesidades, no me queda nada para vivir.",Adquisición de productos básicos de alimentación e higiene.,La persona solicitante carece de ingresos económicos mensuales. Se confirma la existencia de una discapacidad reconocida que requiere seguimiento constante.,Sí,Sí,Sí,Sí,Sí,1
AES-2025-00004,Raquel Rodríguez Sanz,Mujer,Española,78,2,0,Pensionista,Alquiler,Gastos sanitarios,No,La Vega,Presencial,1041,0.87,759,760,15,0,0,"Con la pensión que recibo, apenas puedo hacer frente al alquiler y a los gastos de farmacia que tengo. Necesito ayuda para poder costear el tratamiento médico que me han recetado.",Pago de gastos médicos y farmacéuticos.,La persona solicitante es pensionista y destina la mayor parte de sus ingresos al pago de la vivienda. Se ha verificado el elevado coste de los suministros sanitarios necesarios.,Sí,Sí,Sí,Sí,Sí,0
AES-2025-00005,Yolanda Rubio Ruiz,Mujer,Española,87,1,0,Pensionista,Habitación realquilada,Alimentación e higiene,Sí,San Antón,Sede electrónica,848,1.41,282,230,26,0,0,Vivo sola en una habitación y mi pensión no me llega para comprar comida y pagar el alquiler. A veces paso días en los que tengo que elegir entre comer o pagar el techo.,Compra de alimentos básicos y productos de aseo.,La persona solicitante es pensionista y tiene reconocida una discapacidad. Se observa un riesgo de vulnerabilidad alimentaria debido a los gastos fijos de vivienda.,Sí,Sí,Sí,Sí,Sí,0
AES-2025-00006,Alberto Sánchez Sanz,Hombre,Extracomunitaria,39,2,1,Empleo estable,Hipoteca,Suministros básicos,No,Ribera,Presencial,2147,1.79,627,490,37,2,617,La situación es muy complicada porque es una familia monoparental: cría sola a mis hijos sin apoyo del otro progenitor. Los gastos de la casa se me están haciendo muy cuesta arriba este mes.,Pago de facturas de suministros de luz y agua.,La persona solicitante cuenta con un empleo estable. La unidad de convivencia se compone de una persona adulta y un menor de edad.,Sí,Sí,Sí,Sí,Sí,0
AES-2025-00007,Fátima Castillo Jiménez,Mujer,Española,78,2,0,Pensionista,Alquiler,Alimentación e higiene,No,La Vega,Presencial,933,0.78,479,320,88,1,0,Me cuesta mucho llegar a fin de mes con la pensión y el alquiler. Necesito un apoyo para poder comprar alimentos y productos de limpieza para la casa.,Compra de productos de primera necesidad.,La persona solicitante convive con otro adulto en una vivienda en régimen de alquiler. Los ingresos mensuales son limitados tras el pago del gasto de vivienda.,Sí,No,Sí,Sí,Sí,1
AES-2025-00008,Rafael Blanco Rojas,Hombre,Extracomunitaria,62,5,0,Incapacidad o dependencia,Alquiler,Alquiler o hipoteca,Sí,Ensanche,Sede electrónica,755,0.25,434,320,11,0,0,La situación es límite porque tengo abierto un procedimiento de desahucio por impago de la vivienda. No tengo recursos para ponerme al día con la deuda acumulada.,Pago de mensualidades atrasadas de alquiler.,La persona solicitante presenta una situación de vulnerabilidad extrema con fecha de lanzamiento fijada por el juzgado. Se constata que cumple el plan de intervención social y acude a todas las citas.,Sí,Sí,Sí,Sí,Sí,1
AES-2025-00009,Luis Mendoza Sánchez,Hombre,Española,22,1,0,Empleo precario o parcial,Alquiler,Alimentación e higiene,No,San Antón,Sede electrónica,637,1.06,709,310,89,0,0,"Mi sueldo es muy bajo y no me llega ni para pagar la casa, mucho menos para la comida. Estoy buscando algo mejor pero mientras tanto no tengo para comprar nada de comer.",Compra de alimentos básicos.,La persona solicitante trabaja a tiempo parcial con un salario insuficiente para cubrir el coste de la vivienda. Se encuentra en una situación de precariedad económica evidente.,Sí,Sí,Sí,Sí,Sí,0
AES-2025-00010,Inés Gómez Rojas,Mujer,Española,62,2,0,Desempleo sin prestación,Alquiler,Alquiler o hipoteca,No,Ensanche,Sede electrónica,245,0.2,646,1290,86,1,0,He perdido el empleo hace pocos meses y no tengo otros ingresos estables. No tengo medios para pagar la renta y tengo miedo de perder la vivienda.,Pago de cuotas de alquiler pendientes.,La persona solicitante se encuentra en situación de desempleo. Consta en el registro que ya recibió una ayuda municipal por el mismo concepto hace pocos meses.,Sí,Sí,Sí,Sí,Sí,1
AES-2025-00011,Nadia Mendoza Mendoza,Mujer,Española,55,6,4,Empleo estable,Alquiler,Alquiler o hipoteca,No,La Vega,Presencial,1357,0.38,722,1270,8,0,0,"Se me hace muy difícil llegar a fin de mes con todos los niños en casa y los gastos que tenemos. El alquiler ha subido y no me alcanza el sueldo para todo, por favor necesito una ayuda para poder pagar la casa.",Pago de mensualidades atrasadas del alquiler de la vivienda habitual.,La persona solicitante mantiene una actitud colaboradora en todo momento. Se constata que cumple el plan de intervención social y acude a todas las citas programadas por este servicio.,Sí,Sí,Sí,Sí,Sí,1
AES-2025-00012,Valentina Ramos Castro,Mujer,Española,40,6,3,Desempleo sin prestación,Habitación realquilada,Alquiler o hipoteca,No,Las Eras,Sede electrónica,95,0.03,245,460,1,0,0,"Estoy desesperada porque no tengo trabajo y tengo tres niños que mantener. Me ha subido el alquiler de la habitación y no tengo ni un euro, estoy agobiada.",Pagar el alquiler de la habitación donde resido.,La persona solicitante no cuenta con red de apoyo familiar ni social en el municipio. Se observa que el presupuesto o factura aportado no se corresponde con la necesidad descrita en la solicitud.,Sí,Sí,Sí,Sí,Sí,1
AES-2025-00013,María Pérez Sánchez,Mujer,Española,34,2,0,Incapacidad o dependencia,Habitación realquilada,Otros gastos,Sí,Ribera,Sede electrónica,781,0.65,218,560,171,0,0,Tengo muchos problemas de salud y los gastos se me acumulan. Necesito este dinero para poder organizarme mejor este mes ya que mi pensión es muy bajita.,Comprar un equipo de sonido de alta fidelidad para el salón.,La persona solicitante presenta una situación de vulnerabilidad económica derivada de su discapacidad. Se ha procedido a la revisión de la documentación aportada durante la entrevista.,Sí,Sí,Sí,Sí,Sí,0
AES-2025-00014,Sara González Castillo,Mujer,Española,29,4,0,Empleo precario o parcial,Hipoteca,Alimentación e higiene,No,Centro,Presencial,838,0.35,547,190,18,0,0,Trabajo algunas horas pero no me da para la hipoteca y la comida. Estoy pasando por un momento muy malo y no tengo forma de llegar a fin de mes.,Cubrir gastos básicos de alimentación y productos de higiene.,"La persona solicitante no cuenta con red de apoyo familiar ni social. Asimismo, no ha acudido a las citas del plan de intervención ni ha aportado la documentación que se le pidió en el plazo estipulado.",Sí,Sí,Sí,Sí,Sí,0
AES-2025-00015,Yolanda Ramos Castillo,Mujer,Española,63,3,0,Desempleo sin prestación,Hipoteca,Alquiler o hipoteca,No,La Vega,Presencial,285,0.16,618,640,131,0,387,Llevo tiempo sin encontrar trabajo y la hipoteca me ahoga. Mis ahorros se han terminado y no tengo más ingresos para poder pagar la casa este mes.,Pago de las cuotas hipotecarias pendientes.,La persona solicitante se muestra receptiva durante la atención técnica. Se verifica que cumple el plan de intervención social y acude a todas las citas acordadas.,Sí,Sí,Sí,Sí,Sí,1
AES-2025-00016,Marta El Amrani Mendoza,Mujer,Española,83,1,0,Pensionista,Sin hogar,Gastos sanitarios,No,Las Eras,Presencial,765,1.27,0,740,29,2,0,Me han diagnosticado una enfermedad crónica que me obliga a comprar medicamentos y materiales ortopédicos que la sanidad pública no cubre. Estoy sola y mis ingresos apenas me llegan para comer.,Adquisición de productos sanitarios y medicación necesaria.,La persona solicitante vive en una situación de precariedad habitacional severa. Se ha realizado la valoración de la situación socioeconómica actual durante la entrevista.,Sí,Sí,Sí,Sí,Sí,0
AES-2025-00017,Rosa Pérez El Amrani,Mujer,Extracomunitaria,37,1,0,Desempleo sin prestación,Alquiler,Alquiler o hipoteca,No,Las Eras,Presencial,184,0.31,647,800,96,1,0,"No tengo nada, estoy en la calle sin ingresos y no puedo pagar el alquiler. Necesito ayuda urgente porque no sé dónde voy a dormir mañana.",Pago del alquiler para evitar el desahucio.,La persona solicitante no cuenta con red de apoyo familiar ni social. Se observa que no ha acudido a las citas del plan de intervención ni ha aportado la documentación requerida tras varios intentos de contacto.,Sí,Sí,Sí,Sí,Sí,0
AES-2025-00018,Inés Medina Blanco,Mujer,Española,49,2,0,Desempleo sin prestación,Alquiler,Alquiler o hipoteca,Sí,Ensanche,Sede electrónica,133,0.11,733,1310,34,1,73,"La situación en casa es insostenible y apenas tengo dinero para comer tras pagar el alquiler. Estoy buscando trabajo pero no sale nada, ojalá me puedan ayudar un poco.",Pago de recibos de alquiler pendientes.,"Se constata que la persona solicitante es víctima de violencia de género, con orden de protección vigente. Durante la visita domiciliaria se constatan ingresos no declarados provenientes de actividades no registradas.",Sí,Sí,Sí,Sí,Sí,0
AES-2025-00019,Julia López Díaz,Mujer,Española,62,2,0,Desempleo sin prestación,Cedida o familiar,Gastos sanitarios,No,Centro,Presencial,305,0.25,0,610,92,0,0,Mi pareja tiene una enfermedad grave y los tratamientos que necesita cuestan mucho dinero. Los médicos nos dicen que eso no lo cubre el sistema público y no sabemos qué hacer.,Costear medicación y material sanitario para enfermedad crónica.,La persona solicitante no cuenta con red de apoyo familiar ni social en el entorno cercano. Cabe destacar que cumple el plan de intervención social y acude a todas las citas establecidas.,Sí,Sí,Sí,Sí,Sí,1
AES-2025-00020,Andrés Benali Martínez,Hombre,Extracomunitaria,62,5,0,Desempleo con prestación,Alquiler,Alimentación e higiene,No,Centro,Sede electrónica,926,0.31,812,250,184,0,0,Tenemos muchos gastos en casa y con lo que cobro de desempleo apenas podemos comprar comida para todos. Los precios han subido mucho y no llegamos.,Compra de alimentos y productos de higiene básica.,La persona solicitante presenta una unidad de convivencia numerosa. Se ha procedido a la apertura de expediente y al registro de los gastos básicos mensuales del hogar.,Sí,Sí,Sí,Sí,Sí,1
AES-2025-00021,Nerea El Amrani Marín,Mujer,Española,50,1,0,Empleo precario o parcial,Alquiler,Otros gastos,No,Ribera,Presencial,799,1.33,721,880,230,2,0,"Hola, vengo a pedir una ayuda porque la cosa está fatal y no llego a fin de mes ni de broma. Entre el alquiler y los gastos de la casa me quedo a cero y no me llega para nada.",Necesito el dinero para hacer una reforma necesaria en el baño de la vivienda.,La persona solicitante presenta una situación de vulnerabilidad económica derivada de unos costes de vivienda elevados en relación a sus ingresos. Se ha verificado la documentación presentada en la entrevista.,Sí,Sí,Sí,Sí,Sí,0
AES-2025-00022,Silvia Muñoz Ruiz,Mujer,Española,23,4,3,Empleo precario o parcial,Sin hogar,Alimentación e higiene,No,Ensanche,Presencial,790,0.33,0,250,166,2,0,"Estoy desesperada porque no tengo donde dormir con los niños. Al ser madre soltera y encargarme yo sola de ellos sin ayuda de nadie, se me hace imposible pagar una habitación y comer.",Comprar comida y productos de higiene básica para mis hijos.,La persona solicitante se encuentra en situación de calle con tres menores a cargo. Se constata la inexistencia de ingresos estables y la falta de vivienda permanente.,Sí,Sí,Sí,Sí,Sí,1
AES-2025-00023,Tomás Navarro Pérez,Hombre,Española,50,1,0,Empleo estable,Cedida o familiar,Alimentación e higiene,No,San Antón,Sede electrónica,655,1.09,0,220,35,0,0,"Pues nada, que las cosas se han puesto muy caras en el supermercado y apenas me llega para comer este mes. Con mi sueldo, después de pagar mis gastos fijos, no me queda casi nada para la despensa.",Realizar la compra de alimentos de primera necesidad.,"La persona solicitante mantiene un empleo estable, pero los ingresos resultan insuficientes para cubrir sus necesidades básicas de alimentación. Se han revisado los justificantes de gastos corrientes.",Sí,Sí,Sí,Sí,Sí,0
AES-2025-00024,Rafael Rojas Lozano,Hombre,Extracomunitaria,48,3,2,Empleo precario o parcial,Cedida o familiar,Alimentación e higiene,No,Las Eras,Presencial,1711,0.95,0,160,86,2,0,"Me veo muy apurado con los críos porque soy padre soltero y no tengo ayuda de mi ex, así que me toca tirar de todo yo solo. A ver si me podéis echar una mano con la comida porque el sueldo no da para más.",Cubrir gastos de alimentación para el hogar.,"La persona solicitante forma parte de una familia monoparental y cumple el plan de intervención social, acudiendo a todas las citas programadas. Cabe señalar que ya recibió una ayuda municipal por el mismo concepto hace pocos meses.",No,Sí,Sí,Sí,Sí,0
AES-2025-00025,Raquel González Lozano,Mujer,Española,39,1,0,Empleo precario o parcial,Alquiler,Alimentación e higiene,No,San Antón,Presencial,641,1.07,362,220,91,0,0,"Estoy trabajando pero es una miseria de horas y no me alcanza para pagar el alquiler y comer. Necesito un empujón para poder comprar comida este mes, que me veo muy mal.",Adquisición de productos de alimentación e higiene.,La persona solicitante cumple el plan de intervención social y acude a todas las citas programadas. Durante la entrevista y la posterior visita domiciliaria se constatan ingresos no declarados por trabajos sin contrato.,Sí,Sí,Sí,Sí,Sí,0
AES-2025-00026,Khadija Blanco Pérez,Mujer,Española,80,2,0,Pensionista,Alquiler,Alquiler o hipoteca,Sí,San Antón,Sede electrónica,1032,0.86,829,1220,8,1,0,No sé qué hacer porque me han mandado una carta del juzgado avisando del desahucio por no poder pagar la renta estos meses atrás. Estoy muy asustada y no tengo adónde ir.,Pagar las mensualidades de alquiler atrasadas para detener el proceso judicial.,La persona solicitante acredita mediante documentación judicial la apertura de un procedimiento de desahucio por impago de alquiler. Se ha verificado el elevado gasto de vivienda en relación con la pensión percibida.,Sí,Sí,Sí,Sí,Sí,1
AES-2025-00027,Antonio Torres Medina,Hombre,Española,53,2,0,Desempleo con prestación,Habitación realquilada,Alimentación e higiene,Sí,La Vega,Presencial,980,0.82,258,400,29,0,66,"Llevo tiempo cobrando el paro y entre lo que pago de la habitación y los gastos, me las veo negras para comer. A ver si me ayudáis un poco porque la situación está muy complicada.",Comprar comida para pasar el mes.,La persona solicitante convive en una habitación realquilada y percibe una prestación por desempleo. Se ha documentado la situación de vulnerabilidad mediante los recibos de los gastos de vivienda.,Sí,Sí,Sí,Sí,Sí,0
AES-2025-00028,Sara Gil Rodríguez,Mujer,Extracomunitaria,49,4,3,Desempleo sin prestación,Alquiler,Alquiler o hipoteca,No,La Vega,Sede electrónica,938,0.39,352,330,8,0,0,"Como me toca sacar a mis hijos adelante yo sola sin ayuda del padre, la situación es muy difícil. No tengo ingresos y no puedo pagar el alquiler de la casa, por eso pido ayuda.",Pagar parte de la renta del alquiler de la vivienda.,"La persona solicitante es madre soltera y cumple el plan de intervención social, acudiendo a todas las citas. Se ha verificado la situación de desempleo y la falta de ingresos regulares.",Sí,No,Sí,Sí,Sí,1
AES-2025-00029,Aicha Iglesias Delgado,Mujer,Española,44,3,0,Desempleo sin prestación,Alquiler,Suministros básicos,No,San Antón,Presencial,101,0.06,400,120,21,0,652,"Me ha llegado un aviso de corte de luz y agua porque no he podido pagar las últimas facturas. Estoy en paro y no tengo ni un euro, estoy muy preocupada.",Pagar los recibos pendientes de los suministros básicos.,Se han revisado los avisos de corte de suministros aportados por la persona solicitante. Se confirma que actualmente carece de ingresos y de prestaciones sociales.,Sí,Sí,Sí,Sí,Sí,1
AES-2025-00030,Nadia Martínez Rodríguez,Mujer,UE,55,2,0,Empleo estable,Cedida o familiar,Alimentación e higiene,No,Las Eras,Presencial,1002,0.83,0,260,86,0,0,"Hola, necesito que me ayudéis con dinero para la comida. Estoy trabajando pero no me llega para todo y me encuentro en una situación muy apurada.",Compra de productos de alimentación e higiene.,La persona solicitante no cuenta con red de apoyo familiar ni social. Se observa que no ha acudido a las citas del plan de intervención ni ha aportado la documentación solicitada en el plazo indicado.,Sí,Sí,Sí,Sí,Sí,0
AES-2025-00031,Antonio Gil García,Hombre,Española,48,5,4,Incapacidad o dependencia,Alquiler,Material escolar,En trámite,San Antón,Sede electrónica,1059,0.35,479,170,34,2,0,La cosa está muy mal porque soy familia monoparental y crío yo solo a mis hijos sin ayuda de nadie. No me llega para comprar los libros y el material de la escuela.,Comprar el material escolar necesario para mis hijos.,La persona solicitante se hace cargo de la unidad de convivencia en solitario. Se observa una situación de vulnerabilidad por cargas familiares y escasos recursos económicos.,Sí,Sí,Sí,Sí,Sí,1
AES-2025-00032,Miguel Moreno Blanco,Hombre,Española,36,1,0,Desempleo con prestación,Alquiler,Suministros básicos,Sí,Las Eras,Presencial,634,1.06,594,340,50,0,228,"Necesito ayuda como sea porque no me llega para pagar las facturas, estoy en una situación muy complicada y no se como voy a aguantar este mes.",Pago de los suministros de luz y agua.,"La persona solicitante no ha acudido a las citas del plan de intervención ni ha aportado la documentación requerida. Además, el presupuesto o factura aportado no se corresponde con la necesidad descrita.",Sí,Sí,Sí,Sí,Sí,0
AES-2025-00033,Raquel Marín García,Mujer,Española,34,5,0,Desempleo sin prestación,Alquiler,Alimentación e higiene,No,San Antón,Presencial,687,0.23,781,280,207,1,0,No tengo trabajo ni cobro ninguna prestación y ya no se que hacer para darle de comer a mi gente. Los gastos del alquiler se llevan todo lo poco que entra.,Compra de alimentos y productos de higiene básica.,La persona solicitante presenta una situación de carencia de ingresos estables. Se constata en el expediente que ya recibió una ayuda municipal por el mismo concepto hace pocos meses.,Sí,Sí,Sí,Sí,No,1
AES-2025-00034,Mercedes Rojas Cortés,Mujer,UE,63,2,0,Desempleo sin prestación,Cedida o familiar,Gastos sanitarios,Sí,Las Eras,Sede electrónica,429,0.36,0,800,29,1,0,Tenemos una enfermedad grave en la familia que requiere unos tratamientos muy caros que la sanidad pública no cubre. Es una situación desesperada y no tenemos ahorros para estos gastos médicos.,Cubrir gastos sanitarios no cubiertos por el sistema público.,La persona solicitante cumple el plan de intervención social y acude a todas las citas programadas. Consta en el sistema que ya recibió una ayuda municipal por el mismo concepto hace pocos meses.,Sí,Sí,Sí,Sí,Sí,1
AES-2025-00035,Pilar Mendoza Mendoza,Mujer,Española,54,7,1,Empleo precario o parcial,Alquiler,Alquiler o hipoteca,No,Las Eras,Presencial,617,0.15,788,850,92,0,0,Estoy trabajando solo unas horas y lo que gano no da ni para empezar a pagar la casa. Tengo muchos gastos con tantos en casa y me veo en la calle.,Pagar las cuotas pendientes del alquiler.,"La persona solicitante no ha acudido a las citas del plan de intervención ni ha aportado lo que se le pidió. En la visita se constatan ingresos no declarados, derivados de trabajos sin contrato o ayuda de familiares.",Sí,Sí,Sí,Sí,Sí,0
AES-2025-00036,Mohamed Fuentes Delgado,Hombre,Española,50,3,0,Empleo precario o parcial,Alquiler,Alimentación e higiene,No,Ensanche,Presencial,998,0.55,756,210,14,1,0,Estamos fatal porque nos han abierto un procedimiento de desahucio por no poder pagar el alquiler y tengo mucho miedo. Ya no nos queda ni para hacer la compra semanal.,Alimentación y productos de primera necesidad.,Se confirma la situación de precariedad económica en la unidad de convivencia. El expediente refleja que ya recibió una ayuda municipal por el mismo concepto hace pocos meses.,Sí,Sí,Sí,Sí,Sí,1
AES-2025-00037,Andrés Navarro Martín,Hombre,Española,19,4,1,Desempleo sin prestación,Alquiler,Alquiler o hipoteca,No,Las Eras,Sede electrónica,395,0.16,506,380,155,0,0,"Hace unos meses que perdí el empleo y desde entonces no tengo ningún ingreso estable. Además, tengo abierto un procedimiento de desahucio por impago de la vivienda.",Pago de mensualidades atrasadas del alquiler para evitar el desahucio.,La persona solicitante cumple el plan de intervención social y acude a todas las citas. Se comunica que ya hay fecha de lanzamiento fijada por el juzgado.,Sí,Sí,Sí,Sí,Sí,1
AES-2025-00038,Mihai Lozano Mendoza,Hombre,Española,35,4,0,Incapacidad o dependencia,Sin hogar,Alimentación e higiene,Sí,Ensanche,Presencial,1155,0.48,0,250,8,2,316,Mi situación es muy precaria desde que me dieron la incapacidad y no puedo hacer frente a los gastos básicos. Estoy intentando salir adelante pero es imposible sin ayuda.,Compra de alimentos y productos de higiene.,La persona solicitante presenta una situación de exclusión residencial. Se hace constar que no cuenta con red de apoyo familiar ni social.,Sí,Sí,Sí,Sí,Sí,1
AES-2025-00039,Diego Torres Álvarez,Hombre,Extracomunitaria,34,2,1,Empleo precario o parcial,Alquiler,Alquiler o hipoteca,Sí,Las Eras,Sede electrónica,1144,0.95,350,680,40,0,0,"Como soy familia monoparental, crío sola a mis hijos sin apoyo del otro progenitor. Con el empleo parcial que tengo no alcanzo a cubrir el alquiler y la manutención.",Pago de recibos de alquiler atrasados.,La persona solicitante cumple el plan de intervención social y acude a todas las citas. Se observa que no cuenta con red de apoyo familiar ni social.,Sí,Sí,Sí,Sí,Sí,1
AES-2025-00040,Joaquín Rodríguez Rojas,Hombre,Española,66,2,0,Pensionista,Hipoteca,Alquiler o hipoteca,No,La Vega,Presencial,936,0.78,403,1390,25,0,0,La pensión que recibo es muy baja y con los gastos de la casa y la hipoteca apenas me queda para comer. Estoy muy agobiado con las cuotas del banco.,Abono de mensualidades de la hipoteca.,La persona solicitante expone una situación de desequilibrio entre los ingresos mensuales y los gastos vinculados a la vivienda habitual.,Sí,Sí,Sí,Sí,Sí,0
AES-2025-00041,Isabel Romero Rodríguez,Mujer,Española,63,3,0,Incapacidad o dependencia,Cedida o familiar,Alimentación e higiene,En trámite,La Vega,Presencial,467,0.26,0,200,21,0,0,La verdad que estoy bastante agobiada porque en mi casa tenemos una enfermedad grave y crónica que nos supone muchos gastos. La sanidad pública no cubre todo lo que necesitamos y ya no sabemos de dónde sacar el dinero.,Comprar comida y productos de aseo personal.,La persona solicitante refiere una situación de precariedad económica derivada de gastos sanitarios extraordinarios. Se ha verificado la composición de la unidad de convivencia.,Sí,Sí,Sí,Sí,Sí,1
AES-2025-00042,Paula Cortés Cabrera,Mujer,Española,37,3,2,Desempleo sin prestación,Cedida o familiar,Gastos sanitarios,Sí,Ribera,Presencial,329,0.18,0,870,91,2,0,"Estoy sacando adelante a mis hijos yo sola, sin ayuda del otro progenitor, y la situación es insostenible. Además, tenemos una enfermedad grave y crónica en la familia que requiere medicamentos y cuidados que no cubre la sanidad pública.",Pagar los gastos médicos que no me cubre el seguro.,La persona solicitante manifiesta dificultades para cubrir necesidades sanitarias. Se observa que el presupuesto o factura aportado no se corresponde con la necesidad descrita.,Sí,Sí,Sí,Sí,Sí,1
AES-2025-00043,Ana Cabrera Gómez,Mujer,Española,53,3,1,Incapacidad o dependencia,Sin hogar,Otros gastos,En trámite,Centro,Presencial,1481,0.82,0,1090,182,0,83,Tengo una enfermedad grave y crónica en la familia que me gasta todos los pocos ahorros que tenía. Es una situación muy difícil de llevar día a día.,Realizar una reforma necesaria en la vivienda.,La persona solicitante no cuenta con red de apoyo familiar ni social en el municipio. Se constata que cumple el plan de intervención social y acude a todas las citas programadas.,Sí,Sí,Sí,Sí,Sí,1
AES-2025-00044,Ioana Díaz Romero,Mujer,UE,56,5,1,Desempleo con prestación,Alquiler,Alimentación e higiene,No,Las Eras,Sede electrónica,795,0.27,451,400,157,0,0,Hace pocos meses que perdí mi empleo y la verdad que me he quedado sin nada. No tengo otros ingresos estables para poder pagar la comida y las cosas de casa.,Compra de alimentos y productos básicos de higiene.,"La persona solicitante carece de red de apoyo familiar ni social. Se confirma que cumple el plan de intervención social y acude a todas las citas, si bien el presupuesto o factura aportado no se corresponde con la necesidad descrita.",No,Sí,Sí,Sí,Sí,1
AES-2025-00045,Silvia Quispe Álvarez,Mujer,Extracomunitaria,84,2,0,Pensionista,Cedida o familiar,Suministros básicos,No,Las Eras,Presencial,783,0.65,0,400,22,0,598,Me hace mucha falta esta ayuda porque no llego a pagar los recibos del mes. La pensión que cobro no me da para todo y los suministros han subido mucho.,Pagar los recibos de luz y agua.,Se constata que la persona solicitante no ha acudido a las citas del plan de intervención ni ha aportado la documentación que se le pidió durante la entrevista.,Sí,Sí,Sí,Sí,Sí,0
AES-2025-00046,Dolores Cortés Mendoza,Mujer,Española,60,2,0,Incapacidad o dependencia,Alquiler,Alquiler o hipoteca,Sí,Ribera,Presencial,825,0.69,779,1080,106,1,0,"Estoy desesperada porque tengo abierto un procedimiento de desahucio por impago de la vivienda y no tengo dónde ir. Además, en casa tenemos una enfermedad grave y crónica con muchos gastos que no cubre la sanidad pública.",Pagar el alquiler para frenar el desahucio.,La persona solicitante presenta una situación de riesgo de pérdida de vivienda. Se hace constar que cumple el plan de intervención social y acude a todas las citas concertadas.,Sí,Sí,Sí,Sí,Sí,1
AES-2025-00047,Ana Vargas Díaz,Mujer,Española,42,4,0,Desempleo con prestación,Alquiler,Alimentación e higiene,No,Las Eras,Sede electrónica,1223,0.51,830,270,24,0,345,No me llega el sueldo para todo lo que hace falta en casa con la subida de los precios. Necesito un empujón para poder hacer la compra mensual para mi familia.,Compra de alimentos básicos.,La persona solicitante mantiene una atención regular con los servicios sociales. Se verifica que cumple el plan de intervención social y acude a todas las citas.,Sí,Sí,Sí,Sí,Sí,1
AES-2025-00048,Pilar Pérez Ramos,Mujer,UE,51,4,2,Empleo precario o parcial,Cedida o familiar,Suministros básicos,En trámite,La Vega,Sede electrónica,1168,0.49,0,520,45,0,471,Como solo tengo un trabajo parcial no me alcanza para pagar las facturas de la casa. Estamos intentando ahorrar pero es imposible con los niños.,Pago de facturas de suministros básicos.,Se ha evaluado la situación económica de la unidad de convivencia. La persona solicitante cumple el plan de intervención social y acude a todas las citas fijadas.,Sí,Sí,Sí,Sí,Sí,1
AES-2025-00049,Fernando Fuentes Vázquez,Hombre,Extracomunitaria,45,1,0,Empleo estable,Cedida o familiar,Alimentación e higiene,No,San Antón,Presencial,732,1.22,0,130,125,2,0,"Hola, solicito ayuda porque aunque trabajo, tengo unos gastos inesperados este mes y voy muy justo. A ver si me podéis echar una mano con la compra.",Alimentación y productos de higiene.,La persona solicitante presenta su demanda tras una situación de desequilibrio económico puntual. Se ha procedido a la revisión de sus ingresos y gastos actuales.,Sí,Sí,Sí,Sí,Sí,0
AES-2025-00050,Joaquín Blanco Iglesias,Hombre,Española,31,4,2,Desempleo sin prestación,Habitación realquilada,Otros gastos,No,La Vega,Presencial,735,0.31,242,880,101,3,0,Perdí mi empleo hace pocos meses y desde entonces la situación es muy complicada. No tengo otros ingresos estables y necesito ayuda para cubrir gastos básicos.,Cubrir gastos básicos del hogar.,Se ha entrevistado a la persona solicitante para valorar su situación tras el cese de su actividad laboral. Se adjunta la documentación justificativa de la situación de desempleo.,Sí,Sí,Sí,Sí,Sí,1
AES-2025-00051,Carmen Fernández El Amrani,Mujer,Española,56,3,2,Desempleo con prestación,Alquiler,Suministros básicos,No,La Vega,Sede electrónica,1413,0.79,360,130,11,0,473,"La situación en casa es muy complicada ahora mismo porque me ha llegado un aviso de corte de luz, agua o gas por facturas impagadas. Como soy una familia monoparental, crío sola a mis hijos sin apoyo del otro progenitor y no llego a todo.",Pago de recibos de suministros básicos.,La persona solicitante presenta recibos impagados que ascienden al importe solicitado. Se observa dificultad para afrontar los gastos corrientes del hogar con los ingresos actuales.,Sí,Sí,Sí,Sí,Sí,0
AES-2025-00052,Fernando González Sánchez,Hombre,Española,78,1,0,Pensionista,Alquiler,Otros gastos,Sí,Las Eras,Sede electrónica,831,1.39,484,390,78,0,0,Llevo tiempo queriendo organizar algo distinto para distraerme un poco. Mi pensión no me llega para cubrir este capricho y por eso vengo a pedir ayuda.,Financiar un viaje de vacaciones.,La persona solicitante manifiesta su necesidad de adquirir un recurso no esencial. Se ha verificado la documentación aportada durante la entrevista.,Sí,Sí,Sí,Sí,Sí,0
AES-2025-00053,Andrea García Quispe,Mujer,UE,32,1,0,Empleo precario o parcial,Cedida o familiar,Alimentación e higiene,No,San Antón,Presencial,674,1.12,0,140,42,0,0,Estoy trabajando pocas horas y el dinero no me alcanza para llenar la nevera. Necesito un apoyo extra para comprar comida básica y productos de limpieza.,Compra de alimentos y productos de higiene básica.,La persona solicitante cumple el plan de intervención social y acude a todas las citas. Se constata la precariedad de sus ingresos laborales actuales.,Sí,Sí,Sí,Sí,Sí,0
AES-2025-00054,Antonio Medina Rojas,Hombre,Española,23,2,1,Empleo precario o parcial,Alquiler,Alimentación e higiene,No,Centro,Presencial,1031,0.86,772,100,33,1,0,"Casi no me queda para comer después de pagar el alquiler, es todo carísimo. Necesito ayuda para poder hacer la compra mensual para mí y mi hijo.",Cubrir gastos de alimentación.,La persona solicitante ya recibió una ayuda municipal por el mismo concepto hace pocos meses. Se ha revisado la situación económica de la unidad familiar.,Sí,Sí,Sí,Sí,Sí,0
AES-2025-00055,Laura Rojas Romero,Mujer,Española,69,1,0,Pensionista,Alquiler,Alquiler o hipoteca,No,San Antón,Sede electrónica,611,1.02,431,460,104,0,205,El alquiler me sube cada vez más y con lo que cobro de pensión me resulta imposible pagar la renta. No quiero verme en la calle a estas alturas.,Pago de las cuotas de alquiler mensual.,La persona solicitante aporta contrato de alquiler y justificantes de los gastos mensuales. Se constata que el coste de la vivienda absorbe gran parte de los ingresos familiares.,Sí,Sí,Sí,Sí,Sí,0
AES-2025-00056,Pilar Gómez Martínez,Mujer,Extracomunitaria,29,4,1,Desempleo con prestación,Sin hogar,Material escolar,No,Ensanche,Presencial,997,0.42,0,300,88,2,335,Estamos en una situación muy difícil y necesito comprar los libros y el material escolar de mi hijo. No tengo ahorros y mis ingresos apenas cubren lo justo para sobrevivir.,Adquisición de material escolar para el menor.,La persona solicitante cumple el plan de intervención social y acude a todas las citas. Se constata la carencia de vivienda estable en el momento de la entrevista.,Sí,Sí,Sí,Sí,Sí,1
AES-2025-00057,Julia Ortega Quispe,Mujer,UE,46,2,1,Desempleo sin prestación,Alquiler,Material escolar,No,La Vega,Presencial,0,0.0,495,230,172,0,0,"Como soy una familia monoparental, crío sola a mis hijos sin apoyo del otro progenitor y no tengo forma de comprar el material escolar. Estoy sin ingresos y la situación me supera.",Compra de libros y material didáctico.,La persona solicitante no cuenta con red de apoyo familiar ni social. Se ha verificado la falta de ingresos actuales en la unidad de convivencia.,Sí,Sí,Sí,Sí,Sí,1
AES-2025-00058,Mercedes El Amrani González,Mujer,Española,37,4,1,Empleo estable,Alquiler,Alquiler o hipoteca,No,Centro,Sede electrónica,1595,0.66,446,1250,25,1,234,He tenido un problema imprevisto y no puedo hacer frente al pago de este mes de alquiler. Mi sueldo no da para cubrir este gasto extra.,Pago mensual del alquiler.,La persona solicitante no cuenta con red de apoyo familiar ni social. Se ha contrastado la información sobre los ingresos estables de la unidad familiar.,Sí,Sí,Sí,Sí,Sí,0
AES-2025-00059,David Domínguez Castro,Hombre,Española,63,1,0,Empleo estable,Cedida o familiar,Gastos sanitarios,No,San Antón,Presencial,868,1.45,0,100,13,2,0,Tengo una enfermedad grave o crónica en la familia con gastos que la sanidad pública no cubre y me supone un coste que no puedo asumir. Es vital para mi salud.,Gastos derivados de tratamiento médico no cubierto.,La persona solicitante ha aportado la documentación médica que acredita la necesidad del tratamiento. Se han comprobado los gastos generados por la patología mencionada.,Sí,Sí,Sí,Sí,Sí,0
AES-2025-00060,Andrea Jiménez Serrano,Mujer,Extracomunitaria,61,3,0,Desempleo sin prestación,Alquiler,Otros gastos,No,Ensanche,Sede electrónica,34,0.02,461,120,148,0,323,He perdido el empleo hace pocos meses y no tengo otros ingresos estables para mantener a la familia. Se me junta todo y no sé cómo voy a salir de esta.,Celebración de una fiesta familiar.,La persona solicitante cumple el plan de intervención social y acude a todas las citas. El presupuesto o factura aportado no se corresponde con la necesidad descrita.,Sí,Sí,Sí,Sí,Sí,1
AES-2025-00061,Carmen Delgado Lozano,Mujer,Española,63,2,0,Desempleo con prestación,Sin hogar,Alimentación e higiene,No,San Antón,Presencial,813,0.68,0,350,20,1,0,"La cosa está muy mal y no me llega para comer. Estoy desempleada y los pocos ingresos que tengo se van en cosas básicas, necesito ayuda para poder comprar comida.",Comprar alimentos y productos de higiene básica.,La persona solicitante presenta una situación de carencia de recursos para necesidades básicas. Se observa en el expediente que ya recibió una ayuda municipal por el mismo concepto hace pocos meses.,Sí,Sí,Sí,Sí,Sí,1
AES-2025-00062,Pilar Cabrera Vázquez,Mujer,Española,68,1,0,Pensionista,Habitación realquilada,Alimentación e higiene,Sí,Centro,Presencial,567,0.94,279,200,56,0,266,"Con la pensión que me queda después de pagar el alquiler del cuarto no me llega para nada, ni para comer casi. Estoy muy apurada y no sé cómo voy a seguir así.",Alimentación y productos de higiene.,"Se constata que la persona solicitante presenta una situación de vulnerabilidad, no contando con red de apoyo familiar ni social. Se registra que no ha acudido a las citas del plan de intervención ni ha aportado lo que se le pidió.",Sí,Sí,Sí,Sí,Sí,0
AES-2025-00063,Marta Domínguez Sanz,Mujer,Extracomunitaria,40,3,1,Empleo precario o parcial,Cedida o familiar,Alimentación e higiene,No,Centro,Sede electrónica,1366,0.76,0,120,118,1,299,Trabajo algunas horas pero no es suficiente para todo lo que necesitamos en casa. Estamos pasando una racha mala y se nos hace imposible llegar a fin de mes con lo poco que entra.,Alimentación y productos de limpieza para el hogar.,La persona solicitante manifiesta dificultades económicas derivadas de la precariedad laboral. La unidad de convivencia se mantiene con ingresos provenientes de empleo parcial.,Sí,Sí,Sí,Sí,Sí,0
AES-2025-00064,Fátima Sánchez Blanco,Mujer,Española,29,1,0,Desempleo sin prestación,Sin hogar,Suministros básicos,No,Las Eras,Sede electrónica,85,0.14,0,410,151,0,337,"Desde que me quedé sin trabajo hace pocos meses, la situación se ha vuelto insostenible y no tengo otros ingresos estables. Además, me han mandado ya el aviso de corte de luz y agua por facturas impagadas y no sé qué hacer.",Pago de facturas de luz y agua pendientes.,La persona solicitante acude a la entrevista mostrando disposición al trabajo social. Cabe señalar que cumple el plan de intervención social y acude a todas las citas.,Sí,Sí,Sí,Sí,Sí,1
AES-2025-00065,Carlos Díaz Garrido,Hombre,Extracomunitaria,31,3,2,Empleo precario o parcial,Alquiler,Gastos sanitarios,No,Ensanche,Sede electrónica,1309,0.73,587,580,31,0,0,Crío sola a mis hijos sin apoyo del otro progenitor y se me hace muy cuesta arriba. Tenemos una enfermedad grave en la familia con gastos que la sanidad pública no cubre y no doy abasto.,Cubrir gastos médicos y farmacéuticos necesarios.,"La persona solicitante mantiene una situación de precariedad económica, cumpliendo con el plan de intervención social y acudiendo a todas las citas concertadas.",Sí,Sí,Sí,Sí,Sí,1
AES-2025-00066,Aicha Sánchez Castillo,Mujer,Extracomunitaria,50,3,0,Desempleo sin prestación,Habitación realquilada,Alquiler o hipoteca,No,Centro,Presencial,384,0.21,181,1060,60,0,0,"Perdí el empleo hace pocos meses y no tengo otros ingresos estables, lo que ha hecho que deba meses de alquiler. Ahora tengo abierto un procedimiento de desahucio por impago y me da miedo quedarme en la calle.",Pagar las mensualidades de alquiler atrasadas.,La situación habitacional de la persona solicitante es inestable debido a la falta de ingresos. Se confirma la existencia del proceso judicial en curso por impago de rentas.,Sí,Sí,Sí,Sí,Sí,1
AES-2025-00067,Javier Hernández Gil,Hombre,Española,17,1,0,Incapacidad o dependencia,Cedida o familiar,Gastos sanitarios,Sí,Ensanche,Presencial,688,1.15,0,470,193,0,0,Necesito ayuda urgente porque en casa tenemos una enfermedad grave con gastos que la sanidad pública no cubre. La situación es desesperada porque no tengo a nadie que me pueda echar una mano con esto.,Pago de tratamiento médico específico.,La persona solicitante manifiesta carecer de red de apoyo familiar ni social. Se observa que cumple el plan de intervención social y acude a todas las citas.,Sí,Sí,Sí,Sí,Sí,0
AES-2025-00068,Andrea Vargas Rojas,Mujer,Extracomunitaria,56,3,0,Empleo precario o parcial,Alquiler,Otros gastos,No,Ribera,Sede electrónica,1088,0.6,807,180,21,3,0,"La vida está muy cara y con lo que gano no puedo pagar el alquiler, por eso tengo ahora mismo un procedimiento de desahucio por impago de la vivienda encima. Estoy muy preocupada por perder mi casa.",Abonar deuda pendiente de vivienda.,La persona solicitante presenta una elevada carga de gastos fijos respecto a sus ingresos totales. Existe una situación de riesgo de pérdida de vivienda habitual.,Sí,Sí,Sí,Sí,Sí,1
AES-2025-00069,Teresa Cortés Blanco,Mujer,Extracomunitaria,52,2,1,Desempleo sin prestación,Cedida o familiar,Material escolar,Sí,Ribera,Presencial,48,0.04,0,110,55,0,0,Estoy sola con mi peque y desde que perdí el empleo hace pocos meses no tengo otros ingresos estables. No tengo a nadie que me ayude y no puedo comprar el material escolar que le piden en el colegio.,Compra de libros y material escolar.,Se constata que la persona solicitante se encuentra en una situación de aislamiento al no contar con red de apoyo familiar ni social. Se requiere la ayuda para garantizar la escolarización del menor.,Sí,Sí,Sí,Sí,Sí,1
AES-2025-00070,Silvia El Amrani Rodríguez,Mujer,Extracomunitaria,60,3,0,Empleo precario o parcial,Alquiler,Gastos sanitarios,No,San Antón,Presencial,1181,0.66,727,530,25,0,0,"En mi familia tenemos una enfermedad grave con gastos que la sanidad pública no cubre y es imposible seguir así. Para colmo, tengo abierto un procedimiento de desahucio por impago de la vivienda y no tengo donde ir.",Gastos médicos y pago de alquiler.,Se observa una situación de alta vulnerabilidad económica y habitacional. Consta en la documentación que ya hay fecha de lanzamiento fijada por el juzgado.,Sí,Sí,Sí,Sí,Sí,1
AES-2025-00071,Wilson Castro Rojas,Hombre,Española,37,4,0,Desempleo con prestación,Hipoteca,Otros gastos,No,Ensanche,Presencial,799,0.33,422,350,102,0,301,"Hola, pues escribo porque la situación está muy complicada y no llego a fin de mes. Necesito este dinero para poder hacer unos arreglos en casa porque está todo bastante deteriorado y no puedo permitirme los gastos.",Realizar una reforma integral en el baño de la vivienda.,La persona solicitante presenta dificultades económicas para cubrir gastos extraordinarios de mantenimiento de la vivienda. Se ha verificado la unidad de convivencia sin menores a cargo.,Sí,Sí,Sí,Sí,Sí,0
AES-2025-00072,Inés Benali Domínguez,Mujer,Española,22,2,1,Empleo precario o parcial,Habitación realquilada,Gastos sanitarios,No,Ensanche,Presencial,1109,0.92,224,680,98,2,0,"Mi hijo tiene una enfermedad crónica que requiere medicación y terapias que la sanidad pública no cubre y me cuesta mucho pagarlas. Al ser madre soltera y criar sola a mis hijos sin ningún tipo de apoyo del padre, me veo superada por los gastos médicos.",Pago de medicación específica y sesiones de fisioterapia infantil no cubiertas por el sistema público.,La unidad de convivencia es monoparental. Consta en el expediente que la persona solicitante recibió una ayuda municipal por el mismo concepto hace pocos meses.,Sí,Sí,Sí,Sí,Sí,0
AES-2025-00073,Fátima Pérez Jiménez,Mujer,Española,60,2,1,Desempleo con prestación,Habitación realquilada,Alimentación e higiene,En trámite,Ribera,Presencial,849,0.71,238,310,218,0,367,He perdido el empleo hace pocos meses y la verdad es que estoy desesperada porque no tengo otros ingresos estables para tirar adelante. Estoy criando sola a mis hijos sin apoyo del otro progenitor y se me hace muy difícil comprar comida.,Compra de productos básicos de alimentación e higiene para el hogar.,Se observa una pérdida reciente de empleo y la inexistencia de otros ingresos estables. La persona solicitante encabeza una unidad de convivencia monoparental con menores a cargo.,Sí,Sí,Sí,Sí,Sí,1
AES-2025-00074,Carmen Ramos Fuentes,Mujer,Española,50,5,2,Empleo precario o parcial,Alquiler,Alquiler o hipoteca,No,Ribera,Presencial,931,0.31,521,980,107,0,0,Estoy muy angustiada porque tengo abierto un procedimiento de desahucio por impago de la vivienda y me van a echar a la calle. No sé qué hacer más porque no tengo dinero para pagar los recibos del alquiler.,Pago de mensualidades de alquiler atrasadas para evitar el lanzamiento.,La persona solicitante se encuentra en una situación de riesgo de pérdida de vivienda por impago. No cuenta con red de apoyo familiar ni social y no ha acudido a las citas del plan de intervención ni ha aportado la documentación solicitada.,Sí,Sí,Sí,Sí,Sí,1
AES-2025-00075,María Cabrera Fuentes,Mujer,Extracomunitaria,25,4,1,Empleo precario o parcial,Alquiler,Gastos sanitarios,No,Ensanche,Presencial,767,0.32,464,480,37,0,0,"A ver, es que tengo muchas facturas de dentista que no me cubre la seguridad social y no puedo pagar. Con el sueldo que tengo no me llega para pagar el alquiler y además cubrir estas urgencias médicas.",Cubrir gastos de tratamiento odontológico urgente.,La persona solicitante presenta una situación de precariedad laboral. Se ha verificado que los ingresos mensuales son insuficientes para afrontar los gastos sanitarios sobrevenidos.,Sí,Sí,Sí,Sí,Sí,1
AES-2025-00076,Pilar Cabrera Popescu,Mujer,Extracomunitaria,62,3,0,Desempleo sin prestación,Alquiler,Suministros básicos,No,Las Eras,Sede electrónica,593,0.33,627,400,30,0,905,"La verdad es que la cosa está fatal, perdí mi trabajo hace pocos meses y como no tengo otros ingresos estables pues no puedo pagar ni la luz ni el agua. Es una situación muy tensa y no sé cómo voy a salir de esta.",Liquidación de facturas pendientes de suministro eléctrico y agua.,La persona solicitante carece de red de apoyo familiar o social. Se constata el cumplimiento activo del plan de intervención social y la asistencia puntual a todas las citas programadas.,Sí,Sí,Sí,Sí,Sí,1
AES-2025-00077,Joaquín Popescu Rodríguez,Hombre,UE,32,5,3,Empleo precario o parcial,Hipoteca,Suministros básicos,Sí,La Vega,Presencial,1105,0.37,638,280,138,0,1082,,Abono de facturas de luz y gas pendientes de pago.,La persona solicitante ha aportado aviso de corte de suministro por impago. Se destaca que cumple con el plan de intervención social y acude a todas las citas programadas.,Sí,Sí,Sí,Sí,Sí,1
AES-2025-00078,Miguel Medina García,Hombre,Extracomunitaria,58,1,0,Empleo estable,Habitación realquilada,Otros gastos,En trámite,Ribera,Presencial,853,1.42,284,990,187,0,0,Estoy trabajando pero aun así no me da el dinero para todo lo que tengo que pagar cada mes. Necesito una ayuda extra para cubrir los gastos de la vida diaria que se me han acumulado últimamente.,Gastos varios de mantenimiento personal y del hogar.,La persona solicitante mantiene un empleo estable pero manifiesta insuficiencia de ingresos en relación con sus gastos. Se encuentra en proceso de solicitud de reconocimiento de discapacidad.,Sí,Sí,Sí,Sí,Sí,0
AES-2025-00079,José Martínez Torres,Hombre,Española,26,5,3,Desempleo con prestación,Hipoteca,Alquiler o hipoteca,Sí,Ribera,Presencial,503,0.17,313,640,81,1,0,"Es que no llego a pagar la hipoteca con la prestación que tengo ahora mismo. Me veo con el agua al cuello y tengo tres niños que mantener, la verdad es que la situación es límite.",Pago de cuotas hipotecarias mensuales para mantener la vivienda habitual.,La unidad de convivencia cuenta con tres menores a cargo. Se ha constatado que la persona solicitante no cuenta con red de apoyo familiar ni social.,Sí,Sí,Sí,No,Sí,1
AES-2025-00080,Valentina Rojas Hernández,Mujer,Española,34,6,1,Desempleo con prestación,Cedida o familiar,Otros gastos,No,Ribera,Sede electrónica,573,0.16,0,810,137,1,0,"Hola, vengo a ver si me podéis ayudar con unos gastos porque la cosa está muy mal y no me llega con lo que cobro. Es que me ha surgido un problema con un pago y no tengo de dónde sacar el dinero.",Pago de gastos imprevistos de carácter doméstico.,"La persona solicitante no cuenta con red de apoyo familiar ni social. Se observa que no ha acudido a las citas del plan de intervención ni ha aportado la documentación requerida, constando además que ya recibió una ayuda municipal por el mismo concepto hace pocos meses.",Sí,Sí,Sí,Sí,Sí,0
AES-2025-00081,Khadija Marín Romero,Mujer,Española,36,1,0,Empleo precario o parcial,Alquiler,Alimentación e higiene,Sí,La Vega,Presencial,811,1.35,755,340,63,0,0,"La cosa está fatal y ya no llego a final de mes con lo que gano, que es muy poquito. Necesito ayuda para poder comprar comida y cosas de limpieza porque no me da para más.",Compra de alimentos y productos básicos de higiene personal.,"La persona solicitante manifiesta dificultades económicas para cubrir necesidades básicas. Se observa una situación de vulnerabilidad, ya que no cuenta con red de apoyo familiar ni social.",Sí,Sí,Sí,Sí,Sí,0
AES-2025-00082,Tomás González Cortés,Hombre,Española,25,3,2,Desempleo sin prestación,Habitación realquilada,Suministros básicos,Sí,Las Eras,Presencial,444,0.25,293,240,30,0,1226,"Me han metido en un procedimiento de desahucio por no poder pagar la habitación y no sé qué hacer. Como soy familia monoparental y crío sola a mis hijos sin apoyo del otro progenitor, estoy desesperado.",Pago de recibos de luz y agua para evitar cortes.,"La persona solicitante acude a la entrevista mostrando gran preocupación por su situación habitacional. Presenta una unidad de convivencia compuesta por tres miembros, incluyendo dos menores a su cargo.",Sí,Sí,Sí,Sí,Sí,1
AES-2025-00083,Valentina Rodríguez Castro,Mujer,Española,37,1,0,Desempleo con prestación,Alquiler,Alquiler o hipoteca,En trámite,San Antón,Presencial,676,1.13,653,530,77,2,0,"Estoy buscando curro pero no sale nada y con la prestación no me alcanza ni para pagar el alquiler de la casa. Por favor, necesito una ayuda para ir tirando porque la situación me supera.",Pago de las cuotas de alquiler de la vivienda habitual.,La persona solicitante muestra una actitud colaborativa durante el seguimiento. Consta en el expediente que cumple el plan de intervención social y acude a todas las citas programadas.,Sí,Sí,Sí,Sí,Sí,1
AES-2025-00084,Mihai Castro Rodríguez,Hombre,Española,58,1,0,Desempleo con prestación,Alquiler,Alquiler o hipoteca,No,Centro,Presencial,500,0.83,696,390,23,1,0,He perdido el empleo hace pocos meses y no tengo otros ingresos estables para mantenerme. Estoy muy agobiado porque tengo abierto un procedimiento de desahucio por impago de la vivienda y no sé dónde ir.,Abono de mensualidades de alquiler atrasadas.,"La persona solicitante presenta una situación de fragilidad habitacional, existiendo ya fecha de lanzamiento fijada por el juzgado. En el seguimiento técnico, se constata que cumple el plan de intervención social y acude a todas las citas.",Sí,Sí,Sí,Sí,Sí,1
AES-2025-00085,Silvia García Martínez,Mujer,Española,40,4,1,Incapacidad o dependencia,Cedida o familiar,Suministros básicos,Sí,Ensanche,Sede electrónica,483,0.2,0,230,13,0,547,"Me han enviado un aviso de corte de luz, agua o gas por facturas impagadas y no puedo pagarlas. Además, hay una enfermedad grave o crónica en la familia con gastos que la sanidad pública no cubre y eso nos consume todo el dinero.",Pago de facturas de suministros básicos del hogar.,La persona solicitante refiere dificultades para mantener los suministros básicos ante el incremento de gastos derivados de patologías crónicas familiares. Se evidencia una situación de precariedad económica en la unidad familiar.,Sí,Sí,Sí,Sí,Sí,1
AES-2025-00086,Andrea Torres Cabrera,Mujer,Española,20,2,1,Desempleo con prestación,Alquiler,Alimentación e higiene,No,La Vega,Presencial,491,0.41,842,430,230,0,0,Hace pocos meses que perdí el empleo y no tengo otros ingresos estables ahora mismo. Soy una familia monoparental: crío sola a mis hijos sin apoyo del otro progenitor y necesito ayuda para darles de comer.,Compra de alimentos de primera necesidad.,La persona solicitante se encuentra en una situación de desempleo reciente con carencia de ingresos suficientes. Se registra que no cuenta con red de apoyo familiar ni social para afrontar las necesidades de los menores.,Sí,Sí,Sí,Sí,Sí,1
AES-2025-00087,Ramón Castillo Molina,Hombre,Española,80,2,0,Pensionista,Alquiler,Alquiler o hipoteca,No,Las Eras,Presencial,1053,0.88,685,300,56,0,0,Con mi pensión no llego a pagar el alquiler y los gastos de la casa todos los meses. Me veo muy apurado y no sé qué más recortar de mis gastos.,Ayuda parcial para el alquiler de la vivienda.,La persona solicitante manifiesta dificultades para cubrir los costes de mantenimiento de su vivienda habitual. Se constata en la entrevista que no cuenta con red de apoyo familiar ni social.,Sí,Sí,Sí,Sí,Sí,0
AES-2025-00088,Lucía Iglesias Ramos,Mujer,Española,70,2,0,Pensionista,Alquiler,Suministros básicos,No,Centro,Sede electrónica,760,0.63,381,90,60,0,1106,"Me ha llegado un aviso de corte de luz, agua o gas por facturas impagadas y estoy muy preocupada porque no tengo dinero para pagarlo. A ver si me podéis echar una mano con esto.",Pago de factura de electricidad pendiente.,"Se observa falta de adherencia al proceso, ya que la persona solicitante no ha acudido a las citas del plan de intervención ni ha aportado lo que se le pidió. Asimismo, el presupuesto o factura aportado no se corresponde con la necesidad descrita.",Sí,Sí,Sí,Sí,Sí,0
AES-2025-00089,Rosa Serrano Gómez,Mujer,Española,32,5,2,Incapacidad o dependencia,Alquiler,Gastos sanitarios,Sí,Centro,Sede electrónica,741,0.25,616,740,26,1,0,"Tengo muchos gastos con las medicinas por mi situación de salud y no puedo pagarlo todo. Con la familia a mi cargo, se nos hace imposible llegar a fin de mes.",Adquisición de productos farmacéuticos y gastos sanitarios no cubiertos.,"La persona solicitante presenta una situación de vulnerabilidad debido a los costes sanitarios sobrevenidos. En el marco del seguimiento, cumple el plan de intervención social y acude a todas las citas.",Sí,Sí,Sí,Sí,Sí,1
AES-2025-00090,Andrea Vargas Gómez,Mujer,Extracomunitaria,77,2,0,Pensionista,Alquiler,Alimentación e higiene,No,Las Eras,Presencial,1125,0.94,661,390,15,0,0,La vida está muy cara y lo que recibo apenas da para vivir. Necesito ayuda porque no tengo para llenar la nevera y los gastos de la casa son muchos.,Compra de alimentos frescos y productos de limpieza.,La persona solicitante acude a los servicios sociales para solicitar apoyo ante el incremento del coste de vida. Se explora la situación económica de la unidad de convivencia sin detectarse otros factores de riesgo social.,No,Sí,Sí,Sí,Sí,0
AES-2025-00091,Rubén Fernández Lozano,Hombre,Española,21,4,2,Incapacidad o dependencia,Habitación realquilada,Alimentación e higiene,En trámite,San Antón,Presencial,1350,0.56,224,380,62,2,0,En casa lo pasamos fatal porque tenemos un familiar con una enfermedad crónica que requiere medicación cara que no nos cubre la Seguridad Social. Apenas nos llega con lo que entra para comer y pagar el realquiler.,Para poder comprar comida y productos de limpieza para la familia.,"La persona solicitante describe una situación de precariedad económica derivada de gastos sanitarios. No obstante, el presupuesto aportado por la familia no se corresponde con la necesidad descrita en la solicitud.",Sí,Sí,Sí,Sí,Sí,0
AES-2025-00092,Mihai Castillo Rodríguez,Hombre,Española,35,1,0,Empleo precario o parcial,Sin hogar,Otros gastos,No,Las Eras,Presencial,552,0.92,0,280,25,1,0,"Estoy viviendo en la calle ahora mismo y no tengo ni un duro. Necesito esta ayuda para poder salir adelante como sea, porque no tengo trabajo fijo y la cosa está muy mal.",Para cubrir mis gastos básicos de supervivencia diaria.,"La persona solicitante se encuentra en situación de calle. Tras la entrevista, se constata que no cuenta con red de apoyo familiar ni social en el municipio.",Sí,Sí,Sí,Sí,Sí,0
AES-2025-00093,Nadia Jiménez Cabrera,Mujer,Española,34,1,0,Desempleo sin prestación,Hipoteca,Suministros básicos,No,Las Eras,Presencial,175,0.29,368,110,76,0,315,"No tengo trabajo y no cobro ninguna prestación, la hipoteca me ahoga. Estoy desesperada porque no tengo a quién pedir ayuda y no puedo pagar ni la luz ni el agua.",Para pagar las facturas de electricidad y agua.,La unidad de convivencia carece de ingresos estables. Se observa que la persona solicitante no cuenta con red de apoyo familiar ni social para afrontar sus necesidades básicas.,Sí,Sí,Sí,Sí,Sí,1
AES-2025-00094,Sara Martínez Fuentes,Mujer,Extracomunitaria,25,3,1,Desempleo con prestación,Habitación realquilada,Suministros básicos,No,Centro,Sede electrónica,923,0.51,310,120,15,0,874,"Estoy en el paro y cobro poquito, se me va todo en pagar la habitación y la comida de mi hijo. Necesito ayuda para los recibos porque no llego a fin de mes.",Para pagar los suministros básicos de la vivienda.,La persona solicitante se encuentra al corriente de su situación administrativa. Se verifica que cumple el plan de intervención social y acude a todas las citas programadas con el equipo técnico.,Sí,Sí,Sí,Sí,Sí,1
AES-2025-00095,Lucía Hernández Sanz,Mujer,Española,41,5,4,Desempleo sin prestación,Habitación realquilada,Material escolar,No,Ribera,Sede electrónica,698,0.23,260,210,28,0,185,Crío yo sola a mis cuatro hijos sin que el padre me pase nada de dinero ni ayude en casa. Estoy muy angustiada porque no tengo recursos y los niños necesitan material para el colegio.,Para comprar libros y material escolar para los niños.,La unidad familiar se encuentra en situación de gran vulnerabilidad económica. Existe ya fecha de lanzamiento fijada por el juzgado para el desalojo de la vivienda.,Sí,Sí,Sí,Sí,Sí,1
AES-2025-00096,Nadia Marín Rojas,Mujer,Española,46,2,1,Desempleo sin prestación,Alquiler,Alquiler o hipoteca,No,Ensanche,Sede electrónica,0,0.0,578,740,15,0,142,"Estoy sola con mi hijo y sin ningún tipo de ingreso, me veo negra para todo. Crío yo sola a mi hijo sin apoyo del otro progenitor y no puedo pagar el alquiler.",Para abonar los meses pendientes del alquiler de mi casa.,La persona solicitante presenta una situación de carencia absoluta de ingresos. Se ha verificado la documentación relativa a la deuda acumulada de la vivienda.,Sí,Sí,Sí,Sí,Sí,1
AES-2025-00097,Isabel El Amrani Martínez,Mujer,Extracomunitaria,19,5,2,Incapacidad o dependencia,Alquiler,Otros gastos,Sí,Centro,Presencial,1232,0.41,580,180,17,0,0,Tengo una discapacidad y la situación en casa es complicada con tantos miembros. Necesitamos este apoyo porque no damos abasto con los gastos mensuales.,Para pagar la celebración del bautizo de mi sobrino.,La unidad familiar cuenta con ingresos derivados de una prestación por discapacidad. Se realiza el seguimiento de la situación de convivencia y necesidades básicas.,Sí,Sí,Sí,Sí,Sí,1
AES-2025-00098,Jorge Domínguez Martín,Hombre,Extracomunitaria,43,1,0,Incapacidad o dependencia,Cedida o familiar,Gastos sanitarios,Sí,Ensanche,Presencial,674,1.12,0,770,120,0,0,"Tengo una enfermedad grave y crónica que me impide trabajar, y los tratamientos que necesito son muy caros. La sanidad pública no cubre todo lo que me hace falta para seguir adelante.",Para abonar los gastos de mi medicación y cuidados médicos.,La persona solicitante presenta una patología crónica debidamente acreditada mediante informe médico. Se han revisado los gastos extraordinarios que debe asumir la unidad de convivencia.,Sí,Sí,Sí,Sí,Sí,0
AES-2025-00099,Andrés Delgado El Amrani,Hombre,Española,35,3,0,Empleo precario o parcial,Alquiler,Otros gastos,No,San Antón,Presencial,693,0.39,794,3000,74,0,0,"Hola, es que estoy pasandolo muy mal con el alquiler porque lo que gano con trabajillos no me llega ni de lejos. Entre los tres que vivimos aquí no cubrimos ni el gasto de la casa y me veo asfixiado por las deudas. Necesito ayuda urgente porque no podemos más.",Pago de mensualidades de alquiler pendientes.,La persona solicitante acude a todas las citas programadas y cumple con el plan de intervención social establecido. Durante la visita domiciliaria se han constatado ingresos no declarados derivados de trabajos sin contrato y ayuda económica aportada por familiares.,Sí,Sí,Sí,Sí,Sí,0
AES-2025-00100,Silvia Moreno García,Mujer,Española,24,3,2,Empleo precario o parcial,Alquiler,Alimentación e higiene,No,La Vega,Sede electrónica,910,0.51,492,190,93,2,0,Tengo un trabajo de pocas horas y apenas me llega para pagar el alquiler y dar de comer a mis hijos. Todo ha subido mucho y me cuesta mucho llegar a fin de mes.,Para realizar la compra de alimentos de primera necesidad.,"Se constata que la persona solicitante cumple el plan de intervención social y acude a todas las citas. No obstante, figura en el registro que ya recibió una ayuda municipal por el mismo concepto hace pocos meses.",Sí,Sí,Sí,Sí,Sí,0
AES-2025-00101,Daniela Martínez Gil,Mujer,UE,19,4,3,Incapacidad o dependencia,Alquiler,Alquiler o hipoteca,Sí,Ribera,Sede electrónica,1009,0.42,672,1400,14,0,0,Se nos ha juntado todo y la verdad es que no damos a basto con los gastos. Tenemos a un familiar con una enfermedad grave o crónica que requiere medicación y cuidados que la sanidad pública no cubre y es mucho dinero cada mes.,Para pagar parte del alquiler de este mes.,La persona solicitante manifiesta dificultades económicas severas derivadas de los gastos médicos sobrevenidos. Se observa que no cuenta con red de apoyo familiar ni social para afrontar esta situación.,Sí,Sí,Sí,Sí,Sí,1
AES-2025-00102,Sara Vázquez Muñoz,Mujer,Extracomunitaria,60,5,4,Desempleo sin prestación,Cedida o familiar,Alimentación e higiene,En trámite,Ribera,Sede electrónica,412,0.14,0,100,134,0,0,La situación en casa está muy mal porque no entra ni un euro desde hace tiempo. Necesitamos ayuda para poder comprar comida y cosas básicas de aseo para los niños porque no tenemos para nada más.,Compra de alimentos y productos de higiene básica.,La unidad de convivencia presenta una situación de vulnerabilidad extrema por carencia de ingresos. La persona solicitante cumple el plan de intervención social y acude a todas las citas programadas con este servicio.,Sí,Sí,Sí,Sí,Sí,1
AES-2025-00103,Silvia Fuentes Romero,Mujer,Española,73,2,0,Pensionista,Habitación realquilada,Alquiler o hipoteca,No,La Vega,Presencial,686,0.57,189,1030,224,2,0,"Estoy muy angustiada porque me han puesto una demanda y tengo abierto un procedimiento de desahucio por impago de la vivienda. Como soy pensionista y apenas cobro, no me llega para pagar el alquiler de la habitación y comer.",Pagar las mensualidades atrasadas del alquiler.,La persona solicitante se encuentra en riesgo de pérdida de vivienda por impago de rentas. Consta en el expediente que ya recibió una ayuda municipal por el mismo concepto hace pocos meses.,Sí,Sí,Sí,Sí,Sí,1
AES-2025-00104,Ramón Cabrera Romero,Hombre,UE,25,5,2,Incapacidad o dependencia,Alquiler,Suministros básicos,Sí,San Antón,Sede electrónica,1685,0.56,732,120,24,2,405,"Estamos pasando un momento malísimo porque además de la enfermedad grave o crónica que tenemos en casa, para la cual necesitamos dinero extra que la sanidad pública no cubre, nos han cortado los suministros. Hemos recibido aviso de corte de luz, agua o gas por facturas impagadas y no sabemos qué hacer.",Pagar las facturas pendientes de suministros básicos.,La familia presenta una situación de precariedad por gastos extraordinarios de salud y falta de pago de suministros. La persona solicitante cumple el plan de intervención social y acude a todas las citas.,Sí,Sí,Sí,Sí,Sí,1
AES-2025-00105,Juan Vázquez Medina,Hombre,Española,23,7,2,Desempleo con prestación,Alquiler,Alimentación e higiene,No,Ensanche,Presencial,500,0.12,700,420,33,1,0,Con lo poco que cobro del paro no me llega ni para la mitad del mes con tantos niños en casa. Necesitamos ayuda para poder hacer la compra porque estamos al límite.,Adquisición de alimentos de primera necesidad.,"Se constata una situación de insuficiencia de recursos económicos en la unidad familiar. La persona solicitante no cuenta con red de apoyo familiar ni social, y se registra que ya recibió una ayuda municipal por el mismo concepto hace pocos meses.",Sí,Sí,Sí,Sí,Sí,1
AES-2025-00106,Raquel Cabrera Sánchez,Mujer,Española,30,5,4,Desempleo sin prestación,Alquiler,Alquiler o hipoteca,No,Centro,Sede electrónica,26,0.01,677,380,59,1,0,"No tengo nada de ingresos y el alquiler me come todo, no sé cómo voy a seguir pagando la casa si no me ayudan. Estoy desesperada buscando trabajo pero la situación es muy difícil.",Pago de las cuotas de alquiler de la vivienda.,La unidad de convivencia se encuentra en situación de desempleo sin prestación. Se hace constar que la persona solicitante ya recibió una ayuda municipal por el mismo concepto hace pocos meses.,Sí,Sí,Sí,Sí,Sí,1
AES-2025-00107,Marta Serrano Gil,Mujer,Española,53,2,0,Empleo precario o parcial,Alquiler,Alimentación e higiene,Sí,Las Eras,Presencial,1039,0.87,554,260,30,2,0,"Aunque trabajo, el sueldo es muy poco y no me da para vivir y pagar el piso. Con mis problemas de salud y los gastos que tengo, al final de mes no me queda nada para comer.",Compra de alimentos y productos de higiene.,La situación económica es insuficiente para cubrir las necesidades básicas de la unidad familiar. La persona solicitante no cuenta con red de apoyo familiar ni social en la zona.,Sí,Sí,Sí,Sí,Sí,0
AES-2025-00108,Yolanda Marín Molina,Mujer,Extracomunitaria,47,5,1,Empleo precario o parcial,Hipoteca,Material escolar,No,Las Eras,Presencial,803,0.27,479,110,134,2,0,"Estamos muy mal, la cosa se ha complicado tanto que tengo abierto un procedimiento de desahucio por impago de la vivienda. Ahora además no tengo ni para los libros ni el material escolar de los niños.",Compra de material escolar para los menores.,La unidad familiar presenta una situación de grave vulnerabilidad habitacional. Se ha verificado la existencia de un procedimiento judicial en curso por impago de la hipoteca.,Sí,Sí,Sí,Sí,Sí,1
AES-2025-00109,Silvia Domínguez Torres,Mujer,Extracomunitaria,40,5,0,Desempleo sin prestación,Habitación realquilada,Alimentación e higiene,No,San Antón,Presencial,244,0.08,296,320,104,0,305,"Es que ha sido todo de golpe, porque he perdido el empleo hace pocos meses y no tengo otros ingresos estables. Me veo sin nada para comer y estoy muy preocupada.",Comprar comida y productos de aseo personal.,"La persona solicitante se encuentra en situación de desempleo sobrevenido. Se observa que no cuenta con red de apoyo familiar ni social, aunque cumple el plan de intervención social y acude a todas las citas.",Sí,Sí,Sí,Sí,Sí,1
AES-2025-00110,Valentina Castillo Molina,Mujer,Española,79,2,0,Pensionista,Hipoteca,Alimentación e higiene,No,Las Eras,Presencial,611,0.51,696,280,107,1,369,"Como soy mayor y mi pensión es muy bajita, después de pagar la hipoteca no me queda ni para comprar un poco de comida decente. Vivo muy justa y necesito este apoyo para mis gastos básicos.",Compra de alimentos y artículos de higiene.,La unidad de convivencia presenta un elevado ratio de gasto en vivienda sobre los ingresos totales recibidos mensualmente. La persona solicitante requiere apoyo para cubrir necesidades básicas de alimentación.,Sí,Sí,Sí,Sí,Sí,0
AES-2025-00111,Isabel González González,Mujer,UE,66,2,0,Pensionista,Alquiler,Otros gastos,Sí,Las Eras,Sede electrónica,1056,0.88,661,340,33,0,0,"Hola, es que mi pensión es muy bajita y con lo que pago de alquiler casi no me llega para nada. Necesito un empujón para poder salir adelante este mes.",Pago de gastos imprevistos del hogar.,La persona solicitante presenta una situación de vulnerabilidad económica derivada del elevado coste del alquiler respecto a sus ingresos. Se constata la presencia de una discapacidad reconocida en la unidad de convivencia.,Sí,Sí,Sí,Sí,Sí,1
AES-2025-00112,Elena Garrido Serrano,Mujer,Española,53,1,0,Desempleo con prestación,Alquiler,Alquiler o hipoteca,No,La Vega,Presencial,745,1.24,475,1220,185,0,0,He perdido el empleo hace pocos meses y no tengo otros ingresos estables para pagar el piso. Estoy desesperada porque tengo abierto un procedimiento de desahucio por impago de la vivienda.,Pagar la deuda acumulada del alquiler.,La persona solicitante carece de red de apoyo familiar ni social. Se confirma documentalmente que existe una fecha de lanzamiento fijada por el juzgado para el próximo mes.,Sí,Sí,Sí,Sí,Sí,1
AES-2025-00113,Nerea López Díaz,Mujer,Española,20,3,1,Empleo estable,Alquiler,Material escolar,No,San Antón,Sede electrónica,1865,1.04,557,170,19,1,0,"Necesito comprar los libros y el material escolar de mi hijo, que empieza el curso y no puedo costearlo todo yo sola.",Adquisición de material escolar básico.,La unidad de convivencia no cuenta con red de apoyo familiar ni social. Consta en el expediente que la persona solicitante ya recibió una ayuda municipal por el mismo concepto hace pocos meses.,Sí,Sí,Sí,Sí,Sí,0
AES-2025-00114,Ana Sanz Quispe,Mujer,Española,64,5,0,Empleo precario o parcial,Habitación realquilada,Gastos sanitarios,No,Ribera,Presencial,616,0.21,209,70,221,0,0,Tengo muchos problemas de salud y me han recetado varias cosas que no me cubre la seguridad social y no puedo pagarlas.,Compra de medicación necesaria.,La persona solicitante no cuenta con red de apoyo familiar ni social. Se observa que cumple rigurosamente el plan de intervención social y acude a todas las citas programadas con el centro.,Sí,Sí,Sí,Sí,No,1
AES-2025-00115,Joaquín Pérez Martínez,Hombre,Española,46,3,1,Desempleo sin prestación,Hipoteca,Alimentación e higiene,No,San Antón,Sede electrónica,234,0.13,551,320,68,0,0,"Desde que perdí el empleo hace pocos meses no tengo otros ingresos estables y la cosa está muy mal. Además, tengo abierto un procedimiento de desahucio por impago de la vivienda y no tengo para comer.",Compra de alimentos y productos de higiene básica.,La persona solicitante se encuentra en situación de desempleo sin prestación. La unidad de convivencia presenta un desequilibrio notable entre los ingresos mensuales y los gastos derivados de la hipoteca.,Sí,Sí,Sí,Sí,Sí,1
AES-2025-00116,Wilson Díaz Ruiz,Hombre,Española,87,2,0,Pensionista,Hipoteca,Suministros básicos,No,Centro,Presencial,987,0.82,484,500,20,2,715,Con la pensión que tengo apenas me llega para pagar la hipoteca y los recibos de la luz y el agua han subido muchísimo. Me veo muy ahogado este invierno.,Pago de recibos de suministros básicos.,La persona solicitante es pensionista y reside en vivienda propia con carga hipotecaria. Se observa un incremento en el coste de los suministros básicos durante los últimos meses.,Sí,Sí,Sí,Sí,Sí,0
AES-2025-00117,Dolores Navarro Mendoza,Mujer,Extracomunitaria,26,3,1,Empleo precario o parcial,Cedida o familiar,Gastos sanitarios,Sí,Las Eras,Sede electrónica,617,0.34,0,790,19,0,0,Hay una enfermedad grave o crónica en la familia con gastos que la sanidad pública no cubre y no tenemos cómo pagarlo. Estamos pasando una situación muy difícil.,Tratamiento sanitario no cubierto por el sistema público.,La persona solicitante manifiesta dificultades para cubrir gastos médicos específicos vinculados a la enfermedad crónica detectada. La unidad de convivencia se encuentra en situación de precariedad laboral.,Sí,Sí,Sí,Sí,Sí,1
AES-2025-00118,Ramón Popescu Marín,Hombre,Española,55,1,0,Desempleo con prestación,Alquiler,Alimentación e higiene,No,Ribera,Presencial,514,0.86,808,120,0,1,0,"La verdad es que la situación está muy complicada, he perdido el empleo hace pocos meses y no tengo otros ingresos estables. Me veo en la necesidad de pedir ayuda para comprar comida.",Compra de alimentos y artículos de higiene.,La persona solicitante vive sola y los gastos de vivienda superan sus ingresos actuales tras la pérdida del empleo. Consta que ya recibió una ayuda municipal por el mismo concepto hace pocos meses.,Sí,Sí,Sí,Sí,Sí,1
AES-2025-00119,Elena Gil Rubio,Mujer,UE,50,4,3,Desempleo con prestación,Alquiler,Alimentación e higiene,No,Centro,Presencial,1350,0.56,806,360,91,0,160,Soy una familia monoparental: cría sola a mis hijos sin apoyo del otro progenitor y he perdido el empleo hace pocos meses y no tengo otros ingresos estables. Estoy muy asustada porque tengo abierto un procedimiento de desahucio por impago de la vivienda.,Cubrir gastos de alimentación para los menores.,Se constata la situación de monoparentalidad y la falta de ingresos tras la finalización de la relación laboral. El alto coste del alquiler respecto a la prestación percibida dificulta el mantenimiento de la unidad de convivencia.,Sí,Sí,Sí,Sí,Sí,1
AES-2025-00120,Carlos Pérez Quispe,Hombre,Española,72,2,0,Pensionista,Alquiler,Alquiler o hipoteca,No,San Antón,Presencial,1146,0.95,455,960,7,1,0,"Mi pensión no da para tanto gasto, el alquiler ha subido y apenas me queda para comer a final de mes. A ver si me podéis echar una mano.",Ayuda para el pago del alquiler.,La persona solicitante presenta una carga económica elevada por el coste de la vivienda. Se ha verificado en el registro que ya recibió una ayuda municipal por el mismo concepto hace pocos meses.,Sí,Sí,Sí,Sí,Sí,0
AES-2025-00121,Fernando Gil Blanco,Hombre,Española,73,2,0,Pensionista,Cedida o familiar,Gastos sanitarios,No,Las Eras,Presencial,657,0.55,0,320,76,0,0,"Llevo mucho tiempo lidiando con una enfermedad grave en casa. Los medicamentos que nos mandan son carísimos y la seguridad social no cubre casi nada, y ya no me queda ahorros.",Comprar medicación específica para mi pareja.,La persona solicitante cumple el plan de intervención social y acude a todas las citas programadas. Se observa que el presupuesto o factura aportado no se corresponde con la necesidad descrita.,Sí,Sí,Sí,Sí,Sí,0
AES-2025-00122,Joaquín Serrano Castro,Hombre,Española,60,1,0,Empleo precario o parcial,Habitación realquilada,Alquiler o hipoteca,No,San Antón,Presencial,801,1.33,233,730,32,1,0,Estoy trabajando a ratos y no llego a pagar lo que me piden por la habitación. Me veo en la calle si no consigo ayuda pronto.,Pagar el alquiler de la habitación.,Se hace constar que la persona solicitante ya recibió una ayuda municipal por el mismo concepto hace pocos meses.,Sí,Sí,Sí,Sí,Sí,0
AES-2025-00123,Rubén Iglesias Álvarez,Hombre,Española,29,3,0,Desempleo sin prestación,Alquiler,Alimentación e higiene,No,Las Eras,Presencial,0,0.0,623,210,10,2,0,Estamos en el paro y no nos entra nada de dinero en casa. Se nos está haciendo imposible poder comprar comida para todos.,Compra de alimentos básicos.,La persona solicitante manifiesta carecer de ingresos para cubrir las necesidades básicas de su unidad de convivencia.,Sí,Sí,Sí,Sí,Sí,0
AES-2025-00124,Gloria Domínguez Fernández,Mujer,Española,37,6,2,Empleo precario o parcial,Cedida o familiar,Alimentación e higiene,No,Centro,Presencial,551,0.15,0,290,41,0,51,Las cosas están muy mal y con el sueldo que saco no me llega ni para la comida de los niños. Estoy agobiada porque no sé qué hacer más.,Comprar comida y productos de aseo.,La persona solicitante no cuenta con red de apoyo familiar ni social. Se verifica que cumple el plan de intervención social y acude a todas las citas.,Sí,Sí,Sí,Sí,Sí,1
AES-2025-00125,Ana Castro Moreno,Mujer,Española,23,7,4,Empleo estable,Alquiler,Alquiler o hipoteca,No,La Vega,Presencial,1715,0.41,750,1210,117,0,0,Necesito ayuda urgente porque apenas puedo pagar el alquiler. Estoy sola con mis hijos y la situación me supera.,Pagar el alquiler de la vivienda.,"Se constata que la persona solicitante es víctima de violencia de género, con orden de protección. Asimismo, se observa que no cuenta con red de apoyo familiar ni social.",Sí,Sí,Sí,Sí,Sí,1
AES-2025-00126,Aicha García Mendoza,Mujer,Extracomunitaria,63,3,0,Incapacidad o dependencia,Alquiler,Alquiler o hipoteca,Sí,Ensanche,Sede electrónica,476,0.26,508,500,5,0,0,"Tengo un procedimiento de desahucio por impago abierto y no sé a dónde ir. Además, en casa tenemos una enfermedad grave crónica que nos gasta todo lo poco que tenemos y no lo cubre la pública.",Pagar parte de la deuda del alquiler.,La unidad de convivencia se encuentra en una situación de extrema vulnerabilidad habitacional. Se ha verificado la documentación médica relativa a la patología crónica mencionada.,Sí,Sí,Sí,Sí,Sí,1
AES-2025-00127,Aicha Medina Iglesias,Mujer,Extracomunitaria,63,6,0,Empleo precario o parcial,Alquiler,Alimentación e higiene,Sí,La Vega,Presencial,1415,0.39,815,260,14,0,188,La vida está muy cara y con lo que gano no cubrimos lo mínimo para comer. Somos muchos en casa y la situación es insostenible.,Compra de productos de alimentación.,La persona solicitante cumple el plan de intervención social y acude a todas las citas. Se ha realizado la valoración de la unidad de convivencia sin incidencias reseñables.,Sí,Sí,Sí,Sí,Sí,1
AES-2025-00128,Inés Cortés Díaz,Mujer,Española,49,6,4,Desempleo con prestación,Sin hogar,Suministros básicos,No,Las Eras,Sede electrónica,838,0.23,0,410,53,1,1175,Hace poco me quedé sin el trabajo y desde entonces no tengo ingresos estables. Me ha llegado un aviso de corte de luz y agua y no puedo pagarlo.,Pagar las facturas de suministros pendientes.,La persona solicitante cumple el plan de intervención social y acude a todas las citas. Se ha comprobado la documentación de los avisos de corte de suministros recibidos.,Sí,Sí,Sí,Sí,Sí,1
AES-2025-00129,Sergio Jiménez Hernández,Hombre,Extracomunitaria,24,2,0,Desempleo con prestación,Habitación realquilada,Suministros básicos,No,La Vega,Presencial,940,0.78,291,190,18,0,549,Perdí mi empleo hace apenas unos meses y ahora no tengo otros ingresos estables para tirar adelante. Me cuesta mucho pagar los suministros de la habitación.,Pagar los recibos de luz y agua.,Se constata que la persona solicitante no cuenta con red de apoyo familiar ni social. Se han verificado las facturas de suministros pendientes de pago.,Sí,Sí,Sí,Sí,Sí,0
AES-2025-00130,Youssef Hernández Gómez,Hombre,UE,58,3,1,Empleo precario o parcial,Cedida o familiar,Alimentación e higiene,No,Ensanche,Sede electrónica,1088,0.6,0,230,7,0,0,Cualquier ayuda es buena ahora mismo porque el sueldo no da para todo. Necesitamos comprar comida para poder salir adelante.,Compra de alimentos y productos de limpieza.,La persona solicitante no cuenta con red de apoyo familiar ni social. Se hace constar que cumple el plan de intervención social y acude a todas las citas.,Sí,Sí,Sí,Sí,Sí,1
AES-2025-00131,Sara Rubio Vázquez,Mujer,Española,34,1,0,Incapacidad o dependencia,Cedida o familiar,Alimentación e higiene,Sí,La Vega,Sede electrónica,778,1.3,0,110,24,1,0,"La cosa está muy complicada porque apenas me llega para comer y mantener mis cosas básicas. Como tengo mi salud delicada, necesito este empujón para ir tirando.",Comprar productos de alimentación y artículos de higiene personal.,La persona solicitante no cuenta con red de apoyo familiar ni social. Se observa que cumple el plan de intervención social y acude a todas las citas programadas.,Sí,Sí,Sí,Sí,Sí,0
AES-2025-00132,Fátima Mendoza Castro,Mujer,Española,49,2,0,Desempleo sin prestación,Alquiler,Alquiler o hipoteca,En trámite,Ensanche,Presencial,284,0.24,701,1020,113,0,0,"Estoy desesperada porque no me llega para pagar el alquiler de casa. Entre que no tengo trabajo y la situación, se me hace imposible llegar a fin de mes.",Pagar las mensualidades pendientes del alquiler de la vivienda.,Se ha verificado la documentación presentada y se observa que el presupuesto o factura aportado no se corresponde con la necesidad descrita.,Sí,Sí,Sí,Sí,Sí,1
AES-2025-00133,Silvia Castillo Popescu,Mujer,Española,31,1,0,Empleo precario o parcial,Cedida o familiar,Suministros básicos,No,Ribera,Presencial,866,1.44,0,190,62,0,791,"Pues eso, que me ha venido una factura de luz altísima y ahora mismo no tengo ni un duro. Trabajo unas horas pero no me da para cubrir los gastos de la casa.",Pagar las facturas de suministros básicos del hogar.,"La persona solicitante no cuenta con red de apoyo familiar ni social. Asimismo, no ha acudido a las citas del plan de intervención ni ha aportado lo que se le pidió, constatándose que el presupuesto o factura aportado no se corresponde con la necesidad descrita.",Sí,Sí,Sí,Sí,Sí,0
AES-2025-00134,Andrés Sanz Benali,Hombre,UE,20,1,0,Empleo estable,Cedida o familiar,Alimentación e higiene,En trámite,Ensanche,Presencial,661,1.1,0,180,88,2,0,Me ha surgido un gasto inesperado y estoy algo justo de dinero. Agradecería que me echarais una mano con la comida para poder pasar el mes.,Adquisición de productos de alimentación.,Se constata que la persona solicitante ya recibió una ayuda municipal por el mismo concepto hace pocos meses.,Sí,Sí,Sí,Sí,Sí,0
AES-2025-00135,Ana Rodríguez Domínguez,Mujer,Española,38,4,2,Empleo precario o parcial,Habitación realquilada,Otros gastos,No,Ensanche,Presencial,894,0.37,212,420,15,1,395,Tenemos muchos gastos con los niños y la verdad es que viviendo en esta habitación no nos queda para mucho más. Estamos haciendo todo lo posible para salir adelante.,Realizar una celebración familiar.,La persona solicitante no cuenta con red de apoyo familiar ni social. Se constata que cumple el plan de intervención social y acude a todas las citas.,Sí,Sí,Sí,Sí,Sí,0
AES-2025-00136,Andrea Mendoza Gil,Mujer,Española,43,7,3,Desempleo con prestación,Alquiler,Alquiler o hipoteca,No,Centro,Sede electrónica,855,0.2,641,480,26,1,0,"Con tantos hijos y lo que sube todo, no puedo pagar el alquiler. La ayuda que recibo es muy poca para mantener a tanta gente.",Abonar el alquiler mensual de la vivienda.,"Durante la entrevista y la visita se constatan ingresos no declarados, tales como trabajos sin contrato, alquiler de una habitación o ayuda de familiares.",Sí,Sí,Sí,Sí,Sí,0
AES-2025-00137,Carlos Popescu Lozano,Hombre,Española,24,2,0,Desempleo con prestación,Alquiler,Otros gastos,No,Ribera,Presencial,493,0.41,620,910,21,0,0,La verdad es que la prestación que cobro no me da para nada y estoy muy agobiado. Necesito este dinero para pagar unos asuntos que tengo pendientes.,Comprar un móvil nuevo.,La persona solicitante no cuenta con red de apoyo familiar ni social.,Sí,Sí,Sí,Sí,Sí,0
AES-2025-00138,Silvia García Gil,Mujer,Española,41,3,0,Incapacidad o dependencia,Alquiler,Alimentación e higiene,Sí,La Vega,Presencial,895,0.5,450,240,1,0,0,Tengo a un familiar con una enfermedad grave o crónica que requiere medicación y cuidados que la sanidad pública no cubre. Con los ingresos que entran en casa se nos hace imposible afrontar estos gastos extra.,Cubrir gastos de alimentación e higiene.,La persona solicitante cumple el plan de intervención social y acude a todas las citas.,Sí,Sí,Sí,Sí,Sí,1
AES-2025-00139,Andrés López Serrano,Hombre,Extracomunitaria,64,2,0,Empleo estable,Alquiler,Alquiler o hipoteca,Sí,La Vega,Sede electrónica,991,0.83,802,910,25,0,0,Estamos fatal porque tenemos abierto un procedimiento de desahucio por impago de la vivienda. Mi situación es crítica y no sé dónde vamos a ir si nos echan.,Pagar la deuda acumulada del alquiler.,La persona solicitante no ha acudido a las citas del plan de intervención ni ha aportado lo que se le pidió.,Sí,Sí,Sí,Sí,Sí,0
AES-2025-00140,Carlos Hernández Domínguez,Hombre,Española,25,2,0,Empleo estable,Alquiler,Suministros básicos,En trámite,San Antón,Presencial,1272,1.06,809,480,65,0,710,"Nos ha subido mucho el recibo de la luz y el gas este invierno. Aunque trabajamos, el sueldo se nos va casi entero en pagar el alquiler y los servicios.",Pago de facturas de suministros básicos.,La persona solicitante cumple el plan de intervención social y acude a todas las citas.,Sí,Sí,Sí,Sí,Sí,1
AES-2025-00141,Yolanda Serrano Rodríguez,Mujer,Extracomunitaria,42,4,2,Desempleo sin prestación,Habitación realquilada,Suministros básicos,No,Ensanche,Sede electrónica,0,0.0,263,300,14,1,591,La verdad es que estoy bastante agobiada porque perdí mi trabajo hace unos meses. Ahora mismo no me entra nada de dinero y no sé cómo voy a pagar las facturas con los niños en casa.,Pagar los recibos de luz y agua que se me han acumulado.,La persona solicitante se encuentra en situación de desempleo reciente sin prestación reconocida. Se ha verificado la carencia actual de ingresos estables en la unidad de convivencia.,Sí,Sí,Sí,Sí,Sí,1
AES-2025-00142,Alberto Marín Rubio,Hombre,Española,59,4,1,Desempleo con prestación,Alquiler,Alquiler o hipoteca,Sí,Ribera,Presencial,1090,0.45,354,1340,172,0,126,"Me quedé en paro hace poco y la cosa está muy mal, no tengo otros ingresos fijos para poder vivir. Necesito ayuda porque no llego a pagar el alquiler de este mes.",Cubrir parte del importe del alquiler de la vivienda.,"La persona solicitante acredita la pérdida reciente de su empleo. Se ha comprobado que, pese a la prestación, la unidad de convivencia presenta dificultades para sufragar los gastos de vivienda.",Sí,Sí,Sí,Sí,Sí,1
AES-2025-00143,Raquel Ramos Rodríguez,Mujer,Extracomunitaria,32,2,1,Empleo precario o parcial,Cedida o familiar,Alimentación e higiene,No,La Vega,Presencial,1235,1.03,0,280,11,1,0,"Hola, vengo a pedir ayuda porque con lo que gano en el trabajo de pocas horas no me da para llenar la nevera y comprar cosas de aseo para mi hijo. La situación está complicada y apenas llego a fin de mes.",Compra de productos básicos de alimentación e higiene.,La persona solicitante cumple con el plan de intervención social y acude a todas las citas programadas. Se observa que la unidad de convivencia ya recibió una ayuda municipal por el mismo concepto hace pocos meses.,Sí,Sí,Sí,Sí,Sí,0
AES-2025-00144,Antonio Rodríguez Delgado,Hombre,Extracomunitaria,59,1,0,Desempleo con prestación,Hipoteca,Alquiler o hipoteca,No,Las Eras,Presencial,791,1.32,538,1310,36,0,171,"Estoy muy mal desde que me despidieron hace unos meses. Como no tengo otros ingresos estables, me veo incapaz de pagar la hipoteca y no quiero perder mi casa.",Pago de las cuotas hipotecarias pendientes.,La persona solicitante ha perdido su empleo recientemente. Se hace constar que cumple con el plan de intervención social y acude a todas las citas de seguimiento.,Sí,Sí,Sí,Sí,Sí,0
AES-2025-00145,Joaquín Díaz Rojas,Hombre,Española,54,5,4,Incapacidad o dependencia,Alquiler,Suministros básicos,Sí,Las Eras,Sede electrónica,765,0.26,767,150,183,1,853,"Estoy sola sacando a mis hijos adelante sin ninguna ayuda del otro progenitor, todo recae sobre mí. Es muy difícil pagar los gastos de casa con mi situación actual.",Pagar la factura de la luz.,Se confirma que la persona solicitante encabeza una familia monoparental sin apoyo del otro progenitor. Consta en el expediente que ya recibió una ayuda municipal por el mismo concepto hace pocos meses.,Sí,Sí,Sí,Sí,Sí,1
AES-2025-00146,Aicha Molina Díaz,Mujer,Extracomunitaria,69,2,0,Pensionista,Habitación realquilada,Alquiler o hipoteca,No,La Vega,Sede electrónica,774,0.65,185,740,9,0,0,Estoy desesperada porque tengo un procedimiento de desahucio abierto por no poder pagar el alquiler de la habitación. No sé dónde meterme si me echan a la calle.,Ponerse al día con los pagos del alquiler para evitar el desahucio.,La persona solicitante cumple el plan de intervención social y acude a todas las citas. Se observa que el presupuesto o factura aportado no se corresponde con la necesidad descrita en la solicitud.,Sí,Sí,Sí,Sí,Sí,0
AES-2025-00147,José Martínez Marín,Hombre,Española,83,1,0,Pensionista,Habitación realquilada,Otros gastos,En trámite,La Vega,Presencial,621,1.03,298,390,99,0,0,La pensión no me llega para todo lo que necesito hoy en día y las cosas han subido mucho de precio. Me cuesta mucho llegar a fin de mes.,Comprar un teléfono móvil de última generación.,"En la visita realizada se constatan ingresos no declarados, derivados de trabajos sin contrato y ayuda de familiares. La persona solicitante no acredita la necesidad básica del gasto solicitado.",Sí,Sí,Sí,Sí,Sí,0
AES-2025-00148,Emilio Romero Castro,Hombre,Española,20,1,0,Desempleo con prestación,Alquiler,Suministros básicos,No,La Vega,Presencial,681,1.14,754,470,64,0,401,He perdido mi empleo hace pocos meses y estoy sin ingresos estables. Me ha llegado un aviso de corte de luz por no haber podido pagar las facturas.,Pagar las facturas de suministros pendientes para evitar el corte.,Se constata la situación de desempleo reciente y la acumulación de facturas de suministros impagadas. La persona solicitante manifiesta haber recibido avisos de interrupción del suministro.,Sí,Sí,Sí,Sí,Sí,1
AES-2025-00149,Daniela Torres Ramos,Mujer,Extracomunitaria,27,3,2,Desempleo con prestación,Sin hogar,Gastos sanitarios,No,San Antón,Presencial,787,0.44,0,790,30,0,0,"Desde que perdí el trabajo hace unos meses no tengo otros ingresos y estoy sola con mis hijos, sin apoyo del padre. Además, tenemos una enfermedad crónica en casa que requiere gastos que no cubre la sanidad pública.",Comprar medicación y material sanitario específico.,La persona solicitante no cuenta con red de apoyo familiar ni social. Se advierte que no ha acudido a las citas del plan de intervención ni ha aportado la documentación requerida.,Sí,Sí,Sí,Sí,Sí,1
AES-2025-00150,Ioana García Vargas,Mujer,Extracomunitaria,42,1,0,Empleo precario o parcial,Habitación realquilada,Gastos sanitarios,Sí,Ensanche,Sede electrónica,652,1.09,198,840,27,0,0,En casa tenemos una enfermedad crónica complicada y hay que pagar tratamientos que la sanidad pública no cubre. Es mucho dinero y mis ingresos son muy justos.,Cubrir el coste de los tratamientos médicos no financiados.,Se documenta la existencia de una patología crónica en la unidad de convivencia. Los gastos solicitados se vinculan a necesidades sanitarias no cubiertas por el sistema público.,Sí,Sí,Sí,Sí,Sí,0
AES-2025-00151,María Álvarez López,Mujer,UE,34,3,0,Incapacidad o dependencia,Habitación realquilada,Alquiler o hipoteca,En trámite,Ensanche,Sede electrónica,596,0.33,287,680,93,0,0,"La cosa está muy mal, apenas llego a fin de mes con lo poco que recibo y el alquiler se me come casi todo. Estoy esperando a ver si me reconocen la discapacidad pero mientras tanto no puedo pagar el techo donde vivo.",Pagar las mensualidades de mi alquiler.,"La persona solicitante reside en una habitación realquilada con su unidad de convivencia. Se encuentra con el trámite de discapacidad iniciado, lo cual condiciona su capacidad de generar ingresos adicionales actualmente.",Sí,Sí,Sí,Sí,Sí,0
AES-2025-00152,Isabel Gómez Pérez,Mujer,Extracomunitaria,29,2,0,Desempleo con prestación,Cedida o familiar,Suministros básicos,No,San Antón,Sede electrónica,538,0.45,0,220,213,0,1118,"Me han avisado de que me van a cortar la luz pronto porque no he podido pagar los últimos recibos. Perdí mi empleo hace pocos meses y la prestación que cobro no me da para todo, no tengo otros ingresos estables.",Pagar las facturas de luz atrasadas.,La persona solicitante se encuentra en situación de desempleo con prestación. Se constata que cumple el plan de intervención social y acude a todas las citas programadas por este servicio.,Sí,Sí,Sí,Sí,Sí,1
AES-2025-00153,Aicha Rojas Benali,Mujer,Española,45,3,2,Empleo precario o parcial,Hipoteca,Alquiler o hipoteca,En trámite,Ensanche,Sede electrónica,1053,0.58,355,520,9,1,0,"Crío sola a mis hijos sin apoyo del otro progenitor, es muy difícil sacar esto adelante siendo una familia monoparental con el sueldo tan bajo que tengo. La hipoteca me ahoga y necesito ayuda para no perder la casa.",Hacer frente al pago de la hipoteca.,La unidad de convivencia está formada por tres miembros. La persona solicitante acredita una situación de precariedad laboral y se encuentra con el reconocimiento de discapacidad en trámite.,Sí,Sí,Sí,Sí,Sí,1
AES-2025-00154,Sara Moreno Molina,Mujer,Española,34,3,1,Incapacidad o dependencia,Sin hogar,Suministros básicos,En trámite,Centro,Presencial,594,0.33,0,110,6,0,1086,La cosa esta muy mal y no llego a fin de mes con lo que cobro. Me ha llegado un aviso de que me van a cortar la luz por no haber pagado las ultimas facturas y no se que voy a hacer con mi familia.,Pagar los recibos de la luz atrasados.,"La persona solicitante convive con tres miembros, incluyendo un menor. Presenta aviso de interrupción del suministro eléctrico por impago de facturas. Se encuentra en situación de incapacidad con discapacidad en trámite.",Sí,Sí,Sí,Sí,Sí,1
AES-2025-00155,Isabel Muñoz Ramos,Mujer,Española,51,6,2,Desempleo con prestación,Habitación realquilada,Suministros básicos,No,Las Eras,Presencial,812,0.23,293,430,7,0,822,"Ya no sé qué hacer, tengo aviso de corte de luz, agua o gas por facturas impagadas y en casa somos muchos. No me llega la prestación para dar de comer a mis hijos y pagar los recibos.",Pagar los recibos pendientes de suministros.,"Durante la visita domiciliaria se constatan ingresos no declarados, como trabajos sin contrato y ayuda de familiares. La persona solicitante no ha acudido a las citas del plan de intervención ni ha aportado la documentación requerida previamente.",Sí,Sí,No,Sí,Sí,0
AES-2025-00156,Gloria Navarro Moreno,Mujer,Española,28,2,1,Desempleo sin prestación,Habitación realquilada,Alquiler o hipoteca,No,La Vega,Sede electrónica,423,0.35,257,530,11,0,0,"Estoy sola con mi peque y crío sola a mis hijos sin apoyo del otro progenitor, no tengo ningún ingreso fijo ahora mismo. El alquiler de la habitación es una carga que no puedo asumir estando en el paro.",Cubrir gastos de alquiler de la habitación.,"La persona solicitante es víctima de violencia de género, con orden de protección vigente. Se observa una ausencia total de red de apoyo familiar ni social para el cuidado de los menores.",Sí,Sí,Sí,Sí,Sí,1
AES-2025-00157,Antonio Iglesias Ortega,Hombre,Española,69,2,0,Pensionista,Alquiler,Suministros básicos,No,Ensanche,Sede electrónica,1090,0.91,512,310,0,0,937,"Me han dado un aviso de corte de luz, agua o gas por facturas impagadas y no puedo dormir pensando en ello. Mi pensión es baja y con lo que pago de alquiler no me queda para vivir.",Pagar facturas de suministro eléctrico.,La persona solicitante es pensionista y reside en una vivienda de alquiler. Se destaca que cumple el plan de intervención social y acude a todas las citas acordadas.,Sí,Sí,Sí,Sí,Sí,1
AES-2025-00158,Ana Domínguez Castro,Mujer,Extracomunitaria,36,5,1,Desempleo con prestación,Hipoteca,Alquiler o hipoteca,Sí,Centro,Presencial,766,0.26,462,370,13,1,0,"La vida se ha vuelto muy cuesta arriba con los niños y la hipoteca, estamos muy apurados. A veces no sé cómo vamos a seguir adelante con tantos gastos acumulados.",Ayuda para el pago de la cuota hipotecaria.,"La persona solicitante es víctima de violencia de género, con orden de protección en vigor. Se hace constar que la interesada cumple el plan de intervención social y acude a todas las citas citadas.",Sí,Sí,Sí,Sí,Sí,1
AES-2025-00159,Carmen Serrano Martín,Mujer,Extracomunitaria,79,2,0,Pensionista,Alquiler,Suministros básicos,No,Ensanche,Presencial,1036,0.86,620,190,102,2,1225,"Me ha llegado un aviso de corte de luz, agua o gas por facturas impagadas y me da mucho miedo quedarme sin nada. Con mi pensión no llego a pagar ni el alquiler ni los gastos de la casa.",Pagar los recibos de agua y luz.,La persona solicitante no ha acudido a las citas del plan de intervención ni ha aportado la documentación que se le solicitó durante el proceso. Se trata de una unidad de convivencia de dos personas mayores.,Sí,Sí,Sí,Sí,Sí,0
AES-2025-00160,Gloria Molina García,Mujer,Española,48,6,4,Empleo estable,Habitación realquilada,Suministros básicos,No,Ribera,Presencial,1802,0.5,345,370,116,3,553,"Estamos fatal porque tiene abierto un procedimiento de desahucio por impago de la vivienda. Aunque trabajo, somos muchos en casa y los gastos nos superan totalmente.",Saldar deuda de suministros básicos.,"La unidad de convivencia es numerosa, con cuatro menores a cargo. Se verifica que la persona solicitante mantiene una situación laboral estable, pese a la deuda habitacional actual.",Sí,Sí,Sí,Sí,Sí,0
AES-2025-00161,Sergio Cabrera González,Hombre,Española,28,3,1,Empleo estable,Habitación realquilada,Suministros básicos,No,Centro,Presencial,4048,2.25,216,430,215,0,184,La cosa está difícil porque hace pocos meses me quedé sin trabajo y ahora mismo no tengo ningún ingreso estable que entre en casa. Necesito un poco de ayuda para salir del paso con la familia.,Pago de facturas de luz y agua.,La persona solicitante acredita una situación de desempleo reciente que ha desestabilizado la economía familiar. Se aporta documentación que justifica la necesidad de apoyo para los gastos de los suministros básicos.,Sí,Sí,Sí,Sí,Sí,0
AES-2025-00162,Mohamed Navarro Rojas,Hombre,Española,82,2,0,Pensionista,Habitación realquilada,Alimentación e higiene,No,La Vega,Presencial,568,0.47,220,370,89,2,0,Estoy muy agobiado porque tengo un procedimiento de desahucio por impago de la vivienda y no sé qué voy a hacer. A mi edad es muy complicado todo esto.,Compra de alimentos y productos de higiene básica.,La persona solicitante presenta una situación de vulnerabilidad habitacional. Se constata la existencia de un procedimiento judicial en curso relativo al impago de las rentas de alquiler.,Sí,Sí,Sí,Sí,Sí,1
AES-2025-00163,Diego Fuentes Hernández,Hombre,Española,30,4,2,Incapacidad o dependencia,Alquiler,Alquiler o hipoteca,En trámite,La Vega,Presencial,1373,0.57,437,1120,26,0,0,Estamos en una situación límite porque tengo un procedimiento de desahucio por impago de la vivienda y con los niños no podemos estar así. No llegamos a cubrir los gastos básicos.,Pago de mensualidades de alquiler atrasadas.,Se constata que la unidad de convivencia se encuentra inmersa en un procedimiento de desahucio. La persona solicitante aporta documentación acreditativa de su situación de incapacidad en trámite.,Sí,Sí,Sí,Sí,Sí,1
AES-2025-00164,Valentina Gil Ortega,Mujer,Española,58,4,3,Desempleo sin prestación,Alquiler,Alimentación e higiene,No,San Antón,Presencial,157,0.07,491,380,21,0,238,Hace pocos meses que perdí el trabajo y me he quedado sin ningún otro ingreso estable para mantener a mis hijos. Estoy pasando por un momento muy duro.,Cubrir las necesidades básicas de alimentación e higiene del hogar.,"La persona solicitante es víctima de violencia de género, contando con orden de protección vigente. Se observa una ausencia total de red de apoyo familiar ni social en el entorno cercano.",Sí,Sí,Sí,Sí,Sí,1
AES-2025-00165,Ioana Martínez Díaz,Mujer,Extracomunitaria,19,6,4,Desempleo sin prestación,Cedida o familiar,Material escolar,Sí,Centro,Presencial,0,0.0,0,230,15,0,0,"Somos una familia numerosa y necesitamos ayuda para poder afrontar los gastos de los estudios de los niños, ya que ahora mismo no tenemos ningún ingreso. Todo es muy difícil.",Adquisición de libros y material escolar.,La persona solicitante presenta una situación de carencia total de ingresos económicos. Se acredita una condición de discapacidad en el seno de la unidad de convivencia.,Sí,Sí,Sí,Sí,Sí,1
AES-2025-00166,Gloria Sánchez Molina,Mujer,Española,76,2,0,Pensionista,Alquiler,Alimentación e higiene,No,San Antón,Presencial,1106,0.92,794,450,51,1,0,"La pensión no me llega para pagar el alquiler y poder comer, me cuesta mucho llegar a fin de mes. Apenas tengo para lo mínimo.",Compra de alimentos y artículos de primera necesidad.,La persona solicitante muestra un desequilibrio importante entre los ingresos mensuales recibidos y los gastos derivados de la vivienda. Se evidencia una situación de precariedad económica crónica.,Sí,Sí,Sí,Sí,Sí,0
AES-2025-00167,Lucía Molina Benali,Mujer,Española,55,1,0,Desempleo con prestación,Alquiler,Suministros básicos,No,Ribera,Presencial,694,1.16,532,260,42,0,1273,"Hace pocos meses perdí mi empleo y no tengo otros ingresos estables, por lo que tengo abierto un procedimiento de desahucio por impago de la vivienda. Además, he recibido aviso de corte de luz, agua o gas por facturas impagadas.",Pago de recibos de suministros básicos.,La persona solicitante se encuentra en situación de desempleo con prestación insuficiente para cubrir el coste de la vivienda. Se verifica la existencia de notificaciones de interrupción de suministros energéticos y un proceso de desahucio.,Sí,Sí,Sí,Sí,Sí,1
AES-2025-00168,Mercedes Navarro Jiménez,Mujer,Española,76,2,0,Pensionista,Cedida o familiar,Alimentación e higiene,No,Ribera,Presencial,913,0.76,0,140,206,0,0,Con la pensión que tengo me resulta muy complicado comprar todo lo que necesito para comer y para la limpieza de la casa. Me gustaría recibir una ayuda para poder cubrir estos gastos.,Compra de productos básicos de alimentación e higiene.,La unidad de convivencia depende exclusivamente de ingresos por pensiones. Se observa un riesgo de exclusión social derivado del incremento del coste de la vida.,Sí,Sí,Sí,Sí,Sí,0
AES-2025-00169,Valentina Vázquez Cortés,Mujer,Española,48,4,3,Empleo precario o parcial,Hipoteca,Gastos sanitarios,No,Las Eras,Presencial,1466,0.61,550,260,124,0,0,Tenemos una enfermedad grave o crónica en la familia con gastos que la sanidad pública no cubre y no nos llega el dinero. Estamos muy apurados.,Pago de medicación y tratamientos no cubiertos.,La persona solicitante manifiesta dificultades económicas sobrevenidas por patologías crónicas familiares. Se hace constar que la persona solicitante no ha acudido a las citas del plan de intervención ni ha aportado lo que se le pidió.,Sí,Sí,Sí,Sí,Sí,1
AES-2025-00170,Marta Sanz González,Mujer,Española,62,1,0,Desempleo sin prestación,Hipoteca,Alimentación e higiene,No,Las Eras,Sede electrónica,151,0.25,392,350,166,0,0,,Alimentación e higiene.,"Se constata que existe un procedimiento de desahucio con fecha de lanzamiento fijada por el juzgado. La persona solicitante manifiesta no contar con red de apoyo familiar ni social, tras haber perdido el empleo hace pocos meses y no tener otros ingresos estables.",Sí,Sí,Sí,Sí,Sí,1
AES-2025-00171,Rosa Cortés Gil,Mujer,Española,34,4,2,Desempleo con prestación,Cedida o familiar,Alimentación e higiene,Sí,San Antón,Sede electrónica,991,0.41,0,240,88,0,0,"La cosa está muy mal, tengo a los niños y apenas me llega para comer con lo que cobro del paro. A ver si me podéis echar una mano porque no sé cómo tirar adelante.",Comprar comida y productos de limpieza para casa.,La persona solicitante presenta dificultades para cubrir las necesidades básicas de su unidad de convivencia. Se observa un desajuste entre los gastos mensuales y la prestación económica que recibe.,Sí,Sí,Sí,Sí,Sí,1
AES-2025-00172,Rubén Vargas El Amrani,Hombre,Española,30,4,3,Empleo precario o parcial,Hipoteca,Suministros básicos,Sí,Ensanche,Sede electrónica,1051,0.44,602,440,119,0,204,"Estoy solo criando a mis hijos, el otro progenitor no se hace cargo de nada y no recibo ni un duro. Se me hace imposible pagar todo y estoy muy agobiado con las facturas.",Pagar los recibos de la luz y el agua.,La persona solicitante manifiesta una situación de monoparentalidad. Se constata la ausencia de red de apoyo familiar ni social para el cuidado de los menores.,Sí,Sí,Sí,Sí,Sí,1
AES-2025-00173,Miguel Quispe González,Hombre,Extracomunitaria,54,3,2,Desempleo con prestación,Habitación realquilada,Suministros básicos,No,Ensanche,Sede electrónica,784,0.44,356,340,213,1,1014,"Me ha llegado un aviso de corte de luz, agua o gas por facturas impagadas y no sé qué hacer. Crío sola a mis hijos sin apoyo del otro progenitor y la situación en casa es desesperada.",Pagar las facturas pendientes de suministros.,La persona solicitante expone una situación de vulnerabilidad extrema. Se identifica la ausencia de red de apoyo familiar ni social para afrontar las cargas del hogar.,Sí,Sí,Sí,Sí,Sí,1
AES-2025-00174,Daniela Quispe Quispe,Mujer,Extracomunitaria,47,1,0,Desempleo sin prestación,Hipoteca,Alimentación e higiene,No,San Antón,Sede electrónica,180,0.3,578,300,82,0,0,"No tengo trabajo ni paro ahora mismo, y con lo poco que tengo no me llega para pagar la hipoteca y comer. Es una situación muy complicada y necesito ayuda.",Comprar alimentos básicos.,"La persona solicitante reside sola y carece de ingresos declarados suficientes. No cuenta con red de apoyo familiar ni social, aunque en la visita se constatan ingresos no declarados (trabajos sin contrato, alquiler de una habitación o ayuda de familiares).",Sí,Sí,Sí,Sí,Sí,0
AES-2025-00175,Elena López Popescu,Mujer,Española,20,1,0,Desempleo sin prestación,Alquiler,Alquiler o hipoteca,No,La Vega,Presencial,288,0.48,368,300,12,0,0,Pues que perdí el curro hace pocos meses y no tengo otros ingresos estables. Estoy intentando buscar algo pero de momento no me sale nada y me veo en la calle si no pago.,Pagar la mensualidad del alquiler.,La persona solicitante mantiene una actitud colaborativa durante el proceso. Se observa que cumple el plan de intervención social y acude a todas las citas programadas.,No,Sí,Sí,Sí,Sí,1
AES-2025-00176,Khadija García Rojas,Mujer,Española,40,1,0,Desempleo con prestación,Habitación realquilada,Alquiler o hipoteca,Sí,San Antón,Presencial,737,1.23,204,780,163,0,0,Perdí el empleo hace pocos meses y no tengo otros ingresos estables para mantener el piso. La verdad es que estoy bastante desesperada porque no me llega para pagar la habitación.,Hacer frente al pago del alquiler.,"La persona solicitante se encuentra en situación de vulnerabilidad habitacional. No cuenta con red de apoyo familiar ni social, aunque cumple el plan de intervención social y acude a todas las citas.",Sí,Sí,Sí,Sí,Sí,1
AES-2025-00177,Silvia Molina Lozano,Mujer,Española,39,2,1,Empleo estable,Alquiler,Alquiler o hipoteca,No,Ribera,Sede electrónica,1101,0.92,688,480,146,0,0,Crío sola a mis hijos sin apoyo del otro progenitor y mi sueldo no da para todo el alquiler y los gastos. Se me hace todo muy cuesta arriba este mes.,Pagar el alquiler de la vivienda.,La unidad de convivencia se encuentra en una situación económica ajustada debido a las cargas familiares. La persona solicitante manifiesta que no cuenta con red de apoyo familiar ni social.,Sí,Sí,Sí,Sí,Sí,0
AES-2025-00178,Iván Ruiz Vázquez,Hombre,UE,75,1,0,Pensionista,Cedida o familiar,Suministros básicos,No,Ribera,Sede electrónica,761,1.27,0,170,199,0,386,"Me ha llegado una carta con un aviso de corte de luz, agua o gas por facturas impagadas y me da miedo quedarme sin nada. Con mi pensión no llego a fin de mes.",Pagar los suministros básicos de la casa.,La persona solicitante presenta impagos en los suministros del hogar. Se observa que no ha acudido a las citas del plan de intervención ni ha aportado lo que se le pidió durante la gestión.,Sí,Sí,Sí,Sí,Sí,0
AES-2025-00179,Carmen Jiménez Iglesias,Mujer,Española,23,3,0,Desempleo con prestación,Hipoteca,Alimentación e higiene,No,Las Eras,Sede electrónica,614,0.34,426,250,33,0,0,"Estoy con el paro y la verdad es que nos cuesta mucho llenar la nevera. Somos varios en casa y el dinero no se estira más, por eso pido esta ayuda.",Compra de alimentos y productos de higiene.,La persona solicitante presenta dificultades para cubrir las necesidades básicas de la unidad familiar. Se confirma que no cuenta con red de apoyo familiar ni social para el sustento.,Sí,Sí,Sí,No,Sí,0
AES-2025-00180,Ahmed Rodríguez Moreno,Hombre,Extracomunitaria,32,1,0,Desempleo sin prestación,Alquiler,Gastos sanitarios,No,Las Eras,Presencial,0,0.0,777,790,32,0,0,"Perdí el empleo hace pocos meses y no tengo otros ingresos estables. Además, hay una enfermedad grave o crónica en la familia con gastos que la sanidad pública no cubre y no puedo pagarlo.",Cubrir gastos médicos y farmacéuticos.,La persona solicitante se encuentra en situación de desempleo total. No cuenta con red de apoyo familiar ni social para afrontar los gastos derivados de la situación de salud descrita.,Sí,Sí,Sí,Sí,Sí,1
AES-2025-00181,Teresa Romero Romero,Mujer,Española,86,2,2,Pensionista,Hipoteca,Alquiler o hipoteca,No,La Vega,Presencial,962,0.8,449,310,104,0,0,La cosa está muy mal y no llego a pagar la hipoteca. Me ha llegado un aviso porque tengo abierto un procedimiento de desahucio por impago de la vivienda.,Pago de cuotas hipotecarias pendientes.,La persona solicitante acude a las entrevistas programadas. Se constata que cumple el plan de intervención social y acude a todas las citas.,Sí,Sí,Sí,Sí,Sí,1
AES-2025-00182,Nerea Rodríguez Sanz,Mujer,Española,39,3,1,Desempleo sin prestación,Alquiler,Suministros básicos,No,Ensanche,Sede electrónica,248,0.14,520,500,17,0,227,"Me quedé en paro hace pocos meses y la situación se me ha complicado. Como no tengo otros ingresos estables, no puedo hacer frente a las facturas.",Pago de facturas de luz y agua.,Se observa una situación de precariedad económica severa. La persona solicitante no cuenta con red de apoyo familiar ni social.,Sí,Sí,Sí,Sí,Sí,1
AES-2025-00183,María Moreno Marín,Mujer,Española,43,3,0,Empleo precario o parcial,Habitación realquilada,Alimentación e higiene,No,Ribera,Sede electrónica,1256,0.7,307,360,36,1,0,Trabajo algunas horas pero no me da para comer y pagar el cuarto donde vivo. Necesito ayuda para poder comprar comida en el supermercado.,Compra de alimentos y productos de higiene.,"Tras la revisión de la documentación aportada, se observa que el presupuesto o factura aportado no se corresponde con la necesidad descrita.",Sí,Sí,Sí,Sí,Sí,0
AES-2025-00184,Carmen Jiménez Cabrera,Mujer,Extracomunitaria,63,1,0,Empleo precario o parcial,Cedida o familiar,Suministros básicos,No,Las Eras,Sede electrónica,639,1.06,0,480,116,1,1004,"Estoy trabajando poco y me está costando mucho pagar los recibos. A ver si me pueden ayudar con la luz, que me sube mucho.",Pago de recibos de suministros básicos.,La persona solicitante manifiesta dificultades para cubrir los costes de suministros básicos debido a la inestabilidad de sus ingresos actuales.,Sí,Sí,Sí,Sí,Sí,0
AES-2025-00185,Ramón Domínguez Navarro,Hombre,Extracomunitaria,76,2,0,Pensionista,Alquiler,Alimentación e higiene,No,Centro,Sede electrónica,641,0.53,402,110,32,1,0,"Vivo con mi pareja y la pensión es mínima, apenas nos da para comer. Estamos pasando mucha necesidad y no sabemos a quién pedir ayuda.",Compra de alimentos básicos.,"La persona solicitante cumple el plan de intervención social y acude a todas las citas. Se observa que no cuenta con red de apoyo familiar ni social. Sin embargo, en la visita se constatan ingresos no declarados. Consta que ya recibió una ayuda municipal por el mismo concepto hace pocos meses.",Sí,Sí,Sí,Sí,Sí,0
AES-2025-00186,Yolanda González Martín,Mujer,Extracomunitaria,29,6,3,Empleo precario o parcial,Hipoteca,Alquiler o hipoteca,No,San Antón,Presencial,932,0.26,392,1090,92,0,0,Somos una familia grande y con lo que entra en casa no llegamos a nada. La hipoteca es una carga enorme que ya no podemos sostener.,Pago de mensualidad de hipoteca.,Se ha realizado una entrevista para valorar la situación económica de la unidad familiar. La persona solicitante presenta documentación sobre la titularidad de la vivienda y los gastos asociados.,Sí,Sí,Sí,No,Sí,1
AES-2025-00187,Sergio Vargas Domínguez,Hombre,Española,23,3,2,Empleo precario o parcial,Alquiler,Alquiler o hipoteca,No,La Vega,Sede electrónica,1242,0.69,680,1190,91,0,0,Soy padre soltero y crío solo a mis hijos sin apoyo del otro progenitor. Tengo abierto un procedimiento de desahucio por impago de la vivienda y estoy desesperado.,Pagar la deuda de alquiler para evitar perder la casa.,La persona solicitante es el único referente adulto en el hogar. Se ha verificado que ya hay fecha de lanzamiento fijada por el juzgado.,Sí,Sí,Sí,Sí,Sí,1
AES-2025-00188,Juan Ortega García,Hombre,Española,57,3,2,Desempleo sin prestación,Sin hogar,Material escolar,No,San Antón,Presencial,367,0.2,0,80,6,0,0,"Como soy familia monoparental y crío solo a mis hijos sin apoyo del otro progenitor, todo es muy difícil. Perdí el empleo hace pocos meses y no tengo otros ingresos estables.",Compra de libros y material de clase.,La persona solicitante cumple el plan de intervención social y acude a todas las citas. No cuenta con red de apoyo familiar ni social. Se observa que el presupuesto o factura aportado no se corresponde con la necesidad descrita.,Sí,Sí,Sí,Sí,Sí,1
AES-2025-00189,Pilar López Sanz,Mujer,Extracomunitaria,48,1,0,Desempleo sin prestación,Alquiler,Otros gastos,No,Ribera,Sede electrónica,0,0.0,530,860,31,0,0,Perdí el empleo hace pocos meses y no tengo otros ingresos estables para pagar el alquiler. Estoy sola en esto y no sé qué hacer.,Comprar un móvil nuevo.,La persona solicitante no cuenta con red de apoyo familiar ni social. Se ha verificado el estado de sus ingresos actuales tras la pérdida del empleo.,Sí,Sí,Sí,Sí,Sí,0
AES-2025-00190,Aicha Quispe García,Mujer,Española,31,3,1,Incapacidad o dependencia,Hipoteca,Suministros básicos,En trámite,Ribera,Presencial,1355,0.75,300,230,13,2,210,"Tenemos una enfermedad grave en la familia con gastos que la sanidad pública no cubre. Además, me ha llegado aviso de corte de luz por facturas impagadas y no sé cómo afrontarlo.",Pago de factura eléctrica.,La persona solicitante presenta informe médico acreditativo de la situación. Se ha verificado que ya recibió una ayuda municipal por el mismo concepto hace pocos meses.,Sí,Sí,Sí,Sí,Sí,1
AES-2025-00191,Raquel Rubio Rubio,Mujer,Extracomunitaria,63,3,0,Incapacidad o dependencia,Habitación realquilada,Otros gastos,En trámite,San Antón,Presencial,749,0.42,259,360,230,0,295,No me llega el dinero para cubrir los gastos de la casa. La situación se me ha complicado bastante últimamente.,Gastos varios de la vivienda.,La persona solicitante no ha acudido a las citas del plan de intervención ni ha aportado lo que se le pidió. Se observa una falta de seguimiento en el proceso de acompañamiento social.,Sí,Sí,Sí,Sí,Sí,0
AES-2025-00192,Sara Blanco Sánchez,Mujer,Española,53,2,1,Desempleo sin prestación,Hipoteca,Suministros básicos,No,San Antón,Sede electrónica,192,0.16,565,220,18,0,665,Estoy sacando adelante a mis hijos yo sola sin recibir ningún tipo de ayuda del otro progenitor. Con lo que entra en casa no me llega para pagar los recibos de la luz.,Pagar las facturas de suministros.,La unidad familiar presenta dificultades económicas para cubrir gastos básicos. La persona solicitante no cuenta con red de apoyo familiar ni social.,Sí,Sí,Sí,Sí,Sí,1
AES-2025-00193,Fátima González Quispe,Mujer,Extracomunitaria,57,2,1,Empleo precario o parcial,Hipoteca,Alquiler o hipoteca,No,Centro,Sede electrónica,534,0.45,490,360,20,1,0,Me veo muy apurada porque crío a mis hijos sola y el otro progenitor no se hace cargo de nada. Necesito ayuda para poder pagar la hipoteca.,Abono de la cuota hipotecaria.,"La persona solicitante cumple el plan de intervención social y acude a todas las citas. Se han constatado ingresos no declarados y la unidad familiar ya recibió una ayuda municipal por el mismo concepto hace pocos meses. Asimismo, no cuenta con red de apoyo familiar ni social.",Sí,Sí,Sí,Sí,Sí,0
AES-2025-00194,Pedro Muñoz Domínguez,Hombre,Española,61,4,0,Empleo precario o parcial,Hipoteca,Alimentación e higiene,En trámite,Las Eras,Presencial,1063,0.44,362,260,106,1,0,La cosa está muy mal y con el sueldo que saco no damos abasto para comer. Estamos pasando mucha necesidad en casa.,Compra de alimentos y productos de higiene.,La unidad familiar manifiesta dificultades para atender las necesidades básicas de alimentación. Se observa una reducción significativa de la capacidad adquisitiva debido a la precariedad laboral.,Sí,Sí,Sí,Sí,Sí,0
AES-2025-00195,Ana Ramos Quispe,Mujer,Española,51,4,0,Empleo precario o parcial,Hipoteca,Alimentación e higiene,No,Ensanche,Presencial,1118,0.47,664,110,13,1,0,"La cosa está fatal y ya no llego a nada, entre la hipoteca y los gastos se me va todo el sueldo. Para colmo, tengo abierto un procedimiento de desahucio por impago de la vivienda y no sé qué voy a hacer si nos echan.",Necesito ayuda para comprar comida y cosas de aseo para la casa.,"La persona solicitante acredita mediante documentación judicial que existe una fecha de lanzamiento fijada por el juzgado. En el seguimiento de los servicios sociales, se observa que cumple el plan de intervención social y acude a todas las citas programadas.",Sí,Sí,Sí,Sí,Sí,1
AES-2025-00196,Ahmed Torres Benali,Hombre,Española,30,4,2,Empleo precario o parcial,Cedida o familiar,Suministros básicos,No,Ribera,Sede electrónica,1112,0.46,0,510,71,1,1221,Con los niños en casa y lo poco que gano se nos acumulan los recibos de la luz y el agua. Necesitamos un respiro para poder estar al día.,Pago de recibos de suministros.,La unidad de convivencia presenta dificultades para hacer frente a los gastos derivados de los suministros básicos. Se ha verificado la situación actual de los ingresos mensuales.,Sí,Sí,Sí,Sí,Sí,0
AES-2025-00197,Marta Álvarez Benali,Mujer,Española,35,2,0,Empleo estable,Habitación realquilada,Alquiler o hipoteca,No,Las Eras,Presencial,2651,2.21,189,520,34,1,0,"Aunque tengo trabajo, los gastos de la vida diaria me dejan muy justa a final de mes. Solicito este dinero para ayudarme con el pago del alquiler.",Pago de la renta de alquiler.,La persona solicitante manifiesta dificultades para cubrir gastos de vivienda pese a contar con un empleo estable. Se ha realizado la revisión de los ingresos mensuales del hogar.,Sí,Sí,Sí,Sí,Sí,0
AES-2025-00198,Yolanda Ramos Cabrera,Mujer,Española,77,2,0,Pensionista,Cedida o familiar,Gastos sanitarios,Sí,Ensanche,Sede electrónica,753,0.63,0,760,126,0,0,En mi familia tenemos que hacer frente a una enfermedad grave que conlleva muchos gastos que la sanidad pública no cubre. La situación es muy complicada.,Cubrir gastos médicos y farmacéuticos.,La persona solicitante cumple el plan de intervención social y acude a todas las citas. Se ha verificado la existencia de una enfermedad crónica que requiere gastos sanitarios adicionales.,Sí,Sí,Sí,Sí,Sí,0
AES-2025-00199,Ioana Romero Martínez,Mujer,Extracomunitaria,33,4,3,Empleo precario o parcial,Alquiler,Material escolar,No,Centro,Sede electrónica,907,0.38,668,200,34,0,0,Me toca criar sola a mis tres hijos y no tengo ninguna ayuda del padre. Se me hace imposible comprar todo el material escolar para el curso.,Compra de libros y material escolar.,La unidad familiar se encuentra en situación de monoparentalidad. Se han evaluado los ingresos disponibles frente a los gastos del alquiler y el cuidado de menores.,Sí,Sí,Sí,Sí,Sí,1
AES-2025-00200,José Rubio Molina,Hombre,Española,53,2,1,Desempleo con prestación,Cedida o familiar,Suministros básicos,No,Las Eras,Presencial,800,0.67,0,300,13,1,390,"Hace unos meses que perdí el empleo y no tengo otros ingresos estables para tirar adelante, además de que crío a mi hijo solo sin apoyo del otro progenitor. No sé cómo voy a pagar los recibos del mes que viene.","Pago de luz, agua y gas.",La persona solicitante se encuentra en situación de desempleo tras la pérdida de su puesto de trabajo. La unidad familiar es monoparental y carece de otros ingresos estables en la actualidad.,Sí,Sí,Sí,Sí,Sí,1
AES-2025-00201,Nerea Hernández Marín,Mujer,Española,43,1,0,Incapacidad o dependencia,Habitación realquilada,Alquiler o hipoteca,En trámite,Las Eras,Sede electrónica,624,1.04,222,1310,39,0,189,"La cosa está muy complicada porque en casa tengo una enfermedad grave que no me cubre la seguridad social y me gasto un dineral en medicinas. Entre eso y el alquiler de la habitación, no me queda ni para comer.",Pagar el alquiler de la habitación donde vivo.,La persona solicitante acude a la entrevista con la documentación médica actualizada. Se observa que cumple el plan de intervención social y acude a todas las citas programadas por este servicio.,Sí,Sí,Sí,Sí,Sí,0
AES-2025-00202,Pilar Álvarez Ruiz,Mujer,UE,88,1,0,Pensionista,Cedida o familiar,Alimentación e higiene,No,Ribera,Sede electrónica,860,1.43,0,340,90,0,0,"Pues nada, que con lo poco que saco de pensión no me llega para nada. Los precios han subido muchísimo y ya no puedo ni hacer la compra básica del mes.",Comprar comida y productos de aseo personal.,La persona solicitante presenta su situación económica actual. Se constata la precariedad de los ingresos mensuales frente a las necesidades básicas de subsistencia.,Sí,Sí,Sí,Sí,Sí,0
AES-2025-00203,Antonio Torres Domínguez,Hombre,Española,71,1,0,Pensionista,Cedida o familiar,Alimentación e higiene,No,San Antón,Presencial,638,1.06,0,320,63,0,0,"Estoy solo y la pensión se me va en nada. Necesito que me echen un cable para poder comprar comida y las cosas de limpieza que me hacen falta, porque no llego a fin de mes.",Compra de alimentos básicos y productos de higiene.,La persona solicitante muestra una situación de vulnerabilidad económica. Se constata que cumple el plan de intervención social y acude a todas las citas.,Sí,Sí,Sí,Sí,Sí,0
AES-2025-00204,Julia Rubio García,Mujer,Española,39,5,2,Desempleo sin prestación,Hipoteca,Alquiler o hipoteca,No,Las Eras,Presencial,290,0.1,586,350,35,0,0,Estamos en una situación límite porque tengo abierto un procedimiento de desahucio por impago de la vivienda. No tengo de dónde sacar el dinero para cubrir lo que debo y tengo a mis hijos pequeños muy asustados.,Pago de mensualidades atrasadas de la hipoteca.,La persona solicitante aporta documentación judicial que acredita el proceso de desahucio. Se ha realizado una valoración de la situación habitacional de la unidad de convivencia.,Sí,Sí,Sí,Sí,Sí,1
AES-2025-00205,Antonio Fuentes Pérez,Hombre,Española,21,4,3,Desempleo sin prestación,Cedida o familiar,Gastos sanitarios,No,Las Eras,Presencial,411,0.17,0,290,33,0,0,"Hace unos meses me quedé sin trabajo y ahora estoy fatal porque no tengo otros ingresos estables para mantener a mi familia. Además, tenemos una enfermedad grave en casa que nos supone muchos gastos que la sanidad pública no cubre.",Gastos médicos y farmacéuticos.,La persona solicitante explica la reciente pérdida de empleo y la carga económica que supone la enfermedad familiar. Se han revisado los gastos justificables presentados.,Sí,Sí,Sí,Sí,Sí,1
AES-2025-00206,Juan Torres Castro,Hombre,Española,47,3,2,Desempleo con prestación,Habitación realquilada,Gastos sanitarios,No,Ensanche,Presencial,825,0.46,341,860,126,0,0,"Es muy duro ser familia monoparental y criar sola a mis hijos sin apoyo del otro progenitor. Hace pocos meses perdí el empleo y no tengo otros ingresos estables, y encima la enfermedad grave que tenemos en casa requiere gastos que la sanidad pública no cubre.",Cubrir gastos médicos necesarios para los menores.,"Se observa que la persona solicitante no cuenta con red de apoyo familiar ni social. Asimismo, cumple el plan de intervención social y acude a todas las citas establecidas.",Sí,Sí,Sí,Sí,Sí,1
AES-2025-00207,Youssef Romero García,Hombre,Española,41,4,0,Empleo estable,Sin hogar,Suministros básicos,No,Ribera,Presencial,1357,0.57,0,510,22,0,420,"He recibido aviso de corte de luz, agua o gas por facturas impagadas y no sé qué hacer. Estoy agobiado porque no puedo permitirme quedarme sin suministros básicos en casa.",Pagar las facturas de suministros pendientes.,La persona solicitante entrega los requerimientos de las compañías suministradoras. Se confirma que cumple el plan de intervención social y acude a todas las citas.,Sí,Sí,Sí,Sí,Sí,1
AES-2025-00208,María El Amrani González,Mujer,Española,86,2,0,Pensionista,Habitación realquilada,Alimentación e higiene,No,Ribera,Presencial,1123,0.94,353,390,18,2,0,La jubilación no da para mucho hoy en día. Apenas tengo para mis gastos y necesito ayuda para poder hacer la compra de comida y artículos de higiene.,Alimentación y productos de limpieza.,Se ha realizado la entrevista para valorar la necesidad básica presentada. La persona solicitante cumple el plan de intervención social y acude a todas las citas.,Sí,Sí,Sí,Sí,Sí,0
AES-2025-00209,Khadija Muñoz Fernández,Mujer,UE,41,2,0,Incapacidad o dependencia,Alquiler,Suministros básicos,En trámite,Ensanche,Sede electrónica,914,0.76,628,100,32,1,434,"Ya no sé qué más hacer, he recibido aviso de corte de luz, agua o gas por facturas impagadas. Con mi situación de incapacidad, el dinero se me va volando y no llego a pagar los suministros.",Abono de facturas de suministros básicos.,La persona solicitante muestra los avisos de impago recibidos. Se constata que cumple el plan de intervención social y acude a todas las citas.,Sí,Sí,Sí,Sí,Sí,1
AES-2025-00210,Andrés Gómez Medina,Hombre,Española,28,1,0,Empleo estable,Alquiler,Suministros básicos,No,Centro,Presencial,713,1.19,351,460,79,0,276,Necesito ayuda urgente porque tengo abierto un procedimiento de desahucio por impago de la vivienda. La situación es desesperada y no tengo medios para hacer frente a la deuda.,Pago de recibos de alquiler atrasados.,Se ha revisado la documentación judicial presentada por la persona solicitante. Se confirma que ya hay fecha de lanzamiento fijada por el juzgado.,Sí,Sí,Sí,Sí,Sí,1
AES-2025-00211,Tomás Quispe Jiménez,Hombre,Extracomunitaria,62,5,0,Desempleo sin prestación,Habitación realquilada,Alimentación e higiene,No,Ensanche,Presencial,0,0.0,240,360,24,0,392,No tengo nada de ingresos ahora mismo y estoy viviendo en una habitación porque no puedo pagar otra cosa. Me veo muy apurado para poder comer algo decente y comprar productos de limpieza.,Necesito el dinero para poder comprar comida y productos de aseo personal.,La persona solicitante carece de ingresos económicos para cubrir sus necesidades básicas. Se observa que no cuenta con red de apoyo familiar ni social.,Sí,Sí,Sí,Sí,Sí,1
AES-2025-00212,Ioana Rojas Vargas,Mujer,Española,68,2,0,Pensionista,Hipoteca,Suministros básicos,Sí,San Antón,Presencial,800,0.67,524,460,62,0,889,"Soy pensionista y con lo que cobro apenas me llega para la hipoteca y las facturas. Me ha llegado un aviso de corte de luz, agua o gas por facturas impagadas y no sé qué hacer.",Pagar las facturas de suministros que me han cortado.,La persona solicitante presenta una situación de vulnerabilidad económica derivada de los gastos de vivienda y el mantenimiento de suministros básicos. Se reconoce la situación de discapacidad declarada.,Sí,Sí,Sí,Sí,Sí,1
AES-2025-00213,Juan González Rodríguez,Hombre,Extracomunitaria,49,4,0,Desempleo con prestación,Cedida o familiar,Gastos sanitarios,No,Las Eras,Presencial,976,0.41,0,470,63,1,0,Tengo muchos gastos médicos que no me cubre la seguridad social y estoy en el paro. Mi situación es bastante complicada y necesito ayuda para poder hacer frente a estos pagos.,Pago de los tratamientos médicos que necesito.,La persona solicitante no ha acudido a las citas del plan de intervención ni ha aportado lo que se le pidió. Consta en el expediente que ya recibió una ayuda municipal por el mismo concepto hace pocos meses.,Sí,Sí,Sí,Sí,Sí,0
AES-2025-00214,Emilio Medina Martínez,Hombre,Española,54,1,0,Desempleo sin prestación,Habitación realquilada,Alquiler o hipoteca,En trámite,La Vega,Presencial,0,0.0,263,830,34,1,0,Estoy viviendo en una habitación realquilada y me han puesto una demanda porque no he podido pagar el alquiler. Tengo abierto un procedimiento de desahucio por impago de la vivienda y me veo en la calle.,Evitar que me echen de la habitación donde vivo.,"La persona solicitante cumple el plan de intervención social y acude a todas las citas programadas. No obstante, en la visita se constatan ingresos no declarados mediante trabajos sin contrato o la subarrendación de una habitación.",Sí,Sí,Sí,Sí,Sí,1
AES-2025-00215,Carlos Molina Medina,Hombre,Española,19,3,2,Desempleo sin prestación,Cedida o familiar,Alimentación e higiene,No,Las Eras,Sede electrónica,0,0.0,0,370,13,2,0,Estoy solo criando a mis hijos y la verdad es que es una familia monoparental: cría sola a sus hijos sin apoyo del otro progenitor. No tengo ingresos y no tengo ayuda de nadie para sacar esto adelante.,Comprar comida y pañales para los niños.,"Se constata que la persona solicitante no cuenta con red de apoyo familiar ni social. No ha acudido a las citas del plan de intervención ni ha aportado la documentación solicitada. Asimismo, ya recibió una ayuda municipal por el mismo concepto hace pocos meses.",Sí,Sí,Sí,Sí,Sí,0
AES-2025-00216,Aicha Torres Iglesias,Mujer,Española,35,1,0,Empleo precario o parcial,Cedida o familiar,Suministros básicos,No,Ribera,Presencial,704,1.17,0,400,13,0,857,"Con mi sueldo no me da ni para empezar, es muy poco dinero. Me ha llegado un aviso de corte de luz, agua o gas por facturas impagadas y me da miedo quedarme sin nada.",Poner al día los recibos de la luz y el agua.,La persona solicitante trabaja con contrato a tiempo parcial. Se constata que cumple el plan de intervención social y acude a todas las citas.,No,Sí,Sí,Sí,Sí,0
AES-2025-00217,Pilar Molina García,Mujer,Española,42,6,3,Empleo precario o parcial,Cedida o familiar,Suministros básicos,No,La Vega,Sede electrónica,829,0.23,0,510,180,0,1280,"Somos muchos en casa y el dinero que entra no llega para todo. Me ha llegado un aviso de corte de luz, agua o gas por facturas impagadas y necesito ayuda urgente para no quedarme a oscuras.",Pagar los recibos de los suministros del hogar.,Se ha comprobado la unidad de convivencia compuesta por seis miembros. La persona solicitante presenta facturas pendientes de pago de los suministros básicos.,Sí,Sí,Sí,Sí,Sí,1
AES-2025-00218,Tomás Martín Torres,Hombre,Española,59,4,1,Empleo precario o parcial,Alquiler,Gastos sanitarios,No,Centro,Presencial,1187,0.49,648,400,220,0,0,En casa lo estamos pasando mal porque hay una enfermedad grave o crónica en la familia con gastos que la sanidad pública no cubre. Tenemos que pagar medicinas y tratamientos que son muy caros.,Cubrir gastos médicos no financiados por la sanidad pública.,La persona solicitante presenta una situación de sobreesfuerzo económico debido a los gastos de vivienda y el coste de tratamientos médicos familiares. Se ha verificado la documentación sanitaria aportada.,Sí,Sí,Sí,Sí,Sí,1
AES-2025-00219,Aicha Castillo Navarro,Mujer,Española,38,3,1,Desempleo sin prestación,Alquiler,Alimentación e higiene,Sí,Centro,Presencial,442,0.25,682,150,32,0,344,No tengo trabajo y lo que cobro no alcanza para pagar el alquiler de la casa. Me cuesta mucho llegar a fin de mes y comprar los alimentos básicos para mi hijo.,Compra de alimentos y productos de higiene básica.,La persona solicitante no cuenta con red de apoyo familiar ni social. Se confirma que cumple el plan de intervención social y acude a todas las citas.,Sí,Sí,Sí,Sí,Sí,1
AES-2025-00220,Wilson Cortés Pérez,Hombre,Española,64,3,0,Empleo precario o parcial,Hipoteca,Alquiler o hipoteca,No,Ribera,Presencial,657,0.36,540,770,204,1,0,Llevo tiempo intentando pagar la hipoteca pero con lo que saco de mi trabajo no me queda nada. Estoy en una situación límite y no tengo para comer después de pagar la letra de la casa.,Pago de la cuota hipotecaria del mes en curso.,La persona solicitante presenta una carga hipotecaria elevada en relación con sus ingresos mensuales. Se ha revisado la documentación de la vivienda y la situación laboral declarada.,Sí,Sí,Sí,Sí,Sí,0
AES-2025-00221,Aicha Fernández Jiménez,Mujer,Española,27,2,1,Empleo estable,Alquiler,Alimentación e higiene,Sí,Centro,Presencial,1680,1.4,808,240,101,1,0,La cosa está fatal porque crío sola a mis hijos sin apoyo del otro progenitor y no llego a fin de mes. Necesito ayuda para poder comprar comida y cosas básicas de aseo para casa.,Compra de alimentos y productos de higiene básica.,"La persona solicitante carece de red de apoyo familiar o social. Consta que no ha acudido a las citas del plan de intervención ni ha aportado la documentación requerida. Asimismo, se observa que ya recibió una ayuda municipal por el mismo concepto hace pocos meses.",Sí,Sí,No,Sí,Sí,0
AES-2025-00222,Mercedes Benali Gil,Mujer,Extracomunitaria,45,3,1,Desempleo sin prestación,Hipoteca,Alimentación e higiene,No,Las Eras,Sede electrónica,518,0.29,635,160,60,1,197,No tengo ingresos y me veo muy agobiada para dar de comer a los niños. Estoy intentando buscar algo de trabajo pero la situación es muy complicada.,Comprar comida para la familia.,La persona solicitante se encuentra en situación de desempleo sin prestación. Se constata una insuficiencia de recursos económicos en la unidad de convivencia para cubrir necesidades básicas de alimentación.,Sí,Sí,Sí,Sí,Sí,0
AES-2025-00223,Luis Vargas Gómez,Hombre,Extracomunitaria,35,3,0,Desempleo con prestación,Habitación realquilada,Alimentación e higiene,No,San Antón,Sede electrónica,883,0.49,192,250,18,3,274,He perdido el empleo hace pocos meses y no tengo otros ingresos estables. Estamos pasando por una mala racha y nos cuesta mucho pagar los gastos de comida.,Alimentación e higiene para el hogar.,La persona solicitante manifiesta encontrarse en situación de desempleo. Se verifica que el presupuesto o factura aportado no se corresponde con la necesidad descrita en la solicitud.,Sí,Sí,Sí,Sí,Sí,0
AES-2025-00224,Joaquín Delgado Castillo,Hombre,Extracomunitaria,43,5,2,Desempleo con prestación,Hipoteca,Alquiler o hipoteca,No,Las Eras,Presencial,970,0.32,492,750,105,0,0,Con lo que entra en casa no nos llega para pagar la hipoteca. Los gastos se nos han acumulado y tenemos mucho miedo de perder la vivienda.,Pago de la cuota hipotecaria.,La unidad de convivencia cuenta con ingresos limitados derivados de una prestación por desempleo. Se observa que el presupuesto o factura aportado no se corresponde con la necesidad descrita.,Sí,Sí,Sí,Sí,Sí,0
AES-2025-00225,Inés Rubio Ramos,Mujer,Española,53,3,2,Empleo precario o parcial,Cedida o familiar,Suministros básicos,Sí,Centro,Presencial,796,0.44,0,190,14,0,562,"Estoy muy agobiada porque me han mandado un aviso de que me van a cortar la luz pronto si no pago las facturas atrasadas. Yo me ocupo de mis hijos totalmente sola, no cuento con ninguna ayuda del padre, y con lo poco que saco trabajando no llego a todo.",Pago de las facturas de electricidad pendientes.,La persona solicitante convive con dos menores a su cargo. Se ha verificado la existencia de un aviso de interrupción del suministro eléctrico por impago. Consta en el expediente que la unidad de convivencia presenta una situación de discapacidad reconocida.,Sí,Sí,Sí,Sí,Sí,1
AES-2025-00226,Laura Rubio Rojas,Mujer,UE,52,2,0,Desempleo sin prestación,Alquiler,Suministros básicos,Sí,La Vega,Presencial,0,0.0,785,340,111,0,1180,"He perdido el empleo hace pocos meses y no tengo otros ingresos estables, estoy viviendo de lo que puedo. No puedo pagar los recibos de la luz y tengo mucho miedo de que me corten el suministro.",Pago de facturas de suministros básicos.,La persona solicitante se encuentra actualmente en situación de desempleo sin prestación. Cumple con el plan de intervención social y acude a todas las citas programadas con el equipo técnico.,Sí,Sí,Sí,Sí,Sí,1
AES-2025-00227,Khadija Navarro Iglesias,Mujer,Española,43,3,0,Desempleo con prestación,Cedida o familiar,Otros gastos,Sí,Las Eras,Sede electrónica,872,0.48,0,420,19,1,0,Estoy intentando salir adelante poco a poco con lo que cobro de paro. Necesito este dinero para organizar una celebración familiar.,Celebración de una fiesta familiar.,La persona solicitante cumple el plan de intervención social y acude a todas las citas. Se ha verificado que la necesidad expresada no corresponde a un gasto de carácter básico.,Sí,Sí,Sí,Sí,Sí,0
AES-2025-00228,Manuel Vargas Garrido,Hombre,Española,20,3,1,Desempleo con prestación,Alquiler,Alimentación e higiene,En trámite,Las Eras,Presencial,1334,0.74,646,420,63,1,324,Estamos pasando un momento regular porque los gastos del alquiler nos consumen casi todo el sueldo. Necesitamos un apoyo para poder hacer una compra de comida digna para el mes.,Compra de alimentos de primera necesidad.,Se ha entrevistado a la persona solicitante para valorar la situación socioeconómica de la unidad familiar. Los ingresos actuales se destinan en gran medida al pago del arrendamiento de la vivienda.,Sí,Sí,Sí,Sí,Sí,0
AES-2025-00229,Nadia Jiménez Vázquez,Mujer,Española,50,2,0,Empleo precario o parcial,Habitación realquilada,Gastos sanitarios,No,Ensanche,Presencial,1057,0.88,291,140,34,0,0,Tenemos una enfermedad grave o crónica en la familia con gastos que la sanidad pública no cubre y es mucho dinero para nosotros. A ver si me podéis echar una mano con esto.,Gastos médicos no cubiertos por la seguridad social.,La persona solicitante presenta una situación de salud compleja en el núcleo convivencial que requiere atención. Consta que no ha acudido a las citas del plan de intervención ni ha aportado la documentación requerida tras varios intentos de contacto.,Sí,Sí,Sí,Sí,Sí,0
AES-2025-00230,Youssef Sánchez Serrano,Hombre,Española,41,1,0,Incapacidad o dependencia,Hipoteca,Alimentación e higiene,Sí,La Vega,Sede electrónica,450,0.75,343,160,18,2,177,"Estoy cobrando muy poquito y no me llega para nada, vivo solo y todo el dinero se me va en la hipoteca. Me hace falta ayuda para poder comprar comida.",Compra de productos alimenticios.,La persona solicitante presenta una situación de precariedad económica derivada de la percepción de una pensión por incapacidad. Se analiza la capacidad de pago tras hacer frente a los gastos de vivienda.,Sí,Sí,Sí,Sí,Sí,1
AES-2025-00231,Juan Blanco El Amrani,Hombre,Extracomunitaria,42,5,4,Empleo estable,Sin hogar,Gastos sanitarios,No,Ensanche,Presencial,1198,0.4,0,180,39,2,0,"Estoy solo con mis hijos sacando todo adelante sin ayuda de nadie, es muy complicado. Tenemos una enfermedad grave en casa y nos gastamos mucho dinero en medicinas que no cubre la seguridad social.",Pago de gastos médicos y farmacológicos necesarios.,La persona solicitante refiere dificultades económicas derivadas de una patología crónica que requiere tratamiento no cubierto. Se constata la situación de monoparentalidad en la unidad de convivencia.,Sí,Sí,Sí,Sí,Sí,1
AES-2025-00232,Gloria El Amrani Sánchez,Mujer,Extracomunitaria,35,2,0,Empleo precario o parcial,Alquiler,Alquiler o hipoteca,En trámite,Centro,Sede electrónica,470,0.39,844,410,20,1,0,Me ha surgido este problema y no llego a pagar el alquiler este mes. Estoy trabajando pero el sueldo es muy poco y no me alcanza para todo.,Abono de la mensualidad del alquiler de la vivienda.,La persona solicitante presenta una situación de precariedad laboral con ingresos mensuales insuficientes para cubrir el gasto de vivienda. Se encuentra en trámite de acreditación de discapacidad.,Sí,Sí,Sí,Sí,Sí,0
AES-2025-00233,Raquel García Garrido,Mujer,Española,39,2,0,Empleo precario o parcial,Sin hogar,Alimentación e higiene,No,La Vega,Presencial,705,0.59,0,390,34,0,0,Ahora mismo estoy en una situación muy difícil y no tengo nada para comer. Necesito ayuda para poder comprar comida y cosas básicas de aseo.,Compra de alimentos y productos básicos de higiene.,Se observa que la persona solicitante carece de recursos económicos suficientes para satisfacer las necesidades básicas de alimentación e higiene. La unidad de convivencia se encuentra en situación de calle.,Sí,Sí,Sí,Sí,Sí,1
AES-2025-00234,Khadija Gómez Garrido,Mujer,Extracomunitaria,62,2,0,Desempleo sin prestación,Sin hogar,Alimentación e higiene,No,San Antón,Presencial,0,0.0,0,200,141,0,0,No tengo trabajo ni cobro ninguna ayuda y no tengo qué poner en la mesa. La situación se me ha vuelto insostenible y no sé qué más hacer.,Adquisición de alimentos y productos de primera necesidad.,La persona solicitante manifiesta carecer de ingresos económicos y de red de apoyo familiar ni social. Se constata situación de calle y falta de prestación por desempleo.,Sí,Sí,Sí,Sí,Sí,1
AES-2025-00235,María Marín Ruiz,Mujer,Española,27,4,2,Incapacidad o dependencia,Alquiler,Alquiler o hipoteca,Sí,Ribera,Sede electrónica,1271,0.53,465,540,25,0,0,"Tengo discapacidad y mis ingresos no me dan para pagar el alquiler de la casa. Con los niños a mi cargo y mis problemas de salud, no llego a fin de mes.",Cubrir parte del importe del alquiler mensual.,Se verifica el gasto elevado de vivienda en relación con los ingresos totales de la unidad de convivencia. La persona solicitante no cuenta con red de apoyo familiar ni social.,Sí,Sí,Sí,Sí,Sí,1
AES-2025-00236,Daniela Popescu Lozano,Mujer,Española,63,5,0,Incapacidad o dependencia,Alquiler,Alimentación e higiene,En trámite,La Vega,Presencial,452,0.15,847,380,55,2,0,En casa tenemos una enfermedad muy grave que nos sale cara porque hay cosas que no paga la seguridad social. Ya no sé de dónde sacar para la comida y los gastos básicos.,Alimentación y productos de higiene diaria.,La persona solicitante refiere gastos sanitarios derivados de una patología crónica familiar. Se observa que no ha acudido a las citas del plan de intervención ni ha aportado la documentación solicitada.,Sí,Sí,Sí,Sí,Sí,1
AES-2025-00237,Mercedes Delgado Blanco,Mujer,Española,37,1,0,Incapacidad o dependencia,Hipoteca,Alimentación e higiene,En trámite,Ensanche,Sede electrónica,631,1.05,562,440,37,0,242,Me han subido los gastos de la hipoteca y ahora mismo no tengo nada para comer. Estoy esperando a ver qué pasa con mi tema de la discapacidad.,Gastos de alimentación e higiene personal.,Los ingresos mensuales de la persona solicitante se encuentran comprometidos en gran medida por los costes hipotecarios. Se observa que no cuenta con red de apoyo familiar ni social.,Sí,Sí,Sí,Sí,Sí,1
AES-2025-00238,David Díaz Muñoz,Hombre,Extracomunitaria,22,1,0,Empleo estable,Alquiler,Alquiler o hipoteca,No,Ribera,Sede electrónica,744,1.24,831,1240,41,2,128,"Estoy pagando más de lo que gano y me veo muy apurado para pagar el piso. Estoy trabajando, pero mi sueldo no llega para todo el mes.",Pago de las mensualidades del alquiler.,"Se constata que el gasto de vivienda supera los ingresos mensuales totales. La persona solicitante no cuenta con red de apoyo familiar ni social, si bien cumple el plan de intervención social y acude a todas las citas.",Sí,Sí,Sí,No,Sí,0
AES-2025-00239,Teresa Ruiz Cabrera,Mujer,Española,52,1,0,Desempleo sin prestación,Alquiler,Alquiler o hipoteca,Sí,Ensanche,Presencial,0,0.0,394,310,13,0,0,No tengo ningún ingreso y se me acumulan las deudas del alquiler. Me encuentro en una situación muy complicada y necesito ayuda.,Abono de las cuotas de alquiler de la vivienda.,"La persona solicitante carece de ingresos y tiene reconocida la condición de discapacidad. Se deja constancia de que es víctima de violencia de género, con orden de protección.",Sí,Sí,Sí,Sí,Sí,1
AES-2025-00240,David El Amrani Torres,Hombre,Extracomunitaria,58,3,1,Incapacidad o dependencia,Habitación realquilada,Gastos sanitarios,Sí,Las Eras,Presencial,766,0.43,272,540,10,0,0,Tengo una enfermedad crónica grave y hay medicinas que me toca pagar a mí porque no las cubre el sistema. Es muy difícil mantener a mi familia así.,Gastos derivados de tratamiento sanitario.,La persona solicitante presenta una patología crónica que genera gastos sanitarios adicionales. No cuenta con red de apoyo familiar ni social y reside en habitación realquilada.,Sí,Sí,Sí,Sí,Sí,1
AES-2025-00241,Rosa Lozano Jiménez,Mujer,Española,50,4,1,Empleo precario o parcial,Alquiler,Suministros básicos,No,Centro,Sede electrónica,843,0.35,388,430,137,2,993,"La cosa está muy mal, apenas llego a fin de mes con lo poco que gano. Encima me ha llegado un aviso de corte de luz, agua o gas por facturas impagadas y no sé qué hacer.",Pagar las facturas de suministros básicos pendientes.,La unidad de convivencia presenta dificultades para cubrir los costes de suministros de la vivienda. Se ha verificado la documentación de deuda aportada por la persona solicitante.,Sí,Sí,Sí,Sí,Sí,0
AES-2025-00242,Raquel Benali Molina,Mujer,Española,62,1,0,Empleo estable,Alquiler,Alquiler o hipoteca,No,Ensanche,Presencial,853,1.42,505,510,21,0,0,"Aunque trabajo, el sueldo no me da para todo, la vida está por las nubes y el alquiler es muy caro. Pido esta ayuda porque estoy apurada y no quiero perder el piso.",Cubrir parte del pago del alquiler mensual.,"La persona solicitante mantiene un empleo, si bien los ingresos percibidos resultan insuficientes para hacer frente al coste de la vivienda. Se adjunta contrato de arrendamiento actualizado.",Sí,Sí,Sí,Sí,Sí,0
AES-2025-00243,Fátima Iglesias Gil,Mujer,Extracomunitaria,70,2,0,Pensionista,Cedida o familiar,Alimentación e higiene,No,San Antón,Sede electrónica,708,0.59,0,280,22,1,0,Con la pensión que me queda no llego a comprar ni la comida. Estamos pasando una racha muy complicada en casa y necesitamos ayuda.,Compra de productos de alimentación e higiene básica.,La unidad de convivencia carece de ingresos suficientes para cubrir necesidades alimentarias. La persona solicitante cumple el plan de intervención social y acude a todas las citas programadas.,Sí,Sí,Sí,Sí,Sí,0
AES-2025-00244,Raquel Fernández Castillo,Mujer,Española,58,5,2,Empleo precario o parcial,Habitación realquilada,Alimentación e higiene,No,San Antón,Presencial,549,0.18,317,370,87,1,0,Tengo que mantener a mis hijos y lo que gano con mis trabajillos es muy poco. No me alcanza para comer y necesito que me echen una mano.,Adquisición de alimentos.,"La familia se encuentra en situación de precariedad económica. En la visita se constatan ingresos no declarados, tales como trabajos sin contrato o ayuda de familiares.",Sí,Sí,Sí,Sí,Sí,1
AES-2025-00245,Aicha Jiménez Lozano,Mujer,Española,46,4,3,Desempleo sin prestación,Alquiler,Alquiler o hipoteca,En trámite,Ensanche,Sede electrónica,487,0.2,413,1340,115,0,0,Es muy difícil salir adelante porque soy una familia monoparental: cría sola a mis hijos sin apoyo del otro progenitor. No tengo trabajo y no tengo manera de pagar el alquiler sola.,Pago de mensualidades de alquiler atrasadas.,La persona solicitante se encuentra en situación de desempleo sin prestación. Se ha constatado la monoparentalidad y la falta de ingresos regulares para el mantenimiento de la vivienda.,Sí,Sí,Sí,Sí,Sí,1
AES-2025-00246,Fernando López Romero,Hombre,Extracomunitaria,64,3,0,Desempleo sin prestación,Habitación realquilada,Suministros básicos,No,Centro,Presencial,0,0.0,357,500,117,0,698,"He perdido el empleo hace pocos meses y no tengo otros ingresos estables. Me han mandado un aviso de corte de luz, agua o gas por facturas impagadas y estoy muy agobiado porque no tengo dinero.",Pago de facturas de suministros básicos.,La persona solicitante carece de ingresos y no cuenta con red de apoyo familiar ni social. Se observa el cese laboral reciente y la acumulación de deudas por suministros.,Sí,Sí,Sí,Sí,Sí,1
AES-2025-00247,Paula Garrido Rojas,Mujer,Española,50,6,4,Desempleo sin prestación,Cedida o familiar,Otros gastos,No,Las Eras,Presencial,54,0.01,0,370,63,1,0,,Gastos varios de primera necesidad para los menores.,"La persona solicitante ha perdido el empleo hace pocos meses y no tiene otros ingresos estables. Asimismo, cumple el plan de intervención social y acude a todas las citas.",Sí,Sí,Sí,Sí,Sí,0
AES-2025-00248,Valentina Vargas Martínez,Mujer,Española,43,1,0,Desempleo con prestación,Alquiler,Alimentación e higiene,Sí,Ensanche,Sede electrónica,511,0.85,594,360,189,1,0,"Tengo una discapacidad y los gastos son muchos, la prestación que recibo no me llega para cubrir el alquiler y la comida. Estoy sola y no sé cómo voy a seguir adelante.",Compra de alimentos y productos de higiene.,Se observa que la persona solicitante no cuenta con red de apoyo familiar ni social. Consta en el expediente que ya recibió una ayuda municipal por el mismo concepto hace pocos meses.,Sí,Sí,Sí,Sí,Sí,0
AES-2025-00249,Lucía Torres Moreno,Mujer,Extracomunitaria,28,5,1,Desempleo sin prestación,Alquiler,Alquiler o hipoteca,No,La Vega,Presencial,0,0.0,452,1140,13,0,0,No tengo ningún ingreso y somos muchos en casa. Me están reclamando el pago del alquiler y si no pago me voy a la calle con mis niños.,Pago de cuotas de alquiler.,La unidad de convivencia se encuentra en situación de desempleo sin prestación económica. Se ha verificado el riesgo de impago del alquiler según la documentación presentada.,Sí,Sí,Sí,Sí,Sí,1
AES-2025-00250,Isabel Mendoza Castro,Mujer,Española,46,4,1,Incapacidad o dependencia,Alquiler,Material escolar,Sí,La Vega,Presencial,622,0.26,836,140,196,0,0,Tenemos una situación muy complicada porque hay una enfermedad grave o crónica en la familia con gastos que la sanidad pública no cubre. Con mi incapacidad no me llega para pagar el piso y los libros de los niños.,Compra de material escolar.,La persona solicitante presenta una situación de vulnerabilidad agravada por motivos de salud. Se constata que no cuenta con red de apoyo familiar ni social.,Sí,Sí,Sí,Sí,Sí,1
AES-2025-00251,Wilson Ramos Castillo,Hombre,UE,29,4,2,Desempleo con prestación,Alquiler,Alimentación e higiene,Sí,Las Eras,Presencial,626,0.26,699,350,127,0,0,"La cosa está muy mal, con lo que entra en casa no nos llega ni para comprar lo básico para los niños y encima tengo mis problemas de salud. Me veo ahogado y no sé qué más hacer para tirar hacia adelante.",Comprar comida y productos de aseo para los niños.,La unidad de convivencia presenta un elevado nivel de precariedad económica. Se observa que la persona solicitante no cuenta con red de apoyo familiar ni social en el municipio.,No,Sí,Sí,Sí,Sí,1
AES-2025-00252,Francisco Pérez Ramos,Hombre,Española,57,5,0,Desempleo con prestación,Habitación realquilada,Otros gastos,No,Ribera,Sede electrónica,567,0.19,252,790,11,0,0,"Estoy en el paro y la verdad es que no me da para pagar el alquiler y comer, se me junta todo. Necesito un empujón para poder cubrir los gastos que tengo pendientes porque no llego a fin de mes ni de broma.",Pagar gastos acumulados del mes.,La persona solicitante se encuentra en situación de desempleo y reside en una habitación realquilada. Se ha verificado la documentación económica aportada y la carencia de recursos suficientes para hacer frente a los gastos corrientes.,Sí,Sí,Sí,Sí,Sí,1
AES-2025-00253,Óscar Torres López,Hombre,Española,19,2,1,Desempleo sin prestación,Alquiler,Suministros básicos,En trámite,Las Eras,Presencial,200,0.17,617,250,225,0,529,"Me han avisado de que me van a cortar la luz pronto porque no he podido pagar las facturas. Como me quedé sin curro hace unos meses y estoy yo sola con mi hijo sin que nadie me ayude, pues estoy desesperada.",Pagar los recibos de los suministros de la casa.,Se trata de una familia monoparental con escasos ingresos mensuales. La persona solicitante no cuenta con red de apoyo familiar ni social para el cuidado de los menores o ayuda económica.,Sí,Sí,Sí,Sí,Sí,1
AES-2025-00254,Andrés Garrido Molina,Hombre,Española,62,2,0,Desempleo sin prestación,Alquiler,Gastos sanitarios,No,San Antón,Sede electrónica,424,0.35,738,510,76,1,0,Tengo una enfermedad crónica que me obliga a comprar medicinas que la Seguridad Social no me paga y ya no tengo ni para eso. La situación es muy complicada y no tengo otros ahorros.,Comprar medicación necesaria para tratamiento crónico.,La persona solicitante presenta gastos derivados de una patología crónica que no están cubiertos por el sistema público de salud. Consta en el expediente que ya recibió una ayuda municipal por el mismo concepto hace pocos meses.,Sí,Sí,Sí,Sí,Sí,0
AES-2025-00255,Carmen Rodríguez Ruiz,Mujer,Española,79,2,0,Pensionista,Alquiler,Alimentación e higiene,No,Centro,Presencial,1123,0.94,811,370,93,1,0,"Con la pensión que me queda después de pagar el alquiler casi no me sobra para comer. Se me hace muy difícil llegar al día treinta, la verdad.",Poder hacer la compra de alimentos de primera necesidad.,La persona solicitante vive sola y destina una parte muy significativa de sus ingresos al pago del alquiler. Se constata que no cuenta con red de apoyo familiar ni social en la zona.,Sí,Sí,Sí,Sí,Sí,0
AES-2025-00256,David Muñoz Serrano,Hombre,Española,45,2,0,Desempleo sin prestación,Alquiler,Suministros básicos,No,San Antón,Sede electrónica,173,0.14,379,360,9,0,1143,"Me ha llegado una carta de que me van a cortar el agua y la luz si no pago ya. Estoy intentando buscar trabajo como loco, pero mientras tanto no tengo ni un euro para estos recibos.",Evitar el corte de los suministros básicos de la vivienda.,La persona solicitante se encuentra actualmente en situación de desempleo sin prestación. Se ha verificado el aviso de corte de los servicios básicos en la vivienda habitual.,Sí,Sí,Sí,Sí,Sí,1
AES-2025-00257,Jorge Garrido Vázquez,Hombre,Española,74,1,0,Pensionista,Alquiler,Alquiler o hipoteca,No,Ribera,Sede electrónica,662,1.1,692,1390,163,0,0,A mi edad y con lo poco que recibo no puedo pagar todo lo que me piden de alquiler. Me da miedo que me echen de casa porque no tengo a dónde ir.,Pagar los meses de alquiler atrasados.,La persona solicitante presenta una situación de sobreendeudamiento debido a que el gasto de vivienda supera sus ingresos mensuales. Se ha comprobado que no cuenta con red de apoyo familiar ni social.,Sí,Sí,Sí,Sí,Sí,0
AES-2025-00258,Inés Iglesias Torres,Mujer,Española,50,2,1,Desempleo con prestación,Habitación realquilada,Alquiler o hipoteca,No,Las Eras,Presencial,843,0.7,227,1020,13,1,0,"Desde que me quedé en el paro hace unos meses se me hace imposible pagar el alquiler de la habitación. Estoy sola criando a mi hija y no tengo ayuda de nadie más, así que se me junta todo.",Pagar el alquiler de la vivienda.,La unidad de convivencia es monoparental y los ingresos actuales derivan de la prestación por desempleo. Se observa una alta vulnerabilidad social debido a la falta de apoyo externo.,Sí,Sí,Sí,Sí,Sí,0
AES-2025-00259,Iván Ortega Rubio,Hombre,Extracomunitaria,84,2,0,Pensionista,Habitación realquilada,Suministros básicos,Sí,Las Eras,Presencial,883,0.74,289,390,23,1,621,,Cubrir las facturas de agua y luz.,"En la entrevista se ha realizado la valoración técnica habitual de la situación socioeconómica. En la visita se constatan ingresos no declarados, tales como trabajos sin contrato o ayuda económica de familiares.",Sí,Sí,Sí,Sí,Sí,0
AES-2025-00260,Raquel Benali Iglesias,Mujer,Española,63,1,0,Empleo estable,Alquiler,Suministros básicos,No,Centro,Sede electrónica,793,1.32,544,400,129,0,148,Trabajo pero el sueldo no me llega para pagar el alquiler y encima las facturas suben cada vez más. Necesito un poco de ayuda para poder estar al día con los pagos.,Pagar facturas de luz y agua.,"La persona solicitante cuenta con empleo estable, aunque sus ingresos son ajustados respecto a los gastos de vivienda. Se ha observado que el presupuesto o factura aportado no se corresponde con la necesidad descrita.",Sí,Sí,Sí,Sí,Sí,0
AES-2025-00261,Ana Navarro Iglesias,Mujer,Extracomunitaria,53,4,0,Desempleo sin prestación,Alquiler,Alimentación e higiene,No,Ribera,Sede electrónica,0,0.0,614,230,12,1,0,"Llevo tiempo sin encontrar trabajo y la situación en casa es muy complicada, no nos queda nada para comer. Necesitamos ayuda urgente porque la despensa está vacía y no podemos hacer frente a los gastos básicos.",Compra de alimentos y productos de higiene básica para la unidad familiar.,La persona solicitante se encuentra en situación de desempleo sin prestación. Se constata que cumple el plan de intervención social y acude a todas las citas programadas por este servicio.,Sí,Sí,Sí,Sí,Sí,0
AES-2025-00262,Iván Fernández López,Hombre,Extracomunitaria,33,2,0,Empleo precario o parcial,Habitación realquilada,Suministros básicos,No,Ensanche,Sede electrónica,816,0.68,263,450,25,1,228,Estoy trabajando pero es muy poco lo que gano y apenas me llega para pagar la habitación donde vivo. Me han subido los recibos de la luz y el agua y no puedo pagarlos este mes.,Pago de facturas de suministros básicos del hogar.,La unidad de convivencia presenta ingresos insuficientes para cubrir los gastos de vivienda y suministros. La persona solicitante manifiesta y se corrobora que no cuenta con red de apoyo familiar ni social en el municipio.,Sí,Sí,Sí,Sí,Sí,0
AES-2025-00263,Pedro Vázquez Ortega,Hombre,Extracomunitaria,37,4,0,Desempleo con prestación,Alquiler,Alimentación e higiene,Sí,Ribera,Presencial,881,0.37,838,190,21,0,0,Estamos pasando por un momento fatal porque los gastos de la casa se comen todo el dinero que entra. A duras penas llegamos a final de mes y necesitamos ayuda para poder comprar comida para todos.,Cubrir necesidades básicas de alimentación e higiene.,La unidad de convivencia presenta una situación de vulnerabilidad económica derivada de un elevado gasto en vivienda en relación con los ingresos percibidos. La persona solicitante acredita una discapacidad reconocida.,Sí,Sí,Sí,Sí,Sí,1
AES-2025-00264,Rafael Rodríguez Álvarez,Hombre,Extracomunitaria,29,2,1,Desempleo sin prestación,Habitación realquilada,Suministros básicos,No,Ensanche,Presencial,180,0.15,257,310,24,1,123,"No tengo trabajo y la situación es insostenible con una menor a cargo. Además, me ha llegado un aviso de corte de luz y agua por facturas impagadas y no sé qué hacer.",Pago de facturas de suministros impagados.,La unidad de convivencia se encuentra en situación de carencia de ingresos. Se ha verificado la existencia de deudas acumuladas en los suministros básicos de la vivienda.,Sí,Sí,Sí,Sí,Sí,1
AES-2025-00265,Sergio López Martín,Hombre,Española,23,2,0,Empleo precario o parcial,Hipoteca,Alimentación e higiene,No,Centro,Sede electrónica,1054,0.88,618,150,22,2,0,"Aunque trabajo algunas horas, el sueldo es muy poco y con la hipoteca se nos va casi todo. Necesitamos un poco de ayuda para poder hacer una compra de comida en condiciones.",Adquisición de productos de alimentación y droguería.,Se observa una carga financiera elevada por el pago de la hipoteca. La persona solicitante cumple el plan de intervención social y acude a todas las citas fijadas.,Sí,Sí,Sí,Sí,Sí,0
AES-2025-00266,Sara Castro Lozano,Mujer,Extracomunitaria,29,3,0,Incapacidad o dependencia,Alquiler,Gastos sanitarios,En trámite,Ribera,Presencial,498,0.28,449,160,184,2,0,Mi estado de salud me impide trabajar con normalidad y los gastos de las medicinas me están arruinando. No tengo manera de pagar el tratamiento que necesito para seguir adelante.,Pago de medicamentos y gastos sanitarios no cubiertos.,La unidad de convivencia presenta ingresos muy reducidos. La persona solicitante se encuentra con un proceso de reconocimiento de discapacidad en trámite.,Sí,Sí,Sí,Sí,Sí,0
AES-2025-00267,Iván Díaz Ortega,Hombre,Española,82,2,0,Pensionista,Alquiler,Gastos sanitarios,No,Centro,Sede electrónica,932,0.78,790,460,36,1,0,La pensión no da para cubrir todos los gastos que tenemos en casa. Tenemos una enfermedad grave o crónica en la familia con gastos que la sanidad pública no cubre y no podemos asumirlos.,Gastos médicos y farmacéuticos necesarios para el tratamiento de una enfermedad crónica.,La persona solicitante es pensionista y presenta un elevado coste de vivienda en relación con su pensión. Se aportan informes médicos que justifican la necesidad de los gastos solicitados.,Sí,Sí,Sí,Sí,Sí,1
AES-2025-00268,Daniela Cabrera Ortega,Mujer,Extracomunitaria,56,2,0,Empleo estable,Alquiler,Alimentación e higiene,No,Ensanche,Presencial,1007,0.84,629,260,134,0,0,"Aunque trabajo, la vida está muy cara y apenas me llega para el alquiler y los gastos de casa. Necesito un apoyo para poder llenar la nevera este mes.",Compra de alimentos de primera necesidad.,La persona solicitante carece de red de apoyo familiar ni social. Se observa que el presupuesto o factura aportado no se corresponde con la necesidad descrita en la solicitud.,Sí,Sí,Sí,Sí,Sí,0
AES-2025-00269,David Moreno Castro,Hombre,Española,54,1,0,Empleo precario o parcial,Alquiler,Suministros básicos,No,Las Eras,Sede electrónica,739,1.23,657,210,59,1,1134,"Estoy trabajando de forma parcial y lo poco que gano se va en el alquiler, así que me ha llegado un aviso de corte de luz, agua o gas por facturas impagadas y me veo en la calle.",Pago de recibos de suministros básicos.,La situación económica es de gran precariedad al ser los ingresos insuficientes para el coste del alquiler. Consta en el expediente que la persona solicitante ya recibió una ayuda municipal por el mismo concepto hace pocos meses.,Sí,Sí,Sí,Sí,Sí,0
AES-2025-00270,Carmen Molina Ortega,Mujer,Española,36,4,0,Empleo precario o parcial,Cedida o familiar,Alimentación e higiene,No,Ribera,Presencial,924,0.39,0,230,86,0,0,Estamos en una situación complicada porque no tenemos ingresos estables. Nos hace falta ayuda para la comida porque no tenemos capacidad de ahorro.,Compra de alimentación e higiene.,La unidad de convivencia no tiene gastos de vivienda al residir en una vivienda cedida. La persona solicitante cumple el plan de intervención social y acude a todas las citas establecidas.,Sí,Sí,Sí,Sí,Sí,0
AES-2025-00271,José El Amrani Marín,Hombre,Española,21,3,2,Empleo precario o parcial,Habitación realquilada,Alquiler o hipoteca,No,La Vega,Presencial,998,0.55,244,410,72,2,0,Estoy pasando una racha muy mala porque crío sola a mis hijos sin apoyo del otro progenitor. Apenas llego a final de mes con lo poco que gano y me cuesta pagar donde vivo.,Pago de mensualidades del alquiler.,La persona solicitante convive con dos menores de edad en una vivienda realquilada. Se constata la precariedad laboral actual y la escasa capacidad económica de la unidad familiar.,Sí,Sí,Sí,Sí,Sí,1
AES-2025-00272,Rubén Blanco Gómez,Hombre,Española,61,3,0,Desempleo con prestación,Hipoteca,Alquiler o hipoteca,No,Centro,Presencial,1049,0.58,314,1040,74,0,0,La cosa está muy fea porque he perdido el empleo hace pocos meses y no tengo otros ingresos estables. Me veo en una situación crítica para poder mantener mi casa.,Hacer frente a las cuotas hipotecarias pendientes.,Se observa la pérdida reciente del empleo y la dependencia de la prestación por desempleo. Los gastos de vivienda suponen una carga económica elevada sobre los ingresos mensuales.,Sí,Sí,Sí,Sí,Sí,1
AES-2025-00273,Mohamed Popescu Iglesias,Hombre,Española,58,4,0,Empleo precario o parcial,Sin hogar,Gastos sanitarios,Sí,Ribera,Sede electrónica,772,0.32,0,660,43,2,0,Necesito ayuda urgente para unos tratamientos médicos que me han recetado y no puedo costear. Mi situación es muy complicada y no sé cómo afrontar estos pagos.,Adquisición de productos sanitarios y medicación.,"La persona solicitante, que presenta una discapacidad reconocida, carece de red de apoyo familiar ni social. Se observa que cumple el plan de intervención social y acude a todas las citas programadas.",Sí,Sí,Sí,Sí,Sí,1
AES-2025-00274,Alberto Vargas Moreno,Hombre,Extracomunitaria,24,1,0,Empleo precario o parcial,Hipoteca,Alimentación e higiene,En trámite,Ensanche,Presencial,813,1.35,301,370,62,1,0,"Estoy trabajando pero no me llega para casi nada, apenas saco para cubrir lo básico del mes. Necesito un apoyo para poder comer y comprar las cosas necesarias de aseo.",Compra de alimentos y productos de higiene básica.,La persona solicitante reside sola y tiene un proceso de discapacidad en trámite. Se verifica una situación de insuficiencia de ingresos para cubrir las necesidades básicas de alimentación e higiene.,Sí,Sí,Sí,No,Sí,0
AES-2025-00275,Elena Sanz Díaz,Mujer,UE,24,3,2,Desempleo sin prestación,Alquiler,Otros gastos,No,Ensanche,Presencial,516,0.29,502,120,93,0,0,"Estoy sola con mis hijos y crío sola a mis hijos sin apoyo del otro progenitor, sin trabajo y sin cobrar nada. No tengo para cubrir los gastos mínimos del día a día.",Pago de suministros y necesidades básicas del hogar.,"La unidad familiar se encuentra en situación de desempleo sin prestación. La persona solicitante no cuenta con red de apoyo familiar ni social, aunque cumple el plan de intervención social y acude a todas las citas.",Sí,Sí,Sí,Sí,Sí,1
AES-2025-00276,Nerea Moreno Benali,Mujer,Española,67,2,0,Pensionista,Alquiler,Alimentación e higiene,No,La Vega,Presencial,632,0.53,615,120,99,0,184,Con la pensión que me queda después de pagar el alquiler no me sobra nada de dinero para comer. Es una situación muy angustiosa llegar al supermercado y no poder comprar lo mínimo.,Compra de alimentos de primera necesidad.,"La persona solicitante tiene ingresos limitados derivados de una pensión, siendo la mayor parte destinados al alquiler. No cuenta con red de apoyo familiar ni social y no ha acudido a las citas del plan de intervención ni ha aportado lo que se le pidió.",Sí,Sí,Sí,Sí,Sí,1
AES-2025-00277,Raquel Gil Fernández,Mujer,Española,50,4,0,Incapacidad o dependencia,Alquiler,Alimentación e higiene,Sí,Las Eras,Sede electrónica,539,0.22,369,390,194,0,0,Tengo una incapacidad y me cuesta mucho salir adelante con los gastos de la casa y la comida. Necesito que me echen una mano porque ya no sé de dónde quitar.,Ayuda para alimentación y productos de higiene.,La persona solicitante tiene reconocida una situación de discapacidad. Los ingresos mensuales son muy ajustados frente a los gastos derivados del alquiler de la vivienda.,Sí,Sí,Sí,Sí,Sí,1
AES-2025-00278,Ioana Ruiz Ortega,Mujer,Extracomunitaria,44,2,0,Empleo precario o parcial,Alquiler,Alquiler o hipoteca,No,Ensanche,Presencial,969,0.81,467,700,93,0,0,Trabajo en lo que sale pero es un sueldo muy bajo y los precios del alquiler suben mucho. Estoy pasando mucha ansiedad por no poder pagar la casa donde vivo.,Pago de mensualidades atrasadas del alquiler.,La unidad de convivencia presenta ingresos precarios que dificultan la cobertura de los gastos de vivienda. Se constata la falta de estabilidad laboral en la unidad familiar.,Sí,Sí,Sí,Sí,Sí,1
AES-2025-00279,Khadija Navarro Castillo,Mujer,UE,61,2,0,Empleo precario o parcial,Alquiler,Alquiler o hipoteca,No,La Vega,Sede electrónica,1181,0.98,610,1120,30,0,0,Estoy desesperada porque tiene abierto un procedimiento de desahucio por impago de la vivienda y no tengo a dónde ir. Necesito ayuda para cubrir la deuda y que no me echen a la calle.,Cancelación de deuda de alquiler para evitar el desahucio.,La unidad de convivencia se encuentra en una situación de vulnerabilidad extrema por riesgo de pérdida de la vivienda habitual. Se ha verificado la documentación relativa al procedimiento judicial en curso.,Sí,Sí,Sí,Sí,Sí,1
AES-2025-00280,Andrea Medina Medina,Mujer,Española,28,1,0,Empleo precario o parcial,Alquiler,Gastos sanitarios,No,Centro,Sede electrónica,575,0.96,551,260,8,1,0,Me ha surgido un problema de salud serio y hay una enfermedad grave o crónica en la familia con gastos que la sanidad pública no cubre. No tengo recursos para comprar todo lo que necesito para mi tratamiento.,Pago de medicación y tratamientos sanitarios no cubiertos.,La persona solicitante manifiesta dificultades económicas derivadas de gastos médicos. Se ha comprobado la insuficiencia de ingresos tras el abono de los gastos ordinarios de vivienda.,Sí,Sí,Sí,Sí,Sí,0
AES-2025-00281,Pilar Ruiz Molina,Mujer,Española,36,3,2,Empleo estable,Cedida o familiar,Gastos sanitarios,No,Las Eras,Presencial,1520,0.84,0,300,16,0,0,"La verdad es que no doy a basto, me toca sacar a mis hijos adelante yo sola porque el otro progenitor no se hace cargo de nada. Además, tenemos un problema médico grave en la familia y los tratamientos que necesito me salen por un ojo de la cara y no los cubre la seguridad social.",Pago de los tratamientos médicos necesarios.,"La persona solicitante no ha acudido a las citas programadas dentro del plan de intervención establecido. Asimismo, no ha aportado la documentación técnica requerida para la valoración del expediente.",Sí,Sí,Sí,Sí,Sí,1
AES-2025-00282,Carlos Ortega Gil,Hombre,Española,53,1,0,Empleo precario o parcial,Alquiler,Alquiler o hipoteca,No,Ensanche,Presencial,759,1.26,540,1340,64,1,347,Estoy desesperado porque me han abierto un procedimiento de desahucio y no tengo donde ir. La cosa está muy mal y no me llega para pagar el alquiler.,Pagar las mensualidades de alquiler atrasadas.,Existe una fecha de lanzamiento fijada por el juzgado para el próximo mes. En la visita domiciliaria se han constatado ingresos no declarados provenientes de trabajos sin contrato. La persona solicitante no ha acudido a las citas del plan de intervención ni ha aportado la documentación solicitada.,Sí,Sí,Sí,Sí,Sí,0
AES-2025-00283,Carmen Mendoza Lozano,Mujer,Extracomunitaria,34,6,2,Desempleo sin prestación,Hipoteca,Alquiler o hipoteca,No,Centro,Presencial,591,0.16,663,550,2,1,0,"No tenemos apenas para comer, la hipoteca nos ahoga y ya no sé de donde sacar el dinero para llegar a fin de mes. Estamos en una situación límite.",Cubrir parte de la cuota hipotecaria.,La persona solicitante se encuentra en situación de desempleo sin prestación. La unidad de convivencia presenta un desequilibrio entre los ingresos mensuales y los gastos de vivienda.,Sí,Sí,Sí,Sí,Sí,1
AES-2025-00284,Miguel Mendoza Lozano,Hombre,Española,38,5,4,Incapacidad o dependencia,Alquiler,Alquiler o hipoteca,Sí,La Vega,Presencial,996,0.33,366,510,240,0,321,Me veo muy apurado con los gastos de la casa porque soy yo solo quien cría a los cuatro menores sin ayuda del otro progenitor. Con la incapacidad que tengo me cuesta muchísimo salir adelante con todos.,Pagar las cuotas de la hipoteca.,Se trata de una unidad familiar numerosa con cuatro menores a cargo. La persona solicitante presenta una situación de incapacidad reconocida que limita sus ingresos.,Sí,Sí,Sí,Sí,Sí,1
AES-2025-00285,Gloria Marín Sanz,Mujer,Española,42,3,2,Incapacidad o dependencia,Habitación realquilada,Alquiler o hipoteca,En trámite,Ensanche,Sede electrónica,971,0.54,340,450,36,0,0,"Tengo un procedimiento de desahucio abierto por impago y me da miedo quedarme en la calle con los niños. Además, en casa tenemos una enfermedad grave que nos obliga a comprar cosas que no nos paga la sanidad pública.",Hacer frente al pago del realquiler de la habitación.,La persona solicitante cumple rigurosamente con el plan de intervención social. Se constata la asistencia puntual a todas las citas programadas por este servicio.,Sí,Sí,Sí,Sí,Sí,1
AES-2025-00286,Dolores García Garrido,Mujer,Española,45,5,1,Desempleo sin prestación,Habitación realquilada,Suministros básicos,No,La Vega,Presencial,0,0.0,300,340,9,1,919,Hace pocos meses que me quedé sin trabajo y ahora mismo no tengo ningún ingreso para ir tirando. Estoy intentando buscar algo pero de momento no sale nada y necesito pagar la luz y el agua.,Pagar las facturas de suministros básicos.,La persona solicitante ha perdido su empleo recientemente y carece de ingresos estables en la actualidad. Se encuentra residiendo en una habitación realquilada con otros miembros de la unidad familiar.,Sí,Sí,Sí,Sí,Sí,1
AES-2025-00287,Khadija Muñoz Ortega,Mujer,Española,21,3,0,Empleo precario o parcial,Hipoteca,Alquiler o hipoteca,No,La Vega,Presencial,789,0.44,360,530,18,0,0,Con el trabajo parcial que tengo no me llega para cubrir la hipoteca y los gastos de la casa. Intento organizarme pero me es imposible llegar a todo.,Abono de la cuota de la hipoteca.,"La persona solicitante se muestra colaboradora y acude a todas las citas programadas. Se realiza seguimiento periódico del plan de intervención social, el cual se está cumpliendo adecuadamente.",No,Sí,Sí,Sí,Sí,0
AES-2025-00288,Aicha Molina González,Mujer,Española,38,1,0,Desempleo sin prestación,Alquiler,Alimentación e higiene,En trámite,Ribera,Presencial,0,0.0,666,340,184,1,0,"Estoy en el paro y no cobro ninguna ayuda, así que se me hace imposible comprar comida o productos básicos. Estoy muy agobiada porque no tengo ningún apoyo en el que respaldarme.",Compra de alimentos y productos de higiene.,La persona solicitante carece de red de apoyo familiar o social. Se verifica el cumplimiento del plan de intervención y la asistencia a todas las citas. Se observa que hace pocos meses recibió otra ayuda municipal por el mismo concepto.,Sí,Sí,Sí,Sí,Sí,1
AES-2025-00289,Emilio Sanz Álvarez,Hombre,Española,28,2,1,Empleo precario o parcial,Habitación realquilada,Otros gastos,No,Centro,Sede electrónica,592,0.49,193,180,73,0,0,"Es muy difícil tirar de todo yo solo, porque el otro progenitor no me ayuda con el menor. Entre el sueldo que saco y lo que pago de la habitación casi no me queda para vivir.",Gastos básicos de manutención.,Se trata de una unidad familiar monoparental con un menor a cargo. La persona solicitante mantiene un empleo precario que dificulta la cobertura de las necesidades básicas.,Sí,Sí,Sí,Sí,Sí,1
AES-2025-00290,Ramón López Sánchez,Hombre,Extracomunitaria,43,4,0,Empleo precario o parcial,Cedida o familiar,Alimentación e higiene,No,Centro,Presencial,1413,0.59,0,280,90,0,0,"Tenemos problemas para llegar a fin de mes con la compra del supermercado. Aunque trabajo, el sueldo es poco y con lo que somos en casa no nos alcanza.",Compra de productos de alimentación.,La unidad de convivencia está formada por cuatro personas adultas. El solicitante presenta un empleo de carácter precario que genera ingresos insuficientes para el sostenimiento del grupo familiar.,Sí,Sí,Sí,Sí,Sí,0
AES-2025-00291,Paula Rodríguez Vázquez,Mujer,Española,29,2,0,Incapacidad o dependencia,Alquiler,Alimentación e higiene,En trámite,Ribera,Presencial,876,0.73,649,390,18,0,0,"Necesito ayuda porque tengo abierto un procedimiento de desahucio por impago de la vivienda y me veo en la calle. Además, hay una enfermedad grave o crónica en la familia con gastos que la sanidad pública no cubre y no llego a todo.",Para poder comprar comida y productos de higiene básicos.,La persona solicitante presenta una situación de vulnerabilidad extrema. Se observa que no cuenta con red de apoyo familiar ni social para afrontar los gastos sobrevenidos.,Sí,Sí,Sí,Sí,Sí,1
AES-2025-00292,Teresa Ruiz Mendoza,Mujer,Española,59,4,1,Desempleo sin prestación,Cedida o familiar,Material escolar,No,Ribera,Sede electrónica,754,0.31,0,140,53,1,0,"Estoy en paro y sin cobrar nada, la situación en casa es muy complicada y no tengo para los libros de los niños. A ver si nos pueden echar una mano con esto.",Comprar el material escolar que piden en el colegio.,La persona solicitante cumple el plan de intervención social y acude a todas las citas programadas. Consta en el expediente que ya recibió una ayuda municipal por el mismo concepto hace pocos meses.,Sí,Sí,Sí,Sí,Sí,0
AES-2025-00293,Gloria Lozano Benali,Mujer,Española,46,2,0,Desempleo sin prestación,Cedida o familiar,Otros gastos,Sí,Ensanche,Presencial,0,0.0,0,480,116,0,0,Me quedé sin trabajo hace pocos meses y ahora no tengo otros ingresos estables para tirar adelante. Estoy desesperada y necesito este dinero para salir adelante.,Quiero el dinero para irme de viaje y cambiar de aires.,La persona solicitante se encuentra en situación de desempleo reciente. Carece de rentas estables en la unidad de convivencia.,Sí,Sí,Sí,Sí,Sí,0
AES-2025-00294,Andrea Mendoza Lozano,Mujer,Extracomunitaria,68,2,0,Pensionista,Hipoteca,Otros gastos,No,Centro,Sede electrónica,1119,0.93,549,970,106,0,0,Con la pensión que cobro no me alcanza para pagar la hipoteca y los gastos de la casa todos los meses. Me veo muy apurada para llegar a fin de mes.,Pagar gastos de la vivienda y gastos personales.,La persona solicitante cumple el plan de intervención social y acude a todas las citas marcadas.,Sí,Sí,Sí,Sí,Sí,0
AES-2025-00295,Yolanda Serrano Torres,Mujer,Española,31,1,0,Empleo estable,Alquiler,Suministros básicos,No,San Antón,Presencial,650,1.08,810,380,10,1,120,"Aunque trabajo, mi sueldo no llega para pagar todo el alquiler y además los recibos de la luz y el agua. Estoy trabajando pero no me queda nada para vivir.",Pagar las facturas de suministros básicos.,La persona solicitante aporta documentación acreditativa de sus ingresos laborales y gastos de vivienda. Se constata un desequilibrio entre los ingresos mensuales y el coste de la vivienda.,Sí,Sí,Sí,Sí,Sí,0
AES-2025-00296,Gloria Benali Ortega,Mujer,Extracomunitaria,55,2,0,Incapacidad o dependencia,Alquiler,Alimentación e higiene,Sí,Ribera,Sede electrónica,896,0.75,704,340,180,1,0,Tengo reconocida una incapacidad y me cuesta mucho cubrir lo básico para mi casa. La situación es muy difícil y no me queda dinero para comida.,Comprar alimentos y productos de higiene.,"En la visita se constatan ingresos no declarados, derivados de trabajos sin contrato y ayuda de familiares. La persona solicitante ya recibió una ayuda municipal por el mismo concepto hace pocos meses.",Sí,Sí,Sí,Sí,Sí,0
AES-2025-00297,Sara López El Amrani,Mujer,Extracomunitaria,30,1,0,Empleo estable,Alquiler,Suministros básicos,Sí,Centro,Presencial,1008,1.68,504,160,181,0,188,"Me ha llegado un aviso de corte de luz, agua o gas por facturas impagadas y no sé qué hacer. Estoy muy preocupada por quedarme sin suministros.",Pagar las facturas de los suministros pendientes.,La persona solicitante no ha acudido a las citas del plan de intervención ni ha aportado la documentación que se le solicitó inicialmente.,Sí,Sí,Sí,Sí,Sí,0
AES-2025-00298,Sergio Romero Cortés,Hombre,Española,39,2,1,Empleo precario o parcial,Cedida o familiar,Suministros básicos,Sí,Ribera,Presencial,838,0.7,0,430,14,0,784,Tengo un contrato parcial y apenas gano para ir tirando. Necesito ayuda para poder pagar los recibos del hogar.,Pagar las facturas de suministros básicos.,El presupuesto o factura aportado por la persona solicitante no se corresponde con la necesidad descrita en la solicitud.,Sí,Sí,Sí,Sí,Sí,0
AES-2025-00299,Carlos Sánchez Gómez,Hombre,UE,58,1,0,Desempleo sin prestación,Cedida o familiar,Gastos sanitarios,No,San Antón,Sede electrónica,0,0.0,0,880,62,0,0,"No tengo trabajo ni ninguna prestación, así que me resulta imposible pagar los tratamientos médicos que necesito. Por favor, necesito apoyo económico.",Pagar gastos sanitarios.,"En la visita se constatan ingresos no declarados, tales como trabajos sin contrato o ayuda de familiares que no figuran en la documentación aportada.",Sí,Sí,Sí,Sí,Sí,1
AES-2025-00300,Isabel Delgado González,Mujer,Extracomunitaria,30,5,2,Desempleo sin prestación,Alquiler,Material escolar,En trámite,San Antón,Sede electrónica,228,0.08,835,90,28,0,0,He perdido el empleo hace pocos meses y no tengo otros ingresos estables para mantener a mis hijos. No puedo comprarles el material que necesitan para el colegio.,Material escolar para los menores.,La persona solicitante cumple el plan de intervención social y acude a todas las citas programadas.,Sí,Sí,Sí,Sí,Sí,1
AES-2025-00301,Nadia Ramos Vargas,Mujer,Extracomunitaria,59,4,2,Desempleo sin prestación,Cedida o familiar,Alimentación e higiene,Sí,Centro,Sede electrónica,406,0.17,0,160,117,1,0,"La cosa está fatal y no tengo ni para lo básico. Como no tengo trabajo ni cobro nada, se me hace muy difícil comprar comida para los niños.",Necesito ayuda para comprar comida y productos de aseo.,La persona solicitante se encuentra en situación de desempleo sin percepción de ingresos. Mantiene una actitud colaboradora y cumple el plan de intervención social y acude a todas las citas.,Sí,Sí,Sí,Sí,Sí,1
AES-2025-00302,María Fernández Hernández,Mujer,Española,61,2,0,Empleo estable,Alquiler,Alquiler o hipoteca,No,Las Eras,Presencial,1620,1.35,474,1380,55,1,0,Tengo un trabajo pero no me llega para pagar el alquiler y todos los gastos que tengo. Estoy muy agobiada y no sé qué hacer.,Pagar el alquiler de mi vivienda.,La persona solicitante convive en una unidad familiar con ingresos estables por cuenta ajena. No cuenta con red de apoyo familiar ni social. Se observa que el presupuesto o factura aportado no se corresponde con la necesidad descrita.,Sí,Sí,Sí,Sí,Sí,0
AES-2025-00303,Yolanda Benali Hernández,Mujer,Española,40,3,2,Desempleo con prestación,Alquiler,Alimentación e higiene,No,Centro,Sede electrónica,572,0.32,609,420,70,0,0,"Hace pocos meses que perdí el empleo y no tengo otros ingresos estables. Es muy duro ser una familia monoparental, crío sola a mis hijos sin apoyo del otro progenitor.",Para poder hacer la compra del supermercado.,La persona solicitante se encuentra en situación de desempleo. Se verifica la composición familiar de carácter monoparental.,Sí,Sí,Sí,Sí,Sí,1
AES-2025-00304,Elena Sanz López,Mujer,Española,58,1,0,Empleo precario o parcial,Sin hogar,Otros gastos,No,Ribera,Sede electrónica,604,1.01,0,1140,17,0,169,Trabajo a ratos pero las cosas están muy caras. Me hace falta un empujón para poder salir adelante ahora mismo.,Pagar un viaje de vacaciones.,La persona solicitante presenta una situación laboral de precariedad. Se encuentra actualmente sin hogar.,Sí,Sí,Sí,Sí,Sí,0
AES-2025-00305,Miguel Ramos Benali,Hombre,Española,32,1,0,Empleo precario o parcial,Alquiler,Alquiler o hipoteca,No,Ensanche,Sede electrónica,731,1.22,720,1350,94,2,0,El sueldo no me da para pagar el piso y comer. Estoy trabajando pero el contrato es parcial y gano muy poco.,Pagar las mensualidades del alquiler.,La persona solicitante reside en régimen de alquiler con ingresos derivados de un empleo precario. No cuenta con red de apoyo familiar ni social.,Sí,Sí,Sí,Sí,Sí,0
AES-2025-00306,Fátima Ramos Delgado,Mujer,Extracomunitaria,53,4,0,Desempleo sin prestación,Alquiler,Alquiler o hipoteca,No,Las Eras,Presencial,0,0.0,630,1200,71,1,0,No tengo ingresos de ningún tipo ahora mismo. Estamos en una situación muy angustiosa porque no podemos pagar el alquiler.,Hacer frente a la deuda del alquiler.,"La persona solicitante se encuentra en situación de desempleo sin prestación. Muestra compromiso en el seguimiento, cumple el plan de intervención social y acude a todas las citas.",No,Sí,Sí,Sí,Sí,1
AES-2025-00307,Francisco Moreno Benali,Hombre,Extracomunitaria,64,5,0,Desempleo con prestación,Alquiler,Alquiler o hipoteca,No,Ensanche,Presencial,1015,0.34,831,660,8,0,0,Somos muchos en casa y aunque cobro algo de paro no nos llega para cubrir los gastos mínimos de la vivienda. La situación es desesperada.,Cubrir las cuotas de la hipoteca.,"La persona solicitante percibe prestación por desempleo. Mantiene una asistencia regular, cumple el plan de intervención social y acude a todas las citas.",Sí,Sí,Sí,Sí,Sí,1
AES-2025-00308,Nerea Medina Díaz,Mujer,Extracomunitaria,23,4,3,Empleo precario o parcial,Sin hogar,Alimentación e higiene,No,San Antón,Sede electrónica,506,0.21,0,430,18,0,0,Tengo tres niños y estamos viviendo de prestado porque no tengo trabajo fijo. Necesito ayuda para que puedan comer bien.,Compra de alimentos y productos básicos de higiene.,La persona solicitante presenta situación de precariedad laboral. Se encuentra actualmente sin hogar junto a su unidad de convivencia.,Sí,Sí,Sí,Sí,Sí,1
AES-2025-00309,Marta Quispe Gil,Mujer,Extracomunitaria,58,4,3,Empleo precario o parcial,Habitación realquilada,Alimentación e higiene,No,La Vega,Presencial,712,0.3,269,100,93,0,0,"Soy una familia monoparental, crío sola a mis hijos sin apoyo del otro progenitor. Apenas gano dinero con el trabajo parcial y nos hace falta comida.",Para comprar productos básicos de alimentación e higiene.,"La persona solicitante reside en una habitación realquilada. Presenta actitud positiva, cumple el plan de intervención social y acude a todas las citas.",Sí,Sí,Sí,Sí,Sí,1
AES-2025-00310,Valentina Cortés Lozano,Mujer,Española,30,4,2,Desempleo sin prestación,Habitación realquilada,Alquiler o hipoteca,Sí,Centro,Presencial,0,0.0,329,750,11,0,0,He perdido el empleo hace pocos meses y no tengo otros ingresos estables. Me veo en la calle porque tengo abierto un procedimiento de desahucio por impago de la vivienda.,Para pagar las deudas del alquiler y evitar el desalojo.,"La persona solicitante se encuentra en situación de desempleo sin prestación. Se informa que ya hay fecha de lanzamiento fijada por el juzgado. Muestra compromiso con el proceso, cumple el plan de intervención social y acude a todas las citas.",Sí,Sí,Sí,Sí,Sí,1
AES-2025-00311,Mercedes Delgado Mendoza,Mujer,Española,20,2,0,Desempleo sin prestación,Alquiler,Alimentación e higiene,No,Ribera,Presencial,0,0.0,412,390,24,0,256,Me quedé sin curro hace unos meses y la cosa está muy mal porque no tengo ni un duro que entre en casa. No me ha quedado otra que pedir ayuda porque no tengo otros ingresos para poder comer.,Comprar comida y productos de aseo personal.,"La persona solicitante carece de ingresos estables tras finalizar su última relación laboral. Durante la entrevista, se constata la existencia de ingresos no declarados mediante la realización de trabajos sin contrato y el apoyo económico puntual de familiares.",Sí,Sí,Sí,Sí,Sí,1
AES-2025-00312,Aicha El Amrani Cortés,Mujer,Española,64,1,0,Empleo estable,Cedida o familiar,Alimentación e higiene,No,Las Eras,Presencial,573,0.95,0,360,42,2,0,"Con mi sueldo no llego a fin de mes y la subida de los precios me tiene agobiada. No quiero pedir ayuda, pero no me queda otra opción.",Necesito ayuda para comprar alimentos.,La persona solicitante percibe unos ingresos mensuales de 573 euros. Se observa un gasto elevado en alimentación en relación con los ingresos totales del hogar.,Sí,Sí,Sí,Sí,Sí,0
AES-2025-00313,Marta Domínguez González,Mujer,Española,33,5,0,Empleo precario o parcial,Alquiler,Otros gastos,No,La Vega,Presencial,1328,0.44,431,950,99,2,0,"La situación económica en casa está muy ajustada, somos muchos y los gastos de alquiler se llevan casi todo. Necesitamos un apoyo para poder salir adelante este mes.",Para financiar la compra de un teléfono móvil nuevo.,La unidad de convivencia está formada por cinco miembros. La persona solicitante manifiesta que los ingresos totales ascienden a 1328 euros mensuales.,Sí,Sí,Sí,Sí,Sí,0
AES-2025-00314,Paula Mendoza Castro,Mujer,Extracomunitaria,72,2,0,Pensionista,Cedida o familiar,Suministros básicos,En trámite,Ensanche,Sede electrónica,627,0.52,0,110,76,1,461,Me ha llegado una carta diciendo que me van a cortar el suministro porque no he podido pagar los últimos recibos. Estoy muy preocupada porque no tengo dinero y me da miedo quedarme sin nada.,Pagar las facturas de suministros que tengo pendientes.,La persona solicitante presenta aviso de corte por el impago de suministros básicos. En la visita domiciliaria se constatan ingresos no declarados provenientes de ayuda de familiares y actividades no regularizadas.,Sí,Sí,Sí,Sí,Sí,0
AES-2025-00315,Daniela Martínez Martín,Mujer,Extracomunitaria,52,2,0,Desempleo con prestación,Cedida o familiar,Gastos sanitarios,No,Ensanche,Sede electrónica,524,0.44,0,270,36,1,0,En casa tenemos un familiar con una enfermedad crónica muy grave y los medicamentos y terapias nos cuestan un dineral que la seguridad social no cubre. Estamos agotando todos nuestros ahorros.,Cubrir gastos médicos no financiados por el sistema público.,La persona solicitante se encuentra en situación de desempleo. Se observa que no cuenta con ninguna red de apoyo familiar ni social en el municipio.,Sí,Sí,Sí,Sí,Sí,1
AES-2025-00316,Manuel Vázquez Domínguez,Hombre,Extracomunitaria,51,1,0,Empleo precario o parcial,Habitación realquilada,Suministros básicos,No,La Vega,Presencial,587,0.98,314,130,195,0,838,No tengo forma de pagar el recibo del gas y me han mandado una carta avisando de que me lo cortan esta semana. Estoy viviendo al día con lo poco que saco del trabajo parcial.,Pagar el suministro de gas.,"La persona solicitante reside en una habitación realquilada. No cuenta con red de apoyo familiar o social, aunque cumple rigurosamente con el plan de intervención social y acude a todas las citas programadas.",Sí,Sí,Sí,Sí,Sí,1
AES-2025-00317,Sergio Castillo Moreno,Hombre,Española,87,2,0,Pensionista,Alquiler,Alimentación e higiene,En trámite,Ensanche,Sede electrónica,647,0.54,663,210,13,0,0,"La pensión no me da ni para pagar el alquiler de donde vivo, ya que es más alta que lo que cobro. Apenas puedo comer y estoy muy preocupado.",Ayuda para comprar alimentos básicos.,La persona solicitante convive con otro miembro. En la visita se constatan ingresos no declarados provenientes de trabajos sin contrato.,Sí,Sí,Sí,Sí,Sí,0
AES-2025-00318,Carlos Fuentes Ruiz,Hombre,Española,29,2,0,Desempleo sin prestación,Alquiler,Alimentación e higiene,No,Las Eras,Sede electrónica,0,0.0,748,120,105,1,0,"He perdido el trabajo hace pocos meses y la verdad es que me veo negro para comer, no tengo ningún otro ingreso estable ahora mismo. Estoy buscando empleo activamente.",Compra de alimentos de primera necesidad.,La persona solicitante reside en una vivienda de alquiler. Se observa que cumple con el plan de intervención social establecido y acude a todas las citas.,Sí,Sí,Sí,Sí,Sí,1
AES-2025-00319,Ana Ruiz Mendoza,Mujer,Española,70,2,0,Pensionista,Cedida o familiar,Alimentación e higiene,No,La Vega,Presencial,593,0.49,0,390,91,0,0,Las cosas están muy caras y mi pensión no sube al ritmo de los precios. Necesito un poco de ayuda para poder hacer la compra del mes.,Compra de artículos de alimentación y aseo.,La persona solicitante reside en vivienda familiar cedida. Se constata que cumple con el plan de intervención social y acude a todas las citas programadas.,Sí,Sí,Sí,Sí,Sí,1
AES-2025-00320,Elena Rodríguez Vázquez,Mujer,Española,22,6,4,Desempleo con prestación,Hipoteca,Suministros básicos,No,Ensanche,Presencial,732,0.2,694,320,129,0,1197,"Tengo abierto un procedimiento de desahucio por no poder pagar la hipoteca y, por si fuera poco, nos han enviado un aviso de corte de agua y luz. No sabemos qué hacer ya.",Pagar las facturas de suministros básicos.,La persona solicitante tiene a su cargo a cuatro menores. Se verifica que cumple el plan de intervención social y acude puntualmente a todas las citas.,Sí,Sí,Sí,Sí,Sí,1
AES-2025-00321,Isabel Vázquez Muñoz,Mujer,Extracomunitaria,61,2,0,Empleo precario o parcial,Alquiler,Alquiler o hipoteca,Sí,La Vega,Presencial,1120,0.93,637,540,10,1,396,"La situación se me ha puesto muy difícil últimamente y no me llega el dinero para cubrir lo básico del piso. Con mi discapacidad y lo poco que saco trabajando, no me da para pagar todo lo que debo del alquiler.",Pago de mensualidades del alquiler de la vivienda habitual.,La persona solicitante presenta una situación de vulnerabilidad económica derivada de la insuficiencia de ingresos para cubrir los costes de vivienda. Se ha verificado la documentación justificativa de los gastos y los ingresos declarados.,Sí,Sí,Sí,Sí,Sí,0
AES-2025-00322,Inés Rojas Pérez,Mujer,Española,62,2,0,Desempleo sin prestación,Hipoteca,Alquiler o hipoteca,No,Ribera,Presencial,0,0.0,316,1090,68,0,0,Me quedé sin trabajo hace pocos meses y la verdad es que no tengo otros ingresos estables para ir tirando. Necesito ayuda con la hipoteca porque no puedo pagar las cuotas y me veo ahogada.,Pago de recibos pendientes de la hipoteca.,La persona solicitante se encuentra en situación de desempleo sin cobertura económica. Se observa que no cuenta con red de apoyo familiar ni social en el municipio para hacer frente a los pagos.,Sí,Sí,Sí,Sí,Sí,1
AES-2025-00323,Khadija Hernández Castro,Mujer,Española,42,4,0,Desempleo sin prestación,Alquiler,Gastos sanitarios,En trámite,Ensanche,Presencial,801,0.33,667,140,8,0,0,"Hace pocos meses que perdí el empleo y no tengo otros ingresos estables para salir adelante. Además, tenemos una enfermedad grave o crónica en la familia con gastos que la sanidad pública no cubre y no llegamos a todo.",Adquisición de medicación y material ortopédico.,La persona solicitante es receptiva y cumple el plan de intervención social y acude a todas las citas. Se ha constatado la necesidad de los gastos sanitarios extraordinarios mediante informe médico.,Sí,Sí,Sí,Sí,Sí,1
AES-2025-00324,Jorge Castro Ortega,Hombre,Extracomunitaria,49,5,2,Empleo estable,Hipoteca,Alquiler o hipoteca,No,Ribera,Presencial,1735,0.58,404,1080,68,1,0,"Estamos pasando por un bache y aunque trabajo, los gastos de la casa nos están superando. Entre la hipoteca y los gastos de los niños, cada vez se hace más cuesta arriba llegar a fin de mes.",Cubrir parte de la cuota hipotecaria.,"La unidad de convivencia presenta estabilidad laboral, aunque con carga financiera elevada. Consta en el expediente que ya recibió una ayuda municipal por el mismo concepto hace pocos meses.",Sí,Sí,Sí,Sí,Sí,0
AES-2025-00325,Pedro Pérez Delgado,Hombre,Española,54,2,0,Desempleo sin prestación,Cedida o familiar,Alimentación e higiene,No,La Vega,Presencial,174,0.14,0,330,34,0,393,"La verdad es que la cosa está muy mal, perdí el empleo hace pocos meses y no tengo otros ingresos estables de ningún tipo. Estamos viviendo de lo que nos dejan y no tenemos ni para comer bien.",Compra de alimentos básicos y productos de limpieza.,"La persona solicitante muestra una situación de carencia de recursos básicos. Asimismo, cumple el plan de intervención social y acude a todas las citas programadas con los servicios sociales.",Sí,Sí,Sí,Sí,Sí,1
AES-2025-00326,Laura Rojas Benali,Mujer,Extracomunitaria,45,4,1,Desempleo con prestación,Sin hogar,Material escolar,No,Centro,Sede electrónica,960,0.4,0,190,114,0,93,"Tengo los niños empezando el colegio y necesito comprarles los libros y el material, pero el dinero no me da para todo. Es una situación estresante porque quiero que sigan estudiando sin que les falte nada.",Compra de material escolar básico.,Se ha intentado contactar con la persona solicitante para el seguimiento del caso sin éxito. No ha acudido a las citas del plan de intervención ni ha aportado lo que se le pidió durante la tramitación.,Sí,Sí,Sí,Sí,Sí,0
AES-2025-00327,Luis El Amrani Hernández,Hombre,Española,64,1,0,Desempleo sin prestación,Alquiler,Alimentación e higiene,No,Ribera,Presencial,217,0.36,671,210,104,0,0,Perdí el empleo hace pocos meses y no tengo otros ingresos estables para pagar nada. Estoy muy preocupado porque tengo abierto un procedimiento de desahucio por impago de la vivienda.,Compra de alimentos y productos básicos de higiene.,La persona solicitante no cuenta con red de apoyo familiar ni social en el entorno. Se constata que cumple el plan de intervención social y acude a todas las citas requeridas por este servicio.,Sí,Sí,Sí,Sí,No,1
AES-2025-00328,Julia Álvarez Navarro,Mujer,UE,51,1,0,Empleo precario o parcial,Alquiler,Alquiler o hipoteca,Sí,Las Eras,Presencial,547,0.91,427,630,32,0,0,"No sé qué hacer, tengo abierto un procedimiento de desahucio por impago de la vivienda y no tengo a nadie que me ayude. Con mi sueldo precario apenas puedo comer, menos aún pagar el alquiler.",Liquidación de deuda acumulada de alquiler.,La persona solicitante se encuentra en situación de exclusión residencial inminente. Se observa que no cuenta con red de apoyo familiar ni social para afrontar la situación de impago.,Sí,Sí,Sí,Sí,Sí,1
AES-2025-00329,Francisco García García,Hombre,Española,26,1,0,Desempleo con prestación,Habitación realquilada,Gastos sanitarios,No,La Vega,Presencial,842,1.4,252,350,36,0,0,Perdí el empleo hace pocos meses y no tengo otros ingresos estables para pagar el médico. Hay una enfermedad grave o crónica en la familia con gastos que la sanidad pública no cubre y estoy muy agobiado.,Tratamiento médico no cubierto por el sistema público.,"Se ha detectado que no ha acudido a las citas del plan de intervención ni ha aportado lo que se le pidió. Además, en la visita se constatan ingresos no declarados, tales como trabajos sin contrato o ayuda de familiares.",Sí,Sí,Sí,Sí,Sí,0
AES-2025-00330,Aicha García Iglesias,Mujer,Española,30,2,1,Desempleo con prestación,Alquiler,Alquiler o hipoteca,No,Centro,Presencial,687,0.57,427,1040,48,0,0,Perdí el empleo hace pocos meses y no tengo otros ingresos estables. Es una familia monoparental: cría sola a sus hijos sin apoyo del otro progenitor y se me hace muy difícil pagar el alquiler mensual.,Pago de recibos de alquiler atrasados.,La persona solicitante manifiesta dificultades extremas para el sostenimiento de la unidad de convivencia. Se ha verificado el impago de las mensualidades de alquiler mediante recibos bancarios.,Sí,Sí,Sí,Sí,Sí,1
AES-2025-00331,Ramón Ortega García,Hombre,Española,30,2,0,Empleo precario o parcial,Alquiler,Alquiler o hipoteca,No,La Vega,Sede electrónica,1229,1.02,552,700,102,0,0,"La cosa está fatal. Cobro muy poco y con lo que pago de piso no me llega ni para comer, así que necesito este dinero para poder seguir pagando el alquiler.",Pago de mensualidades atrasadas de alquiler.,La persona solicitante presenta contrato de arrendamiento en vigor. Se observa una descompensación entre los ingresos declarados y los gastos fijos de vivienda.,Sí,Sí,Sí,Sí,Sí,0
AES-2025-00332,Valentina Benali Cabrera,Mujer,Española,26,4,3,Desempleo sin prestación,Habitación realquilada,Otros gastos,No,Centro,Presencial,413,0.17,200,520,115,1,0,Estoy sin trabajo y con los niños no me llega para nada. Necesito ayuda para poder cubrir los gastos básicos de la casa porque no tengo de donde sacar más.,Cubrir gastos básicos del hogar.,La unidad de convivencia carece de ingresos estables. Consta en el expediente que la persona solicitante ya recibió una ayuda municipal por el mismo concepto hace pocos meses.,Sí,Sí,Sí,Sí,Sí,0
AES-2025-00333,Rosa Ortega López,Mujer,Española,59,5,0,Empleo precario o parcial,Hipoteca,Alquiler o hipoteca,Sí,Ensanche,Sede electrónica,1026,0.34,416,1320,161,0,0,Me han bajado las horas de trabajo y no llego a pagar la hipoteca. Estoy muy agobiada porque no quiero perder la casa donde vivimos todos.,Pago de cuotas hipotecarias.,Existe una situación de vulnerabilidad extrema respecto a la vivienda. Se confirma que ya hay fecha de lanzamiento fijada por el juzgado. La persona solicitante cumple el plan de intervención social y acude a todas las citas.,Sí,Sí,No,Sí,Sí,1
AES-2025-00334,Isabel Rubio Hernández,Mujer,Española,60,4,1,Empleo precario o parcial,Alquiler,Gastos sanitarios,Sí,La Vega,Sede electrónica,488,0.2,442,670,93,0,0,"Tengo una enfermedad grave y hay muchos gastos que la sanidad pública no cubre, así que no puedo pagar todo lo que necesito. Por favor, necesito una ayuda para seguir con el tratamiento.",Adquisición de productos sanitarios y medicación.,Se verifica el estado de salud de la persona solicitante y la necesidad de cubrir gastos sanitarios no cubiertos por el sistema público. Se constata en la visita que existen ingresos no declarados. La persona solicitante cumple el plan de intervención social y acude a todas las citas.,Sí,Sí,Sí,Sí,Sí,1
AES-2025-00335,David Fernández Serrano,Hombre,UE,44,1,0,Desempleo con prestación,Alquiler,Alimentación e higiene,No,Ribera,Presencial,610,1.02,391,380,6,0,0,"Entre el alquiler y los gastos no me queda nada para comer. Como estoy en paro cobrando poquito, se me hace muy difícil el mes.",Compra de alimentos y productos de higiene.,La situación económica actual es insuficiente para cubrir las necesidades básicas tras el pago del alquiler. La persona solicitante cumple el plan de intervención social y acude a todas las citas.,Sí,Sí,Sí,Sí,Sí,1
AES-2025-00336,Silvia Fernández Sanz,Mujer,Española,47,4,2,Desempleo sin prestación,Habitación realquilada,Alimentación e higiene,No,Centro,Sede electrónica,0,0.0,222,160,183,0,0,"He perdido el empleo hace pocos meses y no tengo otros ingresos estables. Me veo en la calle y sin nada para darle de comer a mis hijos, es una situación muy dura.",Adquisición de alimentos básicos.,Se corrobora el cese de actividad laboral reciente y la ausencia de ingresos en la unidad de convivencia. Se requiere apoyo inmediato para la cobertura de necesidades de alimentación.,Sí,Sí,Sí,Sí,Sí,1
AES-2025-00337,Youssef Benali Gil,Hombre,Extracomunitaria,23,3,0,Desempleo con prestación,Cedida o familiar,Suministros básicos,No,La Vega,Presencial,992,0.55,0,2200,94,0,367,"Ha subido mucho la luz y el agua, y con el sueldo que entra no podemos llegar a final de mes. Nos hace falta ayuda para pagar estas facturas acumuladas.","Pago de facturas de luz, agua y gas.",La unidad de convivencia presenta dificultades para afrontar los gastos de suministros básicos. Se ha verificado la documentación de los recibos pendientes de pago.,Sí,Sí,Sí,Sí,Sí,0
AES-2025-00338,Dolores Blanco Gómez,Mujer,Extracomunitaria,22,6,2,Desempleo sin prestación,Alquiler,Suministros básicos,Sí,Ribera,Presencial,411,0.11,395,400,162,1,756,"Nos ha llegado un aviso de corte de luz, agua o gas por facturas impagadas y no sabemos qué hacer. Con los niños pequeños en casa esto es un desastre, necesitamos ayuda urgente.",Pago de recibos de suministros básicos para evitar cortes.,"La unidad de convivencia se encuentra en situación de pobreza energética. En la visita se constatan ingresos no declarados, como trabajos sin contrato o ayuda de familiares.",Sí,Sí,Sí,Sí,Sí,1
AES-2025-00339,Fernando Delgado Benali,Hombre,Extracomunitaria,23,2,1,Empleo precario o parcial,Alquiler,Suministros básicos,No,Ribera,Presencial,896,0.75,505,520,81,0,344,"Nos han mandado un aviso de corte de luz, agua o gas por facturas impagadas y estamos muy asustados. No nos llega el sueldo para todo lo que debemos.",Pago de facturas de suministros.,Se documenta la existencia de facturas impagadas y el riesgo de interrupción de suministros. La persona solicitante cumple el plan de intervención social y acude a todas las citas.,Sí,Sí,Sí,Sí,Sí,1
AES-2025-00340,Nerea Benali Jiménez,Mujer,Española,51,2,0,Desempleo sin prestación,Alquiler,Alimentación e higiene,No,San Antón,Presencial,438,0.36,426,360,184,0,0,"Estoy en paro y sin ninguna ayuda, y no tengo ni para llenar la nevera. La situación es desesperante porque el alquiler se lleva casi todo lo poco que entra.",Compra de alimentos y productos de higiene.,La persona solicitante carece de ingresos suficientes para cubrir sus necesidades básicas tras el abono de la renta de alquiler. Se verifica la situación de desempleo sin prestación.,Sí,Sí,Sí,Sí,Sí,1
AES-2025-00341,Ioana López Pérez,Mujer,Española,19,5,0,Empleo precario o parcial,Habitación realquilada,Suministros básicos,No,Ensanche,Sede electrónica,1056,0.35,222,300,96,1,543,La cosa está fatal. Me han metido en un procedimiento de desahucio porque no he podido pagar el alquiler y además me han mandado un aviso de corte de luz y agua.,Pago de facturas de luz y agua.,La persona solicitante presenta facturas pendientes de suministro eléctrico y de agua. Consta en el registro que ya recibió una ayuda municipal por el mismo concepto hace pocos meses.,Sí,Sí,Sí,Sí,Sí,1
AES-2025-00342,Andrea Medina Martín,Mujer,UE,35,2,0,Desempleo con prestación,Hipoteca,Otros gastos,Sí,Centro,Presencial,951,0.79,690,380,21,2,0,Necesito dinero porque las cosas se han puesto muy complicadas últimamente y no llego a fin de mes ni de broma.,Comprarme un teléfono móvil nuevo de alta gama.,"La persona solicitante no ha acudido a las citas del plan de intervención ni ha aportado la documentación requerida. Asimismo, consta que ya recibió una ayuda municipal por el mismo concepto hace pocos meses.",Sí,Sí,Sí,Sí,Sí,0
AES-2025-00343,Fátima Ruiz Torres,Mujer,Española,46,1,0,Empleo precario o parcial,Hipoteca,Suministros básicos,No,Las Eras,Presencial,584,0.97,464,480,27,0,943,"No se qué hacer, me ha llegado una carta diciendo que me cortan la luz y el gas por no haber pagado las facturas. Estoy en una situación muy angustiosa.",Pagar la deuda acumulada de luz y gas.,La persona solicitante aporta notificaciones de impago relativas a suministros básicos de la vivienda. Se ha realizado la comprobación de los recibos pendientes.,Sí,Sí,Sí,Sí,Sí,1
AES-2025-00344,Elena Ruiz El Amrani,Mujer,Extracomunitaria,61,2,0,Incapacidad o dependencia,Sin hogar,Gastos sanitarios,Sí,La Vega,Presencial,742,0.62,0,590,111,1,0,En casa tenemos una enfermedad grave que nos obliga a comprar medicación que no cubre la seguridad social. Ya no sé de dónde sacar más dinero.,Compra de medicación necesaria para tratamiento crónico.,La persona solicitante presenta documentación acreditativa de gastos sanitarios derivados de una enfermedad crónica. Se constata en el expediente que ya recibió una ayuda municipal por el mismo concepto hace pocos meses.,Sí,Sí,Sí,Sí,Sí,0
AES-2025-00345,Raquel Álvarez Muñoz,Mujer,Extracomunitaria,39,5,2,Desempleo con prestación,Alquiler,Alquiler o hipoteca,En trámite,La Vega,Presencial,1268,0.42,642,1200,114,0,0,Me quedé sin curro hace unos meses y la verdad es que está siendo muy difícil encontrar algo nuevo. Ahora mismo no tengo otros ingresos estables para cubrir mis cosas.,Pagar las mensualidades atrasadas del alquiler.,La persona solicitante refiere el cese de su actividad laboral reciente y la ausencia de otros ingresos fijos. Se ha revisado la documentación relativa a la situación de desempleo.,Sí,Sí,Sí,Sí,Sí,0
AES-2025-00346,Paula Delgado Blanco,Mujer,Española,79,1,0,Pensionista,Alquiler,Alquiler o hipoteca,No,Centro,Presencial,827,1.38,769,910,74,1,0,Estoy muy asustada porque tengo abierto un procedimiento de desahucio y no tengo a dónde ir. Intento pagar pero con lo que cobro no me da para el alquiler.,Cubrir parte del importe del alquiler para evitar el desahucio.,La persona solicitante aporta la notificación judicial del procedimiento de desahucio por impago de renta. Se observa que cumple con el plan de intervención social y acude a todas las citas programadas.,Sí,Sí,Sí,Sí,Sí,0
AES-2025-00347,Joaquín Martínez Gil,Hombre,Española,24,3,1,Desempleo sin prestación,Alquiler,Suministros básicos,No,Ribera,Presencial,435,0.24,666,250,225,0,672,"No sé qué hacer, me han mandado un aviso de corte de suministros en casa porque no puedo pagar las facturas. La situación es muy tensa.",Pago de los recibos de luz y agua.,Se constata que la persona solicitante no cuenta con red de apoyo familiar ni social en el entorno. La persona solicitante cumple con el plan de intervención social y acude a todas las citas programadas.,Sí,Sí,Sí,Sí,Sí,1
AES-2025-00348,Inés Jiménez González,Mujer,UE,24,3,0,Desempleo sin prestación,Cedida o familiar,Alimentación e higiene,No,San Antón,Sede electrónica,475,0.26,0,250,3,0,0,"Llevo tiempo en paro y sin ninguna ayuda, por lo que se me hace muy difícil comprar comida para el día a día. A ver si me podéis echar una mano.",Compra de alimentos y productos de higiene básica.,La persona solicitante manifiesta carecer de ingresos estables y solicita apoyo para la cobertura de necesidades básicas. Se ha verificado la composición de la unidad de convivencia.,Sí,Sí,Sí,Sí,Sí,0
AES-2025-00349,Youssef Castillo Serrano,Hombre,Española,21,4,2,Incapacidad o dependencia,Cedida o familiar,Otros gastos,En trámite,San Antón,Sede electrónica,612,0.26,0,870,24,0,0,Tenemos una enfermedad grave en la familia que requiere gastos constantes que no nos cubre la sanidad pública. Es una situación muy difícil de llevar.,Adquisición de productos sanitarios especializados.,La persona solicitante aporta informe médico que justifica los gastos derivados de una patología crónica. Se ha procedido a la revisión de los justificantes de gasto presentados.,Sí,Sí,Sí,Sí,Sí,1
AES-2025-00350,Paula Fuentes Popescu,Mujer,Extracomunitaria,57,1,0,Empleo precario o parcial,Alquiler,Alimentación e higiene,No,Las Eras,Sede electrónica,848,1.41,379,260,17,0,0,"Con el trabajo que tengo ahora apenas me llega para los gastos de la casa, por lo que necesito ayuda para poder comer. Es todo muy justo.",Compra de alimentos y productos de primera necesidad.,La persona solicitante manifiesta dificultades para cubrir los gastos de alimentación básicos. Se ha realizado el cotejo de los ingresos mensuales declarados.,Sí,Sí,Sí,Sí,Sí,0
AES-2025-00351,Teresa Ramos Iglesias,Mujer,Extracomunitaria,86,1,0,Pensionista,Habitación realquilada,Alimentación e higiene,No,Ensanche,Presencial,787,1.31,232,150,120,0,0,La verdad es que no llego a final de mes y necesito ayuda para poder comprar algo de comida y productos de limpieza. Estoy cobrando la pensión pero se me va todo en el alquiler de la habitación y las medicinas.,Compra de alimentos y productos básicos de higiene.,"La persona solicitante no ha acudido a las citas del plan de intervención ni ha aportado lo que se le pidió. Además, se observa que el presupuesto o factura aportado no se corresponde con la necesidad descrita.",Sí,Sí,Sí,Sí,Sí,0
AES-2025-00352,Valentina Marín Medina,Mujer,Extracomunitaria,35,2,0,Incapacidad o dependencia,Alquiler,Alquiler o hipoteca,Sí,Las Eras,Presencial,1176,0.98,451,1200,12,0,0,Tengo una discapacidad y se me hace imposible pagar el alquiler de este mes con los gastos que tengo. Estoy sola en esto y no me llega el dinero para cubrir lo básico.,Pago de mensualidades de alquiler.,La persona solicitante no cuenta con red de apoyo familiar ni social. Se constata que el presupuesto o factura aportado no se corresponde con la necesidad descrita.,Sí,Sí,Sí,Sí,Sí,0
AES-2025-00353,Valentina Jiménez Garrido,Mujer,Española,49,1,0,Empleo precario o parcial,Hipoteca,Suministros básicos,No,La Vega,Presencial,730,1.22,455,230,184,0,530,"Cobro muy poco por las horas que trabajo y no me da para pagar todo. Me ha llegado un aviso de corte de luz, agua o gas por facturas impagadas y tengo mucho miedo de quedarme sin suministro.",Pago de facturas de suministros básicos pendientes.,La persona solicitante presenta recibos impagados que ascienden a la cantidad solicitada. Se ha verificado la situación de precariedad económica actual.,Sí,Sí,Sí,Sí,Sí,1
AES-2025-00354,Laura Lozano Popescu,Mujer,Extracomunitaria,53,2,0,Empleo precario o parcial,Alquiler,Alimentación e higiene,No,San Antón,Sede electrónica,784,0.65,827,440,92,0,0,Las cosas están muy mal y mi sueldo no alcanza para pagar el alquiler y además comer. Necesito un poco de ayuda para comprar comida este mes porque no tengo a nadie más.,Compra de alimentos y productos de higiene.,La persona solicitante no cuenta con red de apoyo familiar ni social. Se ha revisado la documentación económica que acredita la insuficiencia de ingresos respecto a los gastos de vivienda.,Sí,Sí,Sí,Sí,Sí,1
AES-2025-00355,Fátima Sanz Medina,Mujer,UE,61,2,0,Empleo estable,Alquiler,Alquiler o hipoteca,No,Ribera,Presencial,1690,1.41,692,560,24,0,182,He tenido unos gastos imprevistos este mes y me he quedado muy justa para pagar la renta. Necesito que me echen una mano porque quiero estar al día con el pago del piso.,Pago de mensualidad de alquiler.,La persona solicitante cumple el plan de intervención social y acude a todas las citas. Se ha comprobado la documentación acreditativa del gasto de vivienda.,Sí,Sí,Sí,Sí,Sí,0
AES-2025-00356,Juan Mendoza Romero,Hombre,Española,48,1,0,Empleo estable,Habitación realquilada,Alimentación e higiene,No,Ribera,Sede electrónica,577,0.96,283,390,101,0,0,Vivo en una habitación y con lo que gano apenas puedo comer. La situación se me ha complicado y no sé cómo afrontar los gastos de la comida.,Compra de productos básicos de alimentación.,La persona solicitante presenta una situación de vulnerabilidad económica derivada de sus bajos ingresos. Se ha valorado la documentación aportada sobre los gastos de subsistencia.,Sí,Sí,Sí,Sí,Sí,0
AES-2025-00357,Ramón Garrido Sanz,Hombre,Española,40,3,1,Empleo estable,Cedida o familiar,Suministros básicos,No,Las Eras,Presencial,1111,0.62,0,170,64,0,838,Tenemos problemas con los suministros y no podemos pagar los recibos ahora mismo. Necesitamos ayuda para no quedarnos sin luz ni agua en casa con el niño.,Pago de recibos de suministros básicos.,La persona solicitante no cuenta con red de apoyo familiar ni social. Se ha constatado la deuda pendiente en los suministros básicos de la vivienda.,Sí,Sí,Sí,Sí,Sí,0
AES-2025-00358,Joaquín Gil Martín,Hombre,Extracomunitaria,67,2,0,Pensionista,Hipoteca,Suministros básicos,No,Centro,Sede electrónica,1068,0.89,625,390,45,0,613,"Me ha llegado un aviso de corte de luz, agua o gas por facturas impagadas y no sé qué hacer. Somos mayores y la pensión no nos llega para pagar la hipoteca y los recibos.",Pago de suministros básicos.,La persona solicitante no cuenta con red de apoyo familiar ni social. Se confirma que cumple el plan de intervención social y acude a todas las citas.,Sí,No,Sí,Sí,Sí,1
AES-2025-00359,Lucía Cortés Rojas,Mujer,Española,22,2,0,Desempleo con prestación,Hipoteca,Suministros básicos,No,Las Eras,Presencial,525,0.44,544,190,119,0,1229,Con la prestación que cobro no me llega para pagar la hipoteca y además comer y pagar la luz. Estoy en una situación límite y necesito ayuda.,Pago de suministros del hogar.,La persona solicitante ha presentado la documentación requerida. Se observa que el presupuesto o factura aportado no se corresponde con la necesidad descrita.,Sí,Sí,Sí,Sí,Sí,0
AES-2025-00360,Ramón Gómez Lozano,Hombre,UE,48,5,1,Desempleo sin prestación,Cedida o familiar,Suministros básicos,No,Ribera,Presencial,0,0.0,0,100,46,1,698,"Estamos en una situación desesperada porque no tengo trabajo y ha llegado un aviso de corte de luz, agua o gas por facturas impagadas. No tenemos nada de dinero para pagar.",Pago de facturas de suministros.,La persona solicitante cumple el plan de intervención social y acude a todas las citas. Se hace constar que ya recibió una ayuda municipal por el mismo concepto hace pocos meses.,Sí,Sí,Sí,Sí,Sí,1
AES-2025-00361,Rubén García Vargas,Hombre,Española,37,5,4,Desempleo sin prestación,Alquiler,Material escolar,No,Las Eras,Sede electrónica,0,0.0,812,270,180,0,0,"Me veo muy agobiado porque saco adelante a mis cuatro hijos totalmente sola, sin ayuda del otro progenitor. No tengo ni un euro de ingresos y necesito comprarles los libros y material para el cole.",Comprar material escolar para los niños.,La persona solicitante no ha acudido a las citas del plan de intervención ni ha aportado la documentación requerida para el estudio del expediente.,Sí,Sí,Sí,Sí,Sí,1
AES-2025-00362,Rosa Sanz Rubio,Mujer,Española,61,2,0,Desempleo sin prestación,Habitación realquilada,Gastos sanitarios,Sí,Ensanche,Sede electrónica,0,0.0,333,80,73,0,0,"Tengo una enfermedad crónica que me obliga a pagar unos tratamientos que la seguridad social no me cubre. A mis años y sin trabajo, se me hace imposible costear estos gastos sanitarios.",Pago de medicación crónica no cubierta.,La persona solicitante presenta informe médico donde se detalla la cronicidad de la patología y la necesidad de fármacos de aportación privada.,No,Sí,Sí,Sí,Sí,1
AES-2025-00363,Julia Gil Moreno,Mujer,UE,78,2,0,Pensionista,Cedida o familiar,Alimentación e higiene,No,San Antón,Presencial,928,0.77,0,420,95,0,393,Con la pensión que me queda apenas me llega para ir tirando al mes. La situación está cada vez más cara y me cuesta mucho cubrir los productos básicos de casa.,Alimentación y productos de higiene.,La persona solicitante reside en una vivienda cedida por familiares y percibe unos ingresos mensuales de 928 euros.,Sí,Sí,Sí,Sí,Sí,1
AES-2025-00364,Yolanda Delgado Serrano,Mujer,Extracomunitaria,57,2,0,Desempleo sin prestación,Alquiler,Alquiler o hipoteca,No,Las Eras,Presencial,418,0.35,458,560,24,0,0,Estoy desesperada porque el dinero que entra no me da para pagar el alquiler de este mes y tengo miedo de que me echen. No encuentro trabajo y estoy en una situación muy límite.,Pago de mensualidad del alquiler.,La persona solicitante no cuenta con red de apoyo familiar ni social en el municipio para afrontar el gasto de vivienda.,Sí,Sí,Sí,Sí,Sí,1
AES-2025-00365,David Cabrera Fuentes,Hombre,Española,42,4,2,Desempleo con prestación,Cedida o familiar,Suministros básicos,No,San Antón,Sede electrónica,680,0.28,0,140,90,1,626,"Aunque cobro una prestación, entre los cuatro miembros de la familia y los gastos, no llegamos a pagar la luz y el gas. Estamos haciendo todo lo posible para salir adelante.",Pago de facturas de suministros básicos.,La persona solicitante cumple el plan de intervención social establecido y acude a todas las citas programadas por este servicio.,Sí,Sí,Sí,Sí,Sí,1
AES-2025-00366,Gloria Gil Serrano,Mujer,Española,30,2,1,Desempleo con prestación,Cedida o familiar,Alimentación e higiene,Sí,Centro,Sede electrónica,698,0.58,0,140,18,2,187,Mi situación es bastante complicada porque tengo a mi cargo a un menor y la prestación que recibo no cubre los gastos mínimos de comida y limpieza para los dos.,Compra de alimentos y productos de higiene.,"La persona solicitante no cuenta con red de apoyo familiar ni social. Asimismo, cumple el plan de intervención social y acude a todas las citas.",Sí,Sí,Sí,Sí,Sí,1
AES-2025-00367,Miguel Ortega Popescu,Hombre,Española,17,3,1,Desempleo sin prestación,Alquiler,Suministros básicos,No,San Antón,Presencial,0,0.0,507,460,62,0,617,Me han avisado de que me van a cortar la luz y el agua porque no he podido pagar las facturas. Hace pocos meses que perdí el empleo y no tengo otros ingresos estables para mantenerme.,Pago de facturas de suministros básicos pendientes.,"La persona solicitante no cuenta con red de apoyo familiar ni social. Además, no ha acudido a las citas del plan de intervención ni ha aportado la documentación solicitada.",Sí,Sí,Sí,Sí,Sí,1
AES-2025-00368,Ioana Pérez Molina,Mujer,Española,44,1,0,Empleo estable,Cedida o familiar,Gastos sanitarios,No,Las Eras,Presencial,741,1.24,0,60,104,0,0,"Tengo una enfermedad grave y los gastos en salud que tengo que asumir son muy elevados y no los cubre la sanidad pública. Aunque trabajo, no llego a cubrir todo lo que necesito para mi tratamiento.",Cubrir gastos médicos no financiados.,La persona solicitante no cuenta con red de apoyo familiar ni social para afrontar los gastos derivados de su situación de salud.,Sí,Sí,Sí,Sí,Sí,0
AES-2025-00369,Ana Popescu El Amrani,Mujer,Española,50,1,0,Desempleo sin prestación,Alquiler,Suministros básicos,Sí,Las Eras,Presencial,0,0.0,784,200,194,0,1273,Me ha llegado un aviso de corte de suministros por impago y estoy muy preocupada. Perdí mi empleo hace pocos meses y desde entonces no tengo ningún ingreso estable para pagar la luz y el gas.,Pago de suministros básicos atrasados.,La persona solicitante vive sola en régimen de alquiler y manifiesta carecer de ingresos desde la pérdida de su empleo reciente.,Sí,Sí,Sí,Sí,Sí,1
AES-2025-00370,Mohamed Gil García,Hombre,UE,33,7,1,Desempleo con prestación,Cedida o familiar,Alimentación e higiene,En trámite,Ensanche,Presencial,1073,0.26,0,270,63,1,0,Somos una familia numerosa y con la prestación de desempleo no nos alcanza para toda la comida que necesitamos. Estamos haciendo todos los esfuerzos posibles por mejorar nuestra situación.,Alimentación familiar.,"La persona solicitante no cuenta con red de apoyo familiar ni social, cumple el plan de intervención social y acude a todas las citas, aunque ya recibió una ayuda municipal por el mismo concepto hace pocos meses.",Sí,Sí,Sí,Sí,Sí,1
AES-2025-00371,Isabel Pérez Pérez,Mujer,Española,44,1,0,Empleo precario o parcial,Alquiler,Alquiler o hipoteca,No,La Vega,Sede electrónica,862,1.44,783,1120,81,0,0,"La cosa está muy mal, cobro una miseria y no me llega ni para pagar la casa. Ya no sé qué más hacer para poder cubrir el alquiler este mes.",Pago de la renta del alquiler de mi vivienda habitual.,La persona solicitante presenta una situación de vulnerabilidad económica derivada de sus bajos ingresos. Se constata que cumple el plan de intervención social y acude a todas las citas programadas por este servicio.,Sí,Sí,Sí,Sí,Sí,0
AES-2025-00372,Wilson Blanco Rubio,Hombre,UE,49,7,4,Empleo precario o parcial,Cedida o familiar,Alimentación e higiene,No,Centro,Presencial,1260,0.3,0,310,111,0,0,Somos una familia muy numerosa y con lo poco que gano no damos abasto para comer. Necesitamos que nos ayuden con la compra básica porque la nevera está vacía.,Compra de productos de alimentación y artículos de higiene personal.,La unidad de convivencia presenta dificultades para cubrir necesidades básicas ante el elevado número de miembros. Se ha realizado la valoración técnica y se mantiene seguimiento activo con la familia.,Sí,Sí,Sí,Sí,Sí,1
AES-2025-00373,Aicha Martín Blanco,Mujer,Española,51,2,0,Desempleo sin prestación,Cedida o familiar,Gastos sanitarios,No,Ensanche,Sede electrónica,389,0.32,0,390,40,1,0,Tengo una enfermedad grave en la familia que requiere medicamentos y cuidados que no cubre la sanidad pública. La situación es desesperante porque no tenemos ni para los tratamientos.,Cubrir el coste de medicación y gastos sanitarios no cubiertos por el sistema público.,La persona solicitante manifiesta una situación de gran precariedad. No cuenta con red de apoyo familiar ni social. Se observa en el expediente que ya recibió una ayuda municipal por el mismo concepto hace pocos meses.,Sí,Sí,Sí,Sí,Sí,0
AES-2025-00374,Javier Ruiz Martín,Hombre,Española,29,3,0,Desempleo sin prestación,Alquiler,Alimentación e higiene,No,San Antón,Presencial,467,0.26,400,260,26,2,0,"Llevo tiempo en paro y sin cobrar nada, estamos aguantando como podemos pero ya no tenemos ni para comprar comida. Agradecería mucho cualquier ayuda para poder llenar la despensa.",Adquisición de alimentos y productos básicos de primera necesidad.,La persona solicitante se encuentra en situación de desempleo sin cobertura prestacional. Se verifica que cumple el plan de intervención social y acude a todas las citas fijadas.,Sí,Sí,No,Sí,Sí,1
AES-2025-00375,Ioana Blanco Ruiz,Mujer,Española,58,4,2,Desempleo sin prestación,Habitación realquilada,Alimentación e higiene,Sí,Las Eras,Sede electrónica,447,0.19,235,330,16,0,122,"Tengo reconocida una discapacidad y ahora mismo no tengo ningún ingreso, se me hace imposible comprar comida para los niños. Necesito ayuda urgente porque no sé cómo tirar adelante.",Compra de alimentos y productos de aseo para el hogar.,La persona solicitante presenta una situación de exclusión social y económica agravada por su estado de salud. Se hace constar que no cuenta con red de apoyo familiar ni social.,Sí,Sí,Sí,Sí,Sí,1
AES-2025-00376,María García Mendoza,Mujer,Española,38,4,1,Incapacidad o dependencia,Alquiler,Otros gastos,En trámite,San Antón,Presencial,1008,0.42,382,840,11,0,0,"Hola, vengo a ver si me podéis ayudar con unos gastos extra que me han surgido y la verdad es que voy muy justa para llegar a fin de mes. Entre el alquiler y los niños se me va todo el sueldo y ahora mismo no tengo ahorros para esto.",Necesito el dinero para comprarme un coche nuevo que me hace mucha falta.,"La persona solicitante no ha acudido a las citas programadas dentro del plan de intervención. Asimismo, no se ha realizado la aportación de la documentación solicitada anteriormente por este departamento.",Sí,Sí,Sí,Sí,Sí,0
AES-2025-00377,Raquel Castillo Ortega,Mujer,Española,87,2,0,Pensionista,Alquiler,Suministros básicos,No,Centro,Presencial,1013,0.84,826,420,29,0,804,Con mi pensión apenas me llega para pagar el alquiler y los gastos de la casa. Me da miedo que me corten la luz o el agua porque no puedo pagarlo todo.,Pago de facturas pendientes de suministros básicos.,La persona solicitante es pensionista y sus ingresos son insuficientes para cubrir el coste de la vivienda y los suministros. Cumple el plan de intervención social y acude a todas las citas establecidas.,Sí,Sí,Sí,Sí,Sí,1
AES-2025-00378,Khadija El Amrani Iglesias,Mujer,Española,85,2,0,Pensionista,Alquiler,Alimentación e higiene,No,Centro,Presencial,648,0.54,671,190,215,0,0,"A mi edad es muy difícil llegar a fin de mes, los gastos de la casa se comen toda mi pensión. Necesito ayuda para poder comprar comida y artículos de higiene.",Compra de alimentos y productos de higiene.,"La persona solicitante presenta una situación de insuficiencia de ingresos. Cumple el plan de intervención social y acude a todas las citas. No obstante, se observa que el presupuesto o factura aportado no se corresponde con la necesidad descrita.",Sí,Sí,Sí,Sí,No,0
AES-2025-00379,Valentina Lozano El Amrani,Mujer,Española,41,4,1,Desempleo con prestación,Habitación realquilada,Otros gastos,No,Ribera,Presencial,526,0.22,184,970,18,0,0,Hace pocos meses que perdí mi trabajo y ahora mismo no tengo ningún ingreso estable para mantener a mi familia. La situación es muy angustiosa y no cuento con nadie que me eche una mano.,Otros gastos básicos para el mantenimiento de la unidad de convivencia.,"La persona solicitante se encuentra en situación de desempleo. Se verifica que no cuenta con red de apoyo familiar ni social. Asimismo, cumple el plan de intervención social y acude a todas las citas.",Sí,Sí,Sí,Sí,Sí,1
AES-2025-00380,Miguel Muñoz Navarro,Hombre,Extracomunitaria,51,4,3,Desempleo sin prestación,Alquiler,Suministros básicos,No,Ribera,Sede electrónica,240,0.1,675,360,88,3,340,"Como soy familia monoparental y crío a mis hijos sola sin ayuda del otro progenitor, estoy desesperada porque perdí el empleo hace pocos meses y no tengo ingresos. Me han enviado un aviso de corte de luz y agua por los recibos impagados.",Pago de facturas de suministros básicos para evitar cortes.,La persona solicitante se encuentra en una situación de extrema vulnerabilidad con menores a cargo. Se ha constatado la deuda acumulada en los suministros básicos del hogar.,Sí,Sí,Sí,Sí,Sí,1
AES-2025-00381,María Ortega Vázquez,Mujer,Extracomunitaria,64,1,0,Desempleo sin prestación,Alquiler,Alimentación e higiene,No,Las Eras,Sede electrónica,338,0.56,606,160,60,0,0,"Me quedé en paro hace unos meses y la verdad es que la cosa está muy chunga, no tengo ningún ingreso fijo ahora mismo. A ver si me podéis echar una mano.",Comprar comida y productos de aseo.,La persona solicitante no cuenta con red de apoyo familiar ni social. Se constata que cumple el plan de intervención social y acude a todas las citas programadas.,Sí,Sí,Sí,Sí,Sí,1
AES-2025-00382,Javier Gómez Torres,Hombre,Extracomunitaria,60,4,3,Empleo precario o parcial,Hipoteca,Otros gastos,No,San Antón,Sede electrónica,765,0.32,533,260,32,0,0,"Estoy sacando adelante a mis hijos yo solo, porque el otro progenitor no se hace cargo de nada y no tengo ningún tipo de ayuda. Es muy difícil llegar a fin de mes con lo poco que gano.",Pagar gastos extraordinarios de la casa.,La persona solicitante cumple el plan de intervención social y acude a todas las citas marcadas.,Sí,Sí,Sí,Sí,Sí,1
AES-2025-00383,Laura Molina García,Mujer,Española,56,4,2,Incapacidad o dependencia,Cedida o familiar,Material escolar,Sí,Centro,Sede electrónica,491,0.2,0,220,105,1,0,Necesito ayuda con el material escolar de los niños para el colegio porque con mi situación no llego a todo. Espero que me podáis ayudar.,Compra de libros y material escolar.,Se hace constar que la persona solicitante ya recibió una ayuda municipal por el mismo concepto hace pocos meses.,Sí,Sí,Sí,Sí,Sí,1
AES-2025-00384,Mihai Gómez Hernández,Hombre,Española,21,3,1,Desempleo sin prestación,Alquiler,Alquiler o hipoteca,No,Las Eras,Sede electrónica,400,0.22,832,410,114,2,0,Hace unos meses perdí el curro y desde entonces no he conseguido nada estable. Estoy en una situación límite y no tengo ingresos para pagar el alquiler.,Pago de la mensualidad del alquiler.,Se observa en el expediente que la persona solicitante ya recibió una ayuda municipal por el mismo concepto hace pocos meses.,Sí,Sí,Sí,Sí,Sí,1
AES-2025-00385,Yolanda El Amrani Vargas,Mujer,Española,34,3,0,Empleo precario o parcial,Alquiler,Suministros básicos,No,Las Eras,Sede electrónica,1329,0.74,367,210,113,0,645,Me ha llegado un aviso de corte de luz y agua porque me han venido unas facturas muy altas y no he podido pagarlas. Estoy muy preocupada por esta situación.,Pagar las facturas de suministros pendientes.,La persona solicitante ha presentado el aviso de corte de los suministros básicos motivado por facturas impagadas.,Sí,Sí,Sí,Sí,Sí,0
AES-2025-00386,Miguel Benali Popescu,Hombre,Extracomunitaria,22,2,1,Incapacidad o dependencia,Cedida o familiar,Alimentación e higiene,Sí,Ensanche,Sede electrónica,924,0.77,0,440,167,0,0,"Me toca criar a mi peque yo solo, sin ningún apoyo de la otra parte, y la situación se me hace cuesta arriba. Necesito un apoyo para poder comprar lo básico.",Alimentos básicos y productos de higiene.,La persona solicitante no cuenta con red de apoyo familiar ni social.,Sí,Sí,Sí,Sí,Sí,1
AES-2025-00387,Daniela Blanco Rojas,Mujer,UE,23,3,1,Desempleo con prestación,Alquiler,Suministros básicos,No,La Vega,Presencial,1231,0.68,400,500,68,0,536,Me han avisado de que me van a cortar el gas y la luz si no pago ya lo que debo. Con lo que cobro no me da para todo y necesito ayuda urgente.,Pagar los recibos de luz y gas pendientes.,La persona solicitante no ha acudido a las citas del plan de intervención ni ha aportado la documentación que se le solicitó.,Sí,Sí,Sí,Sí,Sí,0
AES-2025-00388,Carmen Fernández Benali,Mujer,Española,55,3,0,Desempleo sin prestación,Alquiler,Alimentación e higiene,No,La Vega,Sede electrónica,0,0.0,484,320,113,1,0,"Llevo tiempo sin trabajo y no tengo ninguna ayuda entrando en casa, así que me resulta imposible comprar comida. Ojalá me podáis ayudar un poco.",Compra de alimentos y productos de limpieza.,La persona solicitante no cuenta con red de apoyo familiar ni social. Consta que ya recibió una ayuda municipal por el mismo concepto hace pocos meses.,Sí,Sí,Sí,Sí,Sí,1
AES-2025-00389,Dolores Quispe Molina,Mujer,Española,43,2,1,Desempleo sin prestación,Alquiler,Suministros básicos,No,Ribera,Presencial,0,0.0,656,460,96,0,368,"Estoy sola con mi hijo y sin ningún tipo de ingreso, me cuesta mucho salir adelante sin ayuda del otro progenitor. Necesito pagar los recibos del piso.",Pago de facturas de suministros.,La persona solicitante cumple el plan de intervención social y acude a todas las citas fijadas por los servicios sociales.,Sí,Sí,Sí,Sí,Sí,1
AES-2025-00390,María Lozano Castro,Mujer,Española,75,2,0,Pensionista,Alquiler,Alimentación e higiene,No,Ribera,Sede electrónica,986,0.82,687,440,99,2,163,"La pensión no me llega para pagar el alquiler y además comprar la comida, por eso vengo a ver qué se puede hacer. Es una situación difícil.",Adquisición de alimentos.,Se hace constar en el historial que la persona solicitante ya recibió una ayuda municipal por el mismo concepto hace pocos meses.,Sí,Sí,Sí,Sí,Sí,0
AES-2025-00391,Rafael Delgado Mendoza,Hombre,Extracomunitaria,44,3,2,Empleo estable,Habitación realquilada,Gastos sanitarios,No,Ensanche,Presencial,984,0.55,282,620,17,1,0,"Necesito ayuda porque mi familiar tiene una enfermedad grave que no cubre la seguridad social y los medicamentos son muy caros. Soy padre soltero y me toca sacar a mis hijos adelante yo solo, sin que el otro progenitor colabore nada.",Pago de gastos médicos y medicamentos de mi familiar.,La persona solicitante acude a entrevista aportando documentación médica sobre la cronicidad de la patología. Se comprueba la composición del núcleo familiar y la situación de monoparentalidad.,Sí,Sí,Sí,Sí,Sí,1
AES-2025-00392,Raquel Sanz Navarro,Mujer,Española,46,6,2,Desempleo sin prestación,Habitación realquilada,Gastos sanitarios,No,Ensanche,Sede electrónica,440,0.12,308,780,98,1,76,Tengo un familiar con una enfermedad crónica muy complicada y la sanidad pública no paga el tratamiento que necesita. Estamos muy apurados porque los gastos son constantes y no nos llega con lo que tenemos.,Cubrir gastos sanitarios y medicación no cubierta por el sistema público.,La persona solicitante presenta informes médicos que justifican los gastos sanitarios. Se constata en la entrevista la ausencia total de red de apoyo familiar o social en el municipio.,Sí,Sí,Sí,Sí,Sí,1
AES-2025-00393,Nadia Serrano Fuentes,Mujer,Española,27,4,2,Desempleo sin prestación,Alquiler,Alimentación e higiene,No,San Antón,Presencial,0,0.0,735,230,23,0,0,Estamos pasando por un momento muy difícil y nos han puesto una demanda de desahucio porque no hemos podido pagar el alquiler. Necesitamos ayuda urgente para poder comer y mantener la higiene básica en casa.,Compra de alimentos y productos de higiene básica.,La persona solicitante aporta notificación judicial de inicio de procedimiento de desahucio. Se verifica la carencia total de ingresos actuales en la unidad de convivencia.,Sí,Sí,Sí,Sí,Sí,1
AES-2025-00394,Pedro Iglesias Mendoza,Hombre,Extracomunitaria,44,2,1,Desempleo con prestación,Habitación realquilada,Alquiler o hipoteca,En trámite,Ribera,Presencial,724,0.6,287,400,34,1,0,"Me quedé en paro hace pocos meses y la cosa está muy mal, no tengo más ingresos que la prestación que cobro. Además, el casero me ha demandado por desahucio y no sé qué hacer con mis hijos.",Pagar parte de la deuda acumulada del alquiler.,Se comprueba la situación de desempleo reciente y la falta de otros recursos económicos estables. Existe un procedimiento judicial de desahucio abierto por impago de vivienda.,Sí,Sí,Sí,Sí,Sí,0
AES-2025-00395,Inés Iglesias Mendoza,Mujer,Española,38,1,0,Desempleo sin prestación,Alquiler,Gastos sanitarios,No,La Vega,Sede electrónica,0,0.0,438,280,32,1,0,"Tengo una enfermedad grave que me supone un gasto médico que la seguridad social no cubre, y siendo que no tengo trabajo, no puedo pagarlo. Me preocupa mucho que mi salud empeore por no poder costearlo.",Pago de tratamiento sanitario específico.,"La persona solicitante ha cumplido rigurosamente con el plan de intervención social establecido, asistiendo a todas las citas programadas. Se constata la necesidad sanitaria mediante documentación médica.",Sí,Sí,Sí,Sí,Sí,1
AES-2025-00396,Isabel Lozano Gómez,Mujer,Española,47,1,0,Desempleo con prestación,Cedida o familiar,Alimentación e higiene,En trámite,Ribera,Sede electrónica,726,1.21,0,220,165,2,0,"La situación está muy complicada y aunque recibo una prestación, no me llega para cubrir la cesta de la compra. Necesito un apoyo para poder alimentarme este mes.",Compra de alimentos de primera necesidad.,La persona solicitante cumple con el plan de intervención social y acude a las citas. Consta en el expediente la recepción de una ayuda municipal por el mismo concepto hace pocos meses.,Sí,Sí,Sí,Sí,Sí,0
AES-2025-00397,Diego Rodríguez Garrido,Hombre,UE,41,2,1,Empleo precario o parcial,Alquiler,Gastos sanitarios,En trámite,Centro,Presencial,1094,0.91,641,390,29,1,0,Tengo un familiar a cargo con una enfermedad crónica cuyos gastos no cubre la sanidad pública. Estoy criando a mis hijos yo solo sin ayuda del otro progenitor y mi sueldo es insuficiente.,Pago de tratamiento y gastos de salud.,La persona solicitante cumple con el plan de intervención social y acude a las citas. Se acredita la monoparentalidad y la situación de cronicidad del familiar.,Sí,Sí,Sí,Sí,Sí,1
AES-2025-00398,Ahmed Pérez Sanz,Hombre,Española,26,2,0,Empleo precario o parcial,Habitación realquilada,Suministros básicos,No,Centro,Sede electrónica,982,0.82,283,90,51,0,974,Solo tengo un trabajo parcial y no me llega para pagar las facturas de casa. Es una situación muy justa y me está costando mucho salir adelante.,Pago de recibos de luz y agua.,Se verifica el cumplimiento del plan de intervención social por parte de la persona solicitante. La asistencia a las citas técnicas es constante.,Sí,Sí,Sí,Sí,Sí,0
AES-2025-00399,Jorge García Fernández,Hombre,Española,24,6,4,Incapacidad o dependencia,Hipoteca,Alimentación e higiene,Sí,La Vega,Presencial,758,0.21,693,450,29,0,0,"Con la hipoteca y los niños no nos llega para comer, es todo muy agobiante. No estamos pudiendo hacer frente a lo básico del día a día.",Compra de alimentos y productos básicos para el hogar.,Durante la visita domiciliaria se constatan ingresos no declarados provenientes de ayudas familiares y trabajos informales. Se observa la situación de discapacidad de la persona solicitante.,Sí,Sí,Sí,Sí,Sí,1
AES-2025-00400,Pilar Álvarez Pérez,Mujer,Extracomunitaria,76,2,0,Pensionista,Alquiler,Alimentación e higiene,No,Centro,Presencial,996,0.83,432,260,194,0,0,Soy pensionista y la pensión es muy baja para todo lo que ha subido la vida. Necesito ayuda para poder comprar comida porque no me alcanza.,Compra de alimentos y productos de higiene.,La persona solicitante no cuenta con red de apoyo familiar ni social en el entorno. Se observa que no ha acudido a las citas del plan de intervención ni ha aportado la documentación requerida.,Sí,Sí,Sí,Sí,Sí,0
AES-2025-00401,Rosa García Sánchez,Mujer,Extracomunitaria,42,1,0,Empleo precario o parcial,Hipoteca,Alimentación e higiene,No,Las Eras,Presencial,625,1.04,454,320,7,1,0,Estoy trabajando muy pocas horas y lo que gano no llega ni para lo básico. Necesito ayuda porque se me junta todo y no puedo más.,Comprar comida y productos de aseo personal.,La persona solicitante carece de red de apoyo familiar o social en el municipio. Consta en el expediente que ya recibió una ayuda municipal por el mismo concepto hace pocos meses.,Sí,Sí,Sí,Sí,Sí,1
AES-2025-00402,Daniela Serrano Quispe,Mujer,Extracomunitaria,50,1,0,Empleo precario o parcial,Alquiler,Alquiler o hipoteca,No,Ensanche,Presencial,791,1.32,815,940,49,0,0,Estoy muy desesperada porque tengo abierto un procedimiento de desahucio por impago de la vivienda y no tengo a donde ir. No puedo pagar el alquiler y temo que me echen de casa en cualquier momento.,Pagar el alquiler de la vivienda.,"La persona solicitante es víctima de violencia de género, contando con orden de protección en vigor. El presupuesto o factura aportado no se corresponde con la necesidad descrita en la solicitud.",Sí,Sí,No,Sí,Sí,1
AES-2025-00403,Khadija Iglesias Ortega,Mujer,Española,29,4,2,Desempleo con prestación,Alquiler,Alquiler o hipoteca,Sí,San Antón,Presencial,496,0.21,462,800,84,0,0,Hace pocos meses que perdí mi trabajo y desde entonces no tengo otros ingresos estables para mantener a mis hijos. Por culpa de esta situación tengo abierto un procedimiento de desahucio por impago de la vivienda.,Hacer frente al pago del alquiler pendiente.,"La persona solicitante no ha acudido a las citas programadas dentro del plan de intervención ni ha aportado la documentación requerida. Asimismo, se observa que el presupuesto o factura aportado no se corresponde con la necesidad descrita.",Sí,Sí,Sí,Sí,Sí,1
AES-2025-00404,Dolores Cabrera Castro,Mujer,Extracomunitaria,20,5,2,Desempleo con prestación,Alquiler,Suministros básicos,No,Ribera,Sede electrónica,979,0.33,639,480,165,1,907,"Estamos en una situación muy difícil con tantos niños en casa y ahora me ha llegado un aviso de corte de luz, agua o gas por facturas impagadas. No sé qué hacer porque no me llega el dinero.",Pagar los recibos de los suministros básicos.,La persona solicitante informa sobre la recepción de avisos de corte de suministros básicos. Se ha verificado el estado de las facturas pendientes durante la entrevista.,Sí,Sí,Sí,Sí,Sí,1
AES-2025-00405,Inés Iglesias Vázquez,Mujer,Española,81,2,0,Pensionista,Alquiler,Otros gastos,No,Ensanche,Presencial,721,0.6,358,670,11,2,224,La pensión no da para todo lo que ha subido la vida últimamente. Me gustaría contar con este apoyo para poder estar un poco más tranquila.,Comprar un teléfono móvil nuevo.,La persona solicitante ya recibió una ayuda municipal por el mismo concepto hace pocos meses. Se constata la situación económica actual mediante la documentación aportada.,Sí,Sí,Sí,Sí,Sí,0
AES-2025-00406,Diego Díaz Domínguez,Hombre,Española,27,5,1,Desempleo con prestación,Alquiler,Material escolar,No,La Vega,Sede electrónica,775,0.26,659,120,19,0,244,La cosa está muy mal porque perdí el empleo hace pocos meses y no tengo otros ingresos estables. Mis hijos necesitan el material para el colegio y no tengo dinero para comprarlo.,Comprar el material escolar necesario.,La persona solicitante se encuentra en situación de desempleo reciente. Se ha comprobado la composición de la unidad de convivencia y la situación de los menores.,Sí,Sí,Sí,Sí,Sí,1
AES-2025-00407,Jorge Rubio Navarro,Hombre,Española,19,1,0,Desempleo sin prestación,Cedida o familiar,Gastos sanitarios,No,Las Eras,Presencial,87,0.14,0,280,42,0,0,En mi familia tenemos una enfermedad grave o crónica que requiere gastos que la sanidad pública no cubre. Se nos hace imposible pagar el tratamiento por nuestra cuenta.,Cubrir gastos de medicación y tratamiento sanitario.,La persona solicitante aporta los informes médicos que acreditan la patología crónica descrita. Se han detallado los gastos farmacéuticos no cubiertos por el sistema público.,Sí,No,Sí,Sí,Sí,1
AES-2025-00408,Dolores Sanz Quispe,Mujer,Extracomunitaria,44,3,2,Empleo precario o parcial,Hipoteca,Alquiler o hipoteca,No,Centro,Presencial,623,0.35,316,1070,109,1,0,Con el sueldo que tengo no alcanzo a pagar la hipoteca y dar de comer a mis hijos. Estoy pasando por un momento muy duro y no veo salida.,Pagar la cuota de la hipoteca.,La persona solicitante manifiesta no contar con red de apoyo familiar ni social. Se ha revisado la documentación relativa a la titularidad de la vivienda y las cuotas pendientes.,Sí,Sí,Sí,Sí,Sí,1
AES-2025-00409,Dolores González Hernández,Mujer,Española,40,1,0,Desempleo sin prestación,Sin hogar,Gastos sanitarios,No,San Antón,Presencial,0,0.0,0,170,84,1,0,"Ahora mismo no tengo nada, ni casa. Además, tengo una enfermedad grave o crónica en la familia con gastos que la sanidad pública no cubre, y estoy desesperada.",Pagar gastos médicos y de salud.,La persona solicitante se encuentra en situación de calle. Se han verificado los gastos sanitarios extraordinarios mencionados mediante la documentación aportada.,Sí,Sí,Sí,Sí,Sí,1
AES-2025-00410,Daniela Gómez Marín,Mujer,Extracomunitaria,60,4,1,Incapacidad o dependencia,Sin hogar,Alimentación e higiene,Sí,Centro,Sede electrónica,656,0.27,0,440,122,0,0,Tengo una discapacidad y se me hace muy difícil buscar trabajo para mantener a mi familia. No tenemos ingresos suficientes para comprar comida.,Adquisición de alimentos y productos de higiene.,La persona solicitante presenta una situación de vulnerabilidad extrema y carencia de vivienda. Se ha valorado la situación de salud de los miembros de la unidad de convivencia.,Sí,Sí,Sí,Sí,No,1
AES-2025-00411,Javier Rojas Mendoza,Hombre,UE,38,2,1,Desempleo con prestación,Alquiler,Alquiler o hipoteca,Sí,Ribera,Presencial,599,0.5,632,1160,57,0,0,Estoy desesperado porque me han abierto un procedimiento de desahucio por impago de la vivienda. Crío yo solo a mis hijos sin apoyo del otro progenitor y no sé cómo voy a salir de esta.,Pagar las mensualidades atrasadas del alquiler.,La persona solicitante no ha acudido a las citas del plan de intervención ni ha aportado la documentación solicitada. Consta en el expediente que existe una fecha de lanzamiento fijada por el juzgado.,Sí,Sí,Sí,Sí,Sí,1
AES-2025-00412,Dolores Martín Marín,Mujer,Española,44,3,0,Desempleo sin prestación,Alquiler,Alimentación e higiene,No,Centro,Sede electrónica,808,0.45,720,340,33,1,0,La situación en casa está muy mal y no llegamos ni para comer. A ver si nos pueden echar una mano otra vez porque las cosas están muy caras.,Compra de alimentos y productos de limpieza.,La persona solicitante cumple el plan de intervención social y acude a todas las citas programadas. Se observa que ya recibió una ayuda municipal por el mismo concepto hace pocos meses.,Sí,Sí,Sí,Sí,Sí,1
AES-2025-00413,Mercedes Cabrera Rodríguez,Mujer,Española,73,2,0,Pensionista,Hipoteca,Gastos sanitarios,No,Ribera,Presencial,1060,0.88,324,60,33,1,288,Tengo una enfermedad grave en la familia con gastos que la sanidad pública no me cubre y mi pensión no da para tanto. No me queda otra que pedir ayuda.,Cubrir gastos de medicación no financiada.,La persona solicitante no cuenta con red de apoyo familiar ni social. Se constata que ya recibió una ayuda municipal por el mismo concepto hace pocos meses.,Sí,Sí,Sí,Sí,Sí,0
AES-2025-00414,Javier Delgado López,Hombre,Española,26,2,1,Desempleo sin prestación,Cedida o familiar,Otros gastos,No,San Antón,Sede electrónica,406,0.34,0,450,17,0,205,Perdí el empleo hace pocos meses y no tengo otros ingresos estables. Soy familia monoparental y crío sola a mis hijos sin ayuda de nadie.,Pagar una reforma estética en la cocina.,La persona solicitante cumple el plan de intervención social y acude a todas las citas. Se ha verificado que la finalidad declarada no corresponde a una necesidad básica.,Sí,Sí,Sí,Sí,Sí,1
AES-2025-00415,Laura Martín Gómez,Mujer,Española,27,4,3,Desempleo con prestación,Alquiler,Otros gastos,No,Las Eras,Presencial,1312,0.55,379,950,88,0,0,"Es muy complicado seguir adelante, soy familia monoparental y crío sola a mis hijos sin apoyo del otro progenitor. A ver si me pueden ayudar con estos gastos.",Pagar facturas pendientes del hogar.,La persona solicitante no cuenta con red de apoyo familiar ni social en el municipio. Se ha procedido a la valoración de la situación económica actual de la unidad de convivencia.,Sí,Sí,Sí,Sí,Sí,1
AES-2025-00416,Raquel Jiménez Quispe,Mujer,Española,32,1,0,Empleo precario o parcial,Alquiler,Gastos sanitarios,Sí,Ribera,Presencial,708,1.18,818,560,14,0,87,Tengo una enfermedad crónica en la familia con gastos que la sanidad pública no cubre y apenas me llega el sueldo. Necesito el dinero para poder seguir con mi tratamiento.,Pago de tratamiento médico específico.,La persona solicitante cumple el plan de intervención social y acude a todas las citas. Se ha adjuntado la documentación médica justificativa de la patología crónica mencionada.,Sí,Sí,Sí,Sí,Sí,0
AES-2025-00417,María Gómez Romero,Mujer,Española,80,2,0,Pensionista,Cedida o familiar,Gastos sanitarios,No,San Antón,Presencial,976,0.81,0,380,21,1,0,Tengo una enfermedad grave en la familia con gastos que la sanidad pública no cubre y la pensión se me va en todo. Espero que me puedan ayudar.,Compra de productos ortopédicos.,La persona solicitante no ha acudido a las citas del plan de intervención ni ha aportado lo que se le pidió. No se ha podido completar la actualización del expediente administrativo.,Sí,Sí,Sí,Sí,Sí,0
AES-2025-00418,Isabel Popescu Martínez,Mujer,Española,63,5,0,Desempleo sin prestación,Cedida o familiar,Alimentación e higiene,No,Centro,Sede electrónica,0,0.0,0,340,17,1,0,"Me quedé en la calle, perdí el empleo hace pocos meses y no tengo otros ingresos estables. Estoy viviendo de prestado y no tengo ni para la comida básica.",Compra de alimentos de primera necesidad.,Se ha realizado entrevista inicial donde la persona solicitante manifiesta carecer de fuentes de ingresos estables tras la pérdida de su empleo. Se deriva a la unidad de empleo para valorar su inserción laboral.,Sí,Sí,Sí,Sí,Sí,1
AES-2025-00419,Rosa Medina Rubio,Mujer,Española,62,6,0,Desempleo con prestación,Cedida o familiar,Suministros básicos,No,Centro,Presencial,802,0.22,0,400,57,1,733,"Perdí el empleo hace pocos meses y no tengo otros ingresos estables para mantener a mi familia. Me ha llegado un aviso de corte de luz, agua o gas por facturas impagadas y me da miedo que nos corten todo.",Pago de facturas de suministros básicos.,La persona solicitante cumple el plan de intervención social y acude a todas las citas. Se han verificado los avisos de impago presentados por los suministradores de servicios.,Sí,Sí,Sí,Sí,Sí,1
AES-2025-00420,Alberto Sánchez Navarro,Hombre,Extracomunitaria,80,2,0,Pensionista,Cedida o familiar,Suministros básicos,No,Centro,Presencial,1137,0.95,0,260,34,1,824,"La pensión no da para más con la subida de los precios y me ha llegado un aviso de corte de luz, agua o gas por facturas impagadas. No sé qué más hacer para poder pagar.",Pagar los recibos de la luz y el agua.,Se ha constatado la recepción de avisos de interrupción del suministro por impago. Se está realizando el seguimiento para verificar la situación actual de los recibos pendientes.,Sí,Sí,Sí,Sí,Sí,0
AES-2025-00421,Alberto Mendoza Cabrera,Hombre,Extracomunitaria,63,4,0,Empleo estable,Alquiler,Gastos sanitarios,En trámite,Ensanche,Presencial,1648,0.69,413,700,118,0,0,La verdad es que no damos abasto con los gastos de la medicación que nos mandan para la enfermedad grave que tenemos en casa y que la pública no nos cubre. Encima nos ha llegado una carta y tenemos un procedimiento de desahucio por impago de la vivienda abierto.,Pagar los gastos médicos que no cubre la seguridad social.,La persona solicitante tiene un procedimiento judicial de desahucio con fecha de lanzamiento ya fijada. Se observa adherencia al plan de intervención social y asistencia puntual a todas las citas programadas.,Sí,Sí,Sí,Sí,Sí,1
AES-2025-00422,María Fuentes Castro,Mujer,Española,26,1,0,Empleo precario o parcial,Cedida o familiar,Alimentación e higiene,No,La Vega,Sede electrónica,756,1.26,0,440,13,0,243,Estoy trabajando pero me pagan muy poco y no me llega para comer y comprar cosas de aseo. La cosa está muy mal y necesito ayuda para tirar adelante este mes.,Compra de productos de alimentación y productos básicos de higiene.,La persona solicitante presenta una situación de vulnerabilidad económica derivada de un contrato laboral a tiempo parcial con bajos ingresos. Se ha verificado la carencia de recursos para cubrir necesidades básicas de alimentación.,Sí,Sí,Sí,Sí,Sí,0
AES-2025-00423,Juan López Delgado,Hombre,Española,49,1,0,Incapacidad o dependencia,Hipoteca,Suministros básicos,Sí,Centro,Sede electrónica,509,0.85,512,190,216,0,831,Tengo una discapacidad y con lo que cobro de pensión apenas me llega para pagar la hipoteca y los recibos de la luz. Estoy muy ahogado y no puedo pagar los suministros básicos.,Abonar los recibos pendientes de suministros del hogar.,La persona solicitante percibe una pensión por incapacidad que resulta insuficiente para cubrir los gastos de vivienda y el mantenimiento básico. Se constata una situación de sobreendeudamiento debido a los costes hipotecarios.,Sí,Sí,Sí,Sí,Sí,0
AES-2025-00424,Rosa Mendoza Castillo,Mujer,Extracomunitaria,31,3,0,Empleo estable,Hipoteca,Alimentación e higiene,No,La Vega,Presencial,1617,0.9,657,160,88,2,0,"Aunque los dos trabajamos, la hipoteca nos come todo el sueldo. No nos queda dinero para hacer una compra decente y necesitamos ayuda para comer.",Cubrir gastos de alimentación para el núcleo familiar.,La persona solicitante manifiesta dificultades para cubrir necesidades básicas de alimentación debido a la elevada carga hipotecaria. Los ingresos del hogar se destinan en gran parte al mantenimiento de la vivienda.,Sí,Sí,Sí,Sí,Sí,0
AES-2025-00425,Isabel Delgado García,Mujer,Española,59,2,0,Incapacidad o dependencia,Alquiler,Alquiler o hipoteca,Sí,La Vega,Sede electrónica,707,0.59,430,800,212,0,0,"Estoy enferma y apenas puedo moverme, me cuesta mucho pagar el alquiler cada mes. No tengo a nadie que me pueda echar una mano y estoy muy apurada.",Pagar el alquiler de mi vivienda habitual.,La persona solicitante no cuenta con red de apoyo familiar ni social. Se observa un cumplimiento riguroso del plan de intervención social y asistencia constante a todas las citas.,Sí,Sí,Sí,Sí,Sí,1
AES-2025-00426,Lucía Jiménez Ruiz,Mujer,Española,69,2,0,Pensionista,Habitación realquilada,Suministros básicos,No,Ribera,Presencial,847,0.71,190,320,60,0,216,"Soy pensionista y la pensión no me da para todo. Vivo en una habitación y los recibos de la luz y el agua han subido un montón, no llego a fin de mes.",Pago de facturas de suministros básicos.,La persona solicitante presenta una pensión contributiva ajustada que se ve mermada por el incremento en el coste de los suministros básicos. El gasto en concepto de alojamiento se sitúa dentro de la media del mercado para habitaciones compartidas.,Sí,Sí,Sí,Sí,Sí,0
AES-2025-00427,Teresa Fernández Rojas,Mujer,UE,55,4,0,Desempleo sin prestación,Hipoteca,Otros gastos,No,Las Eras,Presencial,291,0.12,547,750,92,0,0,"Estamos los dos en paro y no tenemos ninguna ayuda, es una situación desesperada para poder pagar la hipoteca y los gastos diarios. A ver si nos pueden ayudar con algo porque no tenemos ingresos.",Gastos derivados de la situación de carencia de ingresos.,"La persona solicitante carece actualmente de ingresos por desempleo, viéndose imposibilitada para hacer frente a la hipoteca. Se confirma que cumple el plan de intervención social y acude a todas las citas.",Sí,Sí,Sí,Sí,Sí,1
AES-2025-00428,Alberto Ruiz Moreno,Hombre,Española,56,1,0,Empleo precario o parcial,Habitación realquilada,Alimentación e higiene,No,San Antón,Presencial,764,1.27,206,160,139,1,158,"Pues nada, que gano una miseria con el trabajo que tengo y me falta para comer. Estoy solo y no tengo a nadie que me ayude, esto es muy duro.",Compra de comida y productos de higiene.,La persona solicitante no cuenta con red de apoyo familiar ni social. Se ha detectado que el presupuesto o factura aportado no se corresponde con la necesidad descrita.,Sí,Sí,Sí,No,Sí,0
AES-2025-00429,Valentina Hernández Moreno,Mujer,Española,48,4,0,Empleo precario o parcial,Habitación realquilada,Suministros básicos,No,San Antón,Presencial,807,0.34,189,130,77,0,839,"Entre el alquiler de la habitación y lo poco que gano, no me llega para pagar la luz y el agua. Necesito ayuda urgente para no quedarme sin suministros.",Abono de suministros básicos de la vivienda.,La unidad de convivencia presenta dificultades para sufragar los suministros básicos debido a los bajos ingresos derivados de un empleo precario. La persona solicitante cumple el plan de intervención social y acude a todas las citas.,Sí,Sí,Sí,Sí,Sí,0
AES-2025-00430,Rafael Martín López,Hombre,Española,31,1,0,Empleo precario o parcial,Hipoteca,Alquiler o hipoteca,No,Las Eras,Sede electrónica,807,1.34,628,970,221,0,0,"Me ha subido mucho la hipoteca y con el sueldo que tengo no me llega. Estoy solo y me veo muy apurado para pagar este mes, necesito un empujón.",Pago de cuotas hipotecarias.,La persona solicitante no cuenta con red de apoyo familiar ni social. Se verifica una situación de fragilidad económica ante el incremento de los gastos fijos asociados a la vivienda.,Sí,Sí,Sí,Sí,Sí,0
AES-2025-00431,Julia Castro Romero,Mujer,Española,26,6,4,Incapacidad o dependencia,Cedida o familiar,Alimentación e higiene,En trámite,San Antón,Presencial,844,0.23,0,420,30,0,0,"La cosa está muy mal en casa, somos muchos y no llego a final de mes con lo poco que entra. Necesito ayuda para poder comprar comida y cosas de limpieza para los niños porque no me llega para todo.",Compra de alimentos y productos básicos de higiene.,La unidad de convivencia presenta dificultades económicas para cubrir necesidades básicas de alimentación. La persona solicitante aporta documentación sobre la discapacidad en trámite. Se observa una carga familiar elevada debido al número de menores a cargo.,Sí,Sí,Sí,Sí,Sí,1
AES-2025-00432,Ramón Romero Martín,Hombre,Extracomunitaria,22,3,2,Incapacidad o dependencia,Alquiler,Suministros básicos,Sí,Ribera,Presencial,1019,0.57,467,230,111,0,1046,"Tengo a uno de mis hijos con una enfermedad crónica y los medicamentos y el tratamiento especial que necesita me cuestan un dinero que no tengo. Como soy padre soltero y crío a mis hijos yo solo, sin ayuda de nadie, me veo muy agobiado para pagar las facturas de luz y agua.",Pago de recibos de suministros básicos.,La persona solicitante acredita la discapacidad reconocida y mantiene una situación de monoparentalidad. Se verifica que cumple el plan de intervención social y acude a todas las citas programadas. La unidad familiar presenta gastos extraordinarios derivados de la patología de uno de los menores.,Sí,Sí,Sí,Sí,Sí,1
AES-2025-00433,Julia Fernández Castillo,Mujer,Española,42,1,0,Empleo precario o parcial,Alquiler,Alimentación e higiene,No,Centro,Sede electrónica,578,0.96,715,450,153,0,0,"Me han metido un procedimiento de desahucio por no poder pagar el alquiler y estoy desesperada. Con el sueldo que saco no me llega ni para la casa ni para comer, así que necesito apoyo urgente para la compra.",Compra de productos de alimentación básica.,La persona solicitante se encuentra en una situación de precariedad laboral con ingresos insuficientes para cubrir el coste de la vivienda. Existe constancia de un proceso de desahucio en curso. La situación habitacional es de extrema vulnerabilidad.,Sí,Sí,Sí,Sí,Sí,1
AES-2025-00434,Pilar Garrido Serrano,Mujer,Extracomunitaria,33,3,1,Desempleo sin prestación,Cedida o familiar,Material escolar,No,San Antón,Presencial,0,0.0,0,100,149,0,0,Estamos en una situación muy complicada porque no tenemos nada de ingresos ahora mismo. Necesito un poco de ayuda para poder comprar los libros y el material que le piden al peque en el colegio.,Adquisición de material escolar.,La persona solicitante carece de ingresos económicos estables en este momento. Se hace constar que no ha acudido a las citas del plan de intervención ni ha aportado la documentación requerida. Se mantiene la situación de desempleo sin prestación.,Sí,Sí,Sí,Sí,Sí,1
AES-2025-00435,Rosa Vázquez Ruiz,Mujer,Española,43,3,0,Empleo precario o parcial,Alquiler,Alquiler o hipoteca,Sí,Ribera,Sede electrónica,1267,0.7,411,320,109,0,221,"Tengo un desahucio abierto por impago del alquiler y estoy muy asustada por si me echan a la calle. Estoy haciendo todo lo posible por trabajar, pero no gano suficiente para cubrir los meses que debo.",Pago de cuotas de alquiler atrasadas.,"La persona solicitante presenta una situación de riesgo de pérdida de vivienda habitual debido a un procedimiento de desahucio por impago. Se verifica la existencia de discapacidad reconocida. La situación laboral actual es de precariedad, dificultando el mantenimiento de los gastos de vivienda.",Sí,Sí,Sí,Sí,Sí,1
AES-2025-00436,Carmen Ortega Álvarez,Mujer,Extracomunitaria,26,1,0,Desempleo con prestación,Hipoteca,Suministros básicos,No,Ensanche,Presencial,736,1.23,322,1800,23,0,425,Me ha llegado un aviso de corte de luz y agua porque no he podido pagar los últimos recibos. Estoy muy agobiada porque me han subido la hipoteca y ya no sé de dónde sacar para pagar los suministros básicos.,Pago de facturas de suministros básicos impagadas.,La persona solicitante cumple el plan de intervención social y acude a todas las citas. Se constata la ausencia de red de apoyo familiar ni social en la zona. Existe una situación de riesgo de corte de suministros básicos debido a los impagos acumulados.,Sí,Sí,Sí,Sí,Sí,0
AES-2025-00437,Paula Gómez Jiménez,Mujer,Española,24,2,0,Empleo estable,Cedida o familiar,Alimentación e higiene,No,La Vega,Presencial,1651,1.38,0,310,114,0,0,"Aunque trabajo, la situación se me ha complicado este mes y necesito un apoyo para la compra básica. No suelo pedir nada, pero ahora mismo me veo muy apurada para llegar a final de mes.",Compra de alimentos y productos de higiene.,La persona solicitante mantiene un empleo estable y colabora activamente con los servicios sociales. Se constata que cumple el plan de intervención social y acude a todas las citas programadas. La unidad familiar no presenta gastos de vivienda al residir en vivienda cedida.,Sí,Sí,Sí,Sí,Sí,0
AES-2025-00438,Andrés Fuentes Fuentes,Hombre,UE,21,2,0,Incapacidad o dependencia,Habitación realquilada,Alquiler o hipoteca,En trámite,La Vega,Sede electrónica,856,0.71,247,1120,2,0,0,La vida está muy cara y con la discapacidad que tengo y lo poco que recibo no me alcanza para pagar el alquiler de la habitación donde vivo. Se me están acumulando los meses y temo que me echen a la calle pronto.,Pago de mensualidades de alquiler.,"La persona solicitante percibe ingresos por incapacidad, con la discapacidad en trámite. La vivienda actual consiste en una habitación realquilada. Se observa una desproporción entre los ingresos mensuales y el gasto de vivienda asumido.",Sí,Sí,Sí,Sí,Sí,0
AES-2025-00439,Nadia Jiménez Marín,Mujer,UE,51,1,0,Desempleo con prestación,Habitación realquilada,Otros gastos,No,La Vega,Sede electrónica,526,0.88,185,720,18,0,0,Me quedé sin empleo hace pocos meses y la verdad es que esto se me ha venido encima muy rápido. No tengo ningún otro ingreso y me estoy viendo muy mal para pagar el alquiler y mis gastos diarios.,Pago de necesidades básicas.,"La persona solicitante ha perdido su empleo recientemente, pasando a percibir la prestación por desempleo. Se verifica que no cuenta con red de apoyo familiar ni social en el territorio. Actualmente, sus únicos ingresos son la prestación contributiva.",Sí,Sí,Sí,Sí,Sí,1
AES-2025-00440,Fernando Díaz Muñoz,Hombre,Española,24,1,0,Empleo precario o parcial,Sin hogar,Suministros básicos,No,Ribera,Presencial,823,1.37,0,130,133,0,570,Me han avisado que me van a cortar la luz y el gas por no haber podido pagar las facturas. Estoy intentando salir adelante como puedo pero la situación es muy difícil.,Pago de facturas de suministros básicos.,"La persona solicitante se encuentra en situación de exclusión residencial. En la visita se constatan ingresos no declarados, derivados de trabajos sin contrato y ayuda externa. Existe riesgo inminente de corte de suministros básicos por impago.",Sí,Sí,Sí,Sí,Sí,0
AES-2025-00441,Silvia Delgado Sanz,Mujer,Española,57,5,1,Desempleo con prestación,Habitación realquilada,Gastos sanitarios,No,Las Eras,Presencial,1162,0.39,301,220,33,0,0,"Necesito ayuda para pagar unas gafas graduadas que me han recetado. Con el sueldo que entra en casa y siendo tantos, no llegamos a todo.",Pago de gafas graduadas.,La persona solicitante presenta gastos sanitarios necesarios para el mantenimiento de su salud. Se constata que cumple el plan de intervención social y acude a todas las citas programadas.,Sí,Sí,Sí,Sí,Sí,1
AES-2025-00442,Juan Navarro Fernández,Hombre,Española,61,6,0,Desempleo con prestación,Alquiler,Alquiler o hipoteca,No,Ensanche,Presencial,668,0.19,628,1320,20,1,0,"La verdad es que la cosa está muy mal, el alquiler nos ahoga cada mes. No sé cómo vamos a hacer frente al pago si no nos echan una mano.",Pagar el alquiler de la vivienda.,Se observa una situación de sobreendeudamiento debido al elevado coste de la vivienda respecto a los ingresos. La persona solicitante ya recibió una ayuda municipal por el mismo concepto hace pocos meses.,Sí,Sí,Sí,Sí,Sí,0
AES-2025-00443,David Fernández Sánchez,Hombre,Española,60,3,0,Desempleo sin prestación,Habitación realquilada,Suministros básicos,No,Las Eras,Sede electrónica,63,0.04,284,410,172,2,607,"Me han despedido hace pocos meses y no tengo otros ingresos estables ahora mismo. Me ha llegado un aviso de corte de luz, agua o gas por facturas impagadas y no sé qué hacer.",Pagar las facturas de suministros.,La persona solicitante se encuentra en situación de vulnerabilidad por cese de actividad laboral. Se verifica la existencia de facturas pendientes que motivan la solicitud.,Sí,Sí,Sí,Sí,Sí,1
AES-2025-00444,Fátima Castro López,Mujer,Española,42,2,1,Desempleo sin prestación,Cedida o familiar,Material escolar,No,Ribera,Sede electrónica,448,0.37,0,210,11,0,0,Soy madre soltera y crío sola a mis hijos sin apoyo del otro progenitor. Necesito comprar el material escolar para el curso y la situación económica en casa es muy complicada.,Compra de material escolar.,La unidad de convivencia es una familia monoparental con escasos recursos. La persona solicitante no ha acudido a las citas del plan de intervención ni ha aportado la documentación requerida hasta la fecha.,Sí,Sí,No,Sí,Sí,0
AES-2025-00445,Joaquín Pérez Lozano,Hombre,Extracomunitaria,59,2,0,Desempleo sin prestación,Cedida o familiar,Alimentación e higiene,No,Ensanche,Sede electrónica,347,0.29,0,320,128,1,0,Perdí el empleo hace pocos meses y no tengo otros ingresos estables para tirar adelante. Estamos pasando mucha necesidad para poder comer.,Compra de alimentos y productos de higiene.,La persona solicitante carece de ingresos laborales actuales y presenta dificultades para cubrir necesidades básicas. Consta que ya recibió una ayuda municipal por el mismo concepto hace pocos meses.,Sí,Sí,Sí,Sí,Sí,1
AES-2025-00446,Ioana Ramos Rojas,Mujer,Española,47,3,1,Desempleo con prestación,Habitación realquilada,Suministros básicos,No,San Antón,Presencial,871,0.48,276,120,22,1,1189,"Desde que perdí el empleo hace pocos meses no tengo otros ingresos estables. Me ha llegado un aviso de corte de luz, agua o gas por facturas impagadas que no puedo pagar.",Pago de recibos de suministros.,La situación económica del hogar se ha deteriorado tras la pérdida del empleo. Se constata la interrupción de suministros básicos por falta de abono de facturas.,Sí,Sí,Sí,Sí,Sí,1
AES-2025-00447,Diego Martínez Martínez,Hombre,Extracomunitaria,31,1,0,Desempleo sin prestación,Alquiler,Alimentación e higiene,No,Las Eras,Presencial,0,0.0,485,140,234,1,126,Estoy fatal porque tengo abierto un procedimiento de desahucio por impago de la vivienda. No tengo absolutamente nada para comer ni para mis necesidades diarias.,Alimentos y productos de higiene.,La persona solicitante presenta una situación de riesgo de exclusión residencial y carencia de medios de vida. No cuenta con red de apoyo familiar ni social y no ha acudido a las citas del plan de intervención ni ha aportado lo que se le pidió.,Sí,Sí,Sí,Sí,Sí,0
AES-2025-00448,Rosa García Gil,Mujer,Española,58,5,3,Empleo precario o parcial,Alquiler,Gastos sanitarios,Sí,Las Eras,Sede electrónica,1364,0.45,677,130,112,0,0,"En casa tenemos una enfermedad grave o crónica en la familia con gastos que la sanidad pública no cubre. Con los niños y lo que ganamos, no nos queda nada para estos tratamientos.",Gastos farmacéuticos.,La persona solicitante acredita una situación de cronicidad en la unidad de convivencia. Se requiere apoyo externo para sufragar los costes sanitarios no cubiertos por el sistema público.,Sí,Sí,Sí,Sí,Sí,1
AES-2025-00449,Dolores Ramos Sánchez,Mujer,Española,31,3,0,Desempleo sin prestación,Hipoteca,Gastos sanitarios,No,Ensanche,Sede electrónica,336,0.19,302,290,38,0,0,"Perdí el empleo hace pocos meses y no tengo otros ingresos estables. Además, hay una enfermedad grave o crónica en la familia con gastos que la sanidad pública no cubre y no doy abasto.",Tratamiento médico y medicación.,"La persona solicitante manifiesta una situación de crisis económica sobrevenida por desempleo y problemas de salud. No cuenta con red de apoyo familiar ni social, aunque cumple el plan de intervención social y acude a todas las citas.",Sí,Sí,Sí,Sí,Sí,1
AES-2025-00450,Daniela Garrido Moreno,Mujer,Extracomunitaria,70,1,0,Pensionista,Cedida o familiar,Alimentación e higiene,No,Ribera,Sede electrónica,666,1.11,0,240,49,0,0,"La pensión no me llega para todo lo que necesito. Con lo poco que cobro, muchas veces tengo que elegir entre pagar o comer.",Alimentos y artículos de aseo.,La persona solicitante vive sola con unos ingresos limitados a su prestación contributiva. Se observa una dificultad creciente para cubrir los gastos de alimentación y necesidades básicas mensuales.,Sí,Sí,Sí,No,Sí,0
AES-2025-00451,Luis Ortega Benali,Hombre,Española,78,2,0,Pensionista,Habitación realquilada,Alquiler o hipoteca,No,La Vega,Presencial,841,0.7,230,920,56,0,196,No me llega para pagar y me han metido en un procedimiento de desahucio por impago de la vivienda. Estoy muy angustiado porque no sé qué hacer con esta situación.,Pagar las mensualidades de alquiler atrasadas.,La persona solicitante no cuenta con red de apoyo familiar ni social. Se constata que cumple el plan de intervención social y acude a todas las citas programadas.,Sí,Sí,No,Sí,Sí,1
AES-2025-00452,Nadia Benali García,Mujer,Española,31,2,1,Empleo estable,Hipoteca,Alquiler o hipoteca,No,Ribera,Sede electrónica,1395,1.16,656,750,24,0,0,Me han iniciado un procedimiento de desahucio por impago de la vivienda y ya no sé a quién acudir. Necesito ayuda urgente para no perder mi casa con mi hijo.,Ponerse al día con los recibos de la hipoteca.,"Existe una fecha de lanzamiento fijada por el juzgado. La persona solicitante es víctima de violencia de género, con orden de protección vigente. Asimismo, cumple el plan de intervención social y acude a todas las citas.",Sí,Sí,Sí,Sí,Sí,1
AES-2025-00453,Diego Ramos Marín,Hombre,Española,54,4,0,Incapacidad o dependencia,Alquiler,Alquiler o hipoteca,Sí,La Vega,Sede electrónica,1520,0.63,567,810,55,0,0,"Las cosas se han puesto muy difíciles y se me ha juntado todo, tengo un procedimiento de desahucio por impago de la vivienda abierto y estoy desesperado por mi familia.",Liquidar la deuda del alquiler actual.,La persona solicitante presenta una situación de vulnerabilidad económica grave. Se ha verificado la documentación relativa al proceso judicial de vivienda.,Sí,Sí,No,Sí,Sí,1
AES-2025-00454,María Blanco Ruiz,Mujer,UE,52,4,2,Desempleo sin prestación,Hipoteca,Alimentación e higiene,No,Ensanche,Presencial,0,0.0,364,400,25,1,0,"Llevo mucho tiempo buscando trabajo y no sale nada, la nevera está vacía y tengo a mis hijos conmigo. No sé cómo vamos a pasar este mes sin apoyo.",Compra de alimentos de primera necesidad y productos de higiene.,La persona solicitante carece de ingresos económicos en el hogar. Se observa una situación de necesidad básica que requiere atención inmediata.,Sí,Sí,Sí,Sí,Sí,0
AES-2025-00455,Mercedes Marín Quispe,Mujer,Extracomunitaria,44,2,1,Desempleo sin prestación,Alquiler,Suministros básicos,No,Ensanche,Presencial,288,0.24,399,290,59,0,957,Estoy muy mal porque ha perdido el empleo hace pocos meses y no tiene otros ingresos estables. Me veo ahogada con las facturas y no sé cómo voy a pagar la luz este mes.,Pago de facturas de suministro eléctrico pendientes.,La persona solicitante se encuentra en situación de desempleo reciente. Se han revisado los recibos de suministro presentados durante la entrevista.,Sí,Sí,Sí,Sí,Sí,1
AES-2025-00456,María Sánchez Popescu,Mujer,Extracomunitaria,54,4,2,Incapacidad o dependencia,Cedida o familiar,Suministros básicos,Sí,Ensanche,Presencial,512,0.21,0,260,87,0,437,"Vengo porque he recibido aviso de corte de luz, agua o gas por facturas impagadas. No tengo forma de cubrir este gasto con lo poco que entra en casa.",Evitar el corte de los suministros básicos de la vivienda.,La persona solicitante presenta una situación de precariedad agravada por una discapacidad reconocida. Se han verificado los avisos de corte notificados por las empresas suministradoras.,Sí,Sí,Sí,Sí,Sí,1
AES-2025-00457,Daniela Benali Gómez,Mujer,Extracomunitaria,34,4,3,Desempleo sin prestación,Habitación realquilada,Alimentación e higiene,En trámite,San Antón,Presencial,0,0.0,326,230,25,2,0,"Es muy duro porque ha perdido el empleo hace pocos meses y no tiene otros ingresos estables. Además, soy una familia monoparental: cría sola a sus hijos sin apoyo del otro progenitor y no sé cómo alimentarlos.",Compra de alimentos y productos de aseo básico.,La persona solicitante aporta documentación acreditativa de su situación de desempleo. Se observa una situación de alta vulnerabilidad debido a la composición de la unidad familiar.,Sí,Sí,Sí,Sí,Sí,1
AES-2025-00458,Daniela Jiménez Rodríguez,Mujer,Extracomunitaria,87,1,0,Pensionista,Alquiler,Suministros básicos,No,Ribera,Presencial,684,1.14,352,140,55,1,1246,"Tengo mucho miedo porque he recibido aviso de corte de luz, agua o gas por facturas impagadas y soy mayor. Apenas me llega la pensión para el alquiler y comer.",Pago de facturas pendientes de suministro.,La persona solicitante presenta una situación de vulnerabilidad por escasos ingresos. Se han comprobado los avisos de impago recibidos.,Sí,Sí,Sí,Sí,Sí,0
AES-2025-00459,Ioana Garrido Castro,Mujer,Española,85,2,0,Pensionista,Hipoteca,Suministros básicos,No,Centro,Sede electrónica,573,0.48,554,140,36,2,1232,"La situación es insostenible: tengo abierto un procedimiento de desahucio por impago de la vivienda y, por si fuera poco, he recibido aviso de corte de luz, agua o gas por facturas impagadas.",Pagar el recibo de la luz pendiente.,La persona solicitante cumple el plan de intervención social y acude a todas las citas. Se constata en el expediente que ya recibió una ayuda municipal por el mismo concepto hace pocos meses.,Sí,Sí,Sí,Sí,Sí,1
AES-2025-00460,Gloria Sánchez Serrano,Mujer,UE,48,1,0,Desempleo sin prestación,Cedida o familiar,Suministros básicos,No,Centro,Sede electrónica,428,0.71,0,390,223,0,860,"Estoy sola y desesperada, ya que he recibido aviso de corte de luz, agua o gas por facturas impagadas. No sé qué hacer porque no tengo a nadie que me ayude.",Liquidación de facturas de suministros básicos.,La persona solicitante no cuenta con red de apoyo familiar ni social. Se han verificado los documentos que acreditan la advertencia de corte de los suministros.,Sí,Sí,Sí,Sí,Sí,1
AES-2025-00461,Raquel Marín Castro,Mujer,Extracomunitaria,51,1,0,Empleo estable,Alquiler,Gastos sanitarios,No,Ensanche,Presencial,820,1.37,784,580,12,0,0,Tengo una enfermedad crónica que me obliga a comprar medicinas y suplementos que no me paga la seguridad social y ya no me llega el sueldo. Es una situación muy complicada y no sé cómo voy a seguir pagando todo esto yo sola.,Pago de gastos médicos y fármacos crónicos.,"La persona solicitante presenta una patología crónica que requiere desembolso económico adicional. Se observa que la documentación aportada, consistente en presupuestos médicos, no guarda relación directa con la necesidad económica descrita para la cobertura de los fármacos.",Sí,Sí,Sí,Sí,Sí,0
AES-2025-00462,Teresa Romero El Amrani,Mujer,Española,33,4,3,Empleo precario o parcial,Cedida o familiar,Suministros básicos,No,Las Eras,Presencial,1003,0.42,0,380,73,0,599,"La cosa está muy mal en casa, apenas llego a fin de mes con lo poco que saco trabajando y los niños necesitan comer y vestir. Los recibos de la luz y el agua han subido muchísimo y me es imposible hacerles frente.",Pago de facturas de suministros básicos del hogar.,La persona solicitante manifiesta dificultades para cubrir los costes de los suministros básicos de su vivienda. La unidad de convivencia presenta una situación de vulnerabilidad debido a la precariedad laboral y la carga familiar de tres menores a cargo.,Sí,Sí,Sí,Sí,Sí,1
AES-2025-00463,Isabel Benali Molina,Mujer,Española,58,1,0,Desempleo sin prestación,Cedida o familiar,Alimentación e higiene,Sí,La Vega,Presencial,333,0.56,0,420,31,1,0,"Me quedé sin curro hace tiempo y no cobro nada de paro, así que dependo de lo que me ayudan algunos conocidos para ir tirando. No tengo ni para comprar la comida de la semana ni los productos de aseo básicos.",Compra de alimentos y productos de higiene básica.,La persona solicitante se encuentra en situación de desempleo sin prestación ni ingresos estables. Se ha verificado que la unidad de convivencia recibió una ayuda municipal por el mismo concepto de alimentación e higiene hace pocos meses.,Sí,Sí,Sí,Sí,Sí,0
AES-2025-00464,Andrés Castro Hernández,Hombre,Española,36,3,2,Incapacidad o dependencia,Cedida o familiar,Suministros básicos,En trámite,San Antón,Presencial,1125,0.62,0,340,22,2,425,"Me han avisado de que me van a cortar la luz y el agua porque llevo varios meses sin poder pagar las facturas. Además, en mi familia hay una enfermedad grave que requiere muchos cuidados y gastos que la sanidad pública no cubre.",Evitar cortes de suministro y gastos de salud.,"La persona solicitante informa sobre una situación de impago de suministros básicos con aviso de corte inminente. Asimismo, se reporta la existencia de una enfermedad crónica en el núcleo familiar con sobrecostes sanitarios no cubiertos por el sistema público.",Sí,No,Sí,Sí,Sí,0
AES-2025-00465,María Romero Marín,Mujer,Española,62,2,0,Empleo precario o parcial,Alquiler,Otros gastos,No,La Vega,Presencial,849,0.71,680,140,30,0,0,"Con el alquiler que tengo y lo poco que gano con mis trabajos, estoy pasando mucha angustia porque apenas puedo comer. Me veo apurada cada mes y no sé a quién pedirle un poco de ayuda porque estoy sola.",Cubrir necesidades básicas cotidianas.,"La persona solicitante no cuenta con red de apoyo familiar ni social en su entorno. Cumple correctamente el plan de intervención social y acude a todas las citas programadas, si bien en la visita domiciliaria se han constatado ingresos no declarados mediante actividades irregulares.",Sí,Sí,Sí,Sí,Sí,0
AES-2025-00466,José Benali González,Hombre,Extracomunitaria,61,1,0,Empleo precario o parcial,Alquiler,Gastos sanitarios,No,Ribera,Presencial,757,1.26,562,140,9,0,0,Tengo una enfermedad bastante seria que requiere tratamientos que no están cubiertos y me sale muy caro cada mes. Con lo que gano en mi empleo parcial no me alcanza para pagar estas medicinas y seguir viviendo.,Adquisición de tratamientos médicos crónicos.,La persona solicitante padece una enfermedad grave que conlleva gastos sanitarios recurrentes no cubiertos por la red pública. Se hace constar que la persona solicitante no cuenta con red de apoyo familiar ni social para afrontar esta situación.,Sí,Sí,Sí,Sí,Sí,0
AES-2025-00467,Valentina Díaz Cabrera,Mujer,Extracomunitaria,77,2,0,Pensionista,Habitación realquilada,Gastos sanitarios,No,Las Eras,Sede electrónica,563,0.47,186,230,19,0,0,"Estoy muy mal de salud y necesito comprar unos medicamentos y material sanitario que no entran en la seguridad social. Con mi pensión, que es muy bajita, apenas tengo para el cuarto y la comida.",Compra de materiales y medicación sanitaria.,La persona solicitante presenta una dolencia crónica que requiere gastos sanitarios adicionales no cubiertos por la sanidad pública. Se observa que la persona solicitante no cuenta con red de apoyo familiar ni social.,Sí,Sí,Sí,Sí,Sí,0
AES-2025-00468,Daniela Molina Gómez,Mujer,Extracomunitaria,53,1,0,Empleo precario o parcial,Habitación realquilada,Alquiler o hipoteca,No,Ribera,Presencial,633,1.05,314,1020,33,1,0,Me han puesto una demanda de desahucio porque llevo varios meses sin poder pagar el alquiler de la habitación. Estoy muy desesperada porque no tengo a dónde ir y no sé cómo solucionar este problema.,Liquidación de deuda de alquiler para evitar el desahucio.,"La persona solicitante es víctima de violencia de género, con orden de protección en vigor. No cuenta con red de apoyo familiar ni social para hacer frente a la situación de riesgo residencial detectada.",Sí,Sí,Sí,Sí,Sí,1
AES-2025-00469,Ahmed Martín Quispe,Hombre,Española,33,2,0,Empleo precario o parcial,Hipoteca,Alquiler o hipoteca,No,Ribera,Presencial,1237,1.03,407,1350,9,0,0,La hipoteca se me ha puesto por las nubes y con el trabajo precario que tengo no llego a pagar las cuotas del banco. Estoy haciendo todo lo posible por salir adelante pero me está costando muchísimo.,Pago de cuotas atrasadas de la hipoteca.,La persona solicitante presenta dificultades para atender el pago de la hipoteca de la vivienda habitual. Se verifica que la persona solicitante cumple el plan de intervención social y acude a todas las citas programadas por este servicio.,Sí,Sí,Sí,Sí,Sí,0
AES-2025-00470,Laura López Blanco,Mujer,Extracomunitaria,23,3,1,Incapacidad o dependencia,Hipoteca,Gastos sanitarios,Sí,La Vega,Presencial,1139,0.63,594,400,75,0,0,"Tengo una enfermedad grave y los gastos que genera, al no estar cubiertos por la pública, son inasumibles para mí. Entre la hipoteca y la salud, se me hace imposible mantener a mi familia con mis ingresos actuales.",Pago de gastos médicos y farmacológicos.,La unidad de convivencia afronta gastos derivados de una enfermedad grave o crónica que no cubre la sanidad pública. La persona solicitante cumple el plan de intervención social y acude a todas las citas establecidas.,Sí,Sí,Sí,Sí,Sí,1
AES-2025-00471,Yolanda Delgado Navarro,Mujer,Extracomunitaria,82,2,0,Pensionista,Sin hogar,Suministros básicos,No,San Antón,Presencial,1017,0.85,0,450,212,1,128,La cosa está fatal porque me han mandado ya el aviso de que me van a cortar la luz y el agua por no haber podido pagar las últimas facturas. Estoy muy agobiada y no sé qué hacer.,Pagar las facturas de la luz y el agua que tengo pendientes.,La persona solicitante se encuentra en una situación de vulnerabilidad extrema. Consta en el expediente que ya recibió una ayuda municipal por el mismo concepto hace pocos meses.,Sí,Sí,Sí,Sí,Sí,1
AES-2025-00472,Emilio Benali Cabrera,Hombre,Española,58,6,1,Incapacidad o dependencia,Alquiler,Alquiler o hipoteca,Sí,San Antón,Sede electrónica,751,0.21,357,500,196,1,0,"En casa tenemos una enfermedad grave que nos cuesta mucho dinero cada mes en medicinas que no cubre la seguridad social. Con lo que entra y lo que pagamos de alquiler, no nos llega para vivir.",Pagar parte de la renta del alquiler de este mes.,La persona solicitante no ha acudido a las citas del plan de intervención ni ha aportado la documentación requerida. Se observa en el historial que ya recibió una ayuda municipal por el mismo concepto hace pocos meses.,Sí,Sí,Sí,Sí,Sí,1
AES-2025-00473,Ramón Lozano Pérez,Hombre,Española,25,4,2,Empleo precario o parcial,Alquiler,Material escolar,No,San Antón,Sede electrónica,984,0.41,537,2200,36,0,0,"La situación está muy complicada ahora mismo con los niños y el cole, no nos llega el sueldo para todo. Necesito ayuda para cubrir los gastos de los materiales que piden en el centro escolar.",Compra de libros y material escolar necesario para los menores.,La persona solicitante cumple con el plan de intervención social y acude a todas las citas programadas. No cuenta con red de apoyo familiar ni social para afrontar estos gastos extraordinarios.,Sí,Sí,Sí,Sí,Sí,1
AES-2025-00474,Wilson Quispe Vargas,Hombre,Española,69,2,0,Pensionista,Alquiler,Otros gastos,No,Ribera,Sede electrónica,1086,0.91,719,890,45,1,139,Llevamos unos meses con los gastos muy apretados y no nos sobra nada de la pensión. Necesitaría un apoyo económico para poder ir tirando con los gastos diarios de la casa.,Comprar un televisor de última generación para el salón.,La persona solicitante presenta una situación económica ajustada debido a sus ingresos limitados. Se ha realizado la entrevista técnica para valorar la situación de necesidad actual.,Sí,Sí,Sí,Sí,Sí,0
AES-2025-00475,Pilar Sanz Ortega,Mujer,Extracomunitaria,84,2,0,Pensionista,Alquiler,Alimentación e higiene,No,Ribera,Presencial,608,0.51,389,330,24,0,0,"Ya no puedo más, mi pensión es muy bajita y después de pagar el alquiler no me queda casi nada para comer. Estoy pasando mucha necesidad estos días.",Compra de alimentos básicos y productos de higiene.,La persona solicitante manifiesta dificultades para cubrir las necesidades básicas de alimentación. Se han revisado los ingresos mensuales y los gastos de vivienda constatando el desequilibrio presupuestario.,Sí,Sí,Sí,Sí,Sí,1
AES-2025-00476,Francisco El Amrani Fernández,Hombre,Extracomunitaria,17,1,0,Pensionista,Alquiler,Alquiler o hipoteca,No,Centro,Sede electrónica,779,1.3,847,1160,30,0,0,La verdad es que estoy en una situación muy difícil porque no me llega el dinero para pagar el piso. Estoy solo y no tengo a nadie que me pueda echar una mano con el alquiler.,Pagar las mensualidades de alquiler atrasadas.,La persona solicitante reside sola y presenta una carga económica que supera sus ingresos mensuales. Se ha realizado la entrevista para evaluar la situación de vivienda actual.,Sí,Sí,Sí,Sí,Sí,0
AES-2025-00477,Emilio Iglesias Lozano,Hombre,Extracomunitaria,53,4,0,Desempleo con prestación,Alquiler,Alimentación e higiene,No,Ensanche,Sede electrónica,1290,0.54,622,340,187,0,0,Estoy muy nervioso porque el dueño del piso me ha puesto una demanda y tengo abierto un procedimiento de desahucio por impago. No tengo otro sitio donde ir con mi familia.,Comprar productos de alimentación y limpieza básica.,La persona solicitante cumple el plan de intervención social y acude a todas las citas. Se observa que el presupuesto o factura aportado no se corresponde con la necesidad descrita en la solicitud.,Sí,Sí,Sí,Sí,Sí,1
AES-2025-00478,Valentina Hernández López,Mujer,Española,20,4,0,Desempleo con prestación,Alquiler,Alimentación e higiene,No,Ribera,Presencial,726,0.3,419,260,19,0,0,He intentado buscar trabajo de todas las formas pero no sale nada y la ayuda que cobro es muy poca. Necesito ayuda para poder llenar la nevera y comprar lo básico para casa.,Adquisición de productos de alimentación y primera necesidad.,La persona solicitante presenta una situación de desempleo prolongado. Se ha documentado la situación familiar y los ingresos mensuales disponibles para la unidad de convivencia.,Sí,Sí,Sí,Sí,Sí,1
AES-2025-00479,Laura Cabrera Iglesias,Mujer,Española,51,1,0,Desempleo con prestación,Alquiler,Alquiler o hipoteca,No,La Vega,Presencial,738,1.23,437,560,1,0,0,Me quedé en la calle hace unos meses después de perder mi trabajo y desde entonces todo ha ido a peor. No tengo ingresos estables y estoy pasando un momento muy malo.,Pago de las cuotas de alquiler pendientes.,"La persona solicitante es víctima de violencia de género, con orden de protección. No cuenta con red de apoyo familiar ni social, no ha acudido a las citas del plan de intervención ni ha aportado lo que se le pidió, y el presupuesto o factura aportado no se corresponde con la necesidad descrita.",Sí,Sí,Sí,Sí,Sí,0
AES-2025-00480,Gloria López González,Mujer,UE,47,3,3,Incapacidad o dependencia,Alquiler,Gastos sanitarios,En trámite,La Vega,Sede electrónica,1057,0.59,792,530,48,1,142,"Crio sola a mis hijos y es muy difícil salir adelante sin apoyo del otro progenitor. Además, en casa tenemos una enfermedad grave o crónica que requiere gastos médicos que no me cubre la sanidad pública.",Cubrir gastos de medicación y tratamientos médicos no cubiertos.,La persona solicitante es una familia monoparental que no cuenta con red de apoyo familiar ni social. Se constata en el expediente que ya recibió una ayuda municipal por el mismo concepto hace pocos meses.,Sí,Sí,Sí,Sí,Sí,1
AES-2025-00481,Paula Hernández Rojas,Mujer,Española,44,3,0,Desempleo con prestación,Alquiler,Suministros básicos,En trámite,Ribera,Sede electrónica,945,0.53,683,230,71,1,849,"Hola, estoy pasando una mala racha y me ha llegado una carta diciendo que me van a cortar la luz pronto si no pago lo que debo. No sé qué hacer porque no me llega el dinero para todo y estoy muy agobiada.",Pagar las facturas de la luz pendientes.,La persona solicitante manifiesta dificultades para cubrir los gastos básicos del hogar tras el abono del alquiler. Se ha verificado la recepción de un aviso de corte de suministro eléctrico por impago de facturas pendientes.,Sí,Sí,Sí,Sí,Sí,1
AES-2025-00482,Luis Blanco Cabrera,Hombre,Española,53,1,0,Empleo precario o parcial,Cedida o familiar,Otros gastos,No,Centro,Sede electrónica,817,1.36,0,250,168,0,0,La verdad es que la cosa está muy justa y me gustaría poder aprovechar este dinero para hacer una pequeña escapada que tengo pendiente desde hace años. Necesito desconectar un poco de tanta presión.,Financiar un viaje de ocio.,"La persona solicitante cumple puntualmente con el plan de intervención social y asiste a todas las citas programadas. No obstante, en el transcurso de la visita domiciliaria se han constatado ingresos no declarados derivados de trabajos informales esporádicos.",Sí,Sí,Sí,Sí,Sí,0
AES-2025-00483,Ioana Fernández Muñoz,Mujer,Española,53,1,0,Desempleo con prestación,Alquiler,Suministros básicos,No,San Antón,Sede electrónica,500,0.83,415,500,33,0,373,"Me han avisado de que me cortan el gas y la luz si no pago ya, estoy desesperada porque no tengo ni un euro. Por favor, necesito ayuda urgente porque si no me voy a quedar a oscuras y sin calefacción en casa.",Pagar la factura del gas.,"Se observa en la visita domiciliaria la existencia de ingresos no declarados provenientes de ayuda familiar. Asimismo, la documentación aportada mediante presupuesto no se corresponde con la cuantía ni el concepto de la necesidad económica descrita.",Sí,Sí,Sí,Sí,Sí,0
AES-2025-00484,Khadija Mendoza Cortés,Mujer,Española,84,2,0,Pensionista,Cedida o familiar,Alimentación e higiene,No,Ribera,Sede electrónica,873,0.73,0,300,43,2,180,"Se me hace muy cuesta arriba llegar a final de mes con la pensión que tengo. Con lo que suben los precios de la comida en el súper, apenas puedo comprar lo básico para ir tirando.",Compra de alimentos de primera necesidad.,La persona solicitante presenta una situación de fragilidad económica debido a unos ingresos limitados. Se ha realizado la entrevista para valorar la cobertura de necesidades básicas de alimentación e higiene.,Sí,Sí,Sí,Sí,Sí,0
AES-2025-00485,Mercedes Muñoz Hernández,Mujer,Extracomunitaria,48,4,3,Desempleo con prestación,Alquiler,Alquiler o hipoteca,No,Ensanche,Presencial,889,0.37,454,500,29,0,349,"Estoy sacando a mis hijos adelante yo sola y sin recibir nada del padre, lo que se me hace muy difícil. Con lo poco que cobro no me llega para pagar el alquiler de la casa y me da miedo que nos echen.",Pagar el alquiler de la vivienda.,La unidad de convivencia está formada por una familia monoparental donde la persona solicitante asume en solitario la crianza y los cuidados sin apoyo del otro progenitor. Se constatan dificultades para hacer frente al coste mensual del alquiler.,Sí,Sí,Sí,Sí,Sí,1
AES-2025-00486,Isabel Garrido Gómez,Mujer,Española,69,1,0,Pensionista,Hipoteca,Alimentación e higiene,No,Ribera,Presencial,813,1.35,330,320,198,2,0,"Como soy pensionista, el dinero que recibo no da para mucho y la verdad es que voy muy justa para comer bien. Me vendría muy bien una ayuda para poder hacer la compra del mes sin estar contando las monedas.",Cubrir gastos de alimentación.,La persona solicitante cumple rigurosamente con el plan de intervención social establecido. Se comprueba la situación de precariedad derivada de unos ingresos mensuales ajustados al nivel de gastos fijos.,Sí,Sí,Sí,Sí,Sí,0
AES-2025-00487,Sara Hernández Marín,Mujer,Española,46,3,1,Empleo estable,Alquiler,Alimentación e higiene,En trámite,San Antón,Sede electrónica,3616,2.01,707,450,194,0,0,"Entre los gastos del piso y lo que cuestan las cosas hoy en día, me veo muy apurada para llenar la despensa. Necesito un apoyo para la alimentación de mis hijos porque no llego a fin de mes.",Compra de productos básicos de alimentación.,Se observa que la persona solicitante no cuenta con red de apoyo familiar ni social para afrontar su situación actual. Se ha verificado que no ha acudido a las citas programadas del plan de intervención ni ha aportado la documentación requerida.,Sí,Sí,Sí,Sí,Sí,0
AES-2025-00488,Nerea Vázquez Marín,Mujer,Extracomunitaria,22,2,0,Empleo precario o parcial,Hipoteca,Alimentación e higiene,No,Ribera,Presencial,1107,0.92,338,170,121,1,78,"El sueldo que gano con mi trabajo a tiempo parcial no me alcanza para pagar la hipoteca y además poder comprar comida. Estoy intentando buscar algo mejor, pero de momento es lo que hay.",Compra de alimentos y productos de higiene.,La persona solicitante cumple con el plan de intervención social y las citas asignadas. Se registra en el expediente que ya recibió una ayuda municipal por el mismo concepto hace escasos meses.,Sí,Sí,Sí,Sí,Sí,0
AES-2025-00489,Daniela Benali Ramos,Mujer,Española,32,1,0,Desempleo con prestación,Alquiler,Alimentación e higiene,No,Las Eras,Sede electrónica,628,1.05,720,380,15,0,0,"Me quedé en el paro hace unos meses y la situación es insostenible porque no tengo otros ingresos. Estoy sola aquí y se me acumulan las facturas, no tengo a nadie que me pueda echar una mano.",Alimentación e higiene.,La persona solicitante se encuentra en situación de desempleo reciente sin otros recursos estables. Se constata la ausencia de red de apoyo familiar ni social que pueda proporcionar soporte a su situación.,Sí,Sí,Sí,Sí,Sí,0
AES-2025-00490,Elena González Hernández,Mujer,Española,25,1,0,Empleo precario o parcial,Hipoteca,Gastos sanitarios,No,Ensanche,Presencial,629,1.05,360,680,202,0,0,"Hola, es que estoy pasandolo muy mal con los gastos del dentista porque me hace falta una reconstrucción urgente y no me llega con lo que gano limpiando unas horas. No puedo pagar esto y la hipoteca a la vez, por favor necesito ayuda.",Pagar el tratamiento dental pendiente.,"La persona solicitante refiere encontrarse en situación de víctima de violencia de género, presentando orden de protección vigente. Durante la entrevista, se constatan ingresos no declarados derivados de trabajos ocasionales sin contrato. La vivienda habitual se encuentra gravada por una hipoteca vigente.",Sí,Sí,Sí,Sí,Sí,0
AES-2025-00491,David Vargas Lozano,Hombre,UE,80,2,0,Pensionista,Hipoteca,Suministros básicos,No,Centro,Presencial,994,0.83,465,230,162,1,759,"La situación está muy mal y me ha llegado un aviso de corte de luz, agua o gas por facturas impagadas que no puedo asumir. Mi pensión no da para tanto gasto.",Pagar los recibos pendientes.,La persona solicitante presenta una situación económica ajustada. Se observa que no cuenta con red de apoyo familiar ni social para afrontar los gastos derivados de la vivienda.,Sí,Sí,Sí,Sí,Sí,1
AES-2025-00492,Lucía Mendoza Cortés,Mujer,Extracomunitaria,63,5,0,Empleo precario o parcial,Hipoteca,Alimentación e higiene,No,Ensanche,Sede electrónica,478,0.16,605,380,16,2,0,"Trabajo muy pocas horas y no llego a fin de mes, los precios han subido una barbaridad. Necesito ayuda para poder comprar comida para mis hijos.",Compra de alimentos y productos básicos de higiene.,La unidad de convivencia presenta dificultades económicas persistentes. Se verifica que ya recibió una ayuda municipal por el mismo concepto hace pocos meses.,Sí,Sí,Sí,Sí,No,0
AES-2025-00493,Dolores Martínez Gómez,Mujer,Española,67,2,0,Pensionista,Sin hogar,Gastos sanitarios,No,Las Eras,Presencial,799,0.67,0,200,14,0,0,Tengo una enfermedad grave o crónica en la familia con gastos que la sanidad pública no cubre y mi pensión es muy baja. Es una situación desesperada.,Medicamentos y material sanitario necesario.,La persona solicitante se encuentra en una situación de vulnerabilidad extrema. Se constata que no cuenta con red de apoyo familiar ni social en el municipio.,Sí,Sí,Sí,Sí,Sí,1
AES-2025-00494,Valentina Vázquez Álvarez,Mujer,Española,63,3,0,Empleo precario o parcial,Alquiler,Alimentación e higiene,No,La Vega,Presencial,803,0.45,786,260,202,0,0,El sueldo que gano en el trabajo precario no me llega ni para pagar la mitad del alquiler. No sé qué hacer más.,Alimentación básica.,La persona solicitante manifiesta una situación de sobreendeudamiento debido al elevado coste de la vivienda en relación con sus ingresos mensuales.,Sí,Sí,Sí,Sí,Sí,0
AES-2025-00495,Andrea Hernández Iglesias,Mujer,Extracomunitaria,21,3,2,Desempleo sin prestación,Cedida o familiar,Alimentación e higiene,No,Ensanche,Presencial,159,0.09,0,170,62,0,0,Soy una familia monoparental: cría sola a mis hijos sin apoyo del otro progenitor. No tengo trabajo y no sé cómo voy a darles de comer este mes.,Compra de comida y productos de aseo.,"Durante la entrevista se observan carencias materiales significativas en la unidad de convivencia. En la visita se constatan ingresos no declarados (trabajos sin contrato, alquiler de una habitación o ayuda de familiares).",Sí,Sí,Sí,Sí,Sí,1
AES-2025-00496,Rafael Sanz Cabrera,Hombre,Extracomunitaria,62,1,0,Empleo precario o parcial,Alquiler,Otros gastos,No,Ensanche,Sede electrónica,723,1.21,778,1090,188,0,0,Mi situación es muy complicada porque el alquiler es demasiado alto. Necesito esta ayuda para poder seguir viviendo en mi casa.,Pago de deuda acumulada.,"Se constata que la persona solicitante no cuenta con red de apoyo familiar ni social. Asimismo, no ha acudido a las citas del plan de intervención ni ha aportado lo que se le pidió.",Sí,Sí,Sí,Sí,Sí,0
AES-2025-00497,Pedro Romero Muñoz,Hombre,Española,56,1,0,Desempleo sin prestación,Alquiler,Otros gastos,No,Ensanche,Sede electrónica,0,0.0,604,870,152,0,0,"Llevo mucho tiempo en el paro y ya no cobro nada, no tengo ningún ingreso para pagar el piso. Estoy desesperado.",Cubrir gastos pendientes.,La persona solicitante carece de ingresos estables y se encuentra en una situación de exclusión residencial inminente debido a la falta de pago del alquiler.,Sí,Sí,Sí,Sí,Sí,1
AES-2025-00498,María Castro Cortés,Mujer,Española,26,2,0,Desempleo con prestación,Alquiler,Otros gastos,En trámite,La Vega,Sede electrónica,885,0.74,817,350,24,0,0,"He perdido el empleo hace pocos meses y no tengo otros ingresos estables, estoy a la espera de que me den la discapacidad. Necesito un empujón.",Comprar un móvil nuevo.,La persona solicitante cumple el plan de intervención social y acude a todas las citas. Se mantiene una buena colaboración con los servicios sociales.,Sí,Sí,Sí,Sí,Sí,0
AES-2025-00499,Andrés Rodríguez Castillo,Hombre,Extracomunitaria,52,2,1,Empleo precario o parcial,Alquiler,Alquiler o hipoteca,No,Las Eras,Sede electrónica,714,0.59,502,530,19,0,303,"Soy una familia monoparental: cría sola a mis hijos sin apoyo del otro progenitor. Con lo poco que saco trabajando, no me alcanza para pagar el alquiler.",Pagar el alquiler de la vivienda.,La unidad de convivencia presenta una alta fragilidad económica. Se hace constar que la persona solicitante no cuenta con red de apoyo familiar ni social.,Sí,Sí,Sí,Sí,Sí,1
AES-2025-00500,Laura Ruiz Cabrera,Mujer,Extracomunitaria,31,3,1,Empleo precario o parcial,Alquiler,Suministros básicos,No,La Vega,Presencial,728,0.4,730,380,107,1,1010,"Me ha llegado un aviso de corte de luz, agua o gas por facturas impagadas y no tengo dinero para pagarlas porque el alquiler me consume todo el sueldo.",Pago de suministros.,La persona solicitante presenta facturas acumuladas de suministros básicos. Se evidencia una situación de precariedad laboral que impide hacer frente a los gastos corrientes.,Sí,Sí,Sí,Sí,Sí,1
AES-2025-00501,Aicha Fuentes Ruiz,Mujer,Española,64,1,0,Desempleo con prestación,Alquiler,Alquiler o hipoteca,Sí,Ribera,Presencial,499,0.83,492,460,100,0,0,"La cosa está muy mal, hace pocos meses que perdí mi trabajo y ahora mismo no tengo ningún otro ingreso estable. Para colmo, me han metido en un procedimiento de desahucio por impago de mi vivienda.",Pagar parte de la renta de mi alquiler.,La persona solicitante acude a todas las citas programadas y cumple con el plan de intervención social establecido.,Sí,Sí,Sí,Sí,Sí,1
AES-2025-00502,Dolores Domínguez Popescu,Mujer,UE,72,2,0,Pensionista,Alquiler,Gastos sanitarios,Sí,Ensanche,Presencial,845,0.7,631,210,26,0,0,"Tenemos una enfermedad grave en la familia que requiere gastos constantes que la sanidad pública no cubre. Además, estoy muy agobiada porque tengo abierto un procedimiento de desahucio por impago de la vivienda.",Comprar medicación y cubrir gastos médicos específicos.,Existe una fecha de lanzamiento fijada por el juzgado para el desalojo. La persona solicitante no ha acudido a las citas del plan de intervención ni ha aportado la documentación requerida.,Sí,Sí,Sí,Sí,Sí,1
AES-2025-00503,Yolanda Ortega Romero,Mujer,Extracomunitaria,50,1,0,Desempleo sin prestación,Habitación realquilada,Alquiler o hipoteca,Sí,Centro,Presencial,0,0.0,209,840,119,1,0,"No tengo trabajo ni ningún tipo de prestación, así que se me hace imposible pagar la habitación donde vivo. Necesito ayuda urgentemente porque no tengo donde ir.",Pago de mensualidades atrasadas de alquiler de habitación.,Existe una fecha de lanzamiento fijada por el juzgado. La persona solicitante ya recibió una ayuda municipal por el mismo concepto hace pocos meses.,Sí,Sí,Sí,Sí,Sí,1
AES-2025-00504,Silvia García Cortés,Mujer,Extracomunitaria,41,4,3,Desempleo con prestación,Cedida o familiar,Gastos sanitarios,No,Las Eras,Presencial,921,0.38,0,460,96,2,227,Tengo que cuidar de mis hijos sola porque no cuento con ningún apoyo del otro progenitor. Tenemos una enfermedad grave en casa que nos genera gastos médicos que la sanidad pública no cubre.,Cubrir gastos de tratamiento médico y especialistas privados.,La persona solicitante manifiesta no contar con red de apoyo familiar ni social. No ha acudido a las citas del plan de intervención ni ha aportado la documentación solicitada.,Sí,Sí,Sí,Sí,Sí,1
AES-2025-00505,Daniela Romero Gómez,Mujer,Extracomunitaria,72,2,0,Pensionista,Alquiler,Gastos sanitarios,No,Ribera,Sede electrónica,1035,0.86,708,250,110,1,0,Con la pensión que cobro apenas me llega para los gastos de la casa y los suministros. Necesito un apoyo para poder afrontar los gastos de salud que tengo este mes.,Adquisición de productos ortopédicos y medicación.,La persona solicitante expone dificultades económicas para cubrir gastos básicos de salud tras el pago del alquiler.,Sí,Sí,Sí,Sí,Sí,0
AES-2025-00506,Pilar Serrano Moreno,Mujer,Española,37,3,1,Empleo precario o parcial,Cedida o familiar,Suministros básicos,No,Centro,Presencial,935,0.52,0,100,52,2,420,La situación está fatal y me han mandado un aviso de corte de luz y agua porque no he podido pagar las últimas facturas. No sé qué hacer más para salir adelante.,Pago de facturas de suministros básicos impagadas.,La persona solicitante refiere carecer de red de apoyo familiar ni social en el municipio.,Sí,No,Sí,Sí,Sí,1
AES-2025-00507,Fernando Castro Moreno,Hombre,Española,57,3,2,Incapacidad o dependencia,Alquiler,Material escolar,Sí,La Vega,Sede electrónica,1622,0.9,391,130,73,0,0,"Estoy solo criando a mis hijos sin ayuda de nadie y la verdad que no damos abasto. Además, estoy viviendo una pesadilla porque tengo abierto un procedimiento de desahucio por impago de la vivienda.",Compra de libros y material escolar para mis hijos.,La persona solicitante es el único adulto responsable de los menores en la unidad de convivencia.,Sí,Sí,Sí,Sí,Sí,0
AES-2025-00508,Juan Vázquez Hernández,Hombre,UE,24,6,4,Empleo estable,Alquiler,Alimentación e higiene,En trámite,Centro,Presencial,1625,0.45,474,310,171,2,216,"Somos muchos en casa y aunque trabajo, el sueldo no nos da para cubrir todo lo que necesitamos para comer y mantener la higiene básica diaria.",Compra de alimentos y productos básicos de limpieza.,La persona solicitante manifiesta no contar con red de apoyo familiar ni social en la zona.,Sí,Sí,Sí,Sí,Sí,1
AES-2025-00509,Óscar García Gómez,Hombre,Española,23,5,1,Desempleo con prestación,Alquiler,Alimentación e higiene,No,Ensanche,Presencial,1095,0.36,733,380,212,0,0,Somos una familia grande y con la prestación por desempleo no nos llega ni para comprar la comida de todo el mes. Estamos pasando por una racha muy complicada.,Compra de alimentos de primera necesidad.,La unidad de convivencia presenta una situación de vulnerabilidad económica derivada de los altos gastos de vivienda en relación con los ingresos totales.,Sí,Sí,Sí,Sí,Sí,1
AES-2025-00510,Mercedes Gómez Pérez,Mujer,Española,36,4,2,Desempleo con prestación,Alquiler,Alquiler o hipoteca,No,San Antón,Presencial,521,0.22,516,1260,14,2,0,Hace pocos meses perdí el empleo y desde entonces no tengo otros ingresos estables para pagar nada. Estoy muy preocupada porque tengo abierto un procedimiento de desahucio por impago de la vivienda.,Abonar los meses de alquiler pendientes.,"La persona solicitante se encuentra en situación de desempleo reciente, lo que ha provocado el impago de las cuotas de alquiler.",Sí,Sí,Sí,Sí,Sí,1
AES-2025-00511,María Cortés Delgado,Mujer,Extracomunitaria,28,2,0,Incapacidad o dependencia,Sin hogar,Otros gastos,En trámite,La Vega,Sede electrónica,472,0.39,0,210,13,0,0,La situación se me ha vuelto muy difícil y no tengo medios para cubrir mis necesidades diarias. Apenas me llega para comer y estoy buscando cualquier ayuda.,Para gastos básicos de manutención.,La persona solicitante se encuentra en una situación de vulnerabilidad extrema. Se observa que no cuenta con red de apoyo familiar ni social.,Sí,Sí,Sí,Sí,Sí,1
AES-2025-00512,Paula Castro Navarro,Mujer,Española,41,5,3,Incapacidad o dependencia,Sin hogar,Alimentación e higiene,En trámite,Ribera,Sede electrónica,1034,0.34,0,190,123,1,0,En casa tenemos una enfermedad grave o crónica que requiere cuidados que la sanidad pública no cubre y eso nos deja sin dinero para la comida. Somos muchos y no llegamos a fin de mes.,Compra de alimentos de primera necesidad.,La unidad de convivencia presenta una situación de fragilidad económica. Se constata que el presupuesto o factura aportado no se corresponde con la necesidad descrita.,Sí,Sí,Sí,Sí,Sí,1
AES-2025-00513,Tomás Álvarez Rubio,Hombre,Española,78,2,0,Pensionista,Alquiler,Alimentación e higiene,Sí,Ensanche,Presencial,687,0.57,743,420,239,2,0,Con la pensión que cobro no me alcanza para pagar el alquiler y además comer. Es una situación muy angustiosa llegar a estos años así.,Para cubrir la compra de alimentos y productos básicos de limpieza.,La persona solicitante acude a la entrevista con puntualidad. Se verifica que cumple el plan de intervención social y acude a todas las citas.,Sí,Sí,Sí,Sí,Sí,1
AES-2025-00514,Joaquín Domínguez Rodríguez,Hombre,Extracomunitaria,46,4,1,Empleo precario o parcial,Cedida o familiar,Suministros básicos,No,San Antón,Presencial,1058,0.44,0,340,53,0,514,Me ha llegado una carta diciendo que me van a cortar la luz pronto porque no he podido pagar los recibos. Estoy muy preocupado por mis hijos.,Pago de los recibos de luz atrasados.,La unidad familiar manifiesta una situación de riesgo por impago de suministros. Se hace constar que la persona solicitante no cuenta con red de apoyo familiar ni social.,Sí,Sí,Sí,Sí,Sí,1
AES-2025-00515,Julia Muñoz Mendoza,Mujer,Española,86,2,0,Pensionista,Alquiler,Suministros básicos,No,Centro,Presencial,696,0.58,775,150,30,0,1214,"Estoy pasando por un momento muy malo y me han mandado un aviso de corte de luz, agua o gas por facturas impagadas. No sé qué hacer con lo poco que cobro.",Pagar las facturas pendientes para no perder los suministros.,Se ha comprobado documentalmente la existencia de avisos de interrupción de suministros energéticos básicos en la vivienda de la persona solicitante.,Sí,Sí,Sí,Sí,Sí,1
AES-2025-00516,Daniela Mendoza Quispe,Mujer,Extracomunitaria,27,3,0,Empleo precario o parcial,Cedida o familiar,Otros gastos,No,San Antón,Sede electrónica,1690,0.94,0,360,20,0,154,Necesito este dinero porque me ha surgido un gasto extra que no puedo asumir ahora mismo. A ver si me podéis echar una mano.,Pago de la celebración de un evento familiar.,La persona solicitante mantiene una actitud colaborativa. Se confirma que cumple el plan de intervención social y acude a todas las citas.,Sí,Sí,Sí,Sí,Sí,0
AES-2025-00517,David Díaz Gómez,Hombre,Extracomunitaria,28,5,0,Desempleo con prestación,Alquiler,Alimentación e higiene,No,La Vega,Presencial,1171,0.39,387,270,48,0,0,La cosa está muy mal porque tengo abierto un procedimiento de desahucio por impago de la vivienda y no tengo para comer. Estoy desesperado.,Adquisición de productos de alimentación básica.,La unidad de convivencia se encuentra en proceso de pérdida de su vivienda habitual. La persona solicitante manifiesta que no cuenta con red de apoyo familiar ni social.,Sí,Sí,Sí,Sí,Sí,1
AES-2025-00518,Nerea Gil Popescu,Mujer,Extracomunitaria,29,4,3,Desempleo con prestación,Alquiler,Alimentación e higiene,Sí,Centro,Sede electrónica,1078,0.45,429,400,173,0,0,"Soy una familia monoparental y crío sola a mis hijos sin apoyo del otro progenitor, por lo que es muy difícil mantener la casa con solo mi prestación. Necesito ayuda para la alimentación.",Compra de alimentos y productos de higiene familiar.,La persona solicitante es la única responsable del cuidado de tres menores. La unidad de convivencia presenta un nivel de ingresos insuficiente para cubrir las necesidades básicas.,Sí,Sí,Sí,Sí,Sí,1
AES-2025-00519,Mercedes Medina Blanco,Mujer,Española,43,4,0,Desempleo sin prestación,Cedida o familiar,Suministros básicos,No,San Antón,Sede electrónica,173,0.07,0,480,18,2,310,"Perdí el empleo hace pocos meses y no tengo otros ingresos estables, por lo que no puedo pagar los recibos y me ha llegado un aviso de corte de luz, agua o gas por facturas impagadas. La situación es desesperante.",Pago de suministros de la vivienda.,La persona solicitante presenta documentación que acredita la reciente situación de desempleo. Se observa el impago de suministros básicos por falta de recursos económicos.,Sí,Sí,Sí,Sí,Sí,1
AES-2025-00520,Andrea Garrido Martín,Mujer,Española,31,2,1,Desempleo sin prestación,Alquiler,Suministros básicos,No,San Antón,Sede electrónica,0,0.0,848,290,110,0,1111,"Desde que perdí el empleo hace pocos meses no tengo otros ingresos estables y ya no sé de dónde sacar para pagar. Me ha llegado un aviso de corte de luz, agua o gas por facturas impagadas.",Cubrir las facturas de agua y luz.,La persona solicitante se encuentra en una situación de carencia total de ingresos. Se ha verificado el riesgo inminente de corte de suministros básicos.,Sí,Sí,Sí,Sí,Sí,1
AES-2025-00521,Valentina García Torres,Mujer,Española,59,3,2,Empleo precario o parcial,Cedida o familiar,Otros gastos,No,Ribera,Presencial,1090,0.61,0,1130,208,1,0,Me veo muy apurada porque soy yo sola la que se encarga de todo en casa con los niños y no tengo ninguna ayuda del padre. La verdad es que no llego a fin de mes y se me hace muy cuesta arriba.,Necesito el dinero para hacer una reforma en la cocina.,La persona solicitante no ha acudido a las citas programadas dentro del plan de intervención social. Tampoco se ha recibido la documentación requerida para el seguimiento del expediente.,Sí,Sí,Sí,Sí,Sí,0
AES-2025-00522,Khadija Cortés Martínez,Mujer,Extracomunitaria,26,1,0,Desempleo sin prestación,Cedida o familiar,Suministros básicos,No,Ribera,Sede electrónica,0,0.0,0,270,107,0,573,"Estoy en una situación muy complicada porque me han dejado de pagar y no tengo ni un céntimo, me acaba de llegar un aviso de que me van a cortar la luz pronto.",Pago de facturas de electricidad pendientes.,La persona solicitante presenta recibos impagados que han derivado en una notificación de interrupción del suministro. Se observa una situación de carencia total de recursos económicos en la actualidad.,Sí,Sí,Sí,Sí,Sí,1
AES-2025-00523,Yolanda González Cabrera,Mujer,Extracomunitaria,44,1,0,Empleo precario o parcial,Alquiler,Otros gastos,No,Ribera,Sede electrónica,663,1.1,533,1060,70,1,0,"Trabajo algunas horas pero no me llega para pagar el alquiler y comer, todo ha subido mucho y me encuentro sola ante todo esto sin saber ya qué hacer.",Cubrir gastos básicos diarios.,La persona solicitante cumple satisfactoriamente con el plan de intervención social y muestra puntualidad en todas las citas agendadas. Se constata la ausencia de red de apoyo familiar o social en el municipio.,Sí,Sí,Sí,Sí,Sí,0
AES-2025-00524,Antonio Popescu Torres,Hombre,Extracomunitaria,52,1,0,Desempleo con prestación,Cedida o familiar,Suministros básicos,En trámite,Ensanche,Sede electrónica,758,1.26,0,360,11,0,255,Me quedé en paro hace unos meses y la cosa está muy chunga. No tengo otros ingresos fijos y no me llega para nada.,Pagar los recibos de la luz y el agua.,"La persona solicitante refiere el cese de su actividad laboral reciente como causa principal de su situación actual. Durante la entrevista, se constata la existencia de ingresos no declarados provenientes de la ayuda de familiares y actividades informales sin contrato.",Sí,Sí,Sí,Sí,Sí,0
AES-2025-00525,Alberto Domínguez Mendoza,Hombre,Extracomunitaria,39,1,0,Desempleo sin prestación,Alquiler,Otros gastos,No,Centro,Presencial,0,0.0,514,710,19,1,0,"Hace poco que me vi en la calle sin curro y desde entonces todo son problemas, porque no me entra nada de dinero y estoy muy desbordado.",Necesito ayuda para gastos varios.,La persona solicitante acredita la pérdida reciente de su empleo. Se verifica la carencia de ingresos estables para afrontar los gastos derivados de la vivienda de alquiler que ocupa.,Sí,Sí,Sí,Sí,Sí,0
AES-2025-00526,Carmen Iglesias Vázquez,Mujer,Española,42,1,0,Empleo precario o parcial,Alquiler,Alquiler o hipoteca,Sí,Las Eras,Sede electrónica,801,1.33,660,1150,157,0,0,"Con lo poco que gano apenas puedo pagar el alquiler y cubrir mis necesidades, y con mi situación de salud se me hace todo bastante más difícil cada día.",Pago de las mensualidades del alquiler.,La persona solicitante presenta una situación de vulnerabilidad económica derivada de sus bajos ingresos laborales. Se ha verificado la documentación relativa a los gastos de vivienda y su condición de salud.,Sí,Sí,Sí,Sí,Sí,0
AES-2025-00527,Lucía Garrido Serrano,Mujer,Española,20,4,1,Empleo precario o parcial,Hipoteca,Alimentación e higiene,No,La Vega,Sede electrónica,452,0.19,580,100,165,0,0,"En casa somos cuatro y solo entra un sueldo pequeño que no da para pagar la hipoteca y dar de comer a los niños, es una pesadilla constante.",Compra de alimentos y productos de higiene.,La persona solicitante ha presentado una factura que no presenta relación con el concepto solicitado en la ayuda. Se han observado discrepancias entre la necesidad descrita y la documentación aportada.,Sí,Sí,Sí,Sí,Sí,1
AES-2025-00528,Isabel Delgado Castillo,Mujer,Española,52,2,1,Desempleo con prestación,Habitación realquilada,Alquiler o hipoteca,No,Ensanche,Sede electrónica,748,0.62,299,510,17,0,0,"Me toca sacar adelante a mis hijos yo sola, sin que el otro progenitor colabore nada, y la verdad es que la situación es muy angustiante.",Pago del alquiler de la habitación.,La persona solicitante carece de red de apoyo familiar y social en el entorno cercano. Muestra un cumplimiento activo del plan de intervención y mantiene un seguimiento constante de las citas.,Sí,Sí,Sí,Sí,Sí,1
AES-2025-00529,Antonio Jiménez Cabrera,Hombre,Extracomunitaria,30,4,2,Empleo precario o parcial,Alquiler,Alquiler o hipoteca,No,Las Eras,Presencial,993,0.41,742,310,21,0,218,Tenemos un problema muy grave porque nos han abierto un procedimiento de desahucio y no sabemos a dónde ir si nos tenemos que marchar de la casa.,Ayuda para evitar el desahucio.,La persona solicitante se encuentra inmersa en un procedimiento legal de desahucio por impago de rentas. Cumple con el plan de intervención social y acude a todas las citas concertadas.,Sí,Sí,Sí,Sí,Sí,1
AES-2025-00530,Ana El Amrani Fuentes,Mujer,Española,83,2,0,Pensionista,Cedida o familiar,Suministros básicos,En trámite,San Antón,Presencial,629,0.52,0,200,185,0,520,"Como pensionista ya me cuesta, pero es que me ha llegado un aviso de corte de suministros y estoy muy nerviosa porque no tengo forma de pagar ese dinero.",Pago de recibos de suministros.,La persona solicitante ha recibido un aviso de interrupción del suministro básico debido a facturas pendientes de pago. Se constata la precariedad económica de la unidad de convivencia.,Sí,Sí,Sí,Sí,Sí,1
AES-2025-00531,Khadija Gómez Álvarez,Mujer,Extracomunitaria,41,6,3,Empleo precario o parcial,Hipoteca,Material escolar,No,Centro,Presencial,459,0.13,367,280,228,0,0,"La cosa está muy mal, apenas llegamos a fin de mes con lo poco que gano. Tengo tres niños y necesitan libros y material para el cole, que no puedo pagar.",Comprar libros y material para el colegio de mis hijos.,La persona solicitante presenta una situación de precariedad económica. Se observa que cumple el plan de intervención social y acude a todas las citas programadas por este servicio.,Sí,Sí,Sí,Sí,Sí,1
AES-2025-00532,Julia Marín Rubio,Mujer,Española,47,3,0,Incapacidad o dependencia,Cedida o familiar,Alimentación e higiene,Sí,La Vega,Sede electrónica,1349,0.75,0,380,136,0,0,Tengo una invalidez y lo que cobro se me va en medicinas y gastos diarios. Necesito que me ayuden con la compra de comida porque no me da para todo.,Realizar la compra de alimentos y productos de aseo personal.,La persona solicitante manifiesta dificultades para cubrir las necesidades básicas de alimentación e higiene debido a sus gastos médicos recurrentes. La unidad de convivencia se compone de tres miembros adultos.,Sí,Sí,Sí,Sí,Sí,0
AES-2025-00533,Pilar Álvarez Ramos,Mujer,Española,55,5,0,Empleo estable,Alquiler,Suministros básicos,Sí,La Vega,Sede electrónica,1687,0.56,602,80,56,0,1014,"Me ha llegado un aviso de corte de luz, agua o gas por facturas impagadas y estoy muy agobiada porque no sé cómo pagarlo. Trabajo pero con lo que gano no cubro los gastos de casa.",Pagar las facturas de suministros pendientes.,La persona solicitante presenta situación de vulnerabilidad ante la falta de pago de suministros. Se confirma que cumple el plan de intervención social y acude a todas las citas pactadas.,Sí,Sí,Sí,Sí,Sí,0
AES-2025-00534,Raquel Martínez Pérez,Mujer,Española,69,2,0,Pensionista,Alquiler,Otros gastos,No,San Antón,Presencial,1126,0.94,532,780,33,0,189,"Vivo con mi pareja y la pensión no nos llega para mucho. Me gustaría que me ayudaran con este dinero que pido, que hace mucha falta en casa.",Pagar las cuotas de un viaje vacacional pendiente.,Se constata que la persona solicitante no ha acudido a las citas del plan de intervención ni ha aportado la documentación solicitada por este departamento.,Sí,Sí,Sí,Sí,Sí,0
AES-2025-00535,Laura López García,Mujer,UE,46,4,3,Incapacidad o dependencia,Alquiler,Otros gastos,En trámite,La Vega,Presencial,1531,0.64,808,2500,208,0,0,Estoy sacando a mis hijos adelante sola porque soy una familia monoparental: cría sola a mis hijos sin apoyo del otro progenitor. Se me hace muy cuesta arriba llegar a final de mes.,Hacer una reforma integral en el cuarto de baño.,La persona solicitante manifiesta dificultades económicas en el cuidado de tres menores. La discapacidad se encuentra actualmente en trámite de reconocimiento.,Sí,Sí,Sí,Sí,Sí,0
AES-2025-00536,Nerea Popescu Hernández,Mujer,Extracomunitaria,63,5,0,Empleo precario o parcial,Alquiler,Suministros básicos,No,La Vega,Sede electrónica,636,0.21,411,480,89,1,201,"Trabajo algunas horas pero no es suficiente, estoy desesperada porque no puedo pagar la luz ni el agua. La situación en casa es insostenible.",Pagar las facturas de los suministros de la vivienda.,La persona solicitante se encuentra en una situación de vulnerabilidad extrema. Se ha detectado que no cuenta con red de apoyo familiar ni social en el municipio.,Sí,Sí,Sí,Sí,Sí,0
AES-2025-00537,Ramón Ortega Cabrera,Hombre,Española,63,3,0,Empleo precario o parcial,Cedida o familiar,Alimentación e higiene,Sí,San Antón,Sede electrónica,576,0.32,0,140,77,2,0,"La cosa está muy mal, cobro muy poquito y no llego a final de mes. Necesito ayuda para comer algo decente porque con lo que gano en los trabajillos que me salen no me da ni para la compra.",Necesito comprar comida y productos de limpieza para la casa.,La persona solicitante convive con dos personas más y percibe ingresos mensuales por valor de 576 euros. Se constata en el expediente que ya recibió una ayuda municipal por el mismo concepto de alimentación e higiene hace pocos meses.,Sí,Sí,Sí,Sí,Sí,0
AES-2025-00538,Julia Marín Gil,Mujer,Española,58,3,2,Desempleo sin prestación,Alquiler,Suministros básicos,No,Ribera,Sede electrónica,331,0.18,684,330,100,0,577,Es que he perdido el empleo hace pocos meses y no tengo otros ingresos estables. Tengo dos niños y no tengo para pagar la luz ni el agua este mes.,Pago de los recibos de luz y agua.,"La persona solicitante cumple el plan de intervención social y acude a todas las citas. No obstante, en la visita se constatan ingresos no declarados, tales como trabajos sin contrato o ayuda de familiares.",Sí,Sí,Sí,Sí,Sí,1
AES-2025-00539,David Serrano Cortés,Hombre,Española,82,2,0,Pensionista,Habitación realquilada,Alimentación e higiene,No,La Vega,Presencial,703,0.59,342,340,14,1,0,Con la pensión que cobro apenas me da para comer y para el alquiler de la habitación. Estoy pasando por un momento muy malo y necesito este apoyo.,Compra de productos de primera necesidad y alimentación.,Se verifica que la persona solicitante cumple el plan de intervención social y acude a todas las citas. Se registra que ya recibió una ayuda municipal por el mismo concepto hace pocos meses.,Sí,Sí,Sí,Sí,Sí,0
AES-2025-00540,Carmen Gómez Marín,Mujer,Española,31,3,1,Empleo precario o parcial,Alquiler,Alquiler o hipoteca,No,La Vega,Presencial,1620,0.9,398,1270,112,2,0,"Necesito ayuda urgente para pagar el alquiler, porque si no me van a echar a la calle con mi hijo. No tengo más medios para cubrir este gasto.",Pago de las mensualidades atrasadas del alquiler.,"La persona solicitante es víctima de violencia de género, con orden de protección vigente. Se ha observado que ya recibió una ayuda municipal por el mismo concepto hace pocos meses.",Sí,Sí,Sí,Sí,Sí,0
AES-2025-00541,Nerea Benali Blanco,Mujer,Española,29,1,0,Desempleo sin prestación,Cedida o familiar,Gastos sanitarios,No,Las Eras,Presencial,188,0.31,0,600,194,0,0,Necesito el dinero porque tengo una enfermedad grave o crónica en la familia con gastos que la sanidad pública no cubre. Estoy desempleada y no tengo apenas ingresos para afrontar estos costes médicos.,Pago de gastos médicos no cubiertos por la seguridad social.,La persona solicitante se encuentra en situación de desempleo sin prestación. Se constata la existencia de patología crónica que requiere tratamiento farmacológico extrahospitalario.,Sí,Sí,Sí,Sí,Sí,1
AES-2025-00542,María Pérez López,Mujer,Extracomunitaria,19,4,3,Incapacidad o dependencia,Cedida o familiar,Alimentación e higiene,Sí,La Vega,Presencial,965,0.4,0,150,95,0,0,En casa tenemos una enfermedad grave o crónica en la familia con gastos que la sanidad pública no cubre y no llegamos a fin de mes. Somos muchos y la verdad que nos hace falta ayuda para la comida y los niños.,Compra de alimentos y productos básicos de higiene.,"La unidad de convivencia está formada por cuatro miembros, incluyendo tres menores. La persona solicitante presenta situación de incapacidad reconocida y los ingresos totales se limitan a la pensión percibida.",Sí,Sí,Sí,Sí,Sí,1
AES-2025-00543,Diego Díaz Vargas,Hombre,Española,36,2,0,Desempleo sin prestación,Sin hogar,Suministros básicos,No,La Vega,Presencial,405,0.34,0,380,69,1,966,"Estoy muy agobiado porque ha recibido aviso de corte de luz, agua o gas por facturas impagadas. No tengo dinero para pagar y tengo miedo de quedarme sin suministro básico ahora mismo.",Pago de facturas pendientes de suministros básicos.,La persona solicitante carece de red de apoyo familiar ni social. Se observa que cumple el plan de intervención social y acude a todas las citas programadas en este centro.,Sí,Sí,Sí,Sí,Sí,1
AES-2025-00544,David Garrido Díaz,Hombre,Española,26,1,0,Incapacidad o dependencia,Alquiler,Alimentación e higiene,En trámite,Ensanche,Presencial,475,0.79,508,250,98,0,0,"La situación está muy mal, el alquiler se lleva casi todo lo que entro y no me queda nada para comer. Necesito ayuda urgente para poder hacer la compra básica este mes.",Adquisición de productos de alimentación e higiene.,La persona solicitante no cuenta con red de apoyo familiar ni social. Se constata en la visita ingresos no declarados por trabajos informales. Cumple el plan de intervención social y acude a todas las citas.,Sí,No,Sí,Sí,Sí,0
AES-2025-00545,Nadia Gómez Rojas,Mujer,Española,54,3,1,Empleo precario o parcial,Alquiler,Suministros básicos,No,Ensanche,Presencial,1092,0.61,759,170,36,0,650,"La cosa esta muy mal y no llego a pagar todo lo que me piden. Me ha llegado un aviso de corte de luz, agua y gas porque debo varias facturas y no tengo como hacerles frente ahora mismo. A ver si me podéis echar una mano.",Pago de facturas atrasadas de suministros básicos.,"La persona solicitante convive con tres miembros, incluyendo un menor a su cargo. Se ha verificado la recepción de un aviso de corte en los suministros básicos de la vivienda. La situación económica se ve afectada por un empleo de carácter precario o parcial.",Sí,Sí,Sí,Sí,Sí,1
AES-2025-00546,Laura Cortés Rodríguez,Mujer,Española,56,6,4,Empleo precario o parcial,Alquiler,Alimentación e higiene,En trámite,San Antón,Sede electrónica,1531,0.43,602,180,30,2,0,"Somos una familia numerosa y con lo que entra en casa es imposible llegar a fin de mes. Necesito algo de ayuda para poder comprar comida para mis hijos, ya que la situación es límite.",Compra de alimentos y productos de higiene familiar.,La persona solicitante no cuenta con red de apoyo familiar ni social. Se registra que ya recibió una ayuda municipal por el mismo concepto hace pocos meses.,Sí,Sí,Sí,Sí,Sí,0
AES-2025-00547,Andrés Díaz Gómez,Hombre,Española,36,1,0,Incapacidad o dependencia,Alquiler,Alquiler o hipoteca,En trámite,San Antón,Sede electrónica,837,1.4,644,370,12,0,0,"Estoy en una situación muy complicada y no puedo pagar el alquiler de este mes. Estoy esperando a que me den la discapacidad, pero mientras tanto no tengo ingresos suficientes.",Pago de mensualidad de alquiler de vivienda.,Se ha revisado la documentación aportada. Se constata que el presupuesto o factura aportado no se corresponde con la necesidad descrita en la solicitud.,Sí,Sí,Sí,Sí,Sí,0
AES-2025-00548,Ana Jiménez Hernández,Mujer,Española,62,2,2,Incapacidad o dependencia,Hipoteca,Suministros básicos,Sí,Ensanche,Sede electrónica,1187,0.99,448,470,93,0,683,"Tengo que pagar la luz y el agua y no me llega la pensión, además tengo a los nietos a mi cargo. Por favor, necesito ayuda para que no nos falte lo básico en casa.",Pago de suministros básicos.,La unidad de convivencia incluye dos menores a cargo. Los ingresos provienen de pensión por incapacidad y los gastos de hipoteca suponen una parte significativa del presupuesto familiar.,Sí,Sí,Sí,Sí,Sí,0
AES-2025-00549,Inés Garrido Vargas,Mujer,UE,19,5,5,Desempleo sin prestación,Alquiler,Alquiler o hipoteca,Sí,La Vega,Presencial,366,0.12,723,1290,177,1,203,"Es imposible pagar el alquiler con lo poco que tenemos, somos muchos en casa y no tengo trabajo. Necesito ayuda para no perder la vivienda porque estamos en una situación muy difícil.",Abono de cuotas de alquiler atrasadas.,La unidad de convivencia se encuentra en situación de vulnerabilidad extrema con cinco menores. La persona solicitante cumple el plan de intervención social y acude a todas las citas.,Sí,Sí,Sí,Sí,Sí,1
AES-2025-00550,Silvia Garrido Popescu,Mujer,Extracomunitaria,49,4,1,Empleo precario o parcial,Alquiler,Alquiler o hipoteca,No,Las Eras,Presencial,1057,0.44,532,1130,28,0,0,El alquiler ha subido mucho y no puedo llegar a pagar todo el mes junto. Tengo gastos de los niños y mi sueldo no es suficiente para cubrir la vivienda.,Pago de mensualidad de alquiler de vivienda.,La unidad de convivencia presenta gastos de vivienda elevados en relación a los ingresos. La persona solicitante cumple el plan de intervención social y acude a todas las citas.,Sí,Sí,Sí,Sí,Sí,1
AES-2025-00551,Mihai Vázquez Martínez,Hombre,Extracomunitaria,83,2,0,Pensionista,Hipoteca,Suministros básicos,No,Ensanche,Sede electrónica,786,0.66,503,450,85,0,794,La pensión no me llega para cubrir la hipoteca y los recibos de la luz. Estoy pasando bastantes apuros económicos estos últimos meses.,Pago de recibos de suministros básicos.,La persona solicitante acude a las citas programadas. Se constata el cumplimiento del plan de intervención social establecido.,Sí,Sí,Sí,Sí,Sí,1
AES-2025-00552,Rafael Castro Fuentes,Hombre,Española,23,1,0,Incapacidad o dependencia,Alquiler,Suministros básicos,Sí,Ensanche,Sede electrónica,726,1.21,801,520,6,2,192,Tengo muchos gastos por mi salud y la verdad es que voy muy justo. A ver si me pueden echar un cable con las facturas.,Pagar las facturas de la luz.,"Se observa que el presupuesto o factura aportado no se corresponde con la necesidad descrita. Asimismo, consta que ya recibió una ayuda municipal por el mismo concepto hace pocos meses.",Sí,Sí,Sí,Sí,Sí,0
AES-2025-00553,Carmen Romero Ortega,Mujer,UE,38,5,3,Incapacidad o dependencia,Alquiler,Suministros básicos,En trámite,Centro,Sede electrónica,683,0.23,589,220,25,2,1033,Somos muchos en casa y con lo poco que entra no podemos pagar todo. Necesito ayuda para cubrir los gastos de la luz y el agua.,Para pagar suministros básicos.,"La persona solicitante no cuenta con red de apoyo familiar ni social. Se verifica que cumple el plan de intervención social y acude a todas las citas, aunque ya recibió una ayuda municipal por el mismo concepto hace pocos meses.",Sí,Sí,Sí,Sí,Sí,1
AES-2025-00554,Ioana Muñoz Marín,Mujer,Extracomunitaria,34,1,0,Desempleo sin prestación,Hipoteca,Alquiler o hipoteca,No,La Vega,Presencial,136,0.23,444,830,15,2,0,"Me quedé sin trabajo hace pocos meses y ahora no tengo otros ingresos estables. No sé cómo pagar la hipoteca, estoy desesperada.",Pagar la cuota de mi hipoteca.,La persona solicitante cumple el plan de intervención social y acude a todas las citas. Se constata que ya recibió una ayuda municipal por el mismo concepto hace pocos meses.,Sí,Sí,Sí,Sí,Sí,0
AES-2025-00555,Youssef Lozano Pérez,Hombre,Española,70,2,0,Pensionista,Habitación realquilada,Gastos sanitarios,No,Las Eras,Presencial,644,0.54,331,780,164,0,0,"Tengo abierto un procedimiento de desahucio por impago de la vivienda y la situación es insostenible. Además, hay una enfermedad grave o crónica en la familia con gastos que la sanidad pública no cubre.",Comprar medicación y tratamiento necesario.,La persona solicitante cumple el plan de intervención social y acude a todas las citas. Se han verificado los gastos sanitarios extraordinarios mencionados.,Sí,Sí,Sí,Sí,Sí,1
AES-2025-00556,Gloria Gil Álvarez,Mujer,Española,26,4,3,Incapacidad o dependencia,Habitación realquilada,Alquiler o hipoteca,Sí,San Antón,Presencial,955,0.4,279,560,24,2,0,"Tengo abierto un procedimiento de desahucio por impago de la vivienda y no puedo más. Hay una enfermedad grave o crónica en la familia con gastos que la sanidad pública no cubre y, como soy una familia monoparental, crío sola a mis hijos sin apoyo del otro progenitor.",Pagar la cuota de alquiler pendiente.,Se hace constar en el expediente que ya recibió una ayuda municipal por el mismo concepto hace pocos meses.,Sí,Sí,Sí,Sí,Sí,1
AES-2025-00557,Mercedes Rojas Molina,Mujer,Española,71,2,0,Pensionista,Sin hogar,Gastos sanitarios,No,Las Eras,Sede electrónica,834,0.69,0,740,57,0,0,La vida está muy cara y hay una enfermedad grave o crónica en la familia con gastos que la sanidad pública no cubre. No tengo forma de hacer frente a estos pagos por mí misma.,Gastos derivados de tratamiento médico.,La persona solicitante no cuenta con red de apoyo familiar ni social. Cumple el plan de intervención social y acude a todas las citas.,Sí,Sí,Sí,Sí,Sí,1
AES-2025-00558,Rafael Medina Romero,Hombre,Española,60,3,2,Empleo precario o parcial,Alquiler,Suministros básicos,No,Ensanche,Sede electrónica,1011,0.56,504,100,222,0,935,"No llegamos a fin de mes y ha recibido aviso de corte de luz, agua o gas por facturas impagadas. Estamos muy preocupados por esta situación.",Pagar las facturas atrasadas de suministros.,Se ha verificado la existencia de avisos de interrupción de suministros básicos en el domicilio de la persona solicitante.,Sí,Sí,Sí,Sí,Sí,1
AES-2025-00559,Mihai El Amrani Delgado,Hombre,Española,30,7,4,Desempleo con prestación,Habitación realquilada,Gastos sanitarios,Sí,Centro,Sede electrónica,1435,0.34,294,760,18,0,0,Los gastos médicos son muy altos y con la prestación por desempleo no llegamos. Es muy complicado salir adelante con tantos niños en casa.,Cofinanciar gastos médicos.,Se observa que la persona solicitante no cuenta con red de apoyo familiar ni social para afrontar los gastos extraordinarios.,Sí,Sí,Sí,Sí,Sí,1
AES-2025-00560,Iván Cortés Díaz,Hombre,Española,72,1,0,Pensionista,Hipoteca,Otros gastos,No,Ensanche,Presencial,822,1.37,588,550,57,0,0,La hipoteca me ahoga y apenas me sobra dinero para lo mínimo. Solicito apoyo para poder cubrir otros gastos básicos del hogar.,Otros gastos del hogar.,Se ha realizado la entrevista técnica valorando la situación económica actual de la persona solicitante.,Sí,Sí,Sí,Sí,Sí,0
AES-2025-00561,Mohamed Iglesias Blanco,Hombre,Extracomunitaria,81,2,0,Pensionista,Hipoteca,Alquiler o hipoteca,No,San Antón,Sede electrónica,984,0.82,524,520,12,2,0,No me llega para pagar la hipoteca y estoy muy agobiado. Me han abierto un procedimiento de desahucio por impago de la vivienda y no sé qué hacer.,Pagar la cuota de la hipoteca.,La persona solicitante presenta dificultades para hacer frente a sus obligaciones hipotecarias. Se observa que no cuenta con red de apoyo familiar ni social para afrontar esta situación.,Sí,Sí,Sí,Sí,Sí,0
AES-2025-00562,Fátima Ortega Mendoza,Mujer,Española,46,1,0,Desempleo con prestación,Cedida o familiar,Gastos sanitarios,No,Ribera,Sede electrónica,768,1.28,0,710,7,1,0,Necesito ayuda para los medicamentos porque con lo poco que cobro del paro no me da para todo. Es una situación difícil y no tengo de dónde sacar más dinero.,Comprar medicinas y material sanitario necesario.,"Se constata que la persona solicitante no cuenta con red de apoyo familiar ni social. Asimismo, consta en el expediente que ya recibió una ayuda municipal por el mismo concepto hace pocos meses.",Sí,Sí,Sí,Sí,Sí,0
AES-2025-00563,Youssef Moreno Martínez,Hombre,Española,49,4,0,Empleo precario o parcial,Habitación realquilada,Otros gastos,En trámite,San Antón,Presencial,602,0.25,218,710,17,1,0,La cosa está muy mal y el trabajo que tengo no me da para cubrir los gastos de la casa. Me veo muy apurado para poder llegar a fin de mes con lo que gano.,Comprar un teléfono móvil nuevo de alta gama.,La persona solicitante refiere dificultades económicas derivadas de la precariedad laboral. Se verifica que ya recibió una ayuda municipal por el mismo concepto hace pocos meses.,Sí,Sí,Sí,Sí,Sí,0
AES-2025-00564,Elena Martín Martín,Mujer,Española,26,2,0,Empleo precario o parcial,Cedida o familiar,Otros gastos,No,Las Eras,Presencial,746,0.62,0,510,115,0,0,Estoy trabajando solo unas horas y lo que gano no me alcanza para nada. Me encuentro en una situación muy precaria ahora mismo.,Cubrir gastos básicos imprevistos.,Se ha realizado entrevista con la persona solicitante para valorar su situación económica actual. Se hace constar que no cuenta con red de apoyo familiar ni social.,Sí,Sí,Sí,Sí,Sí,0
AES-2025-00565,Mercedes Hernández Rodríguez,Mujer,Española,24,3,2,Incapacidad o dependencia,Cedida o familiar,Alimentación e higiene,Sí,Ribera,Sede electrónica,500,0.28,0,220,6,0,0,"En casa tenemos una enfermedad grave o crónica en la familia con gastos que la sanidad pública no cubre y es imposible pagarlos. Con los niños pequeños y mi situación, no sé cómo seguir.",Compra de comida y productos de higiene básica.,La persona solicitante manifiesta dificultades para cubrir necesidades básicas debido a gastos sobrevenidos por salud. Se observa que no cuenta con red de apoyo familiar ni social.,Sí,Sí,Sí,Sí,Sí,1
AES-2025-00566,Iván Lozano Serrano,Hombre,Española,87,1,0,Pensionista,Alquiler,Alimentación e higiene,No,Centro,Sede electrónica,702,1.17,399,360,23,0,0,"Con la pensión que me queda después de pagar el alquiler, apenas me llega para comer. Estoy pasando muchos apuros y no tengo ayuda de nadie.",Compra de alimentos de primera necesidad.,La persona solicitante presenta una situación de vulnerabilidad económica derivada de sus bajos ingresos y el coste del alquiler. La situación requiere seguimiento para evaluar las necesidades básicas.,Sí,Sí,Sí,Sí,Sí,0
AES-2025-00567,Youssef Ramos Benali,Hombre,Española,86,2,0,Pensionista,Cedida o familiar,Gastos sanitarios,No,Ribera,Presencial,681,0.57,0,790,52,0,63,En casa tenemos una enfermedad grave o crónica en la familia con gastos que la sanidad pública no cubre y no damos abasto. Estamos muy preocupados por todo esto.,Pago de tratamientos médicos no cubiertos.,La persona solicitante refiere gastos elevados en salud. Se deja constancia de que no ha acudido a las citas del plan de intervención ni ha aportado la documentación que se le solicitó.,Sí,Sí,Sí,Sí,Sí,0
AES-2025-00568,Andrea Sánchez Ramos,Mujer,Española,39,2,1,Empleo precario o parcial,Hipoteca,Suministros básicos,En trámite,Ensanche,Presencial,507,0.42,551,320,80,0,297,"Crío sola a mis hijos sin apoyo del otro progenitor y no puedo llegar a todo. Me ha llegado un aviso de corte de luz, agua o gas por facturas impagadas y tengo mucho miedo de quedarme sin suministros.",Pagar las facturas de suministros pendientes.,La persona solicitante es el único referente adulto de la unidad de convivencia. Se evidencia una situación de riesgo de impago en servicios esenciales para el hogar.,Sí,Sí,Sí,Sí,Sí,1
AES-2025-00569,Miguel Popescu Marín,Hombre,Española,71,1,0,Pensionista,Alquiler,Alimentación e higiene,Sí,Ribera,Presencial,763,1.27,641,380,111,0,0,"Pago mucho de alquiler y entre eso y los gastos, apenas me sobra para comer. Estoy muy mayor y ya no sé cómo salir adelante.",Compra de alimentos y productos básicos de higiene.,La persona solicitante presenta un gasto de vivienda elevado en relación con sus ingresos mensuales. Se valora la situación de precariedad económica actual.,Sí,Sí,Sí,Sí,Sí,0
AES-2025-00570,Miguel Vázquez Lozano,Hombre,Extracomunitaria,59,2,0,Empleo precario o parcial,Hipoteca,Alquiler o hipoteca,No,La Vega,Presencial,654,0.55,303,710,29,0,0,El sueldo es muy poco y con la hipoteca se me va casi todo el dinero. Necesito ayuda para poder seguir pagando la vivienda y que no me falte de nada.,Pago de la cuota hipotecaria.,Se ha verificado la situación económica de la unidad de convivencia. Se hace constar que la persona solicitante cumple el plan de intervención social y acude a todas las citas programadas.,Sí,Sí,Sí,Sí,Sí,1
AES-2025-00571,Fernando Cabrera Castro,Hombre,Española,53,3,1,Desempleo sin prestación,Cedida o familiar,Alimentación e higiene,Sí,Centro,Presencial,0,0.0,0,320,79,0,156,No tengo ni un duro desde hace meses y la cosa en casa está muy mal. Necesito ayuda para poder comprar comida y cosas de aseo para los críos.,Compra de alimentos y productos básicos de higiene.,La persona solicitante se encuentra en situación de desempleo sin cobertura prestacional y carece de ingresos. La unidad de convivencia presenta necesidades básicas de alimentación e higiene no cubiertas.,Sí,Sí,Sí,Sí,Sí,1
AES-2025-00572,Ahmed Gómez Martín,Hombre,Extracomunitaria,22,3,2,Desempleo con prestación,Alquiler,Alimentación e higiene,No,San Antón,Sede electrónica,906,0.5,429,420,179,0,0,Soy una familia monoparental: cría sola a mis hijos sin apoyo del otro progenitor. Apenas me llega con lo que cobro de paro para pagar el alquiler y darles de comer a los niños.,Cesta de la compra y productos de limpieza.,La persona solicitante convive con dos menores de edad. Se constata un desequilibrio entre los ingresos mensuales y los gastos fijos derivados del alquiler de la vivienda.,Sí,No,Sí,Sí,Sí,1
AES-2025-00573,Francisco Domínguez Castillo,Hombre,Española,55,2,1,Desempleo sin prestación,Cedida o familiar,Suministros básicos,No,Ribera,Sede electrónica,156,0.13,0,220,219,1,1094,Estoy solo al cargo de mi hijo y soy una familia monoparental: cría sola a mis hijos sin apoyo del otro progenitor. No tengo forma de pagar la luz y el agua este mes y me da miedo que nos corten todo.,Pago de facturas de luz y agua.,La persona solicitante carece de ingresos estables y se encuentra al cuidado de un menor. Se requiere apoyo para cubrir los suministros básicos de la vivienda cedida donde residen.,Sí,Sí,Sí,Sí,Sí,1
AES-2025-00574,Aicha Hernández Fuentes,Mujer,Española,27,1,0,Empleo precario o parcial,Sin hogar,Gastos sanitarios,Sí,La Vega,Sede electrónica,618,1.03,0,720,33,2,0,"Tengo problemas de salud muy graves y los medicamentos que me mandan me cuestan un dinero que no tengo. Como trabajo a veces por horas, no me llega para cubrir mis necesidades básicas.",Tratamiento médico específico.,"La persona solicitante no ha acudido a las citas del plan de intervención ni ha aportado lo que se le pidió. En la visita se constatan ingresos no declarados, tales como trabajos sin contrato o ayuda de familiares.",Sí,Sí,Sí,Sí,Sí,0
AES-2025-00575,Aicha Martínez Fuentes,Mujer,Española,59,2,1,Empleo precario o parcial,Cedida o familiar,Alimentación e higiene,No,Ribera,Presencial,949,0.79,0,260,16,0,0,Es una familia monoparental: cría sola a mis hijos sin apoyo del otro progenitor. La situación es muy complicada porque el sueldo que gano no da para todo lo que necesitamos en casa.,Alimentación básica para la unidad familiar.,La persona solicitante mantiene un empleo a tiempo parcial que no resulta suficiente para sufragar los gastos de la unidad de convivencia. Se observa una situación de vulnerabilidad económica persistente.,Sí,Sí,Sí,Sí,Sí,1
AES-2025-00576,Carmen Díaz Blanco,Mujer,Española,50,2,0,Empleo precario o parcial,Alquiler,Alquiler o hipoteca,No,Centro,Presencial,517,0.43,741,470,154,1,0,Me han subido el alquiler y es imposible pagarlo con lo poquito que saco trabajando. No sé qué hacer porque me veo en la calle de un momento a otro.,Cubrir parte del alquiler mensual.,"La persona solicitante cumple el plan de intervención social y acude a todas las citas. No obstante, el presupuesto o factura aportado no se corresponde con la necesidad descrita en la solicitud.",Sí,Sí,Sí,Sí,Sí,0
AES-2025-00577,Carmen Muñoz Domínguez,Mujer,Extracomunitaria,58,7,3,Desempleo con prestación,Alquiler,Suministros básicos,No,San Antón,Sede electrónica,515,0.12,500,100,100,0,1225,Ha perdido el empleo hace pocos meses y no tiene otros ingresos estables. Estamos pasando mucha necesidad y no podemos pagar los recibos del gas y la luz con tantos niños en casa.,Pago de facturas de suministros.,La persona solicitante reside en una vivienda de alquiler con una unidad familiar extensa. No ha acudido a las citas del plan de intervención ni ha aportado lo que se le pidió durante el seguimiento.,Sí,Sí,Sí,Sí,Sí,1
AES-2025-00578,Joaquín Domínguez Martínez,Hombre,Extracomunitaria,68,2,0,Pensionista,Alquiler,Otros gastos,No,San Antón,Presencial,1001,0.83,498,880,23,1,258,Con la pensión que me queda no llego a fin de mes y necesito este dinero para desahogarme un poco. La vida está muy cara y todo sube.,Compra de un teléfono móvil nuevo.,La persona solicitante percibe una pensión contributiva que constituye el único ingreso del hogar. No ha acudido a las citas del plan de intervención ni ha aportado lo que se le pidió.,Sí,Sí,Sí,Sí,Sí,0
AES-2025-00579,Iván Iglesias Medina,Hombre,Española,41,5,4,Desempleo con prestación,Alquiler,Alquiler o hipoteca,En trámite,Las Eras,Sede electrónica,959,0.32,757,1080,36,0,0,"Ha perdido el empleo hace pocos meses y no tiene otros ingresos estables. Además, es una familia monoparental: cría sola a mis hijos sin apoyo del otro progenitor. Estoy desesperado porque el casero me amenaza con echarme.",Pago de cuotas de alquiler atrasadas.,La persona solicitante tiene a su cargo a cuatro menores de edad. Existe un riesgo inminente de pérdida de la vivienda debido a la acumulación de impagos en el alquiler.,Sí,Sí,Sí,Sí,Sí,1
AES-2025-00580,Aicha Sánchez Fuentes,Mujer,Española,64,3,0,Empleo estable,Habitación realquilada,Suministros básicos,Sí,Ensanche,Presencial,1422,0.79,254,330,12,0,1134,"Tengo un trabajo pero me pagan muy poco y con esto de los precios no me llega para pagar el alquiler de la habitación y los recibos. Ya me ha recibido aviso de corte de luz, agua o gas por facturas impagadas y no sé qué hacer.",Pago de facturas de servicios básicos.,La persona solicitante reside en una habitación realquilada y cuenta con ingresos laborales estables. Se ha verificado la existencia de impagos que ponen en riesgo el acceso a los suministros esenciales.,Sí,Sí,Sí,Sí,Sí,1
AES-2025-00581,Francisco Serrano González,Hombre,Española,44,2,1,Empleo precario o parcial,Hipoteca,Suministros básicos,No,Ribera,Presencial,1182,0.98,433,420,107,1,1211,"Me ha llegado un aviso de corte de luz porque llevo varios meses sin pagar las facturas. Como crío yo sola a mis hijos y no tengo ayuda del otro progenitor, no me llega el dinero para todo.",Pagar las facturas de luz pendientes.,"La persona solicitante no ha acudido a las citas programadas para el seguimiento del plan de intervención. Asimismo, no ha aportado la documentación requerida por esta unidad técnica.",Sí,Sí,Sí,Sí,Sí,0
AES-2025-00582,Aicha Cabrera García,Mujer,Extracomunitaria,49,1,0,Empleo precario o parcial,Habitación realquilada,Alquiler o hipoteca,Sí,Centro,Presencial,849,1.42,198,1160,87,2,219,Las cosas se han puesto muy difíciles y no puedo cubrir el pago del alquiler de la habitación donde vivo ahora mismo. Necesito ayuda para poder seguir aquí porque no tengo otra alternativa.,Pagar el alquiler de la habitación.,La persona solicitante manifiesta no contar con ningún tipo de red de apoyo familiar ni social en el municipio. Consta en el expediente que ya recibió una ayuda municipal por el mismo concepto hace pocos meses.,Sí,Sí,Sí,Sí,Sí,0
AES-2025-00583,Iván Hernández Lozano,Hombre,Española,62,2,0,Incapacidad o dependencia,Alquiler,Alquiler o hipoteca,En trámite,La Vega,Presencial,763,0.64,536,900,95,0,0,Tenemos una enfermedad grave en casa y hay gastos constantes en medicamentos y terapias que la sanidad pública no cubre. Esto nos está dejando sin dinero para pagar el alquiler de este mes.,Abonar la mensualidad del alquiler.,La persona solicitante refiere una situación de vulnerabilidad extrema y no cuenta con red de apoyo familiar ni social. Se observa una carga económica añadida por motivos de salud.,Sí,Sí,Sí,Sí,Sí,1
AES-2025-00584,Aicha Cabrera Navarro,Mujer,Extracomunitaria,28,5,1,Desempleo con prestación,Alquiler,Otros gastos,En trámite,La Vega,Presencial,522,0.17,663,740,22,1,0,La situación está muy complicada con tantos miembros en la familia y los gastos se acumulan cada mes. Solo cuento con la prestación por desempleo y me cuesta mucho llegar a final de mes.,Comprar un teléfono móvil nuevo de última generación.,La persona solicitante presenta una situación de desempleo y tiene una solicitud de discapacidad en trámite. La unidad de convivencia está compuesta por cinco personas.,Sí,Sí,Sí,Sí,Sí,0
AES-2025-00585,Yolanda Sanz Marín,Mujer,Española,40,1,0,Desempleo sin prestación,Alquiler,Alquiler o hipoteca,No,La Vega,Sede electrónica,33,0.06,642,1280,16,0,0,No tengo trabajo ni ningún tipo de ingreso desde hace un tiempo y ya no sé qué hacer para pagar el alquiler. Estoy en una situación límite y necesito ayuda urgente para no perder mi vivienda.,Pago de mensualidades atrasadas de alquiler.,"La persona solicitante se encuentra en situación de desempleo sin prestación. Se ha verificado la falta de ingresos mensuales, lo que imposibilita el abono de los gastos de vivienda.",Sí,Sí,Sí,Sí,Sí,0
AES-2025-00586,Miguel Rojas Castillo,Hombre,Extracomunitaria,26,4,3,Incapacidad o dependencia,Alquiler,Alquiler o hipoteca,En trámite,Ensanche,Sede electrónica,659,0.27,760,620,76,0,63,"Tengo a mi cargo a los niños sin apoyo de nadie y, además, tenemos una enfermedad crónica en la familia que nos supone gastos extras que no cubre la sanidad pública. Se me hace imposible pagar el alquiler de este mes.",Pagar el alquiler de la vivienda.,La persona solicitante manifiesta ejercer la crianza de sus hijos sin el apoyo del otro progenitor. Se registra una situación de enfermedad crónica en la unidad de convivencia.,Sí,Sí,Sí,Sí,Sí,1
AES-2025-00587,Elena Mendoza Hernández,Mujer,Española,27,1,0,Incapacidad o dependencia,Hipoteca,Suministros básicos,Sí,Ensanche,Presencial,721,1.2,362,90,139,0,376,Me han cortado el suministro de luz por no haber podido pagar los últimos recibos. Estoy desesperada porque no tengo dinero y me encuentro en una situación muy difícil.,Pagar el recibo de luz para recuperar el suministro.,La persona solicitante es beneficiaria de una discapacidad reconocida. Se constata la ausencia de red de apoyo familiar ni social en el entorno cercano.,Sí,Sí,Sí,Sí,Sí,1
AES-2025-00588,Ana Medina Lozano,Mujer,Extracomunitaria,34,3,0,Empleo precario o parcial,Alquiler,Alquiler o hipoteca,Sí,Centro,Sede electrónica,1613,0.9,576,1050,20,0,0,La situación es crítica porque tengo abierto un procedimiento de desahucio por no poder pagar la renta estos últimos meses. Necesito ayuda para evitar que nos echen a la calle.,Abonar la deuda de alquiler para frenar el desahucio.,La persona solicitante cumple con el plan de intervención social establecido. Acude con puntualidad a todas las citas programadas por el servicio.,Sí,Sí,Sí,Sí,Sí,1
AES-2025-00589,Yolanda Quispe Delgado,Mujer,Española,27,3,0,Incapacidad o dependencia,Hipoteca,Alquiler o hipoteca,En trámite,San Antón,Presencial,849,0.47,519,1390,220,0,0,Las cosas se han complicado mucho en casa y los gastos de la hipoteca me superan. Necesito ayuda para poder mantener la vivienda y que no se me acumulen más deudas.,Pago de las cuotas de la hipoteca.,La persona solicitante no ha acudido a las citas del plan de intervención establecidas. Tampoco ha aportado la documentación que se le solicitó en la entrevista inicial.,Sí,Sí,Sí,Sí,Sí,0
AES-2025-00590,Ahmed Quispe Castro,Hombre,Extracomunitaria,39,4,2,Desempleo con prestación,Alquiler,Material escolar,No,Ensanche,Presencial,901,0.38,619,70,38,0,0,"Con lo que cobro de la prestación no me llega para comprar todo lo necesario para la vuelta al cole de mis hijos. Intento organizarme, pero los precios están muy altos.",Compra de material escolar básico.,La persona solicitante cumple con el plan de intervención social y acude a todas las citas. Se constata que no cuenta con red de apoyo familiar ni social para afrontar los gastos extraordinarios.,Sí,Sí,Sí,Sí,Sí,1
AES-2025-00591,Manuel Sánchez Martínez,Hombre,UE,36,3,1,Empleo precario o parcial,Alquiler,Alimentación e higiene,No,Ensanche,Sede electrónica,1025,0.57,637,380,24,1,0,"La cosa está muy mal ahora mismo porque el trabajo que tengo no da para casi nada. Entre el alquiler y los gastos de los niños, no nos llega para hacer la compra básica del mes.",Necesito el dinero para comprar comida y productos de aseo para casa.,La persona solicitante presenta dificultades para cubrir necesidades básicas debido al desajuste entre ingresos y gastos de vivienda. Se constata que cumple el plan de intervención social y acude a todas las citas programadas.,Sí,Sí,Sí,Sí,Sí,1
AES-2025-00592,María Quispe Rubio,Mujer,Española,19,3,1,Empleo estable,Hipoteca,Alimentación e higiene,No,Las Eras,Presencial,1268,0.7,627,430,115,0,0,"Aunque tengo trabajo, la hipoteca se lleva casi todo lo que gano y apenas nos sobra para comer. Se nos hace imposible llegar a fin de mes con los gastos que tenemos en casa.",Quisiera ayuda para poder comprar alimentos y artículos de higiene.,La persona solicitante manifiesta una situación de precariedad económica derivada de una elevada carga hipotecaria en relación con los ingresos del núcleo familiar.,Sí,Sí,Sí,Sí,Sí,1
AES-2025-00593,Wilson Navarro Torres,Hombre,Española,46,6,3,Desempleo con prestación,Habitación realquilada,Suministros básicos,No,Las Eras,Sede electrónica,529,0.15,211,360,25,1,1216,"Estoy en el paro y la prestación es muy poquita para mantener a tanta gente en casa. No podemos pagar las facturas de la luz y el agua, nos van a cortar el suministro.",Pagar los recibos pendientes de los suministros básicos de la vivienda.,La persona solicitante presenta una situación de vulnerabilidad extrema con una unidad de convivencia numerosa que depende exclusivamente de una prestación por desempleo.,Sí,Sí,Sí,Sí,Sí,1
AES-2025-00594,María Domínguez Garrido,Mujer,Española,84,2,0,Pensionista,Alquiler,Otros gastos,Sí,Ribera,Presencial,608,0.51,807,320,196,0,330,"Tengo muchos problemas de salud y la pensión no me alcanza para pagar el alquiler y los gastos. Además, tiene abierto un procedimiento de desahucio por impago de la vivienda y no sé qué hacer.",Pagar gastos urgentes de primera necesidad.,La persona solicitante acredita una situación de vulnerabilidad marcada por una insuficiencia de ingresos para cubrir los gastos básicos de vivienda. Se observa que cumple el plan de intervención social y acude a todas las citas.,Sí,Sí,Sí,Sí,Sí,1
AES-2025-00595,Pilar Sánchez Garrido,Mujer,Española,58,5,4,Desempleo sin prestación,Alquiler,Suministros básicos,No,Ribera,Sede electrónica,283,0.09,474,470,163,0,1185,"Es una familia monoparental: cría sola a sus hijos sin apoyo del otro progenitor. No tengo ingresos y no puedo pagar ni la luz ni el gas, estoy desesperada con los niños.",Necesito pagar los recibos atrasados de los suministros básicos.,"La persona solicitante carece de red de apoyo familiar ni social. Se constata que cumple el plan de intervención social y acude a todas las citas. En la visita se constatan ingresos no declarados, tales como trabajos sin contrato o ayuda de familiares.",Sí,Sí,No,Sí,Sí,1
AES-2025-00596,Ana Mendoza Muñoz,Mujer,Española,20,4,2,Incapacidad o dependencia,Cedida o familiar,Alimentación e higiene,En trámite,Centro,Presencial,1188,0.49,0,430,180,1,0,Estoy con problemas de salud y no puedo trabajar ahora mismo. Necesitamos ayuda para la compra porque apenas tenemos para lo básico en casa.,Comprar alimentos y productos de higiene para la unidad de convivencia.,"La persona solicitante se encuentra en situación de incapacidad laboral pendiente de valoración de discapacidad, lo cual limita los ingresos del hogar.",Sí,Sí,Sí,Sí,Sí,1
AES-2025-00597,Gloria Torres Pérez,Mujer,Española,37,7,0,Desempleo con prestación,Habitación realquilada,Alimentación e higiene,No,La Vega,Presencial,802,0.19,181,170,135,1,0,Somos muchos en casa y con lo que cobro del paro no nos da para comer. La situación es muy complicada y necesitamos un apoyo para la compra.,Compra de alimentos y productos básicos de higiene.,La persona solicitante refiere una situación de escasez de recursos económicos en relación con el elevado número de miembros que componen la unidad de convivencia.,Sí,Sí,Sí,Sí,Sí,1
AES-2025-00598,Fátima Domínguez Delgado,Mujer,Extracomunitaria,54,5,2,Desempleo sin prestación,Alquiler,Material escolar,No,Ribera,Sede electrónica,338,0.11,657,110,104,1,0,Ha perdido el empleo hace pocos meses y no tiene otros ingresos estables. Me cuesta mucho comprar los libros y el material para el colegio de mis hijos ahora que no entro dinero.,Cubrir gastos de material escolar necesario para los menores.,La persona solicitante presenta una ruptura brusca de la estabilidad económica familiar tras la pérdida reciente de su ocupación laboral.,Sí,Sí,Sí,Sí,Sí,1
AES-2025-00599,Isabel Garrido González,Mujer,Española,39,5,0,Desempleo sin prestación,Alquiler,Alquiler o hipoteca,No,San Antón,Presencial,0,0.0,711,860,134,0,0,"Ha perdido el empleo hace pocos meses y no tiene otros ingresos estables. El dueño del piso me reclama el alquiler y no tengo nada, es una situación muy angustiosa.",Pagar las mensualidades pendientes del alquiler.,La persona solicitante se encuentra en situación de desempleo sin prestación. Se detecta que el presupuesto o factura aportado no se corresponde con la necesidad descrita en la solicitud.,Sí,Sí,Sí,No,Sí,1
AES-2025-00600,María El Amrani Benali,Mujer,Extracomunitaria,62,3,0,Incapacidad o dependencia,Alquiler,Suministros básicos,En trámite,Las Eras,Presencial,530,0.29,648,130,32,0,318,Con mi discapacidad y lo que cobro no me llega ni para pagar el alquiler ni para los suministros. Estoy sola y no sé cómo afrontar los gastos de luz y agua.,Pago de facturas de suministros básicos.,La persona solicitante presenta una situación de fragilidad económica y no cuenta con red de apoyo familiar ni social para afrontar los gastos de la vivienda.,Sí,Sí,Sí,Sí,Sí,1
