part_id,material,feed_rate,cutting_speed,depth_of_cut,tool_nose_radius,tool_wear_time,surface_roughness_ra
1,Aluminum_6061,0.398,264.8,1.788,1.2,34.6,5.141
2,Stainless_304,0.247,157.1,2.719,0.8,42.7,5.6
3,Stainless_304,0.436,305.6,1.015,0.8,40.6,18.712
4,Carbon_Steel_1045,0.364,122.3,0.321,0.4,14.5,14.387
5,Stainless_304,0.092,211.5,2.383,1.2,2.4,0.393
6,Stainless_304,0.489,105.2,2.182,0.2,50.0,127.298
7,Stainless_304,0.393,198.6,1.75,0.4,52.3,30.766
8,Carbon_Steel_1045,0.404,95.7,2.492,1.2,58.7,10.116
9,Aluminum_6061,0.108,98.5,2.56,0.4,57.6,2.115
10,Aluminum_6061,0.253,233.7,1.867,0.2,38.0,14.116
11,Stainless_304,0.217,129.1,2.906,0.4,53.7,11.203
12,Stainless_304,0.467,101.7,2.229,0.4,26.9,39.62
13,Carbon_Steel_1045,0.34,328.9,2.111,0.8,47.2,8.351
14,Aluminum_6061,0.42,62.9,1.244,0.2,57.3,63.539
15,Aluminum_6061,0.25,219.5,0.256,0.4,47.8,7.449
16,Carbon_Steel_1045,0.152,214.5,0.913,1.2,24.9,0.922
17,Stainless_304,0.3,125.2,2.351,0.2,22.7,37.247
18,Carbon_Steel_1045,0.079,185.8,2.202,1.2,17.5,0.272
19,Carbon_Steel_1045,0.422,76.3,1.16,0.2,22.0,50.603
20,Carbon_Steel_1045,0.334,266.4,1.97,0.4,49.2,21.162
21,Stainless_304,0.391,116.5,0.787,0.8,42.1,15.667
22,Stainless_304,0.21,108.0,0.975,1.2,15.0,2.565
23,Aluminum_6061,0.487,144.5,2.855,0.4,42.7,30.361
24,Carbon_Steel_1045,0.452,320.7,1.386,0.2,22.8,48.843
25,Stainless_304,0.4,288.9,0.924,1.2,33.5,8.708
26,Stainless_304,0.138,334.1,1.59,1.2,22.2,0.983
27,Carbon_Steel_1045,0.26,245.6,1.314,0.8,31.3,5.143
28,Aluminum_6061,0.07,248.9,2.256,0.2,43.8,1.241
29,Carbon_Steel_1045,0.119,194.0,2.896,0.8,43.9,1.176
30,Carbon_Steel_1045,0.357,321.6,1.877,0.4,45.2,17.101
31,Aluminum_6061,0.385,203.3,1.876,0.4,23.5,14.746
32,Stainless_304,0.485,156.5,1.253,0.2,41.4,87.533
33,Aluminum_6061,0.197,242.1,1.803,0.4,14.3,3.539
34,Stainless_304,0.217,213.8,1.128,1.2,28.6,2.802
35,Carbon_Steel_1045,0.261,87.2,0.253,0.2,35.0,19.914
36,Aluminum_6061,0.135,167.8,2.632,1.2,41.2,0.875
37,Carbon_Steel_1045,0.108,144.0,1.431,0.8,54.7,1.14
38,Carbon_Steel_1045,0.264,304.1,1.603,0.8,18.3,3.791
39,Stainless_304,0.152,163.7,0.48,1.2,50.7,1.683
40,Carbon_Steel_1045,0.351,296.5,2.552,0.2,18.7,26.68
41,Aluminum_6061,0.247,182.7,0.718,1.2,33.1,2.071
42,Stainless_304,0.425,276.1,1.379,0.4,49.7,32.903
43,Carbon_Steel_1045,0.365,90.6,2.561,0.4,43.4,22.871
44,Aluminum_6061,0.191,327.4,1.509,0.4,51.8,4.261
45,Stainless_304,0.425,194.2,2.811,0.8,48.9,17.602
46,Aluminum_6061,0.412,127.9,0.826,0.4,16.6,16.605
47,Aluminum_6061,0.224,122.4,2.217,1.2,59.6,2.781
48,Carbon_Steel_1045,0.18,129.5,2.939,0.2,56.2,12.281
49,Carbon_Steel_1045,0.357,160.0,1.761,0.8,25.8,6.696
50,Carbon_Steel_1045,0.113,265.3,2.154,0.8,2.8,0.573
51,Stainless_304,0.14,334.9,1.331,0.8,18.2,1.24
52,Aluminum_6061,0.053,250.7,2.316,0.8,50.2,0.17
53,Stainless_304,0.404,214.1,2.749,0.8,57.1,21.487
54,Aluminum_6061,0.349,184.6,2.183,1.2,49.9,4.371
55,Aluminum_6061,0.367,298.5,2.824,0.2,23.8,24.564
56,Aluminum_6061,0.401,304.9,1.869,0.4,3.4,12.353
57,Aluminum_6061,0.257,137.9,1.837,0.8,31.1,3.533
58,Carbon_Steel_1045,0.306,336.0,1.088,0.4,22.6,9.575
59,Stainless_304,0.113,168.5,2.201,1.2,7.4,0.712
60,Stainless_304,0.102,290.0,2.675,0.8,6.4,0.701
61,Carbon_Steel_1045,0.351,340.0,2.027,0.8,9.2,6.414
62,Aluminum_6061,0.262,261.1,0.891,0.2,12.3,11.239
63,Stainless_304,0.304,98.5,1.746,0.4,45.2,21.782
64,Carbon_Steel_1045,0.394,225.8,2.329,0.8,22.9,10.505
65,Carbon_Steel_1045,0.336,85.6,2.833,0.4,26.2,20.171
66,Carbon_Steel_1045,0.299,286.7,0.681,1.2,35.9,3.252
67,Aluminum_6061,0.302,134.4,0.601,0.2,57.6,24.776
68,Carbon_Steel_1045,0.187,258.6,1.386,0.2,45.4,9.954
69,Stainless_304,0.064,323.0,0.595,0.4,38.7,0.67
70,Aluminum_6061,0.247,104.3,2.946,0.4,44.6,9.42
71,Carbon_Steel_1045,0.147,167.9,1.417,1.2,43.2,1.103
72,Stainless_304,0.234,244.1,1.717,1.2,41.4,4.061
73,Carbon_Steel_1045,0.434,175.9,0.874,0.4,29.8,26.307
74,Carbon_Steel_1045,0.155,102.4,1.485,0.8,34.0,2.04
75,Carbon_Steel_1045,0.076,58.7,2.958,0.4,27.7,0.877
76,Stainless_304,0.177,172.0,1.594,0.8,23.7,2.461
77,Carbon_Steel_1045,0.182,244.8,0.274,0.8,16.2,1.58
78,Carbon_Steel_1045,0.348,222.2,0.917,0.8,21.3,7.556
79,Aluminum_6061,0.301,96.9,2.941,1.2,25.7,3.359
80,Stainless_304,0.403,185.2,2.97,0.8,34.8,14.963
81,Stainless_304,0.349,160.8,0.829,0.4,30.0,19.526
82,Carbon_Steel_1045,0.233,132.3,1.942,0.2,6.5,14.551
83,Stainless_304,0.416,268.8,0.461,0.8,20.4,12.217
84,Carbon_Steel_1045,0.125,142.9,1.838,1.2,22.6,0.702
85,Stainless_304,0.06,212.0,0.596,0.8,42.4,0.309
86,Aluminum_6061,0.091,327.0,2.501,1.2,20.0,0.268
87,Aluminum_6061,0.375,211.8,2.834,0.4,0.5,9.25
88,Stainless_304,0.258,235.1,0.726,0.2,5.1,14.924
89,Carbon_Steel_1045,0.123,72.0,1.522,0.8,29.8,1.093
90,Carbon_Steel_1045,0.275,103.4,0.531,0.2,11.3,17.274
91,Stainless_304,0.119,80.3,1.183,0.2,29.7,5.304
92,Carbon_Steel_1045,0.363,279.4,0.429,0.8,34.5,9.086
93,Aluminum_6061,0.251,300.8,0.978,0.4,56.0,7.889
94,Carbon_Steel_1045,0.221,105.9,2.973,0.8,39.3,3.953
95,Carbon_Steel_1045,0.186,115.8,0.373,0.8,1.9,1.784
96,Aluminum_6061,0.334,147.0,2.612,0.4,22.8,11.505
97,Aluminum_6061,0.213,227.3,0.463,0.8,47.6,2.455
98,Carbon_Steel_1045,0.089,236.5,1.705,0.8,15.6,0.465
99,Stainless_304,0.103,256.0,1.493,0.8,55.5,0.926
100,Carbon_Steel_1045,0.483,321.6,2.812,0.8,31.7,16.189
101,Carbon_Steel_1045,0.459,138.5,0.797,0.4,5.5,19.811
102,Carbon_Steel_1045,0.365,247.6,0.744,0.8,14.5,6.353
103,Aluminum_6061,0.17,217.9,2.309,0.8,54.4,2.233
104,Carbon_Steel_1045,0.486,141.8,2.246,0.2,59.5,84.237
105,Aluminum_6061,0.4,322.2,2.173,0.2,51.8,42.362
106,Carbon_Steel_1045,0.373,78.6,0.322,0.2,19.2,36.219
107,Aluminum_6061,0.252,263.6,0.965,0.2,46.1,14.771
108,Carbon_Steel_1045,0.173,268.4,2.56,0.4,13.3,3.137
109,Carbon_Steel_1045,0.093,324.6,1.902,1.2,23.1,0.324
110,Stainless_304,0.456,205.6,1.906,1.2,41.8,15.585
111,Carbon_Steel_1045,0.255,146.5,1.064,1.2,58.1,4.035
112,Stainless_304,0.141,298.3,0.965,0.8,26.4,1.474
113,Carbon_Steel_1045,0.188,281.2,2.853,0.2,29.8,8.46
114,Aluminum_6061,0.311,200.1,2.251,0.4,13.2,8.158
115,Aluminum_6061,0.13,280.4,0.599,1.2,24.2,0.534
116,Aluminum_6061,0.435,130.4,2.829,1.2,3.8,6.021
117,Aluminum_6061,0.391,226.9,1.852,1.2,51.5,6.723
118,Aluminum_6061,0.374,309.6,1.167,0.4,1.4,8.257
119,Carbon_Steel_1045,0.244,145.4,1.342,0.4,41.0,9.6
120,Carbon_Steel_1045,0.332,195.1,2.245,0.8,16.4,7.084
121,Carbon_Steel_1045,0.313,335.3,1.285,0.2,28.6,23.29
122,Aluminum_6061,0.342,289.5,1.842,0.2,16.9,23.636
123,Carbon_Steel_1045,0.088,316.1,2.204,0.2,24.0,1.637
124,Aluminum_6061,0.237,165.6,0.787,0.8,32.8,3.153
125,Carbon_Steel_1045,0.069,349.0,2.847,0.2,38.5,1.21
126,Carbon_Steel_1045,0.272,95.8,1.229,0.8,56.4,7.477
127,Aluminum_6061,0.198,205.6,1.403,0.4,19.9,3.796
128,Aluminum_6061,0.115,193.8,2.171,1.2,35.1,0.576
129,Stainless_304,0.097,289.5,1.924,0.2,54.1,4.086
130,Carbon_Steel_1045,0.314,322.6,1.46,0.4,17.4,10.043
131,Carbon_Steel_1045,0.127,269.3,2.037,0.2,51.9,4.803
132,Aluminum_6061,0.466,238.0,2.733,0.4,57.5,29.173
133,Aluminum_6061,0.311,178.2,2.451,0.8,50.8,6.25
134,Carbon_Steel_1045,0.206,203.1,2.517,0.2,34.2,13.359
135,Stainless_304,0.316,202.8,0.961,0.8,43.3,10.66
136,Aluminum_6061,0.06,56.1,1.403,1.2,28.9,0.135
137,Aluminum_6061,0.481,200.9,1.773,0.2,35.8,51.612
138,Stainless_304,0.267,306.8,0.372,0.2,58.5,28.763
139,Carbon_Steel_1045,0.402,262.8,2.367,1.2,15.1,5.532
140,Aluminum_6061,0.087,288.7,1.14,0.8,47.6,0.448
141,Carbon_Steel_1045,0.269,167.1,1.027,1.2,30.4,3.547
142,Carbon_Steel_1045,0.271,208.7,0.963,0.8,10.6,3.935
143,Stainless_304,0.472,60.0,1.029,0.8,38.6,28.225
144,Aluminum_6061,0.307,164.9,1.18,0.2,47.5,22.186
145,Stainless_304,0.263,192.3,1.913,0.8,34.1,6.486
146,Aluminum_6061,0.17,126.6,1.855,0.4,50.2,3.762
147,Stainless_304,0.199,59.4,0.953,1.2,22.0,2.576
148,Stainless_304,0.284,257.1,0.818,0.2,54.8,33.836
149,Stainless_304,0.248,180.5,2.522,0.2,38.9,26.947
150,Stainless_304,0.06,174.7,0.505,0.8,48.2,0.4
151,Carbon_Steel_1045,0.422,125.0,1.66,1.2,16.4,7.635
152,Aluminum_6061,0.453,211.3,1.682,1.2,26.8,6.388
153,Aluminum_6061,0.113,181.4,1.829,0.8,54.6,0.77
154,Aluminum_6061,0.299,192.2,2.686,0.4,3.1,7.42
155,Carbon_Steel_1045,0.099,224.3,1.966,0.4,24.2,1.345
156,Aluminum_6061,0.353,51.9,2.927,1.2,46.8,6.699
157,Carbon_Steel_1045,0.177,322.3,2.646,0.2,44.6,8.107
158,Carbon_Steel_1045,0.347,71.3,0.841,0.2,51.1,51.774
159,Stainless_304,0.377,185.3,0.913,0.8,44.4,14.592
160,Carbon_Steel_1045,0.396,112.2,1.198,0.4,56.8,28.691
161,Stainless_304,0.098,207.1,1.327,0.4,29.9,1.518
162,Carbon_Steel_1045,0.462,134.1,1.771,1.2,37.5,10.81
163,Stainless_304,0.154,308.0,0.889,0.4,50.9,4.821
164,Stainless_304,0.067,168.9,0.861,1.2,42.1,0.304
165,Aluminum_6061,0.3,241.6,1.299,0.2,6.1,12.726
166,Aluminum_6061,0.217,124.7,2.098,0.4,22.0,4.98
167,Stainless_304,0.423,55.8,2.142,0.2,33.2,78.448
168,Carbon_Steel_1045,0.414,171.2,2.934,0.8,45.3,16.092
169,Stainless_304,0.193,210.9,0.807,1.2,32.6,2.282
170,Stainless_304,0.479,187.9,1.33,1.2,46.7,15.028
171,Carbon_Steel_1045,0.181,338.6,2.903,0.2,50.3,9.265
172,Stainless_304,0.282,262.1,2.148,1.2,15.9,3.99
173,Stainless_304,0.165,348.7,1.879,0.2,37.0,9.274
174,Stainless_304,0.471,138.5,1.734,0.8,33.4,20.96
175,Carbon_Steel_1045,0.124,286.7,0.458,0.8,13.6,0.679
176,Aluminum_6061,0.07,216.7,2.707,0.2,29.4,0.976
177,Aluminum_6061,0.246,233.5,1.97,0.2,32.9,13.009
178,Carbon_Steel_1045,0.497,345.8,1.822,0.2,49.0,70.44
179,Stainless_304,0.451,246.2,1.734,0.8,27.7,20.716
180,Stainless_304,0.387,319.6,1.328,0.8,4.9,9.403
181,Carbon_Steel_1045,0.451,267.7,0.95,0.2,29.2,44.244
182,Aluminum_6061,0.452,88.2,2.327,0.8,50.3,13.603
183,Carbon_Steel_1045,0.283,259.8,1.651,1.2,34.3,3.61
184,Stainless_304,0.192,195.3,0.343,0.2,19.1,10.5
185,Carbon_Steel_1045,0.397,325.6,1.348,0.8,55.3,13.277
186,Aluminum_6061,0.348,292.1,2.804,0.4,9.3,10.114
187,Carbon_Steel_1045,0.218,81.2,1.278,0.4,19.6,5.432
188,Carbon_Steel_1045,0.093,90.2,1.386,0.4,26.2,1.123
189,Carbon_Steel_1045,0.386,70.9,1.966,0.4,44.3,25.641
190,Stainless_304,0.168,198.0,2.455,0.4,50.1,6.473
191,Stainless_304,0.472,74.2,2.088,0.2,3.5,63.33
192,Aluminum_6061,0.158,267.1,2.588,0.4,47.5,3.126
193,Aluminum_6061,0.105,215.7,0.563,0.8,43.2,0.551
194,Carbon_Steel_1045,0.424,300.8,2.793,0.4,53.7,28.993
195,Aluminum_6061,0.119,133.9,2.736,0.8,54.0,1.073
196,Carbon_Steel_1045,0.131,205.7,1.678,0.2,46.7,5.839
197,Aluminum_6061,0.32,85.2,1.968,0.2,11.4,20.719
198,Aluminum_6061,0.444,315.4,0.835,1.2,18.8,5.095
199,Stainless_304,0.138,102.5,1.482,0.4,56.2,5.393
200,Aluminum_6061,0.19,80.7,0.807,0.8,35.9,2.204
201,Stainless_304,0.4,111.5,0.31,0.8,32.3,15.904
202,Aluminum_6061,0.487,291.9,2.947,0.2,54.9,59.562
203,Aluminum_6061,0.275,81.7,0.963,1.2,52.5,3.699
204,Aluminum_6061,0.115,234.3,1.881,0.4,43.6,1.447
205,Aluminum_6061,0.056,273.9,1.076,1.2,52.9,0.129
206,Carbon_Steel_1045,0.153,275.3,1.269,0.4,6.8,2.321
207,Stainless_304,0.109,107.0,1.344,0.4,45.5,2.582
208,Stainless_304,0.355,68.5,1.171,0.8,57.9,16.048
209,Aluminum_6061,0.105,184.6,2.003,0.2,2.9,1.749
210,Aluminum_6061,0.278,110.7,2.893,0.8,13.4,3.676
211,Aluminum_6061,0.362,259.8,1.429,1.2,47.6,4.537
212,Stainless_304,0.312,157.0,2.927,0.8,31.2,9.845
213,Aluminum_6061,0.14,184.8,2.086,0.2,5.2,3.111
214,Aluminum_6061,0.412,84.0,1.92,0.8,16.1,8.84
215,Stainless_304,0.372,220.3,0.902,0.2,19.4,42.845
216,Stainless_304,0.383,105.7,0.423,0.2,19.3,50.871
217,Carbon_Steel_1045,0.109,253.7,2.593,0.4,52.7,1.898
218,Aluminum_6061,0.106,71.4,1.828,0.4,39.7,1.412
219,Carbon_Steel_1045,0.467,342.8,1.39,0.2,44.1,56.833
220,Aluminum_6061,0.229,255.4,2.483,0.2,0.8,7.996
221,Carbon_Steel_1045,0.185,104.5,1.104,1.2,25.7,1.576
222,Stainless_304,0.27,54.2,2.405,0.4,19.1,13.98
223,Aluminum_6061,0.348,150.3,1.152,0.2,51.1,29.697
224,Stainless_304,0.48,95.8,2.782,0.4,57.2,65.637
225,Carbon_Steel_1045,0.179,115.5,0.987,0.8,25.4,2.083
226,Stainless_304,0.466,311.8,0.628,0.8,58.4,23.405
227,Aluminum_6061,0.061,231.0,2.17,0.4,0.9,0.293
228,Carbon_Steel_1045,0.3,102.9,0.698,0.2,19.5,21.889
229,Aluminum_6061,0.335,217.0,2.861,1.2,46.5,5.149
230,Carbon_Steel_1045,0.098,126.7,2.053,0.8,21.6,0.635
231,Aluminum_6061,0.113,342.9,0.885,1.2,55.3,0.513
232,Aluminum_6061,0.239,59.8,0.824,0.4,13.1,4.833
233,Stainless_304,0.485,269.7,2.791,0.2,47.7,91.208
234,Carbon_Steel_1045,0.318,281.9,1.922,0.4,12.1,9.607
235,Carbon_Steel_1045,0.47,70.1,2.708,0.4,11.8,28.672
236,Carbon_Steel_1045,0.412,101.6,0.553,0.8,26.7,11.524
237,Carbon_Steel_1045,0.26,165.3,2.795,0.8,56.7,6.223
238,Carbon_Steel_1045,0.403,310.4,1.68,0.2,35.1,42.873
239,Aluminum_6061,0.058,211.1,2.088,0.8,38.1,0.182
240,Aluminum_6061,0.099,246.6,1.275,0.4,0.6,0.715
241,Carbon_Steel_1045,0.423,284.9,0.413,0.8,3.4,8.71
242,Aluminum_6061,0.409,298.4,2.884,0.4,4.0,12.353
243,Carbon_Steel_1045,0.155,192.9,2.985,0.8,49.2,1.897
244,Carbon_Steel_1045,0.289,202.6,1.253,0.8,14.2,4.21
245,Aluminum_6061,0.323,265.4,2.846,0.4,19.7,9.886
246,Stainless_304,0.44,129.0,0.711,0.2,36.6,72.173
247,Carbon_Steel_1045,0.321,306.3,0.675,0.8,35.0,5.519
248,Carbon_Steel_1045,0.236,56.2,0.451,1.2,24.6,2.358
249,Stainless_304,0.218,108.7,1.326,0.4,0.3,6.918
250,Aluminum_6061,0.242,290.1,0.394,1.2,27.0,1.934
251,Aluminum_6061,0.343,152.1,1.335,0.2,44.3,33.147
252,Aluminum_6061,0.44,94.9,0.631,1.2,14.1,6.224
253,Carbon_Steel_1045,0.254,106.0,2.259,1.2,42.5,3.378
254,Aluminum_6061,0.162,209.2,2.542,0.4,0.9,1.899
255,Stainless_304,0.156,303.9,2.141,0.2,54.5,9.228
256,Aluminum_6061,0.386,71.2,0.801,0.8,57.0,10.059
257,Carbon_Steel_1045,0.417,59.1,2.359,1.2,0.1,6.775
258,Carbon_Steel_1045,0.097,189.6,0.936,0.2,27.5,2.446
259,Aluminum_6061,0.08,336.9,2.339,0.8,24.8,0.355
260,Carbon_Steel_1045,0.317,133.7,1.81,1.2,50.5,5.708
261,Carbon_Steel_1045,0.116,337.8,1.258,0.2,32.4,2.931
262,Stainless_304,0.421,316.3,0.48,0.8,36.7,14.583
263,Carbon_Steel_1045,0.19,134.9,2.526,0.2,12.2,8.354
264,Carbon_Steel_1045,0.115,295.1,2.834,0.2,4.6,2.427
265,Carbon_Steel_1045,0.464,255.8,2.081,0.4,41.5,31.745
266,Carbon_Steel_1045,0.124,203.5,2.902,0.4,37.2,2.082
267,Carbon_Steel_1045,0.178,176.9,2.819,0.2,49.9,10.873
268,Carbon_Steel_1045,0.119,294.7,0.785,1.2,50.7,0.713
269,Aluminum_6061,0.102,287.9,2.261,0.2,37.9,2.559
270,Carbon_Steel_1045,0.06,277.1,1.211,1.2,32.3,0.15
271,Aluminum_6061,0.075,349.5,1.591,0.2,54.8,1.478
272,Stainless_304,0.129,193.6,0.682,0.8,48.1,1.596
273,Aluminum_6061,0.074,292.1,2.931,0.8,52.9,0.346
274,Carbon_Steel_1045,0.316,308.7,2.247,0.4,59.8,18.308
275,Aluminum_6061,0.356,113.5,0.984,0.4,24.2,11.942
276,Aluminum_6061,0.227,62.6,1.272,1.2,43.0,2.353
277,Aluminum_6061,0.193,171.4,1.412,0.2,41.3,9.642
278,Carbon_Steel_1045,0.277,307.0,2.306,1.2,10.4,2.534
279,Aluminum_6061,0.444,136.7,2.796,0.8,38.2,12.289
280,Aluminum_6061,0.433,260.0,1.134,1.2,25.7,5.7
281,Aluminum_6061,0.07,52.2,1.549,0.4,27.0,0.612
282,Aluminum_6061,0.132,156.6,1.881,0.4,10.8,1.667
283,Stainless_304,0.157,234.7,1.332,0.8,44.7,2.563
284,Carbon_Steel_1045,0.162,88.9,1.636,0.8,41.9,2.223
285,Stainless_304,0.307,319.0,0.541,1.2,31.9,5.447
286,Carbon_Steel_1045,0.237,96.9,0.711,1.2,9.4,2.149
287,Carbon_Steel_1045,0.072,322.9,1.353,0.2,33.4,1.386
288,Stainless_304,0.218,114.9,2.766,0.2,6.0,13.492
289,Aluminum_6061,0.286,348.3,1.211,1.2,20.4,2.663
290,Stainless_304,0.096,231.4,0.937,0.4,22.3,1.424
291,Carbon_Steel_1045,0.425,75.3,2.293,0.8,53.0,14.294
292,Carbon_Steel_1045,0.073,69.6,2.86,0.2,24.9,1.928
293,Stainless_304,0.466,72.5,1.513,0.2,35.9,96.106
294,Aluminum_6061,0.095,227.0,0.274,0.4,52.5,1.018
295,Stainless_304,0.43,292.9,2.142,0.8,25.5,14.267
296,Stainless_304,0.456,170.9,1.391,1.2,53.0,15.875
297,Aluminum_6061,0.491,183.5,2.103,1.2,8.2,6.258
298,Aluminum_6061,0.411,226.8,1.014,0.2,21.9,29.219
299,Stainless_304,0.401,209.9,0.257,0.2,5.7,37.403
300,Aluminum_6061,0.339,256.4,1.197,0.8,33.7,5.713
301,Carbon_Steel_1045,0.401,191.5,2.188,0.8,57.4,13.303
302,Aluminum_6061,0.111,264.2,1.331,0.2,39.4,2.821
303,Aluminum_6061,0.291,349.2,0.853,0.4,37.6,8.682
304,Carbon_Steel_1045,0.281,155.1,1.526,1.2,16.7,3.181
305,Carbon_Steel_1045,0.436,53.7,2.319,0.2,55.9,84.514
306,Carbon_Steel_1045,0.258,87.7,0.578,1.2,28.3,3.099
307,Carbon_Steel_1045,0.223,216.1,2.152,0.4,16.0,5.176
308,Aluminum_6061,0.338,153.3,2.085,0.8,59.3,9.577
309,Carbon_Steel_1045,0.17,332.0,1.27,0.8,25.4,1.764
310,Aluminum_6061,0.113,238.2,2.918,0.8,22.3,0.717
311,Aluminum_6061,0.265,206.1,2.71,0.8,2.1,2.958
312,Aluminum_6061,0.238,289.4,1.119,0.2,10.7,8.367
313,Carbon_Steel_1045,0.155,127.6,0.336,0.4,48.6,3.124
314,Aluminum_6061,0.215,295.9,1.098,1.2,29.0,1.327
315,Aluminum_6061,0.215,50.9,0.813,0.2,57.3,15.577
316,Carbon_Steel_1045,0.197,235.9,1.755,0.8,5.0,1.826
317,Aluminum_6061,0.221,330.4,2.777,0.8,37.0,2.588
318,Stainless_304,0.359,286.4,2.643,0.2,43.2,41.803
319,Carbon_Steel_1045,0.184,306.1,1.091,0.2,37.3,8.626
320,Aluminum_6061,0.477,169.1,1.429,1.2,31.8,7.519
321,Stainless_304,0.462,297.3,0.35,0.2,34.7,65.755
322,Carbon_Steel_1045,0.266,215.2,1.746,0.2,41.4,21.946
323,Stainless_304,0.198,235.6,0.424,0.2,51.8,14.217
324,Carbon_Steel_1045,0.291,67.7,2.831,0.8,20.2,5.853
325,Carbon_Steel_1045,0.432,110.5,2.634,1.2,27.6,9.339
326,Carbon_Steel_1045,0.344,215.3,0.839,0.2,38.2,33.941
327,Carbon_Steel_1045,0.412,67.6,2.173,1.2,18.9,7.797
328,Carbon_Steel_1045,0.29,272.4,1.812,0.8,10.7,4.73
329,Aluminum_6061,0.335,302.0,2.454,0.2,58.0,26.597
330,Aluminum_6061,0.18,326.1,1.558,0.2,11.7,4.511
331,Aluminum_6061,0.381,80.5,0.777,0.4,14.0,12.516
332,Stainless_304,0.141,331.9,2.01,0.2,37.1,6.243
333,Aluminum_6061,0.363,70.3,0.471,0.2,4.6,23.461
334,Stainless_304,0.437,192.2,1.858,0.4,2.0,22.474
335,Aluminum_6061,0.109,302.1,0.835,1.2,3.8,0.245
336,Carbon_Steel_1045,0.326,71.1,2.134,1.2,7.4,4.473
337,Aluminum_6061,0.093,55.5,2.527,0.8,25.8,0.591
338,Carbon_Steel_1045,0.377,57.5,0.551,0.4,49.8,28.217
339,Stainless_304,0.088,203.4,1.351,0.4,20.5,1.295
340,Carbon_Steel_1045,0.471,293.5,2.267,0.8,25.7,12.482
341,Carbon_Steel_1045,0.112,88.2,0.7,0.2,36.0,3.903
342,Carbon_Steel_1045,0.481,87.4,1.808,0.8,18.1,16.082
343,Aluminum_6061,0.41,220.6,2.098,1.2,26.0,5.423
344,Carbon_Steel_1045,0.317,120.3,1.226,1.2,23.2,4.414
345,Carbon_Steel_1045,0.402,269.1,2.538,0.2,20.5,34.252
346,Aluminum_6061,0.408,334.9,1.654,0.4,23.3,14.284
347,Carbon_Steel_1045,0.476,279.8,1.974,0.4,0.7,20.416
348,Carbon_Steel_1045,0.164,313.2,0.637,0.8,53.2,2.185
349,Aluminum_6061,0.316,205.9,0.314,0.2,58.6,27.442
350,Aluminum_6061,0.093,299.7,0.39,1.2,51.7,0.342
351,Carbon_Steel_1045,0.327,104.9,2.736,1.2,0.3,3.834
352,Stainless_304,0.127,70.5,2.677,0.4,45.1,4.1
353,Carbon_Steel_1045,0.304,246.8,2.471,0.4,34.4,11.284
354,Carbon_Steel_1045,0.308,65.6,0.799,0.4,5.7,10.003
355,Aluminum_6061,0.26,317.7,1.695,0.2,56.0,15.688
356,Aluminum_6061,0.285,257.5,2.439,1.2,46.6,3.457
357,Aluminum_6061,0.394,335.7,2.105,1.2,8.7,4.309
358,Aluminum_6061,0.41,144.2,0.568,0.4,57.8,23.998
359,Aluminum_6061,0.271,195.8,2.713,0.8,7.6,3.419
360,Aluminum_6061,0.32,272.5,0.692,0.4,27.3,9.474
361,Carbon_Steel_1045,0.469,122.8,0.722,0.2,9.5,43.542
362,Carbon_Steel_1045,0.104,212.6,2.728,0.4,9.0,1.141
363,Aluminum_6061,0.103,247.8,1.583,0.2,58.1,2.578
364,Carbon_Steel_1045,0.089,343.6,1.275,1.2,34.3,0.349
365,Aluminum_6061,0.346,273.4,1.773,0.8,15.6,4.944
366,Carbon_Steel_1045,0.238,85.4,2.949,1.2,46.6,3.543
367,Stainless_304,0.398,192.6,0.579,0.2,52.5,69.418
368,Carbon_Steel_1045,0.352,226.6,2.332,0.8,55.1,9.692
369,Aluminum_6061,0.2,94.0,1.169,0.8,56.0,3.196
370,Aluminum_6061,0.454,179.6,0.572,0.8,54.3,11.665
371,Carbon_Steel_1045,0.393,135.2,1.41,1.2,38.3,7.919
372,Aluminum_6061,0.172,85.6,1.759,0.4,20.5,3.215
373,Stainless_304,0.214,203.6,0.816,0.2,55.5,20.784
374,Carbon_Steel_1045,0.191,99.7,1.364,0.2,7.3,7.32
375,Aluminum_6061,0.121,227.2,1.998,0.4,10.1,1.066
376,Carbon_Steel_1045,0.117,100.9,1.835,0.2,26.0,4.106
377,Carbon_Steel_1045,0.471,267.1,2.239,0.2,17.0,47.738
378,Carbon_Steel_1045,0.247,108.6,2.55,0.2,36.9,19.705
379,Stainless_304,0.222,318.9,1.375,0.4,54.3,9.542
380,Stainless_304,0.378,57.9,1.413,0.2,29.5,65.519
381,Aluminum_6061,0.299,206.6,1.616,0.4,33.2,9.778
382,Aluminum_6061,0.471,146.0,1.807,0.8,25.4,11.97
383,Aluminum_6061,0.401,117.5,0.548,0.4,42.5,17.953
384,Carbon_Steel_1045,0.266,191.5,1.11,0.2,6.0,14.125
385,Carbon_Steel_1045,0.219,302.6,0.723,0.8,2.9,1.873
386,Aluminum_6061,0.494,324.6,1.311,0.2,38.5,48.21
387,Stainless_304,0.373,141.0,2.927,0.8,32.1,12.662
388,Aluminum_6061,0.478,96.3,1.853,0.4,24.4,25.503
389,Stainless_304,0.103,266.0,1.431,0.4,20.0,1.735
390,Stainless_304,0.433,224.6,1.806,0.2,3.1,47.84
391,Aluminum_6061,0.337,110.3,2.09,0.4,40.8,14.411
392,Aluminum_6061,0.105,278.1,1.446,0.2,25.3,2.071
393,Aluminum_6061,0.315,205.7,1.481,0.8,26.7,4.961
394,Stainless_304,0.359,246.0,2.179,0.2,53.6,56.164
395,Carbon_Steel_1045,0.056,157.8,0.417,0.8,44.3,0.229
396,Stainless_304,0.254,181.7,1.735,0.4,13.2,8.83
397,Carbon_Steel_1045,0.421,104.1,1.755,0.8,39.4,14.468
398,Carbon_Steel_1045,0.183,277.0,2.331,0.8,7.9,1.436
399,Stainless_304,0.256,97.1,2.952,0.8,11.6,5.928
400,Carbon_Steel_1045,0.249,283.5,2.438,1.2,42.8,2.751
401,Carbon_Steel_1045,0.186,289.4,1.635,0.8,7.6,1.795
402,Carbon_Steel_1045,0.463,274.0,0.716,1.2,16.8,6.021
403,Aluminum_6061,0.402,55.8,1.868,0.4,53.9,29.935
404,Aluminum_6061,0.1,131.9,2.544,1.2,44.3,0.391
405,Aluminum_6061,0.499,190.5,2.814,0.4,55.8,31.751
406,Carbon_Steel_1045,0.446,228.7,2.52,0.8,52.9,16.703
407,Carbon_Steel_1045,0.178,325.8,0.77,0.4,18.8,3.416
408,Carbon_Steel_1045,0.427,162.7,2.21,1.2,37.9,8.902
409,Aluminum_6061,0.098,312.5,2.67,0.4,22.7,0.976
410,Carbon_Steel_1045,0.5,99.0,2.123,0.8,41.8,19.856
411,Stainless_304,0.35,161.4,2.136,0.2,20.9,40.073
412,Carbon_Steel_1045,0.343,65.7,1.625,0.8,0.1,6.223
413,Stainless_304,0.091,272.7,2.002,0.2,5.6,2.01
414,Aluminum_6061,0.454,95.2,1.06,0.4,46.3,23.802
415,Aluminum_6061,0.063,127.1,0.494,0.2,5.0,0.628
416,Carbon_Steel_1045,0.158,282.6,2.526,0.4,36.0,3.4
417,Aluminum_6061,0.114,210.4,2.844,0.4,51.5,1.904
418,Carbon_Steel_1045,0.4,54.2,2.606,0.4,44.5,28.004
419,Stainless_304,0.139,50.7,1.168,0.4,24.8,3.743
420,Aluminum_6061,0.46,203.2,0.507,0.2,12.5,37.427
421,Stainless_304,0.345,141.5,1.02,0.8,55.4,13.971
422,Aluminum_6061,0.066,104.1,2.568,1.2,34.0,0.195
423,Carbon_Steel_1045,0.052,234.1,2.053,0.4,24.3,0.347
424,Carbon_Steel_1045,0.073,118.5,2.908,0.2,56.5,2.153
425,Carbon_Steel_1045,0.323,227.7,1.192,0.2,12.9,24.718
426,Aluminum_6061,0.411,163.8,1.767,0.8,26.5,8.888
427,Stainless_304,0.157,106.0,2.423,1.2,6.5,1.178
428,Stainless_304,0.432,91.4,0.893,1.2,7.5,9.79
429,Carbon_Steel_1045,0.076,121.1,2.901,0.4,23.9,0.777
430,Carbon_Steel_1045,0.41,58.9,1.879,0.4,42.0,30.342
431,Carbon_Steel_1045,0.468,142.4,0.272,0.2,20.3,52.333
432,Carbon_Steel_1045,0.397,320.6,0.319,0.2,41.4,37.683
433,Carbon_Steel_1045,0.364,299.4,2.676,1.2,48.3,6.504
434,Carbon_Steel_1045,0.427,161.6,2.025,0.4,52.7,32.2
435,Stainless_304,0.068,222.8,2.348,0.4,2.7,0.568
436,Carbon_Steel_1045,0.141,220.2,2.406,0.4,46.4,3.331
437,Aluminum_6061,0.106,298.6,1.406,0.4,8.8,0.79
438,Stainless_304,0.277,120.9,2.446,1.2,41.9,5.307
439,Aluminum_6061,0.385,138.9,2.828,1.2,22.3,6.237
440,Aluminum_6061,0.334,140.5,0.723,0.8,42.5,5.888
441,Stainless_304,0.433,62.3,2.351,0.4,12.8,34.091
442,Aluminum_6061,0.12,144.4,1.096,0.8,38.7,0.975
443,Aluminum_6061,0.381,313.4,1.134,0.4,7.5,10.565
444,Carbon_Steel_1045,0.137,323.6,1.385,0.8,10.2,0.996
445,Stainless_304,0.172,82.9,2.625,0.2,36.9,14.334
446,Aluminum_6061,0.369,187.4,0.311,0.8,20.2,6.039
447,Carbon_Steel_1045,0.491,164.4,1.443,0.2,42.2,71.754
448,Aluminum_6061,0.325,196.8,2.12,0.8,41.1,5.316
449,Carbon_Steel_1045,0.075,216.4,0.554,0.8,37.3,0.354
450,Aluminum_6061,0.327,56.1,2.429,0.2,43.8,33.343
451,Aluminum_6061,0.069,302.7,2.84,0.8,47.6,0.298
452,Stainless_304,0.448,342.1,0.5,0.2,54.7,94.639
453,Carbon_Steel_1045,0.369,246.0,0.671,0.4,4.8,12.383
454,Stainless_304,0.128,248.1,2.929,0.2,34.3,6.484
455,Stainless_304,0.091,208.4,0.794,0.8,44.9,0.883
456,Stainless_304,0.133,150.3,0.467,0.8,13.0,1.319
457,Carbon_Steel_1045,0.491,94.7,2.869,0.4,15.8,32.204
458,Aluminum_6061,0.256,225.2,2.705,1.2,16.0,1.999
459,Stainless_304,0.403,63.5,2.053,0.8,34.3,17.962
460,Carbon_Steel_1045,0.336,297.4,1.766,0.8,22.0,6.641
461,Aluminum_6061,0.308,176.3,2.778,0.2,40.0,23.124
462,Carbon_Steel_1045,0.115,174.4,2.053,0.8,36.6,1.015
463,Aluminum_6061,0.476,148.2,2.061,0.8,39.4,12.84
464,Carbon_Steel_1045,0.186,340.8,2.57,1.2,15.1,1.243
465,Stainless_304,0.31,102.5,2.046,0.8,46.0,12.824
466,Carbon_Steel_1045,0.365,95.4,1.635,0.2,39.8,42.81
467,Aluminum_6061,0.342,99.7,1.322,0.8,7.8,6.073
468,Aluminum_6061,0.473,247.6,1.634,0.2,12.0,37.171
469,Stainless_304,0.117,347.6,1.687,0.4,18.1,1.945
470,Carbon_Steel_1045,0.279,120.6,1.242,1.2,56.2,4.645
471,Carbon_Steel_1045,0.232,321.7,1.482,1.2,19.6,1.883
472,Stainless_304,0.263,133.6,2.455,1.2,1.2,2.721
473,Stainless_304,0.104,244.4,1.395,0.4,8.5,1.507
474,Carbon_Steel_1045,0.11,62.1,0.32,0.8,1.9,0.765
475,Carbon_Steel_1045,0.175,198.7,1.028,0.8,24.2,1.894
476,Aluminum_6061,0.187,246.4,0.887,0.2,47.8,8.406
477,Stainless_304,0.243,210.9,2.432,1.2,27.0,3.388
478,Carbon_Steel_1045,0.325,121.4,1.486,1.2,50.3,6.606
479,Carbon_Steel_1045,0.336,298.5,1.021,0.2,2.9,19.223
480,Aluminum_6061,0.235,341.0,2.479,1.2,28.2,1.864
481,Carbon_Steel_1045,0.234,187.8,0.303,0.4,47.2,7.001
482,Carbon_Steel_1045,0.148,240.8,0.729,0.8,40.5,1.404
483,Carbon_Steel_1045,0.315,287.1,2.524,0.8,51.2,7.996
484,Carbon_Steel_1045,0.193,122.4,1.764,0.2,16.4,9.816
485,Stainless_304,0.066,309.3,2.378,0.2,30.1,1.617
486,Aluminum_6061,0.238,134.1,2.555,0.8,40.6,3.244
487,Stainless_304,0.263,282.7,2.84,1.2,10.1,2.88
488,Aluminum_6061,0.152,83.6,0.424,1.2,48.9,1.096
489,Carbon_Steel_1045,0.308,136.5,2.448,0.4,18.7,11.4
490,Aluminum_6061,0.305,210.1,2.199,1.2,5.6,2.634
491,Aluminum_6061,0.366,207.5,0.819,0.4,45.9,13.603
492,Stainless_304,0.342,305.1,2.812,0.8,42.3,11.396
493,Aluminum_6061,0.344,348.8,1.362,0.4,53.0,13.89
494,Stainless_304,0.192,82.2,2.691,0.8,53.5,5.161
495,Aluminum_6061,0.404,131.4,1.914,0.8,16.7,7.388
496,Carbon_Steel_1045,0.297,157.3,1.699,0.8,38.5,5.587
497,Aluminum_6061,0.244,193.7,0.689,0.4,59.9,7.904
498,Carbon_Steel_1045,0.332,198.2,2.764,0.8,14.6,6.633
499,Stainless_304,0.212,306.9,1.781,0.8,28.4,3.993
500,Carbon_Steel_1045,0.281,281.2,0.267,0.4,54.6,11.089
501,Carbon_Steel_1045,0.382,55.7,0.3,0.8,6.2,8.787
502,Stainless_304,0.449,186.5,2.388,0.2,55.7,97.731
503,Carbon_Steel_1045,0.464,235.4,0.695,1.2,29.3,9.599
504,Aluminum_6061,0.277,188.1,1.897,0.2,53.6,20.194
505,Carbon_Steel_1045,0.284,89.2,2.123,1.2,37.3,3.875
506,Carbon_Steel_1045,0.41,169.2,1.018,1.2,40.3,8.013
507,Stainless_304,0.192,173.5,1.816,1.2,46.4,2.615
508,Aluminum_6061,0.427,106.3,0.911,0.2,4.0,31.257
509,Carbon_Steel_1045,0.272,276.9,2.852,0.2,37.7,18.58
510,Stainless_304,0.102,146.4,2.615,0.2,55.4,5.001
511,Carbon_Steel_1045,0.082,226.7,1.042,0.4,57.4,1.157
512,Carbon_Steel_1045,0.429,204.7,1.704,1.2,58.1,10.207
513,Stainless_304,0.075,313.2,1.627,1.2,38.7,0.329
514,Aluminum_6061,0.176,86.6,2.89,0.8,38.0,2.51
515,Carbon_Steel_1045,0.2,84.3,1.334,1.2,33.1,1.895
516,Stainless_304,0.128,140.1,1.796,0.2,36.5,7.263
517,Carbon_Steel_1045,0.191,179.4,2.804,1.2,36.7,1.983
518,Stainless_304,0.384,139.6,0.698,0.4,2.5,18.567
519,Carbon_Steel_1045,0.057,279.0,1.764,0.8,5.3,0.148
520,Aluminum_6061,0.422,123.6,0.541,1.2,37.2,6.843
521,Carbon_Steel_1045,0.435,75.4,1.948,0.8,18.9,13.329
522,Aluminum_6061,0.218,174.1,1.256,0.4,18.1,4.141
523,Stainless_304,0.119,282.0,2.911,0.8,11.6,0.983
524,Aluminum_6061,0.32,305.2,1.392,0.4,48.1,11.458
525,Carbon_Steel_1045,0.104,270.0,0.625,0.8,57.9,0.8
526,Carbon_Steel_1045,0.214,217.4,2.543,0.4,37.7,6.473
527,Aluminum_6061,0.481,267.3,2.507,0.4,56.7,25.645
528,Aluminum_6061,0.498,254.4,2.161,0.2,53.0,63.617
529,Carbon_Steel_1045,0.397,120.3,2.309,0.4,13.1,18.397
530,Aluminum_6061,0.19,215.2,0.978,0.8,9.2,1.214
531,Stainless_304,0.359,281.2,2.016,1.2,12.7,5.843
532,Stainless_304,0.367,145.1,0.355,0.2,5.8,34.246
533,Aluminum_6061,0.225,246.2,0.791,0.2,35.0,11.34
534,Stainless_304,0.338,194.4,2.814,0.8,17.0,8.852
535,Aluminum_6061,0.055,200.9,2.283,0.8,54.8,0.214
536,Aluminum_6061,0.144,77.0,0.884,0.2,36.8,5.885
537,Aluminum_6061,0.286,249.9,0.556,0.4,21.6,6.777
538,Stainless_304,0.124,309.7,2.86,0.2,59.1,6.929
539,Carbon_Steel_1045,0.125,92.4,0.559,0.2,57.2,6.473
540,Aluminum_6061,0.426,159.8,0.957,0.2,46.7,45.491
541,Carbon_Steel_1045,0.495,64.6,0.752,0.8,47.5,22.531
542,Carbon_Steel_1045,0.3,58.9,0.271,1.2,58.6,5.624
543,Carbon_Steel_1045,0.428,346.9,1.114,0.4,36.0,24.157
544,Carbon_Steel_1045,0.496,198.0,2.929,0.2,52.8,83.842
545,Stainless_304,0.114,156.7,1.19,1.2,3.9,0.488
546,Carbon_Steel_1045,0.252,132.5,1.637,0.4,33.2,8.92
547,Aluminum_6061,0.227,344.0,2.301,0.2,30.2,9.344
548,Stainless_304,0.086,125.7,1.765,0.2,2.3,2.047
549,Aluminum_6061,0.39,267.7,2.295,0.4,5.2,10.79
550,Carbon_Steel_1045,0.245,135.1,2.069,0.8,1.3,3.131
551,Carbon_Steel_1045,0.261,71.1,1.924,0.4,17.6,9.424
552,Aluminum_6061,0.118,255.0,2.037,0.4,3.2,0.927
553,Aluminum_6061,0.131,50.5,2.448,0.4,25.4,2.142
554,Carbon_Steel_1045,0.458,252.7,2.203,1.2,48.8,11.317
555,Stainless_304,0.07,125.1,2.427,0.8,36.8,0.572
556,Stainless_304,0.155,273.8,0.65,0.8,40.4,1.969
557,Carbon_Steel_1045,0.181,280.9,2.114,0.4,1.9,2.705
558,Aluminum_6061,0.271,267.2,2.277,0.8,50.4,5.318
559,Aluminum_6061,0.314,57.3,1.075,1.2,8.8,3.197
560,Stainless_304,0.272,261.1,2.655,0.8,18.2,5.782
561,Carbon_Steel_1045,0.088,347.0,1.088,1.2,31.0,0.288
562,Carbon_Steel_1045,0.16,122.8,0.921,0.2,55.8,9.012
563,Aluminum_6061,0.43,132.3,2.635,1.2,59.9,10.862
564,Aluminum_6061,0.337,294.1,0.929,1.2,47.0,4.311
565,Carbon_Steel_1045,0.342,98.1,1.393,0.8,43.8,10.636
566,Carbon_Steel_1045,0.352,248.2,1.262,1.2,31.7,5.187
567,Carbon_Steel_1045,0.393,276.5,2.72,0.8,39.9,10.246
568,Aluminum_6061,0.076,61.1,1.502,0.4,8.7,0.541
569,Stainless_304,0.215,216.1,2.159,0.8,16.2,3.219
570,Carbon_Steel_1045,0.293,222.8,2.434,0.8,59.1,7.533
571,Stainless_304,0.202,141.0,1.977,0.2,58.8,22.271
572,Carbon_Steel_1045,0.43,312.9,2.845,0.2,19.4,43.084
573,Carbon_Steel_1045,0.267,98.8,2.457,0.4,14.5,8.973
574,Carbon_Steel_1045,0.396,159.3,1.351,0.8,13.8,8.179
575,Carbon_Steel_1045,0.433,304.6,2.865,0.2,29.1,49.666
576,Carbon_Steel_1045,0.277,107.2,1.693,1.2,13.4,2.805
577,Carbon_Steel_1045,0.459,296.4,0.312,0.2,38.9,48.369
578,Aluminum_6061,0.314,73.7,0.965,1.2,4.5,3.12
579,Stainless_304,0.433,196.8,1.96,0.8,6.2,12.348
580,Aluminum_6061,0.203,72.6,0.681,0.4,16.6,4.116
581,Aluminum_6061,0.274,253.4,1.856,0.4,46.6,8.831
582,Stainless_304,0.289,287.2,1.244,0.8,19.4,6.44
583,Aluminum_6061,0.097,305.0,1.72,0.2,28.2,1.85
584,Stainless_304,0.229,344.4,0.255,0.8,39.4,4.14
585,Carbon_Steel_1045,0.463,251.6,2.583,0.8,47.3,15.663
586,Aluminum_6061,0.334,280.7,1.245,0.2,18.4,18.75
587,Aluminum_6061,0.13,201.7,0.635,1.2,43.9,0.651
588,Aluminum_6061,0.202,323.8,1.454,0.8,17.2,1.709
589,Aluminum_6061,0.136,243.1,1.587,0.2,38.7,4.031
590,Aluminum_6061,0.061,315.1,2.003,0.8,27.1,0.181
591,Aluminum_6061,0.467,120.6,1.693,0.4,55.6,31.499
592,Aluminum_6061,0.252,199.0,0.37,1.2,58.9,2.521
593,Carbon_Steel_1045,0.188,268.9,2.647,0.4,46.4,5.918
594,Aluminum_6061,0.319,110.8,1.505,1.2,54.9,4.733
595,Aluminum_6061,0.053,113.4,0.462,1.2,8.2,0.081
596,Aluminum_6061,0.175,343.4,2.375,0.2,39.3,5.71
597,Aluminum_6061,0.366,180.4,2.065,0.4,11.9,11.602
598,Aluminum_6061,0.335,104.5,2.036,0.2,16.6,21.143
599,Aluminum_6061,0.492,149.4,1.424,0.4,31.4,24.617
600,Carbon_Steel_1045,0.329,169.2,1.379,0.2,44.5,40.036
601,Stainless_304,0.265,236.9,1.725,0.8,43.3,6.988
602,Aluminum_6061,0.393,326.9,0.389,0.2,52.2,38.18
603,Aluminum_6061,0.456,346.0,1.072,0.8,33.6,10.874
604,Carbon_Steel_1045,0.374,245.5,2.967,0.4,55.6,25.7
605,Carbon_Steel_1045,0.483,260.0,2.071,1.2,53.3,12.135
606,Aluminum_6061,0.402,146.5,1.402,1.2,50.9,8.105
607,Stainless_304,0.44,307.1,0.861,0.8,13.8,13.702
608,Carbon_Steel_1045,0.101,115.3,2.299,0.4,31.9,1.558
609,Stainless_304,0.38,81.9,0.966,0.8,44.2,16.785
610,Stainless_304,0.248,342.0,0.697,0.8,58.6,6.143
611,Carbon_Steel_1045,0.299,309.2,0.675,0.2,0.7,14.57
612,Carbon_Steel_1045,0.344,141.1,2.255,0.4,19.6,15.05
613,Carbon_Steel_1045,0.486,252.6,2.018,1.2,20.5,9.371
614,Stainless_304,0.493,190.1,0.442,0.4,17.3,40.528
615,Carbon_Steel_1045,0.18,146.9,0.566,0.2,49.0,9.153
616,Aluminum_6061,0.38,136.0,1.993,1.2,2.7,4.3
617,Aluminum_6061,0.387,90.8,1.821,1.2,21.6,5.363
618,Carbon_Steel_1045,0.206,214.8,2.136,0.8,42.7,3.497
619,Carbon_Steel_1045,0.106,184.0,0.74,0.8,24.4,0.648
620,Stainless_304,0.068,203.7,2.248,0.4,8.6,0.68
621,Aluminum_6061,0.4,114.6,2.824,0.4,36.7,20.533
622,Stainless_304,0.27,331.6,1.903,1.2,31.4,3.569
623,Aluminum_6061,0.493,241.6,0.789,1.2,58.9,11.739
624,Carbon_Steel_1045,0.259,319.9,2.119,0.4,44.9,8.964
625,Carbon_Steel_1045,0.49,82.8,1.193,0.4,59.2,46.834
626,Aluminum_6061,0.235,236.9,0.386,0.2,11.2,7.795
627,Carbon_Steel_1045,0.407,304.8,1.081,0.2,45.7,41.252
628,Aluminum_6061,0.088,149.3,2.74,0.4,33.1,0.912
629,Aluminum_6061,0.3,108.5,1.381,0.8,42.8,5.574
630,Stainless_304,0.411,129.5,2.628,0.8,28.1,15.001
631,Aluminum_6061,0.466,131.9,1.649,1.2,12.7,6.66
632,Carbon_Steel_1045,0.42,184.2,1.672,0.4,2.7,14.887
633,Carbon_Steel_1045,0.067,147.8,0.264,0.2,50.3,1.392
634,Aluminum_6061,0.218,131.4,2.002,1.2,48.9,2.136
635,Stainless_304,0.072,244.6,0.546,1.2,9.8,0.18
636,Stainless_304,0.099,65.9,1.567,0.8,38.7,1.089
637,Stainless_304,0.354,152.1,0.966,0.2,44.3,53.253
638,Stainless_304,0.371,256.9,1.329,0.4,33.5,21.785
639,Carbon_Steel_1045,0.398,102.8,1.727,0.8,19.0,10.786
640,Stainless_304,0.439,116.3,0.29,1.2,52.9,14.921
641,Aluminum_6061,0.383,110.2,1.033,0.8,38.5,8.268
642,Aluminum_6061,0.41,50.3,2.971,0.4,43.2,26.555
643,Carbon_Steel_1045,0.072,192.1,0.408,0.4,39.1,0.748
644,Aluminum_6061,0.156,61.7,1.128,0.4,43.3,3.179
645,Carbon_Steel_1045,0.33,131.9,1.134,0.2,8.7,22.838
646,Carbon_Steel_1045,0.436,348.4,1.293,0.2,55.4,62.514
647,Aluminum_6061,0.052,325.5,2.133,1.2,17.1,0.073
648,Stainless_304,0.282,114.5,0.931,0.4,50.2,18.656
649,Aluminum_6061,0.355,143.0,1.516,1.2,53.6,5.262
650,Aluminum_6061,0.063,189.1,2.023,0.4,39.1,0.464
651,Carbon_Steel_1045,0.231,303.3,1.136,1.2,35.9,2.33
652,Stainless_304,0.453,290.8,2.859,0.2,6.5,45.148
653,Stainless_304,0.352,87.9,2.944,0.2,26.2,49.366
654,Aluminum_6061,0.157,87.3,0.579,0.8,36.7,1.56
655,Stainless_304,0.434,175.0,1.196,1.2,4.9,8.321
656,Carbon_Steel_1045,0.207,311.0,0.822,0.2,6.7,7.29
657,Stainless_304,0.434,314.6,0.764,0.8,59.6,17.762
658,Aluminum_6061,0.185,82.2,1.6,0.2,19.9,7.799
659,Carbon_Steel_1045,0.316,222.3,1.801,0.8,21.0,5.674
660,Carbon_Steel_1045,0.229,96.7,1.421,0.8,15.1,3.386
661,Carbon_Steel_1045,0.174,255.8,1.0,0.8,38.8,2.057
662,Aluminum_6061,0.449,324.9,1.016,0.4,28.4,18.037
663,Carbon_Steel_1045,0.134,186.4,2.978,0.4,47.4,3.26
664,Carbon_Steel_1045,0.088,74.9,2.79,0.8,30.7,0.609
665,Carbon_Steel_1045,0.204,223.8,0.459,0.4,0.9,3.85
666,Carbon_Steel_1045,0.373,172.6,2.056,0.8,29.0,10.418
667,Aluminum_6061,0.413,293.3,1.506,0.2,3.3,26.302
668,Stainless_304,0.499,152.1,2.144,0.4,49.6,55.889
669,Carbon_Steel_1045,0.183,312.5,1.892,0.2,6.8,7.745
670,Carbon_Steel_1045,0.234,132.1,2.695,0.2,13.0,13.42
671,Stainless_304,0.112,97.3,0.434,0.4,27.6,2.33
672,Carbon_Steel_1045,0.309,141.9,1.211,0.4,11.7,10.452
673,Aluminum_6061,0.499,60.5,2.96,0.2,32.4,63.162
674,Carbon_Steel_1045,0.365,134.4,0.751,0.2,27.6,38.656
675,Stainless_304,0.318,248.0,0.6,1.2,57.2,6.644
676,Aluminum_6061,0.227,92.7,2.255,0.8,5.3,2.53
677,Carbon_Steel_1045,0.462,83.4,2.388,0.8,34.6,19.301
678,Aluminum_6061,0.274,89.7,2.099,0.8,43.2,5.482
679,Stainless_304,0.11,73.3,2.385,0.2,7.7,3.849
680,Carbon_Steel_1045,0.214,312.4,2.158,0.8,38.2,3.037
681,Stainless_304,0.08,333.2,0.623,1.2,51.9,0.33
682,Carbon_Steel_1045,0.141,64.0,1.923,0.4,47.3,3.714
683,Aluminum_6061,0.058,278.0,2.386,1.2,56.1,0.156
684,Carbon_Steel_1045,0.254,271.1,2.63,1.2,43.2,3.123
685,Stainless_304,0.336,349.1,0.927,0.8,23.6,7.894
686,Aluminum_6061,0.204,154.4,0.6,0.2,55.2,10.661
687,Aluminum_6061,0.239,135.7,2.398,0.8,13.5,3.027
688,Carbon_Steel_1045,0.482,185.9,0.956,1.2,35.0,10.321
689,Carbon_Steel_1045,0.388,307.0,0.338,0.8,45.9,11.684
690,Aluminum_6061,0.293,268.6,2.519,1.2,52.3,3.501
691,Aluminum_6061,0.178,191.5,1.641,0.8,55.0,2.129
692,Aluminum_6061,0.454,123.4,1.148,0.4,5.1,16.365
693,Carbon_Steel_1045,0.156,268.1,0.281,1.2,43.6,1.266
694,Carbon_Steel_1045,0.196,306.4,0.347,0.2,12.2,7.329
695,Carbon_Steel_1045,0.459,170.0,2.43,0.4,46.7,40.762
696,Stainless_304,0.288,250.6,1.597,0.2,42.0,30.584
697,Aluminum_6061,0.384,170.1,0.662,0.8,10.9,6.822
698,Carbon_Steel_1045,0.316,193.5,1.236,1.2,50.0,5.197
699,Carbon_Steel_1045,0.344,207.5,0.705,1.2,27.7,5.086
700,Carbon_Steel_1045,0.185,282.7,0.56,0.2,32.6,7.445
701,Carbon_Steel_1045,0.159,343.3,1.01,0.8,58.3,1.96
702,Carbon_Steel_1045,0.195,183.3,1.761,1.2,39.4,1.699
703,Stainless_304,0.12,152.7,0.828,1.2,35.3,0.915
704,Aluminum_6061,0.443,162.1,1.195,0.8,1.0,6.445
705,Aluminum_6061,0.177,90.2,1.564,0.2,12.0,6.078
706,Carbon_Steel_1045,0.303,139.1,1.405,0.4,1.6,9.698
707,Carbon_Steel_1045,0.406,75.9,0.604,1.2,20.0,7.55
708,Aluminum_6061,0.403,178.4,0.357,0.8,20.7,6.612
709,Stainless_304,0.247,100.2,0.348,0.4,31.8,9.978
710,Stainless_304,0.264,153.9,1.213,0.2,41.4,29.298
711,Carbon_Steel_1045,0.498,288.1,2.227,0.8,10.8,14.267
712,Carbon_Steel_1045,0.354,123.8,0.611,0.4,36.1,16.59
713,Aluminum_6061,0.417,233.6,2.414,0.4,55.0,27.218
714,Carbon_Steel_1045,0.456,320.4,2.218,1.2,11.1,6.981
715,Carbon_Steel_1045,0.404,220.1,0.261,0.2,39.5,36.736
716,Stainless_304,0.133,108.1,0.324,0.2,2.7,4.14
717,Carbon_Steel_1045,0.303,153.4,0.786,1.2,31.9,4.339
718,Aluminum_6061,0.096,227.1,0.404,1.2,44.5,0.341
719,Aluminum_6061,0.344,202.0,1.711,0.4,2.0,9.867
720,Aluminum_6061,0.48,94.6,0.359,1.2,20.0,6.984
721,Stainless_304,0.281,184.0,2.457,0.2,52.7,36.404
722,Stainless_304,0.245,212.9,1.606,0.2,13.5,17.275
723,Stainless_304,0.066,130.2,2.252,0.4,43.4,0.962
724,Stainless_304,0.482,233.7,2.314,0.8,36.7,21.312
725,Aluminum_6061,0.096,71.0,1.644,0.2,9.8,1.778
726,Carbon_Steel_1045,0.068,151.0,2.795,0.2,44.5,1.581
727,Carbon_Steel_1045,0.161,291.3,2.973,1.2,31.9,1.179
728,Aluminum_6061,0.079,127.8,1.238,0.8,6.7,0.271
729,Carbon_Steel_1045,0.255,231.6,0.596,0.8,57.0,5.517
730,Carbon_Steel_1045,0.282,173.0,1.249,1.2,29.5,3.143
731,Stainless_304,0.191,144.9,0.864,0.2,44.7,12.979
732,Aluminum_6061,0.073,324.8,1.71,1.2,13.1,0.155
733,Stainless_304,0.1,153.0,1.291,0.4,8.2,1.307
734,Stainless_304,0.223,121.0,1.571,1.2,44.5,3.546
735,Stainless_304,0.077,322.8,2.349,1.2,40.4,0.356
736,Aluminum_6061,0.364,273.8,1.004,0.2,16.4,20.855
737,Aluminum_6061,0.143,254.5,1.728,0.2,44.8,4.234
738,Carbon_Steel_1045,0.186,64.9,1.172,0.8,30.3,2.554
739,Aluminum_6061,0.227,89.4,2.409,0.8,20.9,3.074
740,Aluminum_6061,0.237,241.5,2.009,0.2,47.2,13.659
741,Stainless_304,0.051,112.8,0.273,0.4,37.0,0.523
742,Aluminum_6061,0.1,117.7,2.065,1.2,30.4,0.38
743,Carbon_Steel_1045,0.438,283.7,0.718,1.2,46.4,9.495
744,Stainless_304,0.051,135.8,2.242,0.2,32.7,0.978
745,Carbon_Steel_1045,0.279,71.5,1.81,0.8,56.3,6.546
746,Stainless_304,0.27,60.9,1.354,0.2,49.1,38.01
747,Carbon_Steel_1045,0.2,183.0,2.159,0.4,21.5,5.25
748,Aluminum_6061,0.244,235.1,2.606,0.2,27.9,11.836
749,Aluminum_6061,0.401,310.7,2.392,0.8,57.4,11.524
750,Carbon_Steel_1045,0.429,83.2,1.75,0.2,53.7,65.278
751,Aluminum_6061,0.167,109.0,2.237,0.2,11.5,5.696
752,Stainless_304,0.195,208.9,1.388,0.2,16.5,12.971
753,Stainless_304,0.159,159.2,2.42,0.2,21.9,8.831
754,Aluminum_6061,0.266,194.8,2.53,0.2,52.8,18.729
755,Aluminum_6061,0.357,327.2,0.628,0.8,55.6,7.409
756,Carbon_Steel_1045,0.153,213.5,0.905,1.2,48.1,1.306
757,Carbon_Steel_1045,0.199,174.5,0.992,0.4,16.5,4.537
758,Aluminum_6061,0.469,346.8,0.707,1.2,53.2,9.947
759,Aluminum_6061,0.072,69.6,1.329,0.8,2.0,0.231
760,Aluminum_6061,0.257,329.6,0.781,0.4,25.4,5.57
761,Carbon_Steel_1045,0.37,200.5,1.888,0.2,22.7,31.826
762,Aluminum_6061,0.118,201.1,0.529,1.2,32.1,0.467
763,Carbon_Steel_1045,0.071,326.6,0.992,0.2,33.6,1.055
764,Aluminum_6061,0.112,202.2,2.08,0.4,13.5,1.067
765,Carbon_Steel_1045,0.463,181.5,1.346,0.2,12.3,44.146
766,Carbon_Steel_1045,0.054,131.7,1.409,1.2,48.2,0.164
767,Aluminum_6061,0.135,247.6,2.444,1.2,4.6,0.545
768,Stainless_304,0.064,220.9,2.957,0.4,29.6,0.755
769,Carbon_Steel_1045,0.1,114.3,1.804,0.4,11.5,1.002
770,Stainless_304,0.329,262.8,0.467,0.8,19.2,7.099
771,Carbon_Steel_1045,0.159,243.2,0.533,0.8,16.6,1.324
772,Carbon_Steel_1045,0.306,169.2,2.913,0.4,42.5,15.176
773,Aluminum_6061,0.316,51.3,2.118,0.4,27.4,14.687
774,Carbon_Steel_1045,0.432,184.0,2.319,0.2,18.0,48.184
775,Carbon_Steel_1045,0.052,51.8,2.108,0.4,49.9,0.586
776,Carbon_Steel_1045,0.434,72.5,0.744,0.8,5.1,10.212
777,Aluminum_6061,0.329,179.2,1.483,0.8,46.0,7.236
778,Aluminum_6061,0.123,74.6,2.445,1.2,14.9,0.511
779,Aluminum_6061,0.398,132.7,2.632,0.8,55.1,12.652
780,Aluminum_6061,0.435,246.6,0.903,1.2,0.3,4.15
781,Carbon_Steel_1045,0.164,142.6,1.889,0.8,33.4,1.744
782,Stainless_304,0.463,349.3,0.682,0.4,37.3,37.661
783,Aluminum_6061,0.255,324.9,2.885,0.4,34.6,7.829
784,Aluminum_6061,0.322,225.6,0.944,0.8,48.9,5.901
785,Aluminum_6061,0.493,340.1,2.248,0.4,6.7,20.852
786,Aluminum_6061,0.213,310.4,0.886,1.2,24.9,1.179
787,Carbon_Steel_1045,0.416,145.7,1.944,0.2,51.8,53.864
788,Aluminum_6061,0.193,274.9,2.063,0.2,53.3,9.279
789,Stainless_304,0.41,91.0,1.153,0.4,29.9,32.124
790,Stainless_304,0.32,255.4,2.502,0.2,33.5,35.506
791,Carbon_Steel_1045,0.147,197.3,2.685,0.2,45.8,7.002
792,Stainless_304,0.236,55.0,2.601,0.4,46.8,14.312
793,Carbon_Steel_1045,0.193,132.3,1.16,0.2,53.3,12.293
794,Stainless_304,0.085,336.6,2.297,0.2,50.6,3.036
795,Aluminum_6061,0.063,144.7,1.789,0.8,24.9,0.201
796,Stainless_304,0.206,104.4,1.88,0.4,39.0,9.18
797,Aluminum_6061,0.059,106.3,1.563,1.2,29.0,0.125
798,Carbon_Steel_1045,0.124,193.8,1.901,0.2,7.1,2.844
799,Stainless_304,0.376,302.8,0.623,0.8,49.3,14.202
800,Carbon_Steel_1045,0.369,277.4,1.374,0.8,36.1,10.125
801,Aluminum_6061,0.382,181.1,0.739,0.8,3.5,5.852
802,Aluminum_6061,0.193,112.6,1.02,0.8,40.6,2.371
803,Aluminum_6061,0.451,63.8,0.601,0.2,17.0,40.087
804,Carbon_Steel_1045,0.317,188.8,0.834,1.2,4.2,3.034
805,Carbon_Steel_1045,0.107,294.4,2.4,0.4,36.4,1.684
806,Carbon_Steel_1045,0.115,268.9,1.762,0.8,43.9,0.784
807,Stainless_304,0.362,172.6,0.315,0.4,31.0,21.695
808,Aluminum_6061,0.128,228.4,2.418,0.4,0.3,1.27
809,Stainless_304,0.278,180.9,2.751,0.8,34.6,6.979
810,Carbon_Steel_1045,0.496,223.7,2.671,1.2,0.4,7.905
811,Stainless_304,0.052,205.3,2.513,1.2,55.6,0.213
812,Stainless_304,0.057,254.3,2.979,0.8,16.0,0.227
813,Stainless_304,0.497,202.3,1.863,0.8,52.3,27.109
814,Aluminum_6061,0.313,332.2,2.897,0.8,0.7,3.349
815,Carbon_Steel_1045,0.107,178.4,2.859,1.2,5.8,0.417
816,Stainless_304,0.454,54.8,1.111,0.2,27.1,89.438
817,Carbon_Steel_1045,0.446,120.9,2.624,1.2,45.5,11.871
818,Aluminum_6061,0.291,200.2,2.429,0.8,56.6,5.879
819,Carbon_Steel_1045,0.33,212.2,2.383,0.8,31.3,7.529
820,Stainless_304,0.173,215.7,2.715,0.8,21.3,2.262
821,Aluminum_6061,0.073,264.4,1.307,1.2,2.7,0.124
822,Carbon_Steel_1045,0.318,132.4,1.35,0.8,35.0,6.878
823,Stainless_304,0.183,249.5,2.01,0.2,22.8,11.582
824,Carbon_Steel_1045,0.349,261.2,2.279,1.2,54.5,6.907
825,Aluminum_6061,0.426,173.4,2.669,0.8,28.8,10.621
826,Carbon_Steel_1045,0.058,170.7,2.659,1.2,45.9,0.212
827,Carbon_Steel_1045,0.318,103.7,2.234,1.2,50.9,6.019
828,Carbon_Steel_1045,0.154,174.2,2.881,1.2,5.9,0.804
829,Carbon_Steel_1045,0.443,286.0,0.741,0.2,26.5,43.419
830,Carbon_Steel_1045,0.164,322.7,2.863,0.8,53.6,1.901
831,Stainless_304,0.325,228.1,0.427,1.2,25.5,4.804
832,Stainless_304,0.299,139.8,1.778,1.2,33.9,6.15
833,Stainless_304,0.228,254.7,0.498,0.8,52.4,4.586
834,Carbon_Steel_1045,0.355,272.0,1.812,1.2,14.0,4.024
835,Aluminum_6061,0.377,149.7,1.323,1.2,53.7,6.302
836,Carbon_Steel_1045,0.305,298.0,0.474,0.2,23.8,19.534
837,Aluminum_6061,0.391,72.1,2.032,1.2,35.6,7.339
838,Carbon_Steel_1045,0.493,53.2,2.261,0.8,19.7,18.16
839,Aluminum_6061,0.239,86.9,0.729,0.8,31.6,3.135
840,Carbon_Steel_1045,0.282,96.8,2.16,0.2,3.0,18.755
841,Carbon_Steel_1045,0.056,313.7,0.742,1.2,3.9,0.093
842,Carbon_Steel_1045,0.408,177.5,0.628,0.4,24.9,17.815
843,Carbon_Steel_1045,0.284,132.5,0.655,0.4,20.1,9.867
844,Aluminum_6061,0.234,178.7,1.897,0.4,36.9,5.938
845,Aluminum_6061,0.092,168.5,2.392,1.2,2.3,0.212
846,Carbon_Steel_1045,0.45,140.4,1.891,0.4,10.1,26.239
847,Stainless_304,0.228,91.4,2.476,0.2,12.6,18.057
848,Stainless_304,0.357,246.8,1.877,0.2,26.4,41.504
849,Stainless_304,0.117,91.0,2.443,1.2,14.8,0.816
850,Aluminum_6061,0.483,282.6,2.935,0.2,8.3,40.693
851,Aluminum_6061,0.13,110.5,1.325,1.2,35.9,0.647
852,Carbon_Steel_1045,0.14,269.4,0.662,0.2,44.6,5.109
853,Carbon_Steel_1045,0.437,291.7,0.622,1.2,41.1,8.735
854,Carbon_Steel_1045,0.461,87.6,1.893,0.8,16.6,12.346
855,Stainless_304,0.145,76.0,1.755,0.2,51.3,11.694
856,Carbon_Steel_1045,0.261,334.9,0.757,1.2,36.7,2.486
857,Carbon_Steel_1045,0.38,188.9,2.676,0.4,36.9,20.943
858,Stainless_304,0.445,239.1,2.881,1.2,12.8,8.65
859,Aluminum_6061,0.221,57.0,0.946,0.8,14.5,2.331
860,Stainless_304,0.283,133.6,0.819,0.4,28.5,15.827
861,Carbon_Steel_1045,0.384,201.6,0.838,0.2,14.3,33.496
862,Aluminum_6061,0.379,315.9,1.315,0.4,41.3,16.891
863,Stainless_304,0.402,131.4,2.596,0.2,18.5,50.371
864,Stainless_304,0.306,282.6,1.889,1.2,9.1,3.809
865,Stainless_304,0.097,248.7,0.436,0.2,9.1,2.426
866,Aluminum_6061,0.457,84.6,1.551,0.2,7.6,41.006
867,Aluminum_6061,0.44,138.0,0.498,0.2,26.4,36.676
868,Carbon_Steel_1045,0.409,121.4,1.367,1.2,0.2,5.178
869,Aluminum_6061,0.095,182.8,1.36,1.2,32.5,0.294
870,Aluminum_6061,0.142,240.6,2.033,0.8,17.9,1.037
871,Carbon_Steel_1045,0.385,180.0,1.761,0.2,33.1,39.214
872,Aluminum_6061,0.06,123.4,2.656,0.8,56.1,0.277
873,Carbon_Steel_1045,0.491,258.8,0.295,1.2,52.1,11.605
874,Carbon_Steel_1045,0.22,225.3,2.378,0.2,34.6,14.606
875,Aluminum_6061,0.374,205.8,0.312,1.2,25.1,3.969
876,Carbon_Steel_1045,0.449,216.3,1.087,0.2,41.9,62.277
877,Aluminum_6061,0.228,116.6,2.669,1.2,55.4,2.371
878,Aluminum_6061,0.194,254.1,2.149,0.8,29.4,2.1
879,Carbon_Steel_1045,0.324,166.3,0.723,1.2,6.0,2.943
880,Carbon_Steel_1045,0.311,159.0,1.6,0.4,46.0,15.162
881,Aluminum_6061,0.234,94.9,2.235,1.2,0.6,1.773
882,Carbon_Steel_1045,0.321,229.1,2.828,1.2,45.9,5.685
883,Carbon_Steel_1045,0.471,230.8,1.994,0.4,5.1,22.023
884,Carbon_Steel_1045,0.26,152.1,0.318,0.8,6.4,3.015
885,Aluminum_6061,0.139,308.0,1.624,0.4,46.9,2.078
886,Carbon_Steel_1045,0.22,303.6,0.671,0.4,41.4,7.015
887,Carbon_Steel_1045,0.227,82.7,0.381,1.2,33.7,2.654
888,Aluminum_6061,0.109,258.5,1.896,0.2,49.2,3.098
889,Carbon_Steel_1045,0.123,168.2,2.387,0.2,51.1,5.179
890,Stainless_304,0.358,349.9,0.349,0.4,27.5,18.643
891,Aluminum_6061,0.203,117.5,2.405,1.2,59.8,2.265
892,Carbon_Steel_1045,0.48,134.2,2.193,0.2,21.5,61.503
893,Stainless_304,0.16,182.6,2.318,0.4,10.3,3.689
894,Aluminum_6061,0.095,130.6,0.923,0.8,50.8,0.526
895,Stainless_304,0.389,257.6,1.332,0.4,24.9,25.759
896,Carbon_Steel_1045,0.446,194.3,0.579,0.8,52.5,15.787
897,Carbon_Steel_1045,0.175,116.3,0.907,0.8,3.7,1.472
898,Stainless_304,0.141,201.9,1.083,1.2,6.7,0.942
899,Stainless_304,0.134,316.6,1.128,1.2,2.4,0.696
900,Carbon_Steel_1045,0.285,287.7,0.731,0.4,36.1,10.389
901,Carbon_Steel_1045,0.261,199.6,0.769,0.4,49.9,10.977
902,Aluminum_6061,0.167,136.5,2.729,0.4,24.2,3.235
903,Aluminum_6061,0.07,104.0,2.406,0.4,5.4,0.459
904,Stainless_304,0.267,313.5,1.197,1.2,22.4,3.469
905,Carbon_Steel_1045,0.482,263.1,2.856,0.8,20.9,16.266
906,Stainless_304,0.344,221.6,0.907,0.8,38.6,10.103
907,Aluminum_6061,0.273,313.8,1.369,0.4,39.1,8.341
908,Aluminum_6061,0.1,86.5,2.487,0.8,6.2,0.469
909,Aluminum_6061,0.164,254.7,1.468,0.8,25.2,1.311
910,Carbon_Steel_1045,0.183,115.0,0.895,0.8,38.6,2.778
911,Aluminum_6061,0.394,86.2,1.263,1.2,15.5,5.098
912,Aluminum_6061,0.445,189.7,1.627,1.2,24.4,6.839
913,Stainless_304,0.456,166.2,1.957,0.2,36.8,83.724
914,Stainless_304,0.493,332.4,1.365,0.2,24.2,70.134
915,Stainless_304,0.492,147.2,1.436,1.2,1.9,11.626
916,Aluminum_6061,0.479,294.5,0.976,0.4,13.4,19.125
917,Carbon_Steel_1045,0.082,274.6,1.722,0.4,46.6,0.955
918,Carbon_Steel_1045,0.112,250.4,0.854,1.2,14.9,0.466
919,Aluminum_6061,0.187,326.1,2.636,0.8,49.1,1.996
920,Carbon_Steel_1045,0.299,172.4,2.305,0.2,28.0,24.061
921,Stainless_304,0.094,166.9,1.378,0.2,28.4,2.984
922,Aluminum_6061,0.431,98.3,2.305,1.2,46.2,9.358
923,Stainless_304,0.328,132.7,0.269,1.2,23.0,5.637
924,Aluminum_6061,0.294,313.9,1.197,0.4,14.3,7.353
925,Aluminum_6061,0.124,192.3,1.461,1.2,6.3,0.424
926,Aluminum_6061,0.164,152.4,1.542,0.2,40.3,6.281
927,Stainless_304,0.122,114.8,2.309,1.2,28.2,1.133
928,Carbon_Steel_1045,0.433,195.5,2.898,0.2,48.6,58.477
929,Stainless_304,0.313,265.0,1.295,0.8,27.5,7.045
930,Carbon_Steel_1045,0.381,136.0,1.214,1.2,24.9,6.698
931,Stainless_304,0.183,277.3,1.929,0.8,17.9,2.097
932,Carbon_Steel_1045,0.217,238.9,1.023,1.2,12.0,1.766
933,Carbon_Steel_1045,0.232,286.3,0.639,0.4,49.8,7.688
934,Stainless_304,0.392,125.3,2.894,0.4,5.7,20.815
935,Stainless_304,0.398,239.3,2.476,0.4,54.1,32.519
936,Carbon_Steel_1045,0.143,96.1,2.886,0.2,1.6,3.992
937,Aluminum_6061,0.474,159.1,0.849,0.4,31.3,24.457
938,Stainless_304,0.104,267.3,0.299,0.2,3.5,2.231
939,Aluminum_6061,0.453,239.5,1.452,1.2,46.8,8.385
940,Stainless_304,0.095,106.4,2.817,0.2,12.7,3.02
941,Carbon_Steel_1045,0.169,307.5,0.63,0.2,34.0,6.662
942,Aluminum_6061,0.431,66.0,0.572,0.8,55.0,14.53
943,Aluminum_6061,0.131,228.6,0.44,0.8,39.0,0.942
944,Carbon_Steel_1045,0.236,345.1,2.354,0.2,10.7,12.228
945,Carbon_Steel_1045,0.252,209.5,2.411,0.8,47.8,4.805
946,Stainless_304,0.16,290.2,2.162,0.2,26.5,8.429
947,Carbon_Steel_1045,0.37,228.6,0.397,1.2,0.8,3.615
948,Aluminum_6061,0.433,284.9,2.239,0.2,29.2,38.304
949,Carbon_Steel_1045,0.444,246.7,1.484,0.8,48.7,13.788
950,Stainless_304,0.203,257.3,0.684,0.8,25.8,3.06
951,Stainless_304,0.289,118.3,1.062,0.4,45.5,17.58
952,Carbon_Steel_1045,0.162,272.5,1.628,0.8,42.3,1.874
953,Stainless_304,0.16,121.4,1.157,0.4,27.4,4.688
954,Aluminum_6061,0.123,344.2,2.917,0.8,19.4,0.715
955,Carbon_Steel_1045,0.473,118.3,1.556,0.2,43.6,72.104
956,Stainless_304,0.45,121.0,1.273,0.8,22.1,16.748
957,Carbon_Steel_1045,0.4,307.6,2.101,1.2,10.2,5.38
958,Aluminum_6061,0.283,122.9,2.039,1.2,19.3,2.554
959,Carbon_Steel_1045,0.271,158.3,0.257,0.4,52.6,11.984
960,Aluminum_6061,0.288,264.4,1.951,0.4,17.0,7.122
961,Aluminum_6061,0.291,97.6,0.92,0.4,14.1,8.244
962,Aluminum_6061,0.246,97.7,1.282,1.2,8.0,1.838
963,Stainless_304,0.109,195.9,2.192,1.2,3.3,0.593
964,Aluminum_6061,0.107,123.1,1.783,0.8,58.6,0.868
965,Carbon_Steel_1045,0.479,120.7,1.264,1.2,32.2,10.991
966,Stainless_304,0.267,52.8,0.71,0.2,43.8,32.186
967,Stainless_304,0.479,161.1,1.64,1.2,46.4,17.405
968,Carbon_Steel_1045,0.124,145.5,1.128,1.2,21.1,0.608
969,Carbon_Steel_1045,0.299,59.3,2.761,0.8,47.9,7.922
970,Aluminum_6061,0.143,236.4,1.719,0.8,57.7,1.326
971,Carbon_Steel_1045,0.164,238.0,2.631,1.2,44.5,1.388
972,Aluminum_6061,0.064,71.2,1.323,0.8,42.7,0.262
973,Aluminum_6061,0.104,145.1,2.525,1.2,25.9,0.39
974,Aluminum_6061,0.463,311.8,0.405,0.2,50.5,47.367
975,Carbon_Steel_1045,0.195,224.7,1.07,0.8,5.3,1.745
976,Aluminum_6061,0.324,173.6,0.465,0.4,45.0,13.443
977,Aluminum_6061,0.259,189.5,0.337,1.2,21.7,1.816
978,Stainless_304,0.23,112.5,2.777,1.2,34.0,4.45
979,Aluminum_6061,0.289,293.6,2.221,1.2,53.6,3.502
980,Carbon_Steel_1045,0.134,324.2,1.969,0.2,36.3,4.97
981,Carbon_Steel_1045,0.495,323.2,1.714,0.4,1.5,21.312
982,Carbon_Steel_1045,0.418,117.2,1.816,0.2,43.4,50.134
983,Aluminum_6061,0.384,143.2,2.006,1.2,55.7,6.425
984,Aluminum_6061,0.261,98.2,2.523,0.4,38.5,8.764
985,Stainless_304,0.119,142.2,1.891,0.8,51.7,1.768
986,Carbon_Steel_1045,0.464,149.8,2.309,0.4,49.5,32.812
987,Aluminum_6061,0.204,239.9,1.023,1.2,51.7,1.55
988,Aluminum_6061,0.073,106.9,2.936,1.2,20.6,0.199
989,Carbon_Steel_1045,0.204,325.8,0.338,1.2,28.4,1.616
990,Aluminum_6061,0.408,80.9,1.313,0.8,50.9,12.572
991,Carbon_Steel_1045,0.33,52.1,2.676,0.2,54.6,43.126
992,Carbon_Steel_1045,0.388,306.5,0.746,1.2,8.8,4.034
993,Carbon_Steel_1045,0.407,261.1,0.639,0.2,10.9,32.994
994,Stainless_304,0.145,156.6,1.255,0.4,20.8,3.863
995,Carbon_Steel_1045,0.466,228.6,1.428,0.4,46.2,31.049
996,Stainless_304,0.247,117.1,2.817,0.4,52.5,14.049
997,Carbon_Steel_1045,0.338,100.5,2.549,1.2,34.8,5.923
998,Carbon_Steel_1045,0.051,191.3,1.526,0.2,6.8,0.533
999,Carbon_Steel_1045,0.497,156.0,2.926,0.8,18.2,15.384
1000,Carbon_Steel_1045,0.176,234.6,2.016,0.2,51.4,10.989
1001,Aluminum_6061,0.078,115.4,2.653,1.2,20.9,0.238
1002,Stainless_304,0.256,248.9,0.927,0.8,6.2,4.113
1003,Stainless_304,0.108,280.1,1.595,0.4,18.1,1.46
1004,Aluminum_6061,0.119,100.0,0.332,0.2,48.4,3.496
1005,Carbon_Steel_1045,0.335,63.2,0.274,0.2,29.6,31.548
1006,Stainless_304,0.227,181.9,2.19,0.2,10.3,14.151
1007,Stainless_304,0.465,282.2,0.575,0.4,18.8,30.678
1008,Carbon_Steel_1045,0.194,245.2,1.756,1.2,57.2,2.064
1009,Aluminum_6061,0.377,260.6,2.164,0.2,25.9,24.37
1010,Carbon_Steel_1045,0.257,170.9,0.339,0.8,26.5,4.272
1011,Aluminum_6061,0.347,120.5,1.484,0.4,9.2,10.71
1012,Carbon_Steel_1045,0.32,209.5,2.131,0.2,18.3,24.463
1013,Carbon_Steel_1045,0.263,111.3,2.697,0.8,48.9,6.659
1014,Carbon_Steel_1045,0.478,267.9,1.073,0.8,47.2,15.281
1015,Aluminum_6061,0.204,109.1,2.929,1.2,26.1,1.821
1016,Carbon_Steel_1045,0.13,137.4,2.572,0.8,53.6,1.507
1017,Carbon_Steel_1045,0.355,202.0,2.039,0.4,22.8,17.453
1018,Aluminum_6061,0.431,196.0,1.328,1.2,51.9,7.263
1019,Aluminum_6061,0.068,230.3,2.206,0.2,1.9,0.772
1020,Aluminum_6061,0.252,181.2,2.495,0.8,20.8,2.957
1021,Stainless_304,0.452,325.8,1.084,1.2,51.3,16.244
1022,Carbon_Steel_1045,0.387,302.0,2.98,0.2,54.1,45.333
1023,Carbon_Steel_1045,0.496,313.7,2.749,1.2,45.4,13.319
1024,Carbon_Steel_1045,0.289,238.9,1.585,0.2,40.2,22.65
1025,Stainless_304,0.347,240.5,2.238,0.4,48.9,26.761
1026,Carbon_Steel_1045,0.186,232.8,1.691,0.4,42.5,4.962
1027,Aluminum_6061,0.476,180.5,2.343,0.2,15.3,38.636
1028,Aluminum_6061,0.215,146.6,2.524,0.8,28.0,2.074
1029,Aluminum_6061,0.382,227.6,0.314,0.4,39.6,18.742
1030,Stainless_304,0.231,57.7,0.468,0.8,35.3,5.797
1031,Carbon_Steel_1045,0.303,52.2,1.175,0.4,53.1,14.243
1032,Stainless_304,0.374,305.5,2.773,0.8,28.4,12.281
1033,Carbon_Steel_1045,0.279,63.9,1.345,1.2,10.7,3.419
1034,Stainless_304,0.458,207.4,2.691,0.8,12.9,14.97
1035,Stainless_304,0.239,234.5,1.522,0.2,50.8,22.268
1036,Carbon_Steel_1045,0.341,109.5,1.044,0.4,0.5,11.382
1037,Aluminum_6061,0.204,318.7,2.727,0.4,52.1,5.782
1038,Aluminum_6061,0.234,107.0,1.792,0.2,3.3,9.357
1039,Carbon_Steel_1045,0.248,315.4,1.241,0.2,23.5,15.431
1040,Stainless_304,0.107,278.9,0.372,0.2,48.0,4.63
1041,Carbon_Steel_1045,0.091,122.2,0.555,1.2,24.5,0.346
1042,Aluminum_6061,0.35,95.2,0.633,0.4,49.3,14.695
1043,Carbon_Steel_1045,0.345,144.9,1.253,1.2,6.0,3.963
1044,Carbon_Steel_1045,0.348,169.4,1.92,0.8,30.7,8.655
1045,Aluminum_6061,0.059,123.7,1.096,0.8,34.9,0.202
1046,Stainless_304,0.197,349.7,0.43,1.2,53.5,2.593
1047,Carbon_Steel_1045,0.139,118.9,0.978,0.8,5.6,1.071
1048,Aluminum_6061,0.4,299.2,1.374,0.2,20.3,29.136
1049,Aluminum_6061,0.437,97.7,2.979,0.4,39.6,25.911
1050,Carbon_Steel_1045,0.161,344.1,1.331,0.8,58.8,2.088
1051,Carbon_Steel_1045,0.351,117.7,0.495,0.2,50.9,48.347
1052,Aluminum_6061,0.108,176.5,1.848,0.2,50.8,2.715
1053,Carbon_Steel_1045,0.174,217.6,2.779,0.2,31.0,8.6
1054,Carbon_Steel_1045,0.112,86.1,2.413,0.8,33.9,1.192
1055,Aluminum_6061,0.178,295.0,2.55,0.4,51.5,3.603
1056,Carbon_Steel_1045,0.354,132.4,2.803,0.2,52.2,49.327
1057,Carbon_Steel_1045,0.46,214.8,2.0,0.8,48.1,17.978
1058,Aluminum_6061,0.141,214.9,2.986,0.8,49.1,1.162
1059,Aluminum_6061,0.294,230.8,0.342,0.8,52.8,5.387
1060,Aluminum_6061,0.366,66.6,2.546,0.2,6.8,26.105
1061,Carbon_Steel_1045,0.479,100.6,2.607,1.2,17.6,10.214
1062,Stainless_304,0.325,98.4,2.771,0.2,58.6,55.962
1063,Carbon_Steel_1045,0.165,140.6,1.565,0.8,32.7,2.141
1064,Stainless_304,0.331,93.5,2.416,0.8,10.6,9.087
1065,Carbon_Steel_1045,0.194,326.6,0.786,0.2,30.2,8.485
1066,Carbon_Steel_1045,0.489,203.9,1.909,0.4,38.7,33.102
1067,Carbon_Steel_1045,0.23,237.1,1.236,0.2,49.7,15.367
1068,Stainless_304,0.358,157.2,1.889,0.4,48.7,26.109
1069,Stainless_304,0.06,132.9,2.108,0.8,3.0,0.245
1070,Carbon_Steel_1045,0.23,201.0,1.204,0.4,27.2,6.604
1071,Carbon_Steel_1045,0.444,138.3,0.845,0.8,1.2,9.553
1072,Stainless_304,0.325,153.1,1.135,1.2,53.3,8.626
1073,Stainless_304,0.25,185.8,2.076,0.2,10.4,18.436
1074,Stainless_304,0.471,201.7,2.111,0.4,37.5,41.33
1075,Aluminum_6061,0.434,345.3,2.289,0.2,34.2,36.215
1076,Aluminum_6061,0.195,117.0,0.598,0.8,37.5,2.285
1077,Carbon_Steel_1045,0.295,196.4,2.501,0.2,33.8,24.381
1078,Carbon_Steel_1045,0.27,94.9,2.142,1.2,42.9,4.182
1079,Aluminum_6061,0.334,155.0,0.334,0.4,37.6,12.573
1080,Carbon_Steel_1045,0.2,265.2,1.173,0.8,5.4,1.9
1081,Carbon_Steel_1045,0.16,102.3,1.533,0.2,22.0,6.999
1082,Aluminum_6061,0.461,224.4,1.242,0.4,32.8,21.586
1083,Carbon_Steel_1045,0.466,175.0,0.573,0.2,19.5,45.827
1084,Aluminum_6061,0.429,65.5,0.82,0.8,45.6,12.347
1085,Stainless_304,0.49,329.9,0.318,0.2,19.1,69.97
1086,Aluminum_6061,0.385,174.1,0.506,0.2,49.7,34.83
1087,Carbon_Steel_1045,0.394,285.2,0.982,0.8,8.8,6.505
1088,Carbon_Steel_1045,0.393,174.9,2.505,0.8,46.2,13.741
1089,Aluminum_6061,0.266,331.2,1.698,0.4,11.0,5.143
1090,Carbon_Steel_1045,0.255,137.1,1.417,0.4,31.7,9.169
1091,Stainless_304,0.158,173.7,2.071,0.4,19.2,4.247
1092,Carbon_Steel_1045,0.34,277.7,1.739,1.2,38.2,5.21
1093,Aluminum_6061,0.18,153.1,0.612,0.4,12.8,2.27
1094,Carbon_Steel_1045,0.166,159.3,0.862,1.2,47.7,1.463
1095,Aluminum_6061,0.314,348.4,0.862,0.2,34.4,21.271
1096,Carbon_Steel_1045,0.234,216.7,1.9,0.2,57.4,19.554
1097,Carbon_Steel_1045,0.148,256.8,1.519,0.4,42.7,2.619
1098,Carbon_Steel_1045,0.417,243.0,1.316,0.2,36.4,54.671
1099,Aluminum_6061,0.437,298.4,1.781,0.8,49.7,10.236
1100,Aluminum_6061,0.125,308.5,2.918,0.4,13.2,1.239
1101,Aluminum_6061,0.053,219.0,1.114,0.4,38.0,0.328
1102,Carbon_Steel_1045,0.201,138.4,1.681,0.8,23.4,2.727
1103,Carbon_Steel_1045,0.409,56.8,1.571,0.2,44.6,62.01
1104,Carbon_Steel_1045,0.428,234.3,2.221,0.4,1.5,16.063
1105,Aluminum_6061,0.112,297.6,2.258,1.2,25.7,0.451
1106,Aluminum_6061,0.398,185.2,2.255,0.8,39.1,9.408
1107,Carbon_Steel_1045,0.102,99.4,0.804,0.8,27.6,0.635
1108,Carbon_Steel_1045,0.226,136.4,1.485,0.8,14.3,3.252
1109,Stainless_304,0.499,203.0,2.481,0.4,27.9,45.268
1110,Aluminum_6061,0.137,301.0,1.299,1.2,51.0,0.799
1111,Aluminum_6061,0.119,101.5,2.957,1.2,12.4,0.508
1112,Carbon_Steel_1045,0.24,233.6,1.253,0.4,22.0,7.987
1113,Carbon_Steel_1045,0.329,276.0,1.619,1.2,59.4,5.679
1114,Carbon_Steel_1045,0.47,330.8,1.555,0.2,54.8,67.108
1115,Aluminum_6061,0.491,85.0,1.443,0.4,2.0,21.813
1116,Aluminum_6061,0.081,327.9,2.575,0.4,31.8,0.668
1117,Carbon_Steel_1045,0.112,230.4,0.677,0.8,3.9,0.593
1118,Aluminum_6061,0.406,280.0,1.811,0.8,55.4,8.199
1119,Carbon_Steel_1045,0.172,66.1,1.951,0.4,26.5,4.515
1120,Aluminum_6061,0.448,201.8,2.591,0.4,25.1,20.569
1121,Aluminum_6061,0.349,236.8,1.925,0.8,16.4,5.301
1122,Aluminum_6061,0.1,142.1,2.89,0.4,34.1,1.149
1123,Stainless_304,0.425,179.5,2.648,0.4,8.7,28.385
1124,Aluminum_6061,0.129,216.3,1.209,0.4,47.9,1.918
1125,Aluminum_6061,0.241,215.8,2.615,1.2,29.5,2.099
1126,Stainless_304,0.298,62.6,2.886,0.8,34.0,10.496
1127,Aluminum_6061,0.275,181.8,0.957,0.2,50.4,19.571
1128,Aluminum_6061,0.359,114.1,1.928,1.2,11.1,4.521
1129,Aluminum_6061,0.344,325.0,1.025,0.8,10.5,4.52
1130,Carbon_Steel_1045,0.496,343.0,2.036,0.4,25.2,30.891
1131,Carbon_Steel_1045,0.5,139.9,0.508,0.8,47.2,19.511
1132,Stainless_304,0.282,102.6,2.269,0.2,3.5,22.703
1133,Carbon_Steel_1045,0.093,115.9,1.405,0.2,47.7,2.863
1134,Carbon_Steel_1045,0.378,193.3,1.865,0.4,30.0,18.448
1135,Aluminum_6061,0.489,312.4,0.321,1.2,33.7,7.936
1136,Stainless_304,0.193,200.0,2.162,0.4,33.9,7.057
1137,Stainless_304,0.258,66.6,1.614,0.4,3.4,9.557
1138,Stainless_304,0.241,62.0,1.969,1.2,15.0,3.503
1139,Aluminum_6061,0.073,118.2,1.118,1.2,45.3,0.204
1140,Carbon_Steel_1045,0.353,302.8,0.651,0.4,24.7,13.507
1141,Carbon_Steel_1045,0.209,236.4,1.447,0.2,33.6,11.377
1142,Stainless_304,0.404,218.9,2.846,0.8,56.7,22.09
1143,Aluminum_6061,0.424,145.7,0.876,0.8,2.8,7.649
1144,Stainless_304,0.42,328.8,2.109,1.2,27.0,8.773
1145,Carbon_Steel_1045,0.237,149.4,0.387,1.2,21.7,2.249
1146,Stainless_304,0.195,300.5,2.225,0.8,6.4,2.482
1147,Carbon_Steel_1045,0.387,318.8,0.906,0.2,57.0,44.212
1148,Stainless_304,0.411,195.0,1.492,0.2,57.7,74.998
1149,Carbon_Steel_1045,0.271,318.3,1.261,0.8,18.7,3.772
1150,Aluminum_6061,0.452,133.0,0.56,0.8,56.8,16.084
1151,Carbon_Steel_1045,0.115,247.5,1.2,0.4,2.1,1.116
1152,Stainless_304,0.446,76.4,1.213,0.4,58.9,53.946
1153,Aluminum_6061,0.093,192.2,1.686,0.8,50.2,0.451
1154,Carbon_Steel_1045,0.119,115.2,2.924,0.4,12.9,1.903
1155,Stainless_304,0.29,68.8,1.543,0.2,36.0,41.333
1156,Stainless_304,0.08,51.1,2.765,1.2,47.9,0.544
1157,Carbon_Steel_1045,0.074,147.4,1.519,0.4,19.2,0.634
1158,Stainless_304,0.05,226.9,0.546,0.4,21.2,0.388
1159,Aluminum_6061,0.246,186.6,0.883,0.2,37.7,13.328
1160,Carbon_Steel_1045,0.399,140.5,1.371,0.4,8.8,17.623
1161,Carbon_Steel_1045,0.066,347.4,1.145,1.2,7.1,0.126
1162,Stainless_304,0.344,331.9,2.631,0.2,15.0,39.72
1163,Aluminum_6061,0.42,87.7,2.116,0.2,44.5,47.508
1164,Aluminum_6061,0.126,174.5,1.84,0.2,22.0,3.864
1165,Carbon_Steel_1045,0.116,244.7,1.601,0.2,30.4,3.762
1166,Carbon_Steel_1045,0.437,270.0,1.342,0.8,11.7,10.156
1167,Stainless_304,0.42,159.9,1.934,0.4,11.6,24.426
1168,Carbon_Steel_1045,0.293,273.9,0.593,1.2,39.0,3.95
1169,Stainless_304,0.419,87.2,0.697,0.4,6.5,27.05
1170,Carbon_Steel_1045,0.092,149.5,1.084,0.8,40.1,0.523
1171,Stainless_304,0.228,264.9,0.721,0.2,24.0,13.956
1172,Carbon_Steel_1045,0.382,237.7,2.112,0.4,40.3,21.51
1173,Aluminum_6061,0.166,301.2,0.318,0.4,22.9,2.315
1174,Aluminum_6061,0.389,64.1,0.69,0.2,50.8,42.449
1175,Stainless_304,0.277,102.3,2.732,0.4,3.3,12.629
1176,Aluminum_6061,0.388,64.5,2.993,0.4,53.6,23.439
1177,Carbon_Steel_1045,0.259,107.6,1.591,0.4,16.1,8.048
1178,Aluminum_6061,0.216,51.3,1.612,0.8,2.6,2.053
1179,Stainless_304,0.149,201.3,2.377,1.2,33.7,1.448
1180,Aluminum_6061,0.144,208.5,0.35,1.2,13.5,0.482
1181,Carbon_Steel_1045,0.388,247.4,1.424,0.2,27.6,35.146
1182,Carbon_Steel_1045,0.104,165.5,0.525,0.8,48.1,0.706
1183,Aluminum_6061,0.089,51.0,1.353,1.2,47.5,0.388
1184,Carbon_Steel_1045,0.129,252.2,2.956,1.2,36.0,0.838
1185,Stainless_304,0.129,66.3,2.322,0.4,58.7,5.015
1186,Carbon_Steel_1045,0.42,309.9,2.959,1.2,27.8,7.064
1187,Stainless_304,0.229,56.8,2.302,1.2,2.4,2.923
1188,Stainless_304,0.496,209.1,1.922,0.4,49.2,51.28
1189,Carbon_Steel_1045,0.112,318.5,2.324,1.2,13.3,0.483
1190,Carbon_Steel_1045,0.344,221.7,2.063,0.8,10.6,6.113
1191,Stainless_304,0.252,232.5,1.526,1.2,4.2,2.085
1192,Carbon_Steel_1045,0.227,254.5,1.055,0.8,19.7,3.005
1193,Carbon_Steel_1045,0.444,86.7,1.68,1.2,19.6,8.539
1194,Stainless_304,0.489,252.5,0.961,1.2,18.2,11.21
1195,Stainless_304,0.443,314.1,1.588,1.2,35.6,11.67
1196,Carbon_Steel_1045,0.137,342.3,0.652,0.4,45.1,2.215
1197,Aluminum_6061,0.149,182.9,1.805,0.8,56.3,1.521
1198,Carbon_Steel_1045,0.345,153.4,0.925,0.8,5.6,6.128
1199,Carbon_Steel_1045,0.18,276.0,1.057,1.2,9.0,1.05
1200,Carbon_Steel_1045,0.381,212.9,1.622,0.4,35.4,18.764
1201,Carbon_Steel_1045,0.305,127.2,0.697,0.4,5.9,10.179
1202,Carbon_Steel_1045,0.298,101.6,2.897,0.8,22.2,5.876
1203,Aluminum_6061,0.423,101.1,1.479,1.2,37.5,7.132
1204,Carbon_Steel_1045,0.37,187.8,1.219,1.2,46.8,6.822
1205,Carbon_Steel_1045,0.062,101.0,0.33,0.2,13.1,0.893
1206,Stainless_304,0.072,55.9,2.569,1.2,40.1,0.425
1207,Aluminum_6061,0.321,65.6,1.971,1.2,38.8,5.281
1208,Stainless_304,0.269,329.0,1.395,0.2,51.6,29.314
1209,Aluminum_6061,0.167,71.9,0.925,0.2,18.8,5.964
1210,Stainless_304,0.238,72.0,2.299,0.2,45.0,29.028
1211,Stainless_304,0.391,185.4,2.85,1.2,45.1,11.781
1212,Aluminum_6061,0.422,123.5,1.297,1.2,14.4,5.664
1213,Stainless_304,0.303,338.8,0.621,0.8,37.3,6.616
1214,Carbon_Steel_1045,0.223,323.3,0.55,0.8,40.5,3.479
1215,Carbon_Steel_1045,0.172,171.4,0.267,0.4,16.5,3.199
1216,Stainless_304,0.285,184.6,2.296,1.2,27.1,5.095
1217,Stainless_304,0.192,162.5,2.949,0.2,26.1,13.232
1218,Carbon_Steel_1045,0.304,61.4,2.98,0.4,46.4,15.797
1219,Stainless_304,0.354,137.9,2.407,0.2,0.0,28.158
1220,Aluminum_6061,0.08,86.8,0.696,1.2,30.1,0.227
1221,Aluminum_6061,0.05,80.7,2.939,0.8,11.1,0.139
1222,Aluminum_6061,0.146,218.3,1.151,0.8,38.8,1.284
1223,Aluminum_6061,0.453,79.6,1.167,1.2,40.8,9.302
1224,Carbon_Steel_1045,0.341,80.9,2.14,0.2,30.1,33.417
1225,Aluminum_6061,0.127,194.2,0.385,1.2,32.5,0.512
1226,Carbon_Steel_1045,0.451,182.7,2.521,0.2,18.9,55.257
1227,Aluminum_6061,0.261,91.3,2.993,1.2,18.8,2.315
1228,Carbon_Steel_1045,0.264,51.3,2.381,0.8,44.7,8.018
1229,Carbon_Steel_1045,0.471,107.9,2.4,1.2,7.9,9.995
1230,Aluminum_6061,0.077,120.8,1.323,0.2,46.3,1.835
1231,Carbon_Steel_1045,0.147,290.1,0.431,1.2,39.3,0.942
1232,Stainless_304,0.314,324.6,2.43,1.2,53.1,6.734
1233,Carbon_Steel_1045,0.138,171.8,1.892,0.2,15.6,4.511
1234,Stainless_304,0.356,171.5,2.751,0.8,30.4,12.996
1235,Stainless_304,0.146,263.7,0.569,1.2,2.3,0.772
1236,Aluminum_6061,0.095,238.1,1.089,0.4,54.8,1.015
1237,Carbon_Steel_1045,0.143,105.2,1.242,0.4,40.5,3.182
1238,Aluminum_6061,0.24,82.3,2.129,0.4,37.4,7.28
1239,Carbon_Steel_1045,0.129,181.3,2.416,0.8,44.0,1.45
1240,Carbon_Steel_1045,0.111,219.4,2.893,1.2,17.1,0.457
1241,Carbon_Steel_1045,0.437,91.6,1.062,0.8,36.2,14.902
1242,Stainless_304,0.194,138.0,1.608,0.8,48.1,4.539
1243,Carbon_Steel_1045,0.212,141.8,0.33,1.2,5.4,1.61
1244,Stainless_304,0.075,128.4,0.946,1.2,57.5,0.449
1245,Carbon_Steel_1045,0.211,188.2,1.279,0.4,53.5,7.363
1246,Aluminum_6061,0.169,245.9,1.883,1.2,57.8,1.154
1247,Aluminum_6061,0.325,202.8,1.545,0.4,48.5,14.097
1248,Carbon_Steel_1045,0.142,110.4,1.252,0.8,17.7,1.391
1249,Carbon_Steel_1045,0.45,80.9,1.966,0.4,34.9,28.376
1250,Aluminum_6061,0.468,296.6,2.529,1.2,7.2,6.595
1251,Carbon_Steel_1045,0.095,193.8,0.915,0.8,45.3,0.623
1252,Aluminum_6061,0.098,68.6,1.193,0.8,9.2,0.487
1253,Carbon_Steel_1045,0.102,127.4,2.189,0.4,52.0,1.859
1254,Carbon_Steel_1045,0.329,291.2,2.389,0.8,14.4,5.758
1255,Aluminum_6061,0.105,275.5,2.52,1.2,9.6,0.294
1256,Aluminum_6061,0.434,312.7,0.826,0.4,4.3,11.951
1257,Aluminum_6061,0.389,230.6,1.733,1.2,42.7,6.094
1258,Carbon_Steel_1045,0.419,176.9,2.725,0.4,11.2,19.33
1259,Stainless_304,0.287,178.0,1.328,0.2,11.9,21.242
1260,Aluminum_6061,0.499,108.2,1.432,0.8,10.2,10.469
1261,Carbon_Steel_1045,0.07,245.2,2.958,0.8,18.3,0.26
1262,Carbon_Steel_1045,0.231,225.5,0.561,0.4,56.5,7.854
1263,Carbon_Steel_1045,0.196,96.5,2.19,0.8,29.2,3.008
1264,Aluminum_6061,0.477,315.7,2.588,0.8,15.7,9.335
1265,Aluminum_6061,0.31,160.5,0.665,1.2,10.2,2.834
1266,Stainless_304,0.413,64.9,2.215,1.2,1.1,8.637
1267,Stainless_304,0.127,148.4,1.542,1.2,21.9,0.883
1268,Carbon_Steel_1045,0.49,311.0,2.595,0.4,6.6,23.329
1269,Carbon_Steel_1045,0.274,325.1,2.745,0.2,1.6,15.234
1270,Aluminum_6061,0.272,197.1,2.649,0.2,6.2,10.952
1271,Aluminum_6061,0.487,336.9,0.427,0.8,19.1,10.954
1272,Aluminum_6061,0.221,312.6,2.331,0.8,45.1,3.086
1273,Carbon_Steel_1045,0.229,297.6,2.784,0.8,4.0,2.478
1274,Aluminum_6061,0.313,307.9,1.959,0.2,40.7,23.793
1275,Aluminum_6061,0.108,164.6,1.902,0.8,37.2,0.662
1276,Aluminum_6061,0.194,276.9,0.374,1.2,52.9,1.485
1277,Aluminum_6061,0.137,223.2,2.604,0.8,11.0,0.773
1278,Carbon_Steel_1045,0.096,265.9,0.378,0.8,47.7,0.695
1279,Carbon_Steel_1045,0.44,103.3,1.112,0.2,51.9,64.018
1280,Carbon_Steel_1045,0.315,269.4,2.796,0.4,58.6,16.833
1281,Carbon_Steel_1045,0.211,337.3,2.862,0.8,48.5,3.607
1282,Carbon_Steel_1045,0.234,140.8,2.978,0.8,7.4,3.365
1283,Stainless_304,0.244,345.8,1.56,0.8,56.8,5.795
1284,Aluminum_6061,0.335,163.5,0.738,0.8,48.9,7.347
1285,Aluminum_6061,0.467,109.9,1.592,0.8,12.7,9.583
1286,Stainless_304,0.47,83.7,0.531,0.4,9.9,28.548
1287,Carbon_Steel_1045,0.226,285.5,2.649,0.8,56.2,3.963
1288,Carbon_Steel_1045,0.198,216.4,1.791,0.4,9.3,4.272
1289,Aluminum_6061,0.253,142.1,1.362,0.4,46.6,8.182
1290,Aluminum_6061,0.306,232.5,0.469,0.4,24.3,8.07
1291,Aluminum_6061,0.258,149.6,1.364,0.8,43.4,4.113
1292,Stainless_304,0.346,184.5,2.632,1.2,5.5,5.588
1293,Carbon_Steel_1045,0.299,308.8,2.184,0.8,43.5,6.74
1294,Aluminum_6061,0.194,250.4,0.477,0.2,30.7,6.341
1295,Aluminum_6061,0.206,278.7,0.69,0.8,54.0,2.472
1296,Aluminum_6061,0.22,225.0,1.329,0.4,11.3,3.979
1297,Aluminum_6061,0.093,347.4,0.529,0.2,6.6,1.065
1298,Carbon_Steel_1045,0.125,122.4,2.819,0.2,11.8,3.399
1299,Carbon_Steel_1045,0.375,128.7,2.044,1.2,4.7,4.84
1300,Stainless_304,0.225,77.8,0.511,0.4,58.8,12.9
1301,Carbon_Steel_1045,0.147,216.2,2.417,0.2,7.4,4.39
1302,Stainless_304,0.303,234.0,1.263,0.2,12.1,24.083
1303,Stainless_304,0.39,267.8,0.923,0.8,48.6,14.016
1304,Stainless_304,0.166,150.6,1.817,1.2,14.8,1.395
1305,Stainless_304,0.422,53.7,0.287,0.4,13.3,30.809
1306,Aluminum_6061,0.467,239.7,1.53,0.2,40.3,53.745
1307,Aluminum_6061,0.319,349.6,2.57,0.4,23.9,8.05
1308,Aluminum_6061,0.351,138.4,2.802,0.8,50.1,9.194
1309,Carbon_Steel_1045,0.074,105.2,1.192,0.2,38.3,1.669
1310,Carbon_Steel_1045,0.475,134.5,2.017,0.4,17.3,29.147
1311,Aluminum_6061,0.227,177.6,0.874,0.2,35.9,12.261
1312,Stainless_304,0.466,125.3,1.791,0.4,52.0,48.266
1313,Stainless_304,0.311,154.1,0.949,0.2,21.9,33.888
1314,Carbon_Steel_1045,0.052,241.5,1.821,0.2,44.2,0.717
1315,Carbon_Steel_1045,0.067,153.5,0.722,0.2,24.9,1.132
1316,Aluminum_6061,0.356,168.8,2.838,0.8,32.6,7.25
1317,Carbon_Steel_1045,0.303,62.0,2.689,0.4,44.0,17.625
1318,Aluminum_6061,0.062,325.4,1.177,1.2,3.6,0.082
1319,Carbon_Steel_1045,0.385,172.1,2.386,0.4,27.3,20.611
1320,Aluminum_6061,0.433,148.4,0.513,0.2,5.7,33.163
1321,Aluminum_6061,0.273,75.9,2.286,0.2,43.5,20.046
1322,Carbon_Steel_1045,0.26,240.3,1.027,1.2,36.5,2.984
1323,Carbon_Steel_1045,0.052,309.1,0.623,0.8,19.6,0.153
1324,Carbon_Steel_1045,0.404,62.3,2.115,0.4,4.6,19.062
1325,Stainless_304,0.199,93.6,1.542,0.8,55.5,5.58
1326,Aluminum_6061,0.445,93.9,1.708,0.8,18.9,10.146
1327,Stainless_304,0.218,230.7,1.681,0.2,16.5,13.924
1328,Aluminum_6061,0.304,326.4,0.413,0.8,6.1,2.942
1329,Aluminum_6061,0.172,181.3,0.391,0.2,34.6,6.208
1330,Stainless_304,0.122,153.1,1.903,0.2,15.9,4.769
1331,Carbon_Steel_1045,0.399,279.8,1.966,0.8,50.6,12.747
1332,Carbon_Steel_1045,0.273,272.8,0.38,0.4,41.0,9.223
1333,Carbon_Steel_1045,0.291,124.0,1.291,0.2,0.2,15.523
1334,Carbon_Steel_1045,0.484,98.2,1.935,0.2,33.9,76.012
1335,Stainless_304,0.484,157.3,2.056,0.8,13.9,20.388
1336,Aluminum_6061,0.435,282.7,2.528,0.8,0.9,7.173
1337,Stainless_304,0.134,258.5,1.407,0.2,37.2,7.511
1338,Stainless_304,0.317,249.8,1.758,0.4,12.3,14.679
1339,Stainless_304,0.445,298.8,1.841,0.4,54.0,43.13
1340,Carbon_Steel_1045,0.219,133.1,1.108,1.2,34.4,2.397
1341,Carbon_Steel_1045,0.095,151.9,0.398,1.2,12.6,0.36
1342,Carbon_Steel_1045,0.415,62.7,0.262,0.4,58.7,36.479
1343,Carbon_Steel_1045,0.267,310.6,2.549,0.8,32.8,4.282
1344,Stainless_304,0.304,224.7,0.801,1.2,9.9,4.303
1345,Carbon_Steel_1045,0.492,139.4,1.983,0.4,31.0,35.272
1346,Carbon_Steel_1045,0.323,70.8,1.837,0.2,57.6,41.584
1347,Stainless_304,0.241,267.0,1.349,0.4,25.5,7.974
1348,Aluminum_6061,0.216,274.6,2.542,0.8,25.5,2.046
1349,Stainless_304,0.238,249.9,2.171,1.2,27.7,3.112
1350,Stainless_304,0.103,111.1,0.313,0.4,16.8,1.497
1351,Aluminum_6061,0.408,324.0,2.386,0.2,9.7,25.753
1352,Aluminum_6061,0.427,275.9,1.644,0.2,34.7,40.162
1353,Carbon_Steel_1045,0.178,247.3,1.204,0.4,53.7,4.636
1354,Aluminum_6061,0.187,245.3,2.249,0.2,44.1,8.349
1355,Stainless_304,0.443,321.3,2.137,0.2,5.8,45.529
1356,Aluminum_6061,0.061,328.5,1.104,0.8,24.1,0.168
1357,Aluminum_6061,0.284,228.7,2.953,1.2,0.3,2.105
1358,Aluminum_6061,0.259,175.0,2.034,0.2,18.5,11.423
1359,Stainless_304,0.361,159.1,1.916,0.8,40.2,12.542
1360,Carbon_Steel_1045,0.124,295.7,0.442,0.8,17.4,0.694
1361,Stainless_304,0.351,243.4,1.018,0.8,50.4,12.818
1362,Stainless_304,0.22,73.2,1.479,1.2,28.6,3.332
1363,Carbon_Steel_1045,0.328,92.7,1.984,1.2,40.2,6.007
1364,Aluminum_6061,0.068,320.1,1.66,0.4,53.0,0.553
1365,Aluminum_6061,0.258,315.3,2.348,1.2,41.0,2.554
1366,Stainless_304,0.285,335.5,0.972,0.2,53.8,32.954
1367,Aluminum_6061,0.146,178.4,2.181,1.2,48.5,0.892
1368,Stainless_304,0.113,285.2,2.496,0.2,34.0,4.374
1369,Stainless_304,0.135,298.5,2.354,0.2,17.8,5.421
1370,Carbon_Steel_1045,0.205,144.7,2.37,0.2,17.9,10.326
1371,Carbon_Steel_1045,0.094,93.6,2.693,0.2,52.5,3.988
1372,Stainless_304,0.476,349.1,0.481,0.4,3.2,24.472
1373,Stainless_304,0.232,59.1,2.167,0.8,56.5,7.779
1374,Carbon_Steel_1045,0.414,229.2,2.914,0.8,19.6,10.733
1375,Carbon_Steel_1045,0.488,245.1,1.828,0.2,44.3,77.94
1376,Carbon_Steel_1045,0.086,254.5,0.848,0.4,19.8,0.753
1377,Carbon_Steel_1045,0.343,126.7,2.997,0.2,57.2,50.617
1378,Stainless_304,0.442,266.5,0.73,0.2,2.2,44.226
1379,Carbon_Steel_1045,0.335,114.9,1.173,0.8,21.2,8.779
1380,Stainless_304,0.243,298.7,0.723,0.8,52.0,5.912
1381,Aluminum_6061,0.244,115.7,1.527,0.2,16.4,10.603
1382,Stainless_304,0.066,259.0,1.402,0.4,16.5,0.619
1383,Carbon_Steel_1045,0.291,285.0,1.601,1.2,53.9,4.813
1384,Carbon_Steel_1045,0.497,106.7,2.802,0.8,49.8,23.073
1385,Aluminum_6061,0.481,121.4,1.565,0.2,6.3,39.554
1386,Stainless_304,0.068,283.7,1.665,1.2,34.8,0.288
1387,Carbon_Steel_1045,0.368,75.8,2.688,0.2,13.4,35.287
1388,Carbon_Steel_1045,0.186,107.2,2.499,0.4,12.9,4.238
1389,Aluminum_6061,0.456,186.7,0.909,0.8,36.9,10.516
1390,Aluminum_6061,0.07,329.1,0.286,0.8,7.4,0.197
1391,Aluminum_6061,0.471,218.6,1.981,0.2,28.2,41.202
1392,Aluminum_6061,0.427,166.3,2.573,1.2,15.3,5.873
1393,Carbon_Steel_1045,0.103,343.5,1.77,0.2,51.2,3.264
1394,Carbon_Steel_1045,0.077,189.1,0.831,0.8,33.3,0.386
1395,Carbon_Steel_1045,0.426,180.1,2.289,0.4,12.9,18.44
1396,Carbon_Steel_1045,0.12,173.5,2.091,1.2,55.6,0.765
1397,Carbon_Steel_1045,0.291,143.7,1.804,1.2,49.4,4.908
1398,Aluminum_6061,0.462,147.7,2.624,1.2,15.9,6.578
1399,Stainless_304,0.305,256.4,2.407,1.2,57.7,5.937
1400,Carbon_Steel_1045,0.229,62.3,2.087,0.8,16.1,3.744
1401,Carbon_Steel_1045,0.25,254.5,2.078,0.2,17.6,13.025
1402,Stainless_304,0.078,110.4,2.071,0.8,23.2,0.6
1403,Stainless_304,0.486,165.3,1.694,0.4,9.9,33.526
1404,Carbon_Steel_1045,0.19,94.0,1.526,0.8,41.2,2.919
1405,Carbon_Steel_1045,0.135,215.8,2.201,0.2,33.4,5.02
1406,Stainless_304,0.179,268.8,1.929,0.8,53.7,3.09
1407,Stainless_304,0.484,156.4,1.597,0.4,14.5,33.701
1408,Aluminum_6061,0.092,99.0,0.598,0.8,10.2,0.373
1409,Carbon_Steel_1045,0.44,118.0,2.18,0.4,21.5,23.706
1410,Stainless_304,0.369,295.4,2.026,0.4,8.8,18.964
1411,Stainless_304,0.424,130.3,1.191,0.2,56.8,82.981
1412,Aluminum_6061,0.489,282.4,1.23,1.2,43.0,7.811
1413,Carbon_Steel_1045,0.429,149.4,0.928,0.2,47.8,55.156
1414,Carbon_Steel_1045,0.475,106.6,2.895,0.2,44.9,81.005
1415,Aluminum_6061,0.107,268.2,2.616,0.4,14.6,0.97
1416,Carbon_Steel_1045,0.408,190.6,1.793,0.2,8.4,35.329
1417,Carbon_Steel_1045,0.296,59.4,1.355,1.2,25.8,4.59
1418,Aluminum_6061,0.295,338.0,2.276,0.4,49.7,12.646
1419,Aluminum_6061,0.455,94.3,1.701,0.2,19.8,48.418
1420,Stainless_304,0.487,156.0,2.934,0.4,0.6,28.278
1421,Stainless_304,0.367,165.4,0.402,0.2,39.6,49.185
1422,Stainless_304,0.267,196.8,0.344,0.8,12.0,4.7
1423,Stainless_304,0.255,285.6,1.814,0.4,32.6,11.777
1424,Stainless_304,0.224,51.8,0.809,0.2,0.9,13.682
1425,Carbon_Steel_1045,0.213,329.7,1.912,1.2,30.5,1.788
1426,Aluminum_6061,0.226,243.8,2.399,0.8,23.6,2.262
1427,Stainless_304,0.09,335.2,0.63,0.4,52.8,1.498
1428,Carbon_Steel_1045,0.085,295.2,1.462,0.8,43.3,0.477
1429,Carbon_Steel_1045,0.401,328.4,2.144,0.8,2.2,6.944
1430,Stainless_304,0.251,230.3,2.543,0.2,47.4,24.178
1431,Aluminum_6061,0.469,157.2,1.615,1.2,47.5,10.156
1432,Stainless_304,0.325,182.9,0.817,0.4,39.8,20.764
1433,Carbon_Steel_1045,0.066,247.4,1.861,0.2,55.8,1.243
1434,Aluminum_6061,0.121,178.1,1.5,0.8,48.2,0.918
1435,Stainless_304,0.143,269.5,2.373,1.2,13.1,0.858
1436,Stainless_304,0.489,77.6,1.778,0.8,22.9,25.763
1437,Carbon_Steel_1045,0.148,299.0,1.018,0.4,21.0,2.705
1438,Carbon_Steel_1045,0.282,111.3,2.325,0.4,30.3,11.876
1439,Aluminum_6061,0.471,333.2,1.674,0.8,57.2,12.919
1440,Aluminum_6061,0.49,96.7,0.738,0.2,36.9,55.291
1441,Aluminum_6061,0.156,88.7,1.798,1.2,18.8,0.842
1442,Aluminum_6061,0.072,293.6,2.858,0.4,56.5,0.684
1443,Aluminum_6061,0.119,295.6,2.19,0.2,42.0,3.593
1444,Carbon_Steel_1045,0.078,271.6,1.072,0.2,16.0,1.373
1445,Aluminum_6061,0.138,338.2,2.205,0.8,54.4,1.279
1446,Carbon_Steel_1045,0.306,131.2,1.027,0.2,20.7,23.343
1447,Aluminum_6061,0.461,298.0,1.742,1.2,31.0,6.428
1448,Aluminum_6061,0.292,155.6,1.698,1.2,28.8,2.875
1449,Stainless_304,0.332,211.2,0.93,0.2,55.4,46.95
1450,Stainless_304,0.141,183.7,1.207,0.2,15.9,5.376
1451,Stainless_304,0.41,51.8,2.841,1.2,20.0,11.962
1452,Aluminum_6061,0.328,222.3,0.939,0.2,39.6,24.94
1453,Carbon_Steel_1045,0.439,274.3,2.453,0.4,53.2,32.163
1454,Aluminum_6061,0.477,102.4,2.085,1.2,6.9,7.209
1455,Carbon_Steel_1045,0.207,329.5,1.715,0.2,12.6,7.343
1456,Stainless_304,0.091,209.1,0.628,0.8,56.9,0.971
1457,Carbon_Steel_1045,0.152,103.5,0.813,0.4,46.6,3.345
1458,Stainless_304,0.247,243.8,0.742,0.4,20.8,8.878
1459,Carbon_Steel_1045,0.476,107.6,1.864,1.2,21.5,10.622
1460,Aluminum_6061,0.22,69.1,2.927,0.8,28.2,3.254
1461,Aluminum_6061,0.397,255.6,2.662,0.4,40.4,16.565
1462,Stainless_304,0.293,83.2,0.319,1.2,33.7,5.231
1463,Carbon_Steel_1045,0.132,81.9,1.003,0.8,46.6,1.548
1464,Aluminum_6061,0.194,272.0,0.682,0.2,3.3,5.391
1465,Aluminum_6061,0.344,66.6,2.933,0.4,49.1,17.332
1466,Stainless_304,0.353,292.9,0.898,0.2,3.5,29.842
1467,Aluminum_6061,0.246,288.8,0.804,0.8,52.9,3.126
1468,Stainless_304,0.153,92.4,1.957,1.2,2.6,1.202
1469,Carbon_Steel_1045,0.375,205.5,1.78,0.2,7.7,26.265
1470,Aluminum_6061,0.126,79.0,0.871,1.2,10.8,0.504
1471,Carbon_Steel_1045,0.472,239.8,2.094,1.2,13.4,7.873
1472,Stainless_304,0.135,68.9,0.517,1.2,24.1,1.242
1473,Carbon_Steel_1045,0.098,333.3,0.303,0.8,39.3,0.612
1474,Aluminum_6061,0.274,112.3,0.477,0.4,53.6,9.699
1475,Aluminum_6061,0.284,254.9,1.253,0.2,31.5,16.554
1476,Stainless_304,0.279,88.5,2.931,1.2,31.9,6.766
1477,Carbon_Steel_1045,0.247,112.9,1.755,0.4,19.2,8.305
1478,Carbon_Steel_1045,0.498,185.3,2.325,0.4,48.0,39.858
1479,Aluminum_6061,0.269,221.9,1.134,0.8,6.6,2.559
1480,Carbon_Steel_1045,0.265,349.7,2.228,0.8,18.1,3.639
1481,Stainless_304,0.24,57.8,2.907,1.2,5.8,3.485
1482,Aluminum_6061,0.08,50.1,1.234,1.2,12.9,0.21
1483,Stainless_304,0.317,155.1,2.997,1.2,35.2,6.909
1484,Stainless_304,0.153,159.8,2.006,0.2,7.6,7.463
1485,Aluminum_6061,0.337,315.2,2.309,0.2,6.0,17.411
1486,Stainless_304,0.073,323.8,0.943,0.2,49.6,1.859
1487,Carbon_Steel_1045,0.492,314.2,2.018,0.8,7.1,13.64
1488,Carbon_Steel_1045,0.261,93.0,1.655,0.8,36.5,6.252
1489,Aluminum_6061,0.454,173.6,2.88,1.2,21.1,7.333
1490,Stainless_304,0.264,273.8,2.738,1.2,53.8,5.655
1491,Carbon_Steel_1045,0.077,143.8,1.341,1.2,42.5,0.298
1492,Stainless_304,0.42,249.0,2.854,0.2,3.6,48.808
1493,Aluminum_6061,0.342,121.1,2.683,0.8,53.7,8.415
1494,Aluminum_6061,0.402,147.0,1.874,1.2,24.8,5.084
1495,Stainless_304,0.243,308.1,0.476,1.2,17.9,3.291
1496,Carbon_Steel_1045,0.337,125.2,0.692,0.4,40.4,15.19
1497,Aluminum_6061,0.435,339.3,0.461,1.2,43.1,6.706
1498,Stainless_304,0.334,141.9,0.547,0.4,18.2,17.729
1499,Aluminum_6061,0.206,57.1,2.937,0.2,21.1,11.008
1500,Stainless_304,0.348,126.5,0.833,0.4,9.4,17.359
1501,Stainless_304,0.352,101.4,2.15,0.4,35.6,26.548
1502,Aluminum_6061,0.482,202.0,2.0,1.2,57.4,10.642
1503,Carbon_Steel_1045,0.217,83.8,1.986,0.2,25.0,14.31
1504,Stainless_304,0.241,237.8,0.818,0.2,59.8,24.985
1505,Stainless_304,0.415,312.5,1.843,0.8,10.6,11.417
1506,Carbon_Steel_1045,0.278,158.8,1.97,0.8,47.8,5.653
1507,Carbon_Steel_1045,0.381,100.5,1.819,0.8,55.7,16.068
1508,Carbon_Steel_1045,0.257,170.0,0.762,0.2,41.3,19.723
1509,Aluminum_6061,0.147,285.8,2.238,0.4,6.6,1.69
1510,Carbon_Steel_1045,0.385,227.4,0.451,1.2,19.6,5.046
1511,Aluminum_6061,0.109,80.3,1.876,0.2,5.1,2.015
1512,Aluminum_6061,0.139,211.2,1.45,1.2,36.1,0.754
1513,Carbon_Steel_1045,0.332,190.4,0.938,0.2,59.9,36.144
1514,Stainless_304,0.386,148.1,2.47,0.2,22.5,55.775
1515,Aluminum_6061,0.453,83.0,0.734,1.2,9.8,5.635
1516,Aluminum_6061,0.173,344.3,2.816,0.4,16.1,2.954
1517,Aluminum_6061,0.1,102.8,2.683,0.8,34.2,0.689
1518,Aluminum_6061,0.48,107.8,1.242,0.4,34.1,27.268
1519,Stainless_304,0.119,93.7,1.089,0.8,13.8,1.208
1520,Carbon_Steel_1045,0.139,221.1,0.628,0.4,45.0,2.882
1521,Aluminum_6061,0.181,183.1,2.77,0.4,5.3,2.446
1522,Stainless_304,0.288,124.9,1.976,1.2,37.4,6.626
1523,Aluminum_6061,0.447,178.8,0.337,0.8,25.5,9.865
1524,Carbon_Steel_1045,0.392,252.1,1.655,0.8,7.6,7.019
1525,Stainless_304,0.369,134.5,0.486,1.2,38.1,8.01
1526,Stainless_304,0.129,324.6,1.828,0.4,40.4,3.295
1527,Aluminum_6061,0.211,141.9,1.65,1.2,26.4,1.609
1528,Carbon_Steel_1045,0.265,109.5,0.478,0.8,47.9,5.933
1529,Carbon_Steel_1045,0.116,336.4,2.494,1.2,30.6,0.574
1530,Carbon_Steel_1045,0.173,293.2,0.971,0.4,17.1,2.852
1531,Aluminum_6061,0.189,152.9,1.739,0.8,57.2,2.609
1532,Stainless_304,0.107,302.4,2.007,0.2,56.6,4.866
1533,Carbon_Steel_1045,0.298,205.6,2.896,0.2,5.7,18.203
1534,Carbon_Steel_1045,0.367,154.0,1.608,0.2,56.8,56.711
1535,Stainless_304,0.081,301.9,2.773,0.8,46.5,0.727
1536,Stainless_304,0.267,275.6,1.226,0.4,6.4,9.481
1537,Stainless_304,0.402,139.4,2.608,0.4,31.2,39.9
1538,Aluminum_6061,0.387,232.0,0.899,0.8,2.1,5.372
1539,Aluminum_6061,0.417,160.8,2.196,0.4,35.3,20.565
1540,Carbon_Steel_1045,0.252,50.3,0.494,0.2,56.0,23.447
1541,Aluminum_6061,0.419,338.5,2.962,0.8,22.1,8.022
1542,Carbon_Steel_1045,0.158,214.9,2.873,0.8,30.5,1.458
1543,Carbon_Steel_1045,0.212,229.5,1.466,0.2,13.7,10.075
1544,Carbon_Steel_1045,0.129,230.0,1.691,0.4,32.5,1.978
1545,Aluminum_6061,0.26,215.2,1.894,0.2,48.2,18.025
1546,Stainless_304,0.226,137.0,1.006,0.8,12.9,3.834
1547,Carbon_Steel_1045,0.158,341.5,2.105,0.2,33.2,6.481
1548,Carbon_Steel_1045,0.388,236.5,2.171,0.2,21.3,35.528
1549,Carbon_Steel_1045,0.191,251.3,1.694,0.4,44.9,5.934
1550,Aluminum_6061,0.173,186.4,0.656,0.4,42.1,3.714
1551,Carbon_Steel_1045,0.109,136.4,2.778,1.2,41.9,0.652
1552,Aluminum_6061,0.247,69.3,0.566,0.2,22.7,12.484
1553,Carbon_Steel_1045,0.186,155.1,1.98,1.2,36.0,1.831
1554,Aluminum_6061,0.216,102.8,0.533,0.4,39.1,5.251
1555,Aluminum_6061,0.156,248.6,0.652,0.4,40.8,2.295
1556,Aluminum_6061,0.393,313.7,0.306,0.2,34.5,30.795
1557,Aluminum_6061,0.469,140.8,1.249,0.4,52.0,32.314
1558,Stainless_304,0.274,149.9,2.009,0.4,14.9,11.557
1559,Stainless_304,0.339,251.1,1.684,0.8,3.3,7.317
1560,Aluminum_6061,0.44,94.8,2.105,1.2,57.8,9.786
1561,Aluminum_6061,0.499,328.8,2.106,0.8,3.6,9.549
1562,Stainless_304,0.326,159.2,0.635,0.2,54.2,50.509
1563,Aluminum_6061,0.45,80.4,0.408,0.4,36.7,24.425
1564,Carbon_Steel_1045,0.459,102.4,1.97,0.8,55.1,18.22
1565,Aluminum_6061,0.406,329.8,2.046,0.8,33.9,7.562
1566,Carbon_Steel_1045,0.257,124.1,1.781,0.8,49.3,6.11
1567,Stainless_304,0.087,248.7,0.926,0.8,43.3,0.637
1568,Aluminum_6061,0.057,96.8,2.48,0.8,31.5,0.211
1569,Stainless_304,0.265,108.2,0.458,1.2,21.8,4.209
1570,Stainless_304,0.272,313.8,1.989,0.8,0.2,4.13
1571,Stainless_304,0.233,94.4,0.581,0.8,15.1,4.328
1572,Stainless_304,0.306,55.6,2.05,0.4,57.1,28.731
1573,Stainless_304,0.298,200.4,1.399,0.4,16.5,12.477
1574,Carbon_Steel_1045,0.426,308.8,2.225,0.8,45.1,12.292
1575,Stainless_304,0.099,147.8,0.394,1.2,30.5,0.56
1576,Aluminum_6061,0.151,88.4,1.776,1.2,18.5,0.903
1577,Carbon_Steel_1045,0.407,344.7,0.648,0.8,59.5,14.135
1578,Carbon_Steel_1045,0.432,253.0,2.127,1.2,2.8,5.683
1579,Aluminum_6061,0.498,305.2,0.58,0.2,34.9,45.687
1580,Aluminum_6061,0.443,275.6,0.452,0.4,27.7,19.478
1581,Aluminum_6061,0.45,259.5,2.211,0.2,4.6,26.895
1582,Carbon_Steel_1045,0.191,165.4,0.425,0.8,12.8,1.948
1583,Aluminum_6061,0.231,147.3,0.867,1.2,41.7,2.098
1584,Aluminum_6061,0.171,265.1,2.518,0.2,6.5,5.08
1585,Aluminum_6061,0.323,265.0,2.477,0.2,48.1,28.692
1586,Carbon_Steel_1045,0.472,335.2,2.599,0.4,37.5,28.293
1587,Aluminum_6061,0.205,220.6,1.147,1.2,6.1,1.069
1588,Aluminum_6061,0.301,138.4,1.702,0.2,17.2,16.72
1589,Aluminum_6061,0.183,196.9,2.377,1.2,8.2,0.917
1590,Carbon_Steel_1045,0.126,234.1,0.627,0.2,47.9,4.799
1591,Aluminum_6061,0.138,178.0,2.242,0.4,32.0,2.064
1592,Stainless_304,0.076,287.3,0.518,0.8,0.2,0.32
1593,Aluminum_6061,0.477,225.4,2.761,0.8,32.6,13.584
1594,Aluminum_6061,0.231,52.8,2.003,1.2,29.0,2.628
1595,Carbon_Steel_1045,0.425,221.0,1.607,0.2,38.6,51.538
1596,Stainless_304,0.357,240.1,1.583,0.2,2.1,31.073
1597,Carbon_Steel_1045,0.136,324.6,0.749,0.4,2.1,1.409
1598,Aluminum_6061,0.129,174.1,1.201,0.8,21.0,0.893
1599,Carbon_Steel_1045,0.415,222.3,2.25,0.4,41.3,26.408
1600,Carbon_Steel_1045,0.169,192.5,1.738,0.8,40.0,2.1
1601,Carbon_Steel_1045,0.461,209.5,1.706,0.4,16.7,23.904
1602,Stainless_304,0.113,70.2,0.787,1.2,13.0,0.729
1603,Stainless_304,0.355,319.2,2.148,0.2,41.0,50.301
1604,Carbon_Steel_1045,0.417,323.1,1.328,0.8,1.6,7.888
1605,Aluminum_6061,0.156,214.4,0.753,0.8,33.4,1.409
1606,Carbon_Steel_1045,0.174,217.0,2.845,0.2,25.4,8.022
1607,Stainless_304,0.484,67.3,1.644,0.8,14.3,23.939
1608,Stainless_304,0.169,229.4,1.702,0.2,31.2,10.858
1609,Aluminum_6061,0.243,178.7,2.949,0.8,13.0,2.746
1610,Aluminum_6061,0.245,262.7,1.258,0.8,33.9,2.668
1611,Aluminum_6061,0.164,64.1,2.843,0.2,8.9,5.658
1612,Stainless_304,0.399,263.3,2.161,0.2,24.3,58.651
1613,Carbon_Steel_1045,0.397,136.1,1.991,0.4,30.6,21.184
1614,Aluminum_6061,0.22,245.5,0.895,1.2,1.9,1.121
1615,Aluminum_6061,0.426,238.1,0.392,0.2,36.6,37.353
1616,Aluminum_6061,0.146,118.1,1.454,1.2,45.0,1.003
1617,Stainless_304,0.052,182.1,0.278,0.8,57.4,0.28
1618,Carbon_Steel_1045,0.307,300.7,0.445,1.2,12.2,2.762
1619,Aluminum_6061,0.497,231.7,1.887,1.2,12.5,7.273
1620,Carbon_Steel_1045,0.067,70.6,2.242,0.4,18.3,0.603
1621,Carbon_Steel_1045,0.144,182.9,0.712,0.8,53.4,1.396
1622,Carbon_Steel_1045,0.284,143.5,2.264,0.8,24.4,6.243
1623,Stainless_304,0.414,242.5,2.862,0.2,18.1,58.56
1624,Aluminum_6061,0.09,234.4,2.294,0.8,44.5,0.568
1625,Aluminum_6061,0.228,53.1,2.408,0.4,2.3,5.337
1626,Aluminum_6061,0.386,232.3,2.177,0.2,32.9,33.835
1627,Carbon_Steel_1045,0.217,270.5,0.868,1.2,27.0,1.878
1628,Stainless_304,0.135,280.6,1.242,0.4,37.5,3.167
1629,Aluminum_6061,0.138,67.7,2.86,1.2,43.9,1.004
1630,Stainless_304,0.235,141.1,2.068,0.2,19.5,17.91
1631,Carbon_Steel_1045,0.266,176.4,2.42,0.8,38.2,4.854
1632,Stainless_304,0.438,103.9,2.914,0.4,31.5,39.761
1633,Carbon_Steel_1045,0.339,176.2,0.886,1.2,8.0,4.209
1634,Aluminum_6061,0.361,71.3,1.135,1.2,52.9,5.902
1635,Stainless_304,0.492,84.0,2.023,1.2,45.3,17.714
1636,Stainless_304,0.235,250.6,0.317,1.2,55.3,3.875
1637,Carbon_Steel_1045,0.232,128.8,1.821,1.2,43.2,2.792
1638,Stainless_304,0.466,263.4,2.474,0.4,14.7,33.211
1639,Carbon_Steel_1045,0.161,64.4,1.929,1.2,25.8,1.427
1640,Carbon_Steel_1045,0.378,218.8,1.062,0.8,23.2,8.61
1641,Aluminum_6061,0.39,167.4,2.241,0.4,2.1,11.355
1642,Carbon_Steel_1045,0.094,289.1,0.652,0.2,24.6,2.17
1643,Aluminum_6061,0.261,285.2,2.711,0.8,20.7,3.386
1644,Aluminum_6061,0.14,162.7,0.528,0.4,0.2,1.394
1645,Aluminum_6061,0.133,236.8,2.625,0.8,50.8,1.146
1646,Carbon_Steel_1045,0.259,118.3,1.619,0.2,8.6,15.359
1647,Stainless_304,0.18,224.1,1.429,0.8,30.1,2.706
1648,Aluminum_6061,0.408,74.4,1.627,0.8,47.1,10.639
1649,Carbon_Steel_1045,0.458,180.4,0.801,0.8,36.3,15.103
1650,Aluminum_6061,0.411,104.8,1.509,0.8,10.2,8.253
1651,Carbon_Steel_1045,0.17,315.0,2.587,1.2,37.1,1.094
1652,Aluminum_6061,0.173,183.5,2.453,1.2,45.5,1.33
1653,Carbon_Steel_1045,0.165,227.2,0.698,0.4,51.3,4.63
1654,Stainless_304,0.111,158.1,2.102,1.2,19.1,0.621
1655,Carbon_Steel_1045,0.475,136.6,2.606,1.2,2.0,7.743
1656,Carbon_Steel_1045,0.231,110.9,2.504,0.2,36.5,16.914
1657,Carbon_Steel_1045,0.151,323.6,1.42,0.4,13.5,2.604
1658,Aluminum_6061,0.431,289.8,0.382,0.8,46.9,11.04
1659,Aluminum_6061,0.23,90.0,2.811,0.8,40.8,3.466
1660,Aluminum_6061,0.066,274.0,1.339,0.2,46.4,1.018
1661,Carbon_Steel_1045,0.123,175.6,1.243,0.4,58.1,3.058
1662,Stainless_304,0.338,54.6,2.339,0.4,35.1,25.714
1663,Carbon_Steel_1045,0.402,208.5,0.976,0.8,54.3,12.652
1664,Carbon_Steel_1045,0.145,89.0,2.546,0.8,38.5,1.868
1665,Aluminum_6061,0.463,113.0,0.459,0.2,10.9,35.626
1666,Aluminum_6061,0.433,258.8,2.287,0.2,48.0,52.801
1667,Stainless_304,0.432,127.1,2.906,0.4,41.6,40.689
1668,Aluminum_6061,0.152,317.6,2.988,0.2,58.7,5.602
1669,Carbon_Steel_1045,0.073,247.2,2.79,1.2,14.6,0.189
1670,Aluminum_6061,0.44,299.7,2.645,0.4,20.0,18.849
1671,Aluminum_6061,0.188,234.6,1.017,0.8,49.3,1.949
1672,Aluminum_6061,0.329,310.7,2.908,0.2,3.8,16.717
1673,Stainless_304,0.392,158.5,2.802,0.4,38.0,33.655
1674,Aluminum_6061,0.108,214.7,1.72,1.2,32.1,0.371
1675,Carbon_Steel_1045,0.401,204.8,1.356,0.8,10.1,7.821
1676,Aluminum_6061,0.472,321.1,0.55,0.4,9.9,16.764
1677,Carbon_Steel_1045,0.378,99.5,1.874,0.8,48.6,13.43
1678,Carbon_Steel_1045,0.249,223.4,2.177,0.8,0.9,2.713
1679,Carbon_Steel_1045,0.445,276.3,1.361,0.2,44.8,56.389
1680,Aluminum_6061,0.287,161.0,1.367,1.2,44.0,3.287
1681,Aluminum_6061,0.385,310.3,1.827,1.2,39.0,5.65
1682,Stainless_304,0.419,161.9,0.326,0.8,24.6,14.766
1683,Carbon_Steel_1045,0.387,102.0,2.884,0.2,1.7,32.056
1684,Aluminum_6061,0.18,225.2,1.047,0.4,48.1,3.944
1685,Carbon_Steel_1045,0.103,176.2,0.637,0.8,7.5,0.499
1686,Aluminum_6061,0.157,54.6,0.265,1.2,16.8,0.89
1687,Carbon_Steel_1045,0.276,71.0,2.606,0.8,56.8,8.254
1688,Carbon_Steel_1045,0.277,108.6,2.624,0.2,18.1,24.831
1689,Aluminum_6061,0.312,280.8,0.512,0.8,15.3,3.762
1690,Carbon_Steel_1045,0.228,317.6,0.669,0.2,58.4,15.42
1691,Carbon_Steel_1045,0.404,213.7,1.482,0.4,5.2,14.716
1692,Stainless_304,0.461,81.7,0.761,0.8,9.6,15.209
1693,Carbon_Steel_1045,0.161,210.3,2.274,0.8,26.3,1.599
1694,Carbon_Steel_1045,0.381,306.7,0.41,0.4,47.3,20.807
1695,Stainless_304,0.355,274.8,1.762,0.4,53.1,27.896
1696,Aluminum_6061,0.285,137.3,1.303,1.2,45.3,3.529
1697,Carbon_Steel_1045,0.135,87.2,1.529,0.8,58.6,1.726
1698,Aluminum_6061,0.408,320.2,1.418,0.2,1.0,21.578
1699,Aluminum_6061,0.482,306.2,0.671,0.8,37.2,10.832
1700,Carbon_Steel_1045,0.375,66.1,0.856,0.8,7.0,7.748
1701,Aluminum_6061,0.463,297.1,0.428,0.8,54.6,11.214
1702,Carbon_Steel_1045,0.493,79.2,0.567,0.8,56.1,24.974
1703,Carbon_Steel_1045,0.208,69.0,2.939,0.2,18.2,14.683
1704,Aluminum_6061,0.337,277.6,1.019,1.2,49.7,3.754
1705,Carbon_Steel_1045,0.263,210.9,1.094,1.2,37.8,3.21
1706,Carbon_Steel_1045,0.494,174.4,0.6,0.2,6.0,47.485
1707,Carbon_Steel_1045,0.092,321.2,2.327,0.2,36.2,2.314
1708,Stainless_304,0.236,301.8,2.791,0.2,58.6,23.957
1709,Aluminum_6061,0.444,67.3,2.422,1.2,18.5,8.186
1710,Stainless_304,0.178,234.8,1.935,1.2,0.1,1.306
1711,Carbon_Steel_1045,0.405,281.7,2.486,0.4,58.6,29.641
1712,Aluminum_6061,0.222,215.1,1.362,0.8,24.8,2.237
1713,Carbon_Steel_1045,0.491,344.9,2.614,0.2,25.9,52.29
1714,Aluminum_6061,0.448,255.8,2.446,0.2,42.8,48.883
1715,Aluminum_6061,0.186,81.2,0.255,0.2,36.3,7.732
1716,Aluminum_6061,0.397,109.5,1.591,0.2,18.1,34.757
1717,Stainless_304,0.202,297.9,0.978,1.2,6.0,1.378
1718,Stainless_304,0.323,349.0,0.487,1.2,49.6,6.197
1719,Stainless_304,0.346,79.5,2.577,0.2,29.0,48.818
1720,Aluminum_6061,0.423,80.1,0.272,0.8,40.3,11.031
1721,Carbon_Steel_1045,0.061,279.0,2.258,0.2,51.6,1.186
1722,Stainless_304,0.149,69.3,2.968,0.8,1.1,1.804
1723,Aluminum_6061,0.37,70.6,1.576,1.2,51.6,7.316
1724,Carbon_Steel_1045,0.304,316.6,1.271,1.2,45.1,4.518
1725,Aluminum_6061,0.273,290.1,1.916,1.2,56.8,3.126
1726,Carbon_Steel_1045,0.075,314.5,2.463,0.2,14.0,1.404
1727,Carbon_Steel_1045,0.207,245.2,0.911,0.2,19.3,10.328
1728,Aluminum_6061,0.439,146.8,0.939,0.2,39.7,44.03
1729,Aluminum_6061,0.064,321.9,1.92,0.2,55.5,1.008
1730,Carbon_Steel_1045,0.228,139.6,2.835,0.8,59.6,4.87
1731,Carbon_Steel_1045,0.475,132.7,1.071,0.8,25.0,15.028
1732,Aluminum_6061,0.073,315.9,1.286,1.2,32.4,0.161
1733,Aluminum_6061,0.387,254.2,2.982,0.2,10.2,23.934
1734,Stainless_304,0.166,318.7,0.735,0.4,41.6,4.079
1735,Carbon_Steel_1045,0.44,96.8,0.462,0.8,50.2,15.846
1736,Carbon_Steel_1045,0.386,335.7,1.872,0.8,47.9,11.767
1737,Carbon_Steel_1045,0.449,233.8,0.317,0.4,20.8,21.349
1738,Stainless_304,0.147,250.4,0.746,0.2,57.8,8.978
1739,Aluminum_6061,0.289,324.2,1.961,0.4,7.2,6.453
1740,Aluminum_6061,0.401,164.2,2.064,0.2,29.6,32.48
1741,Carbon_Steel_1045,0.161,265.9,1.654,0.8,33.3,1.664
1742,Stainless_304,0.154,242.1,1.305,1.2,32.2,1.452
1743,Aluminum_6061,0.062,286.3,1.835,0.2,45.5,0.917
1744,Aluminum_6061,0.481,319.1,2.019,0.2,36.6,53.113
1745,Aluminum_6061,0.37,254.0,2.46,0.8,4.6,5.808
1746,Carbon_Steel_1045,0.336,70.3,2.43,0.2,10.8,30.891
1747,Carbon_Steel_1045,0.385,104.9,2.078,1.2,31.9,7.098
1748,Carbon_Steel_1045,0.289,336.2,2.709,1.2,41.7,3.875
1749,Aluminum_6061,0.264,340.6,2.555,0.4,30.9,8.312
1750,Stainless_304,0.252,340.2,0.616,0.4,21.3,9.226
1751,Aluminum_6061,0.338,61.0,2.881,0.4,3.1,11.295
1752,Carbon_Steel_1045,0.141,164.7,2.702,0.4,47.2,3.081
1753,Aluminum_6061,0.45,277.9,1.133,1.2,29.8,6.453
1754,Stainless_304,0.415,275.9,0.306,1.2,32.3,9.758
1755,Carbon_Steel_1045,0.207,75.8,1.911,0.2,28.1,13.185
1756,Carbon_Steel_1045,0.31,232.8,1.456,0.2,15.9,19.872
1757,Aluminum_6061,0.113,92.9,2.311,0.8,16.6,0.668
1758,Aluminum_6061,0.488,198.0,1.693,0.8,3.8,9.968
1759,Carbon_Steel_1045,0.456,121.9,0.46,0.8,42.5,16.633
1760,Carbon_Steel_1045,0.465,65.9,0.923,0.4,16.3,29.411
1761,Stainless_304,0.199,74.0,2.677,0.4,17.9,7.914
1762,Carbon_Steel_1045,0.126,323.3,0.354,0.2,59.6,4.312
1763,Carbon_Steel_1045,0.145,273.4,2.276,0.4,23.1,2.564
1764,Stainless_304,0.091,329.5,1.053,0.8,30.6,0.715
1765,Carbon_Steel_1045,0.104,191.0,1.495,0.4,23.2,1.284
1766,Stainless_304,0.082,174.0,1.71,0.4,17.4,1.145
1767,Carbon_Steel_1045,0.495,157.5,0.938,0.4,0.4,23.314
1768,Aluminum_6061,0.083,234.9,2.043,1.2,51.3,0.312
1769,Stainless_304,0.11,155.5,2.157,0.8,28.4,1.118
1770,Aluminum_6061,0.422,273.9,0.484,1.2,43.2,6.794
1771,Aluminum_6061,0.311,290.4,1.278,0.2,57.5,21.408
1772,Aluminum_6061,0.398,312.8,2.297,1.2,0.2,3.698
1773,Carbon_Steel_1045,0.334,122.8,2.235,0.2,40.5,38.265
1774,Carbon_Steel_1045,0.447,208.1,1.748,0.4,7.1,20.295
1775,Aluminum_6061,0.337,117.0,2.389,0.4,27.5,14.376
1776,Aluminum_6061,0.285,61.3,0.546,0.2,50.8,23.477
1777,Aluminum_6061,0.371,262.3,0.575,1.2,4.3,3.048
1778,Aluminum_6061,0.251,214.7,2.058,1.2,59.4,2.528
1779,Aluminum_6061,0.206,267.2,2.157,0.8,34.9,2.219
1780,Aluminum_6061,0.26,76.3,2.49,0.4,23.7,8.48
1781,Stainless_304,0.126,348.7,0.748,1.2,1.2,0.619
1782,Carbon_Steel_1045,0.408,348.3,1.671,0.8,35.2,9.506
1783,Aluminum_6061,0.167,189.5,2.067,0.4,29.7,3.289
1784,Aluminum_6061,0.119,309.8,0.865,1.2,12.9,0.339
1785,Aluminum_6061,0.161,123.1,1.672,0.2,29.4,5.799
1786,Aluminum_6061,0.429,271.3,2.006,0.4,0.8,12.403
1787,Carbon_Steel_1045,0.199,313.8,0.84,0.2,60.0,12.533
1788,Stainless_304,0.359,294.4,1.283,0.2,19.9,37.885
1789,Carbon_Steel_1045,0.435,293.5,0.845,0.2,28.8,46.747
1790,Carbon_Steel_1045,0.085,188.9,2.733,0.8,47.1,0.682
1791,Aluminum_6061,0.394,296.0,0.901,1.2,42.8,5.739
1792,Carbon_Steel_1045,0.188,257.2,0.582,0.8,53.3,2.498
1793,Stainless_304,0.147,89.7,0.347,0.4,56.5,5.461
1794,Aluminum_6061,0.36,84.3,0.374,0.4,11.4,13.918
1795,Stainless_304,0.459,281.6,0.777,0.2,23.4,66.298
1796,Aluminum_6061,0.183,237.6,1.923,0.8,41.2,2.064
1797,Carbon_Steel_1045,0.306,205.8,0.299,0.2,2.7,14.325
1798,Aluminum_6061,0.18,322.2,1.039,1.2,43.0,1.2
1799,Carbon_Steel_1045,0.299,247.9,0.41,0.4,0.3,7.191
1800,Aluminum_6061,0.33,168.8,1.36,0.4,54.8,13.704
1801,Carbon_Steel_1045,0.325,174.2,0.384,0.2,43.1,29.917
1802,Carbon_Steel_1045,0.331,231.6,1.921,0.2,33.9,29.559
1803,Carbon_Steel_1045,0.111,278.1,2.143,0.2,25.7,2.831
1804,Carbon_Steel_1045,0.362,219.3,2.261,0.8,59.3,11.45
1805,Aluminum_6061,0.354,202.6,0.867,0.4,44.2,14.145
1806,Carbon_Steel_1045,0.357,268.1,2.638,1.2,48.4,6.986
1807,Aluminum_6061,0.083,261.6,2.148,0.8,49.5,0.435
1808,Carbon_Steel_1045,0.251,299.1,0.406,1.2,1.3,1.757
1809,Aluminum_6061,0.234,68.8,1.462,1.2,3.3,1.773
1810,Carbon_Steel_1045,0.089,276.5,2.361,0.2,11.9,1.727
1811,Carbon_Steel_1045,0.15,204.1,1.105,0.2,39.3,6.236
1812,Stainless_304,0.248,72.4,1.299,1.2,37.4,3.865
1813,Carbon_Steel_1045,0.384,253.7,1.981,0.4,19.5,17.485
1814,Aluminum_6061,0.157,265.0,0.403,1.2,58.4,0.922
1815,Carbon_Steel_1045,0.423,207.1,2.909,0.8,5.6,9.138
1816,Aluminum_6061,0.296,288.1,0.73,0.8,46.6,4.971
1817,Aluminum_6061,0.392,140.1,0.323,0.4,28.9,17.57
1818,Carbon_Steel_1045,0.263,110.6,0.265,0.4,25.1,10.261
1819,Stainless_304,0.275,155.2,1.349,0.8,1.5,4.479
1820,Stainless_304,0.329,173.0,2.682,0.2,43.7,42.072
1821,Stainless_304,0.468,258.8,2.504,0.4,46.3,46.114
1822,Aluminum_6061,0.271,303.7,2.758,0.8,19.1,3.441
1823,Aluminum_6061,0.288,266.3,1.718,0.2,31.0,15.216
1824,Stainless_304,0.321,102.2,1.484,0.4,36.4,21.569
1825,Aluminum_6061,0.382,159.9,1.311,1.2,22.1,4.989
1826,Carbon_Steel_1045,0.082,97.5,0.378,0.4,36.9,0.915
1827,Stainless_304,0.282,256.0,2.751,1.2,26.0,4.184
1828,Aluminum_6061,0.267,124.5,1.614,1.2,52.7,3.15
1829,Carbon_Steel_1045,0.465,207.6,1.501,0.8,43.1,15.491
1830,Stainless_304,0.272,287.5,1.667,0.2,6.6,19.777
1831,Carbon_Steel_1045,0.261,251.3,2.434,0.2,48.0,20.483
1832,Stainless_304,0.483,139.5,0.867,1.2,20.3,12.67
1833,Carbon_Steel_1045,0.253,149.9,2.202,0.2,56.1,27.345
1834,Aluminum_6061,0.131,246.0,2.205,0.8,36.2,0.881
1835,Stainless_304,0.148,214.8,2.586,0.8,1.7,1.327
1836,Stainless_304,0.093,78.9,0.274,1.2,44.1,0.671
1837,Stainless_304,0.05,312.2,0.719,1.2,7.8,0.111
1838,Carbon_Steel_1045,0.244,203.8,1.545,0.4,52.6,9.84
1839,Carbon_Steel_1045,0.396,192.0,2.589,0.8,56.9,15.893
1840,Aluminum_6061,0.38,109.5,2.904,0.8,41.7,10.229
1841,Aluminum_6061,0.064,163.1,1.886,1.2,32.0,0.132
1842,Stainless_304,0.306,149.8,0.833,0.8,36.1,8.947
1843,Stainless_304,0.119,131.2,0.758,0.2,25.7,4.726
1844,Carbon_Steel_1045,0.473,220.2,2.008,1.2,5.0,8.071
1845,Stainless_304,0.125,188.7,0.828,0.8,55.7,1.831
1846,Carbon_Steel_1045,0.332,316.8,1.771,0.2,19.8,21.29
1847,Stainless_304,0.197,332.4,2.546,0.2,18.8,13.039
1848,Carbon_Steel_1045,0.339,115.8,1.322,0.2,11.5,28.275
1849,Carbon_Steel_1045,0.236,80.0,1.291,0.8,59.5,5.304
1850,Carbon_Steel_1045,0.392,285.6,0.349,1.2,56.6,7.5
1851,Carbon_Steel_1045,0.154,348.5,0.949,0.4,21.0,2.798
1852,Stainless_304,0.458,309.1,2.17,0.2,15.6,51.528
1853,Carbon_Steel_1045,0.275,57.1,1.241,1.2,48.3,4.894
1854,Stainless_304,0.39,125.4,0.685,0.8,25.4,14.422
1855,Aluminum_6061,0.432,63.0,0.541,0.8,58.1,14.368
1856,Aluminum_6061,0.499,296.2,0.511,0.2,54.1,60.978
1857,Carbon_Steel_1045,0.151,224.4,2.063,1.2,45.6,1.156
1858,Stainless_304,0.179,204.1,1.935,0.2,5.4,7.978
1859,Stainless_304,0.163,216.3,1.676,0.8,42.1,2.426
1860,Aluminum_6061,0.168,125.7,1.626,0.8,59.2,2.209
1861,Aluminum_6061,0.312,230.5,0.671,0.8,22.4,4.136
1862,Carbon_Steel_1045,0.497,59.2,1.627,0.8,52.9,21.592
1863,Stainless_304,0.496,243.8,0.415,0.4,24.5,37.458
1864,Stainless_304,0.287,270.3,2.796,0.8,58.3,9.055
1865,Stainless_304,0.338,251.9,0.41,0.4,39.2,18.067
1866,Carbon_Steel_1045,0.437,149.6,1.415,0.4,5.8,19.516
1867,Stainless_304,0.47,297.9,0.252,0.8,28.7,17.905
1868,Aluminum_6061,0.142,264.7,2.412,0.8,3.0,0.75
1869,Stainless_304,0.288,88.5,0.707,0.2,23.7,27.588
1870,Carbon_Steel_1045,0.425,108.5,2.794,1.2,54.9,12.062
1871,Carbon_Steel_1045,0.186,241.1,0.371,0.2,13.9,7.465
1872,Carbon_Steel_1045,0.248,136.8,2.507,0.4,57.0,13.631
1873,Stainless_304,0.494,85.8,2.056,0.4,6.0,42.789
1874,Aluminum_6061,0.493,96.5,0.937,0.4,39.9,28.36
1875,Aluminum_6061,0.458,99.7,0.807,0.4,57.9,32.752
1876,Carbon_Steel_1045,0.409,193.3,1.234,0.4,39.2,24.045
1877,Stainless_304,0.171,232.2,2.528,0.4,53.9,5.959
1878,Carbon_Steel_1045,0.194,102.9,2.62,1.2,59.5,2.583
1879,Aluminum_6061,0.296,263.7,0.732,1.2,38.5,3.54
1880,Carbon_Steel_1045,0.302,134.3,1.222,0.4,46.9,16.193
1881,Aluminum_6061,0.277,143.5,0.903,0.4,1.9,5.368
1882,Aluminum_6061,0.337,117.0,0.587,0.8,25.6,5.89
1883,Aluminum_6061,0.234,285.6,2.028,0.2,17.3,9.929
1884,Carbon_Steel_1045,0.387,337.9,1.201,0.4,49.5,18.58
1885,Aluminum_6061,0.2,197.7,0.87,0.2,40.7,7.796
1886,Aluminum_6061,0.199,62.6,2.631,0.8,36.9,2.848
1887,Aluminum_6061,0.107,128.2,2.308,0.2,55.9,3.443
1888,Carbon_Steel_1045,0.135,97.4,2.378,1.2,5.3,0.598
1889,Aluminum_6061,0.433,302.8,0.358,0.4,57.2,22.761
1890,Aluminum_6061,0.251,75.5,2.767,0.8,6.0,3.36
1891,Carbon_Steel_1045,0.153,339.9,1.831,0.8,20.8,1.264
1892,Stainless_304,0.392,226.6,1.635,0.4,37.8,28.681
1893,Stainless_304,0.299,205.3,0.279,0.4,20.5,13.814
1894,Carbon_Steel_1045,0.06,304.2,2.719,0.4,41.0,0.526
1895,Carbon_Steel_1045,0.192,58.3,1.746,1.2,46.5,2.033
1896,Stainless_304,0.13,283.1,2.519,0.8,49.7,1.636
1897,Carbon_Steel_1045,0.345,85.0,2.053,0.2,10.8,28.561
1898,Carbon_Steel_1045,0.174,302.2,2.441,0.4,10.9,2.88
1899,Aluminum_6061,0.079,208.8,2.156,0.4,3.1,0.54
1900,Aluminum_6061,0.075,68.3,2.783,1.2,29.5,0.257
1901,Aluminum_6061,0.312,300.0,0.87,1.2,8.3,2.171
1902,Carbon_Steel_1045,0.06,58.2,0.806,0.4,19.1,0.479
1903,Stainless_304,0.432,91.5,2.209,0.4,50.4,51.353
1904,Aluminum_6061,0.12,289.3,1.629,0.2,56.9,3.44
1905,Carbon_Steel_1045,0.323,189.5,1.898,0.8,49.3,8.91
1906,Stainless_304,0.25,314.4,2.198,0.2,0.0,16.314
1907,Carbon_Steel_1045,0.249,240.6,1.755,1.2,34.1,3.023
1908,Aluminum_6061,0.082,237.1,2.416,0.8,10.0,0.287
1909,Stainless_304,0.411,137.7,1.127,0.2,22.5,63.211
1910,Aluminum_6061,0.452,90.1,2.612,1.2,25.7,7.836
1911,Aluminum_6061,0.055,338.4,0.546,1.2,56.6,0.144
1912,Carbon_Steel_1045,0.13,81.4,1.994,0.4,38.0,2.911
1913,Aluminum_6061,0.457,208.7,2.698,0.2,16.1,42.537
1914,Stainless_304,0.297,131.8,0.945,0.4,38.6,17.105
1915,Aluminum_6061,0.118,129.2,1.149,0.4,57.1,2.024
1916,Stainless_304,0.141,228.4,1.09,0.4,3.5,2.533
1917,Aluminum_6061,0.347,289.4,1.802,1.2,49.0,4.427
1918,Stainless_304,0.376,283.2,1.385,1.2,13.0,5.931
1919,Aluminum_6061,0.32,310.6,0.547,0.8,9.2,3.653
1920,Stainless_304,0.479,137.9,2.701,1.2,53.9,20.579
1921,Aluminum_6061,0.272,189.7,0.813,0.2,0.1,8.926
1922,Stainless_304,0.185,52.8,1.719,0.2,44.5,16.812
1923,Stainless_304,0.265,274.1,1.886,1.2,5.2,3.27
1924,Carbon_Steel_1045,0.212,140.7,0.362,0.8,37.1,2.838
1925,Aluminum_6061,0.151,218.4,0.513,0.2,37.3,5.257
1926,Carbon_Steel_1045,0.071,100.8,2.922,1.2,51.8,0.291
1927,Carbon_Steel_1045,0.208,295.8,2.077,0.2,49.4,12.167
1928,Carbon_Steel_1045,0.37,295.2,0.342,1.2,41.1,5.795
1929,Carbon_Steel_1045,0.058,313.2,2.434,1.2,22.8,0.154
1930,Stainless_304,0.248,63.8,1.648,0.4,10.0,9.866
1931,Stainless_304,0.34,347.7,0.457,0.8,38.1,8.375
1932,Carbon_Steel_1045,0.325,124.3,2.122,0.8,29.8,6.824
1933,Aluminum_6061,0.399,142.8,1.623,1.2,4.7,4.674
1934,Aluminum_6061,0.415,124.8,0.814,0.8,57.3,10.772
1935,Carbon_Steel_1045,0.37,130.3,2.664,0.4,18.9,19.686
1936,Stainless_304,0.096,215.8,1.051,0.2,0.1,2.17
1937,Carbon_Steel_1045,0.264,121.9,1.033,0.4,54.1,11.973
1938,Aluminum_6061,0.322,168.1,1.0,0.2,34.6,23.079
1939,Carbon_Steel_1045,0.161,246.7,2.361,0.8,44.0,1.802
1940,Carbon_Steel_1045,0.069,300.8,2.192,0.4,9.2,0.477
1941,Stainless_304,0.151,257.8,2.734,0.8,24.3,1.725
1942,Carbon_Steel_1045,0.255,228.3,0.881,0.2,38.7,19.328
1943,Aluminum_6061,0.236,94.3,2.413,0.4,15.1,5.371
1944,Aluminum_6061,0.13,294.8,1.826,0.4,42.1,1.939
1945,Aluminum_6061,0.421,61.2,1.099,0.2,14.0,33.742
1946,Carbon_Steel_1045,0.467,129.3,0.347,1.2,12.5,7.52
1947,Carbon_Steel_1045,0.141,67.1,2.502,0.8,0.7,1.093
1948,Aluminum_6061,0.468,250.2,0.913,1.2,16.9,7.779
1949,Aluminum_6061,0.058,160.5,1.987,1.2,14.8,0.104
1950,Stainless_304,0.466,245.6,1.759,0.2,45.9,81.053
1951,Stainless_304,0.478,154.1,0.262,1.2,34.2,13.191
1952,Carbon_Steel_1045,0.055,186.7,2.984,0.2,10.7,0.611
1953,Carbon_Steel_1045,0.393,187.4,2.489,1.2,34.1,7.272
1954,Stainless_304,0.487,63.7,1.588,0.8,13.5,24.256
1955,Carbon_Steel_1045,0.458,179.1,2.121,1.2,25.5,9.287
1956,Stainless_304,0.487,242.3,1.561,0.4,53.3,53.661
1957,Aluminum_6061,0.298,213.8,2.298,0.2,43.2,19.887
1958,Aluminum_6061,0.085,72.6,0.619,0.2,39.1,1.843
1959,Aluminum_6061,0.432,250.4,1.477,0.2,16.9,32.755
1960,Stainless_304,0.326,142.7,1.173,1.2,7.5,4.684
1961,Carbon_Steel_1045,0.327,54.3,1.514,0.8,45.2,10.23
1962,Aluminum_6061,0.238,96.7,1.489,0.2,34.1,14.572
1963,Stainless_304,0.307,199.3,0.644,0.2,37.4,35.527
1964,Stainless_304,0.119,143.1,2.935,0.2,58.5,7.197
1965,Aluminum_6061,0.383,258.3,0.293,0.4,20.9,13.552
1966,Carbon_Steel_1045,0.084,122.2,0.278,0.8,48.0,0.542
1967,Carbon_Steel_1045,0.378,281.8,1.277,1.2,33.5,5.843
1968,Aluminum_6061,0.432,135.9,1.956,0.8,14.1,9.918
1969,Carbon_Steel_1045,0.263,236.3,0.744,1.2,3.2,1.842
1970,Aluminum_6061,0.279,289.8,1.716,0.4,37.0,7.224
1971,Stainless_304,0.19,165.7,2.238,0.4,17.9,5.532
1972,Stainless_304,0.486,64.0,0.509,0.8,41.7,27.575
1973,Stainless_304,0.38,210.6,2.957,0.2,42.0,66.66
1974,Stainless_304,0.216,348.6,1.176,1.2,27.3,2.287
1975,Aluminum_6061,0.129,340.7,2.017,1.2,32.2,0.643
1976,Carbon_Steel_1045,0.149,116.3,0.554,0.2,37.6,6.509
1977,Carbon_Steel_1045,0.259,276.7,2.201,0.2,28.1,16.557
1978,Aluminum_6061,0.474,153.5,2.561,0.8,52.6,14.779
1979,Carbon_Steel_1045,0.38,98.1,0.54,0.8,4.6,8.722
1980,Aluminum_6061,0.147,249.8,0.596,0.2,58.8,5.279
1981,Aluminum_6061,0.437,200.3,1.023,0.8,2.0,6.152
1982,Carbon_Steel_1045,0.22,211.8,0.283,0.4,12.5,5.82
1983,Carbon_Steel_1045,0.433,298.2,2.962,0.8,42.5,14.288
1984,Carbon_Steel_1045,0.159,151.0,1.896,0.4,5.1,2.763
1985,Carbon_Steel_1045,0.328,250.1,1.921,0.4,15.7,13.391
1986,Carbon_Steel_1045,0.467,159.9,2.887,0.4,9.2,25.831
1987,Stainless_304,0.166,62.8,2.538,0.2,43.4,15.156
1988,Carbon_Steel_1045,0.362,163.4,2.489,0.2,34.7,38.737
1989,Carbon_Steel_1045,0.494,335.0,1.184,0.2,3.9,44.816
1990,Carbon_Steel_1045,0.118,195.0,1.171,1.2,27.6,0.574
1991,Carbon_Steel_1045,0.09,82.5,1.052,0.4,12.5,0.975
1992,Aluminum_6061,0.353,256.3,1.203,0.4,58.1,15.949
1993,Carbon_Steel_1045,0.203,339.0,1.266,1.2,6.5,1.195
1994,Aluminum_6061,0.082,322.4,0.635,1.2,35.9,0.23
1995,Stainless_304,0.264,221.6,1.229,0.2,28.9,24.272
1996,Stainless_304,0.389,162.9,1.479,0.4,34.7,30.652
1997,Carbon_Steel_1045,0.178,224.2,1.101,0.4,57.4,5.342
1998,Stainless_304,0.201,294.8,0.705,1.2,20.5,2.252
1999,Carbon_Steel_1045,0.431,308.4,1.277,0.8,44.9,13.983
2000,Aluminum_6061,0.284,295.7,1.572,0.8,26.8,3.76
2001,Carbon_Steel_1045,0.429,186.6,2.232,0.2,39.6,56.934
2002,Stainless_304,0.251,85.7,2.206,0.4,21.9,13.552
2003,Aluminum_6061,0.479,220.8,0.807,0.2,13.6,34.706
2004,Aluminum_6061,0.343,96.9,0.351,0.8,5.0,5.691
2005,Carbon_Steel_1045,0.102,68.3,1.085,1.2,6.1,0.375
2006,Carbon_Steel_1045,0.448,199.6,0.682,1.2,57.6,11.487
2007,Carbon_Steel_1045,0.27,246.6,1.338,0.4,47.3,10.681
2008,Carbon_Steel_1045,0.114,306.2,2.943,0.4,14.7,1.411
2009,Stainless_304,0.119,284.9,0.748,1.2,31.7,0.687
2010,Aluminum_6061,0.359,307.2,1.127,0.4,42.9,15.017
2011,Carbon_Steel_1045,0.071,278.0,2.244,1.2,21.2,0.177
2012,Stainless_304,0.179,261.0,1.65,0.8,26.4,2.317
2013,Carbon_Steel_1045,0.113,53.0,0.371,0.4,43.1,2.415
2014,Carbon_Steel_1045,0.248,237.8,0.695,0.8,13.6,3.575
2015,Aluminum_6061,0.236,86.1,2.822,0.2,31.6,13.772
2016,Aluminum_6061,0.285,67.6,0.534,0.4,12.6,8.561
2017,Carbon_Steel_1045,0.176,96.9,1.997,0.4,0.2,3.435
2018,Carbon_Steel_1045,0.064,297.0,2.429,1.2,41.4,0.196
2019,Carbon_Steel_1045,0.326,273.2,0.98,0.8,42.4,8.041
2020,Carbon_Steel_1045,0.218,334.6,2.244,0.4,59.7,7.665
2021,Stainless_304,0.343,343.7,0.717,1.2,10.9,5.114
2022,Stainless_304,0.099,318.0,1.033,0.4,44.4,1.623
2023,Aluminum_6061,0.056,89.9,1.108,1.2,56.9,0.143
2024,Aluminum_6061,0.162,313.5,2.99,0.8,38.7,1.628
2025,Stainless_304,0.255,301.6,0.84,1.2,57.8,4.656
2026,Aluminum_6061,0.227,311.3,0.605,1.2,59.7,2.066
2027,Aluminum_6061,0.415,95.5,2.796,0.4,48.1,29.839
2028,Aluminum_6061,0.22,85.0,0.695,0.4,60.0,8.533
2029,Carbon_Steel_1045,0.289,327.1,2.668,1.2,37.5,3.957
2030,Aluminum_6061,0.317,102.1,2.039,0.2,29.8,21.393
2031,Aluminum_6061,0.06,160.6,1.836,1.2,55.1,0.163
2032,Carbon_Steel_1045,0.282,186.8,2.316,0.2,49.9,24.363
2033,Stainless_304,0.205,87.3,2.246,1.2,6.6,2.245
2034,Aluminum_6061,0.24,56.2,0.554,0.8,18.2,2.848
2035,Carbon_Steel_1045,0.095,348.2,2.999,0.8,15.6,0.451
2036,Carbon_Steel_1045,0.402,313.0,2.84,0.4,51.3,21.288
2037,Carbon_Steel_1045,0.474,323.7,2.716,0.8,14.0,12.162
2038,Carbon_Steel_1045,0.06,135.4,1.961,0.4,18.2,0.373
2039,Aluminum_6061,0.321,116.0,1.688,0.4,31.1,11.67
2040,Aluminum_6061,0.394,177.8,1.725,0.2,4.6,25.775
2041,Stainless_304,0.178,186.0,0.291,0.2,57.7,12.817
2042,Aluminum_6061,0.404,51.7,1.624,1.2,29.5,6.457
2043,Stainless_304,0.335,283.8,1.965,0.8,11.4,7.615
2044,Aluminum_6061,0.468,349.0,2.061,0.4,16.2,17.338
2045,Carbon_Steel_1045,0.491,208.6,1.163,1.2,47.9,12.225
2046,Carbon_Steel_1045,0.069,166.5,1.546,0.8,38.0,0.318
2047,Stainless_304,0.25,167.8,2.0,0.8,27.9,5.598
2048,Aluminum_6061,0.296,78.8,1.428,0.2,19.9,18.541
2049,Aluminum_6061,0.116,129.8,2.896,0.8,54.0,1.003
2050,Carbon_Steel_1045,0.201,200.6,2.19,0.2,46.4,14.427
2051,Aluminum_6061,0.494,179.6,0.254,0.8,43.1,13.956
2052,Carbon_Steel_1045,0.057,213.5,0.314,0.2,26.8,0.796
2053,Stainless_304,0.254,304.7,2.148,0.8,58.9,6.729
2054,Aluminum_6061,0.429,117.6,1.385,0.4,42.6,23.99
2055,Stainless_304,0.196,58.3,2.559,0.2,25.4,16.119
2056,Aluminum_6061,0.266,61.5,0.726,0.4,57.6,11.074
2057,Stainless_304,0.49,90.3,0.288,0.2,53.7,119.258
2058,Stainless_304,0.264,221.1,1.317,0.2,44.4,26.116
2059,Carbon_Steel_1045,0.109,292.5,2.274,1.2,46.0,0.566
2060,Stainless_304,0.073,316.0,2.922,0.4,25.4,0.86
2061,Stainless_304,0.475,240.5,2.68,0.4,30.4,39.073
2062,Aluminum_6061,0.17,170.9,1.581,0.2,11.5,5.034
2063,Aluminum_6061,0.277,96.4,2.485,0.4,35.7,9.739
2064,Aluminum_6061,0.091,170.4,0.443,0.4,22.2,0.862
2065,Carbon_Steel_1045,0.241,149.7,1.824,0.8,20.8,4.491
2066,Carbon_Steel_1045,0.469,311.0,2.792,0.2,56.9,69.17
2067,Carbon_Steel_1045,0.276,196.0,1.34,1.2,9.9,2.651
2068,Carbon_Steel_1045,0.487,117.9,2.89,0.2,49.8,94.297
2069,Carbon_Steel_1045,0.166,136.6,0.857,0.8,16.9,1.572
2070,Aluminum_6061,0.277,90.9,0.54,0.2,1.7,11.377
2071,Aluminum_6061,0.437,325.6,1.693,1.2,2.4,5.093
2072,Stainless_304,0.252,65.1,2.745,0.8,25.8,7.176
2073,Aluminum_6061,0.176,53.9,1.106,1.2,27.3,1.293
2074,Aluminum_6061,0.435,104.9,2.45,1.2,19.2,7.647
2075,Aluminum_6061,0.225,293.3,0.715,1.2,40.1,1.871
2076,Stainless_304,0.289,207.0,2.3,0.8,29.1,7.423
2077,Aluminum_6061,0.489,237.8,1.782,1.2,4.4,5.539
2078,Carbon_Steel_1045,0.134,157.3,0.731,0.2,20.9,4.055
2079,Aluminum_6061,0.186,70.6,2.225,0.8,6.1,1.832
2080,Aluminum_6061,0.064,306.8,2.213,1.2,3.8,0.106
2081,Carbon_Steel_1045,0.226,107.6,1.667,0.4,12.5,6.022
2082,Carbon_Steel_1045,0.14,59.9,0.87,1.2,42.0,1.301
2083,Carbon_Steel_1045,0.356,221.8,0.614,0.8,41.8,8.535
2084,Aluminum_6061,0.132,75.0,2.882,0.4,51.7,3.006
2085,Stainless_304,0.354,78.7,2.053,0.4,45.4,31.151
2086,Carbon_Steel_1045,0.169,290.1,2.475,0.2,32.1,8.687
2087,Stainless_304,0.21,197.5,2.167,1.2,18.8,2.488
2088,Aluminum_6061,0.207,122.5,2.531,0.8,0.3,1.769
2089,Carbon_Steel_1045,0.373,154.6,0.697,0.4,38.8,19.414
2090,Aluminum_6061,0.26,268.8,1.617,1.2,17.4,1.944
2091,Stainless_304,0.213,69.9,2.085,0.2,15.0,15.51
2092,Carbon_Steel_1045,0.434,84.9,0.534,1.2,58.5,10.431
2093,Carbon_Steel_1045,0.307,234.9,0.662,0.4,10.5,9.334
2094,Aluminum_6061,0.146,232.1,1.993,0.8,1.9,0.752
2095,Aluminum_6061,0.455,341.7,2.639,0.2,57.0,51.482
2096,Aluminum_6061,0.204,162.4,2.066,0.8,18.4,2.008
2097,Stainless_304,0.068,69.5,0.35,0.8,23.6,0.423
2098,Aluminum_6061,0.273,211.3,2.919,1.2,4.9,2.009
2099,Aluminum_6061,0.106,241.5,0.634,0.4,24.2,1.162
2100,Carbon_Steel_1045,0.157,91.9,0.89,0.2,58.3,9.723
2101,Aluminum_6061,0.386,215.9,2.931,0.2,41.6,43.218
2102,Stainless_304,0.109,109.3,2.37,0.2,28.4,4.564
2103,Aluminum_6061,0.413,303.4,2.826,0.4,18.4,16.581
2104,Stainless_304,0.472,300.5,2.468,1.2,22.0,11.352
2105,Carbon_Steel_1045,0.323,178.9,2.042,0.2,36.7,28.843
2106,Carbon_Steel_1045,0.37,340.0,1.033,0.2,15.3,32.307
2107,Carbon_Steel_1045,0.371,343.9,1.149,0.2,9.1,23.967
2108,Carbon_Steel_1045,0.497,88.8,2.855,0.4,41.8,36.873
2109,Carbon_Steel_1045,0.204,160.3,2.617,0.8,52.2,3.416
2110,Aluminum_6061,0.123,230.1,1.239,0.4,54.1,1.614
2111,Stainless_304,0.284,75.5,1.276,0.4,50.5,18.489
2112,Carbon_Steel_1045,0.29,164.8,1.069,0.2,31.8,20.948
2113,Carbon_Steel_1045,0.13,128.4,1.147,1.2,47.3,0.918
2114,Carbon_Steel_1045,0.326,335.6,2.617,0.2,55.6,28.939
2115,Carbon_Steel_1045,0.056,173.5,0.279,0.2,1.4,0.613
2116,Carbon_Steel_1045,0.467,278.8,1.449,0.8,24.7,10.902
2117,Carbon_Steel_1045,0.169,166.0,2.843,1.2,12.2,1.096
2118,Aluminum_6061,0.068,89.5,1.742,0.4,59.8,0.708
2119,Carbon_Steel_1045,0.099,308.9,1.489,0.2,55.8,3.2
2120,Aluminum_6061,0.158,50.1,1.109,0.8,48.1,1.941
2121,Stainless_304,0.173,66.8,0.453,0.4,17.8,5.763
2122,Aluminum_6061,0.065,159.3,0.867,0.4,57.1,0.545
2123,Stainless_304,0.176,256.1,0.499,1.2,1.8,1.121
2124,Carbon_Steel_1045,0.137,152.5,0.598,1.2,11.3,0.675
2125,Stainless_304,0.22,69.9,0.7,0.4,37.0,11.375
2126,Stainless_304,0.223,145.4,1.081,0.8,47.6,5.698
2127,Aluminum_6061,0.203,123.5,0.28,0.8,53.0,2.765
2128,Carbon_Steel_1045,0.198,51.6,2.863,1.2,18.0,1.999
2129,Aluminum_6061,0.09,210.4,0.591,1.2,23.4,0.248
2130,Aluminum_6061,0.061,85.0,1.304,0.4,27.3,0.45
2131,Carbon_Steel_1045,0.141,136.2,2.669,0.2,1.6,4.835
2132,Carbon_Steel_1045,0.39,242.4,0.543,0.2,51.8,43.821
2133,Stainless_304,0.496,267.5,1.58,0.2,20.3,71.966
2134,Aluminum_6061,0.468,129.0,2.573,1.2,12.0,6.746
2135,Carbon_Steel_1045,0.277,148.8,1.782,0.8,24.6,5.156
2136,Aluminum_6061,0.289,124.1,0.828,1.2,42.6,2.902
2137,Aluminum_6061,0.192,337.1,2.273,0.2,52.3,8.921
2138,Aluminum_6061,0.398,107.2,2.124,0.2,12.9,33.416
2139,Carbon_Steel_1045,0.394,105.0,1.246,0.2,10.4,34.029
2140,Carbon_Steel_1045,0.43,183.5,0.377,0.8,56.6,14.839
2141,Aluminum_6061,0.453,106.8,0.272,0.2,33.1,54.547
2142,Aluminum_6061,0.245,97.0,2.52,0.8,21.9,3.504
2143,Carbon_Steel_1045,0.395,78.8,1.134,1.2,12.0,5.291
2144,Stainless_304,0.413,242.1,0.629,0.2,59.7,64.537
2145,Aluminum_6061,0.189,233.6,1.676,0.8,43.2,2.019
2146,Carbon_Steel_1045,0.468,245.0,2.782,0.8,13.1,11.272
2147,Carbon_Steel_1045,0.092,282.0,0.273,1.2,5.5,0.247
2148,Carbon_Steel_1045,0.497,147.9,0.404,0.2,12.0,50.764
2149,Aluminum_6061,0.397,325.5,1.397,0.2,14.9,27.984
2150,Stainless_304,0.092,270.0,2.109,0.2,6.7,2.018
2151,Carbon_Steel_1045,0.345,291.4,1.559,0.8,13.8,5.983
2152,Carbon_Steel_1045,0.065,266.3,2.718,1.2,7.0,0.145
2153,Stainless_304,0.397,157.5,0.371,0.2,22.7,51.392
2154,Stainless_304,0.41,134.9,1.185,0.4,29.2,31.048
2155,Carbon_Steel_1045,0.321,176.8,1.216,0.8,27.3,5.383
2156,Stainless_304,0.436,79.1,1.185,1.2,49.8,15.508
2157,Aluminum_6061,0.094,185.4,1.591,1.2,15.2,0.26
2158,Stainless_304,0.174,62.9,2.424,0.8,53.2,4.475
2159,Aluminum_6061,0.236,51.2,1.124,1.2,54.5,3.139
2160,Stainless_304,0.069,329.4,2.297,1.2,57.6,0.353
2161,Carbon_Steel_1045,0.252,256.8,0.653,1.2,10.9,2.069
2162,Aluminum_6061,0.169,218.6,1.792,0.4,14.7,2.782
2163,Carbon_Steel_1045,0.227,152.3,1.281,0.4,37.4,8.148
2164,Stainless_304,0.241,221.2,1.733,0.4,8.5,8.029
2165,Carbon_Steel_1045,0.446,317.5,0.546,1.2,5.1,6.741
2166,Stainless_304,0.172,245.7,2.872,0.4,4.4,3.713
2167,Aluminum_6061,0.452,230.7,2.742,1.2,36.4,7.081
2168,Aluminum_6061,0.242,188.1,2.523,0.8,48.3,3.808
2169,Carbon_Steel_1045,0.198,153.7,2.705,0.2,15.5,9.236
2170,Carbon_Steel_1045,0.276,259.6,0.653,0.4,56.0,9.454
2171,Carbon_Steel_1045,0.238,344.3,1.635,0.2,47.5,15.348
2172,Stainless_304,0.166,177.4,1.124,0.8,4.6,1.824
2173,Carbon_Steel_1045,0.276,167.7,2.69,0.4,24.4,10.097
2174,Carbon_Steel_1045,0.118,178.4,0.771,0.4,4.1,1.224
2175,Carbon_Steel_1045,0.208,177.7,0.855,0.2,54.9,14.006
2176,Stainless_304,0.305,347.2,2.138,0.2,44.6,36.015
2177,Carbon_Steel_1045,0.236,262.0,0.494,1.2,41.2,2.586
2178,Stainless_304,0.421,157.8,2.264,1.2,41.0,11.784
2179,Aluminum_6061,0.166,161.5,0.987,0.4,17.1,2.667
2180,Carbon_Steel_1045,0.486,179.2,2.068,1.2,56.0,12.419
2181,Aluminum_6061,0.403,61.0,2.651,0.8,55.4,13.154
2182,Carbon_Steel_1045,0.485,208.3,1.926,0.4,44.4,40.636
2183,Stainless_304,0.427,293.4,0.835,0.4,28.1,26.307
2184,Stainless_304,0.114,248.2,0.385,0.8,2.8,0.706
2185,Aluminum_6061,0.287,109.5,0.373,1.2,1.7,1.912
2186,Stainless_304,0.126,268.4,0.494,0.4,8.3,1.842
2187,Aluminum_6061,0.418,265.8,1.844,0.4,35.7,18.854
2188,Carbon_Steel_1045,0.313,128.8,1.208,1.2,47.9,5.644
2189,Carbon_Steel_1045,0.169,236.9,0.919,0.8,56.9,2.216
2190,Carbon_Steel_1045,0.468,233.3,0.853,0.4,10.5,20.836
2191,Aluminum_6061,0.102,301.9,2.859,0.4,16.5,0.839
2192,Carbon_Steel_1045,0.304,90.8,0.577,0.8,3.2,4.473
2193,Carbon_Steel_1045,0.374,108.5,1.088,0.2,59.3,45.69
2194,Carbon_Steel_1045,0.076,195.8,1.547,0.2,46.9,1.895
2195,Carbon_Steel_1045,0.319,63.2,0.251,0.8,28.8,7.919
2196,Carbon_Steel_1045,0.417,174.7,2.783,0.2,34.5,51.08
2197,Carbon_Steel_1045,0.08,286.5,0.523,0.8,33.7,0.406
2198,Aluminum_6061,0.281,94.6,2.127,1.2,15.3,2.905
2199,Carbon_Steel_1045,0.166,188.0,1.979,0.2,11.1,6.004
2200,Carbon_Steel_1045,0.348,346.9,2.475,0.4,17.8,14.899
2201,Aluminum_6061,0.103,201.8,2.041,1.2,14.8,0.293
2202,Aluminum_6061,0.472,199.5,2.366,0.2,33.5,48.326
2203,Stainless_304,0.453,217.6,1.408,1.2,18.5,9.928
2204,Stainless_304,0.134,105.8,1.594,0.2,43.7,8.452
2205,Carbon_Steel_1045,0.195,94.1,2.18,1.2,34.1,1.808
2206,Stainless_304,0.314,253.2,1.813,0.4,31.9,19.332
2207,Stainless_304,0.373,168.7,1.657,0.2,57.1,67.549
2208,Carbon_Steel_1045,0.249,137.0,0.815,0.8,19.3,4.25
2209,Aluminum_6061,0.12,59.4,0.96,0.2,38.1,3.865
2210,Carbon_Steel_1045,0.097,303.8,1.236,0.4,0.0,0.744
2211,Stainless_304,0.5,59.7,0.276,0.8,44.2,30.387
2212,Carbon_Steel_1045,0.255,275.0,1.398,0.8,30.2,4.33
2213,Aluminum_6061,0.443,164.6,0.258,0.4,12.5,15.238
2214,Stainless_304,0.267,229.6,1.804,1.2,0.1,2.423
2215,Stainless_304,0.465,124.3,2.186,0.4,42.4,41.439
2216,Carbon_Steel_1045,0.089,96.6,1.796,0.4,39.8,1.345
2217,Stainless_304,0.101,210.0,2.157,0.4,39.9,2.287
2218,Carbon_Steel_1045,0.468,258.7,0.25,1.2,26.2,7.385
2219,Stainless_304,0.476,108.6,0.413,0.8,38.4,22.249
2220,Stainless_304,0.192,180.9,2.171,0.2,34.3,13.678
2221,Aluminum_6061,0.21,183.4,2.458,1.2,14.3,1.576
2222,Stainless_304,0.254,114.8,2.224,0.4,31.1,15.566
2223,Carbon_Steel_1045,0.237,219.5,2.073,0.4,30.9,7.691
2224,Stainless_304,0.136,93.8,2.195,0.2,49.4,9.791
2225,Stainless_304,0.454,202.9,2.284,1.2,26.0,12.779
2226,Stainless_304,0.164,84.0,2.242,0.2,26.2,9.828
2227,Stainless_304,0.367,195.7,2.28,1.2,59.1,11.251
2228,Stainless_304,0.08,143.5,0.454,0.2,53.7,2.595
2229,Aluminum_6061,0.067,185.7,0.424,0.8,14.5,0.187
2230,Carbon_Steel_1045,0.344,180.1,1.243,0.2,54.6,42.329
2231,Aluminum_6061,0.203,322.4,1.701,0.4,8.3,3.126
2232,Stainless_304,0.345,197.0,2.347,1.2,51.2,9.625
2233,Carbon_Steel_1045,0.092,295.5,1.17,0.8,11.0,0.456
2234,Carbon_Steel_1045,0.477,117.7,1.007,0.8,25.5,13.112
2235,Aluminum_6061,0.387,155.6,2.399,0.2,59.0,36.902
2236,Carbon_Steel_1045,0.444,72.5,0.936,1.2,5.8,8.12
2237,Carbon_Steel_1045,0.111,176.2,2.507,0.4,50.4,2.294
2238,Stainless_304,0.194,250.6,0.737,0.8,29.7,3.107
2239,Stainless_304,0.216,301.5,1.239,1.2,6.7,1.971
2240,Carbon_Steel_1045,0.292,219.8,1.353,0.8,57.1,7.397
2241,Stainless_304,0.184,242.0,1.074,0.8,33.0,3.087
2242,Aluminum_6061,0.077,103.2,0.259,0.2,52.8,1.577
2243,Aluminum_6061,0.216,61.2,0.898,0.4,52.1,7.592
2244,Carbon_Steel_1045,0.165,287.5,1.179,0.8,0.9,1.109
2245,Carbon_Steel_1045,0.224,100.1,1.112,0.2,15.9,12.511
2246,Aluminum_6061,0.139,77.4,2.41,0.4,20.2,2.239
2247,Aluminum_6061,0.168,331.3,0.38,1.2,32.1,0.816
2248,Carbon_Steel_1045,0.332,339.1,1.32,1.2,4.3,3.032
2249,Aluminum_6061,0.225,234.9,0.353,1.2,23.3,1.782
2250,Carbon_Steel_1045,0.205,163.6,2.809,1.2,48.9,2.231
2251,Carbon_Steel_1045,0.29,300.0,2.423,1.2,10.4,2.936
2252,Stainless_304,0.397,111.4,2.951,0.2,42.1,77.257
2253,Aluminum_6061,0.22,178.8,2.753,1.2,27.6,1.761
2254,Aluminum_6061,0.314,157.1,1.118,0.8,4.2,4.052
2255,Aluminum_6061,0.485,323.8,2.152,1.2,10.6,6.414
2256,Aluminum_6061,0.285,325.9,1.093,0.8,8.5,2.785
2257,Stainless_304,0.459,245.3,2.693,0.2,37.2,84.622
2258,Carbon_Steel_1045,0.407,83.2,1.38,0.8,5.2,8.857
2259,Aluminum_6061,0.076,194.7,1.284,1.2,49.4,0.276
2260,Stainless_304,0.243,123.6,2.764,0.2,48.4,29.42
2261,Stainless_304,0.364,315.5,2.551,0.8,4.8,7.973
2262,Aluminum_6061,0.494,91.5,2.908,0.8,53.3,19.773
2263,Aluminum_6061,0.256,66.3,0.433,0.4,57.5,9.284
2264,Stainless_304,0.092,261.3,0.919,1.2,2.6,0.334
2265,Carbon_Steel_1045,0.303,186.0,1.077,0.2,57.0,29.563
2266,Stainless_304,0.107,301.5,1.417,0.4,16.8,1.513
2267,Aluminum_6061,0.388,72.4,1.551,1.2,39.9,6.403
2268,Stainless_304,0.278,290.3,1.052,0.8,10.5,6.072
2269,Aluminum_6061,0.376,61.2,2.424,0.2,49.0,44.914
2270,Aluminum_6061,0.441,58.4,0.864,0.2,50.5,56.171
2271,Stainless_304,0.333,188.4,2.165,0.8,58.7,12.474
2272,Carbon_Steel_1045,0.326,116.4,2.592,1.2,59.6,7.193
2273,Aluminum_6061,0.39,228.1,1.91,0.2,4.6,21.936
2274,Aluminum_6061,0.429,57.7,1.224,0.2,39.5,46.538
2275,Stainless_304,0.441,60.6,0.767,0.4,16.4,34.32
2276,Aluminum_6061,0.066,268.1,0.619,0.2,7.5,0.638
2277,Aluminum_6061,0.3,113.0,2.296,0.2,8.9,16.241
2278,Aluminum_6061,0.147,246.9,1.54,0.4,56.2,2.574
2279,Aluminum_6061,0.437,275.0,0.377,0.8,41.0,9.608
2280,Stainless_304,0.342,67.8,2.956,1.2,3.0,6.087
2281,Aluminum_6061,0.239,280.9,2.096,0.4,59.1,7.161
2282,Carbon_Steel_1045,0.135,130.5,2.572,0.8,48.5,1.621
2283,Carbon_Steel_1045,0.203,166.9,1.455,1.2,18.6,1.919
2284,Aluminum_6061,0.367,76.0,2.877,0.2,28.3,38.397
2285,Carbon_Steel_1045,0.142,301.6,0.799,1.2,43.6,1.052
2286,Aluminum_6061,0.092,218.2,0.759,0.2,40.6,1.767
2287,Stainless_304,0.45,201.4,2.698,0.8,27.8,20.834
2288,Stainless_304,0.394,340.6,2.702,1.2,30.7,9.116
2289,Stainless_304,0.14,150.4,1.622,1.2,2.6,0.934
2290,Carbon_Steel_1045,0.182,317.2,0.596,0.4,30.0,3.958
2291,Stainless_304,0.487,265.9,1.089,0.8,20.4,17.04
2292,Carbon_Steel_1045,0.369,328.6,2.324,0.2,17.1,31.31
2293,Carbon_Steel_1045,0.325,322.3,2.576,0.4,16.2,11.951
2294,Aluminum_6061,0.188,347.3,1.206,1.2,38.9,1.062
2295,Aluminum_6061,0.185,89.5,0.418,0.2,25.8,7.293
2296,Aluminum_6061,0.068,288.8,2.081,0.2,25.5,0.946
2297,Aluminum_6061,0.378,291.3,2.284,0.8,9.6,5.843
2298,Stainless_304,0.069,243.3,1.416,0.8,57.7,0.542
2299,Stainless_304,0.052,133.7,1.854,0.4,13.4,0.406
2300,Aluminum_6061,0.378,339.5,2.965,0.2,24.4,28.349
2301,Stainless_304,0.477,111.3,0.924,0.2,11.4,68.748
2302,Carbon_Steel_1045,0.39,199.9,1.826,0.8,42.2,11.09
2303,Carbon_Steel_1045,0.262,206.4,1.93,0.4,26.2,8.212
2304,Stainless_304,0.269,98.5,1.76,1.2,24.8,4.918
2305,Carbon_Steel_1045,0.246,266.8,2.64,0.4,52.5,10.033
2306,Carbon_Steel_1045,0.196,76.7,1.914,0.4,45.6,7.101
2307,Aluminum_6061,0.285,257.9,1.647,0.2,31.2,19.365
2308,Aluminum_6061,0.244,304.6,0.588,0.8,28.1,2.819
2309,Stainless_304,0.319,154.8,2.184,0.4,57.6,27.206
2310,Aluminum_6061,0.454,262.8,0.613,1.2,57.4,8.552
2311,Aluminum_6061,0.498,97.0,0.323,0.4,42.3,30.123
2312,Aluminum_6061,0.085,303.8,1.593,1.2,45.6,0.254
2313,Carbon_Steel_1045,0.223,335.6,1.824,0.4,53.9,7.742
2314,Carbon_Steel_1045,0.131,95.8,2.997,0.4,57.9,2.841
2315,Stainless_304,0.208,257.6,2.209,0.4,4.9,5.709
2316,Carbon_Steel_1045,0.179,201.7,2.584,0.4,59.8,5.868
2317,Stainless_304,0.129,209.4,1.203,0.4,42.2,3.12
2318,Carbon_Steel_1045,0.394,261.9,1.65,1.2,35.6,6.777
2319,Carbon_Steel_1045,0.273,196.6,2.929,0.8,24.8,4.435
2320,Aluminum_6061,0.464,230.1,1.398,0.2,20.2,43.408
2321,Aluminum_6061,0.065,119.3,2.47,0.2,48.3,1.151
2322,Stainless_304,0.08,163.6,1.696,0.2,39.3,2.377
2323,Stainless_304,0.231,309.6,0.866,0.8,12.0,3.618
2324,Carbon_Steel_1045,0.086,83.0,1.846,0.2,36.6,2.455
2325,Stainless_304,0.168,229.3,0.85,0.4,8.5,3.533
2326,Stainless_304,0.494,105.3,0.258,1.2,29.8,14.378
2327,Aluminum_6061,0.144,304.0,0.899,0.2,35.0,4.12
2328,Carbon_Steel_1045,0.139,223.7,0.781,0.2,38.1,5.727
2329,Stainless_304,0.308,170.9,1.27,0.2,8.7,27.273
2330,Stainless_304,0.274,124.9,2.694,0.4,5.7,11.28
2331,Aluminum_6061,0.311,181.1,1.317,0.2,15.5,18.384
2332,Aluminum_6061,0.22,337.3,2.574,0.8,36.4,2.609
2333,Carbon_Steel_1045,0.422,202.8,1.778,0.8,55.9,15.243
2334,Aluminum_6061,0.112,190.8,0.271,0.2,46.7,2.939
2335,Aluminum_6061,0.243,273.9,0.769,0.8,44.7,3.385
2336,Carbon_Steel_1045,0.36,163.7,2.811,0.4,19.8,15.978
2337,Carbon_Steel_1045,0.441,178.2,1.911,0.2,6.7,36.209
2338,Aluminum_6061,0.216,151.1,2.806,0.4,53.5,7.233
2339,Carbon_Steel_1045,0.305,95.3,1.103,0.8,30.1,7.622
2340,Aluminum_6061,0.081,264.1,2.221,0.2,6.0,0.93
2341,Carbon_Steel_1045,0.127,311.9,2.373,1.2,32.1,0.701
2342,Stainless_304,0.081,321.7,2.933,1.2,40.5,0.41
2343,Stainless_304,0.378,314.2,0.3,0.2,19.2,41.859
2344,Aluminum_6061,0.18,185.5,2.869,0.2,0.6,5.115
2345,Stainless_304,0.376,135.2,1.327,0.4,37.3,36.775
2346,Stainless_304,0.08,241.4,2.554,1.2,2.4,0.264
2347,Carbon_Steel_1045,0.438,336.4,1.748,0.2,26.0,50.674
2348,Stainless_304,0.426,268.1,1.803,0.4,49.5,42.069
2349,Aluminum_6061,0.09,198.5,1.238,0.8,59.9,0.566
2350,Aluminum_6061,0.061,256.6,2.528,0.2,22.2,0.71
2351,Stainless_304,0.075,281.8,0.976,0.2,1.2,1.297
2352,Carbon_Steel_1045,0.434,325.8,1.604,0.2,29.6,45.573
2353,Aluminum_6061,0.156,279.0,1.79,0.2,16.6,4.554
2354,Aluminum_6061,0.297,180.0,2.292,0.8,53.6,5.586
2355,Aluminum_6061,0.242,132.1,1.547,1.2,42.7,2.431
2356,Aluminum_6061,0.408,200.0,2.121,0.4,24.3,16.31
2357,Aluminum_6061,0.27,148.5,1.585,0.4,45.7,8.085
2358,Stainless_304,0.275,332.8,2.063,0.2,20.5,24.455
2359,Aluminum_6061,0.495,202.4,2.104,1.2,31.3,9.579
2360,Stainless_304,0.118,191.6,2.201,1.2,55.4,1.005
2361,Aluminum_6061,0.424,154.5,2.514,0.8,12.0,9.02
2362,Aluminum_6061,0.073,241.8,1.737,0.4,18.8,0.424
2363,Stainless_304,0.265,206.0,0.782,0.2,53.1,29.21
2364,Aluminum_6061,0.449,88.7,2.119,1.2,27.7,7.991
2365,Aluminum_6061,0.349,310.8,0.462,0.2,19.1,20.092
2366,Stainless_304,0.358,157.7,0.852,0.2,2.2,32.483
2367,Aluminum_6061,0.168,179.8,2.428,0.8,25.1,1.475
2368,Aluminum_6061,0.238,111.7,1.446,0.2,30.0,12.625
2369,Stainless_304,0.215,216.0,1.62,0.2,24.4,14.954
2370,Carbon_Steel_1045,0.285,260.6,2.965,0.8,16.6,5.176
2371,Carbon_Steel_1045,0.258,314.3,0.897,0.2,22.1,13.736
2372,Aluminum_6061,0.197,65.5,0.304,0.4,38.5,5.97
2373,Aluminum_6061,0.187,342.0,0.556,0.8,53.5,1.903
2374,Carbon_Steel_1045,0.163,261.1,0.922,0.2,39.0,7.125
2375,Carbon_Steel_1045,0.214,135.3,2.246,1.2,38.8,2.511
2376,Aluminum_6061,0.117,111.3,2.384,0.2,49.0,3.868
2377,Stainless_304,0.442,138.8,1.805,0.8,9.9,16.377
2378,Stainless_304,0.321,312.7,0.951,0.2,18.1,30.053
2379,Carbon_Steel_1045,0.11,137.4,1.685,0.8,3.0,0.601
2380,Carbon_Steel_1045,0.362,188.8,0.291,1.2,21.0,5.437
2381,Carbon_Steel_1045,0.431,261.7,2.125,1.2,59.9,9.572
2382,Carbon_Steel_1045,0.157,311.6,1.939,0.4,19.8,2.606
2383,Aluminum_6061,0.118,247.6,0.31,0.2,51.6,3.343
2384,Stainless_304,0.054,275.9,2.497,1.2,5.1,0.134
2385,Carbon_Steel_1045,0.071,102.0,2.349,0.8,27.6,0.386
2386,Stainless_304,0.393,313.2,1.098,0.2,21.1,44.542
2387,Stainless_304,0.494,132.7,1.997,0.2,12.1,75.071
2388,Aluminum_6061,0.07,88.5,1.904,0.4,22.4,0.606
2389,Carbon_Steel_1045,0.387,342.9,0.644,0.8,39.1,9.593
2390,Carbon_Steel_1045,0.082,110.5,0.781,0.4,29.4,0.872
2391,Carbon_Steel_1045,0.316,91.0,2.129,1.2,50.7,5.766
2392,Stainless_304,0.39,237.8,2.817,0.8,54.3,19.425
2393,Aluminum_6061,0.212,145.7,1.835,1.2,28.9,1.55
2394,Carbon_Steel_1045,0.055,90.0,1.811,1.2,58.9,0.202
2395,Stainless_304,0.318,230.3,2.028,0.4,4.3,14.459
2396,Stainless_304,0.496,277.7,1.462,1.2,16.6,12.226
2397,Aluminum_6061,0.166,288.0,0.399,0.4,25.0,2.278
2398,Stainless_304,0.135,96.7,1.34,0.2,35.0,6.996
2399,Aluminum_6061,0.106,217.1,2.726,0.4,32.8,1.445
2400,Carbon_Steel_1045,0.3,294.1,2.464,0.4,34.1,11.025
2401,Aluminum_6061,0.318,98.3,2.8,1.2,53.8,5.031
2402,Carbon_Steel_1045,0.407,112.3,0.67,1.2,16.7,6.733
2403,Aluminum_6061,0.389,50.7,1.641,0.2,49.0,46.344
2404,Aluminum_6061,0.452,207.4,1.858,0.2,33.5,46.279
2405,Aluminum_6061,0.413,108.4,0.827,0.8,29.4,8.403
2406,Stainless_304,0.161,267.3,0.803,0.8,18.0,1.805
2407,Carbon_Steel_1045,0.3,338.7,2.401,0.8,18.2,5.244
2408,Carbon_Steel_1045,0.184,112.6,2.098,0.4,23.3,4.901
2409,Carbon_Steel_1045,0.198,244.7,2.03,1.2,45.8,1.873
2410,Carbon_Steel_1045,0.469,113.6,0.984,0.4,28.6,27.924
2411,Aluminum_6061,0.357,55.4,1.644,0.4,9.2,13.111
2412,Aluminum_6061,0.489,277.6,0.313,0.4,45.6,23.137
2413,Carbon_Steel_1045,0.238,180.2,0.607,1.2,39.8,2.892
2414,Stainless_304,0.292,334.0,1.675,0.4,57.0,18.085
2415,Aluminum_6061,0.269,210.3,1.102,0.8,31.8,3.509
2416,Carbon_Steel_1045,0.098,97.2,2.906,1.2,39.3,0.51
2417,Stainless_304,0.157,184.9,1.547,0.2,28.8,8.152
2418,Stainless_304,0.287,110.9,0.48,0.8,40.8,7.478
2419,Aluminum_6061,0.08,313.4,0.299,0.8,26.2,0.294
2420,Stainless_304,0.469,257.3,2.244,1.2,8.3,9.274
2421,Carbon_Steel_1045,0.106,152.4,0.722,0.2,59.2,3.923
2422,Carbon_Steel_1045,0.139,208.3,0.766,0.8,43.2,1.421
2423,Stainless_304,0.394,250.8,1.415,1.2,36.5,10.026
2424,Aluminum_6061,0.094,284.9,0.976,0.4,28.9,0.845
2425,Stainless_304,0.455,74.0,1.946,0.8,42.7,27.179
2426,Carbon_Steel_1045,0.377,56.8,1.586,0.4,7.6,19.5
2427,Stainless_304,0.081,84.3,0.556,0.8,19.6,0.578
2428,Stainless_304,0.361,168.5,2.408,0.4,7.5,19.295
2429,Carbon_Steel_1045,0.334,190.0,1.421,0.2,7.6,21.316
2430,Aluminum_6061,0.391,90.9,1.93,1.2,1.3,4.018
2431,Aluminum_6061,0.423,173.3,0.261,0.2,45.4,45.71
2432,Stainless_304,0.373,182.5,1.973,0.2,13.6,44.075
2433,Carbon_Steel_1045,0.314,82.7,1.028,1.2,49.9,6.172
2434,Stainless_304,0.195,325.0,1.61,1.2,54.3,2.482
2435,Carbon_Steel_1045,0.364,229.7,1.069,0.8,10.1,7.404
2436,Carbon_Steel_1045,0.481,166.6,2.99,0.8,42.5,18.346
2437,Stainless_304,0.314,202.1,0.885,0.4,27.6,15.278
2438,Stainless_304,0.349,144.3,2.76,0.8,55.1,14.391
2439,Carbon_Steel_1045,0.247,306.3,2.774,0.8,29.1,4.412
2440,Aluminum_6061,0.39,222.5,1.408,0.8,22.7,6.518
2441,Stainless_304,0.499,198.5,1.086,0.8,17.7,17.51
2442,Stainless_304,0.122,323.3,1.298,0.8,54.2,1.901
2443,Carbon_Steel_1045,0.141,301.4,2.971,1.2,13.6,0.775
2444,Carbon_Steel_1045,0.293,293.8,1.952,0.8,49.7,6.07
2445,Aluminum_6061,0.267,117.7,1.748,0.4,11.7,6.083
2446,Carbon_Steel_1045,0.307,95.9,0.349,0.8,38.6,6.255
2447,Aluminum_6061,0.072,257.0,2.582,0.2,27.1,1.063
2448,Aluminum_6061,0.232,190.6,0.48,0.2,6.3,8.526
2449,Stainless_304,0.312,255.1,0.379,1.2,7.6,4.477
2450,Carbon_Steel_1045,0.313,278.2,1.006,0.8,16.9,4.376
2451,Stainless_304,0.346,138.6,1.558,0.2,46.0,46.859
2452,Carbon_Steel_1045,0.374,135.4,2.712,0.4,43.7,23.249
2453,Aluminum_6061,0.339,197.2,2.423,1.2,12.3,4.23
2454,Carbon_Steel_1045,0.406,132.1,0.793,0.8,28.6,11.7
2455,Aluminum_6061,0.331,250.2,1.273,1.2,5.8,2.788
2456,Carbon_Steel_1045,0.292,274.0,2.396,0.8,43.0,5.632
2457,Stainless_304,0.323,191.6,1.7,0.2,47.6,36.904
2458,Stainless_304,0.096,267.1,0.73,0.2,53.6,3.66
2459,Stainless_304,0.173,203.1,1.339,0.2,53.1,12.699
2460,Stainless_304,0.287,263.9,1.971,0.8,20.3,6.215
2461,Stainless_304,0.443,117.5,2.926,1.2,15.3,11.043
2462,Carbon_Steel_1045,0.356,271.7,2.07,0.4,53.8,18.815
2463,Carbon_Steel_1045,0.091,264.5,0.295,0.8,8.8,0.346
2464,Carbon_Steel_1045,0.317,130.0,2.189,0.8,3.6,5.873
2465,Aluminum_6061,0.15,216.8,0.94,0.8,18.9,0.918
2466,Carbon_Steel_1045,0.38,306.6,2.621,0.8,45.6,10.531
2467,Carbon_Steel_1045,0.422,124.9,1.306,0.4,41.7,27.775
2468,Aluminum_6061,0.317,270.8,0.799,0.8,59.2,6.604
2469,Stainless_304,0.316,336.2,1.537,0.4,21.6,13.868
2470,Aluminum_6061,0.202,309.9,0.952,0.8,16.6,1.801
2471,Carbon_Steel_1045,0.251,170.5,0.899,1.2,22.7,2.388
2472,Stainless_304,0.439,232.2,1.826,0.2,46.9,77.326
2473,Aluminum_6061,0.375,347.5,2.36,0.8,12.9,6.614
2474,Stainless_304,0.284,220.5,2.546,0.2,56.9,34.403
2475,Stainless_304,0.216,84.5,1.344,0.4,30.8,10.02
2476,Carbon_Steel_1045,0.073,63.6,0.434,0.8,47.0,0.501
2477,Stainless_304,0.114,287.1,1.581,0.4,49.6,2.677
2478,Carbon_Steel_1045,0.137,177.1,1.443,0.2,28.7,4.822
2479,Carbon_Steel_1045,0.218,124.0,0.792,0.4,44.5,8.813
2480,Carbon_Steel_1045,0.475,154.3,2.714,0.2,21.9,59.171
2481,Carbon_Steel_1045,0.277,277.2,2.929,0.8,48.7,6.137
2482,Aluminum_6061,0.156,189.6,0.392,0.2,49.4,5.595
2483,Aluminum_6061,0.098,310.5,2.438,0.4,34.0,1.019
2484,Carbon_Steel_1045,0.202,270.5,2.026,0.4,13.1,4.614
2485,Stainless_304,0.417,342.2,0.969,1.2,58.2,11.576
2486,Stainless_304,0.223,316.6,1.997,1.2,56.8,2.982
2487,Stainless_304,0.398,126.4,0.604,0.2,37.2,64.169
2488,Aluminum_6061,0.411,247.7,0.441,0.2,59.0,38.244
2489,Carbon_Steel_1045,0.1,56.2,2.982,0.8,30.2,0.908
2490,Carbon_Steel_1045,0.324,347.3,2.0,0.4,22.5,11.895
2491,Aluminum_6061,0.482,128.3,0.946,0.8,27.6,13.297
2492,Carbon_Steel_1045,0.231,249.4,1.488,1.2,2.8,1.477
2493,Carbon_Steel_1045,0.073,304.7,2.863,0.2,32.9,1.362
2494,Stainless_304,0.465,98.1,1.456,1.2,40.0,15.341
2495,Aluminum_6061,0.448,304.4,2.726,0.2,6.6,27.811
2496,Stainless_304,0.285,53.7,2.639,0.2,15.3,34.474
2497,Stainless_304,0.299,182.6,1.196,0.8,43.3,7.771
2498,Carbon_Steel_1045,0.145,191.6,2.164,1.2,47.6,1.221
2499,Aluminum_6061,0.419,162.2,2.066,0.8,59.2,13.019
2500,Aluminum_6061,0.274,225.9,2.371,0.2,15.2,13.261
2501,Stainless_304,0.065,324.5,1.256,0.2,50.5,1.709
2502,Aluminum_6061,0.357,148.1,0.394,1.2,10.3,3.59
2503,Aluminum_6061,0.478,223.8,0.72,0.8,7.9,8.32
2504,Stainless_304,0.423,313.2,1.946,0.2,43.8,70.045
2505,Stainless_304,0.175,281.9,2.382,0.8,26.8,2.704
2506,Carbon_Steel_1045,0.074,62.2,2.329,0.4,47.6,0.984
2507,Aluminum_6061,0.473,332.8,1.855,0.2,17.0,39.04
2508,Carbon_Steel_1045,0.472,64.0,0.483,0.2,12.8,44.228
2509,Stainless_304,0.29,226.6,0.298,1.2,32.9,3.972
2510,Aluminum_6061,0.339,222.6,2.401,0.8,6.9,4.855
2511,Aluminum_6061,0.258,285.9,1.761,0.2,16.7,11.042
2512,Aluminum_6061,0.239,94.5,2.402,0.2,10.0,10.434
2513,Carbon_Steel_1045,0.104,103.8,0.698,0.4,19.2,1.331
2514,Aluminum_6061,0.094,275.6,1.37,0.4,45.9,0.966
2515,Stainless_304,0.155,94.9,2.778,0.4,7.2,3.583
2516,Aluminum_6061,0.426,190.8,0.722,0.8,36.7,8.556
2517,Aluminum_6061,0.116,269.5,0.419,0.2,35.1,2.25
2518,Stainless_304,0.152,245.4,2.047,0.2,32.3,8.705
2519,Stainless_304,0.297,113.2,1.885,0.8,29.1,8.311
2520,Carbon_Steel_1045,0.147,141.2,2.868,1.2,39.8,1.255
2521,Stainless_304,0.123,340.7,2.743,0.2,51.1,6.173
2522,Aluminum_6061,0.303,184.6,2.311,0.4,9.7,8.163
2523,Carbon_Steel_1045,0.216,63.3,0.303,0.8,48.8,4.072
2524,Aluminum_6061,0.332,115.9,1.571,0.2,3.7,18.412
2525,Carbon_Steel_1045,0.46,152.7,2.714,1.2,28.9,10.117
2526,Stainless_304,0.118,349.8,1.443,0.2,30.7,4.364
2527,Stainless_304,0.461,140.8,2.896,0.8,11.9,15.531
2528,Aluminum_6061,0.456,57.9,2.044,0.4,5.4,21.542
2529,Carbon_Steel_1045,0.423,203.9,0.551,0.8,4.5,9.198
2530,Stainless_304,0.334,75.1,1.65,0.2,2.2,37.896
2531,Carbon_Steel_1045,0.329,132.2,2.163,0.2,34.4,31.148
2532,Aluminum_6061,0.338,347.7,0.43,0.8,9.3,3.844
2533,Carbon_Steel_1045,0.361,261.4,1.198,1.2,48.5,6.041
2534,Aluminum_6061,0.057,65.2,2.222,0.8,53.9,0.263
2535,Carbon_Steel_1045,0.481,184.6,0.682,1.2,17.5,8.424
2536,Carbon_Steel_1045,0.314,101.5,1.208,0.4,9.9,10.342
2537,Carbon_Steel_1045,0.402,86.9,2.147,0.2,24.6,41.834
2538,Carbon_Steel_1045,0.22,226.1,2.383,0.4,52.9,7.927
2539,Carbon_Steel_1045,0.056,201.7,1.676,1.2,24.0,0.095
2540,Aluminum_6061,0.279,272.9,2.881,1.2,6.5,2.056
2541,Aluminum_6061,0.278,317.7,2.795,0.8,59.1,4.807
2542,Carbon_Steel_1045,0.247,124.0,1.552,0.4,30.0,9.145
2543,Stainless_304,0.203,326.9,0.691,0.8,20.5,3.159
2544,Stainless_304,0.162,205.4,2.376,0.8,53.6,3.239
2545,Aluminum_6061,0.287,127.7,0.919,0.8,55.6,5.537
2546,Carbon_Steel_1045,0.219,303.7,2.568,1.2,29.8,1.863
2547,Carbon_Steel_1045,0.486,60.7,1.865,0.8,18.4,15.703
2548,Carbon_Steel_1045,0.128,217.9,1.334,0.2,29.0,4.181
2549,Carbon_Steel_1045,0.194,266.5,1.78,0.2,13.2,6.82
2550,Stainless_304,0.182,134.0,1.715,0.8,28.7,3.472
2551,Aluminum_6061,0.294,309.0,2.793,1.2,13.8,2.419
2552,Carbon_Steel_1045,0.275,122.1,0.839,1.2,37.3,3.851
2553,Carbon_Steel_1045,0.34,302.0,2.802,0.8,45.6,7.522
2554,Carbon_Steel_1045,0.478,73.6,0.336,0.8,58.2,19.839
2555,Aluminum_6061,0.178,98.0,2.365,1.2,50.6,1.352
2556,Carbon_Steel_1045,0.362,164.3,2.779,1.2,5.2,5.001
2557,Aluminum_6061,0.061,306.2,1.334,0.2,12.7,0.587
2558,Carbon_Steel_1045,0.168,93.4,0.451,0.4,31.9,4.237
2559,Carbon_Steel_1045,0.259,312.6,2.463,0.4,15.5,7.253
2560,Aluminum_6061,0.064,118.9,2.568,0.8,0.9,0.177
2561,Stainless_304,0.328,185.8,1.175,0.4,45.3,21.09
2562,Stainless_304,0.355,155.8,1.676,0.4,21.5,20.827
2563,Carbon_Steel_1045,0.386,85.4,2.476,0.2,4.0,34.038
2564,Stainless_304,0.282,333.3,0.778,0.2,30.5,26.0
2565,Stainless_304,0.322,181.5,1.98,0.4,58.6,25.235
2566,Aluminum_6061,0.228,257.1,1.434,1.2,40.7,2.394
2567,Carbon_Steel_1045,0.069,222.6,0.73,0.4,9.5,0.518
2568,Carbon_Steel_1045,0.095,200.5,2.536,0.2,30.9,2.143
2569,Carbon_Steel_1045,0.345,235.0,1.143,0.4,54.1,18.166
2570,Stainless_304,0.498,319.5,2.82,1.2,3.3,10.062
2571,Carbon_Steel_1045,0.057,259.8,1.815,0.8,38.3,0.247
2572,Aluminum_6061,0.301,209.7,1.665,0.8,43.3,5.193
2573,Carbon_Steel_1045,0.388,243.6,1.414,0.2,42.2,43.905
2574,Stainless_304,0.422,231.9,1.352,1.2,9.0,6.521
2575,Carbon_Steel_1045,0.295,179.9,2.499,0.2,54.4,26.737
2576,Aluminum_6061,0.329,237.4,2.113,1.2,19.3,3.931
2577,Aluminum_6061,0.364,183.1,2.378,1.2,3.1,3.496
2578,Carbon_Steel_1045,0.437,277.3,1.408,0.8,5.0,7.986
2579,Aluminum_6061,0.105,340.7,0.969,1.2,27.5,0.342
2580,Carbon_Steel_1045,0.467,338.0,0.489,1.2,2.4,5.454
2581,Aluminum_6061,0.062,296.2,2.386,0.8,46.8,0.222
2582,Carbon_Steel_1045,0.426,230.5,1.392,1.2,51.9,8.315
2583,Aluminum_6061,0.085,274.8,1.65,0.8,0.8,0.232
2584,Aluminum_6061,0.138,103.4,1.541,0.8,48.6,1.274
2585,Carbon_Steel_1045,0.052,193.7,1.436,0.4,58.9,0.493
2586,Aluminum_6061,0.25,127.2,2.131,0.8,1.8,2.665
2587,Aluminum_6061,0.2,51.0,1.924,0.4,43.5,6.361
2588,Carbon_Steel_1045,0.125,340.0,2.923,0.2,59.9,5.226
2589,Aluminum_6061,0.253,309.2,0.632,0.4,47.8,7.531
2590,Aluminum_6061,0.231,204.1,1.827,0.2,30.3,10.461
2591,Carbon_Steel_1045,0.395,126.2,0.424,1.2,53.1,8.104
2592,Carbon_Steel_1045,0.452,257.9,2.472,0.4,42.5,30.999
2593,Carbon_Steel_1045,0.344,180.4,1.945,1.2,17.5,4.509
2594,Stainless_304,0.106,291.0,1.428,0.4,13.5,1.53
2595,Carbon_Steel_1045,0.183,349.9,2.456,0.4,30.8,4.176
2596,Carbon_Steel_1045,0.461,154.7,1.501,0.2,22.4,58.565
2597,Stainless_304,0.09,123.3,0.876,1.2,19.8,0.494
2598,Carbon_Steel_1045,0.233,130.2,1.549,0.8,10.7,2.894
2599,Stainless_304,0.474,78.0,0.445,0.4,50.7,46.3
2600,Carbon_Steel_1045,0.478,168.2,2.719,0.8,42.3,17.162
2601,Carbon_Steel_1045,0.235,55.2,2.26,1.2,19.9,2.548
2602,Stainless_304,0.35,84.3,2.341,0.8,14.3,11.623
2603,Aluminum_6061,0.256,131.5,2.655,0.4,7.7,6.369
2604,Stainless_304,0.389,98.0,2.427,1.2,6.8,7.315
2605,Carbon_Steel_1045,0.064,269.6,1.438,1.2,37.5,0.172
2606,Carbon_Steel_1045,0.115,81.7,0.576,1.2,6.5,0.428
2607,Carbon_Steel_1045,0.326,309.8,1.277,0.2,57.6,33.243
2608,Aluminum_6061,0.155,116.3,2.819,1.2,16.7,0.832
2609,Aluminum_6061,0.35,82.6,2.86,0.2,1.5,23.704
2610,Stainless_304,0.208,53.0,2.362,0.8,51.3,6.221
2611,Carbon_Steel_1045,0.449,264.6,0.812,0.8,22.1,11.622
2612,Stainless_304,0.419,127.0,0.785,0.2,20.6,51.121
2613,Aluminum_6061,0.272,202.8,2.669,0.2,7.1,11.696
2614,Aluminum_6061,0.398,83.5,0.64,1.2,39.6,7.235
2615,Aluminum_6061,0.172,345.6,1.856,1.2,21.5,0.842
2616,Aluminum_6061,0.272,87.6,1.29,0.2,49.4,18.54
2617,Carbon_Steel_1045,0.139,173.6,1.081,0.8,37.8,1.443
2618,Stainless_304,0.437,305.5,2.113,0.2,52.8,76.323
2619,Stainless_304,0.42,123.5,2.889,0.8,37.4,21.042
2620,Carbon_Steel_1045,0.456,130.1,2.388,0.4,46.8,35.498
2621,Aluminum_6061,0.445,292.5,1.587,1.2,41.8,7.107
2622,Carbon_Steel_1045,0.482,132.0,1.462,0.8,27.8,17.581
2623,Carbon_Steel_1045,0.153,50.9,2.746,0.4,41.3,4.029
2624,Carbon_Steel_1045,0.469,178.4,1.84,0.8,39.8,18.24
2625,Carbon_Steel_1045,0.307,53.8,1.616,0.4,0.4,10.039
2626,Aluminum_6061,0.24,322.9,2.128,0.2,41.9,13.074
2627,Aluminum_6061,0.302,242.5,0.902,0.8,15.7,3.841
2628,Stainless_304,0.204,224.9,0.425,1.2,32.5,2.235
2629,Carbon_Steel_1045,0.18,110.5,2.602,0.4,6.7,3.5
2630,Stainless_304,0.159,260.0,1.92,0.2,1.4,5.877
2631,Aluminum_6061,0.087,253.2,0.703,0.2,0.9,0.936
2632,Carbon_Steel_1045,0.273,68.1,1.07,0.4,9.5,10.499
2633,Aluminum_6061,0.449,314.3,2.972,1.2,1.2,4.727
2634,Stainless_304,0.334,223.8,1.995,0.4,7.9,16.532
2635,Aluminum_6061,0.284,287.7,1.999,1.2,33.6,3.046
2636,Carbon_Steel_1045,0.243,128.9,0.448,0.4,24.0,7.561
2637,Aluminum_6061,0.259,86.6,2.915,0.4,58.8,11.048
2638,Aluminum_6061,0.144,260.7,2.705,1.2,48.5,0.881
2639,Aluminum_6061,0.42,288.2,1.756,0.8,8.8,7.16
2640,Carbon_Steel_1045,0.139,165.8,1.101,0.2,25.0,4.859
2641,Stainless_304,0.372,57.1,2.17,0.2,25.9,52.067
2642,Stainless_304,0.392,295.5,2.542,0.2,21.7,42.069
2643,Carbon_Steel_1045,0.309,111.8,2.412,1.2,29.7,5.359
2644,Carbon_Steel_1045,0.438,151.7,2.937,0.2,40.2,49.991
2645,Stainless_304,0.181,238.5,2.001,0.2,38.5,12.575
2646,Aluminum_6061,0.447,80.0,1.133,1.2,21.4,7.1
2647,Stainless_304,0.378,71.6,1.619,0.8,42.3,17.133
2648,Stainless_304,0.409,57.7,2.495,1.2,17.4,9.992
2649,Carbon_Steel_1045,0.349,325.0,0.98,0.2,50.1,35.638
2650,Aluminum_6061,0.431,143.4,0.886,0.8,57.9,12.943
2651,Aluminum_6061,0.497,248.2,2.243,0.2,17.7,55.653
2652,Carbon_Steel_1045,0.239,346.8,1.472,0.8,47.1,4.072
2653,Stainless_304,0.416,250.8,2.496,0.2,48.8,81.414
2654,Carbon_Steel_1045,0.385,207.5,0.645,1.2,29.4,5.366
2655,Carbon_Steel_1045,0.254,206.3,1.173,0.4,5.3,6.581
2656,Carbon_Steel_1045,0.467,163.1,0.987,0.4,47.2,34.189
2657,Stainless_304,0.227,229.9,2.169,1.2,24.4,2.927
2658,Aluminum_6061,0.304,337.6,2.338,0.2,12.5,15.554
2659,Aluminum_6061,0.098,286.4,1.504,1.2,37.6,0.385
2660,Carbon_Steel_1045,0.152,177.3,1.565,0.8,26.2,1.492
2661,Aluminum_6061,0.428,149.7,0.613,0.8,5.3,6.678
2662,Aluminum_6061,0.228,315.1,2.18,0.4,59.0,6.469
2663,Carbon_Steel_1045,0.227,90.7,2.979,1.2,14.7,2.469
2664,Aluminum_6061,0.161,304.9,2.389,0.4,30.7,2.735
2665,Stainless_304,0.271,126.5,0.864,0.4,40.0,13.193
2666,Stainless_304,0.413,264.7,1.964,0.4,6.9,23.075
2667,Stainless_304,0.453,291.9,1.061,0.4,44.4,34.878
2668,Stainless_304,0.082,193.1,0.333,0.4,38.9,1.245
2669,Aluminum_6061,0.309,107.7,0.745,0.2,29.6,19.817
2670,Carbon_Steel_1045,0.26,303.4,0.532,0.4,31.7,7.813
2671,Carbon_Steel_1045,0.326,160.3,0.789,0.4,57.3,16.975
2672,Aluminum_6061,0.251,146.2,2.438,0.4,54.7,10.234
2673,Stainless_304,0.229,203.0,1.055,1.2,6.7,2.342
2674,Aluminum_6061,0.262,180.5,2.332,0.2,22.1,15.321
2675,Carbon_Steel_1045,0.312,254.9,2.859,1.2,31.0,5.481
2676,Carbon_Steel_1045,0.275,91.2,1.829,1.2,55.2,4.835
2677,Stainless_304,0.262,180.7,1.585,0.2,49.0,33.154
2678,Carbon_Steel_1045,0.418,317.5,2.313,0.8,23.2,9.665
2679,Carbon_Steel_1045,0.386,60.8,0.517,0.2,53.2,61.325
2680,Aluminum_6061,0.204,187.2,1.428,0.2,22.7,7.49
2681,Carbon_Steel_1045,0.41,248.2,1.622,1.2,16.3,6.04
2682,Carbon_Steel_1045,0.434,316.3,2.535,0.2,36.6,53.477
2683,Carbon_Steel_1045,0.119,228.1,2.489,0.4,21.4,1.81
2684,Stainless_304,0.312,297.3,2.583,0.2,37.3,32.84
2685,Aluminum_6061,0.178,116.8,2.169,0.2,24.6,6.595
2686,Aluminum_6061,0.383,155.8,1.709,0.2,47.7,39.743
2687,Stainless_304,0.157,332.6,2.527,1.2,57.3,1.757
2688,Aluminum_6061,0.352,315.8,2.652,0.2,16.2,19.461
2689,Carbon_Steel_1045,0.165,217.4,1.571,1.2,30.6,1.159
2690,Carbon_Steel_1045,0.28,192.6,2.961,0.2,43.5,24.665
2691,Stainless_304,0.477,185.3,2.656,1.2,9.5,11.318
2692,Aluminum_6061,0.222,67.6,1.654,1.2,47.8,2.537
2693,Aluminum_6061,0.444,317.7,0.441,0.8,35.0,9.883
2694,Stainless_304,0.494,295.4,0.867,1.2,9.0,9.565
2695,Carbon_Steel_1045,0.444,186.9,2.385,0.4,52.1,31.931
2696,Carbon_Steel_1045,0.125,133.8,0.556,1.2,25.6,0.706
2697,Carbon_Steel_1045,0.419,152.9,1.542,0.2,10.6,36.485
2698,Carbon_Steel_1045,0.064,86.9,1.913,0.8,11.7,0.25
2699,Stainless_304,0.227,266.5,2.665,1.2,47.1,3.163
2700,Carbon_Steel_1045,0.442,217.0,2.58,0.8,56.1,16.609
2701,Stainless_304,0.36,120.2,2.352,0.4,22.7,24.53
2702,Stainless_304,0.29,236.9,1.371,0.8,4.7,4.466
2703,Carbon_Steel_1045,0.225,343.8,0.641,1.2,6.0,1.335
2704,Carbon_Steel_1045,0.416,86.7,2.092,1.2,39.3,8.684
2705,Carbon_Steel_1045,0.369,187.5,0.749,0.8,22.2,8.412
2706,Stainless_304,0.261,198.2,1.794,0.8,25.6,4.936
2707,Carbon_Steel_1045,0.452,100.0,2.947,1.2,20.2,9.517
2708,Aluminum_6061,0.153,209.5,1.763,0.8,27.9,1.269
2709,Stainless_304,0.127,231.8,2.025,0.2,38.6,6.2
2710,Carbon_Steel_1045,0.339,97.2,2.113,1.2,32.5,5.755
2711,Stainless_304,0.487,96.4,2.534,0.2,9.9,80.772
2712,Carbon_Steel_1045,0.161,306.9,1.446,0.8,29.5,1.703
2713,Carbon_Steel_1045,0.162,143.4,1.618,0.4,27.6,3.518
2714,Carbon_Steel_1045,0.113,239.1,0.734,0.2,32.7,2.644
2715,Stainless_304,0.437,238.0,1.94,0.4,6.6,27.549
2716,Aluminum_6061,0.152,301.8,1.063,0.2,9.2,3.564
2717,Carbon_Steel_1045,0.276,272.0,1.646,0.4,31.8,9.644
2718,Stainless_304,0.496,302.2,2.358,0.4,16.5,30.925
2719,Stainless_304,0.055,237.6,0.298,0.4,37.7,0.518
2720,Aluminum_6061,0.3,184.8,1.801,0.2,22.4,16.488
2721,Aluminum_6061,0.281,168.1,0.727,0.8,13.2,3.028
2722,Carbon_Steel_1045,0.413,163.7,1.018,0.2,39.4,48.493
2723,Aluminum_6061,0.21,175.5,0.345,1.2,23.6,1.312
2724,Aluminum_6061,0.235,88.8,0.716,0.2,9.5,9.598
2725,Carbon_Steel_1045,0.126,177.2,2.963,0.2,48.5,5.64
2726,Carbon_Steel_1045,0.383,166.8,2.996,0.4,25.9,20.571
2727,Carbon_Steel_1045,0.403,60.4,2.23,0.4,54.9,32.189
2728,Carbon_Steel_1045,0.111,132.5,1.933,1.2,11.6,0.454
2729,Stainless_304,0.227,275.6,2.387,0.8,52.6,5.317
2730,Carbon_Steel_1045,0.452,223.4,2.716,0.4,49.0,32.188
2731,Stainless_304,0.051,291.9,1.678,1.2,6.2,0.115
2732,Aluminum_6061,0.184,212.8,0.347,0.2,31.9,6.165
2733,Stainless_304,0.3,306.2,2.201,1.2,39.2,6.257
2734,Stainless_304,0.2,288.8,2.958,0.4,29.7,7.423
2735,Aluminum_6061,0.172,79.5,0.96,0.4,23.4,2.635
2736,Carbon_Steel_1045,0.257,343.1,1.525,0.4,56.6,10.201
2737,Carbon_Steel_1045,0.132,54.4,1.244,0.2,42.0,6.714
2738,Carbon_Steel_1045,0.288,229.1,1.324,0.8,58.0,6.93
2739,Stainless_304,0.368,287.8,2.234,0.8,50.8,13.629
2740,Aluminum_6061,0.309,149.6,1.291,0.8,49.0,6.125
2741,Carbon_Steel_1045,0.092,229.6,2.838,0.8,43.5,0.658
2742,Stainless_304,0.43,158.6,2.422,0.2,38.8,81.494
2743,Aluminum_6061,0.129,68.2,0.326,1.2,53.2,0.718
2744,Aluminum_6061,0.394,52.5,2.501,0.8,36.8,10.707
2745,Aluminum_6061,0.212,78.5,2.375,0.8,4.5,2.403
2746,Stainless_304,0.402,79.5,1.67,0.2,35.0,70.582
2747,Aluminum_6061,0.143,233.3,1.616,1.2,6.2,0.587
2748,Aluminum_6061,0.134,207.8,2.548,0.8,57.0,1.575
2749,Carbon_Steel_1045,0.274,186.6,1.418,0.4,38.8,10.236
2750,Stainless_304,0.065,257.6,0.689,1.2,33.3,0.212
2751,Carbon_Steel_1045,0.151,55.0,1.11,0.8,11.9,1.432
2752,Stainless_304,0.376,131.3,0.979,1.2,30.9,9.523
2753,Aluminum_6061,0.427,283.2,2.123,1.2,20.6,6.119
2754,Carbon_Steel_1045,0.086,323.0,0.742,0.2,40.5,2.308
2755,Carbon_Steel_1045,0.447,181.5,2.023,1.2,36.3,9.53
2756,Aluminum_6061,0.409,74.4,1.531,0.8,30.0,10.691
2757,Stainless_304,0.441,289.6,2.559,0.2,15.2,54.117
2758,Carbon_Steel_1045,0.364,315.6,1.584,1.2,31.5,4.473
2759,Aluminum_6061,0.353,174.1,2.807,0.4,27.7,13.696
2760,Aluminum_6061,0.286,123.0,2.726,1.2,51.1,3.63
2761,Aluminum_6061,0.344,63.2,0.76,0.2,53.7,37.557
2762,Stainless_304,0.464,227.3,2.137,0.4,45.6,37.822
2763,Aluminum_6061,0.095,323.0,0.84,0.4,19.2,0.71
2764,Stainless_304,0.192,253.4,2.514,0.4,2.3,4.745
2765,Aluminum_6061,0.083,145.2,1.998,0.8,55.5,0.498
2766,Stainless_304,0.475,242.9,1.059,0.2,59.5,97.209
2767,Stainless_304,0.25,299.6,0.935,0.8,7.6,4.474
2768,Aluminum_6061,0.354,192.7,1.431,0.2,41.1,32.853
2769,Aluminum_6061,0.429,295.9,2.452,0.4,25.5,16.933
2770,Stainless_304,0.496,167.6,2.439,0.8,8.9,20.591
2771,Aluminum_6061,0.123,154.6,0.342,0.4,59.9,2.322
2772,Aluminum_6061,0.41,224.9,1.081,0.4,56.0,20.965
2773,Stainless_304,0.449,189.4,1.413,0.8,59.0,23.096
2774,Stainless_304,0.072,343.1,1.86,0.2,8.6,1.327
2775,Stainless_304,0.389,204.9,0.661,1.2,29.5,7.959
2776,Stainless_304,0.21,165.6,1.172,1.2,53.7,3.101
2777,Carbon_Steel_1045,0.342,168.5,2.685,1.2,40.5,6.765
2778,Stainless_304,0.281,214.4,1.561,0.4,26.1,13.605
2779,Aluminum_6061,0.167,156.5,2.296,0.4,31.0,3.021
2780,Stainless_304,0.111,266.9,1.583,1.2,2.3,0.455
2781,Carbon_Steel_1045,0.103,164.2,1.529,0.8,36.7,0.71
2782,Carbon_Steel_1045,0.096,165.2,1.96,1.2,51.6,0.512
2783,Stainless_304,0.337,235.1,0.963,0.2,0.2,27.971
2784,Carbon_Steel_1045,0.208,68.3,0.937,1.2,9.6,1.609
2785,Carbon_Steel_1045,0.147,246.6,2.971,0.8,31.1,1.584
2786,Carbon_Steel_1045,0.361,201.5,2.64,1.2,33.7,6.254
2787,Aluminum_6061,0.359,185.9,2.279,1.2,20.6,4.266
2788,Aluminum_6061,0.293,265.8,0.627,0.2,1.7,12.455
2789,Stainless_304,0.471,277.5,0.333,0.2,44.6,85.479
2790,Carbon_Steel_1045,0.223,303.9,0.732,0.2,14.6,8.782
2791,Carbon_Steel_1045,0.426,162.4,2.829,0.8,38.7,12.956
2792,Carbon_Steel_1045,0.084,148.1,2.495,1.2,33.5,0.341
2793,Stainless_304,0.383,264.3,1.688,0.2,25.9,48.713
2794,Stainless_304,0.495,224.5,2.914,0.2,35.4,105.569
2795,Aluminum_6061,0.431,239.5,0.653,0.4,41.7,20.159
2796,Carbon_Steel_1045,0.311,216.7,1.788,0.4,34.3,14.967
2797,Carbon_Steel_1045,0.332,281.8,0.754,0.2,33.5,25.532
2798,Aluminum_6061,0.209,107.0,1.093,0.8,26.2,2.279
2799,Carbon_Steel_1045,0.356,216.7,2.835,1.2,25.8,5.351
2800,Aluminum_6061,0.397,97.4,2.638,0.2,29.5,36.398
2801,Aluminum_6061,0.499,172.2,0.53,0.2,27.1,53.663
2802,Stainless_304,0.272,249.2,0.936,0.2,26.3,18.643
2803,Stainless_304,0.078,197.9,1.885,0.2,12.6,1.689
2804,Carbon_Steel_1045,0.318,163.9,0.419,0.4,43.5,16.035
2805,Aluminum_6061,0.104,315.5,1.763,0.2,8.0,1.586
2806,Stainless_304,0.16,281.8,1.857,0.4,54.5,5.907
2807,Carbon_Steel_1045,0.198,207.9,1.05,0.2,37.5,12.646
2808,Stainless_304,0.379,335.0,1.056,0.8,2.9,8.274
2809,Aluminum_6061,0.133,177.3,0.88,0.4,39.5,2.176
2810,Aluminum_6061,0.125,286.4,2.823,0.2,21.7,3.593
2811,Carbon_Steel_1045,0.07,100.4,1.319,0.2,55.8,1.871
2812,Stainless_304,0.443,135.7,1.859,0.4,56.2,47.284
2813,Aluminum_6061,0.362,151.4,1.079,0.8,50.8,9.11
2814,Aluminum_6061,0.068,81.7,2.182,0.2,34.1,1.325
2815,Carbon_Steel_1045,0.063,200.5,0.529,0.4,55.2,0.609
2816,Stainless_304,0.301,107.7,0.447,0.8,39.0,8.839
2817,Stainless_304,0.177,240.3,2.297,0.4,52.5,7.813
2818,Stainless_304,0.319,107.0,2.248,0.2,9.6,31.716
2819,Carbon_Steel_1045,0.246,87.1,0.979,0.4,54.3,12.12
2820,Stainless_304,0.465,340.7,1.226,0.2,39.7,77.956
2821,Carbon_Steel_1045,0.18,247.5,2.882,1.2,18.2,1.456
2822,Aluminum_6061,0.356,330.9,0.537,1.2,59.9,4.738
2823,Carbon_Steel_1045,0.074,197.0,0.754,0.4,41.2,0.719
2824,Carbon_Steel_1045,0.48,60.0,1.433,0.2,54.5,97.677
2825,Carbon_Steel_1045,0.491,222.3,1.026,0.2,0.3,37.941
2826,Aluminum_6061,0.383,217.5,2.035,0.8,33.1,7.982
2827,Stainless_304,0.259,54.5,2.149,1.2,42.8,6.415
2828,Stainless_304,0.149,308.4,1.698,0.4,0.8,2.224
2829,Carbon_Steel_1045,0.416,236.0,1.931,0.8,45.8,13.331
2830,Stainless_304,0.381,273.4,1.442,0.2,39.1,58.171
2831,Carbon_Steel_1045,0.15,198.2,2.341,1.2,16.5,0.866
2832,Aluminum_6061,0.253,235.5,0.366,0.4,41.3,6.32
2833,Aluminum_6061,0.258,127.2,1.11,0.2,7.9,11.083
2834,Carbon_Steel_1045,0.422,342.1,2.132,1.2,49.4,8.253
2835,Aluminum_6061,0.358,170.2,1.157,1.2,52.0,5.507
2836,Carbon_Steel_1045,0.339,98.7,0.466,0.4,29.1,15.558
2837,Stainless_304,0.342,66.8,1.199,1.2,30.4,7.822
2838,Carbon_Steel_1045,0.172,240.9,2.207,0.2,24.1,7.462
2839,Stainless_304,0.217,345.0,0.585,0.4,20.7,7.497
2840,Stainless_304,0.071,318.7,2.243,0.8,52.4,0.533
2841,Carbon_Steel_1045,0.404,260.6,2.383,0.8,18.3,10.34
2842,Aluminum_6061,0.245,347.2,1.997,0.4,24.2,6.284
2843,Aluminum_6061,0.247,266.8,0.922,1.2,18.0,1.636
2844,Carbon_Steel_1045,0.16,151.8,2.465,1.2,39.4,1.368
2845,Carbon_Steel_1045,0.144,230.4,0.84,0.2,48.9,5.876
2846,Carbon_Steel_1045,0.315,73.9,2.741,1.2,9.9,3.78
2847,Carbon_Steel_1045,0.155,116.5,2.193,0.2,15.3,6.146
2848,Carbon_Steel_1045,0.079,175.3,0.4,0.8,6.2,0.27
2849,Aluminum_6061,0.395,110.5,2.448,0.4,9.6,15.438
2850,Aluminum_6061,0.219,336.1,1.643,0.4,24.4,3.883
2851,Carbon_Steel_1045,0.221,348.7,1.495,0.2,46.6,13.919
2852,Stainless_304,0.244,161.3,1.406,0.4,32.5,9.727
2853,Carbon_Steel_1045,0.417,262.8,1.918,0.2,3.2,33.504
2854,Carbon_Steel_1045,0.194,172.3,2.243,1.2,37.5,1.808
2855,Carbon_Steel_1045,0.391,91.9,2.714,0.2,47.7,54.762
2856,Carbon_Steel_1045,0.473,151.1,1.001,0.4,23.6,30.288
2857,Aluminum_6061,0.347,120.0,1.985,0.2,14.7,22.983
2858,Aluminum_6061,0.244,148.4,2.137,0.2,45.8,15.757
2859,Aluminum_6061,0.387,114.5,2.106,0.4,1.4,12.195
2860,Aluminum_6061,0.256,83.7,1.606,1.2,48.9,3.3
2861,Aluminum_6061,0.236,115.2,1.325,0.4,48.3,8.185
2862,Stainless_304,0.286,321.7,2.347,1.2,53.3,6.163
2863,Aluminum_6061,0.193,75.6,1.075,1.2,5.4,1.07
2864,Aluminum_6061,0.097,147.4,0.822,0.4,6.5,0.826
2865,Aluminum_6061,0.237,208.5,1.751,1.2,52.4,2.221
2866,Aluminum_6061,0.106,156.4,0.986,0.4,28.5,1.093
2867,Aluminum_6061,0.235,205.3,0.341,0.8,23.5,2.471
2868,Aluminum_6061,0.301,63.0,0.392,0.8,34.4,6.115
2869,Aluminum_6061,0.469,244.6,2.161,0.8,3.5,7.511
2870,Stainless_304,0.066,219.0,2.926,1.2,38.6,0.315
2871,Aluminum_6061,0.33,254.3,1.5,0.2,56.7,27.504
2872,Aluminum_6061,0.256,220.2,0.654,0.4,40.5,6.85
2873,Carbon_Steel_1045,0.059,181.4,2.5,0.8,27.9,0.257
2874,Aluminum_6061,0.162,155.0,0.969,0.4,57.7,3.348
2875,Carbon_Steel_1045,0.103,117.9,2.988,1.2,41.3,0.728
2876,Carbon_Steel_1045,0.148,200.0,1.799,0.4,3.4,2.041
2877,Stainless_304,0.174,57.8,0.89,0.4,40.2,7.025
2878,Stainless_304,0.231,148.5,1.614,0.4,3.6,8.09
2879,Carbon_Steel_1045,0.288,253.4,1.172,0.8,18.4,4.54
2880,Aluminum_6061,0.05,82.6,2.394,0.2,36.9,0.757
2881,Carbon_Steel_1045,0.123,68.9,0.541,0.2,12.9,3.148
2882,Aluminum_6061,0.092,245.7,2.607,1.2,2.3,0.205
2883,Stainless_304,0.297,169.3,2.36,0.2,37.1,36.679
2884,Aluminum_6061,0.198,290.5,2.619,0.2,17.2,7.655
2885,Carbon_Steel_1045,0.297,331.2,2.711,0.4,32.0,12.201
2886,Aluminum_6061,0.15,337.1,0.882,0.4,15.7,1.884
2887,Carbon_Steel_1045,0.061,177.7,1.683,0.2,41.2,1.2
2888,Aluminum_6061,0.474,129.3,2.587,1.2,53.7,11.396
2889,Carbon_Steel_1045,0.099,232.6,1.288,0.2,5.2,1.524
2890,Carbon_Steel_1045,0.107,238.5,0.416,0.4,47.2,1.804
2891,Carbon_Steel_1045,0.116,236.7,1.052,0.2,9.4,2.434
2892,Aluminum_6061,0.492,146.5,0.915,0.4,19.8,23.53
2893,Aluminum_6061,0.328,69.1,2.643,0.2,21.4,26.087
2894,Stainless_304,0.325,113.0,1.526,1.2,12.4,5.584
2895,Carbon_Steel_1045,0.494,96.3,2.13,1.2,4.5,8.326
2896,Carbon_Steel_1045,0.09,87.2,2.896,0.2,46.1,2.578
2897,Carbon_Steel_1045,0.489,327.9,1.073,0.2,47.6,61.525
2898,Carbon_Steel_1045,0.142,54.2,2.343,1.2,59.8,1.565
2899,Carbon_Steel_1045,0.33,230.6,0.313,0.4,56.1,14.69
2900,Aluminum_6061,0.239,334.2,0.536,0.2,26.1,9.381
2901,Carbon_Steel_1045,0.223,158.0,0.695,0.2,8.0,10.266
2902,Carbon_Steel_1045,0.469,208.1,1.109,0.4,0.6,17.774
2903,Aluminum_6061,0.117,258.7,1.358,0.8,31.9,0.661
2904,Carbon_Steel_1045,0.499,145.2,1.562,0.8,51.6,21.031
2905,Aluminum_6061,0.221,193.3,0.925,0.2,16.1,8.616
2906,Aluminum_6061,0.342,295.1,0.432,0.4,11.9,8.094
2907,Stainless_304,0.486,273.6,2.113,0.4,26.3,39.308
2908,Stainless_304,0.076,292.5,0.315,0.8,53.6,0.575
2909,Aluminum_6061,0.465,346.2,2.476,0.4,27.1,19.075
2910,Carbon_Steel_1045,0.306,161.1,2.805,0.2,43.4,30.882
2911,Aluminum_6061,0.367,274.1,2.204,1.2,27.8,4.221
2912,Carbon_Steel_1045,0.117,230.8,1.889,0.8,22.4,0.821
2913,Carbon_Steel_1045,0.29,250.0,2.057,0.4,26.5,11.005
2914,Stainless_304,0.353,272.0,2.044,0.2,46.1,49.019
2915,Carbon_Steel_1045,0.255,274.9,2.812,0.2,45.3,21.281
2916,Carbon_Steel_1045,0.12,315.7,2.902,1.2,25.9,0.631
2917,Stainless_304,0.16,154.8,1.423,1.2,16.1,1.426
2918,Aluminum_6061,0.434,246.0,1.947,0.8,8.3,7.734
2919,Aluminum_6061,0.066,134.1,2.458,0.2,0.1,0.753
2920,Carbon_Steel_1045,0.369,228.4,0.253,0.4,6.8,12.677
2921,Carbon_Steel_1045,0.5,275.4,1.699,0.4,9.9,21.516
2922,Aluminum_6061,0.053,287.3,2.045,0.2,41.4,0.601
2923,Carbon_Steel_1045,0.122,176.0,2.222,0.2,49.1,4.832
2924,Carbon_Steel_1045,0.353,202.6,1.264,0.4,44.2,18.136
2925,Carbon_Steel_1045,0.077,150.2,1.063,0.4,43.4,0.925
2926,Stainless_304,0.315,100.7,0.751,0.8,59.7,11.589
2927,Carbon_Steel_1045,0.358,128.2,1.784,0.8,57.8,13.739
2928,Carbon_Steel_1045,0.315,323.6,2.778,0.4,16.1,10.796
2929,Carbon_Steel_1045,0.214,142.7,2.714,0.4,8.7,5.207
2930,Aluminum_6061,0.364,342.4,1.24,0.8,9.2,4.67
2931,Stainless_304,0.317,122.4,0.959,0.2,53.7,43.0
2932,Stainless_304,0.143,266.9,2.419,0.2,6.1,5.351
2933,Stainless_304,0.303,222.2,2.244,1.2,20.4,4.924
2934,Stainless_304,0.447,259.1,1.64,0.2,31.8,68.188
2935,Carbon_Steel_1045,0.35,243.2,1.32,0.2,36.8,37.197
2936,Carbon_Steel_1045,0.262,262.0,0.59,0.8,35.7,4.274
2937,Aluminum_6061,0.195,321.7,2.409,0.8,47.2,2.239
2938,Stainless_304,0.089,219.0,1.948,0.2,34.3,3.078
2939,Carbon_Steel_1045,0.16,70.4,1.286,1.2,51.1,1.573
2940,Aluminum_6061,0.055,131.2,2.777,0.2,5.1,0.556
2941,Stainless_304,0.494,262.5,2.064,0.8,51.5,23.154
2942,Carbon_Steel_1045,0.15,198.2,2.805,0.8,35.4,1.48
2943,Stainless_304,0.417,214.6,1.555,1.2,13.4,8.37
2944,Stainless_304,0.126,229.0,1.5,0.8,58.7,1.722
2945,Stainless_304,0.178,164.8,2.827,0.8,56.4,3.619
2946,Carbon_Steel_1045,0.238,282.2,2.889,0.2,50.7,18.246
2947,Carbon_Steel_1045,0.196,267.1,2.892,1.2,54.7,2.158
2948,Stainless_304,0.409,264.3,2.502,0.2,22.9,51.428
2949,Aluminum_6061,0.481,264.6,1.522,0.4,13.7,18.284
2950,Aluminum_6061,0.444,317.1,0.828,0.4,11.0,15.085
2951,Stainless_304,0.119,228.6,1.304,0.4,52.4,2.724
2952,Stainless_304,0.4,340.1,2.83,0.8,49.6,15.804
2953,Stainless_304,0.117,85.8,1.25,0.2,58.9,7.378
2954,Aluminum_6061,0.461,239.6,2.331,0.4,50.9,26.968
2955,Aluminum_6061,0.283,265.1,2.788,0.4,37.9,8.782
2956,Stainless_304,0.201,193.2,2.919,0.8,8.5,2.754
2957,Aluminum_6061,0.121,136.5,2.856,0.8,9.9,0.628
2958,Carbon_Steel_1045,0.055,215.0,1.776,1.2,28.4,0.129
2959,Aluminum_6061,0.162,159.4,1.603,0.2,46.1,7.747
2960,Stainless_304,0.461,322.7,2.966,1.2,10.4,10.343
2961,Carbon_Steel_1045,0.409,157.0,0.85,0.4,54.9,24.685
2962,Aluminum_6061,0.486,102.7,0.766,0.4,41.0,31.35
2963,Carbon_Steel_1045,0.095,222.9,2.899,0.8,18.7,0.513
2964,Aluminum_6061,0.316,168.8,2.145,0.2,53.1,27.275
2965,Carbon_Steel_1045,0.166,78.8,1.725,1.2,35.9,1.426
2966,Carbon_Steel_1045,0.294,219.5,0.613,0.4,44.0,14.199
2967,Carbon_Steel_1045,0.194,211.4,1.661,1.2,23.1,1.377
2968,Carbon_Steel_1045,0.178,102.0,2.847,0.2,23.6,9.389
2969,Aluminum_6061,0.308,229.3,1.908,1.2,0.8,2.157
2970,Aluminum_6061,0.132,220.2,1.363,0.4,32.3,1.927
2971,Stainless_304,0.261,282.1,1.766,0.8,45.6,6.807
2972,Carbon_Steel_1045,0.343,158.5,2.687,1.2,58.1,7.971
2973,Carbon_Steel_1045,0.108,124.6,2.76,0.2,53.5,4.564
2974,Carbon_Steel_1045,0.469,335.4,1.35,0.4,5.2,18.473
2975,Stainless_304,0.278,218.4,1.922,1.2,58.8,7.391
2976,Stainless_304,0.419,58.1,1.018,0.2,9.0,60.15
2977,Aluminum_6061,0.344,296.2,1.49,0.2,2.5,15.826
2978,Carbon_Steel_1045,0.37,109.0,0.855,0.8,44.9,11.189
2979,Carbon_Steel_1045,0.372,285.8,1.712,0.2,54.4,45.184
2980,Stainless_304,0.444,261.5,1.84,1.2,57.0,14.985
2981,Stainless_304,0.326,340.6,1.179,1.2,49.5,7.08
2982,Carbon_Steel_1045,0.175,339.7,0.998,0.2,12.3,6.354
2983,Stainless_304,0.095,132.3,0.665,0.2,9.2,2.727
2984,Carbon_Steel_1045,0.323,279.9,0.634,1.2,3.5,2.774
2985,Carbon_Steel_1045,0.08,145.1,2.207,0.8,34.9,0.562
2986,Carbon_Steel_1045,0.159,238.8,0.86,1.2,29.2,1.185
2987,Carbon_Steel_1045,0.077,229.3,0.574,1.2,6.6,0.194
2988,Aluminum_6061,0.297,66.4,2.997,0.4,27.9,11.604
2989,Carbon_Steel_1045,0.122,51.6,0.965,0.4,34.0,2.455
2990,Aluminum_6061,0.325,67.3,2.714,0.8,43.4,7.723
2991,Aluminum_6061,0.406,88.4,1.925,0.8,24.9,9.372
2992,Stainless_304,0.42,127.3,2.216,0.4,19.1,25.725
2993,Aluminum_6061,0.189,322.1,1.793,0.4,39.9,4.38
2994,Stainless_304,0.297,205.6,0.747,0.4,41.1,18.076
2995,Carbon_Steel_1045,0.303,289.1,2.579,0.8,16.2,4.445
2996,Carbon_Steel_1045,0.263,301.5,2.527,0.4,1.2,6.656
2997,Stainless_304,0.345,270.5,1.212,0.4,56.7,24.919
2998,Stainless_304,0.145,167.4,2.351,0.2,45.3,8.934
2999,Stainless_304,0.491,309.2,1.743,1.2,12.1,11.276
3000,Aluminum_6061,0.094,272.6,2.75,0.8,33.9,0.42
3001,Carbon_Steel_1045,0.423,272.9,2.458,1.2,35.7,8.148
3002,Carbon_Steel_1045,0.317,320.5,0.363,1.2,7.6,2.963
3003,Stainless_304,0.16,229.6,2.668,0.8,11.5,1.883
3004,Stainless_304,0.386,208.6,2.914,0.4,57.4,31.68
3005,Carbon_Steel_1045,0.088,317.0,2.291,0.8,30.5,0.507
3006,Aluminum_6061,0.398,186.3,0.58,0.8,11.5,6.986
3007,Aluminum_6061,0.315,293.5,2.47,1.2,47.9,4.156
3008,Stainless_304,0.1,66.2,2.031,0.2,28.2,4.158
3009,Carbon_Steel_1045,0.086,50.4,1.182,0.2,38.3,3.158
3010,Stainless_304,0.388,208.5,2.681,0.2,17.9,44.781
3011,Carbon_Steel_1045,0.182,72.1,1.805,0.2,3.5,7.993
3012,Stainless_304,0.45,343.0,2.596,0.8,9.9,13.979
3013,Stainless_304,0.393,51.7,2.093,0.2,58.4,105.206
3014,Aluminum_6061,0.364,265.4,1.043,0.2,37.4,28.512
3015,Stainless_304,0.175,123.0,2.931,0.4,49.9,7.928
3016,Aluminum_6061,0.369,340.3,1.82,1.2,1.3,3.245
3017,Carbon_Steel_1045,0.477,164.5,1.671,0.4,45.9,32.809
3018,Stainless_304,0.091,58.2,1.36,0.4,29.1,1.639
3019,Aluminum_6061,0.197,58.1,0.625,0.4,39.9,5.087
3020,Aluminum_6061,0.156,216.0,2.137,1.2,21.5,0.837
3021,Carbon_Steel_1045,0.227,346.0,1.435,0.4,37.3,6.749
3022,Stainless_304,0.384,343.9,2.82,0.4,2.1,17.817
3023,Aluminum_6061,0.263,151.2,2.904,1.2,2.7,2.152
3024,Carbon_Steel_1045,0.307,194.8,2.361,0.4,47.9,12.886
3025,Carbon_Steel_1045,0.191,80.1,0.917,0.4,7.5,3.735
3026,Carbon_Steel_1045,0.114,206.7,2.219,1.2,0.8,0.327
3027,Carbon_Steel_1045,0.17,229.9,0.306,0.4,54.7,4.765
3028,Carbon_Steel_1045,0.437,125.3,2.523,0.8,15.9,11.946
3029,Stainless_304,0.321,233.6,1.607,0.8,34.9,10.014
3030,Carbon_Steel_1045,0.22,319.9,2.826,0.2,50.3,14.97
3031,Stainless_304,0.405,50.3,1.289,0.2,44.8,88.988
3032,Stainless_304,0.079,118.7,0.974,1.2,2.8,0.276
3033,Aluminum_6061,0.164,113.0,2.986,0.4,33.7,3.557
3034,Stainless_304,0.154,87.2,1.709,0.4,32.5,5.047
3035,Carbon_Steel_1045,0.493,99.8,2.624,0.8,21.0,17.52
3036,Aluminum_6061,0.368,237.8,2.755,0.2,45.2,38.233
3037,Carbon_Steel_1045,0.328,80.8,1.676,0.2,57.8,37.221
3038,Stainless_304,0.052,271.6,1.503,0.4,8.8,0.353
3039,Aluminum_6061,0.133,316.1,1.77,1.2,8.7,0.458
3040,Carbon_Steel_1045,0.336,328.0,2.581,0.8,44.1,8.245
3041,Carbon_Steel_1045,0.221,248.1,2.903,0.8,27.3,3.065
3042,Carbon_Steel_1045,0.466,109.2,1.153,0.8,47.7,17.438
3043,Stainless_304,0.394,75.6,2.281,1.2,8.5,9.767
3044,Aluminum_6061,0.251,119.6,1.035,1.2,2.4,1.658
3045,Stainless_304,0.387,338.6,1.93,0.2,41.9,67.855
3046,Stainless_304,0.489,338.7,2.463,0.8,59.7,27.701
3047,Carbon_Steel_1045,0.257,164.6,2.688,0.8,5.7,3.43
3048,Carbon_Steel_1045,0.339,147.7,1.484,0.2,51.9,40.194
3049,Aluminum_6061,0.463,203.0,1.267,1.2,23.1,6.84
3050,Aluminum_6061,0.162,137.5,0.947,0.4,1.0,2.199
3051,Carbon_Steel_1045,0.449,343.9,0.617,1.2,30.6,7.075
3052,Aluminum_6061,0.094,116.4,1.254,0.2,16.7,1.484
3053,Stainless_304,0.342,160.7,2.648,0.8,41.6,12.9
3054,Carbon_Steel_1045,0.402,178.8,1.402,0.8,17.3,9.854
3055,Aluminum_6061,0.327,87.5,1.123,0.8,28.9,6.341
3056,Carbon_Steel_1045,0.273,164.8,2.283,0.2,12.0,17.781
3057,Stainless_304,0.328,307.0,0.843,0.2,49.7,42.836
3058,Aluminum_6061,0.118,92.1,0.955,0.8,55.5,0.908
3059,Carbon_Steel_1045,0.147,225.2,2.824,1.2,24.2,0.935
3060,Aluminum_6061,0.171,172.0,0.474,0.8,26.9,1.595
3061,Stainless_304,0.319,101.2,1.39,0.2,59.0,52.607
3062,Carbon_Steel_1045,0.249,53.7,1.836,1.2,8.5,2.361
3063,Carbon_Steel_1045,0.16,132.0,0.883,0.4,48.5,4.014
3064,Carbon_Steel_1045,0.447,68.5,1.023,0.2,34.0,66.171
3065,Carbon_Steel_1045,0.218,163.0,0.86,0.4,52.8,8.828
3066,Carbon_Steel_1045,0.251,293.1,1.199,0.2,17.5,11.274
3067,Aluminum_6061,0.234,265.9,2.721,1.2,17.8,1.726
3068,Aluminum_6061,0.132,334.2,1.437,1.2,19.5,0.461
3069,Aluminum_6061,0.379,178.1,1.399,0.2,1.0,22.018
3070,Carbon_Steel_1045,0.252,262.3,1.313,0.8,10.2,3.245
3071,Stainless_304,0.057,249.6,2.901,0.2,59.7,1.517
3072,Aluminum_6061,0.484,115.1,0.573,0.4,14.9,22.67
3073,Stainless_304,0.417,141.1,2.648,0.2,1.2,52.493
3074,Stainless_304,0.376,208.9,1.15,0.8,16.7,10.225
3075,Aluminum_6061,0.441,289.0,2.88,0.2,24.5,34.46
3076,Aluminum_6061,0.458,188.5,1.117,1.2,32.9,8.275
3077,Carbon_Steel_1045,0.202,118.3,0.478,0.2,4.1,8.61
3078,Aluminum_6061,0.325,348.0,1.68,0.4,47.4,12.619
3079,Stainless_304,0.324,84.7,0.877,1.2,49.5,7.839
3080,Carbon_Steel_1045,0.17,336.8,2.321,1.2,12.8,1.076
3081,Carbon_Steel_1045,0.15,292.7,2.058,0.2,47.9,7.87
3082,Carbon_Steel_1045,0.101,301.7,2.138,0.2,21.7,2.33
3083,Aluminum_6061,0.347,288.5,0.782,1.2,25.4,3.633
3084,Stainless_304,0.401,112.5,2.199,1.2,56.2,12.549
3085,Carbon_Steel_1045,0.392,239.8,1.106,0.4,53.5,22.259
3086,Aluminum_6061,0.192,277.0,2.996,0.2,22.5,6.614
3087,Carbon_Steel_1045,0.142,273.7,2.262,0.2,29.3,5.197
3088,Aluminum_6061,0.254,131.5,1.874,0.4,17.2,6.191
3089,Stainless_304,0.296,104.3,2.635,0.8,30.9,9.438
3090,Carbon_Steel_1045,0.464,148.4,1.871,0.2,40.9,61.824
3091,Stainless_304,0.444,194.0,1.77,0.8,5.6,12.897
3092,Stainless_304,0.462,222.1,0.903,1.2,55.2,13.852
3093,Carbon_Steel_1045,0.433,301.1,2.115,0.2,43.1,54.136
3094,Carbon_Steel_1045,0.484,280.7,1.28,1.2,5.8,6.244
3095,Carbon_Steel_1045,0.259,252.8,0.368,1.2,52.1,3.286
3096,Aluminum_6061,0.071,129.0,2.494,0.4,44.6,0.673
3097,Stainless_304,0.088,193.7,0.393,0.2,18.8,2.285
3098,Carbon_Steel_1045,0.226,150.6,2.099,0.4,31.3,6.325
3099,Stainless_304,0.166,120.5,0.681,0.4,51.6,6.519
3100,Carbon_Steel_1045,0.126,53.1,1.44,0.4,58.1,3.233
3101,Aluminum_6061,0.479,151.8,2.613,1.2,16.9,7.698
3102,Carbon_Steel_1045,0.138,126.8,0.51,0.2,39.0,4.785
3103,Aluminum_6061,0.482,221.6,2.085,0.4,51.6,26.886
3104,Aluminum_6061,0.392,68.7,1.935,1.2,59.3,8.23
3105,Carbon_Steel_1045,0.338,131.2,2.636,0.2,4.2,27.61
3106,Aluminum_6061,0.354,63.4,0.725,0.2,30.2,31.739
3107,Stainless_304,0.199,242.4,2.449,0.4,52.4,8.743
3108,Carbon_Steel_1045,0.341,220.5,1.488,1.2,0.2,3.163
3109,Carbon_Steel_1045,0.134,151.2,1.429,1.2,26.2,0.713
3110,Aluminum_6061,0.472,94.2,1.245,1.2,35.1,9.333
3111,Aluminum_6061,0.186,337.4,1.31,1.2,31.6,1.18
3112,Carbon_Steel_1045,0.165,225.3,1.68,0.2,44.0,8.087
3113,Aluminum_6061,0.37,253.7,0.544,0.4,3.9,10.888
3114,Carbon_Steel_1045,0.345,209.4,1.419,0.8,47.1,8.495
3115,Carbon_Steel_1045,0.253,292.0,2.043,0.2,17.0,14.111
3116,Aluminum_6061,0.335,318.9,1.62,1.2,49.5,3.812
3117,Carbon_Steel_1045,0.122,164.8,0.706,0.8,25.2,0.921
3118,Aluminum_6061,0.353,257.0,1.248,1.2,2.6,3.287
3119,Aluminum_6061,0.172,119.0,1.468,0.4,57.8,3.965
3120,Stainless_304,0.173,245.6,2.089,0.8,46.8,3.257
3121,Aluminum_6061,0.123,169.7,2.727,0.2,20.9,3.468
3122,Aluminum_6061,0.2,52.0,1.764,0.2,16.2,8.444
3123,Carbon_Steel_1045,0.199,336.7,2.11,0.8,35.3,2.689
3124,Carbon_Steel_1045,0.254,310.5,0.462,0.2,59.2,22.036
3125,Stainless_304,0.136,137.3,2.875,0.4,17.4,3.25
3126,Stainless_304,0.137,349.3,1.117,1.2,56.9,1.35
3127,Stainless_304,0.294,145.1,1.224,0.4,19.8,12.217
3128,Carbon_Steel_1045,0.108,187.7,0.863,0.4,42.2,1.745
3129,Carbon_Steel_1045,0.36,305.4,0.483,0.4,22.9,14.462
3130,Aluminum_6061,0.475,141.4,2.423,0.8,5.1,8.654
3131,Stainless_304,0.242,185.2,0.911,1.2,56.2,3.947
3132,Carbon_Steel_1045,0.455,249.7,1.027,0.8,9.8,10.506
3133,Aluminum_6061,0.094,89.1,0.75,0.4,56.7,1.273
3134,Carbon_Steel_1045,0.069,176.7,2.931,0.4,6.2,0.56
3135,Stainless_304,0.375,142.8,2.398,0.2,16.0,47.618
3136,Carbon_Steel_1045,0.392,253.0,2.807,0.2,55.3,51.719
3137,Aluminum_6061,0.429,90.8,2.62,0.4,39.5,25.08
3138,Stainless_304,0.076,119.8,2.742,0.4,11.4,0.958
3139,Aluminum_6061,0.4,263.4,1.567,1.2,35.5,5.966
3140,Stainless_304,0.219,96.9,0.719,1.2,10.8,2.567
3141,Carbon_Steel_1045,0.187,176.6,1.149,0.2,52.5,10.761
3142,Stainless_304,0.128,263.9,1.054,0.4,3.0,2.128
3143,Stainless_304,0.498,279.6,2.222,0.2,31.8,91.524
3144,Carbon_Steel_1045,0.079,78.5,0.321,0.2,3.8,1.335
3145,Stainless_304,0.422,305.6,0.641,0.4,41.7,31.646
3146,Aluminum_6061,0.338,267.2,2.128,1.2,56.1,5.126
3147,Aluminum_6061,0.381,151.8,0.589,0.2,49.9,31.34
3148,Carbon_Steel_1045,0.37,279.1,0.383,0.8,22.3,7.476
3149,Carbon_Steel_1045,0.436,268.5,0.55,0.4,14.2,21.397
3150,Aluminum_6061,0.133,230.3,2.149,0.8,7.3,0.715
3151,Carbon_Steel_1045,0.05,217.5,0.633,1.2,52.4,0.128
3152,Stainless_304,0.319,270.4,0.652,1.2,4.9,3.831
3153,Stainless_304,0.209,349.8,0.883,1.2,37.7,2.574
3154,Aluminum_6061,0.106,223.6,2.315,0.4,22.0,1.066
3155,Carbon_Steel_1045,0.134,292.6,0.801,0.2,59.7,6.133
3156,Aluminum_6061,0.199,273.3,0.347,1.2,30.5,1.156
3157,Aluminum_6061,0.082,306.7,2.741,1.2,32.9,0.227
3158,Stainless_304,0.076,336.4,2.66,1.2,55.1,0.393
3159,Stainless_304,0.462,107.9,0.758,0.4,58.2,60.059
3160,Aluminum_6061,0.19,99.6,0.98,0.4,35.0,4.292
3161,Aluminum_6061,0.492,225.9,0.769,0.2,47.8,53.624
3162,Carbon_Steel_1045,0.484,184.8,2.229,0.4,38.1,29.14
3163,Carbon_Steel_1045,0.114,221.2,0.938,0.4,25.6,1.431
3164,Aluminum_6061,0.372,289.4,2.811,0.4,3.4,10.887
3165,Aluminum_6061,0.32,329.5,2.526,1.2,43.1,4.102
3166,Carbon_Steel_1045,0.361,175.2,1.868,0.8,42.0,9.354
3167,Aluminum_6061,0.093,265.4,0.275,0.2,7.0,1.177
3168,Stainless_304,0.135,109.0,2.68,0.8,13.8,1.808
3169,Stainless_304,0.084,210.4,2.251,0.8,43.9,0.909
3170,Carbon_Steel_1045,0.322,56.5,2.417,0.8,9.0,7.41
3171,Carbon_Steel_1045,0.494,201.1,0.448,1.2,41.5,12.627
3172,Stainless_304,0.352,213.6,2.199,1.2,43.1,9.665
3173,Aluminum_6061,0.37,270.6,2.463,0.4,21.2,15.343
3174,Stainless_304,0.493,244.8,2.881,0.4,15.5,36.377
3175,Aluminum_6061,0.355,157.5,1.846,0.2,22.4,23.759
3176,Stainless_304,0.068,51.7,1.647,1.2,21.6,0.358
3177,Aluminum_6061,0.44,84.6,1.42,1.2,36.4,7.647
3178,Stainless_304,0.214,341.9,2.179,0.8,44.6,4.073
3179,Aluminum_6061,0.052,326.7,2.782,0.2,51.7,0.626
3180,Stainless_304,0.278,147.5,1.899,0.8,1.8,5.097
3181,Carbon_Steel_1045,0.472,127.7,0.875,1.2,43.6,9.806
3182,Aluminum_6061,0.166,180.9,0.298,0.2,18.9,4.296
3183,Stainless_304,0.271,257.0,1.953,0.8,50.3,7.261
3184,Aluminum_6061,0.128,157.0,2.628,0.8,4.5,0.627
3185,Carbon_Steel_1045,0.076,70.2,0.431,0.8,33.1,0.476
3186,Aluminum_6061,0.086,170.8,1.343,0.8,32.9,0.404
3187,Stainless_304,0.377,128.2,2.835,1.2,19.6,8.923
3188,Stainless_304,0.439,147.5,1.63,0.2,58.2,95.786
3189,Carbon_Steel_1045,0.114,98.9,0.857,0.8,6.4,0.692
3190,Stainless_304,0.18,247.7,1.223,1.2,8.2,1.502
3191,Stainless_304,0.138,208.0,1.372,1.2,38.7,1.231
3192,Carbon_Steel_1045,0.062,131.3,0.573,0.4,30.9,0.505
3193,Aluminum_6061,0.299,216.2,2.067,1.2,15.9,2.334
3194,Carbon_Steel_1045,0.365,197.8,1.878,0.4,18.3,16.092
3195,Aluminum_6061,0.342,288.8,2.031,0.4,9.4,8.338
3196,Carbon_Steel_1045,0.225,336.8,1.93,1.2,52.1,2.616
3197,Aluminum_6061,0.3,89.2,0.296,0.4,34.2,10.6
3198,Stainless_304,0.092,315.2,0.73,0.4,14.7,1.013
3199,Carbon_Steel_1045,0.119,261.4,0.705,0.8,23.6,0.81
3200,Carbon_Steel_1045,0.469,257.8,0.519,0.8,54.4,16.568
3201,Aluminum_6061,0.393,162.3,2.273,1.2,53.2,7.209
3202,Aluminum_6061,0.465,153.2,0.58,0.8,4.1,8.308
3203,Stainless_304,0.463,51.7,2.088,0.2,39.2,99.718
3204,Carbon_Steel_1045,0.342,344.7,0.741,0.2,9.2,22.277
3205,Stainless_304,0.468,232.0,0.575,1.2,12.7,9.212
3206,Carbon_Steel_1045,0.238,170.7,0.697,0.4,51.9,8.105
3207,Aluminum_6061,0.052,213.1,1.648,0.2,53.7,0.722
3208,Carbon_Steel_1045,0.078,62.2,2.025,0.2,5.0,1.577
3209,Carbon_Steel_1045,0.099,102.1,2.483,0.2,52.4,3.896
3210,Aluminum_6061,0.093,237.0,0.604,0.2,43.7,1.866
3211,Carbon_Steel_1045,0.208,204.3,1.945,1.2,46.5,1.908
3212,Aluminum_6061,0.366,286.1,2.378,0.8,47.5,9.083
3213,Aluminum_6061,0.406,247.6,1.109,0.8,30.4,6.936
3214,Aluminum_6061,0.316,230.4,0.469,0.2,56.8,25.595
3215,Carbon_Steel_1045,0.116,294.6,0.679,0.8,12.0,0.759
3216,Carbon_Steel_1045,0.387,70.5,0.502,1.2,30.3,7.448
3217,Aluminum_6061,0.21,257.3,2.69,1.2,19.1,1.4
3218,Stainless_304,0.056,264.7,1.286,0.4,49.3,0.638
3219,Stainless_304,0.176,132.5,1.689,0.8,5.0,2.218
3220,Carbon_Steel_1045,0.199,108.7,2.364,0.4,26.0,6.874
3221,Aluminum_6061,0.173,114.2,1.272,1.2,46.4,1.24
3222,Aluminum_6061,0.415,109.4,2.035,1.2,18.7,5.562
3223,Aluminum_6061,0.392,207.1,0.461,0.2,14.4,24.508
3224,Stainless_304,0.363,90.7,1.572,0.4,15.8,26.038
3225,Stainless_304,0.113,247.8,0.515,0.2,42.8,4.4
3226,Aluminum_6061,0.414,81.5,0.933,0.8,17.2,9.045
3227,Carbon_Steel_1045,0.355,58.1,1.057,0.4,24.2,20.045
3228,Aluminum_6061,0.138,145.8,2.223,0.8,32.7,1.175
3229,Aluminum_6061,0.342,107.6,2.104,1.2,56.4,6.399
3230,Aluminum_6061,0.268,346.6,2.304,1.2,47.7,3.154
3231,Aluminum_6061,0.248,140.9,0.42,0.2,11.1,10.558
3232,Aluminum_6061,0.1,116.6,2.983,0.2,53.0,2.944
3233,Aluminum_6061,0.283,109.0,0.4,1.2,50.7,3.586
3234,Carbon_Steel_1045,0.095,162.2,2.521,0.2,44.7,2.849
3235,Carbon_Steel_1045,0.124,231.8,2.286,0.4,31.0,2.488
3236,Carbon_Steel_1045,0.11,284.6,1.877,1.2,4.2,0.351
3237,Carbon_Steel_1045,0.479,159.4,1.457,0.4,42.7,36.283
3238,Carbon_Steel_1045,0.178,237.8,2.332,0.2,31.1,7.451
3239,Carbon_Steel_1045,0.21,194.6,2.285,1.2,18.6,1.764
3240,Stainless_304,0.195,303.9,0.627,0.8,0.6,2.032
3241,Aluminum_6061,0.454,220.7,2.43,0.4,13.9,19.296
3242,Carbon_Steel_1045,0.303,137.0,0.466,0.8,36.3,6.813
3243,Aluminum_6061,0.464,261.1,1.627,0.8,6.7,9.125
3244,Carbon_Steel_1045,0.185,296.0,2.024,0.8,39.3,2.612
3245,Carbon_Steel_1045,0.102,189.6,2.51,1.2,49.2,0.562
3246,Stainless_304,0.3,346.2,1.524,1.2,19.1,4.011
3247,Stainless_304,0.205,313.7,0.901,0.4,4.9,4.65
3248,Carbon_Steel_1045,0.411,109.1,1.599,1.2,8.4,6.484
3249,Aluminum_6061,0.446,286.0,0.938,1.2,21.5,5.831
3250,Stainless_304,0.263,230.3,1.704,0.2,48.8,28.983
3251,Aluminum_6061,0.487,210.4,1.522,0.4,38.1,25.281
3252,Carbon_Steel_1045,0.299,204.2,2.396,0.8,52.1,8.274
3253,Stainless_304,0.172,306.0,0.91,1.2,59.7,1.824
3254,Carbon_Steel_1045,0.27,233.3,0.8,0.8,12.2,3.453
3255,Carbon_Steel_1045,0.067,211.3,1.554,0.8,41.7,0.295
3256,Aluminum_6061,0.412,64.7,0.389,0.4,28.0,19.369
3257,Aluminum_6061,0.096,184.5,0.881,0.2,29.6,2.048
3258,Stainless_304,0.189,322.4,1.223,1.2,19.5,1.669
3259,Aluminum_6061,0.304,263.5,1.591,0.8,20.6,4.194
3260,Aluminum_6061,0.069,65.3,0.991,0.4,40.6,0.687
3261,Carbon_Steel_1045,0.086,315.2,1.792,1.2,37.2,0.315
3262,Carbon_Steel_1045,0.363,298.0,2.666,0.2,19.1,31.114
3263,Aluminum_6061,0.082,214.0,1.745,0.4,7.1,0.546
3264,Aluminum_6061,0.265,56.7,1.039,1.2,34.7,2.791
3265,Carbon_Steel_1045,0.202,218.7,0.42,0.4,44.4,5.471
3266,Carbon_Steel_1045,0.153,66.4,0.626,1.2,33.5,1.238
3267,Stainless_304,0.135,146.1,1.793,1.2,0.2,0.871
3268,Aluminum_6061,0.394,238.7,2.13,0.2,16.9,30.751
3269,Stainless_304,0.478,323.9,0.387,0.4,46.7,48.913
3270,Aluminum_6061,0.113,157.3,0.76,1.2,44.6,0.53
3271,Aluminum_6061,0.482,308.0,1.127,0.4,0.6,14.919
3272,Stainless_304,0.318,325.5,1.129,0.2,28.2,31.54
3273,Stainless_304,0.339,56.3,2.886,0.2,26.2,50.304
3274,Aluminum_6061,0.369,121.8,0.81,0.2,39.1,31.606
3275,Carbon_Steel_1045,0.367,263.0,0.422,0.2,7.5,24.995
3276,Stainless_304,0.419,277.1,1.221,0.4,37.3,31.999
3277,Aluminum_6061,0.268,167.7,0.62,0.4,56.8,8.499
3278,Aluminum_6061,0.29,247.0,0.598,1.2,22.3,2.691
3279,Carbon_Steel_1045,0.196,233.6,1.37,0.8,20.2,1.862
3280,Stainless_304,0.097,271.9,1.093,0.2,1.7,2.15
3281,Carbon_Steel_1045,0.349,265.6,0.502,0.2,3.4,22.811
3282,Carbon_Steel_1045,0.065,75.8,1.912,0.2,55.9,1.764
3283,Stainless_304,0.174,97.5,1.63,0.4,58.5,7.615
3284,Aluminum_6061,0.092,89.8,0.462,0.8,0.3,0.392
3285,Stainless_304,0.136,329.7,2.623,0.2,54.0,7.637
3286,Aluminum_6061,0.337,324.1,1.033,0.4,10.4,7.307
3287,Carbon_Steel_1045,0.333,289.2,2.894,0.4,33.7,15.581
3288,Carbon_Steel_1045,0.239,85.0,2.812,0.2,40.7,17.682
3289,Aluminum_6061,0.091,222.3,1.444,0.2,21.5,1.42
3290,Carbon_Steel_1045,0.245,106.2,0.879,0.2,31.7,18.048
3291,Stainless_304,0.209,160.5,2.546,0.2,37.7,17.284
3292,Carbon_Steel_1045,0.374,130.1,1.244,1.2,11.6,5.463
3293,Aluminum_6061,0.311,298.7,0.7,1.2,59.7,3.589
3294,Aluminum_6061,0.271,93.3,1.767,0.8,12.2,3.859
3295,Carbon_Steel_1045,0.269,243.9,1.596,1.2,0.6,1.847
3296,Carbon_Steel_1045,0.485,345.2,2.588,1.2,56.7,14.042
3297,Carbon_Steel_1045,0.39,256.1,2.256,1.2,25.7,6.027
3298,Aluminum_6061,0.274,73.8,2.659,0.2,23.9,20.619
3299,Carbon_Steel_1045,0.266,322.4,2.27,1.2,16.5,2.374
3300,Aluminum_6061,0.062,242.9,2.016,0.4,1.5,0.324
3301,Aluminum_6061,0.474,186.9,1.625,0.8,15.9,9.358
3302,Carbon_Steel_1045,0.194,247.9,2.966,1.2,23.6,1.353
3303,Carbon_Steel_1045,0.165,313.7,2.888,0.4,31.2,3.588
3304,Stainless_304,0.5,193.1,2.584,0.4,27.5,49.613
3305,Carbon_Steel_1045,0.373,209.4,2.382,0.2,52.7,49.102
3306,Aluminum_6061,0.071,185.7,1.838,0.2,54.7,1.492
3307,Stainless_304,0.078,71.8,0.964,0.2,19.0,2.328
3308,Aluminum_6061,0.061,286.1,2.657,0.4,57.6,0.471
3309,Stainless_304,0.32,87.9,0.28,1.2,51.9,8.445
3310,Aluminum_6061,0.082,168.4,0.875,0.4,55.7,0.89
3311,Stainless_304,0.47,166.0,1.36,0.8,42.4,21.085
3312,Stainless_304,0.472,134.0,1.862,0.2,11.9,69.994
3313,Stainless_304,0.296,170.8,1.792,0.8,11.7,6.423
3314,Aluminum_6061,0.327,235.4,0.733,1.2,54.5,4.867
3315,Stainless_304,0.181,143.4,0.538,0.4,30.4,5.596
3316,Carbon_Steel_1045,0.079,101.8,0.861,0.4,53.4,1.043
3317,Aluminum_6061,0.382,310.8,1.209,1.2,43.2,5.0
3318,Carbon_Steel_1045,0.096,341.2,0.289,0.8,12.8,0.496
3319,Carbon_Steel_1045,0.089,187.6,2.154,0.4,23.1,0.932
3320,Stainless_304,0.19,148.1,0.931,0.2,58.1,18.511
3321,Stainless_304,0.056,64.2,1.216,1.2,1.2,0.139
3322,Carbon_Steel_1045,0.245,61.1,1.171,0.8,42.9,5.52
3323,Carbon_Steel_1045,0.368,167.9,1.658,0.2,58.7,48.319
3324,Aluminum_6061,0.411,329.1,2.614,0.8,6.2,7.139
3325,Carbon_Steel_1045,0.322,269.2,0.661,1.2,16.3,3.833
3326,Stainless_304,0.431,154.8,1.187,1.2,32.8,11.542
3327,Carbon_Steel_1045,0.233,340.4,2.153,0.2,50.6,15.643
3328,Stainless_304,0.432,178.6,0.372,0.4,30.4,35.88
3329,Carbon_Steel_1045,0.278,133.0,2.532,1.2,3.6,2.598
3330,Carbon_Steel_1045,0.15,177.9,2.895,1.2,7.6,0.681
3331,Carbon_Steel_1045,0.475,113.5,1.921,0.8,22.6,13.105
3332,Aluminum_6061,0.174,315.7,2.88,0.4,19.4,2.441
3333,Stainless_304,0.062,158.4,1.386,1.2,13.2,0.199
3334,Stainless_304,0.159,247.4,1.391,0.8,50.4,3.075
3335,Stainless_304,0.215,166.7,0.542,0.8,1.6,2.382
3336,Stainless_304,0.208,320.5,0.347,1.2,49.8,2.516
3337,Carbon_Steel_1045,0.286,242.7,0.922,0.4,55.3,12.669
3338,Carbon_Steel_1045,0.447,196.5,1.565,0.8,37.8,15.922
3339,Stainless_304,0.182,89.6,1.646,0.2,37.5,13.525
3340,Aluminum_6061,0.284,320.6,0.848,0.8,8.9,3.105
3341,Stainless_304,0.203,214.0,1.935,0.8,34.1,3.712
3342,Aluminum_6061,0.42,135.5,0.748,1.2,22.5,7.133
3343,Stainless_304,0.121,313.4,1.147,0.4,13.7,1.979
3344,Carbon_Steel_1045,0.097,66.3,0.788,1.2,35.0,0.507
3345,Stainless_304,0.276,144.2,2.166,0.8,0.1,5.07
3346,Carbon_Steel_1045,0.352,211.0,1.671,0.2,16.6,26.723
3347,Carbon_Steel_1045,0.408,151.9,2.274,0.2,39.4,55.504
3348,Stainless_304,0.315,193.0,0.407,0.2,27.3,29.288
3349,Carbon_Steel_1045,0.398,129.3,1.42,0.4,8.7,14.681
3350,Aluminum_6061,0.227,89.0,2.909,0.8,0.1,2.238
3351,Aluminum_6061,0.065,61.1,0.397,1.2,16.2,0.153
3352,Carbon_Steel_1045,0.102,97.3,1.401,1.2,32.9,0.502
3353,Carbon_Steel_1045,0.067,335.9,0.361,0.8,32.1,0.268
3354,Carbon_Steel_1045,0.198,222.6,0.653,0.4,7.9,3.339
3355,Aluminum_6061,0.273,196.7,1.522,0.8,36.8,4.509
3356,Aluminum_6061,0.21,165.3,0.683,0.4,59.9,6.269
3357,Stainless_304,0.302,262.5,1.677,0.2,35.1,32.511
3358,Carbon_Steel_1045,0.266,92.4,2.788,0.8,31.7,5.764
3359,Aluminum_6061,0.355,132.8,0.801,1.2,37.4,4.35
3360,Aluminum_6061,0.35,246.8,0.545,0.2,52.8,25.935
3361,Aluminum_6061,0.193,193.7,2.52,0.2,56.8,10.296
3362,Stainless_304,0.206,281.0,1.516,0.2,2.5,10.472
3363,Carbon_Steel_1045,0.313,319.1,2.677,0.2,12.3,21.467
3364,Carbon_Steel_1045,0.318,297.0,1.092,0.2,6.9,17.929
3365,Carbon_Steel_1045,0.192,105.3,1.976,0.2,46.3,13.528
3366,Stainless_304,0.199,77.4,2.789,0.2,2.7,13.904
3367,Aluminum_6061,0.362,100.8,0.722,0.4,54.2,18.33
3368,Aluminum_6061,0.341,285.1,2.452,0.8,1.2,4.305
3369,Carbon_Steel_1045,0.111,324.1,1.987,0.2,36.2,3.175
3370,Stainless_304,0.248,327.6,2.486,0.4,16.5,8.98
3371,Carbon_Steel_1045,0.452,139.5,0.719,1.2,28.2,8.979
3372,Carbon_Steel_1045,0.066,302.1,1.444,0.2,26.5,1.18
3373,Stainless_304,0.435,210.9,0.604,1.2,44.9,12.95
3374,Aluminum_6061,0.123,296.8,2.89,0.8,29.8,0.846
3375,Carbon_Steel_1045,0.278,214.5,0.422,0.8,25.3,4.299
3376,Carbon_Steel_1045,0.241,93.8,0.43,0.4,43.8,8.663
3377,Stainless_304,0.055,73.8,2.72,0.4,55.5,0.854
3378,Aluminum_6061,0.462,337.2,1.077,0.4,47.6,26.271
3379,Carbon_Steel_1045,0.255,177.7,1.892,0.2,44.2,22.972
3380,Stainless_304,0.479,155.2,1.041,0.4,29.3,33.456
3381,Carbon_Steel_1045,0.179,156.9,2.034,1.2,54.0,2.246
3382,Carbon_Steel_1045,0.44,163.7,0.779,0.2,29.2,51.249
3383,Aluminum_6061,0.465,333.5,1.512,0.8,55.8,14.207
3384,Aluminum_6061,0.301,68.8,1.717,0.8,48.2,5.865
3385,Carbon_Steel_1045,0.141,85.7,1.168,0.2,9.0,4.527
3386,Aluminum_6061,0.358,286.9,0.942,0.2,2.8,18.797
3387,Stainless_304,0.297,214.8,0.636,0.8,44.5,7.625
3388,Carbon_Steel_1045,0.475,88.6,2.192,0.2,41.2,61.712
3389,Stainless_304,0.248,60.3,0.713,1.2,36.1,4.588
3390,Aluminum_6061,0.171,117.3,1.053,0.2,58.6,8.389
3391,Aluminum_6061,0.112,128.2,1.176,0.2,32.7,3.205
3392,Stainless_304,0.364,54.3,1.5,0.4,20.9,25.712
3393,Aluminum_6061,0.488,114.8,2.182,0.4,33.9,29.098
3394,Aluminum_6061,0.063,271.5,1.427,0.2,1.7,0.579
3395,Carbon_Steel_1045,0.383,306.6,2.646,0.8,34.8,10.737
3396,Aluminum_6061,0.467,319.5,2.119,0.4,54.1,25.691
3397,Aluminum_6061,0.084,167.0,2.556,0.8,0.3,0.293
3398,Aluminum_6061,0.1,145.8,2.22,0.2,50.7,2.616
3399,Stainless_304,0.361,350.0,0.659,0.2,48.1,48.198
3400,Aluminum_6061,0.342,280.8,2.939,0.2,6.4,19.562
3401,Carbon_Steel_1045,0.081,211.2,2.413,0.2,50.8,2.281
3402,Carbon_Steel_1045,0.425,126.4,1.825,1.2,45.8,10.274
3403,Carbon_Steel_1045,0.286,146.4,0.704,0.4,29.5,9.77
3404,Carbon_Steel_1045,0.458,204.6,0.725,0.4,14.7,18.86
3405,Aluminum_6061,0.445,212.6,1.939,0.8,17.3,8.861
3406,Aluminum_6061,0.416,54.1,1.395,0.2,36.7,51.022
3407,Carbon_Steel_1045,0.282,337.8,2.109,0.8,14.8,4.306
3408,Stainless_304,0.163,222.7,1.274,0.8,19.5,2.055
3409,Carbon_Steel_1045,0.278,226.7,1.66,1.2,55.9,4.156
3410,Carbon_Steel_1045,0.095,113.4,0.767,0.2,43.8,2.94
3411,Stainless_304,0.346,279.5,0.677,0.2,44.2,40.487
3412,Stainless_304,0.11,271.2,0.458,1.2,57.4,0.875
3413,Stainless_304,0.28,78.5,2.504,0.4,0.3,12.547
3414,Carbon_Steel_1045,0.074,228.5,1.777,0.2,14.7,1.163
3415,Stainless_304,0.185,247.5,2.855,0.8,39.5,3.492
3416,Carbon_Steel_1045,0.154,300.7,2.311,0.4,26.3,2.532
3417,Carbon_Steel_1045,0.329,111.8,2.364,1.2,6.8,4.16
3418,Stainless_304,0.404,313.3,1.65,1.2,46.9,10.426
3419,Carbon_Steel_1045,0.076,188.4,2.492,0.8,2.8,0.313
3420,Stainless_304,0.433,79.0,2.841,0.2,32.6,82.845
3421,Stainless_304,0.437,81.7,2.235,0.8,33.7,22.544
3422,Carbon_Steel_1045,0.204,109.3,0.54,0.2,38.2,12.02
3423,Aluminum_6061,0.347,134.8,2.04,1.2,18.9,3.364
3424,Stainless_304,0.231,198.9,0.581,0.8,1.4,3.084
3425,Aluminum_6061,0.119,274.6,0.462,0.4,53.3,1.682
3426,Carbon_Steel_1045,0.288,106.0,2.155,1.2,55.8,5.296
3427,Aluminum_6061,0.089,347.8,2.546,0.8,28.9,0.399
3428,Stainless_304,0.445,98.5,0.687,0.4,1.2,25.456
3429,Stainless_304,0.466,229.8,0.454,0.2,34.9,71.937
3430,Aluminum_6061,0.42,328.7,2.688,0.8,19.0,7.278
3431,Carbon_Steel_1045,0.303,299.8,0.614,0.4,10.9,7.331
3432,Stainless_304,0.301,244.4,0.346,0.2,10.1,22.758
3433,Aluminum_6061,0.493,264.6,2.233,0.2,10.8,37.634
3434,Aluminum_6061,0.162,90.3,2.581,0.8,19.9,1.597
3435,Carbon_Steel_1045,0.084,52.9,1.665,1.2,16.8,0.278
3436,Stainless_304,0.303,180.2,1.735,0.4,50.2,20.399
3437,Carbon_Steel_1045,0.198,76.9,1.176,0.2,29.7,13.928
3438,Aluminum_6061,0.195,157.3,0.906,0.8,25.7,1.876
3439,Aluminum_6061,0.053,117.1,2.327,0.2,8.8,0.523
3440,Carbon_Steel_1045,0.318,324.9,2.586,0.2,52.6,32.881
3441,Aluminum_6061,0.169,314.0,1.133,0.8,3.3,1.022
3442,Carbon_Steel_1045,0.135,295.7,1.003,0.8,14.4,0.874
3443,Aluminum_6061,0.068,264.2,0.986,0.2,37.3,0.891
3444,Stainless_304,0.214,96.2,0.389,0.2,42.1,20.43
3445,Carbon_Steel_1045,0.446,64.5,1.023,0.2,48.1,61.955
3446,Stainless_304,0.202,246.2,0.321,0.8,24.6,3.261
3447,Aluminum_6061,0.356,242.7,2.418,0.8,20.8,5.808
3448,Carbon_Steel_1045,0.39,160.8,0.954,0.8,17.3,8.662
3449,Stainless_304,0.198,191.8,2.148,0.2,34.1,14.157
3450,Carbon_Steel_1045,0.42,196.7,1.744,1.2,20.9,7.826
3451,Aluminum_6061,0.361,122.0,2.553,0.2,19.7,28.287
3452,Aluminum_6061,0.302,144.2,2.891,1.2,1.0,2.423
3453,Carbon_Steel_1045,0.05,175.5,1.26,1.2,56.9,0.138
3454,Carbon_Steel_1045,0.066,231.0,0.493,0.4,3.6,0.374
3455,Stainless_304,0.496,336.7,2.312,1.2,16.3,14.383
3456,Stainless_304,0.402,211.5,0.309,0.8,55.3,14.941
3457,Carbon_Steel_1045,0.472,269.3,0.863,1.2,44.1,11.101
3458,Stainless_304,0.456,292.1,0.396,0.2,34.7,71.25
3459,Carbon_Steel_1045,0.059,84.1,2.72,0.2,39.6,1.392
3460,Aluminum_6061,0.406,245.9,0.265,1.2,5.8,4.081
3461,Aluminum_6061,0.253,194.6,1.605,1.2,48.5,2.656
3462,Stainless_304,0.405,221.7,1.416,0.8,15.0,12.866
3463,Carbon_Steel_1045,0.053,61.5,2.045,0.4,57.4,0.595
3464,Stainless_304,0.18,321.9,1.047,0.4,13.9,4.561
3465,Aluminum_6061,0.388,335.8,2.653,0.4,37.5,18.508
3466,Aluminum_6061,0.407,51.0,2.269,0.4,32.7,23.004
3467,Stainless_304,0.329,113.8,1.439,0.8,8.6,7.838
3468,Stainless_304,0.186,104.1,1.235,1.2,21.8,1.932
3469,Stainless_304,0.19,284.4,2.494,0.4,46.9,7.603
3470,Aluminum_6061,0.485,229.4,2.332,1.2,12.8,6.32
3471,Carbon_Steel_1045,0.248,103.2,1.347,0.2,57.8,22.188
3472,Carbon_Steel_1045,0.251,294.2,1.189,1.2,17.7,2.044
3473,Stainless_304,0.299,156.0,0.357,0.8,37.6,8.622
3474,Aluminum_6061,0.234,188.3,0.475,0.8,37.1,2.754
3475,Carbon_Steel_1045,0.299,166.2,0.398,0.4,28.2,9.988
3476,Aluminum_6061,0.245,206.4,0.317,0.4,39.3,5.816
3477,Carbon_Steel_1045,0.422,194.0,0.67,0.4,44.6,24.422
3478,Aluminum_6061,0.459,132.4,2.607,1.2,37.1,8.523
3479,Stainless_304,0.469,177.4,2.445,0.2,33.6,86.958
3480,Aluminum_6061,0.304,322.5,2.575,0.8,36.4,4.947
3481,Carbon_Steel_1045,0.249,200.9,1.965,1.2,24.1,2.641
3482,Stainless_304,0.367,324.9,1.966,0.8,4.3,8.557
3483,Aluminum_6061,0.427,215.0,0.591,0.8,9.6,7.459
3484,Aluminum_6061,0.303,280.6,2.172,0.8,36.4,4.274
3485,Carbon_Steel_1045,0.365,138.1,1.02,0.8,55.6,10.39
3486,Carbon_Steel_1045,0.387,287.1,1.678,0.8,1.5,6.838
3487,Carbon_Steel_1045,0.354,129.3,2.875,1.2,32.6,6.526
3488,Carbon_Steel_1045,0.386,55.9,2.644,0.8,15.1,11.489
3489,Aluminum_6061,0.144,98.2,0.891,1.2,33.7,0.722
3490,Stainless_304,0.274,56.5,2.276,0.8,45.0,9.353
3491,Aluminum_6061,0.315,334.1,0.536,1.2,44.1,3.393
3492,Carbon_Steel_1045,0.051,350.0,0.324,1.2,43.5,0.114
3493,Stainless_304,0.435,278.7,0.327,0.2,46.7,69.731
3494,Stainless_304,0.325,82.4,0.718,1.2,4.4,5.256
3495,Aluminum_6061,0.108,319.7,2.161,0.8,30.6,0.582
3496,Aluminum_6061,0.417,273.1,1.249,0.4,15.7,16.136
3497,Carbon_Steel_1045,0.373,149.7,0.294,1.2,55.3,8.566
3498,Aluminum_6061,0.391,200.7,2.967,0.2,47.0,36.448
3499,Carbon_Steel_1045,0.226,248.5,1.717,0.8,6.5,2.456
3500,Carbon_Steel_1045,0.434,57.2,1.333,0.8,14.6,13.363
3501,Aluminum_6061,0.236,200.5,1.677,1.2,27.3,1.977
3502,Carbon_Steel_1045,0.307,269.7,1.68,0.8,57.8,7.301
3503,Carbon_Steel_1045,0.05,106.5,1.543,0.8,6.6,0.142
3504,Stainless_304,0.34,183.1,1.936,0.8,34.1,9.615
3505,Carbon_Steel_1045,0.373,209.8,2.685,0.8,20.5,8.503
3506,Aluminum_6061,0.305,270.7,1.08,1.2,38.8,2.914
3507,Carbon_Steel_1045,0.273,339.3,1.589,1.2,38.9,3.424
3508,Carbon_Steel_1045,0.414,304.5,0.26,0.2,14.4,30.124
3509,Stainless_304,0.357,236.5,2.614,0.8,47.1,13.585
3510,Stainless_304,0.175,225.1,1.091,0.4,5.5,3.939
3511,Stainless_304,0.482,231.0,0.996,0.2,49.1,92.924
3512,Carbon_Steel_1045,0.368,213.6,2.993,1.2,12.7,4.842
3513,Stainless_304,0.495,67.8,1.857,1.2,35.4,18.1
3514,Aluminum_6061,0.487,259.5,0.588,1.2,20.8,7.465
3515,Carbon_Steel_1045,0.464,264.9,0.98,0.4,36.6,26.759
3516,Carbon_Steel_1045,0.39,203.7,1.221,0.4,16.0,16.565
3517,Stainless_304,0.324,311.1,2.962,1.2,34.1,6.133
3518,Stainless_304,0.127,251.7,1.434,0.2,0.5,4.11
3519,Aluminum_6061,0.295,158.8,0.883,0.2,22.5,16.817
3520,Stainless_304,0.394,55.9,1.817,0.4,49.6,38.561
3521,Stainless_304,0.284,67.7,1.363,0.8,27.8,8.255
3522,Stainless_304,0.441,155.5,0.401,0.4,30.0,32.887
3523,Carbon_Steel_1045,0.099,188.6,2.618,0.2,37.3,3.268
3524,Stainless_304,0.221,100.1,0.293,0.8,26.1,4.357
3525,Stainless_304,0.278,106.8,2.721,1.2,52.0,5.849
3526,Carbon_Steel_1045,0.245,119.1,2.428,0.4,24.2,8.68
3527,Carbon_Steel_1045,0.099,284.2,0.459,0.4,56.6,1.673
3528,Stainless_304,0.119,281.4,2.24,0.4,52.6,3.308
3529,Stainless_304,0.427,164.9,2.37,0.4,25.3,29.871
3530,Carbon_Steel_1045,0.268,101.7,1.906,0.8,21.9,4.795
3531,Stainless_304,0.072,83.3,1.839,0.4,40.6,1.186
3532,Aluminum_6061,0.057,76.1,0.387,0.8,45.3,0.221
3533,Carbon_Steel_1045,0.263,167.4,0.414,0.2,11.2,14.509
3534,Aluminum_6061,0.124,63.7,2.25,0.8,14.5,0.817
3535,Carbon_Steel_1045,0.367,150.1,0.54,0.2,8.8,25.381
3536,Aluminum_6061,0.408,338.5,0.915,0.4,45.6,19.496
3537,Aluminum_6061,0.153,202.3,1.622,1.2,42.9,0.836
3538,Carbon_Steel_1045,0.316,296.8,0.701,0.4,11.3,8.887
3539,Aluminum_6061,0.12,88.8,2.422,0.8,32.2,0.833
3540,Aluminum_6061,0.187,130.4,2.47,0.4,45.9,4.98
3541,Carbon_Steel_1045,0.45,334.0,2.566,1.2,56.8,11.015
3542,Aluminum_6061,0.295,165.1,0.386,1.2,10.7,2.518
3543,Aluminum_6061,0.449,244.5,1.427,1.2,18.3,5.525
3544,Aluminum_6061,0.151,342.8,2.579,0.4,20.9,1.899
3545,Aluminum_6061,0.199,215.2,1.249,0.4,37.5,4.136
3546,Aluminum_6061,0.262,141.6,2.164,0.8,8.2,2.973
3547,Stainless_304,0.266,209.6,1.87,1.2,11.6,3.424
3548,Carbon_Steel_1045,0.499,66.4,1.205,0.8,46.8,19.662
3549,Carbon_Steel_1045,0.102,83.7,1.01,0.8,32.5,0.808
3550,Carbon_Steel_1045,0.433,52.2,2.045,1.2,9.6,7.613
3551,Aluminum_6061,0.439,315.3,0.617,1.2,23.3,5.257
3552,Carbon_Steel_1045,0.299,251.4,2.615,0.4,8.1,9.978
3553,Stainless_304,0.205,139.5,1.835,0.2,21.8,12.194
3554,Aluminum_6061,0.284,116.3,0.557,0.4,24.0,8.425
3555,Aluminum_6061,0.182,254.9,2.185,0.8,6.7,1.321
3556,Carbon_Steel_1045,0.41,325.9,1.436,1.2,3.6,4.581
3557,Aluminum_6061,0.274,139.7,0.811,0.4,52.9,9.565
3558,Aluminum_6061,0.467,146.5,2.893,0.2,53.3,69.558
3559,Carbon_Steel_1045,0.33,306.3,2.229,0.4,0.2,11.1
3560,Carbon_Steel_1045,0.281,318.0,1.881,0.8,38.5,5.783
3561,Aluminum_6061,0.37,324.2,2.584,0.2,5.6,24.221
3562,Stainless_304,0.277,137.9,1.746,0.4,48.6,16.317
3563,Aluminum_6061,0.457,86.1,1.464,0.4,52.8,27.265
3564,Aluminum_6061,0.133,182.0,0.771,1.2,37.0,0.638
3565,Carbon_Steel_1045,0.488,138.7,0.672,0.8,36.8,18.004
3566,Carbon_Steel_1045,0.415,315.2,1.438,0.8,22.3,8.271
3567,Carbon_Steel_1045,0.437,61.0,1.504,0.8,15.0,11.852
3568,Carbon_Steel_1045,0.267,240.2,2.267,0.2,30.0,17.427
3569,Carbon_Steel_1045,0.427,321.9,1.466,0.4,8.0,17.471
3570,Stainless_304,0.188,343.0,1.881,1.2,40.3,2.195
3571,Carbon_Steel_1045,0.393,245.0,2.539,0.8,28.2,9.361
3572,Carbon_Steel_1045,0.113,335.0,2.982,0.8,10.7,0.671
3573,Stainless_304,0.188,72.7,1.137,1.2,35.3,2.322
3574,Aluminum_6061,0.251,157.8,2.73,0.8,47.7,4.105
3575,Stainless_304,0.195,52.6,2.467,0.8,35.3,4.13
3576,Aluminum_6061,0.224,344.4,0.437,0.2,31.8,9.209
3577,Carbon_Steel_1045,0.419,320.8,1.169,0.2,50.9,47.648
3578,Carbon_Steel_1045,0.166,58.4,0.852,0.2,0.6,6.205
3579,Carbon_Steel_1045,0.385,55.4,2.077,0.4,37.0,26.148
3580,Aluminum_6061,0.083,160.1,1.777,0.8,24.6,0.35
3581,Carbon_Steel_1045,0.395,127.6,1.611,1.2,11.6,6.823
3582,Stainless_304,0.406,304.1,2.35,0.4,58.8,37.798
3583,Stainless_304,0.231,98.1,1.167,0.8,24.2,4.741
3584,Carbon_Steel_1045,0.375,287.2,1.303,1.2,20.1,4.874
3585,Aluminum_6061,0.462,216.3,2.63,0.8,10.1,8.303
3586,Carbon_Steel_1045,0.41,163.2,2.924,0.4,59.9,31.414
3587,Carbon_Steel_1045,0.226,93.7,2.385,0.4,51.4,9.843
3588,Aluminum_6061,0.268,349.3,0.847,0.8,4.2,2.096
3589,Stainless_304,0.401,235.4,0.56,0.4,33.9,24.303
3590,Carbon_Steel_1045,0.182,181.8,0.825,0.2,8.8,6.288
3591,Carbon_Steel_1045,0.412,161.3,1.413,0.8,42.9,11.771
3592,Carbon_Steel_1045,0.198,321.7,0.901,0.8,29.0,2.277
3593,Aluminum_6061,0.413,296.4,2.728,0.4,6.6,13.555
3594,Carbon_Steel_1045,0.089,293.4,2.094,0.2,33.4,2.045
3595,Carbon_Steel_1045,0.07,234.9,1.396,1.2,54.6,0.268
3596,Aluminum_6061,0.499,316.4,1.003,0.4,20.5,20.245
3597,Carbon_Steel_1045,0.441,139.8,1.297,0.8,3.0,9.547
3598,Carbon_Steel_1045,0.447,261.1,1.559,0.2,56.7,58.62
3599,Carbon_Steel_1045,0.478,171.3,2.213,0.4,8.5,24.992
3600,Stainless_304,0.247,230.0,0.496,0.8,28.5,4.911
3601,Carbon_Steel_1045,0.179,349.4,2.584,0.2,32.7,7.56
3602,Carbon_Steel_1045,0.109,345.4,0.601,0.4,14.2,1.117
3603,Stainless_304,0.276,203.8,0.972,0.8,10.6,5.13
3604,Carbon_Steel_1045,0.149,222.2,2.982,1.2,6.8,0.784
3605,Carbon_Steel_1045,0.471,319.2,0.773,0.4,4.2,19.467
3606,Stainless_304,0.052,345.7,0.528,0.2,30.5,0.786
3607,Carbon_Steel_1045,0.114,283.6,2.006,0.2,50.5,4.243
3608,Stainless_304,0.161,69.6,1.331,0.8,7.6,2.154
3609,Carbon_Steel_1045,0.14,146.8,0.503,0.8,42.0,1.343
3610,Carbon_Steel_1045,0.152,319.0,0.26,0.8,24.8,1.128
3611,Aluminum_6061,0.345,280.5,0.468,0.4,2.1,7.514
3612,Aluminum_6061,0.197,272.7,1.688,0.2,32.2,7.048
3613,Carbon_Steel_1045,0.327,250.4,0.885,0.2,15.1,22.232
3614,Aluminum_6061,0.451,174.6,2.388,0.2,36.3,52.55
3615,Carbon_Steel_1045,0.321,171.0,2.608,0.4,21.0,14.671
3616,Aluminum_6061,0.363,292.7,0.648,0.4,40.0,12.453
3617,Aluminum_6061,0.214,138.1,1.177,0.2,55.1,13.426
3618,Carbon_Steel_1045,0.122,255.4,0.653,0.8,14.7,0.75
3619,Carbon_Steel_1045,0.194,267.9,1.038,0.4,56.4,4.791
3620,Aluminum_6061,0.484,303.4,0.908,1.2,12.3,5.867
3621,Stainless_304,0.33,146.0,2.414,0.4,4.2,14.851
3622,Aluminum_6061,0.175,272.6,1.2,0.2,11.6,5.301
3623,Aluminum_6061,0.253,81.9,1.613,0.8,48.9,4.34
3624,Stainless_304,0.426,91.4,2.103,0.8,40.7,21.765
3625,Stainless_304,0.351,175.2,2.511,1.2,58.3,9.849
3626,Carbon_Steel_1045,0.302,66.6,1.078,0.8,42.6,7.034
3627,Carbon_Steel_1045,0.448,334.3,0.825,0.4,24.8,21.179
3628,Stainless_304,0.353,320.6,2.941,0.8,53.5,15.268
3629,Carbon_Steel_1045,0.339,64.7,1.13,1.2,57.5,7.479
3630,Aluminum_6061,0.135,301.5,2.095,0.8,47.5,1.167
3631,Aluminum_6061,0.098,202.7,2.114,1.2,33.4,0.376
3632,Aluminum_6061,0.484,260.6,1.664,1.2,49.5,9.072
3633,Stainless_304,0.319,316.1,0.878,1.2,10.7,3.898
3634,Carbon_Steel_1045,0.237,223.1,0.639,0.8,54.0,3.891
3635,Aluminum_6061,0.315,84.9,1.589,0.4,60.0,17.656
3636,Aluminum_6061,0.078,50.8,1.655,1.2,39.9,0.294
3637,Aluminum_6061,0.42,199.1,2.377,1.2,11.8,4.48
3638,Carbon_Steel_1045,0.147,334.8,2.202,0.4,8.7,2.257
3639,Stainless_304,0.412,221.8,2.758,0.2,57.6,68.881
3640,Carbon_Steel_1045,0.29,161.9,2.92,1.2,52.3,4.648
3641,Stainless_304,0.174,59.3,2.252,0.2,44.9,15.7
3642,Aluminum_6061,0.064,324.5,0.46,1.2,56.9,0.193
3643,Carbon_Steel_1045,0.417,148.1,1.364,0.2,30.2,50.432
3644,Carbon_Steel_1045,0.129,261.4,1.924,1.2,53.3,0.843
3645,Aluminum_6061,0.073,258.3,1.873,0.8,9.8,0.215
3646,Carbon_Steel_1045,0.39,126.2,0.749,0.4,11.0,17.804
3647,Stainless_304,0.208,69.1,1.853,0.2,30.7,20.735
3648,Aluminum_6061,0.225,165.5,1.212,1.2,20.0,1.566
3649,Carbon_Steel_1045,0.161,145.1,1.182,0.2,26.0,6.593
3650,Stainless_304,0.437,260.1,2.544,0.2,47.9,74.439
3651,Stainless_304,0.184,295.9,1.41,1.2,3.2,1.408
3652,Carbon_Steel_1045,0.145,116.7,1.7,0.8,43.3,1.856
3653,Aluminum_6061,0.189,208.5,1.798,0.2,5.3,4.753
3654,Stainless_304,0.141,62.2,1.798,0.4,50.9,5.084
3655,Aluminum_6061,0.193,114.3,0.836,0.8,12.1,1.524
3656,Aluminum_6061,0.087,278.5,1.898,0.8,44.1,0.443
3657,Aluminum_6061,0.121,288.0,1.17,0.4,35.5,1.358
3658,Carbon_Steel_1045,0.238,282.9,2.051,0.4,23.1,5.95
3659,Carbon_Steel_1045,0.446,92.7,0.651,0.2,16.1,52.883
3660,Stainless_304,0.076,215.3,2.984,0.2,3.4,1.52
3661,Carbon_Steel_1045,0.146,176.8,2.373,1.2,21.2,0.882
3662,Stainless_304,0.459,347.4,1.397,0.2,12.0,57.159
3663,Carbon_Steel_1045,0.451,246.2,1.079,1.2,8.2,6.932
3664,Carbon_Steel_1045,0.356,330.6,1.316,0.2,44.3,33.573
3665,Aluminum_6061,0.158,93.6,2.233,1.2,12.8,0.815
3666,Aluminum_6061,0.239,185.3,2.052,0.4,13.4,4.93
3667,Carbon_Steel_1045,0.145,281.5,2.181,1.2,20.4,0.874
3668,Carbon_Steel_1045,0.108,160.4,2.695,1.2,27.8,0.536
3669,Aluminum_6061,0.221,239.8,1.505,0.4,30.8,4.835
3670,Carbon_Steel_1045,0.309,203.5,2.091,0.8,39.9,7.205
3671,Carbon_Steel_1045,0.212,347.6,1.464,0.4,35.3,6.572
3672,Carbon_Steel_1045,0.325,102.2,2.005,1.2,28.9,5.229
3673,Aluminum_6061,0.183,330.6,1.556,1.2,23.6,0.99
3674,Aluminum_6061,0.206,170.5,2.386,1.2,15.9,1.561
3675,Aluminum_6061,0.406,190.4,0.264,0.8,42.6,10.145
3676,Stainless_304,0.445,208.6,0.843,0.4,19.1,32.418
3677,Stainless_304,0.195,129.6,1.065,0.2,51.0,16.408
3678,Aluminum_6061,0.307,339.1,2.85,0.8,35.2,4.857
3679,Aluminum_6061,0.175,323.4,1.644,0.2,38.0,5.587
3680,Carbon_Steel_1045,0.074,341.9,1.252,0.8,30.5,0.353
3681,Aluminum_6061,0.382,349.1,1.362,1.2,55.7,5.905
3682,Stainless_304,0.127,250.9,1.493,0.2,25.3,4.469
3683,Carbon_Steel_1045,0.242,185.5,2.637,1.2,25.6,2.826
3684,Stainless_304,0.269,305.2,2.896,0.8,53.6,7.69
3685,Aluminum_6061,0.133,57.1,2.571,0.2,36.3,4.971
3686,Stainless_304,0.093,300.3,2.565,0.8,26.9,0.636
3687,Stainless_304,0.207,199.2,0.797,0.2,15.7,12.765
3688,Carbon_Steel_1045,0.479,252.0,0.989,0.8,14.7,12.193
3689,Stainless_304,0.327,162.2,1.889,0.8,48.1,11.653
3690,Carbon_Steel_1045,0.222,160.6,2.054,0.8,16.8,2.83
3691,Aluminum_6061,0.068,59.5,0.807,0.4,0.3,0.478
3692,Carbon_Steel_1045,0.32,177.1,2.302,0.2,1.2,17.922
3693,Stainless_304,0.092,172.5,0.8,0.4,58.7,1.773
3694,Stainless_304,0.294,117.4,0.973,1.2,33.6,5.925
3695,Carbon_Steel_1045,0.388,124.2,1.094,1.2,29.3,6.357
3696,Carbon_Steel_1045,0.241,225.2,2.576,0.2,55.1,17.835
3697,Aluminum_6061,0.185,145.3,2.263,0.4,21.1,3.852
3698,Aluminum_6061,0.071,299.1,1.709,1.2,47.7,0.207
3699,Carbon_Steel_1045,0.061,83.4,2.504,0.4,43.3,0.7
3700,Carbon_Steel_1045,0.244,223.3,2.486,0.2,28.6,15.783
3701,Aluminum_6061,0.448,98.0,1.322,1.2,46.5,8.612
3702,Stainless_304,0.16,208.5,2.399,0.4,57.9,5.838
3703,Carbon_Steel_1045,0.308,215.8,0.817,0.8,12.0,4.745
3704,Carbon_Steel_1045,0.358,242.7,1.634,0.4,1.1,12.115
3705,Aluminum_6061,0.077,178.2,0.575,0.8,49.3,0.374
3706,Aluminum_6061,0.119,202.8,1.424,0.4,24.2,1.268
3707,Carbon_Steel_1045,0.199,104.3,1.681,0.8,32.7,3.18
3708,Stainless_304,0.352,188.9,0.47,0.4,13.3,14.97
3709,Aluminum_6061,0.248,161.9,1.522,0.8,50.5,3.891
3710,Stainless_304,0.38,249.8,2.042,0.2,43.3,51.947
3711,Stainless_304,0.44,180.4,1.939,0.2,57.2,84.228
3712,Stainless_304,0.391,283.8,0.399,0.8,28.5,13.778
3713,Carbon_Steel_1045,0.497,177.8,0.512,0.2,58.6,71.331
3714,Carbon_Steel_1045,0.389,120.7,1.216,1.2,30.7,6.656
3715,Stainless_304,0.433,132.1,2.567,1.2,37.3,13.88
3716,Carbon_Steel_1045,0.425,63.6,2.642,0.4,40.4,31.909
3717,Aluminum_6061,0.379,212.0,1.101,0.4,29.4,14.484
3718,Carbon_Steel_1045,0.411,299.3,2.227,0.8,33.8,12.403
3719,Carbon_Steel_1045,0.471,280.7,1.838,0.2,13.4,48.267
3720,Carbon_Steel_1045,0.264,181.3,2.954,1.2,21.7,2.878
3721,Stainless_304,0.337,108.8,0.51,0.2,42.1,46.932
3722,Carbon_Steel_1045,0.282,309.0,1.757,0.4,2.3,7.267
3723,Aluminum_6061,0.433,67.0,1.879,0.2,42.0,56.363
3724,Stainless_304,0.244,169.8,1.096,1.2,18.2,3.076
3725,Aluminum_6061,0.419,307.0,0.379,0.2,16.3,28.49
3726,Aluminum_6061,0.41,168.0,0.393,0.4,41.6,19.525
3727,Stainless_304,0.483,85.4,1.497,1.2,12.9,12.883
3728,Stainless_304,0.162,129.8,2.154,0.4,57.7,6.263
3729,Carbon_Steel_1045,0.369,230.0,2.175,0.2,59.4,49.296
3730,Carbon_Steel_1045,0.391,95.6,0.748,0.2,27.5,43.234
3731,Carbon_Steel_1045,0.471,246.5,2.609,0.8,24.1,11.637
3732,Stainless_304,0.458,181.4,1.287,0.2,4.7,50.978
3733,Stainless_304,0.308,150.3,2.902,0.4,46.7,21.013
3734,Aluminum_6061,0.311,122.3,0.575,0.8,9.8,4.05
3735,Stainless_304,0.125,297.0,2.55,0.4,56.0,3.796
3736,Carbon_Steel_1045,0.489,169.0,2.748,1.2,59.4,18.955
3737,Aluminum_6061,0.165,271.5,2.512,0.8,7.3,0.884
3738,Aluminum_6061,0.376,182.1,2.474,0.2,41.0,35.548
3739,Aluminum_6061,0.408,77.6,1.244,1.2,28.0,6.589
3740,Stainless_304,0.249,182.2,2.212,1.2,32.5,3.82
3741,Carbon_Steel_1045,0.145,202.3,1.843,0.2,10.8,4.618
3742,Carbon_Steel_1045,0.135,187.4,1.417,0.4,43.4,2.736
3743,Aluminum_6061,0.435,294.9,2.981,0.4,10.0,15.297
3744,Stainless_304,0.28,323.3,1.049,0.4,53.1,15.516
3745,Carbon_Steel_1045,0.091,286.0,1.386,0.4,27.2,1.015
3746,Stainless_304,0.373,224.8,2.733,1.2,38.1,9.447
3747,Carbon_Steel_1045,0.163,212.4,1.045,0.8,55.3,2.118
3748,Stainless_304,0.444,243.4,0.67,1.2,44.3,11.7
3749,Carbon_Steel_1045,0.189,136.3,1.102,0.4,32.5,6.252
3750,Carbon_Steel_1045,0.14,293.6,2.338,0.8,24.2,1.207
3751,Stainless_304,0.088,307.1,2.615,0.2,27.7,2.792
3752,Carbon_Steel_1045,0.28,130.2,0.565,0.4,20.5,9.06
3753,Stainless_304,0.253,320.8,1.96,0.8,56.8,6.916
3754,Aluminum_6061,0.388,304.6,1.81,0.2,15.2,25.555
3755,Carbon_Steel_1045,0.259,177.3,2.089,1.2,24.6,2.461
3756,Stainless_304,0.205,322.7,2.095,0.4,46.7,7.791
3757,Stainless_304,0.168,86.1,2.889,0.2,21.9,10.514
3758,Carbon_Steel_1045,0.175,58.4,1.203,1.2,53.2,1.893
3759,Carbon_Steel_1045,0.468,154.4,1.074,0.2,14.6,44.711
3760,Stainless_304,0.124,219.6,1.848,0.4,1.9,1.921
3761,Aluminum_6061,0.495,155.4,1.431,0.2,37.7,63.707
3762,Stainless_304,0.197,332.6,1.553,0.8,30.5,3.217
3763,Aluminum_6061,0.09,126.4,0.441,1.2,56.0,0.33
3764,Aluminum_6061,0.162,134.4,0.658,0.2,25.4,4.897
3765,Stainless_304,0.076,240.4,2.822,0.4,8.1,0.788
3766,Carbon_Steel_1045,0.406,51.2,0.438,0.4,19.8,20.121
3767,Carbon_Steel_1045,0.281,268.3,1.873,0.8,23.6,4.74
3768,Aluminum_6061,0.202,163.2,2.325,0.4,35.0,5.313
3769,Stainless_304,0.348,343.3,0.283,0.8,16.5,7.581
3770,Carbon_Steel_1045,0.334,257.4,0.863,0.8,33.0,6.959
3771,Stainless_304,0.473,65.7,1.287,0.2,54.5,113.208
3772,Aluminum_6061,0.483,77.8,1.644,0.8,25.4,12.962
3773,Carbon_Steel_1045,0.356,76.5,1.189,0.8,39.1,10.622
3774,Aluminum_6061,0.418,335.8,2.035,1.2,13.7,4.539
3775,Carbon_Steel_1045,0.407,255.2,0.873,0.8,48.1,11.093
3776,Aluminum_6061,0.271,178.3,0.32,1.2,16.2,1.834
3777,Aluminum_6061,0.367,110.1,0.254,0.4,34.8,15.368
3778,Carbon_Steel_1045,0.085,312.1,1.2,0.8,18.0,0.414
3779,Carbon_Steel_1045,0.391,110.5,1.245,1.2,4.0,5.607
3780,Carbon_Steel_1045,0.483,262.0,2.859,0.2,19.2,61.667
3781,Carbon_Steel_1045,0.088,279.0,0.373,0.8,12.7,0.352
3782,Carbon_Steel_1045,0.426,138.4,1.708,1.2,53.6,11.248
3783,Carbon_Steel_1045,0.47,201.5,1.839,0.8,16.0,11.338
3784,Stainless_304,0.152,116.9,2.173,1.2,58.5,2.089
3785,Stainless_304,0.286,163.7,2.007,0.4,29.5,17.222
3786,Stainless_304,0.468,339.5,0.272,1.2,13.3,9.567
3787,Aluminum_6061,0.482,257.9,1.988,0.8,23.5,12.595
3788,Carbon_Steel_1045,0.108,304.0,1.137,0.4,11.0,1.059
3789,Stainless_304,0.207,212.2,2.375,0.2,50.0,18.449
3790,Stainless_304,0.364,121.7,0.768,0.2,7.2,34.666
3791,Carbon_Steel_1045,0.15,263.9,2.22,0.4,52.4,3.549
3792,Carbon_Steel_1045,0.196,200.2,1.97,1.2,2.8,1.244
3793,Stainless_304,0.06,103.1,2.044,0.4,18.0,0.648
3794,Stainless_304,0.119,173.7,0.734,0.4,8.4,1.825
3795,Carbon_Steel_1045,0.303,240.5,2.09,0.4,41.1,12.713
3796,Aluminum_6061,0.344,270.6,2.277,0.4,30.7,12.554
3797,Stainless_304,0.342,123.0,1.596,1.2,56.4,9.377
3798,Carbon_Steel_1045,0.4,312.8,1.186,0.4,22.0,15.996
3799,Aluminum_6061,0.237,163.9,0.708,0.4,2.4,3.549
3800,Aluminum_6061,0.173,131.3,1.047,0.8,45.7,1.811
3801,Carbon_Steel_1045,0.057,108.5,2.351,0.8,34.8,0.229
3802,Carbon_Steel_1045,0.143,291.3,1.376,0.4,49.6,2.796
3803,Stainless_304,0.191,156.2,2.182,0.2,25.6,12.623
3804,Aluminum_6061,0.13,195.0,2.285,0.8,44.3,1.037
3805,Aluminum_6061,0.059,116.8,2.104,0.8,10.3,0.154
3806,Carbon_Steel_1045,0.121,255.8,2.102,0.8,60.0,1.46
3807,Aluminum_6061,0.35,284.3,1.93,0.8,10.4,4.416
3808,Carbon_Steel_1045,0.333,151.8,1.676,0.8,49.8,10.094
3809,Carbon_Steel_1045,0.471,333.5,0.794,1.2,12.7,6.975
3810,Aluminum_6061,0.409,59.2,2.568,0.2,47.0,49.862
3811,Stainless_304,0.305,89.9,2.902,0.2,51.7,51.488
3812,Aluminum_6061,0.112,226.6,1.533,1.2,52.6,0.504
3813,Stainless_304,0.304,260.4,2.816,1.2,28.5,5.064
3814,Carbon_Steel_1045,0.078,125.2,2.994,0.4,25.7,1.005
3815,Carbon_Steel_1045,0.244,216.2,1.587,0.8,50.0,3.86
3816,Stainless_304,0.226,145.5,2.242,0.4,34.8,10.026
3817,Aluminum_6061,0.243,216.2,2.02,1.2,37.3,2.24
3818,Stainless_304,0.176,247.8,0.902,0.4,14.2,4.743
3819,Aluminum_6061,0.359,341.8,0.379,1.2,26.8,3.647
3820,Stainless_304,0.428,186.7,1.497,0.4,22.2,36.848
3821,Aluminum_6061,0.396,244.5,2.415,0.4,39.9,19.207
3822,Carbon_Steel_1045,0.332,223.4,1.144,0.8,11.8,4.63
3823,Aluminum_6061,0.292,145.3,2.407,0.4,24.3,8.186
3824,Carbon_Steel_1045,0.064,125.9,2.051,0.2,50.9,1.465
3825,Aluminum_6061,0.375,346.4,2.163,0.2,32.8,26.213
3826,Aluminum_6061,0.295,112.1,1.036,1.2,53.8,4.243
3827,Aluminum_6061,0.172,287.1,1.543,0.4,14.0,2.332
3828,Aluminum_6061,0.198,94.0,0.75,0.2,26.4,7.785
3829,Carbon_Steel_1045,0.471,291.3,0.928,1.2,30.0,8.139
3830,Carbon_Steel_1045,0.331,105.7,0.497,1.2,24.0,5.057
3831,Aluminum_6061,0.264,340.1,0.599,0.4,41.1,6.082
3832,Stainless_304,0.329,255.8,0.829,0.8,8.9,7.492
3833,Carbon_Steel_1045,0.236,77.0,1.846,1.2,31.2,3.186
3834,Aluminum_6061,0.262,258.0,1.463,0.2,8.3,10.257
3835,Carbon_Steel_1045,0.181,231.1,0.984,0.4,37.8,3.878
3836,Carbon_Steel_1045,0.248,151.3,2.618,0.8,49.8,5.548
3837,Carbon_Steel_1045,0.359,128.2,1.694,0.8,1.2,6.135
3838,Stainless_304,0.068,265.6,2.789,0.4,27.4,0.707
3839,Carbon_Steel_1045,0.408,272.4,1.996,0.2,29.6,48.707
3840,Stainless_304,0.177,148.2,0.293,1.2,43.2,1.924
3841,Carbon_Steel_1045,0.357,312.9,2.762,0.8,4.5,5.371
3842,Stainless_304,0.339,130.6,2.608,1.2,24.4,7.339
3843,Carbon_Steel_1045,0.344,71.0,1.997,0.4,47.1,21.91
3844,Carbon_Steel_1045,0.324,230.0,1.721,0.8,31.9,7.685
3845,Carbon_Steel_1045,0.482,82.1,1.496,0.4,45.0,39.298
3846,Stainless_304,0.279,133.0,1.576,0.4,21.8,13.02
3847,Aluminum_6061,0.38,202.2,2.365,0.8,55.2,10.035
3848,Aluminum_6061,0.367,135.9,1.661,1.2,4.6,3.769
3849,Aluminum_6061,0.156,114.5,0.734,1.2,5.5,0.682
3850,Aluminum_6061,0.177,261.0,0.41,0.8,31.7,1.539
3851,Stainless_304,0.241,214.1,0.597,0.2,28.2,19.033
3852,Carbon_Steel_1045,0.175,301.9,0.941,0.8,38.3,1.904
3853,Aluminum_6061,0.215,224.4,1.261,1.2,13.7,1.375
3854,Carbon_Steel_1045,0.226,195.0,2.704,0.4,13.6,5.658
3855,Aluminum_6061,0.322,128.4,0.907,0.8,44.9,6.932
3856,Stainless_304,0.149,287.6,1.129,0.4,17.5,3.504
3857,Stainless_304,0.412,109.1,0.863,0.2,43.6,69.186
3858,Aluminum_6061,0.247,122.7,1.751,0.8,38.4,4.592
3859,Carbon_Steel_1045,0.368,302.5,1.947,0.4,5.0,11.783
3860,Stainless_304,0.087,272.4,1.713,0.8,42.7,0.675
3861,Carbon_Steel_1045,0.261,233.9,2.868,0.8,52.8,5.93
3862,Stainless_304,0.063,61.7,2.987,1.2,49.0,0.371
3863,Carbon_Steel_1045,0.354,88.2,2.553,1.2,0.5,4.595
3864,Aluminum_6061,0.205,200.0,2.465,0.8,32.4,2.481
3865,Carbon_Steel_1045,0.477,273.9,1.257,0.2,54.8,71.092
3866,Aluminum_6061,0.196,189.2,1.844,0.8,35.9,2.549
3867,Stainless_304,0.304,55.2,1.217,1.2,17.4,5.676
3868,Stainless_304,0.166,105.3,2.407,0.4,11.7,4.257
3869,Aluminum_6061,0.329,226.6,0.723,0.8,41.1,5.629
3870,Carbon_Steel_1045,0.26,258.3,0.846,1.2,46.3,3.292
3871,Stainless_304,0.217,60.0,0.356,0.4,54.8,12.388
3872,Stainless_304,0.142,63.0,1.925,0.4,54.3,5.537
3873,Carbon_Steel_1045,0.1,128.4,2.143,0.4,20.4,1.219
3874,Stainless_304,0.104,75.1,0.259,1.2,36.2,0.815
3875,Aluminum_6061,0.5,212.6,1.655,0.4,6.1,22.622
3876,Stainless_304,0.236,87.1,1.286,0.4,5.7,8.329
3877,Carbon_Steel_1045,0.051,244.5,2.429,0.8,4.3,0.144
3878,Aluminum_6061,0.479,283.2,0.357,0.8,55.6,14.406
3879,Carbon_Steel_1045,0.059,341.2,0.384,1.2,9.1,0.123
3880,Carbon_Steel_1045,0.238,334.5,1.956,1.2,28.9,2.394
3881,Carbon_Steel_1045,0.373,132.0,1.877,1.2,26.0,6.37
3882,Aluminum_6061,0.462,58.8,2.535,1.2,19.5,9.035
3883,Carbon_Steel_1045,0.371,148.8,1.879,0.4,32.3,18.863
3884,Stainless_304,0.259,262.5,2.861,0.4,0.2,8.524
3885,Aluminum_6061,0.488,67.9,1.115,0.8,22.8,15.01
3886,Aluminum_6061,0.068,157.9,1.344,0.8,28.8,0.258
3887,Stainless_304,0.494,139.4,2.939,0.8,48.2,28.83
3888,Carbon_Steel_1045,0.432,115.8,0.546,0.2,42.1,58.083
3889,Carbon_Steel_1045,0.468,261.8,2.439,0.2,51.0,73.447
3890,Stainless_304,0.165,247.7,0.282,0.2,22.6,8.416
3891,Aluminum_6061,0.114,210.6,1.588,0.4,8.5,1.106
3892,Stainless_304,0.348,323.2,0.672,1.2,24.1,6.111
3893,Carbon_Steel_1045,0.282,80.9,1.897,1.2,57.8,4.942
3894,Aluminum_6061,0.285,94.9,2.445,1.2,12.9,2.618
3895,Stainless_304,0.466,165.0,0.341,0.8,10.5,15.319
3896,Stainless_304,0.329,246.8,0.7,0.2,56.7,47.889
3897,Aluminum_6061,0.19,225.2,1.192,1.2,57.0,1.626
3898,Stainless_304,0.23,72.2,0.953,1.2,9.0,2.65
3899,Stainless_304,0.11,337.5,1.304,1.2,46.2,0.749
3900,Stainless_304,0.137,141.5,2.868,0.4,25.8,3.215
3901,Aluminum_6061,0.115,157.7,0.528,0.2,29.5,2.399
3902,Aluminum_6061,0.415,237.1,1.414,1.2,29.9,5.775
3903,Stainless_304,0.367,333.5,1.507,0.2,58.1,63.107
3904,Stainless_304,0.289,248.8,1.021,1.2,11.1,3.707
3905,Aluminum_6061,0.218,336.4,1.016,1.2,46.4,2.037
3906,Carbon_Steel_1045,0.351,106.3,2.216,1.2,0.3,4.207
3907,Aluminum_6061,0.416,235.6,1.949,0.8,37.7,9.631
3908,Carbon_Steel_1045,0.447,298.7,2.485,1.2,39.2,8.588
3909,Carbon_Steel_1045,0.296,202.7,1.364,1.2,45.2,4.217
3910,Aluminum_6061,0.419,158.7,1.918,1.2,55.6,7.395
3911,Carbon_Steel_1045,0.28,345.4,2.707,0.4,45.2,10.2
3912,Carbon_Steel_1045,0.264,92.3,2.591,0.8,43.9,5.654
3913,Carbon_Steel_1045,0.439,173.3,2.78,1.2,15.2,7.733
3914,Stainless_304,0.224,312.0,0.99,0.2,59.6,19.703
3915,Aluminum_6061,0.228,320.1,2.96,0.2,28.1,10.165
3916,Aluminum_6061,0.187,344.1,2.495,0.4,25.0,3.461
3917,Carbon_Steel_1045,0.283,315.5,2.436,0.4,30.1,8.999
3918,Carbon_Steel_1045,0.295,65.3,2.086,1.2,23.6,4.398
3919,Aluminum_6061,0.347,328.9,2.954,1.2,35.6,4.702
3920,Stainless_304,0.244,178.5,1.464,0.2,21.0,20.627
3921,Aluminum_6061,0.148,245.5,2.289,0.4,14.4,1.991
3922,Aluminum_6061,0.44,168.3,2.172,1.2,55.7,8.958
3923,Stainless_304,0.206,294.1,2.263,0.8,55.7,4.356
3924,Stainless_304,0.465,222.8,2.317,0.2,29.8,76.517
3925,Carbon_Steel_1045,0.143,303.7,0.775,0.8,57.7,1.77
3926,Aluminum_6061,0.302,108.1,1.21,1.2,24.9,3.354
3927,Carbon_Steel_1045,0.291,105.5,1.329,0.4,23.2,11.268
3928,Aluminum_6061,0.423,182.1,2.307,0.4,55.0,25.728
3929,Carbon_Steel_1045,0.112,51.4,2.22,0.8,38.0,1.149
3930,Carbon_Steel_1045,0.459,257.9,2.542,1.2,45.8,10.879
3931,Carbon_Steel_1045,0.289,138.8,2.418,0.8,24.8,5.59
3932,Carbon_Steel_1045,0.314,217.2,1.889,1.2,24.4,3.886
3933,Stainless_304,0.28,71.0,0.635,1.2,5.0,4.183
3934,Aluminum_6061,0.066,101.2,1.998,0.4,58.0,0.579
3935,Aluminum_6061,0.274,236.9,2.689,0.4,13.7,6.888
3936,Stainless_304,0.169,141.7,2.019,0.8,29.7,2.595
3937,Aluminum_6061,0.204,114.4,2.713,0.2,6.9,6.6
3938,Aluminum_6061,0.342,118.7,2.997,0.2,38.8,28.805
3939,Aluminum_6061,0.274,114.4,1.238,0.2,23.5,15.755
3940,Carbon_Steel_1045,0.092,236.9,2.239,1.2,46.1,0.432
3941,Carbon_Steel_1045,0.083,100.3,1.735,1.2,31.7,0.366
3942,Carbon_Steel_1045,0.134,158.8,1.501,1.2,7.8,0.658
3943,Carbon_Steel_1045,0.136,256.4,0.91,0.2,0.6,2.744
3944,Carbon_Steel_1045,0.324,204.1,0.926,0.4,12.7,11.112
3945,Aluminum_6061,0.13,229.2,0.759,0.4,43.5,1.99
3946,Stainless_304,0.447,125.3,1.987,0.2,49.7,95.069
3947,Stainless_304,0.144,329.8,0.641,0.4,20.5,3.051
3948,Carbon_Steel_1045,0.091,174.2,1.436,0.4,32.2,0.958
3949,Carbon_Steel_1045,0.444,136.1,1.689,1.2,14.4,7.12
3950,Stainless_304,0.183,321.3,1.455,0.2,52.8,15.024
3951,Aluminum_6061,0.241,246.6,2.601,1.2,57.9,2.581
3952,Aluminum_6061,0.482,234.2,1.469,1.2,45.2,10.754
3953,Stainless_304,0.475,316.0,0.478,0.2,5.3,47.132
3954,Aluminum_6061,0.372,67.6,2.979,0.4,26.2,20.106
3955,Aluminum_6061,0.081,301.3,2.574,0.4,59.4,0.836
3956,Carbon_Steel_1045,0.317,253.4,2.065,1.2,13.8,3.822
3957,Carbon_Steel_1045,0.495,158.0,2.33,1.2,40.2,12.375
3958,Carbon_Steel_1045,0.476,126.9,0.603,1.2,56.3,13.017
3959,Aluminum_6061,0.098,81.4,2.356,0.4,46.4,1.478
3960,Carbon_Steel_1045,0.228,332.3,0.821,1.2,36.5,2.055
3961,Aluminum_6061,0.192,92.6,1.595,1.2,30.4,1.568
3962,Stainless_304,0.108,127.8,0.739,0.8,55.7,1.326
3963,Aluminum_6061,0.363,257.3,2.323,0.2,23.7,25.789
3964,Aluminum_6061,0.173,263.0,0.926,0.4,54.1,2.922
3965,Carbon_Steel_1045,0.205,98.2,0.946,0.2,25.9,11.209
3966,Aluminum_6061,0.091,294.2,0.55,1.2,45.4,0.327
3967,Carbon_Steel_1045,0.274,203.1,2.232,0.4,54.9,13.342
3968,Aluminum_6061,0.121,304.5,1.064,0.8,33.0,0.774
3969,Carbon_Steel_1045,0.244,76.2,1.675,0.4,18.6,8.169
3970,Aluminum_6061,0.115,62.8,1.164,1.2,3.1,0.446
3971,Carbon_Steel_1045,0.479,241.1,2.38,1.2,48.6,12.218
3972,Aluminum_6061,0.115,95.0,0.873,0.4,37.3,1.552
3973,Aluminum_6061,0.285,207.5,2.837,0.4,15.8,8.114
3974,Aluminum_6061,0.139,54.2,1.134,0.2,52.6,6.44
3975,Stainless_304,0.084,284.0,0.536,0.2,55.2,2.978
3976,Carbon_Steel_1045,0.141,319.9,0.911,1.2,53.2,0.936
3977,Aluminum_6061,0.075,301.7,0.453,1.2,36.1,0.187
3978,Aluminum_6061,0.113,337.5,1.539,1.2,58.6,0.592
3979,Aluminum_6061,0.272,320.9,0.938,0.8,52.5,4.459
3980,Aluminum_6061,0.343,183.2,2.687,0.2,6.3,17.55
3981,Carbon_Steel_1045,0.089,169.5,1.672,0.2,58.9,2.643
3982,Carbon_Steel_1045,0.248,318.9,0.892,0.8,32.9,3.537
3983,Stainless_304,0.312,328.1,1.491,0.4,55.2,18.755
3984,Stainless_304,0.155,341.9,0.789,0.2,45.6,7.419
3985,Aluminum_6061,0.217,280.5,0.742,0.2,38.9,11.363
3986,Aluminum_6061,0.082,110.6,1.077,0.8,19.6,0.318
3987,Aluminum_6061,0.149,333.5,0.548,1.2,1.6,0.451
3988,Aluminum_6061,0.26,334.1,0.769,0.4,16.6,4.633
3989,Carbon_Steel_1045,0.496,249.8,2.83,1.2,41.1,13.012
3990,Aluminum_6061,0.498,307.2,2.084,0.4,51.8,30.199
3991,Aluminum_6061,0.491,218.4,2.783,0.8,0.1,8.767
3992,Aluminum_6061,0.24,333.2,0.956,0.2,12.5,8.667
3993,Carbon_Steel_1045,0.086,78.2,2.607,0.8,40.4,0.695
3994,Aluminum_6061,0.196,309.2,1.246,0.4,17.0,3.058
3995,Stainless_304,0.157,66.7,0.647,1.2,8.5,1.1
3996,Carbon_Steel_1045,0.056,151.7,2.463,0.4,4.9,0.302
3997,Aluminum_6061,0.093,90.6,0.414,0.2,38.3,1.896
3998,Carbon_Steel_1045,0.254,193.7,1.363,0.2,35.7,18.024
3999,Carbon_Steel_1045,0.203,119.7,2.503,0.4,51.5,8.061
4000,Carbon_Steel_1045,0.131,335.6,1.947,0.4,18.9,2.106
