meter_id,tariff_type,monthly_consumption_m3,baseline_consumption_m3,heating_degree_days,building_age_years,meter_age_years,is_anomaly
LZ-GAS-000000,residential,177.6,176.3,277.0,59.5,25.8,0
LZ-GAS-000001,commercial,871.0,809.9,258.0,59.1,14.3,0
LZ-GAS-000002,commercial,671.2,623.2,180.0,72.4,29.9,0
LZ-GAS-000003,residential,153.6,143.7,218.0,66.7,23.8,0
LZ-GAS-000004,residential,99.2,101.0,138.0,51.6,15.5,0
LZ-GAS-000005,commercial,1080.5,1143.0,396.0,26.1,4.6,0
LZ-GAS-000006,residential,228.0,242.5,400.0,39.5,14.3,0
LZ-GAS-000007,commercial,713.8,693.6,215.0,22.3,11.2,0
LZ-GAS-000008,commercial,663.9,721.0,223.0,26.9,12.2,0
LZ-GAS-000009,residential,166.8,168.8,259.0,36.8,12.3,0
LZ-GAS-000010,residential,224.8,213.3,340.0,33.9,13.5,0
LZ-GAS-000011,residential,165.4,160.7,252.0,23.2,16.3,0
LZ-GAS-000012,residential,114.8,113.9,162.0,24.4,7.7,0
LZ-GAS-000013,residential,120.6,129.4,192.0,24.9,11.3,0
LZ-GAS-000014,residential,173.4,167.9,259.0,15.3,12.3,0
LZ-GAS-000015,residential,226.8,137.5,203.0,46.6,17.7,1
LZ-GAS-000016,industrial,1979.9,2008.4,172.0,7.4,12.3,0
LZ-GAS-000017,commercial,1080.0,1104.6,384.0,19.9,18.9,0
LZ-GAS-000018,residential,168.9,182.2,278.0,13.7,7.8,0
LZ-GAS-000019,industrial,2968.1,3261.2,343.0,56.5,21.3,0
LZ-GAS-000020,residential,86.7,85.7,107.0,22.4,0.0,0
LZ-GAS-000021,residential,208.2,207.7,332.0,8.0,6.4,0
LZ-GAS-000022,residential,151.9,153.9,227.0,65.7,25.9,0
LZ-GAS-000023,residential,121.2,128.2,190.0,35.0,9.2,0
LZ-GAS-000024,residential,105.9,95.1,134.0,64.3,28.9,0
LZ-GAS-000025,residential,93.0,101.6,140.0,25.7,3.1,0
LZ-GAS-000026,residential,117.0,112.2,162.0,27.7,19.8,0
LZ-GAS-000027,industrial,2223.6,2282.9,239.0,44.7,14.7,0
LZ-GAS-000028,residential,141.4,139.9,213.0,5.6,2.4,0
LZ-GAS-000029,residential,290.4,288.1,480.0,78.2,23.2,0
LZ-GAS-000030,residential,173.2,181.9,287.0,10.7,7.4,0
LZ-GAS-000031,residential,176.8,166.5,256.0,73.1,19.3,0
LZ-GAS-000032,residential,144.0,142.8,212.0,52.8,12.4,0
LZ-GAS-000033,residential,93.2,92.1,120.0,61.1,18.7,0
LZ-GAS-000034,residential,87.7,87.5,118.0,16.8,15.1,0
LZ-GAS-000035,residential,166.3,175.4,271.0,71.4,26.0,0
LZ-GAS-000036,residential,50.3,41.9,25.0,42.9,23.6,0
LZ-GAS-000037,residential,258.3,264.2,436.0,33.1,11.3,0
LZ-GAS-000038,commercial,1165.9,1205.7,429.0,15.4,8.2,0
LZ-GAS-000039,residential,50.7,42.9,31.0,13.7,7.8,0
LZ-GAS-000040,residential,220.5,236.8,383.0,69.0,24.1,0
LZ-GAS-000041,commercial,1121.3,1065.4,369.0,77.6,27.8,0
LZ-GAS-000042,residential,271.6,230.3,372.0,33.5,23.3,0
LZ-GAS-000043,commercial,948.1,916.9,313.0,57.9,24.1,0
LZ-GAS-000044,residential,271.8,262.8,439.0,55.9,20.9,0
LZ-GAS-000045,commercial,470.5,456.3,119.0,39.5,22.8,0
LZ-GAS-000046,residential,103.5,114.8,165.0,38.4,11.8,0
LZ-GAS-000047,residential,204.0,191.9,304.0,44.3,10.6,0
LZ-GAS-000048,residential,165.0,151.4,232.0,27.7,16.4,0
LZ-GAS-000049,commercial,259.8,256.8,38.0,59.6,21.8,0
LZ-GAS-000050,residential,196.9,207.9,332.0,33.4,15.0,0
LZ-GAS-000051,residential,83.0,223.3,359.0,40.4,20.9,1
LZ-GAS-000052,residential,135.7,132.7,197.0,14.5,8.0,0
LZ-GAS-000053,residential,167.2,175.4,275.0,78.1,25.0,0
LZ-GAS-000054,residential,222.6,217.5,350.0,6.2,9.5,0
LZ-GAS-000055,residential,22.7,23.8,0.0,57.4,23.7,0
LZ-GAS-000056,commercial,491.9,550.9,152.0,52.9,24.2,0
LZ-GAS-000057,residential,88.7,84.8,111.0,27.6,13.6,0
LZ-GAS-000058,industrial,1991.9,2093.9,206.0,78.1,26.9,0
LZ-GAS-000059,residential,56.1,63.2,63.0,2.9,0.0,0
LZ-GAS-000060,residential,59.7,58.1,59.0,21.8,17.7,0
LZ-GAS-000061,residential,165.9,165.9,253.0,27.0,4.9,0
LZ-GAS-000062,residential,283.7,279.7,464.0,51.4,18.7,0
LZ-GAS-000063,residential,63.4,59.8,64.0,47.2,30.0,0
LZ-GAS-000064,residential,258.2,264.3,435.0,56.9,18.7,0
LZ-GAS-000065,residential,222.1,217.7,350.0,68.8,15.3,0
LZ-GAS-000066,residential,228.4,220.4,356.0,1.5,14.5,0
LZ-GAS-000067,residential,256.3,241.6,397.0,44.9,14.5,0
LZ-GAS-000068,industrial,1931.3,2045.7,170.0,32.1,13.3,0
LZ-GAS-000069,residential,219.0,229.6,372.0,55.1,19.0,0
LZ-GAS-000070,residential,47.6,44.2,28.0,42.2,20.3,0
LZ-GAS-000071,residential,102.7,89.9,121.0,27.9,16.9,0
LZ-GAS-000072,commercial,838.6,819.7,269.0,0.6,5.6,0
LZ-GAS-000073,residential,208.2,204.1,326.0,24.9,17.9,0
LZ-GAS-000074,residential,41.4,46.4,46.0,35.7,10.5,0
LZ-GAS-000075,commercial,183.1,167.0,0.0,27.0,16.2,0
LZ-GAS-000076,industrial,2632.8,2567.5,279.0,30.3,10.5,0
LZ-GAS-000077,industrial,2460.3,2566.2,264.0,52.1,22.6,0
LZ-GAS-000078,residential,208.3,199.0,316.0,26.8,9.4,0
LZ-GAS-000079,residential,140.0,144.0,216.0,68.1,20.9,0
LZ-GAS-000080,residential,56.7,57.3,55.0,28.9,20.7,0
LZ-GAS-000081,industrial,1462.4,3338.2,373.0,34.8,9.1,1
LZ-GAS-000082,residential,237.6,206.8,327.0,34.7,8.8,0
LZ-GAS-000083,residential,164.6,162.4,248.0,72.3,27.0,0
LZ-GAS-000084,commercial,1231.4,1299.6,480.0,48.4,16.8,0
LZ-GAS-000085,residential,171.3,166.6,257.0,77.2,23.2,0
LZ-GAS-000086,residential,244.3,254.5,423.0,0.4,5.4,0
LZ-GAS-000087,residential,131.6,140.6,208.0,76.4,30.0,0
LZ-GAS-000088,residential,25.7,27.5,0.0,15.6,4.8,0
LZ-GAS-000089,residential,66.1,68.4,74.0,71.8,22.6,0
LZ-GAS-000090,residential,22.1,25.6,0.0,3.5,7.7,0
LZ-GAS-000091,commercial,655.0,647.9,195.0,68.5,18.5,0
LZ-GAS-000092,residential,220.2,230.6,379.0,50.6,18.5,0
LZ-GAS-000093,residential,30.2,28.1,3.0,54.8,22.2,0
LZ-GAS-000094,residential,184.7,201.4,320.0,31.3,9.3,0
LZ-GAS-000095,commercial,620.2,631.6,190.0,31.0,19.4,0
LZ-GAS-000096,residential,194.2,211.5,344.0,12.5,3.4,0
LZ-GAS-000097,residential,83.9,173.4,275.0,11.2,8.1,1
LZ-GAS-000098,residential,81.3,76.8,96.0,49.9,20.2,0
LZ-GAS-000099,residential,196.8,192.7,302.0,27.4,28.8,0
LZ-GAS-000100,industrial,2403.7,2332.3,221.0,2.3,0.0,0
LZ-GAS-000101,residential,201.5,212.4,344.0,13.6,10.8,0
LZ-GAS-000102,residential,287.2,290.5,480.0,13.6,22.0,0
LZ-GAS-000103,residential,130.3,137.6,201.0,15.5,6.9,0
LZ-GAS-000104,commercial,406.9,1241.4,441.0,36.3,20.6,1
LZ-GAS-000105,residential,136.7,142.2,214.0,72.8,25.3,0
LZ-GAS-000106,residential,190.5,193.8,306.0,46.5,10.5,0
LZ-GAS-000107,residential,144.7,162.7,251.0,59.2,22.8,0
LZ-GAS-000108,residential,104.4,102.5,139.0,8.4,3.7,0
LZ-GAS-000109,residential,153.0,156.9,244.0,55.4,20.3,0
LZ-GAS-000110,commercial,594.4,600.5,168.0,69.2,15.8,0
LZ-GAS-000111,industrial,1323.1,2857.7,301.0,79.6,29.6,1
LZ-GAS-000112,residential,68.5,78.5,89.0,57.0,8.2,0
LZ-GAS-000113,industrial,1340.0,1402.9,101.0,48.6,17.3,0
LZ-GAS-000114,residential,512.2,210.7,341.0,77.0,30.0,1
LZ-GAS-000115,commercial,887.8,870.6,297.0,10.3,11.2,0
LZ-GAS-000116,commercial,896.1,902.4,301.0,63.4,20.1,0
LZ-GAS-000117,residential,194.9,191.3,301.0,57.6,19.2,0
LZ-GAS-000118,residential,231.3,224.0,364.0,58.1,18.4,0
LZ-GAS-000119,commercial,923.4,875.7,289.0,28.4,26.7,0
LZ-GAS-000120,residential,222.9,216.7,348.0,6.4,7.3,0
LZ-GAS-000121,residential,94.1,92.6,126.0,11.3,8.8,0
LZ-GAS-000122,commercial,859.6,886.9,295.0,54.2,15.9,0
LZ-GAS-000123,residential,96.7,94.6,131.0,25.0,9.9,0
LZ-GAS-000124,commercial,351.8,331.4,66.0,75.9,28.0,0
LZ-GAS-000125,residential,130.4,132.7,198.0,9.7,5.4,0
LZ-GAS-000126,residential,196.2,195.1,312.0,65.1,18.2,0
LZ-GAS-000127,residential,151.2,149.2,230.0,38.2,12.8,0
LZ-GAS-000128,residential,284.7,279.1,461.0,23.5,10.1,0
LZ-GAS-000129,residential,179.9,198.6,316.0,20.4,12.0,0
LZ-GAS-000130,industrial,2878.8,2872.1,284.0,28.3,10.7,0
LZ-GAS-000131,residential,156.7,154.3,243.0,29.4,12.4,0
LZ-GAS-000132,residential,48.7,53.8,53.0,18.1,6.8,0
LZ-GAS-000133,residential,154.5,154.3,235.0,17.5,16.6,0
LZ-GAS-000134,industrial,2470.9,2437.4,231.0,77.7,25.9,0
LZ-GAS-000135,residential,244.9,276.2,456.0,33.7,12.9,0
LZ-GAS-000136,industrial,2150.1,1876.8,125.0,49.8,19.9,0
LZ-GAS-000137,residential,143.6,140.0,212.0,56.2,19.8,0
LZ-GAS-000138,residential,104.0,95.3,134.0,26.6,4.8,0
LZ-GAS-000139,commercial,770.5,782.6,248.0,74.8,23.8,0
LZ-GAS-000140,commercial,174.6,172.0,2.0,23.5,20.1,0
LZ-GAS-000141,residential,161.5,172.1,267.0,15.4,12.4,0
LZ-GAS-000142,residential,148.1,150.8,230.0,3.6,12.8,0
LZ-GAS-000143,commercial,805.6,814.0,252.0,21.0,7.9,0
LZ-GAS-000144,residential,298.7,286.9,480.0,4.9,0.0,0
LZ-GAS-000145,industrial,2696.3,2422.5,217.0,50.2,15.1,0
LZ-GAS-000146,residential,165.0,185.8,291.0,46.0,24.3,0
LZ-GAS-000147,residential,147.4,149.6,226.0,1.8,1.5,0
LZ-GAS-000148,residential,248.5,228.6,370.0,76.0,21.0,0
LZ-GAS-000149,industrial,3890.1,3942.6,480.0,58.3,26.1,0
LZ-GAS-000150,residential,248.8,272.5,450.0,44.0,15.7,0
LZ-GAS-000151,commercial,922.6,834.1,272.0,75.6,23.9,0
LZ-GAS-000152,residential,65.6,58.3,62.0,42.4,18.5,0
LZ-GAS-000153,commercial,900.4,845.4,285.0,14.1,10.0,0
LZ-GAS-000154,residential,31.1,30.4,12.0,62.4,20.1,0
LZ-GAS-000155,industrial,1626.9,1614.0,113.0,76.4,26.4,0
LZ-GAS-000156,residential,105.8,107.6,151.0,4.8,3.6,0
LZ-GAS-000157,residential,71.5,67.7,83.0,40.3,15.9,0
LZ-GAS-000158,residential,161.8,150.6,228.0,18.1,13.8,0
LZ-GAS-000159,residential,116.5,126.2,180.0,72.3,18.8,0
LZ-GAS-000160,residential,105.8,96.6,131.0,7.7,6.9,0
LZ-GAS-000161,industrial,2737.9,2801.3,277.0,64.5,16.4,0
LZ-GAS-000162,commercial,512.1,500.2,132.0,16.5,13.9,0
LZ-GAS-000163,residential,240.5,241.8,396.0,51.3,21.9,0
LZ-GAS-000164,residential,199.8,193.9,311.0,55.4,24.6,0
LZ-GAS-000165,residential,118.0,116.5,171.0,60.8,26.4,0
LZ-GAS-000166,residential,201.3,180.2,285.0,4.2,12.2,0
LZ-GAS-000167,residential,97.5,100.4,138.0,38.7,19.3,0
LZ-GAS-000168,residential,105.8,102.5,145.0,10.0,4.6,0
LZ-GAS-000169,industrial,3476.3,3223.7,361.0,10.1,13.2,0
LZ-GAS-000170,residential,42.1,38.3,18.0,13.0,4.7,0
LZ-GAS-000171,residential,161.1,179.4,288.0,11.8,20.6,0
LZ-GAS-000172,residential,322.7,288.9,479.0,74.8,26.1,0
LZ-GAS-000173,residential,27.4,25.2,0.0,44.8,20.2,0
LZ-GAS-000174,residential,308.0,289.7,480.0,20.3,4.9,0
LZ-GAS-000175,residential,24.7,25.6,0.0,38.8,21.1,0
LZ-GAS-000176,commercial,158.2,179.2,0.0,4.4,13.0,0
LZ-GAS-000177,commercial,176.1,174.4,0.0,17.3,2.5,0
LZ-GAS-000178,commercial,361.8,351.4,73.0,50.2,15.8,0
LZ-GAS-000179,residential,93.2,104.5,148.0,55.6,17.6,0
LZ-GAS-000180,industrial,834.2,846.3,0.0,49.3,15.1,0
LZ-GAS-000181,commercial,648.4,658.3,199.0,78.8,30.0,0
LZ-GAS-000182,commercial,977.3,979.7,333.0,78.4,30.0,0
LZ-GAS-000183,residential,55.1,92.9,123.0,66.7,17.3,1
LZ-GAS-000184,industrial,2374.9,2411.8,241.0,37.3,20.6,0
LZ-GAS-000185,residential,182.5,191.4,307.0,60.6,19.8,0
LZ-GAS-000186,residential,295.2,278.9,454.0,19.9,17.8,0
LZ-GAS-000187,residential,331.7,143.6,214.0,69.2,11.0,1
LZ-GAS-000188,residential,200.3,202.7,320.0,19.5,8.7,0
LZ-GAS-000189,residential,219.9,186.6,293.0,79.3,30.0,0
LZ-GAS-000190,residential,157.8,154.0,232.0,1.1,2.5,0
LZ-GAS-000191,residential,149.5,126.0,180.0,63.7,27.9,0
LZ-GAS-000192,residential,164.7,177.8,273.0,40.1,13.5,0
LZ-GAS-000193,residential,364.8,199.2,317.0,65.3,28.0,1
LZ-GAS-000194,residential,52.6,54.1,51.0,41.7,19.3,0
LZ-GAS-000195,residential,107.8,123.5,176.0,66.7,20.6,0
LZ-GAS-000196,residential,172.0,170.4,270.0,56.7,16.3,0
LZ-GAS-000197,residential,146.0,170.2,264.0,51.1,17.9,0
LZ-GAS-000198,industrial,1244.8,2673.9,269.0,76.1,30.0,1
LZ-GAS-000199,residential,683.2,265.7,441.0,9.4,8.3,1
LZ-GAS-000200,commercial,595.1,1044.8,364.0,74.1,21.2,1
LZ-GAS-000201,residential,57.3,59.7,59.0,41.7,30.0,0
LZ-GAS-000202,residential,277.0,264.5,434.0,56.6,12.2,0
LZ-GAS-000203,residential,185.4,97.5,132.0,53.5,18.2,1
LZ-GAS-000204,residential,35.7,87.2,115.0,31.3,16.5,1
LZ-GAS-000205,residential,221.0,227.7,368.0,42.1,11.3,0
LZ-GAS-000206,commercial,666.4,662.5,181.0,77.8,25.4,0
LZ-GAS-000207,industrial,853.0,915.2,1.0,39.1,13.7,0
LZ-GAS-000208,commercial,875.5,902.3,307.0,73.3,16.9,0
LZ-GAS-000209,residential,173.7,177.9,284.0,0.7,8.4,0
LZ-GAS-000210,residential,189.1,189.9,296.0,45.9,11.8,0
LZ-GAS-000211,residential,46.5,46.9,38.0,55.1,16.0,0
LZ-GAS-000212,residential,231.7,205.2,331.0,31.6,20.1,0
LZ-GAS-000213,residential,107.3,105.9,142.0,6.5,2.0,0
LZ-GAS-000214,commercial,935.4,1024.0,344.0,63.4,24.9,0
LZ-GAS-000215,residential,60.4,55.9,59.0,60.2,26.9,0
LZ-GAS-000216,commercial,424.1,399.9,96.0,30.5,18.6,0
LZ-GAS-000217,commercial,166.0,185.8,0.0,7.8,10.3,0
LZ-GAS-000218,residential,102.8,91.5,121.0,67.2,21.6,0
LZ-GAS-000219,commercial,1066.1,1063.1,365.0,62.1,14.5,0
LZ-GAS-000220,commercial,822.9,807.6,255.0,66.7,23.4,0
LZ-GAS-000221,residential,102.6,105.2,148.0,65.5,24.6,0
LZ-GAS-000222,residential,244.1,248.3,405.0,21.0,8.7,0
LZ-GAS-000223,residential,160.2,160.4,251.0,50.0,13.5,0
LZ-GAS-000224,residential,211.0,205.6,326.0,37.3,19.6,0
LZ-GAS-000225,residential,192.2,174.5,268.0,31.2,8.5,0
LZ-GAS-000226,residential,142.8,134.9,210.0,32.8,16.4,0
LZ-GAS-000227,residential,161.7,155.7,242.0,53.9,17.0,0
LZ-GAS-000228,commercial,857.4,859.2,281.0,79.8,17.5,0
LZ-GAS-000229,commercial,983.7,1054.2,374.0,37.8,23.5,0
LZ-GAS-000230,residential,184.6,191.7,303.0,29.3,16.3,0
LZ-GAS-000231,commercial,1075.7,1006.6,341.0,50.2,21.2,0
LZ-GAS-000232,commercial,375.7,364.0,76.0,50.3,11.4,0
LZ-GAS-000233,commercial,181.5,189.9,0.0,32.6,13.5,0
LZ-GAS-000234,residential,170.6,170.5,265.0,51.7,20.3,0
LZ-GAS-000235,residential,180.7,161.3,244.0,52.5,15.3,0
LZ-GAS-000236,residential,187.5,178.9,281.0,59.7,29.1,0
LZ-GAS-000237,residential,75.6,73.0,89.0,13.4,0.0,0
LZ-GAS-000238,residential,87.7,156.2,242.0,52.2,22.5,1
LZ-GAS-000239,industrial,1201.5,1303.7,82.0,33.4,4.8,0
LZ-GAS-000240,residential,152.4,153.4,234.0,70.4,15.7,0
LZ-GAS-000241,residential,139.8,142.2,213.0,49.5,11.9,0
LZ-GAS-000242,residential,140.9,134.0,199.0,64.9,25.0,0
LZ-GAS-000243,residential,166.1,168.2,264.0,64.8,18.5,0
LZ-GAS-000244,residential,108.3,109.9,156.0,17.0,6.8,0
LZ-GAS-000245,residential,147.9,147.9,220.0,6.2,2.9,0
LZ-GAS-000246,residential,189.9,198.6,315.0,60.8,13.6,0
LZ-GAS-000247,residential,244.2,260.0,423.0,4.4,2.5,0
LZ-GAS-000248,commercial,767.1,850.7,277.0,75.9,19.9,0
LZ-GAS-000249,residential,215.0,206.1,331.0,55.2,18.0,0
LZ-GAS-000250,residential,195.7,194.4,300.0,33.9,12.4,0
LZ-GAS-000251,residential,263.7,267.3,444.0,53.6,7.2,0
LZ-GAS-000252,residential,295.8,285.6,480.0,10.6,5.2,0
LZ-GAS-000253,residential,232.0,99.6,138.0,51.1,24.6,1
LZ-GAS-000254,residential,193.9,198.1,314.0,73.6,21.8,0
LZ-GAS-000255,residential,149.4,171.2,263.0,0.0,5.4,0
LZ-GAS-000256,residential,296.3,263.6,433.0,75.0,20.9,0
LZ-GAS-000257,commercial,159.3,171.7,0.0,24.9,8.5,0
LZ-GAS-000258,residential,113.1,103.1,137.0,31.8,13.3,0
LZ-GAS-000259,residential,24.5,25.7,0.0,75.2,17.7,0
LZ-GAS-000260,residential,240.5,248.7,406.0,63.7,20.8,0
LZ-GAS-000261,commercial,744.0,797.0,260.0,30.8,5.0,0
LZ-GAS-000262,residential,174.8,199.5,311.0,78.4,26.9,0
LZ-GAS-000263,residential,197.7,179.9,277.0,2.6,0.0,0
LZ-GAS-000264,residential,148.3,166.3,260.0,52.8,22.1,0
LZ-GAS-000265,residential,175.0,179.8,277.0,40.8,20.9,0
LZ-GAS-000266,industrial,1940.7,2011.9,168.0,71.0,15.2,0
LZ-GAS-000267,residential,24.4,24.5,0.0,1.5,9.3,0
LZ-GAS-000268,residential,189.1,173.7,266.0,25.7,10.0,0
LZ-GAS-000269,commercial,606.8,687.1,215.0,38.3,21.0,0
LZ-GAS-000270,residential,107.2,106.6,148.0,5.9,4.4,0
LZ-GAS-000271,residential,100.8,105.6,142.0,51.6,17.0,0
LZ-GAS-000272,residential,247.4,243.2,396.0,67.8,21.0,0
LZ-GAS-000273,commercial,452.8,458.1,124.0,72.5,30.0,0
LZ-GAS-000274,residential,65.4,68.8,82.0,11.5,0.0,0
LZ-GAS-000275,commercial,1017.2,930.1,311.0,40.5,19.5,0
LZ-GAS-000276,residential,255.3,253.0,417.0,78.8,25.7,0
LZ-GAS-000277,commercial,297.6,303.0,51.0,5.7,4.5,0
LZ-GAS-000278,commercial,405.5,408.8,91.0,56.4,18.4,0
LZ-GAS-000279,commercial,361.4,371.4,83.0,22.9,15.9,0
LZ-GAS-000280,residential,178.8,172.7,273.0,72.7,27.8,0
LZ-GAS-000281,residential,191.2,189.1,297.0,48.7,26.2,0
LZ-GAS-000282,residential,248.2,253.9,410.0,71.7,20.2,0
LZ-GAS-000283,residential,137.5,143.0,215.0,4.0,0.0,0
LZ-GAS-000284,commercial,558.5,640.3,189.0,48.4,14.8,0
LZ-GAS-000285,residential,97.0,104.3,142.0,33.6,12.9,0
LZ-GAS-000286,residential,232.7,230.3,372.0,8.6,5.4,0
LZ-GAS-000287,residential,102.3,101.2,143.0,32.7,19.8,0
LZ-GAS-000288,commercial,433.7,456.0,112.0,59.3,30.0,0
LZ-GAS-000289,commercial,720.7,647.0,191.0,46.6,19.0,0
LZ-GAS-000290,residential,154.1,143.4,218.0,47.5,8.4,0
LZ-GAS-000291,residential,169.3,177.2,275.0,22.4,16.3,0
LZ-GAS-000292,commercial,530.7,500.3,138.0,40.7,12.4,0
LZ-GAS-000293,residential,251.2,272.6,454.0,35.7,14.6,0
LZ-GAS-000294,commercial,1350.6,1310.5,476.0,72.8,27.9,0
LZ-GAS-000295,industrial,661.9,1450.3,72.0,70.2,24.9,1
LZ-GAS-000296,industrial,2756.8,2534.4,241.0,35.0,13.9,0
LZ-GAS-000297,commercial,348.2,394.1,88.0,40.3,17.0,0
LZ-GAS-000298,commercial,662.1,646.0,184.0,23.4,15.1,0
LZ-GAS-000299,residential,32.9,55.5,58.0,45.4,20.0,1
LZ-GAS-000300,residential,136.7,128.1,184.0,10.4,18.4,0
LZ-GAS-000301,residential,168.4,165.5,257.0,77.3,9.8,0
LZ-GAS-000302,commercial,594.9,736.2,244.0,33.2,9.9,0
LZ-GAS-000303,commercial,273.4,295.6,43.0,0.7,2.7,0
LZ-GAS-000304,commercial,220.7,184.7,0.0,23.8,15.5,0
LZ-GAS-000305,residential,23.4,22.2,0.0,75.9,25.6,0
LZ-GAS-000306,residential,220.5,234.9,383.0,24.8,15.9,0
LZ-GAS-000307,residential,146.1,134.4,197.0,30.9,6.1,0
LZ-GAS-000308,residential,166.3,151.4,231.0,78.0,23.9,0
LZ-GAS-000309,commercial,1177.6,1185.1,414.0,62.8,24.4,0
LZ-GAS-000310,residential,72.9,70.4,88.0,28.8,12.4,0
LZ-GAS-000311,residential,194.0,181.8,277.0,13.2,6.8,0
LZ-GAS-000312,residential,111.6,97.4,132.0,31.3,14.7,0
LZ-GAS-000313,commercial,720.8,760.1,246.0,29.9,21.2,0
LZ-GAS-000314,residential,24.6,24.0,0.0,71.6,12.8,0
LZ-GAS-000315,commercial,519.2,573.8,168.0,43.1,24.2,0
LZ-GAS-000316,industrial,2289.3,2162.8,212.0,74.0,25.4,0
LZ-GAS-000317,residential,148.9,152.6,236.0,78.9,20.9,0
LZ-GAS-000318,residential,36.1,42.4,31.0,69.6,26.2,0
LZ-GAS-000319,commercial,683.0,643.0,188.0,32.5,13.8,0
LZ-GAS-000320,industrial,3228.8,3011.1,338.0,31.2,19.3,0
LZ-GAS-000321,residential,161.2,140.7,209.0,43.8,12.4,0
LZ-GAS-000322,commercial,1001.3,978.1,335.0,54.3,23.9,0
LZ-GAS-000323,commercial,849.1,953.8,309.0,67.9,17.9,0
LZ-GAS-000324,industrial,2343.3,2590.6,253.0,65.4,23.4,0
LZ-GAS-000325,residential,269.2,121.2,172.0,25.0,15.2,1
LZ-GAS-000326,residential,140.9,152.8,231.0,58.9,19.8,0
LZ-GAS-000327,industrial,1542.1,1566.2,97.0,30.1,16.2,0
LZ-GAS-000328,residential,187.8,194.5,309.0,62.1,18.0,0
LZ-GAS-000329,residential,184.4,168.7,264.0,1.1,11.0,0
LZ-GAS-000330,residential,251.9,236.8,379.0,67.9,19.9,0
LZ-GAS-000331,residential,88.9,291.9,480.0,55.8,15.9,1
LZ-GAS-000332,commercial,1075.6,995.1,333.0,11.7,7.8,0
LZ-GAS-000333,residential,179.2,185.7,296.0,20.0,10.2,0
LZ-GAS-000334,industrial,2479.7,2499.6,246.0,24.9,7.5,0
LZ-GAS-000335,residential,195.4,210.1,334.0,41.1,19.7,0
LZ-GAS-000336,commercial,1204.8,1151.3,404.0,72.5,23.0,0
LZ-GAS-000337,residential,110.6,122.7,184.0,77.6,27.9,0
LZ-GAS-000338,residential,52.9,54.1,53.0,48.2,10.0,0
LZ-GAS-000339,residential,44.1,44.3,40.0,8.7,1.1,0
LZ-GAS-000340,residential,211.9,216.9,353.0,78.3,23.7,0
LZ-GAS-000341,residential,432.4,181.8,283.0,76.8,19.7,1
LZ-GAS-000342,commercial,300.1,835.3,292.0,7.0,6.6,1
LZ-GAS-000343,residential,49.2,27.3,0.0,53.3,21.6,1
LZ-GAS-000344,residential,99.7,103.2,146.0,53.3,24.4,0
LZ-GAS-000345,industrial,1044.4,955.8,14.0,52.9,26.0,0
LZ-GAS-000346,commercial,326.2,343.1,69.0,58.0,23.9,0
LZ-GAS-000347,industrial,1739.0,1813.3,145.0,0.4,2.0,0
LZ-GAS-000348,residential,91.8,96.0,130.0,24.7,14.4,0
LZ-GAS-000349,residential,272.2,261.1,432.0,27.0,9.6,0
LZ-GAS-000350,residential,51.7,53.9,52.0,51.9,21.2,0
LZ-GAS-000351,residential,95.7,98.7,138.0,7.6,2.1,0
LZ-GAS-000352,residential,90.1,91.4,121.0,22.1,17.7,0
LZ-GAS-000353,residential,150.6,151.5,230.0,14.0,11.0,0
LZ-GAS-000354,residential,229.9,199.4,318.0,3.8,5.0,0
LZ-GAS-000355,residential,90.1,90.1,114.0,37.9,8.1,0
LZ-GAS-000356,commercial,173.6,177.5,0.0,16.3,11.0,0
LZ-GAS-000357,residential,114.6,114.1,164.0,38.6,12.5,0
LZ-GAS-000358,residential,170.5,180.0,274.0,16.5,10.9,0
LZ-GAS-000359,residential,65.7,69.7,76.0,63.4,17.8,0
LZ-GAS-000360,residential,220.1,218.7,350.0,8.9,5.0,0
LZ-GAS-000361,residential,74.3,71.2,85.0,61.7,24.0,0
LZ-GAS-000362,residential,99.3,102.3,135.0,52.6,26.0,0
LZ-GAS-000363,residential,110.0,114.2,161.0,12.7,2.3,0
LZ-GAS-000364,residential,306.0,286.0,475.0,30.3,12.1,0
LZ-GAS-000365,residential,181.4,203.5,325.0,30.6,15.1,0
LZ-GAS-000366,residential,159.4,174.3,268.0,36.4,13.8,0
LZ-GAS-000367,commercial,391.3,390.9,86.0,54.0,16.8,0
LZ-GAS-000368,commercial,396.8,344.3,72.0,1.2,16.6,0
LZ-GAS-000369,residential,88.2,90.6,127.0,13.2,4.6,0
LZ-GAS-000370,residential,296.1,265.2,434.0,55.9,21.3,0
LZ-GAS-000371,residential,240.1,241.9,394.0,7.4,4.9,0
LZ-GAS-000372,industrial,2171.5,2521.2,240.0,67.5,21.9,0
LZ-GAS-000373,industrial,1949.9,1743.4,127.0,29.6,1.5,0
LZ-GAS-000374,residential,28.7,27.0,0.0,2.9,10.6,0
LZ-GAS-000375,industrial,1895.5,1978.0,160.0,61.5,19.8,0
LZ-GAS-000376,residential,178.8,184.5,290.0,19.6,5.6,0
LZ-GAS-000377,residential,205.1,186.9,295.0,79.9,30.0,0
LZ-GAS-000378,residential,172.2,171.4,273.0,73.8,22.6,0
LZ-GAS-000379,industrial,1743.0,1615.2,127.0,70.8,20.1,0
LZ-GAS-000380,residential,198.9,187.6,288.0,70.7,18.9,0
LZ-GAS-000381,residential,130.4,132.7,199.0,5.9,12.3,0
LZ-GAS-000382,residential,205.4,209.0,337.0,2.1,6.2,0
LZ-GAS-000383,residential,179.6,168.8,254.0,32.1,12.0,0
LZ-GAS-000384,residential,236.7,203.2,323.0,33.6,7.3,0
LZ-GAS-000385,residential,169.8,166.8,265.0,32.7,9.2,0
LZ-GAS-000386,commercial,475.5,522.4,158.0,47.7,19.1,0
LZ-GAS-000387,commercial,1083.3,1060.0,377.0,62.7,21.1,0
LZ-GAS-000388,commercial,341.0,373.0,83.0,63.1,11.2,0
LZ-GAS-000389,commercial,937.4,935.8,310.0,74.4,19.7,0
LZ-GAS-000390,commercial,591.1,574.9,162.0,54.1,20.2,0
LZ-GAS-000391,commercial,153.9,584.9,172.0,70.2,30.0,1
LZ-GAS-000392,residential,161.8,168.0,257.0,7.3,3.6,0
LZ-GAS-000393,commercial,538.7,521.7,151.0,2.1,0.0,0
LZ-GAS-000394,residential,74.1,71.0,85.0,36.1,18.3,0
LZ-GAS-000395,residential,80.9,81.1,98.0,70.6,20.7,0
LZ-GAS-000396,commercial,380.8,390.1,71.0,30.8,6.6,0
LZ-GAS-000397,residential,131.2,146.8,224.0,8.9,10.5,0
LZ-GAS-000398,industrial,2190.9,2533.0,263.0,10.1,6.9,0
LZ-GAS-000399,residential,137.6,140.4,209.0,18.3,5.3,0
LZ-GAS-000400,residential,35.0,33.2,14.0,69.1,16.2,0
LZ-GAS-000401,industrial,2205.6,2502.4,238.0,26.9,11.6,0
LZ-GAS-000402,residential,219.6,216.4,346.0,68.7,23.1,0
LZ-GAS-000403,residential,68.0,66.8,70.0,75.4,15.5,0
LZ-GAS-000404,residential,89.1,84.4,101.0,62.0,25.9,0
LZ-GAS-000405,industrial,3389.8,3173.6,342.0,73.9,17.6,0
LZ-GAS-000406,residential,132.4,132.0,198.0,20.4,17.6,0
LZ-GAS-000407,commercial,1177.4,1050.1,364.0,15.6,11.1,0
LZ-GAS-000408,residential,124.0,122.2,176.0,19.3,9.4,0
LZ-GAS-000409,commercial,229.9,251.6,31.0,1.4,7.5,0
LZ-GAS-000410,commercial,704.0,716.3,216.0,74.5,21.2,0
LZ-GAS-000411,residential,144.8,144.1,214.0,16.5,9.3,0
LZ-GAS-000412,industrial,2808.3,2612.5,260.0,50.4,26.3,0
LZ-GAS-000413,residential,85.7,84.5,108.0,22.8,8.3,0
LZ-GAS-000414,residential,233.6,115.0,160.0,43.2,20.4,1
LZ-GAS-000415,residential,281.3,287.6,480.0,34.9,9.7,0
LZ-GAS-000416,commercial,535.7,515.8,147.0,57.7,19.8,0
LZ-GAS-000417,residential,230.9,261.2,431.0,16.1,14.3,0
LZ-GAS-000418,residential,65.8,62.6,72.0,23.1,5.3,0
LZ-GAS-000419,residential,169.4,162.1,251.0,11.1,9.9,0
LZ-GAS-000420,residential,162.3,168.6,270.0,26.0,1.2,0
LZ-GAS-000421,commercial,1019.5,985.7,336.0,66.7,16.4,0
LZ-GAS-000422,residential,153.8,144.7,220.0,77.1,22.7,0
LZ-GAS-000423,commercial,545.3,515.0,135.0,1.2,10.2,0
LZ-GAS-000424,residential,168.3,156.3,235.0,67.6,26.0,0
LZ-GAS-000425,industrial,1055.2,1107.0,25.0,58.7,15.6,0
LZ-GAS-000426,residential,21.3,21.9,0.0,6.3,6.4,0
LZ-GAS-000427,residential,32.4,34.8,17.0,12.8,9.6,0
LZ-GAS-000428,commercial,1064.4,1214.1,429.0,69.2,15.0,0
LZ-GAS-000429,residential,215.3,204.9,331.0,15.5,11.5,0
LZ-GAS-000430,commercial,1333.4,1303.2,465.0,72.6,30.0,0
LZ-GAS-000431,residential,164.6,180.7,286.0,43.2,22.5,0
LZ-GAS-000432,residential,38.6,36.8,27.0,78.8,22.2,0
LZ-GAS-000433,residential,78.1,75.4,90.0,40.4,13.6,0
LZ-GAS-000434,industrial,2502.4,2567.3,262.0,10.5,3.4,0
LZ-GAS-000435,residential,70.5,90.3,111.0,48.5,15.1,0
LZ-GAS-000436,residential,76.6,77.7,95.0,35.6,13.1,0
LZ-GAS-000437,residential,65.0,66.9,78.0,5.7,10.3,0
LZ-GAS-000438,residential,97.2,91.3,120.0,65.5,22.3,0
LZ-GAS-000439,residential,24.9,25.1,0.0,71.9,18.8,0
LZ-GAS-000440,residential,169.4,177.1,277.0,77.1,28.9,0
LZ-GAS-000441,residential,97.0,92.5,126.0,51.5,22.8,0
LZ-GAS-000442,residential,251.1,236.8,388.0,46.7,14.1,0
LZ-GAS-000443,commercial,1375.3,1256.3,439.0,15.6,8.2,0
LZ-GAS-000444,residential,149.0,140.0,212.0,77.1,24.3,0
LZ-GAS-000445,residential,203.5,225.8,359.0,58.8,12.0,0
LZ-GAS-000446,commercial,1031.1,1047.1,366.0,53.5,19.6,0
LZ-GAS-000447,commercial,816.3,787.2,248.0,55.6,22.8,0
LZ-GAS-000448,residential,120.2,133.4,197.0,67.3,30.0,0
LZ-GAS-000449,commercial,1068.2,1136.4,390.0,27.4,13.3,0
LZ-GAS-000450,residential,181.8,194.7,308.0,8.9,6.3,0
LZ-GAS-000451,residential,137.6,133.5,197.0,79.3,24.6,0
LZ-GAS-000452,commercial,504.7,544.9,155.0,2.5,9.2,0
LZ-GAS-000453,residential,158.9,147.1,221.0,21.7,14.9,0
LZ-GAS-000454,residential,224.0,215.5,344.0,39.4,11.1,0
LZ-GAS-000455,residential,215.8,197.9,311.0,3.2,7.3,0
LZ-GAS-000456,residential,102.9,103.3,143.0,24.8,15.0,0
LZ-GAS-000457,residential,142.0,135.5,201.0,69.6,12.9,0
LZ-GAS-000458,commercial,708.3,761.4,243.0,50.0,24.9,0
LZ-GAS-000459,residential,107.4,112.7,167.0,46.7,16.1,0
LZ-GAS-000460,residential,143.9,140.4,209.0,1.5,10.2,0
LZ-GAS-000461,commercial,386.6,383.5,92.0,34.2,13.8,0
LZ-GAS-000462,residential,92.8,88.3,115.0,9.8,6.7,0
LZ-GAS-000463,residential,172.4,166.3,259.0,31.0,12.9,0
LZ-GAS-000464,commercial,796.1,777.8,252.0,31.1,14.7,0
LZ-GAS-000465,residential,106.4,124.4,181.0,34.0,18.4,0
LZ-GAS-000466,commercial,1472.8,1314.1,480.0,25.3,10.5,0
LZ-GAS-000467,commercial,622.6,657.9,199.0,62.5,15.5,0
LZ-GAS-000468,residential,215.2,200.3,313.0,37.1,11.3,0
LZ-GAS-000469,commercial,766.6,822.5,258.0,72.6,18.8,0
LZ-GAS-000470,residential,123.0,116.1,159.0,27.5,16.2,0
LZ-GAS-000471,residential,212.3,198.5,311.0,11.5,3.6,0
LZ-GAS-000472,commercial,1031.8,1062.8,365.0,28.4,20.2,0
LZ-GAS-000473,residential,147.3,151.6,223.0,69.7,23.6,0
LZ-GAS-000474,residential,167.7,182.9,287.0,28.7,12.3,0
LZ-GAS-000475,residential,281.2,290.9,480.0,65.6,28.5,0
LZ-GAS-000476,residential,41.5,84.6,106.0,55.4,17.6,1
LZ-GAS-000477,residential,122.3,132.7,195.0,20.7,9.2,0
LZ-GAS-000478,residential,159.0,186.2,296.0,15.3,13.3,0
LZ-GAS-000479,residential,142.2,147.8,222.0,9.0,11.5,0
LZ-GAS-000480,residential,92.4,92.1,115.0,35.9,9.5,0
LZ-GAS-000481,residential,125.9,112.7,158.0,55.6,30.0,0
LZ-GAS-000482,residential,120.9,129.5,191.0,23.5,14.3,0
LZ-GAS-000483,industrial,4436.4,2128.8,186.0,76.4,18.4,1
LZ-GAS-000484,residential,149.5,150.3,229.0,1.1,5.0,0
LZ-GAS-000485,residential,289.0,260.9,429.0,62.8,25.9,0
LZ-GAS-000486,residential,173.3,161.5,251.0,13.6,10.1,0
LZ-GAS-000487,residential,124.0,121.8,173.0,79.8,29.8,0
LZ-GAS-000488,industrial,2969.8,2907.1,312.0,7.9,19.4,0
LZ-GAS-000489,commercial,912.5,912.9,306.0,73.7,28.7,0
LZ-GAS-000490,residential,73.7,70.6,83.0,32.1,23.6,0
LZ-GAS-000491,residential,109.8,100.5,143.0,22.9,14.7,0
LZ-GAS-000492,commercial,325.5,391.3,79.0,3.3,3.1,0
LZ-GAS-000493,residential,170.3,174.9,266.0,17.5,17.5,0
LZ-GAS-000494,residential,220.6,208.0,335.0,30.7,9.8,0
LZ-GAS-000495,residential,125.7,136.4,193.0,74.9,29.1,0
LZ-GAS-000496,commercial,982.0,1101.1,383.0,77.4,28.2,0
LZ-GAS-000497,residential,110.2,105.6,148.0,6.4,3.0,0
LZ-GAS-000498,residential,115.8,125.3,181.0,45.0,13.4,0
LZ-GAS-000499,residential,137.1,143.7,214.0,2.6,5.4,0
LZ-GAS-000500,residential,162.5,159.3,246.0,8.3,9.7,0
LZ-GAS-000501,commercial,1361.5,1240.3,439.0,49.3,24.6,0
LZ-GAS-000502,commercial,660.2,349.3,78.0,42.1,16.6,1
LZ-GAS-000503,residential,188.7,189.4,296.0,72.0,30.0,0
LZ-GAS-000504,commercial,689.2,730.7,233.0,72.3,28.1,0
LZ-GAS-000505,residential,452.8,228.9,376.0,12.8,5.7,1
LZ-GAS-000506,residential,51.0,51.9,49.0,50.7,15.3,0
LZ-GAS-000507,residential,71.9,62.1,72.0,64.5,22.3,0
LZ-GAS-000508,residential,279.0,271.7,445.0,61.8,18.6,0
LZ-GAS-000509,residential,245.8,241.0,387.0,45.4,16.6,0
LZ-GAS-000510,commercial,1119.4,1035.2,363.0,41.0,19.9,0
LZ-GAS-000511,commercial,586.3,670.0,207.0,45.7,18.5,0
LZ-GAS-000512,residential,245.5,221.2,361.0,33.1,18.9,0
LZ-GAS-000513,commercial,720.0,700.8,224.0,45.2,13.6,0
LZ-GAS-000514,commercial,365.0,361.7,81.0,71.3,19.3,0
LZ-GAS-000515,residential,130.0,137.6,205.0,27.8,5.7,0
LZ-GAS-000516,residential,133.6,125.5,188.0,35.3,5.7,0
LZ-GAS-000517,residential,72.6,75.0,88.0,35.0,12.3,0
LZ-GAS-000518,residential,105.2,110.9,148.0,69.3,23.5,0
LZ-GAS-000519,residential,86.0,95.6,132.0,19.6,9.7,0
LZ-GAS-000520,residential,201.6,185.1,291.0,35.2,14.6,0
LZ-GAS-000521,residential,204.8,215.9,349.0,60.1,30.0,0
LZ-GAS-000522,residential,214.6,222.3,368.0,31.4,8.2,0
LZ-GAS-000523,residential,227.8,221.8,365.0,68.4,21.6,0
LZ-GAS-000524,residential,77.8,74.8,84.0,43.0,14.1,0
LZ-GAS-000525,residential,209.9,188.3,297.0,7.9,3.3,0
LZ-GAS-000526,residential,200.5,208.7,328.0,29.3,19.9,0
LZ-GAS-000527,industrial,2480.4,2701.1,276.0,11.7,8.6,0
LZ-GAS-000528,residential,79.5,81.8,100.0,35.1,20.9,0
LZ-GAS-000529,residential,25.7,27.3,0.0,29.1,7.5,0
LZ-GAS-000530,residential,149.2,157.7,243.0,27.1,22.0,0
LZ-GAS-000531,residential,183.6,91.1,115.0,66.4,30.0,1
LZ-GAS-000532,residential,228.2,214.2,339.0,71.8,19.4,0
LZ-GAS-000533,commercial,261.1,251.0,31.0,60.5,20.9,0
LZ-GAS-000534,commercial,763.6,884.8,293.0,61.3,20.5,0
LZ-GAS-000535,residential,99.7,114.1,166.0,71.4,26.5,0
LZ-GAS-000536,residential,60.0,55.8,50.0,73.4,17.7,0
LZ-GAS-000537,residential,102.4,113.4,164.0,14.0,11.7,0
LZ-GAS-000538,commercial,710.0,668.7,203.0,71.8,27.4,0
LZ-GAS-000539,residential,192.3,205.5,330.0,12.9,6.1,0
LZ-GAS-000540,industrial,7318.7,2991.0,326.0,21.8,0.0,1
LZ-GAS-000541,residential,599.3,237.6,383.0,63.3,18.3,1
LZ-GAS-000542,residential,230.6,201.5,320.0,11.4,6.7,0
LZ-GAS-000543,commercial,570.7,588.5,163.0,77.2,29.0,0
LZ-GAS-000544,commercial,550.1,576.7,165.0,74.5,21.4,0
LZ-GAS-000545,residential,166.6,161.0,243.0,0.0,0.1,0
LZ-GAS-000546,residential,132.7,120.3,177.0,50.9,21.7,0
LZ-GAS-000547,residential,28.8,27.5,7.0,74.0,26.2,0
LZ-GAS-000548,residential,20.5,18.2,0.0,43.2,20.4,0
LZ-GAS-000549,residential,223.7,204.1,321.0,43.0,16.9,0
LZ-GAS-000550,residential,172.6,157.5,237.0,46.9,22.9,0
LZ-GAS-000551,residential,291.3,285.3,478.0,44.3,19.5,0
LZ-GAS-000552,residential,106.1,108.4,155.0,46.5,8.6,0
LZ-GAS-000553,residential,210.7,221.2,357.0,54.4,20.5,0
LZ-GAS-000554,residential,154.5,155.5,241.0,76.5,28.9,0
LZ-GAS-000555,residential,176.8,184.4,285.0,6.6,7.7,0
LZ-GAS-000556,industrial,2485.7,2531.2,231.0,18.7,17.9,0
LZ-GAS-000557,residential,200.6,226.3,365.0,0.5,3.7,0
LZ-GAS-000558,residential,161.9,184.6,289.0,5.3,10.7,0
LZ-GAS-000559,residential,135.4,112.6,160.0,16.1,3.8,0
LZ-GAS-000560,residential,152.9,136.8,208.0,72.2,24.0,0
LZ-GAS-000561,residential,128.5,127.6,192.0,25.2,9.5,0
LZ-GAS-000562,residential,161.6,151.2,232.0,48.1,12.9,0
LZ-GAS-000563,residential,172.0,162.9,251.0,25.0,5.6,0
LZ-GAS-000564,residential,118.1,118.7,166.0,79.0,26.8,0
LZ-GAS-000565,commercial,479.3,520.6,146.0,15.4,11.9,0
LZ-GAS-000566,residential,159.1,146.9,220.0,31.6,10.6,0
LZ-GAS-000567,residential,30.1,29.0,0.0,29.6,7.1,0
LZ-GAS-000568,residential,166.0,179.5,274.0,17.1,5.8,0
LZ-GAS-000569,residential,184.0,175.6,270.0,5.9,11.2,0
LZ-GAS-000570,commercial,191.6,194.3,0.0,31.3,7.7,0
LZ-GAS-000571,residential,74.2,63.7,79.0,16.1,15.6,0
LZ-GAS-000572,industrial,1941.8,2292.3,219.0,1.9,0.0,0
LZ-GAS-000573,commercial,190.8,184.4,0.0,70.9,25.0,0
LZ-GAS-000574,residential,166.8,178.0,278.0,27.5,16.1,0
LZ-GAS-000575,residential,219.2,219.1,350.0,0.9,12.2,0
LZ-GAS-000576,residential,161.0,182.8,283.0,49.3,16.1,0
LZ-GAS-000577,residential,218.6,215.4,344.0,38.3,11.7,0
LZ-GAS-000578,commercial,656.3,664.6,208.0,55.2,12.6,0
LZ-GAS-000579,residential,184.2,206.7,332.0,28.8,17.7,0
LZ-GAS-000580,industrial,2935.7,2862.2,312.0,11.2,8.1,0
LZ-GAS-000581,commercial,695.6,688.3,205.0,51.2,16.4,0
LZ-GAS-000582,residential,142.2,153.4,232.0,31.9,11.8,0
LZ-GAS-000583,residential,32.1,29.8,4.0,70.1,24.7,0
LZ-GAS-000584,residential,49.3,50.1,45.0,26.1,12.6,0
LZ-GAS-000585,commercial,1012.0,1009.9,352.0,17.8,16.3,0
LZ-GAS-000586,industrial,3471.1,3206.7,356.0,14.9,0.0,0
LZ-GAS-000587,industrial,1427.2,1570.8,114.0,20.5,15.3,0
LZ-GAS-000588,residential,34.4,34.2,22.0,19.1,8.0,0
LZ-GAS-000589,residential,22.9,21.8,0.0,41.7,16.0,0
LZ-GAS-000590,residential,209.2,231.0,371.0,29.8,11.8,0
LZ-GAS-000591,residential,191.0,170.2,265.0,77.6,24.9,0
LZ-GAS-000592,industrial,4053.2,3871.2,469.0,16.3,13.8,0
LZ-GAS-000593,residential,222.1,236.1,386.0,75.2,25.8,0
LZ-GAS-000594,residential,320.7,288.9,480.0,26.9,5.5,0
LZ-GAS-000595,residential,201.3,205.6,329.0,38.7,15.3,0
LZ-GAS-000596,residential,54.1,105.8,148.0,76.7,24.6,1
LZ-GAS-000597,commercial,333.6,594.1,176.0,62.4,23.4,1
LZ-GAS-000598,residential,231.2,227.3,365.0,75.7,25.1,0
LZ-GAS-000599,residential,44.4,43.5,35.0,43.1,16.3,0
LZ-GAS-000600,commercial,897.8,914.2,295.0,25.4,17.4,0
LZ-GAS-000601,commercial,567.0,568.0,167.0,54.0,14.0,0
LZ-GAS-000602,residential,228.9,232.8,388.0,54.8,30.0,0
LZ-GAS-000603,residential,109.0,104.6,148.0,3.3,4.0,0
LZ-GAS-000604,residential,97.3,94.9,125.0,8.6,2.9,0
LZ-GAS-000605,residential,201.0,215.4,345.0,75.7,28.8,0
LZ-GAS-000606,residential,25.4,26.4,0.0,57.7,25.8,0
LZ-GAS-000607,residential,208.5,224.0,359.0,65.8,28.7,0
LZ-GAS-000608,industrial,2732.8,2705.3,258.0,15.0,17.0,0
LZ-GAS-000609,residential,112.3,102.1,142.0,78.0,27.9,0
LZ-GAS-000610,commercial,930.9,933.5,307.0,24.1,12.3,0
LZ-GAS-000611,residential,124.7,111.8,157.0,11.2,10.7,0
LZ-GAS-000612,commercial,805.1,902.2,302.0,28.7,13.1,0
LZ-GAS-000613,residential,64.3,155.9,232.0,28.1,10.3,1
LZ-GAS-000614,residential,189.6,203.5,319.0,4.7,15.2,0
LZ-GAS-000615,commercial,381.7,388.3,96.0,67.7,30.0,0
LZ-GAS-000616,residential,98.6,99.6,132.0,69.6,23.4,0
LZ-GAS-000617,residential,274.5,279.8,460.0,15.8,8.8,0
LZ-GAS-000618,commercial,752.8,786.6,260.0,44.1,14.6,0
LZ-GAS-000619,residential,170.8,131.4,196.0,69.7,15.0,0
LZ-GAS-000620,residential,72.5,80.7,102.0,30.2,10.1,0
LZ-GAS-000621,residential,110.4,108.3,152.0,40.7,13.6,0
LZ-GAS-000622,industrial,1002.4,2601.7,250.0,19.5,10.8,1
LZ-GAS-000623,residential,61.7,61.6,62.0,37.4,10.3,0
LZ-GAS-000624,commercial,687.3,674.9,214.0,25.0,2.7,0
LZ-GAS-000625,residential,118.6,121.9,186.0,65.9,25.7,0
LZ-GAS-000626,commercial,168.9,168.3,0.0,12.7,17.8,0
LZ-GAS-000627,residential,143.2,147.4,221.0,2.6,0.0,0
LZ-GAS-000628,residential,233.6,234.2,379.0,72.1,23.3,0
LZ-GAS-000629,residential,114.7,117.5,163.0,13.8,13.7,0
LZ-GAS-000630,residential,133.0,133.3,192.0,43.9,11.1,0
LZ-GAS-000631,commercial,881.5,805.0,253.0,56.7,13.0,0
LZ-GAS-000632,residential,106.9,100.4,141.0,26.1,12.7,0
LZ-GAS-000633,residential,24.1,27.9,0.0,74.3,23.4,0
LZ-GAS-000634,commercial,684.2,702.8,223.0,27.0,9.6,0
LZ-GAS-000635,residential,104.8,117.0,161.0,15.8,18.2,0
LZ-GAS-000636,residential,112.1,101.4,135.0,5.2,14.8,0
LZ-GAS-000637,residential,238.4,246.3,400.0,72.0,27.3,0
LZ-GAS-000638,residential,179.6,155.4,234.0,17.3,10.0,0
LZ-GAS-000639,commercial,479.5,482.5,122.0,71.8,22.4,0
LZ-GAS-000640,residential,90.5,96.3,130.0,36.5,19.6,0
LZ-GAS-000641,commercial,1271.2,1186.3,427.0,74.6,23.5,0
LZ-GAS-000642,residential,170.3,205.7,325.0,7.0,15.2,0
LZ-GAS-000643,commercial,204.9,189.5,0.0,68.4,29.4,0
LZ-GAS-000644,residential,203.2,190.3,298.0,78.3,22.6,0
LZ-GAS-000645,commercial,543.2,546.7,154.0,56.9,24.1,0
LZ-GAS-000646,residential,95.5,105.8,143.0,10.7,16.6,0
LZ-GAS-000647,residential,412.2,225.2,366.0,79.8,29.3,1
LZ-GAS-000648,residential,167.5,194.6,313.0,64.1,17.4,0
LZ-GAS-000649,industrial,1678.7,1693.3,109.0,16.8,9.0,0
LZ-GAS-000650,commercial,729.2,698.2,217.0,77.6,23.8,0
LZ-GAS-000651,residential,173.8,190.0,302.0,6.9,8.5,0
LZ-GAS-000652,commercial,609.6,664.1,204.0,10.4,8.9,0
LZ-GAS-000653,residential,195.6,178.4,273.0,1.2,4.7,0
LZ-GAS-000654,residential,94.9,96.2,128.0,47.4,22.3,0
LZ-GAS-000655,commercial,1072.1,1105.6,388.0,32.3,21.0,0
LZ-GAS-000656,residential,252.3,248.0,409.0,6.9,5.1,0
LZ-GAS-000657,residential,86.3,96.5,133.0,39.4,8.6,0
LZ-GAS-000658,residential,43.3,43.6,34.0,70.5,25.7,0
LZ-GAS-000659,residential,111.8,109.0,158.0,7.4,8.1,0
LZ-GAS-000660,residential,229.4,207.0,332.0,51.1,21.1,0
LZ-GAS-000661,residential,165.7,159.8,246.0,13.5,6.2,0
LZ-GAS-000662,residential,124.2,139.2,212.0,40.9,17.9,0
LZ-GAS-000663,residential,52.5,157.9,243.0,27.4,8.5,1
LZ-GAS-000664,residential,37.0,37.6,26.0,22.1,17.2,0
LZ-GAS-000665,residential,152.7,143.0,214.0,1.0,14.9,0
LZ-GAS-000666,commercial,737.0,697.5,206.0,46.3,13.2,0
LZ-GAS-000667,industrial,1834.9,1924.7,137.0,35.5,2.1,0
LZ-GAS-000668,residential,180.2,200.7,323.0,55.3,17.6,0
LZ-GAS-000669,residential,106.2,98.5,134.0,14.8,7.3,0
LZ-GAS-000670,residential,101.5,101.0,136.0,78.7,26.9,0
LZ-GAS-000671,residential,199.2,195.4,311.0,1.6,6.8,0
LZ-GAS-000672,residential,194.6,188.1,302.0,15.7,12.7,0
LZ-GAS-000673,commercial,721.7,719.7,229.0,51.3,30.0,0
LZ-GAS-000674,residential,182.0,160.6,250.0,10.7,6.2,0
LZ-GAS-000675,commercial,816.6,814.5,271.0,20.8,9.6,0
LZ-GAS-000676,residential,184.8,170.6,264.0,40.1,18.5,0
LZ-GAS-000677,residential,79.7,75.5,92.0,60.5,12.2,0
LZ-GAS-000678,commercial,908.5,957.3,329.0,69.2,27.6,0
LZ-GAS-000679,commercial,1382.2,1355.0,480.0,25.3,9.5,0
LZ-GAS-000680,residential,170.1,173.0,270.0,52.6,12.3,0
LZ-GAS-000681,residential,129.0,130.2,185.0,1.9,2.6,0
LZ-GAS-000682,residential,239.5,229.5,373.0,71.3,26.7,0
LZ-GAS-000683,commercial,907.2,908.3,302.0,53.7,24.0,0
LZ-GAS-000684,residential,85.7,91.4,122.0,72.2,30.0,0
LZ-GAS-000685,residential,152.4,138.4,207.0,16.8,12.8,0
LZ-GAS-000686,commercial,503.8,513.5,145.0,39.7,12.7,0
LZ-GAS-000687,residential,242.2,217.1,354.0,59.5,24.0,0
LZ-GAS-000688,residential,51.2,50.0,49.0,2.0,6.5,0
LZ-GAS-000689,industrial,3667.6,3447.3,384.0,67.3,30.0,0
LZ-GAS-000690,residential,98.8,98.7,131.0,56.6,10.3,0
LZ-GAS-000691,residential,154.1,169.1,259.0,63.0,30.0,0
LZ-GAS-000692,residential,111.5,112.0,163.0,13.0,13.5,0
LZ-GAS-000693,residential,175.6,176.4,270.0,62.2,24.0,0
LZ-GAS-000694,residential,225.2,229.9,371.0,45.4,17.3,0
LZ-GAS-000695,residential,165.3,189.1,302.0,12.0,6.6,0
LZ-GAS-000696,industrial,1303.5,1276.3,61.0,10.6,4.3,0
LZ-GAS-000697,residential,123.0,127.0,186.0,68.6,15.8,0
LZ-GAS-000698,residential,149.8,156.3,238.0,31.9,24.6,0
LZ-GAS-000699,residential,292.2,277.2,466.0,21.8,16.6,0
LZ-GAS-000700,residential,35.7,106.1,153.0,29.5,17.2,1
LZ-GAS-000701,commercial,557.8,591.9,168.0,54.8,22.0,0
LZ-GAS-000702,residential,95.1,91.5,119.0,10.9,0.0,0
LZ-GAS-000703,commercial,707.5,677.2,213.0,13.0,8.3,0
LZ-GAS-000704,residential,200.8,193.1,306.0,52.0,20.1,0
LZ-GAS-000705,residential,159.3,76.8,91.0,71.5,30.0,1
LZ-GAS-000706,residential,248.4,246.7,403.0,53.8,14.9,0
LZ-GAS-000707,residential,228.7,236.1,385.0,75.6,26.7,0
LZ-GAS-000708,residential,185.9,200.3,325.0,22.6,10.9,0
LZ-GAS-000709,residential,199.2,188.8,302.0,28.3,13.7,0
LZ-GAS-000710,commercial,1297.6,1338.2,480.0,29.8,10.0,0
LZ-GAS-000711,residential,72.3,70.1,82.0,28.7,15.5,0
LZ-GAS-000712,residential,114.0,107.2,148.0,21.5,12.3,0
LZ-GAS-000713,commercial,1283.1,1316.1,480.0,63.4,13.0,0
LZ-GAS-000714,residential,56.7,53.1,60.0,22.7,18.3,0
LZ-GAS-000715,residential,181.2,167.2,261.0,33.3,25.8,0
LZ-GAS-000716,residential,132.6,132.9,198.0,37.8,11.6,0
LZ-GAS-000717,residential,72.7,78.2,98.0,79.7,30.0,0
LZ-GAS-000718,residential,72.5,80.5,96.0,26.4,8.2,0
LZ-GAS-000719,residential,123.6,133.2,192.0,55.3,17.7,0
LZ-GAS-000720,residential,154.4,165.9,255.0,26.2,21.9,0
LZ-GAS-000721,commercial,833.8,862.2,284.0,64.0,23.5,0
LZ-GAS-000722,industrial,2969.0,2851.0,297.0,31.0,21.9,0
LZ-GAS-000723,residential,153.4,150.5,229.0,1.7,8.4,0
LZ-GAS-000724,residential,146.4,150.3,224.0,41.8,22.1,0
LZ-GAS-000725,residential,199.7,186.7,300.0,27.0,12.5,0
LZ-GAS-000726,commercial,514.6,520.0,137.0,21.2,19.0,0
LZ-GAS-000727,industrial,1399.7,1222.2,46.0,23.4,21.4,0
LZ-GAS-000728,residential,201.7,205.3,329.0,0.2,10.0,0
LZ-GAS-000729,residential,22.5,21.8,0.0,58.5,18.4,0
LZ-GAS-000730,residential,174.4,186.7,293.0,43.8,15.7,0
LZ-GAS-000731,residential,245.5,235.6,387.0,50.9,14.6,0
LZ-GAS-000732,industrial,1228.0,1181.8,57.0,45.6,21.0,0
LZ-GAS-000733,residential,25.4,24.7,0.0,30.5,16.8,0
LZ-GAS-000734,residential,87.3,83.9,108.0,36.7,12.3,0
LZ-GAS-000735,residential,186.5,167.9,260.0,38.1,20.7,0
LZ-GAS-000736,residential,81.9,74.6,93.0,73.4,22.1,0
LZ-GAS-000737,commercial,1009.0,1030.4,355.0,27.9,22.7,0
LZ-GAS-000738,residential,183.0,195.5,304.0,12.2,13.8,0
LZ-GAS-000739,residential,72.7,74.4,90.0,6.7,16.3,0
LZ-GAS-000740,residential,196.1,199.1,320.0,27.0,9.8,0
LZ-GAS-000741,industrial,1130.6,1038.9,31.0,45.8,13.1,0
LZ-GAS-000742,commercial,516.3,554.3,160.0,46.6,9.2,0
LZ-GAS-000743,residential,154.5,164.8,249.0,58.2,24.4,0
LZ-GAS-000744,commercial,1162.1,1129.9,393.0,52.8,14.2,0
LZ-GAS-000745,residential,196.7,205.5,323.0,6.7,15.1,0
LZ-GAS-000746,commercial,1162.3,1183.7,416.0,31.2,15.2,0
LZ-GAS-000747,residential,42.7,44.8,30.0,29.6,17.9,0
LZ-GAS-000748,commercial,1450.2,1305.5,480.0,9.0,2.5,0
LZ-GAS-000749,residential,80.1,78.9,104.0,47.1,15.5,0
LZ-GAS-000750,residential,157.0,166.1,256.0,62.0,23.1,0
LZ-GAS-000751,residential,271.7,259.7,425.0,3.4,11.2,0
LZ-GAS-000752,residential,186.9,180.5,287.0,42.4,10.9,0
LZ-GAS-000753,residential,249.3,232.0,378.0,9.6,10.8,0
LZ-GAS-000754,residential,55.7,56.4,59.0,62.1,18.1,0
LZ-GAS-000755,residential,66.6,65.8,72.0,44.7,21.9,0
LZ-GAS-000756,residential,104.7,111.8,161.0,5.3,6.9,0
LZ-GAS-000757,residential,106.4,102.5,145.0,41.3,15.5,0
LZ-GAS-000758,residential,139.7,152.4,234.0,19.3,13.7,0
LZ-GAS-000759,residential,122.7,120.6,177.0,16.6,16.6,0
LZ-GAS-000760,residential,67.2,62.0,67.0,53.4,18.8,0
LZ-GAS-000761,residential,172.6,161.7,249.0,32.4,20.9,0
LZ-GAS-000762,residential,41.1,45.8,35.0,74.3,20.3,0
LZ-GAS-000763,residential,94.8,94.1,128.0,73.3,26.4,0
LZ-GAS-000764,residential,169.2,167.7,261.0,68.3,18.2,0
LZ-GAS-000765,commercial,410.1,409.2,101.0,32.8,16.0,0
LZ-GAS-000766,residential,154.9,148.5,217.0,72.4,20.2,0
LZ-GAS-000767,residential,213.6,191.1,305.0,5.8,8.3,0
LZ-GAS-000768,commercial,1232.1,1181.8,414.0,62.1,25.3,0
LZ-GAS-000769,residential,256.8,233.4,377.0,28.7,9.1,0
LZ-GAS-000770,commercial,901.4,971.2,336.0,69.3,15.3,0
LZ-GAS-000771,industrial,3050.8,2805.9,285.0,2.4,6.4,0
LZ-GAS-000772,residential,60.6,55.5,54.0,46.0,20.8,0
LZ-GAS-000773,commercial,397.9,425.4,107.0,5.6,9.2,0
LZ-GAS-000774,residential,76.7,79.6,105.0,23.6,8.1,0
LZ-GAS-000775,residential,93.5,105.5,148.0,45.2,22.1,0
LZ-GAS-000776,residential,133.6,134.4,201.0,11.1,8.0,0
LZ-GAS-000777,residential,76.0,74.6,94.0,55.5,24.4,0
LZ-GAS-000778,industrial,2148.7,1885.2,162.0,41.0,12.5,0
LZ-GAS-000779,residential,216.9,227.1,366.0,17.9,13.3,0
LZ-GAS-000780,commercial,534.4,554.4,161.0,43.0,23.3,0
LZ-GAS-000781,residential,22.3,22.7,0.0,35.7,12.3,0
LZ-GAS-000782,residential,135.0,125.2,182.0,2.7,5.9,0
LZ-GAS-000783,industrial,2271.7,2286.9,199.0,56.8,24.0,0
LZ-GAS-000784,residential,116.9,116.8,171.0,57.2,23.6,0
LZ-GAS-000785,residential,267.6,286.6,480.0,72.8,26.6,0
LZ-GAS-000786,industrial,3342.4,3209.9,341.0,75.3,24.9,0
LZ-GAS-000787,residential,256.9,263.3,441.0,29.6,6.3,0
LZ-GAS-000788,residential,95.4,100.2,138.0,51.4,19.5,0
LZ-GAS-000789,residential,199.5,202.4,318.0,48.6,12.4,0
LZ-GAS-000790,industrial,2472.5,2518.7,251.0,4.2,8.1,0
LZ-GAS-000791,residential,138.5,137.5,207.0,57.9,9.5,0
LZ-GAS-000792,industrial,1699.4,1600.0,108.0,21.8,19.2,0
LZ-GAS-000793,residential,176.2,161.5,246.0,34.0,24.6,0
LZ-GAS-000794,residential,27.8,23.5,0.0,49.7,21.3,0
LZ-GAS-000795,residential,217.9,214.0,344.0,40.4,12.5,0
LZ-GAS-000796,residential,301.5,287.9,480.0,22.4,10.7,0
LZ-GAS-000797,residential,278.0,252.9,413.0,69.9,28.5,0
LZ-GAS-000798,commercial,174.7,183.3,0.0,7.5,11.8,0
LZ-GAS-000799,residential,159.3,157.2,243.0,48.2,15.2,0
LZ-GAS-000800,industrial,1682.0,1662.7,119.0,14.8,16.3,0
LZ-GAS-000801,residential,116.0,100.6,137.0,74.0,28.7,0
LZ-GAS-000802,commercial,673.5,634.0,182.0,74.9,28.0,0
LZ-GAS-000803,residential,213.8,229.4,372.0,57.1,19.1,0
LZ-GAS-000804,commercial,786.3,919.0,313.0,70.7,24.3,0
LZ-GAS-000805,commercial,445.7,437.6,107.0,61.3,18.4,0
LZ-GAS-000806,industrial,2676.7,2934.7,291.0,52.3,20.6,0
LZ-GAS-000807,residential,64.8,158.4,238.0,59.8,18.3,1
LZ-GAS-000808,residential,287.2,291.7,480.0,72.9,30.0,0
LZ-GAS-000809,industrial,920.5,962.1,25.0,17.3,11.1,0
LZ-GAS-000810,industrial,2659.0,2353.3,202.0,58.3,22.2,0
LZ-GAS-000811,residential,76.3,77.1,93.0,14.3,11.8,0
LZ-GAS-000812,industrial,2437.8,2305.6,213.0,36.9,17.4,0
LZ-GAS-000813,residential,22.0,25.1,0.0,27.2,6.3,0
LZ-GAS-000814,residential,32.2,78.3,95.0,50.7,25.6,1
LZ-GAS-000815,commercial,634.1,636.0,202.0,51.1,19.9,0
LZ-GAS-000816,residential,101.5,102.9,138.0,72.2,21.9,0
LZ-GAS-000817,residential,83.2,77.8,101.0,67.2,18.6,0
LZ-GAS-000818,residential,135.0,138.4,200.0,5.2,4.5,0
LZ-GAS-000819,residential,109.1,103.7,142.0,13.9,7.0,0
LZ-GAS-000820,residential,75.2,75.9,95.0,3.6,7.6,0
LZ-GAS-000821,residential,126.8,124.2,184.0,56.8,16.5,0
LZ-GAS-000822,commercial,777.9,701.7,219.0,27.7,14.1,0
LZ-GAS-000823,residential,193.1,170.5,259.0,78.0,26.8,0
LZ-GAS-000824,residential,23.7,24.9,0.0,17.1,7.4,0
LZ-GAS-000825,commercial,574.9,570.1,162.0,76.5,30.0,0
LZ-GAS-000826,residential,234.1,226.8,370.0,60.5,21.1,0
LZ-GAS-000827,residential,41.9,42.9,27.0,61.0,23.5,0
LZ-GAS-000828,residential,176.2,152.5,233.0,48.6,19.3,0
LZ-GAS-000829,residential,103.9,107.2,152.0,70.8,23.5,0
LZ-GAS-000830,commercial,1033.9,1043.9,358.0,18.7,14.6,0
LZ-GAS-000831,residential,236.9,230.5,376.0,69.5,30.0,0
LZ-GAS-000832,residential,172.3,162.0,250.0,70.5,23.8,0
LZ-GAS-000833,residential,98.3,104.1,150.0,48.5,14.4,0
LZ-GAS-000834,residential,24.4,26.6,9.0,52.9,22.5,0
LZ-GAS-000835,residential,108.2,106.9,147.0,18.3,0.4,0
LZ-GAS-000836,residential,87.5,81.6,106.0,39.3,17.1,0
LZ-GAS-000837,commercial,666.9,717.4,221.0,47.0,17.3,0
LZ-GAS-000838,residential,250.6,255.7,418.0,25.3,14.5,0
LZ-GAS-000839,residential,265.5,281.5,464.0,3.4,0.0,0
LZ-GAS-000840,residential,156.0,167.0,256.0,76.0,23.4,0
LZ-GAS-000841,residential,153.5,154.7,232.0,64.5,17.5,0
LZ-GAS-000842,residential,123.8,134.1,199.0,29.2,11.1,0
LZ-GAS-000843,residential,165.0,164.5,255.0,42.6,20.1,0
LZ-GAS-000844,residential,140.0,131.6,190.0,47.3,17.3,0
LZ-GAS-000845,residential,268.0,267.4,445.0,76.6,22.7,0
LZ-GAS-000846,residential,93.9,88.5,119.0,44.7,23.5,0
LZ-GAS-000847,residential,157.4,150.0,232.0,57.9,21.0,0
LZ-GAS-000848,commercial,481.5,494.4,136.0,64.3,12.5,0
LZ-GAS-000849,residential,204.7,213.9,339.0,8.0,3.3,0
LZ-GAS-000850,industrial,3966.2,3926.8,451.0,46.5,20.1,0
LZ-GAS-000851,residential,187.0,190.7,303.0,74.4,27.2,0
LZ-GAS-000852,residential,149.3,155.1,242.0,65.9,24.0,0
LZ-GAS-000853,residential,133.2,146.6,224.0,73.8,26.1,0
LZ-GAS-000854,industrial,3145.2,2809.5,292.0,13.0,5.2,0
LZ-GAS-000855,residential,121.2,114.4,157.0,62.2,21.4,0
LZ-GAS-000856,residential,313.5,262.1,432.0,22.3,6.1,0
LZ-GAS-000857,industrial,3910.0,3871.3,447.0,70.1,19.7,0
LZ-GAS-000858,industrial,3363.5,3223.6,349.0,62.7,17.5,0
LZ-GAS-000859,residential,209.4,200.2,324.0,30.0,9.7,0
LZ-GAS-000860,residential,100.3,118.6,166.0,46.3,16.2,0
LZ-GAS-000861,residential,271.1,278.4,456.0,37.6,14.6,0
LZ-GAS-000862,commercial,314.1,283.9,40.0,75.3,21.2,0
LZ-GAS-000863,residential,95.5,93.5,125.0,44.3,22.7,0
LZ-GAS-000864,residential,311.6,291.4,480.0,6.2,5.6,0
LZ-GAS-000865,residential,119.9,117.4,166.0,42.8,24.5,0
LZ-GAS-000866,residential,91.7,88.6,115.0,1.5,11.6,0
LZ-GAS-000867,residential,28.5,29.2,6.0,10.9,3.0,0
LZ-GAS-000868,residential,216.0,222.6,354.0,39.3,20.4,0
LZ-GAS-000869,residential,204.6,228.8,374.0,36.9,8.5,0
LZ-GAS-000870,residential,142.6,161.0,248.0,5.5,14.7,0
LZ-GAS-000871,residential,32.1,29.5,10.0,27.2,14.6,0
LZ-GAS-000872,residential,134.2,141.0,210.0,23.0,7.0,0
LZ-GAS-000873,industrial,1620.3,1690.9,120.0,22.9,1.1,0
LZ-GAS-000874,residential,217.3,210.1,338.0,35.4,13.0,0
LZ-GAS-000875,residential,267.1,251.6,411.0,2.8,0.2,0
LZ-GAS-000876,commercial,864.0,847.8,279.0,2.6,12.2,0
LZ-GAS-000877,residential,188.9,179.9,277.0,18.8,4.7,0
LZ-GAS-000878,residential,267.7,259.3,422.0,57.3,19.3,0
LZ-GAS-000879,industrial,3554.8,3769.7,442.0,74.9,27.2,0
LZ-GAS-000880,commercial,403.2,346.9,69.0,60.4,21.2,0
LZ-GAS-000881,residential,192.7,178.9,281.0,6.1,8.9,0
LZ-GAS-000882,residential,58.3,62.3,71.0,66.0,21.3,0
LZ-GAS-000883,residential,90.4,94.1,124.0,65.6,26.0,0
LZ-GAS-000884,residential,211.2,230.5,370.0,67.5,18.3,0
LZ-GAS-000885,residential,66.4,64.7,79.0,58.2,23.4,0
LZ-GAS-000886,residential,129.9,134.1,202.0,20.9,5.3,0
LZ-GAS-000887,residential,204.0,238.4,384.0,39.6,16.8,0
LZ-GAS-000888,residential,210.1,183.4,283.0,35.2,9.2,0
LZ-GAS-000889,residential,31.1,29.7,12.0,2.8,5.7,0
LZ-GAS-000890,residential,138.9,138.8,211.0,43.2,19.7,0
LZ-GAS-000891,industrial,2237.3,2063.4,195.0,21.2,17.4,0
LZ-GAS-000892,residential,86.0,86.5,108.0,76.2,16.2,0
LZ-GAS-000893,residential,305.9,289.3,480.0,53.3,15.5,0
LZ-GAS-000894,residential,145.5,152.3,232.0,64.8,17.4,0
LZ-GAS-000895,commercial,777.5,724.6,232.0,2.6,12.6,0
LZ-GAS-000896,residential,571.7,223.3,358.0,57.0,16.0,1
LZ-GAS-000897,residential,164.0,159.4,246.0,64.2,25.5,0
LZ-GAS-000898,residential,61.3,58.0,55.0,36.9,12.7,0
LZ-GAS-000899,residential,158.7,148.9,226.0,20.2,3.9,0
LZ-GAS-000900,residential,181.3,181.2,281.0,38.9,16.2,0
LZ-GAS-000901,residential,161.9,161.9,247.0,44.0,11.4,0
LZ-GAS-000902,industrial,5525.5,3268.1,363.0,34.7,18.2,1
LZ-GAS-000903,commercial,1003.7,989.0,339.0,25.5,16.4,0
LZ-GAS-000904,residential,195.9,189.6,293.0,53.5,25.9,0
LZ-GAS-000905,residential,136.5,140.8,206.0,71.3,18.8,0
LZ-GAS-000906,residential,144.4,151.2,233.0,21.5,19.1,0
LZ-GAS-000907,commercial,1436.7,1346.4,476.0,70.6,28.4,0
LZ-GAS-000908,residential,27.8,31.2,16.0,4.4,0.0,0
LZ-GAS-000909,residential,426.3,231.3,373.0,55.0,30.0,1
LZ-GAS-000910,residential,188.4,183.7,286.0,27.6,21.2,0
LZ-GAS-000911,commercial,551.0,513.6,139.0,42.0,11.3,0
LZ-GAS-000912,commercial,834.5,710.3,227.0,28.4,14.7,0
LZ-GAS-000913,residential,183.7,192.0,307.0,6.4,0.9,0
LZ-GAS-000914,residential,47.9,53.2,48.0,13.3,8.6,0
LZ-GAS-000915,residential,156.0,161.0,250.0,79.0,26.6,0
LZ-GAS-000916,commercial,795.9,907.2,303.0,33.3,17.3,0
LZ-GAS-000917,industrial,1512.3,1655.9,114.0,76.0,20.9,0
LZ-GAS-000918,residential,138.1,159.0,246.0,41.6,16.2,0
LZ-GAS-000919,commercial,1194.3,1146.1,409.0,71.9,19.3,0
LZ-GAS-000920,residential,160.9,162.7,255.0,35.6,16.7,0
LZ-GAS-000921,residential,88.9,89.6,119.0,79.3,29.0,0
LZ-GAS-000922,residential,42.7,40.8,25.0,38.2,15.8,0
LZ-GAS-000923,residential,27.2,26.4,3.0,20.7,16.8,0
LZ-GAS-000924,residential,199.5,220.2,356.0,14.1,13.2,0
LZ-GAS-000925,residential,147.3,140.6,204.0,5.8,9.2,0
LZ-GAS-000926,commercial,690.5,720.7,217.0,8.8,13.9,0
LZ-GAS-000927,residential,125.6,137.8,202.0,54.6,13.5,0
LZ-GAS-000928,commercial,494.8,510.2,135.0,29.0,13.0,0
LZ-GAS-000929,commercial,1166.3,1277.8,454.0,69.9,14.7,0
LZ-GAS-000930,residential,190.5,202.4,319.0,15.8,9.8,0
LZ-GAS-000931,residential,559.4,256.6,420.0,74.7,22.3,1
LZ-GAS-000932,industrial,1430.5,1456.8,75.0,15.2,13.8,0
LZ-GAS-000933,residential,186.8,194.3,307.0,21.6,9.2,0
LZ-GAS-000934,residential,211.4,199.7,314.0,27.2,9.6,0
LZ-GAS-000935,residential,66.3,68.5,84.0,21.0,10.7,0
LZ-GAS-000936,industrial,1535.8,1590.3,118.0,33.2,13.6,0
LZ-GAS-000937,residential,101.8,96.2,124.0,64.2,24.5,0
LZ-GAS-000938,residential,236.1,225.6,360.0,5.7,3.0,0
LZ-GAS-000939,residential,167.5,165.2,258.0,19.5,3.4,0
LZ-GAS-000940,residential,97.8,98.8,138.0,4.3,0.0,0
LZ-GAS-000941,residential,191.2,202.5,319.0,62.0,27.1,0
LZ-GAS-000942,industrial,1642.9,1825.3,145.0,9.6,2.1,0
LZ-GAS-000943,industrial,4400.0,2504.8,246.0,40.8,13.8,1
LZ-GAS-000944,residential,161.1,148.7,220.0,69.5,17.9,0
LZ-GAS-000945,residential,108.2,92.1,120.0,25.3,16.6,0
LZ-GAS-000946,residential,218.8,218.2,351.0,9.3,5.5,0
LZ-GAS-000947,commercial,777.2,765.2,236.0,21.3,17.3,0
LZ-GAS-000948,residential,40.4,21.7,0.0,75.2,21.3,1
LZ-GAS-000949,commercial,608.1,665.5,206.0,7.6,9.3,0
LZ-GAS-000950,residential,249.2,263.1,422.0,69.1,27.0,0
LZ-GAS-000951,residential,26.6,26.5,0.0,9.6,13.1,0
LZ-GAS-000952,commercial,992.9,1033.3,346.0,13.1,3.3,0
LZ-GAS-000953,residential,175.7,165.8,259.0,61.8,19.6,0
LZ-GAS-000954,residential,26.0,69.1,73.0,51.2,18.4,1
LZ-GAS-000955,residential,133.4,147.3,227.0,25.7,3.3,0
LZ-GAS-000956,residential,71.7,72.4,84.0,56.2,23.5,0
LZ-GAS-000957,industrial,997.4,1145.2,34.0,11.8,10.8,0
LZ-GAS-000958,residential,180.0,176.6,279.0,70.5,26.1,0
LZ-GAS-000959,residential,179.1,171.9,265.0,46.1,10.6,0
LZ-GAS-000960,residential,19.1,18.9,0.0,75.7,25.8,0
LZ-GAS-000961,residential,107.0,115.1,161.0,47.7,20.0,0
LZ-GAS-000962,residential,163.5,153.1,233.0,45.7,22.5,0
LZ-GAS-000963,residential,38.2,39.1,28.0,68.6,20.5,0
LZ-GAS-000964,residential,207.3,224.5,368.0,46.6,21.0,0
LZ-GAS-000965,residential,98.7,96.6,135.0,6.9,17.4,0
LZ-GAS-000966,residential,183.5,176.7,280.0,48.9,16.0,0
LZ-GAS-000967,residential,209.2,194.5,312.0,23.5,9.8,0
LZ-GAS-000968,residential,84.3,84.9,109.0,51.0,17.1,0
LZ-GAS-000969,residential,163.5,172.1,273.0,79.8,18.5,0
LZ-GAS-000970,residential,154.1,157.7,244.0,48.8,16.4,0
LZ-GAS-000971,industrial,4086.8,2594.6,281.0,66.7,30.0,1
LZ-GAS-000972,industrial,2086.8,2169.3,173.0,28.3,8.5,0
LZ-GAS-000973,residential,123.1,220.1,353.0,0.9,5.2,1
LZ-GAS-000974,residential,204.8,196.2,321.0,3.7,12.8,0
LZ-GAS-000975,commercial,1326.6,1211.4,426.0,1.5,9.1,0
LZ-GAS-000976,residential,239.8,231.6,366.0,17.4,11.5,0
LZ-GAS-000977,commercial,292.8,318.1,56.0,21.7,9.7,0
LZ-GAS-000978,residential,122.3,112.3,157.0,25.7,11.8,0
LZ-GAS-000979,commercial,1010.5,868.9,284.0,52.3,19.1,0
LZ-GAS-000980,residential,227.0,225.1,357.0,59.9,24.4,0
LZ-GAS-000981,residential,105.0,106.3,140.0,61.5,21.7,0
LZ-GAS-000982,industrial,3923.3,2421.2,231.0,60.2,25.7,1
LZ-GAS-000983,residential,155.6,168.9,269.0,68.4,13.9,0
LZ-GAS-000984,commercial,753.8,696.8,216.0,57.7,24.5,0
LZ-GAS-000985,residential,192.6,218.5,358.0,36.7,12.5,0
LZ-GAS-000986,residential,75.2,78.7,103.0,33.1,14.3,0
LZ-GAS-000987,residential,195.8,188.7,294.0,6.5,5.5,0
LZ-GAS-000988,residential,87.4,95.0,128.0,1.1,9.4,0
LZ-GAS-000989,residential,169.7,180.4,284.0,68.6,22.6,0
LZ-GAS-000990,residential,97.2,87.0,111.0,11.9,12.1,0
LZ-GAS-000991,residential,114.6,132.8,193.0,69.1,19.3,0
LZ-GAS-000992,residential,204.8,214.7,348.0,32.0,14.9,0
LZ-GAS-000993,industrial,1969.5,1703.5,107.0,4.8,13.3,0
LZ-GAS-000994,industrial,2533.8,2390.0,239.0,66.3,28.1,0
LZ-GAS-000995,commercial,835.2,936.1,311.0,57.2,18.5,0
LZ-GAS-000996,commercial,652.4,691.8,215.0,79.8,26.7,0
LZ-GAS-000997,residential,117.5,131.9,195.0,43.3,15.0,0
LZ-GAS-000998,industrial,2458.6,2371.0,230.0,74.4,24.0,0
LZ-GAS-000999,residential,86.1,90.8,116.0,40.5,16.2,0
LZ-GAS-001000,commercial,935.5,974.9,326.0,20.9,17.2,0
LZ-GAS-001001,commercial,869.7,953.0,322.0,32.1,16.9,0
LZ-GAS-001002,residential,292.3,275.4,451.0,52.8,26.4,0
LZ-GAS-001003,residential,135.8,168.0,265.0,71.2,30.0,0
LZ-GAS-001004,residential,201.4,228.3,368.0,65.3,16.1,0
LZ-GAS-001005,residential,63.1,113.6,166.0,74.4,26.1,1
LZ-GAS-001006,residential,193.3,179.5,291.0,43.0,14.6,0
LZ-GAS-001007,residential,82.0,83.3,112.0,36.9,7.3,0
LZ-GAS-001008,residential,179.7,169.6,260.0,42.0,11.2,0
LZ-GAS-001009,commercial,630.1,631.6,189.0,74.7,22.2,0
LZ-GAS-001010,industrial,3213.5,3188.5,351.0,29.3,21.6,0
LZ-GAS-001011,residential,22.8,23.2,0.0,4.8,7.6,0
LZ-GAS-001012,residential,141.1,137.9,208.0,31.4,12.9,0
LZ-GAS-001013,residential,112.6,127.6,191.0,52.0,18.9,0
LZ-GAS-001014,residential,176.5,197.4,314.0,66.6,19.0,0
LZ-GAS-001015,residential,105.8,101.2,138.0,75.4,25.7,0
LZ-GAS-001016,residential,130.4,121.2,175.0,55.0,19.3,0
LZ-GAS-001017,residential,239.9,239.3,390.0,65.1,14.3,0
LZ-GAS-001018,residential,98.7,107.0,150.0,65.0,19.7,0
LZ-GAS-001019,residential,120.0,124.1,180.0,64.7,30.0,0
LZ-GAS-001020,residential,246.2,232.0,374.0,48.0,21.1,0
LZ-GAS-001021,residential,24.1,23.3,0.0,75.6,24.4,0
LZ-GAS-001022,residential,416.9,180.5,281.0,71.3,27.1,1
LZ-GAS-001023,residential,156.6,177.3,273.0,0.6,1.4,0
LZ-GAS-001024,industrial,2369.8,2503.2,262.0,9.7,8.9,0
LZ-GAS-001025,residential,21.5,25.1,3.0,79.4,30.0,0
LZ-GAS-001026,commercial,296.9,292.1,49.0,53.3,11.5,0
LZ-GAS-001027,residential,105.0,91.0,124.0,11.2,5.2,0
LZ-GAS-001028,commercial,981.4,463.1,121.0,72.9,22.3,1
LZ-GAS-001029,residential,189.9,196.4,314.0,7.1,6.4,0
LZ-GAS-001030,residential,121.3,123.4,173.0,43.0,14.3,0
LZ-GAS-001031,commercial,1203.6,1168.0,410.0,31.0,15.1,0
LZ-GAS-001032,residential,159.4,152.4,226.0,23.1,16.8,0
LZ-GAS-001033,residential,195.3,193.5,307.0,19.1,12.5,0
LZ-GAS-001034,residential,114.8,104.7,145.0,6.9,12.8,0
LZ-GAS-001035,industrial,1667.2,1889.7,154.0,30.2,18.7,0
LZ-GAS-001036,residential,176.0,180.7,284.0,8.0,5.1,0
LZ-GAS-001037,residential,219.6,217.3,340.0,49.9,19.8,0
LZ-GAS-001038,industrial,1902.4,1938.7,146.0,25.7,10.6,0
LZ-GAS-001039,residential,270.2,240.9,392.0,61.4,24.6,0
LZ-GAS-001040,residential,129.5,130.2,199.0,75.0,23.1,0
LZ-GAS-001041,residential,236.8,259.5,428.0,71.0,22.9,0
LZ-GAS-001042,residential,66.3,67.1,73.0,59.2,29.2,0
LZ-GAS-001043,residential,136.0,127.4,185.0,62.4,20.8,0
LZ-GAS-001044,residential,218.7,196.0,312.0,7.4,0.2,0
LZ-GAS-001045,residential,149.0,147.7,220.0,77.8,26.1,0
LZ-GAS-001046,residential,118.3,111.9,157.0,46.1,19.0,0
LZ-GAS-001047,commercial,934.7,917.9,312.0,43.5,14.4,0
LZ-GAS-001048,commercial,1008.0,1020.4,349.0,53.9,19.9,0
LZ-GAS-001049,residential,108.7,124.9,179.0,15.0,14.8,0
LZ-GAS-001050,residential,217.1,206.4,327.0,37.6,12.9,0
LZ-GAS-001051,residential,111.9,120.9,175.0,9.8,7.6,0
LZ-GAS-001052,residential,99.4,94.8,129.0,73.5,21.0,0
LZ-GAS-001053,residential,249.7,240.5,392.0,40.0,17.7,0
LZ-GAS-001054,commercial,570.9,567.8,158.0,10.6,8.1,0
LZ-GAS-001055,residential,131.5,118.0,168.0,77.6,20.9,0
LZ-GAS-001056,residential,208.9,206.6,326.0,46.5,16.9,0
LZ-GAS-001057,residential,89.7,82.0,105.0,60.4,30.0,0
LZ-GAS-001058,residential,81.0,85.4,110.0,64.3,13.8,0
LZ-GAS-001059,commercial,643.2,650.1,197.0,55.7,13.2,0
LZ-GAS-001060,commercial,909.1,764.1,241.0,35.5,16.6,0
LZ-GAS-001061,residential,226.3,213.7,347.0,22.4,4.9,0
LZ-GAS-001062,industrial,2113.7,2332.0,206.0,4.1,16.6,0
LZ-GAS-001063,commercial,557.2,528.8,147.0,49.9,11.2,0
LZ-GAS-001064,residential,63.6,64.7,67.0,8.8,1.9,0
LZ-GAS-001065,residential,139.6,131.9,189.0,29.5,10.9,0
LZ-GAS-001066,commercial,301.6,570.7,171.0,71.2,29.1,1
LZ-GAS-001067,residential,233.9,228.5,369.0,72.3,28.1,0
LZ-GAS-001068,residential,40.1,39.9,25.0,65.8,25.3,0
LZ-GAS-001069,commercial,175.9,189.2,4.0,15.5,11.4,0
LZ-GAS-001070,residential,25.9,26.2,0.0,75.3,30.0,0
LZ-GAS-001071,commercial,713.8,645.2,199.0,11.2,0.0,0
LZ-GAS-001072,residential,201.8,183.2,284.0,73.5,25.8,0
LZ-GAS-001073,residential,250.5,263.7,433.0,59.9,28.0,0
LZ-GAS-001074,residential,37.0,37.2,23.0,77.7,20.3,0
LZ-GAS-001075,industrial,2580.1,2331.5,248.0,78.7,27.3,0
LZ-GAS-001076,residential,116.7,109.1,150.0,42.0,22.5,0
LZ-GAS-001077,residential,249.4,260.3,433.0,25.0,18.4,0
LZ-GAS-001078,residential,190.0,177.5,272.0,73.5,23.8,0
LZ-GAS-001079,industrial,3683.2,3713.1,421.0,25.1,21.4,0
LZ-GAS-001080,industrial,2255.9,2266.8,225.0,26.6,15.2,0
LZ-GAS-001081,residential,209.9,222.2,364.0,45.5,22.7,0
LZ-GAS-001082,industrial,2825.9,2705.4,273.0,11.3,3.7,0
LZ-GAS-001083,residential,111.9,108.4,147.0,36.5,11.5,0
LZ-GAS-001084,residential,230.4,216.3,347.0,11.0,5.1,0
LZ-GAS-001085,residential,133.8,129.5,189.0,36.2,23.7,0
LZ-GAS-001086,residential,25.0,25.3,0.0,72.6,12.8,0
LZ-GAS-001087,residential,137.1,146.1,214.0,73.6,15.5,0
LZ-GAS-001088,residential,62.3,65.7,72.0,76.7,29.1,0
LZ-GAS-001089,residential,190.8,184.8,295.0,58.0,21.3,0
LZ-GAS-001090,residential,251.7,260.4,423.0,59.7,6.6,0
LZ-GAS-001091,residential,178.0,173.4,266.0,34.2,12.7,0
LZ-GAS-001092,commercial,2099.3,895.1,298.0,71.6,22.5,1
LZ-GAS-001093,industrial,1344.6,1350.5,71.0,10.7,14.6,0
LZ-GAS-001094,residential,94.5,97.8,127.0,13.3,0.1,0
LZ-GAS-001095,residential,107.0,110.4,153.0,9.5,5.9,0
LZ-GAS-001096,residential,271.0,286.9,477.0,32.7,19.4,0
LZ-GAS-001097,residential,109.4,123.2,174.0,4.8,11.0,0
LZ-GAS-001098,industrial,2926.6,2579.7,262.0,56.3,15.7,0
LZ-GAS-001099,residential,24.1,24.6,0.0,14.6,8.3,0
LZ-GAS-001100,commercial,570.4,546.2,163.0,55.1,12.7,0
LZ-GAS-001101,residential,179.9,157.9,243.0,45.1,24.0,0
LZ-GAS-001102,residential,142.9,145.4,209.0,55.3,17.8,0
LZ-GAS-001103,commercial,647.7,612.8,190.0,56.2,26.3,0
LZ-GAS-001104,residential,204.8,177.5,282.0,62.9,25.7,0
LZ-GAS-001105,commercial,947.1,888.0,289.0,38.3,11.4,0
LZ-GAS-001106,residential,62.2,63.6,73.0,45.6,16.8,0
LZ-GAS-001107,residential,54.8,58.2,57.0,20.1,14.3,0
LZ-GAS-001108,commercial,901.7,920.0,298.0,40.1,18.3,0
LZ-GAS-001109,residential,452.6,205.8,330.0,7.2,15.3,1
LZ-GAS-001110,residential,50.2,53.0,53.0,76.4,30.0,0
LZ-GAS-001111,residential,198.6,199.4,313.0,74.3,26.3,0
LZ-GAS-001112,residential,57.7,52.6,48.0,5.9,10.9,0
LZ-GAS-001113,residential,136.0,140.8,205.0,0.9,2.9,0
LZ-GAS-001114,commercial,1224.0,1111.2,389.0,31.6,11.1,0
LZ-GAS-001115,commercial,253.8,230.3,18.0,42.1,19.6,0
LZ-GAS-001116,residential,143.7,147.5,225.0,38.3,17.3,0
LZ-GAS-001117,residential,135.6,131.7,198.0,27.0,7.5,0
LZ-GAS-001118,industrial,688.7,1353.2,81.0,49.8,18.2,1
LZ-GAS-001119,residential,196.3,200.7,323.0,32.0,10.2,0
LZ-GAS-001120,commercial,435.8,458.0,106.0,32.5,11.5,0
LZ-GAS-001121,residential,97.4,104.4,141.0,2.6,13.0,0
LZ-GAS-001122,commercial,420.7,385.9,85.0,47.5,13.4,0
LZ-GAS-001123,residential,174.8,179.3,281.0,6.6,4.6,0
LZ-GAS-001124,commercial,884.1,890.8,297.0,68.7,26.0,0
LZ-GAS-001125,commercial,1208.2,1156.0,399.0,38.2,16.0,0
LZ-GAS-001126,commercial,689.9,645.6,194.0,28.4,14.0,0
LZ-GAS-001127,residential,86.7,87.0,119.0,52.9,12.4,0
LZ-GAS-001128,commercial,1186.2,1176.5,416.0,70.8,23.7,0
LZ-GAS-001129,residential,110.3,101.6,146.0,13.5,7.7,0
LZ-GAS-001130,residential,193.0,195.6,312.0,32.1,10.2,0
LZ-GAS-001131,residential,650.9,260.9,432.0,77.9,22.9,1
LZ-GAS-001132,residential,209.3,200.7,326.0,69.1,22.0,0
LZ-GAS-001133,residential,21.9,21.5,0.0,31.3,18.0,0
LZ-GAS-001134,industrial,1618.7,1489.9,91.0,29.0,22.5,0
LZ-GAS-001135,residential,95.3,94.2,124.0,65.3,23.0,0
LZ-GAS-001136,residential,209.9,208.5,332.0,6.7,15.0,0
LZ-GAS-001137,residential,83.0,91.4,124.0,9.5,9.1,0
LZ-GAS-001138,commercial,835.0,941.5,323.0,45.7,10.4,0
LZ-GAS-001139,residential,189.6,163.9,252.0,45.5,17.8,0
LZ-GAS-001140,residential,173.7,161.7,245.0,45.5,23.7,0
LZ-GAS-001141,commercial,644.8,724.3,221.0,61.2,28.2,0
LZ-GAS-001142,residential,107.3,95.0,127.0,70.5,19.5,0
LZ-GAS-001143,residential,222.1,242.5,399.0,32.0,25.0,0
LZ-GAS-001144,residential,160.2,157.8,239.0,26.1,9.1,0
LZ-GAS-001145,residential,275.6,254.4,416.0,68.0,19.6,0
LZ-GAS-001146,commercial,490.0,426.2,106.0,19.6,8.5,0
LZ-GAS-001147,residential,29.5,26.1,6.0,70.0,30.0,0
LZ-GAS-001148,residential,251.7,245.5,403.0,56.6,22.3,0
LZ-GAS-001149,residential,67.2,67.5,73.0,67.7,27.5,0
LZ-GAS-001150,residential,154.1,158.0,237.0,51.0,8.2,0
LZ-GAS-001151,residential,112.5,120.0,174.0,8.5,8.1,0
LZ-GAS-001152,residential,128.8,136.5,202.0,57.2,19.9,0
LZ-GAS-001153,industrial,1973.2,2177.7,179.0,39.7,19.5,0
LZ-GAS-001154,residential,69.0,66.7,81.0,14.7,7.6,0
LZ-GAS-001155,residential,60.8,60.8,67.0,8.2,14.0,0
LZ-GAS-001156,residential,149.9,160.9,248.0,21.0,8.1,0
LZ-GAS-001157,commercial,550.9,494.5,129.0,10.0,1.9,0
LZ-GAS-001158,commercial,1036.1,1216.4,442.0,10.9,1.0,0
LZ-GAS-001159,residential,155.8,152.9,231.0,67.5,29.2,0
LZ-GAS-001160,commercial,1106.5,1118.2,400.0,76.0,28.9,0
LZ-GAS-001161,residential,57.4,114.2,159.0,79.6,22.3,1
LZ-GAS-001162,industrial,3098.7,2991.8,323.0,44.8,22.7,0
LZ-GAS-001163,residential,106.8,103.2,144.0,45.3,16.7,0
LZ-GAS-001164,residential,75.8,81.1,99.0,4.8,6.8,0
LZ-GAS-001165,commercial,683.9,633.8,189.0,9.5,1.5,0
LZ-GAS-001166,residential,126.1,129.8,194.0,61.6,19.0,0
LZ-GAS-001167,commercial,1409.3,1344.9,480.0,45.7,18.2,0
LZ-GAS-001168,residential,49.1,50.8,48.0,45.3,18.5,0
LZ-GAS-001169,residential,97.0,99.8,135.0,60.3,18.6,0
LZ-GAS-001170,residential,194.4,198.7,311.0,65.1,27.3,0
LZ-GAS-001171,commercial,653.5,634.0,198.0,56.8,27.4,0
LZ-GAS-001172,residential,153.9,157.3,238.0,0.9,2.5,0
LZ-GAS-001173,industrial,7573.0,3036.0,319.0,43.5,19.0,1
LZ-GAS-001174,commercial,670.7,694.1,201.0,66.8,15.6,0
LZ-GAS-001175,residential,84.9,91.1,127.0,65.6,24.6,0
LZ-GAS-001176,residential,45.1,50.8,44.0,75.9,20.5,0
LZ-GAS-001177,commercial,789.3,715.8,210.0,41.6,15.9,0
LZ-GAS-001178,residential,208.6,184.7,289.0,41.8,17.5,0
LZ-GAS-001179,residential,166.0,160.4,246.0,2.0,5.6,0
LZ-GAS-001180,residential,231.0,227.2,369.0,41.0,21.5,0
LZ-GAS-001181,residential,104.8,112.3,165.0,45.1,13.8,0
LZ-GAS-001182,residential,175.4,167.9,255.0,73.4,22.3,0
LZ-GAS-001183,residential,81.3,83.5,111.0,70.8,25.5,0
LZ-GAS-001184,industrial,804.2,764.1,0.0,5.0,7.3,0
LZ-GAS-001185,commercial,857.1,894.3,293.0,11.4,10.3,0
LZ-GAS-001186,residential,138.3,113.9,158.0,30.6,12.9,0
LZ-GAS-001187,residential,72.1,192.2,301.0,62.4,17.9,1
LZ-GAS-001188,residential,109.3,103.1,139.0,13.3,12.8,0
LZ-GAS-001189,industrial,920.0,952.0,19.0,61.9,22.1,0
LZ-GAS-001190,residential,75.0,80.3,101.0,47.4,22.4,0
LZ-GAS-001191,residential,122.4,122.7,179.0,70.2,30.0,0
LZ-GAS-001192,industrial,1626.0,1673.1,129.0,27.4,11.4,0
LZ-GAS-001193,residential,137.1,125.2,181.0,32.2,10.7,0
LZ-GAS-001194,residential,198.3,181.2,288.0,4.8,5.3,0
LZ-GAS-001195,residential,157.5,142.8,215.0,41.4,13.5,0
LZ-GAS-001196,residential,188.7,180.8,278.0,62.0,12.2,0
LZ-GAS-001197,industrial,2520.1,2177.3,198.0,41.1,24.5,0
LZ-GAS-001198,residential,105.6,95.6,129.0,41.7,18.7,0
LZ-GAS-001199,residential,81.5,76.6,91.0,73.2,30.0,0
LZ-GAS-001200,residential,24.6,22.4,0.0,61.3,18.9,0
LZ-GAS-001201,commercial,932.0,887.5,293.0,25.1,15.4,0
LZ-GAS-001202,residential,245.9,224.7,359.0,75.6,26.5,0
LZ-GAS-001203,industrial,1388.6,1519.3,89.0,58.0,20.4,0
LZ-GAS-001204,commercial,379.8,394.1,94.0,24.1,17.0,0
LZ-GAS-001205,industrial,1967.1,1648.5,106.0,16.9,10.5,0
LZ-GAS-001206,residential,165.0,167.1,260.0,54.1,19.4,0
LZ-GAS-001207,residential,146.4,152.5,229.0,40.6,17.2,0
LZ-GAS-001208,residential,123.5,125.2,186.0,47.9,7.5,0
LZ-GAS-001209,industrial,2179.8,2181.6,210.0,10.3,5.4,0
LZ-GAS-001210,commercial,118.1,206.8,2.0,61.3,18.1,1
LZ-GAS-001211,residential,74.6,134.5,200.0,68.9,30.0,1
LZ-GAS-001212,commercial,540.9,637.5,192.0,33.6,17.5,0
LZ-GAS-001213,industrial,2805.9,2610.2,278.0,24.4,16.2,0
LZ-GAS-001214,industrial,1862.9,1665.5,124.0,78.0,28.8,0
LZ-GAS-001215,commercial,622.0,555.9,148.0,78.0,24.9,0
LZ-GAS-001216,commercial,828.3,769.9,243.0,10.0,16.7,0
LZ-GAS-001217,commercial,1455.5,1331.0,480.0,43.2,16.1,0
LZ-GAS-001218,residential,98.3,97.0,138.0,34.9,8.2,0
LZ-GAS-001219,residential,286.2,289.5,478.0,22.4,14.9,0
LZ-GAS-001220,commercial,421.0,418.3,97.0,41.5,22.3,0
LZ-GAS-001221,residential,139.2,150.5,224.0,53.4,20.1,0
LZ-GAS-001222,residential,74.0,76.8,96.0,29.3,15.4,0
LZ-GAS-001223,industrial,3408.9,3483.8,392.0,24.6,17.1,0
LZ-GAS-001224,residential,155.8,152.4,234.0,69.1,30.0,0
LZ-GAS-001225,residential,155.4,155.0,242.0,52.6,22.3,0
LZ-GAS-001226,industrial,3276.9,3025.1,349.0,24.4,20.5,0
LZ-GAS-001227,residential,251.4,238.1,385.0,12.5,10.8,0
LZ-GAS-001228,industrial,1620.8,1728.0,132.0,30.8,24.1,0
LZ-GAS-001229,industrial,2426.3,2507.3,249.0,75.1,18.4,0
LZ-GAS-001230,residential,93.9,106.3,154.0,66.5,27.5,0
LZ-GAS-001231,residential,247.3,230.1,367.0,16.8,11.9,0
LZ-GAS-001232,residential,25.2,23.7,0.0,48.5,19.0,0
LZ-GAS-001233,industrial,4146.4,3884.3,480.0,0.4,0.2,0
LZ-GAS-001234,residential,123.9,125.5,188.0,72.6,29.6,0
LZ-GAS-001235,residential,22.1,23.6,0.0,75.4,24.2,0
LZ-GAS-001236,commercial,778.9,802.6,254.0,17.3,5.8,0
LZ-GAS-001237,residential,91.1,86.2,110.0,27.4,10.1,0
LZ-GAS-001238,residential,155.4,147.9,222.0,24.1,11.2,0
LZ-GAS-001239,commercial,793.6,730.4,234.0,14.9,10.5,0
LZ-GAS-001240,residential,216.5,222.3,356.0,54.7,15.6,0
LZ-GAS-001241,residential,26.2,24.8,0.0,30.1,9.4,0
LZ-GAS-001242,residential,202.2,174.9,269.0,0.4,8.4,0
LZ-GAS-001243,residential,195.8,225.1,367.0,17.6,10.4,0
LZ-GAS-001244,residential,50.4,51.6,51.0,52.9,29.0,0
LZ-GAS-001245,commercial,921.1,919.8,314.0,56.1,18.3,0
LZ-GAS-001246,residential,211.6,201.2,323.0,1.3,10.2,0
LZ-GAS-001247,residential,101.3,105.1,149.0,44.0,25.7,0
LZ-GAS-001248,residential,27.9,25.9,0.0,51.1,18.1,0
LZ-GAS-001249,residential,336.2,154.8,238.0,51.0,23.8,1
LZ-GAS-001250,commercial,537.2,532.9,157.0,52.1,20.8,0
LZ-GAS-001251,residential,237.0,254.9,420.0,62.4,22.2,0
LZ-GAS-001252,residential,129.3,126.8,188.0,26.8,20.7,0
LZ-GAS-001253,residential,208.4,191.3,309.0,68.1,18.6,0
LZ-GAS-001254,industrial,2554.1,2614.5,263.0,35.3,12.2,0
LZ-GAS-001255,residential,148.4,158.8,243.0,4.8,0.0,0
LZ-GAS-001256,residential,58.1,57.2,59.0,52.1,18.8,0
LZ-GAS-001257,residential,93.0,96.5,125.0,27.4,17.9,0
LZ-GAS-001258,commercial,693.0,713.2,232.0,50.8,17.8,0
LZ-GAS-001259,industrial,2540.9,2291.9,208.0,29.9,17.7,0
LZ-GAS-001260,commercial,1207.5,674.6,205.0,39.8,12.6,1
LZ-GAS-001261,residential,169.2,197.7,318.0,44.4,22.9,0
LZ-GAS-001262,residential,140.1,151.2,225.0,56.6,19.9,0
LZ-GAS-001263,commercial,850.4,907.8,311.0,23.7,9.9,0
LZ-GAS-001264,industrial,2311.8,2401.2,230.0,53.6,27.6,0
LZ-GAS-001265,residential,163.3,172.9,267.0,18.6,10.9,0
LZ-GAS-001266,commercial,537.8,536.1,151.0,63.3,24.9,0
LZ-GAS-001267,residential,39.7,37.2,25.0,18.5,11.5,0
LZ-GAS-001268,residential,228.5,207.1,328.0,5.7,11.1,0
LZ-GAS-001269,residential,206.2,208.7,330.0,3.1,7.7,0
LZ-GAS-001270,residential,189.9,189.9,302.0,47.9,12.5,0
LZ-GAS-001271,industrial,1972.9,1736.4,115.0,25.8,14.1,0
LZ-GAS-001272,residential,203.2,223.5,360.0,46.0,20.1,0
LZ-GAS-001273,residential,157.7,149.5,231.0,24.9,14.4,0
LZ-GAS-001274,commercial,793.4,766.4,240.0,35.2,14.0,0
LZ-GAS-001275,residential,102.4,97.2,132.0,69.6,30.0,0
LZ-GAS-001276,residential,112.8,109.2,155.0,73.9,21.3,0
LZ-GAS-001277,residential,101.6,101.0,137.0,3.4,7.7,0
LZ-GAS-001278,residential,186.3,171.9,266.0,75.9,26.3,0
LZ-GAS-001279,residential,93.0,94.8,130.0,40.4,11.2,0
LZ-GAS-001280,residential,145.5,142.0,215.0,59.2,15.4,0
LZ-GAS-001281,residential,95.2,107.6,148.0,74.4,28.1,0
LZ-GAS-001282,residential,60.3,55.5,53.0,15.1,13.3,0
LZ-GAS-001283,residential,153.7,152.2,225.0,30.6,14.6,0
LZ-GAS-001284,commercial,653.9,742.7,235.0,71.0,16.3,0
LZ-GAS-001285,commercial,796.1,728.8,228.0,41.5,15.3,0
LZ-GAS-001286,residential,22.3,23.3,0.0,71.8,25.4,0
LZ-GAS-001287,residential,557.7,222.5,352.0,67.0,26.0,1
LZ-GAS-001288,industrial,728.9,2325.7,217.0,79.9,30.0,1
LZ-GAS-001289,residential,72.3,78.1,95.0,52.9,21.7,0
LZ-GAS-001290,residential,287.3,282.7,464.0,5.4,12.3,0
LZ-GAS-001291,residential,39.1,148.5,222.0,72.2,30.0,1
LZ-GAS-001292,residential,202.4,196.1,314.0,14.8,0.0,0
LZ-GAS-001293,industrial,2177.3,2402.3,235.0,12.5,14.2,0
LZ-GAS-001294,residential,27.1,27.3,0.0,29.5,11.6,0
LZ-GAS-001295,industrial,3338.4,3346.6,373.0,16.6,12.8,0
LZ-GAS-001296,residential,63.1,63.5,72.0,11.2,10.1,0
LZ-GAS-001297,commercial,1019.7,1035.5,358.0,51.1,14.2,0
LZ-GAS-001298,residential,137.3,138.2,202.0,72.8,20.2,0
LZ-GAS-001299,commercial,410.8,421.4,108.0,21.1,13.7,0
LZ-GAS-001300,residential,22.6,24.6,0.0,29.9,12.9,0
LZ-GAS-001301,commercial,546.9,575.2,158.0,51.3,22.6,0
LZ-GAS-001302,residential,75.5,76.0,89.0,24.0,10.4,0
LZ-GAS-001303,residential,139.5,145.0,222.0,39.5,26.5,0
LZ-GAS-001304,residential,68.7,67.1,77.0,73.0,23.3,0
LZ-GAS-001305,residential,212.3,196.2,310.0,9.4,18.6,0
LZ-GAS-001306,residential,107.3,108.0,150.0,42.8,13.3,0
LZ-GAS-001307,commercial,527.9,560.2,160.0,17.0,13.2,0
LZ-GAS-001308,commercial,1192.8,1308.9,474.0,61.9,27.2,0
LZ-GAS-001309,residential,220.5,199.9,319.0,16.7,4.2,0
LZ-GAS-001310,residential,35.6,99.5,135.0,64.9,17.9,1
LZ-GAS-001311,residential,168.0,170.7,265.0,32.2,16.3,0
LZ-GAS-001312,residential,34.6,34.4,11.0,74.5,30.0,0
LZ-GAS-001313,residential,94.8,92.8,122.0,29.0,20.1,0
LZ-GAS-001314,residential,120.3,133.7,195.0,39.4,18.8,0
LZ-GAS-001315,residential,94.6,93.3,122.0,8.5,13.4,0
LZ-GAS-001316,residential,73.0,73.3,89.0,22.2,6.2,0
LZ-GAS-001317,residential,186.3,191.7,300.0,33.2,12.5,0
LZ-GAS-001318,commercial,514.8,507.5,140.0,71.4,30.0,0
LZ-GAS-001319,residential,86.8,89.8,114.0,46.9,15.3,0
LZ-GAS-001320,commercial,601.2,527.7,141.0,64.8,21.3,0
LZ-GAS-001321,residential,102.5,97.1,133.0,68.3,15.0,0
LZ-GAS-001322,residential,214.3,202.1,319.0,7.2,7.2,0
LZ-GAS-001323,residential,162.6,164.3,255.0,25.2,4.9,0
LZ-GAS-001324,residential,43.9,40.3,25.0,66.6,24.6,0
LZ-GAS-001325,industrial,3374.1,3353.9,389.0,60.5,28.4,0
LZ-GAS-001326,commercial,948.1,1037.3,356.0,45.1,19.0,0
LZ-GAS-001327,residential,115.4,127.2,181.0,32.3,15.1,0
LZ-GAS-001328,commercial,380.4,390.1,91.0,39.9,14.3,0
LZ-GAS-001329,residential,141.5,142.0,220.0,1.2,9.2,0
LZ-GAS-001330,residential,103.0,102.6,144.0,10.3,3.5,0
LZ-GAS-001331,residential,190.8,181.6,283.0,28.5,11.2,0
LZ-GAS-001332,residential,61.0,141.4,212.0,11.2,19.4,1
LZ-GAS-001333,residential,235.2,230.8,380.0,18.4,4.6,0
LZ-GAS-001334,residential,26.4,28.8,9.0,64.5,19.7,0
LZ-GAS-001335,residential,103.6,99.9,138.0,61.5,14.9,0
LZ-GAS-001336,residential,162.9,160.1,253.0,58.5,26.8,0
LZ-GAS-001337,residential,109.8,108.7,154.0,45.3,16.4,0
LZ-GAS-001338,residential,118.6,114.2,163.0,73.7,18.6,0
LZ-GAS-001339,residential,53.5,62.5,70.0,18.4,4.8,0
LZ-GAS-001340,residential,242.1,277.5,461.0,49.6,23.9,0
LZ-GAS-001341,residential,117.3,134.2,194.0,33.7,17.9,0
LZ-GAS-001342,residential,208.9,190.3,306.0,75.4,28.9,0
LZ-GAS-001343,residential,82.8,88.7,118.0,27.5,12.8,0
LZ-GAS-001344,residential,113.3,114.1,158.0,19.1,15.3,0
LZ-GAS-001345,residential,157.2,139.6,208.0,61.4,27.9,0
LZ-GAS-001346,residential,224.8,257.0,427.0,64.8,25.6,0
LZ-GAS-001347,residential,221.5,241.4,392.0,57.5,12.9,0
LZ-GAS-001348,residential,281.3,283.9,480.0,62.7,12.4,0
LZ-GAS-001349,residential,258.2,249.9,411.0,15.4,3.0,0
LZ-GAS-001350,commercial,1262.0,1164.0,407.0,48.4,19.6,0
LZ-GAS-001351,residential,117.5,126.7,190.0,43.0,9.8,0
LZ-GAS-001352,residential,100.9,97.2,129.0,72.8,19.2,0
LZ-GAS-001353,residential,216.6,236.2,384.0,31.8,14.3,0
LZ-GAS-001354,residential,92.2,94.1,126.0,19.7,6.9,0
LZ-GAS-001355,commercial,871.1,900.7,285.0,24.6,6.2,0
LZ-GAS-001356,residential,99.1,102.9,139.0,41.0,21.0,0
LZ-GAS-001357,residential,75.6,70.8,83.0,78.7,28.2,0
LZ-GAS-001358,residential,42.5,145.3,225.0,55.8,23.9,1
LZ-GAS-001359,residential,80.8,78.4,103.0,57.6,25.0,0
LZ-GAS-001360,residential,131.2,122.0,178.0,37.3,22.4,0
LZ-GAS-001361,residential,197.5,205.4,328.0,31.7,13.9,0
LZ-GAS-001362,commercial,635.8,649.1,192.0,74.5,23.8,0
LZ-GAS-001363,industrial,3284.5,3062.4,344.0,36.0,6.7,0
LZ-GAS-001364,residential,106.4,112.0,160.0,10.0,7.4,0
LZ-GAS-001365,commercial,895.1,812.9,261.0,62.4,18.8,0
LZ-GAS-001366,residential,66.2,70.3,88.0,16.1,15.1,0
LZ-GAS-001367,residential,232.3,236.5,385.0,31.2,17.1,0
LZ-GAS-001368,residential,25.7,26.8,0.0,49.0,25.4,0
LZ-GAS-001369,residential,164.2,163.3,253.0,66.6,28.0,0
LZ-GAS-001370,commercial,1992.8,873.3,288.0,0.5,11.9,1
LZ-GAS-001371,commercial,180.8,180.9,0.0,52.2,21.7,0
LZ-GAS-001372,residential,30.4,30.2,8.0,10.9,9.5,0
LZ-GAS-001373,residential,36.9,38.4,23.0,50.5,16.9,0
LZ-GAS-001374,commercial,630.1,671.5,206.0,48.4,18.1,0
LZ-GAS-001375,industrial,2086.0,2057.9,183.0,41.3,11.8,0
LZ-GAS-001376,residential,120.4,120.0,174.0,34.1,16.4,0
LZ-GAS-001377,commercial,791.6,895.7,295.0,43.3,16.5,0
LZ-GAS-001378,industrial,4070.4,3953.1,480.0,76.6,15.4,0
LZ-GAS-001379,commercial,460.2,407.5,87.0,28.2,0.1,0
LZ-GAS-001380,residential,164.8,163.9,262.0,37.7,12.0,0
LZ-GAS-001381,residential,151.2,148.1,222.0,11.8,6.7,0
LZ-GAS-001382,residential,200.7,223.6,355.0,31.1,12.3,0
LZ-GAS-001383,residential,26.5,25.2,0.0,4.1,13.2,0
LZ-GAS-001384,industrial,1035.5,1015.5,11.0,72.8,21.2,0
LZ-GAS-001385,residential,70.4,69.7,80.0,27.6,6.8,0
LZ-GAS-001386,residential,70.7,73.4,78.0,75.0,26.6,0
LZ-GAS-001387,residential,173.0,162.7,247.0,10.8,13.5,0
LZ-GAS-001388,residential,119.4,113.8,156.0,52.9,27.1,0
LZ-GAS-001389,residential,25.2,23.9,0.0,48.2,13.2,0
LZ-GAS-001390,commercial,443.5,471.4,121.0,52.9,18.0,0
LZ-GAS-001391,residential,32.3,29.6,10.0,63.6,19.8,0
LZ-GAS-001392,residential,93.8,89.7,119.0,6.0,14.7,0
LZ-GAS-001393,residential,147.6,128.7,191.0,59.1,24.1,0
LZ-GAS-001394,residential,82.2,89.0,116.0,2.1,6.6,0
LZ-GAS-001395,residential,227.6,227.2,371.0,24.1,15.5,0
LZ-GAS-001396,residential,287.2,290.6,480.0,67.8,21.2,0
LZ-GAS-001397,commercial,888.7,851.3,279.0,45.6,16.4,0
LZ-GAS-001398,residential,69.7,36.8,19.0,74.5,24.4,1
LZ-GAS-001399,residential,241.3,242.0,397.0,69.0,20.8,0
LZ-GAS-001400,residential,254.9,289.8,480.0,33.9,13.2,0
LZ-GAS-001401,residential,146.9,135.6,192.0,22.5,13.3,0
LZ-GAS-001402,commercial,825.7,827.1,264.0,16.3,11.2,0
LZ-GAS-001403,commercial,1022.1,1041.1,355.0,3.4,13.9,0
LZ-GAS-001404,industrial,2490.5,2530.9,241.0,57.3,24.4,0
LZ-GAS-001405,commercial,1079.5,1098.7,375.0,64.5,21.7,0
LZ-GAS-001406,residential,189.1,185.1,286.0,3.8,0.0,0
LZ-GAS-001407,residential,96.9,99.9,138.0,39.3,8.7,0
LZ-GAS-001408,commercial,534.2,541.9,153.0,66.5,20.2,0
LZ-GAS-001409,commercial,566.3,626.2,184.0,51.2,16.9,0
LZ-GAS-001410,commercial,525.3,511.9,129.0,33.3,8.0,0
LZ-GAS-001411,residential,250.9,237.0,382.0,76.0,23.1,0
LZ-GAS-001412,commercial,784.4,788.6,256.0,33.8,14.9,0
LZ-GAS-001413,residential,124.8,131.3,191.0,25.0,9.1,0
LZ-GAS-001414,residential,200.9,201.1,318.0,39.8,15.2,0
LZ-GAS-001415,residential,161.7,148.0,225.0,27.7,12.4,0
LZ-GAS-001416,residential,209.5,215.2,348.0,31.4,10.4,0
LZ-GAS-001417,residential,243.8,253.0,421.0,39.8,11.7,0
LZ-GAS-001418,residential,153.1,152.5,237.0,6.2,6.8,0
LZ-GAS-001419,residential,107.4,100.6,141.0,48.3,19.3,0
LZ-GAS-001420,residential,66.4,64.2,65.0,46.6,12.6,0
LZ-GAS-001421,residential,265.7,267.4,440.0,56.9,10.4,0
LZ-GAS-001422,commercial,773.8,829.1,264.0,19.4,6.2,0
LZ-GAS-001423,residential,108.6,102.0,139.0,3.3,9.1,0
LZ-GAS-001424,residential,140.5,136.4,203.0,56.6,12.3,0
LZ-GAS-001425,industrial,1302.0,1483.5,72.0,29.5,17.7,0
LZ-GAS-001426,residential,266.7,237.1,386.0,47.8,15.0,0
LZ-GAS-001427,residential,180.3,166.4,254.0,21.7,11.9,0
LZ-GAS-001428,residential,125.2,118.6,169.0,27.9,9.2,0
LZ-GAS-001429,residential,41.0,39.1,28.0,21.0,13.9,0
LZ-GAS-001430,industrial,3815.5,3986.5,480.0,39.4,15.9,0
LZ-GAS-001431,residential,164.9,153.3,231.0,51.8,20.6,0
LZ-GAS-001432,commercial,189.2,174.9,0.0,18.8,1.3,0
LZ-GAS-001433,commercial,599.0,539.3,142.0,25.3,15.6,0
LZ-GAS-001434,residential,137.7,140.9,212.0,37.0,7.1,0
LZ-GAS-001435,commercial,724.8,751.3,234.0,55.7,18.2,0
LZ-GAS-001436,residential,78.2,67.5,77.0,29.5,15.7,0
LZ-GAS-001437,residential,227.4,223.9,362.0,5.0,6.2,0
LZ-GAS-001438,residential,163.8,184.9,289.0,41.5,18.6,0
LZ-GAS-001439,residential,70.4,146.0,221.0,36.3,15.7,1
LZ-GAS-001440,residential,231.4,95.8,131.0,79.8,26.2,1
LZ-GAS-001441,residential,23.4,23.8,0.0,46.4,13.6,0
LZ-GAS-001442,industrial,1845.8,1936.8,157.0,3.7,11.5,0
LZ-GAS-001443,residential,127.8,128.8,188.0,51.5,24.1,0
LZ-GAS-001444,residential,58.7,62.6,64.0,6.6,4.9,0
LZ-GAS-001445,industrial,2720.3,2563.8,252.0,29.8,9.0,0
LZ-GAS-001446,residential,189.6,200.5,316.0,2.8,7.5,0
LZ-GAS-001447,industrial,1946.1,1975.0,155.0,48.1,14.3,0
LZ-GAS-001448,commercial,590.7,569.3,163.0,13.8,9.9,0
LZ-GAS-001449,residential,139.2,143.8,212.0,75.5,28.6,0
LZ-GAS-001450,residential,260.1,258.2,426.0,15.5,12.9,0
LZ-GAS-001451,residential,232.8,239.2,396.0,77.4,30.0,0
LZ-GAS-001452,residential,23.7,21.2,4.0,73.1,26.3,0
LZ-GAS-001453,residential,102.8,108.2,152.0,41.4,11.2,0
LZ-GAS-001454,residential,298.5,291.2,480.0,37.1,11.1,0
LZ-GAS-001455,residential,116.1,119.3,173.0,31.1,16.1,0
LZ-GAS-001456,industrial,3311.2,3422.8,438.0,59.9,29.9,0
LZ-GAS-001457,residential,164.7,181.2,279.0,15.0,7.9,0
LZ-GAS-001458,industrial,3448.1,3442.1,376.0,28.4,8.6,0
LZ-GAS-001459,commercial,566.5,576.4,170.0,4.7,13.6,0
LZ-GAS-001460,residential,152.7,150.1,226.0,34.2,13.8,0
LZ-GAS-001461,residential,184.2,184.5,285.0,15.3,12.9,0
LZ-GAS-001462,residential,133.0,140.8,213.0,73.6,29.3,0
LZ-GAS-001463,residential,132.7,138.0,208.0,36.0,10.2,0
LZ-GAS-001464,industrial,3165.2,3502.0,397.0,17.8,8.6,0
LZ-GAS-001465,residential,138.3,133.9,195.0,21.9,8.7,0
LZ-GAS-001466,residential,249.9,236.1,384.0,14.3,11.9,0
LZ-GAS-001467,residential,100.8,102.8,140.0,7.1,10.7,0
LZ-GAS-001468,residential,117.5,122.5,176.0,4.3,4.5,0
LZ-GAS-001469,residential,226.3,195.3,308.0,57.3,22.8,0
LZ-GAS-001470,residential,176.6,180.4,281.0,8.4,0.0,0
LZ-GAS-001471,commercial,2358.4,980.6,339.0,67.3,24.3,1
LZ-GAS-001472,residential,140.3,142.7,221.0,77.4,26.8,0
LZ-GAS-001473,commercial,1328.3,681.8,212.0,73.1,24.1,1
LZ-GAS-001474,residential,106.1,109.2,156.0,14.1,2.5,0
LZ-GAS-001475,residential,29.9,29.6,16.0,63.4,21.2,0
LZ-GAS-001476,residential,119.9,117.4,163.0,47.8,12.7,0
LZ-GAS-001477,residential,200.1,215.0,348.0,75.7,30.0,0
LZ-GAS-001478,industrial,2648.3,2311.0,207.0,23.5,10.3,0
LZ-GAS-001479,commercial,711.3,749.3,242.0,48.4,16.9,0
LZ-GAS-001480,residential,237.3,231.8,375.0,49.3,17.6,0
LZ-GAS-001481,residential,85.9,80.1,99.0,15.2,12.2,0
LZ-GAS-001482,residential,176.1,169.2,261.0,48.0,18.2,0
LZ-GAS-001483,residential,100.5,104.4,145.0,58.0,22.8,0
LZ-GAS-001484,residential,213.0,222.4,360.0,64.5,17.6,0
LZ-GAS-001485,residential,40.3,41.4,30.0,68.5,28.1,0
LZ-GAS-001486,industrial,1843.4,2216.1,172.0,2.1,4.0,0
LZ-GAS-001487,commercial,597.1,564.2,152.0,60.7,24.6,0
LZ-GAS-001488,commercial,651.6,586.5,174.0,26.0,13.4,0
LZ-GAS-001489,residential,113.7,104.9,146.0,61.2,26.2,0
LZ-GAS-001490,residential,313.6,272.3,454.0,12.1,8.5,0
LZ-GAS-001491,residential,126.3,132.3,189.0,30.1,6.4,0
LZ-GAS-001492,residential,136.0,135.5,198.0,32.5,8.5,0
LZ-GAS-001493,residential,43.6,43.3,34.0,55.6,18.6,0
LZ-GAS-001494,residential,51.4,49.1,48.0,49.3,24.6,0
LZ-GAS-001495,commercial,443.5,453.5,120.0,65.1,20.1,0
LZ-GAS-001496,residential,51.0,58.8,63.0,0.5,6.2,0
LZ-GAS-001497,residential,184.6,178.6,281.0,22.8,17.4,0
LZ-GAS-001498,residential,115.5,102.4,142.0,58.9,17.9,0
LZ-GAS-001499,residential,102.0,112.0,159.0,19.2,12.1,0
LZ-GAS-001500,residential,115.3,131.5,198.0,67.5,24.0,0
LZ-GAS-001501,commercial,437.4,425.1,101.0,24.8,9.2,0
LZ-GAS-001502,residential,51.1,55.6,56.0,53.4,20.2,0
LZ-GAS-001503,residential,99.7,98.3,131.0,4.4,11.8,0
LZ-GAS-001504,residential,159.5,155.4,242.0,73.3,29.1,0
LZ-GAS-001505,residential,131.0,137.6,202.0,9.0,6.5,0
LZ-GAS-001506,commercial,421.9,456.5,109.0,32.9,27.7,0
LZ-GAS-001507,industrial,3667.4,3634.7,417.0,31.1,15.2,0
LZ-GAS-001508,residential,160.0,168.0,263.0,24.3,10.6,0
LZ-GAS-001509,residential,194.1,188.9,301.0,42.9,13.1,0
LZ-GAS-001510,residential,255.6,250.3,410.0,42.0,11.7,0
LZ-GAS-001511,commercial,455.9,424.3,100.0,63.5,25.5,0
LZ-GAS-001512,industrial,3249.3,3124.3,337.0,77.8,11.7,0
LZ-GAS-001513,residential,168.7,161.5,248.0,64.1,21.1,0
LZ-GAS-001514,residential,139.4,160.8,253.0,57.9,13.8,0
LZ-GAS-001515,residential,35.8,37.6,24.0,15.8,9.0,0
LZ-GAS-001516,residential,103.0,87.6,114.0,17.0,9.9,0
LZ-GAS-001517,commercial,716.6,692.7,217.0,1.0,0.0,0
LZ-GAS-001518,residential,135.0,141.8,211.0,7.4,3.0,0
LZ-GAS-001519,residential,247.6,253.2,411.0,62.6,27.4,0
LZ-GAS-001520,residential,131.6,115.5,169.0,4.5,4.3,0
LZ-GAS-001521,residential,169.4,162.3,248.0,21.6,11.2,0
LZ-GAS-001522,commercial,602.7,592.4,177.0,30.7,12.0,0
LZ-GAS-001523,residential,50.7,51.7,52.0,12.6,12.9,0
LZ-GAS-001524,industrial,1983.2,2002.0,173.0,27.2,18.3,0
LZ-GAS-001525,residential,177.4,154.6,229.0,20.2,15.2,0
LZ-GAS-001526,residential,242.7,265.9,436.0,32.7,16.6,0
LZ-GAS-001527,commercial,1097.2,1071.7,373.0,14.3,12.0,0
LZ-GAS-001528,residential,95.0,109.2,149.0,2.0,0.7,0
LZ-GAS-001529,residential,90.5,82.3,104.0,72.7,30.0,0
LZ-GAS-001530,residential,148.8,143.6,214.0,59.4,18.0,0
LZ-GAS-001531,residential,108.2,103.2,146.0,61.6,17.0,0
LZ-GAS-001532,residential,265.8,286.9,480.0,20.4,9.1,0
LZ-GAS-001533,residential,187.1,200.2,324.0,75.2,20.9,0
LZ-GAS-001534,residential,148.1,142.8,211.0,66.7,24.4,0
LZ-GAS-001535,industrial,1773.8,1771.1,150.0,32.7,17.4,0
LZ-GAS-001536,residential,74.8,73.4,83.0,23.2,17.6,0
LZ-GAS-001537,commercial,638.0,653.9,206.0,63.4,21.2,0
LZ-GAS-001538,residential,24.3,24.9,0.0,1.7,3.4,0
LZ-GAS-001539,residential,113.2,118.3,169.0,45.8,15.9,0
LZ-GAS-001540,residential,101.2,110.6,160.0,69.4,17.7,0
LZ-GAS-001541,residential,236.5,246.4,410.0,73.0,20.6,0
LZ-GAS-001542,residential,20.7,23.8,0.0,74.0,30.0,0
LZ-GAS-001543,residential,221.3,210.7,332.0,34.3,10.8,0
LZ-GAS-001544,residential,124.6,124.0,175.0,1.3,4.0,0
LZ-GAS-001545,residential,206.7,196.1,316.0,28.0,15.8,0
LZ-GAS-001546,residential,93.6,93.7,125.0,21.6,12.4,0
LZ-GAS-001547,commercial,704.6,821.6,269.0,46.3,21.0,0
LZ-GAS-001548,residential,216.9,205.4,324.0,58.0,16.2,0
LZ-GAS-001549,residential,314.7,289.6,480.0,78.4,20.4,0
LZ-GAS-001550,commercial,412.9,447.3,117.0,25.5,18.4,0
LZ-GAS-001551,residential,128.1,140.6,202.0,29.0,9.9,0
LZ-GAS-001552,residential,153.6,139.3,205.0,6.9,7.1,0
LZ-GAS-001553,residential,97.6,102.5,144.0,66.6,23.5,0
LZ-GAS-001554,residential,141.1,141.2,207.0,39.9,7.1,0
LZ-GAS-001555,residential,136.9,148.7,222.0,18.7,9.6,0
LZ-GAS-001556,commercial,629.8,620.0,176.0,40.2,12.8,0
LZ-GAS-001557,commercial,162.3,167.7,2.0,38.8,18.0,0
LZ-GAS-001558,residential,181.0,163.9,252.0,65.4,20.7,0
LZ-GAS-001559,residential,44.4,43.4,36.0,18.4,0.0,0
LZ-GAS-001560,commercial,567.1,676.4,208.0,40.6,19.7,0
LZ-GAS-001561,residential,195.4,214.3,345.0,35.6,2.7,0
LZ-GAS-001562,residential,58.8,57.7,58.0,8.0,5.9,0
LZ-GAS-001563,commercial,659.7,649.9,202.0,11.0,5.3,0
LZ-GAS-001564,commercial,703.4,780.2,244.0,19.3,7.8,0
LZ-GAS-001565,commercial,680.2,684.6,213.0,34.8,14.4,0
LZ-GAS-001566,residential,122.1,113.8,160.0,44.4,21.4,0
LZ-GAS-001567,commercial,733.7,708.6,221.0,59.6,16.6,0
LZ-GAS-001568,residential,177.1,192.8,304.0,72.8,21.1,0
LZ-GAS-001569,residential,79.6,77.1,92.0,7.3,11.1,0
LZ-GAS-001570,residential,143.3,133.1,198.0,77.9,27.7,0
LZ-GAS-001571,residential,188.8,196.7,309.0,33.0,17.4,0
LZ-GAS-001572,commercial,471.5,519.2,144.0,62.5,23.0,0
LZ-GAS-001573,commercial,377.5,348.7,68.0,26.6,11.3,0
LZ-GAS-001574,residential,63.1,198.0,315.0,58.4,18.1,1
LZ-GAS-001575,residential,183.6,191.9,306.0,54.8,17.3,0
LZ-GAS-001576,residential,220.6,206.9,339.0,1.5,10.4,0
LZ-GAS-001577,residential,145.8,142.6,217.0,69.7,30.0,0
LZ-GAS-001578,industrial,1869.3,1746.7,138.0,3.5,16.0,0
LZ-GAS-001579,industrial,3517.3,3527.4,410.0,39.4,10.8,0
LZ-GAS-001580,industrial,3184.3,3427.7,375.0,17.4,9.0,0
LZ-GAS-001581,commercial,910.0,933.3,320.0,47.3,17.7,0
LZ-GAS-001582,residential,119.7,112.5,157.0,14.6,8.7,0
LZ-GAS-001583,residential,158.9,158.9,234.0,48.7,12.7,0
LZ-GAS-001584,residential,79.8,83.1,109.0,61.6,30.0,0
LZ-GAS-001585,residential,71.6,74.2,88.0,47.5,24.8,0
LZ-GAS-001586,commercial,815.7,744.8,231.0,67.0,21.8,0
LZ-GAS-001587,residential,176.7,168.0,260.0,30.5,11.3,0
LZ-GAS-001588,residential,189.8,184.8,290.0,53.5,19.1,0
LZ-GAS-001589,residential,148.6,153.9,232.0,35.8,9.1,0
LZ-GAS-001590,residential,254.7,291.7,476.0,73.2,22.5,0
LZ-GAS-001591,commercial,416.1,402.6,97.0,7.6,11.4,0
LZ-GAS-001592,residential,202.7,237.2,384.0,69.6,30.0,0
LZ-GAS-001593,residential,128.2,118.3,169.0,1.1,10.3,0
LZ-GAS-001594,commercial,1132.9,1019.3,337.0,68.4,29.0,0
LZ-GAS-001595,commercial,482.6,454.2,105.0,6.8,2.5,0
LZ-GAS-001596,residential,282.1,292.9,480.0,55.8,4.5,0
LZ-GAS-001597,residential,254.3,246.1,400.0,8.1,14.3,0
LZ-GAS-001598,residential,35.1,36.8,20.0,62.4,22.3,0
LZ-GAS-001599,commercial,1038.2,1102.4,384.0,17.8,9.9,0
LZ-GAS-001600,commercial,746.9,760.4,244.0,5.6,15.1,0
LZ-GAS-001601,residential,213.1,207.1,334.0,69.6,18.7,0
LZ-GAS-001602,residential,180.9,147.3,221.0,46.1,12.8,0
LZ-GAS-001603,residential,141.7,138.8,204.0,67.8,19.3,0
LZ-GAS-001604,residential,54.1,52.1,48.0,63.4,29.3,0
LZ-GAS-001605,residential,103.2,111.5,163.0,7.5,12.2,0
LZ-GAS-001606,residential,150.1,146.5,219.0,7.7,0.0,0
LZ-GAS-001607,residential,20.1,37.1,12.0,57.2,27.9,1
LZ-GAS-001608,residential,81.1,78.8,98.0,67.7,22.8,0
LZ-GAS-001609,residential,138.6,145.5,223.0,14.4,11.4,0
LZ-GAS-001610,residential,205.1,180.5,278.0,71.0,19.9,0
LZ-GAS-001611,residential,118.0,113.8,165.0,2.1,15.2,0
LZ-GAS-001612,residential,278.0,244.2,398.0,61.5,23.3,0
LZ-GAS-001613,residential,118.0,112.5,158.0,50.2,24.6,0
LZ-GAS-001614,residential,207.5,188.9,300.0,30.8,8.8,0
LZ-GAS-001615,residential,211.7,236.0,387.0,30.6,16.8,0
LZ-GAS-001616,commercial,457.5,484.2,125.0,24.6,12.4,0
LZ-GAS-001617,residential,232.3,225.1,368.0,38.0,14.3,0
LZ-GAS-001618,residential,147.9,139.1,206.0,40.0,12.0,0
LZ-GAS-001619,commercial,443.5,467.9,117.0,13.2,5.8,0
LZ-GAS-001620,commercial,1051.1,1183.9,425.0,1.1,0.6,0
LZ-GAS-001621,commercial,1361.1,1222.5,430.0,42.2,13.2,0
LZ-GAS-001622,commercial,570.1,605.8,185.0,15.2,9.5,0
LZ-GAS-001623,residential,241.4,222.9,359.0,7.9,10.6,0
LZ-GAS-001624,commercial,1165.5,1004.7,348.0,20.2,3.5,0
LZ-GAS-001625,residential,141.1,144.7,222.0,11.6,3.8,0
LZ-GAS-001626,residential,267.8,288.0,480.0,69.2,20.2,0
LZ-GAS-001627,residential,139.9,140.8,210.0,23.2,3.8,0
LZ-GAS-001628,residential,113.4,104.5,142.0,51.8,17.4,0
LZ-GAS-001629,residential,137.9,152.2,229.0,0.8,4.8,0
LZ-GAS-001630,residential,143.5,139.9,212.0,52.9,18.1,0
LZ-GAS-001631,residential,65.4,118.8,171.0,76.3,26.8,1
LZ-GAS-001632,residential,114.1,124.2,190.0,60.4,25.4,0
LZ-GAS-001633,commercial,323.7,330.9,58.0,61.1,24.9,0
LZ-GAS-001634,commercial,826.0,907.1,303.0,33.4,15.5,0
LZ-GAS-001635,residential,55.3,54.9,55.0,38.2,18.2,0
LZ-GAS-001636,residential,207.3,225.2,365.0,72.1,20.1,0
LZ-GAS-001637,commercial,837.7,906.1,314.0,18.9,6.1,0
LZ-GAS-001638,residential,110.0,123.0,177.0,40.4,19.0,0
LZ-GAS-001639,residential,127.6,123.2,178.0,58.3,23.1,0
LZ-GAS-001640,residential,98.4,104.0,144.0,27.0,23.0,0
LZ-GAS-001641,residential,152.2,151.9,227.0,37.8,14.2,0
LZ-GAS-001642,residential,285.1,270.5,447.0,2.8,1.8,0
LZ-GAS-001643,residential,172.8,171.3,268.0,54.6,20.8,0
LZ-GAS-001644,residential,120.6,122.4,173.0,13.4,7.0,0
LZ-GAS-001645,residential,260.4,270.4,447.0,20.7,6.8,0
LZ-GAS-001646,residential,110.7,120.6,177.0,18.0,16.8,0
LZ-GAS-001647,residential,125.8,120.7,182.0,57.5,29.3,0
LZ-GAS-001648,residential,286.8,288.1,480.0,31.9,15.6,0
LZ-GAS-001649,commercial,802.3,920.2,311.0,79.5,22.6,0
LZ-GAS-001650,commercial,1016.6,1071.3,378.0,63.9,23.0,0
LZ-GAS-001651,commercial,999.8,918.4,305.0,73.9,24.0,0
LZ-GAS-001652,residential,189.4,183.9,295.0,55.0,13.0,0
LZ-GAS-001653,industrial,950.4,2926.4,313.0,18.4,14.4,1
LZ-GAS-001654,residential,179.2,203.3,324.0,25.9,13.9,0
LZ-GAS-001655,residential,282.6,291.0,480.0,29.1,19.1,0
LZ-GAS-001656,residential,67.4,69.5,81.0,16.2,7.2,0
LZ-GAS-001657,residential,24.2,24.4,0.0,37.3,15.1,0
LZ-GAS-001658,residential,231.2,132.6,192.0,63.3,21.1,1
LZ-GAS-001659,residential,45.6,50.3,41.0,41.7,8.0,0
LZ-GAS-001660,residential,155.8,161.3,247.0,13.3,21.1,0
LZ-GAS-001661,residential,63.6,66.2,78.0,58.6,10.5,0
LZ-GAS-001662,commercial,873.2,743.7,232.0,77.2,19.7,0
LZ-GAS-001663,residential,242.2,224.0,366.0,38.0,13.6,0
LZ-GAS-001664,residential,127.9,117.2,163.0,11.3,1.2,0
LZ-GAS-001665,residential,111.8,99.2,134.0,58.4,22.4,0
LZ-GAS-001666,residential,206.9,203.0,327.0,43.1,14.4,0
LZ-GAS-001667,residential,109.8,101.8,133.0,64.7,22.4,0
LZ-GAS-001668,industrial,2333.5,2207.9,217.0,48.5,19.1,0
LZ-GAS-001669,residential,147.0,142.0,209.0,69.8,23.7,0
LZ-GAS-001670,residential,55.8,60.0,65.0,1.1,6.6,0
LZ-GAS-001671,residential,246.2,214.3,346.0,52.0,18.1,0
LZ-GAS-001672,residential,72.4,71.4,90.0,48.1,19.9,0
LZ-GAS-001673,industrial,1236.7,2977.2,341.0,62.3,25.3,1
LZ-GAS-001674,industrial,2803.0,2703.4,275.0,17.5,9.0,0
LZ-GAS-001675,residential,80.7,73.6,92.0,46.8,15.4,0
LZ-GAS-001676,residential,123.0,127.7,183.0,21.4,9.3,0
LZ-GAS-001677,residential,179.5,209.1,335.0,60.4,22.4,0
LZ-GAS-001678,residential,118.1,130.7,191.0,6.4,5.7,0
LZ-GAS-001679,residential,292.4,292.8,480.0,12.6,7.2,0
LZ-GAS-001680,commercial,415.3,400.5,102.0,75.6,17.6,0
LZ-GAS-001681,commercial,1242.7,1088.8,378.0,59.0,29.9,0
LZ-GAS-001682,residential,32.7,34.0,18.0,20.2,5.1,0
LZ-GAS-001683,residential,134.3,133.0,194.0,25.0,20.2,0
LZ-GAS-001684,residential,205.6,218.8,353.0,34.7,18.4,0
LZ-GAS-001685,residential,24.9,23.9,0.0,18.7,15.5,0
LZ-GAS-001686,commercial,868.1,794.6,261.0,11.2,10.0,0
LZ-GAS-001687,residential,78.5,72.4,87.0,77.6,27.7,0
LZ-GAS-001688,residential,52.2,54.5,59.0,16.9,11.5,0
LZ-GAS-001689,commercial,473.7,508.1,133.0,59.8,23.7,0
LZ-GAS-001690,residential,98.9,105.7,157.0,57.5,24.3,0
LZ-GAS-001691,residential,118.0,115.6,163.0,58.9,28.0,0
LZ-GAS-001692,residential,96.6,108.5,150.0,24.2,7.2,0
LZ-GAS-001693,industrial,1855.9,1664.1,117.0,17.8,12.7,0
LZ-GAS-001694,residential,26.1,24.3,0.0,49.3,26.0,0
LZ-GAS-001695,residential,262.7,244.6,396.0,79.6,30.0,0
LZ-GAS-001696,residential,281.8,290.5,480.0,31.1,8.8,0
LZ-GAS-001697,residential,188.4,182.2,283.0,17.5,11.8,0
LZ-GAS-001698,residential,145.4,128.1,189.0,40.7,17.5,0
LZ-GAS-001699,commercial,434.7,426.1,100.0,15.2,11.0,0
LZ-GAS-001700,residential,180.2,167.8,260.0,27.8,2.1,0
LZ-GAS-001701,commercial,828.3,799.0,261.0,58.8,24.8,0
LZ-GAS-001702,residential,100.7,88.2,111.0,19.4,3.1,0
LZ-GAS-001703,commercial,635.4,645.1,202.0,35.9,25.5,0
LZ-GAS-001704,residential,167.1,199.9,319.0,51.5,22.0,0
LZ-GAS-001705,commercial,821.7,790.0,262.0,12.7,8.7,0
LZ-GAS-001706,commercial,659.1,676.3,218.0,11.6,12.0,0
LZ-GAS-001707,residential,144.9,160.0,241.0,77.2,26.0,0
LZ-GAS-001708,residential,95.4,98.9,132.0,69.4,20.8,0
LZ-GAS-001709,residential,63.3,145.4,218.0,70.8,23.3,1
LZ-GAS-001710,residential,157.7,151.3,234.0,45.8,19.1,0
LZ-GAS-001711,residential,90.6,97.0,131.0,40.4,12.3,0
LZ-GAS-001712,commercial,648.9,693.9,210.0,8.7,11.6,0
LZ-GAS-001713,residential,225.4,208.0,340.0,19.2,16.2,0
LZ-GAS-001714,residential,206.1,222.1,356.0,9.0,13.5,0
LZ-GAS-001715,residential,27.4,25.8,0.0,42.6,22.4,0
LZ-GAS-001716,residential,51.2,52.2,43.0,34.9,21.0,0
LZ-GAS-001717,residential,201.9,216.1,351.0,13.8,12.9,0
LZ-GAS-001718,residential,185.7,181.5,278.0,7.9,14.3,0
LZ-GAS-001719,residential,176.0,179.1,280.0,45.9,17.8,0
LZ-GAS-001720,residential,42.8,52.1,48.0,11.3,10.9,0
LZ-GAS-001721,residential,154.8,154.8,233.0,1.0,13.2,0
LZ-GAS-001722,commercial,841.8,928.1,298.0,18.0,19.9,0
LZ-GAS-001723,residential,167.7,180.4,279.0,64.2,20.4,0
LZ-GAS-001724,residential,83.1,101.8,133.0,52.6,12.2,0
LZ-GAS-001725,residential,119.6,108.7,152.0,41.4,26.8,0
LZ-GAS-001726,residential,173.3,171.6,264.0,18.0,16.2,0
LZ-GAS-001727,residential,154.1,163.2,248.0,37.4,24.3,0
LZ-GAS-001728,residential,245.9,236.3,389.0,0.8,10.7,0
LZ-GAS-001729,residential,25.7,25.5,0.0,26.0,13.8,0
LZ-GAS-001730,residential,105.0,107.4,149.0,38.4,12.6,0
LZ-GAS-001731,industrial,3220.3,3418.3,381.0,7.3,3.3,0
LZ-GAS-001732,commercial,387.6,392.9,79.0,46.4,24.7,0
LZ-GAS-001733,residential,161.2,157.3,238.0,35.4,19.7,0
LZ-GAS-001734,residential,264.6,248.9,406.0,4.3,8.7,0
LZ-GAS-001735,residential,76.1,78.0,96.0,11.8,3.7,0
LZ-GAS-001736,residential,171.9,171.5,266.0,39.1,13.3,0
LZ-GAS-001737,industrial,4012.3,3844.0,468.0,71.8,21.0,0
LZ-GAS-001738,residential,63.1,59.2,63.0,4.6,5.8,0
LZ-GAS-001739,residential,24.0,23.2,0.0,45.0,3.4,0
LZ-GAS-001740,residential,212.8,219.2,358.0,22.8,12.9,0
LZ-GAS-001741,residential,118.3,116.1,162.0,31.1,21.5,0
LZ-GAS-001742,residential,143.1,143.0,218.0,73.8,21.9,0
LZ-GAS-001743,industrial,2554.6,2340.3,233.0,50.4,18.8,0
LZ-GAS-001744,residential,217.9,231.2,381.0,22.7,13.1,0
LZ-GAS-001745,residential,135.8,130.1,187.0,36.1,10.3,0
LZ-GAS-001746,residential,224.7,220.3,350.0,78.5,27.8,0
LZ-GAS-001747,commercial,947.0,956.0,321.0,69.4,19.5,0
LZ-GAS-001748,residential,150.3,147.0,223.0,34.1,12.5,0
LZ-GAS-001749,residential,215.2,222.9,358.0,42.4,17.9,0
LZ-GAS-001750,commercial,746.4,816.2,262.0,36.7,15.0,0
LZ-GAS-001751,industrial,2585.5,2284.3,212.0,12.0,9.6,0
LZ-GAS-001752,industrial,4412.3,4038.8,480.0,77.4,21.0,0
LZ-GAS-001753,commercial,154.9,155.9,0.0,18.3,14.2,0
LZ-GAS-001754,residential,75.7,67.6,77.0,17.5,5.2,0
LZ-GAS-001755,residential,81.4,75.8,94.0,8.8,12.4,0
LZ-GAS-001756,residential,112.0,118.1,170.0,75.3,22.6,0
LZ-GAS-001757,residential,167.2,160.1,246.0,73.2,18.6,0
LZ-GAS-001758,industrial,2074.7,2067.2,195.0,51.0,18.4,0
LZ-GAS-001759,residential,280.1,289.5,480.0,42.3,11.5,0
LZ-GAS-001760,residential,111.1,113.1,158.0,46.5,15.1,0
LZ-GAS-001761,residential,68.9,67.4,85.0,29.6,12.8,0
LZ-GAS-001762,residential,152.6,145.7,225.0,71.2,27.7,0
LZ-GAS-001763,residential,123.1,120.3,168.0,44.6,21.1,0
LZ-GAS-001764,residential,109.4,110.5,161.0,68.5,25.6,0
LZ-GAS-001765,commercial,1901.3,1008.6,341.0,55.6,18.6,1
LZ-GAS-001766,residential,179.0,171.4,263.0,54.3,12.3,0
LZ-GAS-001767,residential,228.3,230.0,366.0,53.7,18.4,0
LZ-GAS-001768,commercial,377.8,384.2,87.0,62.1,20.1,0
LZ-GAS-001769,commercial,266.2,888.9,300.0,65.1,21.7,1
LZ-GAS-001770,residential,136.7,147.3,225.0,54.7,17.2,0
LZ-GAS-001771,commercial,499.1,514.7,144.0,25.7,10.0,0
LZ-GAS-001772,industrial,833.0,922.5,22.0,21.1,15.3,0
LZ-GAS-001773,residential,157.8,139.3,212.0,15.7,3.5,0
LZ-GAS-001774,residential,66.3,64.6,74.0,68.5,23.3,0
LZ-GAS-001775,industrial,2781.0,2906.0,314.0,38.9,22.0,0
LZ-GAS-001776,industrial,2798.8,2777.7,281.0,0.0,2.3,0
LZ-GAS-001777,residential,192.4,182.1,283.0,47.9,13.3,0
LZ-GAS-001778,residential,334.9,289.0,480.0,69.1,22.3,0
LZ-GAS-001779,commercial,1150.9,1075.3,384.0,73.5,22.8,0
LZ-GAS-001780,residential,24.1,26.1,0.0,75.1,26.2,0
LZ-GAS-001781,residential,194.7,188.3,298.0,69.5,30.0,0
LZ-GAS-001782,residential,171.6,158.1,249.0,14.1,9.0,0
LZ-GAS-001783,residential,163.8,160.8,249.0,41.3,19.2,0
LZ-GAS-001784,industrial,1674.2,1867.6,158.0,56.7,17.4,0
LZ-GAS-001785,residential,192.9,211.4,339.0,51.5,16.6,0
LZ-GAS-001786,residential,30.1,25.6,0.0,28.7,14.7,0
LZ-GAS-001787,residential,58.5,56.8,52.0,3.0,3.6,0
LZ-GAS-001788,residential,377.5,188.6,300.0,71.5,29.8,1
LZ-GAS-001789,industrial,2213.2,2506.8,246.0,62.2,19.7,0
LZ-GAS-001790,residential,201.2,209.3,339.0,69.3,22.6,0
LZ-GAS-001791,residential,112.9,118.9,173.0,30.8,8.7,0
LZ-GAS-001792,industrial,1693.3,1795.8,153.0,19.8,8.9,0
LZ-GAS-001793,residential,226.2,201.3,321.0,67.5,18.1,0
LZ-GAS-001794,residential,182.1,159.6,243.0,52.4,16.8,0
LZ-GAS-001795,commercial,66.0,174.7,0.0,53.4,10.8,1
LZ-GAS-001796,residential,194.1,215.8,342.0,2.7,6.7,0
LZ-GAS-001797,industrial,1470.1,1425.3,82.0,8.6,16.8,0
LZ-GAS-001798,commercial,1097.0,995.8,335.0,61.6,12.3,0
LZ-GAS-001799,residential,146.8,159.6,246.0,70.7,30.0,0
LZ-GAS-001800,residential,181.3,187.1,295.0,28.3,12.6,0
LZ-GAS-001801,residential,219.8,221.9,352.0,69.8,27.9,0
LZ-GAS-001802,residential,79.0,73.7,92.0,14.3,4.7,0
LZ-GAS-001803,residential,198.4,194.0,305.0,46.4,27.6,0
LZ-GAS-001804,residential,137.6,139.4,214.0,27.9,7.8,0
LZ-GAS-001805,residential,118.9,128.4,189.0,42.7,16.4,0
LZ-GAS-001806,residential,58.3,148.8,222.0,15.7,17.6,1
LZ-GAS-001807,residential,106.9,115.6,157.0,30.6,7.5,0
LZ-GAS-001808,industrial,2158.9,2434.0,227.0,36.9,3.9,0
LZ-GAS-001809,commercial,916.7,789.8,253.0,46.4,17.3,0
LZ-GAS-001810,residential,88.7,101.4,140.0,16.4,6.4,0
LZ-GAS-001811,residential,228.4,222.8,361.0,48.4,13.4,0
LZ-GAS-001812,residential,145.6,153.8,234.0,16.9,5.8,0
LZ-GAS-001813,residential,65.5,69.1,80.0,78.1,18.4,0
LZ-GAS-001814,residential,179.9,181.5,280.0,19.3,17.8,0
LZ-GAS-001815,industrial,3031.3,2709.4,288.0,8.8,14.3,0
LZ-GAS-001816,residential,45.4,44.1,38.0,21.7,4.8,0
LZ-GAS-001817,residential,163.2,169.0,258.0,45.4,16.9,0
LZ-GAS-001818,industrial,2300.8,2069.5,173.0,35.7,12.7,0
LZ-GAS-001819,residential,150.1,163.8,254.0,52.8,24.7,0
LZ-GAS-001820,commercial,698.8,654.5,199.0,8.8,4.1,0
LZ-GAS-001821,residential,189.0,175.1,271.0,33.0,22.3,0
LZ-GAS-001822,commercial,761.7,763.9,245.0,44.5,17.2,0
LZ-GAS-001823,commercial,171.9,169.6,0.0,78.0,21.7,0
LZ-GAS-001824,commercial,772.9,736.1,231.0,70.9,23.4,0
LZ-GAS-001825,industrial,3239.2,2848.0,292.0,45.7,14.6,0
LZ-GAS-001826,commercial,994.6,919.9,314.0,24.0,23.2,0
LZ-GAS-001827,industrial,3217.1,3337.3,380.0,9.2,9.1,0
LZ-GAS-001828,residential,167.6,171.8,265.0,50.6,16.3,0
LZ-GAS-001829,residential,224.2,235.4,389.0,45.1,17.8,0
LZ-GAS-001830,residential,188.9,206.5,331.0,37.9,22.8,0
LZ-GAS-001831,residential,110.3,115.3,161.0,57.6,15.7,0
LZ-GAS-001832,residential,89.4,95.8,132.0,37.2,7.0,0
LZ-GAS-001833,commercial,1034.8,1112.6,385.0,62.3,28.1,0
LZ-GAS-001834,commercial,996.4,960.0,311.0,23.1,14.9,0
LZ-GAS-001835,residential,26.9,26.3,0.0,26.2,10.4,0
LZ-GAS-001836,industrial,1421.5,1389.6,86.0,73.0,23.9,0
LZ-GAS-001837,residential,242.0,233.0,370.0,46.3,23.1,0
LZ-GAS-001838,residential,166.9,159.6,242.0,76.4,11.7,0
LZ-GAS-001839,commercial,196.6,194.8,0.0,4.9,13.6,0
LZ-GAS-001840,commercial,888.0,852.3,278.0,74.0,23.7,0
LZ-GAS-001841,commercial,903.8,1004.0,348.0,4.6,10.6,0
LZ-GAS-001842,residential,192.8,192.5,305.0,59.8,20.7,0
LZ-GAS-001843,residential,140.4,142.8,215.0,46.3,30.0,0
LZ-GAS-001844,commercial,724.2,676.1,196.0,9.7,5.4,0
LZ-GAS-001845,residential,111.4,111.6,153.0,24.2,17.6,0
LZ-GAS-001846,commercial,506.2,547.6,155.0,38.4,2.7,0
LZ-GAS-001847,commercial,872.6,798.0,256.0,44.6,17.4,0
LZ-GAS-001848,residential,282.0,290.1,480.0,39.0,19.7,0
LZ-GAS-001849,commercial,1417.3,1350.3,480.0,2.2,0.0,0
LZ-GAS-001850,residential,143.6,136.8,200.0,79.6,15.9,0
LZ-GAS-001851,commercial,249.4,238.0,31.0,28.2,13.6,0
LZ-GAS-001852,residential,151.4,142.3,209.0,57.8,25.5,0
LZ-GAS-001853,residential,117.5,124.4,185.0,74.3,30.0,0
LZ-GAS-001854,residential,117.0,128.0,189.0,77.9,22.1,0
LZ-GAS-001855,residential,25.5,25.8,7.0,14.7,11.4,0
LZ-GAS-001856,residential,123.3,140.8,212.0,71.4,16.9,0
LZ-GAS-001857,residential,110.5,102.3,138.0,41.0,25.0,0
LZ-GAS-001858,industrial,2427.3,2378.5,227.0,52.4,16.3,0
LZ-GAS-001859,industrial,1103.3,1125.3,23.0,19.7,17.3,0
LZ-GAS-001860,residential,141.4,151.3,226.0,11.5,7.6,0
LZ-GAS-001861,industrial,1166.1,1306.9,65.0,46.3,16.0,0
LZ-GAS-001862,residential,95.9,86.6,114.0,72.3,30.0,0
LZ-GAS-001863,residential,107.6,103.5,138.0,33.5,10.1,0
LZ-GAS-001864,commercial,518.0,552.4,151.0,76.2,30.0,0
LZ-GAS-001865,residential,103.6,110.1,151.0,56.5,18.4,0
LZ-GAS-001866,commercial,609.3,555.3,149.0,1.5,2.0,0
LZ-GAS-001867,commercial,526.8,516.6,142.0,74.7,20.5,0
LZ-GAS-001868,residential,93.8,95.7,131.0,9.0,13.9,0
LZ-GAS-001869,residential,109.0,106.2,147.0,17.8,10.1,0
LZ-GAS-001870,commercial,598.1,595.1,176.0,45.0,15.5,0
LZ-GAS-001871,residential,256.0,278.3,463.0,75.2,17.3,0
LZ-GAS-001872,industrial,3397.3,3039.2,339.0,10.8,14.6,0
LZ-GAS-001873,residential,111.5,103.9,144.0,23.8,17.2,0
LZ-GAS-001874,commercial,286.5,283.3,45.0,3.6,8.5,0
LZ-GAS-001875,commercial,2351.1,1066.9,367.0,7.0,11.6,1
LZ-GAS-001876,residential,128.7,146.6,219.0,34.5,0.0,0
LZ-GAS-001877,residential,182.5,173.8,266.0,46.1,14.9,0
LZ-GAS-001878,residential,221.7,229.1,370.0,40.9,17.0,0
LZ-GAS-001879,residential,63.4,25.4,0.0,3.8,7.5,1
LZ-GAS-001880,residential,94.9,104.6,143.0,34.3,11.7,0
LZ-GAS-001881,residential,164.9,160.1,245.0,35.5,16.1,0
LZ-GAS-001882,residential,240.4,245.7,400.0,74.8,21.1,0
LZ-GAS-001883,commercial,635.7,675.8,210.0,26.2,9.3,0
LZ-GAS-001884,residential,159.6,152.3,231.0,50.7,12.5,0
LZ-GAS-001885,residential,139.2,141.2,216.0,39.0,16.4,0
LZ-GAS-001886,residential,159.2,145.9,216.0,62.3,18.0,0
LZ-GAS-001887,residential,163.0,157.4,240.0,48.3,15.6,0
LZ-GAS-001888,commercial,1269.1,539.6,147.0,79.4,30.0,1
LZ-GAS-001889,residential,87.4,93.2,129.0,51.0,18.5,0
LZ-GAS-001890,residential,121.1,117.7,172.0,27.3,12.6,0
LZ-GAS-001891,residential,189.2,189.3,301.0,33.6,6.7,0
LZ-GAS-001892,residential,244.4,225.0,371.0,68.5,20.5,0
LZ-GAS-001893,commercial,752.8,765.5,238.0,29.5,18.3,0
LZ-GAS-001894,residential,118.2,128.5,186.0,74.1,27.3,0
LZ-GAS-001895,residential,225.9,233.5,379.0,35.2,15.1,0
LZ-GAS-001896,residential,178.0,188.2,293.0,75.5,24.0,0
LZ-GAS-001897,residential,166.7,195.2,316.0,12.0,9.3,0
LZ-GAS-001898,industrial,2023.7,2157.0,205.0,62.7,23.7,0
LZ-GAS-001899,residential,130.2,119.5,168.0,35.6,13.3,0
LZ-GAS-001900,residential,164.5,182.6,284.0,18.1,0.0,0
LZ-GAS-001901,commercial,681.2,660.5,201.0,47.2,27.6,0
LZ-GAS-001902,commercial,1026.4,1078.8,372.0,4.8,12.9,0
LZ-GAS-001903,residential,87.9,84.6,108.0,16.0,9.2,0
LZ-GAS-001904,industrial,1341.8,2581.8,264.0,67.8,30.0,1
LZ-GAS-001905,residential,131.1,147.1,224.0,41.9,9.9,0
LZ-GAS-001906,residential,67.1,73.1,91.0,27.1,19.2,0
LZ-GAS-001907,commercial,571.5,601.4,176.0,11.5,9.8,0
LZ-GAS-001908,industrial,1650.7,1448.5,87.0,12.8,13.6,0
LZ-GAS-001909,residential,138.1,123.5,176.0,18.4,8.9,0
LZ-GAS-001910,residential,112.2,124.6,187.0,36.9,16.0,0
LZ-GAS-001911,residential,289.9,288.9,480.0,1.6,9.3,0
LZ-GAS-001912,residential,65.1,72.5,88.0,16.4,15.3,0
LZ-GAS-001913,residential,185.4,190.7,304.0,34.2,17.1,0
LZ-GAS-001914,industrial,2141.6,1927.5,162.0,70.6,25.9,0
LZ-GAS-001915,commercial,901.0,844.2,268.0,69.2,20.3,0
LZ-GAS-001916,commercial,646.9,632.1,178.0,74.8,30.0,0
LZ-GAS-001917,industrial,1330.3,1511.4,118.0,18.0,11.5,0
LZ-GAS-001918,residential,234.1,249.1,404.0,9.9,7.3,0
LZ-GAS-001919,commercial,954.8,1032.2,365.0,67.9,21.4,0
LZ-GAS-001920,residential,26.4,22.7,0.0,55.9,14.0,0
LZ-GAS-001921,commercial,647.7,653.0,203.0,19.7,7.2,0
LZ-GAS-001922,residential,129.8,119.1,176.0,34.7,7.1,0
LZ-GAS-001923,residential,14.1,36.5,17.0,74.0,25.5,1
LZ-GAS-001924,commercial,751.3,785.6,243.0,65.4,21.9,0
LZ-GAS-001925,residential,198.1,178.7,286.0,74.9,25.8,0
LZ-GAS-001926,residential,150.1,151.5,228.0,39.5,9.6,0
LZ-GAS-001927,residential,185.3,179.7,280.0,15.4,7.7,0
LZ-GAS-001928,commercial,1254.7,1247.8,448.0,43.1,13.6,0
LZ-GAS-001929,residential,107.6,113.7,163.0,9.1,13.2,0
LZ-GAS-001930,commercial,1145.4,1092.7,382.0,9.4,0.9,0
LZ-GAS-001931,residential,270.7,288.2,480.0,7.3,0.2,0
LZ-GAS-001932,residential,23.1,22.9,0.0,20.2,17.5,0
LZ-GAS-001933,residential,121.9,130.7,193.0,13.1,11.1,0
LZ-GAS-001934,residential,211.6,242.4,395.0,20.6,3.3,0
LZ-GAS-001935,commercial,880.1,817.1,265.0,55.6,26.6,0
LZ-GAS-001936,commercial,540.9,508.7,144.0,53.8,26.9,0
LZ-GAS-001937,residential,250.9,249.0,405.0,2.1,12.2,0
LZ-GAS-001938,commercial,2459.4,966.2,336.0,68.7,12.9,1
LZ-GAS-001939,residential,33.0,32.3,16.0,65.6,23.0,0
LZ-GAS-001940,residential,183.1,202.9,328.0,75.5,20.5,0
LZ-GAS-001941,commercial,773.8,629.5,199.0,17.4,9.0,0
LZ-GAS-001942,commercial,721.1,776.2,248.0,58.4,12.7,0
LZ-GAS-001943,residential,60.6,62.8,72.0,44.6,25.8,0
LZ-GAS-001944,industrial,3148.4,2883.1,292.0,56.5,16.7,0
LZ-GAS-001945,residential,168.5,157.9,243.0,72.3,25.5,0
LZ-GAS-001946,residential,86.3,82.7,102.0,6.5,11.6,0
LZ-GAS-001947,commercial,630.4,596.0,179.0,67.3,25.9,0
LZ-GAS-001948,residential,264.2,246.4,405.0,68.7,25.2,0
LZ-GAS-001949,residential,259.4,256.3,419.0,51.6,16.9,0
LZ-GAS-001950,residential,39.8,40.9,31.0,32.1,15.1,0
LZ-GAS-001951,residential,179.3,180.9,287.0,43.3,15.7,0
LZ-GAS-001952,commercial,634.1,621.0,184.0,11.2,0.0,0
LZ-GAS-001953,commercial,589.5,572.2,157.0,59.6,25.9,0
LZ-GAS-001954,residential,179.4,165.9,255.0,44.1,13.9,0
LZ-GAS-001955,residential,267.1,255.8,418.0,46.0,14.9,0
LZ-GAS-001956,commercial,985.8,919.0,294.0,56.7,18.1,0
LZ-GAS-001957,industrial,1561.5,1599.9,100.0,8.1,1.1,0
LZ-GAS-001958,commercial,693.0,724.1,230.0,3.8,0.9,0
LZ-GAS-001959,residential,171.9,179.8,281.0,9.5,0.0,0
LZ-GAS-001960,residential,221.2,223.8,366.0,6.4,9.9,0
LZ-GAS-001961,residential,54.0,142.5,215.0,64.1,27.9,1
LZ-GAS-001962,residential,165.4,160.4,241.0,10.6,9.0,0
LZ-GAS-001963,residential,159.9,165.6,254.0,30.2,7.8,0
LZ-GAS-001964,residential,176.8,191.4,307.0,52.5,25.6,0
LZ-GAS-001965,residential,21.5,23.5,0.0,20.6,9.5,0
LZ-GAS-001966,residential,497.7,243.0,402.0,72.9,16.2,1
LZ-GAS-001967,residential,195.8,175.2,265.0,73.1,14.8,0
LZ-GAS-001968,residential,163.5,147.7,225.0,31.3,14.7,0
LZ-GAS-001969,residential,77.9,68.7,84.0,46.9,24.9,0
LZ-GAS-001970,residential,165.9,169.9,258.0,62.9,19.8,0
LZ-GAS-001971,industrial,3744.9,4009.6,478.0,78.5,22.4,0
LZ-GAS-001972,commercial,495.3,520.1,148.0,55.4,18.5,0
LZ-GAS-001973,residential,28.6,31.3,15.0,36.0,10.7,0
LZ-GAS-001974,commercial,839.1,834.9,280.0,3.5,4.1,0
LZ-GAS-001975,residential,141.9,149.9,228.0,51.3,20.1,0
LZ-GAS-001976,commercial,743.5,699.8,218.0,52.7,15.5,0
LZ-GAS-001977,residential,39.1,41.7,29.0,55.5,24.5,0
LZ-GAS-001978,residential,178.1,176.0,278.0,27.8,8.0,0
LZ-GAS-001979,industrial,2333.3,2844.5,306.0,68.9,26.7,0
LZ-GAS-001980,residential,25.1,25.7,0.0,47.4,19.6,0
LZ-GAS-001981,residential,160.9,162.1,245.0,30.4,11.6,0
LZ-GAS-001982,commercial,982.7,980.8,322.0,19.5,9.4,0
LZ-GAS-001983,residential,203.9,87.2,109.0,2.4,4.9,1
LZ-GAS-001984,commercial,90.3,161.6,0.0,57.0,28.6,1
LZ-GAS-001985,residential,169.9,154.0,236.0,25.3,8.2,0
LZ-GAS-001986,residential,585.4,290.2,480.0,68.3,29.0,1
LZ-GAS-001987,residential,189.9,172.1,271.0,25.8,17.5,0
LZ-GAS-001988,residential,308.0,286.3,480.0,24.5,10.4,0
LZ-GAS-001989,industrial,2624.5,2521.7,268.0,62.7,29.7,0
LZ-GAS-001990,residential,137.7,132.6,196.0,30.4,1.7,0
LZ-GAS-001991,residential,100.5,91.7,124.0,78.9,26.9,0
LZ-GAS-001992,residential,272.4,247.4,406.0,45.2,17.9,0
LZ-GAS-001993,commercial,278.3,288.4,53.0,75.0,24.8,0
LZ-GAS-001994,commercial,530.1,532.2,145.0,9.7,12.6,0
LZ-GAS-001995,residential,130.3,116.8,170.0,3.7,4.9,0
LZ-GAS-001996,residential,172.2,166.5,262.0,1.1,5.3,0
LZ-GAS-001997,commercial,660.5,714.9,230.0,70.1,29.2,0
LZ-GAS-001998,residential,41.0,40.4,33.0,38.1,14.9,0
LZ-GAS-001999,residential,69.9,66.0,73.0,58.7,15.5,0
LZ-GAS-002000,residential,282.2,271.1,445.0,42.0,19.3,0
LZ-GAS-002001,residential,154.6,153.2,236.0,77.4,24.9,0
LZ-GAS-002002,industrial,2284.6,2301.0,225.0,64.8,19.3,0
LZ-GAS-002003,commercial,629.8,640.6,180.0,38.4,18.3,0
LZ-GAS-002004,residential,157.5,170.0,261.0,14.5,5.7,0
LZ-GAS-002005,residential,102.1,98.2,128.0,30.7,8.7,0
LZ-GAS-002006,residential,235.1,228.4,368.0,31.2,12.5,0
LZ-GAS-002007,residential,199.8,209.4,335.0,28.8,12.2,0
LZ-GAS-002008,residential,140.8,148.0,223.0,57.2,20.5,0
LZ-GAS-002009,residential,207.0,216.7,343.0,66.9,16.7,0
LZ-GAS-002010,residential,307.3,141.5,204.0,66.4,30.0,1
LZ-GAS-002011,commercial,600.7,593.1,170.0,15.7,13.3,0
LZ-GAS-002012,residential,228.0,218.8,352.0,13.5,10.1,0
LZ-GAS-002013,commercial,710.2,704.9,213.0,53.6,20.5,0
LZ-GAS-002014,residential,93.7,92.5,120.0,58.7,8.1,0
LZ-GAS-002015,industrial,1851.7,3685.6,430.0,62.7,26.3,1
LZ-GAS-002016,residential,145.5,134.3,201.0,72.3,18.9,0
LZ-GAS-002017,industrial,2825.5,2689.5,283.0,26.9,15.2,0
LZ-GAS-002018,residential,270.8,259.1,420.0,5.4,1.3,0
LZ-GAS-002019,residential,60.2,57.8,61.0,29.6,18.3,0
LZ-GAS-002020,commercial,670.1,619.4,185.0,25.9,9.8,0
LZ-GAS-002021,residential,211.4,216.8,350.0,8.8,7.1,0
LZ-GAS-002022,residential,132.7,125.4,187.0,54.4,27.2,0
LZ-GAS-002023,residential,141.9,117.9,167.0,40.9,21.1,0
LZ-GAS-002024,residential,154.7,138.2,206.0,49.9,11.6,0
LZ-GAS-002025,residential,131.9,128.2,186.0,69.5,19.8,0
LZ-GAS-002026,residential,117.1,129.6,185.0,46.1,18.5,0
LZ-GAS-002027,residential,149.3,177.0,277.0,71.0,22.5,0
LZ-GAS-002028,residential,151.2,155.5,237.0,65.1,26.3,0
LZ-GAS-002029,residential,282.6,269.5,447.0,42.2,13.1,0
LZ-GAS-002030,commercial,815.6,833.7,267.0,49.5,9.0,0
LZ-GAS-002031,residential,277.6,268.4,441.0,37.6,10.8,0
LZ-GAS-002032,residential,67.3,160.8,243.0,31.0,12.8,1
LZ-GAS-002033,industrial,4360.4,3940.2,450.0,58.5,23.3,0
LZ-GAS-002034,residential,304.8,137.3,209.0,48.1,21.7,1
LZ-GAS-002035,residential,236.5,238.8,383.0,29.6,19.6,0
LZ-GAS-002036,residential,151.0,158.4,247.0,52.2,20.2,0
LZ-GAS-002037,residential,322.5,261.6,434.0,42.9,15.7,0
LZ-GAS-002038,residential,96.9,89.8,125.0,8.9,11.8,0
LZ-GAS-002039,commercial,642.8,603.1,167.0,59.6,20.4,0
LZ-GAS-002040,residential,161.8,176.3,277.0,39.7,13.5,0
LZ-GAS-002041,commercial,403.1,435.6,103.0,74.3,22.2,0
LZ-GAS-002042,industrial,3641.5,3551.0,415.0,71.9,28.6,0
LZ-GAS-002043,residential,147.8,140.0,203.0,9.1,15.7,0
LZ-GAS-002044,residential,195.4,184.7,295.0,21.3,17.9,0
LZ-GAS-002045,residential,249.2,222.4,359.0,55.7,11.9,0
LZ-GAS-002046,residential,199.9,189.9,304.0,16.0,15.4,0
LZ-GAS-002047,residential,96.5,97.0,132.0,65.9,16.8,0
LZ-GAS-002048,commercial,335.0,334.3,56.0,53.9,17.7,0
LZ-GAS-002049,residential,33.7,31.6,11.0,76.0,27.9,0
LZ-GAS-002050,commercial,493.3,448.4,110.0,28.1,6.3,0
LZ-GAS-002051,residential,108.9,98.0,130.0,55.0,13.6,0
LZ-GAS-002052,residential,97.6,92.2,124.0,48.2,14.3,0
LZ-GAS-002053,residential,210.7,179.2,285.0,54.5,28.0,0
LZ-GAS-002054,commercial,279.4,286.1,51.0,75.9,30.0,0
LZ-GAS-002055,residential,35.2,33.9,18.0,28.2,8.5,0
LZ-GAS-002056,residential,157.4,164.3,249.0,18.5,11.3,0
LZ-GAS-002057,commercial,1265.0,1274.3,456.0,64.4,22.7,0
LZ-GAS-002058,residential,94.9,82.9,107.0,12.1,10.6,0
LZ-GAS-002059,residential,131.0,141.2,211.0,44.1,13.4,0
LZ-GAS-002060,residential,144.3,144.0,219.0,74.1,30.0,0
LZ-GAS-002061,residential,226.6,227.4,365.0,67.7,21.0,0
LZ-GAS-002062,residential,216.7,211.9,337.0,55.3,23.9,0
LZ-GAS-002063,residential,122.1,115.8,168.0,1.1,0.0,0
LZ-GAS-002064,commercial,982.0,1029.8,344.0,78.4,27.5,0
LZ-GAS-002065,residential,146.7,151.2,234.0,36.2,15.7,0
LZ-GAS-002066,residential,198.9,206.8,329.0,23.3,18.6,0
LZ-GAS-002067,commercial,1194.2,1276.9,459.0,5.4,0.0,0
LZ-GAS-002068,residential,26.6,26.6,0.0,11.5,11.6,0
LZ-GAS-002069,residential,48.6,50.4,43.0,3.6,10.9,0
LZ-GAS-002070,residential,51.6,53.2,51.0,44.8,15.8,0
LZ-GAS-002071,residential,57.4,61.3,65.0,30.5,20.2,0
LZ-GAS-002072,residential,305.9,153.1,238.0,23.5,22.4,1
LZ-GAS-002073,residential,142.3,154.0,240.0,65.5,26.8,0
LZ-GAS-002074,residential,254.7,271.4,448.0,6.4,11.6,0
LZ-GAS-002075,residential,226.7,249.4,407.0,33.8,21.2,0
LZ-GAS-002076,residential,155.8,168.0,262.0,64.3,24.2,0
LZ-GAS-002077,commercial,778.1,688.0,208.0,66.4,28.7,0
LZ-GAS-002078,residential,182.0,197.7,310.0,56.7,23.1,0
LZ-GAS-002079,residential,182.9,175.0,279.0,41.9,13.0,0
LZ-GAS-002080,residential,142.2,115.9,164.0,12.7,3.9,0
LZ-GAS-002081,residential,220.4,200.9,313.0,31.6,19.8,0
LZ-GAS-002082,residential,117.8,112.3,159.0,58.3,23.5,0
LZ-GAS-002083,industrial,2241.1,2275.3,212.0,62.5,18.3,0
LZ-GAS-002084,residential,160.4,137.2,204.0,48.8,18.3,0
LZ-GAS-002085,industrial,3939.1,1890.6,147.0,71.9,30.0,1
LZ-GAS-002086,industrial,1464.8,1637.6,141.0,45.2,8.7,0
LZ-GAS-002087,residential,157.1,153.5,232.0,67.8,18.4,0
LZ-GAS-002088,commercial,702.0,673.6,208.0,72.4,27.6,0
LZ-GAS-002089,commercial,307.0,344.9,65.0,13.4,13.5,0
LZ-GAS-002090,residential,270.3,264.1,437.0,11.7,3.0,0
LZ-GAS-002091,residential,278.2,267.9,442.0,79.0,20.7,0
LZ-GAS-002092,residential,272.2,264.4,434.0,23.7,12.7,0
LZ-GAS-002093,commercial,1004.7,1091.8,374.0,35.9,22.0,0
LZ-GAS-002094,residential,137.4,140.7,211.0,33.9,14.5,0
LZ-GAS-002095,residential,90.0,81.8,102.0,67.9,11.3,0
LZ-GAS-002096,residential,78.1,74.1,93.0,1.0,11.4,0
LZ-GAS-002097,commercial,163.9,178.9,0.0,39.3,15.7,0
LZ-GAS-002098,commercial,634.6,619.7,181.0,36.9,12.9,0
LZ-GAS-002099,residential,26.4,29.9,2.0,7.9,2.1,0
LZ-GAS-002100,commercial,767.6,734.1,236.0,35.7,20.9,0
LZ-GAS-002101,residential,183.0,166.6,257.0,69.9,24.8,0
LZ-GAS-002102,residential,127.4,108.1,153.0,4.1,9.0,0
LZ-GAS-002103,residential,32.5,110.3,153.0,20.0,12.7,1
LZ-GAS-002104,residential,140.4,141.1,214.0,48.6,20.3,0
LZ-GAS-002105,residential,177.8,188.4,294.0,43.5,21.0,0
LZ-GAS-002106,residential,114.2,121.3,179.0,60.8,29.8,0
LZ-GAS-002107,industrial,4023.1,3867.3,438.0,27.4,7.5,0
LZ-GAS-002108,residential,81.3,84.5,108.0,9.9,8.1,0
LZ-GAS-002109,residential,102.8,103.2,143.0,29.6,11.1,0
LZ-GAS-002110,residential,60.8,113.2,160.0,66.4,30.0,1
LZ-GAS-002111,residential,124.3,133.3,196.0,34.9,13.3,0
LZ-GAS-002112,commercial,760.8,782.8,249.0,31.7,5.8,0
LZ-GAS-002113,commercial,959.3,893.5,291.0,62.5,21.5,0
LZ-GAS-002114,commercial,673.2,610.4,179.0,46.8,14.0,0
LZ-GAS-002115,residential,295.5,256.4,423.0,10.9,5.0,0
LZ-GAS-002116,residential,6.1,22.2,0.0,30.4,11.3,1
LZ-GAS-002117,residential,174.6,164.2,255.0,72.7,17.6,0
LZ-GAS-002118,commercial,740.6,708.3,226.0,2.3,0.0,0
LZ-GAS-002119,residential,50.4,52.7,47.0,61.0,30.0,0
LZ-GAS-002120,residential,45.9,43.7,38.0,24.7,11.5,0
LZ-GAS-002121,residential,153.3,152.2,233.0,59.9,16.3,0
LZ-GAS-002122,residential,204.6,226.8,366.0,13.2,12.4,0
LZ-GAS-002123,residential,182.9,176.4,270.0,52.5,25.8,0
LZ-GAS-002124,residential,139.5,136.8,209.0,68.8,14.4,0
LZ-GAS-002125,residential,123.9,123.2,179.0,5.3,5.1,0
LZ-GAS-002126,residential,115.4,112.7,156.0,76.6,26.5,0
LZ-GAS-002127,commercial,499.9,560.2,168.0,8.5,3.9,0
LZ-GAS-002128,commercial,970.7,910.4,300.0,1.1,8.5,0
LZ-GAS-002129,commercial,1007.7,1000.9,355.0,65.8,16.2,0
LZ-GAS-002130,residential,201.1,182.7,287.0,41.0,12.9,0
LZ-GAS-002131,residential,97.2,95.1,131.0,2.8,6.1,0
LZ-GAS-002132,residential,188.9,184.2,291.0,52.4,21.2,0
LZ-GAS-002133,commercial,562.7,1022.6,349.0,40.7,16.3,1
LZ-GAS-002134,residential,28.8,28.0,0.0,79.6,22.5,0
LZ-GAS-002135,residential,155.1,165.3,258.0,78.1,23.7,0
LZ-GAS-002136,residential,113.6,110.2,149.0,70.3,13.0,0
LZ-GAS-002137,residential,154.8,155.9,232.0,41.8,27.1,0
LZ-GAS-002138,residential,45.7,52.9,56.0,65.5,20.3,0
LZ-GAS-002139,residential,72.9,70.8,83.0,58.9,19.2,0
LZ-GAS-002140,residential,147.0,137.8,203.0,21.8,12.7,0
LZ-GAS-002141,residential,29.7,108.9,147.0,59.8,23.8,1
LZ-GAS-002142,residential,113.7,111.7,155.0,23.7,13.6,0
LZ-GAS-002143,residential,79.3,82.0,105.0,33.6,11.0,0
LZ-GAS-002144,residential,173.1,173.7,272.0,6.4,0.0,0
LZ-GAS-002145,residential,201.8,220.1,352.0,10.9,7.8,0
LZ-GAS-002146,commercial,382.2,397.2,95.0,40.1,12.0,0
LZ-GAS-002147,residential,158.2,162.5,249.0,67.0,19.9,0
LZ-GAS-002148,residential,110.4,113.7,161.0,63.5,21.8,0
LZ-GAS-002149,industrial,2698.9,2460.3,249.0,12.5,10.3,0
LZ-GAS-002150,commercial,1013.8,1070.0,357.0,43.4,23.3,0
LZ-GAS-002151,commercial,696.1,780.0,249.0,24.5,11.4,0
LZ-GAS-002152,residential,128.9,139.9,201.0,16.4,1.4,0
LZ-GAS-002153,commercial,373.0,397.4,84.0,29.3,16.2,0
LZ-GAS-002154,residential,231.0,224.0,358.0,54.4,24.2,0
LZ-GAS-002155,industrial,3974.3,3611.6,424.0,74.0,16.2,0
LZ-GAS-002156,commercial,172.7,172.3,0.0,7.8,10.9,0
LZ-GAS-002157,residential,198.5,184.1,289.0,23.4,12.7,0
LZ-GAS-002158,commercial,609.1,644.0,194.0,59.9,18.2,0
LZ-GAS-002159,residential,56.2,52.9,55.0,39.8,16.8,0
LZ-GAS-002160,commercial,1247.8,1253.9,434.0,31.0,15.7,0
LZ-GAS-002161,residential,184.4,185.4,283.0,64.1,24.9,0
LZ-GAS-002162,industrial,3919.6,4063.9,480.0,1.4,12.1,0
LZ-GAS-002163,commercial,457.7,463.5,117.0,75.7,24.8,0
LZ-GAS-002164,residential,119.0,110.8,157.0,21.8,11.4,0
LZ-GAS-002165,residential,36.8,37.8,27.0,67.7,30.0,0
LZ-GAS-002166,residential,154.2,149.6,225.0,66.8,17.3,0
LZ-GAS-002167,commercial,183.7,186.8,3.0,67.0,21.3,0
LZ-GAS-002168,residential,119.4,123.0,176.0,49.5,16.6,0
LZ-GAS-002169,industrial,3309.7,3309.7,360.0,51.9,22.8,0
LZ-GAS-002170,residential,160.3,185.0,283.0,3.9,12.5,0
LZ-GAS-002171,industrial,3146.6,3095.2,338.0,34.2,7.9,0
LZ-GAS-002172,commercial,757.0,740.2,232.0,50.0,24.6,0
LZ-GAS-002173,residential,179.3,196.1,312.0,21.8,5.5,0
LZ-GAS-002174,residential,134.2,136.2,201.0,54.5,30.0,0
LZ-GAS-002175,residential,54.3,53.8,56.0,44.2,13.6,0
LZ-GAS-002176,residential,166.5,180.0,276.0,53.4,24.8,0
LZ-GAS-002177,residential,140.8,140.5,208.0,68.5,21.7,0
LZ-GAS-002178,commercial,461.2,437.5,115.0,26.7,16.2,0
LZ-GAS-002179,industrial,1467.7,1395.2,76.0,50.0,14.7,0
LZ-GAS-002180,residential,231.2,229.8,368.0,3.9,7.6,0
LZ-GAS-002181,industrial,1121.9,999.9,8.0,63.8,22.0,0
LZ-GAS-002182,residential,90.1,84.3,110.0,65.2,22.7,0
LZ-GAS-002183,industrial,2533.5,2642.8,261.0,55.1,23.7,0
LZ-GAS-002184,industrial,2844.6,2822.6,292.0,55.3,17.6,0
LZ-GAS-002185,residential,177.4,158.6,245.0,44.8,15.5,0
LZ-GAS-002186,commercial,255.4,245.0,25.0,26.0,5.9,0
LZ-GAS-002187,commercial,1001.6,1010.6,353.0,63.8,21.2,0
LZ-GAS-002188,commercial,698.7,656.9,201.0,10.5,6.1,0
LZ-GAS-002189,commercial,236.9,234.0,30.0,46.5,22.0,0
LZ-GAS-002190,residential,211.4,220.5,352.0,8.6,11.5,0
LZ-GAS-002191,residential,133.1,138.7,203.0,59.6,17.2,0
LZ-GAS-002192,residential,23.5,24.1,0.0,40.2,18.2,0
LZ-GAS-002193,commercial,159.7,182.6,0.0,50.7,25.2,0
LZ-GAS-002194,industrial,2214.7,2273.1,195.0,13.6,8.3,0
LZ-GAS-002195,residential,90.3,96.1,135.0,33.3,8.4,0
LZ-GAS-002196,commercial,757.3,776.8,249.0,52.8,30.0,0
LZ-GAS-002197,residential,150.5,154.8,234.0,35.3,17.6,0
LZ-GAS-002198,residential,38.7,90.0,116.0,57.9,24.0,1
LZ-GAS-002199,residential,168.6,172.0,269.0,6.8,20.2,0
LZ-GAS-002200,residential,155.5,154.7,243.0,28.7,9.1,0
LZ-GAS-002201,residential,69.4,68.1,81.0,8.6,9.6,0
LZ-GAS-002202,residential,191.7,199.7,314.0,59.1,11.3,0
LZ-GAS-002203,residential,149.9,155.8,240.0,31.6,16.3,0
LZ-GAS-002204,residential,130.1,131.0,192.0,59.8,22.9,0
LZ-GAS-002205,commercial,814.7,798.9,259.0,60.5,17.2,0
LZ-GAS-002206,residential,91.3,88.9,113.0,3.0,2.5,0
LZ-GAS-002207,residential,77.5,86.9,115.0,49.7,17.5,0
LZ-GAS-002208,residential,129.5,136.2,201.0,64.3,20.9,0
LZ-GAS-002209,residential,75.9,78.3,96.0,73.2,30.0,0
LZ-GAS-002210,residential,219.9,246.7,407.0,7.1,6.5,0
LZ-GAS-002211,industrial,2503.6,2521.5,246.0,7.4,7.0,0
LZ-GAS-002212,industrial,3134.8,2964.9,307.0,35.5,14.0,0
LZ-GAS-002213,commercial,1164.3,1246.1,442.0,60.0,13.0,0
LZ-GAS-002214,residential,231.3,242.5,398.0,8.9,5.8,0
LZ-GAS-002215,commercial,1421.1,1322.9,480.0,79.8,19.1,0
LZ-GAS-002216,residential,78.5,81.7,108.0,57.0,20.9,0
LZ-GAS-002217,residential,250.0,256.5,425.0,1.2,0.0,0
LZ-GAS-002218,residential,111.9,111.6,165.0,59.5,15.2,0
LZ-GAS-002219,industrial,2139.6,2164.7,191.0,34.4,15.8,0
LZ-GAS-002220,commercial,790.9,765.6,244.0,14.0,0.0,0
LZ-GAS-002221,residential,153.9,150.8,229.0,53.0,11.4,0
LZ-GAS-002222,residential,135.9,148.7,216.0,57.2,25.2,0
LZ-GAS-002223,industrial,2695.7,2579.4,258.0,49.7,11.7,0
LZ-GAS-002224,industrial,3662.0,3624.9,411.0,20.3,11.0,0
LZ-GAS-002225,residential,24.7,22.4,0.0,14.6,11.1,0
LZ-GAS-002226,residential,44.6,42.9,34.0,4.8,1.8,0
LZ-GAS-002227,residential,51.8,53.9,55.0,13.4,0.9,0
LZ-GAS-002228,residential,179.8,166.6,257.0,28.8,20.8,0
LZ-GAS-002229,residential,147.6,150.9,233.0,27.0,9.9,0
LZ-GAS-002230,residential,165.2,171.0,268.0,5.6,9.9,0
LZ-GAS-002231,residential,275.0,276.0,459.0,67.6,19.1,0
LZ-GAS-002232,residential,147.2,148.1,223.0,15.0,11.5,0
LZ-GAS-002233,residential,43.0,44.4,40.0,6.4,1.0,0
LZ-GAS-002234,residential,176.3,176.0,274.0,16.7,3.2,0
LZ-GAS-002235,industrial,3661.6,3851.7,449.0,35.4,9.6,0
LZ-GAS-002236,residential,269.1,283.7,470.0,49.9,15.3,0
LZ-GAS-002237,commercial,796.7,705.3,212.0,6.5,4.4,0
LZ-GAS-002238,commercial,682.8,754.4,239.0,12.1,7.3,0
LZ-GAS-002239,residential,182.7,169.4,262.0,2.1,8.6,0
LZ-GAS-002240,residential,190.8,188.2,296.0,31.9,11.2,0
LZ-GAS-002241,residential,126.0,137.9,202.0,79.9,30.0,0
LZ-GAS-002242,residential,108.0,113.9,160.0,62.5,18.3,0
LZ-GAS-002243,commercial,2196.2,1181.1,417.0,68.2,26.3,1
LZ-GAS-002244,commercial,1277.9,1183.4,414.0,73.1,30.0,0
LZ-GAS-002245,residential,121.1,146.1,223.0,17.7,19.1,0
LZ-GAS-002246,industrial,1976.3,1906.3,146.0,51.8,9.0,0
LZ-GAS-002247,commercial,275.4,503.5,142.0,33.3,22.9,1
LZ-GAS-002248,residential,65.9,68.9,75.0,29.1,4.4,0
LZ-GAS-002249,residential,31.8,59.5,65.0,60.7,28.2,1
LZ-GAS-002250,residential,127.0,126.8,186.0,45.0,17.1,0
LZ-GAS-002251,industrial,1603.9,1719.8,129.0,49.8,20.2,0
LZ-GAS-002252,residential,161.1,166.2,255.0,21.6,6.6,0
LZ-GAS-002253,commercial,531.6,524.4,155.0,75.2,29.4,0
LZ-GAS-002254,residential,84.9,81.3,104.0,52.5,22.5,0
LZ-GAS-002255,industrial,1868.9,2056.5,171.0,50.4,15.8,0
LZ-GAS-002256,residential,47.9,25.7,0.0,60.8,18.1,1
LZ-GAS-002257,residential,162.3,168.9,266.0,73.1,28.5,0
LZ-GAS-002258,residential,136.7,131.4,189.0,14.1,14.7,0
LZ-GAS-002259,residential,231.0,244.8,393.0,21.1,15.1,0
LZ-GAS-002260,commercial,580.8,558.5,163.0,77.8,23.5,0
LZ-GAS-002261,residential,136.3,134.7,201.0,53.9,19.5,0
LZ-GAS-002262,residential,79.4,80.3,105.0,71.1,28.4,0
LZ-GAS-002263,residential,304.9,287.7,480.0,26.5,16.8,0
LZ-GAS-002264,commercial,835.5,786.3,254.0,78.9,30.0,0
LZ-GAS-002265,residential,237.9,234.9,374.0,34.5,15.3,0
LZ-GAS-002266,residential,118.3,119.7,177.0,64.4,18.5,0
LZ-GAS-002267,commercial,968.0,912.0,294.0,72.9,25.6,0
LZ-GAS-002268,residential,79.5,79.9,100.0,41.4,18.6,0
LZ-GAS-002269,commercial,606.0,515.2,142.0,33.3,11.6,0
LZ-GAS-002270,industrial,1716.0,2040.3,181.0,39.8,18.2,0
LZ-GAS-002271,residential,91.1,85.0,107.0,10.3,4.4,0
LZ-GAS-002272,residential,214.3,195.3,311.0,5.7,8.7,0
LZ-GAS-002273,commercial,957.5,956.7,325.0,75.6,21.8,0
LZ-GAS-002274,commercial,937.1,1062.7,369.0,52.2,29.6,0
LZ-GAS-002275,commercial,449.1,429.9,104.0,6.7,13.6,0
LZ-GAS-002276,residential,105.2,105.2,145.0,47.2,19.1,0
LZ-GAS-002277,residential,147.8,141.5,213.0,19.9,4.4,0
LZ-GAS-002278,commercial,978.0,890.7,301.0,67.2,16.6,0
LZ-GAS-002279,residential,58.5,58.7,59.0,28.7,16.6,0
LZ-GAS-002280,residential,124.2,126.4,184.0,1.4,5.6,0
LZ-GAS-002281,residential,226.8,216.4,348.0,53.2,20.8,0
LZ-GAS-002282,residential,142.6,147.6,230.0,79.6,18.0,0
LZ-GAS-002283,residential,132.0,137.0,204.0,59.0,13.2,0
LZ-GAS-002284,commercial,352.9,348.6,75.0,76.9,25.8,0
LZ-GAS-002285,residential,120.8,119.1,175.0,8.2,7.0,0
LZ-GAS-002286,commercial,963.5,904.7,305.0,23.3,5.1,0
LZ-GAS-002287,residential,232.8,213.4,346.0,62.1,17.5,0
LZ-GAS-002288,residential,56.5,23.8,5.0,37.0,19.1,1
LZ-GAS-002289,residential,195.4,169.3,267.0,14.3,7.4,0
LZ-GAS-002290,commercial,300.9,602.7,171.0,27.4,15.7,1
LZ-GAS-002291,residential,71.4,79.0,99.0,22.8,19.9,0
LZ-GAS-002292,residential,241.8,270.2,449.0,56.3,21.7,0
LZ-GAS-002293,industrial,2885.1,2843.8,300.0,61.8,22.1,0
LZ-GAS-002294,residential,58.7,64.9,80.0,58.8,17.7,0
LZ-GAS-002295,residential,79.6,75.6,87.0,53.4,25.4,0
LZ-GAS-002296,commercial,785.3,766.2,238.0,59.8,13.7,0
LZ-GAS-002297,residential,42.7,40.6,29.0,73.8,18.9,0
LZ-GAS-002298,industrial,2168.7,2149.5,189.0,21.1,11.2,0
LZ-GAS-002299,residential,173.6,176.5,278.0,22.3,4.2,0
LZ-GAS-002300,industrial,1084.7,1174.2,48.0,78.5,30.0,0
LZ-GAS-002301,residential,136.1,154.2,236.0,70.4,20.4,0
LZ-GAS-002302,commercial,913.6,817.2,269.0,53.2,21.9,0
LZ-GAS-002303,residential,103.9,98.0,131.0,63.5,20.3,0
LZ-GAS-002304,residential,146.2,166.2,261.0,51.4,17.6,0
LZ-GAS-002305,residential,192.9,189.3,297.0,24.7,12.2,0
LZ-GAS-002306,residential,165.2,169.8,267.0,45.2,7.4,0
LZ-GAS-002307,residential,100.4,96.1,129.0,19.5,5.4,0
LZ-GAS-002308,residential,210.9,203.9,321.0,7.9,5.6,0
LZ-GAS-002309,commercial,701.2,617.1,172.0,27.1,23.8,0
LZ-GAS-002310,residential,141.3,154.0,240.0,64.7,26.2,0
LZ-GAS-002311,residential,321.0,147.7,221.0,11.1,12.4,1
LZ-GAS-002312,residential,140.7,145.0,213.0,3.6,1.7,0
LZ-GAS-002313,residential,26.8,25.0,0.0,18.8,15.1,0
LZ-GAS-002314,industrial,3504.0,3231.7,344.0,62.8,27.9,0
LZ-GAS-002315,residential,171.1,174.0,274.0,70.6,27.4,0
LZ-GAS-002316,residential,149.0,150.9,229.0,21.9,24.6,0
LZ-GAS-002317,commercial,963.1,907.9,290.0,76.8,18.4,0
LZ-GAS-002318,commercial,1485.6,574.3,160.0,38.2,10.1,1
LZ-GAS-002319,residential,137.2,134.1,195.0,54.9,18.4,0
LZ-GAS-002320,residential,162.5,177.0,277.0,53.4,14.4,0
LZ-GAS-002321,residential,24.0,24.5,0.0,35.6,15.1,0
LZ-GAS-002322,residential,98.9,92.2,119.0,67.3,25.4,0
LZ-GAS-002323,residential,182.4,101.0,138.0,71.8,23.8,1
LZ-GAS-002324,industrial,3963.5,2155.0,175.0,37.7,15.9,1
LZ-GAS-002325,residential,97.3,103.2,145.0,24.1,14.0,0
LZ-GAS-002326,residential,82.0,86.4,115.0,74.9,28.6,0
LZ-GAS-002327,residential,129.9,159.5,243.0,56.0,16.7,0
LZ-GAS-002328,commercial,1005.8,905.1,311.0,29.1,9.9,0
LZ-GAS-002329,residential,167.9,174.7,270.0,13.1,15.2,0
LZ-GAS-002330,residential,204.8,215.3,341.0,31.6,12.2,0
LZ-GAS-002331,industrial,2570.4,2829.1,277.0,35.5,10.7,0
LZ-GAS-002332,industrial,3276.5,3405.5,399.0,65.1,23.6,0
LZ-GAS-002333,industrial,3456.6,3549.4,412.0,56.1,18.2,0
LZ-GAS-002334,commercial,524.2,563.5,155.0,40.8,16.8,0
LZ-GAS-002335,residential,48.7,85.2,111.0,72.6,23.8,1
LZ-GAS-002336,residential,236.8,101.8,138.0,46.8,20.8,1
LZ-GAS-002337,residential,106.6,114.6,169.0,69.1,27.8,0
LZ-GAS-002338,residential,204.3,192.0,304.0,5.2,3.1,0
LZ-GAS-002339,residential,171.2,179.1,278.0,6.4,1.5,0
LZ-GAS-002340,residential,136.0,155.7,240.0,68.8,30.0,0
LZ-GAS-002341,residential,88.0,96.9,129.0,58.8,17.2,0
LZ-GAS-002342,commercial,617.5,565.1,160.0,20.7,3.4,0
LZ-GAS-002343,residential,134.4,127.8,188.0,9.6,0.0,0
LZ-GAS-002344,residential,154.1,155.6,241.0,5.7,7.2,0
LZ-GAS-002345,commercial,186.1,177.0,0.0,25.6,9.1,0
LZ-GAS-002346,commercial,734.2,772.6,245.0,70.9,14.5,0
LZ-GAS-002347,residential,181.5,175.7,275.0,15.3,5.0,0
LZ-GAS-002348,commercial,488.6,482.0,122.0,19.9,5.6,0
LZ-GAS-002349,residential,230.7,241.5,392.0,66.5,27.5,0
LZ-GAS-002350,industrial,2706.1,2832.0,310.0,14.8,10.8,0
LZ-GAS-002351,commercial,909.6,902.8,301.0,19.1,10.7,0
LZ-GAS-002352,residential,30.8,34.2,13.0,59.7,14.5,0
LZ-GAS-002353,residential,212.2,198.3,313.0,68.5,22.2,0
LZ-GAS-002354,residential,155.5,152.0,232.0,75.4,28.1,0
LZ-GAS-002355,residential,135.7,153.2,238.0,3.6,7.6,0
LZ-GAS-002356,residential,22.7,25.2,0.0,26.4,17.8,0
LZ-GAS-002357,commercial,192.9,223.7,17.0,48.9,18.5,0
LZ-GAS-002358,residential,113.2,123.0,174.0,26.5,16.0,0
LZ-GAS-002359,residential,49.1,49.0,44.0,59.3,23.0,0
LZ-GAS-002360,commercial,956.9,1087.4,378.0,18.0,7.6,0
LZ-GAS-002361,residential,59.7,64.7,71.0,48.4,24.7,0
LZ-GAS-002362,residential,190.9,196.5,307.0,13.0,11.0,0
LZ-GAS-002363,industrial,2575.8,2652.1,259.0,12.0,13.0,0
LZ-GAS-002364,commercial,1326.1,1359.4,480.0,63.8,16.6,0
LZ-GAS-002365,residential,137.5,145.0,220.0,50.2,13.0,0
LZ-GAS-002366,residential,274.4,247.6,401.0,45.4,16.4,0
LZ-GAS-002367,residential,106.3,112.4,158.0,30.1,9.4,0
LZ-GAS-002368,industrial,1521.3,1456.3,69.0,53.9,22.5,0
LZ-GAS-002369,commercial,723.1,792.5,258.0,76.2,27.0,0
LZ-GAS-002370,residential,238.4,232.7,375.0,30.0,19.6,0
LZ-GAS-002371,commercial,605.0,540.2,146.0,3.8,9.8,0
LZ-GAS-002372,residential,220.0,213.6,346.0,20.6,5.4,0
LZ-GAS-002373,commercial,743.6,871.4,288.0,62.5,26.3,0
LZ-GAS-002374,residential,150.9,143.4,216.0,23.8,8.6,0
LZ-GAS-002375,residential,161.6,156.6,241.0,60.4,17.4,0
LZ-GAS-002376,residential,143.8,151.2,232.0,16.3,10.3,0
LZ-GAS-002377,residential,103.5,98.1,138.0,47.7,17.8,0
LZ-GAS-002378,commercial,787.5,744.8,233.0,29.3,18.4,0
LZ-GAS-002379,commercial,792.3,824.3,268.0,42.6,30.0,0
LZ-GAS-002380,residential,95.8,92.4,122.0,30.0,15.5,0
LZ-GAS-002381,commercial,179.2,178.3,0.0,47.5,25.1,0
LZ-GAS-002382,residential,195.5,188.4,296.0,59.1,19.6,0
LZ-GAS-002383,residential,95.1,94.6,129.0,56.1,21.6,0
LZ-GAS-002384,commercial,748.1,853.1,286.0,34.4,11.9,0
LZ-GAS-002385,industrial,1644.1,1623.2,107.0,3.0,4.6,0
LZ-GAS-002386,residential,156.4,170.9,264.0,66.2,29.2,0
LZ-GAS-002387,commercial,579.9,633.8,186.0,8.5,10.3,0
LZ-GAS-002388,industrial,2250.2,2059.4,174.0,30.3,15.7,0
LZ-GAS-002389,industrial,2146.8,2165.8,208.0,63.1,17.7,0
LZ-GAS-002390,residential,162.1,165.7,260.0,78.4,30.0,0
LZ-GAS-002391,residential,19.3,23.6,0.0,58.1,19.6,0
LZ-GAS-002392,residential,224.3,233.2,372.0,9.1,4.9,0
LZ-GAS-002393,residential,219.1,215.4,344.0,77.2,25.1,0
LZ-GAS-002394,residential,156.5,163.6,256.0,3.8,10.2,0
LZ-GAS-002395,residential,29.5,31.3,8.0,2.9,10.4,0
LZ-GAS-002396,residential,205.3,203.6,322.0,58.9,28.0,0
LZ-GAS-002397,commercial,657.6,689.4,215.0,73.5,19.0,0
LZ-GAS-002398,residential,240.9,259.0,423.0,51.2,16.6,0
LZ-GAS-002399,commercial,504.8,559.2,157.0,70.0,30.0,0
LZ-GAS-002400,residential,119.9,130.1,191.0,51.8,30.0,0
LZ-GAS-002401,residential,211.7,212.6,340.0,6.8,4.5,0
LZ-GAS-002402,residential,29.6,27.3,0.0,49.5,17.8,0
LZ-GAS-002403,industrial,1954.6,2020.3,165.0,61.3,13.5,0
LZ-GAS-002404,residential,118.4,127.7,193.0,39.5,11.7,0
LZ-GAS-002405,residential,23.5,23.8,0.0,56.8,15.7,0
LZ-GAS-002406,residential,71.9,79.9,95.0,37.4,14.8,0
LZ-GAS-002407,industrial,2510.5,2648.2,245.0,8.2,2.0,0
LZ-GAS-002408,commercial,747.7,783.8,258.0,69.0,27.8,0
LZ-GAS-002409,commercial,1235.5,1216.4,425.0,16.5,9.8,0
LZ-GAS-002410,residential,208.6,206.9,336.0,16.4,8.8,0
LZ-GAS-002411,residential,53.0,52.2,45.0,10.4,13.1,0
LZ-GAS-002412,commercial,885.3,932.7,315.0,27.7,11.5,0
LZ-GAS-002413,commercial,910.6,830.0,264.0,32.2,7.8,0
LZ-GAS-002414,commercial,735.5,738.3,229.0,15.9,10.0,0
LZ-GAS-002415,residential,59.4,62.5,71.0,13.0,20.0,0
LZ-GAS-002416,residential,273.1,271.7,452.0,36.1,15.5,0
LZ-GAS-002417,residential,251.3,264.0,439.0,1.0,8.8,0
LZ-GAS-002418,commercial,791.8,764.0,254.0,39.3,14.8,0
LZ-GAS-002419,industrial,1327.9,1398.9,112.0,8.6,7.0,0
LZ-GAS-002420,residential,61.9,62.0,71.0,10.7,11.1,0
LZ-GAS-002421,commercial,399.1,356.4,73.0,9.6,0.0,0
LZ-GAS-002422,residential,220.7,205.2,329.0,67.7,16.7,0
LZ-GAS-002423,residential,27.2,26.0,0.0,65.2,19.3,0
LZ-GAS-002424,residential,217.5,222.6,361.0,78.8,24.3,0
LZ-GAS-002425,residential,126.7,133.0,194.0,64.5,29.3,0
LZ-GAS-002426,residential,164.5,169.4,261.0,40.5,28.3,0
LZ-GAS-002427,residential,205.9,196.3,313.0,31.5,17.0,0
LZ-GAS-002428,residential,304.4,286.6,480.0,46.8,19.6,0
LZ-GAS-002429,residential,195.0,191.7,310.0,50.4,21.9,0
LZ-GAS-002430,residential,142.3,133.6,195.0,79.1,30.0,0
LZ-GAS-002431,commercial,753.7,813.1,264.0,26.8,7.7,0
LZ-GAS-002432,residential,160.7,150.1,234.0,72.3,21.6,0
LZ-GAS-002433,residential,124.6,145.0,221.0,76.1,25.7,0
LZ-GAS-002434,residential,139.7,150.8,230.0,76.4,26.5,0
LZ-GAS-002435,residential,73.9,77.6,90.0,50.1,9.0,0
LZ-GAS-002436,residential,161.2,168.4,257.0,49.2,20.4,0
LZ-GAS-002437,residential,48.7,48.8,44.0,79.7,17.9,0
LZ-GAS-002438,residential,276.4,224.9,361.0,33.1,18.0,0
LZ-GAS-002439,commercial,547.9,564.2,169.0,62.1,25.7,0
LZ-GAS-002440,commercial,379.7,336.6,68.0,6.4,0.0,0
LZ-GAS-002441,residential,179.5,189.7,301.0,19.1,13.2,0
LZ-GAS-002442,commercial,970.4,890.2,304.0,40.3,17.0,0
LZ-GAS-002443,residential,49.1,154.5,231.0,58.9,17.6,1
LZ-GAS-002444,residential,38.6,38.0,25.0,14.3,14.3,0
LZ-GAS-002445,residential,58.4,55.6,51.0,65.5,30.0,0
LZ-GAS-002446,residential,178.7,179.1,286.0,46.0,19.9,0
LZ-GAS-002447,residential,262.0,290.9,480.0,10.9,3.2,0
LZ-GAS-002448,commercial,742.2,791.5,250.0,3.1,0.0,0
LZ-GAS-002449,commercial,776.9,776.9,255.0,31.9,8.1,0
LZ-GAS-002450,residential,196.1,186.2,292.0,65.8,17.3,0
LZ-GAS-002451,commercial,424.7,440.6,107.0,78.1,30.0,0
LZ-GAS-002452,residential,218.5,223.8,359.0,60.8,22.6,0
LZ-GAS-002453,residential,105.0,100.1,138.0,18.0,10.3,0
LZ-GAS-002454,commercial,659.4,702.3,223.0,71.8,28.2,0
LZ-GAS-002455,residential,86.4,85.7,114.0,12.5,9.1,0
LZ-GAS-002456,industrial,1324.7,1328.4,64.0,31.8,14.0,0
LZ-GAS-002457,commercial,482.2,459.3,120.0,53.5,15.1,0
LZ-GAS-002458,commercial,370.5,419.8,100.0,27.0,9.6,0
LZ-GAS-002459,residential,109.1,112.1,167.0,26.3,12.7,0
LZ-GAS-002460,residential,279.9,252.2,414.0,34.6,8.7,0
LZ-GAS-002461,residential,143.3,161.7,255.0,72.3,30.0,0
LZ-GAS-002462,commercial,521.7,532.5,146.0,37.5,15.9,0
LZ-GAS-002463,commercial,827.7,847.0,270.0,7.0,4.9,0
LZ-GAS-002464,residential,99.5,105.4,145.0,28.5,17.9,0
LZ-GAS-002465,commercial,988.7,1044.7,362.0,46.9,12.4,0
LZ-GAS-002466,residential,189.0,202.2,319.0,43.3,22.0,0
LZ-GAS-002467,residential,131.7,116.1,173.0,76.5,25.5,0
LZ-GAS-002468,industrial,3947.6,2246.7,213.0,40.7,25.5,1
LZ-GAS-002469,residential,145.7,152.5,228.0,63.2,19.0,0
LZ-GAS-002470,residential,65.9,73.5,90.0,60.0,18.9,0
LZ-GAS-002471,residential,64.8,60.9,72.0,37.3,11.0,0
LZ-GAS-002472,commercial,682.5,647.8,201.0,33.5,8.1,0
LZ-GAS-002473,residential,77.9,83.2,104.0,36.8,16.4,0
LZ-GAS-002474,residential,133.5,144.9,216.0,9.6,3.0,0
LZ-GAS-002475,residential,227.6,205.2,327.0,6.9,9.2,0
LZ-GAS-002476,residential,137.4,131.9,191.0,9.1,5.0,0
LZ-GAS-002477,residential,184.5,186.4,293.0,10.4,13.8,0
LZ-GAS-002478,commercial,1305.8,1246.8,443.0,6.6,0.0,0
LZ-GAS-002479,residential,132.2,117.2,164.0,31.7,15.9,0
LZ-GAS-002480,commercial,1187.1,1118.9,402.0,11.9,9.1,0
LZ-GAS-002481,residential,100.6,93.2,114.0,78.2,25.5,0
LZ-GAS-002482,residential,70.3,66.5,74.0,32.5,10.9,0
LZ-GAS-002483,commercial,789.3,795.8,243.0,0.4,14.7,0
LZ-GAS-002484,industrial,2097.8,2208.9,199.0,52.8,17.1,0
LZ-GAS-002485,residential,52.1,45.8,33.0,57.2,22.3,0
LZ-GAS-002486,industrial,2922.4,3437.6,384.0,75.8,23.6,0
LZ-GAS-002487,commercial,930.8,974.0,328.0,19.6,9.0,0
LZ-GAS-002488,residential,34.9,78.1,96.0,25.4,12.7,1
LZ-GAS-002489,residential,131.1,132.0,195.0,59.9,24.2,0
LZ-GAS-002490,residential,143.5,143.5,210.0,50.1,12.9,0
LZ-GAS-002491,residential,61.8,60.9,62.0,50.0,16.1,0
LZ-GAS-002492,residential,179.7,172.0,261.0,74.8,17.6,0
LZ-GAS-002493,residential,53.5,48.6,48.0,79.7,27.8,0
LZ-GAS-002494,residential,24.6,21.4,0.0,0.7,1.8,0
LZ-GAS-002495,residential,258.1,247.8,403.0,31.0,9.9,0
LZ-GAS-002496,residential,107.1,105.4,140.0,75.5,28.0,0
LZ-GAS-002497,residential,92.4,90.5,123.0,1.4,6.2,0
LZ-GAS-002498,residential,123.4,128.0,191.0,27.1,14.7,0
LZ-GAS-002499,commercial,460.3,474.9,128.0,61.1,20.5,0
LZ-GAS-002500,residential,290.8,288.8,480.0,6.0,9.4,0
LZ-GAS-002501,residential,189.5,180.1,278.0,47.0,18.1,0
LZ-GAS-002502,residential,220.1,204.2,326.0,73.6,18.7,0
LZ-GAS-002503,residential,200.8,208.8,333.0,42.7,17.6,0
LZ-GAS-002504,residential,296.2,285.9,480.0,0.3,4.3,0
LZ-GAS-002505,commercial,157.1,153.3,0.0,9.1,7.0,0
LZ-GAS-002506,industrial,820.5,2996.2,319.0,32.7,15.5,1
LZ-GAS-002507,residential,172.2,159.3,243.0,1.0,3.4,0
LZ-GAS-002508,residential,139.1,150.2,230.0,52.9,13.8,0
LZ-GAS-002509,industrial,3087.5,3317.2,369.0,21.5,17.2,0
LZ-GAS-002510,commercial,903.7,902.4,300.0,27.4,21.9,0
LZ-GAS-002511,residential,27.5,26.3,0.0,62.7,19.9,0
LZ-GAS-002512,commercial,253.6,776.9,252.0,58.7,26.3,1
LZ-GAS-002513,residential,138.8,134.5,199.0,64.0,23.8,0
LZ-GAS-002514,industrial,3513.9,3381.0,362.0,15.2,6.5,0
LZ-GAS-002515,residential,26.0,23.4,0.0,27.5,8.6,0
LZ-GAS-002516,residential,172.0,189.8,301.0,50.9,17.2,0
LZ-GAS-002517,residential,144.7,155.4,239.0,40.2,13.8,0
LZ-GAS-002518,residential,201.2,193.8,304.0,64.5,20.4,0
LZ-GAS-002519,commercial,790.3,815.3,270.0,33.1,13.6,0
LZ-GAS-002520,residential,23.2,22.4,0.0,72.8,18.5,0
LZ-GAS-002521,commercial,957.3,908.6,308.0,17.6,14.6,0
LZ-GAS-002522,commercial,599.1,677.9,216.0,52.3,13.3,0
LZ-GAS-002523,residential,104.2,91.6,120.0,64.0,16.6,0
LZ-GAS-002524,industrial,3645.3,3245.0,340.0,79.1,30.0,0
LZ-GAS-002525,residential,130.0,144.0,214.0,30.3,17.3,0
LZ-GAS-002526,commercial,1178.6,1222.6,431.0,70.7,30.0,0
LZ-GAS-002527,residential,236.9,222.3,357.0,48.2,18.6,0
LZ-GAS-002528,residential,65.5,67.3,78.0,51.3,15.5,0
LZ-GAS-002529,commercial,957.8,925.8,320.0,20.5,16.7,0
LZ-GAS-002530,industrial,596.9,2256.8,220.0,70.3,23.0,1
LZ-GAS-002531,residential,133.7,146.2,217.0,5.4,6.6,0
LZ-GAS-002532,industrial,2084.6,2104.9,201.0,79.3,21.5,0
LZ-GAS-002533,residential,224.7,221.0,350.0,45.3,19.2,0
LZ-GAS-002534,commercial,406.1,447.2,118.0,46.6,5.7,0
LZ-GAS-002535,commercial,851.9,836.6,276.0,14.0,12.0,0
LZ-GAS-002536,residential,37.1,36.5,24.0,54.0,9.4,0
LZ-GAS-002537,residential,174.9,166.7,262.0,12.4,13.4,0
LZ-GAS-002538,commercial,284.4,315.0,59.0,66.8,14.8,0
LZ-GAS-002539,residential,62.1,56.5,58.0,59.8,24.2,0
LZ-GAS-002540,residential,134.3,142.2,214.0,13.5,21.6,0
LZ-GAS-002541,residential,64.1,67.6,76.0,63.1,20.3,0
LZ-GAS-002542,residential,215.9,223.8,361.0,50.7,12.8,0
LZ-GAS-002543,residential,74.9,71.6,80.0,23.7,21.5,0
LZ-GAS-002544,residential,252.5,257.4,424.0,53.1,17.0,0
LZ-GAS-002545,residential,198.6,202.0,325.0,55.6,14.2,0
LZ-GAS-002546,commercial,753.1,727.1,232.0,40.0,22.2,0
LZ-GAS-002547,residential,187.2,190.3,301.0,55.5,5.6,0
LZ-GAS-002548,residential,156.8,163.2,247.0,63.3,14.3,0
LZ-GAS-002549,residential,275.9,289.4,480.0,71.3,17.2,0
LZ-GAS-002550,residential,176.4,180.4,284.0,66.5,19.1,0
LZ-GAS-002551,residential,106.4,105.1,145.0,8.6,0.0,0
LZ-GAS-002552,commercial,878.8,808.5,269.0,68.9,27.2,0
LZ-GAS-002553,commercial,998.0,598.9,177.0,76.0,30.0,1
LZ-GAS-002554,industrial,1122.0,2223.5,211.0,38.6,15.3,1
LZ-GAS-002555,commercial,522.3,513.2,145.0,72.5,22.0,0
LZ-GAS-002556,residential,107.2,109.8,152.0,17.9,2.6,0
LZ-GAS-002557,residential,176.2,203.7,328.0,3.2,9.0,0
LZ-GAS-002558,industrial,2220.7,2251.6,215.0,35.7,11.3,0
LZ-GAS-002559,residential,204.1,197.7,318.0,9.6,11.4,0
LZ-GAS-002560,residential,130.8,125.1,181.0,10.5,13.6,0
LZ-GAS-002561,residential,123.7,137.8,209.0,35.5,15.0,0
LZ-GAS-002562,commercial,563.3,593.8,160.0,77.9,14.8,0
LZ-GAS-002563,residential,221.2,234.7,385.0,41.6,11.6,0
LZ-GAS-002564,residential,254.5,263.2,430.0,79.0,30.0,0
LZ-GAS-002565,residential,148.8,141.0,209.0,40.7,17.4,0
LZ-GAS-002566,commercial,1037.0,996.7,335.0,37.1,22.3,0
LZ-GAS-002567,residential,49.7,45.7,37.0,1.7,0.0,0
LZ-GAS-002568,residential,50.1,55.5,59.0,6.7,7.0,0
LZ-GAS-002569,residential,181.1,202.6,315.0,69.9,22.5,0
LZ-GAS-002570,residential,25.4,25.4,0.0,55.0,11.5,0
LZ-GAS-002571,commercial,1252.1,1316.6,480.0,45.1,14.0,0
LZ-GAS-002572,commercial,1037.7,1038.7,350.0,71.3,28.6,0
LZ-GAS-002573,commercial,1242.9,1242.6,443.0,52.0,21.6,0
LZ-GAS-002574,industrial,2343.3,2216.1,210.0,22.6,8.9,0
LZ-GAS-002575,residential,135.8,53.3,49.0,69.3,24.9,1
LZ-GAS-002576,residential,86.7,84.6,108.0,58.3,26.4,0
LZ-GAS-002577,residential,90.0,86.8,110.0,6.4,2.1,0
LZ-GAS-002578,residential,228.0,206.5,330.0,66.5,24.0,0
LZ-GAS-002579,residential,154.2,76.0,89.0,29.2,18.4,1
LZ-GAS-002580,residential,93.2,90.8,118.0,67.6,19.4,0
LZ-GAS-002581,residential,251.4,257.0,423.0,66.1,28.9,0
LZ-GAS-002582,industrial,595.4,1331.9,66.0,72.6,23.6,1
LZ-GAS-002583,commercial,512.7,534.0,141.0,9.1,13.7,0
LZ-GAS-002584,residential,244.2,243.4,397.0,58.9,25.3,0
LZ-GAS-002585,commercial,1272.3,1322.3,480.0,25.0,13.5,0
LZ-GAS-002586,commercial,209.8,208.8,11.0,68.6,21.6,0
LZ-GAS-002587,commercial,192.9,188.4,0.0,9.2,4.9,0
LZ-GAS-002588,residential,102.0,98.6,132.0,70.1,24.3,0
LZ-GAS-002589,commercial,874.3,759.0,249.0,77.8,26.4,0
LZ-GAS-002590,residential,162.1,142.2,217.0,41.3,23.3,0
LZ-GAS-002591,residential,103.1,107.0,150.0,43.9,16.5,0
LZ-GAS-002592,residential,62.1,58.0,57.0,48.9,19.9,0
LZ-GAS-002593,residential,228.3,207.5,331.0,71.8,30.0,0
LZ-GAS-002594,residential,121.3,113.9,156.0,7.0,9.3,0
LZ-GAS-002595,residential,108.4,104.1,138.0,68.2,25.3,0
LZ-GAS-002596,residential,153.7,152.0,228.0,27.9,20.9,0
LZ-GAS-002597,residential,246.4,250.9,410.0,32.5,14.5,0
LZ-GAS-002598,residential,152.1,160.0,246.0,69.8,25.4,0
LZ-GAS-002599,residential,274.5,287.3,480.0,9.8,12.2,0
LZ-GAS-002600,residential,131.0,125.5,182.0,11.5,8.2,0
LZ-GAS-002601,residential,182.5,188.9,302.0,54.5,14.0,0
LZ-GAS-002602,residential,28.7,26.8,0.0,58.4,13.2,0
LZ-GAS-002603,industrial,1582.4,1685.7,139.0,18.0,9.4,0
LZ-GAS-002604,residential,159.1,148.4,220.0,55.5,25.4,0
LZ-GAS-002605,commercial,469.3,496.8,133.0,28.6,18.1,0
LZ-GAS-002606,commercial,433.2,462.7,122.0,2.2,14.6,0
LZ-GAS-002607,industrial,1836.1,1892.7,151.0,21.0,15.7,0
LZ-GAS-002608,residential,88.8,78.7,97.0,12.9,5.9,0
LZ-GAS-002609,residential,118.9,109.9,154.0,36.1,7.7,0
LZ-GAS-002610,industrial,2110.4,2324.5,233.0,36.3,12.4,0
LZ-GAS-002611,residential,188.1,169.1,272.0,30.8,12.3,0
LZ-GAS-002612,industrial,1488.9,1515.7,84.0,72.8,20.4,0
LZ-GAS-002613,residential,118.2,133.4,197.0,30.8,18.2,0
LZ-GAS-002614,residential,105.1,91.9,119.0,15.3,5.8,0
LZ-GAS-002615,commercial,949.9,966.8,342.0,75.8,27.8,0
LZ-GAS-002616,residential,256.3,271.2,449.0,51.2,22.6,0
LZ-GAS-002617,residential,172.4,160.1,249.0,76.1,16.2,0
LZ-GAS-002618,industrial,2962.8,2716.9,278.0,36.1,12.8,0
LZ-GAS-002619,residential,118.3,130.9,189.0,48.4,24.3,0
LZ-GAS-002620,industrial,2849.7,2689.9,288.0,26.3,16.7,0
LZ-GAS-002621,residential,126.2,134.3,197.0,77.0,25.8,0
LZ-GAS-002622,residential,54.1,59.0,60.0,22.1,5.9,0
LZ-GAS-002623,residential,230.4,233.2,386.0,74.5,21.0,0
LZ-GAS-002624,residential,291.3,288.8,480.0,27.3,13.2,0
LZ-GAS-002625,residential,186.9,193.3,306.0,61.4,27.6,0
LZ-GAS-002626,commercial,665.0,713.5,224.0,51.8,21.3,0
LZ-GAS-002627,residential,183.1,183.8,287.0,62.2,21.0,0
LZ-GAS-002628,residential,296.8,271.1,443.0,16.3,11.2,0
LZ-GAS-002629,residential,114.4,117.2,165.0,79.9,29.8,0
LZ-GAS-002630,residential,222.7,203.9,321.0,39.7,7.1,0
LZ-GAS-002631,commercial,759.5,788.2,248.0,6.0,2.5,0
LZ-GAS-002632,residential,25.2,24.8,0.0,54.6,19.7,0
LZ-GAS-002633,residential,123.9,122.2,179.0,6.2,13.5,0
LZ-GAS-002634,residential,175.9,187.6,300.0,51.8,24.3,0
LZ-GAS-002635,residential,191.9,170.8,272.0,57.4,16.4,0
LZ-GAS-002636,residential,144.7,139.9,211.0,16.3,10.1,0
LZ-GAS-002637,industrial,1362.7,1338.4,64.0,9.3,4.5,0
LZ-GAS-002638,residential,168.8,167.2,259.0,10.8,6.7,0
LZ-GAS-002639,industrial,2568.8,2514.1,249.0,52.6,19.8,0
LZ-GAS-002640,residential,201.9,190.0,297.0,59.8,19.1,0
LZ-GAS-002641,residential,308.3,279.3,459.0,73.6,21.5,0
LZ-GAS-002642,residential,155.7,152.1,232.0,26.0,6.6,0
LZ-GAS-002643,residential,233.1,227.7,369.0,7.8,0.0,0
LZ-GAS-002644,residential,178.4,181.6,290.0,50.4,17.5,0
LZ-GAS-002645,residential,271.5,291.2,480.0,66.9,23.6,0
LZ-GAS-002646,residential,193.2,185.8,293.0,58.1,23.5,0
LZ-GAS-002647,residential,258.4,283.8,480.0,39.2,11.6,0
LZ-GAS-002648,residential,84.8,78.9,98.0,21.5,7.7,0
LZ-GAS-002649,residential,63.7,63.1,70.0,58.3,26.8,0
LZ-GAS-002650,residential,173.6,186.5,291.0,68.5,25.1,0
LZ-GAS-002651,industrial,2296.6,2265.6,210.0,17.5,14.7,0
LZ-GAS-002652,residential,222.5,245.4,399.0,56.8,17.3,0
LZ-GAS-002653,commercial,922.6,973.7,334.0,61.7,17.8,0
LZ-GAS-002654,residential,184.6,212.0,337.0,79.7,20.1,0
LZ-GAS-002655,commercial,526.4,471.2,128.0,30.0,18.4,0
LZ-GAS-002656,residential,146.1,149.0,226.0,31.4,8.1,0
LZ-GAS-002657,residential,195.5,213.0,341.0,3.5,0.0,0
LZ-GAS-002658,residential,114.7,110.7,157.0,12.8,5.4,0
LZ-GAS-002659,industrial,2334.2,2477.2,233.0,59.6,27.1,0
LZ-GAS-002660,residential,227.4,239.7,389.0,21.8,11.5,0
LZ-GAS-002661,residential,151.2,149.8,226.0,72.9,25.3,0
LZ-GAS-002662,residential,183.2,170.0,263.0,25.5,12.9,0
LZ-GAS-002663,commercial,1204.2,1122.9,390.0,63.7,21.6,0
LZ-GAS-002664,residential,188.5,185.7,290.0,28.8,12.3,0
LZ-GAS-002665,residential,43.7,45.7,41.0,60.5,14.0,0
LZ-GAS-002666,residential,156.4,161.4,248.0,35.1,23.0,0
LZ-GAS-002667,commercial,189.4,742.7,236.0,16.9,9.4,1
LZ-GAS-002668,residential,171.3,176.7,277.0,16.4,16.1,0
LZ-GAS-002669,residential,269.8,289.2,480.0,22.9,3.8,0
LZ-GAS-002670,residential,244.6,234.6,381.0,9.5,11.0,0
LZ-GAS-002671,residential,153.6,161.0,252.0,69.4,17.4,0
LZ-GAS-002672,residential,95.0,104.8,146.0,73.8,17.9,0
LZ-GAS-002673,industrial,3492.3,3200.7,343.0,63.7,23.2,0
LZ-GAS-002674,residential,180.0,167.6,257.0,0.4,11.1,0
LZ-GAS-002675,residential,217.9,243.5,404.0,70.6,30.0,0
LZ-GAS-002676,commercial,819.3,831.6,275.0,63.6,28.4,0
LZ-GAS-002677,industrial,3089.6,3285.9,363.0,67.4,21.4,0
LZ-GAS-002678,commercial,866.8,468.4,128.0,50.5,22.4,1
LZ-GAS-002679,residential,145.5,140.8,210.0,16.6,7.1,0
LZ-GAS-002680,residential,145.7,160.0,240.0,23.8,9.2,0
LZ-GAS-002681,residential,97.0,94.6,125.0,31.1,14.9,0
LZ-GAS-002682,residential,214.8,178.8,283.0,14.8,9.0,0
LZ-GAS-002683,commercial,693.6,624.2,183.0,2.2,10.7,0
LZ-GAS-002684,industrial,2158.1,1976.6,185.0,76.3,15.8,0
LZ-GAS-002685,industrial,2011.9,1808.7,141.0,31.1,19.3,0
LZ-GAS-002686,residential,139.7,142.0,220.0,48.7,15.2,0
LZ-GAS-002687,residential,35.8,34.4,19.0,8.6,15.4,0
LZ-GAS-002688,residential,85.0,213.2,349.0,68.6,28.8,1
LZ-GAS-002689,residential,180.5,180.3,285.0,60.1,15.2,0
LZ-GAS-002690,residential,215.0,192.4,306.0,3.2,6.5,0
LZ-GAS-002691,residential,263.4,244.2,395.0,16.1,13.3,0
LZ-GAS-002692,residential,172.0,173.1,268.0,59.5,16.8,0
LZ-GAS-002693,residential,144.6,134.7,193.0,4.6,3.4,0
LZ-GAS-002694,residential,293.5,250.3,405.0,1.9,4.9,0
LZ-GAS-002695,commercial,590.2,615.4,181.0,9.5,12.0,0
LZ-GAS-002696,residential,162.9,164.9,252.0,11.4,13.3,0
LZ-GAS-002697,residential,22.3,23.1,0.0,61.9,19.3,0
LZ-GAS-002698,residential,128.4,113.0,160.0,62.6,25.7,0
LZ-GAS-002699,residential,143.6,148.9,227.0,45.7,24.7,0
LZ-GAS-002700,commercial,907.8,921.8,315.0,24.4,16.6,0
LZ-GAS-002701,commercial,829.5,909.3,298.0,62.7,17.9,0
LZ-GAS-002702,residential,215.5,219.0,355.0,50.7,14.4,0
LZ-GAS-002703,residential,115.6,112.0,157.0,4.9,8.6,0
LZ-GAS-002704,commercial,524.5,549.9,156.0,15.1,13.8,0
LZ-GAS-002705,residential,312.4,167.6,256.0,55.6,22.0,1
LZ-GAS-002706,residential,104.6,94.6,125.0,45.3,15.3,0
LZ-GAS-002707,commercial,648.7,580.1,176.0,31.5,9.2,0
LZ-GAS-002708,residential,195.0,154.9,235.0,42.4,22.8,0
LZ-GAS-002709,residential,27.5,30.3,0.0,19.4,10.0,0
LZ-GAS-002710,residential,40.2,38.0,21.0,46.9,26.9,0
LZ-GAS-002711,residential,163.0,181.2,280.0,11.1,3.0,0
LZ-GAS-002712,commercial,493.5,507.5,133.0,79.0,24.0,0
LZ-GAS-002713,residential,197.8,206.3,324.0,65.9,19.2,0
LZ-GAS-002714,residential,110.9,113.6,163.0,39.8,25.1,0
LZ-GAS-002715,residential,65.4,73.8,91.0,78.2,30.0,0
LZ-GAS-002716,commercial,1032.4,908.4,306.0,54.2,17.0,0
LZ-GAS-002717,residential,132.4,127.3,191.0,46.3,7.9,0
LZ-GAS-002718,residential,173.2,173.2,273.0,51.7,24.6,0
LZ-GAS-002719,commercial,519.0,525.2,137.0,56.2,20.6,0
LZ-GAS-002720,residential,86.6,89.7,120.0,79.2,20.1,0
LZ-GAS-002721,industrial,2262.5,2026.7,181.0,62.7,14.2,0
LZ-GAS-002722,residential,97.1,94.6,122.0,19.0,12.7,0
LZ-GAS-002723,commercial,643.8,665.5,199.0,4.7,6.1,0
LZ-GAS-002724,residential,82.4,74.6,92.0,73.6,25.1,0
LZ-GAS-002725,commercial,886.6,813.7,268.0,59.0,22.7,0
LZ-GAS-002726,commercial,1046.2,954.7,324.0,46.6,15.8,0
LZ-GAS-002727,residential,178.6,181.4,284.0,39.2,14.4,0
LZ-GAS-002728,residential,60.4,59.0,58.0,76.0,28.2,0
LZ-GAS-002729,residential,235.3,235.9,382.0,3.4,6.3,0
LZ-GAS-002730,residential,26.5,23.2,0.0,12.4,7.7,0
LZ-GAS-002731,commercial,871.4,777.6,250.0,25.4,15.5,0
LZ-GAS-002732,commercial,833.4,727.3,236.0,79.8,16.1,0
LZ-GAS-002733,industrial,3070.5,2947.8,321.0,55.6,26.0,0
LZ-GAS-002734,residential,106.2,102.6,135.0,48.1,20.2,0
LZ-GAS-002735,residential,115.3,108.8,157.0,27.4,9.0,0
LZ-GAS-002736,industrial,2973.5,3283.8,372.0,12.6,8.2,0
LZ-GAS-002737,residential,247.5,229.6,369.0,1.3,12.4,0
LZ-GAS-002738,commercial,394.0,399.2,90.0,11.4,11.6,0
LZ-GAS-002739,residential,131.3,126.8,186.0,13.9,0.6,0
LZ-GAS-002740,residential,86.5,89.5,120.0,40.9,11.2,0
LZ-GAS-002741,residential,24.1,23.4,0.0,29.3,14.2,0
LZ-GAS-002742,residential,257.5,229.4,369.0,78.2,30.0,0
LZ-GAS-002743,residential,104.1,100.1,137.0,73.7,28.2,0
LZ-GAS-002744,residential,138.9,152.2,230.0,44.4,16.1,0
LZ-GAS-002745,commercial,780.8,799.1,254.0,13.3,12.2,0
LZ-GAS-002746,industrial,1182.8,1154.8,55.0,25.4,12.4,0
LZ-GAS-002747,residential,216.7,208.0,339.0,2.1,5.0,0
LZ-GAS-002748,residential,99.3,100.1,135.0,53.0,21.1,0
LZ-GAS-002749,residential,43.7,45.0,33.0,30.8,3.1,0
LZ-GAS-002750,industrial,2773.7,2623.0,265.0,74.1,29.5,0
LZ-GAS-002751,residential,160.5,160.2,243.0,25.3,15.0,0
LZ-GAS-002752,residential,105.0,105.6,152.0,68.1,20.8,0
LZ-GAS-002753,residential,148.9,142.6,215.0,31.5,9.6,0
LZ-GAS-002754,residential,268.9,266.5,441.0,52.3,13.1,0
LZ-GAS-002755,residential,188.9,195.6,312.0,28.4,14.4,0
LZ-GAS-002756,residential,138.0,148.6,223.0,64.7,22.9,0
LZ-GAS-002757,residential,123.6,116.0,175.0,17.9,11.3,0
LZ-GAS-002758,commercial,1209.9,1276.8,460.0,12.8,17.7,0
LZ-GAS-002759,residential,126.2,117.8,165.0,4.1,0.0,0
LZ-GAS-002760,residential,23.0,24.3,0.0,30.5,10.0,0
LZ-GAS-002761,residential,240.2,231.8,380.0,58.7,16.8,0
LZ-GAS-002762,residential,112.0,111.9,157.0,37.0,19.9,0
LZ-GAS-002763,residential,20.9,22.3,0.0,67.4,21.6,0
LZ-GAS-002764,residential,43.0,48.7,40.0,46.9,13.0,0
LZ-GAS-002765,residential,50.2,48.2,45.0,42.7,17.7,0
LZ-GAS-002766,residential,26.5,27.7,0.0,39.9,18.0,0
LZ-GAS-002767,industrial,1808.8,1722.7,123.0,3.2,14.8,0
LZ-GAS-002768,residential,109.2,101.8,144.0,47.2,19.1,0
LZ-GAS-002769,commercial,1344.1,1219.3,434.0,15.3,7.6,0
LZ-GAS-002770,residential,138.4,140.2,210.0,6.6,5.2,0
LZ-GAS-002771,residential,110.2,106.4,146.0,8.2,4.0,0
LZ-GAS-002772,residential,122.3,131.6,199.0,13.2,11.7,0
LZ-GAS-002773,residential,170.6,162.5,247.0,49.6,22.5,0
LZ-GAS-002774,residential,225.2,215.6,350.0,22.9,10.6,0
LZ-GAS-002775,commercial,1151.7,1094.4,392.0,23.6,11.2,0
LZ-GAS-002776,residential,23.4,24.5,0.0,33.0,21.1,0
LZ-GAS-002777,residential,42.3,39.9,30.0,76.5,25.6,0
LZ-GAS-002778,commercial,646.9,706.0,219.0,20.6,13.6,0
LZ-GAS-002779,residential,303.0,287.1,471.0,24.1,6.6,0
LZ-GAS-002780,commercial,579.6,554.6,157.0,20.1,8.0,0
LZ-GAS-002781,industrial,3696.7,3370.5,362.0,25.2,1.7,0
LZ-GAS-002782,residential,105.9,110.9,149.0,23.8,5.2,0
LZ-GAS-002783,residential,242.7,110.3,148.0,66.5,24.5,1
LZ-GAS-002784,commercial,682.2,634.2,188.0,78.3,30.0,0
LZ-GAS-002785,residential,264.9,248.7,402.0,31.5,12.6,0
LZ-GAS-002786,residential,117.4,115.1,159.0,69.4,17.4,0
LZ-GAS-002787,commercial,849.1,752.6,231.0,8.5,8.6,0
LZ-GAS-002788,residential,179.2,170.7,265.0,38.6,21.3,0
LZ-GAS-002789,residential,187.4,215.2,341.0,65.8,21.6,0
LZ-GAS-002790,residential,163.4,153.5,230.0,7.2,12.4,0
LZ-GAS-002791,residential,225.8,211.5,338.0,79.9,25.7,0
LZ-GAS-002792,residential,272.1,266.3,442.0,31.9,7.9,0
LZ-GAS-002793,commercial,979.7,971.5,326.0,39.9,11.5,0
LZ-GAS-002794,residential,117.9,121.6,174.0,75.7,23.7,0
LZ-GAS-002795,residential,143.0,135.0,205.0,73.6,30.0,0
LZ-GAS-002796,residential,169.0,165.2,259.0,16.7,13.1,0
LZ-GAS-002797,residential,124.1,130.8,188.0,36.5,13.9,0
LZ-GAS-002798,residential,68.9,66.9,77.0,58.8,22.1,0
LZ-GAS-002799,commercial,441.4,433.8,101.0,36.8,16.3,0
LZ-GAS-002800,industrial,1699.8,1853.4,150.0,75.2,22.6,0
LZ-GAS-002801,industrial,796.2,807.8,0.0,16.0,9.5,0
LZ-GAS-002802,commercial,1280.0,1322.3,480.0,78.0,24.2,0
LZ-GAS-002803,residential,199.8,204.1,334.0,49.7,22.1,0
LZ-GAS-002804,residential,111.5,108.0,149.0,49.1,26.0,0
LZ-GAS-002805,residential,79.1,91.5,126.0,54.7,26.3,0
LZ-GAS-002806,industrial,3912.7,3541.2,383.0,21.2,9.7,0
LZ-GAS-002807,residential,45.5,45.4,40.0,35.5,17.6,0
LZ-GAS-002808,residential,76.5,74.9,90.0,17.5,6.8,0
LZ-GAS-002809,residential,84.9,219.8,358.0,64.5,16.7,1
LZ-GAS-002810,residential,62.6,139.2,213.0,26.5,13.0,1
LZ-GAS-002811,residential,211.4,203.1,324.0,11.5,11.9,0
LZ-GAS-002812,residential,151.0,153.9,237.0,71.2,23.5,0
LZ-GAS-002813,residential,144.5,152.3,223.0,27.5,17.0,0
LZ-GAS-002814,residential,104.2,100.9,139.0,76.0,29.1,0
LZ-GAS-002815,residential,172.4,177.5,286.0,35.6,18.7,0
LZ-GAS-002816,residential,155.3,164.7,254.0,52.1,18.3,0
LZ-GAS-002817,commercial,856.3,774.3,253.0,62.9,15.0,0
LZ-GAS-002818,residential,119.2,116.4,168.0,41.3,25.3,0
LZ-GAS-002819,industrial,3666.2,3311.8,380.0,75.5,22.5,0
LZ-GAS-002820,residential,155.0,150.7,232.0,64.8,25.8,0
LZ-GAS-002821,commercial,2104.2,880.6,302.0,71.3,26.2,1
LZ-GAS-002822,residential,64.1,64.5,71.0,42.5,14.9,0
LZ-GAS-002823,residential,28.7,29.4,8.0,10.4,17.7,0
LZ-GAS-002824,commercial,1056.8,944.4,319.0,13.8,12.8,0
LZ-GAS-002825,residential,96.3,100.2,138.0,11.7,8.9,0
LZ-GAS-002826,residential,90.9,90.9,114.0,42.7,14.6,0
LZ-GAS-002827,residential,184.1,172.6,271.0,76.1,20.2,0
LZ-GAS-002828,residential,272.8,242.3,397.0,44.2,10.8,0
LZ-GAS-002829,residential,148.6,131.1,187.0,34.4,17.4,0
LZ-GAS-002830,residential,122.2,127.3,185.0,9.0,6.1,0
LZ-GAS-002831,residential,184.8,178.4,281.0,30.0,11.3,0
LZ-GAS-002832,residential,187.9,185.6,295.0,14.7,12.2,0
LZ-GAS-002833,industrial,2209.5,2372.2,232.0,36.5,13.4,0
LZ-GAS-002834,industrial,897.4,877.7,0.0,36.7,18.4,0
LZ-GAS-002835,residential,184.3,202.4,323.0,74.7,21.5,0
LZ-GAS-002836,residential,88.8,95.6,123.0,31.7,11.4,0
LZ-GAS-002837,residential,274.8,286.2,480.0,70.7,28.2,0
LZ-GAS-002838,residential,110.6,98.9,134.0,3.4,3.5,0
LZ-GAS-002839,residential,148.8,164.9,252.0,27.7,16.0,0
LZ-GAS-002840,commercial,776.5,708.1,216.0,57.8,23.0,0
LZ-GAS-002841,commercial,626.8,776.3,250.0,35.7,15.0,0
LZ-GAS-002842,residential,292.2,287.5,480.0,6.3,0.0,0
LZ-GAS-002843,residential,127.9,130.8,191.0,28.5,6.7,0
LZ-GAS-002844,residential,227.0,222.7,357.0,44.3,11.7,0
LZ-GAS-002845,residential,148.4,148.5,225.0,76.5,18.8,0
LZ-GAS-002846,industrial,1921.6,2027.7,178.0,19.0,15.0,0
LZ-GAS-002847,industrial,3020.9,3095.5,323.0,7.2,3.5,0
LZ-GAS-002848,industrial,2539.1,2624.0,268.0,60.6,15.0,0
LZ-GAS-002849,commercial,626.6,658.4,200.0,49.2,15.8,0
LZ-GAS-002850,residential,76.0,81.6,98.0,28.0,12.5,0
LZ-GAS-002851,residential,198.0,178.5,279.0,31.3,5.6,0
LZ-GAS-002852,commercial,1317.0,1332.1,480.0,26.2,15.5,0
LZ-GAS-002853,residential,155.5,138.4,207.0,53.1,22.9,0
LZ-GAS-002854,residential,490.8,196.9,307.0,69.3,20.4,1
LZ-GAS-002855,residential,103.5,106.9,149.0,24.0,16.0,0
LZ-GAS-002856,residential,281.5,291.8,480.0,72.8,16.5,0
LZ-GAS-002857,residential,46.0,48.0,39.0,33.5,11.6,0
LZ-GAS-002858,residential,107.2,106.5,148.0,39.3,15.0,0
LZ-GAS-002859,residential,27.0,27.0,0.0,20.5,11.5,0
LZ-GAS-002860,residential,194.3,197.1,315.0,6.9,13.4,0
LZ-GAS-002861,commercial,696.4,796.0,245.0,16.1,8.4,0
LZ-GAS-002862,residential,207.2,178.1,281.0,20.1,6.0,0
LZ-GAS-002863,residential,147.1,148.4,223.0,35.0,15.8,0
LZ-GAS-002864,commercial,1227.5,1220.9,428.0,39.5,16.6,0
LZ-GAS-002865,residential,261.0,247.9,404.0,67.6,25.1,0
LZ-GAS-002866,residential,241.9,235.4,378.0,28.8,11.6,0
LZ-GAS-002867,residential,23.0,27.9,0.0,61.2,22.1,0
LZ-GAS-002868,residential,77.1,81.1,106.0,20.3,8.3,0
LZ-GAS-002869,residential,155.6,155.8,239.0,38.2,18.3,0
LZ-GAS-002870,residential,203.0,213.1,340.0,6.1,4.3,0
LZ-GAS-002871,residential,27.8,25.4,0.0,71.4,20.8,0
LZ-GAS-002872,residential,275.6,262.2,432.0,28.2,18.8,0
LZ-GAS-002873,residential,158.6,173.8,269.0,51.2,15.0,0
LZ-GAS-002874,residential,266.8,261.6,433.0,45.0,17.3,0
LZ-GAS-002875,residential,69.7,63.5,72.0,39.1,18.6,0
LZ-GAS-002876,residential,95.6,96.1,125.0,19.1,9.2,0
LZ-GAS-002877,residential,65.8,74.0,88.0,65.9,26.9,0
LZ-GAS-002878,residential,110.5,106.5,143.0,37.8,12.6,0
LZ-GAS-002879,commercial,430.2,444.0,123.0,10.5,13.6,0
LZ-GAS-002880,residential,20.1,22.7,0.0,8.0,0.3,0
LZ-GAS-002881,residential,227.4,239.1,394.0,40.3,9.4,0
LZ-GAS-002882,residential,184.6,187.8,295.0,45.2,17.6,0
LZ-GAS-002883,residential,91.8,92.6,117.0,22.1,18.6,0
LZ-GAS-002884,commercial,167.9,159.7,0.0,18.8,18.6,0
LZ-GAS-002885,residential,65.8,231.6,376.0,66.4,18.4,1
LZ-GAS-002886,commercial,198.6,199.3,0.0,54.7,19.5,0
LZ-GAS-002887,residential,33.5,66.3,79.0,11.5,6.4,1
LZ-GAS-002888,residential,59.2,61.3,58.0,64.6,11.6,0
LZ-GAS-002889,industrial,1610.2,1641.1,127.0,4.6,10.7,0
LZ-GAS-002890,residential,172.2,178.9,283.0,67.4,21.0,0
LZ-GAS-002891,commercial,876.0,958.2,335.0,66.9,29.5,0
LZ-GAS-002892,residential,66.3,171.2,264.0,9.9,9.8,1
LZ-GAS-002893,residential,62.4,60.1,70.0,79.3,23.2,0
LZ-GAS-002894,residential,237.4,241.3,393.0,72.0,20.6,0
LZ-GAS-002895,commercial,1035.2,1087.5,378.0,14.3,8.6,0
LZ-GAS-002896,commercial,978.8,951.1,325.0,52.3,21.3,0
LZ-GAS-002897,residential,292.6,288.1,480.0,37.2,12.9,0
LZ-GAS-002898,residential,22.6,69.8,83.0,11.6,22.7,1
LZ-GAS-002899,residential,98.8,92.8,122.0,16.5,11.1,0
LZ-GAS-002900,residential,80.3,89.5,120.0,16.5,4.5,0
LZ-GAS-002901,industrial,1725.3,1755.2,141.0,53.8,19.8,0
LZ-GAS-002902,residential,186.5,191.5,307.0,45.8,23.1,0
LZ-GAS-002903,residential,180.6,164.0,249.0,77.7,27.5,0
LZ-GAS-002904,residential,112.0,120.7,169.0,24.5,10.5,0
LZ-GAS-002905,commercial,1053.6,1082.5,373.0,38.5,12.4,0
LZ-GAS-002906,residential,138.2,137.9,211.0,29.7,9.5,0
LZ-GAS-002907,commercial,615.3,535.5,148.0,30.6,7.8,0
LZ-GAS-002908,residential,91.9,102.4,139.0,46.7,15.1,0
LZ-GAS-002909,residential,21.8,54.9,51.0,62.9,23.0,1
LZ-GAS-002910,commercial,563.6,637.7,191.0,54.7,16.9,0
LZ-GAS-002911,residential,74.4,82.7,108.0,9.2,16.3,0
LZ-GAS-002912,residential,134.8,142.5,206.0,22.1,13.4,0
LZ-GAS-002913,residential,162.9,173.5,270.0,50.1,16.3,0
LZ-GAS-002914,residential,175.5,178.0,281.0,60.9,21.1,0
LZ-GAS-002915,residential,57.3,114.4,161.0,69.4,30.0,1
LZ-GAS-002916,residential,294.3,285.2,469.0,28.9,4.8,0
LZ-GAS-002917,commercial,356.7,342.9,70.0,36.7,16.3,0
LZ-GAS-002918,residential,183.0,198.2,313.0,3.9,20.1,0
LZ-GAS-002919,residential,301.0,148.6,224.0,41.5,21.3,1
LZ-GAS-002920,industrial,2601.9,2555.3,257.0,24.3,7.6,0
LZ-GAS-002921,commercial,450.2,489.8,131.0,42.1,17.1,0
LZ-GAS-002922,industrial,804.6,1688.3,118.0,48.0,16.8,1
LZ-GAS-002923,residential,186.6,185.7,303.0,13.7,23.1,0
LZ-GAS-002924,residential,26.5,24.7,0.0,6.1,4.2,0
LZ-GAS-002925,residential,156.6,152.9,237.0,57.1,18.9,0
LZ-GAS-002926,residential,36.8,38.2,28.0,57.8,18.8,0
LZ-GAS-002927,residential,28.5,25.7,0.0,79.0,18.7,0
LZ-GAS-002928,residential,142.0,150.2,229.0,40.3,0.0,0
LZ-GAS-002929,residential,97.6,104.1,145.0,5.4,6.2,0
LZ-GAS-002930,residential,293.6,284.9,473.0,6.2,10.1,0
LZ-GAS-002931,residential,20.7,21.1,0.0,77.6,23.3,0
LZ-GAS-002932,commercial,699.3,729.8,239.0,58.8,23.1,0
LZ-GAS-002933,residential,156.0,156.0,233.0,13.2,13.0,0
LZ-GAS-002934,residential,141.4,155.5,241.0,33.9,17.9,0
LZ-GAS-002935,commercial,582.5,552.9,158.0,15.7,1.6,0
LZ-GAS-002936,residential,29.5,30.4,8.0,62.1,28.9,0
LZ-GAS-002937,industrial,2835.2,2923.9,315.0,58.5,24.8,0
LZ-GAS-002938,residential,205.7,199.1,317.0,74.2,28.5,0
LZ-GAS-002939,residential,149.6,169.5,270.0,52.6,19.2,0
LZ-GAS-002940,residential,169.7,162.8,255.0,32.4,14.1,0
LZ-GAS-002941,commercial,1094.1,1085.2,376.0,72.9,21.5,0
LZ-GAS-002942,residential,222.7,216.7,348.0,30.7,15.7,0
LZ-GAS-002943,residential,212.9,197.5,310.0,58.9,25.3,0
LZ-GAS-002944,residential,99.5,101.7,137.0,17.6,7.6,0
LZ-GAS-002945,residential,220.3,217.5,352.0,22.1,15.5,0
LZ-GAS-002946,residential,92.5,83.4,106.0,48.4,15.8,0
LZ-GAS-002947,residential,177.4,172.1,270.0,23.5,14.8,0
LZ-GAS-002948,residential,72.5,75.1,89.0,68.8,22.5,0
LZ-GAS-002949,industrial,3368.3,2138.7,199.0,41.3,20.5,1
LZ-GAS-002950,residential,217.4,203.5,323.0,74.3,30.0,0
LZ-GAS-002951,residential,125.8,124.2,179.0,48.1,19.1,0
LZ-GAS-002952,commercial,1074.6,1025.1,344.0,46.1,15.1,0
LZ-GAS-002953,residential,116.4,110.0,158.0,40.5,14.0,0
LZ-GAS-002954,residential,259.9,265.8,438.0,15.5,12.9,0
LZ-GAS-002955,commercial,551.7,637.2,199.0,28.0,10.6,0
LZ-GAS-002956,industrial,3733.8,4087.8,480.0,71.7,28.7,0
LZ-GAS-002957,residential,215.2,197.2,314.0,54.2,21.0,0
LZ-GAS-002958,industrial,2102.6,2249.0,215.0,61.6,25.9,0
LZ-GAS-002959,residential,66.4,62.9,73.0,33.3,11.6,0
LZ-GAS-002960,residential,119.1,114.1,165.0,16.2,5.3,0
LZ-GAS-002961,residential,274.7,286.7,477.0,63.6,18.2,0
LZ-GAS-002962,residential,50.3,55.6,57.0,33.4,16.3,0
LZ-GAS-002963,commercial,257.5,235.7,15.0,62.3,17.7,0
LZ-GAS-002964,residential,165.3,166.9,259.0,5.4,10.8,0
LZ-GAS-002965,residential,256.9,236.2,384.0,28.2,2.9,0
LZ-GAS-002966,commercial,550.4,561.0,171.0,52.0,15.7,0
LZ-GAS-002967,residential,76.7,83.1,108.0,74.5,23.8,0
LZ-GAS-002968,commercial,657.6,666.4,191.0,16.1,1.0,0
LZ-GAS-002969,residential,134.4,134.0,192.0,78.6,22.6,0
LZ-GAS-002970,commercial,1024.5,1028.3,367.0,54.0,12.1,0
LZ-GAS-002971,commercial,1427.6,1318.7,465.0,16.0,9.7,0
LZ-GAS-002972,residential,137.9,135.0,201.0,1.2,5.1,0
LZ-GAS-002973,residential,80.5,83.9,112.0,74.3,28.2,0
LZ-GAS-002974,residential,57.1,60.8,63.0,54.0,15.4,0
LZ-GAS-002975,residential,24.6,26.5,0.0,57.8,12.4,0
LZ-GAS-002976,residential,154.3,141.9,210.0,33.1,11.6,0
LZ-GAS-002977,commercial,223.5,224.6,16.0,7.0,8.4,0
LZ-GAS-002978,residential,216.7,200.2,313.0,38.3,16.0,0
LZ-GAS-002979,residential,133.5,128.7,189.0,51.5,19.7,0
LZ-GAS-002980,residential,101.9,96.0,127.0,22.2,17.6,0
LZ-GAS-002981,residential,269.3,253.9,407.0,76.8,23.5,0
LZ-GAS-002982,residential,44.2,25.2,0.0,61.9,20.4,1
LZ-GAS-002983,industrial,2818.8,2979.6,337.0,1.5,2.2,0
LZ-GAS-002984,residential,146.2,156.1,233.0,23.6,9.0,0
LZ-GAS-002985,residential,161.2,164.4,253.0,72.0,29.2,0
LZ-GAS-002986,residential,134.8,142.6,218.0,59.8,22.7,0
LZ-GAS-002987,residential,65.7,67.5,71.0,64.2,9.2,0
LZ-GAS-002988,residential,216.3,191.1,298.0,15.1,15.7,0
LZ-GAS-002989,residential,223.7,231.0,375.0,70.5,13.8,0
LZ-GAS-002990,residential,26.6,25.5,0.0,52.7,17.2,0
LZ-GAS-002991,commercial,651.7,710.9,232.0,32.3,18.9,0
LZ-GAS-002992,commercial,615.6,669.2,203.0,54.6,20.3,0
LZ-GAS-002993,residential,141.4,119.6,180.0,19.6,13.7,0
LZ-GAS-002994,residential,187.0,172.1,272.0,71.8,28.3,0
LZ-GAS-002995,residential,137.2,134.2,193.0,6.3,9.1,0
LZ-GAS-002996,residential,41.9,116.7,166.0,21.4,5.2,1
LZ-GAS-002997,residential,218.5,227.0,374.0,57.5,22.2,0
LZ-GAS-002998,residential,85.8,74.2,92.0,33.5,11.0,0
LZ-GAS-002999,industrial,1916.4,2029.0,165.0,70.7,11.8,0
LZ-GAS-003000,residential,106.2,114.1,163.0,66.2,21.1,0
LZ-GAS-003001,commercial,437.3,452.0,113.0,54.4,22.3,0
LZ-GAS-003002,commercial,528.0,534.2,149.0,28.8,13.8,0
LZ-GAS-003003,commercial,1115.4,1124.3,401.0,35.1,14.8,0
LZ-GAS-003004,industrial,1648.9,1693.4,108.0,26.5,21.2,0
LZ-GAS-003005,residential,269.7,285.4,480.0,25.0,13.6,0
LZ-GAS-003006,industrial,909.3,939.2,10.0,1.0,10.8,0
LZ-GAS-003007,residential,26.4,22.1,0.0,20.7,12.8,0
LZ-GAS-003008,residential,98.1,93.2,125.0,55.7,28.1,0
LZ-GAS-003009,industrial,1087.5,1219.1,50.0,43.4,15.1,0
LZ-GAS-003010,residential,259.3,233.5,380.0,26.4,18.5,0
LZ-GAS-003011,residential,194.5,177.1,276.0,26.1,21.5,0
LZ-GAS-003012,residential,71.5,68.1,76.0,14.4,7.8,0
LZ-GAS-003013,residential,128.6,125.4,190.0,6.1,12.7,0
LZ-GAS-003014,residential,139.7,121.2,175.0,12.4,2.5,0
LZ-GAS-003015,residential,262.0,291.4,480.0,49.8,20.1,0
LZ-GAS-003016,residential,156.1,157.4,235.0,74.3,28.3,0
LZ-GAS-003017,industrial,2444.2,2594.1,251.0,54.9,15.7,0
LZ-GAS-003018,residential,197.7,179.5,286.0,27.6,4.1,0
LZ-GAS-003019,commercial,709.8,759.3,246.0,45.0,17.6,0
LZ-GAS-003020,residential,153.7,145.4,216.0,10.7,7.1,0
LZ-GAS-003021,residential,75.9,83.9,103.0,6.6,8.6,0
LZ-GAS-003022,commercial,793.8,720.3,228.0,5.0,8.8,0
LZ-GAS-003023,residential,154.0,158.0,243.0,45.3,21.5,0
LZ-GAS-003024,industrial,1125.5,1209.2,40.0,46.9,25.5,0
LZ-GAS-003025,residential,140.8,151.4,226.0,12.4,11.3,0
LZ-GAS-003026,residential,49.7,52.0,51.0,75.4,17.4,0
LZ-GAS-003027,residential,22.4,22.9,0.0,11.2,12.2,0
LZ-GAS-003028,residential,135.4,134.8,206.0,40.8,18.2,0
LZ-GAS-003029,residential,165.0,179.7,284.0,51.9,19.8,0
LZ-GAS-003030,residential,231.0,207.6,338.0,2.5,14.5,0
LZ-GAS-003031,commercial,157.4,508.7,142.0,21.7,12.8,1
LZ-GAS-003032,residential,42.1,39.8,23.0,42.6,15.0,0
LZ-GAS-003033,residential,86.6,79.6,98.0,54.2,21.9,0
LZ-GAS-003034,residential,126.9,123.4,181.0,54.6,11.9,0
LZ-GAS-003035,residential,123.5,136.9,200.0,52.9,24.0,0
LZ-GAS-003036,residential,173.9,174.3,277.0,5.8,7.9,0
LZ-GAS-003037,residential,127.5,130.9,191.0,4.6,15.6,0
LZ-GAS-003038,commercial,919.3,1020.6,354.0,68.8,26.7,0
LZ-GAS-003039,residential,98.1,97.8,131.0,11.8,10.9,0
LZ-GAS-003040,residential,167.7,179.6,277.0,29.0,14.3,0
LZ-GAS-003041,commercial,836.4,880.3,299.0,67.3,17.1,0
LZ-GAS-003042,residential,177.6,172.4,266.0,3.6,6.6,0
LZ-GAS-003043,commercial,749.8,861.3,285.0,68.6,24.8,0
LZ-GAS-003044,commercial,161.6,348.1,72.0,52.3,24.1,1
LZ-GAS-003045,residential,222.7,203.7,331.0,31.0,16.0,0
LZ-GAS-003046,residential,102.1,106.1,148.0,19.2,14.4,0
LZ-GAS-003047,commercial,579.7,638.2,192.0,41.7,20.0,0
LZ-GAS-003048,residential,84.3,70.7,83.0,66.0,20.1,0
LZ-GAS-003049,residential,203.8,169.7,264.0,16.2,11.7,0
LZ-GAS-003050,industrial,1571.3,1842.1,158.0,19.8,10.0,0
LZ-GAS-003051,residential,101.0,97.1,126.0,40.0,10.0,0
LZ-GAS-003052,residential,160.9,192.8,306.0,64.8,14.9,0
LZ-GAS-003053,commercial,484.9,474.2,116.0,33.4,18.6,0
LZ-GAS-003054,residential,163.3,169.4,264.0,32.9,21.5,0
LZ-GAS-003055,residential,154.7,155.2,240.0,77.0,30.0,0
LZ-GAS-003056,residential,182.2,184.6,286.0,42.8,12.7,0
LZ-GAS-003057,residential,360.9,149.8,223.0,62.9,29.3,1
LZ-GAS-003058,industrial,3189.4,1236.2,57.0,53.9,27.3,1
LZ-GAS-003059,residential,150.3,155.0,236.0,43.9,13.4,0
LZ-GAS-003060,residential,188.3,171.5,265.0,34.7,17.3,0
LZ-GAS-003061,industrial,3588.3,3798.2,462.0,52.4,27.7,0
LZ-GAS-003062,residential,292.6,277.4,461.0,66.6,23.3,0
LZ-GAS-003063,residential,221.0,203.4,332.0,11.5,14.9,0
LZ-GAS-003064,residential,198.2,217.0,346.0,21.6,8.5,0
LZ-GAS-003065,residential,21.8,21.0,0.0,16.9,8.7,0
LZ-GAS-003066,residential,100.6,105.8,148.0,64.8,26.7,0
LZ-GAS-003067,commercial,324.5,337.3,74.0,25.9,11.9,0
LZ-GAS-003068,residential,226.0,188.0,297.0,35.9,15.8,0
LZ-GAS-003069,industrial,2872.0,2748.4,288.0,41.1,16.9,0
LZ-GAS-003070,residential,183.3,183.3,290.0,76.5,20.3,0
LZ-GAS-003071,industrial,2608.8,2846.7,295.0,0.3,13.6,0
LZ-GAS-003072,commercial,830.9,812.3,266.0,14.8,9.2,0
LZ-GAS-003073,residential,134.6,138.7,204.0,69.5,22.0,0
LZ-GAS-003074,residential,101.8,102.9,141.0,36.6,13.1,0
LZ-GAS-003075,residential,191.5,194.2,312.0,29.4,13.9,0
LZ-GAS-003076,residential,170.8,144.6,219.0,75.5,20.5,0
LZ-GAS-003077,residential,233.1,221.8,358.0,8.6,12.6,0
LZ-GAS-003078,commercial,585.0,574.2,160.0,1.2,4.8,0
LZ-GAS-003079,residential,132.7,127.9,183.0,72.5,28.2,0
LZ-GAS-003080,residential,81.5,87.7,115.0,65.6,18.3,0
LZ-GAS-003081,residential,202.9,193.2,305.0,43.0,11.9,0
LZ-GAS-003082,industrial,1619.6,1613.8,111.0,21.3,7.0,0
LZ-GAS-003083,residential,23.7,25.4,0.0,62.2,22.9,0
LZ-GAS-003084,residential,89.6,84.4,112.0,12.6,2.8,0
LZ-GAS-003085,industrial,1414.8,1674.2,127.0,34.1,18.9,0
LZ-GAS-003086,residential,143.5,145.8,217.0,13.7,8.0,0
LZ-GAS-003087,commercial,583.7,609.7,172.0,32.6,18.7,0
LZ-GAS-003088,residential,217.5,237.1,385.0,0.5,4.4,0
LZ-GAS-003089,commercial,769.1,801.4,261.0,36.7,19.3,0
LZ-GAS-003090,commercial,1001.7,1016.1,346.0,36.2,10.2,0
LZ-GAS-003091,commercial,1193.1,1134.3,402.0,78.6,20.4,0
LZ-GAS-003092,residential,396.4,224.6,357.0,30.3,16.7,1
LZ-GAS-003093,residential,230.7,209.7,341.0,42.5,14.1,0
LZ-GAS-003094,residential,95.6,111.7,157.0,12.1,14.4,0
LZ-GAS-003095,industrial,2493.4,2786.4,278.0,22.6,8.4,0
LZ-GAS-003096,residential,140.1,138.0,207.0,18.4,13.3,0
LZ-GAS-003097,residential,184.6,200.1,322.0,77.9,21.6,0
LZ-GAS-003098,residential,102.3,103.0,144.0,10.2,0.1,0
LZ-GAS-003099,industrial,3028.9,2905.9,307.0,51.4,26.1,0
LZ-GAS-003100,residential,125.6,112.3,155.0,66.6,21.8,0
LZ-GAS-003101,residential,209.8,199.7,318.0,75.4,29.8,0
LZ-GAS-003102,residential,244.4,235.3,381.0,56.4,21.1,0
LZ-GAS-003103,commercial,1136.0,1106.6,382.0,14.5,1.3,0
LZ-GAS-003104,residential,110.8,117.3,167.0,73.6,26.5,0
LZ-GAS-003105,residential,235.3,243.3,395.0,41.3,21.8,0
LZ-GAS-003106,commercial,170.6,186.7,0.0,42.2,23.1,0
LZ-GAS-003107,residential,319.7,159.9,243.0,71.4,30.0,1
LZ-GAS-003108,commercial,233.7,251.8,35.0,1.3,8.4,0
LZ-GAS-003109,residential,153.3,146.4,223.0,57.6,20.0,0
LZ-GAS-003110,residential,56.4,59.8,66.0,60.9,21.7,0
LZ-GAS-003111,residential,165.0,147.5,216.0,53.6,13.8,0
LZ-GAS-003112,residential,95.1,95.0,128.0,15.5,13.6,0
LZ-GAS-003113,residential,224.8,237.5,388.0,73.1,28.0,0
LZ-GAS-003114,residential,307.2,291.2,480.0,19.2,12.7,0
LZ-GAS-003115,residential,232.7,210.2,335.0,25.9,8.8,0
LZ-GAS-003116,commercial,1046.1,1031.0,357.0,66.8,26.0,0
LZ-GAS-003117,residential,182.8,183.3,284.0,73.7,21.8,0
LZ-GAS-003118,residential,129.5,139.2,211.0,21.1,17.6,0
LZ-GAS-003119,residential,119.9,128.9,193.0,38.3,12.7,0
LZ-GAS-003120,residential,55.8,61.8,70.0,68.0,20.5,0
LZ-GAS-003121,residential,91.2,93.0,119.0,43.1,15.3,0
LZ-GAS-003122,residential,233.3,205.3,328.0,18.2,5.6,0
LZ-GAS-003123,residential,117.9,120.2,169.0,29.7,9.1,0
LZ-GAS-003124,residential,155.4,173.4,274.0,50.6,17.4,0
LZ-GAS-003125,industrial,1486.1,1458.7,106.0,57.9,8.5,0
LZ-GAS-003126,commercial,1333.7,1335.2,480.0,24.7,22.2,0
LZ-GAS-003127,residential,426.9,245.4,402.0,15.2,11.8,1
LZ-GAS-003128,industrial,1895.0,2139.3,212.0,62.4,23.1,0
LZ-GAS-003129,residential,287.3,283.9,470.0,24.3,7.8,0
LZ-GAS-003130,residential,191.1,189.5,292.0,19.7,12.0,0
LZ-GAS-003131,industrial,3101.5,3306.1,368.0,23.1,11.8,0
LZ-GAS-003132,residential,146.8,134.4,204.0,18.5,11.2,0
LZ-GAS-003133,residential,115.1,114.8,166.0,10.7,1.5,0
LZ-GAS-003134,residential,239.6,249.4,411.0,30.8,13.2,0
LZ-GAS-003135,commercial,911.7,924.2,322.0,15.1,0.5,0
LZ-GAS-003136,residential,217.0,206.6,334.0,51.8,18.1,0
LZ-GAS-003137,residential,238.4,219.1,357.0,8.3,3.8,0
LZ-GAS-003138,residential,163.1,157.6,243.0,28.5,10.2,0
LZ-GAS-003139,residential,115.4,115.2,166.0,75.9,23.5,0
LZ-GAS-003140,residential,183.7,176.9,276.0,36.7,19.4,0
LZ-GAS-003141,residential,24.0,25.8,0.0,71.4,30.0,0
LZ-GAS-003142,residential,154.7,156.6,238.0,18.2,10.8,0
LZ-GAS-003143,residential,222.1,230.1,373.0,62.9,16.5,0
LZ-GAS-003144,residential,126.6,130.9,196.0,6.9,15.1,0
LZ-GAS-003145,commercial,1512.8,1308.9,470.0,76.1,18.2,0
LZ-GAS-003146,residential,131.5,124.9,181.0,77.0,22.6,0
LZ-GAS-003147,commercial,443.4,443.6,90.0,55.4,18.9,0
LZ-GAS-003148,residential,166.7,190.9,303.0,16.2,6.5,0
LZ-GAS-003149,residential,147.2,137.7,204.0,60.6,27.8,0
LZ-GAS-003150,residential,196.4,195.1,307.0,64.4,24.2,0
LZ-GAS-003151,residential,100.1,104.5,142.0,52.3,24.5,0
LZ-GAS-003152,residential,177.4,184.8,298.0,62.1,20.1,0
LZ-GAS-003153,residential,160.0,157.0,241.0,20.3,15.4,0
LZ-GAS-003154,commercial,677.4,779.8,259.0,62.5,20.9,0
LZ-GAS-003155,residential,201.9,219.1,350.0,18.0,9.8,0
LZ-GAS-003156,residential,94.7,91.2,126.0,40.5,17.7,0
LZ-GAS-003157,commercial,614.7,641.3,204.0,31.6,15.9,0
LZ-GAS-003158,residential,216.3,227.1,371.0,17.1,13.2,0
LZ-GAS-003159,residential,225.1,240.8,386.0,20.6,10.1,0
LZ-GAS-003160,industrial,5317.4,3044.8,320.0,70.8,16.3,1
LZ-GAS-003161,residential,72.2,71.5,81.0,4.9,5.7,0
LZ-GAS-003162,residential,170.8,162.3,252.0,39.3,2.6,0
LZ-GAS-003163,commercial,578.2,599.3,173.0,38.6,14.3,0
LZ-GAS-003164,residential,117.4,124.2,184.0,8.9,4.2,0
LZ-GAS-003165,residential,44.5,38.2,25.0,6.7,11.8,0
LZ-GAS-003166,commercial,203.5,195.1,0.0,34.9,1.3,0
LZ-GAS-003167,residential,99.2,221.7,354.0,28.7,23.1,1
LZ-GAS-003168,industrial,3694.1,3040.0,331.0,20.7,9.5,0
LZ-GAS-003169,commercial,265.8,253.3,36.0,20.4,3.2,0
LZ-GAS-003170,commercial,560.5,601.8,179.0,18.3,12.7,0
LZ-GAS-003171,residential,133.7,149.8,233.0,51.0,21.2,0
LZ-GAS-003172,residential,112.3,103.5,149.0,78.2,27.7,0
LZ-GAS-003173,commercial,803.5,869.3,290.0,24.5,22.9,0
LZ-GAS-003174,commercial,660.2,602.8,174.0,32.0,9.9,0
LZ-GAS-003175,residential,45.4,51.4,44.0,55.8,21.4,0
LZ-GAS-003176,residential,117.0,121.7,170.0,24.6,12.9,0
LZ-GAS-003177,residential,66.0,180.4,283.0,10.1,5.2,1
LZ-GAS-003178,residential,87.5,83.5,104.0,51.9,20.4,0
LZ-GAS-003179,residential,197.3,198.3,322.0,28.4,19.3,0
LZ-GAS-003180,residential,243.0,224.6,361.0,0.3,1.9,0
LZ-GAS-003181,residential,197.6,196.4,303.0,26.3,14.8,0
LZ-GAS-003182,residential,189.4,189.6,297.0,70.4,28.6,0
LZ-GAS-003183,residential,156.0,144.6,212.0,4.2,10.3,0
LZ-GAS-003184,residential,185.4,188.8,295.0,71.3,15.9,0
LZ-GAS-003185,residential,100.7,97.6,129.0,49.2,19.7,0
LZ-GAS-003186,residential,32.7,27.3,0.0,66.6,20.7,0
LZ-GAS-003187,industrial,1662.7,1673.1,132.0,44.9,23.3,0
LZ-GAS-003188,residential,273.2,250.7,412.0,56.8,19.6,0
LZ-GAS-003189,residential,216.5,224.6,358.0,70.9,30.0,0
LZ-GAS-003190,residential,65.9,69.8,84.0,13.7,3.3,0
LZ-GAS-003191,industrial,2223.6,2249.9,194.0,8.8,10.7,0
LZ-GAS-003192,commercial,514.7,478.9,129.0,45.7,13.1,0
LZ-GAS-003193,residential,24.2,61.8,68.0,38.3,24.4,1
LZ-GAS-003194,residential,118.8,121.9,179.0,41.6,24.2,0
LZ-GAS-003195,residential,214.1,205.6,325.0,28.8,8.6,0
LZ-GAS-003196,residential,151.2,151.6,229.0,78.4,29.3,0
LZ-GAS-003197,commercial,687.2,602.5,189.0,48.3,17.9,0
LZ-GAS-003198,commercial,171.2,162.9,0.0,48.9,10.2,0
LZ-GAS-003199,residential,291.7,286.7,480.0,2.3,1.4,0
LZ-GAS-003200,commercial,355.6,355.0,70.0,22.1,12.0,0
LZ-GAS-003201,residential,144.7,148.9,224.0,22.6,14.2,0
LZ-GAS-003202,residential,202.4,201.1,327.0,79.4,24.0,0
LZ-GAS-003203,residential,183.4,160.2,244.0,11.0,10.2,0
LZ-GAS-003204,residential,189.5,208.2,329.0,40.4,17.7,0
LZ-GAS-003205,residential,61.0,25.2,0.0,58.5,22.1,1
LZ-GAS-003206,industrial,1495.2,1629.9,106.0,49.7,12.6,0
LZ-GAS-003207,commercial,584.1,550.2,132.0,60.9,21.9,0
LZ-GAS-003208,commercial,302.4,287.2,45.0,28.9,15.9,0
LZ-GAS-003209,commercial,189.0,210.0,15.0,13.0,1.9,0
LZ-GAS-003210,commercial,1065.8,988.8,334.0,18.2,18.2,0
LZ-GAS-003211,residential,53.5,54.5,54.0,44.0,24.2,0
LZ-GAS-003212,commercial,997.6,1032.1,362.0,41.6,17.2,0
LZ-GAS-003213,residential,197.4,209.7,337.0,32.5,24.5,0
LZ-GAS-003214,residential,119.5,118.9,175.0,73.5,20.4,0
LZ-GAS-003215,residential,54.2,49.8,39.0,32.1,9.3,0
LZ-GAS-003216,industrial,1667.5,1743.2,143.0,17.0,7.2,0
LZ-GAS-003217,commercial,560.6,507.8,126.0,48.1,14.5,0
LZ-GAS-003218,residential,113.3,97.3,134.0,46.6,26.8,0
LZ-GAS-003219,commercial,484.6,445.2,119.0,62.8,22.0,0
LZ-GAS-003220,commercial,678.7,717.8,226.0,44.8,16.9,0
LZ-GAS-003221,residential,132.9,128.3,182.0,0.6,8.0,0
LZ-GAS-003222,residential,137.3,141.8,212.0,38.7,23.6,0
LZ-GAS-003223,residential,132.9,147.0,216.0,14.7,10.5,0
LZ-GAS-003224,residential,239.0,234.6,378.0,18.8,8.8,0
LZ-GAS-003225,commercial,1158.0,1336.6,480.0,61.6,22.8,0
LZ-GAS-003226,commercial,705.9,703.4,222.0,77.0,30.0,0
LZ-GAS-003227,residential,130.6,141.6,209.0,69.8,22.5,0
LZ-GAS-003228,residential,120.4,134.7,199.0,18.8,17.7,0
LZ-GAS-003229,residential,207.4,213.1,344.0,34.1,16.1,0
LZ-GAS-003230,residential,186.3,195.3,310.0,68.9,22.4,0
LZ-GAS-003231,residential,85.7,155.1,234.0,67.3,25.3,1
LZ-GAS-003232,residential,158.4,136.2,201.0,4.6,17.0,0
LZ-GAS-003233,residential,192.1,189.2,294.0,22.3,10.4,0
LZ-GAS-003234,residential,56.5,224.7,355.0,47.4,24.7,1
LZ-GAS-003235,residential,125.3,115.9,163.0,15.6,12.7,0
LZ-GAS-003236,industrial,2739.4,2745.8,275.0,1.6,7.2,0
LZ-GAS-003237,residential,29.0,26.5,0.0,17.7,10.7,0
LZ-GAS-003238,residential,97.2,99.2,133.0,43.3,20.9,0
LZ-GAS-003239,commercial,824.7,855.1,282.0,57.2,23.4,0
LZ-GAS-003240,residential,35.2,32.0,15.0,59.1,22.6,0
LZ-GAS-003241,residential,39.4,37.3,24.0,45.3,20.6,0
LZ-GAS-003242,residential,169.1,161.7,252.0,47.9,13.7,0
LZ-GAS-003243,commercial,189.7,190.2,0.0,41.7,13.2,0
LZ-GAS-003244,residential,118.2,120.3,178.0,63.5,17.0,0
LZ-GAS-003245,residential,293.6,288.8,480.0,52.0,17.3,0
LZ-GAS-003246,residential,270.2,169.0,265.0,54.6,18.6,1
LZ-GAS-003247,residential,251.6,269.2,447.0,72.3,22.3,0
LZ-GAS-003248,commercial,1231.7,1202.8,422.0,9.4,11.0,0
LZ-GAS-003249,residential,86.0,92.4,122.0,3.1,2.1,0
LZ-GAS-003250,industrial,929.0,2228.8,194.0,42.6,15.5,1
LZ-GAS-003251,residential,160.2,171.2,269.0,35.7,19.2,0
LZ-GAS-003252,commercial,999.4,1043.4,363.0,72.7,30.0,0
LZ-GAS-003253,residential,225.7,248.5,406.0,24.7,12.5,0
LZ-GAS-003254,residential,244.2,202.9,321.0,54.1,25.5,0
LZ-GAS-003255,residential,170.3,171.3,264.0,55.6,26.7,0
LZ-GAS-003256,residential,83.4,73.9,84.0,19.1,5.8,0
LZ-GAS-003257,residential,225.6,218.3,356.0,0.7,7.4,0
LZ-GAS-003258,residential,103.8,104.4,145.0,33.5,9.2,0
LZ-GAS-003259,residential,198.1,215.1,348.0,16.1,8.1,0
LZ-GAS-003260,residential,261.7,245.0,394.0,15.2,11.8,0
LZ-GAS-003261,residential,41.4,40.1,33.0,36.8,9.0,0
LZ-GAS-003262,residential,291.0,287.2,480.0,14.3,12.2,0
LZ-GAS-003263,commercial,667.3,665.2,196.0,44.8,16.5,0
LZ-GAS-003264,residential,206.8,221.7,361.0,49.3,17.2,0
LZ-GAS-003265,industrial,2778.8,2999.1,343.0,37.6,18.1,0
LZ-GAS-003266,commercial,3289.7,1309.0,462.0,45.1,13.2,1
LZ-GAS-003267,residential,262.9,232.8,375.0,15.8,1.6,0
LZ-GAS-003268,commercial,1053.7,1210.5,433.0,46.0,17.7,0
LZ-GAS-003269,residential,211.4,204.5,330.0,68.3,19.5,0
LZ-GAS-003270,residential,89.6,90.0,119.0,67.9,22.0,0
LZ-GAS-003271,commercial,605.8,641.4,197.0,8.8,2.8,0
LZ-GAS-003272,commercial,899.1,916.3,311.0,26.0,7.9,0
LZ-GAS-003273,residential,226.6,216.2,345.0,57.4,15.3,0
LZ-GAS-003274,industrial,821.2,2406.6,241.0,47.3,11.5,1
LZ-GAS-003275,residential,93.3,95.4,129.0,30.9,9.7,0
LZ-GAS-003276,residential,55.5,56.0,59.0,66.7,18.8,0
LZ-GAS-003277,residential,187.1,154.6,233.0,71.6,24.0,0
LZ-GAS-003278,residential,340.5,288.7,480.0,45.0,30.0,0
LZ-GAS-003279,residential,152.7,140.5,206.0,20.0,8.0,0
LZ-GAS-003280,residential,96.8,109.3,158.0,77.0,17.4,0
LZ-GAS-003281,residential,216.6,189.2,301.0,38.4,18.4,0
LZ-GAS-003282,industrial,2879.4,2939.0,317.0,27.7,6.8,0
LZ-GAS-003283,industrial,2517.1,2457.5,239.0,10.1,4.1,0
LZ-GAS-003284,residential,23.2,24.0,0.0,75.4,23.1,0
LZ-GAS-003285,residential,106.0,102.2,133.0,55.2,20.0,0
LZ-GAS-003286,residential,93.5,100.8,140.0,5.7,7.7,0
LZ-GAS-003287,residential,206.6,190.8,303.0,14.5,10.8,0
LZ-GAS-003288,residential,103.4,99.2,140.0,73.9,23.9,0
LZ-GAS-003289,commercial,612.3,634.4,192.0,6.0,12.9,0
LZ-GAS-003290,residential,71.6,72.2,78.0,54.1,23.6,0
LZ-GAS-003291,commercial,510.0,543.6,150.0,45.5,14.7,0
LZ-GAS-003292,commercial,1320.0,1318.5,480.0,40.0,14.9,0
LZ-GAS-003293,residential,206.1,208.4,330.0,55.3,13.1,0
LZ-GAS-003294,residential,170.9,177.1,278.0,26.9,15.9,0
LZ-GAS-003295,residential,82.9,88.2,113.0,50.1,17.5,0
LZ-GAS-003296,residential,57.0,57.2,63.0,70.2,30.0,0
LZ-GAS-003297,commercial,1001.5,1025.2,356.0,45.8,14.1,0
LZ-GAS-003298,residential,148.6,149.4,221.0,42.0,23.9,0
LZ-GAS-003299,residential,181.0,190.1,300.0,48.9,13.7,0
LZ-GAS-003300,commercial,898.6,809.0,261.0,14.9,1.4,0
LZ-GAS-003301,residential,152.0,157.3,239.0,26.7,8.4,0
LZ-GAS-003302,residential,29.3,26.8,0.0,57.3,21.9,0
LZ-GAS-003303,residential,212.4,210.7,340.0,45.4,22.3,0
LZ-GAS-003304,residential,287.5,271.4,452.0,9.4,4.0,0
LZ-GAS-003305,industrial,2076.3,2401.5,233.0,69.4,28.0,0
LZ-GAS-003306,residential,156.9,137.3,201.0,32.9,11.6,0
LZ-GAS-003307,residential,143.1,162.2,251.0,19.8,8.4,0
LZ-GAS-003308,industrial,2140.7,2209.1,190.0,12.0,7.5,0
LZ-GAS-003309,residential,20.6,21.7,0.0,74.0,30.0,0
LZ-GAS-003310,commercial,636.6,592.2,176.0,58.4,21.4,0
LZ-GAS-003311,residential,153.6,144.9,222.0,24.8,13.6,0
LZ-GAS-003312,residential,204.5,219.5,361.0,15.4,2.4,0
LZ-GAS-003313,residential,86.0,82.0,96.0,68.1,23.8,0
LZ-GAS-003314,commercial,655.0,614.9,182.0,11.7,10.2,0
LZ-GAS-003315,residential,147.4,153.4,226.0,41.7,24.3,0
LZ-GAS-003316,residential,178.7,182.2,284.0,53.5,15.0,0
LZ-GAS-003317,residential,280.9,284.6,476.0,75.0,21.2,0
LZ-GAS-003318,residential,196.1,196.5,307.0,54.9,15.1,0
LZ-GAS-003319,residential,204.7,196.2,309.0,8.6,4.9,0
LZ-GAS-003320,residential,69.9,66.4,68.0,41.6,19.6,0
LZ-GAS-003321,commercial,1178.4,1227.9,432.0,72.9,20.2,0
LZ-GAS-003322,residential,24.7,24.6,0.0,21.6,17.6,0
LZ-GAS-003323,residential,250.9,245.9,400.0,7.0,7.8,0
LZ-GAS-003324,residential,210.2,209.9,337.0,4.7,2.6,0
LZ-GAS-003325,residential,137.9,153.7,238.0,66.7,19.4,0
LZ-GAS-003326,commercial,352.5,382.9,87.0,74.7,17.9,0
LZ-GAS-003327,residential,179.3,188.8,294.0,36.9,8.0,0
LZ-GAS-003328,commercial,539.3,556.3,163.0,24.5,17.7,0
LZ-GAS-003329,residential,259.2,247.0,400.0,31.8,18.1,0
LZ-GAS-003330,commercial,185.7,198.3,0.0,14.2,4.6,0
LZ-GAS-003331,commercial,880.4,745.9,235.0,34.9,12.4,0
LZ-GAS-003332,residential,22.2,24.2,0.0,37.8,23.2,0
LZ-GAS-003333,commercial,753.0,752.9,234.0,42.7,13.0,0
LZ-GAS-003334,industrial,2051.1,2056.4,184.0,8.4,9.1,0
LZ-GAS-003335,residential,194.1,210.3,334.0,78.0,27.9,0
LZ-GAS-003336,residential,71.9,67.4,75.0,50.1,17.4,0
LZ-GAS-003337,residential,79.4,77.6,96.0,45.8,16.4,0
LZ-GAS-003338,residential,23.1,24.0,0.0,66.1,20.7,0
LZ-GAS-003339,commercial,548.1,562.0,165.0,3.9,7.4,0
LZ-GAS-003340,commercial,706.3,767.9,246.0,46.9,9.9,0
LZ-GAS-003341,residential,137.0,127.7,191.0,29.6,13.5,0
LZ-GAS-003342,residential,77.9,77.5,96.0,51.3,19.6,0
LZ-GAS-003343,residential,125.0,132.0,194.0,75.1,18.1,0
LZ-GAS-003344,residential,198.5,187.0,296.0,5.6,9.5,0
LZ-GAS-003345,residential,148.8,170.5,263.0,13.9,4.8,0
LZ-GAS-003346,industrial,997.4,969.9,0.0,28.1,0.0,0
LZ-GAS-003347,commercial,558.2,537.2,157.0,42.7,7.0,0
LZ-GAS-003348,industrial,1586.9,1589.9,107.0,66.3,22.9,0
LZ-GAS-003349,residential,23.9,23.2,0.0,58.7,23.3,0
LZ-GAS-003350,commercial,955.3,891.9,301.0,43.9,14.7,0
LZ-GAS-003351,industrial,744.2,2595.1,264.0,15.4,2.6,1
LZ-GAS-003352,residential,79.9,74.9,87.0,40.3,15.1,0
LZ-GAS-003353,residential,181.5,187.3,291.0,35.2,19.1,0
LZ-GAS-003354,residential,157.5,163.4,254.0,9.0,7.8,0
LZ-GAS-003355,commercial,577.5,560.3,159.0,73.2,16.9,0
LZ-GAS-003356,residential,162.5,168.6,262.0,67.3,24.9,0
LZ-GAS-003357,commercial,1455.9,641.6,194.0,49.1,17.1,1
LZ-GAS-003358,residential,105.9,100.8,132.0,19.8,9.9,0
LZ-GAS-003359,residential,209.5,223.1,357.0,46.1,17.6,0
LZ-GAS-003360,residential,31.7,31.1,18.0,25.9,15.0,0
LZ-GAS-003361,industrial,4236.9,3981.8,470.0,51.9,18.3,0
LZ-GAS-003362,commercial,861.4,801.3,255.0,3.0,1.8,0
LZ-GAS-003363,residential,130.8,114.4,167.0,48.3,17.3,0
LZ-GAS-003364,residential,195.8,180.8,278.0,44.8,17.7,0
LZ-GAS-003365,residential,74.6,81.7,100.0,74.0,30.0,0
LZ-GAS-003366,residential,120.4,121.2,169.0,45.7,11.2,0
LZ-GAS-003367,commercial,1327.4,1312.7,480.0,62.6,20.8,0
LZ-GAS-003368,industrial,2485.6,2721.2,284.0,17.8,6.0,0
LZ-GAS-003369,commercial,627.7,650.9,201.0,44.2,18.2,0
LZ-GAS-003370,residential,123.4,134.6,202.0,25.9,9.6,0
LZ-GAS-003371,residential,205.7,212.2,343.0,78.8,10.4,0
LZ-GAS-003372,commercial,1093.0,983.1,343.0,76.6,29.6,0
LZ-GAS-003373,residential,124.4,124.1,180.0,19.6,7.5,0
LZ-GAS-003374,residential,213.1,229.2,377.0,49.9,12.9,0
LZ-GAS-003375,commercial,648.0,721.9,220.0,5.7,0.0,0
LZ-GAS-003376,residential,139.8,145.7,217.0,43.9,11.5,0
LZ-GAS-003377,industrial,3300.2,2823.5,322.0,78.8,19.1,0
LZ-GAS-003378,commercial,456.3,472.2,127.0,11.2,7.9,0
LZ-GAS-003379,commercial,223.6,228.8,19.0,58.4,21.1,0
LZ-GAS-003380,commercial,858.9,703.9,203.0,41.2,15.7,0
LZ-GAS-003381,industrial,1476.2,3068.1,338.0,79.5,27.4,1
LZ-GAS-003382,industrial,2182.3,2195.3,184.0,32.7,9.9,0
LZ-GAS-003383,residential,198.7,215.1,338.0,66.2,25.3,0
LZ-GAS-003384,residential,251.2,234.7,381.0,47.7,17.2,0
LZ-GAS-003385,commercial,588.2,589.5,178.0,64.0,24.0,0
LZ-GAS-003386,industrial,2063.6,2263.4,224.0,68.2,25.8,0
LZ-GAS-003387,residential,122.3,134.1,205.0,51.8,16.9,0
LZ-GAS-003388,residential,185.2,195.2,309.0,28.0,18.9,0
LZ-GAS-003389,residential,169.9,183.7,288.0,47.7,21.6,0
LZ-GAS-003390,residential,162.7,159.8,248.0,63.2,19.6,0
LZ-GAS-003391,commercial,1007.6,1168.3,403.0,65.6,30.0,0
LZ-GAS-003392,commercial,910.8,830.7,275.0,50.5,26.6,0
LZ-GAS-003393,residential,181.1,168.8,261.0,36.5,7.4,0
LZ-GAS-003394,residential,83.5,97.3,128.0,6.7,0.0,0
LZ-GAS-003395,residential,142.9,155.4,234.0,9.3,5.1,0
LZ-GAS-003396,residential,247.1,245.6,399.0,51.6,21.0,0
LZ-GAS-003397,residential,209.6,200.4,317.0,31.7,18.3,0
LZ-GAS-003398,residential,168.9,157.6,240.0,54.1,22.6,0
LZ-GAS-003399,residential,144.3,144.5,213.0,41.7,16.2,0
LZ-GAS-003400,commercial,448.4,444.3,104.0,31.9,18.5,0
LZ-GAS-003401,residential,87.6,94.6,130.0,16.4,13.4,0
LZ-GAS-003402,commercial,1085.5,1048.4,359.0,67.8,20.6,0
LZ-GAS-003403,residential,142.4,151.0,229.0,21.7,12.1,0
LZ-GAS-003404,residential,151.2,154.7,237.0,50.5,23.6,0
LZ-GAS-003405,commercial,1084.5,1139.5,391.0,8.1,4.7,0
LZ-GAS-003406,residential,38.9,119.9,172.0,77.1,22.0,1
LZ-GAS-003407,industrial,2062.1,1981.6,163.0,12.2,4.8,0
LZ-GAS-003408,industrial,3395.6,3654.2,411.0,40.3,23.0,0
LZ-GAS-003409,industrial,3066.5,2824.4,307.0,65.0,25.4,0
LZ-GAS-003410,residential,37.6,34.9,20.0,18.6,14.6,0
LZ-GAS-003411,residential,135.1,147.6,224.0,51.6,16.9,0
LZ-GAS-003412,residential,87.9,91.7,125.0,32.6,13.9,0
LZ-GAS-003413,commercial,608.9,567.5,160.0,77.0,30.0,0
LZ-GAS-003414,residential,125.7,130.9,196.0,10.7,7.2,0
LZ-GAS-003415,residential,32.5,33.2,14.0,15.3,15.5,0
LZ-GAS-003416,commercial,542.8,499.7,133.0,43.6,16.7,0
LZ-GAS-003417,residential,297.6,279.2,462.0,54.5,19.4,0
LZ-GAS-003418,residential,149.4,136.0,200.0,46.1,20.1,0
LZ-GAS-003419,residential,108.0,114.5,164.0,14.6,13.7,0
LZ-GAS-003420,residential,249.9,219.5,351.0,39.2,24.2,0
LZ-GAS-003421,residential,43.6,51.2,49.0,5.2,5.5,0
LZ-GAS-003422,commercial,670.4,652.9,197.0,53.9,27.6,0
LZ-GAS-003423,commercial,1149.2,1124.4,394.0,26.3,8.7,0
LZ-GAS-003424,residential,143.6,151.4,227.0,76.9,20.9,0
LZ-GAS-003425,industrial,2417.0,2676.8,271.0,32.0,3.0,0
LZ-GAS-003426,commercial,638.7,642.4,198.0,4.1,11.0,0
LZ-GAS-003427,industrial,754.0,2806.4,272.0,1.0,13.3,1
LZ-GAS-003428,commercial,988.1,961.0,318.0,26.4,6.6,0
LZ-GAS-003429,residential,141.4,138.0,205.0,20.9,9.5,0
LZ-GAS-003430,residential,154.7,158.9,241.0,76.0,23.6,0
LZ-GAS-003431,industrial,2398.6,2522.0,259.0,62.4,13.9,0
LZ-GAS-003432,residential,29.4,26.7,0.0,29.4,13.6,0
LZ-GAS-003433,residential,199.9,213.6,345.0,20.8,12.5,0
LZ-GAS-003434,residential,301.6,281.1,463.0,5.4,4.8,0
LZ-GAS-003435,residential,197.4,209.0,334.0,9.9,3.4,0
LZ-GAS-003436,residential,162.6,164.8,258.0,59.4,21.4,0
LZ-GAS-003437,residential,125.4,124.9,180.0,4.5,9.9,0
LZ-GAS-003438,residential,193.4,176.1,275.0,62.8,14.7,0
LZ-GAS-003439,commercial,1284.3,1325.5,480.0,31.6,13.3,0
LZ-GAS-003440,residential,272.0,256.4,421.0,54.6,22.3,0
LZ-GAS-003441,residential,98.5,102.6,138.0,49.3,4.6,0
LZ-GAS-003442,industrial,4070.1,3679.1,425.0,8.7,9.6,0
LZ-GAS-003443,commercial,474.8,504.7,138.0,60.5,29.4,0
LZ-GAS-003444,commercial,564.3,521.5,145.0,70.2,17.2,0
LZ-GAS-003445,residential,152.2,140.2,210.0,8.8,14.5,0
LZ-GAS-003446,residential,177.4,192.3,310.0,77.7,23.9,0
LZ-GAS-003447,industrial,2334.2,2142.8,200.0,64.5,25.0,0
LZ-GAS-003448,industrial,7328.0,3192.6,358.0,48.4,17.2,1
LZ-GAS-003449,residential,157.1,169.0,269.0,55.7,14.3,0
LZ-GAS-003450,residential,251.5,266.9,433.0,3.7,0.0,0
LZ-GAS-003451,residential,52.0,52.8,51.0,18.2,22.1,0
LZ-GAS-003452,residential,171.6,162.5,245.0,72.5,17.5,0
LZ-GAS-003453,commercial,1081.6,935.0,316.0,69.0,21.8,0
LZ-GAS-003454,residential,264.1,260.4,428.0,17.4,17.2,0
LZ-GAS-003455,commercial,163.6,178.8,0.0,43.8,18.3,0
LZ-GAS-003456,industrial,2200.2,2077.9,200.0,27.6,13.7,0
LZ-GAS-003457,residential,20.4,22.7,0.0,15.0,0.0,0
LZ-GAS-003458,residential,190.3,183.3,286.0,62.5,18.5,0
LZ-GAS-003459,residential,105.5,111.1,158.0,54.1,12.9,0
LZ-GAS-003460,residential,167.4,175.8,273.0,5.5,0.0,0
LZ-GAS-003461,residential,203.4,224.0,361.0,53.5,21.1,0
LZ-GAS-003462,residential,225.2,210.9,343.0,1.0,10.2,0
LZ-GAS-003463,commercial,662.8,652.8,204.0,7.7,4.1,0
LZ-GAS-003464,commercial,903.8,909.8,310.0,33.1,11.0,0
LZ-GAS-003465,residential,251.2,285.5,480.0,2.8,8.7,0
LZ-GAS-003466,residential,109.6,115.0,168.0,41.6,20.6,0
LZ-GAS-003467,industrial,2724.8,2879.2,305.0,54.6,14.4,0
LZ-GAS-003468,residential,129.4,119.5,168.0,20.7,16.8,0
LZ-GAS-003469,residential,238.0,214.6,340.0,55.8,24.5,0
LZ-GAS-003470,residential,103.2,96.6,128.0,5.7,7.4,0
LZ-GAS-003471,commercial,1019.7,914.5,310.0,7.1,2.3,0
LZ-GAS-003472,residential,49.6,45.5,41.0,39.9,18.7,0
LZ-GAS-003473,residential,164.9,169.5,257.0,2.3,9.9,0
LZ-GAS-003474,residential,292.6,289.4,480.0,60.7,29.7,0
LZ-GAS-003475,commercial,330.6,371.9,85.0,71.3,20.8,0
LZ-GAS-003476,residential,114.3,109.2,157.0,0.5,13.8,0
LZ-GAS-003477,residential,233.1,222.5,351.0,63.9,20.2,0
LZ-GAS-003478,residential,69.7,76.3,91.0,45.6,19.9,0
LZ-GAS-003479,commercial,195.0,183.3,0.0,78.0,24.9,0
LZ-GAS-003480,residential,35.1,35.7,19.0,64.0,22.3,0
LZ-GAS-003481,residential,145.0,166.4,258.0,72.3,30.0,0
LZ-GAS-003482,residential,230.2,232.5,374.0,68.4,19.7,0
LZ-GAS-003483,residential,170.3,161.1,245.0,68.2,27.0,0
LZ-GAS-003484,commercial,748.6,779.1,241.0,60.6,19.8,0
LZ-GAS-003485,residential,226.9,226.1,372.0,72.5,23.9,0
LZ-GAS-003486,residential,156.5,151.8,228.0,6.9,4.2,0
LZ-GAS-003487,residential,240.5,248.7,406.0,64.3,23.0,0
LZ-GAS-003488,residential,250.0,260.5,425.0,54.2,9.7,0
LZ-GAS-003489,residential,117.6,131.7,192.0,29.0,11.9,0
LZ-GAS-003490,residential,244.5,239.4,397.0,35.0,19.6,0
LZ-GAS-003491,residential,204.3,203.1,324.0,9.0,12.3,0
LZ-GAS-003492,industrial,2728.7,2417.8,217.0,24.9,4.2,0
LZ-GAS-003493,residential,158.5,152.9,230.0,57.2,14.7,0
LZ-GAS-003494,residential,225.2,227.7,372.0,44.1,14.9,0
LZ-GAS-003495,residential,55.9,61.5,73.0,74.2,30.0,0
LZ-GAS-003496,residential,36.6,42.2,27.0,20.4,8.9,0
LZ-GAS-003497,residential,227.4,235.8,383.0,18.3,10.5,0
LZ-GAS-003498,commercial,1293.7,1338.7,480.0,59.0,19.5,0
LZ-GAS-003499,residential,177.3,171.3,269.0,76.5,26.6,0
LZ-GAS-003500,residential,228.9,228.9,367.0,29.4,8.8,0
LZ-GAS-003501,industrial,1019.5,1019.1,21.0,31.5,15.1,0
LZ-GAS-003502,industrial,1389.1,1280.1,61.0,4.4,9.4,0
LZ-GAS-003503,industrial,1901.7,1858.4,161.0,18.8,15.8,0
LZ-GAS-003504,residential,131.3,127.5,186.0,72.8,19.8,0
LZ-GAS-003505,commercial,801.2,789.4,252.0,78.2,29.9,0
LZ-GAS-003506,commercial,591.7,573.7,170.0,39.3,25.2,0
LZ-GAS-003507,residential,144.8,146.0,222.0,68.3,26.9,0
LZ-GAS-003508,industrial,2542.2,2272.0,206.0,17.3,13.6,0
LZ-GAS-003509,residential,195.2,193.5,311.0,51.8,6.9,0
LZ-GAS-003510,residential,239.5,229.2,370.0,73.1,30.0,0
LZ-GAS-003511,residential,237.7,216.5,345.0,28.0,22.4,0
LZ-GAS-003512,residential,247.3,252.1,413.0,51.0,24.7,0
LZ-GAS-003513,residential,129.8,135.5,206.0,59.5,23.3,0
LZ-GAS-003514,industrial,2100.5,2010.3,172.0,11.3,12.9,0
LZ-GAS-003515,residential,29.9,27.2,0.0,20.7,25.9,0
LZ-GAS-003516,industrial,1117.5,986.2,13.0,47.4,14.3,0
LZ-GAS-003517,residential,206.9,206.6,335.0,20.7,9.2,0
LZ-GAS-003518,residential,211.3,187.2,292.0,12.8,14.6,0
LZ-GAS-003519,residential,325.5,154.9,235.0,12.9,10.5,1
LZ-GAS-003520,industrial,2333.5,2227.1,189.0,62.6,11.0,0
LZ-GAS-003521,residential,39.1,65.8,69.0,36.8,16.3,1
LZ-GAS-003522,commercial,184.8,190.4,0.0,44.5,18.8,0
LZ-GAS-003523,residential,132.7,108.6,153.0,50.9,14.1,0
LZ-GAS-003524,industrial,2101.3,2019.2,195.0,26.0,14.3,0
LZ-GAS-003525,commercial,157.9,150.5,0.0,52.6,20.3,0
LZ-GAS-003526,residential,227.2,244.6,400.0,36.1,6.1,0
LZ-GAS-003527,residential,98.1,100.6,140.0,7.4,10.4,0
LZ-GAS-003528,residential,179.6,181.6,285.0,41.9,27.1,0
LZ-GAS-003529,residential,244.4,241.8,398.0,39.9,24.6,0
LZ-GAS-003530,residential,268.6,256.1,424.0,55.1,14.2,0
LZ-GAS-003531,residential,118.3,130.4,188.0,76.8,18.6,0
LZ-GAS-003532,residential,224.4,220.2,354.0,3.8,7.2,0
LZ-GAS-003533,residential,233.3,215.9,347.0,49.3,19.7,0
LZ-GAS-003534,residential,171.7,158.0,236.0,56.3,13.4,0
LZ-GAS-003535,industrial,2130.1,2600.6,270.0,38.4,11.9,0
LZ-GAS-003536,residential,95.1,88.0,113.0,34.5,21.3,0
LZ-GAS-003537,residential,161.9,167.1,262.0,56.9,21.4,0
LZ-GAS-003538,residential,97.0,102.2,142.0,43.3,21.9,0
LZ-GAS-003539,residential,148.8,134.5,199.0,33.3,14.1,0
LZ-GAS-003540,residential,374.2,157.6,242.0,52.4,24.2,1
LZ-GAS-003541,residential,216.1,216.5,351.0,48.5,15.5,0
LZ-GAS-003542,residential,126.3,132.6,197.0,7.0,5.2,0
LZ-GAS-003543,residential,128.2,132.9,193.0,28.7,8.4,0
LZ-GAS-003544,commercial,565.7,582.5,173.0,71.5,14.3,0
LZ-GAS-003545,residential,251.4,286.3,480.0,12.7,7.2,0
LZ-GAS-003546,residential,120.9,123.1,173.0,41.7,9.7,0
LZ-GAS-003547,residential,200.8,181.2,289.0,51.0,16.4,0
LZ-GAS-003548,residential,39.0,41.3,31.0,9.6,9.1,0
LZ-GAS-003549,commercial,697.1,722.5,234.0,16.0,10.8,0
LZ-GAS-003550,residential,61.1,62.1,71.0,25.8,14.4,0
LZ-GAS-003551,residential,109.4,111.6,154.0,48.0,16.0,0
LZ-GAS-003552,residential,202.3,205.1,325.0,10.1,8.2,0
LZ-GAS-003553,residential,280.5,273.4,453.0,61.4,27.0,0
LZ-GAS-003554,commercial,830.6,800.8,250.0,54.6,18.8,0
LZ-GAS-003555,residential,196.0,192.8,307.0,64.3,22.2,0
LZ-GAS-003556,residential,170.6,165.1,251.0,19.3,0.0,0
LZ-GAS-003557,residential,125.5,119.2,170.0,43.3,11.3,0
LZ-GAS-003558,commercial,838.8,768.0,239.0,68.7,28.6,0
LZ-GAS-003559,residential,215.0,220.1,355.0,34.9,10.4,0
LZ-GAS-003560,commercial,729.3,794.7,254.0,45.6,12.0,0
LZ-GAS-003561,industrial,2219.7,2047.3,178.0,32.8,18.9,0
LZ-GAS-003562,residential,103.4,111.2,166.0,59.2,14.6,0
LZ-GAS-003563,residential,178.1,189.4,291.0,50.2,23.4,0
LZ-GAS-003564,commercial,651.4,631.5,185.0,60.1,20.5,0
LZ-GAS-003565,residential,202.6,217.0,349.0,77.6,22.2,0
LZ-GAS-003566,residential,47.0,48.9,44.0,62.3,11.3,0
LZ-GAS-003567,residential,212.8,203.4,327.0,45.8,24.0,0
LZ-GAS-003568,residential,91.5,90.2,121.0,20.4,2.0,0
LZ-GAS-003569,industrial,2525.0,2315.8,218.0,41.1,10.1,0
LZ-GAS-003570,commercial,1387.1,1344.2,480.0,75.7,28.8,0
LZ-GAS-003571,residential,205.8,225.7,364.0,78.8,19.4,0
LZ-GAS-003572,residential,124.4,113.9,161.0,9.8,10.9,0
LZ-GAS-003573,industrial,2226.4,2110.1,178.0,53.8,19.2,0
LZ-GAS-003574,residential,188.8,213.3,345.0,1.8,5.0,0
LZ-GAS-003575,industrial,3108.1,3251.2,351.0,8.6,2.8,0
LZ-GAS-003576,residential,145.1,147.3,224.0,29.7,10.0,0
LZ-GAS-003577,residential,232.6,205.4,326.0,7.7,9.2,0
LZ-GAS-003578,commercial,583.5,585.7,173.0,52.1,14.0,0
LZ-GAS-003579,residential,14.2,26.8,0.0,39.9,19.0,1
LZ-GAS-003580,residential,230.7,226.7,371.0,30.8,14.8,0
LZ-GAS-003581,residential,116.0,118.8,164.0,68.1,25.6,0
LZ-GAS-003582,industrial,2914.4,2853.2,306.0,28.5,14.2,0
LZ-GAS-003583,industrial,2238.9,2197.6,205.0,19.8,13.6,0
LZ-GAS-003584,residential,134.4,128.4,191.0,22.7,13.5,0
LZ-GAS-003585,residential,81.8,83.9,111.0,1.8,10.5,0
LZ-GAS-003586,residential,207.1,204.8,328.0,57.8,22.2,0
LZ-GAS-003587,residential,499.8,207.8,338.0,51.6,20.4,1
LZ-GAS-003588,residential,71.0,243.6,394.0,33.3,9.7,1
LZ-GAS-003589,residential,165.8,200.6,320.0,65.4,13.7,0
LZ-GAS-003590,residential,187.3,177.5,285.0,26.5,12.8,0
LZ-GAS-003591,residential,104.0,112.9,160.0,17.1,14.9,0
LZ-GAS-003592,commercial,775.2,748.2,234.0,2.7,1.9,0
LZ-GAS-003593,residential,189.5,182.0,285.0,14.2,1.5,0
LZ-GAS-003594,residential,22.2,23.8,0.0,35.9,12.1,0
LZ-GAS-003595,residential,65.1,66.3,76.0,26.4,14.3,0
LZ-GAS-003596,residential,129.3,132.6,205.0,35.5,19.0,0
LZ-GAS-003597,residential,203.4,206.4,335.0,4.3,5.4,0
LZ-GAS-003598,residential,252.7,247.1,412.0,2.1,0.6,0
LZ-GAS-003599,commercial,1282.8,1243.8,452.0,54.1,19.1,0
LZ-GAS-003600,residential,99.5,97.1,129.0,33.2,17.6,0
LZ-GAS-003601,residential,157.1,157.6,237.0,62.9,21.3,0
LZ-GAS-003602,commercial,605.1,584.0,160.0,67.7,27.8,0
LZ-GAS-003603,commercial,506.7,460.3,121.0,28.9,10.6,0
LZ-GAS-003604,commercial,589.4,619.1,181.0,36.6,19.4,0
LZ-GAS-003605,residential,181.2,157.8,243.0,61.2,29.3,0
LZ-GAS-003606,residential,222.4,209.3,334.0,10.7,3.6,0
LZ-GAS-003607,residential,43.4,43.3,33.0,64.5,17.7,0
LZ-GAS-003608,industrial,2277.7,2199.7,210.0,29.4,16.5,0
LZ-GAS-003609,residential,81.2,80.4,97.0,19.9,26.4,0
LZ-GAS-003610,residential,211.7,250.5,412.0,37.5,17.8,0
LZ-GAS-003611,residential,257.1,271.7,451.0,51.8,18.7,0
LZ-GAS-003612,industrial,1787.9,1946.8,165.0,67.1,29.2,0
LZ-GAS-003613,residential,102.7,97.2,134.0,65.8,21.8,0
LZ-GAS-003614,residential,201.7,190.8,308.0,2.8,0.0,0
LZ-GAS-003615,residential,250.1,218.7,353.0,13.1,4.4,0
LZ-GAS-003616,commercial,458.1,417.4,97.0,27.0,19.4,0
LZ-GAS-003617,commercial,638.5,597.4,170.0,4.8,0.0,0
LZ-GAS-003618,residential,181.7,168.3,262.0,35.8,7.8,0
LZ-GAS-003619,residential,76.0,76.5,88.0,36.2,19.0,0
LZ-GAS-003620,industrial,3663.9,3601.0,423.0,41.9,17.1,0
LZ-GAS-003621,residential,163.3,151.3,232.0,28.0,18.9,0
LZ-GAS-003622,residential,168.2,149.4,235.0,19.1,5.4,0
LZ-GAS-003623,residential,69.1,68.3,73.0,47.1,14.0,0
LZ-GAS-003624,commercial,1101.5,1124.1,387.0,4.5,5.3,0
LZ-GAS-003625,commercial,332.3,315.9,49.0,3.2,0.5,0
LZ-GAS-003626,residential,100.7,93.8,131.0,59.6,19.6,0
LZ-GAS-003627,residential,103.3,107.1,147.0,15.3,8.9,0
LZ-GAS-003628,residential,268.1,136.0,208.0,12.7,13.4,1
LZ-GAS-003629,industrial,1262.2,1221.3,37.0,19.7,10.4,0
LZ-GAS-003630,residential,96.2,92.3,123.0,46.0,15.4,0
LZ-GAS-003631,commercial,918.0,900.5,303.0,19.1,13.1,0
LZ-GAS-003632,commercial,801.9,707.9,220.0,53.0,24.7,0
LZ-GAS-003633,commercial,664.0,754.1,241.0,51.2,23.9,0
LZ-GAS-003634,residential,209.8,222.2,353.0,32.3,15.3,0
LZ-GAS-003635,residential,189.9,183.4,284.0,74.2,22.6,0
LZ-GAS-003636,residential,240.2,218.3,357.0,60.5,18.7,0
LZ-GAS-003637,commercial,653.7,739.2,228.0,11.1,2.2,0
LZ-GAS-003638,industrial,1666.4,1423.0,108.0,18.3,10.8,0
LZ-GAS-003639,residential,268.9,272.2,443.0,8.7,7.9,0
LZ-GAS-003640,residential,23.9,25.0,2.0,56.9,28.3,0
LZ-GAS-003641,residential,46.3,49.1,45.0,15.3,10.8,0
LZ-GAS-003642,commercial,378.8,356.0,74.0,36.2,18.7,0
LZ-GAS-003643,residential,355.2,293.5,480.0,7.4,14.3,0
LZ-GAS-003644,residential,153.8,156.1,236.0,70.1,14.1,0
LZ-GAS-003645,residential,256.2,226.7,367.0,59.7,17.6,0
LZ-GAS-003646,industrial,1047.9,1074.7,21.0,53.2,18.0,0
LZ-GAS-003647,residential,72.6,68.7,81.0,55.9,20.5,0
LZ-GAS-003648,residential,185.2,173.7,267.0,29.0,7.5,0
LZ-GAS-003649,commercial,565.3,564.3,164.0,15.2,14.0,0
LZ-GAS-003650,residential,144.2,156.1,240.0,1.4,10.8,0
LZ-GAS-003651,residential,188.5,191.5,304.0,32.8,16.6,0
LZ-GAS-003652,residential,140.0,157.6,237.0,72.6,27.4,0
LZ-GAS-003653,residential,151.1,155.6,237.0,2.2,1.0,0
LZ-GAS-003654,residential,185.4,163.6,253.0,15.5,15.4,0
LZ-GAS-003655,residential,134.6,130.8,198.0,42.1,13.4,0
LZ-GAS-003656,residential,166.7,173.1,266.0,5.9,0.0,0
LZ-GAS-003657,residential,205.0,218.3,353.0,23.8,12.5,0
LZ-GAS-003658,residential,79.1,82.6,104.0,60.1,23.0,0
LZ-GAS-003659,industrial,2230.6,2579.7,262.0,17.2,6.8,0
LZ-GAS-003660,residential,213.4,213.6,342.0,24.4,3.7,0
LZ-GAS-003661,residential,130.2,135.9,201.0,22.6,5.8,0
LZ-GAS-003662,industrial,2161.0,2167.7,214.0,16.4,9.2,0
LZ-GAS-003663,residential,284.3,278.8,468.0,64.5,9.4,0
LZ-GAS-003664,residential,214.9,229.5,373.0,75.9,30.0,0
LZ-GAS-003665,residential,317.4,285.5,480.0,47.2,22.7,0
LZ-GAS-003666,residential,280.3,285.3,471.0,20.4,10.1,0
LZ-GAS-003667,residential,109.2,125.6,183.0,19.5,16.0,0
LZ-GAS-003668,residential,109.1,101.9,136.0,55.2,18.9,0
LZ-GAS-003669,residential,128.1,130.3,189.0,57.5,14.6,0
LZ-GAS-003670,residential,191.5,213.1,340.0,65.3,25.4,0
LZ-GAS-003671,residential,49.3,23.6,0.0,10.9,11.4,1
LZ-GAS-003672,residential,157.3,153.6,233.0,15.9,5.2,0
LZ-GAS-003673,residential,213.8,238.4,385.0,27.3,5.7,0
LZ-GAS-003674,residential,148.0,155.0,233.0,34.3,9.6,0
LZ-GAS-003675,residential,169.8,173.9,270.0,65.1,28.0,0
LZ-GAS-003676,residential,124.6,133.0,197.0,7.0,6.1,0
LZ-GAS-003677,residential,28.0,27.9,8.0,23.9,25.9,0
LZ-GAS-003678,commercial,1048.6,1016.7,351.0,9.2,4.9,0
LZ-GAS-003679,commercial,652.0,628.0,190.0,64.4,25.0,0
LZ-GAS-003680,residential,54.9,186.0,289.0,56.8,21.7,1
LZ-GAS-003681,residential,147.8,153.7,230.0,64.6,20.9,0
LZ-GAS-003682,industrial,3823.8,4002.4,480.0,25.4,16.4,0
LZ-GAS-003683,residential,172.9,182.6,289.0,42.0,12.1,0
LZ-GAS-003684,commercial,850.4,871.7,284.0,70.9,23.3,0
LZ-GAS-003685,residential,157.9,145.6,215.0,1.6,0.4,0
LZ-GAS-003686,residential,88.6,92.7,121.0,64.0,11.0,0
LZ-GAS-003687,commercial,935.3,833.6,280.0,61.4,21.6,0
LZ-GAS-003688,residential,217.2,224.7,369.0,34.8,8.9,0
LZ-GAS-003689,industrial,2366.5,2492.7,228.0,62.0,14.9,0
LZ-GAS-003690,commercial,187.5,192.3,0.0,60.6,23.9,0
LZ-GAS-003691,residential,86.6,93.3,126.0,14.4,8.7,0
LZ-GAS-003692,residential,259.3,288.8,480.0,77.4,27.2,0
LZ-GAS-003693,commercial,503.2,547.4,154.0,75.2,30.0,0
LZ-GAS-003694,residential,175.0,163.6,252.0,20.5,11.9,0
LZ-GAS-003695,residential,24.8,23.0,0.0,76.4,27.3,0
LZ-GAS-003696,industrial,1675.0,1947.7,152.0,43.6,10.8,0
LZ-GAS-003697,residential,92.2,86.8,115.0,40.8,20.3,0
LZ-GAS-003698,residential,203.3,205.3,332.0,62.0,25.6,0
LZ-GAS-003699,residential,197.1,197.7,310.0,73.2,19.0,0
LZ-GAS-003700,residential,200.5,189.5,299.0,20.5,14.3,0
LZ-GAS-003701,residential,239.8,225.3,360.0,9.8,9.9,0
LZ-GAS-003702,residential,123.7,115.7,164.0,67.1,21.6,0
LZ-GAS-003703,commercial,1289.2,1272.7,450.0,35.4,15.2,0
LZ-GAS-003704,residential,56.7,136.0,196.0,44.1,29.0,1
LZ-GAS-003705,residential,191.0,216.9,348.0,38.3,12.2,0
LZ-GAS-003706,residential,301.7,291.0,480.0,70.3,21.8,0
LZ-GAS-003707,residential,105.5,111.8,160.0,45.4,17.8,0
LZ-GAS-003708,industrial,1311.8,2727.8,277.0,56.3,19.1,1
LZ-GAS-003709,residential,134.7,136.7,212.0,61.4,12.1,0
LZ-GAS-003710,industrial,2286.8,2473.7,244.0,0.2,9.2,0
LZ-GAS-003711,residential,173.9,170.1,267.0,44.8,21.7,0
LZ-GAS-003712,residential,134.7,141.4,218.0,48.3,26.6,0
LZ-GAS-003713,residential,155.9,152.1,229.0,8.3,5.2,0
LZ-GAS-003714,residential,184.7,200.9,320.0,13.4,3.0,0
LZ-GAS-003715,residential,57.4,56.0,55.0,5.4,10.5,0
LZ-GAS-003716,residential,97.3,94.1,131.0,33.1,9.1,0
LZ-GAS-003717,residential,105.8,115.1,163.0,62.1,21.4,0
LZ-GAS-003718,residential,60.9,55.6,48.0,19.6,8.8,0
LZ-GAS-003719,residential,158.2,175.8,272.0,69.8,24.3,0
LZ-GAS-003720,residential,118.6,114.8,168.0,5.4,5.0,0
LZ-GAS-003721,residential,27.5,89.5,115.0,27.6,16.3,1
LZ-GAS-003722,residential,48.6,52.7,50.0,18.6,6.0,0
LZ-GAS-003723,residential,84.0,85.2,112.0,76.6,30.0,0
LZ-GAS-003724,residential,92.1,180.0,285.0,13.4,13.2,1
LZ-GAS-003725,residential,60.9,59.4,62.0,68.2,19.8,0
LZ-GAS-003726,residential,103.6,211.0,346.0,41.5,11.5,1
LZ-GAS-003727,industrial,3067.7,2979.5,309.0,21.6,10.4,0
LZ-GAS-003728,residential,156.3,172.1,265.0,33.4,11.9,0
LZ-GAS-003729,industrial,994.8,979.8,7.0,10.5,4.4,0
LZ-GAS-003730,residential,96.8,96.2,127.0,48.7,25.1,0
LZ-GAS-003731,residential,273.2,227.0,363.0,53.3,24.1,0
LZ-GAS-003732,residential,112.4,120.0,178.0,35.4,9.4,0
LZ-GAS-003733,industrial,1781.7,1735.4,127.0,63.4,24.6,0
LZ-GAS-003734,residential,95.5,99.2,133.0,61.3,21.3,0
LZ-GAS-003735,commercial,915.4,852.0,276.0,54.0,23.3,0
LZ-GAS-003736,residential,24.8,24.1,0.0,60.2,17.7,0
LZ-GAS-003737,residential,234.5,222.8,360.0,34.3,25.1,0
LZ-GAS-003738,residential,172.0,167.1,256.0,12.5,9.4,0
LZ-GAS-003739,residential,68.1,76.7,92.0,42.3,26.5,0
LZ-GAS-003740,residential,188.5,196.8,306.0,36.9,12.8,0
LZ-GAS-003741,commercial,152.2,154.4,0.0,11.9,15.6,0
LZ-GAS-003742,residential,58.1,60.8,65.0,55.7,19.3,0
LZ-GAS-003743,industrial,2498.0,2608.0,266.0,35.5,23.1,0
LZ-GAS-003744,residential,306.4,257.0,421.0,54.0,18.5,0
LZ-GAS-003745,residential,60.6,64.1,71.0,15.3,4.4,0
LZ-GAS-003746,residential,49.2,46.2,41.0,18.7,5.2,0
LZ-GAS-003747,residential,145.3,144.8,217.0,7.5,4.6,0
LZ-GAS-003748,commercial,726.1,732.2,238.0,72.6,27.1,0
LZ-GAS-003749,residential,102.4,92.1,126.0,55.2,21.6,0
LZ-GAS-003750,residential,90.1,90.0,122.0,24.7,12.7,0
LZ-GAS-003751,residential,124.1,260.7,428.0,4.2,12.3,1
LZ-GAS-003752,residential,79.6,83.6,104.0,26.9,20.9,0
LZ-GAS-003753,commercial,258.4,230.3,14.0,62.4,16.5,0
LZ-GAS-003754,residential,120.9,116.3,171.0,71.9,28.9,0
LZ-GAS-003755,residential,240.2,241.6,395.0,13.3,20.8,0
LZ-GAS-003756,commercial,981.1,951.5,315.0,74.0,21.4,0
LZ-GAS-003757,industrial,2487.0,2321.7,219.0,16.2,7.2,0
LZ-GAS-003758,residential,54.9,58.4,56.0,2.8,8.7,0
LZ-GAS-003759,industrial,2380.5,2387.3,213.0,10.6,9.8,0
LZ-GAS-003760,residential,280.1,287.9,480.0,1.5,3.6,0
LZ-GAS-003761,residential,194.5,190.7,303.0,19.3,10.4,0
LZ-GAS-003762,residential,221.1,223.7,361.0,61.6,29.4,0
LZ-GAS-003763,residential,36.0,32.8,17.0,38.3,20.1,0
LZ-GAS-003764,residential,111.2,118.4,170.0,63.4,17.8,0
LZ-GAS-003765,residential,115.2,107.4,151.0,7.4,0.0,0
LZ-GAS-003766,residential,268.2,276.0,450.0,59.9,15.4,0
LZ-GAS-003767,commercial,585.1,626.0,186.0,10.9,9.6,0
LZ-GAS-003768,industrial,2257.3,2258.7,216.0,25.8,8.5,0
LZ-GAS-003769,residential,116.4,113.5,161.0,74.8,20.5,0
LZ-GAS-003770,residential,24.6,25.4,0.0,58.4,24.2,0
LZ-GAS-003771,residential,208.0,225.9,373.0,58.4,19.1,0
LZ-GAS-003772,residential,21.7,22.7,0.0,51.7,17.0,0
LZ-GAS-003773,residential,112.4,103.5,148.0,29.4,14.4,0
LZ-GAS-003774,residential,35.6,34.4,18.0,50.2,25.8,0
LZ-GAS-003775,residential,85.7,105.6,145.0,34.4,16.1,0
LZ-GAS-003776,industrial,1781.7,1892.8,163.0,63.2,25.2,0
LZ-GAS-003777,industrial,1791.2,1795.5,156.0,53.9,19.9,0
LZ-GAS-003778,commercial,1157.2,1177.8,412.0,71.1,30.0,0
LZ-GAS-003779,residential,64.0,60.8,67.0,66.9,16.6,0
LZ-GAS-003780,commercial,621.2,615.0,182.0,67.1,17.1,0
LZ-GAS-003781,commercial,848.4,892.3,294.0,7.6,5.3,0
LZ-GAS-003782,residential,117.8,119.7,169.0,1.7,16.5,0
LZ-GAS-003783,industrial,1762.6,1867.4,155.0,30.6,21.3,0
LZ-GAS-003784,residential,312.9,285.3,477.0,75.6,19.4,0
LZ-GAS-003785,residential,203.5,200.7,324.0,48.5,15.8,0
LZ-GAS-003786,residential,82.0,85.7,114.0,46.3,20.3,0
LZ-GAS-003787,industrial,2405.4,2576.2,257.0,66.0,22.8,0
LZ-GAS-003788,residential,85.8,88.0,105.0,50.7,23.1,0
LZ-GAS-003789,industrial,2824.2,2762.4,282.0,9.0,5.8,0
LZ-GAS-003790,residential,44.8,43.5,36.0,37.9,7.2,0
LZ-GAS-003791,residential,204.5,205.0,328.0,69.4,26.4,0
LZ-GAS-003792,residential,194.7,173.8,272.0,64.5,28.4,0
LZ-GAS-003793,residential,164.4,168.9,267.0,4.9,0.0,0
LZ-GAS-003794,residential,161.6,146.9,222.0,79.9,16.6,0
LZ-GAS-003795,residential,187.9,164.2,252.0,41.7,14.2,0
LZ-GAS-003796,residential,87.8,85.2,109.0,23.2,2.5,0
LZ-GAS-003797,residential,139.5,150.4,231.0,34.4,16.7,0
LZ-GAS-003798,residential,199.9,190.4,301.0,75.4,19.1,0
LZ-GAS-003799,commercial,778.5,841.4,280.0,71.7,27.6,0
LZ-GAS-003800,residential,79.2,79.8,101.0,28.4,11.4,0
LZ-GAS-003801,commercial,830.3,866.3,297.0,51.0,19.4,0
LZ-GAS-003802,commercial,345.7,348.1,66.0,5.7,10.7,0
LZ-GAS-003803,residential,102.6,94.1,127.0,63.4,20.8,0
LZ-GAS-003804,residential,78.7,80.7,111.0,6.0,2.4,0
LZ-GAS-003805,residential,119.3,103.1,143.0,57.3,24.9,0
LZ-GAS-003806,residential,139.5,139.5,206.0,25.4,5.0,0
LZ-GAS-003807,residential,187.8,201.8,311.0,12.2,16.1,0
LZ-GAS-003808,residential,225.8,221.7,361.0,11.5,5.8,0
LZ-GAS-003809,residential,170.3,182.6,281.0,77.8,22.8,0
LZ-GAS-003810,residential,92.0,91.7,125.0,17.8,12.4,0
LZ-GAS-003811,residential,234.8,202.9,320.0,37.6,17.5,0
LZ-GAS-003812,commercial,1165.6,1029.8,350.0,12.5,11.7,0
LZ-GAS-003813,residential,84.4,91.6,122.0,39.2,8.5,0
LZ-GAS-003814,residential,55.1,59.0,66.0,65.6,18.0,0
LZ-GAS-003815,residential,123.0,133.4,201.0,19.9,12.7,0
LZ-GAS-003816,residential,285.4,288.3,475.0,57.1,22.1,0
LZ-GAS-003817,residential,125.1,128.0,182.0,28.4,12.6,0
LZ-GAS-003818,residential,136.9,133.9,199.0,10.0,15.0,0
LZ-GAS-003819,residential,178.3,197.2,314.0,65.0,21.4,0
LZ-GAS-003820,residential,59.8,60.5,67.0,27.5,17.6,0
LZ-GAS-003821,commercial,348.9,372.8,80.0,51.1,24.2,0
LZ-GAS-003822,residential,126.1,137.2,206.0,76.2,26.8,0
LZ-GAS-003823,residential,222.5,209.1,331.0,57.8,19.5,0
LZ-GAS-003824,residential,120.7,126.2,181.0,26.5,16.3,0
LZ-GAS-003825,residential,114.9,101.2,137.0,49.2,20.5,0
LZ-GAS-003826,residential,22.7,24.7,3.0,59.9,24.1,0
LZ-GAS-003827,residential,264.2,257.5,428.0,17.3,6.0,0
LZ-GAS-003828,residential,56.5,55.2,57.0,76.4,27.4,0
LZ-GAS-003829,residential,272.4,243.8,393.0,18.2,18.5,0
LZ-GAS-003830,commercial,590.7,497.5,128.0,3.0,5.4,0
LZ-GAS-003831,residential,270.6,228.7,371.0,42.6,17.4,0
LZ-GAS-003832,residential,293.1,270.9,444.0,37.9,14.3,0
LZ-GAS-003833,residential,170.2,84.4,106.0,12.4,13.5,1
LZ-GAS-003834,commercial,941.1,879.7,297.0,38.7,5.4,0
LZ-GAS-003835,commercial,899.3,962.0,317.0,21.8,19.4,0
LZ-GAS-003836,residential,209.4,238.9,385.0,65.1,24.9,0
LZ-GAS-003837,residential,113.9,121.6,180.0,39.3,14.7,0
LZ-GAS-003838,residential,216.2,234.4,382.0,42.0,17.9,0
LZ-GAS-003839,commercial,789.0,755.6,235.0,11.5,14.5,0
LZ-GAS-003840,residential,81.7,77.2,89.0,75.7,26.8,0
LZ-GAS-003841,residential,217.2,221.2,352.0,20.3,14.5,0
LZ-GAS-003842,commercial,1041.5,1092.3,386.0,46.7,23.7,0
LZ-GAS-003843,residential,152.2,144.4,219.0,62.1,22.4,0
LZ-GAS-003844,residential,150.5,139.6,204.0,41.6,20.1,0
LZ-GAS-003845,residential,206.2,200.7,322.0,25.6,19.8,0
LZ-GAS-003846,residential,286.7,268.6,442.0,51.5,21.7,0
LZ-GAS-003847,residential,53.3,56.8,59.0,57.4,17.3,0
LZ-GAS-003848,residential,212.3,224.1,360.0,11.1,12.7,0
LZ-GAS-003849,industrial,4311.4,3921.5,480.0,20.4,21.3,0
LZ-GAS-003850,residential,77.3,80.7,106.0,14.6,8.1,0
LZ-GAS-003851,residential,205.8,185.8,296.0,1.8,8.8,0
LZ-GAS-003852,residential,184.8,154.9,229.0,49.7,20.6,0
LZ-GAS-003853,industrial,1486.6,2774.8,267.0,79.9,30.0,1
LZ-GAS-003854,residential,246.5,239.8,384.0,21.8,9.5,0
LZ-GAS-003855,residential,31.0,30.4,12.0,75.0,24.7,0
LZ-GAS-003856,residential,106.5,107.8,154.0,30.8,23.5,0
LZ-GAS-003857,residential,27.1,47.8,40.0,73.1,27.8,1
LZ-GAS-003858,residential,125.2,122.8,179.0,7.5,4.9,0
LZ-GAS-003859,residential,245.1,278.4,465.0,25.4,16.4,0
LZ-GAS-003860,residential,70.9,72.2,84.0,67.7,23.3,0
LZ-GAS-003861,residential,108.5,110.3,159.0,72.7,30.0,0
LZ-GAS-003862,residential,101.7,104.8,141.0,64.2,14.1,0
LZ-GAS-003863,residential,162.3,175.6,273.0,54.6,20.2,0
LZ-GAS-003864,residential,120.2,122.7,179.0,24.8,17.2,0
LZ-GAS-003865,residential,97.2,87.2,118.0,78.8,19.5,0
LZ-GAS-003866,residential,91.1,90.9,120.0,45.9,13.9,0
LZ-GAS-003867,residential,121.4,134.9,200.0,65.5,24.8,0
LZ-GAS-003868,residential,53.4,59.2,60.0,31.9,14.2,0
LZ-GAS-003869,residential,25.4,25.1,0.0,75.0,23.3,0
LZ-GAS-003870,commercial,1122.7,1074.3,373.0,49.8,20.1,0
LZ-GAS-003871,residential,156.3,152.7,237.0,56.9,13.4,0
LZ-GAS-003872,residential,106.4,101.8,142.0,11.4,4.8,0
LZ-GAS-003873,commercial,645.3,657.6,199.0,33.1,23.0,0
LZ-GAS-003874,commercial,997.8,944.3,316.0,7.7,4.8,0
LZ-GAS-003875,residential,86.4,83.8,108.0,28.3,15.3,0
LZ-GAS-003876,residential,128.9,145.2,224.0,45.4,17.2,0
LZ-GAS-003877,residential,116.0,105.2,150.0,23.2,16.2,0
LZ-GAS-003878,residential,244.9,233.5,381.0,0.5,7.8,0
LZ-GAS-003879,residential,23.9,26.1,0.0,34.5,16.7,0
LZ-GAS-003880,residential,45.0,44.6,37.0,60.7,27.0,0
LZ-GAS-003881,residential,248.6,244.9,404.0,30.3,15.3,0
LZ-GAS-003882,residential,56.3,59.9,64.0,62.2,13.2,0
LZ-GAS-003883,commercial,444.2,457.7,117.0,31.1,10.6,0
LZ-GAS-003884,residential,65.4,60.7,60.0,44.0,24.2,0
LZ-GAS-003885,residential,24.1,24.9,0.0,24.2,17.4,0
LZ-GAS-003886,commercial,671.2,668.0,207.0,6.9,6.7,0
LZ-GAS-003887,residential,191.9,194.8,309.0,62.5,13.8,0
LZ-GAS-003888,residential,162.5,168.9,260.0,41.1,12.8,0
LZ-GAS-003889,residential,52.4,53.1,58.0,63.5,30.0,0
LZ-GAS-003890,residential,110.9,106.6,150.0,62.8,27.7,0
LZ-GAS-003891,residential,265.4,262.0,435.0,62.3,27.7,0
LZ-GAS-003892,residential,71.8,130.9,195.0,30.5,5.7,1
LZ-GAS-003893,residential,76.1,77.5,97.0,23.5,5.3,0
LZ-GAS-003894,residential,193.5,211.9,335.0,18.1,7.7,0
LZ-GAS-003895,residential,129.5,125.3,180.0,37.5,8.8,0
LZ-GAS-003896,residential,27.9,25.5,0.0,48.3,18.7,0
LZ-GAS-003897,commercial,422.4,420.9,107.0,68.9,17.9,0
LZ-GAS-003898,residential,229.9,211.9,339.0,79.8,28.4,0
LZ-GAS-003899,residential,143.5,134.3,197.0,58.4,19.6,0
LZ-GAS-003900,residential,134.6,135.1,206.0,45.4,14.7,0
LZ-GAS-003901,commercial,937.7,882.1,303.0,23.1,15.1,0
LZ-GAS-003902,residential,88.9,91.8,117.0,46.7,20.0,0
LZ-GAS-003903,residential,40.2,39.1,22.0,22.7,12.4,0
LZ-GAS-003904,residential,133.0,143.8,216.0,69.6,21.7,0
LZ-GAS-003905,residential,102.1,101.7,136.0,18.2,10.4,0
LZ-GAS-003906,industrial,2417.7,2373.7,217.0,32.8,4.8,0
LZ-GAS-003907,residential,105.3,97.3,123.0,18.0,0.9,0
LZ-GAS-003908,residential,84.9,85.4,120.0,17.4,7.1,0
LZ-GAS-003909,commercial,262.1,263.5,33.0,61.1,22.0,0
LZ-GAS-003910,residential,200.3,168.0,256.0,16.2,18.8,0
LZ-GAS-003911,residential,124.6,285.7,473.0,25.7,14.5,1
LZ-GAS-003912,commercial,310.6,306.5,57.0,3.5,2.1,0
LZ-GAS-003913,industrial,2862.7,3206.4,370.0,72.9,21.9,0
LZ-GAS-003914,residential,194.0,197.0,308.0,71.9,17.8,0
LZ-GAS-003915,residential,109.2,102.7,134.0,30.1,13.4,0
LZ-GAS-003916,residential,75.2,68.3,86.0,73.6,24.0,0
LZ-GAS-003917,residential,182.3,182.2,290.0,18.3,10.5,0
LZ-GAS-003918,residential,129.9,121.3,173.0,20.2,12.5,0
LZ-GAS-003919,residential,117.1,126.7,182.0,44.5,22.3,0
LZ-GAS-003920,residential,109.4,111.2,159.0,17.4,13.8,0
LZ-GAS-003921,residential,291.5,280.0,469.0,72.5,18.5,0
LZ-GAS-003922,commercial,211.3,216.7,9.0,77.6,29.6,0
LZ-GAS-003923,residential,176.9,179.9,277.0,9.8,3.5,0
LZ-GAS-003924,residential,264.3,278.6,468.0,35.8,16.9,0
LZ-GAS-003925,residential,173.9,157.5,241.0,33.9,15.0,0
LZ-GAS-003926,residential,293.3,289.9,480.0,79.1,30.0,0
LZ-GAS-003927,residential,148.8,146.3,221.0,78.9,25.3,0
LZ-GAS-003928,residential,170.7,160.7,242.0,4.9,6.8,0
LZ-GAS-003929,residential,193.1,203.2,323.0,76.4,23.8,0
LZ-GAS-003930,residential,101.7,95.3,126.0,51.7,23.2,0
LZ-GAS-003931,residential,135.3,149.2,225.0,37.7,17.0,0
LZ-GAS-003932,residential,179.5,184.9,296.0,34.9,13.5,0
LZ-GAS-003933,residential,109.9,103.1,134.0,68.4,27.3,0
LZ-GAS-003934,residential,155.6,178.9,282.0,10.3,19.0,0
LZ-GAS-003935,industrial,2922.9,3262.7,364.0,31.8,22.1,0
LZ-GAS-003936,residential,64.5,65.5,69.0,8.0,15.5,0
LZ-GAS-003937,commercial,726.8,681.6,205.0,31.8,11.4,0
LZ-GAS-003938,residential,184.4,175.3,274.0,64.0,21.6,0
LZ-GAS-003939,residential,94.9,90.4,127.0,66.6,23.5,0
LZ-GAS-003940,residential,208.3,219.7,354.0,11.3,0.5,0
LZ-GAS-003941,commercial,1094.1,1115.0,383.0,19.9,19.6,0
LZ-GAS-003942,residential,105.6,106.0,148.0,56.1,13.0,0
LZ-GAS-003943,residential,69.7,161.7,254.0,13.8,11.5,1
LZ-GAS-003944,residential,101.4,104.4,140.0,4.0,1.0,0
LZ-GAS-003945,commercial,667.7,705.7,206.0,69.4,24.1,0
LZ-GAS-003946,commercial,903.2,875.7,284.0,1.9,10.7,0
LZ-GAS-003947,residential,139.5,138.2,202.0,71.3,26.5,0
LZ-GAS-003948,residential,147.9,156.2,245.0,47.9,13.9,0
LZ-GAS-003949,residential,116.7,114.6,165.0,31.6,10.8,0
LZ-GAS-003950,residential,223.4,228.7,379.0,24.0,16.7,0
LZ-GAS-003951,residential,243.8,216.7,345.0,31.4,13.6,0
LZ-GAS-003952,industrial,1738.2,1862.5,142.0,71.8,24.6,0
LZ-GAS-003953,residential,175.4,182.7,296.0,46.4,22.3,0
LZ-GAS-003954,residential,290.1,290.2,480.0,11.6,0.0,0
LZ-GAS-003955,residential,106.5,116.7,163.0,45.0,18.6,0
LZ-GAS-003956,residential,228.8,246.0,405.0,25.0,18.6,0
LZ-GAS-003957,residential,262.6,288.4,480.0,72.2,30.0,0
LZ-GAS-003958,industrial,2163.7,2287.0,197.0,12.8,12.7,0
LZ-GAS-003959,residential,198.0,203.6,330.0,39.6,12.4,0
LZ-GAS-003960,commercial,330.3,185.9,0.0,1.9,11.4,1
LZ-GAS-003961,industrial,6702.1,3603.9,405.0,21.1,20.6,1
LZ-GAS-003962,residential,212.6,196.0,310.0,56.7,17.2,0
LZ-GAS-003963,industrial,2947.5,3050.1,335.0,49.1,14.9,0
LZ-GAS-003964,commercial,807.4,785.1,251.0,73.5,23.8,0
LZ-GAS-003965,residential,221.1,219.5,352.0,12.4,7.2,0
LZ-GAS-003966,residential,256.9,231.2,372.0,37.2,5.4,0
LZ-GAS-003967,residential,228.9,203.7,319.0,8.2,0.0,0
LZ-GAS-003968,residential,136.5,126.5,190.0,55.7,13.6,0
LZ-GAS-003969,commercial,677.9,671.0,205.0,8.4,5.1,0
LZ-GAS-003970,commercial,746.5,732.3,231.0,73.9,26.7,0
LZ-GAS-003971,residential,139.9,137.1,198.0,39.0,13.3,0
LZ-GAS-003972,residential,87.6,87.0,117.0,43.1,17.8,0
LZ-GAS-003973,residential,54.8,61.5,60.0,29.5,20.2,0
LZ-GAS-003974,commercial,651.2,679.0,213.0,31.9,28.8,0
LZ-GAS-003975,residential,73.6,81.7,106.0,69.9,27.9,0
LZ-GAS-003976,industrial,1965.4,1956.2,178.0,60.7,16.5,0
LZ-GAS-003977,commercial,331.7,318.7,59.0,31.0,18.8,0
LZ-GAS-003978,residential,52.1,49.9,47.0,65.3,22.4,0
LZ-GAS-003979,residential,111.2,119.2,171.0,30.3,15.4,0
LZ-GAS-003980,residential,213.6,131.9,195.0,6.4,12.5,1
LZ-GAS-003981,industrial,4165.1,4068.1,480.0,18.3,14.5,0
LZ-GAS-003982,residential,143.0,144.1,215.0,33.9,8.1,0
LZ-GAS-003983,residential,217.6,219.7,363.0,35.4,9.4,0
LZ-GAS-003984,residential,198.4,187.3,291.0,14.0,10.9,0
LZ-GAS-003985,residential,183.3,170.7,265.0,56.3,23.7,0
LZ-GAS-003986,residential,121.5,127.7,187.0,19.1,21.2,0
LZ-GAS-003987,residential,193.5,194.4,310.0,52.0,22.1,0
LZ-GAS-003988,residential,188.9,189.0,295.0,42.2,14.9,0
LZ-GAS-003989,residential,49.9,47.9,43.0,51.8,16.7,0
LZ-GAS-003990,commercial,840.0,946.8,313.0,71.4,20.5,0
LZ-GAS-003991,industrial,1917.3,2108.2,199.0,56.9,14.0,0
LZ-GAS-003992,residential,44.8,38.1,18.0,49.2,12.0,0
LZ-GAS-003993,residential,101.5,96.3,125.0,54.6,17.0,0
LZ-GAS-003994,residential,198.5,197.4,318.0,41.3,16.9,0
LZ-GAS-003995,residential,217.2,217.9,348.0,79.4,22.2,0
LZ-GAS-003996,residential,64.6,139.4,210.0,65.3,22.5,1
LZ-GAS-003997,residential,229.0,234.3,385.0,12.6,7.9,0
LZ-GAS-003998,residential,203.5,204.9,329.0,12.4,8.1,0
LZ-GAS-003999,residential,37.0,38.4,24.0,34.9,12.7,0
LZ-GAS-004000,commercial,353.0,369.2,83.0,73.8,26.0,0
LZ-GAS-004001,residential,167.9,175.0,271.0,11.4,9.0,0
LZ-GAS-004002,residential,106.4,86.8,108.0,19.1,0.0,0
LZ-GAS-004003,residential,261.3,101.3,144.0,80.0,27.4,1
LZ-GAS-004004,residential,161.2,166.2,264.0,59.8,21.6,0
LZ-GAS-004005,industrial,2142.5,2107.5,187.0,43.5,14.0,0
LZ-GAS-004006,residential,39.5,99.0,134.0,13.3,10.2,1
LZ-GAS-004007,residential,55.0,47.7,41.0,2.6,3.3,0
LZ-GAS-004008,residential,247.6,290.4,480.0,26.4,13.3,0
LZ-GAS-004009,residential,53.6,49.7,43.0,15.2,5.6,0
LZ-GAS-004010,commercial,558.9,557.0,169.0,70.7,27.1,0
LZ-GAS-004011,residential,207.1,227.3,368.0,41.4,18.1,0
LZ-GAS-004012,residential,132.9,139.8,212.0,40.4,9.1,0
LZ-GAS-004013,commercial,350.2,416.7,100.0,49.0,14.9,0
LZ-GAS-004014,residential,57.9,63.3,75.0,39.5,19.4,0
LZ-GAS-004015,commercial,1221.8,1088.9,376.0,19.0,12.8,0
LZ-GAS-004016,residential,188.6,203.9,326.0,58.7,21.4,0
LZ-GAS-004017,residential,20.4,23.6,0.0,59.0,15.3,0
LZ-GAS-004018,commercial,268.2,261.7,43.0,72.7,20.9,0
LZ-GAS-004019,residential,217.1,197.5,308.0,39.1,16.6,0
LZ-GAS-004020,residential,296.9,267.1,437.0,10.5,10.1,0
LZ-GAS-004021,residential,99.5,110.3,153.0,77.0,25.2,0
LZ-GAS-004022,commercial,954.4,1006.5,349.0,1.2,2.3,0
LZ-GAS-004023,residential,30.3,30.8,14.0,12.5,8.1,0
LZ-GAS-004024,residential,31.2,30.1,4.0,56.6,17.8,0
LZ-GAS-004025,commercial,293.2,313.7,59.0,69.0,17.6,0
LZ-GAS-004026,residential,194.2,185.5,289.0,75.4,19.5,0
LZ-GAS-004027,commercial,876.9,810.5,251.0,47.6,14.0,0
LZ-GAS-004028,industrial,2816.3,2849.9,319.0,22.1,4.2,0
LZ-GAS-004029,residential,23.0,22.2,0.0,2.5,9.0,0
LZ-GAS-004030,commercial,1387.2,1248.6,443.0,58.8,24.5,0
LZ-GAS-004031,residential,113.0,115.1,170.0,51.3,23.2,0
LZ-GAS-004032,residential,311.6,288.2,480.0,9.3,4.6,0
LZ-GAS-004033,residential,160.8,165.8,258.0,59.7,17.3,0
LZ-GAS-004034,residential,26.8,26.7,0.0,76.0,26.3,0
LZ-GAS-004035,residential,141.9,142.1,218.0,14.9,7.5,0
LZ-GAS-004036,commercial,442.2,450.7,112.0,48.3,16.6,0
LZ-GAS-004037,residential,269.0,261.0,427.0,33.4,12.9,0
LZ-GAS-004038,residential,272.5,161.8,253.0,49.2,10.5,1
LZ-GAS-004039,commercial,1112.1,1095.9,388.0,9.4,14.6,0
LZ-GAS-004040,residential,95.8,91.8,118.0,71.9,17.0,0
LZ-GAS-004041,residential,86.7,93.6,122.0,23.5,4.2,0
LZ-GAS-004042,residential,145.2,155.4,243.0,51.3,22.8,0
LZ-GAS-004043,residential,149.5,150.1,233.0,18.7,5.3,0
LZ-GAS-004044,industrial,1747.1,1670.0,100.0,14.4,14.9,0
LZ-GAS-004045,residential,174.6,185.8,292.0,76.7,26.9,0
LZ-GAS-004046,residential,241.2,231.6,378.0,20.6,12.9,0
LZ-GAS-004047,residential,118.1,121.9,176.0,76.4,23.3,0
LZ-GAS-004048,residential,109.1,111.1,157.0,68.9,16.3,0
LZ-GAS-004049,residential,117.3,112.8,158.0,44.6,11.4,0
LZ-GAS-004050,residential,190.0,189.8,294.0,45.0,17.8,0
LZ-GAS-004051,residential,136.7,141.1,206.0,2.4,6.1,0
LZ-GAS-004052,residential,184.8,178.1,281.0,61.6,15.5,0
LZ-GAS-004053,commercial,1068.5,1057.9,369.0,54.6,14.1,0
LZ-GAS-004054,residential,118.0,124.3,182.0,46.9,13.5,0
LZ-GAS-004055,residential,109.8,130.6,186.0,65.1,22.0,0
LZ-GAS-004056,residential,140.2,127.8,183.0,37.7,17.6,0
LZ-GAS-004057,residential,240.2,251.0,418.0,30.6,18.1,0
LZ-GAS-004058,industrial,2219.1,2213.7,207.0,59.3,19.0,0
LZ-GAS-004059,residential,153.7,150.5,230.0,39.6,22.9,0
LZ-GAS-004060,residential,114.1,127.4,182.0,48.5,21.6,0
LZ-GAS-004061,residential,225.4,214.4,340.0,12.2,16.3,0
LZ-GAS-004062,residential,187.5,175.7,276.0,16.1,5.8,0
LZ-GAS-004063,residential,58.5,60.9,69.0,14.6,12.5,0
LZ-GAS-004064,residential,216.2,216.1,347.0,64.2,27.4,0
LZ-GAS-004065,residential,205.7,177.2,275.0,79.5,17.3,0
LZ-GAS-004066,residential,216.8,235.0,381.0,77.9,30.0,0
LZ-GAS-004067,residential,168.8,182.7,291.0,44.2,19.1,0
LZ-GAS-004068,residential,60.9,142.1,214.0,62.8,26.2,1
LZ-GAS-004069,residential,35.0,74.5,88.0,9.6,9.2,1
LZ-GAS-004070,industrial,3083.1,3212.0,352.0,26.3,18.2,0
LZ-GAS-004071,industrial,3739.6,3449.5,386.0,75.1,22.7,0
LZ-GAS-004072,residential,87.8,81.0,105.0,23.7,9.4,0
LZ-GAS-004073,industrial,2524.8,2245.8,212.0,12.7,12.7,0
LZ-GAS-004074,residential,207.1,180.8,283.0,34.7,18.2,0
LZ-GAS-004075,residential,129.4,131.2,204.0,61.5,14.8,0
LZ-GAS-004076,residential,169.8,174.6,273.0,79.0,30.0,0
LZ-GAS-004077,residential,133.7,120.1,171.0,2.6,12.4,0
LZ-GAS-004078,commercial,551.5,512.2,136.0,50.9,23.7,0
LZ-GAS-004079,residential,250.1,234.1,382.0,67.2,19.3,0
LZ-GAS-004080,residential,22.8,24.6,0.0,65.3,28.5,0
LZ-GAS-004081,residential,210.5,194.1,305.0,73.5,26.9,0
LZ-GAS-004082,residential,93.3,88.5,116.0,51.7,23.4,0
LZ-GAS-004083,commercial,664.6,698.1,225.0,67.9,22.7,0
LZ-GAS-004084,residential,102.9,98.5,132.0,32.2,12.0,0
LZ-GAS-004085,residential,150.2,154.1,241.0,47.3,14.4,0
LZ-GAS-004086,residential,101.2,99.2,138.0,43.9,14.0,0
LZ-GAS-004087,residential,174.7,170.0,256.0,35.4,19.2,0
LZ-GAS-004088,residential,41.7,43.2,32.0,35.9,11.2,0
LZ-GAS-004089,residential,70.2,69.6,78.0,56.6,17.2,0
LZ-GAS-004090,residential,132.2,137.2,202.0,12.1,10.6,0
LZ-GAS-004091,residential,201.0,193.2,303.0,66.7,21.4,0
LZ-GAS-004092,commercial,444.9,443.1,109.0,56.8,10.3,0
LZ-GAS-004093,residential,340.5,288.9,477.0,16.1,6.8,0
LZ-GAS-004094,residential,114.4,118.1,169.0,27.9,11.2,0
LZ-GAS-004095,residential,197.9,200.9,323.0,67.3,30.0,0
LZ-GAS-004096,residential,23.2,25.7,0.0,33.9,17.7,0
LZ-GAS-004097,residential,67.1,73.7,88.0,67.8,18.1,0
LZ-GAS-004098,residential,72.5,74.7,87.0,31.9,8.6,0
LZ-GAS-004099,commercial,363.9,352.8,65.0,79.4,23.6,0
LZ-GAS-004100,residential,29.4,33.3,10.0,31.3,14.9,0
LZ-GAS-004101,residential,104.3,112.3,162.0,78.7,21.9,0
LZ-GAS-004102,commercial,480.2,439.0,106.0,30.8,15.8,0
LZ-GAS-004103,residential,299.4,267.2,434.0,33.6,7.6,0
LZ-GAS-004104,residential,138.0,139.4,210.0,13.9,11.1,0
LZ-GAS-004105,residential,174.1,164.4,256.0,62.9,27.5,0
LZ-GAS-004106,residential,22.3,24.1,0.0,6.3,0.0,0
LZ-GAS-004107,residential,289.0,253.2,417.0,62.5,21.5,0
LZ-GAS-004108,industrial,3634.6,3598.6,424.0,39.9,17.2,0
LZ-GAS-004109,residential,74.4,68.4,73.0,68.9,25.4,0
LZ-GAS-004110,residential,67.3,66.9,78.0,49.7,18.9,0
LZ-GAS-004111,commercial,454.8,462.5,117.0,75.8,24.6,0
LZ-GAS-004112,residential,219.6,246.8,407.0,41.2,17.7,0
LZ-GAS-004113,residential,51.6,52.9,43.0,18.1,11.1,0
LZ-GAS-004114,residential,84.5,68.6,83.0,73.9,24.9,0
LZ-GAS-004115,residential,61.6,26.8,8.0,71.5,30.0,1
LZ-GAS-004116,commercial,818.2,808.1,256.0,67.2,27.8,0
LZ-GAS-004117,residential,210.1,205.7,331.0,48.0,22.5,0
LZ-GAS-004118,residential,81.3,74.7,90.0,21.0,8.2,0
LZ-GAS-004119,commercial,1045.3,1091.1,370.0,1.4,4.0,0
LZ-GAS-004120,residential,148.3,154.5,240.0,65.0,27.4,0
LZ-GAS-004121,industrial,1797.4,1724.9,108.0,52.8,14.1,0
LZ-GAS-004122,residential,192.5,185.1,293.0,35.2,19.7,0
LZ-GAS-004123,residential,230.4,232.9,388.0,41.1,9.8,0
LZ-GAS-004124,residential,248.6,239.2,389.0,63.1,30.0,0
LZ-GAS-004125,residential,191.5,182.9,289.0,18.5,16.6,0
LZ-GAS-004126,commercial,1106.0,1108.0,395.0,1.7,3.8,0
LZ-GAS-004127,residential,153.3,150.9,220.0,7.5,5.6,0
LZ-GAS-004128,residential,56.7,168.2,262.0,79.1,15.9,1
LZ-GAS-004129,commercial,1182.6,1249.8,457.0,16.7,9.9,0
LZ-GAS-004130,residential,137.2,137.6,205.0,78.2,30.0,0
LZ-GAS-004131,residential,89.4,89.2,113.0,2.2,9.5,0
LZ-GAS-004132,residential,61.0,59.1,59.0,53.8,18.2,0
LZ-GAS-004133,residential,97.1,107.5,151.0,42.2,26.5,0
LZ-GAS-004134,residential,23.7,24.1,0.0,39.6,18.6,0
LZ-GAS-004135,residential,78.4,77.2,96.0,0.0,8.0,0
LZ-GAS-004136,commercial,334.7,325.5,68.0,45.4,15.9,0
LZ-GAS-004137,commercial,262.6,656.4,196.0,49.3,21.1,1
LZ-GAS-004138,residential,50.2,47.1,39.0,66.7,30.0,0
LZ-GAS-004139,industrial,589.9,2331.7,205.0,66.5,24.8,1
LZ-GAS-004140,residential,134.3,143.4,219.0,64.9,14.2,0
LZ-GAS-004141,residential,203.0,207.7,326.0,4.7,8.2,0
LZ-GAS-004142,residential,98.7,224.2,358.0,70.2,30.0,1
LZ-GAS-004143,residential,256.8,262.8,429.0,41.9,22.2,0
LZ-GAS-004144,residential,132.1,127.4,187.0,69.5,20.9,0
LZ-GAS-004145,residential,45.1,47.3,38.0,72.7,25.9,0
LZ-GAS-004146,residential,224.4,202.6,324.0,6.5,0.5,0
LZ-GAS-004147,residential,172.0,178.3,275.0,32.8,17.3,0
LZ-GAS-004148,residential,112.3,114.6,163.0,40.5,11.9,0
LZ-GAS-004149,residential,216.7,204.9,330.0,48.2,15.5,0
LZ-GAS-004150,residential,293.7,288.6,480.0,75.1,22.0,0
LZ-GAS-004151,residential,149.5,172.7,272.0,2.8,3.2,0
LZ-GAS-004152,industrial,2027.7,2038.4,167.0,48.2,26.2,0
LZ-GAS-004153,residential,178.0,162.0,250.0,39.3,23.0,0
LZ-GAS-004154,residential,67.6,78.9,101.0,10.7,7.3,0
LZ-GAS-004155,residential,300.2,293.9,480.0,54.8,20.2,0
LZ-GAS-004156,residential,52.5,59.2,62.0,58.2,28.7,0
LZ-GAS-004157,commercial,380.6,407.4,87.0,9.2,6.9,0
LZ-GAS-004158,residential,191.3,220.7,358.0,8.3,5.9,0
LZ-GAS-004159,residential,142.4,134.3,197.0,39.0,11.7,0
LZ-GAS-004160,residential,60.6,56.9,60.0,76.5,30.0,0
LZ-GAS-004161,residential,228.1,217.2,347.0,66.5,23.4,0
LZ-GAS-004162,residential,286.6,232.5,376.0,53.2,19.3,0
LZ-GAS-004163,residential,32.5,33.5,7.0,31.7,11.9,0
LZ-GAS-004164,residential,188.9,190.4,309.0,76.1,20.6,0
LZ-GAS-004165,residential,92.4,219.9,354.0,37.9,20.1,1
LZ-GAS-004166,residential,286.7,285.7,468.0,11.1,5.0,0
LZ-GAS-004167,commercial,762.6,839.6,286.0,47.9,15.4,0
LZ-GAS-004168,residential,217.6,204.4,323.0,7.4,0.0,0
LZ-GAS-004169,commercial,801.7,752.2,238.0,69.2,18.0,0
LZ-GAS-004170,commercial,965.7,949.1,318.0,40.2,13.5,0
LZ-GAS-004171,commercial,1176.8,1256.0,452.0,59.0,18.4,0
LZ-GAS-004172,residential,173.2,199.5,319.0,68.1,15.7,0
LZ-GAS-004173,residential,93.6,99.4,142.0,63.1,18.8,0
LZ-GAS-004174,residential,149.6,141.7,214.0,63.3,21.1,0
LZ-GAS-004175,residential,265.4,288.4,480.0,62.8,9.0,0
LZ-GAS-004176,residential,55.0,55.3,58.0,30.9,16.5,0
LZ-GAS-004177,residential,103.3,107.3,144.0,2.3,5.2,0
LZ-GAS-004178,residential,109.8,100.0,136.0,20.3,4.5,0
LZ-GAS-004179,residential,228.3,246.3,398.0,52.0,17.6,0
LZ-GAS-004180,residential,91.5,84.6,107.0,25.3,14.4,0
LZ-GAS-004181,residential,106.9,115.3,168.0,78.9,25.6,0
LZ-GAS-004182,residential,139.3,143.5,216.0,25.2,12.5,0
LZ-GAS-004183,residential,315.3,188.6,298.0,56.7,20.2,1
LZ-GAS-004184,residential,196.8,191.8,305.0,9.8,11.5,0
LZ-GAS-004185,residential,65.2,66.4,72.0,36.4,8.5,0
LZ-GAS-004186,residential,59.5,65.9,72.0,64.2,19.1,0
LZ-GAS-004187,residential,41.5,43.1,34.0,72.8,26.0,0
LZ-GAS-004188,residential,231.6,232.2,375.0,5.8,7.5,0
LZ-GAS-004189,residential,125.6,127.8,190.0,64.4,16.9,0
LZ-GAS-004190,commercial,800.7,765.9,247.0,77.2,23.9,0
LZ-GAS-004191,residential,153.9,150.3,223.0,1.9,3.0,0
LZ-GAS-004192,residential,42.1,42.1,27.0,65.1,22.3,0
LZ-GAS-004193,residential,30.7,29.6,5.0,3.4,0.0,0
LZ-GAS-004194,residential,63.9,68.9,74.0,54.2,11.6,0
LZ-GAS-004195,residential,279.2,289.1,480.0,79.0,18.7,0
LZ-GAS-004196,commercial,511.7,586.9,171.0,6.8,7.0,0
LZ-GAS-004197,residential,172.0,184.6,289.0,59.7,30.0,0
LZ-GAS-004198,residential,72.7,76.0,89.0,8.8,12.9,0
LZ-GAS-004199,residential,258.7,291.9,480.0,46.7,23.5,0
LZ-GAS-004200,commercial,744.1,744.7,235.0,27.7,12.9,0
LZ-GAS-004201,residential,38.8,33.2,15.0,44.7,24.8,0
LZ-GAS-004202,residential,128.3,114.3,158.0,60.7,22.8,0
LZ-GAS-004203,residential,172.9,172.5,266.0,15.5,10.1,0
LZ-GAS-004204,commercial,1094.1,1035.5,355.0,24.0,17.2,0
LZ-GAS-004205,residential,113.2,120.4,176.0,9.2,2.3,0
LZ-GAS-004206,residential,203.5,195.3,310.0,32.6,3.5,0
LZ-GAS-004207,residential,164.2,168.9,261.0,6.5,1.8,0
LZ-GAS-004208,residential,168.8,163.6,251.0,2.3,13.3,0
LZ-GAS-004209,residential,112.0,117.5,168.0,58.6,24.9,0
LZ-GAS-004210,residential,189.5,177.3,273.0,56.3,20.9,0
LZ-GAS-004211,residential,245.5,228.3,369.0,2.3,5.3,0
LZ-GAS-004212,commercial,777.6,707.6,221.0,52.3,18.1,0
LZ-GAS-004213,residential,119.1,122.3,178.0,54.0,21.3,0
LZ-GAS-004214,residential,276.0,289.8,480.0,27.5,8.6,0
LZ-GAS-004215,residential,213.4,198.3,313.0,23.6,15.5,0
LZ-GAS-004216,residential,200.6,196.1,309.0,18.4,5.8,0
LZ-GAS-004217,residential,45.2,42.6,30.0,48.2,24.5,0
LZ-GAS-004218,industrial,3626.0,3244.2,366.0,10.7,6.9,0
LZ-GAS-004219,residential,31.6,33.6,11.0,43.9,12.4,0
LZ-GAS-004220,industrial,3391.6,3293.2,380.0,32.5,12.6,0
LZ-GAS-004221,residential,165.1,167.2,266.0,41.0,11.7,0
LZ-GAS-004222,residential,112.6,113.9,159.0,60.7,20.4,0
LZ-GAS-004223,residential,101.8,98.5,131.0,18.0,1.6,0
LZ-GAS-004224,residential,166.6,158.3,245.0,25.0,9.8,0
LZ-GAS-004225,commercial,649.5,581.5,170.0,38.5,15.9,0
LZ-GAS-004226,commercial,210.4,193.7,0.0,26.0,14.2,0
LZ-GAS-004227,industrial,3819.2,3323.1,362.0,54.6,17.6,0
LZ-GAS-004228,residential,36.5,35.4,21.0,11.4,14.6,0
LZ-GAS-004229,residential,116.9,133.2,199.0,73.3,16.0,0
LZ-GAS-004230,residential,55.9,113.6,159.0,75.4,23.7,1
LZ-GAS-004231,commercial,1229.4,1221.6,426.0,10.1,6.1,0
LZ-GAS-004232,residential,41.1,40.3,20.0,38.9,15.6,0
LZ-GAS-004233,commercial,1029.0,1028.9,353.0,27.7,11.5,0
LZ-GAS-004234,residential,207.6,181.5,283.0,27.5,19.5,0
LZ-GAS-004235,commercial,159.6,167.8,0.0,16.0,9.9,0
LZ-GAS-004236,residential,41.8,43.9,35.0,43.1,12.2,0
LZ-GAS-004237,industrial,1620.1,1561.2,129.0,64.2,30.0,0
LZ-GAS-004238,commercial,362.7,349.2,82.0,19.0,10.8,0
LZ-GAS-004239,residential,175.6,164.3,249.0,62.7,20.8,0
LZ-GAS-004240,residential,189.1,187.9,295.0,59.9,25.1,0
LZ-GAS-004241,residential,226.6,221.1,359.0,50.4,15.6,0
LZ-GAS-004242,residential,45.9,96.0,125.0,71.0,22.5,1
LZ-GAS-004243,residential,189.8,183.6,289.0,48.2,22.1,0
LZ-GAS-004244,residential,124.1,128.5,190.0,64.0,16.1,0
LZ-GAS-004245,residential,336.6,181.8,288.0,76.4,22.8,1
LZ-GAS-004246,residential,148.1,141.2,212.0,68.3,27.5,0
LZ-GAS-004247,residential,137.9,148.0,218.0,46.1,26.1,0
LZ-GAS-004248,commercial,572.4,598.1,177.0,23.3,11.3,0
LZ-GAS-004249,residential,206.0,187.4,288.0,48.3,17.4,0
LZ-GAS-004250,industrial,2623.3,2480.8,236.0,57.7,25.6,0
LZ-GAS-004251,residential,81.2,78.5,93.0,57.6,13.1,0
LZ-GAS-004252,residential,24.9,25.1,0.0,31.8,10.4,0
LZ-GAS-004253,industrial,3001.4,3103.8,353.0,60.0,17.0,0
LZ-GAS-004254,residential,206.2,203.5,321.0,26.6,2.5,0
LZ-GAS-004255,residential,123.0,138.4,210.0,10.2,0.0,0
LZ-GAS-004256,residential,226.0,234.0,376.0,76.7,23.1,0
LZ-GAS-004257,commercial,801.5,706.7,214.0,73.5,28.7,0
LZ-GAS-004258,residential,145.4,137.6,205.0,33.9,17.6,0
LZ-GAS-004259,residential,106.4,114.1,165.0,44.0,23.0,0
LZ-GAS-004260,residential,245.8,237.5,389.0,1.2,0.0,0
LZ-GAS-004261,residential,295.5,279.3,460.0,76.2,24.2,0
LZ-GAS-004262,commercial,615.1,635.8,195.0,28.3,19.4,0
LZ-GAS-004263,residential,99.0,95.7,139.0,48.9,13.9,0
LZ-GAS-004264,residential,201.8,221.3,362.0,10.8,2.2,0
LZ-GAS-004265,commercial,978.4,1010.7,340.0,11.1,10.3,0
LZ-GAS-004266,residential,186.5,194.2,306.0,46.9,17.7,0
LZ-GAS-004267,residential,19.9,41.9,34.0,53.9,22.4,1
LZ-GAS-004268,residential,162.2,168.3,262.0,78.3,25.4,0
LZ-GAS-004269,residential,153.8,160.7,248.0,56.0,25.9,0
LZ-GAS-004270,residential,131.0,131.0,184.0,48.9,21.5,0
LZ-GAS-004271,residential,200.9,177.7,282.0,48.4,19.2,0
LZ-GAS-004272,residential,140.5,134.2,202.0,22.0,9.5,0
LZ-GAS-004273,commercial,834.0,839.6,275.0,29.6,16.7,0
LZ-GAS-004274,residential,147.3,147.3,221.0,50.0,15.1,0
LZ-GAS-004275,industrial,2262.3,2073.0,186.0,10.9,13.3,0
LZ-GAS-004276,residential,239.2,272.5,447.0,24.2,17.5,0
LZ-GAS-004277,residential,117.5,145.0,218.0,13.4,13.8,0
LZ-GAS-004278,residential,186.0,191.0,304.0,2.9,0.4,0
LZ-GAS-004279,residential,202.4,214.6,347.0,36.1,17.1,0
LZ-GAS-004280,residential,77.8,79.1,99.0,29.9,15.2,0
LZ-GAS-004281,residential,138.0,134.8,200.0,44.8,21.3,0
LZ-GAS-004282,commercial,399.4,449.6,110.0,31.9,6.3,0
LZ-GAS-004283,residential,147.9,138.6,202.0,5.8,4.4,0
LZ-GAS-004284,commercial,342.1,344.7,70.0,68.9,22.7,0
LZ-GAS-004285,residential,192.5,212.5,338.0,3.1,13.5,0
LZ-GAS-004286,residential,151.7,149.8,224.0,1.7,3.4,0
LZ-GAS-004287,residential,56.3,58.0,62.0,1.8,10.7,0
LZ-GAS-004288,commercial,874.6,832.8,285.0,63.2,22.4,0
LZ-GAS-004289,residential,67.2,76.3,93.0,29.5,22.7,0
LZ-GAS-004290,commercial,246.1,270.3,36.0,75.7,26.4,0
LZ-GAS-004291,residential,212.1,181.0,279.0,25.4,4.4,0
LZ-GAS-004292,residential,139.6,147.3,230.0,32.7,12.7,0
LZ-GAS-004293,residential,98.8,96.6,128.0,55.9,21.1,0
LZ-GAS-004294,residential,217.0,199.0,317.0,75.8,30.0,0
LZ-GAS-004295,residential,204.6,181.4,283.0,73.0,27.4,0
LZ-GAS-004296,residential,93.8,163.2,247.0,30.0,12.0,1
LZ-GAS-004297,residential,230.1,222.1,357.0,54.4,13.3,0
LZ-GAS-004298,commercial,856.6,820.2,263.0,4.9,7.3,0
LZ-GAS-004299,residential,262.9,239.1,388.0,45.8,16.8,0
LZ-GAS-004300,residential,182.7,170.7,269.0,51.7,25.3,0
LZ-GAS-004301,residential,164.7,173.0,268.0,22.2,16.0,0
LZ-GAS-004302,residential,22.6,24.2,0.0,52.5,12.2,0
LZ-GAS-004303,residential,138.2,124.2,179.0,24.5,0.7,0
LZ-GAS-004304,residential,259.0,282.2,474.0,61.3,19.2,0
LZ-GAS-004305,residential,113.8,109.0,150.0,5.7,8.7,0
LZ-GAS-004306,commercial,716.1,680.5,207.0,41.7,11.6,0
LZ-GAS-004307,commercial,531.3,578.9,167.0,76.0,22.4,0
LZ-GAS-004308,residential,23.8,24.3,0.0,50.3,24.3,0
LZ-GAS-004309,residential,180.8,193.1,302.0,75.2,28.3,0
LZ-GAS-004310,residential,316.4,284.8,471.0,75.8,16.4,0
LZ-GAS-004311,commercial,1170.8,1251.7,442.0,61.0,22.9,0
LZ-GAS-004312,residential,46.0,132.7,194.0,64.3,22.8,1
LZ-GAS-004313,residential,91.2,83.5,108.0,58.8,19.6,0
LZ-GAS-004314,residential,245.8,109.8,153.0,40.8,18.9,1
LZ-GAS-004315,commercial,927.7,890.9,291.0,63.2,24.6,0
LZ-GAS-004316,residential,125.4,118.7,172.0,63.1,30.0,0
LZ-GAS-004317,residential,208.8,205.9,327.0,69.0,24.3,0
LZ-GAS-004318,commercial,901.5,808.8,261.0,0.6,2.5,0
LZ-GAS-004319,residential,60.0,62.3,63.0,2.9,4.2,0
LZ-GAS-004320,industrial,1484.2,1383.0,74.0,37.1,18.7,0
LZ-GAS-004321,residential,215.1,208.5,334.0,57.4,29.7,0
LZ-GAS-004322,residential,211.1,207.9,335.0,33.5,17.3,0
LZ-GAS-004323,residential,149.4,148.2,226.0,30.5,16.2,0
LZ-GAS-004324,commercial,1033.4,1184.8,416.0,1.6,7.6,0
LZ-GAS-004325,residential,156.7,146.2,216.0,48.5,15.9,0
LZ-GAS-004326,commercial,1076.5,603.0,186.0,76.4,25.4,1
LZ-GAS-004327,residential,149.1,144.5,219.0,49.3,12.3,0
LZ-GAS-004328,commercial,851.6,895.0,296.0,19.6,14.5,0
LZ-GAS-004329,residential,27.8,26.1,0.0,50.9,21.0,0
LZ-GAS-004330,residential,145.3,156.6,242.0,29.6,14.2,0
LZ-GAS-004331,residential,149.4,157.4,244.0,29.3,9.1,0
LZ-GAS-004332,commercial,462.9,451.0,114.0,4.5,5.8,0
LZ-GAS-004333,residential,80.9,88.3,113.0,57.1,17.4,0
LZ-GAS-004334,residential,262.1,237.8,385.0,0.1,7.5,0
LZ-GAS-004335,residential,117.5,113.7,163.0,67.2,21.3,0
LZ-GAS-004336,commercial,614.8,630.0,185.0,0.5,7.9,0
LZ-GAS-004337,industrial,2891.6,3121.0,345.0,62.3,26.1,0
LZ-GAS-004338,residential,64.7,59.1,63.0,28.0,19.2,0
LZ-GAS-004339,residential,291.8,290.7,480.0,27.9,7.9,0
LZ-GAS-004340,commercial,570.2,485.0,127.0,39.2,14.1,0
LZ-GAS-004341,commercial,505.7,528.5,141.0,14.8,4.3,0
LZ-GAS-004342,commercial,269.2,271.8,35.0,16.6,16.2,0
LZ-GAS-004343,residential,98.8,102.9,143.0,57.1,16.1,0
LZ-GAS-004344,residential,72.8,78.3,99.0,72.7,30.0,0
LZ-GAS-004345,residential,115.2,115.1,163.0,11.2,6.3,0
LZ-GAS-004346,residential,68.0,68.4,79.0,22.0,16.5,0
LZ-GAS-004347,residential,32.9,28.0,0.0,78.5,22.9,0
LZ-GAS-004348,residential,229.1,233.2,377.0,55.0,18.6,0
LZ-GAS-004349,residential,210.9,201.9,321.0,73.4,24.9,0
LZ-GAS-004350,residential,195.3,192.9,309.0,30.8,14.1,0
LZ-GAS-004351,residential,171.4,185.5,293.0,61.5,20.6,0
LZ-GAS-004352,residential,186.2,191.8,301.0,56.8,23.4,0
LZ-GAS-004353,commercial,543.5,475.0,131.0,59.5,26.7,0
LZ-GAS-004354,residential,304.0,286.5,480.0,38.1,19.7,0
LZ-GAS-004355,industrial,2019.4,1884.8,145.0,23.5,9.5,0
LZ-GAS-004356,commercial,319.6,340.5,64.0,29.2,4.2,0
LZ-GAS-004357,industrial,4443.8,3983.1,480.0,11.5,9.4,0
LZ-GAS-004358,commercial,588.8,587.7,170.0,6.3,0.0,0
LZ-GAS-004359,residential,81.7,150.6,230.0,30.4,16.9,1
LZ-GAS-004360,residential,38.9,74.9,91.0,68.6,26.2,1
LZ-GAS-004361,residential,134.5,130.9,189.0,26.5,6.7,0
LZ-GAS-004362,residential,202.3,183.4,285.0,44.9,20.1,0
LZ-GAS-004363,residential,185.1,175.3,265.0,65.9,19.2,0
LZ-GAS-004364,industrial,1295.1,1417.0,63.0,8.4,14.3,0
LZ-GAS-004365,industrial,3184.8,3018.4,321.0,29.6,9.6,0
LZ-GAS-004366,commercial,393.8,468.4,121.0,29.6,9.3,0
LZ-GAS-004367,residential,38.0,37.0,18.0,56.9,17.0,0
LZ-GAS-004368,commercial,1001.0,1001.4,340.0,72.3,25.2,0
LZ-GAS-004369,commercial,777.4,821.0,265.0,0.6,1.1,0
LZ-GAS-004370,residential,144.4,132.2,192.0,43.6,27.9,0
LZ-GAS-004371,residential,92.4,91.7,121.0,0.2,4.2,0
LZ-GAS-004372,residential,204.1,201.0,322.0,24.1,20.6,0
LZ-GAS-004373,residential,122.2,129.1,187.0,32.0,12.6,0
LZ-GAS-004374,commercial,513.6,490.6,131.0,22.5,10.1,0
LZ-GAS-004375,residential,177.9,186.1,295.0,33.0,10.8,0
LZ-GAS-004376,residential,155.2,168.8,259.0,28.9,9.5,0
LZ-GAS-004377,residential,57.8,59.0,65.0,39.9,18.1,0
LZ-GAS-004378,commercial,1153.7,1086.4,385.0,20.0,16.9,0
LZ-GAS-004379,residential,30.1,31.1,4.0,31.2,14.3,0
LZ-GAS-004380,residential,103.8,90.5,116.0,17.5,6.0,0
LZ-GAS-004381,residential,169.8,172.5,269.0,33.6,15.4,0
LZ-GAS-004382,residential,152.5,141.2,210.0,56.7,16.3,0
LZ-GAS-004383,commercial,1011.1,963.6,326.0,2.4,0.0,0
LZ-GAS-004384,commercial,971.9,883.9,297.0,79.9,26.6,0
LZ-GAS-004385,commercial,166.2,171.1,0.0,11.9,0.4,0
LZ-GAS-004386,residential,255.3,240.0,395.0,63.4,18.7,0
LZ-GAS-004387,residential,123.2,112.4,157.0,23.0,12.0,0
LZ-GAS-004388,residential,140.1,149.8,222.0,5.7,5.4,0
LZ-GAS-004389,residential,91.4,95.6,123.0,63.1,20.5,0
LZ-GAS-004390,residential,62.1,70.0,81.0,45.2,24.9,0
LZ-GAS-004391,commercial,915.8,936.4,306.0,21.0,15.9,0
LZ-GAS-004392,residential,170.5,181.7,284.0,30.4,21.0,0
LZ-GAS-004393,residential,181.8,167.6,255.0,69.1,24.3,0
LZ-GAS-004394,commercial,473.6,531.1,137.0,56.5,21.2,0
LZ-GAS-004395,commercial,2911.5,1202.8,428.0,22.3,20.2,1
LZ-GAS-004396,industrial,2429.7,2689.2,272.0,19.0,7.7,0
LZ-GAS-004397,residential,200.0,189.9,300.0,45.3,18.9,0
LZ-GAS-004398,residential,143.6,152.7,234.0,9.6,9.0,0
LZ-GAS-004399,commercial,786.0,812.7,262.0,18.3,12.0,0
LZ-GAS-004400,residential,452.1,233.2,374.0,64.4,25.0,1
LZ-GAS-004401,commercial,1096.7,1065.7,360.0,58.0,21.1,0
LZ-GAS-004402,residential,233.9,226.6,368.0,2.0,10.5,0
LZ-GAS-004403,residential,157.5,156.1,238.0,35.8,10.8,0
LZ-GAS-004404,residential,190.1,161.5,241.0,31.9,16.4,0
LZ-GAS-004405,residential,68.5,63.8,72.0,59.1,15.7,0
LZ-GAS-004406,residential,140.9,134.5,199.0,34.1,19.8,0
LZ-GAS-004407,residential,121.3,112.3,151.0,18.2,15.3,0
LZ-GAS-004408,residential,97.0,88.1,115.0,67.3,21.8,0
LZ-GAS-004409,residential,154.9,150.0,224.0,15.5,7.4,0
LZ-GAS-004410,residential,155.1,153.3,233.0,51.8,18.8,0
LZ-GAS-004411,residential,90.0,94.3,131.0,22.6,14.3,0
LZ-GAS-004412,residential,29.4,28.1,3.0,49.5,11.0,0
LZ-GAS-004413,residential,121.4,125.8,189.0,13.8,4.5,0
LZ-GAS-004414,residential,165.2,145.5,224.0,70.1,28.1,0
LZ-GAS-004415,residential,171.8,173.0,264.0,29.6,12.3,0
LZ-GAS-004416,residential,86.2,85.4,107.0,54.4,13.3,0
LZ-GAS-004417,residential,53.7,53.6,52.0,60.0,10.1,0
LZ-GAS-004418,industrial,873.8,976.0,0.0,37.4,13.1,0
LZ-GAS-004419,industrial,2200.4,2425.8,220.0,43.1,8.2,0
LZ-GAS-004420,residential,113.9,105.8,145.0,9.5,8.9,0
LZ-GAS-004421,residential,194.1,187.2,299.0,43.3,16.3,0
LZ-GAS-004422,residential,45.0,42.9,36.0,42.5,25.5,0
LZ-GAS-004423,residential,220.2,244.1,394.0,71.6,17.7,0
LZ-GAS-004424,residential,137.2,133.5,197.0,28.2,16.1,0
LZ-GAS-004425,residential,129.1,134.3,194.0,12.2,3.1,0
LZ-GAS-004426,residential,166.1,155.4,240.0,32.5,9.0,0
LZ-GAS-004427,residential,196.5,198.6,313.0,62.8,20.6,0
LZ-GAS-004428,residential,195.9,200.4,325.0,0.9,2.0,0
LZ-GAS-004429,residential,26.0,26.5,0.0,2.9,15.5,0
LZ-GAS-004430,commercial,561.5,539.6,147.0,79.9,25.6,0
LZ-GAS-004431,commercial,918.8,867.2,279.0,44.4,13.3,0
LZ-GAS-004432,residential,165.0,184.2,296.0,57.5,30.0,0
LZ-GAS-004433,residential,155.3,160.2,250.0,37.3,11.3,0
LZ-GAS-004434,industrial,1436.2,1545.1,106.0,15.6,7.9,0
LZ-GAS-004435,residential,166.3,177.9,276.0,53.4,18.2,0
LZ-GAS-004436,residential,142.5,136.7,197.0,19.3,6.9,0
LZ-GAS-004437,residential,145.5,149.0,221.0,36.1,17.8,0
LZ-GAS-004438,residential,191.8,231.5,380.0,16.8,15.8,0
LZ-GAS-004439,residential,139.4,138.0,207.0,72.6,17.7,0
LZ-GAS-004440,residential,189.3,181.9,280.0,31.5,11.3,0
LZ-GAS-004441,residential,305.8,252.6,411.0,55.6,17.9,0
LZ-GAS-004442,residential,214.2,215.6,351.0,14.6,2.7,0
LZ-GAS-004443,residential,59.1,58.8,59.0,48.7,11.6,0
LZ-GAS-004444,industrial,1816.3,1483.4,82.0,23.6,9.9,0
LZ-GAS-004445,residential,28.5,26.9,0.0,9.5,3.8,0
LZ-GAS-004446,residential,218.5,222.8,359.0,25.3,13.6,0
LZ-GAS-004447,industrial,2389.8,2229.2,199.0,5.1,11.0,0
LZ-GAS-004448,residential,109.8,110.2,151.0,48.2,18.7,0
LZ-GAS-004449,residential,138.6,141.4,210.0,44.4,18.3,0
LZ-GAS-004450,residential,60.3,65.3,69.0,68.3,18.4,0
LZ-GAS-004451,residential,218.3,188.6,294.0,2.2,3.4,0
LZ-GAS-004452,residential,88.6,84.4,105.0,32.7,15.8,0
LZ-GAS-004453,residential,207.9,210.5,338.0,78.8,28.2,0
LZ-GAS-004454,residential,152.7,166.9,255.0,27.8,12.3,0
LZ-GAS-004455,residential,138.4,144.3,213.0,4.7,9.6,0
LZ-GAS-004456,commercial,699.2,877.0,293.0,64.0,20.5,0
LZ-GAS-004457,residential,145.1,127.4,189.0,7.5,2.0,0
LZ-GAS-004458,industrial,2189.1,2351.6,217.0,57.1,21.5,0
LZ-GAS-004459,residential,238.2,234.4,378.0,42.1,14.2,0
LZ-GAS-004460,residential,275.5,265.2,439.0,70.1,15.0,0
LZ-GAS-004461,residential,198.7,187.1,293.0,41.1,20.1,0
LZ-GAS-004462,residential,250.2,251.0,403.0,54.3,21.2,0
LZ-GAS-004463,residential,29.5,30.7,17.0,20.6,14.4,0
LZ-GAS-004464,residential,172.8,158.0,240.0,78.6,23.1,0
LZ-GAS-004465,residential,166.1,146.7,220.0,16.7,17.1,0
LZ-GAS-004466,residential,106.9,113.9,161.0,66.9,24.8,0
LZ-GAS-004467,commercial,916.8,881.5,292.0,54.6,24.1,0
LZ-GAS-004468,residential,298.4,285.7,472.0,38.5,12.2,0
LZ-GAS-004469,commercial,846.9,875.9,290.0,29.9,11.7,0
LZ-GAS-004470,residential,236.5,227.2,369.0,6.8,13.6,0
LZ-GAS-004471,residential,256.7,247.8,402.0,63.5,21.5,0
LZ-GAS-004472,industrial,6103.1,3620.8,396.0,18.2,10.4,1
LZ-GAS-004473,residential,152.2,153.6,234.0,69.8,30.0,0
LZ-GAS-004474,residential,105.1,107.0,146.0,71.0,29.1,0
LZ-GAS-004475,residential,242.9,232.7,373.0,16.8,11.1,0
LZ-GAS-004476,residential,220.9,209.0,338.0,23.3,20.8,0
LZ-GAS-004477,residential,131.6,116.3,167.0,56.9,12.8,0
LZ-GAS-004478,residential,82.3,262.9,435.0,61.2,20.7,1
LZ-GAS-004479,residential,88.2,90.2,119.0,3.9,4.1,0
LZ-GAS-004480,residential,66.0,64.7,68.0,66.1,29.4,0
LZ-GAS-004481,residential,353.6,143.7,218.0,65.3,29.7,1
LZ-GAS-004482,residential,59.2,58.6,56.0,49.8,15.9,0
LZ-GAS-004483,commercial,613.2,705.7,206.0,71.3,24.3,0
LZ-GAS-004484,residential,158.8,143.6,218.0,78.1,29.8,0
LZ-GAS-004485,residential,110.2,108.7,151.0,16.4,12.4,0
LZ-GAS-004486,residential,151.1,156.0,235.0,75.4,25.9,0
LZ-GAS-004487,residential,54.1,57.6,63.0,68.9,27.8,0
LZ-GAS-004488,commercial,147.3,153.3,0.0,47.0,26.9,0
LZ-GAS-004489,industrial,3059.3,3060.3,331.0,8.8,8.6,0
LZ-GAS-004490,residential,212.8,213.2,345.0,76.9,19.7,0
LZ-GAS-004491,commercial,2258.4,988.3,336.0,59.5,20.1,1
LZ-GAS-004492,residential,129.4,118.8,173.0,29.6,13.0,0
LZ-GAS-004493,industrial,2941.4,2716.2,284.0,25.8,10.4,0
LZ-GAS-004494,residential,120.5,124.6,183.0,76.1,28.2,0
LZ-GAS-004495,residential,218.1,233.3,378.0,18.5,13.9,0
LZ-GAS-004496,residential,64.4,67.7,74.0,65.6,26.6,0
LZ-GAS-004497,residential,191.4,170.1,263.0,35.5,17.0,0
LZ-GAS-004498,residential,43.9,117.4,166.0,55.7,21.0,1
LZ-GAS-004499,industrial,2871.0,2882.6,317.0,65.7,17.3,0
LZ-GAS-004500,residential,169.2,157.6,235.0,8.0,6.2,0
LZ-GAS-004501,residential,27.4,27.4,0.0,20.8,6.9,0
LZ-GAS-004502,residential,129.5,130.1,185.0,9.1,9.6,0
LZ-GAS-004503,residential,71.4,80.1,100.0,32.2,13.3,0
LZ-GAS-004504,commercial,429.7,854.8,285.0,11.3,8.5,1
LZ-GAS-004505,commercial,542.4,994.8,336.0,73.2,26.6,1
LZ-GAS-004506,residential,65.0,62.6,72.0,63.0,20.2,0
LZ-GAS-004507,residential,190.4,179.6,281.0,46.5,22.5,0
LZ-GAS-004508,residential,74.3,77.5,96.0,15.3,14.6,0
LZ-GAS-004509,residential,101.5,113.3,161.0,16.8,5.5,0
LZ-GAS-004510,residential,160.1,157.4,246.0,47.4,23.9,0
LZ-GAS-004511,residential,219.1,236.9,382.0,72.6,22.4,0
LZ-GAS-004512,industrial,2833.7,2665.9,286.0,74.6,21.0,0
LZ-GAS-004513,residential,202.6,195.2,309.0,74.3,22.9,0
LZ-GAS-004514,residential,112.9,114.9,164.0,25.8,6.2,0
LZ-GAS-004515,residential,137.0,135.1,207.0,55.8,21.4,0
LZ-GAS-004516,residential,179.0,194.7,306.0,41.5,21.9,0
LZ-GAS-004517,residential,156.3,160.9,247.0,44.4,9.7,0
LZ-GAS-004518,residential,146.3,164.5,247.0,54.2,21.4,0
LZ-GAS-004519,industrial,3068.7,2830.9,277.0,23.6,14.5,0
LZ-GAS-004520,residential,245.1,264.9,439.0,21.4,14.3,0
LZ-GAS-004521,residential,228.0,242.1,402.0,33.0,17.1,0
LZ-GAS-004522,commercial,1057.1,1161.8,409.0,18.7,12.6,0
LZ-GAS-004523,residential,179.1,179.2,277.0,68.8,20.8,0
LZ-GAS-004524,commercial,532.3,485.0,128.0,29.3,17.4,0
LZ-GAS-004525,residential,72.8,70.9,77.0,3.1,8.2,0
LZ-GAS-004526,residential,159.2,160.6,246.0,50.6,22.3,0
LZ-GAS-004527,residential,29.6,78.6,100.0,78.9,27.0,1
LZ-GAS-004528,commercial,168.1,177.0,0.0,43.9,15.6,0
LZ-GAS-004529,commercial,620.8,636.7,189.0,22.6,11.3,0
LZ-GAS-004530,residential,285.9,291.2,480.0,72.2,26.8,0
LZ-GAS-004531,residential,157.1,150.5,230.0,50.4,23.4,0
LZ-GAS-004532,residential,156.3,161.0,247.0,49.5,9.1,0
LZ-GAS-004533,residential,146.4,147.4,220.0,36.8,8.9,0
LZ-GAS-004534,residential,164.3,161.4,249.0,61.7,13.5,0
LZ-GAS-004535,commercial,341.9,321.1,58.0,53.6,16.7,0
LZ-GAS-004536,commercial,896.6,822.2,262.0,43.7,13.6,0
LZ-GAS-004537,residential,197.4,207.6,330.0,26.7,13.4,0
LZ-GAS-004538,residential,163.4,170.7,262.0,62.7,20.0,0
LZ-GAS-004539,residential,164.5,170.8,267.0,72.9,30.0,0
LZ-GAS-004540,industrial,2381.8,2315.0,233.0,7.3,4.7,0
LZ-GAS-004541,residential,199.0,200.4,322.0,2.1,3.0,0
LZ-GAS-004542,residential,72.5,69.9,83.0,8.0,3.9,0
LZ-GAS-004543,industrial,989.8,936.9,0.0,69.8,21.8,0
LZ-GAS-004544,residential,105.1,115.5,166.0,49.4,18.9,0
LZ-GAS-004545,industrial,2403.6,2314.8,226.0,31.8,11.4,0
LZ-GAS-004546,residential,187.5,193.0,307.0,78.0,20.9,0
LZ-GAS-004547,residential,101.6,98.8,133.0,75.6,18.2,0
LZ-GAS-004548,residential,161.4,162.2,251.0,33.9,15.1,0
LZ-GAS-004549,residential,146.4,149.9,223.0,29.6,10.6,0
LZ-GAS-004550,residential,210.6,202.7,321.0,42.6,11.8,0
LZ-GAS-004551,commercial,636.7,590.3,169.0,47.4,16.4,0
LZ-GAS-004552,residential,187.3,193.7,309.0,67.4,24.2,0
LZ-GAS-004553,residential,212.8,206.6,324.0,70.3,30.0,0
LZ-GAS-004554,residential,143.4,131.9,193.0,22.8,19.2,0
LZ-GAS-004555,residential,136.7,141.9,209.0,68.3,18.6,0
LZ-GAS-004556,residential,126.4,119.6,170.0,6.2,5.2,0
LZ-GAS-004557,residential,104.5,99.6,137.0,16.7,0.7,0
LZ-GAS-004558,residential,96.0,105.1,147.0,33.6,4.8,0
LZ-GAS-004559,commercial,361.6,391.4,90.0,6.1,0.0,0
LZ-GAS-004560,industrial,1667.7,3040.6,320.0,27.7,17.0,1
LZ-GAS-004561,residential,198.2,180.0,280.0,2.2,5.6,0
LZ-GAS-004562,residential,128.3,138.4,212.0,64.5,14.9,0
LZ-GAS-004563,commercial,841.1,767.0,241.0,54.1,16.1,0
LZ-GAS-004564,residential,139.7,149.5,232.0,20.8,8.6,0
LZ-GAS-004565,industrial,3240.3,3582.4,419.0,41.9,13.1,0
LZ-GAS-004566,commercial,977.2,1014.6,340.0,31.2,20.5,0
LZ-GAS-004567,residential,118.6,126.8,185.0,65.6,13.0,0
LZ-GAS-004568,commercial,916.8,932.4,315.0,23.5,9.5,0
LZ-GAS-004569,residential,30.0,29.6,18.0,18.9,11.6,0
LZ-GAS-004570,commercial,534.7,583.2,164.0,62.1,23.6,0
LZ-GAS-004571,commercial,471.9,485.7,129.0,60.5,10.5,0
LZ-GAS-004572,residential,184.7,172.2,268.0,56.3,20.7,0
LZ-GAS-004573,industrial,1737.1,1826.5,157.0,5.1,1.0,0
LZ-GAS-004574,residential,105.9,92.3,126.0,3.3,3.8,0
LZ-GAS-004575,residential,178.3,98.5,134.0,74.4,16.8,1
LZ-GAS-004576,residential,51.3,45.3,44.0,77.8,28.9,0
LZ-GAS-004577,residential,54.3,58.3,58.0,16.4,24.7,0
LZ-GAS-004578,commercial,454.4,432.2,101.0,39.3,20.4,0
LZ-GAS-004579,residential,187.1,173.0,273.0,37.1,13.6,0
LZ-GAS-004580,commercial,861.1,788.1,259.0,22.7,3.1,0
LZ-GAS-004581,commercial,938.0,951.5,321.0,6.3,11.5,0
LZ-GAS-004582,residential,240.1,265.8,438.0,20.2,16.5,0
LZ-GAS-004583,industrial,3237.8,3054.2,341.0,76.9,19.7,0
LZ-GAS-004584,commercial,178.0,178.0,0.0,35.4,19.1,0
LZ-GAS-004585,commercial,464.5,514.6,146.0,16.5,1.3,0
LZ-GAS-004586,residential,256.5,251.7,418.0,6.1,1.2,0
LZ-GAS-004587,residential,151.2,161.2,245.0,51.7,19.4,0
LZ-GAS-004588,residential,179.4,176.0,273.0,67.2,15.9,0
LZ-GAS-004589,residential,158.5,160.9,252.0,20.2,14.4,0
LZ-GAS-004590,commercial,315.2,297.5,49.0,60.4,27.7,0
LZ-GAS-004591,residential,182.1,177.6,277.0,1.7,6.5,0
LZ-GAS-004592,commercial,653.5,696.3,206.0,10.3,10.7,0
LZ-GAS-004593,residential,87.7,82.0,99.0,51.1,26.2,0
LZ-GAS-004594,residential,189.0,177.5,272.0,7.5,10.1,0
LZ-GAS-004595,industrial,4413.1,3747.6,442.0,37.2,21.3,0
LZ-GAS-004596,commercial,706.8,677.8,201.0,38.8,22.3,0
LZ-GAS-004597,residential,58.4,57.7,62.0,2.2,1.4,0
LZ-GAS-004598,residential,142.9,137.4,208.0,65.8,30.0,0
LZ-GAS-004599,residential,88.9,89.8,110.0,59.1,26.3,0
LZ-GAS-004600,residential,24.2,23.1,0.0,63.3,22.4,0
LZ-GAS-004601,residential,115.1,116.2,161.0,52.2,22.9,0
LZ-GAS-004602,industrial,2892.5,2630.2,272.0,22.5,13.0,0
LZ-GAS-004603,commercial,410.6,415.5,102.0,55.6,20.9,0
LZ-GAS-004604,residential,134.3,144.8,211.0,45.7,12.6,0
LZ-GAS-004605,residential,128.7,133.8,205.0,49.9,16.5,0
LZ-GAS-004606,industrial,2267.4,1968.2,164.0,60.2,19.4,0
LZ-GAS-004607,residential,130.6,120.0,171.0,23.1,16.9,0
LZ-GAS-004608,commercial,558.7,603.0,181.0,73.1,26.5,0
LZ-GAS-004609,commercial,614.4,613.1,187.0,37.0,17.1,0
LZ-GAS-004610,commercial,649.9,655.2,204.0,25.3,11.7,0
LZ-GAS-004611,residential,219.9,186.6,286.0,42.2,22.5,0
LZ-GAS-004612,industrial,1834.1,1796.8,159.0,77.9,13.8,0
LZ-GAS-004613,industrial,1584.9,1568.6,116.0,56.4,15.7,0
LZ-GAS-004614,residential,185.2,180.4,284.0,7.6,12.4,0
LZ-GAS-004615,residential,86.7,97.0,136.0,22.1,9.5,0
LZ-GAS-004616,residential,288.1,290.4,480.0,53.9,22.5,0
LZ-GAS-004617,residential,124.6,127.5,190.0,76.6,30.0,0
LZ-GAS-004618,commercial,1280.4,1307.6,473.0,43.1,20.5,0
LZ-GAS-004619,commercial,711.9,787.3,254.0,43.3,9.8,0
LZ-GAS-004620,commercial,826.9,790.9,260.0,0.1,4.9,0
LZ-GAS-004621,residential,219.8,209.8,335.0,12.2,3.5,0
LZ-GAS-004622,residential,170.5,173.2,275.0,64.5,24.3,0
LZ-GAS-004623,commercial,696.6,669.0,205.0,19.4,15.7,0
LZ-GAS-004624,residential,132.6,124.4,178.0,42.9,15.5,0
LZ-GAS-004625,residential,89.3,84.6,105.0,54.6,22.0,0
LZ-GAS-004626,residential,76.7,77.2,100.0,47.6,16.9,0
LZ-GAS-004627,commercial,825.4,946.2,329.0,61.3,30.0,0
LZ-GAS-004628,residential,25.3,29.0,0.0,51.5,19.5,0
LZ-GAS-004629,commercial,1242.3,1243.3,438.0,24.8,13.3,0
LZ-GAS-004630,residential,193.6,207.3,339.0,46.8,20.4,0
LZ-GAS-004631,commercial,651.9,629.5,182.0,55.7,24.9,0
LZ-GAS-004632,commercial,1140.1,1239.4,440.0,5.5,10.7,0
LZ-GAS-004633,commercial,1290.6,1285.6,458.0,77.3,25.2,0
LZ-GAS-004634,residential,246.6,227.1,362.0,49.5,18.6,0
LZ-GAS-004635,residential,24.6,24.6,0.0,78.0,27.9,0
LZ-GAS-004636,residential,23.2,26.2,0.0,69.0,26.0,0
LZ-GAS-004637,residential,178.5,190.1,302.0,2.5,4.8,0
LZ-GAS-004638,commercial,386.7,364.9,68.0,6.6,4.9,0
LZ-GAS-004639,commercial,828.7,836.5,270.0,68.5,22.0,0
LZ-GAS-004640,residential,102.7,118.8,166.0,19.7,13.1,0
LZ-GAS-004641,residential,178.5,173.3,268.0,72.9,22.1,0
LZ-GAS-004642,commercial,547.7,585.1,177.0,78.4,20.5,0
LZ-GAS-004643,residential,157.0,144.7,218.0,61.5,19.8,0
LZ-GAS-004644,residential,27.4,25.9,2.0,50.0,16.2,0
LZ-GAS-004645,residential,155.0,141.6,211.0,35.1,17.6,0
LZ-GAS-004646,residential,81.0,80.4,104.0,72.7,21.7,0
LZ-GAS-004647,residential,213.5,215.7,349.0,50.3,16.6,0
LZ-GAS-004648,residential,87.2,95.2,130.0,7.5,16.8,0
LZ-GAS-004649,residential,158.7,172.6,273.0,58.1,22.6,0
LZ-GAS-004650,residential,190.2,184.3,289.0,26.5,8.2,0
LZ-GAS-004651,residential,128.5,131.2,196.0,10.9,14.4,0
LZ-GAS-004652,residential,87.4,87.5,109.0,29.3,11.6,0
LZ-GAS-004653,residential,156.1,151.4,232.0,68.7,19.3,0
LZ-GAS-004654,residential,112.5,129.6,197.0,59.4,23.9,0
LZ-GAS-004655,residential,192.6,197.2,313.0,30.4,6.9,0
LZ-GAS-004656,commercial,456.0,426.5,96.0,65.9,22.2,0
LZ-GAS-004657,commercial,384.4,352.1,65.0,44.8,19.9,0
LZ-GAS-004658,residential,201.5,189.4,302.0,27.1,16.3,0
LZ-GAS-004659,residential,191.0,158.2,244.0,8.2,5.6,0
LZ-GAS-004660,residential,219.2,223.8,363.0,54.5,17.3,0
LZ-GAS-004661,residential,234.4,237.5,385.0,19.8,10.6,0
LZ-GAS-004662,residential,23.2,23.8,0.0,40.5,21.9,0
LZ-GAS-004663,residential,152.0,153.5,244.0,19.2,2.3,0
LZ-GAS-004664,commercial,363.8,750.6,232.0,50.5,22.5,1
LZ-GAS-004665,residential,139.6,148.1,222.0,4.7,8.6,0
LZ-GAS-004666,commercial,955.9,956.4,331.0,22.3,18.1,0
LZ-GAS-004667,residential,262.1,276.4,458.0,50.0,13.2,0
LZ-GAS-004668,residential,127.1,127.8,189.0,67.4,28.3,0
LZ-GAS-004669,residential,132.6,130.1,195.0,58.3,16.5,0
LZ-GAS-004670,residential,186.3,187.4,295.0,23.1,13.2,0
LZ-GAS-004671,residential,191.8,191.3,307.0,31.8,12.1,0
LZ-GAS-004672,residential,140.8,132.3,196.0,40.1,4.4,0
LZ-GAS-004673,residential,182.2,202.7,321.0,75.7,24.7,0
LZ-GAS-004674,residential,233.1,238.3,385.0,14.2,11.4,0
LZ-GAS-004675,residential,104.2,107.8,144.0,63.1,25.9,0
LZ-GAS-004676,residential,259.3,229.1,371.0,9.1,5.3,0
LZ-GAS-004677,residential,91.3,87.5,112.0,67.2,17.3,0
LZ-GAS-004678,industrial,3539.7,3367.0,374.0,8.9,11.6,0
LZ-GAS-004679,residential,77.9,77.0,97.0,30.6,12.0,0
LZ-GAS-004680,commercial,389.2,395.7,102.0,29.6,18.4,0
LZ-GAS-004681,residential,44.0,42.6,36.0,53.4,26.1,0
LZ-GAS-004682,residential,100.7,114.7,170.0,25.3,11.3,0
LZ-GAS-004683,residential,148.2,136.6,203.0,64.5,21.4,0
LZ-GAS-004684,residential,266.5,132.4,190.0,78.8,22.3,1
LZ-GAS-004685,commercial,617.2,575.5,161.0,57.5,10.8,0
LZ-GAS-004686,residential,118.7,126.8,177.0,1.7,6.4,0
LZ-GAS-004687,residential,108.6,105.3,145.0,7.7,11.4,0
LZ-GAS-004688,industrial,2176.0,2109.5,158.0,64.3,27.2,0
LZ-GAS-004689,commercial,693.7,746.6,225.0,32.7,14.1,0
LZ-GAS-004690,residential,108.3,100.7,135.0,41.0,25.1,0
LZ-GAS-004691,residential,134.4,152.9,226.0,67.6,20.5,0
LZ-GAS-004692,residential,62.4,62.0,69.0,57.1,20.2,0
LZ-GAS-004693,residential,40.6,42.9,37.0,42.2,14.0,0
LZ-GAS-004694,residential,188.9,192.6,303.0,24.0,10.0,0
LZ-GAS-004695,residential,87.4,85.9,105.0,6.4,6.3,0
LZ-GAS-004696,commercial,690.3,713.1,218.0,9.0,5.0,0
LZ-GAS-004697,residential,81.5,69.4,78.0,4.2,5.1,0
LZ-GAS-004698,industrial,1095.5,1002.1,15.0,32.0,15.4,0
LZ-GAS-004699,residential,47.4,41.4,32.0,75.8,25.5,0
LZ-GAS-004700,residential,82.9,77.5,93.0,8.8,3.3,0
LZ-GAS-004701,residential,229.6,229.5,369.0,41.2,18.8,0
LZ-GAS-004702,industrial,1588.8,1607.5,114.0,49.3,14.5,0
LZ-GAS-004703,commercial,808.8,760.6,234.0,75.3,27.1,0
LZ-GAS-004704,residential,41.4,113.2,154.0,79.6,26.3,1
LZ-GAS-004705,residential,128.3,140.8,218.0,52.5,10.1,0
LZ-GAS-004706,residential,56.2,53.3,50.0,46.4,12.7,0
LZ-GAS-004707,residential,197.5,210.4,342.0,56.6,24.7,0
LZ-GAS-004708,residential,154.6,150.7,230.0,34.9,11.7,0
LZ-GAS-004709,industrial,1848.6,1854.9,146.0,62.4,18.6,0
LZ-GAS-004710,residential,186.9,194.7,306.0,67.0,20.8,0
LZ-GAS-004711,commercial,204.9,207.3,8.0,17.2,10.9,0
LZ-GAS-004712,residential,89.8,88.0,112.0,42.3,19.4,0
LZ-GAS-004713,residential,170.9,161.9,248.0,25.1,10.9,0
LZ-GAS-004714,residential,257.0,245.7,404.0,10.0,16.6,0
LZ-GAS-004715,residential,91.3,102.7,140.0,33.7,11.8,0
LZ-GAS-004716,residential,258.9,263.5,435.0,48.4,16.0,0
LZ-GAS-004717,residential,246.4,221.5,355.0,41.4,15.6,0
LZ-GAS-004718,residential,87.1,75.4,92.0,30.7,14.5,0
LZ-GAS-004719,residential,183.0,174.2,271.0,44.5,24.2,0
LZ-GAS-004720,industrial,3300.6,3046.7,349.0,40.4,27.3,0
LZ-GAS-004721,residential,75.5,70.8,82.0,2.2,5.0,0
LZ-GAS-004722,residential,221.1,241.2,395.0,55.2,19.1,0
LZ-GAS-004723,residential,27.9,29.8,8.0,63.1,24.9,0
LZ-GAS-004724,residential,232.5,234.3,382.0,36.9,14.7,0
LZ-GAS-004725,industrial,1290.5,3321.0,352.0,52.1,23.2,1
LZ-GAS-004726,residential,248.9,258.1,419.0,19.3,5.9,0
LZ-GAS-004727,residential,176.9,202.5,315.0,58.4,24.7,0
LZ-GAS-004728,residential,146.1,157.0,242.0,36.4,4.8,0
LZ-GAS-004729,residential,26.4,28.8,5.0,51.3,21.4,0
LZ-GAS-004730,residential,313.1,262.8,433.0,53.8,22.7,0
LZ-GAS-004731,residential,197.3,183.6,291.0,34.6,26.6,0
LZ-GAS-004732,residential,197.6,199.4,315.0,15.0,5.5,0
LZ-GAS-004733,industrial,1646.0,1724.4,135.0,75.0,28.1,0
LZ-GAS-004734,residential,31.9,29.6,0.0,66.3,25.8,0
LZ-GAS-004735,residential,169.2,173.2,270.0,30.7,9.3,0
LZ-GAS-004736,residential,68.2,78.7,95.0,30.3,14.9,0
LZ-GAS-004737,residential,125.6,136.4,204.0,67.8,19.0,0
LZ-GAS-004738,commercial,839.4,849.7,280.0,60.2,15.6,0
LZ-GAS-004739,residential,46.1,47.3,42.0,22.2,4.4,0
LZ-GAS-004740,residential,167.3,174.1,266.0,65.7,21.4,0
LZ-GAS-004741,commercial,419.0,462.3,111.0,27.1,7.8,0
LZ-GAS-004742,residential,96.5,100.2,135.0,67.3,13.0,0
LZ-GAS-004743,residential,201.4,191.7,305.0,8.8,9.6,0
LZ-GAS-004744,industrial,1056.2,1043.5,21.0,75.8,16.8,0
LZ-GAS-004745,residential,106.4,100.5,135.0,29.3,16.7,0
LZ-GAS-004746,commercial,548.5,592.5,177.0,73.7,25.6,0
LZ-GAS-004747,residential,74.8,211.2,337.0,19.7,7.0,1
LZ-GAS-004748,residential,131.8,129.8,197.0,29.9,5.9,0
LZ-GAS-004749,residential,201.8,185.0,293.0,20.3,6.8,0
LZ-GAS-004750,residential,58.7,60.8,67.0,46.9,11.3,0
LZ-GAS-004751,industrial,981.4,977.4,15.0,20.3,9.3,0
LZ-GAS-004752,industrial,1998.6,2244.2,187.0,54.0,17.8,0
LZ-GAS-004753,residential,255.2,246.0,407.0,54.4,30.0,0
LZ-GAS-004754,commercial,832.8,838.0,273.0,61.4,11.3,0
LZ-GAS-004755,residential,111.3,107.6,152.0,36.3,12.3,0
LZ-GAS-004756,residential,94.0,92.7,127.0,34.2,17.3,0
LZ-GAS-004757,residential,245.2,232.1,379.0,20.0,16.0,0
LZ-GAS-004758,residential,188.4,180.5,288.0,38.9,22.2,0
LZ-GAS-004759,commercial,471.1,241.7,24.0,42.3,11.9,1
LZ-GAS-004760,commercial,188.9,185.4,0.0,22.2,15.4,0
LZ-GAS-004761,commercial,1364.4,1252.0,454.0,44.6,3.3,0
LZ-GAS-004762,residential,139.8,150.3,227.0,13.8,8.4,0
LZ-GAS-004763,residential,140.1,139.8,209.0,33.5,18.5,0
LZ-GAS-004764,residential,160.2,158.6,253.0,26.0,15.9,0
LZ-GAS-004765,residential,130.6,132.3,196.0,42.7,9.9,0
LZ-GAS-004766,industrial,1932.8,2067.6,188.0,62.0,17.5,0
LZ-GAS-004767,residential,121.9,132.4,199.0,2.5,0.0,0
LZ-GAS-004768,residential,24.1,22.5,0.0,35.2,11.2,0
LZ-GAS-004769,industrial,1746.2,1804.0,164.0,8.0,1.3,0
LZ-GAS-004770,commercial,471.9,516.1,147.0,28.4,14.4,0
LZ-GAS-004771,commercial,935.5,971.6,344.0,58.9,17.0,0
LZ-GAS-004772,residential,186.4,208.7,332.0,50.8,21.6,0
LZ-GAS-004773,residential,104.1,109.7,158.0,57.3,19.8,0
LZ-GAS-004774,commercial,625.5,646.4,190.0,65.1,20.6,0
LZ-GAS-004775,residential,334.7,143.5,217.0,27.2,21.3,1
LZ-GAS-004776,commercial,1279.8,1283.4,459.0,29.8,19.1,0
LZ-GAS-004777,residential,204.4,212.8,344.0,15.1,3.4,0
LZ-GAS-004778,industrial,1616.5,1649.3,121.0,26.2,19.2,0
LZ-GAS-004779,residential,232.7,240.7,392.0,49.5,22.1,0
LZ-GAS-004780,commercial,367.6,384.6,88.0,53.6,25.8,0
LZ-GAS-004781,commercial,1054.1,1031.4,352.0,56.8,22.4,0
LZ-GAS-004782,residential,147.4,143.4,220.0,42.9,8.0,0
LZ-GAS-004783,commercial,304.0,304.3,57.0,4.1,5.2,0
LZ-GAS-004784,residential,96.5,105.0,151.0,51.6,7.1,0
LZ-GAS-004785,residential,135.0,128.6,183.0,67.8,16.1,0
LZ-GAS-004786,residential,190.4,217.7,345.0,69.8,20.0,0
LZ-GAS-004787,residential,254.5,231.2,375.0,1.8,12.6,0
LZ-GAS-004788,residential,26.2,25.6,0.0,30.2,13.7,0
LZ-GAS-004789,residential,112.4,103.8,145.0,39.3,16.9,0
LZ-GAS-004790,residential,234.5,214.1,345.0,49.9,22.0,0
LZ-GAS-004791,commercial,723.3,860.8,272.0,63.7,17.5,0
LZ-GAS-004792,commercial,799.7,839.2,273.0,2.2,11.9,0
LZ-GAS-004793,residential,328.0,184.9,291.0,72.0,25.1,1
LZ-GAS-004794,residential,172.2,191.9,305.0,34.9,10.0,0
LZ-GAS-004795,commercial,1028.2,1082.9,374.0,77.3,22.5,0
LZ-GAS-004796,industrial,2100.7,1961.1,157.0,63.1,20.6,0
LZ-GAS-004797,residential,23.0,23.8,0.0,31.7,16.9,0
LZ-GAS-004798,residential,173.8,172.4,269.0,76.0,30.0,0
LZ-GAS-004799,residential,94.9,95.0,125.0,37.2,13.8,0
LZ-GAS-004800,industrial,966.3,906.4,0.0,8.7,7.1,0
LZ-GAS-004801,residential,147.3,141.1,213.0,16.1,18.8,0
LZ-GAS-004802,commercial,710.5,449.4,111.0,42.9,30.0,1
LZ-GAS-004803,commercial,645.9,655.8,198.0,60.7,29.9,0
LZ-GAS-004804,residential,27.4,24.5,0.0,24.9,13.1,0
LZ-GAS-004805,residential,166.5,174.7,274.0,75.0,23.0,0
LZ-GAS-004806,residential,121.4,135.1,199.0,20.5,14.4,0
LZ-GAS-004807,residential,136.8,150.4,230.0,78.2,27.0,0
LZ-GAS-004808,residential,91.9,84.2,112.0,51.9,15.1,0
LZ-GAS-004809,industrial,537.1,1501.6,102.0,58.8,27.3,1
LZ-GAS-004810,residential,184.1,205.1,328.0,30.9,26.1,0
LZ-GAS-004811,commercial,869.2,857.1,287.0,42.5,12.5,0
LZ-GAS-004812,residential,117.3,117.0,172.0,28.2,9.2,0
LZ-GAS-004813,residential,52.9,55.4,52.0,40.4,13.6,0
LZ-GAS-004814,industrial,2558.7,2551.7,271.0,67.4,16.6,0
LZ-GAS-004815,residential,115.2,101.4,142.0,61.4,25.3,0
LZ-GAS-004816,industrial,3205.2,3003.2,313.0,66.0,15.4,0
LZ-GAS-004817,industrial,1804.3,1600.2,116.0,33.0,17.5,0
LZ-GAS-004818,commercial,396.7,720.0,228.0,23.8,13.9,1
LZ-GAS-004819,residential,170.8,159.9,251.0,47.4,21.5,0
LZ-GAS-004820,residential,96.3,99.1,135.0,76.2,17.8,0
LZ-GAS-004821,industrial,2646.0,2544.0,274.0,56.5,20.8,0
LZ-GAS-004822,residential,48.4,43.5,31.0,18.6,12.0,0
LZ-GAS-004823,commercial,1078.3,1064.7,372.0,63.4,26.2,0
LZ-GAS-004824,commercial,564.4,552.0,152.0,70.9,25.5,0
LZ-GAS-004825,commercial,552.3,534.1,151.0,59.0,17.9,0
LZ-GAS-004826,residential,135.5,122.3,182.0,58.1,26.1,0
LZ-GAS-004827,residential,102.1,110.9,159.0,54.2,26.3,0
LZ-GAS-004828,residential,102.9,91.4,116.0,45.3,23.9,0
LZ-GAS-004829,residential,143.3,151.2,229.0,31.5,10.2,0
LZ-GAS-004830,residential,92.3,93.8,126.0,57.4,22.9,0
LZ-GAS-004831,commercial,631.2,597.3,167.0,33.7,9.9,0
LZ-GAS-004832,residential,138.0,145.8,226.0,14.2,8.7,0
LZ-GAS-004833,industrial,2190.7,2032.6,179.0,71.7,27.6,0
LZ-GAS-004834,residential,85.5,83.4,103.0,73.3,17.3,0
LZ-GAS-004835,residential,201.8,191.3,306.0,10.1,22.1,0
LZ-GAS-004836,commercial,1228.1,1271.9,453.0,64.4,28.1,0
LZ-GAS-004837,residential,89.8,95.1,129.0,49.6,14.6,0
LZ-GAS-004838,residential,203.5,201.4,316.0,26.5,9.8,0
LZ-GAS-004839,commercial,441.9,463.8,115.0,26.4,12.2,0
LZ-GAS-004840,residential,120.5,119.4,171.0,11.7,8.2,0
LZ-GAS-004841,industrial,1541.4,1312.7,67.0,35.7,9.0,0
LZ-GAS-004842,residential,101.0,95.7,131.0,17.0,9.6,0
LZ-GAS-004843,commercial,421.4,421.1,109.0,53.8,11.8,0
LZ-GAS-004844,residential,130.5,128.6,192.0,75.6,21.8,0
LZ-GAS-004845,industrial,1971.8,1809.8,163.0,23.8,20.7,0
LZ-GAS-004846,residential,268.0,288.5,480.0,20.7,10.8,0
LZ-GAS-004847,industrial,1287.1,1537.8,95.0,41.7,14.5,0
LZ-GAS-004848,residential,179.8,185.2,284.0,9.2,16.0,0
LZ-GAS-004849,residential,197.2,196.1,310.0,11.3,10.4,0
LZ-GAS-004850,residential,28.4,28.0,0.0,14.2,12.6,0
LZ-GAS-004851,residential,22.6,22.8,0.0,66.3,19.7,0
LZ-GAS-004852,residential,181.4,197.4,316.0,40.2,21.4,0
LZ-GAS-004853,residential,57.7,57.6,58.0,63.0,20.1,0
LZ-GAS-004854,residential,133.3,114.8,166.0,66.6,26.9,0
LZ-GAS-004855,residential,26.0,26.6,0.0,24.1,15.2,0
LZ-GAS-004856,commercial,374.4,359.9,70.0,14.0,18.0,0
LZ-GAS-004857,residential,112.0,120.9,175.0,4.8,12.1,0
LZ-GAS-004858,residential,103.8,216.5,350.0,58.7,20.6,1
LZ-GAS-004859,residential,295.3,280.1,465.0,43.1,11.5,0
LZ-GAS-004860,industrial,1698.8,1674.9,129.0,68.1,21.5,0
LZ-GAS-004861,residential,240.4,243.8,392.0,52.5,15.7,0
LZ-GAS-004862,industrial,4171.9,2251.0,208.0,13.6,16.9,1
LZ-GAS-004863,residential,143.3,127.0,180.0,38.8,13.5,0
LZ-GAS-004864,residential,124.2,122.6,181.0,32.4,2.8,0
LZ-GAS-004865,industrial,2207.6,2198.7,179.0,9.6,10.3,0
LZ-GAS-004866,residential,32.1,33.4,17.0,11.3,12.8,0
LZ-GAS-004867,commercial,682.2,657.9,200.0,56.4,15.5,0
LZ-GAS-004868,residential,63.3,62.4,66.0,52.9,22.7,0
LZ-GAS-004869,residential,158.4,166.3,253.0,33.6,7.8,0
LZ-GAS-004870,residential,285.1,291.9,480.0,10.0,9.7,0
LZ-GAS-004871,residential,40.5,49.9,45.0,20.6,10.3,0
LZ-GAS-004872,residential,250.2,254.0,420.0,35.1,16.3,0
LZ-GAS-004873,industrial,1438.8,1451.7,68.0,59.1,22.8,0
LZ-GAS-004874,residential,103.3,117.1,168.0,33.2,10.9,0
LZ-GAS-004875,residential,406.9,210.2,341.0,60.4,25.1,1
LZ-GAS-004876,residential,166.1,173.6,275.0,29.2,10.8,0
LZ-GAS-004877,residential,518.5,223.2,362.0,48.2,18.6,1
LZ-GAS-004878,residential,234.8,230.6,382.0,59.9,28.0,0
LZ-GAS-004879,residential,112.6,120.6,175.0,33.5,9.8,0
LZ-GAS-004880,residential,95.6,103.1,144.0,37.5,15.7,0
LZ-GAS-004881,residential,193.3,187.9,291.0,4.3,15.0,0
LZ-GAS-004882,residential,184.8,178.3,276.0,9.0,14.5,0
LZ-GAS-004883,residential,230.4,260.0,428.0,54.5,16.2,0
LZ-GAS-004884,commercial,131.0,145.8,0.0,7.7,4.8,0
LZ-GAS-004885,residential,218.9,210.2,341.0,15.1,12.5,0
LZ-GAS-004886,residential,170.1,175.2,275.0,38.8,12.4,0
LZ-GAS-004887,residential,129.3,121.9,174.0,74.2,24.9,0
LZ-GAS-004888,residential,82.4,81.4,109.0,79.8,19.2,0
LZ-GAS-004889,industrial,1729.8,1592.9,111.0,62.0,24.6,0
LZ-GAS-004890,residential,90.3,83.5,112.0,28.9,5.2,0
LZ-GAS-004891,residential,238.3,256.5,416.0,14.2,10.2,0
LZ-GAS-004892,residential,149.0,142.2,215.0,32.6,17.6,0
LZ-GAS-004893,commercial,595.9,592.1,178.0,5.0,3.9,0
LZ-GAS-004894,commercial,710.4,706.5,219.0,22.8,3.9,0
LZ-GAS-004895,residential,184.9,179.6,284.0,56.6,13.8,0
LZ-GAS-004896,commercial,953.6,911.0,308.0,49.5,8.8,0
LZ-GAS-004897,residential,119.6,141.0,211.0,74.4,30.0,0
LZ-GAS-004898,commercial,639.5,619.4,187.0,25.1,2.7,0
LZ-GAS-004899,residential,84.2,86.3,114.0,33.4,7.9,0
LZ-GAS-004900,residential,154.2,141.9,207.0,58.8,22.3,0
LZ-GAS-004901,residential,152.2,132.2,195.0,20.1,11.2,0
LZ-GAS-004902,residential,97.1,97.3,134.0,19.2,15.9,0
LZ-GAS-004903,residential,121.6,123.1,173.0,78.3,30.0,0
LZ-GAS-004904,residential,236.0,229.9,371.0,27.8,15.2,0
LZ-GAS-004905,residential,192.2,199.8,313.0,70.1,23.2,0
LZ-GAS-004906,industrial,2690.4,2465.2,248.0,32.2,11.2,0
LZ-GAS-004907,residential,235.1,225.4,365.0,71.9,23.0,0
LZ-GAS-004908,residential,148.9,151.3,228.0,66.3,27.3,0
LZ-GAS-004909,residential,206.3,224.3,360.0,23.4,14.9,0
LZ-GAS-004910,residential,151.9,140.2,211.0,4.0,10.1,0
LZ-GAS-004911,commercial,1187.9,1160.8,397.0,53.2,10.9,0
LZ-GAS-004912,residential,194.3,177.8,282.0,27.3,9.0,0
LZ-GAS-004913,residential,107.6,121.8,174.0,26.4,9.1,0
LZ-GAS-004914,residential,62.1,59.1,63.0,57.2,17.6,0
LZ-GAS-004915,industrial,2334.7,2374.8,230.0,32.9,8.9,0
LZ-GAS-004916,residential,146.8,152.3,232.0,22.1,14.9,0
LZ-GAS-004917,residential,73.2,70.8,75.0,68.9,28.5,0
LZ-GAS-004918,commercial,270.3,616.3,186.0,63.7,30.0,1
LZ-GAS-004919,industrial,1654.9,1662.0,138.0,64.6,19.5,0
LZ-GAS-004920,commercial,720.9,790.7,248.0,26.1,12.0,0
LZ-GAS-004921,residential,54.9,53.6,51.0,78.2,26.0,0
LZ-GAS-004922,residential,134.6,141.9,211.0,40.8,16.1,0
LZ-GAS-004923,residential,282.8,277.2,456.0,25.2,8.1,0
LZ-GAS-004924,commercial,1088.1,1015.7,337.0,11.1,12.7,0
LZ-GAS-004925,commercial,711.2,672.8,210.0,64.8,12.1,0
LZ-GAS-004926,residential,261.8,248.7,408.0,56.4,17.7,0
LZ-GAS-004927,residential,140.7,117.8,166.0,74.9,15.2,0
LZ-GAS-004928,commercial,902.6,941.4,319.0,7.5,11.0,0
LZ-GAS-004929,residential,153.4,164.0,252.0,4.4,0.1,0
LZ-GAS-004930,residential,117.1,109.9,159.0,71.2,18.0,0
LZ-GAS-004931,industrial,2692.3,2657.4,277.0,20.2,11.0,0
LZ-GAS-004932,industrial,3665.2,4075.1,480.0,26.5,7.4,0
LZ-GAS-004933,commercial,401.5,384.6,105.0,10.2,9.8,0
LZ-GAS-004934,residential,93.4,81.8,102.0,40.1,14.1,0
LZ-GAS-004935,residential,229.0,256.5,430.0,16.5,19.9,0
LZ-GAS-004936,residential,103.7,102.3,132.0,4.8,1.1,0
LZ-GAS-004937,residential,127.5,136.8,199.0,76.3,21.0,0
LZ-GAS-004938,residential,125.4,113.9,156.0,11.1,11.6,0
LZ-GAS-004939,commercial,1156.2,488.7,119.0,29.4,13.9,1
LZ-GAS-004940,commercial,885.4,826.9,275.0,16.0,12.2,0
LZ-GAS-004941,industrial,695.6,1461.4,86.0,65.9,21.0,1
LZ-GAS-004942,residential,66.3,68.2,82.0,62.5,26.3,0
LZ-GAS-004943,residential,116.3,126.1,182.0,73.5,26.1,0
LZ-GAS-004944,residential,204.8,180.1,283.0,38.0,22.1,0
LZ-GAS-004945,residential,234.2,244.3,397.0,62.9,14.9,0
LZ-GAS-004946,industrial,2136.7,2227.1,210.0,64.9,23.5,0
LZ-GAS-004947,commercial,922.2,976.1,331.0,67.1,21.6,0
LZ-GAS-004948,residential,249.2,237.2,389.0,12.5,11.1,0
LZ-GAS-004949,residential,169.0,174.5,274.0,39.2,11.1,0
LZ-GAS-004950,commercial,981.8,938.9,321.0,52.4,23.1,0
LZ-GAS-004951,commercial,618.1,627.1,188.0,24.5,5.4,0
LZ-GAS-004952,commercial,198.8,210.3,10.0,62.8,26.1,0
LZ-GAS-004953,residential,181.2,199.9,314.0,50.9,21.5,0
LZ-GAS-004954,residential,56.4,61.7,70.0,64.2,13.0,0
LZ-GAS-004955,residential,149.9,183.8,286.0,59.6,22.9,0
LZ-GAS-004956,industrial,1471.5,1545.1,109.0,34.9,5.0,0
LZ-GAS-004957,residential,65.8,63.1,64.0,9.3,11.1,0
LZ-GAS-004958,residential,141.4,134.3,199.0,19.3,2.8,0
LZ-GAS-004959,residential,55.2,51.8,52.0,39.6,15.5,0
LZ-GAS-004960,residential,138.4,147.8,224.0,76.2,23.7,0
LZ-GAS-004961,residential,117.1,131.0,190.0,16.6,2.0,0
LZ-GAS-004962,commercial,633.5,626.3,186.0,65.3,13.0,0
LZ-GAS-004963,residential,244.0,250.3,408.0,20.5,13.6,0
LZ-GAS-004964,residential,207.5,199.8,318.0,47.0,15.3,0
LZ-GAS-004965,residential,129.3,130.1,183.0,72.1,29.5,0
LZ-GAS-004966,residential,206.3,201.9,318.0,35.9,14.7,0
LZ-GAS-004967,commercial,769.1,819.8,265.0,17.6,24.2,0
LZ-GAS-004968,residential,124.0,120.4,172.0,24.8,13.1,0
LZ-GAS-004969,residential,49.3,53.2,43.0,59.7,29.8,0
LZ-GAS-004970,residential,105.6,92.8,122.0,53.6,21.2,0
LZ-GAS-004971,industrial,3853.7,3925.3,463.0,50.2,19.0,0
LZ-GAS-004972,residential,141.9,144.6,221.0,17.0,13.0,0
LZ-GAS-004973,industrial,2640.6,2829.0,286.0,60.4,17.3,0
LZ-GAS-004974,residential,244.9,261.4,432.0,67.1,19.6,0
LZ-GAS-004975,residential,93.4,91.7,122.0,37.0,23.6,0
LZ-GAS-004976,industrial,3704.7,3350.5,352.0,22.0,10.6,0
LZ-GAS-004977,industrial,845.9,838.4,0.0,48.6,12.4,0
LZ-GAS-004978,residential,71.7,72.7,83.0,62.9,24.3,0
LZ-GAS-004979,commercial,163.9,173.2,0.0,36.4,10.9,0
LZ-GAS-004980,residential,135.9,138.6,212.0,44.9,17.7,0
LZ-GAS-004981,residential,76.3,142.4,216.0,59.8,26.7,1
LZ-GAS-004982,commercial,461.9,458.7,120.0,73.4,30.0,0
LZ-GAS-004983,residential,95.8,96.7,131.0,6.4,16.8,0
LZ-GAS-004984,residential,298.2,288.2,480.0,55.1,25.7,0
LZ-GAS-004985,residential,163.3,170.4,266.0,5.1,10.7,0
LZ-GAS-004986,commercial,2079.6,853.1,282.0,21.5,14.2,1
LZ-GAS-004987,residential,38.0,82.1,100.0,54.5,21.2,1
LZ-GAS-004988,residential,79.0,88.7,113.0,14.0,9.4,0
LZ-GAS-004989,commercial,709.5,741.7,239.0,53.2,30.0,0
LZ-GAS-004990,residential,113.9,120.2,173.0,62.6,21.4,0
LZ-GAS-004991,residential,125.0,129.6,192.0,54.5,28.2,0
LZ-GAS-004992,residential,109.9,124.5,177.0,65.9,22.0,0
LZ-GAS-004993,residential,22.4,22.0,0.0,48.8,24.4,0
LZ-GAS-004994,residential,152.3,170.1,262.0,40.2,1.9,0
LZ-GAS-004995,commercial,858.0,770.6,242.0,78.9,26.7,0
LZ-GAS-004996,industrial,2921.5,2723.6,285.0,27.3,9.9,0
LZ-GAS-004997,residential,201.1,191.2,304.0,13.8,17.5,0
LZ-GAS-004998,residential,278.5,271.5,447.0,39.6,23.6,0
LZ-GAS-004999,residential,110.0,111.6,163.0,46.9,14.8,0
LZ-GAS-005000,residential,173.5,156.1,241.0,29.0,13.1,0
LZ-GAS-005001,industrial,3373.1,3316.3,388.0,76.2,29.9,0
LZ-GAS-005002,residential,119.9,117.7,167.0,26.6,14.4,0
LZ-GAS-005003,residential,217.7,222.0,362.0,14.9,10.5,0
LZ-GAS-005004,residential,101.8,107.8,152.0,42.9,21.9,0
LZ-GAS-005005,residential,106.9,107.1,157.0,17.8,4.2,0
LZ-GAS-005006,residential,58.2,65.5,76.0,50.2,26.9,0
LZ-GAS-005007,residential,117.2,135.3,197.0,23.3,14.4,0
LZ-GAS-005008,residential,283.1,289.7,480.0,29.3,0.0,0
LZ-GAS-005009,residential,251.8,275.1,450.0,54.9,15.5,0
LZ-GAS-005010,residential,141.0,144.2,227.0,54.4,19.5,0
LZ-GAS-005011,residential,162.8,173.9,281.0,3.8,18.7,0
LZ-GAS-005012,residential,254.4,228.1,363.0,45.2,17.6,0
LZ-GAS-005013,commercial,346.3,375.2,79.0,45.3,10.2,0
LZ-GAS-005014,residential,112.9,111.3,162.0,28.8,20.4,0
LZ-GAS-005015,commercial,690.8,650.1,191.0,29.6,15.8,0
LZ-GAS-005016,residential,22.1,25.9,0.0,48.5,18.5,0
LZ-GAS-005017,residential,95.3,88.5,114.0,62.6,27.3,0
LZ-GAS-005018,residential,99.2,100.2,135.0,62.5,20.1,0
LZ-GAS-005019,residential,127.0,121.3,172.0,67.6,22.8,0
LZ-GAS-005020,industrial,2314.7,2159.5,187.0,42.6,22.2,0
LZ-GAS-005021,commercial,452.9,183.9,0.0,20.6,13.9,1
LZ-GAS-005022,industrial,2938.7,2690.9,270.0,58.6,26.0,0
LZ-GAS-005023,residential,108.3,107.5,149.0,13.1,7.9,0
LZ-GAS-005024,commercial,794.0,836.5,273.0,1.6,15.4,0
LZ-GAS-005025,commercial,957.1,874.0,289.0,11.1,2.2,0
LZ-GAS-005026,residential,124.1,128.9,190.0,4.3,0.7,0
LZ-GAS-005027,industrial,4142.1,3779.7,441.0,33.8,17.5,0
LZ-GAS-005028,commercial,210.1,190.0,0.0,31.7,12.9,0
LZ-GAS-005029,residential,142.5,138.0,206.0,77.2,26.9,0
LZ-GAS-005030,residential,249.5,146.3,221.0,68.2,23.8,1
LZ-GAS-005031,residential,237.9,245.6,395.0,66.2,22.3,0
LZ-GAS-005032,residential,134.6,138.1,199.0,58.9,16.0,0
LZ-GAS-005033,residential,179.4,179.8,281.0,14.5,11.7,0
LZ-GAS-005034,residential,155.0,152.8,235.0,12.4,16.3,0
LZ-GAS-005035,commercial,1337.5,1338.3,474.0,65.6,18.8,0
LZ-GAS-005036,commercial,642.6,560.8,168.0,61.0,30.0,0
LZ-GAS-005037,residential,77.9,80.9,96.0,3.9,15.4,0
LZ-GAS-005038,residential,105.9,108.4,147.0,33.2,10.7,0
LZ-GAS-005039,commercial,858.8,808.9,265.0,21.6,16.1,0
LZ-GAS-005040,commercial,1086.5,1123.5,394.0,44.3,12.2,0
LZ-GAS-005041,residential,24.5,22.9,0.0,36.2,15.0,0
LZ-GAS-005042,residential,54.3,50.1,45.0,37.3,10.5,0
LZ-GAS-005043,residential,224.4,238.9,393.0,49.7,16.4,0
LZ-GAS-005044,residential,102.8,108.5,157.0,61.9,12.8,0
LZ-GAS-005045,industrial,1654.5,1665.5,116.0,71.2,23.6,0
LZ-GAS-005046,residential,109.4,107.3,152.0,38.8,11.1,0
LZ-GAS-005047,commercial,394.7,410.7,97.0,30.2,9.7,0
LZ-GAS-005048,residential,60.8,64.5,73.0,68.4,13.9,0
LZ-GAS-005049,industrial,2019.8,2285.5,222.0,1.9,7.3,0
LZ-GAS-005050,commercial,443.2,451.1,112.0,61.6,30.0,0
LZ-GAS-005051,residential,274.6,260.7,432.0,4.3,5.9,0
LZ-GAS-005052,residential,26.6,25.9,0.0,23.6,11.8,0
LZ-GAS-005053,commercial,822.5,843.3,280.0,73.8,19.4,0
LZ-GAS-005054,residential,104.7,93.3,120.0,24.9,10.5,0
LZ-GAS-005055,commercial,1146.9,1197.2,427.0,3.9,3.3,0
LZ-GAS-005056,residential,75.9,72.4,84.0,10.1,1.3,0
LZ-GAS-005057,residential,183.4,178.5,276.0,76.5,21.3,0
LZ-GAS-005058,residential,251.4,256.2,421.0,32.8,12.2,0
LZ-GAS-005059,residential,196.6,178.0,283.0,29.5,15.5,0
LZ-GAS-005060,industrial,1840.1,1793.8,130.0,72.4,23.0,0
LZ-GAS-005061,residential,126.9,125.2,187.0,67.9,25.0,0
LZ-GAS-005062,residential,156.1,155.5,236.0,19.8,18.0,0
LZ-GAS-005063,residential,260.2,241.9,400.0,9.6,13.6,0
LZ-GAS-005064,residential,159.6,150.0,229.0,71.6,22.4,0
LZ-GAS-005065,industrial,2922.0,2777.4,291.0,30.5,5.3,0
LZ-GAS-005066,residential,62.4,61.1,68.0,36.8,14.8,0
LZ-GAS-005067,commercial,799.6,707.8,219.0,12.6,10.1,0
LZ-GAS-005068,residential,242.8,230.6,372.0,32.9,19.8,0
LZ-GAS-005069,residential,115.5,121.4,175.0,71.5,25.1,0
LZ-GAS-005070,residential,103.9,106.7,148.0,72.7,30.0,0
LZ-GAS-005071,commercial,628.9,587.2,162.0,15.2,8.7,0
LZ-GAS-005072,residential,222.5,224.4,360.0,51.4,22.7,0
LZ-GAS-005073,residential,188.4,178.0,277.0,11.3,4.8,0
LZ-GAS-005074,commercial,841.0,802.5,263.0,40.5,11.6,0
LZ-GAS-005075,residential,79.9,87.0,117.0,62.8,20.7,0
LZ-GAS-005076,residential,25.6,23.6,0.0,20.7,12.7,0
LZ-GAS-005077,residential,232.9,217.5,347.0,47.1,21.7,0
LZ-GAS-005078,industrial,1904.9,1904.2,154.0,15.6,0.0,0
LZ-GAS-005079,residential,213.7,202.8,321.0,22.4,17.7,0
LZ-GAS-005080,commercial,818.9,826.5,278.0,51.2,26.8,0
LZ-GAS-005081,residential,104.2,95.4,135.0,27.0,20.0,0
LZ-GAS-005082,residential,58.4,63.1,69.0,17.4,15.1,0
LZ-GAS-005083,residential,203.7,201.3,330.0,25.7,12.3,0
LZ-GAS-005084,residential,23.4,24.2,0.0,61.0,24.5,0
LZ-GAS-005085,residential,21.1,21.6,0.0,33.4,21.3,0
LZ-GAS-005086,commercial,1318.0,1168.8,412.0,48.1,13.6,0
LZ-GAS-005087,industrial,1739.3,1594.3,103.0,20.8,15.0,0
LZ-GAS-005088,residential,150.9,151.0,234.0,49.9,21.5,0
LZ-GAS-005089,commercial,996.8,1029.8,348.0,3.4,6.6,0
LZ-GAS-005090,residential,308.0,289.5,480.0,4.6,16.6,0
LZ-GAS-005091,residential,63.7,67.9,79.0,17.4,7.3,0
LZ-GAS-005092,residential,119.4,125.7,187.0,63.2,17.3,0
LZ-GAS-005093,residential,190.8,202.8,327.0,14.0,9.7,0
LZ-GAS-005094,commercial,686.5,673.3,208.0,33.6,11.7,0
LZ-GAS-005095,residential,85.9,85.4,107.0,79.5,30.0,0
LZ-GAS-005096,residential,190.5,207.2,332.0,18.6,2.8,0
LZ-GAS-005097,commercial,147.9,154.3,0.0,11.7,2.8,0
LZ-GAS-005098,industrial,2986.2,2959.6,337.0,22.1,13.5,0
LZ-GAS-005099,residential,138.3,136.9,203.0,42.6,20.8,0
LZ-GAS-005100,residential,147.5,139.2,209.0,71.8,18.4,0
LZ-GAS-005101,commercial,478.5,478.9,120.0,2.5,13.5,0
LZ-GAS-005102,residential,125.0,123.2,177.0,42.5,7.4,0
LZ-GAS-005103,industrial,3109.8,3198.4,345.0,1.4,11.9,0
LZ-GAS-005104,residential,158.1,159.7,241.0,79.3,21.8,0
LZ-GAS-005105,residential,244.1,221.3,354.0,36.5,13.1,0
LZ-GAS-005106,commercial,895.7,865.3,284.0,54.1,28.9,0
LZ-GAS-005107,residential,113.9,108.4,159.0,20.6,11.2,0
LZ-GAS-005108,residential,117.1,121.4,173.0,37.9,12.6,0
LZ-GAS-005109,residential,128.7,144.9,215.0,65.9,24.0,0
LZ-GAS-005110,residential,102.4,108.5,150.0,9.4,18.1,0
LZ-GAS-005111,residential,232.5,236.4,389.0,17.2,11.0,0
LZ-GAS-005112,residential,62.9,58.3,59.0,24.3,8.6,0
LZ-GAS-005113,residential,268.1,263.5,430.0,65.7,23.8,0
LZ-GAS-005114,residential,88.7,90.7,118.0,72.0,18.1,0
LZ-GAS-005115,residential,76.7,75.9,94.0,60.0,17.9,0
LZ-GAS-005116,residential,137.7,133.5,205.0,19.6,8.4,0
LZ-GAS-005117,commercial,275.5,267.8,42.0,25.3,15.9,0
LZ-GAS-005118,residential,280.3,261.2,423.0,58.8,18.6,0
LZ-GAS-005119,residential,262.5,256.1,420.0,35.6,17.6,0
LZ-GAS-005120,commercial,1080.7,1139.4,394.0,27.8,19.0,0
LZ-GAS-005121,residential,240.8,264.3,436.0,79.7,30.0,0
LZ-GAS-005122,residential,212.2,226.1,370.0,20.5,3.0,0
LZ-GAS-005123,residential,29.5,27.6,0.0,62.4,21.6,0
LZ-GAS-005124,residential,209.4,188.2,295.0,14.1,4.1,0
LZ-GAS-005125,residential,88.0,91.2,116.0,73.0,27.7,0
LZ-GAS-005126,residential,227.3,201.1,320.0,22.8,13.2,0
LZ-GAS-005127,residential,120.5,117.8,173.0,73.7,24.7,0
LZ-GAS-005128,residential,111.3,110.9,151.0,56.8,17.8,0
LZ-GAS-005129,residential,20.1,73.8,90.0,69.9,18.9,1
LZ-GAS-005130,residential,175.3,181.3,283.0,50.9,10.5,0
LZ-GAS-005131,residential,219.6,218.1,350.0,8.3,13.2,0
LZ-GAS-005132,residential,63.8,64.1,68.0,31.8,13.2,0
LZ-GAS-005133,residential,140.9,167.3,257.0,78.3,26.0,0
LZ-GAS-005134,residential,171.4,174.6,267.0,9.9,10.3,0
LZ-GAS-005135,residential,146.1,131.4,194.0,42.6,20.9,0
LZ-GAS-005136,commercial,669.2,634.3,183.0,41.7,26.1,0
LZ-GAS-005137,commercial,1033.8,1071.4,362.0,34.9,14.1,0
LZ-GAS-005138,residential,435.2,232.9,379.0,22.5,15.2,1
LZ-GAS-005139,commercial,868.1,893.5,304.0,24.7,4.3,0
LZ-GAS-005140,commercial,940.5,898.3,300.0,16.3,8.4,0
LZ-GAS-005141,residential,193.8,196.4,307.0,21.0,8.0,0
LZ-GAS-005142,commercial,464.7,505.8,134.0,3.0,3.9,0
LZ-GAS-005143,residential,136.2,137.0,200.0,59.9,27.0,0
LZ-GAS-005144,commercial,606.9,693.4,214.0,71.5,24.7,0
LZ-GAS-005145,residential,69.0,70.7,90.0,17.6,11.0,0
LZ-GAS-005146,commercial,840.9,915.7,312.0,4.6,7.8,0
LZ-GAS-005147,commercial,1344.0,1246.6,453.0,30.7,12.8,0
LZ-GAS-005148,residential,248.6,280.7,472.0,8.6,7.3,0
LZ-GAS-005149,commercial,613.8,607.6,180.0,34.1,11.6,0
LZ-GAS-005150,residential,114.4,108.5,148.0,20.4,8.7,0
LZ-GAS-005151,residential,87.5,83.8,105.0,46.1,15.6,0
LZ-GAS-005152,residential,173.7,189.1,297.0,59.3,20.2,0
LZ-GAS-005153,commercial,597.2,664.3,199.0,70.1,14.5,0
LZ-GAS-005154,residential,237.3,221.7,359.0,57.3,20.9,0
LZ-GAS-005155,residential,64.0,65.6,68.0,66.2,22.6,0
LZ-GAS-005156,residential,304.4,153.0,230.0,79.6,28.2,1
LZ-GAS-005157,residential,96.9,98.8,132.0,32.1,8.7,0
LZ-GAS-005158,residential,152.5,154.3,243.0,12.5,4.7,0
LZ-GAS-005159,residential,122.4,126.5,181.0,13.6,13.6,0
LZ-GAS-005160,residential,26.7,27.3,0.0,37.2,12.0,0
LZ-GAS-005161,commercial,792.8,937.1,316.0,55.5,22.5,0
LZ-GAS-005162,residential,134.5,140.4,216.0,66.5,19.5,0
LZ-GAS-005163,residential,157.1,153.9,231.0,13.3,3.6,0
LZ-GAS-005164,residential,126.0,132.9,198.0,41.9,9.5,0
LZ-GAS-005165,residential,70.1,72.2,87.0,6.1,4.7,0
LZ-GAS-005166,industrial,2393.2,2256.3,213.0,45.8,15.3,0
LZ-GAS-005167,industrial,2738.1,2894.2,310.0,69.2,17.5,0
LZ-GAS-005168,industrial,3765.2,3578.0,424.0,27.6,20.2,0
LZ-GAS-005169,residential,165.4,156.0,237.0,54.2,19.9,0
LZ-GAS-005170,commercial,566.7,536.3,141.0,50.6,14.5,0
LZ-GAS-005171,residential,233.6,223.4,361.0,53.1,26.9,0
LZ-GAS-005172,residential,115.9,123.3,183.0,14.6,14.0,0
LZ-GAS-005173,residential,113.7,122.6,179.0,40.8,12.7,0
LZ-GAS-005174,residential,149.0,139.5,209.0,4.4,2.3,0
LZ-GAS-005175,residential,185.5,183.4,289.0,33.0,13.6,0
LZ-GAS-005176,industrial,1469.5,1270.9,54.0,4.3,10.9,0
LZ-GAS-005177,residential,160.9,147.9,224.0,77.2,18.6,0
LZ-GAS-005178,commercial,695.7,666.4,203.0,27.7,18.9,0
LZ-GAS-005179,residential,111.5,109.7,154.0,19.8,9.3,0
LZ-GAS-005180,residential,255.5,256.8,426.0,72.2,28.4,0
LZ-GAS-005181,residential,30.5,30.1,8.0,34.6,14.2,0
LZ-GAS-005182,residential,137.7,140.1,206.0,40.9,18.9,0
LZ-GAS-005183,residential,155.1,155.3,236.0,69.4,26.8,0
LZ-GAS-005184,residential,162.1,155.6,237.0,41.8,23.1,0
LZ-GAS-005185,residential,258.1,250.5,400.0,31.4,10.6,0
LZ-GAS-005186,residential,26.2,25.7,0.0,59.0,30.0,0
LZ-GAS-005187,residential,110.2,121.0,167.0,24.1,6.0,0
LZ-GAS-005188,industrial,1346.0,1479.1,98.0,12.1,10.8,0
LZ-GAS-005189,commercial,223.0,236.7,29.0,57.4,24.0,0
LZ-GAS-005190,commercial,419.9,477.4,133.0,39.8,16.4,0
LZ-GAS-005191,residential,154.6,166.9,262.0,79.8,30.0,0
LZ-GAS-005192,commercial,554.4,580.9,173.0,43.7,9.2,0
LZ-GAS-005193,residential,696.2,276.6,458.0,71.7,24.0,1
LZ-GAS-005194,residential,32.1,33.6,15.0,3.4,12.1,0
LZ-GAS-005195,residential,146.5,163.3,253.0,1.9,6.8,0
LZ-GAS-005196,residential,160.8,161.9,249.0,28.1,7.9,0
LZ-GAS-005197,residential,135.7,147.8,226.0,66.8,23.8,0
LZ-GAS-005198,residential,184.9,184.2,293.0,38.0,16.7,0
LZ-GAS-005199,commercial,544.0,596.3,180.0,48.8,13.6,0
LZ-GAS-005200,residential,169.0,176.4,277.0,29.0,20.1,0
LZ-GAS-005201,residential,132.8,127.0,181.0,27.6,10.6,0
LZ-GAS-005202,commercial,473.8,506.8,151.0,26.4,7.8,0
LZ-GAS-005203,residential,202.6,78.5,95.0,22.7,12.5,1
LZ-GAS-005204,residential,121.7,113.7,159.0,2.9,3.8,0
LZ-GAS-005205,residential,175.9,192.3,306.0,54.1,18.9,0
LZ-GAS-005206,industrial,2085.9,1919.0,151.0,24.7,13.6,0
LZ-GAS-005207,residential,219.8,196.0,306.0,73.5,22.6,0
LZ-GAS-005208,residential,131.0,127.9,190.0,47.2,21.0,0
LZ-GAS-005209,residential,160.6,143.1,214.0,12.5,10.9,0
LZ-GAS-005210,commercial,1211.0,1084.2,380.0,23.5,18.2,0
LZ-GAS-005211,commercial,299.2,333.7,66.0,14.5,5.0,0
LZ-GAS-005212,commercial,1275.0,670.5,205.0,60.4,21.7,1
LZ-GAS-005213,commercial,957.5,972.9,331.0,20.2,12.6,0
LZ-GAS-005214,residential,179.3,182.6,289.0,44.7,18.9,0
LZ-GAS-005215,residential,177.2,169.6,265.0,34.7,4.6,0
LZ-GAS-005216,residential,293.1,244.5,395.0,29.4,8.4,0
LZ-GAS-005217,residential,115.5,116.6,161.0,69.3,25.3,0
LZ-GAS-005218,commercial,804.6,743.7,233.0,41.0,19.4,0
LZ-GAS-005219,residential,257.2,270.3,443.0,24.8,12.7,0
LZ-GAS-005220,residential,66.4,63.3,71.0,13.6,10.6,0
LZ-GAS-005221,industrial,2917.4,2748.8,290.0,23.9,18.3,0
LZ-GAS-005222,residential,173.4,188.2,296.0,15.2,8.4,0
LZ-GAS-005223,residential,157.8,170.8,261.0,53.1,15.8,0
LZ-GAS-005224,residential,190.3,176.7,275.0,59.5,28.6,0
LZ-GAS-005225,industrial,1618.5,1542.5,114.0,47.7,21.3,0
LZ-GAS-005226,residential,169.4,159.4,241.0,56.9,19.8,0
LZ-GAS-005227,residential,161.7,143.1,207.0,59.9,17.8,0
LZ-GAS-005228,commercial,828.2,830.6,269.0,45.9,25.7,0
LZ-GAS-005229,residential,169.4,154.7,242.0,15.1,8.8,0
LZ-GAS-005230,residential,282.0,276.7,457.0,51.2,15.1,0
LZ-GAS-005231,residential,213.7,221.4,350.0,1.9,13.1,0
LZ-GAS-005232,residential,284.0,288.4,480.0,38.1,8.6,0
LZ-GAS-005233,commercial,1083.4,1027.8,351.0,12.9,8.8,0
LZ-GAS-005234,residential,171.0,177.8,279.0,55.8,23.4,0
LZ-GAS-005235,commercial,525.5,951.8,319.0,53.4,18.3,1
LZ-GAS-005236,residential,233.6,236.3,392.0,26.5,10.4,0
LZ-GAS-005237,residential,96.2,91.1,123.0,46.8,20.2,0
LZ-GAS-005238,residential,46.6,43.4,35.0,56.9,14.6,0
LZ-GAS-005239,residential,49.3,49.6,43.0,40.9,15.5,0
LZ-GAS-005240,industrial,2993.3,2992.9,321.0,20.4,15.0,0
LZ-GAS-005241,industrial,1936.1,2013.4,181.0,9.0,3.2,0
LZ-GAS-005242,residential,119.4,127.7,188.0,69.7,30.0,0
LZ-GAS-005243,commercial,780.4,735.6,239.0,7.0,7.1,0
LZ-GAS-005244,commercial,1020.9,946.6,325.0,15.9,10.0,0
LZ-GAS-005245,residential,116.6,120.1,175.0,62.4,19.6,0
LZ-GAS-005246,residential,102.8,92.6,122.0,4.0,10.2,0
LZ-GAS-005247,commercial,603.2,592.7,162.0,11.5,6.9,0
LZ-GAS-005248,industrial,2714.3,2960.5,321.0,29.7,14.9,0
LZ-GAS-005249,industrial,2056.8,2164.7,201.0,12.1,15.6,0
LZ-GAS-005250,residential,200.6,190.0,300.0,3.3,13.3,0
LZ-GAS-005251,residential,187.7,214.4,353.0,62.0,14.4,0
LZ-GAS-005252,residential,136.8,130.8,190.0,13.8,16.4,0
LZ-GAS-005253,residential,96.9,92.9,120.0,73.1,22.2,0
LZ-GAS-005254,industrial,1390.2,1272.4,68.0,3.9,8.8,0
LZ-GAS-005255,residential,99.7,109.6,156.0,21.9,12.3,0
LZ-GAS-005256,commercial,460.3,425.5,92.0,45.7,19.2,0
LZ-GAS-005257,residential,174.7,160.9,247.0,8.0,5.4,0
LZ-GAS-005258,industrial,1164.4,1232.5,57.0,38.3,18.8,0
LZ-GAS-005259,residential,164.0,157.2,243.0,39.0,21.1,0
LZ-GAS-005260,commercial,617.5,608.9,169.0,48.0,15.5,0
LZ-GAS-005261,residential,183.7,200.7,320.0,74.1,24.8,0
LZ-GAS-005262,commercial,379.7,364.9,82.0,32.7,18.5,0
LZ-GAS-005263,residential,153.5,153.8,233.0,72.7,29.8,0
LZ-GAS-005264,residential,181.2,199.0,310.0,17.5,12.4,0
LZ-GAS-005265,residential,33.7,32.8,18.0,52.3,20.7,0
LZ-GAS-005266,commercial,785.2,786.9,264.0,34.3,17.3,0
LZ-GAS-005267,industrial,2074.3,1980.7,149.0,62.1,20.2,0
LZ-GAS-005268,commercial,439.1,424.8,102.0,41.7,18.4,0
LZ-GAS-005269,residential,108.4,42.6,28.0,68.3,22.1,1
LZ-GAS-005270,residential,61.0,150.9,226.0,12.4,7.7,1
LZ-GAS-005271,industrial,1641.9,1729.7,142.0,21.1,0.0,0
LZ-GAS-005272,residential,121.8,115.3,170.0,43.6,8.4,0
LZ-GAS-005273,residential,203.1,197.9,310.0,50.8,20.9,0
LZ-GAS-005274,commercial,171.9,171.0,0.0,30.3,17.6,0
LZ-GAS-005275,residential,218.0,206.6,329.0,64.3,24.6,0
LZ-GAS-005276,residential,286.2,286.8,480.0,30.3,14.4,0
LZ-GAS-005277,residential,167.9,140.4,207.0,74.7,23.5,0
LZ-GAS-005278,commercial,546.2,566.4,166.0,74.5,27.7,0
LZ-GAS-005279,residential,137.6,134.0,202.0,3.4,5.2,0
LZ-GAS-005280,commercial,875.6,984.9,329.0,51.3,19.1,0
LZ-GAS-005281,industrial,4186.5,4067.2,480.0,68.8,30.0,0
LZ-GAS-005282,residential,81.6,86.2,112.0,4.0,0.5,0
LZ-GAS-005283,residential,22.6,27.1,0.0,59.1,18.1,0
LZ-GAS-005284,industrial,2413.1,2447.7,253.0,46.6,16.7,0
LZ-GAS-005285,residential,145.6,139.8,205.0,41.4,7.2,0
LZ-GAS-005286,residential,129.4,135.1,195.0,21.9,5.9,0
LZ-GAS-005287,commercial,644.0,638.1,187.0,58.8,26.2,0
LZ-GAS-005288,residential,23.8,24.4,0.0,17.6,13.2,0
LZ-GAS-005289,residential,164.3,162.9,254.0,14.6,9.2,0
LZ-GAS-005290,commercial,411.1,476.6,123.0,28.0,19.7,0
LZ-GAS-005291,residential,165.9,160.8,251.0,79.3,21.2,0
LZ-GAS-005292,residential,101.3,109.5,153.0,32.5,23.8,0
LZ-GAS-005293,residential,44.2,79.3,100.0,11.4,8.8,1
LZ-GAS-005294,commercial,174.1,177.0,0.0,32.0,11.3,0
LZ-GAS-005295,commercial,1180.5,1121.6,391.0,61.2,26.9,0
LZ-GAS-005296,residential,126.7,135.2,204.0,49.9,21.3,0
LZ-GAS-005297,residential,162.8,167.4,259.0,57.4,21.6,0
LZ-GAS-005298,commercial,1364.9,1165.1,410.0,66.1,22.2,0
LZ-GAS-005299,residential,192.6,174.7,278.0,23.3,3.2,0
LZ-GAS-005300,residential,169.6,162.7,245.0,27.8,3.0,0
LZ-GAS-005301,residential,25.2,24.5,0.0,68.6,23.4,0
LZ-GAS-005302,industrial,3478.0,3224.9,360.0,30.6,18.6,0
LZ-GAS-005303,commercial,948.3,976.0,326.0,41.0,12.6,0
LZ-GAS-005304,residential,61.1,66.1,72.0,66.7,23.3,0
LZ-GAS-005305,commercial,197.3,199.4,20.0,50.3,11.1,0
LZ-GAS-005306,residential,164.2,173.4,263.0,73.0,17.1,0
LZ-GAS-005307,residential,138.2,133.8,192.0,1.2,6.2,0
LZ-GAS-005308,residential,222.7,242.3,397.0,49.6,22.0,0
LZ-GAS-005309,residential,51.2,51.3,46.0,40.8,20.1,0
LZ-GAS-005310,residential,138.6,138.8,205.0,32.9,20.3,0
LZ-GAS-005311,residential,199.8,185.2,295.0,23.7,8.2,0
LZ-GAS-005312,residential,180.0,174.4,271.0,30.1,12.9,0
LZ-GAS-005313,commercial,316.0,318.5,56.0,65.4,26.4,0
LZ-GAS-005314,commercial,264.1,278.9,32.0,38.1,10.7,0
LZ-GAS-005315,residential,120.5,105.8,155.0,17.6,9.1,0
LZ-GAS-005316,industrial,4017.6,3992.7,480.0,55.5,20.0,0
LZ-GAS-005317,residential,86.1,83.9,111.0,65.6,22.5,0
LZ-GAS-005318,industrial,2006.6,2004.2,155.0,32.5,18.6,0
LZ-GAS-005319,commercial,956.4,942.9,324.0,10.4,10.9,0
LZ-GAS-005320,residential,166.3,171.9,271.0,59.6,18.9,0
LZ-GAS-005321,residential,259.3,236.6,388.0,55.3,8.6,0
LZ-GAS-005322,commercial,540.4,486.1,127.0,55.5,23.9,0
LZ-GAS-005323,commercial,491.9,493.1,129.0,1.1,11.3,0
LZ-GAS-005324,commercial,1024.8,948.3,318.0,9.6,11.1,0
LZ-GAS-005325,residential,44.9,125.4,184.0,77.3,27.2,1
LZ-GAS-005326,residential,144.7,141.3,212.0,44.3,19.4,0
LZ-GAS-005327,residential,78.3,69.5,84.0,20.8,17.3,0
LZ-GAS-005328,industrial,1675.6,1592.2,115.0,4.0,4.6,0
LZ-GAS-005329,industrial,1473.6,1589.9,114.0,38.1,15.4,0
LZ-GAS-005330,residential,104.5,96.4,134.0,25.9,7.7,0
LZ-GAS-005331,residential,102.2,96.7,123.0,12.4,8.2,0
LZ-GAS-005332,residential,123.1,120.1,173.0,51.0,14.9,0
LZ-GAS-005333,industrial,2138.0,1996.8,169.0,14.4,5.7,0
LZ-GAS-005334,residential,374.0,216.7,350.0,75.8,15.3,1
LZ-GAS-005335,industrial,3914.5,3725.6,438.0,18.6,10.3,0
LZ-GAS-005336,residential,227.7,122.2,171.0,71.1,28.9,1
LZ-GAS-005337,residential,266.7,254.6,411.0,28.4,0.0,0
LZ-GAS-005338,commercial,972.0,832.9,275.0,23.4,18.2,0
LZ-GAS-005339,commercial,158.1,178.1,0.0,60.7,21.1,0
LZ-GAS-005340,commercial,788.9,802.1,248.0,40.4,12.9,0
LZ-GAS-005341,residential,35.5,39.7,31.0,11.2,10.4,0
LZ-GAS-005342,residential,215.5,218.7,352.0,67.2,21.7,0
LZ-GAS-005343,industrial,1740.2,1905.9,147.0,44.0,16.7,0
LZ-GAS-005344,residential,249.8,250.8,413.0,45.5,24.5,0
LZ-GAS-005345,commercial,1055.6,1136.8,393.0,30.2,14.5,0
LZ-GAS-005346,residential,101.4,105.1,151.0,66.0,24.4,0
LZ-GAS-005347,commercial,377.1,406.1,90.0,49.2,17.1,0
LZ-GAS-005348,residential,242.6,220.5,350.0,5.9,6.7,0
LZ-GAS-005349,residential,78.8,79.3,103.0,70.8,19.3,0
LZ-GAS-005350,residential,139.1,137.7,203.0,45.3,16.8,0
LZ-GAS-005351,residential,209.4,214.6,339.0,21.8,7.7,0
LZ-GAS-005352,residential,133.5,133.0,198.0,3.3,12.5,0
LZ-GAS-005353,industrial,2768.8,2884.8,305.0,3.3,5.7,0
LZ-GAS-005354,industrial,3891.3,3875.3,459.0,9.8,12.1,0
LZ-GAS-005355,residential,150.0,164.1,258.0,20.6,17.6,0
LZ-GAS-005356,commercial,978.9,908.8,304.0,42.2,21.6,0
LZ-GAS-005357,residential,104.7,106.0,141.0,18.1,7.2,0
LZ-GAS-005358,commercial,173.5,178.2,0.0,63.1,30.0,0
LZ-GAS-005359,residential,163.0,156.9,235.0,42.1,7.2,0
LZ-GAS-005360,commercial,675.3,659.7,218.0,34.3,21.6,0
LZ-GAS-005361,residential,194.8,180.8,284.0,34.3,2.2,0
LZ-GAS-005362,residential,133.4,141.7,221.0,19.2,6.4,0
LZ-GAS-005363,residential,94.3,98.5,138.0,43.0,16.4,0
LZ-GAS-005364,residential,95.0,102.4,140.0,18.6,7.2,0
LZ-GAS-005365,residential,130.5,151.5,225.0,25.8,2.1,0
LZ-GAS-005366,residential,77.5,80.2,102.0,40.8,8.9,0
LZ-GAS-005367,residential,45.7,50.5,41.0,50.8,20.0,0
LZ-GAS-005368,residential,163.4,161.2,248.0,26.2,4.1,0
LZ-GAS-005369,commercial,585.9,684.9,212.0,57.7,23.6,0
LZ-GAS-005370,commercial,867.5,846.8,287.0,28.6,18.8,0
LZ-GAS-005371,industrial,1844.5,1764.5,147.0,73.2,30.0,0
LZ-GAS-005372,residential,120.4,132.4,198.0,11.9,10.2,0
LZ-GAS-005373,residential,83.0,79.1,99.0,46.2,17.3,0
LZ-GAS-005374,residential,116.7,119.2,165.0,28.4,11.1,0
LZ-GAS-005375,residential,209.9,205.6,322.0,36.4,28.7,0
LZ-GAS-005376,residential,256.7,264.7,432.0,9.3,14.3,0
LZ-GAS-005377,residential,101.4,124.2,180.0,27.0,15.9,0
LZ-GAS-005378,residential,161.5,175.5,272.0,15.1,11.4,0
LZ-GAS-005379,residential,105.2,95.2,123.0,54.1,24.9,0
LZ-GAS-005380,residential,40.2,39.2,31.0,62.0,12.1,0
LZ-GAS-005381,residential,100.2,103.9,144.0,62.9,26.0,0
LZ-GAS-005382,residential,127.0,128.4,185.0,73.0,21.4,0
LZ-GAS-005383,residential,120.1,120.2,177.0,30.6,2.3,0
LZ-GAS-005384,residential,93.6,90.9,114.0,51.2,24.3,0
LZ-GAS-005385,industrial,2519.3,2480.3,238.0,76.5,21.4,0
LZ-GAS-005386,residential,217.4,223.1,359.0,40.0,18.2,0
LZ-GAS-005387,residential,114.7,106.9,148.0,41.6,12.8,0
LZ-GAS-005388,residential,179.2,170.9,267.0,52.5,17.2,0
LZ-GAS-005389,commercial,835.6,877.5,288.0,2.4,14.6,0
LZ-GAS-005390,residential,209.4,212.2,342.0,67.9,24.6,0
LZ-GAS-005391,residential,176.2,188.3,299.0,33.3,16.3,0
LZ-GAS-005392,residential,212.8,212.3,341.0,60.4,13.4,0
LZ-GAS-005393,residential,136.1,151.9,226.0,10.6,13.1,0
LZ-GAS-005394,commercial,306.3,299.1,56.0,39.4,12.7,0
LZ-GAS-005395,residential,84.7,70.5,80.0,45.5,19.7,0
LZ-GAS-005396,residential,119.1,115.0,160.0,61.8,16.5,0
LZ-GAS-005397,residential,75.0,76.3,94.0,47.7,19.8,0
LZ-GAS-005398,residential,84.2,90.7,121.0,49.8,21.2,0
LZ-GAS-005399,residential,115.2,131.6,192.0,74.0,17.3,0
LZ-GAS-005400,residential,123.0,140.8,213.0,21.7,13.0,0
LZ-GAS-005401,commercial,514.2,551.5,165.0,35.9,10.6,0
LZ-GAS-005402,commercial,774.5,824.6,260.0,70.5,29.8,0
LZ-GAS-005403,residential,287.0,275.1,460.0,36.5,17.0,0
LZ-GAS-005404,residential,68.8,74.9,93.0,47.3,18.1,0
LZ-GAS-005405,residential,99.7,104.8,148.0,40.4,30.0,0
LZ-GAS-005406,residential,60.4,63.6,71.0,77.9,29.6,0
LZ-GAS-005407,residential,234.4,224.1,359.0,54.3,17.7,0
LZ-GAS-005408,residential,200.5,203.8,327.0,61.8,25.8,0
LZ-GAS-005409,residential,52.7,51.8,50.0,2.6,8.1,0
LZ-GAS-005410,industrial,2833.0,2719.5,277.0,31.6,20.6,0
LZ-GAS-005411,commercial,297.4,271.2,42.0,59.8,16.1,0
LZ-GAS-005412,residential,173.4,172.2,266.0,13.5,19.1,0
LZ-GAS-005413,commercial,705.2,725.6,220.0,62.4,19.1,0
LZ-GAS-005414,residential,151.0,149.6,225.0,73.7,22.6,0
LZ-GAS-005415,residential,30.6,28.7,0.0,60.9,17.7,0
LZ-GAS-005416,industrial,2489.5,2517.6,242.0,57.8,19.0,0
LZ-GAS-005417,industrial,2807.0,2516.0,242.0,22.0,21.0,0
LZ-GAS-005418,residential,245.3,230.8,384.0,9.7,9.4,0
LZ-GAS-005419,commercial,709.3,733.1,234.0,75.1,19.5,0
LZ-GAS-005420,residential,146.5,144.0,213.0,33.7,13.7,0
LZ-GAS-005421,commercial,457.1,473.6,130.0,72.1,25.3,0
LZ-GAS-005422,residential,185.3,181.8,286.0,53.4,24.1,0
LZ-GAS-005423,residential,214.1,203.7,322.0,74.5,23.1,0
LZ-GAS-005424,residential,196.8,199.3,313.0,2.0,7.5,0
LZ-GAS-005425,residential,221.7,208.5,333.0,64.0,30.0,0
LZ-GAS-005426,residential,112.0,134.4,199.0,59.1,20.2,0
LZ-GAS-005427,industrial,1195.1,1205.8,43.0,45.0,17.9,0
LZ-GAS-005428,residential,146.2,146.8,229.0,13.0,3.4,0
LZ-GAS-005429,commercial,999.1,1147.4,402.0,16.3,14.8,0
LZ-GAS-005430,industrial,3198.8,3278.8,376.0,74.3,22.4,0
LZ-GAS-005431,commercial,461.1,499.1,135.0,31.2,23.0,0
LZ-GAS-005432,residential,273.2,285.5,479.0,60.2,27.1,0
LZ-GAS-005433,residential,441.9,237.7,394.0,78.1,29.6,1
LZ-GAS-005434,residential,227.8,203.7,326.0,18.2,8.1,0
LZ-GAS-005435,residential,74.5,79.2,97.0,5.3,5.7,0
LZ-GAS-005436,commercial,844.5,921.7,307.0,2.8,4.9,0
LZ-GAS-005437,residential,222.3,209.0,340.0,34.5,15.1,0
LZ-GAS-005438,residential,307.8,287.3,480.0,66.0,20.8,0
LZ-GAS-005439,residential,121.5,114.6,167.0,64.0,19.4,0
LZ-GAS-005440,residential,114.3,128.5,187.0,47.2,18.4,0
LZ-GAS-005441,residential,233.3,231.3,372.0,0.2,6.0,0
LZ-GAS-005442,commercial,1073.6,1067.5,367.0,19.7,9.1,0
LZ-GAS-005443,residential,226.6,209.7,334.0,11.9,13.6,0
LZ-GAS-005444,residential,111.2,115.7,159.0,12.5,14.4,0
LZ-GAS-005445,residential,106.0,102.8,142.0,10.6,6.0,0
LZ-GAS-005446,residential,132.4,164.9,255.0,2.8,17.4,0
LZ-GAS-005447,residential,170.0,182.0,282.0,40.3,18.0,0
LZ-GAS-005448,residential,204.0,207.5,337.0,27.3,19.0,0
LZ-GAS-005449,residential,89.2,95.1,132.0,28.2,22.4,0
LZ-GAS-005450,residential,39.7,38.2,24.0,22.1,4.6,0
LZ-GAS-005451,commercial,1011.1,1072.9,361.0,63.3,24.4,0
LZ-GAS-005452,commercial,658.3,672.3,211.0,23.2,16.4,0
LZ-GAS-005453,commercial,695.3,672.7,205.0,12.6,15.2,0
LZ-GAS-005454,residential,210.0,212.1,343.0,22.6,15.6,0
LZ-GAS-005455,commercial,243.1,290.4,42.0,19.9,16.0,0
LZ-GAS-005456,residential,143.5,146.8,220.0,27.7,5.6,0
LZ-GAS-005457,industrial,2052.8,2066.9,179.0,30.4,9.0,0
LZ-GAS-005458,residential,66.9,178.3,281.0,18.2,13.5,1
LZ-GAS-005459,commercial,686.2,694.9,217.0,50.3,8.6,0
LZ-GAS-005460,commercial,947.7,891.6,307.0,12.4,6.5,0
LZ-GAS-005461,residential,56.8,56.3,61.0,72.7,23.3,0
LZ-GAS-005462,commercial,586.3,592.6,169.0,70.7,25.6,0
LZ-GAS-005463,industrial,1661.9,1441.5,113.0,39.5,20.4,0
LZ-GAS-005464,residential,216.4,224.8,358.0,58.4,21.9,0
LZ-GAS-005465,residential,248.2,233.6,383.0,17.1,6.3,0
LZ-GAS-005466,residential,147.4,154.5,234.0,23.3,7.2,0
LZ-GAS-005467,residential,201.6,199.1,311.0,72.7,26.3,0
LZ-GAS-005468,residential,124.8,127.2,196.0,37.9,18.5,0
LZ-GAS-005469,residential,106.6,100.6,143.0,59.3,22.8,0
LZ-GAS-005470,residential,240.8,241.0,396.0,65.0,23.0,0
LZ-GAS-005471,residential,155.4,141.0,211.0,56.1,20.7,0
LZ-GAS-005472,commercial,1151.7,1143.5,395.0,36.2,8.3,0
LZ-GAS-005473,residential,284.1,292.7,480.0,30.4,13.6,0
LZ-GAS-005474,industrial,2827.1,1367.1,77.0,4.8,11.1,1
LZ-GAS-005475,residential,202.5,191.6,298.0,69.2,17.8,0
LZ-GAS-005476,residential,292.9,125.7,184.0,55.4,22.1,1
LZ-GAS-005477,industrial,2232.1,2659.9,275.0,5.0,10.8,0
LZ-GAS-005478,residential,43.0,26.9,0.0,66.7,30.0,1
LZ-GAS-005479,residential,189.4,188.7,301.0,22.8,11.5,0
LZ-GAS-005480,industrial,1632.7,1563.4,117.0,68.1,21.9,0
LZ-GAS-005481,industrial,2701.5,2685.3,262.0,12.0,3.1,0
LZ-GAS-005482,residential,183.1,179.5,280.0,1.8,1.1,0
LZ-GAS-005483,residential,417.8,206.5,330.0,68.7,15.3,1
LZ-GAS-005484,residential,136.8,150.3,227.0,71.1,15.0,0
LZ-GAS-005485,residential,158.1,166.6,265.0,39.5,19.4,0
LZ-GAS-005486,residential,126.0,130.1,189.0,73.1,24.3,0
LZ-GAS-005487,residential,46.5,47.4,34.0,7.2,9.4,0
LZ-GAS-005488,residential,93.2,106.3,148.0,12.0,1.2,0
LZ-GAS-005489,residential,127.5,115.8,163.0,77.7,15.5,0
LZ-GAS-005490,commercial,676.2,622.3,183.0,75.2,16.1,0
LZ-GAS-005491,residential,186.6,162.2,245.0,55.6,28.0,0
LZ-GAS-005492,residential,168.4,166.0,254.0,26.8,18.4,0
LZ-GAS-005493,residential,238.1,218.0,359.0,57.1,13.7,0
LZ-GAS-005494,residential,278.7,287.9,475.0,0.0,6.6,0
LZ-GAS-005495,residential,81.6,79.2,95.0,28.4,14.0,0
LZ-GAS-005496,residential,156.7,155.2,244.0,68.2,18.3,0
LZ-GAS-005497,commercial,787.5,848.5,280.0,18.3,7.5,0
LZ-GAS-005498,residential,131.2,133.5,194.0,10.3,13.4,0
LZ-GAS-005499,commercial,943.6,947.0,311.0,39.3,19.5,0
LZ-GAS-005500,residential,22.1,23.7,0.0,53.9,24.0,0
LZ-GAS-005501,commercial,991.1,961.2,310.0,24.9,14.0,0
LZ-GAS-005502,commercial,1171.3,665.0,199.0,65.4,23.1,1
LZ-GAS-005503,commercial,167.0,181.8,0.0,72.6,26.8,0
LZ-GAS-005504,residential,141.7,131.6,192.0,17.3,9.7,0
LZ-GAS-005505,residential,299.6,283.6,468.0,30.8,22.2,0
LZ-GAS-005506,residential,140.8,143.4,212.0,66.8,24.0,0
LZ-GAS-005507,commercial,1373.7,1318.0,480.0,40.2,18.9,0
LZ-GAS-005508,residential,297.9,290.3,480.0,59.7,20.7,0
LZ-GAS-005509,commercial,764.2,821.2,264.0,25.1,9.1,0
LZ-GAS-005510,residential,136.0,134.5,188.0,65.4,22.3,0
LZ-GAS-005511,residential,195.4,198.7,314.0,66.8,21.2,0
LZ-GAS-005512,residential,125.3,250.7,411.0,62.0,17.7,1
LZ-GAS-005513,commercial,1154.0,1260.7,454.0,70.3,27.8,0
LZ-GAS-005514,residential,163.2,174.5,271.0,31.3,23.9,0
LZ-GAS-005515,residential,228.6,89.0,117.0,41.3,17.9,1
LZ-GAS-005516,residential,228.3,253.8,421.0,64.6,21.8,0
LZ-GAS-005517,residential,23.6,22.5,0.0,57.8,17.1,0
LZ-GAS-005518,residential,133.9,134.0,199.0,42.9,9.6,0
LZ-GAS-005519,residential,168.7,154.1,236.0,2.8,9.9,0
LZ-GAS-005520,residential,203.2,188.7,292.0,17.4,13.4,0
LZ-GAS-005521,residential,105.7,110.6,152.0,36.3,11.3,0
LZ-GAS-005522,residential,171.2,161.0,247.0,60.2,21.6,0
LZ-GAS-005523,residential,235.3,215.7,343.0,72.4,20.1,0
LZ-GAS-005524,residential,161.4,153.2,234.0,78.9,30.0,0
LZ-GAS-005525,commercial,475.6,457.4,122.0,30.8,14.5,0
LZ-GAS-005526,residential,502.3,202.0,328.0,77.3,27.7,1
LZ-GAS-005527,residential,186.5,162.7,250.0,30.5,22.3,0
LZ-GAS-005528,residential,78.3,83.2,104.0,14.5,0.0,0
LZ-GAS-005529,residential,109.2,103.0,138.0,74.3,26.8,0
LZ-GAS-005530,residential,274.4,276.7,467.0,8.5,9.7,0
LZ-GAS-005531,residential,125.1,137.1,207.0,38.1,14.3,0
LZ-GAS-005532,industrial,2986.4,2830.9,297.0,62.0,21.8,0
LZ-GAS-005533,commercial,664.4,580.1,168.0,50.1,24.9,0
LZ-GAS-005534,residential,148.7,135.7,209.0,68.1,20.0,0
LZ-GAS-005535,residential,174.0,147.5,223.0,42.5,13.7,0
LZ-GAS-005536,commercial,624.6,570.1,165.0,35.6,23.7,0
LZ-GAS-005537,commercial,1093.3,975.9,326.0,27.0,18.1,0
LZ-GAS-005538,residential,434.0,222.9,364.0,49.9,21.2,1
LZ-GAS-005539,commercial,1012.0,1002.0,333.0,45.2,21.6,0
LZ-GAS-005540,residential,122.1,120.7,178.0,40.7,16.9,0
LZ-GAS-005541,residential,109.2,109.8,148.0,54.4,18.4,0
LZ-GAS-005542,residential,24.8,24.9,0.0,40.5,15.7,0
LZ-GAS-005543,residential,231.3,228.2,366.0,55.5,21.7,0
LZ-GAS-005544,residential,127.7,128.4,189.0,40.0,14.0,0
LZ-GAS-005545,industrial,1195.0,1294.9,74.0,62.0,14.0,0
LZ-GAS-005546,commercial,935.3,397.9,83.0,16.3,9.6,1
LZ-GAS-005547,residential,238.4,205.7,330.0,28.8,14.9,0
LZ-GAS-005548,residential,145.4,132.7,192.0,24.4,11.8,0
LZ-GAS-005549,residential,60.1,202.0,325.0,70.3,27.2,1
LZ-GAS-005550,residential,173.9,161.8,252.0,46.5,19.4,0
LZ-GAS-005551,residential,107.7,216.1,348.0,75.3,29.9,1
LZ-GAS-005552,commercial,714.1,825.5,261.0,44.6,18.1,0
LZ-GAS-005553,residential,24.7,24.0,0.0,74.9,24.2,0
LZ-GAS-005554,residential,231.4,250.2,401.0,59.1,24.0,0
LZ-GAS-005555,residential,69.6,60.9,65.0,71.5,28.6,0
LZ-GAS-005556,industrial,3907.8,3752.9,421.0,23.9,10.2,0
LZ-GAS-005557,residential,173.1,158.0,247.0,79.6,22.0,0
LZ-GAS-005558,residential,84.3,95.9,130.0,24.0,18.9,0
LZ-GAS-005559,commercial,575.2,585.1,163.0,59.9,18.8,0
LZ-GAS-005560,residential,104.0,95.2,123.0,49.6,20.6,0
LZ-GAS-005561,residential,158.8,175.6,275.0,28.4,11.2,0
LZ-GAS-005562,residential,214.1,191.4,294.0,8.3,9.5,0
LZ-GAS-005563,residential,57.0,55.6,59.0,3.6,14.1,0
LZ-GAS-005564,residential,25.7,25.7,0.0,0.9,14.9,0
LZ-GAS-005565,residential,284.4,243.7,392.0,44.1,11.0,0
LZ-GAS-005566,residential,170.4,179.4,277.0,44.9,10.5,0
LZ-GAS-005567,industrial,1340.4,1313.1,59.0,8.7,0.0,0
LZ-GAS-005568,residential,220.4,223.8,357.0,3.1,10.0,0
LZ-GAS-005569,residential,218.8,232.8,380.0,1.6,14.4,0
LZ-GAS-005570,residential,214.1,185.9,289.0,46.4,19.2,0
LZ-GAS-005571,residential,160.2,184.0,294.0,60.3,20.0,0
LZ-GAS-005572,residential,112.2,111.2,160.0,71.9,28.4,0
LZ-GAS-005573,residential,29.0,27.3,0.0,37.5,11.1,0
LZ-GAS-005574,residential,181.3,203.0,320.0,59.4,24.4,0
LZ-GAS-005575,residential,94.4,94.0,126.0,19.0,17.7,0
LZ-GAS-005576,residential,283.0,287.0,480.0,3.9,13.4,0
LZ-GAS-005577,residential,118.0,121.0,175.0,46.1,21.4,0
LZ-GAS-005578,commercial,840.4,894.0,301.0,26.0,10.4,0
LZ-GAS-005579,residential,117.9,99.7,130.0,32.1,12.8,0
LZ-GAS-005580,residential,53.9,53.1,42.0,9.2,4.2,0
LZ-GAS-005581,residential,115.6,111.9,161.0,55.3,29.3,0
LZ-GAS-005582,residential,235.7,289.9,480.0,70.7,30.0,0
LZ-GAS-005583,commercial,685.0,739.1,230.0,59.4,20.9,0
LZ-GAS-005584,residential,24.2,26.3,0.0,10.9,8.7,0
LZ-GAS-005585,residential,214.1,224.4,361.0,21.7,12.9,0
LZ-GAS-005586,residential,230.5,235.9,380.0,15.7,7.0,0
LZ-GAS-005587,residential,98.3,88.3,123.0,79.3,28.7,0
LZ-GAS-005588,commercial,732.3,751.9,241.0,31.1,16.6,0
LZ-GAS-005589,residential,150.9,148.7,227.0,11.8,11.4,0
LZ-GAS-005590,commercial,500.5,480.0,127.0,65.1,22.9,0
LZ-GAS-005591,commercial,951.2,733.5,238.0,17.0,0.0,0
LZ-GAS-005592,industrial,979.3,1013.7,23.0,6.3,6.9,0
LZ-GAS-005593,residential,171.1,174.4,273.0,29.7,6.8,0
LZ-GAS-005594,residential,258.8,221.3,355.0,2.9,0.0,0
LZ-GAS-005595,residential,94.5,89.6,116.0,36.7,26.5,0
LZ-GAS-005596,residential,187.0,194.5,312.0,34.9,12.6,0
LZ-GAS-005597,industrial,3010.3,2933.5,326.0,25.0,11.6,0
LZ-GAS-005598,residential,92.5,186.3,299.0,44.5,15.9,1
LZ-GAS-005599,residential,228.9,251.0,413.0,63.0,17.9,0
LZ-GAS-005600,residential,141.9,148.1,226.0,27.3,21.0,0
LZ-GAS-005601,commercial,419.2,479.4,128.0,21.7,2.6,0
LZ-GAS-005602,residential,225.8,206.9,328.0,50.9,21.3,0
LZ-GAS-005603,residential,95.0,187.1,294.0,33.6,11.8,1
LZ-GAS-005604,residential,25.7,26.8,0.0,20.7,17.7,0
LZ-GAS-005605,residential,145.9,154.9,235.0,75.7,29.3,0
LZ-GAS-005606,residential,97.0,95.8,127.0,16.8,10.8,0
LZ-GAS-005607,residential,122.1,123.8,176.0,31.9,6.9,0
LZ-GAS-005608,industrial,2774.7,2516.4,237.0,23.3,15.9,0
LZ-GAS-005609,residential,289.3,262.8,423.0,64.7,27.2,0
LZ-GAS-005610,residential,150.8,178.5,279.0,53.1,22.7,0
LZ-GAS-005611,residential,100.8,99.4,137.0,72.7,23.0,0
LZ-GAS-005612,residential,103.4,105.1,152.0,21.6,14.7,0
LZ-GAS-005613,residential,154.4,165.7,252.0,66.0,18.9,0
LZ-GAS-005614,commercial,847.2,870.4,277.0,53.4,20.8,0
LZ-GAS-005615,industrial,4068.4,4027.0,480.0,9.0,10.3,0
LZ-GAS-005616,residential,81.3,80.5,102.0,20.0,10.1,0
LZ-GAS-005617,residential,101.3,106.8,152.0,67.1,18.1,0
LZ-GAS-005618,residential,180.2,217.6,350.0,34.8,13.8,0
LZ-GAS-005619,residential,113.2,119.1,180.0,12.9,5.1,0
LZ-GAS-005620,commercial,716.2,786.7,248.0,10.4,2.9,0
LZ-GAS-005621,residential,34.8,31.7,15.0,23.3,17.2,0
LZ-GAS-005622,residential,37.6,33.2,13.0,51.8,18.4,0
LZ-GAS-005623,residential,196.7,200.8,313.0,10.8,6.4,0
LZ-GAS-005624,residential,69.3,72.7,93.0,12.5,6.8,0
LZ-GAS-005625,residential,205.1,202.5,324.0,68.3,25.4,0
LZ-GAS-005626,residential,124.3,112.2,162.0,21.1,9.9,0
LZ-GAS-005627,commercial,796.0,801.7,265.0,54.5,16.3,0
LZ-GAS-005628,residential,216.5,235.4,379.0,66.7,24.2,0
LZ-GAS-005629,commercial,512.3,484.0,121.0,59.8,21.8,0
LZ-GAS-005630,residential,81.4,93.9,123.0,50.2,14.3,0
LZ-GAS-005631,residential,205.0,231.2,373.0,36.0,9.9,0
LZ-GAS-005632,residential,147.9,149.1,227.0,56.3,26.7,0
LZ-GAS-005633,industrial,2199.6,2250.7,205.0,29.3,12.1,0
LZ-GAS-005634,residential,209.1,213.7,340.0,61.1,27.4,0
LZ-GAS-005635,residential,84.4,80.1,97.0,55.8,23.1,0
LZ-GAS-005636,residential,167.6,145.3,220.0,9.1,8.1,0
LZ-GAS-005637,residential,64.3,59.5,61.0,0.6,5.1,0
LZ-GAS-005638,residential,55.0,52.4,52.0,53.1,27.5,0
LZ-GAS-005639,industrial,3041.7,2806.0,309.0,38.1,12.5,0
LZ-GAS-005640,industrial,3660.1,3517.2,381.0,48.6,16.4,0
LZ-GAS-005641,residential,184.1,161.6,248.0,53.2,15.4,0
LZ-GAS-005642,industrial,1134.9,1129.2,35.0,37.5,14.8,0
LZ-GAS-005643,residential,147.5,137.5,207.0,10.5,4.2,0
LZ-GAS-005644,commercial,906.0,820.6,266.0,46.4,18.3,0
LZ-GAS-005645,residential,149.2,145.0,220.0,23.2,5.8,0
LZ-GAS-005646,residential,246.8,232.2,374.0,40.1,18.8,0
LZ-GAS-005647,residential,91.7,92.4,117.0,2.3,8.4,0
LZ-GAS-005648,residential,173.0,169.2,264.0,76.8,26.4,0
LZ-GAS-005649,industrial,1783.8,1999.9,178.0,14.6,6.8,0
LZ-GAS-005650,residential,141.2,141.6,212.0,79.4,30.0,0
LZ-GAS-005651,residential,123.5,123.8,179.0,63.4,30.0,0
LZ-GAS-005652,residential,178.7,182.1,287.0,30.8,13.2,0
LZ-GAS-005653,commercial,285.5,320.8,67.0,45.2,13.7,0
LZ-GAS-005654,residential,115.0,126.9,184.0,17.5,13.7,0
LZ-GAS-005655,residential,163.3,172.7,268.0,1.0,5.4,0
LZ-GAS-005656,residential,210.2,209.2,335.0,39.5,16.7,0
LZ-GAS-005657,industrial,2969.6,3211.4,362.0,5.6,10.7,0
LZ-GAS-005658,residential,152.2,161.0,247.0,14.2,3.0,0
LZ-GAS-005659,residential,242.1,228.7,371.0,5.2,11.0,0
LZ-GAS-005660,residential,253.9,236.7,388.0,44.2,12.0,0
LZ-GAS-005661,residential,140.5,139.1,207.0,53.4,13.3,0
LZ-GAS-005662,residential,615.0,287.5,478.0,76.9,23.5,1
LZ-GAS-005663,industrial,1640.6,3664.5,421.0,19.5,18.2,1
LZ-GAS-005664,residential,129.0,126.9,186.0,67.0,19.8,0
LZ-GAS-005665,residential,148.9,140.4,208.0,47.0,20.2,0
LZ-GAS-005666,industrial,1867.4,1849.5,163.0,1.1,1.8,0
LZ-GAS-005667,residential,149.6,139.4,208.0,29.2,16.5,0
LZ-GAS-005668,residential,172.2,169.8,269.0,78.4,27.3,0
LZ-GAS-005669,commercial,803.5,822.6,258.0,58.5,26.4,0
LZ-GAS-005670,industrial,4564.1,2014.7,172.0,53.6,20.4,1
LZ-GAS-005671,commercial,878.5,873.9,286.0,56.0,20.2,0
LZ-GAS-005672,residential,243.3,232.9,379.0,76.6,16.1,0
LZ-GAS-005673,residential,216.7,212.5,340.0,43.1,18.5,0
LZ-GAS-005674,residential,184.1,194.9,308.0,10.9,12.8,0
LZ-GAS-005675,residential,155.2,123.4,180.0,4.0,8.1,0
LZ-GAS-005676,commercial,644.0,599.7,184.0,45.4,18.4,0
LZ-GAS-005677,residential,276.2,264.2,438.0,14.2,12.4,0
LZ-GAS-005678,commercial,706.5,733.8,229.0,74.8,29.1,0
LZ-GAS-005679,residential,84.5,95.6,126.0,78.1,21.2,0
LZ-GAS-005680,residential,220.5,211.2,340.0,45.2,17.1,0
LZ-GAS-005681,commercial,1346.7,1216.0,436.0,48.9,20.5,0
LZ-GAS-005682,residential,42.4,41.3,30.0,10.4,10.0,0
LZ-GAS-005683,residential,274.9,263.6,436.0,64.9,17.6,0
LZ-GAS-005684,residential,80.4,79.3,97.0,34.1,4.9,0
LZ-GAS-005685,residential,186.7,204.6,334.0,60.3,22.8,0
LZ-GAS-005686,commercial,779.9,721.6,233.0,34.3,18.2,0
LZ-GAS-005687,residential,106.9,106.5,145.0,64.2,30.0,0
LZ-GAS-005688,industrial,1663.2,1568.3,101.0,9.7,10.6,0
LZ-GAS-005689,industrial,1890.9,1666.1,92.0,77.9,21.3,0
LZ-GAS-005690,commercial,354.3,316.4,63.0,54.8,22.0,0
LZ-GAS-005691,residential,122.2,123.8,175.0,27.6,12.5,0
LZ-GAS-005692,residential,232.2,219.7,353.0,32.9,11.0,0
LZ-GAS-005693,residential,126.2,132.9,190.0,17.2,3.3,0
LZ-GAS-005694,residential,269.5,287.7,472.0,40.8,7.3,0
LZ-GAS-005695,residential,115.8,128.2,191.0,71.6,20.6,0
LZ-GAS-005696,commercial,493.9,491.7,134.0,38.1,13.6,0
LZ-GAS-005697,commercial,774.9,705.9,222.0,26.6,13.1,0
LZ-GAS-005698,residential,285.4,269.2,435.0,37.0,15.4,0
LZ-GAS-005699,commercial,458.9,496.9,128.0,33.3,15.6,0
LZ-GAS-005700,residential,155.1,144.8,222.0,33.9,24.0,0
LZ-GAS-005701,commercial,1966.2,1000.1,352.0,41.3,16.1,1
LZ-GAS-005702,industrial,1157.3,1963.3,158.0,57.5,27.2,1
LZ-GAS-005703,residential,192.8,184.1,288.0,57.4,16.6,0
LZ-GAS-005704,industrial,2327.0,2176.4,201.0,2.2,3.1,0
LZ-GAS-005705,commercial,682.3,657.2,197.0,75.2,22.3,0
LZ-GAS-005706,residential,129.3,134.4,205.0,28.2,4.3,0
LZ-GAS-005707,residential,114.6,129.9,190.0,35.2,23.1,0
LZ-GAS-005708,residential,197.4,201.3,319.0,41.3,17.7,0
LZ-GAS-005709,residential,20.3,36.9,20.0,72.6,27.8,1
LZ-GAS-005710,commercial,290.8,310.1,58.0,3.3,15.4,0
LZ-GAS-005711,residential,117.6,114.0,161.0,67.5,25.2,0
LZ-GAS-005712,residential,36.5,38.0,25.0,54.2,27.7,0
LZ-GAS-005713,residential,70.6,74.9,99.0,42.9,5.2,0
LZ-GAS-005714,commercial,298.7,302.0,65.0,32.3,20.4,0
LZ-GAS-005715,industrial,2189.1,2288.2,204.0,42.9,18.3,0
LZ-GAS-005716,residential,23.8,24.0,2.0,56.1,17.4,0
LZ-GAS-005717,residential,132.3,126.0,181.0,36.1,20.5,0
LZ-GAS-005718,commercial,508.0,491.9,135.0,74.1,24.8,0
LZ-GAS-005719,residential,223.8,218.6,350.0,45.5,14.0,0
LZ-GAS-005720,commercial,244.7,231.6,13.0,36.7,5.7,0
LZ-GAS-005721,residential,35.1,33.0,6.0,72.6,30.0,0
LZ-GAS-005722,residential,31.8,32.8,15.0,2.2,0.0,0
LZ-GAS-005723,industrial,1561.1,1493.5,72.0,72.1,24.5,0
LZ-GAS-005724,commercial,450.4,424.5,99.0,39.0,23.7,0
LZ-GAS-005725,industrial,2681.6,2562.0,291.0,11.1,12.1,0
LZ-GAS-005726,residential,91.0,80.6,110.0,55.6,16.9,0
LZ-GAS-005727,residential,135.4,129.1,187.0,20.2,9.8,0
LZ-GAS-005728,industrial,2242.8,2267.1,196.0,38.3,12.6,0
LZ-GAS-005729,residential,48.8,180.2,283.0,43.0,18.1,1
LZ-GAS-005730,residential,42.4,43.1,33.0,77.6,25.1,0
LZ-GAS-005731,residential,74.1,82.5,107.0,54.5,13.3,0
LZ-GAS-005732,residential,135.6,138.4,209.0,36.2,7.8,0
LZ-GAS-005733,residential,250.6,239.1,385.0,52.1,24.7,0
LZ-GAS-005734,residential,89.0,93.4,125.0,52.4,12.8,0
LZ-GAS-005735,residential,45.4,87.6,116.0,11.9,3.4,1
LZ-GAS-005736,residential,178.6,193.4,304.0,30.6,25.2,0
LZ-GAS-005737,commercial,779.2,703.8,222.0,14.1,5.4,0
LZ-GAS-005738,residential,140.2,141.7,211.0,9.4,1.8,0
LZ-GAS-005739,residential,288.8,268.4,444.0,26.7,7.9,0
LZ-GAS-005740,industrial,1813.8,1694.6,118.0,3.1,10.6,0
LZ-GAS-005741,industrial,2830.3,2886.9,308.0,14.9,6.0,0
LZ-GAS-005742,industrial,3697.3,3733.2,455.0,14.8,9.0,0
LZ-GAS-005743,residential,54.8,112.3,155.0,43.4,5.4,1
LZ-GAS-005744,residential,278.0,290.7,480.0,34.1,11.5,0
LZ-GAS-005745,residential,190.5,194.0,307.0,8.8,8.4,0
LZ-GAS-005746,residential,165.9,165.4,257.0,79.6,26.1,0
LZ-GAS-005747,residential,530.8,248.1,401.0,60.1,28.3,1
LZ-GAS-005748,industrial,2585.8,2420.8,244.0,54.8,22.2,0
LZ-GAS-005749,residential,28.9,25.8,0.0,51.7,4.5,0
LZ-GAS-005750,residential,174.2,163.6,250.0,58.3,12.4,0
LZ-GAS-005751,residential,138.5,133.6,195.0,15.7,5.5,0
LZ-GAS-005752,commercial,270.7,249.4,30.0,58.4,19.1,0
LZ-GAS-005753,residential,61.4,193.7,308.0,29.5,13.6,1
LZ-GAS-005754,commercial,555.1,560.6,147.0,16.2,13.1,0
LZ-GAS-005755,residential,77.6,81.1,105.0,23.4,3.4,0
LZ-GAS-005756,residential,268.1,285.4,480.0,66.3,11.4,0
LZ-GAS-005757,residential,216.6,222.7,365.0,33.0,18.1,0
LZ-GAS-005758,residential,253.1,252.8,414.0,70.2,18.5,0
LZ-GAS-005759,commercial,1140.6,1238.6,446.0,79.6,14.1,0
LZ-GAS-005760,residential,50.3,55.7,53.0,75.2,19.9,0
LZ-GAS-005761,commercial,1237.0,1292.7,457.0,38.5,13.3,0
LZ-GAS-005762,commercial,347.5,362.3,87.0,45.3,11.2,0
LZ-GAS-005763,residential,70.8,68.7,86.0,48.4,12.1,0
LZ-GAS-005764,residential,178.2,169.0,263.0,7.4,12.8,0
LZ-GAS-005765,residential,129.8,121.6,175.0,60.7,15.5,0
LZ-GAS-005766,residential,239.6,263.3,438.0,64.3,23.5,0
LZ-GAS-005767,commercial,585.3,589.9,174.0,16.2,11.0,0
LZ-GAS-005768,residential,195.6,187.8,303.0,27.3,10.9,0
LZ-GAS-005769,commercial,657.2,712.1,218.0,50.8,30.0,0
LZ-GAS-005770,residential,96.9,95.9,124.0,76.5,18.2,0
LZ-GAS-005771,residential,117.8,127.1,185.0,28.8,25.9,0
LZ-GAS-005772,residential,114.3,116.5,165.0,70.4,18.7,0
LZ-GAS-005773,commercial,928.6,767.0,241.0,5.6,5.9,0
LZ-GAS-005774,residential,141.8,138.0,201.0,44.0,18.4,0
LZ-GAS-005775,residential,187.0,208.1,329.0,24.1,17.4,0
LZ-GAS-005776,residential,123.0,127.6,184.0,69.1,26.6,0
LZ-GAS-005777,residential,171.5,168.2,257.0,15.1,7.9,0
LZ-GAS-005778,commercial,1234.9,1191.0,429.0,7.7,6.0,0
LZ-GAS-005779,residential,173.2,181.8,283.0,30.6,19.4,0
LZ-GAS-005780,commercial,1359.3,1322.3,480.0,60.6,28.7,0
LZ-GAS-005781,residential,164.0,155.9,236.0,58.9,17.9,0
LZ-GAS-005782,residential,170.6,169.4,262.0,27.5,18.9,0
LZ-GAS-005783,industrial,5153.4,2854.1,299.0,58.3,23.3,1
LZ-GAS-005784,residential,223.0,229.8,370.0,12.0,10.2,0
LZ-GAS-005785,residential,208.7,202.2,321.0,36.0,9.4,0
LZ-GAS-005786,residential,141.1,144.4,218.0,70.2,17.2,0
LZ-GAS-005787,residential,151.3,137.3,197.0,13.1,11.3,0
LZ-GAS-005788,commercial,687.7,595.9,172.0,19.5,0.0,0
LZ-GAS-005789,commercial,687.4,721.2,222.0,28.9,10.6,0
LZ-GAS-005790,residential,39.1,40.1,28.0,17.2,12.3,0
LZ-GAS-005791,residential,56.4,60.3,66.0,42.6,8.2,0
LZ-GAS-005792,residential,65.4,64.9,75.0,33.7,22.5,0
LZ-GAS-005793,residential,241.7,247.0,403.0,47.7,26.2,0
LZ-GAS-005794,residential,172.8,165.4,255.0,1.6,1.0,0
LZ-GAS-005795,residential,225.6,220.6,353.0,65.2,21.7,0
LZ-GAS-005796,residential,125.8,129.9,192.0,31.8,13.2,0
LZ-GAS-005797,residential,185.4,172.8,264.0,5.5,4.6,0
LZ-GAS-005798,residential,90.9,90.9,116.0,49.7,15.9,0
LZ-GAS-005799,residential,19.3,20.4,0.0,14.1,11.9,0
LZ-GAS-005800,residential,109.8,126.1,189.0,17.3,18.6,0
LZ-GAS-005801,residential,104.7,110.5,157.0,60.6,21.5,0
LZ-GAS-005802,commercial,560.6,523.0,142.0,5.8,7.9,0
LZ-GAS-005803,commercial,285.2,291.0,43.0,75.8,25.6,0
LZ-GAS-005804,residential,202.5,188.1,295.0,19.7,7.4,0
LZ-GAS-005805,residential,185.2,200.5,320.0,48.6,21.2,0
LZ-GAS-005806,residential,179.3,187.3,289.0,9.6,5.9,0
LZ-GAS-005807,commercial,912.0,1021.0,358.0,80.0,21.0,0
LZ-GAS-005808,residential,86.5,87.4,115.0,76.3,28.3,0
LZ-GAS-005809,residential,162.3,186.5,296.0,52.5,9.8,0
LZ-GAS-005810,residential,134.9,141.9,212.0,21.4,8.8,0
LZ-GAS-005811,residential,120.3,113.2,159.0,29.0,11.2,0
LZ-GAS-005812,residential,164.0,147.7,223.0,46.5,16.9,0
LZ-GAS-005813,residential,90.7,80.4,99.0,22.3,3.8,0
LZ-GAS-005814,commercial,1545.3,607.2,178.0,47.0,13.0,1
LZ-GAS-005815,commercial,709.4,721.4,218.0,72.6,23.4,0
LZ-GAS-005816,residential,23.5,23.9,0.0,11.8,11.9,0
LZ-GAS-005817,residential,105.2,250.0,411.0,21.8,10.8,1
LZ-GAS-005818,residential,181.6,215.3,344.0,77.0,24.2,0
LZ-GAS-005819,industrial,3293.7,3012.5,321.0,68.9,19.0,0
LZ-GAS-005820,residential,294.7,267.3,439.0,2.7,6.7,0
LZ-GAS-005821,residential,175.2,193.3,306.0,8.0,0.0,0
LZ-GAS-005822,residential,186.6,185.7,297.0,51.7,22.1,0
LZ-GAS-005823,residential,273.3,262.1,430.0,66.8,27.5,0
LZ-GAS-005824,residential,122.0,111.6,160.0,78.3,25.5,0
LZ-GAS-005825,commercial,317.9,312.9,51.0,10.4,3.7,0
LZ-GAS-005826,industrial,3093.2,3135.6,340.0,38.0,22.1,0
LZ-GAS-005827,residential,133.8,129.7,190.0,41.1,12.9,0
LZ-GAS-005828,residential,229.0,217.7,352.0,68.3,29.8,0
LZ-GAS-005829,residential,197.4,194.1,304.0,38.9,14.4,0
LZ-GAS-005830,residential,102.7,97.5,132.0,3.1,3.0,0
LZ-GAS-005831,residential,150.5,139.3,213.0,6.0,6.4,0
LZ-GAS-005832,industrial,1587.0,1497.6,81.0,40.0,12.6,0
LZ-GAS-005833,residential,178.1,153.6,227.0,10.8,7.8,0
LZ-GAS-005834,residential,145.6,136.4,199.0,41.0,18.7,0
LZ-GAS-005835,commercial,839.5,962.8,324.0,47.1,16.5,0
LZ-GAS-005836,residential,280.6,277.0,461.0,40.6,13.9,0
LZ-GAS-005837,residential,171.9,165.2,256.0,46.3,17.5,0
LZ-GAS-005838,residential,130.5,128.8,186.0,1.3,8.3,0
LZ-GAS-005839,residential,154.8,156.6,236.0,55.6,19.9,0
LZ-GAS-005840,residential,136.9,140.8,210.0,3.0,9.4,0
LZ-GAS-005841,commercial,562.7,588.6,164.0,40.2,18.9,0
LZ-GAS-005842,residential,169.8,167.3,252.0,12.1,10.5,0
LZ-GAS-005843,residential,67.7,68.7,79.0,32.3,17.6,0
LZ-GAS-005844,residential,88.7,89.7,115.0,64.7,22.2,0
LZ-GAS-005845,commercial,761.8,795.6,253.0,67.3,28.5,0
LZ-GAS-005846,residential,212.4,214.5,342.0,70.8,25.7,0
LZ-GAS-005847,residential,186.4,185.5,287.0,55.5,24.0,0
LZ-GAS-005848,commercial,638.8,618.6,186.0,42.7,15.7,0
LZ-GAS-005849,residential,217.0,223.2,364.0,64.2,15.0,0
LZ-GAS-005850,industrial,2331.6,2574.0,262.0,5.6,5.2,0
LZ-GAS-005851,residential,271.5,267.0,442.0,2.5,6.8,0
LZ-GAS-005852,commercial,2125.1,857.3,286.0,70.6,25.5,1
LZ-GAS-005853,residential,135.6,148.1,221.0,57.8,20.3,0
LZ-GAS-005854,residential,58.3,64.8,69.0,34.3,21.9,0
LZ-GAS-005855,residential,206.7,234.5,384.0,20.4,4.7,0
LZ-GAS-005856,residential,198.2,211.5,347.0,77.7,16.7,0
LZ-GAS-005857,residential,231.4,239.0,396.0,17.2,9.4,0
LZ-GAS-005858,residential,36.2,108.4,152.0,20.3,7.7,1
LZ-GAS-005859,residential,70.3,71.5,85.0,75.5,25.0,0
LZ-GAS-005860,commercial,1051.0,1114.1,396.0,60.8,24.5,0
LZ-GAS-005861,residential,48.5,147.2,222.0,68.0,30.0,1
LZ-GAS-005862,residential,28.0,26.8,0.0,75.1,18.3,0
LZ-GAS-005863,commercial,881.1,909.8,304.0,76.6,19.9,0
LZ-GAS-005864,residential,59.6,59.1,60.0,31.4,13.6,0
LZ-GAS-005865,residential,251.6,241.6,401.0,19.7,3.7,0
LZ-GAS-005866,industrial,3099.3,3275.9,360.0,45.0,13.5,0
LZ-GAS-005867,residential,20.7,23.8,0.0,30.6,20.0,0
LZ-GAS-005868,residential,185.8,170.4,264.0,26.9,12.4,0
LZ-GAS-005869,residential,140.9,142.9,220.0,46.3,17.4,0
LZ-GAS-005870,residential,182.6,188.5,300.0,71.5,29.3,0
LZ-GAS-005871,residential,68.8,60.1,67.0,43.8,8.5,0
LZ-GAS-005872,commercial,271.7,261.1,40.0,27.1,13.4,0
LZ-GAS-005873,residential,203.0,210.0,336.0,15.1,9.5,0
LZ-GAS-005874,commercial,181.5,176.4,0.0,66.6,24.0,0
LZ-GAS-005875,residential,137.3,139.1,208.0,51.0,13.9,0
LZ-GAS-005876,residential,162.7,179.0,276.0,17.4,8.2,0
LZ-GAS-005877,residential,242.5,199.2,315.0,64.9,21.7,0
LZ-GAS-005878,residential,158.3,171.5,265.0,6.4,11.2,0
LZ-GAS-005879,residential,279.4,290.3,480.0,7.1,4.2,0
LZ-GAS-005880,residential,230.7,231.1,374.0,23.4,14.9,0
LZ-GAS-005881,residential,158.5,137.7,201.0,62.7,11.2,0
LZ-GAS-005882,residential,155.0,137.7,203.0,42.0,18.6,0
LZ-GAS-005883,residential,96.1,94.7,128.0,55.3,23.6,0
LZ-GAS-005884,commercial,787.9,766.9,246.0,72.5,19.7,0
LZ-GAS-005885,commercial,1627.2,1341.3,480.0,78.9,24.3,0
LZ-GAS-005886,residential,224.4,195.1,312.0,67.1,22.8,0
LZ-GAS-005887,residential,135.4,140.0,209.0,35.1,16.2,0
LZ-GAS-005888,residential,63.4,62.9,69.0,43.6,22.8,0
LZ-GAS-005889,residential,23.8,24.6,0.0,0.1,7.0,0
LZ-GAS-005890,residential,135.9,140.8,211.0,6.3,6.5,0
LZ-GAS-005891,residential,95.3,93.5,123.0,35.1,13.8,0
LZ-GAS-005892,industrial,3057.5,2723.1,269.0,26.1,13.9,0
LZ-GAS-005893,commercial,372.3,393.0,78.0,41.8,20.3,0
LZ-GAS-005894,residential,168.5,199.7,316.0,0.5,7.4,0
LZ-GAS-005895,residential,116.0,131.5,191.0,75.9,22.3,0
LZ-GAS-005896,residential,91.6,105.0,142.0,38.5,14.0,0
LZ-GAS-005897,residential,158.8,164.9,260.0,13.0,5.4,0
LZ-GAS-005898,commercial,547.1,546.5,160.0,51.2,14.6,0
LZ-GAS-005899,residential,125.1,144.8,215.0,46.2,15.2,0
LZ-GAS-005900,residential,79.5,95.1,126.0,56.6,17.3,0
LZ-GAS-005901,residential,181.4,178.1,280.0,79.1,29.5,0
LZ-GAS-005902,residential,29.5,29.2,5.0,35.2,9.0,0
LZ-GAS-005903,residential,128.3,137.5,207.0,0.0,6.3,0
LZ-GAS-005904,commercial,847.4,864.6,292.0,16.0,4.3,0
LZ-GAS-005905,commercial,955.3,979.6,331.0,32.6,18.0,0
LZ-GAS-005906,residential,107.6,185.3,290.0,20.2,12.5,1
LZ-GAS-005907,residential,199.3,239.2,387.0,39.0,21.9,0
LZ-GAS-005908,residential,156.2,169.1,252.0,50.5,21.3,0
LZ-GAS-005909,industrial,4225.0,3989.4,480.0,41.9,11.5,0
LZ-GAS-005910,industrial,2025.6,1961.9,154.0,4.3,7.3,0
LZ-GAS-005911,residential,22.7,23.9,0.0,2.0,3.4,0
LZ-GAS-005912,residential,24.3,24.8,0.0,2.2,4.0,0
LZ-GAS-005913,commercial,174.9,180.1,0.0,54.8,14.7,0
LZ-GAS-005914,residential,138.3,146.9,216.0,32.5,12.6,0
LZ-GAS-005915,residential,23.1,24.6,0.0,44.1,17.5,0
LZ-GAS-005916,residential,35.5,38.8,31.0,32.0,15.0,0
LZ-GAS-005917,commercial,306.0,876.9,307.0,55.3,30.0,1
LZ-GAS-005918,residential,26.4,27.6,0.0,79.2,25.0,0
LZ-GAS-005919,residential,156.5,150.1,227.0,49.1,18.7,0
LZ-GAS-005920,commercial,934.2,988.1,330.0,16.4,9.7,0
LZ-GAS-005921,residential,194.0,227.4,369.0,58.1,19.3,0
LZ-GAS-005922,commercial,770.7,758.9,248.0,17.1,8.8,0
LZ-GAS-005923,residential,42.1,45.4,40.0,55.1,20.0,0
LZ-GAS-005924,residential,77.4,77.3,91.0,45.9,16.5,0
LZ-GAS-005925,residential,240.5,244.5,402.0,0.9,9.8,0
LZ-GAS-005926,residential,235.8,258.2,422.0,15.1,11.9,0
LZ-GAS-005927,commercial,529.2,587.2,163.0,18.1,6.3,0
LZ-GAS-005928,residential,212.5,203.1,330.0,30.2,13.6,0
LZ-GAS-005929,residential,181.5,201.1,315.0,70.7,25.2,0
LZ-GAS-005930,residential,123.4,121.3,174.0,56.8,18.9,0
LZ-GAS-005931,residential,230.2,219.7,353.0,38.4,14.5,0
LZ-GAS-005932,industrial,1489.1,1580.6,104.0,32.5,13.7,0
LZ-GAS-005933,commercial,847.4,899.6,294.0,2.4,9.6,0
LZ-GAS-005934,residential,181.8,187.0,296.0,17.4,11.2,0
LZ-GAS-005935,residential,132.4,136.3,199.0,70.4,21.0,0
LZ-GAS-005936,residential,104.6,105.7,146.0,30.2,13.3,0
LZ-GAS-005937,residential,231.7,255.4,417.0,21.9,17.4,0
LZ-GAS-005938,residential,84.5,87.9,116.0,75.2,20.2,0
LZ-GAS-005939,residential,81.4,84.8,104.0,17.8,13.6,0
LZ-GAS-005940,residential,48.9,47.9,39.0,64.0,20.8,0
LZ-GAS-005941,commercial,634.0,627.4,190.0,30.5,30.0,0
LZ-GAS-005942,commercial,584.6,649.3,195.0,29.2,16.3,0
LZ-GAS-005943,residential,87.7,87.2,114.0,26.7,12.9,0
LZ-GAS-005944,residential,205.4,225.5,363.0,21.6,10.9,0
LZ-GAS-005945,residential,142.3,155.9,235.0,21.1,4.0,0
LZ-GAS-005946,residential,183.6,183.3,294.0,22.5,9.2,0
LZ-GAS-005947,residential,39.6,48.6,41.0,37.2,25.0,0
LZ-GAS-005948,residential,119.6,125.0,178.0,35.5,16.6,0
LZ-GAS-005949,residential,256.1,257.5,421.0,1.5,5.0,0
LZ-GAS-005950,residential,221.2,220.7,356.0,31.5,13.9,0
LZ-GAS-005951,residential,191.0,181.1,281.0,65.6,22.6,0
LZ-GAS-005952,residential,229.9,226.2,369.0,60.2,16.5,0
LZ-GAS-005953,commercial,914.8,931.1,316.0,10.1,9.1,0
LZ-GAS-005954,industrial,2583.4,2557.6,262.0,16.6,12.6,0
LZ-GAS-005955,residential,170.3,174.2,275.0,50.3,11.5,0
LZ-GAS-005956,residential,175.6,182.4,285.0,50.3,17.4,0
LZ-GAS-005957,residential,120.0,120.2,172.0,4.0,0.0,0
LZ-GAS-005958,industrial,3981.8,3854.8,450.0,24.9,4.2,0
LZ-GAS-005959,residential,327.0,290.8,480.0,40.9,20.2,0
LZ-GAS-005960,residential,165.9,159.5,246.0,54.5,25.5,0
LZ-GAS-005961,commercial,734.9,711.2,221.0,45.0,26.2,0
LZ-GAS-005962,industrial,3843.9,3937.2,480.0,51.4,12.7,0
LZ-GAS-005963,residential,171.1,179.8,285.0,70.9,23.3,0
LZ-GAS-005964,residential,173.8,188.3,302.0,70.1,21.9,0
LZ-GAS-005965,residential,180.2,185.3,288.0,16.1,15.1,0
LZ-GAS-005966,industrial,2623.8,2484.1,240.0,69.5,24.9,0
LZ-GAS-005967,residential,132.6,124.7,185.0,16.9,10.6,0
LZ-GAS-005968,residential,205.2,206.2,331.0,0.3,9.0,0
LZ-GAS-005969,residential,41.2,44.8,40.0,62.5,19.5,0
LZ-GAS-005970,residential,225.5,221.8,365.0,72.5,28.8,0
LZ-GAS-005971,residential,263.9,259.6,423.0,8.3,6.5,0
LZ-GAS-005972,commercial,658.2,665.0,200.0,60.2,26.3,0
LZ-GAS-005973,residential,135.9,127.6,181.0,6.5,8.5,0
LZ-GAS-005974,commercial,1448.5,1330.7,480.0,73.2,25.4,0
LZ-GAS-005975,residential,152.9,139.2,208.0,37.1,9.9,0
LZ-GAS-005976,residential,115.8,111.3,159.0,39.0,8.4,0
LZ-GAS-005977,commercial,1173.2,1012.2,351.0,72.8,16.7,0
LZ-GAS-005978,residential,72.2,72.4,88.0,24.3,14.4,0
LZ-GAS-005979,residential,23.3,23.4,0.0,43.3,6.6,0
LZ-GAS-005980,residential,151.1,151.3,231.0,8.1,14.6,0
LZ-GAS-005981,residential,106.1,115.1,163.0,14.2,8.0,0
LZ-GAS-005982,commercial,491.4,481.8,129.0,42.8,10.3,0
LZ-GAS-005983,residential,206.3,102.8,135.0,69.3,25.0,1
LZ-GAS-005984,residential,103.1,106.9,150.0,29.7,7.5,0
LZ-GAS-005985,residential,112.4,132.3,191.0,0.4,6.3,0
LZ-GAS-005986,residential,32.1,28.4,0.0,18.6,9.4,0
LZ-GAS-005987,commercial,918.5,965.7,330.0,39.8,21.7,0
LZ-GAS-005988,residential,131.4,129.8,186.0,5.1,11.6,0
LZ-GAS-005989,commercial,669.4,622.4,181.0,11.5,13.4,0
LZ-GAS-005990,residential,124.8,127.0,189.0,18.0,8.3,0
LZ-GAS-005991,residential,419.5,208.6,335.0,67.4,28.8,1
LZ-GAS-005992,residential,162.4,166.8,268.0,34.1,14.2,0
LZ-GAS-005993,residential,306.4,287.6,480.0,11.1,9.4,0
LZ-GAS-005994,residential,28.1,25.7,0.0,43.0,18.9,0
LZ-GAS-005995,residential,210.7,207.9,335.0,46.0,18.8,0
LZ-GAS-005996,residential,232.4,219.6,354.0,49.3,12.0,0
LZ-GAS-005997,residential,62.7,24.4,0.0,59.1,23.9,1
LZ-GAS-005998,commercial,904.8,896.7,301.0,45.4,9.8,0
LZ-GAS-005999,residential,137.5,141.3,212.0,4.2,9.3,0
LZ-GAS-006000,residential,130.3,139.7,210.0,47.6,17.6,0
LZ-GAS-006001,residential,145.8,148.6,226.0,48.5,18.5,0
LZ-GAS-006002,residential,194.8,179.1,278.0,40.2,10.9,0
LZ-GAS-006003,residential,135.5,126.6,177.0,11.6,13.7,0
LZ-GAS-006004,residential,93.3,96.9,133.0,16.5,9.4,0
LZ-GAS-006005,residential,220.4,218.6,352.0,50.2,22.6,0
LZ-GAS-006006,industrial,2179.9,2351.9,227.0,61.6,17.9,0
LZ-GAS-006007,residential,199.3,208.2,335.0,5.8,4.1,0
LZ-GAS-006008,industrial,3775.9,4046.8,480.0,60.9,21.6,0
LZ-GAS-006009,residential,46.4,52.8,50.0,36.1,19.9,0
LZ-GAS-006010,residential,80.5,88.2,110.0,50.3,12.3,0
LZ-GAS-006011,commercial,478.4,517.6,134.0,62.9,19.0,0
LZ-GAS-006012,industrial,2099.2,2240.1,212.0,6.7,5.3,0
LZ-GAS-006013,residential,278.1,265.8,443.0,58.3,19.3,0
LZ-GAS-006014,commercial,849.0,866.0,284.0,59.5,18.7,0
LZ-GAS-006015,residential,578.4,229.1,368.0,37.4,20.5,1
LZ-GAS-006016,industrial,1844.0,4007.7,471.0,20.6,14.5,1
LZ-GAS-006017,industrial,958.2,908.7,0.0,46.0,17.6,0
LZ-GAS-006018,residential,121.0,123.4,179.0,47.0,21.8,0
LZ-GAS-006019,industrial,1777.1,1788.0,137.0,32.3,19.0,0
LZ-GAS-006020,residential,175.4,178.6,280.0,42.1,13.6,0
LZ-GAS-006021,residential,72.3,75.4,91.0,58.9,17.3,0
LZ-GAS-006022,residential,269.7,265.8,436.0,63.4,25.2,0
LZ-GAS-006023,residential,111.4,112.4,160.0,75.6,30.0,0
LZ-GAS-006024,residential,195.9,91.2,125.0,77.9,14.2,1
LZ-GAS-006025,commercial,406.8,396.3,88.0,1.9,3.5,0
LZ-GAS-006026,residential,47.7,53.4,54.0,72.4,27.8,0
LZ-GAS-006027,residential,145.2,145.3,218.0,70.6,19.8,0
LZ-GAS-006028,residential,253.8,105.0,147.0,79.8,30.0,1
LZ-GAS-006029,residential,150.8,167.4,265.0,63.4,22.9,0
LZ-GAS-006030,residential,122.2,113.1,161.0,75.8,19.0,0
LZ-GAS-006031,residential,166.9,180.6,283.0,78.5,23.4,0
LZ-GAS-006032,residential,170.9,164.6,251.0,10.7,10.5,0
LZ-GAS-006033,residential,242.1,226.9,365.0,9.6,4.2,0
LZ-GAS-006034,commercial,1084.4,947.8,318.0,44.9,20.0,0
LZ-GAS-006035,industrial,1957.8,1923.4,154.0,73.3,25.8,0
LZ-GAS-006036,industrial,3519.0,3481.2,384.0,42.5,15.2,0
LZ-GAS-006037,residential,109.3,105.6,150.0,40.6,18.0,0
LZ-GAS-006038,residential,94.5,86.6,106.0,68.6,21.5,0
LZ-GAS-006039,residential,217.5,213.5,337.0,46.8,18.8,0
LZ-GAS-006040,commercial,342.4,327.7,60.0,66.0,17.8,0
LZ-GAS-006041,commercial,589.3,491.6,134.0,48.3,24.8,0
LZ-GAS-006042,commercial,283.1,260.6,25.0,41.4,15.1,0
LZ-GAS-006043,commercial,245.4,243.6,28.0,39.8,21.5,0
LZ-GAS-006044,residential,185.2,168.5,260.0,63.6,30.0,0
LZ-GAS-006045,commercial,441.0,425.3,102.0,9.9,16.0,0
LZ-GAS-006046,residential,274.3,267.1,439.0,27.1,12.7,0
LZ-GAS-006047,residential,256.2,249.8,410.0,7.8,8.7,0
LZ-GAS-006048,commercial,749.4,828.5,267.0,52.7,19.0,0
LZ-GAS-006049,residential,101.2,99.8,135.0,32.4,15.6,0
LZ-GAS-006050,commercial,706.0,699.5,218.0,71.6,20.0,0
LZ-GAS-006051,industrial,2379.0,2176.6,188.0,27.3,4.2,0
LZ-GAS-006052,residential,251.2,227.9,367.0,73.4,25.9,0
LZ-GAS-006053,commercial,157.6,174.8,0.0,24.9,12.5,0
LZ-GAS-006054,residential,129.6,133.9,199.0,75.5,30.0,0
LZ-GAS-006055,residential,148.1,153.4,231.0,71.9,30.0,0
LZ-GAS-006056,commercial,831.1,815.8,273.0,23.1,5.3,0
LZ-GAS-006057,industrial,2883.5,2943.0,311.0,42.5,12.2,0
LZ-GAS-006058,industrial,2133.3,2013.8,169.0,6.0,11.2,0
LZ-GAS-006059,commercial,765.1,882.3,300.0,49.7,24.1,0
LZ-GAS-006060,commercial,347.7,335.2,67.0,54.3,20.2,0
LZ-GAS-006061,commercial,1112.2,1079.7,366.0,36.8,15.5,0
LZ-GAS-006062,residential,179.0,174.4,269.0,34.5,5.9,0
LZ-GAS-006063,residential,147.2,135.5,204.0,39.5,26.8,0
LZ-GAS-006064,residential,206.4,225.4,365.0,63.1,18.5,0
LZ-GAS-006065,commercial,446.2,482.8,128.0,16.0,12.7,0
LZ-GAS-006066,commercial,170.3,174.0,1.0,66.8,24.4,0
LZ-GAS-006067,commercial,891.9,854.5,285.0,57.4,16.1,0
LZ-GAS-006068,residential,160.4,152.5,232.0,31.7,18.0,0
LZ-GAS-006069,residential,114.8,121.1,176.0,77.9,30.0,0
LZ-GAS-006070,commercial,516.0,517.2,131.0,46.7,17.5,0
LZ-GAS-006071,residential,180.6,182.7,280.0,40.8,16.9,0
LZ-GAS-006072,residential,188.4,209.2,334.0,42.4,19.8,0
LZ-GAS-006073,residential,88.0,80.3,101.0,27.4,17.6,0
LZ-GAS-006074,residential,46.6,43.8,39.0,42.2,20.7,0
LZ-GAS-006075,residential,205.9,193.2,308.0,7.5,3.7,0
LZ-GAS-006076,residential,62.1,67.8,80.0,48.5,13.7,0
LZ-GAS-006077,residential,234.1,236.7,384.0,27.2,10.2,0
LZ-GAS-006078,residential,242.9,250.8,404.0,52.8,6.4,0
LZ-GAS-006079,residential,109.2,104.6,146.0,48.3,11.8,0
LZ-GAS-006080,residential,148.6,292.0,480.0,79.4,24.9,1
LZ-GAS-006081,commercial,632.6,632.7,187.0,59.1,17.6,0
LZ-GAS-006082,residential,152.3,140.7,209.0,0.6,2.2,0
LZ-GAS-006083,commercial,651.7,677.1,207.0,9.6,12.6,0
LZ-GAS-006084,residential,176.3,173.1,278.0,39.6,17.5,0
LZ-GAS-006085,industrial,2882.6,2987.7,329.0,43.2,20.8,0
LZ-GAS-006086,residential,382.9,170.9,266.0,38.1,14.7,1
LZ-GAS-006087,residential,102.0,97.6,130.0,58.6,18.7,0
LZ-GAS-006088,residential,129.9,121.8,179.0,74.7,20.6,0
LZ-GAS-006089,commercial,216.6,223.4,20.0,5.0,8.4,0
LZ-GAS-006090,residential,69.2,71.3,88.0,50.2,9.9,0
LZ-GAS-006091,residential,155.5,158.2,243.0,23.1,7.6,0
LZ-GAS-006092,residential,146.0,145.2,221.0,31.2,16.6,0
LZ-GAS-006093,residential,106.4,107.4,147.0,76.4,29.2,0
LZ-GAS-006094,residential,155.5,160.9,250.0,5.4,7.1,0
LZ-GAS-006095,residential,93.3,91.4,124.0,16.4,4.6,0
LZ-GAS-006096,residential,168.9,143.1,215.0,40.3,18.8,0
LZ-GAS-006097,residential,155.4,152.7,228.0,59.8,17.5,0
LZ-GAS-006098,industrial,3419.0,3165.3,348.0,76.1,24.5,0
LZ-GAS-006099,residential,191.4,218.5,352.0,77.8,20.8,0
LZ-GAS-006100,industrial,1568.2,1531.5,90.0,74.2,30.0,0
LZ-GAS-006101,commercial,557.9,589.1,170.0,62.2,28.7,0
LZ-GAS-006102,residential,29.9,26.6,0.0,36.0,11.0,0
LZ-GAS-006103,commercial,1413.1,1338.5,478.0,22.8,6.1,0
LZ-GAS-006104,residential,27.3,25.1,0.0,69.0,23.0,0
LZ-GAS-006105,residential,136.5,137.3,210.0,59.8,24.0,0
LZ-GAS-006106,residential,36.6,35.6,18.0,56.8,26.2,0
LZ-GAS-006107,residential,132.2,150.1,225.0,61.7,21.2,0
LZ-GAS-006108,commercial,787.9,789.2,247.0,73.3,18.4,0
LZ-GAS-006109,residential,171.9,187.6,298.0,43.7,18.3,0
LZ-GAS-006110,commercial,527.8,502.0,139.0,20.4,12.4,0
LZ-GAS-006111,residential,192.4,196.1,310.0,0.9,0.0,0
LZ-GAS-006112,residential,82.2,96.0,129.0,19.2,9.6,0
LZ-GAS-006113,residential,64.8,78.1,96.0,52.5,17.7,0
LZ-GAS-006114,residential,80.2,87.2,115.0,29.5,8.7,0
LZ-GAS-006115,industrial,1715.4,1665.2,118.0,15.7,11.0,0
LZ-GAS-006116,commercial,2318.8,1226.0,436.0,10.6,13.7,1
LZ-GAS-006117,residential,192.6,204.2,334.0,2.8,11.5,0
LZ-GAS-006118,residential,209.1,192.1,300.0,45.7,13.2,0
LZ-GAS-006119,residential,24.3,24.1,0.0,52.6,16.4,0
LZ-GAS-006120,commercial,670.0,649.7,206.0,76.3,28.4,0
LZ-GAS-006121,residential,193.8,187.3,301.0,62.6,20.1,0
LZ-GAS-006122,commercial,192.4,179.0,0.0,12.5,7.5,0
LZ-GAS-006123,commercial,1047.8,982.3,344.0,16.5,20.7,0
LZ-GAS-006124,industrial,1659.4,1378.4,78.0,77.3,13.1,0
LZ-GAS-006125,residential,133.5,141.6,216.0,23.2,8.7,0
LZ-GAS-006126,residential,158.4,161.7,250.0,43.2,12.8,0
LZ-GAS-006127,commercial,664.4,659.7,203.0,64.3,21.8,0
LZ-GAS-006128,residential,141.2,147.3,216.0,51.2,27.0,0
LZ-GAS-006129,residential,183.5,179.1,279.0,3.1,6.1,0
LZ-GAS-006130,residential,221.5,230.5,369.0,37.8,14.1,0
LZ-GAS-006131,residential,290.3,251.2,416.0,42.6,17.4,0
LZ-GAS-006132,residential,248.8,241.7,395.0,43.0,15.3,0
LZ-GAS-006133,commercial,726.7,733.4,237.0,8.9,10.0,0
LZ-GAS-006134,residential,27.1,26.0,0.0,77.1,30.0,0
LZ-GAS-006135,industrial,1352.1,1492.3,75.0,40.0,12.7,0
LZ-GAS-006136,residential,114.9,110.9,156.0,53.8,18.5,0
LZ-GAS-006137,residential,196.8,187.2,301.0,61.3,21.0,0
LZ-GAS-006138,residential,227.3,229.2,372.0,20.2,1.0,0
LZ-GAS-006139,residential,103.1,119.9,169.0,2.1,9.4,0
LZ-GAS-006140,residential,101.3,100.5,132.0,49.2,18.0,0
LZ-GAS-006141,commercial,712.5,728.6,231.0,72.8,14.8,0
LZ-GAS-006142,residential,158.1,159.6,245.0,71.1,22.5,0
LZ-GAS-006143,residential,205.5,192.8,309.0,70.2,24.3,0
LZ-GAS-006144,residential,194.2,196.5,318.0,16.3,5.8,0
LZ-GAS-006145,industrial,2562.1,2114.8,192.0,70.7,28.9,0
LZ-GAS-006146,residential,28.7,27.4,0.0,6.1,4.7,0
LZ-GAS-006147,residential,120.5,114.2,165.0,22.8,4.6,0
LZ-GAS-006148,residential,26.9,25.9,0.0,66.0,26.3,0
LZ-GAS-006149,residential,154.7,133.8,197.0,7.5,7.2,0
LZ-GAS-006150,residential,281.9,288.0,480.0,62.5,22.3,0
LZ-GAS-006151,industrial,3078.2,3311.0,379.0,63.6,14.2,0
LZ-GAS-006152,industrial,2592.5,2516.3,267.0,72.6,17.6,0
LZ-GAS-006153,residential,546.7,288.3,480.0,68.5,18.3,1
LZ-GAS-006154,residential,80.9,72.1,84.0,57.4,19.6,0
LZ-GAS-006155,residential,207.2,175.9,272.0,13.4,8.7,0
LZ-GAS-006156,residential,190.8,184.2,289.0,9.3,14.9,0
LZ-GAS-006157,residential,102.8,96.6,130.0,6.4,14.9,0
LZ-GAS-006158,residential,95.1,101.6,145.0,24.9,12.9,0
LZ-GAS-006159,residential,175.9,192.9,310.0,25.0,11.8,0
LZ-GAS-006160,residential,158.7,162.8,253.0,79.3,30.0,0
LZ-GAS-006161,residential,110.8,104.3,146.0,68.3,23.4,0
LZ-GAS-006162,commercial,600.5,648.9,204.0,7.5,12.7,0
LZ-GAS-006163,residential,185.9,192.5,307.0,37.7,13.1,0
LZ-GAS-006164,residential,141.1,131.0,194.0,64.1,21.5,0
LZ-GAS-006165,residential,92.1,93.9,125.0,31.4,12.5,0
LZ-GAS-006166,residential,178.1,174.0,271.0,41.8,13.1,0
LZ-GAS-006167,residential,346.1,134.5,204.0,70.1,25.3,1
LZ-GAS-006168,commercial,774.5,735.3,237.0,73.3,20.4,0
LZ-GAS-006169,residential,62.7,64.1,68.0,13.7,8.9,0
LZ-GAS-006170,residential,130.4,140.7,214.0,65.7,24.4,0
LZ-GAS-006171,commercial,606.6,595.6,172.0,36.0,25.1,0
LZ-GAS-006172,residential,44.8,45.3,32.0,1.8,0.0,0
LZ-GAS-006173,residential,259.8,258.9,420.0,24.2,12.4,0
LZ-GAS-006174,commercial,777.1,733.2,239.0,71.2,26.9,0
LZ-GAS-006175,residential,78.4,163.9,253.0,14.7,8.0,1
LZ-GAS-006176,residential,198.1,207.2,333.0,13.2,13.5,0
LZ-GAS-006177,residential,261.8,243.9,401.0,76.5,27.7,0
LZ-GAS-006178,commercial,1164.0,1038.5,353.0,34.6,17.0,0
LZ-GAS-006179,residential,92.1,97.8,132.0,73.0,22.2,0
LZ-GAS-006180,industrial,2810.9,2612.4,250.0,22.5,10.6,0
LZ-GAS-006181,industrial,1955.8,1736.7,143.0,4.9,6.1,0
LZ-GAS-006182,industrial,1866.7,1969.4,191.0,73.2,19.6,0
LZ-GAS-006183,commercial,768.3,826.8,271.0,25.6,13.3,0
LZ-GAS-006184,residential,225.6,231.6,376.0,75.2,19.8,0
LZ-GAS-006185,industrial,1646.2,1520.4,82.0,53.8,15.0,0
LZ-GAS-006186,residential,183.6,200.7,321.0,66.8,16.1,0
LZ-GAS-006187,commercial,863.7,836.6,271.0,25.6,17.7,0
LZ-GAS-006188,residential,72.9,75.7,88.0,57.0,17.6,0
LZ-GAS-006189,residential,306.0,283.8,480.0,65.3,18.1,0
LZ-GAS-006190,commercial,623.0,673.8,207.0,54.3,23.4,0
LZ-GAS-006191,residential,263.4,231.7,378.0,73.9,22.5,0
LZ-GAS-006192,residential,145.2,140.9,215.0,72.5,25.7,0
LZ-GAS-006193,residential,176.3,172.3,270.0,45.4,16.5,0
LZ-GAS-006194,residential,213.3,210.3,338.0,75.4,26.6,0
LZ-GAS-006195,residential,179.6,154.9,229.0,57.1,21.2,0
LZ-GAS-006196,industrial,2063.6,2281.8,224.0,72.8,13.9,0
LZ-GAS-006197,residential,254.3,235.8,385.0,11.4,15.9,0
LZ-GAS-006198,residential,253.0,228.2,366.0,23.9,16.8,0
LZ-GAS-006199,commercial,1268.9,1366.5,480.0,12.1,2.1,0
LZ-GAS-006200,residential,162.8,166.3,262.0,1.9,10.7,0
LZ-GAS-006201,residential,25.4,26.1,0.0,52.4,18.0,0
LZ-GAS-006202,commercial,249.4,255.7,36.0,77.7,26.0,0
LZ-GAS-006203,residential,190.8,188.6,292.0,50.3,24.7,0
LZ-GAS-006204,residential,91.8,77.0,92.0,77.9,30.0,0
LZ-GAS-006205,commercial,263.5,270.8,36.0,65.7,27.1,0
LZ-GAS-006206,residential,217.9,232.3,373.0,49.5,27.9,0
LZ-GAS-006207,residential,36.1,31.4,11.0,31.9,19.2,0
LZ-GAS-006208,residential,30.3,30.3,10.0,15.8,7.1,0
LZ-GAS-006209,residential,149.0,160.6,245.0,76.6,19.1,0
LZ-GAS-006210,industrial,3540.2,3248.5,379.0,75.3,28.8,0
LZ-GAS-006211,residential,215.8,205.2,328.0,71.9,15.8,0
LZ-GAS-006212,residential,67.1,67.2,73.0,26.7,11.0,0
LZ-GAS-006213,residential,59.4,196.7,322.0,59.9,19.3,1
LZ-GAS-006214,residential,72.7,70.9,90.0,42.8,13.3,0
LZ-GAS-006215,residential,169.4,170.3,262.0,65.9,28.9,0
LZ-GAS-006216,residential,29.8,26.1,0.0,45.3,18.9,0
LZ-GAS-006217,residential,52.1,55.8,56.0,0.9,5.2,0
LZ-GAS-006218,commercial,812.4,833.8,269.0,22.2,15.8,0
LZ-GAS-006219,residential,129.1,135.1,201.0,21.6,9.4,0
LZ-GAS-006220,residential,180.6,178.3,274.0,26.3,18.3,0
LZ-GAS-006221,commercial,156.3,163.8,0.0,27.6,22.6,0
LZ-GAS-006222,residential,285.2,249.7,403.0,1.4,5.7,0
LZ-GAS-006223,commercial,1064.1,981.8,335.0,40.9,15.4,0
LZ-GAS-006224,residential,313.4,287.4,480.0,75.2,30.0,0
LZ-GAS-006225,industrial,1850.9,1916.5,149.0,49.3,9.0,0
LZ-GAS-006226,residential,220.5,213.3,344.0,17.0,4.3,0
LZ-GAS-006227,residential,190.0,194.0,301.0,77.7,20.5,0
LZ-GAS-006228,industrial,2346.3,2140.8,196.0,70.1,15.8,0
LZ-GAS-006229,commercial,828.6,855.3,289.0,70.6,23.6,0
LZ-GAS-006230,residential,139.8,150.1,235.0,9.3,9.7,0
LZ-GAS-006231,residential,181.4,196.9,312.0,56.3,19.9,0
LZ-GAS-006232,residential,61.0,138.8,199.0,26.3,12.4,1
LZ-GAS-006233,residential,150.6,155.2,234.0,63.8,26.3,0
LZ-GAS-006234,residential,87.7,93.1,124.0,30.0,18.6,0
LZ-GAS-006235,residential,131.2,112.6,168.0,19.7,16.8,0
LZ-GAS-006236,industrial,2392.5,2424.4,250.0,77.5,24.7,0
LZ-GAS-006237,residential,183.6,171.0,264.0,68.4,23.2,0
LZ-GAS-006238,residential,165.0,174.0,273.0,51.9,26.0,0
LZ-GAS-006239,residential,196.6,211.9,340.0,38.5,17.6,0
LZ-GAS-006240,residential,184.3,94.2,126.0,45.3,23.6,1
LZ-GAS-006241,industrial,1675.1,1739.4,123.0,52.7,16.9,0
LZ-GAS-006242,residential,24.9,26.4,5.0,34.3,14.4,0
LZ-GAS-006243,residential,238.8,241.8,392.0,32.7,11.1,0
LZ-GAS-006244,residential,280.8,289.5,477.0,21.2,11.2,0
LZ-GAS-006245,residential,191.2,174.3,272.0,50.0,20.5,0
LZ-GAS-006246,industrial,2987.3,2934.9,307.0,22.9,9.6,0
LZ-GAS-006247,residential,96.3,92.2,123.0,33.4,23.7,0
LZ-GAS-006248,residential,154.3,156.4,241.0,23.0,4.7,0
LZ-GAS-006249,industrial,3055.1,3577.6,410.0,73.1,28.4,0
LZ-GAS-006250,residential,175.5,170.1,265.0,41.5,11.2,0
LZ-GAS-006251,residential,47.2,44.3,38.0,12.0,10.4,0
LZ-GAS-006252,industrial,2481.3,2593.8,263.0,9.7,4.7,0
LZ-GAS-006253,industrial,2434.6,2340.8,225.0,61.7,21.8,0
LZ-GAS-006254,residential,198.8,213.2,339.0,75.0,25.1,0
LZ-GAS-006255,residential,301.7,270.0,441.0,18.0,6.7,0
LZ-GAS-006256,residential,153.7,149.2,232.0,45.7,11.6,0
LZ-GAS-006257,residential,220.2,181.2,291.0,38.9,12.3,0
LZ-GAS-006258,residential,435.8,218.6,355.0,35.1,14.9,1
LZ-GAS-006259,residential,83.8,88.7,112.0,55.9,23.8,0
LZ-GAS-006260,residential,212.0,130.8,197.0,64.3,29.7,1
LZ-GAS-006261,residential,24.8,27.0,8.0,65.5,14.2,0
LZ-GAS-006262,commercial,776.4,772.8,259.0,17.7,12.6,0
LZ-GAS-006263,residential,195.2,199.2,320.0,48.2,15.8,0
LZ-GAS-006264,residential,165.3,174.5,273.0,12.4,9.1,0
LZ-GAS-006265,residential,184.7,183.6,285.0,14.9,11.2,0
LZ-GAS-006266,residential,97.1,98.5,127.0,27.7,16.7,0
LZ-GAS-006267,residential,26.8,89.4,117.0,45.8,19.4,1
LZ-GAS-006268,residential,276.3,243.0,395.0,39.4,15.7,0
LZ-GAS-006269,commercial,1006.5,938.8,313.0,3.8,14.4,0
LZ-GAS-006270,residential,119.7,123.7,179.0,39.3,17.1,0
LZ-GAS-006271,residential,192.4,194.1,306.0,13.6,9.4,0
LZ-GAS-006272,residential,82.8,91.4,127.0,13.7,14.8,0
LZ-GAS-006273,residential,78.0,79.5,97.0,69.1,17.8,0
LZ-GAS-006274,residential,155.1,176.1,272.0,51.8,14.5,0
LZ-GAS-006275,industrial,2067.1,2182.0,215.0,19.8,17.8,0
LZ-GAS-006276,residential,95.9,169.3,266.0,61.8,20.5,1
LZ-GAS-006277,residential,299.0,289.4,480.0,78.5,17.1,0
LZ-GAS-006278,commercial,487.9,862.2,282.0,68.3,26.8,1
LZ-GAS-006279,residential,169.0,163.6,250.0,11.9,14.7,0
LZ-GAS-006280,residential,313.2,292.0,480.0,52.8,15.5,0
LZ-GAS-006281,residential,95.8,94.0,123.0,32.8,8.0,0
LZ-GAS-006282,commercial,808.5,712.5,208.0,35.3,14.5,0
LZ-GAS-006283,residential,110.3,114.4,164.0,14.7,11.3,0
LZ-GAS-006284,industrial,2438.0,2235.2,216.0,10.0,5.6,0
LZ-GAS-006285,residential,295.5,286.2,480.0,77.9,21.1,0
LZ-GAS-006286,residential,28.2,26.5,0.0,36.6,17.6,0
LZ-GAS-006287,commercial,1302.4,1144.7,394.0,13.2,11.8,0
LZ-GAS-006288,residential,53.3,52.6,53.0,37.1,7.7,0
LZ-GAS-006289,residential,34.2,34.9,18.0,36.5,9.8,0
LZ-GAS-006290,residential,136.9,136.2,207.0,12.5,7.5,0
LZ-GAS-006291,residential,141.4,145.9,214.0,59.2,17.8,0
LZ-GAS-006292,industrial,1868.2,2129.6,187.0,50.1,19.5,0
LZ-GAS-006293,residential,64.6,71.4,81.0,57.7,22.8,0
LZ-GAS-006294,residential,198.4,196.4,315.0,67.2,30.0,0
LZ-GAS-006295,residential,53.4,57.4,58.0,70.3,25.2,0
LZ-GAS-006296,industrial,3141.5,2995.7,309.0,80.0,30.0,0
LZ-GAS-006297,residential,289.0,289.5,480.0,56.3,12.6,0
LZ-GAS-006298,residential,52.4,52.1,55.0,78.5,22.3,0
LZ-GAS-006299,commercial,919.7,796.9,262.0,79.0,30.0,0
LZ-GAS-006300,residential,154.9,158.5,244.0,15.5,2.9,0
LZ-GAS-006301,residential,43.7,40.4,26.0,31.3,20.1,0
LZ-GAS-006302,residential,160.3,152.2,230.0,38.5,18.1,0
LZ-GAS-006303,commercial,1110.2,1050.5,357.0,37.5,15.9,0
LZ-GAS-006304,commercial,951.1,1023.2,352.0,7.8,7.3,0
LZ-GAS-006305,commercial,415.9,927.1,319.0,31.4,8.3,1
LZ-GAS-006306,residential,103.1,111.2,153.0,63.2,16.6,0
LZ-GAS-006307,commercial,644.1,697.0,213.0,40.8,13.6,0
LZ-GAS-006308,residential,84.3,84.0,113.0,53.3,17.2,0
LZ-GAS-006309,commercial,1145.6,1097.4,383.0,55.5,25.6,0
LZ-GAS-006310,residential,99.5,95.2,132.0,50.1,13.6,0
LZ-GAS-006311,commercial,482.6,423.1,87.0,1.0,3.2,0
LZ-GAS-006312,residential,103.7,108.1,152.0,30.5,5.3,0
LZ-GAS-006313,residential,272.8,274.2,453.0,59.8,21.6,0
LZ-GAS-006314,commercial,218.8,237.5,18.0,29.3,13.2,0
LZ-GAS-006315,residential,221.3,212.7,346.0,77.5,30.0,0
LZ-GAS-006316,residential,212.3,207.9,330.0,76.8,30.0,0
LZ-GAS-006317,commercial,571.7,557.4,158.0,41.0,18.7,0
LZ-GAS-006318,residential,180.1,167.2,257.0,78.5,21.5,0
LZ-GAS-006319,residential,38.1,40.3,33.0,16.7,11.1,0
LZ-GAS-006320,industrial,2446.0,2762.7,281.0,38.5,16.9,0
LZ-GAS-006321,residential,214.7,182.1,291.0,74.1,24.1,0
LZ-GAS-006322,residential,177.8,96.7,130.0,7.2,2.6,1
LZ-GAS-006323,commercial,726.4,795.4,254.0,40.9,17.8,0
LZ-GAS-006324,residential,148.3,154.8,234.0,33.3,8.5,0
LZ-GAS-006325,commercial,824.6,927.5,306.0,31.1,13.3,0
LZ-GAS-006326,residential,199.9,199.3,323.0,34.7,13.1,0
LZ-GAS-006327,commercial,1080.2,1100.6,373.0,48.2,5.7,0
LZ-GAS-006328,residential,134.0,144.0,217.0,73.9,27.2,0
LZ-GAS-006329,residential,183.3,194.6,308.0,4.1,17.0,0
LZ-GAS-006330,residential,231.7,219.0,349.0,11.6,7.1,0
LZ-GAS-006331,residential,274.9,276.7,451.0,54.9,16.7,0
LZ-GAS-006332,residential,174.1,158.7,246.0,43.2,21.1,0
LZ-GAS-006333,residential,131.2,118.6,170.0,57.8,14.1,0
LZ-GAS-006334,residential,111.1,105.2,145.0,67.6,22.9,0
LZ-GAS-006335,industrial,2682.6,2423.9,219.0,65.7,23.5,0
LZ-GAS-006336,commercial,183.5,195.3,4.0,25.6,9.6,0
LZ-GAS-006337,residential,74.1,79.5,91.0,17.3,9.9,0
LZ-GAS-006338,residential,203.2,203.1,321.0,49.6,14.3,0
LZ-GAS-006339,residential,290.9,287.9,480.0,4.4,4.3,0
LZ-GAS-006340,commercial,580.6,1162.7,413.0,47.5,20.9,1
LZ-GAS-006341,residential,104.8,107.8,151.0,49.6,14.2,0
LZ-GAS-006342,residential,234.2,241.2,393.0,38.8,12.9,0
LZ-GAS-006343,commercial,968.8,840.4,279.0,68.3,19.7,0
LZ-GAS-006344,residential,128.1,116.3,165.0,5.4,9.6,0
LZ-GAS-006345,commercial,1115.8,1173.1,408.0,1.5,4.5,0
LZ-GAS-006346,commercial,986.7,1025.4,354.0,74.6,20.5,0
LZ-GAS-006347,residential,218.8,220.7,352.0,67.4,24.3,0
LZ-GAS-006348,residential,196.8,197.0,310.0,2.9,0.0,0
LZ-GAS-006349,residential,195.1,225.5,363.0,57.6,11.3,0
LZ-GAS-006350,industrial,2148.3,2276.4,195.0,46.9,19.0,0
LZ-GAS-006351,residential,128.4,135.2,195.0,11.4,17.5,0
LZ-GAS-006352,residential,93.8,108.5,156.0,33.1,11.8,0
LZ-GAS-006353,industrial,3561.8,3216.4,353.0,47.8,19.4,0
LZ-GAS-006354,residential,193.8,189.6,297.0,48.6,11.5,0
LZ-GAS-006355,commercial,1049.9,1035.7,363.0,16.1,10.5,0
LZ-GAS-006356,residential,146.0,127.6,192.0,0.9,7.0,0
LZ-GAS-006357,residential,156.9,133.7,198.0,5.1,9.9,0
LZ-GAS-006358,industrial,2194.4,2347.3,233.0,19.3,7.2,0
LZ-GAS-006359,residential,166.1,155.0,237.0,25.0,21.3,0
LZ-GAS-006360,residential,133.9,135.3,205.0,16.5,5.5,0
LZ-GAS-006361,residential,255.7,259.1,423.0,27.3,19.9,0
LZ-GAS-006362,residential,149.0,165.7,260.0,8.1,2.8,0
LZ-GAS-006363,residential,20.0,22.2,0.0,31.5,17.5,0
LZ-GAS-006364,residential,124.1,109.1,154.0,26.8,18.9,0
LZ-GAS-006365,residential,165.8,172.6,268.0,24.0,22.2,0
LZ-GAS-006366,residential,158.9,163.7,256.0,30.5,13.0,0
LZ-GAS-006367,commercial,804.0,768.7,243.0,69.0,15.4,0
LZ-GAS-006368,residential,140.7,136.5,207.0,63.1,25.7,0
LZ-GAS-006369,residential,278.0,268.3,436.0,10.3,5.1,0
LZ-GAS-006370,industrial,1788.1,1776.1,130.0,7.9,2.8,0
LZ-GAS-006371,residential,227.8,210.8,336.0,45.0,14.4,0
LZ-GAS-006372,industrial,3251.8,3242.1,359.0,7.0,3.4,0
LZ-GAS-006373,residential,241.0,226.0,365.0,65.0,25.8,0
LZ-GAS-006374,residential,273.9,285.9,480.0,29.8,14.3,0
LZ-GAS-006375,residential,101.7,92.2,121.0,78.5,28.8,0
LZ-GAS-006376,residential,113.8,110.5,153.0,29.4,17.3,0
LZ-GAS-006377,commercial,824.8,858.9,288.0,43.2,14.9,0
LZ-GAS-006378,residential,188.2,194.8,308.0,5.1,10.5,0
LZ-GAS-006379,commercial,924.0,915.3,313.0,13.8,15.1,0
LZ-GAS-006380,residential,121.7,109.3,150.0,14.5,18.4,0
LZ-GAS-006381,residential,118.3,128.6,188.0,75.2,25.5,0
LZ-GAS-006382,industrial,4054.1,3907.9,445.0,79.5,24.6,0
LZ-GAS-006383,residential,195.6,206.6,327.0,51.0,14.3,0
LZ-GAS-006384,residential,205.1,203.8,327.0,50.2,16.6,0
LZ-GAS-006385,residential,233.3,218.0,350.0,61.0,21.2,0
LZ-GAS-006386,residential,103.6,290.6,476.0,35.3,16.0,1
LZ-GAS-006387,residential,154.6,148.8,220.0,74.7,18.2,0
LZ-GAS-006388,residential,167.8,178.6,281.0,18.7,8.7,0
LZ-GAS-006389,residential,39.6,40.1,31.0,73.0,23.2,0
LZ-GAS-006390,commercial,647.2,637.3,194.0,1.6,3.5,0
LZ-GAS-006391,residential,219.4,177.9,281.0,47.1,14.8,0
LZ-GAS-006392,commercial,920.0,948.3,323.0,49.3,19.9,0
LZ-GAS-006393,residential,106.7,110.1,144.0,60.7,16.5,0
LZ-GAS-006394,residential,56.6,59.5,61.0,14.5,11.8,0
LZ-GAS-006395,residential,105.7,98.5,128.0,27.4,7.7,0
LZ-GAS-006396,residential,22.1,23.0,0.0,73.7,25.4,0
LZ-GAS-006397,residential,77.9,79.9,98.0,15.8,4.6,0
LZ-GAS-006398,residential,146.1,147.3,219.0,23.7,17.5,0
LZ-GAS-006399,residential,182.8,186.0,299.0,46.2,21.0,0
LZ-GAS-006400,residential,620.2,259.6,429.0,79.0,30.0,1
LZ-GAS-006401,residential,176.9,163.7,258.0,26.5,8.6,0
LZ-GAS-006402,commercial,451.8,486.1,136.0,13.8,3.2,0
LZ-GAS-006403,industrial,2556.6,2555.1,264.0,9.9,2.2,0
LZ-GAS-006404,residential,128.7,129.4,187.0,79.0,24.6,0
LZ-GAS-006405,industrial,3261.3,3401.9,374.0,20.4,16.1,0
LZ-GAS-006406,commercial,956.6,1075.2,376.0,59.5,24.2,0
LZ-GAS-006407,residential,30.1,32.9,18.0,5.7,10.6,0
LZ-GAS-006408,industrial,2689.8,2311.0,200.0,34.3,8.7,0
LZ-GAS-006409,residential,300.5,289.0,480.0,46.7,22.8,0
LZ-GAS-006410,residential,237.9,241.2,394.0,58.8,24.1,0
LZ-GAS-006411,residential,140.3,143.6,209.0,50.7,16.0,0
LZ-GAS-006412,residential,21.1,24.6,0.0,33.8,2.3,0
LZ-GAS-006413,residential,201.0,201.2,325.0,13.2,5.5,0
LZ-GAS-006414,residential,183.2,184.4,286.0,33.2,13.6,0
LZ-GAS-006415,residential,139.2,142.2,215.0,37.1,22.7,0
LZ-GAS-006416,residential,194.9,209.5,341.0,25.3,13.3,0
LZ-GAS-006417,residential,183.5,176.0,271.0,11.6,8.5,0
LZ-GAS-006418,residential,173.3,193.7,310.0,70.8,30.0,0
LZ-GAS-006419,residential,123.1,134.4,201.0,15.5,17.2,0
LZ-GAS-006420,residential,146.5,142.3,211.0,30.2,15.3,0
LZ-GAS-006421,residential,176.2,183.6,284.0,36.9,18.1,0
LZ-GAS-006422,residential,137.9,125.4,190.0,13.2,15.2,0
LZ-GAS-006423,commercial,376.6,367.8,76.0,62.6,18.2,0
LZ-GAS-006424,commercial,351.6,357.2,68.0,12.9,11.1,0
LZ-GAS-006425,residential,199.5,175.1,268.0,66.6,20.6,0
LZ-GAS-006426,industrial,1796.0,1682.8,121.0,2.1,1.9,0
LZ-GAS-006427,residential,96.1,87.2,116.0,1.9,8.8,0
LZ-GAS-006428,residential,102.6,103.5,141.0,41.4,21.6,0
LZ-GAS-006429,residential,184.9,197.4,319.0,42.8,25.6,0
LZ-GAS-006430,commercial,185.4,200.3,0.0,36.7,18.8,0
LZ-GAS-006431,residential,23.4,24.1,0.0,73.4,29.7,0
LZ-GAS-006432,residential,171.7,161.3,253.0,60.0,20.1,0
LZ-GAS-006433,industrial,2388.9,2223.2,200.0,66.0,15.3,0
LZ-GAS-006434,residential,248.2,259.4,422.0,62.3,18.5,0
LZ-GAS-006435,residential,140.3,129.1,187.0,65.6,24.3,0
LZ-GAS-006436,residential,40.7,41.3,34.0,64.6,19.3,0
LZ-GAS-006437,residential,188.0,172.1,262.0,71.1,30.0,0
LZ-GAS-006438,residential,165.8,172.8,267.0,60.6,26.9,0
LZ-GAS-006439,residential,173.6,174.1,271.0,14.6,8.7,0
LZ-GAS-006440,commercial,759.5,831.0,272.0,41.1,24.5,0
LZ-GAS-006441,industrial,4900.2,4098.9,480.0,56.2,23.1,0
LZ-GAS-006442,industrial,1984.5,2098.4,179.0,40.7,24.0,0
LZ-GAS-006443,residential,180.4,177.5,277.0,40.6,15.3,0
LZ-GAS-006444,residential,140.9,145.9,219.0,25.7,16.2,0
LZ-GAS-006445,commercial,184.1,183.3,0.0,13.7,8.3,0
LZ-GAS-006446,industrial,1327.7,1336.4,66.0,72.2,24.1,0
LZ-GAS-006447,residential,86.1,82.1,104.0,29.2,18.8,0
LZ-GAS-006448,industrial,2010.8,2090.9,181.0,2.0,15.6,0
LZ-GAS-006449,residential,67.0,62.5,63.0,28.7,13.8,0
LZ-GAS-006450,residential,268.3,246.8,407.0,79.9,27.4,0
LZ-GAS-006451,residential,129.7,136.4,209.0,1.5,2.2,0
LZ-GAS-006452,residential,79.9,75.1,94.0,79.1,24.8,0
LZ-GAS-006453,residential,97.1,94.6,125.0,15.2,12.2,0
LZ-GAS-006454,residential,132.7,149.6,228.0,2.7,0.7,0
LZ-GAS-006455,commercial,542.0,511.4,138.0,79.5,23.8,0
LZ-GAS-006456,residential,69.1,70.4,80.0,20.8,5.9,0
LZ-GAS-006457,residential,60.7,58.2,59.0,77.9,26.4,0
LZ-GAS-006458,residential,143.1,144.7,216.0,20.7,15.5,0
LZ-GAS-006459,residential,276.6,272.4,447.0,28.3,14.7,0
LZ-GAS-006460,residential,27.5,26.0,0.0,78.5,24.3,0
LZ-GAS-006461,residential,122.9,116.5,168.0,20.6,6.4,0
LZ-GAS-006462,residential,141.8,146.8,223.0,65.6,14.7,0
LZ-GAS-006463,residential,144.3,85.2,110.0,67.0,22.9,1
LZ-GAS-006464,industrial,4022.4,3942.8,480.0,31.8,21.2,0
LZ-GAS-006465,residential,155.3,155.6,239.0,9.7,7.2,0
LZ-GAS-006466,commercial,155.2,164.6,0.0,64.6,21.9,0
LZ-GAS-006467,commercial,793.6,772.5,251.0,12.6,7.1,0
LZ-GAS-006468,residential,63.5,55.0,61.0,29.5,8.0,0
LZ-GAS-006469,commercial,797.3,927.5,320.0,16.1,15.1,0
LZ-GAS-006470,residential,137.8,147.4,218.0,71.9,27.4,0
LZ-GAS-006471,residential,225.0,226.0,371.0,22.4,4.6,0
LZ-GAS-006472,residential,80.5,75.8,91.0,43.9,11.1,0
LZ-GAS-006473,commercial,1363.2,825.8,266.0,53.8,25.9,1
LZ-GAS-006474,residential,289.9,262.9,429.0,21.1,7.1,0
LZ-GAS-006475,residential,139.4,124.8,183.0,45.5,17.2,0
LZ-GAS-006476,residential,71.1,70.6,82.0,57.4,15.5,0
LZ-GAS-006477,residential,115.5,117.6,169.0,78.7,27.2,0
LZ-GAS-006478,residential,141.0,160.2,245.0,34.5,10.9,0
LZ-GAS-006479,industrial,2124.7,2007.3,167.0,27.5,10.0,0
LZ-GAS-006480,residential,193.5,177.4,274.0,27.9,7.7,0
LZ-GAS-006481,industrial,1736.4,3267.6,365.0,44.7,26.3,1
LZ-GAS-006482,residential,80.4,82.2,106.0,25.3,24.8,0
LZ-GAS-006483,residential,30.6,30.1,12.0,32.7,15.3,0
LZ-GAS-006484,residential,71.9,76.1,97.0,51.2,22.0,0
LZ-GAS-006485,residential,32.0,27.7,5.0,58.9,23.5,0
LZ-GAS-006486,residential,99.3,88.3,113.0,57.9,20.5,0
LZ-GAS-006487,commercial,547.4,606.2,180.0,52.6,18.8,0
LZ-GAS-006488,residential,26.5,25.9,0.0,11.3,7.1,0
LZ-GAS-006489,residential,147.5,146.7,217.0,54.0,23.3,0
LZ-GAS-006490,residential,136.8,135.2,203.0,17.3,4.5,0
LZ-GAS-006491,residential,29.8,27.7,1.0,67.8,19.0,0
LZ-GAS-006492,industrial,1877.5,1903.4,152.0,71.8,27.4,0
LZ-GAS-006493,residential,24.2,23.1,0.0,22.1,4.8,0
LZ-GAS-006494,industrial,2626.0,2677.1,283.0,76.3,30.0,0
LZ-GAS-006495,residential,138.7,117.3,167.0,50.6,17.4,0
LZ-GAS-006496,commercial,788.8,814.3,265.0,58.6,21.6,0
LZ-GAS-006497,residential,220.7,237.5,384.0,58.2,27.0,0
LZ-GAS-006498,residential,185.8,180.1,289.0,53.3,19.1,0
LZ-GAS-006499,residential,127.7,137.8,201.0,11.0,9.4,0
LZ-GAS-006500,residential,152.3,159.2,240.0,47.1,15.0,0
LZ-GAS-006501,residential,97.8,99.7,140.0,78.1,28.0,0
LZ-GAS-006502,residential,131.3,131.4,196.0,66.0,25.9,0
LZ-GAS-006503,residential,267.7,263.7,427.0,36.1,10.9,0
LZ-GAS-006504,residential,96.4,95.3,125.0,78.6,28.8,0
LZ-GAS-006505,residential,126.1,126.4,185.0,72.0,28.7,0
LZ-GAS-006506,residential,160.6,150.3,229.0,35.5,17.2,0
LZ-GAS-006507,commercial,769.3,770.5,246.0,68.0,19.4,0
LZ-GAS-006508,residential,199.8,188.8,295.0,21.3,15.8,0
LZ-GAS-006509,commercial,305.0,295.5,50.0,11.7,15.5,0
LZ-GAS-006510,industrial,1866.0,1796.8,133.0,40.1,13.7,0
LZ-GAS-006511,commercial,565.9,620.2,187.0,64.8,13.5,0
LZ-GAS-006512,residential,144.9,150.2,235.0,55.9,16.6,0
LZ-GAS-006513,industrial,680.6,2721.0,279.0,24.8,12.3,1
LZ-GAS-006514,residential,150.4,161.9,251.0,39.4,22.1,0
LZ-GAS-006515,residential,149.8,141.2,207.0,61.6,27.2,0
LZ-GAS-006516,residential,73.0,69.6,80.0,58.4,23.9,0
LZ-GAS-006517,residential,55.1,53.8,50.0,76.0,22.0,0
LZ-GAS-006518,residential,45.9,47.1,45.0,11.9,12.7,0
LZ-GAS-006519,residential,204.8,193.7,304.0,59.0,20.8,0
LZ-GAS-006520,commercial,1103.5,1112.3,399.0,53.3,14.5,0
LZ-GAS-006521,residential,74.0,75.8,89.0,22.6,3.1,0
LZ-GAS-006522,residential,37.2,35.8,19.0,76.6,30.0,0
LZ-GAS-006523,commercial,532.8,553.6,150.0,39.6,8.1,0
LZ-GAS-006524,residential,159.9,151.9,225.0,51.1,24.8,0
LZ-GAS-006525,residential,96.2,97.2,127.0,79.4,30.0,0
LZ-GAS-006526,residential,119.0,114.4,166.0,43.0,17.0,0
LZ-GAS-006527,residential,162.1,177.9,282.0,53.2,15.3,0
LZ-GAS-006528,commercial,741.4,764.8,242.0,46.5,14.6,0
LZ-GAS-006529,commercial,484.7,512.4,137.0,67.2,19.6,0
LZ-GAS-006530,residential,38.4,42.2,30.0,53.8,21.3,0
LZ-GAS-006531,commercial,648.6,590.6,177.0,11.7,13.8,0
LZ-GAS-006532,residential,200.5,206.4,334.0,4.5,3.5,0
LZ-GAS-006533,commercial,187.2,180.5,0.0,72.1,22.5,0
LZ-GAS-006534,industrial,3292.8,3558.0,392.0,60.4,18.0,0
LZ-GAS-006535,industrial,2172.2,2245.7,218.0,10.1,14.1,0
LZ-GAS-006536,commercial,1277.5,1121.3,390.0,69.5,28.1,0
LZ-GAS-006537,residential,99.6,87.5,112.0,52.9,15.2,0
LZ-GAS-006538,industrial,1511.6,1486.5,94.0,48.6,16.7,0
LZ-GAS-006539,residential,34.0,32.7,24.0,60.2,21.9,0
LZ-GAS-006540,residential,134.9,150.4,226.0,74.3,16.0,0
LZ-GAS-006541,residential,145.5,138.0,213.0,24.2,9.5,0
LZ-GAS-006542,commercial,619.2,585.6,170.0,4.5,7.8,0
LZ-GAS-006543,residential,145.1,136.3,208.0,54.2,12.9,0
LZ-GAS-006544,commercial,794.4,777.8,254.0,25.0,13.3,0
LZ-GAS-006545,residential,76.2,79.1,95.0,57.6,20.7,0
LZ-GAS-006546,industrial,2603.6,2796.3,315.0,54.7,17.0,0
LZ-GAS-006547,industrial,754.6,800.7,0.0,54.0,24.5,0
LZ-GAS-006548,residential,92.6,98.3,136.0,65.0,17.8,0
LZ-GAS-006549,industrial,2542.4,2398.4,241.0,12.6,11.2,0
LZ-GAS-006550,residential,126.5,114.6,163.0,14.5,8.4,0
LZ-GAS-006551,residential,129.8,143.9,217.0,41.6,21.7,0
LZ-GAS-006552,residential,24.2,25.2,0.0,13.4,5.6,0
LZ-GAS-006553,residential,107.3,110.8,156.0,40.3,19.0,0
LZ-GAS-006554,industrial,2040.0,2127.9,189.0,21.4,14.4,0
LZ-GAS-006555,industrial,1160.8,1109.0,14.0,78.9,30.0,0
LZ-GAS-006556,residential,181.9,170.3,268.0,67.0,30.0,0
LZ-GAS-006557,commercial,275.6,269.4,36.0,63.1,14.5,0
LZ-GAS-006558,residential,69.8,73.1,88.0,69.4,23.0,0
LZ-GAS-006559,residential,42.2,41.8,28.0,19.6,5.7,0
LZ-GAS-006560,commercial,617.4,663.7,219.0,42.5,21.4,0
LZ-GAS-006561,residential,69.0,74.9,94.0,49.2,24.9,0
LZ-GAS-006562,residential,175.4,174.2,270.0,4.0,5.6,0
LZ-GAS-006563,residential,196.6,190.3,301.0,19.9,12.2,0
LZ-GAS-006564,residential,105.3,109.4,149.0,65.9,28.8,0
LZ-GAS-006565,commercial,797.4,787.0,263.0,20.6,12.2,0
LZ-GAS-006566,residential,270.6,260.1,419.0,72.5,23.5,0
LZ-GAS-006567,residential,27.9,25.8,0.0,37.7,7.6,0
LZ-GAS-006568,residential,23.8,24.2,0.0,40.0,12.6,0
LZ-GAS-006569,industrial,3430.2,3569.5,420.0,9.8,13.3,0
LZ-GAS-006570,residential,29.6,67.5,81.0,68.2,16.1,1
LZ-GAS-006571,industrial,3749.1,3968.9,480.0,32.7,15.6,0
LZ-GAS-006572,residential,191.7,193.3,306.0,17.7,11.5,0
LZ-GAS-006573,commercial,167.7,166.5,0.0,13.5,9.4,0
LZ-GAS-006574,residential,178.5,195.1,308.0,13.2,13.2,0
LZ-GAS-006575,residential,247.8,122.4,179.0,62.1,18.0,1
LZ-GAS-006576,residential,146.0,141.1,209.0,29.3,20.0,0
LZ-GAS-006577,residential,174.0,190.4,304.0,47.4,15.8,0
LZ-GAS-006578,residential,83.4,90.6,119.0,27.8,17.9,0
LZ-GAS-006579,residential,118.4,109.1,156.0,74.1,21.8,0
LZ-GAS-006580,residential,137.1,146.0,216.0,41.2,17.6,0
LZ-GAS-006581,residential,23.0,24.8,0.0,37.2,13.7,0
LZ-GAS-006582,residential,119.0,113.5,160.0,75.5,30.0,0
LZ-GAS-006583,residential,143.2,155.5,231.0,65.2,17.3,0
LZ-GAS-006584,residential,344.0,136.5,202.0,78.4,22.6,1
LZ-GAS-006585,industrial,2158.3,2248.3,216.0,61.3,28.4,0
LZ-GAS-006586,commercial,639.3,652.4,198.0,18.3,14.5,0
LZ-GAS-006587,residential,24.1,24.0,0.0,36.9,15.1,0
LZ-GAS-006588,residential,78.9,73.1,85.0,63.2,20.6,0
LZ-GAS-006589,industrial,992.0,1032.4,0.0,18.5,4.5,0
LZ-GAS-006590,residential,150.1,160.5,240.0,35.8,13.7,0
LZ-GAS-006591,commercial,944.3,953.2,323.0,10.3,10.3,0
LZ-GAS-006592,residential,147.4,146.1,220.0,35.4,20.7,0
LZ-GAS-006593,residential,29.1,27.2,0.0,44.5,21.7,0
LZ-GAS-006594,residential,104.4,110.0,152.0,14.0,16.5,0
LZ-GAS-006595,commercial,868.9,873.1,303.0,47.8,19.8,0
LZ-GAS-006596,residential,154.4,167.4,262.0,11.8,5.6,0
LZ-GAS-006597,industrial,2918.2,2809.3,299.0,39.6,14.3,0
LZ-GAS-006598,residential,446.5,192.4,307.0,55.4,27.3,1
LZ-GAS-006599,residential,63.2,60.3,64.0,58.4,21.2,0
LZ-GAS-006600,residential,152.4,154.1,233.0,34.6,21.5,0
LZ-GAS-006601,residential,138.8,155.7,242.0,13.8,1.8,0
LZ-GAS-006602,industrial,1459.1,1429.1,72.0,78.1,23.2,0
LZ-GAS-006603,residential,101.2,95.4,128.0,43.5,13.1,0
LZ-GAS-006604,residential,116.9,129.2,187.0,39.0,17.0,0
LZ-GAS-006605,residential,123.9,277.9,453.0,3.1,3.0,1
LZ-GAS-006606,residential,185.3,209.9,338.0,60.7,14.8,0
LZ-GAS-006607,residential,122.5,135.0,207.0,62.9,21.4,0
LZ-GAS-006608,residential,145.7,140.6,212.0,57.6,9.4,0
LZ-GAS-006609,commercial,152.1,179.1,0.0,36.6,12.3,0
LZ-GAS-006610,residential,142.0,139.6,210.0,37.1,17.4,0
LZ-GAS-006611,residential,190.4,208.2,334.0,65.8,16.9,0
LZ-GAS-006612,residential,55.6,107.1,153.0,74.6,24.4,1
LZ-GAS-006613,commercial,814.9,845.1,274.0,47.5,13.7,0
LZ-GAS-006614,residential,215.7,238.5,383.0,51.2,17.2,0
LZ-GAS-006615,residential,100.5,117.8,166.0,67.1,24.0,0
LZ-GAS-006616,industrial,954.8,883.5,8.0,27.1,15.1,0
LZ-GAS-006617,industrial,1994.1,2158.1,193.0,14.1,11.7,0
LZ-GAS-006618,residential,120.2,128.2,186.0,60.2,17.4,0
LZ-GAS-006619,industrial,3658.2,3947.9,480.0,49.3,25.8,0
LZ-GAS-006620,residential,147.4,131.5,194.0,27.3,14.5,0
LZ-GAS-006621,industrial,2196.4,2088.2,192.0,67.3,19.7,0
LZ-GAS-006622,residential,199.2,213.1,336.0,60.3,27.6,0
LZ-GAS-006623,residential,80.7,87.3,110.0,2.6,4.8,0
LZ-GAS-006624,commercial,568.3,571.7,162.0,40.5,25.7,0
LZ-GAS-006625,residential,120.5,123.3,186.0,56.3,24.2,0
LZ-GAS-006626,industrial,2228.9,2131.5,182.0,72.5,23.7,0
LZ-GAS-006627,residential,154.4,162.4,254.0,56.7,17.9,0
LZ-GAS-006628,commercial,761.2,738.3,227.0,18.9,6.7,0
LZ-GAS-006629,residential,27.2,27.5,0.0,12.1,5.3,0
LZ-GAS-006630,residential,198.0,219.4,349.0,77.1,24.0,0
LZ-GAS-006631,residential,106.4,105.9,147.0,68.8,29.8,0
LZ-GAS-006632,commercial,943.6,874.9,295.0,33.9,15.4,0
LZ-GAS-006633,residential,145.8,145.0,217.0,32.9,13.9,0
LZ-GAS-006634,commercial,830.4,864.6,283.0,61.3,23.5,0
LZ-GAS-006635,industrial,3640.7,3116.5,376.0,51.5,17.4,0
LZ-GAS-006636,residential,116.9,123.1,181.0,21.1,5.3,0
LZ-GAS-006637,commercial,499.3,547.5,149.0,38.9,8.6,0
LZ-GAS-006638,residential,165.7,165.1,256.0,78.3,30.0,0
LZ-GAS-006639,commercial,638.2,664.5,194.0,36.0,13.7,0
LZ-GAS-006640,commercial,1248.3,1227.8,436.0,1.7,14.4,0
LZ-GAS-006641,residential,117.8,123.9,178.0,8.4,17.5,0
LZ-GAS-006642,commercial,559.0,504.1,132.0,12.2,10.5,0
LZ-GAS-006643,residential,278.5,280.7,463.0,52.2,22.9,0
LZ-GAS-006644,residential,97.0,93.7,120.0,29.4,11.7,0
LZ-GAS-006645,industrial,2702.5,2887.8,309.0,52.8,18.7,0
LZ-GAS-006646,residential,94.1,95.1,131.0,22.9,12.3,0
LZ-GAS-006647,residential,175.3,183.9,294.0,63.4,22.0,0
LZ-GAS-006648,residential,243.7,252.4,413.0,39.8,23.4,0
LZ-GAS-006649,industrial,3550.4,3333.2,388.0,74.9,24.4,0
LZ-GAS-006650,industrial,1988.8,1856.1,159.0,61.2,25.8,0
LZ-GAS-006651,residential,163.5,181.2,283.0,38.3,16.3,0
LZ-GAS-006652,residential,212.6,225.1,365.0,77.8,28.7,0
LZ-GAS-006653,residential,161.5,150.0,228.0,25.8,21.6,0
LZ-GAS-006654,commercial,1214.5,1290.1,452.0,37.5,7.9,0
LZ-GAS-006655,residential,256.4,253.5,414.0,28.5,19.0,0
LZ-GAS-006656,commercial,1196.2,1213.9,434.0,2.6,3.7,0
LZ-GAS-006657,industrial,2352.0,2309.8,217.0,24.8,13.3,0
LZ-GAS-006658,residential,158.3,169.1,266.0,5.7,5.9,0
LZ-GAS-006659,residential,58.9,57.2,58.0,9.2,6.1,0
LZ-GAS-006660,industrial,1620.8,1588.0,100.0,9.5,1.9,0
LZ-GAS-006661,residential,182.3,186.8,289.0,29.7,0.5,0
LZ-GAS-006662,residential,92.4,93.0,122.0,44.5,27.8,0
LZ-GAS-006663,commercial,757.4,710.0,220.0,45.3,21.7,0
LZ-GAS-006664,residential,70.7,68.0,77.0,50.9,17.7,0
LZ-GAS-006665,residential,102.1,93.7,124.0,15.0,0.7,0
LZ-GAS-006666,residential,67.0,56.1,58.0,23.2,15.3,0
LZ-GAS-006667,residential,155.2,160.9,254.0,10.1,16.5,0
LZ-GAS-006668,residential,86.5,90.0,120.0,72.4,26.4,0
LZ-GAS-006669,commercial,703.3,745.5,233.0,12.6,0.9,0
LZ-GAS-006670,residential,80.1,186.3,291.0,50.5,16.2,1
LZ-GAS-006671,industrial,1777.3,2011.5,169.0,39.6,17.4,0
LZ-GAS-006672,residential,155.4,144.5,218.0,6.0,7.3,0
LZ-GAS-006673,commercial,1326.4,1324.1,480.0,66.4,28.2,0
LZ-GAS-006674,residential,172.0,182.2,287.0,40.5,11.5,0
LZ-GAS-006675,residential,255.1,253.9,421.0,44.8,14.2,0
LZ-GAS-006676,residential,220.8,254.6,410.0,60.0,8.8,0
LZ-GAS-006677,residential,196.6,205.3,329.0,24.5,17.9,0
LZ-GAS-006678,residential,182.0,182.0,285.0,31.0,17.0,0
LZ-GAS-006679,residential,31.0,29.7,7.0,11.5,6.9,0
LZ-GAS-006680,residential,178.6,177.1,280.0,70.2,14.8,0
LZ-GAS-006681,industrial,1314.7,1394.3,88.0,30.6,18.1,0
LZ-GAS-006682,residential,44.7,47.3,43.0,67.9,16.1,0
LZ-GAS-006683,residential,141.2,138.8,207.0,68.2,16.8,0
LZ-GAS-006684,commercial,1175.4,1064.0,364.0,32.5,4.6,0
LZ-GAS-006685,residential,181.6,184.8,293.0,47.7,10.9,0
LZ-GAS-006686,residential,181.2,194.9,311.0,19.0,6.1,0
LZ-GAS-006687,residential,182.8,198.1,318.0,38.5,10.3,0
LZ-GAS-006688,residential,199.4,199.8,317.0,25.2,17.8,0
LZ-GAS-006689,industrial,1231.7,1438.2,81.0,74.4,28.2,0
LZ-GAS-006690,residential,62.8,67.8,75.0,53.6,19.8,0
LZ-GAS-006691,commercial,709.1,744.7,228.0,71.8,21.2,0
LZ-GAS-006692,residential,231.3,219.6,352.0,19.9,10.8,0
LZ-GAS-006693,commercial,682.2,685.2,212.0,16.5,3.6,0
LZ-GAS-006694,commercial,484.1,460.4,120.0,0.2,8.1,0
LZ-GAS-006695,residential,114.0,106.4,147.0,46.9,13.1,0
LZ-GAS-006696,residential,101.7,109.9,155.0,23.5,9.4,0
LZ-GAS-006697,industrial,1834.9,1785.3,132.0,22.0,13.2,0
LZ-GAS-006698,residential,63.9,68.5,76.0,36.1,10.7,0
LZ-GAS-006699,industrial,8199.7,3609.8,424.0,45.4,10.4,1
LZ-GAS-006700,residential,156.5,158.2,240.0,60.1,26.2,0
LZ-GAS-006701,residential,27.1,26.8,3.0,70.9,15.1,0
LZ-GAS-006702,residential,164.8,154.0,240.0,15.5,3.5,0
LZ-GAS-006703,residential,174.3,183.5,285.0,39.5,10.0,0
LZ-GAS-006704,commercial,913.2,961.3,326.0,73.5,20.8,0
LZ-GAS-006705,residential,65.5,69.9,84.0,25.4,11.7,0
LZ-GAS-006706,residential,26.6,26.2,0.0,44.4,1.0,0
LZ-GAS-006707,commercial,1399.2,1345.8,480.0,35.6,12.4,0
LZ-GAS-006708,commercial,277.0,280.7,48.0,59.9,28.0,0
LZ-GAS-006709,residential,45.6,42.7,33.0,58.3,26.6,0
LZ-GAS-006710,residential,141.0,154.3,240.0,31.9,18.4,0
LZ-GAS-006711,commercial,1122.0,1039.5,360.0,21.2,10.9,0
LZ-GAS-006712,residential,231.4,215.1,345.0,50.4,19.7,0
LZ-GAS-006713,residential,163.9,85.3,109.0,74.7,21.9,1
LZ-GAS-006714,residential,371.1,145.4,219.0,32.1,5.6,1
LZ-GAS-006715,residential,93.3,93.9,120.0,40.0,17.8,0
LZ-GAS-006716,residential,127.9,144.9,215.0,19.8,16.4,0
LZ-GAS-006717,industrial,1753.8,1747.5,127.0,71.0,25.3,0
LZ-GAS-006718,residential,285.2,289.6,480.0,4.3,6.9,0
LZ-GAS-006719,industrial,7305.4,3304.8,370.0,30.5,18.0,1
LZ-GAS-006720,commercial,587.0,630.0,191.0,7.2,9.4,0
LZ-GAS-006721,residential,145.2,132.2,198.0,35.3,20.5,0
LZ-GAS-006722,residential,216.9,242.5,396.0,48.0,15.9,0
LZ-GAS-006723,residential,100.1,95.5,126.0,8.8,0.0,0
LZ-GAS-006724,residential,134.4,123.3,181.0,53.3,21.8,0
LZ-GAS-006725,residential,97.4,106.3,155.0,21.3,15.8,0
LZ-GAS-006726,residential,151.0,146.7,219.0,16.9,6.3,0
LZ-GAS-006727,residential,228.9,264.8,437.0,27.0,13.9,0
LZ-GAS-006728,industrial,1978.3,1810.0,132.0,74.3,28.2,0
LZ-GAS-006729,commercial,321.9,313.0,54.0,70.6,9.9,0
LZ-GAS-006730,commercial,364.3,330.0,69.0,24.1,24.4,0
LZ-GAS-006731,residential,219.9,96.6,134.0,2.5,10.6,1
LZ-GAS-006732,residential,46.6,42.7,34.0,7.8,6.9,0
LZ-GAS-006733,commercial,283.6,275.5,53.0,36.2,9.2,0
LZ-GAS-006734,residential,90.5,86.8,105.0,2.0,0.0,0
LZ-GAS-006735,residential,191.4,178.0,280.0,55.0,30.0,0
LZ-GAS-006736,commercial,684.6,769.5,248.0,47.9,16.3,0
LZ-GAS-006737,residential,128.9,114.7,168.0,33.0,17.8,0
LZ-GAS-006738,residential,166.8,169.9,263.0,12.0,5.7,0
LZ-GAS-006739,residential,141.7,147.5,220.0,76.4,23.5,0
LZ-GAS-006740,residential,145.6,138.2,200.0,29.5,16.7,0
LZ-GAS-006741,residential,84.1,78.5,99.0,19.7,6.2,0
LZ-GAS-006742,residential,97.3,203.5,319.0,78.8,25.3,1
LZ-GAS-006743,commercial,622.5,691.7,211.0,60.1,20.0,0
LZ-GAS-006744,commercial,248.5,611.3,188.0,43.4,19.3,1
LZ-GAS-006745,commercial,568.7,598.1,167.0,28.1,17.4,0
LZ-GAS-006746,commercial,736.2,733.8,234.0,64.7,21.3,0
LZ-GAS-006747,residential,134.2,137.9,203.0,56.2,27.1,0
LZ-GAS-006748,residential,57.5,56.2,55.0,70.8,21.3,0
LZ-GAS-006749,commercial,505.7,503.0,136.0,78.2,23.6,0
LZ-GAS-006750,residential,54.5,56.7,59.0,46.4,18.0,0
LZ-GAS-006751,residential,26.1,26.5,0.0,66.2,21.2,0
LZ-GAS-006752,residential,44.9,48.4,45.0,73.1,28.2,0
LZ-GAS-006753,residential,288.3,287.2,480.0,16.4,0.0,0
LZ-GAS-006754,residential,26.7,27.5,0.0,50.2,9.6,0
LZ-GAS-006755,residential,137.7,134.8,200.0,67.9,11.9,0
LZ-GAS-006756,commercial,1529.2,952.1,312.0,64.0,29.1,1
LZ-GAS-006757,residential,120.6,127.2,191.0,59.2,25.0,0
LZ-GAS-006758,residential,129.0,134.9,200.0,36.8,11.7,0
LZ-GAS-006759,commercial,446.4,375.4,81.0,69.2,25.3,0
LZ-GAS-006760,residential,88.6,88.7,119.0,39.3,6.8,0
LZ-GAS-006761,residential,91.3,94.4,121.0,23.5,10.3,0
LZ-GAS-006762,residential,50.8,58.5,61.0,35.5,22.4,0
LZ-GAS-006763,commercial,654.1,619.9,194.0,66.0,25.8,0
LZ-GAS-006764,commercial,830.7,898.8,296.0,6.3,18.4,0
LZ-GAS-006765,residential,214.1,204.7,332.0,1.0,3.7,0
LZ-GAS-006766,residential,124.4,266.2,438.0,5.1,13.1,1
LZ-GAS-006767,residential,192.3,186.6,292.0,10.6,9.2,0
LZ-GAS-006768,residential,330.6,293.7,480.0,18.6,12.3,0
LZ-GAS-006769,commercial,689.1,746.9,239.0,11.0,10.1,0
LZ-GAS-006770,residential,57.8,64.8,72.0,1.5,10.3,0
LZ-GAS-006771,residential,38.8,39.4,28.0,21.6,18.2,0
LZ-GAS-006772,commercial,738.5,773.6,251.0,48.3,18.4,0
LZ-GAS-006773,residential,208.8,206.8,328.0,59.5,22.8,0
LZ-GAS-006774,residential,207.4,214.3,340.0,37.9,15.0,0
LZ-GAS-006775,residential,145.4,149.3,223.0,74.1,26.0,0
LZ-GAS-006776,residential,247.3,236.1,393.0,3.5,2.8,0
LZ-GAS-006777,commercial,283.3,736.9,227.0,70.4,28.7,1
LZ-GAS-006778,commercial,559.3,583.6,169.0,3.8,10.6,0
LZ-GAS-006779,commercial,620.0,640.9,199.0,48.0,19.7,0
LZ-GAS-006780,residential,143.4,150.9,232.0,16.4,10.1,0
LZ-GAS-006781,residential,166.1,186.2,301.0,57.4,17.0,0
LZ-GAS-006782,residential,61.1,59.1,60.0,59.8,16.2,0
LZ-GAS-006783,residential,68.8,69.8,82.0,65.1,16.7,0
LZ-GAS-006784,commercial,1161.1,1077.4,373.0,23.6,7.9,0
LZ-GAS-006785,residential,115.7,118.6,173.0,12.6,13.9,0
LZ-GAS-006786,industrial,2974.5,3264.3,374.0,60.8,23.4,0
LZ-GAS-006787,residential,182.6,194.0,305.0,55.0,12.6,0
LZ-GAS-006788,commercial,804.4,817.8,261.0,36.4,10.2,0
LZ-GAS-006789,residential,216.8,233.3,379.0,34.6,21.5,0
LZ-GAS-006790,residential,122.5,135.3,201.0,40.1,24.6,0
LZ-GAS-006791,commercial,1113.7,926.5,307.0,76.4,29.5,0
LZ-GAS-006792,residential,216.0,209.1,328.0,10.1,19.4,0
LZ-GAS-006793,commercial,1050.6,1046.2,359.0,47.6,14.5,0
LZ-GAS-006794,commercial,376.8,412.2,97.0,68.7,25.5,0
LZ-GAS-006795,residential,124.5,144.4,218.0,8.1,4.9,0
LZ-GAS-006796,residential,255.7,257.1,420.0,59.4,30.0,0
LZ-GAS-006797,residential,182.2,198.4,316.0,65.5,24.7,0
LZ-GAS-006798,industrial,3309.3,3525.4,401.0,19.9,13.3,0
LZ-GAS-006799,residential,286.0,259.9,425.0,27.5,15.0,0
LZ-GAS-006800,residential,39.5,104.1,146.0,34.2,11.3,1
LZ-GAS-006801,residential,63.7,148.5,220.0,79.1,25.7,1
LZ-GAS-006802,industrial,3715.8,3738.5,413.0,72.6,12.8,0
LZ-GAS-006803,industrial,2880.1,2763.7,294.0,74.3,22.5,0
LZ-GAS-006804,residential,90.1,86.2,108.0,29.3,8.5,0
LZ-GAS-006805,residential,171.9,177.3,283.0,70.8,28.0,0
LZ-GAS-006806,commercial,789.9,854.4,276.0,39.7,23.0,0
LZ-GAS-006807,residential,107.9,106.2,154.0,47.8,19.6,0
LZ-GAS-006808,commercial,611.8,615.4,173.0,52.7,14.2,0
LZ-GAS-006809,commercial,900.4,1020.1,344.0,59.0,15.5,0
LZ-GAS-006810,commercial,884.6,916.6,317.0,26.8,16.8,0
LZ-GAS-006811,industrial,1435.7,1375.8,79.0,29.8,12.4,0
LZ-GAS-006812,residential,80.9,77.8,103.0,10.0,7.5,0
LZ-GAS-006813,industrial,2199.5,2224.1,182.0,69.6,18.2,0
LZ-GAS-006814,residential,153.2,152.0,225.0,36.2,16.6,0
LZ-GAS-006815,residential,141.4,142.7,213.0,76.8,26.6,0
LZ-GAS-006816,residential,86.6,85.0,113.0,21.2,15.7,0
LZ-GAS-006817,commercial,853.8,817.0,264.0,50.3,14.2,0
LZ-GAS-006818,residential,22.5,25.5,0.0,79.8,26.1,0
LZ-GAS-006819,residential,94.2,87.9,110.0,55.9,13.1,0
LZ-GAS-006820,residential,144.1,152.5,224.0,71.6,25.4,0
LZ-GAS-006821,commercial,707.9,724.2,220.0,74.6,25.0,0
LZ-GAS-006822,residential,151.3,140.6,206.0,42.8,15.2,0
LZ-GAS-006823,residential,166.2,172.0,267.0,14.6,14.6,0
LZ-GAS-006824,commercial,624.6,763.6,244.0,50.3,12.5,0
LZ-GAS-006825,industrial,2269.5,2135.5,179.0,52.2,27.3,0
LZ-GAS-006826,commercial,1100.0,1213.0,430.0,25.7,14.9,0
LZ-GAS-006827,commercial,674.4,671.6,207.0,14.7,13.0,0
LZ-GAS-006828,commercial,1284.0,1316.7,480.0,27.9,14.8,0
LZ-GAS-006829,residential,24.4,23.9,2.0,62.4,18.4,0
LZ-GAS-006830,residential,194.8,209.1,337.0,25.5,9.9,0
LZ-GAS-006831,commercial,312.7,296.2,55.0,63.6,27.2,0
LZ-GAS-006832,residential,23.4,22.5,0.0,29.0,13.6,0
LZ-GAS-006833,residential,72.8,75.3,92.0,64.2,24.1,0
LZ-GAS-006834,residential,23.4,22.8,0.0,48.7,16.8,0
LZ-GAS-006835,residential,109.7,108.9,152.0,75.2,29.5,0
LZ-GAS-006836,industrial,2458.7,2253.8,207.0,18.1,14.3,0
LZ-GAS-006837,residential,76.9,72.8,86.0,61.6,15.2,0
LZ-GAS-006838,residential,116.6,109.3,158.0,35.9,25.3,0
LZ-GAS-006839,residential,172.0,179.8,279.0,16.5,15.8,0
LZ-GAS-006840,residential,88.9,97.5,136.0,13.3,14.0,0
LZ-GAS-006841,residential,217.2,212.0,342.0,19.7,13.0,0
LZ-GAS-006842,residential,92.4,93.3,123.0,54.3,19.7,0
LZ-GAS-006843,industrial,3554.7,3855.3,464.0,68.0,27.8,0
LZ-GAS-006844,residential,156.7,148.4,216.0,24.3,25.6,0
LZ-GAS-006845,residential,51.1,50.0,44.0,27.2,12.8,0
LZ-GAS-006846,residential,196.7,197.6,313.0,9.8,3.3,0
LZ-GAS-006847,residential,167.7,165.6,251.0,42.4,16.9,0
LZ-GAS-006848,residential,35.2,33.6,23.0,8.8,9.0,0
LZ-GAS-006849,commercial,1415.3,1339.5,476.0,25.1,17.6,0
LZ-GAS-006850,residential,106.0,112.2,162.0,72.5,18.3,0
LZ-GAS-006851,residential,174.6,185.6,295.0,41.4,14.5,0
LZ-GAS-006852,commercial,1289.8,1302.2,480.0,24.8,11.0,0
LZ-GAS-006853,commercial,433.0,506.8,130.0,60.3,26.4,0
LZ-GAS-006854,industrial,1856.4,1708.4,125.0,0.1,12.1,0
LZ-GAS-006855,residential,161.3,176.4,281.0,59.1,22.2,0
LZ-GAS-006856,residential,24.1,24.8,0.0,64.5,28.0,0
LZ-GAS-006857,residential,227.8,227.6,364.0,38.9,16.7,0
LZ-GAS-006858,residential,85.0,81.6,106.0,17.0,11.2,0
LZ-GAS-006859,residential,249.1,250.4,409.0,17.9,0.0,0
LZ-GAS-006860,residential,221.5,233.7,383.0,72.0,19.8,0
LZ-GAS-006861,residential,64.6,64.8,73.0,57.3,15.0,0
LZ-GAS-006862,residential,66.6,54.8,47.0,77.9,28.1,0
LZ-GAS-006863,residential,261.1,237.9,387.0,15.3,10.6,0
LZ-GAS-006864,residential,52.6,56.2,59.0,33.6,9.3,0
LZ-GAS-006865,residential,153.0,151.2,225.0,62.6,22.2,0
LZ-GAS-006866,commercial,821.9,833.7,283.0,46.9,17.4,0
LZ-GAS-006867,residential,208.2,209.9,336.0,38.7,17.9,0
LZ-GAS-006868,commercial,723.7,739.1,228.0,10.6,6.1,0
LZ-GAS-006869,residential,100.5,85.6,116.0,75.4,21.5,0
LZ-GAS-006870,residential,201.7,208.9,332.0,17.0,16.7,0
LZ-GAS-006871,industrial,2861.9,2909.7,284.0,57.6,19.3,0
LZ-GAS-006872,residential,240.5,230.0,367.0,48.3,23.5,0
LZ-GAS-006873,commercial,397.9,370.1,85.0,62.6,17.4,0
LZ-GAS-006874,residential,254.2,261.6,428.0,61.7,20.5,0
LZ-GAS-006875,industrial,3076.9,2760.5,292.0,36.9,13.8,0
LZ-GAS-006876,residential,202.1,123.1,180.0,43.0,12.1,1
LZ-GAS-006877,residential,176.5,195.6,304.0,6.3,11.4,0
LZ-GAS-006878,residential,143.6,140.9,210.0,60.1,14.4,0
LZ-GAS-006879,residential,26.6,25.0,0.0,22.5,13.0,0
LZ-GAS-006880,residential,89.9,99.3,135.0,9.5,0.0,0
LZ-GAS-006881,residential,174.8,169.7,267.0,3.5,10.6,0
LZ-GAS-006882,residential,168.4,164.8,259.0,23.4,12.3,0
LZ-GAS-006883,residential,161.5,163.0,252.0,10.5,14.5,0
LZ-GAS-006884,residential,94.4,91.5,120.0,13.5,19.7,0
LZ-GAS-006885,residential,68.2,71.1,84.0,32.3,10.8,0
LZ-GAS-006886,residential,100.9,117.9,163.0,27.7,13.2,0
LZ-GAS-006887,residential,184.5,161.2,245.0,21.5,5.1,0
LZ-GAS-006888,residential,141.0,137.4,206.0,14.4,7.5,0
LZ-GAS-006889,residential,335.0,170.4,265.0,48.8,18.7,1
LZ-GAS-006890,residential,97.0,100.5,130.0,43.1,17.1,0
LZ-GAS-006891,residential,112.2,106.5,142.0,31.3,18.0,0
LZ-GAS-006892,commercial,505.3,524.7,139.0,15.5,12.5,0
LZ-GAS-006893,industrial,2021.0,1996.4,181.0,62.8,26.8,0
LZ-GAS-006894,residential,115.0,100.5,140.0,8.1,4.8,0
LZ-GAS-006895,residential,135.0,140.4,211.0,30.6,14.5,0
LZ-GAS-006896,residential,108.0,112.8,158.0,16.5,5.0,0
LZ-GAS-006897,residential,251.8,243.5,396.0,58.1,19.8,0
LZ-GAS-006898,industrial,1649.6,1759.4,125.0,42.8,3.1,0
LZ-GAS-006899,industrial,3408.5,1376.8,95.0,72.8,23.8,1
LZ-GAS-006900,commercial,835.5,842.1,275.0,53.3,19.7,0
LZ-GAS-006901,commercial,3189.0,1246.4,438.0,51.6,16.7,1
LZ-GAS-006902,residential,135.7,135.6,199.0,6.3,5.7,0
LZ-GAS-006903,residential,59.7,58.1,60.0,0.9,0.0,0
LZ-GAS-006904,residential,199.4,200.3,320.0,51.3,15.7,0
LZ-GAS-006905,residential,74.9,68.9,81.0,62.8,18.8,0
LZ-GAS-006906,residential,161.1,139.0,211.0,69.0,24.5,0
LZ-GAS-006907,residential,121.0,125.5,183.0,79.1,28.2,0
LZ-GAS-006908,industrial,1386.0,1397.9,63.0,70.1,21.4,0
LZ-GAS-006909,residential,210.5,204.3,326.0,44.2,16.4,0
LZ-GAS-006910,residential,153.5,173.2,264.0,55.0,21.6,0
LZ-GAS-006911,residential,124.6,133.3,198.0,28.3,8.7,0
LZ-GAS-006912,residential,168.1,164.3,255.0,78.2,30.0,0
LZ-GAS-006913,residential,61.4,62.0,63.0,78.0,30.0,0
LZ-GAS-006914,residential,130.6,120.7,178.0,56.6,22.1,0
LZ-GAS-006915,industrial,2543.0,2567.3,261.0,18.5,8.3,0
LZ-GAS-006916,residential,185.8,193.3,311.0,45.0,18.4,0
LZ-GAS-006917,residential,24.6,25.0,0.0,54.7,25.6,0
LZ-GAS-006918,residential,195.3,176.6,279.0,65.1,28.7,0
LZ-GAS-006919,residential,60.0,66.4,78.0,51.6,12.3,0
LZ-GAS-006920,residential,22.5,23.5,0.0,63.9,23.7,0
LZ-GAS-006921,residential,211.4,202.0,324.0,62.1,18.0,0
LZ-GAS-006922,residential,208.2,226.1,363.0,52.3,17.0,0
LZ-GAS-006923,residential,58.1,72.1,81.0,9.3,9.8,0
LZ-GAS-006924,residential,531.2,210.8,325.0,59.0,23.5,1
LZ-GAS-006925,residential,161.5,150.0,226.0,37.5,14.1,0
LZ-GAS-006926,commercial,1093.4,972.3,323.0,63.9,17.8,0
LZ-GAS-006927,residential,320.6,280.6,468.0,8.7,7.3,0
LZ-GAS-006928,residential,89.7,235.6,382.0,39.2,10.7,1
LZ-GAS-006929,industrial,2496.3,2450.6,241.0,25.4,21.1,0
LZ-GAS-006930,residential,71.4,62.2,67.0,38.6,7.9,0
LZ-GAS-006931,residential,96.5,93.9,124.0,78.6,28.7,0
LZ-GAS-006932,residential,130.1,121.2,176.0,61.6,22.0,0
LZ-GAS-006933,residential,35.2,99.5,137.0,70.5,23.7,1
LZ-GAS-006934,residential,180.3,170.5,267.0,67.1,17.6,0
LZ-GAS-006935,residential,194.1,188.5,299.0,5.0,4.9,0
LZ-GAS-006936,residential,289.1,280.6,463.0,57.7,18.8,0
LZ-GAS-006937,residential,256.7,227.1,373.0,59.5,18.2,0
LZ-GAS-006938,residential,63.1,55.9,50.0,60.6,20.0,0
LZ-GAS-006939,residential,308.2,291.1,480.0,20.2,11.7,0
LZ-GAS-006940,commercial,658.5,691.4,218.0,29.9,11.3,0
LZ-GAS-006941,residential,105.1,117.4,164.0,51.8,21.2,0
LZ-GAS-006942,residential,7.5,26.1,0.0,21.8,15.1,1
LZ-GAS-006943,residential,144.1,153.9,238.0,40.5,13.5,0
LZ-GAS-006944,residential,313.9,287.4,480.0,33.0,17.9,0
LZ-GAS-006945,residential,172.2,146.8,220.0,6.1,7.8,0
LZ-GAS-006946,industrial,728.4,2756.8,294.0,5.8,4.7,1
LZ-GAS-006947,residential,211.2,178.3,278.0,16.4,12.5,0
LZ-GAS-006948,commercial,1042.5,1037.9,360.0,36.3,20.7,0
LZ-GAS-006949,residential,93.8,96.7,125.0,73.2,22.7,0
LZ-GAS-006950,commercial,412.8,437.5,115.0,61.0,12.2,0
LZ-GAS-006951,residential,206.2,197.3,308.0,24.6,16.0,0
LZ-GAS-006952,commercial,937.2,1010.7,350.0,62.9,26.7,0
LZ-GAS-006953,residential,97.0,99.2,134.0,64.7,16.6,0
LZ-GAS-006954,residential,47.5,180.9,276.0,74.2,23.9,1
LZ-GAS-006955,commercial,949.8,1019.2,356.0,56.1,22.3,0
LZ-GAS-006956,commercial,806.6,815.1,272.0,49.4,6.5,0
LZ-GAS-006957,residential,134.2,114.6,167.0,53.6,23.3,0
LZ-GAS-006958,industrial,4358.1,3862.5,480.0,6.0,11.1,0
LZ-GAS-006959,commercial,1207.1,1174.0,418.0,47.6,21.9,0
LZ-GAS-006960,industrial,7401.3,3085.8,309.0,3.4,14.3,1
LZ-GAS-006961,residential,140.1,135.9,204.0,50.7,13.4,0
LZ-GAS-006962,industrial,693.7,1236.4,55.0,53.3,24.0,1
LZ-GAS-006963,commercial,723.4,585.6,164.0,30.2,24.9,0
LZ-GAS-006964,industrial,2366.2,2425.9,228.0,13.9,0.0,0
LZ-GAS-006965,residential,78.7,72.5,94.0,41.2,14.4,0
LZ-GAS-006966,residential,230.7,224.5,361.0,12.5,12.6,0
LZ-GAS-006967,commercial,348.2,341.8,57.0,30.5,10.0,0
LZ-GAS-006968,residential,303.8,270.7,441.0,56.5,10.9,0
LZ-GAS-006969,residential,100.9,115.1,170.0,2.6,8.1,0
LZ-GAS-006970,residential,98.5,91.0,119.0,74.8,25.5,0
LZ-GAS-006971,industrial,2190.1,2192.8,185.0,70.9,20.0,0
LZ-GAS-006972,residential,170.0,186.3,290.0,29.3,14.5,0
LZ-GAS-006973,residential,274.1,222.9,362.0,65.8,26.9,0
LZ-GAS-006974,residential,67.1,67.5,76.0,65.3,27.3,0
LZ-GAS-006975,residential,188.1,195.8,309.0,56.8,22.2,0
LZ-GAS-006976,residential,105.3,113.2,162.0,33.5,8.1,0
LZ-GAS-006977,residential,53.7,49.0,43.0,29.0,11.6,0
LZ-GAS-006978,residential,61.3,62.7,68.0,16.3,0.0,0
LZ-GAS-006979,residential,237.5,233.8,382.0,64.2,16.6,0
LZ-GAS-006980,residential,48.9,46.4,40.0,53.7,20.1,0
LZ-GAS-006981,commercial,484.0,499.9,137.0,77.4,28.0,0
LZ-GAS-006982,residential,182.7,151.9,225.0,49.5,18.1,0
LZ-GAS-006983,residential,275.5,257.2,421.0,0.3,5.9,0
LZ-GAS-006984,commercial,194.2,194.4,0.0,16.0,0.1,0
LZ-GAS-006985,residential,150.0,157.8,240.0,3.6,0.3,0
LZ-GAS-006986,residential,150.3,160.2,242.0,23.2,5.9,0
LZ-GAS-006987,commercial,164.6,173.5,0.0,45.9,14.4,0
LZ-GAS-006988,residential,129.0,113.6,160.0,44.1,13.9,0
LZ-GAS-006989,residential,36.6,118.9,175.0,48.5,28.9,1
LZ-GAS-006990,commercial,877.2,890.4,294.0,29.4,18.2,0
LZ-GAS-006991,residential,307.6,122.4,176.0,73.1,19.0,1
LZ-GAS-006992,residential,98.4,101.9,146.0,35.0,11.2,0
LZ-GAS-006993,residential,149.6,156.7,246.0,18.9,7.8,0
LZ-GAS-006994,residential,206.6,222.5,363.0,33.0,11.1,0
LZ-GAS-006995,residential,122.2,49.7,43.0,30.8,10.9,1
LZ-GAS-006996,residential,160.8,147.2,225.0,14.4,0.0,0
LZ-GAS-006997,commercial,653.0,624.8,188.0,45.9,23.1,0
LZ-GAS-006998,residential,146.0,136.3,210.0,42.2,19.7,0
LZ-GAS-006999,residential,212.2,219.0,341.0,1.2,9.3,0
LZ-GAS-007000,residential,97.5,99.7,137.0,24.0,12.3,0
LZ-GAS-007001,residential,34.5,32.2,18.0,9.4,10.5,0
LZ-GAS-007002,residential,150.0,125.3,188.0,27.1,10.7,0
LZ-GAS-007003,commercial,334.7,306.6,46.0,13.4,0.0,0
LZ-GAS-007004,residential,256.1,264.5,436.0,5.4,7.7,0
LZ-GAS-007005,commercial,1228.0,1150.8,403.0,29.7,13.3,0
LZ-GAS-007006,residential,56.5,66.3,74.0,3.3,0.0,0
LZ-GAS-007007,residential,150.3,144.0,217.0,5.4,0.0,0
LZ-GAS-007008,residential,28.4,26.2,0.0,57.9,25.9,0
LZ-GAS-007009,residential,130.5,135.7,193.0,17.9,5.1,0
LZ-GAS-007010,commercial,515.2,539.8,153.0,61.2,20.0,0
LZ-GAS-007011,industrial,4435.3,3964.4,471.0,33.2,10.6,0
LZ-GAS-007012,residential,168.5,182.0,283.0,45.5,25.6,0
LZ-GAS-007013,residential,156.3,162.7,249.0,66.8,15.0,0
LZ-GAS-007014,residential,219.9,230.1,368.0,8.5,13.2,0
LZ-GAS-007015,residential,119.2,115.9,164.0,1.9,0.0,0
LZ-GAS-007016,industrial,2877.0,2879.9,309.0,28.3,17.4,0
LZ-GAS-007017,residential,100.6,95.9,126.0,76.3,22.3,0
LZ-GAS-007018,residential,100.8,97.9,138.0,28.7,1.6,0
LZ-GAS-007019,residential,482.9,288.1,478.0,32.7,14.2,1
LZ-GAS-007020,residential,24.4,25.7,0.0,48.6,17.5,0
LZ-GAS-007021,residential,184.3,193.8,300.0,0.1,0.0,0
LZ-GAS-007022,residential,93.1,88.6,118.0,47.4,19.4,0
LZ-GAS-007023,industrial,3464.1,3123.6,344.0,52.5,18.7,0
LZ-GAS-007024,residential,85.9,88.2,115.0,72.7,26.3,0
LZ-GAS-007025,residential,143.9,154.4,240.0,51.6,11.6,0
LZ-GAS-007026,residential,40.5,45.0,37.0,53.3,15.3,0
LZ-GAS-007027,residential,203.1,225.1,365.0,7.5,2.7,0
LZ-GAS-007028,commercial,442.2,456.7,118.0,35.6,15.2,0
LZ-GAS-007029,residential,40.6,38.7,24.0,16.8,7.3,0
LZ-GAS-007030,residential,26.4,28.6,0.0,24.4,6.8,0
LZ-GAS-007031,residential,23.0,24.1,0.0,6.0,14.1,0
LZ-GAS-007032,industrial,2935.1,2986.1,313.0,31.0,10.8,0
LZ-GAS-007033,commercial,285.0,293.6,46.0,12.0,14.2,0
LZ-GAS-007034,residential,43.0,45.3,38.0,24.2,16.0,0
LZ-GAS-007035,residential,143.8,146.3,218.0,2.7,2.8,0
LZ-GAS-007036,commercial,611.9,662.8,193.0,78.0,16.0,0
LZ-GAS-007037,residential,149.8,154.7,233.0,32.8,14.9,0
LZ-GAS-007038,residential,130.6,121.8,175.0,26.7,15.8,0
LZ-GAS-007039,residential,323.0,280.8,463.0,55.0,25.4,0
LZ-GAS-007040,commercial,324.2,315.4,59.0,60.0,22.7,0
LZ-GAS-007041,residential,26.7,95.2,124.0,54.3,21.5,1
LZ-GAS-007042,residential,133.0,125.2,181.0,25.3,8.9,0
LZ-GAS-007043,residential,194.2,183.6,289.0,43.6,13.0,0
LZ-GAS-007044,residential,238.1,252.8,416.0,34.4,30.0,0
LZ-GAS-007045,residential,146.9,146.7,220.0,60.4,26.6,0
LZ-GAS-007046,residential,177.8,201.3,325.0,31.4,6.9,0
LZ-GAS-007047,residential,170.8,173.7,272.0,73.9,25.7,0
LZ-GAS-007048,residential,270.4,286.2,480.0,33.0,16.3,0
LZ-GAS-007049,residential,107.1,98.4,128.0,17.6,1.1,0
LZ-GAS-007050,commercial,1154.7,1172.6,404.0,69.5,21.7,0
LZ-GAS-007051,residential,143.2,143.0,213.0,5.4,9.9,0
LZ-GAS-007052,residential,157.8,161.1,251.0,79.5,30.0,0
LZ-GAS-007053,residential,202.7,195.3,310.0,79.2,30.0,0
LZ-GAS-007054,industrial,3786.0,3543.2,387.0,39.4,13.8,0
LZ-GAS-007055,residential,93.5,96.4,127.0,25.4,10.5,0
LZ-GAS-007056,residential,150.5,136.8,199.0,9.0,5.7,0
LZ-GAS-007057,residential,94.2,79.3,90.0,36.0,15.9,0
LZ-GAS-007058,commercial,201.6,208.6,0.0,57.5,24.5,0
LZ-GAS-007059,industrial,3848.1,4102.2,480.0,16.5,4.7,0
LZ-GAS-007060,residential,164.1,156.8,238.0,54.9,18.6,0
LZ-GAS-007061,residential,147.7,139.4,209.0,24.8,9.0,0
LZ-GAS-007062,residential,83.7,83.5,106.0,43.3,12.7,0
LZ-GAS-007063,residential,115.2,127.9,184.0,63.5,19.1,0
LZ-GAS-007064,commercial,785.8,837.9,267.0,38.8,24.7,0
LZ-GAS-007065,residential,235.2,236.0,382.0,52.7,27.7,0
LZ-GAS-007066,commercial,841.1,796.4,256.0,27.8,20.1,0
LZ-GAS-007067,residential,173.4,156.2,236.0,46.6,9.1,0
LZ-GAS-007068,residential,70.2,68.1,71.0,65.0,23.6,0
LZ-GAS-007069,industrial,1868.5,1813.3,133.0,70.5,30.0,0
LZ-GAS-007070,residential,141.9,142.1,218.0,76.0,26.9,0
LZ-GAS-007071,residential,27.2,25.3,0.0,22.9,7.9,0
LZ-GAS-007072,residential,101.8,106.6,147.0,8.1,10.8,0
LZ-GAS-007073,commercial,689.6,727.8,221.0,2.3,5.1,0
LZ-GAS-007074,residential,279.6,261.3,433.0,12.3,6.8,0
LZ-GAS-007075,residential,20.7,24.0,0.0,57.4,21.4,0
LZ-GAS-007076,residential,43.8,41.2,33.0,15.1,12.0,0
LZ-GAS-007077,commercial,1592.6,978.1,323.0,61.3,20.2,1
LZ-GAS-007078,residential,23.9,25.6,0.0,4.3,6.8,0
LZ-GAS-007079,residential,282.9,290.7,480.0,62.8,16.3,0
LZ-GAS-007080,residential,168.9,161.7,245.0,32.6,13.7,0
LZ-GAS-007081,residential,233.0,211.3,339.0,12.7,12.6,0
LZ-GAS-007082,residential,177.7,184.3,296.0,47.5,18.1,0
LZ-GAS-007083,industrial,1161.4,1032.1,0.0,60.3,20.0,0
LZ-GAS-007084,commercial,891.3,868.1,297.0,4.6,0.0,0
LZ-GAS-007085,residential,74.0,73.4,87.0,33.0,19.7,0
LZ-GAS-007086,residential,123.0,129.0,187.0,7.6,1.8,0
LZ-GAS-007087,residential,157.4,144.0,217.0,76.3,28.3,0
LZ-GAS-007088,residential,167.8,161.1,246.0,34.3,12.5,0
LZ-GAS-007089,industrial,2913.1,3017.3,323.0,37.5,19.2,0
LZ-GAS-007090,residential,78.4,147.8,222.0,47.8,23.0,1
LZ-GAS-007091,residential,225.2,229.0,369.0,65.5,20.6,0
LZ-GAS-007092,residential,171.7,163.5,258.0,75.1,9.2,0
LZ-GAS-007093,industrial,1575.9,1709.5,142.0,32.2,3.5,0
LZ-GAS-007094,residential,192.9,179.7,277.0,33.7,9.3,0
LZ-GAS-007095,residential,57.5,109.6,158.0,66.9,17.9,1
LZ-GAS-007096,residential,223.1,204.9,326.0,59.0,22.0,0
LZ-GAS-007097,residential,115.1,119.5,166.0,54.5,29.4,0
LZ-GAS-007098,industrial,1953.3,2037.7,171.0,64.3,25.2,0
LZ-GAS-007099,commercial,1126.7,999.0,348.0,74.5,23.7,0
LZ-GAS-007100,residential,28.0,25.3,0.0,4.2,13.7,0
LZ-GAS-007101,industrial,2394.4,2712.3,279.0,45.6,16.3,0
LZ-GAS-007102,residential,110.3,106.8,149.0,21.1,15.4,0
LZ-GAS-007103,residential,419.6,197.2,311.0,73.5,26.1,1
LZ-GAS-007104,industrial,2824.1,2813.9,301.0,1.7,0.0,0
LZ-GAS-007105,residential,75.5,74.7,89.0,32.0,18.7,0
LZ-GAS-007106,residential,187.2,181.1,279.0,37.6,24.1,0
LZ-GAS-007107,residential,237.5,263.1,434.0,6.4,5.7,0
LZ-GAS-007108,commercial,572.5,581.9,164.0,26.5,16.3,0
LZ-GAS-007109,residential,194.4,203.5,319.0,30.6,16.1,0
LZ-GAS-007110,residential,318.5,290.2,480.0,8.2,6.5,0
LZ-GAS-007111,residential,23.6,24.2,0.0,61.5,19.3,0
LZ-GAS-007112,residential,126.6,123.6,187.0,28.2,17.9,0
LZ-GAS-007113,residential,283.8,278.7,466.0,37.0,11.9,0
LZ-GAS-007114,residential,136.0,133.2,195.0,64.3,19.2,0
LZ-GAS-007115,residential,67.9,133.7,198.0,73.0,28.4,1
LZ-GAS-007116,residential,62.5,67.6,77.0,20.7,15.7,0
LZ-GAS-007117,residential,33.0,31.9,0.0,60.2,28.8,0
LZ-GAS-007118,commercial,976.0,953.3,318.0,23.8,8.9,0
LZ-GAS-007119,residential,202.4,190.8,303.0,76.1,18.1,0
LZ-GAS-007120,commercial,1032.5,1136.7,389.0,73.9,29.8,0
LZ-GAS-007121,residential,190.5,189.8,294.0,39.7,8.0,0
LZ-GAS-007122,residential,68.3,69.3,80.0,7.4,5.6,0
LZ-GAS-007123,residential,28.2,26.2,0.0,68.2,21.8,0
LZ-GAS-007124,residential,279.1,163.3,250.0,54.7,28.2,1
LZ-GAS-007125,residential,268.7,251.5,412.0,63.4,21.9,0
LZ-GAS-007126,residential,193.5,172.3,271.0,41.1,10.0,0
LZ-GAS-007127,residential,168.0,186.0,288.0,77.0,25.0,0
LZ-GAS-007128,industrial,3705.2,3907.6,451.0,28.5,19.7,0
LZ-GAS-007129,residential,109.7,104.9,148.0,61.6,12.2,0
LZ-GAS-007130,residential,137.8,131.5,192.0,7.9,1.2,0
LZ-GAS-007131,commercial,1030.7,997.1,344.0,73.6,29.4,0
LZ-GAS-007132,residential,114.0,110.4,159.0,26.9,13.2,0
LZ-GAS-007133,commercial,500.3,467.3,116.0,11.1,3.5,0
LZ-GAS-007134,residential,111.3,112.5,159.0,33.7,13.3,0
LZ-GAS-007135,residential,183.0,192.8,305.0,10.5,8.9,0
LZ-GAS-007136,commercial,499.9,455.4,113.0,46.0,11.6,0
LZ-GAS-007137,residential,121.6,119.2,169.0,50.8,15.7,0
LZ-GAS-007138,residential,163.2,166.7,255.0,19.1,18.0,0
LZ-GAS-007139,residential,82.5,78.1,99.0,7.2,9.3,0
LZ-GAS-007140,residential,119.3,102.9,141.0,67.8,28.5,0
LZ-GAS-007141,residential,161.5,159.6,242.0,54.4,19.3,0
LZ-GAS-007142,residential,153.4,159.0,248.0,49.6,15.5,0
LZ-GAS-007143,residential,89.1,86.6,111.0,76.9,26.6,0
LZ-GAS-007144,industrial,1630.4,1727.2,140.0,8.7,3.4,0
LZ-GAS-007145,industrial,2934.7,3099.4,338.0,42.2,18.3,0
LZ-GAS-007146,commercial,569.5,556.5,152.0,4.1,5.4,0
LZ-GAS-007147,residential,142.6,141.7,211.0,69.4,21.7,0
LZ-GAS-007148,residential,137.5,133.5,197.0,67.5,21.4,0
LZ-GAS-007149,commercial,491.0,484.1,126.0,31.6,9.0,0
LZ-GAS-007150,commercial,988.6,910.9,310.0,47.2,24.6,0
LZ-GAS-007151,industrial,2208.6,2137.0,177.0,59.3,13.1,0
LZ-GAS-007152,residential,21.9,22.9,0.0,51.9,20.0,0
LZ-GAS-007153,residential,139.4,259.5,433.0,55.7,13.4,1
LZ-GAS-007154,residential,132.9,123.8,181.0,21.2,15.7,0
LZ-GAS-007155,commercial,821.8,727.6,233.0,58.0,19.3,0
LZ-GAS-007156,industrial,2687.0,2593.0,255.0,59.6,21.7,0
LZ-GAS-007157,residential,107.9,110.2,156.0,38.9,18.0,0
LZ-GAS-007158,residential,50.2,60.3,68.0,43.4,18.5,0
LZ-GAS-007159,residential,70.7,71.3,88.0,32.6,15.0,0
LZ-GAS-007160,residential,99.4,95.9,133.0,48.9,19.9,0
LZ-GAS-007161,residential,191.7,189.0,304.0,72.9,25.9,0
LZ-GAS-007162,residential,114.5,118.4,170.0,2.8,4.3,0
LZ-GAS-007163,residential,199.6,180.6,277.0,61.4,19.7,0
LZ-GAS-007164,residential,24.8,23.2,0.0,58.3,19.2,0
LZ-GAS-007165,residential,67.8,66.7,79.0,34.7,11.0,0
LZ-GAS-007166,residential,166.0,149.3,227.0,16.8,7.4,0
LZ-GAS-007167,industrial,1218.8,1285.5,62.0,50.1,25.0,0
LZ-GAS-007168,residential,214.0,195.3,310.0,61.1,13.9,0
LZ-GAS-007169,residential,128.0,128.8,184.0,12.3,17.4,0
LZ-GAS-007170,industrial,2189.2,2015.7,173.0,45.1,14.5,0
LZ-GAS-007171,residential,65.9,67.3,77.0,59.6,23.9,0
LZ-GAS-007172,residential,126.8,127.8,187.0,21.3,11.2,0
LZ-GAS-007173,commercial,209.0,194.9,13.0,66.0,21.5,0
LZ-GAS-007174,industrial,3173.8,2996.9,334.0,43.7,19.6,0
LZ-GAS-007175,commercial,741.5,754.8,253.0,6.1,15.9,0
LZ-GAS-007176,residential,114.3,117.1,170.0,66.7,22.0,0
LZ-GAS-007177,residential,54.6,59.7,66.0,2.7,6.4,0
LZ-GAS-007178,residential,162.2,172.7,269.0,66.0,19.7,0
LZ-GAS-007179,residential,194.7,80.9,98.0,44.1,27.1,1
LZ-GAS-007180,commercial,1025.1,981.9,347.0,0.5,11.9,0
LZ-GAS-007181,residential,186.4,192.5,302.0,12.0,14.5,0
LZ-GAS-007182,residential,88.8,92.2,116.0,10.2,8.6,0
LZ-GAS-007183,residential,319.0,125.5,183.0,51.8,9.4,1
LZ-GAS-007184,commercial,1337.6,1253.9,447.0,61.3,23.6,0
LZ-GAS-007185,residential,166.7,190.6,295.0,29.1,4.2,0
LZ-GAS-007186,residential,223.0,214.0,341.0,51.6,15.7,0
LZ-GAS-007187,residential,98.1,103.4,141.0,44.9,22.0,0
LZ-GAS-007188,industrial,3062.1,2873.6,313.0,68.6,20.1,0
LZ-GAS-007189,residential,43.4,45.3,39.0,19.3,7.3,0
LZ-GAS-007190,residential,178.8,190.4,298.0,10.1,0.0,0
LZ-GAS-007191,residential,219.4,213.4,339.0,32.8,17.7,0
LZ-GAS-007192,residential,39.2,124.8,181.0,66.8,24.7,1
LZ-GAS-007193,residential,178.8,176.2,270.0,20.5,8.6,0
LZ-GAS-007194,residential,116.3,117.3,162.0,65.4,24.1,0
LZ-GAS-007195,residential,116.5,117.6,175.0,7.1,0.0,0
LZ-GAS-007196,residential,168.2,158.7,244.0,68.7,18.4,0
LZ-GAS-007197,commercial,848.8,821.2,270.0,35.7,15.8,0
LZ-GAS-007198,residential,66.8,153.4,232.0,66.4,26.9,1
LZ-GAS-007199,residential,196.0,180.8,274.0,37.2,15.0,0
LZ-GAS-007200,industrial,1358.9,1342.8,77.0,42.1,10.2,0
LZ-GAS-007201,residential,33.2,32.9,17.0,55.7,17.4,0
LZ-GAS-007202,residential,187.8,175.6,271.0,13.3,14.8,0
LZ-GAS-007203,residential,23.5,23.2,0.0,2.0,3.4,0
LZ-GAS-007204,residential,24.8,24.3,0.0,31.1,14.9,0
LZ-GAS-007205,residential,45.0,45.4,33.0,10.7,10.7,0
LZ-GAS-007206,industrial,3051.4,3021.3,310.0,18.2,7.7,0
LZ-GAS-007207,residential,80.9,192.3,298.0,13.5,9.4,1
LZ-GAS-007208,commercial,3219.7,1349.0,480.0,9.4,0.0,1
LZ-GAS-007209,residential,117.8,119.2,172.0,67.9,20.0,0
LZ-GAS-007210,residential,47.6,116.3,166.0,49.7,18.5,1
LZ-GAS-007211,residential,127.8,134.9,195.0,28.3,16.1,0
LZ-GAS-007212,residential,39.3,39.6,28.0,71.1,30.0,0
LZ-GAS-007213,residential,232.7,215.2,343.0,0.8,3.7,0
LZ-GAS-007214,residential,63.9,73.5,90.0,73.0,26.5,0
LZ-GAS-007215,residential,85.4,85.4,106.0,63.9,21.2,0
LZ-GAS-007216,industrial,2516.6,2490.7,236.0,37.5,11.3,0
LZ-GAS-007217,commercial,480.7,505.3,143.0,74.9,20.7,0
LZ-GAS-007218,residential,160.6,176.6,277.0,27.8,12.5,0
LZ-GAS-007219,industrial,2831.6,2870.4,308.0,11.2,8.7,0
LZ-GAS-007220,residential,188.4,199.5,314.0,8.1,4.1,0
LZ-GAS-007221,residential,337.7,138.9,208.0,58.5,30.0,1
LZ-GAS-007222,commercial,405.7,382.1,97.0,23.9,11.7,0
LZ-GAS-007223,residential,130.7,139.9,209.0,21.3,14.5,0
LZ-GAS-007224,residential,62.0,61.2,65.0,64.4,20.6,0
LZ-GAS-007225,commercial,198.1,184.4,9.0,69.7,30.0,0
LZ-GAS-007226,industrial,926.0,1009.5,2.0,30.8,2.4,0
LZ-GAS-007227,commercial,1010.1,1020.4,343.0,27.6,11.0,0
LZ-GAS-007228,commercial,206.3,220.4,25.0,41.2,17.1,0
LZ-GAS-007229,residential,233.1,224.3,362.0,32.2,19.9,0
LZ-GAS-007230,commercial,650.4,627.4,201.0,70.4,23.2,0
LZ-GAS-007231,residential,110.7,113.5,164.0,42.5,11.5,0
LZ-GAS-007232,residential,147.6,142.3,218.0,21.3,19.0,0
LZ-GAS-007233,residential,252.6,256.8,422.0,0.5,9.3,0
LZ-GAS-007234,residential,37.5,37.5,22.0,75.7,23.5,0
LZ-GAS-007235,industrial,2643.7,2670.9,270.0,27.0,11.3,0
LZ-GAS-007236,commercial,520.0,525.2,147.0,75.4,23.4,0
LZ-GAS-007237,residential,61.2,62.5,70.0,70.9,24.4,0
LZ-GAS-007238,residential,28.2,26.0,0.0,34.1,5.8,0
LZ-GAS-007239,residential,66.3,69.0,82.0,18.3,11.1,0
LZ-GAS-007240,commercial,402.5,398.6,82.0,57.8,17.2,0
LZ-GAS-007241,residential,143.2,141.9,213.0,7.6,10.2,0
LZ-GAS-007242,residential,213.2,202.9,324.0,5.0,8.7,0
LZ-GAS-007243,residential,169.2,171.5,264.0,2.3,1.2,0
LZ-GAS-007244,residential,126.2,121.2,176.0,45.4,23.9,0
LZ-GAS-007245,residential,273.5,267.4,437.0,62.4,25.2,0
LZ-GAS-007246,residential,98.6,97.7,129.0,51.8,14.3,0
LZ-GAS-007247,residential,159.4,145.0,217.0,74.2,19.1,0
LZ-GAS-007248,residential,118.4,114.5,167.0,6.4,4.0,0
LZ-GAS-007249,industrial,2924.6,2843.5,300.0,58.6,22.2,0
LZ-GAS-007250,commercial,871.5,836.9,275.0,56.2,26.2,0
LZ-GAS-007251,residential,138.5,141.1,210.0,57.7,15.7,0
LZ-GAS-007252,residential,195.1,187.2,294.0,41.1,12.2,0
LZ-GAS-007253,residential,154.8,162.1,250.0,10.8,11.1,0
LZ-GAS-007254,residential,85.7,93.6,125.0,27.6,12.5,0
LZ-GAS-007255,residential,215.1,211.3,339.0,19.4,10.4,0
LZ-GAS-007256,residential,96.1,104.2,147.0,76.7,24.4,0
LZ-GAS-007257,residential,100.7,95.5,129.0,62.0,19.7,0
LZ-GAS-007258,residential,189.8,193.7,309.0,73.1,30.0,0
LZ-GAS-007259,commercial,182.8,537.8,149.0,46.1,22.2,1
LZ-GAS-007260,residential,140.3,142.9,219.0,4.6,5.3,0
LZ-GAS-007261,residential,293.7,292.7,480.0,59.7,27.0,0
LZ-GAS-007262,industrial,2752.7,3124.8,330.0,29.0,22.5,0
LZ-GAS-007263,residential,118.1,106.0,146.0,52.2,21.2,0
LZ-GAS-007264,residential,85.0,103.7,145.0,35.0,16.1,0
LZ-GAS-007265,residential,208.7,215.8,345.0,45.5,14.7,0
LZ-GAS-007266,industrial,2376.0,2586.0,263.0,12.9,9.6,0
LZ-GAS-007267,residential,80.7,79.4,95.0,71.9,24.9,0
LZ-GAS-007268,residential,181.7,191.9,303.0,25.2,18.6,0
LZ-GAS-007269,industrial,837.2,924.0,4.0,68.9,18.3,0
LZ-GAS-007270,residential,223.7,233.8,387.0,72.6,15.9,0
LZ-GAS-007271,commercial,1086.4,1090.2,384.0,45.7,14.7,0
LZ-GAS-007272,residential,281.5,264.2,434.0,12.9,10.9,0
LZ-GAS-007273,residential,44.8,47.9,46.0,32.1,3.8,0
LZ-GAS-007274,residential,204.1,189.0,299.0,40.6,14.9,0
LZ-GAS-007275,industrial,4061.4,4077.1,479.0,23.2,7.6,0
LZ-GAS-007276,residential,195.2,179.2,275.0,6.0,1.7,0
LZ-GAS-007277,residential,133.0,131.2,195.0,76.1,25.5,0
LZ-GAS-007278,residential,235.1,235.0,393.0,48.4,23.7,0
LZ-GAS-007279,residential,46.6,42.1,31.0,41.0,9.3,0
LZ-GAS-007280,commercial,653.4,683.0,206.0,8.1,8.9,0
LZ-GAS-007281,residential,170.3,173.6,276.0,41.7,15.4,0
LZ-GAS-007282,industrial,2143.3,2017.5,158.0,64.6,25.2,0
LZ-GAS-007283,industrial,2300.6,2361.6,226.0,14.5,9.4,0
LZ-GAS-007284,commercial,1020.9,1016.6,339.0,73.2,20.9,0
LZ-GAS-007285,commercial,874.4,963.9,327.0,16.2,14.2,0
LZ-GAS-007286,residential,154.6,141.4,211.0,10.6,10.6,0
LZ-GAS-007287,residential,60.3,56.5,61.0,61.4,16.0,0
LZ-GAS-007288,residential,35.6,36.4,18.0,14.9,0.0,0
LZ-GAS-007289,residential,205.5,79.5,98.0,70.8,19.9,1
LZ-GAS-007290,residential,92.6,105.6,149.0,21.1,12.0,0
LZ-GAS-007291,commercial,486.1,472.1,118.0,6.9,11.3,0
LZ-GAS-007292,residential,311.4,288.1,480.0,49.6,15.3,0
LZ-GAS-007293,residential,135.2,133.9,192.0,1.5,4.2,0
LZ-GAS-007294,residential,151.8,136.1,200.0,8.8,0.0,0
LZ-GAS-007295,residential,212.6,190.6,301.0,46.8,15.2,0
LZ-GAS-007296,commercial,252.0,290.2,47.0,59.4,21.1,0
LZ-GAS-007297,commercial,513.7,544.8,141.0,40.3,12.9,0
LZ-GAS-007298,residential,200.3,188.0,296.0,66.6,21.9,0
LZ-GAS-007299,commercial,535.5,484.7,124.0,13.5,4.2,0
LZ-GAS-007300,industrial,3064.0,3101.8,350.0,64.1,17.3,0
LZ-GAS-007301,commercial,465.8,512.8,134.0,36.0,16.1,0
LZ-GAS-007302,residential,151.6,161.6,248.0,68.6,15.1,0
LZ-GAS-007303,residential,281.6,248.5,409.0,11.1,8.6,0
LZ-GAS-007304,residential,223.1,222.2,362.0,43.1,22.4,0
LZ-GAS-007305,residential,155.5,157.5,237.0,7.5,4.8,0
LZ-GAS-007306,industrial,4410.5,2442.1,237.0,13.6,6.6,1
LZ-GAS-007307,commercial,1013.7,945.2,315.0,28.2,8.6,0
LZ-GAS-007308,residential,110.9,117.3,165.0,44.2,10.3,0
LZ-GAS-007309,commercial,425.6,384.7,76.0,45.0,14.0,0
LZ-GAS-007310,commercial,1060.7,1037.3,349.0,19.4,4.2,0
LZ-GAS-007311,residential,228.1,226.5,368.0,24.4,10.6,0
LZ-GAS-007312,residential,175.7,165.3,256.0,77.4,22.3,0
LZ-GAS-007313,residential,122.1,124.9,189.0,2.2,0.6,0
LZ-GAS-007314,commercial,361.0,350.7,71.0,31.9,13.8,0
LZ-GAS-007315,residential,116.9,101.5,138.0,67.8,27.5,0
LZ-GAS-007316,residential,124.9,117.5,174.0,54.7,23.2,0
LZ-GAS-007317,commercial,715.8,789.6,254.0,46.2,15.8,0
LZ-GAS-007318,residential,205.2,206.0,329.0,12.5,8.6,0
LZ-GAS-007319,residential,122.7,149.7,227.0,20.3,5.5,0
LZ-GAS-007320,residential,167.5,174.3,271.0,79.5,24.2,0
LZ-GAS-007321,residential,55.5,50.7,51.0,45.4,20.2,0
LZ-GAS-007322,residential,172.6,154.2,235.0,23.1,15.1,0
LZ-GAS-007323,residential,234.2,233.2,371.0,74.4,30.0,0
LZ-GAS-007324,industrial,1673.7,1744.6,131.0,65.4,14.4,0
LZ-GAS-007325,residential,13.5,23.9,0.0,60.5,28.4,1
LZ-GAS-007326,residential,190.2,193.8,308.0,18.6,12.1,0
LZ-GAS-007327,residential,256.2,255.7,414.0,32.3,21.3,0
LZ-GAS-007328,commercial,944.5,913.5,314.0,67.5,22.4,0
LZ-GAS-007329,commercial,544.6,579.1,155.0,22.6,17.3,0
LZ-GAS-007330,residential,186.8,187.2,297.0,77.1,24.7,0
LZ-GAS-007331,residential,25.8,26.0,0.0,33.4,8.6,0
LZ-GAS-007332,residential,168.4,151.9,228.0,40.4,17.2,0
LZ-GAS-007333,commercial,476.5,460.3,122.0,61.3,18.4,0
LZ-GAS-007334,commercial,1013.2,1053.5,366.0,7.8,7.3,0
LZ-GAS-007335,residential,73.2,76.0,90.0,49.7,20.5,0
LZ-GAS-007336,residential,294.8,288.7,480.0,48.1,21.4,0
LZ-GAS-007337,residential,282.4,285.8,480.0,13.4,12.1,0
LZ-GAS-007338,residential,305.5,286.1,473.0,13.6,13.7,0
LZ-GAS-007339,residential,184.0,214.0,348.0,2.3,0.0,0
LZ-GAS-007340,commercial,458.0,482.2,123.0,29.5,18.6,0
LZ-GAS-007341,commercial,678.8,613.5,181.0,51.4,14.2,0
LZ-GAS-007342,residential,194.7,212.8,347.0,5.9,7.4,0
LZ-GAS-007343,residential,178.9,175.2,270.0,41.3,13.8,0
LZ-GAS-007344,residential,85.7,100.6,137.0,13.9,3.3,0
LZ-GAS-007345,industrial,2145.4,2209.5,189.0,65.7,26.3,0
LZ-GAS-007346,industrial,1719.2,1634.0,112.0,5.6,1.9,0
LZ-GAS-007347,commercial,910.8,817.8,270.0,0.4,2.9,0
LZ-GAS-007348,commercial,703.7,655.7,210.0,53.3,26.1,0
LZ-GAS-007349,residential,206.7,237.7,387.0,28.3,1.4,0
LZ-GAS-007350,commercial,872.9,914.2,313.0,72.8,15.4,0
LZ-GAS-007351,residential,58.5,118.5,172.0,31.1,18.0,1
LZ-GAS-007352,residential,231.2,239.9,399.0,63.2,19.3,0
LZ-GAS-007353,residential,21.5,21.1,0.0,38.3,19.0,0
LZ-GAS-007354,residential,39.1,42.6,32.0,39.1,15.2,0
LZ-GAS-007355,residential,97.6,103.0,141.0,31.1,10.9,0
LZ-GAS-007356,commercial,813.4,902.5,289.0,55.9,23.0,0
LZ-GAS-007357,residential,252.1,283.8,466.0,2.6,2.7,0
LZ-GAS-007358,residential,211.8,200.4,323.0,64.9,19.0,0
LZ-GAS-007359,residential,164.7,168.1,257.0,52.9,19.9,0
LZ-GAS-007360,industrial,2470.4,2296.6,218.0,58.6,14.7,0
LZ-GAS-007361,residential,21.3,21.3,0.0,8.3,0.5,0
LZ-GAS-007362,residential,100.8,103.6,141.0,57.4,11.7,0
LZ-GAS-007363,residential,257.6,221.3,360.0,41.2,20.5,0
LZ-GAS-007364,residential,171.8,166.8,262.0,57.4,29.4,0
LZ-GAS-007365,residential,87.6,101.0,142.0,42.0,21.9,0
LZ-GAS-007366,residential,132.6,143.0,215.0,71.2,20.2,0
LZ-GAS-007367,residential,92.9,97.3,133.0,64.8,19.2,0
LZ-GAS-007368,residential,25.4,24.1,0.0,45.6,12.0,0
LZ-GAS-007369,residential,131.0,129.4,190.0,79.0,25.3,0
LZ-GAS-007370,residential,103.6,100.4,135.0,41.6,21.1,0
LZ-GAS-007371,commercial,288.0,306.6,57.0,27.7,12.1,0
LZ-GAS-007372,residential,129.0,130.0,193.0,69.1,22.7,0
LZ-GAS-007373,residential,135.4,122.5,177.0,14.9,0.0,0
LZ-GAS-007374,residential,163.3,157.1,239.0,61.4,22.4,0
LZ-GAS-007375,residential,132.7,147.2,220.0,43.9,10.6,0
LZ-GAS-007376,residential,164.7,160.4,241.0,78.7,24.0,0
LZ-GAS-007377,commercial,651.0,591.8,187.0,3.9,8.3,0
LZ-GAS-007378,residential,108.4,93.7,121.0,23.7,12.1,0
LZ-GAS-007379,residential,119.7,137.9,204.0,73.9,27.7,0
LZ-GAS-007380,residential,142.2,145.9,216.0,46.5,24.8,0
LZ-GAS-007381,residential,214.9,211.2,342.0,16.9,0.0,0
LZ-GAS-007382,residential,141.7,147.9,223.0,56.2,11.9,0
LZ-GAS-007383,residential,94.3,97.7,127.0,39.5,23.7,0
LZ-GAS-007384,commercial,875.1,977.1,323.0,45.7,19.4,0
LZ-GAS-007385,residential,140.7,144.6,213.0,13.9,5.5,0
LZ-GAS-007386,residential,210.2,203.7,324.0,2.4,4.9,0
LZ-GAS-007387,residential,283.8,287.1,480.0,72.5,23.8,0
LZ-GAS-007388,industrial,3279.5,2983.6,322.0,53.2,24.2,0
LZ-GAS-007389,industrial,1052.8,1083.1,51.0,77.6,23.4,0
LZ-GAS-007390,residential,81.9,77.0,96.0,39.8,15.6,0
LZ-GAS-007391,residential,181.3,178.6,284.0,21.7,4.4,0
LZ-GAS-007392,commercial,168.7,177.2,1.0,4.1,14.0,0
LZ-GAS-007393,residential,114.0,109.5,155.0,44.6,19.1,0
LZ-GAS-007394,commercial,792.1,772.4,244.0,62.4,18.9,0
LZ-GAS-007395,residential,106.8,109.3,151.0,74.1,17.5,0
LZ-GAS-007396,residential,71.8,83.0,104.0,30.3,13.1,0
LZ-GAS-007397,residential,164.0,140.7,209.0,21.6,15.5,0
LZ-GAS-007398,residential,126.5,116.8,166.0,19.0,21.9,0
LZ-GAS-007399,residential,112.4,109.0,147.0,74.9,30.0,0
LZ-GAS-007400,residential,196.4,180.2,283.0,54.3,17.4,0
LZ-GAS-007401,industrial,1507.4,1708.1,130.0,42.6,14.3,0
LZ-GAS-007402,commercial,630.3,607.3,184.0,73.6,19.2,0
LZ-GAS-007403,residential,245.3,232.5,377.0,59.7,22.9,0
LZ-GAS-007404,commercial,1025.6,980.8,329.0,42.7,12.6,0
LZ-GAS-007405,residential,157.2,149.0,219.0,61.8,24.1,0
LZ-GAS-007406,industrial,1923.6,2114.8,190.0,53.2,20.7,0
LZ-GAS-007407,residential,169.9,164.2,250.0,60.1,22.9,0
LZ-GAS-007408,residential,74.3,159.8,246.0,26.8,7.6,1
LZ-GAS-007409,residential,52.8,53.1,48.0,56.3,25.6,0
LZ-GAS-007410,residential,88.6,85.8,115.0,13.0,8.0,0
LZ-GAS-007411,residential,232.7,223.9,360.0,3.6,0.6,0
LZ-GAS-007412,residential,81.9,76.3,91.0,40.1,15.6,0
LZ-GAS-007413,residential,262.0,258.3,431.0,61.1,21.9,0
LZ-GAS-007414,residential,196.9,192.8,306.0,17.8,10.5,0
LZ-GAS-007415,commercial,688.2,676.6,213.0,71.1,28.3,0
LZ-GAS-007416,commercial,564.5,553.5,155.0,37.4,21.2,0
LZ-GAS-007417,commercial,775.6,744.6,233.0,53.2,30.0,0
LZ-GAS-007418,residential,185.1,201.7,321.0,69.6,22.7,0
LZ-GAS-007419,residential,177.1,179.2,278.0,63.9,27.9,0
LZ-GAS-007420,commercial,1118.9,1124.6,392.0,52.2,5.9,0
LZ-GAS-007421,residential,184.2,180.2,280.0,22.3,20.8,0
LZ-GAS-007422,residential,99.1,98.7,135.0,14.2,9.3,0
LZ-GAS-007423,residential,167.2,187.0,292.0,45.7,23.6,0
LZ-GAS-007424,residential,116.0,196.9,317.0,47.3,16.5,1
LZ-GAS-007425,residential,132.2,140.3,207.0,47.9,20.5,0
LZ-GAS-007426,residential,81.9,79.8,102.0,31.7,16.9,0
LZ-GAS-007427,industrial,1754.1,1652.8,119.0,14.1,6.3,0
LZ-GAS-007428,residential,191.1,186.6,293.0,74.1,21.5,0
LZ-GAS-007429,residential,86.5,83.3,105.0,54.2,4.9,0
LZ-GAS-007430,residential,283.6,275.1,451.0,55.3,22.5,0
LZ-GAS-007431,residential,207.8,199.0,318.0,1.9,5.5,0
LZ-GAS-007432,residential,25.7,25.6,0.0,42.5,15.3,0
LZ-GAS-007433,residential,61.5,66.2,79.0,42.6,22.6,0
LZ-GAS-007434,residential,149.0,148.1,229.0,6.0,9.1,0
LZ-GAS-007435,commercial,322.5,337.6,56.0,17.4,11.4,0
LZ-GAS-007436,residential,138.3,134.7,200.0,12.6,0.0,0
LZ-GAS-007437,residential,212.2,211.2,336.0,49.5,19.0,0
LZ-GAS-007438,residential,187.0,191.8,303.0,69.7,21.8,0
LZ-GAS-007439,industrial,1157.9,1308.6,78.0,50.5,23.4,0
LZ-GAS-007440,residential,229.4,201.7,318.0,26.1,9.9,0
LZ-GAS-007441,industrial,2562.2,3226.7,349.0,67.7,16.6,0
LZ-GAS-007442,residential,90.0,96.6,127.0,44.0,15.7,0
LZ-GAS-007443,residential,204.0,194.3,302.0,65.7,30.0,0
LZ-GAS-007444,residential,99.7,101.1,139.0,46.6,13.1,0
LZ-GAS-007445,residential,51.3,51.1,47.0,12.8,15.5,0
LZ-GAS-007446,industrial,3307.2,3283.3,374.0,34.2,13.6,0
LZ-GAS-007447,industrial,3393.1,3263.5,368.0,21.3,1.0,0
LZ-GAS-007448,residential,69.3,77.4,98.0,25.1,15.2,0
LZ-GAS-007449,residential,21.8,23.3,0.0,4.5,18.8,0
LZ-GAS-007450,residential,227.8,217.0,351.0,61.7,23.6,0
LZ-GAS-007451,industrial,2011.8,1818.6,140.0,45.1,11.8,0
LZ-GAS-007452,residential,174.9,170.2,267.0,25.6,11.2,0
LZ-GAS-007453,residential,56.6,49.6,47.0,57.1,15.7,0
LZ-GAS-007454,commercial,762.8,850.1,284.0,37.8,29.7,0
LZ-GAS-007455,residential,223.1,219.6,359.0,5.9,10.1,0
LZ-GAS-007456,residential,159.2,153.7,237.0,64.3,10.0,0
LZ-GAS-007457,industrial,1117.2,2983.3,323.0,64.7,26.2,1
LZ-GAS-007458,commercial,778.5,806.8,259.0,44.3,19.2,0
LZ-GAS-007459,residential,106.6,216.8,345.0,51.7,13.6,1
LZ-GAS-007460,industrial,1132.6,1919.3,148.0,44.9,14.0,1
LZ-GAS-007461,residential,102.8,103.8,144.0,23.1,11.3,0
LZ-GAS-007462,residential,24.1,24.1,0.0,4.5,15.7,0
LZ-GAS-007463,industrial,2115.7,1918.9,160.0,51.9,16.2,0
LZ-GAS-007464,residential,111.0,122.7,178.0,22.6,7.7,0
LZ-GAS-007465,residential,67.8,60.0,68.0,59.4,25.5,0
LZ-GAS-007466,commercial,1003.7,1027.7,350.0,24.6,8.8,0
LZ-GAS-007467,residential,129.1,125.0,182.0,30.9,8.3,0
LZ-GAS-007468,industrial,6208.5,4002.0,480.0,72.3,23.2,1
LZ-GAS-007469,residential,171.9,185.3,295.0,8.9,12.2,0
LZ-GAS-007470,residential,90.9,88.6,111.0,21.2,11.9,0
LZ-GAS-007471,residential,154.9,147.5,217.0,55.4,17.8,0
LZ-GAS-007472,residential,212.9,195.0,313.0,34.2,21.6,0
LZ-GAS-007473,industrial,2987.9,3353.2,358.0,69.4,30.0,0
LZ-GAS-007474,residential,235.7,251.5,413.0,9.9,0.3,0
LZ-GAS-007475,residential,116.2,113.9,159.0,1.4,0.4,0
LZ-GAS-007476,commercial,1025.2,990.4,348.0,63.9,17.2,0
LZ-GAS-007477,commercial,707.4,690.0,212.0,12.5,7.9,0
LZ-GAS-007478,commercial,943.9,1015.3,342.0,22.7,12.4,0
LZ-GAS-007479,residential,168.0,135.9,202.0,15.7,9.4,0
LZ-GAS-007480,residential,39.5,144.3,213.0,34.8,14.9,1
LZ-GAS-007481,commercial,777.0,811.8,262.0,72.5,26.3,0
LZ-GAS-007482,commercial,461.1,519.3,135.0,38.8,9.1,0
LZ-GAS-007483,residential,143.8,149.0,218.0,57.9,9.4,0
LZ-GAS-007484,residential,161.0,171.1,269.0,12.5,10.5,0
LZ-GAS-007485,residential,23.9,25.3,0.0,42.8,22.8,0
LZ-GAS-007486,residential,110.5,106.1,151.0,17.7,11.3,0
LZ-GAS-007487,industrial,1743.6,1778.1,157.0,17.5,8.2,0
LZ-GAS-007488,residential,220.0,215.5,350.0,24.6,14.8,0
LZ-GAS-007489,commercial,749.6,754.6,237.0,30.9,12.0,0
LZ-GAS-007490,residential,146.1,146.0,217.0,57.4,13.7,0
LZ-GAS-007491,residential,97.1,93.9,123.0,8.1,6.0,0
LZ-GAS-007492,residential,177.9,177.3,276.0,21.0,15.0,0
LZ-GAS-007493,residential,121.6,123.1,179.0,77.6,26.9,0
LZ-GAS-007494,residential,198.2,213.1,345.0,28.9,16.5,0
LZ-GAS-007495,residential,119.7,125.6,183.0,1.7,3.8,0
LZ-GAS-007496,industrial,2022.0,2261.8,213.0,69.6,26.1,0
LZ-GAS-007497,industrial,2638.3,2669.8,297.0,0.5,13.2,0
LZ-GAS-007498,commercial,786.1,864.3,279.0,30.3,11.8,0
LZ-GAS-007499,residential,32.7,33.3,17.0,57.0,17.7,0
LZ-GAS-007500,residential,158.7,156.8,245.0,75.3,30.0,0
LZ-GAS-007501,residential,144.8,142.7,212.0,71.3,24.2,0
LZ-GAS-007502,residential,26.8,25.7,0.0,74.9,18.8,0
LZ-GAS-007503,commercial,346.0,349.9,60.0,47.4,15.7,0
LZ-GAS-007504,commercial,549.7,992.5,342.0,77.4,30.0,1
LZ-GAS-007505,residential,150.7,167.8,263.0,18.6,12.4,0
LZ-GAS-007506,commercial,544.2,574.1,158.0,25.7,21.7,0
LZ-GAS-007507,residential,215.7,211.7,341.0,52.3,22.2,0
LZ-GAS-007508,residential,27.9,27.2,0.0,50.2,19.8,0
LZ-GAS-007509,industrial,3826.0,3521.8,398.0,65.6,27.6,0
LZ-GAS-007510,residential,108.5,100.9,144.0,9.9,5.4,0
LZ-GAS-007511,commercial,1053.9,1153.9,413.0,29.8,18.7,0
LZ-GAS-007512,industrial,1913.1,1885.2,166.0,50.1,18.0,0
LZ-GAS-007513,residential,116.6,111.1,152.0,7.0,6.5,0
LZ-GAS-007514,commercial,780.6,806.9,257.0,40.4,18.0,0
LZ-GAS-007515,residential,124.3,127.8,185.0,70.2,21.2,0
LZ-GAS-007516,residential,220.5,215.9,352.0,2.0,0.8,0
LZ-GAS-007517,residential,220.2,203.7,324.0,66.8,18.2,0
LZ-GAS-007518,residential,127.7,113.3,174.0,57.5,22.9,0
LZ-GAS-007519,residential,141.9,132.3,195.0,34.4,16.1,0
LZ-GAS-007520,residential,131.0,145.2,219.0,17.4,10.7,0
LZ-GAS-007521,commercial,1388.6,1261.2,444.0,62.6,25.2,0
LZ-GAS-007522,residential,180.8,144.2,215.0,28.5,8.6,0
LZ-GAS-007523,commercial,975.3,1013.9,354.0,50.3,16.5,0
LZ-GAS-007524,residential,140.0,143.0,215.0,10.3,16.7,0
LZ-GAS-007525,residential,81.2,83.6,111.0,60.9,16.5,0
LZ-GAS-007526,residential,26.7,27.4,6.0,73.4,30.0,0
LZ-GAS-007527,residential,167.4,161.0,250.0,73.6,23.1,0
LZ-GAS-007528,industrial,2865.5,2942.1,282.0,78.5,28.2,0
LZ-GAS-007529,residential,147.4,161.4,251.0,5.0,8.4,0
LZ-GAS-007530,residential,227.5,236.1,386.0,64.9,21.0,0
LZ-GAS-007531,commercial,910.5,934.0,314.0,19.4,11.4,0
LZ-GAS-007532,commercial,1299.5,1306.6,458.0,8.6,12.9,0
LZ-GAS-007533,residential,216.5,188.3,301.0,63.6,18.4,0
LZ-GAS-007534,residential,92.0,83.0,101.0,71.6,19.2,0
LZ-GAS-007535,residential,229.2,228.1,366.0,5.4,11.7,0
LZ-GAS-007536,residential,71.4,68.2,82.0,16.6,8.2,0
LZ-GAS-007537,residential,129.4,134.6,201.0,38.0,14.7,0
LZ-GAS-007538,commercial,304.8,330.1,51.0,69.3,22.4,0
LZ-GAS-007539,commercial,884.2,962.9,339.0,37.0,13.1,0
LZ-GAS-007540,residential,236.4,244.7,405.0,3.8,0.0,0
LZ-GAS-007541,residential,35.5,43.1,41.0,58.5,20.2,0
LZ-GAS-007542,residential,72.1,79.1,102.0,76.3,22.8,0
LZ-GAS-007543,residential,107.8,94.2,126.0,12.7,2.5,0
LZ-GAS-007544,residential,20.4,22.6,0.0,65.9,19.7,0
LZ-GAS-007545,industrial,3541.9,2222.1,200.0,76.5,26.3,1
LZ-GAS-007546,residential,114.2,124.3,180.0,33.4,23.0,0
LZ-GAS-007547,residential,44.5,44.3,33.0,66.7,20.0,0
LZ-GAS-007548,commercial,178.2,176.1,0.0,50.8,25.4,0
LZ-GAS-007549,industrial,1027.8,1000.0,18.0,78.3,23.3,0
LZ-GAS-007550,residential,156.0,157.7,244.0,53.8,21.8,0
LZ-GAS-007551,commercial,211.6,222.5,11.0,23.2,10.5,0
LZ-GAS-007552,residential,132.8,140.6,210.0,56.6,23.9,0
LZ-GAS-007553,residential,152.3,159.1,240.0,26.7,13.4,0
LZ-GAS-007554,residential,211.7,188.7,301.0,28.3,11.1,0
LZ-GAS-007555,residential,112.1,135.1,200.0,0.3,0.0,0
LZ-GAS-007556,residential,160.4,156.2,239.0,6.4,12.5,0
LZ-GAS-007557,commercial,1045.8,1127.9,402.0,14.8,2.2,0
LZ-GAS-007558,residential,109.1,96.5,132.0,53.5,16.4,0
LZ-GAS-007559,residential,144.0,137.9,212.0,41.5,25.2,0
LZ-GAS-007560,residential,228.9,229.8,376.0,31.8,15.2,0
LZ-GAS-007561,residential,70.0,61.2,58.0,48.8,18.6,0
LZ-GAS-007562,residential,194.1,185.6,292.0,25.5,13.0,0
LZ-GAS-007563,residential,20.5,22.0,0.0,26.3,13.8,0
LZ-GAS-007564,residential,28.4,26.3,0.0,48.8,16.5,0
LZ-GAS-007565,commercial,218.0,200.8,2.0,59.9,22.7,0
LZ-GAS-007566,residential,132.9,130.1,184.0,59.1,20.0,0
LZ-GAS-007567,commercial,708.1,687.4,208.0,44.2,15.4,0
LZ-GAS-007568,residential,24.2,26.8,0.0,78.3,27.9,0
LZ-GAS-007569,residential,233.6,273.9,452.0,79.2,29.0,0
LZ-GAS-007570,residential,251.5,287.2,480.0,74.4,26.4,0
LZ-GAS-007571,commercial,1139.2,1087.8,377.0,23.7,16.7,0
LZ-GAS-007572,industrial,2115.3,2092.7,187.0,59.4,30.0,0
LZ-GAS-007573,commercial,840.3,822.8,276.0,8.6,16.7,0
LZ-GAS-007574,residential,98.4,95.7,122.0,79.3,26.4,0
LZ-GAS-007575,commercial,556.7,512.0,140.0,45.7,12.1,0
LZ-GAS-007576,residential,79.4,85.6,114.0,5.6,13.2,0
LZ-GAS-007577,industrial,2460.8,2519.0,254.0,10.2,9.2,0
LZ-GAS-007578,residential,102.0,107.2,146.0,51.7,22.8,0
LZ-GAS-007579,commercial,547.0,545.8,154.0,54.5,17.9,0
LZ-GAS-007580,residential,250.5,269.3,447.0,29.7,17.8,0
LZ-GAS-007581,commercial,567.0,609.4,171.0,35.7,9.5,0
LZ-GAS-007582,residential,201.2,185.6,295.0,64.8,23.1,0
LZ-GAS-007583,residential,174.4,173.4,267.0,62.6,15.1,0
LZ-GAS-007584,residential,250.8,111.4,157.0,60.5,30.0,1
LZ-GAS-007585,residential,120.7,112.3,161.0,30.2,12.4,0
LZ-GAS-007586,residential,225.8,227.9,365.0,27.9,2.7,0
LZ-GAS-007587,residential,104.0,107.9,148.0,52.7,25.6,0
LZ-GAS-007588,residential,181.6,193.8,304.0,7.6,12.9,0
LZ-GAS-007589,residential,120.9,113.6,161.0,54.1,26.5,0
LZ-GAS-007590,residential,112.4,117.0,168.0,55.0,14.3,0
LZ-GAS-007591,residential,206.0,243.7,410.0,61.4,23.4,0
LZ-GAS-007592,residential,22.8,24.3,0.0,19.7,17.6,0
LZ-GAS-007593,residential,92.8,92.5,124.0,27.4,12.1,0
LZ-GAS-007594,residential,93.4,102.8,138.0,19.4,12.9,0
LZ-GAS-007595,commercial,928.2,865.9,271.0,35.2,13.9,0
LZ-GAS-007596,residential,96.7,94.9,127.0,51.0,17.4,0
LZ-GAS-007597,residential,153.6,156.6,230.0,36.4,22.1,0
LZ-GAS-007598,commercial,1057.5,905.5,303.0,70.4,20.0,0
LZ-GAS-007599,residential,286.9,286.9,472.0,46.8,18.1,0
LZ-GAS-007600,residential,200.2,215.5,342.0,63.6,24.9,0
LZ-GAS-007601,residential,40.2,40.0,34.0,76.9,25.6,0
LZ-GAS-007602,residential,289.7,271.2,441.0,63.7,26.3,0
LZ-GAS-007603,residential,151.9,141.5,216.0,17.3,0.7,0
LZ-GAS-007604,industrial,1454.6,1460.4,88.0,27.3,18.7,0
LZ-GAS-007605,residential,144.8,157.8,245.0,3.8,1.3,0
LZ-GAS-007606,residential,78.2,71.4,87.0,32.3,13.2,0
LZ-GAS-007607,residential,117.1,112.7,164.0,35.5,13.4,0
LZ-GAS-007608,residential,76.3,77.5,97.0,25.9,15.0,0
LZ-GAS-007609,residential,119.6,111.1,151.0,30.1,12.8,0
LZ-GAS-007610,residential,25.8,22.5,0.0,16.3,8.2,0
LZ-GAS-007611,residential,234.1,236.1,380.0,65.7,26.0,0
LZ-GAS-007612,residential,164.8,147.5,221.0,31.5,24.3,0
LZ-GAS-007613,residential,221.1,203.6,322.0,1.6,3.6,0
LZ-GAS-007614,residential,169.2,171.2,264.0,35.6,11.8,0
LZ-GAS-007615,residential,137.4,137.3,201.0,29.3,10.7,0
LZ-GAS-007616,residential,240.8,240.5,389.0,14.4,3.8,0
LZ-GAS-007617,industrial,3103.8,3316.8,384.0,56.1,14.2,0
LZ-GAS-007618,commercial,540.2,555.7,166.0,33.2,12.2,0
LZ-GAS-007619,industrial,2961.4,3048.2,319.0,62.5,25.3,0
LZ-GAS-007620,residential,116.5,117.9,167.0,49.1,16.0,0
LZ-GAS-007621,residential,101.1,110.3,149.0,76.5,21.3,0
LZ-GAS-007622,residential,167.0,174.2,271.0,27.0,12.4,0
LZ-GAS-007623,commercial,678.5,712.1,223.0,3.1,3.0,0
LZ-GAS-007624,residential,141.9,131.9,198.0,14.7,23.2,0
LZ-GAS-007625,residential,20.9,21.0,0.0,60.5,28.9,0
LZ-GAS-007626,residential,73.3,81.7,102.0,15.6,10.2,0
LZ-GAS-007627,industrial,2535.6,2474.4,225.0,47.5,9.7,0
LZ-GAS-007628,residential,176.8,191.3,303.0,9.1,5.7,0
LZ-GAS-007629,residential,100.2,190.5,298.0,68.4,18.8,1
LZ-GAS-007630,residential,107.4,103.7,140.0,30.8,9.5,0
LZ-GAS-007631,residential,162.8,172.3,274.0,23.3,1.3,0
LZ-GAS-007632,industrial,1377.0,1245.2,50.0,71.2,21.4,0
LZ-GAS-007633,residential,170.5,171.1,270.0,56.3,17.3,0
LZ-GAS-007634,commercial,1189.9,1274.5,455.0,48.2,14.9,0
LZ-GAS-007635,residential,133.9,126.3,182.0,72.4,17.9,0
LZ-GAS-007636,residential,72.8,67.8,79.0,64.6,24.1,0
LZ-GAS-007637,residential,201.3,216.8,349.0,0.7,2.1,0
LZ-GAS-007638,residential,126.9,135.0,196.0,72.8,13.2,0
LZ-GAS-007639,residential,136.8,146.4,213.0,15.9,5.0,0
LZ-GAS-007640,residential,191.3,178.6,283.0,58.2,24.6,0
LZ-GAS-007641,residential,118.0,117.1,169.0,24.1,18.0,0
LZ-GAS-007642,residential,205.0,191.7,306.0,23.7,6.4,0
LZ-GAS-007643,residential,72.8,88.7,120.0,33.8,13.7,0
LZ-GAS-007644,residential,83.2,88.7,114.0,0.6,9.0,0
LZ-GAS-007645,residential,157.5,161.2,250.0,67.6,27.5,0
LZ-GAS-007646,residential,162.0,175.8,270.0,21.3,9.1,0
LZ-GAS-007647,industrial,2535.3,2552.1,241.0,50.9,20.2,0
LZ-GAS-007648,commercial,814.2,895.5,299.0,11.6,6.8,0
LZ-GAS-007649,residential,137.4,135.5,205.0,7.8,0.0,0
LZ-GAS-007650,commercial,486.4,488.0,128.0,1.5,10.9,0
LZ-GAS-007651,residential,182.6,175.6,274.0,38.9,15.4,0
LZ-GAS-007652,residential,30.2,28.0,8.0,33.4,16.4,0
LZ-GAS-007653,residential,138.6,144.2,212.0,57.6,19.4,0
LZ-GAS-007654,commercial,1007.1,986.1,337.0,34.6,10.4,0
LZ-GAS-007655,residential,165.7,180.0,286.0,40.6,13.8,0
LZ-GAS-007656,commercial,1152.2,1055.1,361.0,45.5,19.1,0
LZ-GAS-007657,commercial,517.9,591.8,181.0,11.6,2.7,0
LZ-GAS-007658,commercial,655.2,632.7,182.0,30.0,21.1,0
LZ-GAS-007659,residential,100.2,107.5,151.0,66.7,30.0,0
LZ-GAS-007660,industrial,2053.1,1973.3,149.0,79.1,14.6,0
LZ-GAS-007661,residential,175.4,157.7,241.0,39.0,20.3,0
LZ-GAS-007662,residential,220.6,209.4,341.0,24.9,10.1,0
LZ-GAS-007663,residential,151.9,138.5,209.0,68.3,26.1,0
LZ-GAS-007664,residential,228.2,255.4,418.0,43.8,17.9,0
LZ-GAS-007665,residential,151.0,175.1,275.0,3.3,6.0,0
LZ-GAS-007666,commercial,49.0,176.2,0.0,12.9,13.7,1
LZ-GAS-007667,residential,180.7,191.0,300.0,51.2,19.3,0
LZ-GAS-007668,industrial,1682.2,1786.8,154.0,9.8,15.8,0
LZ-GAS-007669,residential,154.0,148.7,227.0,42.3,18.2,0
LZ-GAS-007670,residential,89.5,89.2,121.0,77.3,18.3,0
LZ-GAS-007671,residential,263.0,105.2,146.0,41.5,15.6,1
LZ-GAS-007672,residential,288.5,290.3,480.0,36.3,15.2,0
LZ-GAS-007673,residential,235.8,217.6,351.0,64.1,19.3,0
LZ-GAS-007674,residential,125.3,116.3,170.0,41.9,10.5,0
LZ-GAS-007675,residential,92.6,88.7,118.0,67.0,30.0,0
LZ-GAS-007676,residential,114.5,115.6,167.0,1.0,6.0,0
LZ-GAS-007677,residential,95.0,99.9,135.0,67.5,22.8,0
LZ-GAS-007678,residential,194.1,189.3,297.0,13.3,1.4,0
LZ-GAS-007679,commercial,1172.6,1062.3,366.0,17.5,13.2,0
LZ-GAS-007680,commercial,241.5,227.3,16.0,45.4,16.9,0
LZ-GAS-007681,industrial,2652.1,2619.1,276.0,54.7,25.1,0
LZ-GAS-007682,industrial,2238.3,2169.5,209.0,13.0,17.6,0
LZ-GAS-007683,commercial,641.1,595.6,183.0,63.6,18.8,0
LZ-GAS-007684,residential,202.7,202.5,320.0,38.5,12.2,0
LZ-GAS-007685,residential,98.8,91.2,120.0,60.1,26.8,0
LZ-GAS-007686,residential,83.2,82.2,108.0,28.6,18.5,0
LZ-GAS-007687,residential,144.1,139.5,206.0,28.6,14.8,0
LZ-GAS-007688,residential,101.9,92.1,124.0,42.7,20.3,0
LZ-GAS-007689,residential,100.6,106.8,151.0,52.8,17.8,0
LZ-GAS-007690,commercial,1497.0,942.2,324.0,61.6,21.4,1
LZ-GAS-007691,residential,54.6,53.2,51.0,26.9,12.8,0
LZ-GAS-007692,commercial,1049.1,1098.0,381.0,49.5,8.0,0
LZ-GAS-007693,residential,248.2,243.6,397.0,20.5,14.9,0
LZ-GAS-007694,residential,116.8,121.7,177.0,56.2,24.0,0
LZ-GAS-007695,residential,184.2,192.7,306.0,32.3,9.7,0
LZ-GAS-007696,residential,70.1,70.8,84.0,74.1,22.0,0
LZ-GAS-007697,residential,141.6,126.4,186.0,58.4,22.2,0
LZ-GAS-007698,residential,109.5,109.6,164.0,6.1,11.2,0
LZ-GAS-007699,residential,101.3,87.0,115.0,51.1,19.0,0
LZ-GAS-007700,commercial,1058.2,1004.2,347.0,30.4,11.5,0
LZ-GAS-007701,residential,181.2,174.4,271.0,25.9,14.7,0
LZ-GAS-007702,industrial,3558.2,3130.8,349.0,16.8,10.9,0
LZ-GAS-007703,residential,37.5,36.4,22.0,56.1,15.3,0
LZ-GAS-007704,residential,138.0,138.8,209.0,68.3,21.6,0
LZ-GAS-007705,residential,112.3,115.9,169.0,35.6,13.2,0
LZ-GAS-007706,commercial,203.3,216.4,26.0,39.8,19.3,0
LZ-GAS-007707,residential,252.6,224.2,365.0,26.7,6.4,0
LZ-GAS-007708,commercial,781.0,748.4,237.0,64.9,18.4,0
LZ-GAS-007709,residential,168.3,175.9,274.0,78.9,23.9,0
LZ-GAS-007710,residential,279.7,259.8,423.0,36.1,15.3,0
LZ-GAS-007711,residential,123.9,114.2,157.0,36.0,26.7,0
LZ-GAS-007712,residential,295.6,263.0,433.0,15.2,9.1,0
LZ-GAS-007713,residential,29.0,25.2,0.0,22.8,17.0,0
LZ-GAS-007714,commercial,1224.9,1153.6,409.0,31.4,17.8,0
LZ-GAS-007715,commercial,1039.8,978.5,333.0,33.1,20.7,0
LZ-GAS-007716,residential,66.1,64.6,76.0,13.4,17.9,0
LZ-GAS-007717,residential,59.8,57.9,62.0,28.7,16.1,0
LZ-GAS-007718,residential,749.3,289.0,480.0,4.8,2.6,1
LZ-GAS-007719,commercial,551.4,550.5,151.0,22.5,10.0,0
LZ-GAS-007720,residential,272.8,235.8,386.0,52.5,26.6,0
LZ-GAS-007721,residential,171.6,179.4,283.0,72.6,30.0,0
LZ-GAS-007722,residential,170.8,162.5,247.0,17.4,16.7,0
LZ-GAS-007723,industrial,2002.9,2247.5,211.0,56.0,30.0,0
LZ-GAS-007724,commercial,353.9,346.0,68.0,18.4,14.1,0
LZ-GAS-007725,residential,65.9,69.6,78.0,76.0,21.1,0
LZ-GAS-007726,commercial,464.9,475.5,123.0,19.9,11.6,0
LZ-GAS-007727,residential,204.5,216.6,350.0,4.0,8.6,0
LZ-GAS-007728,residential,25.3,27.4,0.0,76.0,29.6,0
LZ-GAS-007729,commercial,427.8,387.2,89.0,27.7,17.2,0
LZ-GAS-007730,residential,177.4,181.1,283.0,16.6,6.0,0
LZ-GAS-007731,commercial,715.1,679.2,214.0,36.4,21.0,0
LZ-GAS-007732,industrial,2291.7,2085.3,164.0,67.6,20.3,0
LZ-GAS-007733,residential,84.4,77.2,97.0,31.5,15.4,0
LZ-GAS-007734,commercial,222.3,202.5,0.0,36.7,18.5,0
LZ-GAS-007735,commercial,475.5,471.3,124.0,52.1,22.6,0
LZ-GAS-007736,residential,68.8,64.5,73.0,1.8,9.1,0
LZ-GAS-007737,residential,100.1,108.4,157.0,72.6,21.6,0
LZ-GAS-007738,residential,79.4,76.4,98.0,57.0,19.7,0
LZ-GAS-007739,residential,43.8,37.6,23.0,47.3,22.5,0
LZ-GAS-007740,residential,244.2,245.5,398.0,28.6,11.0,0
LZ-GAS-007741,residential,24.8,23.5,0.0,77.6,19.8,0
LZ-GAS-007742,residential,172.7,202.9,324.0,6.0,0.0,0
LZ-GAS-007743,residential,112.6,116.8,164.0,0.4,6.3,0
LZ-GAS-007744,residential,88.9,103.9,144.0,47.5,13.6,0
LZ-GAS-007745,residential,50.6,56.0,59.0,54.1,19.6,0
LZ-GAS-007746,residential,71.5,76.8,94.0,12.1,3.9,0
LZ-GAS-007747,commercial,571.7,561.0,160.0,67.6,20.8,0
LZ-GAS-007748,residential,21.5,24.1,0.0,34.9,13.0,0
LZ-GAS-007749,commercial,1106.4,1029.9,350.0,26.9,17.5,0
LZ-GAS-007750,residential,359.2,151.3,237.0,57.2,16.1,1
LZ-GAS-007751,residential,149.0,145.2,213.0,32.6,8.4,0
LZ-GAS-007752,residential,125.3,140.8,210.0,13.0,9.9,0
LZ-GAS-007753,commercial,907.7,1026.3,360.0,34.4,18.7,0
LZ-GAS-007754,residential,129.0,143.5,214.0,3.1,2.4,0
LZ-GAS-007755,residential,203.7,198.3,315.0,24.7,14.7,0
LZ-GAS-007756,residential,103.0,98.6,130.0,46.7,17.8,0
LZ-GAS-007757,industrial,3268.6,3836.8,443.0,6.4,10.1,0
LZ-GAS-007758,residential,100.3,95.6,129.0,34.9,5.7,0
LZ-GAS-007759,residential,65.4,68.4,77.0,38.5,16.1,0
LZ-GAS-007760,commercial,469.2,507.8,128.0,2.8,5.5,0
LZ-GAS-007761,residential,208.4,212.1,335.0,16.9,11.3,0
LZ-GAS-007762,residential,270.0,258.0,422.0,3.7,3.6,0
LZ-GAS-007763,residential,191.0,170.2,264.0,41.6,15.9,0
LZ-GAS-007764,industrial,4397.7,3963.8,480.0,51.2,8.1,0
LZ-GAS-007765,residential,67.4,70.3,81.0,0.2,6.0,0
LZ-GAS-007766,commercial,425.4,474.9,119.0,45.4,24.1,0
LZ-GAS-007767,residential,112.2,109.5,153.0,69.0,24.3,0
LZ-GAS-007768,residential,239.4,233.8,387.0,3.5,7.3,0
LZ-GAS-007769,residential,82.0,75.3,93.0,47.5,19.6,0
LZ-GAS-007770,residential,152.0,142.0,215.0,25.7,19.4,0
LZ-GAS-007771,residential,57.7,58.7,61.0,11.5,5.6,0
LZ-GAS-007772,residential,151.9,156.5,240.0,69.6,16.2,0
LZ-GAS-007773,commercial,426.7,425.3,103.0,24.9,6.8,0
LZ-GAS-007774,residential,248.6,288.5,480.0,67.8,19.7,0
LZ-GAS-007775,residential,324.5,201.4,318.0,72.2,24.5,1
LZ-GAS-007776,commercial,498.6,519.6,147.0,20.0,15.1,0
LZ-GAS-007777,commercial,1054.0,962.2,325.0,69.8,19.9,0
LZ-GAS-007778,residential,68.1,137.2,207.0,72.8,19.2,1
LZ-GAS-007779,residential,104.3,99.4,133.0,0.2,10.5,0
LZ-GAS-007780,residential,164.0,180.7,282.0,70.7,29.0,0
LZ-GAS-007781,residential,36.3,36.8,21.0,50.9,14.9,0
LZ-GAS-007782,residential,223.2,252.2,410.0,0.3,9.8,0
LZ-GAS-007783,residential,219.4,234.5,379.0,42.2,15.7,0
LZ-GAS-007784,industrial,1357.1,1424.8,68.0,68.5,20.7,0
LZ-GAS-007785,residential,124.3,130.6,197.0,68.0,22.4,0
LZ-GAS-007786,residential,25.3,25.0,0.0,71.2,19.6,0
LZ-GAS-007787,residential,160.5,181.4,287.0,41.3,7.9,0
LZ-GAS-007788,residential,151.0,167.9,255.0,8.3,1.1,0
LZ-GAS-007789,industrial,2375.4,2525.7,245.0,27.5,9.1,0
LZ-GAS-007790,residential,100.4,103.6,144.0,23.8,13.4,0
LZ-GAS-007791,residential,153.1,140.6,207.0,49.9,20.4,0
LZ-GAS-007792,residential,95.2,93.4,125.0,21.4,15.6,0
LZ-GAS-007793,residential,107.0,126.4,184.0,44.6,13.2,0
LZ-GAS-007794,commercial,437.7,475.8,125.0,24.7,12.0,0
LZ-GAS-007795,residential,100.0,98.1,129.0,37.2,8.1,0
LZ-GAS-007796,residential,109.5,93.3,124.0,51.3,13.9,0
LZ-GAS-007797,residential,26.3,27.6,0.0,65.3,27.4,0
LZ-GAS-007798,commercial,471.6,430.2,109.0,3.3,6.1,0
LZ-GAS-007799,residential,219.2,205.6,328.0,36.2,24.3,0
LZ-GAS-007800,industrial,3651.7,3453.0,403.0,26.0,15.8,0
LZ-GAS-007801,residential,83.6,102.6,138.0,50.4,16.2,0
LZ-GAS-007802,commercial,688.1,708.3,221.0,57.5,16.9,0
LZ-GAS-007803,residential,222.7,233.6,383.0,57.0,10.0,0
LZ-GAS-007804,residential,29.1,27.6,2.0,12.5,15.6,0
LZ-GAS-007805,residential,152.6,171.9,264.0,11.8,13.8,0
LZ-GAS-007806,residential,26.0,24.9,0.0,69.2,30.0,0
LZ-GAS-007807,industrial,2612.9,2580.5,266.0,25.0,22.5,0
LZ-GAS-007808,residential,139.2,126.8,184.0,55.7,21.5,0
LZ-GAS-007809,residential,136.1,137.1,198.0,1.4,1.1,0
LZ-GAS-007810,residential,113.9,123.3,182.0,47.8,9.2,0
LZ-GAS-007811,industrial,4154.1,3814.4,467.0,18.6,8.7,0
LZ-GAS-007812,commercial,175.5,179.2,0.0,53.4,19.2,0
LZ-GAS-007813,residential,32.8,36.0,25.0,6.6,0.3,0
LZ-GAS-007814,residential,153.1,155.4,243.0,70.7,27.1,0
LZ-GAS-007815,residential,151.3,160.8,246.0,55.0,24.5,0
LZ-GAS-007816,residential,88.1,89.6,116.0,49.9,13.6,0
LZ-GAS-007817,industrial,2450.5,2641.2,259.0,37.9,14.2,0
LZ-GAS-007818,commercial,748.2,693.9,212.0,63.6,14.9,0
LZ-GAS-007819,commercial,730.5,733.8,227.0,35.1,19.8,0
LZ-GAS-007820,residential,217.0,225.9,365.0,51.1,14.3,0
LZ-GAS-007821,residential,79.8,81.9,98.0,31.6,8.2,0
LZ-GAS-007822,residential,144.1,156.9,241.0,1.1,0.0,0
LZ-GAS-007823,commercial,1062.8,974.6,335.0,36.9,10.1,0
LZ-GAS-007824,residential,93.6,105.6,141.0,64.2,13.4,0
LZ-GAS-007825,residential,249.7,233.7,377.0,51.3,24.0,0
LZ-GAS-007826,residential,79.3,79.9,100.0,7.1,10.9,0
LZ-GAS-007827,residential,25.0,25.3,0.0,2.6,0.5,0
LZ-GAS-007828,industrial,1526.6,1303.2,68.0,13.9,5.0,0
LZ-GAS-007829,residential,149.0,146.6,224.0,50.1,18.1,0
LZ-GAS-007830,industrial,3367.0,3035.5,348.0,24.5,12.6,0
LZ-GAS-007831,residential,99.9,110.6,162.0,19.7,5.6,0
LZ-GAS-007832,residential,126.2,138.7,205.0,69.8,30.0,0
LZ-GAS-007833,residential,145.1,138.5,208.0,0.9,9.3,0
LZ-GAS-007834,residential,209.8,185.8,295.0,65.7,30.0,0
LZ-GAS-007835,industrial,1333.9,1387.5,81.0,27.9,0.0,0
LZ-GAS-007836,residential,142.0,133.4,195.0,64.7,14.2,0
LZ-GAS-007837,commercial,429.9,416.1,90.0,23.2,15.3,0
LZ-GAS-007838,commercial,903.9,832.1,272.0,41.4,17.4,0
LZ-GAS-007839,industrial,3172.7,2931.9,323.0,11.3,7.3,0
LZ-GAS-007840,residential,22.9,23.9,0.0,22.2,5.7,0
LZ-GAS-007841,residential,148.8,156.5,240.0,51.7,21.4,0
LZ-GAS-007842,residential,112.4,128.6,186.0,54.3,16.9,0
LZ-GAS-007843,residential,184.0,194.1,307.0,13.6,16.1,0
LZ-GAS-007844,residential,94.1,89.2,114.0,51.2,24.3,0
LZ-GAS-007845,residential,119.8,140.6,215.0,78.3,30.0,0
LZ-GAS-007846,commercial,338.5,304.6,50.0,48.4,8.8,0
LZ-GAS-007847,residential,202.4,202.2,316.0,22.4,13.1,0
LZ-GAS-007848,residential,266.1,289.8,480.0,54.5,28.4,0
LZ-GAS-007849,residential,168.1,159.1,245.0,46.8,26.9,0
LZ-GAS-007850,residential,256.9,255.0,417.0,52.7,25.4,0
LZ-GAS-007851,commercial,1065.9,1197.1,418.0,66.9,28.4,0
LZ-GAS-007852,residential,116.0,123.5,178.0,74.8,20.8,0
LZ-GAS-007853,residential,162.7,150.3,224.0,12.2,16.4,0
LZ-GAS-007854,residential,148.4,151.2,235.0,19.6,20.3,0
LZ-GAS-007855,industrial,3453.7,3209.1,352.0,10.6,10.8,0
LZ-GAS-007856,residential,91.0,93.7,124.0,79.7,28.5,0
LZ-GAS-007857,residential,207.1,196.8,311.0,78.7,24.9,0
LZ-GAS-007858,residential,78.9,80.0,100.0,60.3,22.0,0
LZ-GAS-007859,industrial,2588.1,2841.8,300.0,49.9,16.9,0
LZ-GAS-007860,commercial,690.2,689.2,210.0,12.6,11.5,0
LZ-GAS-007861,commercial,168.5,162.7,0.0,24.3,11.2,0
LZ-GAS-007862,residential,107.1,112.5,161.0,10.5,1.0,0
LZ-GAS-007863,industrial,2877.6,2689.4,278.0,28.9,10.1,0
LZ-GAS-007864,commercial,642.1,645.7,192.0,7.7,9.9,0
LZ-GAS-007865,residential,152.9,160.2,246.0,1.6,7.4,0
LZ-GAS-007866,commercial,1371.1,1321.9,480.0,4.6,14.4,0
LZ-GAS-007867,industrial,1240.5,1236.1,42.0,35.4,19.7,0
LZ-GAS-007868,commercial,476.3,464.7,117.0,13.0,15.7,0
LZ-GAS-007869,commercial,400.6,448.0,111.0,4.6,6.9,0
LZ-GAS-007870,commercial,702.5,700.2,214.0,60.3,26.4,0
LZ-GAS-007871,commercial,520.6,542.4,150.0,61.1,17.7,0
LZ-GAS-007872,commercial,1612.3,639.1,184.0,75.5,21.5,1
LZ-GAS-007873,residential,88.7,81.9,104.0,64.2,26.5,0
LZ-GAS-007874,residential,207.1,85.2,113.0,75.9,26.2,1
LZ-GAS-007875,residential,283.3,282.7,467.0,52.2,15.0,0
LZ-GAS-007876,residential,293.1,290.0,480.0,42.4,21.4,0
LZ-GAS-007877,residential,136.9,132.2,192.0,33.1,21.6,0
LZ-GAS-007878,residential,143.5,149.9,225.0,26.7,16.5,0
LZ-GAS-007879,industrial,915.4,893.0,0.0,1.3,12.9,0
LZ-GAS-007880,industrial,2468.2,2049.5,160.0,56.8,24.8,0
LZ-GAS-007881,residential,193.5,196.0,313.0,25.5,17.0,0
LZ-GAS-007882,residential,177.5,171.7,269.0,58.6,16.6,0
LZ-GAS-007883,residential,121.0,128.7,186.0,75.4,15.4,0
LZ-GAS-007884,commercial,1206.8,1264.8,456.0,63.3,20.1,0
LZ-GAS-007885,residential,285.7,291.3,480.0,40.6,0.0,0
LZ-GAS-007886,residential,118.6,127.2,189.0,44.6,14.3,0
LZ-GAS-007887,residential,62.4,67.8,77.0,70.9,18.1,0
LZ-GAS-007888,residential,210.9,188.2,296.0,19.2,11.3,0
LZ-GAS-007889,residential,194.2,205.6,330.0,47.0,14.1,0
LZ-GAS-007890,residential,76.1,76.5,100.0,47.7,17.9,0
LZ-GAS-007891,commercial,638.2,680.8,207.0,48.3,13.5,0
LZ-GAS-007892,industrial,3172.4,3259.6,360.0,23.2,10.5,0
LZ-GAS-007893,residential,430.9,172.4,268.0,36.6,22.6,1
LZ-GAS-007894,residential,75.3,79.6,101.0,40.5,10.9,0
LZ-GAS-007895,industrial,3186.8,2980.9,334.0,63.4,13.0,0
LZ-GAS-007896,residential,84.9,81.5,105.0,77.2,30.0,0
LZ-GAS-007897,commercial,1119.1,1160.4,419.0,4.2,10.9,0
LZ-GAS-007898,commercial,652.6,720.2,215.0,63.8,21.7,0
LZ-GAS-007899,residential,25.0,24.3,0.0,38.9,13.6,0
LZ-GAS-007900,residential,79.9,82.4,100.0,51.6,20.4,0
LZ-GAS-007901,commercial,895.5,948.7,321.0,43.3,14.9,0
LZ-GAS-007902,residential,634.6,278.8,456.0,64.4,26.9,1
LZ-GAS-007903,commercial,743.9,805.4,264.0,32.6,12.6,0
LZ-GAS-007904,industrial,4448.4,2001.1,177.0,31.7,10.7,1
LZ-GAS-007905,commercial,1342.4,1321.0,480.0,44.0,19.7,0
LZ-GAS-007906,commercial,285.2,279.8,41.0,77.5,21.3,0
LZ-GAS-007907,residential,193.5,217.4,353.0,33.8,17.2,0
LZ-GAS-007908,commercial,183.3,189.1,12.0,34.0,8.5,0
LZ-GAS-007909,residential,28.5,27.9,0.0,40.5,13.3,0
LZ-GAS-007910,residential,64.0,66.7,71.0,79.7,26.8,0
LZ-GAS-007911,commercial,907.5,948.5,324.0,12.9,5.6,0
LZ-GAS-007912,residential,185.3,163.7,249.0,48.0,22.9,0
LZ-GAS-007913,residential,124.4,124.4,189.0,48.8,17.7,0
LZ-GAS-007914,residential,188.0,175.1,272.0,71.2,24.8,0
LZ-GAS-007915,residential,98.2,95.5,121.0,27.8,3.0,0
LZ-GAS-007916,residential,273.2,258.2,417.0,49.3,21.1,0
LZ-GAS-007917,commercial,779.4,740.7,229.0,20.2,11.4,0
LZ-GAS-007918,commercial,832.1,885.0,287.0,31.1,3.7,0
LZ-GAS-007919,commercial,267.9,284.7,42.0,6.0,8.7,0
LZ-GAS-007920,commercial,682.7,696.1,206.0,22.4,13.2,0
LZ-GAS-007921,residential,53.7,54.0,54.0,31.1,10.1,0
LZ-GAS-007922,residential,167.3,188.8,306.0,23.9,6.4,0
LZ-GAS-007923,commercial,192.2,195.9,0.0,33.1,7.1,0
LZ-GAS-007924,residential,186.7,197.5,313.0,23.1,11.8,0
LZ-GAS-007925,commercial,1070.2,1032.9,355.0,20.4,11.2,0
LZ-GAS-007926,residential,188.1,186.3,291.0,27.4,11.7,0
LZ-GAS-007927,residential,208.3,237.6,384.0,53.7,29.5,0
LZ-GAS-007928,residential,292.4,253.5,420.0,49.8,18.2,0
LZ-GAS-007929,residential,103.9,122.1,176.0,78.4,26.3,0
LZ-GAS-007930,residential,122.5,106.8,151.0,11.0,0.7,0
LZ-GAS-007931,residential,107.2,108.7,153.0,64.5,23.6,0
LZ-GAS-007932,industrial,2989.2,2374.0,214.0,6.4,12.2,0
LZ-GAS-007933,commercial,632.9,628.3,187.0,18.2,6.0,0
LZ-GAS-007934,residential,133.2,125.6,185.0,1.4,16.8,0
LZ-GAS-007935,residential,269.4,269.5,444.0,40.0,13.1,0
LZ-GAS-007936,residential,139.7,148.6,225.0,1.0,6.9,0
LZ-GAS-007937,residential,96.7,111.5,157.0,5.2,5.3,0
LZ-GAS-007938,residential,237.3,253.9,413.0,51.7,16.9,0
LZ-GAS-007939,residential,58.2,60.9,65.0,51.9,4.4,0
LZ-GAS-007940,residential,138.8,137.6,206.0,7.6,12.1,0
LZ-GAS-007941,residential,193.4,183.1,288.0,49.7,7.3,0
LZ-GAS-007942,industrial,2887.5,2793.6,302.0,34.2,20.7,0
LZ-GAS-007943,commercial,315.2,313.3,47.0,69.5,17.7,0
LZ-GAS-007944,residential,47.2,44.5,33.0,46.1,14.8,0
LZ-GAS-007945,commercial,288.9,281.7,53.0,42.0,29.0,0
LZ-GAS-007946,commercial,482.4,428.5,104.0,79.3,20.8,0
LZ-GAS-007947,residential,271.6,231.0,370.0,22.1,10.3,0
LZ-GAS-007948,commercial,645.1,642.6,202.0,36.3,8.7,0
LZ-GAS-007949,residential,169.0,166.8,259.0,61.9,20.4,0
LZ-GAS-007950,residential,90.1,84.1,101.0,57.9,22.4,0
LZ-GAS-007951,residential,107.7,105.1,144.0,3.3,14.6,0
LZ-GAS-007952,residential,195.4,191.1,299.0,1.0,0.0,0
LZ-GAS-007953,residential,154.9,166.2,260.0,22.3,11.1,0
LZ-GAS-007954,residential,119.9,124.4,175.0,77.7,28.3,0
LZ-GAS-007955,residential,221.6,214.3,342.0,5.3,11.7,0
LZ-GAS-007956,commercial,537.8,526.4,136.0,1.7,2.4,0
LZ-GAS-007957,residential,92.8,100.2,140.0,73.7,24.7,0
LZ-GAS-007958,residential,98.8,109.8,156.0,11.3,18.1,0
LZ-GAS-007959,residential,92.8,97.0,134.0,25.3,14.1,0
LZ-GAS-007960,residential,315.9,201.8,320.0,69.0,30.0,1
LZ-GAS-007961,industrial,873.7,953.1,18.0,31.9,7.8,0
LZ-GAS-007962,residential,144.3,173.7,270.0,3.6,3.2,0
LZ-GAS-007963,commercial,196.6,201.8,0.0,33.3,14.4,0
LZ-GAS-007964,residential,26.7,26.7,0.0,58.4,15.3,0
LZ-GAS-007965,residential,164.0,140.5,212.0,12.7,12.3,0
LZ-GAS-007966,residential,160.2,164.1,251.0,21.3,5.6,0
LZ-GAS-007967,residential,127.5,129.4,193.0,26.8,14.3,0
LZ-GAS-007968,residential,28.9,26.7,0.0,0.9,0.0,0
LZ-GAS-007969,commercial,1104.0,1045.0,367.0,55.0,15.4,0
LZ-GAS-007970,residential,230.8,222.9,357.0,7.4,9.0,0
LZ-GAS-007971,commercial,205.4,437.1,101.0,17.3,13.2,1
LZ-GAS-007972,residential,248.2,234.3,385.0,35.7,10.0,0
LZ-GAS-007973,residential,103.2,100.1,133.0,60.7,13.5,0
LZ-GAS-007974,residential,138.2,147.6,218.0,6.7,10.4,0
LZ-GAS-007975,industrial,792.5,1729.2,110.0,77.4,20.2,1
LZ-GAS-007976,residential,75.9,70.8,78.0,40.5,18.0,0
LZ-GAS-007977,residential,9.6,32.5,11.0,13.4,15.8,1
LZ-GAS-007978,residential,125.1,122.8,175.0,14.3,12.7,0
LZ-GAS-007979,residential,177.2,189.0,300.0,43.0,9.0,0
LZ-GAS-007980,industrial,2322.8,2106.6,164.0,7.2,13.9,0
LZ-GAS-007981,industrial,2889.9,2826.1,294.0,13.1,14.8,0
LZ-GAS-007982,residential,237.6,205.9,325.0,76.4,22.0,0
LZ-GAS-007983,residential,255.4,252.5,411.0,70.0,21.3,0
LZ-GAS-007984,residential,223.0,216.7,348.0,49.3,25.4,0
LZ-GAS-007985,residential,142.3,143.5,219.0,59.8,22.5,0
LZ-GAS-007986,residential,163.7,162.9,248.0,8.9,10.3,0
LZ-GAS-007987,residential,145.8,133.9,197.0,22.0,16.9,0
LZ-GAS-007988,industrial,1653.5,1511.6,103.0,1.3,9.0,0
LZ-GAS-007989,commercial,337.2,338.2,56.0,46.5,30.0,0
LZ-GAS-007990,residential,279.1,266.9,438.0,0.4,13.0,0
LZ-GAS-007991,commercial,437.3,410.8,98.0,8.4,8.8,0
LZ-GAS-007992,residential,191.8,182.6,288.0,79.7,26.5,0
LZ-GAS-007993,industrial,3607.9,3655.0,408.0,7.2,6.3,0
LZ-GAS-007994,residential,147.8,158.1,243.0,78.8,30.0,0
LZ-GAS-007995,residential,58.9,102.6,142.0,43.2,10.8,1
LZ-GAS-007996,industrial,1493.4,2502.7,266.0,39.0,20.2,1
LZ-GAS-007997,residential,256.9,255.8,420.0,10.2,5.6,0
LZ-GAS-007998,commercial,425.4,391.8,91.0,31.5,4.6,0
LZ-GAS-007999,residential,70.8,81.0,98.0,28.0,18.0,0
