session_id,session_start_hour,initial_soc_pct,charger_type,vehicle_battery_kwh,station_region,is_weekend,energy_charged_kwh
LZ-EV-000000,3,37.6,rapid_50kw,28.0,murcia,0,16.06
LZ-EV-000001,12,62.0,rapid_50kw,69.8,barcelona,1,14.99
LZ-EV-000002,8,28.2,rapid_50kw,72.8,bilbao,0,20.35
LZ-EV-000003,0,12.2,slow_7kw,69.4,bilbao,0,38.81
LZ-EV-000004,17,53.6,slow_7kw,30.2,bilbao,0,12.51
LZ-EV-000005,4,46.0,ultra_150kw,67.5,valencia,0,31.95
LZ-EV-000006,10,21.8,fast_22kw,72.6,malaga,0,54.21
LZ-EV-000007,20,38.9,slow_7kw,42.3,bilbao,0,24.64
LZ-EV-000008,23,14.4,ultra_150kw,55.0,barcelona,0,49.55
LZ-EV-000009,11,20.5,ultra_150kw,79.9,madrid,1,54.58
LZ-EV-000010,14,73.2,slow_7kw,83.8,sevilla,0,20.51
LZ-EV-000011,22,44.0,rapid_50kw,80.0,valencia,1,26.46
LZ-EV-000012,12,10.7,slow_7kw,76.7,malaga,0,33.45
LZ-EV-000013,7,62.6,fast_22kw,32.8,murcia,0,10.45
LZ-EV-000014,1,64.4,rapid_50kw,76.3,barcelona,1,22.75
LZ-EV-000015,3,2.0,fast_22kw,58.6,zaragoza,0,46.83
LZ-EV-000016,12,90.0,fast_22kw,63.8,barcelona,1,6.48
LZ-EV-000017,11,26.6,slow_7kw,35.3,zaragoza,0,23.84
LZ-EV-000018,12,38.9,rapid_50kw,58.2,bilbao,0,27.99
LZ-EV-000019,3,47.9,fast_22kw,75.8,bilbao,0,37.01
LZ-EV-000020,22,22.9,slow_7kw,84.9,murcia,0,39.35
LZ-EV-000021,4,41.8,rapid_50kw,67.9,madrid,1,38.61
LZ-EV-000022,8,70.2,ultra_150kw,73.4,madrid,0,20.47
LZ-EV-000023,21,50.9,fast_22kw,69.1,barcelona,0,30.89
LZ-EV-000024,0,49.4,rapid_50kw,53.9,bilbao,1,24.78
LZ-EV-000025,12,38.3,ultra_150kw,69.3,murcia,0,25.23
LZ-EV-000026,7,65.3,slow_7kw,58.2,murcia,0,17.49
LZ-EV-000027,15,49.0,fast_22kw,77.4,valencia,0,27.67
LZ-EV-000028,23,29.5,ultra_150kw,66.6,murcia,0,31.39
LZ-EV-000029,11,27.9,slow_7kw,44.9,zaragoza,0,28.17
LZ-EV-000030,1,40.7,slow_7kw,52.6,malaga,0,20.23
LZ-EV-000031,9,9.8,fast_22kw,75.0,barcelona,1,39.71
LZ-EV-000032,12,31.5,rapid_50kw,67.0,malaga,0,27.19
LZ-EV-000033,11,46.8,fast_22kw,77.8,madrid,1,32.51
LZ-EV-000034,20,31.1,fast_22kw,51.0,malaga,1,32.42
LZ-EV-000035,15,44.0,slow_7kw,43.5,murcia,0,21.82
LZ-EV-000036,5,27.0,rapid_50kw,67.6,sevilla,0,24.47
LZ-EV-000037,0,46.4,slow_7kw,71.0,sevilla,1,41.44
LZ-EV-000038,5,62.0,slow_7kw,71.1,valencia,1,26.57
LZ-EV-000039,1,26.9,ultra_150kw,49.2,murcia,1,32.38
LZ-EV-000040,15,30.1,fast_22kw,87.1,sevilla,0,42.06
LZ-EV-000041,23,33.0,fast_22kw,47.1,malaga,0,29.86
LZ-EV-000042,8,22.1,rapid_50kw,68.7,murcia,0,22.35
LZ-EV-000043,20,18.6,fast_22kw,69.3,bilbao,0,31.36
LZ-EV-000044,12,33.1,slow_7kw,43.8,malaga,0,22.76
LZ-EV-000045,4,48.3,fast_22kw,58.0,bilbao,0,28.59
LZ-EV-000046,11,49.1,rapid_50kw,40.7,zaragoza,0,18.99
LZ-EV-000047,16,60.3,rapid_50kw,62.8,bilbao,0,25.01
LZ-EV-000048,2,30.4,fast_22kw,66.3,zaragoza,0,34.24
LZ-EV-000049,17,14.0,ultra_150kw,60.6,malaga,0,49.29
LZ-EV-000050,3,38.4,ultra_150kw,53.0,murcia,0,24.7
LZ-EV-000051,21,27.8,rapid_50kw,69.7,zaragoza,1,22.21
LZ-EV-000052,2,2.0,fast_22kw,79.7,zaragoza,0,24.41
LZ-EV-000053,7,40.4,slow_7kw,38.4,madrid,1,21.11
LZ-EV-000054,23,49.0,fast_22kw,53.2,malaga,0,26.62
LZ-EV-000055,9,44.3,fast_22kw,77.5,barcelona,0,36.61
LZ-EV-000056,8,47.5,slow_7kw,43.8,malaga,0,22.81
LZ-EV-000057,17,47.5,fast_22kw,75.3,barcelona,0,34.25
LZ-EV-000058,14,56.6,fast_22kw,67.4,murcia,0,25.85
LZ-EV-000059,5,35.0,slow_7kw,44.0,madrid,0,27.62
LZ-EV-000060,20,47.1,fast_22kw,43.7,barcelona,1,22.4
LZ-EV-000061,17,46.0,fast_22kw,83.3,murcia,1,43.36
LZ-EV-000062,19,43.5,ultra_150kw,53.2,valencia,0,26.08
LZ-EV-000063,15,42.1,slow_7kw,64.2,valencia,0,31.5
LZ-EV-000064,21,40.8,ultra_150kw,80.0,zaragoza,0,37.42
LZ-EV-000065,19,57.7,ultra_150kw,45.1,valencia,1,19.01
LZ-EV-000066,1,2.0,fast_22kw,78.8,zaragoza,0,45.26
LZ-EV-000067,2,20.0,slow_7kw,44.8,madrid,0,35.2
LZ-EV-000068,11,46.5,rapid_50kw,75.9,malaga,0,26.09
LZ-EV-000069,7,48.4,slow_7kw,62.8,murcia,0,29.53
LZ-EV-000070,6,30.3,slow_7kw,92.0,madrid,1,49.67
LZ-EV-000071,0,59.7,fast_22kw,63.9,barcelona,0,24.69
LZ-EV-000072,5,29.5,fast_22kw,81.1,murcia,0,49.55
LZ-EV-000073,22,10.1,fast_22kw,64.7,zaragoza,0,47.43
LZ-EV-000074,19,29.7,slow_7kw,47.5,zaragoza,0,28.64
LZ-EV-000075,1,57.1,slow_7kw,91.2,malaga,0,36.51
LZ-EV-000076,20,48.8,fast_22kw,46.9,madrid,0,21.72
LZ-EV-000077,14,36.4,rapid_50kw,46.6,bilbao,0,24.3
LZ-EV-000078,2,5.5,rapid_50kw,90.9,barcelona,0,27.81
LZ-EV-000079,7,63.6,slow_7kw,41.2,madrid,1,14.42
LZ-EV-000080,3,63.7,fast_22kw,70.0,murcia,0,24.1
LZ-EV-000081,0,31.8,fast_22kw,75.8,bilbao,0,35.87
LZ-EV-000082,4,47.2,fast_22kw,67.7,valencia,1,33.55
LZ-EV-000083,22,51.1,ultra_150kw,44.9,sevilla,0,20.15
LZ-EV-000084,22,51.0,rapid_50kw,88.0,zaragoza,0,32.73
LZ-EV-000085,0,53.2,fast_22kw,76.0,barcelona,1,34.14
LZ-EV-000086,17,26.3,fast_22kw,75.4,malaga,0,16.26
LZ-EV-000087,19,9.6,ultra_150kw,49.0,madrid,0,40.18
LZ-EV-000088,11,17.5,fast_22kw,67.0,barcelona,1,21.95
LZ-EV-000089,23,60.8,rapid_50kw,65.5,valencia,1,12.82
LZ-EV-000090,14,44.0,rapid_50kw,61.1,zaragoza,0,31.38
LZ-EV-000091,19,64.5,rapid_50kw,76.6,madrid,0,18.35
LZ-EV-000092,15,47.7,fast_22kw,51.3,malaga,0,25.16
LZ-EV-000093,1,48.9,fast_22kw,55.6,barcelona,0,27.65
LZ-EV-000094,13,24.2,rapid_50kw,77.2,madrid,0,49.83
LZ-EV-000095,10,14.7,slow_7kw,57.2,madrid,1,41.4
LZ-EV-000096,21,34.1,rapid_50kw,65.3,malaga,0,30.85
LZ-EV-000097,9,31.7,fast_22kw,35.1,bilbao,0,21.88
LZ-EV-000098,6,29.3,fast_22kw,87.7,sevilla,1,34.47
LZ-EV-000099,2,36.0,fast_22kw,41.7,sevilla,1,25.86
LZ-EV-000100,4,57.4,fast_22kw,82.3,sevilla,0,30.01
LZ-EV-000101,8,37.6,rapid_50kw,78.0,barcelona,0,23.99
LZ-EV-000102,17,38.9,fast_22kw,66.3,madrid,0,37.79
LZ-EV-000103,6,24.1,slow_7kw,69.4,murcia,0,50.14
LZ-EV-000104,10,22.8,rapid_50kw,68.3,zaragoza,1,27.7
LZ-EV-000105,21,58.7,fast_22kw,42.3,madrid,0,16.79
LZ-EV-000106,19,65.0,fast_22kw,68.1,malaga,1,20.68
LZ-EV-000107,12,27.6,ultra_150kw,66.5,murcia,0,34.18
LZ-EV-000108,17,38.1,fast_22kw,62.9,barcelona,1,31.71
LZ-EV-000109,23,58.7,fast_22kw,68.2,valencia,0,25.82
LZ-EV-000110,19,33.7,slow_7kw,82.7,malaga,0,34.31
LZ-EV-000111,2,31.6,rapid_50kw,81.8,murcia,0,43.93
LZ-EV-000112,11,18.2,ultra_150kw,44.3,barcelona,0,35.53
LZ-EV-000113,0,51.7,rapid_50kw,45.8,barcelona,1,13.25
LZ-EV-000114,8,16.5,rapid_50kw,56.7,madrid,1,42.77
LZ-EV-000115,4,43.6,slow_7kw,73.3,valencia,0,35.08
LZ-EV-000116,20,60.5,slow_7kw,52.0,sevilla,0,19.65
LZ-EV-000117,16,45.6,fast_22kw,86.4,zaragoza,1,41.74
LZ-EV-000118,1,86.8,fast_22kw,65.4,zaragoza,0,8.15
LZ-EV-000119,5,10.2,rapid_50kw,34.1,madrid,0,26.82
LZ-EV-000120,3,21.9,fast_22kw,56.7,bilbao,0,38.48
LZ-EV-000121,7,29.6,slow_7kw,59.9,murcia,0,30.22
LZ-EV-000122,23,31.6,fast_22kw,63.6,barcelona,0,40.99
LZ-EV-000123,18,15.1,slow_7kw,57.5,bilbao,0,51.29
LZ-EV-000124,0,51.0,fast_22kw,39.8,zaragoza,0,17.78
LZ-EV-000125,14,43.8,slow_7kw,60.0,valencia,0,29.42
LZ-EV-000126,3,40.5,ultra_150kw,60.0,madrid,0,30.86
LZ-EV-000127,6,46.8,fast_22kw,57.5,madrid,1,26.96
LZ-EV-000128,10,16.6,fast_22kw,71.7,zaragoza,0,59.78
LZ-EV-000129,14,48.3,fast_22kw,80.0,malaga,1,39.52
LZ-EV-000130,9,47.7,fast_22kw,57.8,valencia,0,27.97
LZ-EV-000131,4,35.8,ultra_150kw,47.5,murcia,0,24.9
LZ-EV-000132,10,43.6,slow_7kw,70.8,malaga,1,38.44
LZ-EV-000133,8,31.6,rapid_50kw,61.1,madrid,0,25.81
LZ-EV-000134,0,55.9,slow_7kw,72.2,bilbao,1,29.09
LZ-EV-000135,3,58.5,slow_7kw,69.5,madrid,0,25.93
LZ-EV-000136,3,57.4,slow_7kw,41.5,malaga,1,16.1
LZ-EV-000137,13,28.3,rapid_50kw,67.5,barcelona,0,15.77
LZ-EV-000138,17,34.7,ultra_150kw,42.7,malaga,1,25.38
LZ-EV-000139,8,5.4,rapid_50kw,54.3,malaga,0,28.78
LZ-EV-000140,1,16.5,slow_7kw,28.0,zaragoza,0,18.18
LZ-EV-000141,17,6.1,fast_22kw,67.3,murcia,1,38.79
LZ-EV-000142,22,20.8,slow_7kw,58.4,murcia,0,27.82
LZ-EV-000143,3,38.7,fast_22kw,54.1,murcia,0,30.01
LZ-EV-000144,0,34.8,slow_7kw,70.0,malaga,0,44.9
LZ-EV-000145,6,45.5,slow_7kw,53.4,malaga,1,27.26
LZ-EV-000146,10,38.3,slow_7kw,73.4,zaragoza,0,42.22
LZ-EV-000147,5,29.9,ultra_150kw,60.7,zaragoza,0,34.16
LZ-EV-000148,20,2.0,fast_22kw,55.4,barcelona,0,49.95
LZ-EV-000149,20,2.0,slow_7kw,63.4,sevilla,1,43.8
LZ-EV-000150,21,62.4,slow_7kw,59.6,bilbao,1,19.79
LZ-EV-000151,13,49.2,rapid_50kw,67.9,bilbao,0,23.3
LZ-EV-000152,3,40.9,slow_7kw,73.6,zaragoza,0,36.06
LZ-EV-000153,2,14.5,slow_7kw,55.2,bilbao,0,49.35
LZ-EV-000154,14,40.6,slow_7kw,34.5,sevilla,0,21.09
LZ-EV-000155,14,49.0,rapid_50kw,43.5,murcia,0,17.82
LZ-EV-000156,18,80.5,ultra_150kw,58.1,bilbao,0,10.19
LZ-EV-000157,16,20.5,slow_7kw,46.5,bilbao,0,24.2
LZ-EV-000158,11,35.0,fast_22kw,70.1,malaga,0,42.17
LZ-EV-000159,6,56.6,fast_22kw,48.5,sevilla,0,19.18
LZ-EV-000160,20,35.1,fast_22kw,34.5,malaga,0,22.32
LZ-EV-000161,7,12.4,slow_7kw,60.1,valencia,0,50.55
LZ-EV-000162,20,30.2,fast_22kw,57.7,zaragoza,0,41.56
LZ-EV-000163,7,46.9,fast_22kw,61.9,madrid,1,28.49
LZ-EV-000164,12,68.6,ultra_150kw,52.9,bilbao,0,14.81
LZ-EV-000165,16,62.9,ultra_150kw,40.2,zaragoza,0,13.89
LZ-EV-000166,13,31.8,fast_22kw,67.7,madrid,0,43.14
LZ-EV-000167,12,28.9,slow_7kw,69.0,barcelona,0,28.91
LZ-EV-000168,17,21.4,slow_7kw,67.6,bilbao,0,39.06
LZ-EV-000169,16,39.4,fast_22kw,45.4,sevilla,0,27.29
LZ-EV-000170,22,14.7,rapid_50kw,67.4,valencia,0,19.78
LZ-EV-000171,11,2.1,fast_22kw,28.0,bilbao,0,23.35
LZ-EV-000172,18,64.2,fast_22kw,50.2,bilbao,1,17.6
LZ-EV-000173,22,35.0,fast_22kw,65.5,barcelona,0,38.95
LZ-EV-000174,0,62.0,rapid_50kw,81.4,murcia,0,28.85
LZ-EV-000175,14,3.5,slow_7kw,71.4,malaga,1,34.01
LZ-EV-000176,4,39.3,fast_22kw,73.9,zaragoza,0,40.53
LZ-EV-000177,0,38.4,fast_22kw,73.8,sevilla,0,27.87
LZ-EV-000178,14,54.4,fast_22kw,69.6,barcelona,0,30.43
LZ-EV-000179,9,52.7,fast_22kw,62.2,valencia,0,31.57
LZ-EV-000180,15,55.4,ultra_150kw,45.9,barcelona,0,18.38
LZ-EV-000181,19,25.5,rapid_50kw,55.1,murcia,1,26.48
LZ-EV-000182,14,42.4,slow_7kw,64.8,sevilla,1,36.92
LZ-EV-000183,23,24.0,slow_7kw,67.9,sevilla,0,46.35
LZ-EV-000184,9,2.0,slow_7kw,41.4,barcelona,0,36.45
LZ-EV-000185,18,29.9,fast_22kw,53.3,bilbao,0,31.83
LZ-EV-000186,0,55.6,slow_7kw,69.5,valencia,1,26.87
LZ-EV-000187,6,41.7,slow_7kw,42.1,zaragoza,1,23.3
LZ-EV-000188,1,23.0,fast_22kw,77.1,murcia,1,46.34
LZ-EV-000189,7,53.2,rapid_50kw,97.5,sevilla,1,36.23
LZ-EV-000190,8,44.6,rapid_50kw,73.8,valencia,0,19.58
LZ-EV-000191,16,37.0,rapid_50kw,60.3,valencia,1,21.74
LZ-EV-000192,3,37.0,slow_7kw,77.8,murcia,0,21.41
LZ-EV-000193,15,43.2,fast_22kw,67.7,valencia,0,32.91
LZ-EV-000194,18,40.6,rapid_50kw,47.6,malaga,0,21.35
LZ-EV-000195,6,29.4,fast_22kw,63.2,barcelona,0,44.67
LZ-EV-000196,13,63.8,fast_22kw,44.7,malaga,0,16.01
LZ-EV-000197,13,37.9,rapid_50kw,77.0,malaga,0,21.85
LZ-EV-000198,12,44.5,ultra_150kw,45.4,murcia,1,22.25
LZ-EV-000199,10,17.9,rapid_50kw,41.0,zaragoza,0,20.82
LZ-EV-000200,12,26.5,slow_7kw,76.1,murcia,0,57.54
LZ-EV-000201,5,29.2,slow_7kw,50.4,bilbao,1,34.31
LZ-EV-000202,19,53.2,slow_7kw,39.2,zaragoza,0,14.84
LZ-EV-000203,10,69.2,rapid_50kw,71.2,valencia,0,22.49
LZ-EV-000204,7,46.5,slow_7kw,71.8,malaga,0,33.13
LZ-EV-000205,4,30.1,rapid_50kw,70.8,malaga,0,26.3
LZ-EV-000206,23,23.5,fast_22kw,67.0,malaga,0,29.41
LZ-EV-000207,0,37.0,ultra_150kw,81.1,murcia,1,38.06
LZ-EV-000208,15,50.1,slow_7kw,53.5,sevilla,1,23.32
LZ-EV-000209,6,18.0,rapid_50kw,77.9,sevilla,0,19.42
LZ-EV-000210,8,43.5,slow_7kw,41.2,madrid,0,22.51
LZ-EV-000211,0,27.2,fast_22kw,72.6,barcelona,1,21.9
LZ-EV-000212,6,12.3,fast_22kw,58.4,murcia,0,49.41
LZ-EV-000213,22,20.7,slow_7kw,54.0,sevilla,1,32.46
LZ-EV-000214,19,41.8,slow_7kw,57.8,sevilla,0,30.86
LZ-EV-000215,4,48.4,fast_22kw,63.7,valencia,1,29.85
LZ-EV-000216,5,13.1,fast_22kw,61.4,zaragoza,0,58.52
LZ-EV-000217,22,40.6,slow_7kw,49.6,barcelona,0,26.01
LZ-EV-000218,10,14.4,fast_22kw,63.2,barcelona,0,39.18
LZ-EV-000219,3,26.2,slow_7kw,84.1,barcelona,0,20.57
LZ-EV-000220,7,5.6,fast_22kw,67.8,barcelona,0,25.04
LZ-EV-000221,14,55.6,fast_22kw,60.2,zaragoza,1,24.79
LZ-EV-000222,17,49.5,fast_22kw,56.9,barcelona,1,27.78
LZ-EV-000223,11,44.4,fast_22kw,85.8,sevilla,0,36.09
LZ-EV-000224,15,43.7,fast_22kw,48.2,murcia,0,25.96
LZ-EV-000225,18,55.9,fast_22kw,63.5,sevilla,0,21.92
LZ-EV-000226,18,48.6,slow_7kw,78.8,murcia,0,34.98
LZ-EV-000227,23,33.7,slow_7kw,47.2,zaragoza,0,33.23
LZ-EV-000228,2,25.8,slow_7kw,77.6,barcelona,0,51.32
LZ-EV-000229,18,82.9,ultra_150kw,50.9,barcelona,0,8.51
LZ-EV-000230,14,51.9,fast_22kw,83.6,madrid,0,36.99
LZ-EV-000231,21,69.2,rapid_50kw,55.9,murcia,1,16.42
LZ-EV-000232,16,27.3,slow_7kw,48.9,madrid,0,33.41
LZ-EV-000233,19,37.8,fast_22kw,48.1,bilbao,0,24.99
LZ-EV-000234,22,55.1,fast_22kw,74.9,murcia,0,33.42
LZ-EV-000235,5,63.1,slow_7kw,32.1,zaragoza,0,9.77
LZ-EV-000236,20,9.6,slow_7kw,62.1,bilbao,1,32.22
LZ-EV-000237,18,19.1,slow_7kw,55.8,bilbao,1,37.06
LZ-EV-000238,21,20.8,rapid_50kw,55.9,bilbao,1,23.96
LZ-EV-000239,23,16.2,rapid_50kw,61.2,malaga,0,36.84
LZ-EV-000240,22,37.1,rapid_50kw,67.9,bilbao,0,28.97
LZ-EV-000241,8,29.4,slow_7kw,66.2,malaga,0,49.52
LZ-EV-000242,11,37.1,fast_22kw,38.5,valencia,0,24.49
LZ-EV-000243,12,2.0,rapid_50kw,69.6,sevilla,0,23.18
LZ-EV-000244,11,59.4,fast_22kw,57.3,barcelona,0,22.35
LZ-EV-000245,1,38.8,rapid_50kw,74.6,zaragoza,0,18.32
LZ-EV-000246,22,90.0,slow_7kw,67.4,valencia,1,6.45
LZ-EV-000247,14,58.8,fast_22kw,47.0,barcelona,0,17.92
LZ-EV-000248,19,26.0,slow_7kw,93.0,valencia,0,28.34
LZ-EV-000249,19,83.9,fast_22kw,78.3,valencia,0,11.4
LZ-EV-000250,2,40.8,fast_22kw,75.8,barcelona,1,36.6
LZ-EV-000251,8,56.0,fast_22kw,41.8,malaga,0,16.5
LZ-EV-000252,4,31.7,rapid_50kw,82.4,sevilla,0,28.42
LZ-EV-000253,5,21.0,slow_7kw,62.6,barcelona,0,48.23
LZ-EV-000254,21,33.2,slow_7kw,65.2,malaga,0,21.83
LZ-EV-000255,18,46.4,ultra_150kw,60.3,murcia,1,30.84
LZ-EV-000256,2,44.7,fast_22kw,52.0,malaga,1,25.19
LZ-EV-000257,15,58.2,fast_22kw,79.8,malaga,1,28.48
LZ-EV-000258,11,41.8,slow_7kw,64.7,madrid,0,39.41
LZ-EV-000259,0,35.6,fast_22kw,71.5,zaragoza,0,38.23
LZ-EV-000260,9,39.7,fast_22kw,60.1,malaga,0,30.83
LZ-EV-000261,22,2.0,rapid_50kw,53.5,sevilla,0,26.32
LZ-EV-000262,20,24.6,fast_22kw,47.8,madrid,1,24.22
LZ-EV-000263,16,41.9,slow_7kw,59.6,sevilla,0,30.3
LZ-EV-000264,18,45.0,rapid_50kw,60.5,murcia,0,26.9
LZ-EV-000265,2,44.7,slow_7kw,48.3,murcia,0,24.54
LZ-EV-000266,6,2.0,rapid_50kw,60.4,sevilla,0,21.01
LZ-EV-000267,5,43.6,rapid_50kw,79.8,murcia,1,11.33
LZ-EV-000268,11,20.7,ultra_150kw,73.8,zaragoza,1,31.79
LZ-EV-000269,22,15.5,slow_7kw,74.0,sevilla,0,51.0
LZ-EV-000270,10,41.7,slow_7kw,74.6,barcelona,0,39.64
LZ-EV-000271,11,44.4,fast_22kw,54.3,barcelona,0,27.78
LZ-EV-000272,5,21.9,rapid_50kw,90.7,valencia,1,28.43
LZ-EV-000273,17,26.1,fast_22kw,80.1,murcia,0,36.58
LZ-EV-000274,10,44.8,fast_22kw,80.3,sevilla,0,37.85
LZ-EV-000275,4,15.8,rapid_50kw,61.4,murcia,0,25.41
LZ-EV-000276,10,4.7,slow_7kw,60.4,barcelona,0,23.66
LZ-EV-000277,23,54.1,slow_7kw,64.3,sevilla,0,27.98
LZ-EV-000278,9,42.1,slow_7kw,64.1,bilbao,0,33.17
LZ-EV-000279,4,61.1,fast_22kw,41.9,madrid,1,15.35
LZ-EV-000280,3,26.2,slow_7kw,69.0,malaga,0,48.51
LZ-EV-000281,11,59.8,fast_22kw,83.6,bilbao,0,32.24
LZ-EV-000282,0,11.0,fast_22kw,55.6,murcia,0,43.51
LZ-EV-000283,2,36.3,fast_22kw,67.5,barcelona,0,40.52
LZ-EV-000284,5,16.9,fast_22kw,33.1,valencia,0,24.33
LZ-EV-000285,11,38.4,slow_7kw,34.0,sevilla,0,18.62
LZ-EV-000286,10,47.6,rapid_50kw,59.3,barcelona,1,26.32
LZ-EV-000287,11,53.5,rapid_50kw,55.0,sevilla,0,22.64
LZ-EV-000288,15,25.4,fast_22kw,82.4,malaga,1,25.21
LZ-EV-000289,23,32.2,slow_7kw,63.8,sevilla,0,40.58
LZ-EV-000290,6,2.2,ultra_150kw,54.9,madrid,1,36.5
LZ-EV-000291,16,20.9,slow_7kw,44.7,bilbao,0,29.86
LZ-EV-000292,11,37.3,rapid_50kw,72.1,barcelona,0,15.91
LZ-EV-000293,20,57.7,fast_22kw,50.0,bilbao,0,20.04
LZ-EV-000294,11,7.1,slow_7kw,79.4,bilbao,0,55.45
LZ-EV-000295,23,47.8,fast_22kw,64.7,madrid,1,31.22
LZ-EV-000296,13,52.1,fast_22kw,58.7,barcelona,0,27.32
LZ-EV-000297,11,12.0,slow_7kw,54.7,valencia,0,41.94
LZ-EV-000298,14,26.7,fast_22kw,63.0,sevilla,0,28.28
LZ-EV-000299,15,35.3,rapid_50kw,83.1,bilbao,0,37.23
LZ-EV-000300,11,34.7,fast_22kw,70.7,sevilla,0,44.07
LZ-EV-000301,10,13.7,slow_7kw,67.3,bilbao,0,58.61
LZ-EV-000302,18,42.7,slow_7kw,63.1,valencia,0,35.32
LZ-EV-000303,14,26.8,fast_22kw,63.2,sevilla,0,44.79
LZ-EV-000304,2,41.3,slow_7kw,65.8,malaga,0,37.05
LZ-EV-000305,18,31.4,fast_22kw,57.8,bilbao,0,33.2
LZ-EV-000306,3,52.3,fast_22kw,63.6,malaga,0,28.18
LZ-EV-000307,5,43.0,fast_22kw,68.7,valencia,0,35.36
LZ-EV-000308,16,27.1,fast_22kw,36.5,sevilla,0,23.94
LZ-EV-000309,5,39.9,fast_22kw,68.1,murcia,0,33.9
LZ-EV-000310,4,46.5,slow_7kw,60.0,bilbao,0,24.54
LZ-EV-000311,16,17.5,ultra_150kw,45.9,malaga,0,34.28
LZ-EV-000312,13,57.4,fast_22kw,83.9,bilbao,0,31.37
LZ-EV-000313,15,47.5,fast_22kw,57.2,murcia,0,29.22
LZ-EV-000314,11,31.6,slow_7kw,61.1,bilbao,0,43.98
LZ-EV-000315,0,62.4,rapid_50kw,38.9,malaga,0,14.78
LZ-EV-000316,3,9.0,fast_22kw,30.4,murcia,1,26.2
LZ-EV-000317,8,29.7,slow_7kw,96.4,sevilla,0,43.56
LZ-EV-000318,18,49.4,ultra_150kw,70.0,murcia,1,33.87
LZ-EV-000319,5,20.8,rapid_50kw,42.6,barcelona,0,26.52
LZ-EV-000320,19,28.4,fast_22kw,53.9,barcelona,0,28.02
LZ-EV-000321,2,29.4,slow_7kw,33.4,bilbao,1,23.87
LZ-EV-000322,6,14.8,rapid_50kw,64.8,murcia,1,39.68
LZ-EV-000323,15,43.9,slow_7kw,28.0,valencia,1,15.14
LZ-EV-000324,12,26.1,ultra_150kw,63.0,sevilla,0,39.17
LZ-EV-000325,7,27.8,ultra_150kw,63.9,madrid,0,39.8
LZ-EV-000326,0,38.8,slow_7kw,60.8,malaga,0,28.22
LZ-EV-000327,21,31.3,ultra_150kw,75.0,barcelona,0,51.55
LZ-EV-000328,8,65.5,slow_7kw,44.4,barcelona,0,13.59
LZ-EV-000329,18,79.3,rapid_50kw,79.9,malaga,0,15.04
LZ-EV-000330,5,4.4,rapid_50kw,59.8,murcia,0,31.7
LZ-EV-000331,18,20.6,slow_7kw,45.7,barcelona,1,23.27
LZ-EV-000332,7,38.2,slow_7kw,77.7,murcia,1,45.46
LZ-EV-000333,3,43.5,ultra_150kw,69.9,barcelona,0,33.99
LZ-EV-000334,18,4.6,rapid_50kw,65.6,murcia,1,28.07
LZ-EV-000335,20,61.8,rapid_50kw,28.0,murcia,0,11.38
LZ-EV-000336,21,15.0,slow_7kw,28.0,madrid,0,22.36
LZ-EV-000337,20,27.7,rapid_50kw,53.8,bilbao,0,17.49
LZ-EV-000338,21,68.0,slow_7kw,57.5,malaga,0,16.77
LZ-EV-000339,22,41.3,slow_7kw,28.0,bilbao,1,15.31
LZ-EV-000340,7,30.6,slow_7kw,71.8,zaragoza,0,41.2
LZ-EV-000341,12,10.1,slow_7kw,63.3,valencia,0,47.02
LZ-EV-000342,6,19.9,fast_22kw,88.7,murcia,1,54.39
LZ-EV-000343,20,42.7,slow_7kw,57.1,valencia,0,26.56
LZ-EV-000344,16,43.8,ultra_150kw,68.6,malaga,0,32.65
LZ-EV-000345,14,24.8,fast_22kw,60.0,barcelona,0,39.83
LZ-EV-000346,5,57.3,rapid_50kw,38.6,barcelona,1,15.96
LZ-EV-000347,23,15.1,fast_22kw,98.7,valencia,0,53.25
LZ-EV-000348,11,23.8,slow_7kw,56.0,zaragoza,1,41.44
LZ-EV-000349,23,32.0,fast_22kw,79.5,valencia,1,17.46
LZ-EV-000350,2,17.1,slow_7kw,28.0,sevilla,0,24.04
LZ-EV-000351,13,54.7,slow_7kw,37.0,bilbao,0,14.58
LZ-EV-000352,16,29.2,fast_22kw,46.3,valencia,1,24.38
LZ-EV-000353,4,64.0,slow_7kw,28.0,zaragoza,0,9.77
LZ-EV-000354,13,52.1,ultra_150kw,60.5,sevilla,0,26.05
LZ-EV-000355,7,54.3,fast_22kw,76.7,zaragoza,0,28.14
LZ-EV-000356,10,67.5,slow_7kw,42.0,barcelona,0,13.48
LZ-EV-000357,1,43.6,fast_22kw,65.2,zaragoza,1,36.49
LZ-EV-000358,15,15.1,rapid_50kw,68.1,murcia,1,52.41
LZ-EV-000359,4,36.8,slow_7kw,68.0,madrid,0,35.78
LZ-EV-000360,23,21.0,slow_7kw,58.3,barcelona,0,39.82
LZ-EV-000361,7,35.1,slow_7kw,57.9,valencia,0,35.97
LZ-EV-000362,15,31.9,fast_22kw,57.1,sevilla,0,29.55
LZ-EV-000363,3,40.4,fast_22kw,70.0,sevilla,0,36.08
LZ-EV-000364,13,30.8,slow_7kw,78.3,zaragoza,0,30.75
LZ-EV-000365,12,51.0,fast_22kw,68.4,zaragoza,0,26.62
LZ-EV-000366,21,39.4,fast_22kw,56.7,zaragoza,0,16.42
LZ-EV-000367,20,26.8,fast_22kw,66.5,zaragoza,0,31.53
LZ-EV-000368,22,51.5,ultra_150kw,56.8,sevilla,0,22.17
LZ-EV-000369,21,20.7,fast_22kw,40.0,valencia,0,29.01
LZ-EV-000370,2,43.3,slow_7kw,57.5,madrid,1,30.04
LZ-EV-000371,21,11.6,slow_7kw,68.1,valencia,0,43.39
LZ-EV-000372,7,40.6,slow_7kw,48.0,barcelona,0,27.34
LZ-EV-000373,7,45.7,ultra_150kw,59.5,madrid,0,30.7
LZ-EV-000374,14,30.4,slow_7kw,64.7,malaga,0,41.42
LZ-EV-000375,0,44.6,fast_22kw,72.5,madrid,0,34.65
LZ-EV-000376,21,63.2,fast_22kw,59.2,murcia,1,22.65
LZ-EV-000377,20,21.0,slow_7kw,69.6,zaragoza,0,37.37
LZ-EV-000378,10,52.8,fast_22kw,73.9,madrid,1,30.75
LZ-EV-000379,6,9.6,rapid_50kw,43.0,murcia,1,12.72
LZ-EV-000380,19,27.8,rapid_50kw,56.1,zaragoza,0,30.74
LZ-EV-000381,21,43.3,slow_7kw,74.7,sevilla,0,40.04
LZ-EV-000382,14,70.4,slow_7kw,79.7,madrid,1,22.13
LZ-EV-000383,21,28.7,slow_7kw,78.1,murcia,1,51.98
LZ-EV-000384,19,46.1,slow_7kw,77.4,madrid,0,27.6
LZ-EV-000385,21,44.4,slow_7kw,36.3,madrid,1,16.6
LZ-EV-000386,8,65.0,fast_22kw,80.2,zaragoza,0,24.48
LZ-EV-000387,13,53.7,slow_7kw,54.3,bilbao,0,20.36
LZ-EV-000388,3,14.8,fast_22kw,78.5,barcelona,0,27.67
LZ-EV-000389,15,33.6,ultra_150kw,92.5,zaragoza,0,36.37
LZ-EV-000390,0,68.4,rapid_50kw,44.5,valencia,0,12.21
LZ-EV-000391,11,10.9,slow_7kw,64.2,bilbao,0,47.62
LZ-EV-000392,18,13.2,ultra_150kw,66.7,barcelona,0,48.67
LZ-EV-000393,5,49.2,fast_22kw,78.7,murcia,1,30.95
LZ-EV-000394,18,64.5,slow_7kw,78.4,bilbao,1,25.77
LZ-EV-000395,20,30.7,slow_7kw,64.5,madrid,1,40.38
LZ-EV-000396,19,38.6,slow_7kw,71.6,murcia,1,37.87
LZ-EV-000397,13,14.1,slow_7kw,44.3,madrid,1,34.09
LZ-EV-000398,0,52.8,fast_22kw,70.3,sevilla,0,32.43
LZ-EV-000399,13,35.6,slow_7kw,79.1,valencia,0,24.82
LZ-EV-000400,14,28.0,ultra_150kw,65.5,madrid,0,44.18
LZ-EV-000401,10,2.0,fast_22kw,44.8,zaragoza,1,39.68
LZ-EV-000402,12,61.4,fast_22kw,62.3,malaga,1,23.59
LZ-EV-000403,20,50.4,slow_7kw,58.3,murcia,0,28.39
LZ-EV-000404,21,69.8,ultra_150kw,36.6,zaragoza,0,9.84
LZ-EV-000405,23,45.2,rapid_50kw,55.7,murcia,0,23.99
LZ-EV-000406,2,22.6,fast_22kw,28.0,valencia,0,19.69
LZ-EV-000407,16,49.8,slow_7kw,44.9,barcelona,1,22.55
LZ-EV-000408,11,40.7,fast_22kw,46.4,madrid,1,26.59
LZ-EV-000409,12,44.2,slow_7kw,76.0,valencia,0,25.35
LZ-EV-000410,2,42.2,slow_7kw,62.7,valencia,0,26.07
LZ-EV-000411,8,39.7,fast_22kw,60.2,sevilla,1,30.28
LZ-EV-000412,7,28.6,rapid_50kw,58.0,sevilla,0,27.83
LZ-EV-000413,16,32.8,fast_22kw,38.8,madrid,0,23.48
LZ-EV-000414,1,56.3,slow_7kw,31.0,madrid,0,11.78
LZ-EV-000415,6,16.7,ultra_150kw,68.8,bilbao,0,33.47
LZ-EV-000416,9,29.7,fast_22kw,68.0,sevilla,1,43.14
LZ-EV-000417,8,21.9,ultra_150kw,49.7,murcia,1,34.19
LZ-EV-000418,4,14.5,fast_22kw,55.3,zaragoza,1,27.88
LZ-EV-000419,18,66.1,ultra_150kw,61.1,sevilla,0,19.66
LZ-EV-000420,10,40.6,rapid_50kw,69.5,sevilla,0,30.67
LZ-EV-000421,15,58.8,slow_7kw,54.7,sevilla,0,20.2
LZ-EV-000422,23,6.8,rapid_50kw,78.0,barcelona,1,18.9
LZ-EV-000423,23,35.9,fast_22kw,48.2,valencia,0,30.91
LZ-EV-000424,14,31.1,fast_22kw,43.2,murcia,1,28.3
LZ-EV-000425,16,26.7,slow_7kw,33.9,zaragoza,1,22.7
LZ-EV-000426,13,11.5,fast_22kw,30.3,bilbao,0,22.92
LZ-EV-000427,17,10.1,fast_22kw,49.0,bilbao,0,41.03
LZ-EV-000428,10,34.5,rapid_50kw,81.4,madrid,0,20.42
LZ-EV-000429,22,38.1,fast_22kw,52.4,barcelona,0,28.02
LZ-EV-000430,3,30.1,slow_7kw,81.5,malaga,1,26.84
LZ-EV-000431,6,42.7,rapid_50kw,54.9,madrid,0,19.63
LZ-EV-000432,9,30.6,fast_22kw,87.6,murcia,0,41.11
LZ-EV-000433,14,63.8,slow_7kw,46.8,bilbao,0,15.45
LZ-EV-000434,20,17.1,fast_22kw,59.3,sevilla,0,45.81
LZ-EV-000435,0,21.9,slow_7kw,63.7,sevilla,0,43.02
LZ-EV-000436,0,56.6,slow_7kw,85.4,sevilla,0,32.74
LZ-EV-000437,15,67.5,ultra_150kw,64.6,madrid,0,20.05
LZ-EV-000438,17,32.2,rapid_50kw,75.7,zaragoza,0,40.42
LZ-EV-000439,21,21.5,rapid_50kw,61.2,bilbao,0,38.46
LZ-EV-000440,9,43.8,fast_22kw,89.4,murcia,0,39.31
LZ-EV-000441,19,29.5,fast_22kw,37.7,barcelona,0,28.01
LZ-EV-000442,9,44.8,slow_7kw,79.9,bilbao,0,35.78
LZ-EV-000443,21,19.7,slow_7kw,65.7,malaga,0,33.82
LZ-EV-000444,18,37.3,rapid_50kw,61.9,madrid,0,33.11
LZ-EV-000445,12,18.4,slow_7kw,68.7,barcelona,0,34.03
LZ-EV-000446,16,23.4,rapid_50kw,33.7,murcia,0,24.23
LZ-EV-000447,14,47.7,slow_7kw,53.5,valencia,0,24.45
LZ-EV-000448,5,31.7,slow_7kw,84.8,valencia,0,26.83
LZ-EV-000449,6,4.8,fast_22kw,67.0,murcia,0,38.1
LZ-EV-000450,5,45.2,fast_22kw,76.1,murcia,0,25.38
LZ-EV-000451,10,2.0,slow_7kw,53.2,bilbao,0,23.48
LZ-EV-000452,23,40.4,rapid_50kw,76.2,murcia,0,40.94
LZ-EV-000453,19,29.7,slow_7kw,69.1,zaragoza,1,32.57
LZ-EV-000454,4,65.0,fast_22kw,74.8,malaga,0,23.64
LZ-EV-000455,1,41.1,fast_22kw,84.8,valencia,0,49.44
LZ-EV-000456,8,15.2,fast_22kw,75.2,barcelona,0,23.44
LZ-EV-000457,5,24.9,slow_7kw,38.7,madrid,0,28.46
LZ-EV-000458,0,22.5,fast_22kw,78.2,sevilla,1,40.45
LZ-EV-000459,21,90.0,rapid_50kw,55.1,sevilla,1,4.54
LZ-EV-000460,17,60.7,fast_22kw,64.9,sevilla,1,24.24
LZ-EV-000461,15,21.8,fast_22kw,45.9,murcia,1,32.15
LZ-EV-000462,16,41.5,fast_22kw,55.6,barcelona,1,26.04
LZ-EV-000463,18,53.2,fast_22kw,56.9,madrid,0,24.71
LZ-EV-000464,15,34.0,fast_22kw,103.4,sevilla,1,34.55
LZ-EV-000465,19,75.3,fast_22kw,74.3,barcelona,0,16.17
LZ-EV-000466,15,8.1,slow_7kw,59.3,barcelona,1,33.59
LZ-EV-000467,8,52.9,rapid_50kw,68.0,barcelona,0,14.82
LZ-EV-000468,20,22.5,slow_7kw,34.9,zaragoza,1,25.3
LZ-EV-000469,23,44.8,slow_7kw,42.3,sevilla,1,22.36
LZ-EV-000470,6,58.9,fast_22kw,54.6,malaga,0,21.54
LZ-EV-000471,20,32.0,rapid_50kw,80.8,barcelona,0,27.04
LZ-EV-000472,17,34.7,slow_7kw,28.3,valencia,1,16.2
LZ-EV-000473,13,34.9,slow_7kw,62.1,barcelona,0,35.96
LZ-EV-000474,20,14.6,slow_7kw,72.4,sevilla,0,23.18
LZ-EV-000475,4,42.5,slow_7kw,45.6,madrid,1,25.56
LZ-EV-000476,12,24.0,slow_7kw,52.3,madrid,0,27.17
LZ-EV-000477,4,62.2,slow_7kw,56.9,zaragoza,0,20.92
LZ-EV-000478,6,41.5,fast_22kw,66.6,barcelona,0,34.63
LZ-EV-000479,13,27.3,slow_7kw,63.2,valencia,0,34.96
LZ-EV-000480,10,27.1,fast_22kw,86.6,murcia,0,54.43
LZ-EV-000481,3,26.2,fast_22kw,48.5,murcia,1,29.75
LZ-EV-000482,2,11.7,fast_22kw,55.8,bilbao,1,31.39
LZ-EV-000483,11,19.2,slow_7kw,30.7,sevilla,0,21.92
LZ-EV-000484,2,26.1,rapid_50kw,62.5,madrid,1,43.83
LZ-EV-000485,12,40.4,fast_22kw,28.0,zaragoza,0,14.79
LZ-EV-000486,7,2.0,fast_22kw,70.3,zaragoza,1,46.73
LZ-EV-000487,18,80.6,slow_7kw,41.1,valencia,0,7.4
LZ-EV-000488,5,24.2,ultra_150kw,98.6,murcia,0,42.47
LZ-EV-000489,13,37.0,rapid_50kw,53.9,valencia,1,28.09
LZ-EV-000490,16,51.1,rapid_50kw,48.1,malaga,1,22.79
LZ-EV-000491,8,54.3,fast_22kw,58.2,malaga,1,21.67
LZ-EV-000492,20,61.2,fast_22kw,68.1,zaragoza,0,26.76
LZ-EV-000493,16,70.1,fast_22kw,91.4,barcelona,0,26.71
LZ-EV-000494,14,40.3,slow_7kw,73.3,malaga,0,43.13
LZ-EV-000495,20,12.6,slow_7kw,66.7,sevilla,0,26.75
LZ-EV-000496,22,28.0,rapid_50kw,67.2,bilbao,0,31.8
LZ-EV-000497,13,29.0,slow_7kw,81.6,madrid,0,47.18
LZ-EV-000498,0,8.1,slow_7kw,54.4,madrid,0,34.21
LZ-EV-000499,5,25.9,fast_22kw,71.1,zaragoza,1,32.67
LZ-EV-000500,14,47.6,rapid_50kw,90.2,madrid,0,29.29
LZ-EV-000501,3,28.8,fast_22kw,53.5,valencia,0,29.46
LZ-EV-000502,10,37.8,fast_22kw,80.8,sevilla,1,37.6
LZ-EV-000503,3,70.3,ultra_150kw,62.2,bilbao,0,18.16
LZ-EV-000504,20,46.6,slow_7kw,53.3,murcia,0,25.08
LZ-EV-000505,4,26.8,slow_7kw,65.0,zaragoza,1,45.98
LZ-EV-000506,3,15.0,slow_7kw,33.1,zaragoza,0,26.27
LZ-EV-000507,19,58.9,fast_22kw,50.1,malaga,0,20.19
LZ-EV-000508,12,8.1,slow_7kw,67.1,murcia,1,29.78
LZ-EV-000509,7,48.2,fast_22kw,63.5,murcia,0,31.03
LZ-EV-000510,8,74.6,slow_7kw,55.1,malaga,0,14.15
LZ-EV-000511,16,72.8,slow_7kw,55.3,madrid,0,15.27
LZ-EV-000512,8,52.3,rapid_50kw,66.8,murcia,1,16.15
LZ-EV-000513,1,26.6,rapid_50kw,83.8,malaga,0,32.24
LZ-EV-000514,8,50.4,ultra_150kw,35.2,madrid,0,16.54
LZ-EV-000515,4,18.5,fast_22kw,57.1,zaragoza,1,47.42
LZ-EV-000516,18,7.7,fast_22kw,78.4,murcia,0,41.11
LZ-EV-000517,14,65.7,fast_22kw,58.2,valencia,0,18.95
LZ-EV-000518,22,56.4,rapid_50kw,50.4,murcia,0,22.84
LZ-EV-000519,3,18.7,ultra_150kw,79.5,madrid,0,22.8
LZ-EV-000520,23,54.2,slow_7kw,53.9,sevilla,0,24.73
LZ-EV-000521,15,43.1,slow_7kw,69.2,bilbao,1,36.42
LZ-EV-000522,16,5.4,slow_7kw,72.6,murcia,0,29.3
LZ-EV-000523,5,42.9,slow_7kw,72.7,madrid,0,25.32
LZ-EV-000524,9,47.5,rapid_50kw,62.5,bilbao,0,32.18
LZ-EV-000525,14,43.2,fast_22kw,79.2,malaga,1,34.07
LZ-EV-000526,19,45.1,slow_7kw,68.6,zaragoza,0,33.43
LZ-EV-000527,4,26.0,fast_22kw,67.4,valencia,0,42.1
LZ-EV-000528,8,36.6,fast_22kw,62.1,valencia,0,35.32
LZ-EV-000529,14,77.4,fast_22kw,49.9,sevilla,0,10.69
LZ-EV-000530,7,10.7,rapid_50kw,46.3,murcia,1,38.55
LZ-EV-000531,22,24.9,slow_7kw,44.9,valencia,1,28.19
LZ-EV-000532,1,58.4,fast_22kw,79.0,malaga,1,17.92
LZ-EV-000533,23,57.2,slow_7kw,65.7,sevilla,0,26.29
LZ-EV-000534,15,47.8,rapid_50kw,34.3,valencia,0,18.53
LZ-EV-000535,23,3.3,fast_22kw,60.5,murcia,0,45.67
LZ-EV-000536,1,44.4,rapid_50kw,43.6,sevilla,1,19.61
LZ-EV-000537,19,52.3,slow_7kw,28.0,valencia,0,12.53
LZ-EV-000538,19,24.0,slow_7kw,56.1,sevilla,0,32.55
LZ-EV-000539,3,52.4,rapid_50kw,55.4,bilbao,1,22.88
LZ-EV-000540,14,14.1,slow_7kw,33.1,malaga,0,25.05
LZ-EV-000541,15,39.3,slow_7kw,70.3,sevilla,1,25.53
LZ-EV-000542,4,60.5,rapid_50kw,54.7,sevilla,1,21.53
LZ-EV-000543,12,49.4,rapid_50kw,72.1,valencia,0,14.46
LZ-EV-000544,10,53.3,slow_7kw,57.6,barcelona,0,27.54
LZ-EV-000545,2,28.9,slow_7kw,42.4,zaragoza,0,29.37
LZ-EV-000546,1,23.4,fast_22kw,65.2,valencia,0,33.34
LZ-EV-000547,16,66.2,slow_7kw,84.6,malaga,0,29.39
LZ-EV-000548,7,46.6,slow_7kw,73.4,malaga,0,27.07
LZ-EV-000549,20,66.9,slow_7kw,82.4,sevilla,1,25.77
LZ-EV-000550,7,50.3,fast_22kw,78.0,bilbao,0,32.67
LZ-EV-000551,0,25.7,rapid_50kw,70.6,barcelona,1,29.45
LZ-EV-000552,1,10.4,fast_22kw,35.1,barcelona,0,26.91
LZ-EV-000553,15,49.0,slow_7kw,34.0,murcia,0,14.23
LZ-EV-000554,4,18.7,slow_7kw,40.2,madrid,1,29.45
LZ-EV-000555,6,74.6,rapid_50kw,60.2,barcelona,0,13.82
LZ-EV-000556,10,24.9,fast_22kw,41.5,madrid,0,29.67
LZ-EV-000557,6,6.4,slow_7kw,84.6,madrid,0,25.98
LZ-EV-000558,4,34.2,fast_22kw,38.5,barcelona,1,22.77
LZ-EV-000559,15,2.0,rapid_50kw,51.5,barcelona,0,34.74
LZ-EV-000560,20,25.1,rapid_50kw,43.2,murcia,0,16.7
LZ-EV-000561,0,40.2,fast_22kw,63.5,malaga,0,33.39
LZ-EV-000562,19,58.0,slow_7kw,40.1,bilbao,0,14.98
LZ-EV-000563,2,42.0,rapid_50kw,79.5,murcia,0,26.07
LZ-EV-000564,14,54.5,fast_22kw,77.2,zaragoza,0,31.15
LZ-EV-000565,6,10.3,rapid_50kw,77.2,murcia,0,17.54
LZ-EV-000566,13,43.4,fast_22kw,42.2,murcia,1,23.57
LZ-EV-000567,18,37.2,rapid_50kw,63.1,malaga,0,39.34
LZ-EV-000568,5,38.0,rapid_50kw,60.8,barcelona,0,37.37
LZ-EV-000569,11,58.0,slow_7kw,57.1,zaragoza,0,21.96
LZ-EV-000570,19,39.6,slow_7kw,63.5,sevilla,0,38.82
LZ-EV-000571,12,34.1,fast_22kw,57.6,zaragoza,0,33.78
LZ-EV-000572,3,2.0,slow_7kw,81.2,zaragoza,0,34.19
LZ-EV-000573,17,56.2,slow_7kw,63.7,madrid,1,19.33
LZ-EV-000574,5,45.9,slow_7kw,71.5,murcia,0,19.86
LZ-EV-000575,16,61.4,fast_22kw,59.8,malaga,0,20.9
LZ-EV-000576,10,37.4,fast_22kw,60.0,sevilla,0,36.05
LZ-EV-000577,2,43.4,rapid_50kw,84.2,valencia,0,13.43
LZ-EV-000578,21,38.0,fast_22kw,76.8,murcia,1,45.13
LZ-EV-000579,17,50.5,slow_7kw,59.9,valencia,0,25.3
LZ-EV-000580,0,20.5,fast_22kw,58.3,valencia,0,42.01
LZ-EV-000581,21,56.8,rapid_50kw,95.1,zaragoza,0,20.47
LZ-EV-000582,18,28.1,fast_22kw,72.7,sevilla,0,26.32
LZ-EV-000583,18,34.3,slow_7kw,28.0,malaga,1,15.58
LZ-EV-000584,6,46.8,rapid_50kw,58.4,malaga,0,23.61
LZ-EV-000585,12,23.1,rapid_50kw,72.5,valencia,0,30.37
LZ-EV-000586,9,36.6,slow_7kw,41.2,sevilla,0,24.77
LZ-EV-000587,10,45.5,slow_7kw,48.8,murcia,0,24.84
LZ-EV-000588,7,60.9,rapid_50kw,52.6,valencia,1,19.55
LZ-EV-000589,13,34.0,fast_22kw,43.8,murcia,1,26.39
LZ-EV-000590,20,26.5,slow_7kw,67.0,sevilla,0,28.65
LZ-EV-000591,11,38.0,slow_7kw,84.3,malaga,0,26.57
LZ-EV-000592,17,24.5,slow_7kw,65.0,malaga,0,25.05
LZ-EV-000593,23,26.1,rapid_50kw,28.0,malaga,1,18.59
LZ-EV-000594,22,33.9,rapid_50kw,56.8,valencia,0,28.73
LZ-EV-000595,11,21.6,slow_7kw,54.7,sevilla,1,34.56
LZ-EV-000596,6,40.3,fast_22kw,57.4,sevilla,0,32.18
LZ-EV-000597,14,61.7,rapid_50kw,55.5,bilbao,0,20.46
LZ-EV-000598,15,15.6,fast_22kw,68.4,barcelona,1,42.79
LZ-EV-000599,12,10.9,slow_7kw,80.5,valencia,0,57.97
LZ-EV-000600,2,61.2,rapid_50kw,63.7,zaragoza,0,22.85
LZ-EV-000601,6,57.9,rapid_50kw,59.9,barcelona,1,20.71
LZ-EV-000602,14,37.7,slow_7kw,78.3,bilbao,0,25.59
LZ-EV-000603,10,25.7,rapid_50kw,72.3,zaragoza,0,32.66
LZ-EV-000604,4,33.5,fast_22kw,55.1,madrid,0,33.7
LZ-EV-000605,23,60.1,fast_22kw,83.9,murcia,0,28.55
LZ-EV-000606,9,40.9,fast_22kw,96.3,valencia,1,41.98
LZ-EV-000607,21,38.7,rapid_50kw,60.6,zaragoza,1,27.03
LZ-EV-000608,8,15.8,fast_22kw,42.3,madrid,0,23.57
LZ-EV-000609,0,36.4,slow_7kw,80.9,zaragoza,0,46.34
LZ-EV-000610,1,42.3,fast_22kw,51.9,murcia,0,28.22
LZ-EV-000611,9,28.8,rapid_50kw,28.0,zaragoza,0,13.31
LZ-EV-000612,10,22.2,fast_22kw,67.6,murcia,0,33.62
LZ-EV-000613,21,35.1,fast_22kw,92.7,malaga,0,52.73
LZ-EV-000614,21,10.6,fast_22kw,73.8,malaga,0,31.45
LZ-EV-000615,11,50.5,fast_22kw,53.7,zaragoza,0,22.48
LZ-EV-000616,13,12.8,ultra_150kw,53.5,zaragoza,0,37.07
LZ-EV-000617,1,43.1,ultra_150kw,96.7,barcelona,1,44.92
LZ-EV-000618,22,35.8,slow_7kw,57.6,zaragoza,0,32.53
LZ-EV-000619,10,21.7,slow_7kw,33.7,valencia,0,23.7
LZ-EV-000620,7,40.3,slow_7kw,73.8,valencia,0,31.73
LZ-EV-000621,17,55.9,slow_7kw,83.0,bilbao,1,31.7
LZ-EV-000622,8,29.8,fast_22kw,63.0,murcia,0,40.8
LZ-EV-000623,4,4.1,fast_22kw,56.4,sevilla,0,45.96
LZ-EV-000624,8,33.4,fast_22kw,44.8,zaragoza,0,28.55
LZ-EV-000625,19,47.4,fast_22kw,54.4,sevilla,0,24.31
LZ-EV-000626,21,20.2,ultra_150kw,63.7,bilbao,0,29.28
LZ-EV-000627,0,28.1,slow_7kw,62.0,barcelona,0,34.76
LZ-EV-000628,0,56.7,fast_22kw,51.4,zaragoza,1,19.63
LZ-EV-000629,2,24.7,rapid_50kw,64.4,malaga,0,23.65
LZ-EV-000630,14,43.6,fast_22kw,67.0,barcelona,1,34.74
LZ-EV-000631,20,32.8,fast_22kw,55.9,zaragoza,1,28.92
LZ-EV-000632,8,47.6,fast_22kw,91.7,barcelona,0,38.03
LZ-EV-000633,22,42.3,slow_7kw,58.1,malaga,0,30.57
LZ-EV-000634,5,32.1,rapid_50kw,56.6,bilbao,1,25.45
LZ-EV-000635,12,58.9,fast_22kw,69.3,bilbao,1,25.22
LZ-EV-000636,18,8.1,rapid_50kw,53.9,valencia,0,30.61
LZ-EV-000637,12,44.0,slow_7kw,59.7,valencia,1,29.34
LZ-EV-000638,11,27.3,fast_22kw,72.7,madrid,0,29.1
LZ-EV-000639,8,34.0,ultra_150kw,48.6,malaga,0,32.48
LZ-EV-000640,1,29.1,slow_7kw,50.6,zaragoza,0,30.35
LZ-EV-000641,3,33.1,fast_22kw,44.7,sevilla,0,25.26
LZ-EV-000642,6,37.3,ultra_150kw,70.9,barcelona,1,31.46
LZ-EV-000643,8,22.9,fast_22kw,94.7,barcelona,0,36.01
LZ-EV-000644,0,51.4,fast_22kw,55.6,malaga,0,24.51
LZ-EV-000645,23,38.1,fast_22kw,58.0,sevilla,0,20.48
LZ-EV-000646,4,26.4,slow_7kw,84.0,bilbao,0,37.81
LZ-EV-000647,1,43.3,fast_22kw,67.5,valencia,0,37.08
LZ-EV-000648,7,61.9,rapid_50kw,39.7,bilbao,0,14.8
LZ-EV-000649,13,17.6,fast_22kw,58.7,malaga,0,44.9
LZ-EV-000650,1,30.7,slow_7kw,41.8,sevilla,1,26.84
LZ-EV-000651,3,2.0,fast_22kw,56.5,barcelona,1,50.18
LZ-EV-000652,17,47.5,slow_7kw,54.8,malaga,0,23.81
LZ-EV-000653,6,65.0,slow_7kw,38.6,sevilla,1,11.77
LZ-EV-000654,12,42.6,ultra_150kw,83.0,malaga,0,38.56
LZ-EV-000655,19,38.7,fast_22kw,48.0,valencia,0,28.75
LZ-EV-000656,23,38.6,rapid_50kw,46.6,bilbao,0,22.66
LZ-EV-000657,14,48.2,fast_22kw,28.0,bilbao,0,11.7
LZ-EV-000658,6,45.4,slow_7kw,52.5,bilbao,0,26.22
LZ-EV-000659,16,10.6,slow_7kw,44.0,malaga,0,33.75
LZ-EV-000660,17,20.8,fast_22kw,55.2,zaragoza,0,34.26
LZ-EV-000661,2,46.9,fast_22kw,53.3,barcelona,0,30.17
LZ-EV-000662,22,36.0,fast_22kw,71.8,barcelona,0,43.87
LZ-EV-000663,21,25.4,fast_22kw,80.7,madrid,1,42.49
LZ-EV-000664,1,37.5,fast_22kw,67.9,barcelona,0,39.11
LZ-EV-000665,6,17.0,fast_22kw,28.0,sevilla,0,20.92
LZ-EV-000666,15,58.1,fast_22kw,97.1,murcia,0,40.66
LZ-EV-000667,8,6.5,slow_7kw,56.1,valencia,0,28.76
LZ-EV-000668,8,36.3,fast_22kw,52.0,madrid,1,25.81
LZ-EV-000669,7,35.8,ultra_150kw,28.0,madrid,0,17.53
LZ-EV-000670,6,56.3,rapid_50kw,84.1,barcelona,0,24.97
LZ-EV-000671,8,7.6,slow_7kw,89.7,bilbao,0,50.59
LZ-EV-000672,19,26.7,fast_22kw,78.7,valencia,0,51.04
LZ-EV-000673,17,25.6,slow_7kw,63.4,murcia,0,40.4
LZ-EV-000674,10,26.4,fast_22kw,73.4,bilbao,1,42.33
LZ-EV-000675,6,45.6,fast_22kw,40.5,bilbao,0,20.83
LZ-EV-000676,21,33.1,fast_22kw,70.2,barcelona,0,33.65
LZ-EV-000677,2,31.0,ultra_150kw,38.4,bilbao,0,23.46
LZ-EV-000678,20,56.8,fast_22kw,52.9,bilbao,1,20.65
LZ-EV-000679,4,53.6,rapid_50kw,52.7,bilbao,0,18.82
LZ-EV-000680,8,2.0,slow_7kw,55.9,malaga,1,40.88
LZ-EV-000681,6,41.4,slow_7kw,61.1,malaga,0,28.79
LZ-EV-000682,3,36.2,fast_22kw,83.9,valencia,1,56.28
LZ-EV-000683,6,31.7,slow_7kw,68.5,zaragoza,0,36.3
LZ-EV-000684,3,42.5,fast_22kw,78.4,sevilla,0,40.9
LZ-EV-000685,18,49.5,slow_7kw,91.8,murcia,0,36.65
LZ-EV-000686,19,60.7,fast_22kw,68.4,murcia,0,24.93
LZ-EV-000687,17,66.9,slow_7kw,51.6,bilbao,0,16.02
LZ-EV-000688,0,30.2,rapid_50kw,74.6,malaga,0,35.97
LZ-EV-000689,16,29.1,slow_7kw,58.0,madrid,0,36.87
LZ-EV-000690,23,23.9,slow_7kw,61.1,zaragoza,0,40.2
LZ-EV-000691,23,23.8,slow_7kw,57.7,madrid,0,44.12
LZ-EV-000692,20,44.9,slow_7kw,65.0,zaragoza,0,33.58
LZ-EV-000693,3,67.5,slow_7kw,62.6,sevilla,0,18.01
LZ-EV-000694,13,29.2,ultra_150kw,28.0,zaragoza,0,17.16
LZ-EV-000695,7,23.8,rapid_50kw,41.3,valencia,1,25.45
LZ-EV-000696,20,47.3,rapid_50kw,73.8,sevilla,0,30.93
LZ-EV-000697,2,69.3,slow_7kw,52.5,valencia,0,16.05
LZ-EV-000698,19,38.7,slow_7kw,48.2,valencia,1,25.25
LZ-EV-000699,14,44.8,ultra_150kw,58.4,murcia,0,20.39
LZ-EV-000700,20,58.6,rapid_50kw,75.7,valencia,1,28.45
LZ-EV-000701,1,35.2,slow_7kw,50.2,madrid,0,29.45
LZ-EV-000702,19,19.2,fast_22kw,55.7,barcelona,0,41.29
LZ-EV-000703,5,23.4,fast_22kw,55.2,barcelona,0,39.66
LZ-EV-000704,20,46.4,fast_22kw,60.3,zaragoza,1,30.72
LZ-EV-000705,23,29.2,slow_7kw,47.4,malaga,0,29.38
LZ-EV-000706,5,2.0,slow_7kw,54.8,bilbao,0,43.09
LZ-EV-000707,3,62.7,rapid_50kw,63.2,valencia,0,21.57
LZ-EV-000708,20,62.5,slow_7kw,80.6,murcia,0,23.88
LZ-EV-000709,16,33.9,rapid_50kw,91.7,murcia,0,30.6
LZ-EV-000710,5,53.1,slow_7kw,81.9,sevilla,0,34.23
LZ-EV-000711,22,32.6,fast_22kw,55.8,zaragoza,0,33.29
LZ-EV-000712,3,49.8,rapid_50kw,56.5,malaga,0,25.58
LZ-EV-000713,4,48.6,slow_7kw,83.8,murcia,0,40.85
LZ-EV-000714,11,18.5,slow_7kw,56.4,madrid,1,32.71
LZ-EV-000715,12,29.3,rapid_50kw,66.8,zaragoza,0,25.48
LZ-EV-000716,19,39.9,slow_7kw,77.2,barcelona,0,27.32
LZ-EV-000717,23,36.7,fast_22kw,59.8,murcia,0,32.24
LZ-EV-000718,10,37.5,slow_7kw,75.3,bilbao,0,41.85
LZ-EV-000719,20,25.0,fast_22kw,32.9,bilbao,0,22.92
LZ-EV-000720,16,56.1,fast_22kw,97.2,bilbao,0,30.49
LZ-EV-000721,14,44.5,slow_7kw,75.3,bilbao,0,36.15
LZ-EV-000722,2,8.2,slow_7kw,79.2,murcia,0,37.96
LZ-EV-000723,3,50.1,fast_22kw,43.8,sevilla,0,20.24
LZ-EV-000724,6,47.7,fast_22kw,56.0,malaga,0,27.33
LZ-EV-000725,10,35.8,slow_7kw,54.6,valencia,1,32.44
LZ-EV-000726,18,42.2,fast_22kw,63.5,sevilla,0,33.31
LZ-EV-000727,14,46.4,rapid_50kw,55.4,barcelona,1,25.31
LZ-EV-000728,6,42.3,slow_7kw,40.4,murcia,1,22.9
LZ-EV-000729,20,55.3,ultra_150kw,55.9,malaga,0,23.41
LZ-EV-000730,5,39.2,fast_22kw,47.0,sevilla,1,29.67
LZ-EV-000731,7,27.3,fast_22kw,93.3,valencia,0,34.69
LZ-EV-000732,8,24.2,ultra_150kw,43.0,valencia,1,30.87
LZ-EV-000733,23,25.6,fast_22kw,39.3,malaga,1,25.41
LZ-EV-000734,14,31.7,fast_22kw,74.3,bilbao,1,45.65
LZ-EV-000735,11,49.9,rapid_50kw,62.0,bilbao,1,24.21
LZ-EV-000736,2,52.5,slow_7kw,50.1,zaragoza,0,22.78
LZ-EV-000737,21,17.9,slow_7kw,61.0,murcia,0,21.36
LZ-EV-000738,2,14.9,fast_22kw,76.5,barcelona,1,57.46
LZ-EV-000739,6,11.9,fast_22kw,72.5,valencia,0,61.77
LZ-EV-000740,17,67.8,rapid_50kw,76.9,murcia,0,23.43
LZ-EV-000741,7,70.1,slow_7kw,90.4,bilbao,0,25.05
LZ-EV-000742,14,11.1,rapid_50kw,68.2,zaragoza,0,39.1
LZ-EV-000743,18,44.7,fast_22kw,51.9,malaga,0,23.98
LZ-EV-000744,17,33.3,slow_7kw,71.2,zaragoza,0,28.15
LZ-EV-000745,23,21.2,fast_22kw,52.3,bilbao,0,20.14
LZ-EV-000746,20,19.0,rapid_50kw,64.7,madrid,0,19.67
LZ-EV-000747,9,39.8,rapid_50kw,55.4,valencia,1,31.64
LZ-EV-000748,2,73.1,fast_22kw,52.7,valencia,0,13.48
LZ-EV-000749,12,14.3,rapid_50kw,66.1,bilbao,1,23.67
LZ-EV-000750,4,24.7,rapid_50kw,44.2,sevilla,0,33.11
LZ-EV-000751,15,75.2,ultra_150kw,57.5,valencia,0,13.9
LZ-EV-000752,2,55.4,fast_22kw,74.1,barcelona,0,30.01
LZ-EV-000753,7,38.2,slow_7kw,64.5,valencia,0,31.31
LZ-EV-000754,23,25.2,fast_22kw,68.1,murcia,0,29.93
LZ-EV-000755,4,51.3,slow_7kw,81.1,sevilla,0,29.16
LZ-EV-000756,12,36.6,slow_7kw,53.5,murcia,0,21.66
LZ-EV-000757,10,40.1,fast_22kw,28.0,madrid,0,16.16
LZ-EV-000758,23,47.2,fast_22kw,53.1,malaga,0,27.68
LZ-EV-000759,8,7.0,slow_7kw,50.6,valencia,0,29.6
LZ-EV-000760,15,29.9,fast_22kw,68.0,sevilla,0,35.5
LZ-EV-000761,23,24.5,rapid_50kw,85.9,barcelona,0,20.56
LZ-EV-000762,14,63.4,ultra_150kw,68.6,malaga,0,23.72
LZ-EV-000763,17,20.7,fast_22kw,64.9,murcia,0,47.98
LZ-EV-000764,7,52.3,ultra_150kw,57.6,bilbao,0,24.67
LZ-EV-000765,11,24.9,slow_7kw,28.0,bilbao,1,19.08
LZ-EV-000766,15,65.1,fast_22kw,88.8,malaga,0,27.52
LZ-EV-000767,3,46.7,slow_7kw,28.4,sevilla,0,13.49
LZ-EV-000768,18,41.9,fast_22kw,66.2,zaragoza,0,20.78
LZ-EV-000769,10,31.1,slow_7kw,52.9,zaragoza,0,35.32
LZ-EV-000770,0,23.4,ultra_150kw,70.5,valencia,1,49.54
LZ-EV-000771,0,27.2,ultra_150kw,67.2,barcelona,1,46.89
LZ-EV-000772,16,40.4,fast_22kw,63.6,valencia,0,35.6
LZ-EV-000773,2,66.2,slow_7kw,65.3,sevilla,0,19.66
LZ-EV-000774,7,42.0,slow_7kw,37.2,barcelona,0,18.94
LZ-EV-000775,14,21.5,slow_7kw,74.9,madrid,0,48.71
LZ-EV-000776,8,20.4,slow_7kw,107.3,malaga,0,25.03
LZ-EV-000777,14,13.8,fast_22kw,59.1,bilbao,0,49.06
LZ-EV-000778,17,43.9,fast_22kw,69.3,madrid,1,16.57
LZ-EV-000779,8,25.4,fast_22kw,28.0,valencia,0,17.17
LZ-EV-000780,23,45.1,rapid_50kw,51.2,madrid,1,24.36
LZ-EV-000781,6,18.9,fast_22kw,74.6,zaragoza,1,33.06
LZ-EV-000782,20,2.0,fast_22kw,56.4,sevilla,1,38.58
LZ-EV-000783,14,41.2,fast_22kw,72.2,madrid,1,39.35
LZ-EV-000784,14,49.1,slow_7kw,57.0,sevilla,0,26.6
LZ-EV-000785,16,58.9,fast_22kw,36.0,madrid,1,14.6
LZ-EV-000786,20,46.3,slow_7kw,68.8,zaragoza,0,29.74
LZ-EV-000787,8,17.8,slow_7kw,41.7,malaga,1,30.86
LZ-EV-000788,5,22.1,fast_22kw,28.0,sevilla,0,19.23
LZ-EV-000789,10,49.2,fast_22kw,86.2,valencia,0,33.39
LZ-EV-000790,10,49.8,slow_7kw,48.1,barcelona,0,21.22
LZ-EV-000791,12,44.9,fast_22kw,71.6,bilbao,0,39.09
LZ-EV-000792,18,54.9,slow_7kw,64.5,valencia,0,26.46
LZ-EV-000793,1,32.7,slow_7kw,81.5,zaragoza,1,30.69
LZ-EV-000794,2,34.0,fast_22kw,75.4,sevilla,0,31.36
LZ-EV-000795,13,2.0,fast_22kw,67.7,bilbao,0,43.25
LZ-EV-000796,3,42.5,fast_22kw,41.2,madrid,0,23.22
LZ-EV-000797,15,28.9,rapid_50kw,92.9,madrid,1,26.98
LZ-EV-000798,22,51.7,rapid_50kw,72.0,madrid,0,19.81
LZ-EV-000799,17,28.4,slow_7kw,46.8,sevilla,0,31.49
LZ-EV-000800,7,36.2,ultra_150kw,28.0,madrid,0,16.31
LZ-EV-000801,2,2.9,slow_7kw,28.0,sevilla,1,25.45
LZ-EV-000802,23,41.6,ultra_150kw,58.5,barcelona,0,24.84
LZ-EV-000803,16,55.8,fast_22kw,89.1,madrid,0,36.09
LZ-EV-000804,13,2.0,ultra_150kw,70.1,madrid,0,39.38
LZ-EV-000805,6,26.1,slow_7kw,69.4,madrid,0,24.34
LZ-EV-000806,13,38.6,rapid_50kw,73.2,madrid,0,29.17
LZ-EV-000807,13,58.7,slow_7kw,29.1,sevilla,1,11.21
LZ-EV-000808,2,50.5,fast_22kw,49.1,zaragoza,0,20.3
LZ-EV-000809,22,57.7,rapid_50kw,38.9,barcelona,0,13.78
LZ-EV-000810,9,28.1,rapid_50kw,48.4,barcelona,1,21.82
LZ-EV-000811,17,42.1,fast_22kw,67.6,valencia,0,34.02
LZ-EV-000812,23,42.8,fast_22kw,66.6,zaragoza,0,33.74
LZ-EV-000813,10,46.5,slow_7kw,77.7,zaragoza,1,36.14
LZ-EV-000814,22,30.3,rapid_50kw,74.2,sevilla,0,25.55
LZ-EV-000815,0,63.6,fast_22kw,74.6,malaga,0,19.2
LZ-EV-000816,9,72.2,slow_7kw,37.3,valencia,0,10.14
LZ-EV-000817,6,48.8,fast_22kw,87.4,sevilla,1,29.4
LZ-EV-000818,8,56.4,fast_22kw,88.5,bilbao,0,32.3
LZ-EV-000819,7,31.9,fast_22kw,67.4,sevilla,1,41.04
LZ-EV-000820,17,39.8,fast_22kw,58.5,zaragoza,0,32.61
LZ-EV-000821,6,51.1,rapid_50kw,42.9,malaga,0,20.3
LZ-EV-000822,6,39.5,rapid_50kw,68.4,valencia,1,33.22
LZ-EV-000823,23,23.5,rapid_50kw,82.4,murcia,0,16.7
LZ-EV-000824,10,23.3,rapid_50kw,81.0,sevilla,0,10.42
LZ-EV-000825,23,51.9,slow_7kw,60.6,valencia,0,24.57
LZ-EV-000826,18,2.0,fast_22kw,73.4,malaga,1,49.38
LZ-EV-000827,21,31.7,ultra_150kw,61.5,murcia,0,38.52
LZ-EV-000828,4,41.8,slow_7kw,54.2,sevilla,0,29.25
LZ-EV-000829,1,24.4,rapid_50kw,67.9,madrid,0,34.47
LZ-EV-000830,11,78.8,slow_7kw,59.0,barcelona,0,12.26
LZ-EV-000831,10,51.2,fast_22kw,76.9,barcelona,0,32.94
LZ-EV-000832,4,45.9,slow_7kw,40.7,sevilla,0,21.83
LZ-EV-000833,17,72.7,fast_22kw,61.2,valencia,0,16.21
LZ-EV-000834,20,42.6,rapid_50kw,68.1,zaragoza,0,40.69
LZ-EV-000835,2,29.9,rapid_50kw,46.8,murcia,0,27.91
LZ-EV-000836,0,36.8,rapid_50kw,48.8,valencia,1,14.31
LZ-EV-000837,23,50.2,rapid_50kw,83.2,zaragoza,1,19.85
LZ-EV-000838,8,56.9,fast_22kw,55.9,valencia,0,14.67
LZ-EV-000839,5,62.1,slow_7kw,74.0,malaga,1,28.04
LZ-EV-000840,21,47.8,fast_22kw,46.2,barcelona,0,22.84
LZ-EV-000841,19,30.4,rapid_50kw,63.8,bilbao,0,22.72
LZ-EV-000842,0,7.7,slow_7kw,58.8,bilbao,1,50.65
LZ-EV-000843,11,28.3,fast_22kw,57.7,valencia,0,27.16
LZ-EV-000844,19,22.9,rapid_50kw,73.3,madrid,1,19.79
LZ-EV-000845,0,29.8,slow_7kw,60.2,sevilla,0,39.84
LZ-EV-000846,6,50.5,slow_7kw,56.6,bilbao,0,26.5
LZ-EV-000847,23,29.7,slow_7kw,52.7,madrid,0,28.53
LZ-EV-000848,19,55.1,rapid_50kw,69.8,sevilla,0,16.66
LZ-EV-000849,3,11.1,slow_7kw,33.4,murcia,0,28.31
LZ-EV-000850,14,55.9,fast_22kw,61.8,sevilla,0,25.23
LZ-EV-000851,3,40.3,fast_22kw,28.0,barcelona,0,15.19
LZ-EV-000852,20,6.2,slow_7kw,75.2,barcelona,0,28.96
LZ-EV-000853,4,15.0,rapid_50kw,73.3,zaragoza,0,22.65
LZ-EV-000854,14,24.4,rapid_50kw,60.1,valencia,0,42.86
LZ-EV-000855,23,56.2,slow_7kw,55.2,barcelona,0,18.26
LZ-EV-000856,3,46.2,fast_22kw,80.7,murcia,1,38.31
LZ-EV-000857,13,13.4,fast_22kw,70.1,sevilla,1,60.1
LZ-EV-000858,10,42.2,rapid_50kw,69.5,malaga,0,24.29
LZ-EV-000859,5,41.5,slow_7kw,39.0,madrid,0,23.35
LZ-EV-000860,8,28.4,slow_7kw,56.7,zaragoza,0,37.68
LZ-EV-000861,12,23.5,slow_7kw,60.7,valencia,0,43.03
LZ-EV-000862,5,4.9,fast_22kw,93.8,zaragoza,0,36.33
LZ-EV-000863,13,37.5,slow_7kw,82.5,malaga,0,30.24
LZ-EV-000864,11,54.2,rapid_50kw,65.6,valencia,0,29.31
LZ-EV-000865,23,45.4,slow_7kw,70.8,murcia,0,36.97
LZ-EV-000866,12,56.1,slow_7kw,87.0,barcelona,0,35.89
LZ-EV-000867,9,16.3,slow_7kw,63.0,madrid,1,30.5
LZ-EV-000868,12,90.0,fast_22kw,74.7,sevilla,0,6.37
LZ-EV-000869,0,37.3,slow_7kw,52.6,sevilla,0,25.55
LZ-EV-000870,7,17.2,slow_7kw,63.7,malaga,0,55.32
LZ-EV-000871,8,28.2,rapid_50kw,62.5,zaragoza,0,24.7
LZ-EV-000872,0,42.9,fast_22kw,55.4,zaragoza,0,31.49
LZ-EV-000873,10,45.2,slow_7kw,58.3,malaga,0,32.14
LZ-EV-000874,11,38.5,fast_22kw,54.2,valencia,0,33.22
LZ-EV-000875,3,14.1,slow_7kw,70.6,bilbao,0,37.15
LZ-EV-000876,16,52.2,rapid_50kw,61.0,madrid,0,25.83
LZ-EV-000877,19,56.1,rapid_50kw,45.7,sevilla,0,17.48
LZ-EV-000878,0,34.0,slow_7kw,71.8,sevilla,0,28.8
LZ-EV-000879,2,24.5,slow_7kw,46.2,madrid,0,34.27
LZ-EV-000880,8,24.9,fast_22kw,71.4,murcia,0,40.33
LZ-EV-000881,17,46.8,fast_22kw,63.2,barcelona,0,31.55
LZ-EV-000882,20,51.2,slow_7kw,77.6,zaragoza,0,33.05
LZ-EV-000883,21,28.8,fast_22kw,49.6,sevilla,0,33.9
LZ-EV-000884,3,31.8,slow_7kw,53.9,valencia,1,31.27
LZ-EV-000885,0,75.5,ultra_150kw,69.6,bilbao,1,16.51
LZ-EV-000886,2,40.1,slow_7kw,69.0,malaga,0,41.76
LZ-EV-000887,22,41.9,fast_22kw,57.6,murcia,1,32.71
LZ-EV-000888,18,7.0,slow_7kw,65.1,murcia,1,41.97
LZ-EV-000889,11,37.8,fast_22kw,77.6,bilbao,0,39.99
LZ-EV-000890,7,37.4,slow_7kw,31.2,malaga,1,18.74
LZ-EV-000891,4,30.9,slow_7kw,72.1,valencia,0,40.49
LZ-EV-000892,8,39.6,fast_22kw,53.4,sevilla,0,30.17
LZ-EV-000893,5,24.2,slow_7kw,41.9,madrid,0,28.94
LZ-EV-000894,12,53.8,fast_22kw,76.3,barcelona,0,35.28
LZ-EV-000895,22,60.3,slow_7kw,55.5,sevilla,0,20.45
LZ-EV-000896,13,23.0,rapid_50kw,44.0,barcelona,0,23.81
LZ-EV-000897,5,23.7,fast_22kw,86.0,barcelona,0,62.22
LZ-EV-000898,4,20.1,fast_22kw,65.1,malaga,0,23.62
LZ-EV-000899,21,28.2,fast_22kw,49.5,madrid,0,33.26
LZ-EV-000900,14,45.1,fast_22kw,58.7,murcia,0,30.58
LZ-EV-000901,4,2.0,fast_22kw,71.9,bilbao,0,58.95
LZ-EV-000902,23,58.1,fast_22kw,53.0,murcia,1,20.95
LZ-EV-000903,20,27.9,slow_7kw,60.7,madrid,0,43.52
LZ-EV-000904,18,53.4,rapid_50kw,72.8,sevilla,0,30.05
LZ-EV-000905,21,23.7,fast_22kw,88.0,murcia,0,34.63
LZ-EV-000906,4,53.8,slow_7kw,36.2,bilbao,0,14.78
LZ-EV-000907,7,17.2,fast_22kw,72.6,barcelona,1,29.02
LZ-EV-000908,6,36.8,fast_22kw,63.6,sevilla,0,36.98
LZ-EV-000909,8,21.2,fast_22kw,57.7,bilbao,1,41.27
LZ-EV-000910,20,51.0,rapid_50kw,73.1,zaragoza,0,27.7
LZ-EV-000911,9,46.0,slow_7kw,54.0,barcelona,0,28.28
LZ-EV-000912,6,49.9,slow_7kw,44.5,madrid,1,21.32
LZ-EV-000913,8,23.4,slow_7kw,28.0,barcelona,0,20.76
LZ-EV-000914,3,50.4,rapid_50kw,63.1,murcia,0,29.62
LZ-EV-000915,15,64.6,slow_7kw,72.1,barcelona,0,24.26
LZ-EV-000916,7,20.9,fast_22kw,75.4,malaga,1,42.59
LZ-EV-000917,12,56.5,fast_22kw,28.0,bilbao,1,11.21
LZ-EV-000918,4,46.7,fast_22kw,62.7,valencia,0,28.86
LZ-EV-000919,5,22.6,slow_7kw,72.2,zaragoza,0,22.35
LZ-EV-000920,18,52.3,fast_22kw,82.8,malaga,0,36.58
LZ-EV-000921,12,50.0,rapid_50kw,52.3,madrid,0,23.31
LZ-EV-000922,16,87.9,fast_22kw,72.7,barcelona,0,8.31
LZ-EV-000923,7,54.0,slow_7kw,44.8,zaragoza,1,21.42
LZ-EV-000924,21,23.2,fast_22kw,76.9,sevilla,1,38.72
LZ-EV-000925,5,51.2,slow_7kw,69.1,sevilla,1,30.19
LZ-EV-000926,7,42.1,slow_7kw,67.1,malaga,0,24.28
LZ-EV-000927,18,38.3,slow_7kw,66.9,zaragoza,0,38.07
LZ-EV-000928,22,24.6,fast_22kw,46.2,valencia,1,32.69
LZ-EV-000929,15,20.3,fast_22kw,91.8,madrid,1,28.45
LZ-EV-000930,22,10.5,fast_22kw,54.3,murcia,0,24.95
LZ-EV-000931,9,55.5,slow_7kw,47.8,malaga,1,18.49
LZ-EV-000932,12,42.9,slow_7kw,52.8,bilbao,0,17.29
LZ-EV-000933,10,17.9,fast_22kw,45.5,valencia,1,31.3
LZ-EV-000934,9,71.3,slow_7kw,83.3,sevilla,1,21.28
LZ-EV-000935,16,48.2,rapid_50kw,86.8,valencia,0,22.14
LZ-EV-000936,9,84.0,fast_22kw,53.3,zaragoza,1,7.09
LZ-EV-000937,7,74.7,fast_22kw,90.5,valencia,1,21.86
LZ-EV-000938,15,59.1,rapid_50kw,89.7,valencia,0,22.61
LZ-EV-000939,9,77.7,slow_7kw,64.5,bilbao,1,14.02
LZ-EV-000940,6,32.7,fast_22kw,80.6,malaga,1,53.88
LZ-EV-000941,23,59.4,fast_22kw,70.5,zaragoza,0,25.76
LZ-EV-000942,0,39.2,rapid_50kw,34.1,zaragoza,0,19.62
LZ-EV-000943,1,25.6,fast_22kw,68.3,zaragoza,0,27.12
LZ-EV-000944,3,54.2,fast_22kw,59.1,valencia,0,27.32
LZ-EV-000945,2,21.4,fast_22kw,69.7,barcelona,0,49.27
LZ-EV-000946,9,75.3,rapid_50kw,74.5,murcia,0,17.89
LZ-EV-000947,2,9.7,fast_22kw,61.3,valencia,1,50.37
LZ-EV-000948,22,43.0,slow_7kw,70.1,murcia,0,37.27
LZ-EV-000949,14,57.0,slow_7kw,58.9,sevilla,0,22.88
LZ-EV-000950,18,38.5,ultra_150kw,71.9,sevilla,0,41.37
LZ-EV-000951,18,16.7,ultra_150kw,52.7,zaragoza,0,39.04
LZ-EV-000952,14,58.3,fast_22kw,46.2,murcia,0,18.48
LZ-EV-000953,20,9.4,rapid_50kw,57.0,valencia,0,27.7
LZ-EV-000954,14,11.3,ultra_150kw,53.6,zaragoza,0,42.76
LZ-EV-000955,0,31.1,rapid_50kw,30.3,barcelona,1,16.02
LZ-EV-000956,3,45.8,slow_7kw,97.2,sevilla,0,45.09
LZ-EV-000957,22,21.2,rapid_50kw,47.0,zaragoza,0,35.74
LZ-EV-000958,15,24.5,fast_22kw,57.0,valencia,0,40.33
LZ-EV-000959,23,48.2,slow_7kw,72.9,murcia,0,34.78
LZ-EV-000960,15,13.4,fast_22kw,65.7,madrid,0,44.53
LZ-EV-000961,9,44.2,ultra_150kw,50.0,barcelona,0,24.28
LZ-EV-000962,21,73.7,ultra_150kw,83.1,barcelona,0,20.29
LZ-EV-000963,0,23.2,fast_22kw,45.8,sevilla,1,32.06
LZ-EV-000964,10,3.9,ultra_150kw,41.1,valencia,0,36.45
LZ-EV-000965,1,48.7,slow_7kw,64.9,murcia,0,31.53
LZ-EV-000966,14,2.0,slow_7kw,52.1,madrid,1,39.68
LZ-EV-000967,3,16.4,slow_7kw,61.0,bilbao,0,47.81
LZ-EV-000968,13,42.7,slow_7kw,28.0,valencia,0,13.58
LZ-EV-000969,13,32.5,ultra_150kw,56.3,sevilla,0,31.92
LZ-EV-000970,16,16.6,slow_7kw,51.2,madrid,0,36.69
LZ-EV-000971,9,56.3,slow_7kw,67.4,zaragoza,0,28.08
LZ-EV-000972,11,21.9,slow_7kw,69.7,murcia,0,53.46
LZ-EV-000973,22,16.5,rapid_50kw,77.1,malaga,1,13.38
LZ-EV-000974,10,39.2,slow_7kw,51.3,bilbao,1,31.2
LZ-EV-000975,17,55.0,fast_22kw,49.7,madrid,0,20.64
LZ-EV-000976,0,46.6,fast_22kw,42.4,sevilla,0,20.5
LZ-EV-000977,12,62.9,rapid_50kw,51.5,zaragoza,1,15.41
LZ-EV-000978,9,50.6,fast_22kw,68.7,murcia,1,28.41
LZ-EV-000979,14,49.9,rapid_50kw,34.1,sevilla,0,16.18
LZ-EV-000980,3,53.0,rapid_50kw,57.9,bilbao,0,26.36
LZ-EV-000981,6,27.0,slow_7kw,63.7,malaga,1,45.68
LZ-EV-000982,17,37.3,rapid_50kw,47.3,zaragoza,1,16.87
LZ-EV-000983,12,41.8,slow_7kw,63.5,valencia,0,37.07
LZ-EV-000984,2,31.2,fast_22kw,78.0,sevilla,0,40.01
LZ-EV-000985,8,42.4,slow_7kw,72.1,zaragoza,0,40.73
LZ-EV-000986,6,47.4,ultra_150kw,65.3,zaragoza,1,28.53
LZ-EV-000987,3,4.0,slow_7kw,46.8,murcia,0,40.49
LZ-EV-000988,17,34.7,ultra_150kw,69.1,bilbao,1,41.54
LZ-EV-000989,3,25.8,fast_22kw,30.9,zaragoza,1,21.11
LZ-EV-000990,19,13.9,rapid_50kw,72.3,valencia,0,22.86
LZ-EV-000991,2,17.7,fast_22kw,48.5,sevilla,0,36.0
LZ-EV-000992,11,2.0,slow_7kw,54.8,zaragoza,1,24.61
LZ-EV-000993,10,49.7,fast_22kw,51.0,sevilla,0,23.01
LZ-EV-000994,18,18.2,slow_7kw,28.0,valencia,0,21.58
LZ-EV-000995,7,57.6,slow_7kw,50.5,murcia,0,19.23
LZ-EV-000996,18,36.1,ultra_150kw,76.6,malaga,0,40.78
LZ-EV-000997,12,37.0,slow_7kw,64.3,murcia,0,39.17
LZ-EV-000998,2,44.0,rapid_50kw,59.4,bilbao,0,18.67
LZ-EV-000999,20,51.0,slow_7kw,35.1,valencia,1,14.77
LZ-EV-001000,18,14.1,rapid_50kw,65.5,zaragoza,1,18.04
LZ-EV-001001,3,61.3,rapid_50kw,59.1,sevilla,1,19.67
LZ-EV-001002,3,39.2,slow_7kw,87.6,zaragoza,0,33.74
LZ-EV-001003,0,89.4,fast_22kw,65.3,zaragoza,1,6.16
LZ-EV-001004,15,58.7,rapid_50kw,51.9,bilbao,1,19.89
LZ-EV-001005,13,11.1,slow_7kw,55.9,barcelona,0,36.26
LZ-EV-001006,18,8.8,slow_7kw,77.2,madrid,0,36.83
LZ-EV-001007,1,47.3,rapid_50kw,47.8,barcelona,1,21.85
LZ-EV-001008,23,49.9,ultra_150kw,57.4,madrid,0,27.93
LZ-EV-001009,4,40.8,fast_22kw,36.8,bilbao,0,20.77
LZ-EV-001010,11,41.4,slow_7kw,80.3,murcia,0,16.39
LZ-EV-001011,15,30.3,slow_7kw,28.0,murcia,0,18.58
LZ-EV-001012,19,75.2,fast_22kw,86.4,zaragoza,0,20.63
LZ-EV-001013,16,63.2,ultra_150kw,54.4,valencia,0,18.13
LZ-EV-001014,20,48.3,rapid_50kw,82.4,valencia,0,19.27
LZ-EV-001015,17,32.0,rapid_50kw,55.4,madrid,0,36.5
LZ-EV-001016,8,44.0,fast_22kw,61.9,murcia,0,26.36
LZ-EV-001017,14,2.0,slow_7kw,93.4,zaragoza,0,36.34
LZ-EV-001018,15,16.0,fast_22kw,93.9,barcelona,0,35.53
LZ-EV-001019,21,36.3,ultra_150kw,60.2,barcelona,0,39.1
LZ-EV-001020,2,39.0,fast_22kw,40.3,zaragoza,0,22.15
LZ-EV-001021,20,44.1,ultra_150kw,35.4,barcelona,0,17.75
LZ-EV-001022,23,34.1,fast_22kw,77.1,madrid,0,30.36
LZ-EV-001023,3,21.9,slow_7kw,71.1,barcelona,0,28.72
LZ-EV-001024,17,25.0,slow_7kw,35.9,malaga,0,22.81
LZ-EV-001025,12,67.1,slow_7kw,38.1,malaga,0,12.02
LZ-EV-001026,6,2.7,rapid_50kw,54.2,bilbao,0,22.83
LZ-EV-001027,5,6.9,rapid_50kw,32.8,barcelona,0,30.32
LZ-EV-001028,5,42.2,slow_7kw,81.4,valencia,1,42.14
LZ-EV-001029,16,50.6,slow_7kw,65.5,malaga,0,28.85
LZ-EV-001030,6,34.4,slow_7kw,65.0,barcelona,1,41.24
LZ-EV-001031,17,60.6,fast_22kw,42.6,malaga,0,15.32
LZ-EV-001032,4,54.3,fast_22kw,56.6,madrid,0,23.91
LZ-EV-001033,12,13.2,ultra_150kw,70.6,malaga,1,38.74
LZ-EV-001034,13,81.1,rapid_50kw,63.5,valencia,0,10.58
LZ-EV-001035,15,4.0,ultra_150kw,43.4,zaragoza,1,37.25
LZ-EV-001036,23,51.8,slow_7kw,55.1,sevilla,0,23.01
LZ-EV-001037,15,59.2,slow_7kw,51.6,barcelona,0,19.07
LZ-EV-001038,23,32.3,rapid_50kw,35.1,murcia,1,22.29
LZ-EV-001039,13,42.9,slow_7kw,48.4,bilbao,0,25.23
LZ-EV-001040,17,28.5,slow_7kw,50.5,malaga,0,28.56
LZ-EV-001041,7,39.8,slow_7kw,51.5,madrid,0,29.42
LZ-EV-001042,16,37.5,slow_7kw,67.2,zaragoza,1,41.59
LZ-EV-001043,2,67.5,fast_22kw,48.5,zaragoza,0,12.88
LZ-EV-001044,12,21.6,fast_22kw,61.8,murcia,0,49.32
LZ-EV-001045,22,2.0,slow_7kw,58.0,malaga,0,47.67
LZ-EV-001046,16,47.1,fast_22kw,66.1,malaga,0,33.16
LZ-EV-001047,9,31.5,rapid_50kw,30.5,sevilla,0,18.86
LZ-EV-001048,12,22.2,slow_7kw,64.6,bilbao,0,47.51
LZ-EV-001049,19,30.2,slow_7kw,81.6,bilbao,0,33.33
LZ-EV-001050,3,40.7,slow_7kw,67.6,malaga,1,34.62
LZ-EV-001051,11,33.6,slow_7kw,51.4,sevilla,0,30.34
LZ-EV-001052,7,27.2,fast_22kw,38.9,malaga,0,25.09
LZ-EV-001053,6,13.7,fast_22kw,108.6,murcia,0,74.5
LZ-EV-001054,19,71.8,slow_7kw,78.3,zaragoza,0,19.98
LZ-EV-001055,5,26.2,fast_22kw,45.8,bilbao,1,24.04
LZ-EV-001056,17,45.9,slow_7kw,46.6,malaga,0,21.6
LZ-EV-001057,14,73.2,fast_22kw,64.7,murcia,0,16.47
LZ-EV-001058,12,22.3,rapid_50kw,72.1,madrid,0,16.94
LZ-EV-001059,15,45.8,slow_7kw,29.4,zaragoza,1,14.24
LZ-EV-001060,10,19.0,rapid_50kw,82.6,zaragoza,0,26.78
LZ-EV-001061,2,54.2,rapid_50kw,45.0,bilbao,1,20.81
LZ-EV-001062,17,2.0,ultra_150kw,91.6,madrid,1,20.85
LZ-EV-001063,18,11.5,fast_22kw,68.6,sevilla,0,37.32
LZ-EV-001064,8,54.2,fast_22kw,66.3,bilbao,0,27.74
LZ-EV-001065,8,84.7,slow_7kw,71.3,murcia,1,9.74
LZ-EV-001066,4,59.6,ultra_150kw,59.2,bilbao,0,19.86
LZ-EV-001067,0,19.3,rapid_50kw,73.7,bilbao,0,52.7
LZ-EV-001068,18,46.5,fast_22kw,42.6,malaga,1,22.52
LZ-EV-001069,13,6.4,rapid_50kw,35.9,murcia,0,21.66
LZ-EV-001070,14,53.8,slow_7kw,65.0,malaga,0,29.63
LZ-EV-001071,10,45.1,rapid_50kw,75.3,bilbao,1,18.95
LZ-EV-001072,17,39.0,rapid_50kw,76.2,madrid,0,28.67
LZ-EV-001073,15,49.2,slow_7kw,69.5,bilbao,0,20.26
LZ-EV-001074,7,20.9,rapid_50kw,28.0,zaragoza,0,20.4
LZ-EV-001075,2,55.6,fast_22kw,73.5,bilbao,0,32.15
LZ-EV-001076,18,19.8,rapid_50kw,51.5,murcia,0,27.44
LZ-EV-001077,18,25.0,slow_7kw,58.6,barcelona,1,29.57
LZ-EV-001078,4,21.4,rapid_50kw,65.1,sevilla,0,21.95
LZ-EV-001079,0,20.0,fast_22kw,89.6,bilbao,0,26.57
LZ-EV-001080,4,32.5,rapid_50kw,32.6,barcelona,0,21.68
LZ-EV-001081,22,43.3,ultra_150kw,46.6,malaga,0,23.7
LZ-EV-001082,5,26.6,slow_7kw,59.3,valencia,0,41.84
LZ-EV-001083,1,34.1,fast_22kw,56.1,zaragoza,0,35.92
LZ-EV-001084,7,43.7,slow_7kw,78.9,bilbao,0,31.88
LZ-EV-001085,20,24.5,slow_7kw,66.8,barcelona,1,26.18
LZ-EV-001086,14,21.5,ultra_150kw,68.1,zaragoza,0,29.74
LZ-EV-001087,2,26.3,fast_22kw,59.6,sevilla,0,37.12
LZ-EV-001088,1,36.3,rapid_50kw,85.9,madrid,1,23.95
LZ-EV-001089,16,36.8,fast_22kw,63.0,sevilla,1,27.62
LZ-EV-001090,21,53.5,fast_22kw,37.7,zaragoza,0,14.78
LZ-EV-001091,12,29.4,slow_7kw,62.3,bilbao,0,41.42
LZ-EV-001092,6,56.7,fast_22kw,35.7,madrid,0,14.32
LZ-EV-001093,4,6.6,ultra_150kw,53.1,sevilla,0,45.25
LZ-EV-001094,10,31.1,fast_22kw,96.8,murcia,1,64.06
LZ-EV-001095,5,35.6,fast_22kw,89.7,barcelona,1,25.7
LZ-EV-001096,3,27.5,rapid_50kw,73.3,malaga,0,13.74
LZ-EV-001097,16,44.9,slow_7kw,43.5,valencia,0,23.77
LZ-EV-001098,17,43.5,fast_22kw,42.7,zaragoza,1,24.22
LZ-EV-001099,10,57.1,ultra_150kw,60.1,malaga,0,26.64
LZ-EV-001100,7,54.3,slow_7kw,68.4,sevilla,0,31.07
LZ-EV-001101,16,36.6,ultra_150kw,56.0,valencia,0,31.41
LZ-EV-001102,3,30.8,rapid_50kw,35.5,barcelona,0,22.12
LZ-EV-001103,12,46.8,ultra_150kw,63.9,murcia,1,30.78
LZ-EV-001104,8,20.8,slow_7kw,52.5,murcia,0,20.13
LZ-EV-001105,11,37.5,fast_22kw,62.9,zaragoza,0,31.88
LZ-EV-001106,17,67.1,rapid_50kw,56.8,bilbao,0,18.94
LZ-EV-001107,2,34.9,rapid_50kw,72.5,bilbao,1,20.12
LZ-EV-001108,15,62.7,slow_7kw,35.4,murcia,0,11.84
LZ-EV-001109,9,63.3,ultra_150kw,52.6,madrid,1,17.5
LZ-EV-001110,15,46.2,slow_7kw,34.1,valencia,1,16.2
LZ-EV-001111,6,57.0,rapid_50kw,57.3,zaragoza,0,24.4
LZ-EV-001112,11,36.8,ultra_150kw,54.1,valencia,0,33.4
LZ-EV-001113,3,44.6,rapid_50kw,83.7,madrid,0,25.7
LZ-EV-001114,8,57.6,rapid_50kw,71.1,valencia,0,27.24
LZ-EV-001115,11,43.5,fast_22kw,63.0,malaga,1,33.12
LZ-EV-001116,13,63.9,rapid_50kw,75.7,zaragoza,0,25.27
LZ-EV-001117,1,34.9,ultra_150kw,72.3,valencia,0,44.59
LZ-EV-001118,9,30.3,fast_22kw,69.3,murcia,0,44.61
LZ-EV-001119,6,31.6,fast_22kw,56.9,bilbao,0,34.36
LZ-EV-001120,18,21.5,slow_7kw,82.0,madrid,1,43.93
LZ-EV-001121,1,33.5,slow_7kw,62.0,sevilla,0,42.31
LZ-EV-001122,21,46.8,ultra_150kw,61.7,madrid,1,29.93
LZ-EV-001123,22,56.3,fast_22kw,44.6,bilbao,0,18.28
LZ-EV-001124,18,41.5,ultra_150kw,75.0,madrid,0,39.9
LZ-EV-001125,7,25.9,rapid_50kw,66.5,madrid,0,41.45
LZ-EV-001126,17,13.6,fast_22kw,28.7,sevilla,1,21.75
LZ-EV-001127,7,51.7,fast_22kw,53.4,barcelona,0,21.66
LZ-EV-001128,4,44.7,fast_22kw,70.7,madrid,0,24.69
LZ-EV-001129,3,48.6,slow_7kw,81.3,valencia,1,38.37
LZ-EV-001130,23,15.1,slow_7kw,62.5,malaga,0,29.55
LZ-EV-001131,9,16.6,fast_22kw,53.9,barcelona,0,37.72
LZ-EV-001132,13,42.7,fast_22kw,58.0,madrid,0,22.81
LZ-EV-001133,16,30.3,rapid_50kw,68.5,sevilla,0,30.64
LZ-EV-001134,13,14.5,rapid_50kw,62.1,valencia,0,23.79
LZ-EV-001135,15,55.7,fast_22kw,60.5,sevilla,0,21.98
LZ-EV-001136,7,4.3,slow_7kw,37.7,madrid,1,34.61
LZ-EV-001137,22,20.4,fast_22kw,62.6,zaragoza,0,32.34
LZ-EV-001138,21,40.4,slow_7kw,80.5,madrid,1,45.94
LZ-EV-001139,20,56.7,slow_7kw,76.6,zaragoza,1,28.83
LZ-EV-001140,11,30.0,fast_22kw,67.8,murcia,0,41.92
LZ-EV-001141,22,35.5,rapid_50kw,56.2,valencia,0,29.95
LZ-EV-001142,22,27.1,fast_22kw,63.8,bilbao,0,20.83
LZ-EV-001143,5,7.2,fast_22kw,102.6,valencia,0,79.15
LZ-EV-001144,12,24.8,fast_22kw,45.6,murcia,0,36.29
LZ-EV-001145,9,40.2,rapid_50kw,43.5,murcia,1,22.33
LZ-EV-001146,5,67.3,fast_22kw,51.2,murcia,0,15.17
LZ-EV-001147,23,61.8,rapid_50kw,56.6,barcelona,0,19.36
LZ-EV-001148,6,58.1,fast_22kw,37.9,bilbao,0,14.3
LZ-EV-001149,13,31.4,ultra_150kw,62.1,malaga,1,39.49
LZ-EV-001150,17,54.3,fast_22kw,66.3,madrid,0,27.13
LZ-EV-001151,0,48.2,slow_7kw,60.6,zaragoza,0,29.86
LZ-EV-001152,4,14.2,slow_7kw,83.7,murcia,0,21.18
LZ-EV-001153,21,28.5,rapid_50kw,71.7,malaga,1,22.41
LZ-EV-001154,12,43.7,slow_7kw,43.7,valencia,0,19.63
LZ-EV-001155,7,64.6,fast_22kw,65.0,valencia,1,22.96
LZ-EV-001156,11,20.8,fast_22kw,79.6,murcia,1,26.58
LZ-EV-001157,12,71.7,fast_22kw,53.9,barcelona,0,15.18
LZ-EV-001158,14,19.8,ultra_150kw,43.3,valencia,1,32.26
LZ-EV-001159,3,2.0,rapid_50kw,95.8,sevilla,1,26.91
LZ-EV-001160,3,19.9,fast_22kw,69.0,valencia,0,54.91
LZ-EV-001161,9,61.5,fast_22kw,61.0,bilbao,1,22.05
LZ-EV-001162,22,17.1,fast_22kw,50.2,madrid,0,31.18
LZ-EV-001163,10,30.8,rapid_50kw,87.1,valencia,1,27.67
LZ-EV-001164,12,29.8,rapid_50kw,60.7,malaga,0,39.05
LZ-EV-001165,12,16.4,slow_7kw,50.3,murcia,0,38.37
LZ-EV-001166,19,40.1,fast_22kw,49.7,valencia,0,28.14
LZ-EV-001167,5,66.8,fast_22kw,66.4,bilbao,1,19.52
LZ-EV-001168,19,87.2,rapid_50kw,67.7,valencia,0,7.23
LZ-EV-001169,8,60.5,fast_22kw,53.1,malaga,1,18.74
LZ-EV-001170,0,2.0,ultra_150kw,65.9,murcia,1,48.77
LZ-EV-001171,7,43.8,fast_22kw,62.2,sevilla,0,32.53
LZ-EV-001172,4,61.6,fast_22kw,53.5,madrid,1,21.59
LZ-EV-001173,17,54.1,fast_22kw,79.7,murcia,0,34.59
LZ-EV-001174,12,49.8,ultra_150kw,41.9,murcia,1,20.24
LZ-EV-001175,0,43.8,fast_22kw,41.3,valencia,1,21.35
LZ-EV-001176,21,41.0,fast_22kw,60.7,valencia,0,29.69
LZ-EV-001177,20,63.0,fast_22kw,69.4,murcia,1,24.0
LZ-EV-001178,10,4.0,slow_7kw,73.2,madrid,1,49.42
LZ-EV-001179,15,17.7,slow_7kw,29.5,malaga,0,23.13
LZ-EV-001180,18,8.9,fast_22kw,69.4,valencia,0,42.91
LZ-EV-001181,22,13.9,slow_7kw,76.9,malaga,1,59.34
LZ-EV-001182,22,73.7,rapid_50kw,43.1,barcelona,0,10.16
LZ-EV-001183,9,2.0,fast_22kw,38.6,sevilla,0,36.0
LZ-EV-001184,14,38.2,rapid_50kw,73.1,barcelona,0,23.2
LZ-EV-001185,9,13.5,rapid_50kw,83.9,murcia,0,10.55
LZ-EV-001186,2,67.3,fast_22kw,57.1,zaragoza,0,17.45
LZ-EV-001187,14,34.4,rapid_50kw,47.2,valencia,0,29.63
LZ-EV-001188,19,26.1,slow_7kw,75.4,valencia,0,50.63
LZ-EV-001189,22,5.4,rapid_50kw,42.7,madrid,0,23.6
LZ-EV-001190,21,25.4,fast_22kw,60.7,malaga,0,39.34
LZ-EV-001191,18,49.6,ultra_150kw,72.2,barcelona,1,27.78
LZ-EV-001192,20,47.4,fast_22kw,77.0,malaga,1,37.23
LZ-EV-001193,2,28.5,slow_7kw,51.6,valencia,1,24.67
LZ-EV-001194,21,43.8,rapid_50kw,79.1,zaragoza,1,45.93
LZ-EV-001195,12,43.7,rapid_50kw,82.8,valencia,0,30.44
LZ-EV-001196,6,24.4,rapid_50kw,60.4,madrid,1,43.59
LZ-EV-001197,4,61.7,fast_22kw,48.7,malaga,0,17.33
LZ-EV-001198,15,14.6,rapid_50kw,67.0,valencia,1,45.41
LZ-EV-001199,23,24.5,slow_7kw,46.0,barcelona,0,23.79
LZ-EV-001200,17,37.1,fast_22kw,61.6,murcia,0,31.02
LZ-EV-001201,21,28.7,slow_7kw,37.6,murcia,0,24.5
LZ-EV-001202,3,50.8,rapid_50kw,65.0,murcia,1,27.24
LZ-EV-001203,9,12.1,slow_7kw,28.0,zaragoza,1,23.99
LZ-EV-001204,14,34.6,fast_22kw,84.4,valencia,0,37.59
LZ-EV-001205,15,2.0,fast_22kw,61.0,madrid,1,48.93
LZ-EV-001206,12,16.3,fast_22kw,98.1,barcelona,1,51.47
LZ-EV-001207,4,33.7,fast_22kw,54.3,barcelona,0,24.77
LZ-EV-001208,21,61.8,fast_22kw,59.3,bilbao,0,20.49
LZ-EV-001209,10,33.0,slow_7kw,56.3,bilbao,0,28.9
LZ-EV-001210,15,15.2,fast_22kw,81.6,murcia,1,51.44
LZ-EV-001211,18,56.6,slow_7kw,48.9,sevilla,1,18.63
LZ-EV-001212,23,12.1,slow_7kw,85.1,sevilla,0,63.02
LZ-EV-001213,12,80.8,slow_7kw,59.3,malaga,1,10.23
LZ-EV-001214,11,57.7,fast_22kw,59.1,malaga,0,19.82
LZ-EV-001215,11,55.4,slow_7kw,61.2,madrid,0,18.49
LZ-EV-001216,23,15.6,slow_7kw,51.8,malaga,0,44.13
LZ-EV-001217,11,63.7,ultra_150kw,49.8,valencia,1,16.76
LZ-EV-001218,4,67.5,fast_22kw,44.6,barcelona,1,14.04
LZ-EV-001219,9,30.3,rapid_50kw,64.9,bilbao,0,24.54
LZ-EV-001220,10,39.1,rapid_50kw,72.0,valencia,0,23.97
LZ-EV-001221,22,56.2,slow_7kw,51.6,sevilla,0,21.14
LZ-EV-001222,23,30.5,slow_7kw,52.1,barcelona,0,36.33
LZ-EV-001223,19,9.4,fast_22kw,67.4,bilbao,1,40.94
LZ-EV-001224,9,25.3,rapid_50kw,50.0,sevilla,0,29.66
LZ-EV-001225,2,56.2,fast_22kw,44.4,malaga,0,18.27
LZ-EV-001226,15,9.4,rapid_50kw,83.6,valencia,0,51.64
LZ-EV-001227,20,45.2,fast_22kw,55.7,valencia,0,27.59
LZ-EV-001228,13,39.3,slow_7kw,57.1,bilbao,1,31.91
LZ-EV-001229,9,43.0,fast_22kw,91.0,barcelona,0,47.02
LZ-EV-001230,12,26.9,slow_7kw,70.6,madrid,0,38.76
LZ-EV-001231,15,9.2,rapid_50kw,36.2,malaga,0,30.97
LZ-EV-001232,18,25.7,fast_22kw,58.6,sevilla,0,40.31
LZ-EV-001233,6,33.8,slow_7kw,53.3,valencia,0,32.27
LZ-EV-001234,22,59.1,fast_22kw,74.3,zaragoza,0,27.46
LZ-EV-001235,3,76.4,slow_7kw,47.0,valencia,1,10.36
LZ-EV-001236,13,73.7,rapid_50kw,66.0,bilbao,1,15.0
LZ-EV-001237,16,37.5,slow_7kw,59.8,barcelona,0,34.77
LZ-EV-001238,3,61.8,fast_22kw,42.9,murcia,1,17.67
LZ-EV-001239,20,17.4,fast_22kw,75.8,zaragoza,0,32.92
LZ-EV-001240,18,58.4,slow_7kw,59.9,bilbao,0,22.36
LZ-EV-001241,18,51.3,fast_22kw,63.3,zaragoza,0,25.6
LZ-EV-001242,8,55.4,slow_7kw,37.4,zaragoza,0,15.13
LZ-EV-001243,11,29.7,slow_7kw,44.9,madrid,0,26.61
LZ-EV-001244,17,54.6,slow_7kw,58.9,bilbao,0,25.68
LZ-EV-001245,8,39.8,rapid_50kw,92.4,murcia,0,19.16
LZ-EV-001246,23,41.5,slow_7kw,61.2,zaragoza,0,33.33
LZ-EV-001247,19,44.0,slow_7kw,50.9,sevilla,0,27.22
LZ-EV-001248,19,50.0,slow_7kw,68.2,sevilla,0,29.46
LZ-EV-001249,17,47.2,fast_22kw,48.9,murcia,0,23.95
LZ-EV-001250,11,40.8,fast_22kw,84.5,bilbao,0,20.08
LZ-EV-001251,8,19.2,ultra_150kw,53.3,barcelona,0,34.27
LZ-EV-001252,14,59.9,fast_22kw,66.8,malaga,1,20.35
LZ-EV-001253,17,18.8,fast_22kw,58.6,madrid,0,37.44
LZ-EV-001254,0,40.8,ultra_150kw,65.8,murcia,1,34.27
LZ-EV-001255,9,48.1,fast_22kw,65.4,bilbao,1,30.09
LZ-EV-001256,18,36.1,slow_7kw,54.6,zaragoza,0,33.38
LZ-EV-001257,18,4.9,slow_7kw,46.2,murcia,0,21.1
LZ-EV-001258,4,10.4,slow_7kw,77.2,madrid,0,31.48
LZ-EV-001259,18,33.7,fast_22kw,59.9,murcia,0,35.72
LZ-EV-001260,17,11.7,fast_22kw,35.3,barcelona,0,25.86
LZ-EV-001261,20,53.8,slow_7kw,35.0,malaga,0,15.66
LZ-EV-001262,10,44.3,fast_22kw,98.0,malaga,0,40.14
LZ-EV-001263,16,18.1,slow_7kw,102.4,malaga,0,49.91
LZ-EV-001264,6,32.3,rapid_50kw,78.2,valencia,0,28.79
LZ-EV-001265,13,31.8,fast_22kw,75.0,valencia,0,39.58
LZ-EV-001266,23,45.9,rapid_50kw,51.2,madrid,0,25.53
LZ-EV-001267,2,46.4,ultra_150kw,76.0,sevilla,0,36.01
LZ-EV-001268,0,58.1,fast_22kw,60.6,madrid,1,23.6
LZ-EV-001269,7,29.6,slow_7kw,40.2,zaragoza,0,27.4
LZ-EV-001270,3,70.2,slow_7kw,69.8,bilbao,0,17.54
LZ-EV-001271,12,51.2,rapid_50kw,50.6,zaragoza,0,18.84
LZ-EV-001272,7,43.9,fast_22kw,68.8,murcia,1,32.69
LZ-EV-001273,17,54.8,ultra_150kw,64.4,malaga,0,20.6
LZ-EV-001274,7,41.6,slow_7kw,63.8,zaragoza,0,25.13
LZ-EV-001275,6,48.9,rapid_50kw,69.4,madrid,0,16.8
LZ-EV-001276,23,26.6,slow_7kw,55.1,murcia,0,38.19
LZ-EV-001277,22,54.0,rapid_50kw,70.9,bilbao,1,14.31
LZ-EV-001278,2,37.6,slow_7kw,30.8,bilbao,0,17.72
LZ-EV-001279,10,28.9,fast_22kw,57.9,malaga,0,32.08
LZ-EV-001280,22,39.0,slow_7kw,66.4,madrid,1,35.95
LZ-EV-001281,18,50.1,slow_7kw,64.9,bilbao,0,30.49
LZ-EV-001282,14,40.1,fast_22kw,76.9,zaragoza,1,38.59
LZ-EV-001283,18,35.0,slow_7kw,62.6,sevilla,0,35.93
LZ-EV-001284,10,45.6,slow_7kw,58.9,madrid,0,27.43
LZ-EV-001285,9,44.7,fast_22kw,43.8,barcelona,1,20.97
LZ-EV-001286,2,46.0,rapid_50kw,75.0,bilbao,0,14.89
LZ-EV-001287,18,4.0,fast_22kw,64.3,barcelona,0,41.11
LZ-EV-001288,17,49.2,slow_7kw,58.7,madrid,1,29.15
LZ-EV-001289,13,49.6,ultra_150kw,37.9,sevilla,0,17.3
LZ-EV-001290,5,56.1,slow_7kw,44.1,zaragoza,0,18.47
LZ-EV-001291,19,62.9,fast_22kw,80.0,malaga,0,27.69
LZ-EV-001292,14,27.2,fast_22kw,50.7,valencia,0,35.0
LZ-EV-001293,22,19.1,fast_22kw,49.3,barcelona,0,22.08
LZ-EV-001294,16,14.8,rapid_50kw,58.4,bilbao,0,13.99
LZ-EV-001295,19,12.4,fast_22kw,69.2,valencia,0,29.6
LZ-EV-001296,1,34.3,slow_7kw,43.1,madrid,0,22.53
LZ-EV-001297,9,38.5,fast_22kw,77.2,murcia,0,45.73
LZ-EV-001298,0,29.5,slow_7kw,82.0,murcia,0,34.37
LZ-EV-001299,1,19.7,fast_22kw,82.7,malaga,0,32.94
LZ-EV-001300,20,37.7,slow_7kw,91.7,murcia,0,42.79
LZ-EV-001301,13,18.6,slow_7kw,61.9,valencia,0,42.02
LZ-EV-001302,16,28.0,fast_22kw,62.1,malaga,0,24.1
LZ-EV-001303,20,47.1,slow_7kw,49.9,sevilla,0,25.69
LZ-EV-001304,22,46.7,slow_7kw,76.4,madrid,0,37.3
LZ-EV-001305,2,36.0,ultra_150kw,31.0,madrid,0,18.45
LZ-EV-001306,14,11.4,fast_22kw,53.2,bilbao,0,30.29
LZ-EV-001307,8,13.3,slow_7kw,58.6,sevilla,0,51.16
LZ-EV-001308,1,40.5,slow_7kw,49.1,malaga,0,28.18
LZ-EV-001309,22,61.9,slow_7kw,95.1,valencia,1,31.43
LZ-EV-001310,16,39.4,slow_7kw,55.7,murcia,0,28.3
LZ-EV-001311,17,15.0,rapid_50kw,61.4,valencia,1,33.33
LZ-EV-001312,22,58.0,rapid_50kw,53.6,valencia,0,17.66
LZ-EV-001313,8,26.4,fast_22kw,78.2,zaragoza,0,27.7
LZ-EV-001314,1,19.3,slow_7kw,57.9,malaga,0,28.48
LZ-EV-001315,10,24.6,rapid_50kw,83.7,barcelona,1,31.74
LZ-EV-001316,19,69.5,fast_22kw,43.0,bilbao,0,11.98
LZ-EV-001317,12,32.2,fast_22kw,36.0,madrid,1,21.75
LZ-EV-001318,3,50.6,fast_22kw,66.6,bilbao,1,29.17
LZ-EV-001319,11,44.6,rapid_50kw,68.8,zaragoza,0,16.5
LZ-EV-001320,0,55.8,fast_22kw,61.9,bilbao,1,22.21
LZ-EV-001321,0,24.5,rapid_50kw,87.4,valencia,1,23.11
LZ-EV-001322,8,36.9,rapid_50kw,75.4,malaga,0,42.45
LZ-EV-001323,13,48.1,slow_7kw,44.2,malaga,1,23.65
LZ-EV-001324,4,37.1,fast_22kw,74.5,murcia,1,29.84
LZ-EV-001325,9,31.4,rapid_50kw,43.1,zaragoza,0,26.81
LZ-EV-001326,1,33.8,slow_7kw,59.9,madrid,0,36.02
LZ-EV-001327,2,27.7,slow_7kw,53.8,sevilla,0,34.95
LZ-EV-001328,5,2.0,fast_22kw,78.5,malaga,1,74.08
LZ-EV-001329,11,38.5,rapid_50kw,44.2,valencia,1,24.48
LZ-EV-001330,8,54.3,slow_7kw,74.0,malaga,0,24.26
LZ-EV-001331,13,22.6,rapid_50kw,82.0,barcelona,0,42.4
LZ-EV-001332,11,67.8,rapid_50kw,52.0,zaragoza,0,14.48
LZ-EV-001333,23,19.5,fast_22kw,68.1,madrid,0,37.94
LZ-EV-001334,3,74.2,rapid_50kw,35.8,barcelona,1,8.13
LZ-EV-001335,6,33.8,fast_22kw,35.5,murcia,1,19.58
LZ-EV-001336,4,46.1,fast_22kw,84.4,murcia,0,36.92
LZ-EV-001337,17,59.9,fast_22kw,69.0,valencia,0,25.96
LZ-EV-001338,19,15.9,fast_22kw,47.2,bilbao,1,37.54
LZ-EV-001339,15,52.7,rapid_50kw,85.2,madrid,0,33.51
LZ-EV-001340,7,2.0,fast_22kw,37.0,murcia,0,33.65
LZ-EV-001341,9,32.6,fast_22kw,38.0,madrid,0,22.51
LZ-EV-001342,7,26.3,rapid_50kw,64.9,barcelona,0,44.31
LZ-EV-001343,1,34.2,fast_22kw,71.2,barcelona,1,37.01
LZ-EV-001344,17,12.7,fast_22kw,31.3,madrid,0,22.67
LZ-EV-001345,11,64.8,rapid_50kw,69.8,sevilla,0,22.31
LZ-EV-001346,6,31.8,rapid_50kw,57.6,madrid,1,22.23
LZ-EV-001347,4,44.7,fast_22kw,47.3,murcia,0,19.14
LZ-EV-001348,10,30.1,slow_7kw,86.3,sevilla,0,54.7
LZ-EV-001349,9,22.3,fast_22kw,48.4,malaga,1,33.1
LZ-EV-001350,14,39.8,slow_7kw,82.8,barcelona,0,42.8
LZ-EV-001351,0,37.2,slow_7kw,73.1,zaragoza,0,35.08
LZ-EV-001352,15,19.5,slow_7kw,95.3,barcelona,0,37.63
LZ-EV-001353,5,45.6,slow_7kw,67.1,murcia,0,31.51
LZ-EV-001354,7,18.6,slow_7kw,56.3,barcelona,1,37.91
LZ-EV-001355,20,29.0,slow_7kw,82.2,madrid,0,58.73
LZ-EV-001356,23,27.9,rapid_50kw,72.6,zaragoza,0,40.44
LZ-EV-001357,20,48.1,fast_22kw,68.6,zaragoza,0,37.7
LZ-EV-001358,4,52.9,slow_7kw,44.4,barcelona,0,19.25
LZ-EV-001359,1,34.4,slow_7kw,62.0,madrid,1,29.78
LZ-EV-001360,11,2.0,rapid_50kw,71.1,zaragoza,0,17.08
LZ-EV-001361,4,12.2,fast_22kw,60.7,murcia,0,31.12
LZ-EV-001362,8,58.1,fast_22kw,43.0,zaragoza,0,14.37
LZ-EV-001363,10,61.2,slow_7kw,78.9,murcia,0,28.91
LZ-EV-001364,12,13.2,slow_7kw,55.9,sevilla,0,16.59
LZ-EV-001365,3,3.9,rapid_50kw,40.6,murcia,0,37.03
LZ-EV-001366,0,10.3,fast_22kw,32.8,valencia,0,28.86
LZ-EV-001367,5,52.0,rapid_50kw,69.0,sevilla,1,28.1
LZ-EV-001368,2,29.1,rapid_50kw,90.4,sevilla,1,45.68
LZ-EV-001369,19,72.9,fast_22kw,46.5,madrid,0,9.94
LZ-EV-001370,6,26.0,slow_7kw,72.3,madrid,0,39.92
LZ-EV-001371,1,26.4,rapid_50kw,43.5,barcelona,1,24.57
LZ-EV-001372,10,37.5,fast_22kw,70.6,madrid,0,42.27
LZ-EV-001373,20,49.2,rapid_50kw,77.7,madrid,0,38.66
LZ-EV-001374,14,67.1,slow_7kw,37.1,sevilla,0,11.55
LZ-EV-001375,8,55.2,slow_7kw,28.0,malaga,0,10.97
LZ-EV-001376,3,42.7,slow_7kw,78.7,valencia,0,39.48
LZ-EV-001377,17,2.0,ultra_150kw,63.8,sevilla,0,40.92
LZ-EV-001378,10,13.5,fast_22kw,95.8,murcia,0,48.07
LZ-EV-001379,18,20.0,fast_22kw,65.3,bilbao,0,47.51
LZ-EV-001380,19,51.8,rapid_50kw,71.0,malaga,0,29.58
LZ-EV-001381,8,67.1,ultra_150kw,71.3,valencia,1,22.04
LZ-EV-001382,19,12.5,fast_22kw,51.6,madrid,1,19.92
LZ-EV-001383,8,50.6,slow_7kw,33.3,zaragoza,1,15.08
LZ-EV-001384,21,29.2,rapid_50kw,61.6,barcelona,1,29.58
LZ-EV-001385,22,62.5,rapid_50kw,86.1,bilbao,1,29.6
LZ-EV-001386,9,48.1,fast_22kw,67.5,bilbao,0,34.83
LZ-EV-001387,11,39.8,slow_7kw,51.1,valencia,0,25.24
LZ-EV-001388,0,18.9,rapid_50kw,64.9,malaga,0,47.12
LZ-EV-001389,22,56.6,fast_22kw,72.6,murcia,0,24.51
LZ-EV-001390,1,47.4,rapid_50kw,42.6,sevilla,1,23.48
LZ-EV-001391,17,44.0,fast_22kw,62.8,zaragoza,0,30.61
LZ-EV-001392,13,45.7,ultra_150kw,39.1,bilbao,1,18.57
LZ-EV-001393,7,49.5,slow_7kw,75.6,murcia,0,20.55
LZ-EV-001394,0,38.6,fast_22kw,54.2,zaragoza,0,30.89
LZ-EV-001395,5,61.4,slow_7kw,52.7,zaragoza,0,18.81
LZ-EV-001396,7,37.8,fast_22kw,58.6,barcelona,1,24.81
LZ-EV-001397,17,27.3,fast_22kw,58.4,valencia,0,41.74
LZ-EV-001398,19,22.7,rapid_50kw,48.8,sevilla,1,23.68
LZ-EV-001399,15,50.1,slow_7kw,86.1,zaragoza,0,39.94
LZ-EV-001400,20,62.9,fast_22kw,45.8,zaragoza,0,15.53
LZ-EV-001401,3,22.2,rapid_50kw,82.3,bilbao,0,32.37
LZ-EV-001402,3,14.3,fast_22kw,52.9,zaragoza,1,43.01
LZ-EV-001403,8,30.8,fast_22kw,28.0,zaragoza,0,18.22
LZ-EV-001404,6,54.2,ultra_150kw,66.8,zaragoza,0,28.84
LZ-EV-001405,9,32.4,rapid_50kw,34.2,barcelona,0,22.84
LZ-EV-001406,21,45.8,slow_7kw,82.2,madrid,0,41.14
LZ-EV-001407,20,41.1,fast_22kw,78.1,murcia,1,38.43
LZ-EV-001408,16,36.2,slow_7kw,55.3,bilbao,0,29.17
LZ-EV-001409,2,32.4,fast_22kw,71.9,valencia,0,36.4
LZ-EV-001410,8,28.1,slow_7kw,50.0,malaga,1,32.03
LZ-EV-001411,6,45.3,ultra_150kw,74.8,sevilla,0,36.55
LZ-EV-001412,18,41.5,fast_22kw,82.1,zaragoza,0,19.34
LZ-EV-001413,7,48.2,fast_22kw,59.5,barcelona,0,30.48
LZ-EV-001414,9,51.8,fast_22kw,64.3,sevilla,1,29.05
LZ-EV-001415,13,50.2,slow_7kw,93.9,malaga,0,44.43
LZ-EV-001416,14,36.3,rapid_50kw,82.7,madrid,0,48.07
LZ-EV-001417,18,46.4,rapid_50kw,71.9,bilbao,0,17.32
LZ-EV-001418,13,21.6,fast_22kw,43.3,malaga,0,32.83
LZ-EV-001419,21,16.7,slow_7kw,30.1,zaragoza,0,24.76
LZ-EV-001420,21,3.4,fast_22kw,88.0,valencia,1,40.29
LZ-EV-001421,1,56.8,slow_7kw,67.4,bilbao,0,23.93
LZ-EV-001422,20,48.9,slow_7kw,91.8,zaragoza,0,31.07
LZ-EV-001423,9,40.3,fast_22kw,88.7,malaga,0,23.06
LZ-EV-001424,20,59.5,slow_7kw,60.1,murcia,1,22.86
LZ-EV-001425,3,58.0,fast_22kw,36.1,malaga,1,13.6
LZ-EV-001426,19,2.0,fast_22kw,54.3,zaragoza,1,49.37
LZ-EV-001427,11,28.2,fast_22kw,28.0,murcia,0,19.18
LZ-EV-001428,0,11.6,slow_7kw,87.1,valencia,0,32.8
LZ-EV-001429,23,24.2,ultra_150kw,39.9,bilbao,1,25.47
LZ-EV-001430,17,34.7,rapid_50kw,53.3,bilbao,0,19.21
LZ-EV-001431,3,27.7,ultra_150kw,50.9,valencia,0,36.26
LZ-EV-001432,11,44.8,slow_7kw,81.4,valencia,0,29.17
LZ-EV-001433,7,39.3,slow_7kw,59.0,bilbao,1,31.17
LZ-EV-001434,11,14.7,slow_7kw,68.0,murcia,0,24.04
LZ-EV-001435,19,25.5,fast_22kw,82.0,madrid,0,43.21
LZ-EV-001436,17,49.9,rapid_50kw,80.4,barcelona,0,38.56
LZ-EV-001437,23,26.3,fast_22kw,79.9,madrid,0,31.4
LZ-EV-001438,18,54.6,ultra_150kw,58.8,sevilla,0,25.17
LZ-EV-001439,22,20.1,rapid_50kw,67.4,murcia,0,25.92
LZ-EV-001440,0,24.0,slow_7kw,43.3,valencia,0,31.31
LZ-EV-001441,5,58.4,rapid_50kw,41.5,zaragoza,0,15.68
LZ-EV-001442,15,35.0,fast_22kw,79.8,valencia,0,35.76
LZ-EV-001443,3,35.4,slow_7kw,59.0,valencia,1,34.58
LZ-EV-001444,3,22.8,slow_7kw,51.2,barcelona,0,34.14
LZ-EV-001445,23,28.9,slow_7kw,47.9,madrid,0,32.53
LZ-EV-001446,4,43.0,slow_7kw,61.0,murcia,0,33.89
LZ-EV-001447,11,43.8,fast_22kw,67.6,barcelona,0,36.33
LZ-EV-001448,7,39.6,slow_7kw,78.8,barcelona,0,31.98
LZ-EV-001449,19,14.8,slow_7kw,52.4,valencia,0,31.64
LZ-EV-001450,9,37.8,fast_22kw,42.4,zaragoza,1,22.28
LZ-EV-001451,2,56.6,slow_7kw,35.8,malaga,0,12.97
LZ-EV-001452,6,25.6,fast_22kw,69.5,malaga,0,25.19
LZ-EV-001453,14,42.6,slow_7kw,86.7,zaragoza,0,43.52
LZ-EV-001454,23,12.9,fast_22kw,73.5,valencia,1,45.92
LZ-EV-001455,8,25.3,fast_22kw,71.2,sevilla,0,20.86
LZ-EV-001456,8,23.8,rapid_50kw,59.3,malaga,0,40.74
LZ-EV-001457,10,38.8,slow_7kw,83.6,madrid,0,28.77
LZ-EV-001458,15,44.2,rapid_50kw,90.6,murcia,0,24.85
LZ-EV-001459,11,30.1,slow_7kw,71.3,madrid,0,23.35
LZ-EV-001460,16,41.4,ultra_150kw,85.3,barcelona,0,31.92
LZ-EV-001461,9,41.5,slow_7kw,76.2,sevilla,1,41.05
LZ-EV-001462,16,26.3,slow_7kw,66.4,murcia,1,22.07
LZ-EV-001463,4,33.8,slow_7kw,59.0,bilbao,0,18.55
LZ-EV-001464,21,18.3,rapid_50kw,37.6,sevilla,0,30.21
LZ-EV-001465,23,47.1,slow_7kw,80.6,bilbao,0,19.13
LZ-EV-001466,18,5.2,slow_7kw,84.6,barcelona,0,26.71
LZ-EV-001467,19,56.3,rapid_50kw,67.0,bilbao,0,16.74
LZ-EV-001468,23,25.1,rapid_50kw,61.9,barcelona,0,29.3
LZ-EV-001469,4,32.2,fast_22kw,74.2,malaga,0,26.7
LZ-EV-001470,21,29.9,rapid_50kw,67.3,bilbao,1,18.39
LZ-EV-001471,10,52.1,rapid_50kw,76.9,bilbao,0,22.99
LZ-EV-001472,19,8.9,slow_7kw,81.8,murcia,0,62.76
LZ-EV-001473,19,14.0,slow_7kw,74.3,sevilla,0,34.95
LZ-EV-001474,12,68.8,fast_22kw,50.9,bilbao,0,14.18
LZ-EV-001475,14,6.2,slow_7kw,85.5,barcelona,1,54.76
LZ-EV-001476,4,47.8,slow_7kw,89.2,zaragoza,0,40.29
LZ-EV-001477,11,56.9,fast_22kw,55.1,murcia,0,22.78
LZ-EV-001478,22,25.8,slow_7kw,74.1,murcia,0,47.22
LZ-EV-001479,23,35.8,ultra_150kw,62.1,bilbao,1,38.55
LZ-EV-001480,4,20.9,rapid_50kw,62.1,barcelona,0,15.91
LZ-EV-001481,4,36.1,fast_22kw,53.9,valencia,1,33.12
LZ-EV-001482,6,21.2,ultra_150kw,74.5,bilbao,0,57.91
LZ-EV-001483,4,9.9,fast_22kw,51.1,valencia,0,27.68
LZ-EV-001484,16,29.8,rapid_50kw,35.4,barcelona,0,23.46
LZ-EV-001485,12,16.9,fast_22kw,70.3,barcelona,0,26.99
LZ-EV-001486,8,64.2,slow_7kw,71.1,barcelona,0,24.59
LZ-EV-001487,22,36.9,fast_22kw,79.5,bilbao,0,43.26
LZ-EV-001488,15,28.3,fast_22kw,55.7,madrid,0,33.54
LZ-EV-001489,21,27.7,slow_7kw,66.2,zaragoza,1,35.13
LZ-EV-001490,9,23.0,fast_22kw,67.0,malaga,1,44.51
LZ-EV-001491,19,32.4,slow_7kw,71.3,sevilla,0,31.89
LZ-EV-001492,4,40.8,rapid_50kw,75.0,zaragoza,0,24.5
LZ-EV-001493,5,56.5,slow_7kw,46.2,valencia,0,17.38
LZ-EV-001494,19,44.0,fast_22kw,28.0,zaragoza,0,16.13
LZ-EV-001495,6,39.8,fast_22kw,40.0,madrid,1,21.9
LZ-EV-001496,23,31.8,rapid_50kw,28.0,barcelona,0,17.65
LZ-EV-001497,5,24.6,slow_7kw,74.8,valencia,0,41.49
LZ-EV-001498,12,48.9,rapid_50kw,58.0,murcia,0,25.4
LZ-EV-001499,9,35.0,slow_7kw,71.1,madrid,1,29.66
LZ-EV-001500,3,17.7,slow_7kw,82.6,madrid,0,59.48
LZ-EV-001501,4,15.0,slow_7kw,53.1,valencia,0,37.91
LZ-EV-001502,19,69.0,slow_7kw,62.8,malaga,1,16.24
LZ-EV-001503,13,5.5,fast_22kw,59.4,madrid,0,46.7
LZ-EV-001504,15,46.9,rapid_50kw,52.9,bilbao,0,13.59
LZ-EV-001505,15,28.5,slow_7kw,73.7,madrid,0,40.12
LZ-EV-001506,13,18.6,slow_7kw,88.7,bilbao,1,62.46
LZ-EV-001507,11,38.5,rapid_50kw,82.2,bilbao,0,18.06
LZ-EV-001508,0,22.2,slow_7kw,32.3,sevilla,0,22.39
LZ-EV-001509,11,27.3,slow_7kw,63.4,zaragoza,0,42.73
LZ-EV-001510,2,2.0,fast_22kw,71.1,zaragoza,1,20.49
LZ-EV-001511,2,2.0,slow_7kw,77.5,barcelona,0,50.77
LZ-EV-001512,3,63.9,ultra_150kw,46.1,barcelona,1,15.25
LZ-EV-001513,7,23.4,slow_7kw,28.0,malaga,0,19.33
LZ-EV-001514,6,38.4,fast_22kw,81.2,sevilla,0,40.74
LZ-EV-001515,13,28.3,fast_22kw,53.3,madrid,1,32.4
LZ-EV-001516,8,21.3,ultra_150kw,31.4,barcelona,0,20.35
LZ-EV-001517,3,13.2,rapid_50kw,57.9,malaga,0,28.01
LZ-EV-001518,9,33.2,fast_22kw,56.9,murcia,0,37.26
LZ-EV-001519,0,80.8,slow_7kw,41.9,malaga,1,7.3
LZ-EV-001520,13,77.4,fast_22kw,102.3,barcelona,1,22.94
LZ-EV-001521,6,47.2,slow_7kw,65.6,barcelona,0,31.46
LZ-EV-001522,2,41.6,fast_22kw,66.7,zaragoza,1,37.94
LZ-EV-001523,13,34.2,fast_22kw,56.6,madrid,1,14.52
LZ-EV-001524,8,28.3,fast_22kw,45.4,bilbao,0,30.1
LZ-EV-001525,8,68.0,fast_22kw,75.0,barcelona,0,20.95
LZ-EV-001526,0,52.3,slow_7kw,61.3,barcelona,1,29.84
LZ-EV-001527,8,36.0,fast_22kw,46.9,barcelona,0,25.31
LZ-EV-001528,1,18.6,slow_7kw,57.2,madrid,0,39.67
LZ-EV-001529,4,24.5,ultra_150kw,65.6,sevilla,0,40.14
LZ-EV-001530,15,30.3,fast_22kw,83.7,sevilla,1,44.14
LZ-EV-001531,19,48.9,slow_7kw,87.0,bilbao,1,34.47
LZ-EV-001532,16,31.5,fast_22kw,34.9,murcia,1,21.36
LZ-EV-001533,8,51.9,slow_7kw,75.1,sevilla,1,30.73
LZ-EV-001534,14,2.0,fast_22kw,55.4,bilbao,1,42.44
LZ-EV-001535,22,89.5,slow_7kw,58.3,bilbao,1,5.86
LZ-EV-001536,2,27.9,slow_7kw,80.9,sevilla,1,54.91
LZ-EV-001537,19,60.7,fast_22kw,51.8,valencia,0,18.14
LZ-EV-001538,14,54.0,rapid_50kw,69.6,bilbao,0,24.92
LZ-EV-001539,14,33.5,slow_7kw,94.8,murcia,0,44.81
LZ-EV-001540,18,73.6,ultra_150kw,54.8,bilbao,0,13.51
LZ-EV-001541,8,18.3,fast_22kw,31.3,murcia,1,23.46
LZ-EV-001542,15,76.7,slow_7kw,71.8,sevilla,0,15.95
LZ-EV-001543,23,25.9,rapid_50kw,62.4,zaragoza,1,23.44
LZ-EV-001544,1,46.1,slow_7kw,74.0,madrid,0,22.11
LZ-EV-001545,6,63.9,slow_7kw,54.9,madrid,1,16.59
LZ-EV-001546,20,20.3,ultra_150kw,82.8,bilbao,0,60.05
LZ-EV-001547,12,46.3,fast_22kw,78.4,bilbao,1,39.85
LZ-EV-001548,22,47.7,rapid_50kw,41.6,barcelona,0,19.69
LZ-EV-001549,16,50.5,fast_22kw,29.3,zaragoza,0,12.79
LZ-EV-001550,7,65.2,slow_7kw,48.1,valencia,0,14.55
LZ-EV-001551,2,2.9,slow_7kw,54.5,sevilla,0,41.06
LZ-EV-001552,3,70.9,slow_7kw,74.6,bilbao,0,20.02
LZ-EV-001553,18,77.0,slow_7kw,73.3,murcia,1,17.75
LZ-EV-001554,1,67.2,slow_7kw,76.1,bilbao,0,26.74
LZ-EV-001555,12,41.1,slow_7kw,48.9,madrid,0,25.73
LZ-EV-001556,22,45.7,rapid_50kw,53.7,madrid,1,27.06
LZ-EV-001557,4,48.2,ultra_150kw,58.0,bilbao,0,30.31
LZ-EV-001558,13,29.6,fast_22kw,76.6,zaragoza,1,20.03
LZ-EV-001559,5,3.7,fast_22kw,51.0,madrid,1,44.43
LZ-EV-001560,6,35.0,fast_22kw,42.9,sevilla,0,22.53
LZ-EV-001561,14,32.0,fast_22kw,44.4,barcelona,1,25.86
LZ-EV-001562,14,44.8,slow_7kw,53.1,barcelona,0,26.41
LZ-EV-001563,20,55.5,fast_22kw,46.2,sevilla,1,19.8
LZ-EV-001564,15,54.2,ultra_150kw,77.5,zaragoza,1,32.62
LZ-EV-001565,17,46.6,rapid_50kw,45.2,bilbao,0,15.7
LZ-EV-001566,21,24.3,slow_7kw,76.0,valencia,0,52.61
LZ-EV-001567,21,43.2,rapid_50kw,54.7,murcia,0,26.1
LZ-EV-001568,4,39.7,slow_7kw,58.3,malaga,0,28.28
LZ-EV-001569,14,61.0,fast_22kw,37.9,malaga,0,13.73
LZ-EV-001570,13,22.0,slow_7kw,43.8,malaga,1,26.84
LZ-EV-001571,8,63.2,rapid_50kw,28.9,murcia,1,9.68
LZ-EV-001572,2,34.5,fast_22kw,83.6,sevilla,0,42.01
LZ-EV-001573,19,47.0,fast_22kw,28.0,valencia,0,15.06
LZ-EV-001574,17,30.8,fast_22kw,58.5,sevilla,0,31.5
LZ-EV-001575,3,41.4,slow_7kw,30.6,zaragoza,1,15.69
LZ-EV-001576,1,50.0,slow_7kw,53.1,barcelona,0,25.95
LZ-EV-001577,20,29.2,rapid_50kw,65.3,zaragoza,0,46.47
LZ-EV-001578,15,2.0,rapid_50kw,57.2,bilbao,1,49.84
LZ-EV-001579,10,38.1,slow_7kw,63.1,zaragoza,1,37.4
LZ-EV-001580,17,29.9,rapid_50kw,70.0,zaragoza,0,8.73
LZ-EV-001581,3,66.3,fast_22kw,62.1,valencia,0,17.99
LZ-EV-001582,9,58.5,fast_22kw,104.0,murcia,0,33.46
LZ-EV-001583,14,23.4,fast_22kw,53.2,murcia,0,35.09
LZ-EV-001584,5,16.8,fast_22kw,43.1,bilbao,0,23.48
LZ-EV-001585,9,47.2,fast_22kw,76.5,zaragoza,1,36.14
LZ-EV-001586,0,64.1,ultra_150kw,40.4,madrid,1,12.31
LZ-EV-001587,11,43.8,slow_7kw,75.1,murcia,0,46.65
LZ-EV-001588,12,44.4,fast_22kw,65.2,valencia,0,34.36
LZ-EV-001589,17,43.2,fast_22kw,51.1,bilbao,0,26.59
LZ-EV-001590,11,68.1,fast_22kw,60.8,sevilla,0,19.18
LZ-EV-001591,13,24.5,slow_7kw,68.6,sevilla,1,52.57
LZ-EV-001592,7,34.0,fast_22kw,89.0,malaga,0,53.53
LZ-EV-001593,0,33.4,slow_7kw,61.1,malaga,1,31.08
LZ-EV-001594,6,10.6,rapid_50kw,74.1,murcia,0,18.91
LZ-EV-001595,15,30.8,rapid_50kw,55.4,murcia,1,21.62
LZ-EV-001596,14,63.8,slow_7kw,88.6,bilbao,0,26.58
LZ-EV-001597,12,34.0,fast_22kw,52.7,murcia,0,34.75
LZ-EV-001598,5,58.6,rapid_50kw,65.7,bilbao,0,13.81
LZ-EV-001599,8,52.6,fast_22kw,84.1,sevilla,0,34.84
LZ-EV-001600,14,25.0,ultra_150kw,53.6,murcia,0,32.38
LZ-EV-001601,12,18.1,rapid_50kw,94.3,malaga,0,14.63
LZ-EV-001602,2,52.8,slow_7kw,58.5,bilbao,1,23.47
LZ-EV-001603,23,40.9,slow_7kw,30.9,malaga,0,16.51
LZ-EV-001604,2,27.2,ultra_150kw,55.6,madrid,0,20.41
LZ-EV-001605,2,67.2,slow_7kw,54.1,murcia,0,16.63
LZ-EV-001606,6,35.2,slow_7kw,66.9,malaga,0,40.02
LZ-EV-001607,19,34.0,fast_22kw,68.9,murcia,1,33.31
LZ-EV-001608,0,37.6,fast_22kw,60.4,valencia,0,34.93
LZ-EV-001609,20,47.3,slow_7kw,44.1,zaragoza,0,21.1
LZ-EV-001610,21,9.2,fast_22kw,50.5,malaga,0,38.06
LZ-EV-001611,1,12.0,rapid_50kw,62.4,murcia,0,26.13
LZ-EV-001612,3,34.8,fast_22kw,46.4,zaragoza,0,25.93
LZ-EV-001613,8,47.4,ultra_150kw,89.5,barcelona,1,36.5
LZ-EV-001614,22,26.0,fast_22kw,52.2,sevilla,0,34.2
LZ-EV-001615,14,41.6,slow_7kw,56.9,madrid,0,32.05
LZ-EV-001616,9,24.5,rapid_50kw,47.9,valencia,0,18.1
LZ-EV-001617,22,90.0,fast_22kw,28.0,zaragoza,1,2.47
LZ-EV-001618,11,38.6,slow_7kw,63.1,murcia,1,34.6
LZ-EV-001619,9,41.0,fast_22kw,75.2,zaragoza,1,27.67
LZ-EV-001620,5,45.5,slow_7kw,83.6,bilbao,0,38.8
LZ-EV-001621,17,50.5,fast_22kw,71.0,madrid,0,29.83
LZ-EV-001622,7,30.9,fast_22kw,91.8,madrid,0,39.86
LZ-EV-001623,5,47.4,rapid_50kw,67.2,madrid,0,33.06
LZ-EV-001624,7,50.7,slow_7kw,44.0,sevilla,0,22.07
LZ-EV-001625,5,22.7,slow_7kw,66.6,zaragoza,0,49.46
LZ-EV-001626,12,79.7,slow_7kw,87.5,murcia,0,16.99
LZ-EV-001627,20,11.9,rapid_50kw,46.4,barcelona,0,30.89
LZ-EV-001628,4,44.2,fast_22kw,74.8,murcia,0,37.87
LZ-EV-001629,19,49.5,fast_22kw,66.2,malaga,0,29.97
LZ-EV-001630,13,15.2,rapid_50kw,50.4,murcia,0,37.13
LZ-EV-001631,1,53.7,rapid_50kw,38.0,bilbao,0,16.16
LZ-EV-001632,20,68.0,slow_7kw,35.4,murcia,0,10.93
LZ-EV-001633,12,53.4,slow_7kw,73.2,zaragoza,1,29.17
LZ-EV-001634,5,30.5,slow_7kw,77.2,barcelona,0,44.57
LZ-EV-001635,3,28.7,slow_7kw,40.1,bilbao,1,27.8
LZ-EV-001636,13,45.2,slow_7kw,52.4,madrid,0,28.49
LZ-EV-001637,6,23.9,fast_22kw,56.6,zaragoza,0,39.46
LZ-EV-001638,19,16.9,rapid_50kw,69.3,zaragoza,0,25.6
LZ-EV-001639,20,36.7,slow_7kw,83.9,madrid,0,36.03
LZ-EV-001640,9,2.0,slow_7kw,32.7,zaragoza,0,31.11
LZ-EV-001641,20,56.5,fast_22kw,59.2,barcelona,0,25.75
LZ-EV-001642,16,26.4,slow_7kw,38.9,barcelona,1,27.14
LZ-EV-001643,11,70.5,fast_22kw,76.3,madrid,0,23.54
LZ-EV-001644,14,2.0,slow_7kw,77.8,barcelona,0,26.16
LZ-EV-001645,13,46.1,fast_22kw,35.3,bilbao,1,17.53
LZ-EV-001646,8,6.7,fast_22kw,32.6,sevilla,1,27.81
LZ-EV-001647,13,42.7,ultra_150kw,78.8,zaragoza,0,37.68
LZ-EV-001648,7,4.5,rapid_50kw,65.6,murcia,1,26.92
LZ-EV-001649,11,22.9,slow_7kw,49.1,zaragoza,0,25.13
LZ-EV-001650,21,31.1,slow_7kw,57.5,malaga,0,37.55
LZ-EV-001651,13,23.3,slow_7kw,44.1,murcia,0,31.53
LZ-EV-001652,23,54.7,slow_7kw,53.5,murcia,0,19.67
LZ-EV-001653,11,52.1,fast_22kw,83.7,zaragoza,0,30.34
LZ-EV-001654,19,20.9,ultra_150kw,76.4,zaragoza,0,35.82
LZ-EV-001655,1,22.8,rapid_50kw,70.3,barcelona,1,36.96
LZ-EV-001656,5,15.1,rapid_50kw,50.6,sevilla,0,34.51
LZ-EV-001657,7,66.7,slow_7kw,34.0,bilbao,1,10.13
LZ-EV-001658,6,17.6,ultra_150kw,59.4,bilbao,0,41.34
LZ-EV-001659,14,60.1,slow_7kw,65.9,sevilla,0,24.53
LZ-EV-001660,12,66.3,fast_22kw,70.7,bilbao,0,20.72
LZ-EV-001661,10,39.7,fast_22kw,64.3,barcelona,0,39.41
LZ-EV-001662,12,9.4,rapid_50kw,56.6,madrid,0,42.25
LZ-EV-001663,17,29.7,rapid_50kw,59.2,valencia,1,24.59
LZ-EV-001664,4,24.2,fast_22kw,64.3,barcelona,0,44.42
LZ-EV-001665,20,56.4,slow_7kw,62.0,bilbao,0,26.75
LZ-EV-001666,15,70.0,rapid_50kw,66.5,malaga,1,19.93
LZ-EV-001667,11,66.4,fast_22kw,67.8,madrid,0,20.55
LZ-EV-001668,7,29.0,rapid_50kw,71.7,barcelona,1,23.1
LZ-EV-001669,3,60.5,slow_7kw,75.3,malaga,0,25.46
LZ-EV-001670,12,38.5,ultra_150kw,73.6,malaga,1,38.23
LZ-EV-001671,23,33.9,fast_22kw,50.7,bilbao,0,21.58
LZ-EV-001672,21,45.2,ultra_150kw,68.0,malaga,1,35.01
LZ-EV-001673,3,34.4,slow_7kw,68.7,murcia,0,22.76
LZ-EV-001674,19,33.4,fast_22kw,28.0,sevilla,0,16.66
LZ-EV-001675,8,27.8,fast_22kw,69.3,madrid,0,47.06
LZ-EV-001676,16,17.9,fast_22kw,54.9,bilbao,0,32.74
LZ-EV-001677,10,43.2,fast_22kw,67.9,malaga,0,34.49
LZ-EV-001678,11,12.3,slow_7kw,51.1,valencia,1,42.67
LZ-EV-001679,6,20.3,slow_7kw,62.8,sevilla,0,36.4
LZ-EV-001680,1,51.9,slow_7kw,90.2,malaga,0,38.89
LZ-EV-001681,20,37.0,rapid_50kw,59.8,sevilla,1,14.8
LZ-EV-001682,12,36.9,slow_7kw,78.4,valencia,0,30.33
LZ-EV-001683,0,45.6,rapid_50kw,54.7,sevilla,0,26.82
LZ-EV-001684,3,21.3,rapid_50kw,71.3,zaragoza,1,36.13
LZ-EV-001685,11,58.4,slow_7kw,63.7,murcia,0,27.87
LZ-EV-001686,15,37.3,slow_7kw,38.1,malaga,0,20.68
LZ-EV-001687,2,57.9,fast_22kw,59.7,malaga,0,24.71
LZ-EV-001688,14,45.5,rapid_50kw,43.1,madrid,0,21.01
LZ-EV-001689,3,54.8,fast_22kw,43.1,valencia,0,17.13
LZ-EV-001690,1,43.2,slow_7kw,50.6,murcia,1,27.17
LZ-EV-001691,11,2.0,slow_7kw,78.9,barcelona,0,38.27
LZ-EV-001692,22,47.1,slow_7kw,83.2,malaga,1,36.2
LZ-EV-001693,17,63.1,fast_22kw,63.6,bilbao,1,21.93
LZ-EV-001694,15,65.4,ultra_150kw,71.0,murcia,1,23.28
LZ-EV-001695,6,34.1,fast_22kw,89.7,valencia,0,59.23
LZ-EV-001696,22,45.6,fast_22kw,75.3,zaragoza,0,39.82
LZ-EV-001697,23,26.0,ultra_150kw,52.9,madrid,1,30.24
LZ-EV-001698,15,53.4,slow_7kw,65.0,madrid,0,28.31
LZ-EV-001699,1,21.3,slow_7kw,68.8,barcelona,0,27.65
LZ-EV-001700,15,2.0,slow_7kw,68.8,valencia,0,38.74
LZ-EV-001701,5,18.7,fast_22kw,77.0,barcelona,1,55.45
LZ-EV-001702,1,43.4,rapid_50kw,87.9,sevilla,0,26.96
LZ-EV-001703,6,44.7,fast_22kw,87.8,malaga,0,45.87
LZ-EV-001704,12,37.9,fast_22kw,83.7,sevilla,0,46.35
LZ-EV-001705,3,37.0,slow_7kw,76.6,madrid,1,24.96
LZ-EV-001706,13,19.9,fast_22kw,53.7,valencia,1,23.5
LZ-EV-001707,21,27.1,rapid_50kw,79.1,bilbao,0,23.72
LZ-EV-001708,22,74.8,slow_7kw,67.6,valencia,0,14.87
LZ-EV-001709,22,73.2,ultra_150kw,92.8,malaga,0,23.61
LZ-EV-001710,17,46.2,slow_7kw,59.3,valencia,1,29.21
LZ-EV-001711,6,20.8,fast_22kw,46.2,barcelona,0,32.58
LZ-EV-001712,19,43.5,rapid_50kw,68.2,malaga,0,32.18
LZ-EV-001713,21,45.5,slow_7kw,63.7,zaragoza,0,31.13
LZ-EV-001714,14,29.7,rapid_50kw,54.8,valencia,0,26.84
LZ-EV-001715,13,15.6,fast_22kw,67.6,madrid,0,30.32
LZ-EV-001716,8,42.9,fast_22kw,65.6,malaga,0,35.81
LZ-EV-001717,8,43.3,fast_22kw,91.0,zaragoza,0,49.64
LZ-EV-001718,20,38.3,rapid_50kw,68.1,bilbao,0,27.84
LZ-EV-001719,12,45.0,fast_22kw,56.1,zaragoza,1,29.15
LZ-EV-001720,23,48.3,fast_22kw,82.7,barcelona,0,39.13
LZ-EV-001721,13,2.0,ultra_150kw,60.1,bilbao,0,37.81
LZ-EV-001722,16,32.6,slow_7kw,50.1,barcelona,0,23.88
LZ-EV-001723,10,28.8,fast_22kw,28.0,bilbao,0,17.57
LZ-EV-001724,16,37.9,fast_22kw,60.7,bilbao,0,33.48
LZ-EV-001725,9,32.5,fast_22kw,55.2,malaga,1,19.21
LZ-EV-001726,19,49.2,rapid_50kw,66.9,madrid,0,15.83
LZ-EV-001727,23,53.2,slow_7kw,51.3,murcia,0,21.47
LZ-EV-001728,21,30.3,ultra_150kw,65.9,malaga,0,46.35
LZ-EV-001729,5,16.9,rapid_50kw,64.3,zaragoza,0,32.02
LZ-EV-001730,3,54.9,slow_7kw,75.3,madrid,0,29.7
LZ-EV-001731,8,7.6,slow_7kw,72.5,bilbao,0,14.05
LZ-EV-001732,14,32.8,fast_22kw,68.1,zaragoza,0,37.76
LZ-EV-001733,21,42.9,slow_7kw,63.2,malaga,0,21.53
LZ-EV-001734,8,45.8,slow_7kw,77.5,barcelona,0,30.08
LZ-EV-001735,16,36.0,fast_22kw,60.2,malaga,0,33.74
LZ-EV-001736,10,46.1,slow_7kw,61.1,valencia,0,30.26
LZ-EV-001737,6,2.0,fast_22kw,93.1,valencia,0,37.3
LZ-EV-001738,9,69.9,fast_22kw,45.3,malaga,0,12.33
LZ-EV-001739,14,36.2,rapid_50kw,83.4,zaragoza,1,32.94
LZ-EV-001740,13,37.4,fast_22kw,48.8,bilbao,0,27.65
LZ-EV-001741,13,20.9,slow_7kw,70.9,zaragoza,1,31.93
LZ-EV-001742,22,45.2,fast_22kw,50.6,malaga,0,24.73
LZ-EV-001743,19,24.0,slow_7kw,63.5,zaragoza,0,15.9
LZ-EV-001744,5,36.4,slow_7kw,52.7,sevilla,1,31.07
LZ-EV-001745,22,26.6,slow_7kw,70.9,sevilla,0,40.4
LZ-EV-001746,20,25.5,slow_7kw,63.2,madrid,0,41.86
LZ-EV-001747,19,37.0,slow_7kw,57.2,valencia,0,27.32
LZ-EV-001748,13,35.6,slow_7kw,37.1,valencia,0,21.36
LZ-EV-001749,10,23.8,slow_7kw,71.5,bilbao,0,33.39
LZ-EV-001750,10,29.4,rapid_50kw,60.2,madrid,0,22.28
LZ-EV-001751,4,33.7,fast_22kw,71.1,bilbao,0,39.75
LZ-EV-001752,2,32.5,slow_7kw,98.7,malaga,0,29.6
LZ-EV-001753,6,13.2,rapid_50kw,67.6,valencia,1,25.35
LZ-EV-001754,7,25.4,slow_7kw,61.2,sevilla,1,28.15
LZ-EV-001755,0,63.1,slow_7kw,58.1,sevilla,0,21.07
LZ-EV-001756,22,2.0,rapid_50kw,28.0,madrid,0,26.28
LZ-EV-001757,7,29.8,slow_7kw,88.8,zaragoza,0,62.0
LZ-EV-001758,18,31.4,slow_7kw,50.6,sevilla,0,34.26
LZ-EV-001759,20,39.1,slow_7kw,62.4,malaga,0,36.17
LZ-EV-001760,7,9.2,fast_22kw,65.3,bilbao,1,31.62
LZ-EV-001761,8,19.9,rapid_50kw,77.1,madrid,0,24.06
LZ-EV-001762,18,28.3,rapid_50kw,62.2,malaga,0,26.85
LZ-EV-001763,14,46.2,ultra_150kw,77.3,barcelona,0,35.04
LZ-EV-001764,11,8.6,rapid_50kw,50.7,valencia,0,43.68
LZ-EV-001765,13,40.6,ultra_150kw,60.8,barcelona,0,36.88
LZ-EV-001766,23,61.0,fast_22kw,57.2,murcia,1,19.24
LZ-EV-001767,3,45.4,fast_22kw,98.7,barcelona,0,45.03
LZ-EV-001768,21,58.3,slow_7kw,42.8,bilbao,0,16.88
LZ-EV-001769,0,44.4,slow_7kw,61.4,madrid,0,24.99
LZ-EV-001770,10,58.8,fast_22kw,55.0,bilbao,1,19.63
LZ-EV-001771,6,37.2,rapid_50kw,67.7,madrid,0,34.75
LZ-EV-001772,8,18.2,ultra_150kw,75.1,valencia,1,35.28
LZ-EV-001773,1,36.7,fast_22kw,91.0,madrid,1,42.06
LZ-EV-001774,14,30.5,fast_22kw,56.0,valencia,0,36.69
LZ-EV-001775,19,51.7,rapid_50kw,65.4,murcia,0,29.91
LZ-EV-001776,13,72.1,rapid_50kw,73.7,sevilla,0,19.12
LZ-EV-001777,16,47.7,fast_22kw,59.9,barcelona,0,26.64
LZ-EV-001778,14,54.2,ultra_150kw,60.3,madrid,0,24.29
LZ-EV-001779,11,13.3,fast_22kw,73.6,murcia,1,43.21
LZ-EV-001780,16,57.6,rapid_50kw,67.1,valencia,1,27.67
LZ-EV-001781,12,59.0,fast_22kw,90.3,malaga,0,29.0
LZ-EV-001782,9,53.2,fast_22kw,54.2,zaragoza,0,24.14
LZ-EV-001783,15,19.0,fast_22kw,75.3,madrid,0,25.84
LZ-EV-001784,12,32.1,fast_22kw,55.0,bilbao,0,33.1
LZ-EV-001785,17,30.8,rapid_50kw,54.6,sevilla,0,23.07
LZ-EV-001786,0,51.1,slow_7kw,28.0,malaga,0,12.86
LZ-EV-001787,9,15.2,slow_7kw,79.3,barcelona,0,25.43
LZ-EV-001788,19,36.8,slow_7kw,53.4,sevilla,0,27.88
LZ-EV-001789,23,40.1,rapid_50kw,70.7,madrid,0,25.23
LZ-EV-001790,12,22.4,fast_22kw,53.4,madrid,0,37.28
LZ-EV-001791,9,32.7,ultra_150kw,62.1,zaragoza,0,42.46
LZ-EV-001792,8,40.0,slow_7kw,72.0,barcelona,0,31.83
LZ-EV-001793,5,38.3,slow_7kw,73.6,sevilla,0,41.84
LZ-EV-001794,15,46.5,fast_22kw,81.6,sevilla,0,44.09
LZ-EV-001795,21,79.1,fast_22kw,78.1,barcelona,0,15.07
LZ-EV-001796,17,19.5,rapid_50kw,65.8,sevilla,1,21.82
LZ-EV-001797,17,36.3,ultra_150kw,53.0,barcelona,0,32.87
LZ-EV-001798,2,49.0,slow_7kw,39.4,barcelona,1,18.12
LZ-EV-001799,15,26.5,slow_7kw,50.2,madrid,0,35.35
LZ-EV-001800,20,87.3,fast_22kw,63.9,murcia,0,7.84
LZ-EV-001801,1,43.0,fast_22kw,72.2,barcelona,0,39.0
LZ-EV-001802,5,33.0,ultra_150kw,47.1,madrid,0,30.36
LZ-EV-001803,17,46.3,slow_7kw,91.5,bilbao,0,29.01
LZ-EV-001804,18,37.2,ultra_150kw,40.6,murcia,0,24.4
LZ-EV-001805,22,40.4,rapid_50kw,44.5,malaga,0,24.48
LZ-EV-001806,7,40.4,fast_22kw,50.4,murcia,0,27.83
LZ-EV-001807,4,55.0,rapid_50kw,62.1,murcia,0,23.77
LZ-EV-001808,4,31.9,fast_22kw,59.1,valencia,1,33.37
LZ-EV-001809,3,64.4,rapid_50kw,95.6,madrid,0,15.24
LZ-EV-001810,23,24.9,fast_22kw,40.2,malaga,1,29.7
LZ-EV-001811,8,56.0,slow_7kw,75.1,valencia,0,28.15
LZ-EV-001812,11,46.2,fast_22kw,73.2,valencia,0,37.39
LZ-EV-001813,11,9.3,slow_7kw,48.6,zaragoza,0,27.17
LZ-EV-001814,20,54.9,rapid_50kw,81.3,zaragoza,1,33.87
LZ-EV-001815,10,38.5,rapid_50kw,54.6,bilbao,1,29.98
LZ-EV-001816,6,41.0,rapid_50kw,76.7,madrid,0,34.47
LZ-EV-001817,20,37.0,slow_7kw,63.1,murcia,1,28.05
LZ-EV-001818,10,13.3,rapid_50kw,44.6,barcelona,0,33.49
LZ-EV-001819,22,41.2,slow_7kw,66.7,murcia,0,25.1
LZ-EV-001820,23,35.1,fast_22kw,48.0,sevilla,0,24.33
LZ-EV-001821,0,57.5,fast_22kw,55.4,murcia,1,23.02
LZ-EV-001822,1,72.0,rapid_50kw,58.2,bilbao,0,15.92
LZ-EV-001823,16,50.9,fast_22kw,73.2,malaga,0,29.31
LZ-EV-001824,8,49.1,fast_22kw,40.6,murcia,1,17.92
LZ-EV-001825,14,29.9,slow_7kw,48.5,murcia,0,30.52
LZ-EV-001826,15,33.0,slow_7kw,55.8,zaragoza,0,20.17
LZ-EV-001827,23,36.3,rapid_50kw,50.2,barcelona,1,24.26
LZ-EV-001828,20,30.1,rapid_50kw,72.1,madrid,0,30.86
LZ-EV-001829,1,87.1,fast_22kw,78.6,barcelona,0,8.66
LZ-EV-001830,3,21.0,rapid_50kw,83.6,valencia,0,21.35
LZ-EV-001831,4,54.5,fast_22kw,74.7,bilbao,0,32.0
LZ-EV-001832,11,63.7,fast_22kw,62.1,bilbao,0,19.97
LZ-EV-001833,4,54.0,rapid_50kw,58.3,malaga,0,26.24
LZ-EV-001834,17,32.9,slow_7kw,52.0,murcia,0,30.83
LZ-EV-001835,10,2.0,fast_22kw,41.5,bilbao,0,29.49
LZ-EV-001836,1,27.8,rapid_50kw,81.3,malaga,0,14.46
LZ-EV-001837,17,9.5,fast_22kw,45.6,sevilla,0,37.98
LZ-EV-001838,4,62.4,fast_22kw,66.9,zaragoza,0,24.06
LZ-EV-001839,5,38.2,slow_7kw,33.7,bilbao,1,20.75
LZ-EV-001840,21,29.0,fast_22kw,54.1,zaragoza,1,34.12
LZ-EV-001841,4,36.5,slow_7kw,63.4,zaragoza,0,37.25
LZ-EV-001842,3,54.0,slow_7kw,75.2,sevilla,1,31.85
LZ-EV-001843,6,58.1,fast_22kw,37.2,madrid,1,15.35
LZ-EV-001844,21,15.5,slow_7kw,62.0,bilbao,0,37.43
LZ-EV-001845,8,31.8,rapid_50kw,57.2,barcelona,0,27.18
LZ-EV-001846,6,50.7,fast_22kw,58.0,sevilla,0,26.29
LZ-EV-001847,18,33.2,fast_22kw,60.2,bilbao,1,25.83
LZ-EV-001848,6,53.9,slow_7kw,61.6,murcia,1,28.44
LZ-EV-001849,19,12.8,slow_7kw,61.9,madrid,0,30.24
LZ-EV-001850,7,42.3,ultra_150kw,43.4,murcia,0,21.07
LZ-EV-001851,8,77.1,fast_22kw,64.0,murcia,0,15.03
LZ-EV-001852,4,38.5,rapid_50kw,75.6,bilbao,1,21.96
LZ-EV-001853,1,32.2,fast_22kw,56.1,sevilla,0,35.39
LZ-EV-001854,22,49.4,rapid_50kw,69.6,bilbao,1,28.7
LZ-EV-001855,8,51.3,ultra_150kw,69.7,madrid,0,31.26
LZ-EV-001856,14,51.3,fast_22kw,60.0,valencia,0,26.21
LZ-EV-001857,9,13.8,fast_22kw,61.7,madrid,1,50.31
LZ-EV-001858,19,39.9,slow_7kw,64.0,murcia,1,32.3
LZ-EV-001859,10,55.0,slow_7kw,76.8,zaragoza,1,29.12
LZ-EV-001860,9,32.3,fast_22kw,48.2,murcia,1,30.08
LZ-EV-001861,23,46.7,slow_7kw,46.3,murcia,0,23.65
LZ-EV-001862,11,29.4,slow_7kw,60.6,malaga,0,27.58
LZ-EV-001863,2,33.0,ultra_150kw,58.6,bilbao,0,34.24
LZ-EV-001864,16,44.3,ultra_150kw,98.2,zaragoza,0,42.02
LZ-EV-001865,11,7.5,slow_7kw,54.4,madrid,0,39.19
LZ-EV-001866,14,70.2,rapid_50kw,62.7,valencia,0,18.85
LZ-EV-001867,7,48.3,rapid_50kw,62.6,sevilla,0,14.41
LZ-EV-001868,18,39.6,slow_7kw,65.6,valencia,0,41.46
LZ-EV-001869,15,68.9,fast_22kw,71.1,malaga,0,21.37
LZ-EV-001870,0,64.4,slow_7kw,49.7,barcelona,0,16.26
LZ-EV-001871,9,23.2,slow_7kw,66.2,madrid,0,44.95
LZ-EV-001872,13,15.0,fast_22kw,80.5,sevilla,0,29.33
LZ-EV-001873,5,16.4,fast_22kw,56.1,zaragoza,0,27.79
LZ-EV-001874,15,27.9,slow_7kw,90.0,madrid,0,37.39
LZ-EV-001875,15,40.4,fast_22kw,52.7,madrid,1,28.48
LZ-EV-001876,11,30.4,fast_22kw,59.2,valencia,0,35.59
LZ-EV-001877,0,46.4,slow_7kw,73.7,malaga,0,35.97
LZ-EV-001878,16,9.3,slow_7kw,82.0,murcia,0,58.44
LZ-EV-001879,10,30.6,slow_7kw,64.0,valencia,1,45.85
LZ-EV-001880,5,74.7,rapid_50kw,40.6,sevilla,0,9.42
LZ-EV-001881,14,15.1,slow_7kw,50.4,sevilla,0,31.17
LZ-EV-001882,11,39.1,fast_22kw,52.6,bilbao,0,34.25
LZ-EV-001883,18,16.0,slow_7kw,46.5,barcelona,0,32.8
LZ-EV-001884,17,22.5,fast_22kw,56.5,murcia,0,17.46
LZ-EV-001885,18,68.9,ultra_150kw,58.9,bilbao,0,17.06
LZ-EV-001886,18,32.2,rapid_50kw,38.5,bilbao,0,19.5
LZ-EV-001887,14,23.5,fast_22kw,46.2,valencia,0,25.42
LZ-EV-001888,0,43.3,fast_22kw,41.6,barcelona,0,22.83
LZ-EV-001889,1,55.1,fast_22kw,72.0,madrid,0,26.56
LZ-EV-001890,22,34.0,ultra_150kw,71.2,malaga,1,42.45
LZ-EV-001891,21,14.2,slow_7kw,60.6,zaragoza,0,30.31
LZ-EV-001892,15,66.9,fast_22kw,81.4,barcelona,0,26.63
LZ-EV-001893,17,50.3,rapid_50kw,53.8,barcelona,1,25.76
LZ-EV-001894,6,29.1,fast_22kw,61.8,sevilla,0,39.15
LZ-EV-001895,2,63.3,slow_7kw,51.4,madrid,1,17.38
LZ-EV-001896,14,24.0,slow_7kw,49.0,sevilla,0,32.69
LZ-EV-001897,13,50.1,rapid_50kw,51.1,valencia,0,22.32
LZ-EV-001898,16,12.9,fast_22kw,49.3,murcia,0,27.37
LZ-EV-001899,17,75.5,fast_22kw,30.1,valencia,1,7.19
LZ-EV-001900,19,84.6,rapid_50kw,58.8,malaga,1,8.49
LZ-EV-001901,2,7.3,rapid_50kw,43.9,madrid,0,24.02
LZ-EV-001902,19,34.4,slow_7kw,86.3,valencia,0,37.4
LZ-EV-001903,23,37.6,slow_7kw,71.5,barcelona,1,39.61
LZ-EV-001904,12,46.5,ultra_150kw,71.1,valencia,0,37.25
LZ-EV-001905,4,44.7,rapid_50kw,45.5,valencia,0,22.22
LZ-EV-001906,8,49.6,fast_22kw,85.3,barcelona,0,37.33
LZ-EV-001907,21,59.5,rapid_50kw,59.5,malaga,0,25.37
LZ-EV-001908,19,9.2,rapid_50kw,64.1,malaga,0,21.78
LZ-EV-001909,13,49.9,slow_7kw,49.1,zaragoza,1,23.85
LZ-EV-001910,3,41.8,slow_7kw,63.7,valencia,0,15.78
LZ-EV-001911,15,41.8,rapid_50kw,55.3,murcia,1,31.11
LZ-EV-001912,16,20.5,slow_7kw,64.6,bilbao,1,43.22
LZ-EV-001913,9,19.6,fast_22kw,70.6,barcelona,0,22.47
LZ-EV-001914,16,49.1,slow_7kw,73.3,madrid,0,34.31
LZ-EV-001915,17,41.0,slow_7kw,45.4,barcelona,0,23.47
LZ-EV-001916,12,6.5,slow_7kw,48.0,valencia,0,24.7
LZ-EV-001917,3,19.0,ultra_150kw,57.8,zaragoza,1,40.5
LZ-EV-001918,20,43.7,rapid_50kw,38.3,madrid,1,20.26
LZ-EV-001919,7,37.7,fast_22kw,45.2,sevilla,0,23.19
LZ-EV-001920,21,44.0,fast_22kw,55.7,sevilla,0,30.86
LZ-EV-001921,11,34.4,slow_7kw,71.3,zaragoza,1,28.89
LZ-EV-001922,22,54.2,slow_7kw,67.4,murcia,0,26.78
LZ-EV-001923,16,42.1,fast_22kw,70.2,malaga,1,21.67
LZ-EV-001924,23,40.1,fast_22kw,61.5,madrid,1,35.75
LZ-EV-001925,16,11.7,ultra_150kw,43.0,malaga,0,35.68
LZ-EV-001926,3,51.3,slow_7kw,47.3,sevilla,0,19.77
LZ-EV-001927,1,62.8,rapid_50kw,69.7,sevilla,0,24.35
LZ-EV-001928,10,25.7,fast_22kw,45.0,sevilla,1,31.71
LZ-EV-001929,23,31.4,slow_7kw,66.8,madrid,0,26.95
LZ-EV-001930,18,48.8,fast_22kw,69.0,murcia,1,21.33
LZ-EV-001931,1,58.4,slow_7kw,74.1,malaga,1,24.82
LZ-EV-001932,19,24.5,fast_22kw,65.4,malaga,0,43.25
LZ-EV-001933,20,43.5,slow_7kw,50.0,madrid,1,25.89
LZ-EV-001934,18,37.8,fast_22kw,69.6,murcia,0,39.65
LZ-EV-001935,1,48.0,rapid_50kw,60.1,barcelona,1,27.85
LZ-EV-001936,1,71.4,fast_22kw,58.5,malaga,0,14.0
LZ-EV-001937,21,28.6,slow_7kw,39.8,zaragoza,1,29.78
LZ-EV-001938,3,7.0,fast_22kw,48.5,sevilla,1,31.52
LZ-EV-001939,8,36.2,fast_22kw,44.5,bilbao,0,26.56
LZ-EV-001940,19,43.8,fast_22kw,37.0,zaragoza,1,18.37
LZ-EV-001941,18,45.1,ultra_150kw,46.0,valencia,0,21.73
LZ-EV-001942,4,56.1,fast_22kw,75.1,malaga,0,32.74
LZ-EV-001943,2,39.1,rapid_50kw,56.0,sevilla,0,29.38
LZ-EV-001944,0,2.0,fast_22kw,53.8,madrid,1,51.01
LZ-EV-001945,1,6.3,ultra_150kw,42.7,madrid,0,33.86
LZ-EV-001946,2,18.8,slow_7kw,66.1,malaga,0,53.69
LZ-EV-001947,4,39.4,ultra_150kw,69.4,valencia,0,20.53
LZ-EV-001948,23,39.7,slow_7kw,67.0,bilbao,1,24.62
LZ-EV-001949,12,36.7,slow_7kw,59.1,valencia,1,34.01
LZ-EV-001950,0,40.4,fast_22kw,37.9,valencia,1,21.1
LZ-EV-001951,21,39.2,fast_22kw,48.1,sevilla,0,16.21
LZ-EV-001952,23,45.8,slow_7kw,53.0,malaga,0,26.42
LZ-EV-001953,15,22.0,slow_7kw,65.7,bilbao,0,42.62
LZ-EV-001954,2,69.0,slow_7kw,77.1,zaragoza,0,21.7
LZ-EV-001955,13,2.0,slow_7kw,39.3,zaragoza,1,34.33
LZ-EV-001956,21,51.0,slow_7kw,62.0,madrid,0,26.84
LZ-EV-001957,9,60.0,ultra_150kw,57.3,bilbao,1,19.8
LZ-EV-001958,21,30.2,fast_22kw,51.8,barcelona,1,33.84
LZ-EV-001959,11,53.0,fast_22kw,37.6,bilbao,0,14.43
LZ-EV-001960,10,34.0,slow_7kw,59.2,bilbao,0,35.22
LZ-EV-001961,22,50.8,fast_22kw,71.7,malaga,0,30.87
LZ-EV-001962,21,36.2,fast_22kw,84.0,murcia,0,43.11
LZ-EV-001963,14,11.0,fast_22kw,55.3,malaga,1,29.67
LZ-EV-001964,10,37.8,ultra_150kw,28.0,bilbao,1,15.03
LZ-EV-001965,22,86.8,fast_22kw,36.5,madrid,0,4.34
LZ-EV-001966,15,61.4,ultra_150kw,36.7,murcia,1,12.89
LZ-EV-001967,5,27.4,fast_22kw,99.3,murcia,0,31.77
LZ-EV-001968,18,61.2,slow_7kw,59.6,bilbao,0,21.86
LZ-EV-001969,17,27.9,slow_7kw,54.2,malaga,0,36.13
LZ-EV-001970,14,38.3,ultra_150kw,76.2,sevilla,1,40.04
LZ-EV-001971,10,23.8,slow_7kw,80.0,malaga,0,48.96
LZ-EV-001972,5,41.0,slow_7kw,79.5,malaga,0,46.59
LZ-EV-001973,18,39.5,fast_22kw,65.3,zaragoza,1,28.82
LZ-EV-001974,3,31.0,fast_22kw,72.8,sevilla,0,32.3
LZ-EV-001975,11,33.9,rapid_50kw,52.3,valencia,1,23.32
LZ-EV-001976,19,60.2,fast_22kw,72.1,valencia,1,26.15
LZ-EV-001977,7,30.6,rapid_50kw,70.8,bilbao,0,31.68
LZ-EV-001978,20,27.1,fast_22kw,87.4,barcelona,0,35.78
LZ-EV-001979,14,6.0,fast_22kw,71.7,barcelona,0,35.69
LZ-EV-001980,15,19.7,ultra_150kw,89.2,madrid,0,37.94
LZ-EV-001981,6,2.0,rapid_50kw,68.2,sevilla,1,36.85
LZ-EV-001982,6,11.6,fast_22kw,61.2,malaga,1,50.99
LZ-EV-001983,2,38.8,fast_22kw,28.0,zaragoza,0,16.99
LZ-EV-001984,23,23.5,rapid_50kw,89.3,bilbao,0,20.11
LZ-EV-001985,6,36.4,slow_7kw,59.3,madrid,0,34.51
LZ-EV-001986,19,35.4,fast_22kw,41.1,valencia,0,23.21
LZ-EV-001987,2,60.2,slow_7kw,62.3,valencia,1,21.61
LZ-EV-001988,22,17.6,rapid_50kw,53.1,madrid,0,30.87
LZ-EV-001989,20,28.8,ultra_150kw,72.3,bilbao,1,24.73
LZ-EV-001990,11,40.1,fast_22kw,57.6,murcia,0,32.94
LZ-EV-001991,0,51.8,slow_7kw,68.3,zaragoza,0,30.08
LZ-EV-001992,21,38.2,fast_22kw,58.3,murcia,1,32.03
LZ-EV-001993,5,75.0,ultra_150kw,65.1,bilbao,1,16.24
LZ-EV-001994,5,24.4,ultra_150kw,74.8,murcia,0,31.6
LZ-EV-001995,22,40.7,fast_22kw,67.2,zaragoza,0,31.16
LZ-EV-001996,4,62.3,rapid_50kw,59.0,bilbao,0,22.9
LZ-EV-001997,18,66.2,fast_22kw,68.0,barcelona,0,19.67
LZ-EV-001998,19,9.3,slow_7kw,70.2,zaragoza,0,49.66
LZ-EV-001999,23,16.3,fast_22kw,65.8,zaragoza,1,42.61
LZ-EV-002000,23,54.8,fast_22kw,40.4,barcelona,0,17.86
LZ-EV-002001,18,23.9,ultra_150kw,79.6,madrid,0,23.99
LZ-EV-002002,5,20.0,ultra_150kw,54.0,barcelona,0,41.77
LZ-EV-002003,2,81.1,ultra_150kw,76.3,zaragoza,0,11.83
LZ-EV-002004,7,43.1,rapid_50kw,104.1,valencia,0,33.71
LZ-EV-002005,22,48.3,rapid_50kw,46.2,murcia,0,22.61
LZ-EV-002006,12,47.2,fast_22kw,62.0,valencia,0,29.92
LZ-EV-002007,14,18.3,fast_22kw,48.5,bilbao,0,12.81
LZ-EV-002008,7,25.3,ultra_150kw,45.3,bilbao,0,28.96
LZ-EV-002009,12,31.1,rapid_50kw,75.9,madrid,0,26.45
LZ-EV-002010,18,29.0,slow_7kw,57.4,zaragoza,0,36.02
LZ-EV-002011,11,2.0,slow_7kw,44.7,bilbao,1,42.32
LZ-EV-002012,16,38.8,fast_22kw,82.7,malaga,1,45.31
LZ-EV-002013,12,45.8,slow_7kw,49.1,zaragoza,1,19.56
LZ-EV-002014,15,28.8,rapid_50kw,76.0,bilbao,1,30.77
LZ-EV-002015,5,31.7,ultra_150kw,80.4,valencia,0,23.0
LZ-EV-002016,2,43.5,slow_7kw,42.5,bilbao,0,21.46
LZ-EV-002017,23,49.6,rapid_50kw,56.1,sevilla,0,19.6
LZ-EV-002018,14,32.5,fast_22kw,58.3,barcelona,0,35.51
LZ-EV-002019,2,50.3,fast_22kw,56.7,sevilla,0,24.56
LZ-EV-002020,5,24.6,slow_7kw,63.3,malaga,1,38.1
LZ-EV-002021,7,34.3,fast_22kw,56.3,madrid,0,35.02
LZ-EV-002022,9,38.9,slow_7kw,68.5,zaragoza,0,27.3
LZ-EV-002023,16,14.9,slow_7kw,64.8,zaragoza,0,27.79
LZ-EV-002024,7,27.5,slow_7kw,72.7,barcelona,0,27.52
LZ-EV-002025,14,44.8,slow_7kw,51.0,murcia,0,26.95
LZ-EV-002026,9,54.0,ultra_150kw,78.3,madrid,0,33.86
LZ-EV-002027,9,40.5,slow_7kw,76.4,madrid,0,39.26
LZ-EV-002028,22,66.6,fast_22kw,80.0,bilbao,0,22.11
LZ-EV-002029,4,42.5,rapid_50kw,55.9,murcia,1,31.53
LZ-EV-002030,3,40.1,slow_7kw,55.0,valencia,1,28.41
LZ-EV-002031,14,47.2,slow_7kw,70.9,valencia,0,33.59
LZ-EV-002032,7,37.8,fast_22kw,48.5,barcelona,0,26.64
LZ-EV-002033,15,21.0,slow_7kw,81.4,malaga,0,25.87
LZ-EV-002034,23,53.7,fast_22kw,60.5,malaga,1,25.46
LZ-EV-002035,15,52.1,slow_7kw,72.4,bilbao,0,36.06
LZ-EV-002036,11,39.4,slow_7kw,61.2,malaga,0,33.62
LZ-EV-002037,14,34.3,rapid_50kw,64.5,valencia,1,28.59
LZ-EV-002038,7,32.9,ultra_150kw,67.7,madrid,1,39.17
LZ-EV-002039,21,51.1,slow_7kw,28.0,zaragoza,0,12.65
LZ-EV-002040,17,61.8,rapid_50kw,58.7,madrid,0,18.26
LZ-EV-002041,21,39.8,slow_7kw,85.0,valencia,0,44.3
LZ-EV-002042,21,63.9,slow_7kw,71.3,bilbao,0,20.35
LZ-EV-002043,1,55.7,slow_7kw,63.5,sevilla,0,26.48
LZ-EV-002044,6,46.3,rapid_50kw,80.8,sevilla,0,42.7
LZ-EV-002045,11,33.2,fast_22kw,29.5,valencia,1,18.26
LZ-EV-002046,12,2.0,fast_22kw,65.9,sevilla,0,33.33
LZ-EV-002047,20,60.9,ultra_150kw,62.6,murcia,0,22.65
LZ-EV-002048,21,48.8,rapid_50kw,66.7,murcia,1,20.95
LZ-EV-002049,17,31.8,ultra_150kw,86.1,sevilla,0,39.01
LZ-EV-002050,6,30.1,ultra_150kw,73.0,bilbao,0,51.7
LZ-EV-002051,5,24.9,slow_7kw,99.0,valencia,0,22.99
LZ-EV-002052,0,51.4,fast_22kw,76.6,sevilla,0,31.14
LZ-EV-002053,3,47.3,ultra_150kw,56.7,bilbao,0,26.84
LZ-EV-002054,21,11.9,fast_22kw,52.2,madrid,0,32.14
LZ-EV-002055,3,14.7,ultra_150kw,47.0,zaragoza,0,38.16
LZ-EV-002056,12,23.9,fast_22kw,55.1,madrid,0,32.62
LZ-EV-002057,6,73.0,rapid_50kw,67.6,malaga,0,16.07
LZ-EV-002058,20,19.6,ultra_150kw,45.1,murcia,0,37.33
LZ-EV-002059,12,43.9,fast_22kw,46.7,valencia,1,22.58
LZ-EV-002060,17,22.9,rapid_50kw,95.1,bilbao,1,28.32
LZ-EV-002061,15,23.5,ultra_150kw,58.6,sevilla,1,37.35
LZ-EV-002062,18,45.9,ultra_150kw,59.6,valencia,0,31.36
LZ-EV-002063,13,33.5,rapid_50kw,61.1,sevilla,0,37.57
LZ-EV-002064,5,57.1,rapid_50kw,75.3,murcia,0,32.26
LZ-EV-002065,18,42.6,rapid_50kw,57.4,barcelona,0,26.15
LZ-EV-002066,1,55.7,slow_7kw,62.6,barcelona,0,23.75
LZ-EV-002067,16,2.0,fast_22kw,69.5,madrid,0,67.11
LZ-EV-002068,4,52.7,fast_22kw,49.3,barcelona,0,20.71
LZ-EV-002069,7,38.5,slow_7kw,85.0,sevilla,0,17.72
LZ-EV-002070,7,45.8,fast_22kw,67.0,zaragoza,0,26.11
LZ-EV-002071,8,33.7,ultra_150kw,59.3,valencia,0,27.01
LZ-EV-002072,17,32.7,slow_7kw,73.7,sevilla,0,38.88
LZ-EV-002073,22,40.2,fast_22kw,55.9,bilbao,0,29.51
LZ-EV-002074,10,26.2,slow_7kw,71.9,madrid,1,46.18
LZ-EV-002075,0,4.4,ultra_150kw,61.3,bilbao,0,43.93
LZ-EV-002076,2,57.1,fast_22kw,65.6,madrid,0,25.22
LZ-EV-002077,7,25.3,ultra_150kw,58.2,zaragoza,0,29.93
LZ-EV-002078,6,20.4,rapid_50kw,37.5,sevilla,0,27.02
LZ-EV-002079,12,20.2,slow_7kw,58.9,barcelona,0,29.57
LZ-EV-002080,11,53.2,rapid_50kw,61.9,malaga,1,28.35
LZ-EV-002081,14,21.3,slow_7kw,75.2,madrid,0,51.32
LZ-EV-002082,15,44.1,slow_7kw,61.6,barcelona,1,28.44
LZ-EV-002083,17,35.6,fast_22kw,37.6,barcelona,1,22.01
LZ-EV-002084,0,35.7,slow_7kw,81.4,valencia,0,46.77
LZ-EV-002085,17,23.4,fast_22kw,44.7,bilbao,0,29.28
LZ-EV-002086,14,29.8,rapid_50kw,71.8,zaragoza,0,15.85
LZ-EV-002087,12,9.0,fast_22kw,56.0,madrid,0,50.77
LZ-EV-002088,15,46.8,slow_7kw,43.3,zaragoza,0,21.1
LZ-EV-002089,17,39.8,slow_7kw,38.4,malaga,1,22.41
LZ-EV-002090,11,57.7,slow_7kw,85.6,malaga,1,32.11
LZ-EV-002091,1,34.1,rapid_50kw,71.5,valencia,0,46.2
LZ-EV-002092,7,2.0,slow_7kw,71.6,zaragoza,0,24.68
LZ-EV-002093,9,18.6,slow_7kw,77.4,barcelona,0,32.77
LZ-EV-002094,23,63.5,slow_7kw,56.2,valencia,0,19.04
LZ-EV-002095,0,55.4,slow_7kw,64.8,bilbao,0,25.6
LZ-EV-002096,3,27.7,slow_7kw,45.3,malaga,0,30.23
LZ-EV-002097,14,54.1,fast_22kw,56.5,murcia,0,23.05
LZ-EV-002098,17,34.9,rapid_50kw,55.5,valencia,0,18.55
LZ-EV-002099,19,2.0,slow_7kw,88.5,zaragoza,1,42.35
LZ-EV-002100,5,42.4,rapid_50kw,73.2,malaga,1,34.11
LZ-EV-002101,10,33.3,slow_7kw,67.5,murcia,1,42.21
LZ-EV-002102,7,43.4,slow_7kw,65.7,malaga,1,29.44
LZ-EV-002103,9,41.3,rapid_50kw,45.6,zaragoza,1,22.53
LZ-EV-002104,14,59.6,slow_7kw,69.4,bilbao,1,30.45
LZ-EV-002105,7,26.6,rapid_50kw,70.2,malaga,0,16.48
LZ-EV-002106,1,13.6,fast_22kw,77.7,bilbao,1,53.79
LZ-EV-002107,22,14.0,slow_7kw,54.0,malaga,0,40.1
LZ-EV-002108,5,29.9,fast_22kw,90.6,valencia,1,28.19
LZ-EV-002109,8,56.6,rapid_50kw,69.5,valencia,1,29.26
LZ-EV-002110,5,28.6,fast_22kw,68.3,valencia,0,47.26
LZ-EV-002111,17,31.8,slow_7kw,42.6,bilbao,0,26.55
LZ-EV-002112,0,33.1,rapid_50kw,48.9,bilbao,0,30.54
LZ-EV-002113,4,51.7,rapid_50kw,67.3,barcelona,0,25.84
LZ-EV-002114,15,44.2,fast_22kw,79.4,madrid,0,36.44
LZ-EV-002115,8,26.5,ultra_150kw,28.0,valencia,1,18.81
LZ-EV-002116,19,2.0,fast_22kw,79.8,sevilla,0,32.39
LZ-EV-002117,19,15.2,fast_22kw,31.7,barcelona,0,22.85
LZ-EV-002118,3,9.3,rapid_50kw,65.1,malaga,0,15.43
LZ-EV-002119,16,25.1,slow_7kw,82.7,murcia,0,41.15
LZ-EV-002120,21,32.2,fast_22kw,71.4,barcelona,0,42.66
LZ-EV-002121,11,22.7,fast_22kw,74.7,malaga,0,40.93
LZ-EV-002122,23,68.5,slow_7kw,82.1,barcelona,0,24.1
LZ-EV-002123,4,52.9,rapid_50kw,93.5,barcelona,1,24.62
LZ-EV-002124,17,41.9,fast_22kw,74.2,bilbao,1,28.21
LZ-EV-002125,23,40.1,rapid_50kw,86.3,bilbao,0,34.38
LZ-EV-002126,6,57.5,fast_22kw,58.3,sevilla,1,19.72
LZ-EV-002127,7,46.8,ultra_150kw,62.7,bilbao,0,17.98
LZ-EV-002128,14,52.5,slow_7kw,59.7,zaragoza,0,26.53
LZ-EV-002129,4,65.5,slow_7kw,82.7,barcelona,1,26.86
LZ-EV-002130,4,46.6,fast_22kw,52.8,sevilla,0,27.48
LZ-EV-002131,20,47.2,slow_7kw,66.6,zaragoza,0,32.99
LZ-EV-002132,18,24.8,slow_7kw,71.7,barcelona,1,32.75
LZ-EV-002133,12,66.7,rapid_50kw,70.8,malaga,0,20.39
LZ-EV-002134,13,31.9,slow_7kw,61.4,valencia,0,39.16
LZ-EV-002135,19,19.1,fast_22kw,61.2,barcelona,1,48.61
LZ-EV-002136,5,30.9,ultra_150kw,68.2,sevilla,0,45.4
LZ-EV-002137,18,49.9,slow_7kw,51.3,barcelona,0,18.11
LZ-EV-002138,16,37.7,fast_22kw,60.3,malaga,1,35.04
LZ-EV-002139,17,44.8,ultra_150kw,43.2,sevilla,1,22.67
LZ-EV-002140,18,29.9,fast_22kw,57.2,malaga,0,15.42
LZ-EV-002141,6,60.8,slow_7kw,77.0,madrid,0,30.36
LZ-EV-002142,2,40.3,slow_7kw,57.7,barcelona,0,35.34
LZ-EV-002143,1,9.4,fast_22kw,92.6,barcelona,1,22.03
LZ-EV-002144,23,43.4,rapid_50kw,73.4,valencia,0,25.41
LZ-EV-002145,6,15.5,ultra_150kw,62.5,murcia,0,34.27
LZ-EV-002146,3,2.0,slow_7kw,83.8,valencia,0,54.5
LZ-EV-002147,17,20.0,rapid_50kw,73.3,madrid,1,53.73
LZ-EV-002148,20,6.6,slow_7kw,84.1,murcia,1,29.22
LZ-EV-002149,5,44.3,fast_22kw,83.9,valencia,0,17.26
LZ-EV-002150,4,2.0,slow_7kw,64.4,sevilla,1,53.84
LZ-EV-002151,9,14.5,fast_22kw,61.1,madrid,0,52.3
LZ-EV-002152,5,47.1,rapid_50kw,71.8,malaga,1,34.14
LZ-EV-002153,19,40.4,slow_7kw,46.9,bilbao,0,23.83
LZ-EV-002154,10,50.1,rapid_50kw,42.7,barcelona,0,17.85
LZ-EV-002155,1,71.2,slow_7kw,56.1,valencia,0,14.47
LZ-EV-002156,5,45.9,rapid_50kw,56.6,barcelona,0,28.65
LZ-EV-002157,11,68.5,fast_22kw,84.7,murcia,0,27.67
LZ-EV-002158,16,45.1,slow_7kw,76.2,bilbao,0,39.25
LZ-EV-002159,15,23.8,slow_7kw,64.4,murcia,0,27.9
LZ-EV-002160,17,18.6,slow_7kw,53.2,valencia,0,23.91
LZ-EV-002161,23,50.3,rapid_50kw,78.4,madrid,0,24.34
LZ-EV-002162,6,44.1,fast_22kw,48.9,zaragoza,0,25.65
LZ-EV-002163,5,55.4,fast_22kw,79.9,murcia,0,32.85
LZ-EV-002164,0,44.3,slow_7kw,68.1,madrid,0,22.62
LZ-EV-002165,10,32.6,slow_7kw,65.6,zaragoza,0,38.26
LZ-EV-002166,18,20.1,slow_7kw,48.2,zaragoza,0,35.71
LZ-EV-002167,14,21.5,ultra_150kw,55.3,sevilla,1,27.28
LZ-EV-002168,12,40.2,slow_7kw,28.0,bilbao,0,15.32
LZ-EV-002169,11,39.1,slow_7kw,77.4,zaragoza,0,41.54
LZ-EV-002170,11,62.1,rapid_50kw,76.8,sevilla,0,22.06
LZ-EV-002171,17,59.2,slow_7kw,74.1,sevilla,0,26.58
LZ-EV-002172,2,25.0,slow_7kw,72.0,sevilla,0,43.85
LZ-EV-002173,9,20.7,slow_7kw,64.4,sevilla,0,30.07
LZ-EV-002174,23,41.2,ultra_150kw,73.4,valencia,0,41.25
LZ-EV-002175,21,23.1,slow_7kw,55.3,murcia,0,33.36
LZ-EV-002176,22,20.7,slow_7kw,40.6,zaragoza,1,28.64
LZ-EV-002177,3,48.9,slow_7kw,42.6,bilbao,0,20.01
LZ-EV-002178,23,48.3,fast_22kw,65.5,madrid,1,29.34
LZ-EV-002179,3,67.5,slow_7kw,76.5,bilbao,1,22.85
LZ-EV-002180,2,27.2,rapid_50kw,51.9,madrid,0,25.55
LZ-EV-002181,16,28.0,ultra_150kw,69.6,malaga,0,46.54
LZ-EV-002182,1,63.4,slow_7kw,96.1,murcia,0,31.75
LZ-EV-002183,12,39.3,rapid_50kw,44.0,valencia,1,24.43
LZ-EV-002184,19,46.0,slow_7kw,71.0,valencia,1,34.79
LZ-EV-002185,17,64.3,fast_22kw,80.3,barcelona,1,30.41
LZ-EV-002186,21,44.5,fast_22kw,28.0,madrid,1,12.47
LZ-EV-002187,11,58.0,slow_7kw,68.7,madrid,0,27.03
LZ-EV-002188,17,57.0,fast_22kw,76.6,bilbao,1,30.42
LZ-EV-002189,5,52.6,fast_22kw,52.5,valencia,0,22.1
LZ-EV-002190,10,50.3,rapid_50kw,78.9,bilbao,1,29.11
LZ-EV-002191,8,22.2,slow_7kw,64.1,sevilla,1,41.77
LZ-EV-002192,17,32.1,rapid_50kw,78.2,valencia,0,27.11
LZ-EV-002193,8,28.8,rapid_50kw,51.9,madrid,1,17.26
LZ-EV-002194,23,38.0,rapid_50kw,51.3,malaga,0,24.35
LZ-EV-002195,16,48.2,fast_22kw,35.2,malaga,1,15.44
LZ-EV-002196,4,20.1,slow_7kw,91.0,barcelona,1,63.38
LZ-EV-002197,17,23.4,slow_7kw,74.6,barcelona,0,51.74
LZ-EV-002198,22,49.6,fast_22kw,58.0,barcelona,0,28.02
LZ-EV-002199,8,55.8,fast_22kw,66.1,bilbao,1,26.16
LZ-EV-002200,20,60.2,fast_22kw,55.9,zaragoza,1,21.44
LZ-EV-002201,14,70.1,fast_22kw,32.0,madrid,0,8.8
LZ-EV-002202,6,53.0,fast_22kw,29.8,madrid,0,12.55
LZ-EV-002203,19,51.3,fast_22kw,73.6,malaga,0,18.04
LZ-EV-002204,9,65.0,fast_22kw,50.8,bilbao,0,17.95
LZ-EV-002205,23,46.1,fast_22kw,46.6,bilbao,0,20.7
LZ-EV-002206,0,53.3,rapid_50kw,49.8,valencia,1,22.98
LZ-EV-002207,2,55.5,rapid_50kw,70.4,bilbao,1,29.27
LZ-EV-002208,12,58.7,rapid_50kw,50.3,madrid,0,20.63
LZ-EV-002209,0,38.5,fast_22kw,76.0,madrid,1,31.38
LZ-EV-002210,11,66.3,slow_7kw,75.1,sevilla,0,23.49
LZ-EV-002211,4,41.0,fast_22kw,44.8,sevilla,0,22.85
LZ-EV-002212,21,27.0,fast_22kw,79.0,malaga,0,32.28
LZ-EV-002213,0,34.8,fast_22kw,61.5,barcelona,0,38.42
LZ-EV-002214,22,32.3,fast_22kw,52.1,bilbao,0,28.26
LZ-EV-002215,4,7.6,fast_22kw,65.3,madrid,0,25.16
LZ-EV-002216,16,28.1,slow_7kw,70.0,barcelona,1,39.4
LZ-EV-002217,7,19.9,fast_22kw,43.8,madrid,0,18.33
LZ-EV-002218,20,27.0,ultra_150kw,61.0,zaragoza,0,35.89
LZ-EV-002219,13,42.9,fast_22kw,40.3,madrid,1,21.09
LZ-EV-002220,18,62.8,slow_7kw,61.3,zaragoza,0,20.34
LZ-EV-002221,21,59.4,slow_7kw,72.9,malaga,1,26.83
LZ-EV-002222,22,49.8,slow_7kw,50.7,malaga,1,20.71
LZ-EV-002223,3,50.3,slow_7kw,88.7,bilbao,0,32.48
LZ-EV-002224,9,47.2,slow_7kw,37.3,malaga,0,17.74
LZ-EV-002225,17,24.1,slow_7kw,90.0,valencia,0,30.29
LZ-EV-002226,14,15.9,fast_22kw,44.8,zaragoza,0,36.56
LZ-EV-002227,10,24.7,slow_7kw,105.2,barcelona,1,62.89
LZ-EV-002228,9,72.3,fast_22kw,60.2,malaga,0,16.42
LZ-EV-002229,6,20.3,ultra_150kw,70.2,madrid,0,33.15
LZ-EV-002230,20,34.4,rapid_50kw,65.0,valencia,1,17.13
LZ-EV-002231,23,71.4,slow_7kw,49.9,murcia,0,13.54
LZ-EV-002232,13,44.5,slow_7kw,52.9,murcia,1,27.14
LZ-EV-002233,18,49.8,slow_7kw,64.3,bilbao,0,26.48
LZ-EV-002234,22,45.6,fast_22kw,46.0,madrid,1,24.74
LZ-EV-002235,6,71.6,ultra_150kw,66.6,murcia,0,17.04
LZ-EV-002236,2,27.6,ultra_150kw,64.4,sevilla,0,32.29
LZ-EV-002237,1,90.0,fast_22kw,64.7,valencia,0,5.39
LZ-EV-002238,19,58.7,slow_7kw,73.5,valencia,1,28.74
LZ-EV-002239,3,45.0,fast_22kw,28.0,sevilla,0,13.33
LZ-EV-002240,2,51.3,fast_22kw,61.7,barcelona,1,26.23
LZ-EV-002241,8,63.7,slow_7kw,76.2,valencia,1,24.97
LZ-EV-002242,10,36.5,ultra_150kw,70.8,madrid,0,22.07
LZ-EV-002243,21,66.2,fast_22kw,55.5,zaragoza,0,17.25
LZ-EV-002244,19,49.1,fast_22kw,36.9,malaga,0,15.86
LZ-EV-002245,14,42.9,rapid_50kw,73.9,zaragoza,0,17.07
LZ-EV-002246,15,6.2,slow_7kw,46.7,barcelona,0,34.53
LZ-EV-002247,10,43.5,fast_22kw,49.6,malaga,0,25.0
LZ-EV-002248,14,65.3,rapid_50kw,51.5,valencia,0,16.48
LZ-EV-002249,13,21.6,fast_22kw,73.6,murcia,0,31.68
LZ-EV-002250,23,29.4,rapid_50kw,110.0,sevilla,1,37.71
LZ-EV-002251,13,68.1,slow_7kw,49.7,madrid,0,16.56
LZ-EV-002252,19,11.4,fast_22kw,50.8,barcelona,0,37.57
LZ-EV-002253,20,37.4,ultra_150kw,86.1,madrid,1,56.47
LZ-EV-002254,12,61.0,rapid_50kw,41.2,madrid,1,14.68
LZ-EV-002255,1,67.6,fast_22kw,30.9,malaga,1,9.25
LZ-EV-002256,22,37.8,rapid_50kw,72.0,bilbao,0,23.52
LZ-EV-002257,4,23.1,fast_22kw,81.3,bilbao,0,41.55
LZ-EV-002258,5,64.7,fast_22kw,66.9,zaragoza,0,20.06
LZ-EV-002259,21,42.2,rapid_50kw,53.5,valencia,0,29.9
LZ-EV-002260,13,34.8,rapid_50kw,69.6,murcia,0,18.81
LZ-EV-002261,11,55.6,rapid_50kw,61.3,barcelona,0,22.26
LZ-EV-002262,15,2.0,slow_7kw,61.1,murcia,0,32.96
LZ-EV-002263,19,47.6,fast_22kw,70.9,bilbao,0,32.79
LZ-EV-002264,19,53.2,rapid_50kw,93.6,madrid,1,20.93
LZ-EV-002265,13,21.6,slow_7kw,36.3,valencia,0,25.16
LZ-EV-002266,23,27.1,slow_7kw,69.3,murcia,0,30.72
LZ-EV-002267,17,46.0,fast_22kw,93.6,sevilla,0,45.13
LZ-EV-002268,9,52.5,slow_7kw,63.8,sevilla,0,26.43
LZ-EV-002269,18,31.6,slow_7kw,81.1,murcia,0,27.96
LZ-EV-002270,21,50.9,fast_22kw,68.0,murcia,0,33.24
LZ-EV-002271,5,7.9,rapid_50kw,40.7,zaragoza,0,27.57
LZ-EV-002272,9,37.1,fast_22kw,65.7,sevilla,0,34.51
LZ-EV-002273,9,29.9,fast_22kw,70.2,valencia,1,19.11
LZ-EV-002274,15,14.3,fast_22kw,83.0,zaragoza,1,41.1
LZ-EV-002275,22,36.6,rapid_50kw,37.3,sevilla,0,17.21
LZ-EV-002276,3,48.5,slow_7kw,54.1,zaragoza,0,26.22
LZ-EV-002277,22,49.1,slow_7kw,45.8,murcia,1,21.6
LZ-EV-002278,18,37.7,rapid_50kw,54.4,madrid,1,25.66
LZ-EV-002279,17,46.9,slow_7kw,61.6,sevilla,0,29.46
LZ-EV-002280,1,39.4,slow_7kw,43.1,valencia,0,24.19
LZ-EV-002281,21,45.9,fast_22kw,51.7,bilbao,0,27.53
LZ-EV-002282,17,36.5,slow_7kw,77.3,murcia,0,40.9
LZ-EV-002283,12,31.5,slow_7kw,57.4,barcelona,1,35.14
LZ-EV-002284,14,54.7,ultra_150kw,69.3,barcelona,1,27.67
LZ-EV-002285,10,40.1,slow_7kw,48.2,malaga,0,25.07
LZ-EV-002286,1,49.5,rapid_50kw,66.7,murcia,0,23.79
LZ-EV-002287,23,46.2,rapid_50kw,68.7,madrid,0,16.72
LZ-EV-002288,5,4.1,fast_22kw,60.3,valencia,1,45.87
LZ-EV-002289,22,13.2,rapid_50kw,52.8,murcia,0,31.38
LZ-EV-002290,19,62.8,slow_7kw,81.4,bilbao,1,26.54
LZ-EV-002291,1,36.1,ultra_150kw,45.6,valencia,0,26.19
LZ-EV-002292,6,61.3,fast_22kw,33.0,madrid,0,11.17
LZ-EV-002293,7,31.4,slow_7kw,75.1,murcia,0,42.2
LZ-EV-002294,8,62.2,slow_7kw,54.2,barcelona,0,20.3
LZ-EV-002295,6,42.0,ultra_150kw,42.9,zaragoza,1,23.05
LZ-EV-002296,3,33.0,slow_7kw,63.6,barcelona,1,36.65
LZ-EV-002297,10,69.9,slow_7kw,70.3,madrid,0,18.97
LZ-EV-002298,13,19.6,fast_22kw,78.3,madrid,0,48.36
LZ-EV-002299,8,48.0,fast_22kw,51.3,murcia,1,25.81
LZ-EV-002300,10,29.7,slow_7kw,72.3,bilbao,0,34.52
LZ-EV-002301,15,50.0,ultra_150kw,36.5,sevilla,1,18.96
LZ-EV-002302,18,39.3,fast_22kw,39.7,barcelona,0,21.83
LZ-EV-002303,21,53.2,slow_7kw,59.8,barcelona,0,22.57
LZ-EV-002304,14,48.1,slow_7kw,57.8,sevilla,1,26.31
LZ-EV-002305,1,43.6,fast_22kw,62.7,barcelona,0,33.23
LZ-EV-002306,6,26.1,fast_22kw,50.3,murcia,0,32.47
LZ-EV-002307,13,9.0,fast_22kw,74.3,madrid,0,68.33
LZ-EV-002308,1,12.0,rapid_50kw,54.1,madrid,0,24.08
LZ-EV-002309,10,53.2,rapid_50kw,68.5,madrid,0,31.31
LZ-EV-002310,14,31.2,fast_22kw,61.7,sevilla,0,36.79
LZ-EV-002311,22,43.5,fast_22kw,62.2,barcelona,0,30.34
LZ-EV-002312,10,42.8,fast_22kw,61.5,barcelona,1,27.14
LZ-EV-002313,19,33.5,slow_7kw,87.8,bilbao,0,56.88
LZ-EV-002314,5,21.1,slow_7kw,46.2,malaga,0,14.8
LZ-EV-002315,12,26.3,rapid_50kw,28.0,malaga,1,20.19
LZ-EV-002316,4,36.3,fast_22kw,52.1,malaga,0,31.01
LZ-EV-002317,13,51.8,rapid_50kw,63.2,malaga,0,27.77
LZ-EV-002318,19,45.3,slow_7kw,89.0,malaga,1,48.18
LZ-EV-002319,5,51.2,fast_22kw,43.4,murcia,1,17.9
LZ-EV-002320,6,63.7,rapid_50kw,50.4,madrid,0,15.98
LZ-EV-002321,10,51.6,rapid_50kw,68.9,malaga,0,20.48
LZ-EV-002322,18,2.0,slow_7kw,62.7,malaga,1,55.95
LZ-EV-002323,0,74.0,fast_22kw,56.2,zaragoza,0,13.23
LZ-EV-002324,6,28.5,slow_7kw,48.0,bilbao,0,31.86
LZ-EV-002325,16,22.4,rapid_50kw,65.8,zaragoza,0,26.86
LZ-EV-002326,10,32.9,slow_7kw,32.8,bilbao,0,23.47
LZ-EV-002327,20,42.9,fast_22kw,49.9,barcelona,0,26.97
LZ-EV-002328,14,76.8,ultra_150kw,56.5,malaga,0,11.21
LZ-EV-002329,12,63.0,rapid_50kw,54.3,sevilla,1,19.13
LZ-EV-002330,13,14.0,fast_22kw,39.6,malaga,0,24.57
LZ-EV-002331,9,38.8,slow_7kw,37.3,malaga,1,21.03
LZ-EV-002332,4,19.1,fast_22kw,69.0,zaragoza,0,53.36
LZ-EV-002333,15,65.4,slow_7kw,63.1,barcelona,0,19.71
LZ-EV-002334,4,32.1,fast_22kw,41.2,barcelona,0,28.26
LZ-EV-002335,4,37.2,fast_22kw,62.8,bilbao,1,35.27
LZ-EV-002336,12,41.7,slow_7kw,61.9,valencia,1,32.3
LZ-EV-002337,3,13.3,slow_7kw,60.5,madrid,0,20.49
LZ-EV-002338,20,29.3,ultra_150kw,64.6,murcia,0,35.14
LZ-EV-002339,9,44.4,rapid_50kw,55.9,malaga,0,26.94
LZ-EV-002340,9,22.1,rapid_50kw,37.3,murcia,0,26.46
LZ-EV-002341,8,76.8,fast_22kw,99.9,bilbao,0,20.9
LZ-EV-002342,2,60.7,fast_22kw,52.8,barcelona,1,19.08
LZ-EV-002343,17,15.6,fast_22kw,69.4,barcelona,0,25.45
LZ-EV-002344,8,35.7,ultra_150kw,54.2,barcelona,1,32.27
LZ-EV-002345,21,45.0,slow_7kw,61.3,murcia,1,32.61
LZ-EV-002346,14,40.6,slow_7kw,50.9,malaga,1,30.37
LZ-EV-002347,23,59.5,slow_7kw,30.3,barcelona,0,11.91
LZ-EV-002348,0,75.8,slow_7kw,60.7,malaga,0,13.13
LZ-EV-002349,12,45.1,slow_7kw,58.6,madrid,0,30.59
LZ-EV-002350,7,26.2,fast_22kw,50.7,zaragoza,0,22.52
LZ-EV-002351,20,34.9,fast_22kw,52.8,valencia,0,29.88
LZ-EV-002352,5,2.0,rapid_50kw,45.5,madrid,0,24.0
LZ-EV-002353,19,23.1,fast_22kw,44.7,murcia,1,29.44
LZ-EV-002354,5,38.6,ultra_150kw,65.1,valencia,0,34.41
LZ-EV-002355,1,44.0,fast_22kw,62.7,barcelona,1,32.46
LZ-EV-002356,4,32.9,slow_7kw,53.0,zaragoza,0,31.59
LZ-EV-002357,18,49.7,fast_22kw,36.9,barcelona,0,18.48
LZ-EV-002358,11,90.0,fast_22kw,74.3,murcia,1,7.22
LZ-EV-002359,0,43.6,slow_7kw,39.4,zaragoza,1,20.8
LZ-EV-002360,20,26.3,fast_22kw,74.9,valencia,0,46.73
LZ-EV-002361,18,28.6,fast_22kw,62.7,madrid,0,30.27
LZ-EV-002362,17,28.4,slow_7kw,62.8,murcia,1,32.9
LZ-EV-002363,16,22.2,slow_7kw,32.0,barcelona,0,24.11
LZ-EV-002364,16,35.9,slow_7kw,60.6,murcia,1,36.68
LZ-EV-002365,9,58.2,fast_22kw,58.1,sevilla,0,22.48
LZ-EV-002366,7,51.3,ultra_150kw,51.0,bilbao,0,24.13
LZ-EV-002367,13,16.0,fast_22kw,80.0,barcelona,0,29.94
LZ-EV-002368,17,64.0,slow_7kw,87.9,sevilla,0,29.63
LZ-EV-002369,22,10.1,fast_22kw,52.9,barcelona,0,44.03
LZ-EV-002370,20,42.6,fast_22kw,55.8,murcia,0,30.04
LZ-EV-002371,0,50.1,slow_7kw,57.7,murcia,0,27.65
LZ-EV-002372,10,78.4,fast_22kw,58.9,barcelona,1,12.13
LZ-EV-002373,7,9.4,fast_22kw,66.4,madrid,0,53.07
LZ-EV-002374,22,20.2,fast_22kw,68.9,malaga,0,30.02
LZ-EV-002375,6,55.5,slow_7kw,68.8,murcia,1,28.5
LZ-EV-002376,20,39.4,slow_7kw,85.5,madrid,1,50.41
LZ-EV-002377,4,35.3,rapid_50kw,59.1,malaga,0,37.15
LZ-EV-002378,18,43.3,slow_7kw,97.9,bilbao,0,46.67
LZ-EV-002379,21,59.2,slow_7kw,48.1,malaga,1,18.07
LZ-EV-002380,23,27.7,slow_7kw,65.4,zaragoza,0,42.26
LZ-EV-002381,16,10.9,slow_7kw,49.0,bilbao,1,40.03
LZ-EV-002382,16,57.1,fast_22kw,65.7,barcelona,1,26.13
LZ-EV-002383,8,14.6,slow_7kw,42.9,murcia,0,32.91
LZ-EV-002384,13,19.0,slow_7kw,67.2,bilbao,0,29.4
LZ-EV-002385,13,51.7,slow_7kw,50.4,bilbao,1,22.16
LZ-EV-002386,11,63.5,fast_22kw,71.0,madrid,0,24.83
LZ-EV-002387,19,16.8,slow_7kw,62.8,valencia,0,33.58
LZ-EV-002388,22,33.4,rapid_50kw,85.5,madrid,0,19.2
LZ-EV-002389,2,10.9,slow_7kw,88.8,zaragoza,1,48.61
LZ-EV-002390,17,33.9,fast_22kw,71.0,malaga,0,44.12
LZ-EV-002391,7,38.2,slow_7kw,56.7,valencia,0,32.82
LZ-EV-002392,6,8.3,slow_7kw,48.6,zaragoza,0,32.91
LZ-EV-002393,12,30.5,fast_22kw,67.9,bilbao,1,44.75
LZ-EV-002394,0,48.4,slow_7kw,81.5,murcia,1,28.72
LZ-EV-002395,17,19.1,fast_22kw,64.0,murcia,0,39.0
LZ-EV-002396,13,43.7,fast_22kw,80.2,malaga,0,29.12
LZ-EV-002397,1,5.6,rapid_50kw,55.5,barcelona,1,46.91
LZ-EV-002398,9,65.7,fast_22kw,60.4,barcelona,0,19.65
LZ-EV-002399,12,38.4,fast_22kw,62.3,sevilla,0,32.5
LZ-EV-002400,15,52.1,rapid_50kw,66.9,bilbao,0,28.12
LZ-EV-002401,21,35.6,slow_7kw,33.2,sevilla,0,18.98
LZ-EV-002402,23,16.1,fast_22kw,65.4,sevilla,0,49.36
LZ-EV-002403,8,25.3,rapid_50kw,54.6,bilbao,0,14.95
LZ-EV-002404,19,39.1,fast_22kw,37.3,murcia,1,21.13
LZ-EV-002405,4,19.9,rapid_50kw,74.8,madrid,0,27.45
LZ-EV-002406,19,70.7,fast_22kw,77.0,bilbao,0,19.93
LZ-EV-002407,17,70.9,fast_22kw,57.2,sevilla,0,16.09
LZ-EV-002408,22,36.8,fast_22kw,43.3,madrid,1,23.35
LZ-EV-002409,14,53.8,ultra_150kw,48.4,sevilla,0,24.41
LZ-EV-002410,19,26.1,slow_7kw,73.4,malaga,0,33.64
LZ-EV-002411,3,19.2,rapid_50kw,58.1,madrid,0,19.32
LZ-EV-002412,11,38.0,fast_22kw,57.9,bilbao,0,31.65
LZ-EV-002413,18,2.0,slow_7kw,55.2,murcia,0,44.3
LZ-EV-002414,4,28.4,fast_22kw,66.9,zaragoza,0,47.28
LZ-EV-002415,10,19.9,rapid_50kw,46.3,madrid,0,38.95
LZ-EV-002416,22,2.0,fast_22kw,81.9,madrid,1,35.79
LZ-EV-002417,12,18.4,slow_7kw,50.7,murcia,1,35.85
LZ-EV-002418,10,39.3,slow_7kw,51.6,barcelona,0,28.78
LZ-EV-002419,14,60.2,ultra_150kw,66.4,zaragoza,0,23.13
LZ-EV-002420,16,28.7,ultra_150kw,46.9,valencia,1,29.92
LZ-EV-002421,21,44.3,fast_22kw,59.7,madrid,0,29.97
LZ-EV-002422,13,41.6,slow_7kw,69.4,malaga,0,30.85
LZ-EV-002423,14,2.0,slow_7kw,62.3,murcia,1,54.16
LZ-EV-002424,2,24.7,fast_22kw,89.5,madrid,1,41.97
LZ-EV-002425,0,34.2,slow_7kw,69.0,madrid,1,37.01
LZ-EV-002426,12,67.7,slow_7kw,56.6,bilbao,0,18.84
LZ-EV-002427,7,41.0,rapid_50kw,84.7,barcelona,1,43.22
LZ-EV-002428,10,7.6,fast_22kw,37.9,malaga,1,33.26
LZ-EV-002429,8,78.3,rapid_50kw,50.7,murcia,0,10.43
LZ-EV-002430,3,40.9,rapid_50kw,54.2,barcelona,0,29.31
LZ-EV-002431,10,30.9,fast_22kw,33.1,malaga,0,20.5
LZ-EV-002432,16,28.2,slow_7kw,78.0,bilbao,0,52.91
LZ-EV-002433,1,33.6,rapid_50kw,50.8,zaragoza,0,29.82
LZ-EV-002434,4,42.2,fast_22kw,50.0,zaragoza,1,27.51
LZ-EV-002435,12,33.6,rapid_50kw,87.1,bilbao,0,13.98
LZ-EV-002436,22,6.1,fast_22kw,55.9,zaragoza,0,16.19
LZ-EV-002437,8,37.3,fast_22kw,75.8,madrid,0,48.48
LZ-EV-002438,14,46.3,fast_22kw,77.7,madrid,0,41.3
LZ-EV-002439,12,42.3,ultra_150kw,82.2,bilbao,0,38.6
LZ-EV-002440,14,39.8,slow_7kw,80.2,madrid,0,44.57
LZ-EV-002441,4,23.0,fast_22kw,88.9,zaragoza,0,63.42
LZ-EV-002442,15,30.1,fast_22kw,85.3,valencia,0,30.25
LZ-EV-002443,17,59.5,slow_7kw,54.6,sevilla,0,20.28
LZ-EV-002444,22,48.5,fast_22kw,63.8,barcelona,0,29.97
LZ-EV-002445,6,54.0,fast_22kw,85.6,zaragoza,0,30.7
LZ-EV-002446,18,25.0,fast_22kw,90.8,bilbao,0,48.43
LZ-EV-002447,8,32.6,rapid_50kw,33.1,sevilla,1,18.42
LZ-EV-002448,2,71.4,slow_7kw,70.3,malaga,1,18.75
LZ-EV-002449,7,21.5,rapid_50kw,28.0,madrid,0,20.09
LZ-EV-002450,3,27.4,slow_7kw,65.1,madrid,0,49.0
LZ-EV-002451,18,38.5,ultra_150kw,38.4,murcia,0,23.18
LZ-EV-002452,13,50.5,fast_22kw,47.1,sevilla,0,20.57
LZ-EV-002453,9,41.8,slow_7kw,56.3,sevilla,0,30.59
LZ-EV-002454,4,38.2,slow_7kw,62.6,zaragoza,0,22.32
LZ-EV-002455,11,39.0,fast_22kw,40.6,murcia,1,22.73
LZ-EV-002456,6,41.4,slow_7kw,41.9,malaga,0,23.72
LZ-EV-002457,4,48.9,fast_22kw,87.0,murcia,1,40.16
LZ-EV-002458,6,32.1,slow_7kw,55.1,barcelona,0,21.4
LZ-EV-002459,1,56.3,fast_22kw,64.3,sevilla,0,25.42
LZ-EV-002460,7,54.3,fast_22kw,60.3,madrid,1,24.1
LZ-EV-002461,8,27.8,rapid_50kw,104.6,zaragoza,0,27.42
LZ-EV-002462,2,24.2,slow_7kw,50.5,valencia,0,28.22
LZ-EV-002463,14,22.5,slow_7kw,78.3,malaga,1,54.13
LZ-EV-002464,23,3.7,slow_7kw,67.4,murcia,0,32.46
LZ-EV-002465,9,51.9,slow_7kw,78.2,madrid,0,21.95
LZ-EV-002466,13,42.2,ultra_150kw,75.6,malaga,1,40.87
LZ-EV-002467,15,55.0,ultra_150kw,65.3,zaragoza,0,24.44
LZ-EV-002468,4,13.5,fast_22kw,73.1,valencia,0,59.79
LZ-EV-002469,21,4.9,rapid_50kw,83.8,malaga,0,34.66
LZ-EV-002470,18,27.0,rapid_50kw,61.2,bilbao,0,21.39
LZ-EV-002471,1,60.7,fast_22kw,64.7,murcia,0,25.34
LZ-EV-002472,6,63.1,fast_22kw,72.6,malaga,0,25.51
LZ-EV-002473,3,2.1,fast_22kw,73.0,malaga,0,37.31
LZ-EV-002474,19,37.6,slow_7kw,67.3,bilbao,0,38.02
LZ-EV-002475,14,43.4,fast_22kw,62.0,sevilla,0,32.24
LZ-EV-002476,9,39.9,fast_22kw,73.5,barcelona,1,27.4
LZ-EV-002477,13,11.4,slow_7kw,65.1,madrid,0,30.78
LZ-EV-002478,7,36.8,ultra_150kw,60.8,malaga,0,25.77
LZ-EV-002479,14,37.2,fast_22kw,32.8,valencia,0,19.52
LZ-EV-002480,17,49.6,slow_7kw,57.7,barcelona,0,25.45
LZ-EV-002481,20,71.7,slow_7kw,55.1,valencia,0,13.02
LZ-EV-002482,19,37.8,fast_22kw,65.9,valencia,1,36.01
LZ-EV-002483,1,50.7,slow_7kw,70.8,madrid,0,31.14
LZ-EV-002484,15,55.7,slow_7kw,55.4,barcelona,0,22.12
LZ-EV-002485,15,50.5,fast_22kw,43.6,sevilla,0,18.87
LZ-EV-002486,9,39.5,slow_7kw,71.8,valencia,0,24.82
LZ-EV-002487,21,50.7,ultra_150kw,63.3,zaragoza,0,30.17
LZ-EV-002488,6,29.1,slow_7kw,77.9,barcelona,0,35.9
LZ-EV-002489,3,47.4,fast_22kw,71.3,barcelona,0,36.26
LZ-EV-002490,14,38.7,slow_7kw,68.0,barcelona,0,25.19
LZ-EV-002491,13,2.4,ultra_150kw,48.6,zaragoza,1,46.16
LZ-EV-002492,14,43.5,ultra_150kw,56.0,sevilla,0,29.55
LZ-EV-002493,15,42.0,slow_7kw,98.1,murcia,0,50.26
LZ-EV-002494,12,54.7,slow_7kw,67.4,zaragoza,0,28.91
LZ-EV-002495,9,44.8,slow_7kw,60.0,sevilla,0,30.25
LZ-EV-002496,16,46.7,slow_7kw,72.1,madrid,0,35.48
LZ-EV-002497,18,43.2,fast_22kw,50.5,madrid,1,26.28
LZ-EV-002498,18,25.9,slow_7kw,71.9,madrid,0,27.08
LZ-EV-002499,10,30.4,fast_22kw,77.5,zaragoza,1,44.65
LZ-EV-002500,23,48.8,slow_7kw,63.0,sevilla,1,29.35
LZ-EV-002501,3,43.0,fast_22kw,48.8,murcia,1,23.37
LZ-EV-002502,8,72.8,ultra_150kw,56.4,malaga,1,15.3
LZ-EV-002503,4,30.0,slow_7kw,76.6,malaga,0,27.44
LZ-EV-002504,17,35.2,slow_7kw,68.0,barcelona,0,40.75
LZ-EV-002505,19,39.5,fast_22kw,49.8,sevilla,1,29.63
LZ-EV-002506,16,20.1,fast_22kw,33.1,bilbao,1,21.83
LZ-EV-002507,10,34.8,slow_7kw,43.2,zaragoza,0,27.51
LZ-EV-002508,23,43.8,slow_7kw,88.1,barcelona,0,47.4
LZ-EV-002509,19,34.6,slow_7kw,84.1,sevilla,0,39.49
LZ-EV-002510,10,20.4,rapid_50kw,45.4,malaga,0,34.67
LZ-EV-002511,14,2.0,slow_7kw,70.9,valencia,0,16.85
LZ-EV-002512,11,37.4,slow_7kw,80.9,sevilla,0,44.13
LZ-EV-002513,18,36.6,ultra_150kw,68.1,sevilla,0,36.35
LZ-EV-002514,21,38.5,slow_7kw,74.4,malaga,1,35.51
LZ-EV-002515,7,60.4,rapid_50kw,89.0,barcelona,1,32.58
LZ-EV-002516,3,9.2,slow_7kw,54.0,malaga,1,30.4
LZ-EV-002517,9,47.0,rapid_50kw,70.0,zaragoza,0,29.29
LZ-EV-002518,9,57.0,rapid_50kw,35.0,madrid,0,13.55
LZ-EV-002519,15,3.3,rapid_50kw,45.3,sevilla,1,19.23
LZ-EV-002520,3,35.7,rapid_50kw,38.0,valencia,0,23.72
LZ-EV-002521,8,32.6,slow_7kw,83.7,murcia,1,47.33
LZ-EV-002522,10,39.1,ultra_150kw,69.9,malaga,0,14.6
LZ-EV-002523,16,65.8,ultra_150kw,68.6,murcia,0,15.88
LZ-EV-002524,7,23.3,rapid_50kw,72.7,bilbao,0,25.33
LZ-EV-002525,13,36.2,slow_7kw,82.1,zaragoza,0,32.92
LZ-EV-002526,2,68.6,fast_22kw,45.7,malaga,1,15.18
LZ-EV-002527,8,18.5,rapid_50kw,80.8,madrid,0,49.01
LZ-EV-002528,19,56.4,fast_22kw,66.7,madrid,0,29.67
LZ-EV-002529,9,36.1,slow_7kw,71.3,murcia,0,41.86
LZ-EV-002530,2,39.7,slow_7kw,45.4,barcelona,0,28.01
LZ-EV-002531,15,62.5,slow_7kw,43.9,zaragoza,0,14.78
LZ-EV-002532,22,17.5,ultra_150kw,63.2,sevilla,0,48.13
LZ-EV-002533,3,63.4,slow_7kw,61.1,valencia,0,20.18
LZ-EV-002534,11,36.2,fast_22kw,54.0,valencia,0,26.98
LZ-EV-002535,3,30.5,rapid_50kw,60.3,murcia,1,21.27
LZ-EV-002536,13,2.0,ultra_150kw,63.4,malaga,0,54.25
LZ-EV-002537,18,28.5,fast_22kw,47.0,murcia,1,28.08
LZ-EV-002538,1,26.1,rapid_50kw,40.7,valencia,1,18.9
LZ-EV-002539,7,2.0,ultra_150kw,79.3,zaragoza,1,17.64
LZ-EV-002540,2,28.2,fast_22kw,84.8,valencia,0,24.8
LZ-EV-002541,21,2.0,slow_7kw,52.6,madrid,0,42.87
LZ-EV-002542,8,79.6,fast_22kw,53.2,malaga,0,10.71
LZ-EV-002543,19,42.5,fast_22kw,48.2,valencia,1,25.85
LZ-EV-002544,2,33.9,fast_22kw,66.7,madrid,1,42.02
LZ-EV-002545,2,58.2,slow_7kw,89.8,bilbao,0,32.66
LZ-EV-002546,3,38.7,slow_7kw,66.4,bilbao,0,20.74
LZ-EV-002547,10,71.3,slow_7kw,56.5,valencia,0,15.5
LZ-EV-002548,21,36.0,fast_22kw,77.5,bilbao,1,39.18
LZ-EV-002549,5,56.3,rapid_50kw,50.3,valencia,1,19.84
LZ-EV-002550,7,51.5,slow_7kw,57.1,valencia,0,22.52
LZ-EV-002551,5,20.6,fast_22kw,75.8,valencia,0,27.04
LZ-EV-002552,0,29.1,slow_7kw,51.8,murcia,1,32.97
LZ-EV-002553,19,46.3,rapid_50kw,56.9,sevilla,0,27.45
LZ-EV-002554,7,79.3,slow_7kw,60.3,murcia,1,12.07
LZ-EV-002555,17,31.0,slow_7kw,78.1,barcelona,0,40.5
LZ-EV-002556,9,29.2,rapid_50kw,83.4,bilbao,0,27.58
LZ-EV-002557,12,37.0,rapid_50kw,56.7,zaragoza,0,29.39
LZ-EV-002558,0,74.4,slow_7kw,72.9,barcelona,0,19.38
LZ-EV-002559,1,51.2,rapid_50kw,62.4,madrid,0,29.96
LZ-EV-002560,19,29.1,rapid_50kw,68.6,sevilla,1,30.53
LZ-EV-002561,21,52.9,fast_22kw,101.2,barcelona,0,46.91
LZ-EV-002562,1,62.6,fast_22kw,34.9,valencia,0,11.75
LZ-EV-002563,21,59.1,fast_22kw,76.9,barcelona,0,28.18
LZ-EV-002564,15,82.0,slow_7kw,78.8,malaga,0,12.8
LZ-EV-002565,7,37.6,fast_22kw,63.8,madrid,0,32.77
LZ-EV-002566,14,29.2,slow_7kw,74.8,murcia,0,40.76
LZ-EV-002567,1,73.6,rapid_50kw,48.3,madrid,1,12.58
LZ-EV-002568,12,39.2,slow_7kw,48.3,barcelona,0,27.05
LZ-EV-002569,23,30.1,fast_22kw,66.0,barcelona,1,21.13
LZ-EV-002570,3,2.0,slow_7kw,71.3,madrid,0,66.84
LZ-EV-002571,2,11.5,rapid_50kw,60.2,madrid,0,37.57
LZ-EV-002572,14,21.7,ultra_150kw,76.8,bilbao,1,35.95
LZ-EV-002573,21,29.0,rapid_50kw,54.5,madrid,0,30.58
LZ-EV-002574,13,36.0,slow_7kw,83.9,barcelona,1,40.58
LZ-EV-002575,9,6.4,slow_7kw,28.3,bilbao,0,24.97
LZ-EV-002576,1,42.5,slow_7kw,59.7,barcelona,0,33.58
LZ-EV-002577,0,61.6,ultra_150kw,58.3,barcelona,0,20.87
LZ-EV-002578,18,90.0,slow_7kw,87.6,valencia,0,7.87
LZ-EV-002579,9,54.5,slow_7kw,53.6,barcelona,1,23.98
LZ-EV-002580,17,38.9,slow_7kw,50.1,bilbao,0,29.8
LZ-EV-002581,13,19.9,fast_22kw,47.1,barcelona,0,34.89
LZ-EV-002582,15,2.0,slow_7kw,48.3,zaragoza,0,40.23
LZ-EV-002583,0,18.9,fast_22kw,52.2,zaragoza,0,25.77
LZ-EV-002584,8,48.9,ultra_150kw,46.3,barcelona,0,23.57
LZ-EV-002585,4,54.5,fast_22kw,65.7,bilbao,0,25.42
LZ-EV-002586,12,39.9,slow_7kw,56.6,sevilla,1,32.36
LZ-EV-002587,9,29.3,slow_7kw,76.0,sevilla,1,45.17
LZ-EV-002588,10,57.6,fast_22kw,48.1,valencia,1,22.94
LZ-EV-002589,9,49.2,rapid_50kw,60.8,sevilla,0,27.46
LZ-EV-002590,7,20.2,rapid_50kw,66.1,murcia,0,37.87
LZ-EV-002591,14,43.0,slow_7kw,81.8,zaragoza,0,28.98
LZ-EV-002592,21,2.0,rapid_50kw,68.7,valencia,0,30.45
LZ-EV-002593,16,27.4,slow_7kw,34.3,valencia,0,23.73
LZ-EV-002594,11,44.0,fast_22kw,58.2,malaga,0,28.18
LZ-EV-002595,7,88.4,fast_22kw,57.6,zaragoza,0,6.64
LZ-EV-002596,0,44.6,slow_7kw,60.9,madrid,0,33.19
LZ-EV-002597,8,9.2,rapid_50kw,37.2,sevilla,1,26.83
LZ-EV-002598,12,29.7,fast_22kw,71.5,bilbao,0,48.4
LZ-EV-002599,0,62.2,fast_22kw,51.4,murcia,0,17.57
LZ-EV-002600,16,66.9,slow_7kw,48.8,valencia,1,15.04
LZ-EV-002601,5,10.9,fast_22kw,91.2,malaga,0,58.46
LZ-EV-002602,5,33.8,fast_22kw,51.4,sevilla,0,31.68
LZ-EV-002603,22,29.3,fast_22kw,57.4,bilbao,0,37.5
LZ-EV-002604,14,26.2,slow_7kw,102.9,sevilla,1,74.64
LZ-EV-002605,23,14.6,fast_22kw,30.6,malaga,0,22.2
LZ-EV-002606,19,29.7,slow_7kw,76.1,barcelona,0,50.28
LZ-EV-002607,12,20.2,fast_22kw,78.5,madrid,1,36.04
LZ-EV-002608,22,47.9,fast_22kw,49.1,sevilla,1,26.44
LZ-EV-002609,3,34.8,fast_22kw,58.0,barcelona,0,33.53
LZ-EV-002610,9,33.2,slow_7kw,85.4,murcia,0,24.03
LZ-EV-002611,4,21.5,ultra_150kw,34.8,madrid,0,27.63
LZ-EV-002612,15,36.7,ultra_150kw,61.5,zaragoza,1,37.86
LZ-EV-002613,0,46.5,ultra_150kw,70.8,malaga,0,37.87
LZ-EV-002614,6,45.3,slow_7kw,86.9,zaragoza,0,21.53
LZ-EV-002615,21,4.3,slow_7kw,58.2,sevilla,0,48.24
LZ-EV-002616,2,25.3,slow_7kw,91.8,sevilla,0,37.46
LZ-EV-002617,16,22.2,slow_7kw,48.5,sevilla,1,36.18
LZ-EV-002618,7,47.0,slow_7kw,73.9,murcia,0,37.41
LZ-EV-002619,4,62.7,fast_22kw,58.5,sevilla,0,16.67
LZ-EV-002620,3,9.7,rapid_50kw,58.5,murcia,0,29.6
LZ-EV-002621,12,38.7,rapid_50kw,63.5,madrid,0,23.26
LZ-EV-002622,15,28.8,rapid_50kw,64.7,valencia,0,38.44
LZ-EV-002623,20,41.7,ultra_150kw,66.0,barcelona,0,33.99
LZ-EV-002624,11,48.6,ultra_150kw,44.4,malaga,0,20.17
LZ-EV-002625,6,21.4,rapid_50kw,68.7,madrid,0,33.83
LZ-EV-002626,5,52.6,slow_7kw,88.3,zaragoza,1,39.78
LZ-EV-002627,5,32.4,slow_7kw,60.5,murcia,1,36.17
LZ-EV-002628,21,23.9,fast_22kw,41.5,murcia,0,28.62
LZ-EV-002629,9,12.3,fast_22kw,67.8,zaragoza,0,52.18
LZ-EV-002630,9,19.3,fast_22kw,65.1,barcelona,0,31.6
LZ-EV-002631,5,36.6,fast_22kw,58.8,valencia,0,34.02
LZ-EV-002632,2,37.9,slow_7kw,28.0,barcelona,0,16.19
LZ-EV-002633,2,57.8,slow_7kw,34.3,malaga,0,13.86
LZ-EV-002634,7,65.0,fast_22kw,37.4,sevilla,0,11.74
LZ-EV-002635,7,24.0,fast_22kw,57.4,madrid,1,41.1
LZ-EV-002636,3,40.2,slow_7kw,84.9,valencia,1,33.08
LZ-EV-002637,21,2.0,fast_22kw,66.7,zaragoza,0,36.14
LZ-EV-002638,2,11.2,fast_22kw,74.4,sevilla,0,54.81
LZ-EV-002639,4,68.1,rapid_50kw,83.8,murcia,0,25.53
LZ-EV-002640,2,22.8,slow_7kw,77.1,sevilla,0,51.73
LZ-EV-002641,22,63.1,slow_7kw,28.0,zaragoza,1,8.11
LZ-EV-002642,3,31.2,slow_7kw,62.5,madrid,1,40.49
LZ-EV-002643,18,50.1,fast_22kw,56.3,malaga,0,25.7
LZ-EV-002644,20,34.8,rapid_50kw,60.0,malaga,1,23.5
LZ-EV-002645,15,51.4,slow_7kw,56.7,valencia,0,26.02
LZ-EV-002646,10,29.1,rapid_50kw,42.1,malaga,0,19.77
LZ-EV-002647,23,68.5,rapid_50kw,95.8,murcia,0,30.05
LZ-EV-002648,20,35.1,slow_7kw,59.1,bilbao,0,31.12
LZ-EV-002649,16,41.4,rapid_50kw,69.0,murcia,0,16.86
LZ-EV-002650,1,51.1,slow_7kw,81.6,valencia,1,33.21
LZ-EV-002651,4,32.4,fast_22kw,74.2,zaragoza,0,44.25
LZ-EV-002652,23,25.7,slow_7kw,44.7,zaragoza,0,29.99
LZ-EV-002653,19,43.9,fast_22kw,52.4,valencia,1,28.66
LZ-EV-002654,13,41.6,fast_22kw,71.5,bilbao,0,24.35
LZ-EV-002655,22,18.6,slow_7kw,80.4,malaga,1,56.0
LZ-EV-002656,1,69.1,slow_7kw,67.0,murcia,0,20.57
LZ-EV-002657,16,57.6,slow_7kw,79.7,barcelona,0,29.6
LZ-EV-002658,15,26.8,fast_22kw,50.2,murcia,0,31.18
LZ-EV-002659,12,41.6,fast_22kw,57.3,bilbao,0,32.07
LZ-EV-002660,22,23.4,ultra_150kw,55.2,sevilla,0,32.68
LZ-EV-002661,5,2.0,slow_7kw,52.9,barcelona,1,46.31
LZ-EV-002662,10,59.4,rapid_50kw,56.4,zaragoza,0,16.02
LZ-EV-002663,13,40.3,fast_22kw,75.9,zaragoza,0,27.86
LZ-EV-002664,10,43.5,ultra_150kw,66.9,madrid,0,24.07
LZ-EV-002665,16,59.0,rapid_50kw,45.4,barcelona,1,15.63
LZ-EV-002666,13,2.0,fast_22kw,49.1,murcia,0,30.9
LZ-EV-002667,16,25.7,slow_7kw,94.6,sevilla,0,31.92
LZ-EV-002668,6,24.6,rapid_50kw,78.3,valencia,0,11.95
LZ-EV-002669,15,29.5,slow_7kw,56.8,murcia,1,28.93
LZ-EV-002670,12,27.3,fast_22kw,55.0,bilbao,1,25.24
LZ-EV-002671,16,46.0,rapid_50kw,64.4,valencia,0,26.12
LZ-EV-002672,23,39.1,slow_7kw,66.7,bilbao,1,29.89
LZ-EV-002673,6,53.3,fast_22kw,86.1,sevilla,0,36.38
LZ-EV-002674,18,7.1,fast_22kw,77.6,zaragoza,0,54.86
LZ-EV-002675,3,52.4,slow_7kw,56.6,murcia,1,24.62
LZ-EV-002676,9,36.8,fast_22kw,51.1,valencia,0,20.44
LZ-EV-002677,8,39.3,fast_22kw,61.3,valencia,0,23.83
LZ-EV-002678,15,62.0,slow_7kw,73.7,valencia,0,24.57
LZ-EV-002679,0,70.4,rapid_50kw,58.4,murcia,0,15.67
LZ-EV-002680,0,30.3,fast_22kw,39.8,barcelona,0,25.89
LZ-EV-002681,9,36.8,fast_22kw,29.6,malaga,0,17.53
LZ-EV-002682,1,21.3,fast_22kw,28.0,bilbao,0,22.17
LZ-EV-002683,23,44.7,fast_22kw,71.9,barcelona,0,33.85
LZ-EV-002684,19,21.3,fast_22kw,48.2,malaga,1,32.4
LZ-EV-002685,8,20.4,ultra_150kw,72.4,sevilla,0,33.22
LZ-EV-002686,0,31.0,slow_7kw,44.6,valencia,0,28.56
LZ-EV-002687,18,36.9,fast_22kw,28.0,barcelona,1,16.89
LZ-EV-002688,6,46.0,slow_7kw,70.3,malaga,1,36.11
LZ-EV-002689,15,57.2,fast_22kw,28.0,bilbao,0,10.78
LZ-EV-002690,6,41.8,slow_7kw,66.6,bilbao,0,33.24
LZ-EV-002691,7,70.8,rapid_50kw,65.1,bilbao,0,17.69
LZ-EV-002692,0,31.2,ultra_150kw,69.1,zaragoza,0,42.95
LZ-EV-002693,15,24.7,fast_22kw,61.5,valencia,0,34.09
LZ-EV-002694,4,34.0,rapid_50kw,54.3,valencia,0,26.35
LZ-EV-002695,17,36.3,slow_7kw,92.5,malaga,0,21.68
LZ-EV-002696,16,19.6,fast_22kw,37.4,madrid,0,27.28
LZ-EV-002697,10,67.9,rapid_50kw,72.7,valencia,0,21.13
LZ-EV-002698,20,29.3,slow_7kw,73.4,bilbao,0,43.97
LZ-EV-002699,7,33.0,fast_22kw,63.4,madrid,1,30.17
LZ-EV-002700,13,46.3,rapid_50kw,77.4,madrid,0,18.13
LZ-EV-002701,16,3.9,rapid_50kw,75.0,sevilla,0,19.8
LZ-EV-002702,12,39.1,fast_22kw,87.5,murcia,0,45.63
LZ-EV-002703,6,19.0,fast_22kw,72.1,zaragoza,0,51.87
LZ-EV-002704,0,29.3,ultra_150kw,73.6,bilbao,1,37.97
LZ-EV-002705,8,31.9,fast_22kw,34.7,malaga,0,21.54
LZ-EV-002706,16,32.7,slow_7kw,53.6,murcia,0,32.98
LZ-EV-002707,19,42.0,slow_7kw,66.9,barcelona,0,37.49
LZ-EV-002708,8,22.9,fast_22kw,82.3,murcia,0,56.56
LZ-EV-002709,20,23.1,fast_22kw,106.7,bilbao,0,43.62
LZ-EV-002710,10,8.4,rapid_50kw,66.1,murcia,0,11.62
LZ-EV-002711,11,84.1,fast_22kw,92.8,madrid,0,14.47
LZ-EV-002712,7,34.8,fast_22kw,87.1,valencia,0,55.78
LZ-EV-002713,9,53.0,rapid_50kw,48.4,bilbao,0,23.08
LZ-EV-002714,2,19.7,fast_22kw,52.0,barcelona,1,30.83
LZ-EV-002715,18,55.9,fast_22kw,62.3,murcia,0,25.72
LZ-EV-002716,1,21.9,fast_22kw,53.7,sevilla,0,39.38
LZ-EV-002717,16,44.2,fast_22kw,75.4,zaragoza,0,35.65
LZ-EV-002718,23,49.4,rapid_50kw,28.0,valencia,0,12.93
LZ-EV-002719,5,35.2,slow_7kw,47.0,murcia,0,24.79
LZ-EV-002720,12,4.5,ultra_150kw,66.2,murcia,0,42.84
LZ-EV-002721,9,47.6,slow_7kw,56.9,valencia,0,27.65
LZ-EV-002722,4,51.4,fast_22kw,55.8,valencia,0,26.03
LZ-EV-002723,16,19.9,fast_22kw,51.5,madrid,0,34.28
LZ-EV-002724,13,47.4,fast_22kw,66.4,sevilla,0,33.41
LZ-EV-002725,13,16.3,fast_22kw,58.3,madrid,0,24.77
LZ-EV-002726,5,70.8,rapid_50kw,40.7,zaragoza,0,10.81
LZ-EV-002727,6,26.9,fast_22kw,52.2,murcia,0,33.67
LZ-EV-002728,8,68.5,slow_7kw,63.9,barcelona,0,19.18
LZ-EV-002729,14,45.3,slow_7kw,45.6,madrid,0,21.97
LZ-EV-002730,1,7.9,ultra_150kw,82.3,sevilla,0,22.52
LZ-EV-002731,2,31.4,rapid_50kw,43.9,barcelona,1,7.57
LZ-EV-002732,6,69.9,slow_7kw,70.1,zaragoza,0,19.05
LZ-EV-002733,13,20.6,fast_22kw,31.4,zaragoza,0,22.49
LZ-EV-002734,8,55.7,slow_7kw,79.4,malaga,1,33.58
LZ-EV-002735,16,47.7,slow_7kw,68.8,malaga,1,34.04
LZ-EV-002736,21,51.6,fast_22kw,73.3,zaragoza,0,26.33
LZ-EV-002737,6,30.0,rapid_50kw,55.0,valencia,0,35.64
LZ-EV-002738,1,37.7,slow_7kw,62.8,sevilla,0,34.7
LZ-EV-002739,8,43.7,slow_7kw,29.4,valencia,0,14.79
LZ-EV-002740,20,29.7,rapid_50kw,77.7,valencia,0,31.78
LZ-EV-002741,2,41.5,fast_22kw,47.5,barcelona,0,25.1
LZ-EV-002742,22,53.8,slow_7kw,46.9,malaga,0,19.62
LZ-EV-002743,10,48.0,slow_7kw,66.5,barcelona,0,29.8
LZ-EV-002744,17,16.1,slow_7kw,79.8,zaragoza,0,41.64
LZ-EV-002745,14,75.4,rapid_50kw,74.7,barcelona,0,15.82
LZ-EV-002746,20,26.4,fast_22kw,54.6,zaragoza,0,29.24
LZ-EV-002747,17,50.6,ultra_150kw,51.9,sevilla,0,25.62
LZ-EV-002748,13,12.8,fast_22kw,72.7,sevilla,1,61.01
LZ-EV-002749,17,53.3,fast_22kw,49.2,bilbao,0,22.96
LZ-EV-002750,16,62.7,fast_22kw,91.3,malaga,1,35.34
LZ-EV-002751,8,55.8,slow_7kw,64.5,valencia,0,26.0
LZ-EV-002752,23,25.8,slow_7kw,66.4,zaragoza,0,29.66
LZ-EV-002753,16,38.5,fast_22kw,59.5,bilbao,0,23.75
LZ-EV-002754,5,16.7,rapid_50kw,47.7,madrid,1,30.75
LZ-EV-002755,23,30.7,slow_7kw,60.2,sevilla,1,39.78
LZ-EV-002756,2,21.4,rapid_50kw,65.2,madrid,1,31.17
LZ-EV-002757,4,28.5,fast_22kw,60.2,bilbao,0,39.38
LZ-EV-002758,23,58.5,fast_22kw,60.1,bilbao,0,20.07
LZ-EV-002759,7,58.4,fast_22kw,81.3,valencia,0,31.58
LZ-EV-002760,8,60.3,slow_7kw,67.9,zaragoza,1,23.81
LZ-EV-002761,11,2.0,slow_7kw,90.7,barcelona,1,55.46
LZ-EV-002762,23,29.8,fast_22kw,39.4,madrid,0,29.34
LZ-EV-002763,13,50.1,slow_7kw,75.0,valencia,0,30.15
LZ-EV-002764,2,55.0,fast_22kw,78.7,madrid,0,26.65
LZ-EV-002765,17,41.9,fast_22kw,76.0,barcelona,1,34.14
LZ-EV-002766,5,10.3,slow_7kw,39.3,bilbao,0,30.76
LZ-EV-002767,15,32.3,fast_22kw,59.2,bilbao,1,32.3
LZ-EV-002768,4,22.2,ultra_150kw,56.4,malaga,1,32.43
LZ-EV-002769,5,22.0,rapid_50kw,78.1,sevilla,0,54.38
LZ-EV-002770,6,19.1,rapid_50kw,64.6,zaragoza,0,34.85
LZ-EV-002771,22,17.6,ultra_150kw,47.9,murcia,1,35.9
LZ-EV-002772,4,42.7,rapid_50kw,66.8,murcia,0,24.58
LZ-EV-002773,23,37.0,fast_22kw,72.6,barcelona,0,34.11
LZ-EV-002774,15,30.4,slow_7kw,55.5,barcelona,1,38.63
LZ-EV-002775,11,47.4,fast_22kw,85.4,valencia,0,21.99
LZ-EV-002776,3,42.4,fast_22kw,88.9,zaragoza,1,35.12
LZ-EV-002777,2,34.4,slow_7kw,57.3,barcelona,0,29.87
LZ-EV-002778,6,22.8,rapid_50kw,58.3,valencia,1,18.09
LZ-EV-002779,5,58.9,rapid_50kw,59.7,murcia,1,25.56
LZ-EV-002780,16,39.2,fast_22kw,81.2,madrid,0,35.15
LZ-EV-002781,5,59.2,fast_22kw,69.3,malaga,0,27.13
LZ-EV-002782,11,48.3,rapid_50kw,110.0,sevilla,0,38.63
LZ-EV-002783,21,32.4,slow_7kw,45.5,madrid,1,27.04
LZ-EV-002784,5,43.3,slow_7kw,61.8,murcia,0,32.37
LZ-EV-002785,8,57.5,ultra_150kw,57.9,madrid,1,21.24
LZ-EV-002786,23,24.6,fast_22kw,99.3,barcelona,0,44.3
LZ-EV-002787,23,38.1,rapid_50kw,58.3,zaragoza,0,22.95
LZ-EV-002788,15,30.7,slow_7kw,62.8,zaragoza,0,35.32
LZ-EV-002789,11,26.0,rapid_50kw,78.5,bilbao,0,32.52
LZ-EV-002790,12,2.0,rapid_50kw,55.9,malaga,0,14.0
LZ-EV-002791,22,41.4,fast_22kw,67.0,zaragoza,1,34.63
LZ-EV-002792,10,7.2,slow_7kw,32.7,bilbao,0,28.98
LZ-EV-002793,9,33.9,fast_22kw,84.6,bilbao,0,26.35
LZ-EV-002794,3,34.8,slow_7kw,53.9,bilbao,0,24.61
LZ-EV-002795,18,28.0,slow_7kw,61.6,bilbao,0,40.98
LZ-EV-002796,13,11.4,ultra_150kw,41.5,malaga,1,36.03
LZ-EV-002797,5,22.3,ultra_150kw,86.0,barcelona,1,45.02
LZ-EV-002798,15,13.7,ultra_150kw,106.9,murcia,1,57.56
LZ-EV-002799,22,71.3,slow_7kw,58.9,valencia,0,15.3
LZ-EV-002800,8,36.2,fast_22kw,72.5,barcelona,0,32.0
LZ-EV-002801,22,32.5,fast_22kw,63.4,valencia,1,27.5
LZ-EV-002802,23,44.1,fast_22kw,72.5,valencia,0,37.93
LZ-EV-002803,7,28.5,ultra_150kw,85.9,madrid,0,27.21
LZ-EV-002804,3,29.5,ultra_150kw,62.3,valencia,1,41.42
LZ-EV-002805,18,67.5,slow_7kw,68.0,madrid,0,18.87
LZ-EV-002806,19,47.3,rapid_50kw,71.1,zaragoza,0,32.28
LZ-EV-002807,8,32.2,ultra_150kw,49.1,malaga,0,31.0
LZ-EV-002808,18,69.9,rapid_50kw,57.8,bilbao,0,14.97
LZ-EV-002809,7,69.2,rapid_50kw,42.5,zaragoza,0,11.14
LZ-EV-002810,10,40.1,fast_22kw,58.6,madrid,1,29.73
LZ-EV-002811,3,78.6,slow_7kw,44.2,bilbao,0,8.71
LZ-EV-002812,9,37.1,rapid_50kw,90.2,sevilla,1,27.48
LZ-EV-002813,11,2.0,rapid_50kw,49.2,madrid,0,38.08
LZ-EV-002814,20,45.1,rapid_50kw,60.7,madrid,0,20.44
LZ-EV-002815,11,7.0,ultra_150kw,74.1,valencia,0,25.11
LZ-EV-002816,16,2.0,slow_7kw,63.8,zaragoza,0,24.73
LZ-EV-002817,6,40.2,ultra_150kw,79.2,sevilla,1,43.77
LZ-EV-002818,8,25.8,rapid_50kw,69.9,zaragoza,1,23.67
LZ-EV-002819,10,4.4,slow_7kw,58.0,valencia,0,29.2
LZ-EV-002820,11,34.7,rapid_50kw,78.1,malaga,0,15.06
LZ-EV-002821,23,26.7,ultra_150kw,48.2,valencia,0,33.22
LZ-EV-002822,8,33.6,fast_22kw,40.0,bilbao,0,27.73
LZ-EV-002823,16,32.9,slow_7kw,77.3,valencia,1,44.21
LZ-EV-002824,7,34.7,slow_7kw,59.3,sevilla,0,36.96
LZ-EV-002825,11,26.7,fast_22kw,46.1,sevilla,0,28.58
LZ-EV-002826,7,41.8,fast_22kw,46.9,valencia,0,24.66
LZ-EV-002827,18,38.8,slow_7kw,58.0,murcia,1,21.49
LZ-EV-002828,6,25.2,slow_7kw,43.8,zaragoza,0,30.78
LZ-EV-002829,23,39.6,slow_7kw,65.2,malaga,0,24.28
LZ-EV-002830,3,43.9,ultra_150kw,32.4,sevilla,0,16.6
LZ-EV-002831,16,51.9,ultra_150kw,35.8,barcelona,1,15.81
LZ-EV-002832,16,60.4,rapid_50kw,57.7,valencia,0,21.12
LZ-EV-002833,5,65.0,fast_22kw,49.1,zaragoza,0,15.35
LZ-EV-002834,17,49.9,slow_7kw,69.1,barcelona,0,33.48
LZ-EV-002835,22,6.0,ultra_150kw,64.4,barcelona,0,48.96
LZ-EV-002836,18,47.6,rapid_50kw,54.6,bilbao,1,26.9
LZ-EV-002837,12,33.6,fast_22kw,91.9,valencia,1,32.16
LZ-EV-002838,18,5.7,slow_7kw,28.0,malaga,0,25.24
LZ-EV-002839,5,2.0,fast_22kw,89.5,bilbao,1,49.88
LZ-EV-002840,7,5.2,slow_7kw,81.5,zaragoza,1,23.38
LZ-EV-002841,13,58.5,rapid_50kw,49.3,sevilla,0,18.63
LZ-EV-002842,22,31.5,fast_22kw,78.1,sevilla,0,53.87
LZ-EV-002843,16,26.4,fast_22kw,71.1,sevilla,0,45.36
LZ-EV-002844,16,2.0,fast_22kw,68.7,malaga,0,23.53
LZ-EV-002845,10,18.9,rapid_50kw,62.6,malaga,0,30.33
LZ-EV-002846,14,41.4,fast_22kw,43.5,barcelona,0,24.64
LZ-EV-002847,17,51.9,fast_22kw,86.0,bilbao,0,38.12
LZ-EV-002848,18,35.2,rapid_50kw,44.8,malaga,0,9.1
LZ-EV-002849,0,12.0,rapid_50kw,51.7,madrid,0,44.62
LZ-EV-002850,9,56.0,slow_7kw,52.7,malaga,0,20.8
LZ-EV-002851,13,29.4,fast_22kw,42.9,sevilla,0,28.69
LZ-EV-002852,5,18.6,slow_7kw,79.6,sevilla,0,21.53
LZ-EV-002853,21,34.6,slow_7kw,76.6,zaragoza,0,32.33
LZ-EV-002854,22,63.8,fast_22kw,51.1,murcia,0,16.91
LZ-EV-002855,22,19.3,slow_7kw,28.0,barcelona,1,21.12
LZ-EV-002856,15,45.2,slow_7kw,61.9,bilbao,0,31.22
LZ-EV-002857,22,81.2,ultra_150kw,38.7,sevilla,0,7.14
LZ-EV-002858,7,69.9,fast_22kw,43.8,zaragoza,0,11.77
LZ-EV-002859,20,36.2,rapid_50kw,72.5,murcia,1,43.02
LZ-EV-002860,16,46.6,fast_22kw,57.8,bilbao,1,27.57
LZ-EV-002861,3,61.1,fast_22kw,48.5,bilbao,0,16.75
LZ-EV-002862,20,22.0,fast_22kw,59.7,sevilla,0,40.16
LZ-EV-002863,6,37.5,rapid_50kw,51.3,bilbao,1,27.48
LZ-EV-002864,12,52.8,slow_7kw,48.0,valencia,0,18.65
LZ-EV-002865,16,22.4,fast_22kw,45.7,barcelona,0,35.84
LZ-EV-002866,10,22.4,fast_22kw,77.5,murcia,0,55.01
LZ-EV-002867,5,40.2,slow_7kw,76.8,zaragoza,0,17.65
LZ-EV-002868,8,26.7,slow_7kw,55.8,valencia,1,39.13
LZ-EV-002869,12,23.2,fast_22kw,46.9,madrid,0,34.19
LZ-EV-002870,16,44.3,slow_7kw,69.0,madrid,0,31.59
LZ-EV-002871,6,58.7,slow_7kw,58.2,zaragoza,0,21.38
LZ-EV-002872,13,45.3,fast_22kw,47.7,murcia,0,23.59
LZ-EV-002873,10,32.7,ultra_150kw,48.7,bilbao,0,28.72
LZ-EV-002874,22,31.4,fast_22kw,68.1,bilbao,0,42.94
LZ-EV-002875,17,54.8,rapid_50kw,68.1,valencia,0,13.11
LZ-EV-002876,21,32.7,fast_22kw,52.9,murcia,0,31.94
LZ-EV-002877,1,57.9,rapid_50kw,79.8,sevilla,0,31.31
LZ-EV-002878,21,24.5,slow_7kw,65.6,sevilla,1,38.43
LZ-EV-002879,15,56.5,ultra_150kw,68.1,malaga,0,26.51
LZ-EV-002880,1,78.7,slow_7kw,74.4,madrid,0,15.51
LZ-EV-002881,2,39.2,slow_7kw,48.4,zaragoza,1,25.5
LZ-EV-002882,0,26.7,rapid_50kw,68.6,barcelona,1,23.86
LZ-EV-002883,13,61.6,slow_7kw,63.3,valencia,1,24.05
LZ-EV-002884,20,41.0,slow_7kw,52.3,zaragoza,0,31.72
LZ-EV-002885,20,80.0,slow_7kw,28.0,malaga,0,4.98
LZ-EV-002886,17,54.1,rapid_50kw,56.5,bilbao,1,20.24
LZ-EV-002887,10,43.7,slow_7kw,78.7,sevilla,1,39.53
LZ-EV-002888,18,54.3,slow_7kw,37.5,bilbao,0,15.47
LZ-EV-002889,4,32.0,ultra_150kw,44.8,malaga,0,26.67
LZ-EV-002890,8,13.6,fast_22kw,69.8,barcelona,1,49.13
LZ-EV-002891,12,57.7,rapid_50kw,51.2,zaragoza,0,20.88
LZ-EV-002892,11,44.4,fast_22kw,54.8,sevilla,0,25.41
LZ-EV-002893,2,9.6,fast_22kw,77.0,barcelona,1,65.79
LZ-EV-002894,11,4.0,rapid_50kw,102.8,barcelona,0,23.6
LZ-EV-002895,14,30.2,slow_7kw,61.2,bilbao,0,37.07
LZ-EV-002896,12,2.5,rapid_50kw,59.6,barcelona,0,26.12
LZ-EV-002897,6,45.5,ultra_150kw,51.7,bilbao,0,25.49
LZ-EV-002898,23,56.3,rapid_50kw,51.4,bilbao,0,18.22
LZ-EV-002899,6,31.0,slow_7kw,47.6,barcelona,1,29.2
LZ-EV-002900,12,65.0,ultra_150kw,52.5,murcia,0,16.58
LZ-EV-002901,21,57.1,fast_22kw,74.7,zaragoza,1,30.25
LZ-EV-002902,18,41.6,ultra_150kw,89.8,murcia,0,50.53
LZ-EV-002903,21,41.1,rapid_50kw,71.9,zaragoza,1,29.71
LZ-EV-002904,3,57.9,ultra_150kw,47.3,barcelona,0,17.64
LZ-EV-002905,17,2.0,fast_22kw,55.6,madrid,1,42.8
LZ-EV-002906,12,10.9,slow_7kw,46.1,malaga,0,36.77
LZ-EV-002907,7,2.0,slow_7kw,110.0,zaragoza,0,45.45
LZ-EV-002908,23,28.0,rapid_50kw,73.0,valencia,0,21.96
LZ-EV-002909,10,41.3,fast_22kw,59.7,barcelona,1,29.7
LZ-EV-002910,6,42.8,rapid_50kw,50.4,valencia,0,27.49
LZ-EV-002911,2,20.4,fast_22kw,33.3,barcelona,1,21.31
LZ-EV-002912,8,29.2,slow_7kw,49.5,malaga,0,29.62
LZ-EV-002913,21,31.3,fast_22kw,61.0,valencia,0,38.19
LZ-EV-002914,0,62.3,slow_7kw,72.2,malaga,1,24.94
LZ-EV-002915,21,30.7,rapid_50kw,62.1,valencia,1,39.93
LZ-EV-002916,6,40.6,fast_22kw,52.9,bilbao,0,28.76
LZ-EV-002917,0,46.5,slow_7kw,83.2,zaragoza,0,38.8
LZ-EV-002918,18,17.4,fast_22kw,40.2,madrid,0,30.74
LZ-EV-002919,7,38.2,slow_7kw,51.6,zaragoza,1,25.41
LZ-EV-002920,18,26.6,slow_7kw,58.0,zaragoza,1,38.11
LZ-EV-002921,1,21.3,rapid_50kw,64.1,zaragoza,0,12.35
LZ-EV-002922,5,81.5,fast_22kw,76.6,barcelona,0,12.29
LZ-EV-002923,18,47.1,slow_7kw,59.4,murcia,0,26.88
LZ-EV-002924,9,27.2,fast_22kw,58.7,valencia,0,38.45
LZ-EV-002925,10,6.9,slow_7kw,81.6,murcia,0,48.75
LZ-EV-002926,23,41.7,slow_7kw,73.7,zaragoza,0,35.23
LZ-EV-002927,16,43.5,fast_22kw,67.3,valencia,0,34.52
LZ-EV-002928,8,62.0,slow_7kw,71.9,sevilla,1,27.32
LZ-EV-002929,3,36.9,fast_22kw,46.1,barcelona,0,29.75
LZ-EV-002930,11,61.1,slow_7kw,37.6,murcia,0,13.15
LZ-EV-002931,17,41.0,slow_7kw,71.2,valencia,1,40.1
LZ-EV-002932,9,37.9,slow_7kw,37.4,bilbao,0,21.26
LZ-EV-002933,1,38.8,rapid_50kw,60.7,sevilla,0,19.83
LZ-EV-002934,16,40.6,fast_22kw,44.7,valencia,0,24.89
LZ-EV-002935,1,71.2,slow_7kw,91.6,barcelona,1,24.79
LZ-EV-002936,17,32.5,rapid_50kw,66.5,murcia,0,17.89
LZ-EV-002937,20,14.7,rapid_50kw,86.1,valencia,1,38.91
LZ-EV-002938,10,53.4,slow_7kw,46.2,sevilla,0,21.25
LZ-EV-002939,22,57.8,ultra_150kw,61.1,valencia,1,22.2
LZ-EV-002940,9,30.7,rapid_50kw,61.4,madrid,0,28.86
LZ-EV-002941,12,46.3,slow_7kw,87.2,murcia,0,31.23
LZ-EV-002942,5,15.4,fast_22kw,77.1,valencia,1,27.82
LZ-EV-002943,12,45.8,rapid_50kw,68.5,valencia,1,34.8
LZ-EV-002944,1,24.6,slow_7kw,47.5,murcia,0,33.86
LZ-EV-002945,8,26.5,slow_7kw,68.6,valencia,0,31.16
LZ-EV-002946,21,30.1,rapid_50kw,42.8,malaga,0,28.25
LZ-EV-002947,21,3.2,slow_7kw,38.9,bilbao,0,32.45
LZ-EV-002948,23,13.0,fast_22kw,73.3,zaragoza,1,32.44
LZ-EV-002949,21,41.2,slow_7kw,60.5,barcelona,0,29.69
LZ-EV-002950,5,57.5,fast_22kw,57.1,madrid,0,24.18
LZ-EV-002951,14,68.2,rapid_50kw,66.4,sevilla,1,15.86
LZ-EV-002952,23,39.7,slow_7kw,43.0,madrid,0,23.02
LZ-EV-002953,0,61.9,slow_7kw,74.8,sevilla,0,26.4
LZ-EV-002954,12,34.1,rapid_50kw,85.5,valencia,0,25.09
LZ-EV-002955,13,36.2,rapid_50kw,91.3,madrid,0,29.03
LZ-EV-002956,5,37.8,slow_7kw,77.5,zaragoza,0,47.69
LZ-EV-002957,20,20.9,fast_22kw,41.9,malaga,1,30.43
LZ-EV-002958,9,35.0,rapid_50kw,67.8,barcelona,0,20.68
LZ-EV-002959,17,32.2,slow_7kw,63.5,madrid,1,35.69
LZ-EV-002960,10,46.2,rapid_50kw,79.6,bilbao,0,23.4
LZ-EV-002961,9,27.0,fast_22kw,80.7,bilbao,0,46.59
LZ-EV-002962,23,37.6,fast_22kw,45.7,murcia,1,26.6
LZ-EV-002963,22,26.2,rapid_50kw,63.5,malaga,0,27.38
LZ-EV-002964,0,59.3,rapid_50kw,67.5,zaragoza,0,17.66
LZ-EV-002965,22,31.3,slow_7kw,46.3,murcia,0,31.2
LZ-EV-002966,3,32.7,slow_7kw,70.5,murcia,1,25.59
LZ-EV-002967,8,44.4,slow_7kw,65.5,murcia,0,29.18
LZ-EV-002968,11,44.2,ultra_150kw,85.4,madrid,0,43.06
LZ-EV-002969,20,59.9,fast_22kw,52.8,murcia,1,19.91
LZ-EV-002970,13,23.5,fast_22kw,33.5,barcelona,0,23.8
LZ-EV-002971,21,4.7,fast_22kw,52.7,zaragoza,0,29.52
LZ-EV-002972,8,13.2,rapid_50kw,56.6,malaga,0,37.3
LZ-EV-002973,9,24.2,fast_22kw,44.1,zaragoza,1,36.16
LZ-EV-002974,15,43.4,fast_22kw,67.2,madrid,1,28.12
LZ-EV-002975,23,62.1,slow_7kw,54.0,murcia,1,19.59
LZ-EV-002976,5,67.3,slow_7kw,56.0,valencia,0,16.55
LZ-EV-002977,0,36.6,fast_22kw,61.0,malaga,0,32.16
LZ-EV-002978,18,60.9,slow_7kw,57.4,zaragoza,0,20.03
LZ-EV-002979,3,59.6,slow_7kw,74.6,bilbao,0,27.24
LZ-EV-002980,20,40.3,slow_7kw,74.6,barcelona,0,31.8
LZ-EV-002981,8,37.0,fast_22kw,63.7,sevilla,0,36.72
LZ-EV-002982,7,49.5,ultra_150kw,73.9,murcia,0,33.65
LZ-EV-002983,14,59.2,slow_7kw,69.3,bilbao,0,28.86
LZ-EV-002984,22,17.0,fast_22kw,58.4,bilbao,0,42.19
LZ-EV-002985,7,2.0,rapid_50kw,55.3,malaga,0,34.38
LZ-EV-002986,2,55.0,rapid_50kw,97.3,murcia,0,41.38
LZ-EV-002987,7,80.2,rapid_50kw,50.4,zaragoza,0,8.57
LZ-EV-002988,11,44.6,fast_22kw,78.7,zaragoza,1,40.34
LZ-EV-002989,18,45.2,fast_22kw,58.3,malaga,1,27.81
LZ-EV-002990,23,6.4,slow_7kw,50.2,malaga,0,41.03
LZ-EV-002991,8,30.7,fast_22kw,74.9,murcia,0,25.31
LZ-EV-002992,21,43.2,rapid_50kw,67.1,valencia,1,23.3
LZ-EV-002993,2,50.5,rapid_50kw,38.5,sevilla,0,19.11
LZ-EV-002994,3,22.4,slow_7kw,71.0,valencia,1,29.73
LZ-EV-002995,1,44.9,rapid_50kw,52.6,murcia,1,24.17
LZ-EV-002996,5,45.7,slow_7kw,62.3,madrid,0,31.35
LZ-EV-002997,17,31.7,rapid_50kw,57.7,bilbao,0,22.09
LZ-EV-002998,13,22.4,slow_7kw,45.7,bilbao,0,25.66
LZ-EV-002999,9,21.5,fast_22kw,63.6,madrid,1,35.43
LZ-EV-003000,21,32.8,slow_7kw,55.4,bilbao,1,26.59
LZ-EV-003001,2,47.8,fast_22kw,70.0,sevilla,0,32.17
LZ-EV-003002,17,40.0,slow_7kw,58.3,madrid,1,31.87
LZ-EV-003003,20,23.8,fast_22kw,50.2,sevilla,0,18.63
LZ-EV-003004,22,58.0,slow_7kw,49.3,valencia,1,17.68
LZ-EV-003005,20,50.4,fast_22kw,49.8,madrid,0,21.7
LZ-EV-003006,9,53.4,slow_7kw,63.8,bilbao,0,27.64
LZ-EV-003007,9,58.3,fast_22kw,42.3,bilbao,0,16.1
LZ-EV-003008,21,26.9,slow_7kw,73.5,barcelona,0,26.99
LZ-EV-003009,11,65.5,fast_22kw,103.6,malaga,0,30.44
LZ-EV-003010,16,23.4,ultra_150kw,65.7,bilbao,0,30.51
LZ-EV-003011,10,50.9,fast_22kw,37.8,murcia,1,17.92
LZ-EV-003012,15,48.9,rapid_50kw,51.3,bilbao,0,24.54
LZ-EV-003013,7,6.5,rapid_50kw,47.5,madrid,1,28.55
LZ-EV-003014,4,42.5,slow_7kw,72.6,malaga,1,37.82
LZ-EV-003015,9,60.4,ultra_150kw,77.0,malaga,0,26.85
LZ-EV-003016,13,25.3,rapid_50kw,54.0,malaga,1,30.0
LZ-EV-003017,8,15.3,fast_22kw,62.0,murcia,1,37.07
LZ-EV-003018,19,29.1,rapid_50kw,85.6,sevilla,1,24.57
LZ-EV-003019,17,38.8,fast_22kw,71.4,zaragoza,0,40.35
LZ-EV-003020,23,55.8,slow_7kw,52.9,bilbao,1,20.79
LZ-EV-003021,5,46.2,slow_7kw,60.2,zaragoza,0,29.32
LZ-EV-003022,14,12.5,slow_7kw,34.3,madrid,0,25.42
LZ-EV-003023,20,35.2,fast_22kw,73.9,sevilla,0,35.43
LZ-EV-003024,14,66.5,fast_22kw,91.7,bilbao,1,28.76
LZ-EV-003025,10,37.8,rapid_50kw,33.4,bilbao,0,19.99
LZ-EV-003026,9,2.0,slow_7kw,56.5,madrid,0,41.37
LZ-EV-003027,12,53.2,rapid_50kw,73.2,murcia,1,31.48
LZ-EV-003028,3,33.1,fast_22kw,66.7,bilbao,0,39.89
LZ-EV-003029,23,80.0,fast_22kw,61.5,murcia,0,11.52
LZ-EV-003030,22,16.1,rapid_50kw,47.3,murcia,0,18.34
LZ-EV-003031,16,80.6,rapid_50kw,37.7,sevilla,0,6.03
LZ-EV-003032,17,29.9,fast_22kw,50.2,malaga,0,30.67
LZ-EV-003033,9,46.9,slow_7kw,64.0,malaga,0,24.86
LZ-EV-003034,5,16.5,slow_7kw,52.0,bilbao,0,25.64
LZ-EV-003035,8,21.6,rapid_50kw,55.5,zaragoza,0,37.24
LZ-EV-003036,3,58.8,rapid_50kw,43.4,malaga,0,16.91
LZ-EV-003037,0,2.0,fast_22kw,58.9,valencia,0,37.37
LZ-EV-003038,9,68.3,ultra_150kw,33.9,madrid,0,10.49
LZ-EV-003039,11,35.8,slow_7kw,72.6,malaga,0,18.71
LZ-EV-003040,9,35.4,ultra_150kw,75.7,sevilla,1,30.35
LZ-EV-003041,12,44.4,rapid_50kw,63.6,zaragoza,0,17.97
LZ-EV-003042,19,26.8,rapid_50kw,62.7,valencia,0,34.25
LZ-EV-003043,8,24.8,slow_7kw,67.1,bilbao,0,42.06
LZ-EV-003044,5,75.7,fast_22kw,57.6,malaga,0,11.65
LZ-EV-003045,13,52.8,slow_7kw,65.7,zaragoza,0,27.97
LZ-EV-003046,2,60.1,fast_22kw,47.1,zaragoza,1,17.6
LZ-EV-003047,9,65.4,slow_7kw,41.3,valencia,0,12.5
LZ-EV-003048,9,21.6,ultra_150kw,50.0,zaragoza,1,35.08
LZ-EV-003049,23,25.3,rapid_50kw,81.8,zaragoza,1,30.82
LZ-EV-003050,1,34.2,ultra_150kw,68.4,bilbao,0,40.5
LZ-EV-003051,7,47.0,fast_22kw,65.4,sevilla,1,31.93
LZ-EV-003052,17,82.6,fast_22kw,63.5,bilbao,0,11.43
LZ-EV-003053,9,52.6,fast_22kw,66.8,madrid,0,27.53
LZ-EV-003054,23,27.3,slow_7kw,61.0,bilbao,0,44.11
LZ-EV-003055,10,20.5,rapid_50kw,44.5,zaragoza,0,24.05
LZ-EV-003056,16,33.4,rapid_50kw,79.3,valencia,0,26.93
LZ-EV-003057,17,48.9,ultra_150kw,55.8,barcelona,0,27.61
LZ-EV-003058,5,23.2,slow_7kw,46.7,madrid,0,30.79
LZ-EV-003059,19,29.0,fast_22kw,64.3,sevilla,0,28.84
LZ-EV-003060,23,66.8,fast_22kw,61.0,zaragoza,0,18.48
LZ-EV-003061,6,80.3,slow_7kw,80.9,valencia,1,14.75
LZ-EV-003062,19,53.6,fast_22kw,62.0,sevilla,0,29.78
LZ-EV-003063,16,34.5,slow_7kw,49.7,bilbao,0,28.21
LZ-EV-003064,21,54.5,ultra_150kw,48.5,valencia,1,20.98
LZ-EV-003065,3,38.3,fast_22kw,56.2,valencia,0,33.15
LZ-EV-003066,11,54.1,slow_7kw,66.6,zaragoza,0,28.21
LZ-EV-003067,18,33.2,rapid_50kw,77.4,murcia,1,45.72
LZ-EV-003068,18,29.0,ultra_150kw,77.9,barcelona,0,23.73
LZ-EV-003069,8,76.1,rapid_50kw,51.2,sevilla,0,10.56
LZ-EV-003070,12,19.5,fast_22kw,55.6,malaga,0,34.8
LZ-EV-003071,23,33.2,fast_22kw,83.5,valencia,1,52.4
LZ-EV-003072,6,14.9,ultra_150kw,73.2,malaga,0,35.9
LZ-EV-003073,18,59.1,slow_7kw,57.4,murcia,0,21.64
LZ-EV-003074,9,20.1,fast_22kw,73.5,madrid,1,39.28
LZ-EV-003075,6,55.5,slow_7kw,67.2,bilbao,1,26.68
LZ-EV-003076,10,24.7,fast_22kw,45.5,bilbao,1,32.85
LZ-EV-003077,2,28.3,fast_22kw,57.3,zaragoza,1,41.94
LZ-EV-003078,13,32.7,slow_7kw,59.3,zaragoza,0,21.39
LZ-EV-003079,22,21.5,ultra_150kw,38.5,malaga,1,31.39
LZ-EV-003080,13,19.2,fast_22kw,59.2,malaga,0,32.08
LZ-EV-003081,3,32.2,fast_22kw,56.2,zaragoza,1,34.7
LZ-EV-003082,5,13.7,fast_22kw,92.6,malaga,0,60.25
LZ-EV-003083,18,30.9,rapid_50kw,50.4,malaga,0,20.42
LZ-EV-003084,2,41.7,rapid_50kw,65.4,barcelona,0,19.29
LZ-EV-003085,8,25.2,fast_22kw,68.9,murcia,0,42.07
LZ-EV-003086,19,42.6,fast_22kw,52.9,valencia,0,28.64
LZ-EV-003087,11,33.6,rapid_50kw,50.6,malaga,1,31.62
LZ-EV-003088,11,19.8,ultra_150kw,43.1,valencia,0,32.42
LZ-EV-003089,21,24.0,fast_22kw,61.0,sevilla,0,41.53
LZ-EV-003090,4,2.0,slow_7kw,65.1,valencia,0,38.35
LZ-EV-003091,0,47.9,ultra_150kw,96.8,murcia,1,44.43
LZ-EV-003092,23,26.1,fast_22kw,74.4,barcelona,1,22.16
LZ-EV-003093,9,31.7,rapid_50kw,53.1,barcelona,1,23.45
LZ-EV-003094,19,16.2,fast_22kw,63.5,murcia,0,28.06
LZ-EV-003095,14,26.4,slow_7kw,74.9,malaga,0,27.27
LZ-EV-003096,1,42.0,ultra_150kw,44.5,zaragoza,0,23.35
LZ-EV-003097,12,51.0,rapid_50kw,54.3,zaragoza,1,21.43
LZ-EV-003098,5,64.1,fast_22kw,68.1,murcia,0,23.91
LZ-EV-003099,6,66.3,fast_22kw,65.2,madrid,0,19.48
LZ-EV-003100,10,48.9,slow_7kw,59.1,barcelona,1,26.68
LZ-EV-003101,20,55.3,fast_22kw,81.2,barcelona,0,29.13
LZ-EV-003102,23,30.3,slow_7kw,77.9,barcelona,1,51.42
LZ-EV-003103,20,51.0,slow_7kw,35.4,valencia,0,16.59
LZ-EV-003104,4,35.8,fast_22kw,60.5,zaragoza,0,23.71
LZ-EV-003105,4,44.9,slow_7kw,86.1,barcelona,0,23.5
LZ-EV-003106,12,26.2,fast_22kw,85.6,malaga,0,33.21
LZ-EV-003107,7,31.5,fast_22kw,63.1,bilbao,0,35.72
LZ-EV-003108,13,30.4,fast_22kw,73.4,malaga,1,42.28
LZ-EV-003109,22,19.4,fast_22kw,76.4,sevilla,1,55.37
LZ-EV-003110,22,55.7,fast_22kw,39.5,valencia,0,16.49
LZ-EV-003111,12,36.7,fast_22kw,54.6,malaga,0,29.4
LZ-EV-003112,2,68.9,fast_22kw,82.9,murcia,0,23.98
LZ-EV-003113,1,40.7,rapid_50kw,64.3,sevilla,1,31.09
LZ-EV-003114,19,25.0,rapid_50kw,94.8,sevilla,1,27.7
LZ-EV-003115,12,35.8,slow_7kw,45.4,barcelona,1,28.02
LZ-EV-003116,1,58.4,fast_22kw,64.4,barcelona,0,27.35
LZ-EV-003117,0,21.1,fast_22kw,30.0,murcia,0,22.92
LZ-EV-003118,0,63.4,slow_7kw,63.5,madrid,1,22.18
LZ-EV-003119,12,39.7,rapid_50kw,48.6,sevilla,0,18.82
LZ-EV-003120,16,21.6,slow_7kw,71.8,madrid,0,43.07
LZ-EV-003121,10,45.0,slow_7kw,67.6,murcia,1,37.35
LZ-EV-003122,22,31.3,slow_7kw,77.7,bilbao,0,25.31
LZ-EV-003123,6,34.9,slow_7kw,54.5,madrid,0,33.38
LZ-EV-003124,16,53.1,fast_22kw,75.6,murcia,0,32.77
LZ-EV-003125,23,41.2,rapid_50kw,33.4,zaragoza,0,17.53
LZ-EV-003126,1,2.0,fast_22kw,64.9,murcia,0,23.06
LZ-EV-003127,9,24.1,fast_22kw,95.0,madrid,0,41.13
LZ-EV-003128,20,74.7,slow_7kw,57.3,madrid,1,13.56
LZ-EV-003129,23,39.1,slow_7kw,50.5,valencia,1,32.42
LZ-EV-003130,1,2.5,slow_7kw,77.9,sevilla,0,33.84
LZ-EV-003131,11,2.0,rapid_50kw,77.5,zaragoza,0,27.42
LZ-EV-003132,2,5.6,fast_22kw,90.4,sevilla,0,26.15
LZ-EV-003133,19,52.3,fast_22kw,77.4,barcelona,0,25.05
LZ-EV-003134,7,87.8,ultra_150kw,45.0,barcelona,0,5.14
LZ-EV-003135,8,51.2,fast_22kw,85.2,malaga,0,31.92
LZ-EV-003136,6,33.4,fast_22kw,60.8,valencia,0,35.78
LZ-EV-003137,19,77.1,fast_22kw,56.3,valencia,1,12.31
LZ-EV-003138,3,6.0,fast_22kw,40.6,madrid,1,35.35
LZ-EV-003139,1,4.3,fast_22kw,41.0,barcelona,0,37.64
LZ-EV-003140,3,60.2,fast_22kw,62.6,madrid,1,24.23
LZ-EV-003141,11,48.6,slow_7kw,50.7,zaragoza,0,22.61
LZ-EV-003142,1,54.3,fast_22kw,90.9,malaga,1,37.51
LZ-EV-003143,14,46.8,rapid_50kw,49.4,murcia,0,18.99
LZ-EV-003144,2,27.9,fast_22kw,62.0,madrid,0,22.81
LZ-EV-003145,23,30.7,fast_22kw,28.3,malaga,1,20.84
LZ-EV-003146,5,43.7,slow_7kw,63.1,madrid,0,31.98
LZ-EV-003147,20,41.6,ultra_150kw,63.7,zaragoza,0,22.31
LZ-EV-003148,5,62.1,slow_7kw,49.2,sevilla,0,17.46
LZ-EV-003149,7,38.9,slow_7kw,49.3,barcelona,1,28.11
LZ-EV-003150,13,41.7,rapid_50kw,75.5,madrid,0,13.97
LZ-EV-003151,16,53.3,fast_22kw,73.5,sevilla,0,29.96
LZ-EV-003152,17,38.9,fast_22kw,67.6,barcelona,0,41.78
LZ-EV-003153,18,48.1,rapid_50kw,64.5,valencia,1,27.2
LZ-EV-003154,2,28.1,rapid_50kw,51.3,sevilla,0,24.01
LZ-EV-003155,6,22.7,rapid_50kw,80.4,malaga,0,20.15
LZ-EV-003156,16,56.8,slow_7kw,45.8,malaga,0,20.2
LZ-EV-003157,4,79.6,ultra_150kw,35.0,bilbao,1,6.5
LZ-EV-003158,13,42.0,slow_7kw,57.2,valencia,0,30.49
LZ-EV-003159,0,31.5,fast_22kw,46.6,zaragoza,0,28.67
LZ-EV-003160,3,37.1,rapid_50kw,43.1,barcelona,0,22.97
LZ-EV-003161,3,64.1,slow_7kw,67.4,valencia,1,23.36
LZ-EV-003162,14,50.9,fast_22kw,83.6,bilbao,0,35.01
LZ-EV-003163,13,39.4,fast_22kw,51.6,murcia,0,27.36
LZ-EV-003164,19,29.1,slow_7kw,63.7,bilbao,1,41.25
LZ-EV-003165,15,46.2,rapid_50kw,63.9,valencia,0,32.02
LZ-EV-003166,12,10.2,fast_22kw,68.9,murcia,0,49.52
LZ-EV-003167,0,18.1,slow_7kw,51.4,malaga,0,36.97
LZ-EV-003168,0,52.7,rapid_50kw,65.6,murcia,1,21.52
LZ-EV-003169,2,37.4,slow_7kw,63.2,valencia,0,36.8
LZ-EV-003170,20,28.8,slow_7kw,55.2,valencia,1,36.27
LZ-EV-003171,16,2.0,fast_22kw,44.4,barcelona,0,34.62
LZ-EV-003172,18,3.8,slow_7kw,59.4,malaga,0,28.96
LZ-EV-003173,16,20.4,fast_22kw,48.2,valencia,0,36.41
LZ-EV-003174,22,48.4,slow_7kw,43.7,bilbao,1,19.31
LZ-EV-003175,11,37.2,ultra_150kw,77.1,valencia,1,40.47
LZ-EV-003176,17,16.9,slow_7kw,89.0,zaragoza,0,28.18
LZ-EV-003177,5,69.6,slow_7kw,56.5,sevilla,0,17.14
LZ-EV-003178,4,49.7,slow_7kw,86.6,valencia,1,41.32
LZ-EV-003179,19,20.9,rapid_50kw,60.3,malaga,0,14.63
LZ-EV-003180,23,15.5,fast_22kw,28.0,malaga,0,24.76
LZ-EV-003181,15,33.8,slow_7kw,52.7,bilbao,0,26.35
LZ-EV-003182,20,33.8,rapid_50kw,67.4,madrid,0,25.39
LZ-EV-003183,8,24.4,slow_7kw,60.1,valencia,1,22.41
LZ-EV-003184,15,72.2,fast_22kw,59.5,valencia,0,14.76
LZ-EV-003185,11,2.0,fast_22kw,90.1,madrid,1,38.58
LZ-EV-003186,0,53.6,slow_7kw,79.7,malaga,1,36.13
LZ-EV-003187,16,33.0,slow_7kw,59.9,barcelona,0,41.42
LZ-EV-003188,22,49.2,fast_22kw,63.6,murcia,0,29.6
LZ-EV-003189,1,66.4,fast_22kw,65.9,zaragoza,0,20.65
LZ-EV-003190,9,31.9,fast_22kw,72.6,sevilla,0,44.51
LZ-EV-003191,1,28.9,slow_7kw,47.2,murcia,0,31.74
LZ-EV-003192,20,59.6,slow_7kw,60.3,bilbao,0,22.32
LZ-EV-003193,23,26.3,fast_22kw,44.6,valencia,0,26.3
LZ-EV-003194,12,21.8,rapid_50kw,34.9,malaga,0,25.81
LZ-EV-003195,11,57.0,fast_22kw,59.7,sevilla,0,24.39
LZ-EV-003196,13,38.9,fast_22kw,52.9,murcia,0,26.33
LZ-EV-003197,7,15.8,fast_22kw,46.7,zaragoza,0,38.97
LZ-EV-003198,13,37.7,slow_7kw,58.0,murcia,0,33.18
LZ-EV-003199,13,40.8,fast_22kw,68.7,sevilla,1,39.96
LZ-EV-003200,0,44.1,fast_22kw,51.2,valencia,0,26.34
LZ-EV-003201,7,29.8,rapid_50kw,92.5,sevilla,1,13.83
LZ-EV-003202,2,47.6,rapid_50kw,44.4,barcelona,1,21.15
LZ-EV-003203,19,26.2,fast_22kw,56.8,zaragoza,0,36.09
LZ-EV-003204,19,42.6,fast_22kw,63.4,barcelona,0,31.86
LZ-EV-003205,22,36.9,fast_22kw,51.5,barcelona,0,32.62
LZ-EV-003206,10,65.6,fast_22kw,72.5,madrid,0,21.83
LZ-EV-003207,13,44.1,ultra_150kw,68.6,malaga,0,33.18
LZ-EV-003208,1,34.4,slow_7kw,43.9,madrid,0,27.68
LZ-EV-003209,19,48.3,ultra_150kw,75.1,sevilla,1,34.07
LZ-EV-003210,7,17.7,rapid_50kw,60.3,zaragoza,0,45.56
LZ-EV-003211,1,27.2,slow_7kw,71.3,sevilla,0,37.5
LZ-EV-003212,17,45.0,slow_7kw,78.9,malaga,0,32.62
LZ-EV-003213,0,31.9,ultra_150kw,73.5,zaragoza,0,49.67
LZ-EV-003214,1,21.5,fast_22kw,63.0,valencia,1,42.55
LZ-EV-003215,20,25.0,slow_7kw,87.4,malaga,0,26.28
LZ-EV-003216,11,64.8,rapid_50kw,58.2,murcia,1,17.98
LZ-EV-003217,16,32.2,slow_7kw,70.6,murcia,0,42.2
LZ-EV-003218,6,31.3,slow_7kw,56.5,bilbao,0,33.98
LZ-EV-003219,1,62.2,rapid_50kw,59.4,malaga,0,19.83
LZ-EV-003220,22,24.0,fast_22kw,82.3,zaragoza,0,37.26
LZ-EV-003221,2,6.2,rapid_50kw,75.9,murcia,0,29.15
LZ-EV-003222,12,21.4,slow_7kw,90.9,valencia,0,35.56
LZ-EV-003223,5,40.1,fast_22kw,46.6,madrid,0,24.92
LZ-EV-003224,11,39.7,slow_7kw,60.6,bilbao,1,35.48
LZ-EV-003225,13,28.1,fast_22kw,71.9,madrid,0,38.16
LZ-EV-003226,14,54.6,rapid_50kw,105.4,madrid,0,38.17
LZ-EV-003227,11,63.7,slow_7kw,47.2,sevilla,0,17.23
LZ-EV-003228,15,2.0,rapid_50kw,56.4,madrid,0,20.09
LZ-EV-003229,18,60.0,fast_22kw,80.9,madrid,0,28.13
LZ-EV-003230,20,58.3,rapid_50kw,37.0,bilbao,0,12.78
LZ-EV-003231,4,36.6,fast_22kw,67.3,bilbao,0,20.13
LZ-EV-003232,19,25.9,slow_7kw,75.3,murcia,1,32.85
LZ-EV-003233,9,30.4,slow_7kw,52.3,malaga,0,31.33
LZ-EV-003234,23,80.0,slow_7kw,68.1,malaga,0,14.08
LZ-EV-003235,16,47.4,fast_22kw,58.1,murcia,0,29.16
LZ-EV-003236,5,46.7,slow_7kw,85.9,sevilla,0,41.32
LZ-EV-003237,22,3.2,slow_7kw,69.4,barcelona,0,52.17
LZ-EV-003238,2,52.2,slow_7kw,72.5,murcia,0,31.16
LZ-EV-003239,3,66.2,ultra_150kw,65.3,bilbao,0,19.18
LZ-EV-003240,19,67.3,rapid_50kw,51.5,barcelona,0,14.52
LZ-EV-003241,18,53.0,fast_22kw,57.9,bilbao,0,27.39
LZ-EV-003242,23,32.5,rapid_50kw,68.7,valencia,0,34.24
LZ-EV-003243,14,49.4,rapid_50kw,68.9,sevilla,0,26.61
LZ-EV-003244,22,52.0,fast_22kw,35.4,zaragoza,1,16.81
LZ-EV-003245,21,50.6,ultra_150kw,64.3,barcelona,1,23.69
LZ-EV-003246,4,2.0,fast_22kw,63.7,barcelona,1,47.64
LZ-EV-003247,18,13.3,ultra_150kw,96.3,murcia,0,31.59
LZ-EV-003248,2,27.9,slow_7kw,61.0,murcia,0,22.89
LZ-EV-003249,15,26.7,rapid_50kw,63.2,sevilla,0,31.95
LZ-EV-003250,4,31.7,ultra_150kw,58.6,madrid,0,36.9
LZ-EV-003251,3,60.8,rapid_50kw,51.7,bilbao,1,20.25
LZ-EV-003252,7,35.1,rapid_50kw,64.9,valencia,1,38.85
LZ-EV-003253,22,27.4,fast_22kw,84.8,bilbao,0,49.31
LZ-EV-003254,8,51.7,fast_22kw,79.5,valencia,0,33.88
LZ-EV-003255,21,40.2,rapid_50kw,47.2,barcelona,1,19.45
LZ-EV-003256,10,71.3,slow_7kw,61.1,sevilla,0,16.54
LZ-EV-003257,2,13.8,slow_7kw,70.4,bilbao,1,42.31
LZ-EV-003258,21,57.2,rapid_50kw,55.4,barcelona,0,22.35
LZ-EV-003259,10,50.4,slow_7kw,51.7,zaragoza,1,25.1
LZ-EV-003260,18,45.9,fast_22kw,78.9,sevilla,0,42.17
LZ-EV-003261,10,72.9,ultra_150kw,77.2,malaga,0,18.61
LZ-EV-003262,1,47.2,ultra_150kw,63.2,malaga,1,29.94
LZ-EV-003263,15,46.7,ultra_150kw,67.5,malaga,0,34.39
LZ-EV-003264,23,53.9,fast_22kw,53.5,valencia,0,20.74
LZ-EV-003265,20,12.9,ultra_150kw,68.5,bilbao,1,55.61
LZ-EV-003266,21,23.3,fast_22kw,70.6,barcelona,0,30.34
LZ-EV-003267,14,50.0,fast_22kw,58.3,valencia,1,25.37
LZ-EV-003268,18,49.4,fast_22kw,51.0,zaragoza,0,23.35
LZ-EV-003269,18,28.0,ultra_150kw,52.4,zaragoza,0,35.42
LZ-EV-003270,3,62.6,rapid_50kw,78.8,zaragoza,0,28.79
LZ-EV-003271,5,33.6,rapid_50kw,30.2,madrid,0,18.47
LZ-EV-003272,9,39.5,slow_7kw,64.7,murcia,0,30.96
LZ-EV-003273,0,36.5,ultra_150kw,66.4,sevilla,0,36.9
LZ-EV-003274,16,23.4,slow_7kw,75.0,zaragoza,0,17.9
LZ-EV-003275,14,47.7,slow_7kw,54.9,bilbao,0,24.66
LZ-EV-003276,5,28.3,fast_22kw,36.9,madrid,0,24.51
LZ-EV-003277,0,18.1,fast_22kw,63.0,zaragoza,0,44.26
LZ-EV-003278,8,31.0,fast_22kw,65.6,sevilla,0,41.3
LZ-EV-003279,13,56.9,slow_7kw,65.4,malaga,0,25.54
LZ-EV-003280,6,58.5,fast_22kw,77.9,valencia,1,28.57
LZ-EV-003281,6,39.9,slow_7kw,44.6,sevilla,0,28.03
LZ-EV-003282,22,16.5,rapid_50kw,81.2,zaragoza,0,39.03
LZ-EV-003283,21,41.7,slow_7kw,79.7,madrid,1,31.72
LZ-EV-003284,22,40.2,rapid_50kw,68.7,sevilla,0,13.82
LZ-EV-003285,3,17.6,fast_22kw,80.8,murcia,0,67.69
LZ-EV-003286,18,67.9,slow_7kw,82.3,valencia,1,23.08
LZ-EV-003287,3,34.9,rapid_50kw,41.6,murcia,0,26.96
LZ-EV-003288,20,64.9,rapid_50kw,63.3,sevilla,0,14.19
LZ-EV-003289,6,18.3,fast_22kw,56.9,barcelona,0,25.88
LZ-EV-003290,15,59.6,fast_22kw,68.9,zaragoza,0,23.62
LZ-EV-003291,15,22.8,fast_22kw,56.4,bilbao,1,41.65
LZ-EV-003292,14,35.6,fast_22kw,34.9,malaga,0,20.22
LZ-EV-003293,6,43.2,fast_22kw,56.0,barcelona,0,27.41
LZ-EV-003294,15,25.4,fast_22kw,68.7,zaragoza,0,45.53
LZ-EV-003295,20,44.8,ultra_150kw,75.4,murcia,0,34.31
LZ-EV-003296,2,45.7,fast_22kw,56.9,zaragoza,0,26.45
LZ-EV-003297,10,81.0,fast_22kw,46.4,zaragoza,1,8.71
LZ-EV-003298,23,39.0,rapid_50kw,41.7,zaragoza,0,23.18
LZ-EV-003299,3,49.1,slow_7kw,57.9,malaga,0,32.96
LZ-EV-003300,21,24.7,slow_7kw,46.1,barcelona,1,29.52
LZ-EV-003301,13,31.2,fast_22kw,28.0,bilbao,1,18.93
LZ-EV-003302,9,33.8,fast_22kw,80.6,madrid,1,46.54
LZ-EV-003303,20,45.0,fast_22kw,69.4,valencia,0,27.23
LZ-EV-003304,6,15.1,fast_22kw,52.4,malaga,1,29.54
LZ-EV-003305,15,85.2,rapid_50kw,65.9,valencia,0,9.49
LZ-EV-003306,14,41.2,fast_22kw,65.3,bilbao,0,35.96
LZ-EV-003307,8,49.7,rapid_50kw,36.8,murcia,1,17.11
LZ-EV-003308,19,41.7,fast_22kw,72.3,sevilla,0,33.99
LZ-EV-003309,0,63.0,ultra_150kw,73.0,barcelona,0,27.18
LZ-EV-003310,1,24.6,fast_22kw,77.8,zaragoza,1,47.77
LZ-EV-003311,3,41.2,slow_7kw,42.2,murcia,0,19.6
LZ-EV-003312,4,25.7,fast_22kw,48.4,zaragoza,0,36.56
LZ-EV-003313,13,43.8,rapid_50kw,56.4,madrid,0,22.43
LZ-EV-003314,14,26.8,fast_22kw,78.5,barcelona,1,14.89
LZ-EV-003315,8,75.8,slow_7kw,83.1,sevilla,0,19.15
LZ-EV-003316,7,36.8,ultra_150kw,59.0,zaragoza,0,32.68
LZ-EV-003317,22,18.6,rapid_50kw,86.0,valencia,0,25.68
LZ-EV-003318,4,46.3,fast_22kw,76.3,sevilla,1,37.51
LZ-EV-003319,17,20.6,slow_7kw,51.6,valencia,0,22.39
LZ-EV-003320,2,28.0,fast_22kw,50.3,bilbao,1,36.68
LZ-EV-003321,1,51.6,fast_22kw,50.3,valencia,0,20.38
LZ-EV-003322,22,36.1,fast_22kw,53.2,murcia,0,32.29
LZ-EV-003323,20,32.5,slow_7kw,62.8,bilbao,0,24.21
LZ-EV-003324,3,13.2,slow_7kw,68.8,valencia,0,52.49
LZ-EV-003325,18,75.5,rapid_50kw,64.3,bilbao,0,14.87
LZ-EV-003326,16,11.2,rapid_50kw,64.4,bilbao,0,18.84
LZ-EV-003327,13,42.4,rapid_50kw,86.4,bilbao,0,47.06
LZ-EV-003328,20,59.1,rapid_50kw,40.0,zaragoza,0,15.54
LZ-EV-003329,10,26.7,ultra_150kw,63.7,malaga,0,30.52
LZ-EV-003330,7,26.4,slow_7kw,28.6,bilbao,0,20.05
LZ-EV-003331,1,8.0,rapid_50kw,28.0,murcia,0,22.91
LZ-EV-003332,5,27.3,fast_22kw,72.4,barcelona,0,43.08
LZ-EV-003333,9,55.7,slow_7kw,53.6,malaga,0,21.61
LZ-EV-003334,13,41.0,ultra_150kw,55.9,bilbao,0,29.02
LZ-EV-003335,1,28.8,rapid_50kw,75.1,murcia,0,23.27
LZ-EV-003336,3,36.1,rapid_50kw,60.9,zaragoza,1,36.15
LZ-EV-003337,1,52.6,rapid_50kw,55.9,madrid,0,14.15
LZ-EV-003338,21,30.3,fast_22kw,49.5,malaga,0,32.78
LZ-EV-003339,5,36.9,fast_22kw,92.9,valencia,0,45.41
LZ-EV-003340,0,51.2,fast_22kw,71.8,valencia,0,30.81
LZ-EV-003341,14,63.0,slow_7kw,65.2,murcia,0,23.84
LZ-EV-003342,12,35.3,slow_7kw,54.8,barcelona,0,29.31
LZ-EV-003343,17,48.3,fast_22kw,57.9,murcia,0,28.5
LZ-EV-003344,2,37.3,fast_22kw,48.5,madrid,0,29.9
LZ-EV-003345,2,35.6,fast_22kw,75.7,zaragoza,1,22.22
LZ-EV-003346,4,78.3,slow_7kw,45.6,murcia,0,8.8
LZ-EV-003347,12,12.6,rapid_50kw,63.5,valencia,0,28.44
LZ-EV-003348,20,49.1,slow_7kw,65.8,malaga,0,34.35
LZ-EV-003349,5,41.8,fast_22kw,53.7,zaragoza,1,27.58
LZ-EV-003350,11,77.3,slow_7kw,60.4,sevilla,0,11.55
LZ-EV-003351,3,11.7,slow_7kw,73.8,sevilla,0,28.63
LZ-EV-003352,14,58.0,fast_22kw,59.7,valencia,0,23.74
LZ-EV-003353,19,32.3,rapid_50kw,40.5,sevilla,0,27.8
LZ-EV-003354,2,22.1,slow_7kw,56.9,valencia,0,35.99
LZ-EV-003355,2,36.1,slow_7kw,69.2,bilbao,0,41.9
LZ-EV-003356,18,34.9,fast_22kw,67.3,barcelona,0,40.46
LZ-EV-003357,7,74.4,fast_22kw,62.2,valencia,0,14.94
LZ-EV-003358,10,70.8,rapid_50kw,48.9,murcia,1,13.04
LZ-EV-003359,7,76.1,slow_7kw,55.1,bilbao,1,13.54
LZ-EV-003360,23,26.7,fast_22kw,60.7,murcia,0,30.39
LZ-EV-003361,22,31.6,fast_22kw,69.4,malaga,0,36.79
LZ-EV-003362,4,19.9,fast_22kw,76.0,barcelona,1,50.18
LZ-EV-003363,8,30.5,slow_7kw,55.8,madrid,1,32.23
LZ-EV-003364,3,38.0,fast_22kw,94.2,malaga,0,22.27
LZ-EV-003365,8,24.3,ultra_150kw,40.6,malaga,0,28.87
LZ-EV-003366,19,56.2,fast_22kw,80.0,barcelona,0,36.59
LZ-EV-003367,13,40.1,slow_7kw,54.1,bilbao,0,22.5
LZ-EV-003368,16,27.5,rapid_50kw,74.9,malaga,1,24.49
LZ-EV-003369,3,35.5,fast_22kw,59.6,malaga,1,42.08
LZ-EV-003370,14,44.0,rapid_50kw,53.5,sevilla,1,28.07
LZ-EV-003371,6,20.2,slow_7kw,40.0,zaragoza,0,29.93
LZ-EV-003372,13,53.8,slow_7kw,66.4,murcia,0,29.37
LZ-EV-003373,7,36.4,rapid_50kw,50.7,barcelona,0,27.8
LZ-EV-003374,20,38.5,ultra_150kw,63.5,sevilla,1,35.24
LZ-EV-003375,21,28.0,rapid_50kw,43.3,valencia,1,16.74
LZ-EV-003376,10,54.0,fast_22kw,38.2,murcia,0,15.53
LZ-EV-003377,13,52.6,slow_7kw,64.9,barcelona,1,28.96
LZ-EV-003378,4,11.9,ultra_150kw,52.8,madrid,0,39.02
LZ-EV-003379,6,34.4,rapid_50kw,84.1,malaga,1,31.17
LZ-EV-003380,8,47.0,fast_22kw,64.1,valencia,0,31.3
LZ-EV-003381,14,50.9,fast_22kw,69.7,bilbao,0,30.69
LZ-EV-003382,16,27.3,rapid_50kw,59.3,bilbao,1,29.75
LZ-EV-003383,9,32.8,fast_22kw,64.5,malaga,0,33.96
LZ-EV-003384,20,18.5,rapid_50kw,81.3,barcelona,0,22.94
LZ-EV-003385,15,57.1,fast_22kw,70.2,madrid,0,29.19
LZ-EV-003386,22,24.5,ultra_150kw,38.0,madrid,0,19.96
LZ-EV-003387,12,32.5,ultra_150kw,77.8,malaga,0,36.36
LZ-EV-003388,8,78.0,rapid_50kw,51.0,barcelona,0,11.54
LZ-EV-003389,23,33.4,ultra_150kw,28.3,zaragoza,0,17.98
LZ-EV-003390,20,43.8,fast_22kw,63.0,valencia,1,31.48
LZ-EV-003391,5,35.7,ultra_150kw,69.9,bilbao,0,25.69
LZ-EV-003392,3,38.4,fast_22kw,29.8,murcia,0,15.49
LZ-EV-003393,0,85.7,slow_7kw,68.5,barcelona,1,8.98
LZ-EV-003394,13,31.3,fast_22kw,35.3,barcelona,0,22.88
LZ-EV-003395,9,35.3,rapid_50kw,62.3,madrid,0,37.54
LZ-EV-003396,5,49.9,rapid_50kw,91.1,murcia,0,21.79
LZ-EV-003397,4,27.9,ultra_150kw,47.7,valencia,0,32.06
LZ-EV-003398,11,2.0,fast_22kw,51.9,valencia,0,45.78
LZ-EV-003399,20,50.7,fast_22kw,61.7,murcia,1,24.2
LZ-EV-003400,5,56.0,rapid_50kw,86.6,murcia,1,29.77
LZ-EV-003401,11,70.8,fast_22kw,50.9,bilbao,1,13.37
LZ-EV-003402,12,50.2,rapid_50kw,39.0,sevilla,0,19.29
LZ-EV-003403,15,56.0,rapid_50kw,31.0,madrid,0,12.53
LZ-EV-003404,6,37.5,slow_7kw,83.7,valencia,0,47.16
LZ-EV-003405,13,86.4,rapid_50kw,91.0,valencia,0,11.16
LZ-EV-003406,20,18.6,fast_22kw,69.5,bilbao,0,47.5
LZ-EV-003407,2,36.1,slow_7kw,63.7,murcia,0,37.65
LZ-EV-003408,20,32.4,fast_22kw,72.2,valencia,1,38.74
LZ-EV-003409,4,58.9,ultra_150kw,43.0,madrid,0,17.06
LZ-EV-003410,7,2.0,fast_22kw,81.5,barcelona,0,76.28
LZ-EV-003411,22,46.8,slow_7kw,78.9,murcia,1,38.31
LZ-EV-003412,12,38.1,ultra_150kw,77.8,barcelona,0,47.83
LZ-EV-003413,13,58.0,slow_7kw,67.1,sevilla,0,25.16
LZ-EV-003414,1,79.5,fast_22kw,65.4,bilbao,0,11.51
LZ-EV-003415,22,43.4,slow_7kw,62.8,sevilla,1,28.86
LZ-EV-003416,9,13.1,slow_7kw,28.0,zaragoza,1,21.63
LZ-EV-003417,10,4.5,rapid_50kw,54.6,barcelona,1,22.04
LZ-EV-003418,14,32.4,slow_7kw,57.1,sevilla,1,31.72
LZ-EV-003419,12,20.5,rapid_50kw,82.2,valencia,0,33.42
LZ-EV-003420,5,47.1,fast_22kw,52.2,madrid,1,27.87
LZ-EV-003421,2,53.5,fast_22kw,43.9,bilbao,0,17.26
LZ-EV-003422,15,43.7,fast_22kw,42.7,valencia,1,22.14
LZ-EV-003423,2,43.3,slow_7kw,50.5,zaragoza,0,27.72
LZ-EV-003424,21,35.4,ultra_150kw,98.9,valencia,0,51.55
LZ-EV-003425,18,46.3,slow_7kw,60.2,bilbao,0,30.91
LZ-EV-003426,19,39.9,fast_22kw,76.3,murcia,1,32.01
LZ-EV-003427,18,36.7,fast_22kw,60.5,murcia,1,35.45
LZ-EV-003428,21,39.2,slow_7kw,35.2,sevilla,1,21.22
LZ-EV-003429,8,18.2,fast_22kw,40.4,valencia,1,31.59
LZ-EV-003430,10,51.2,rapid_50kw,35.5,sevilla,1,16.83
LZ-EV-003431,21,49.6,slow_7kw,46.9,bilbao,0,20.06
LZ-EV-003432,21,12.0,fast_22kw,56.6,valencia,0,28.93
LZ-EV-003433,15,41.0,slow_7kw,67.1,valencia,0,37.88
LZ-EV-003434,8,48.8,fast_22kw,64.9,madrid,0,31.37
LZ-EV-003435,2,62.3,ultra_150kw,58.8,malaga,0,22.32
LZ-EV-003436,5,40.5,rapid_50kw,34.5,barcelona,1,18.81
LZ-EV-003437,3,56.5,ultra_150kw,53.2,zaragoza,1,18.35
LZ-EV-003438,18,28.5,slow_7kw,30.2,madrid,0,19.19
LZ-EV-003439,4,42.2,slow_7kw,61.0,malaga,0,30.89
LZ-EV-003440,10,74.6,rapid_50kw,35.2,malaga,0,8.06
LZ-EV-003441,12,12.9,fast_22kw,43.4,sevilla,0,33.32
LZ-EV-003442,20,38.3,slow_7kw,47.9,murcia,1,26.49
LZ-EV-003443,14,43.6,slow_7kw,38.3,zaragoza,0,19.56
LZ-EV-003444,19,19.9,slow_7kw,46.3,bilbao,0,33.04
LZ-EV-003445,18,35.8,fast_22kw,61.3,bilbao,1,35.73
LZ-EV-003446,13,36.2,rapid_50kw,62.1,valencia,0,19.46
LZ-EV-003447,5,31.8,rapid_50kw,61.1,zaragoza,0,21.91
LZ-EV-003448,17,29.1,ultra_150kw,70.2,murcia,0,48.23
LZ-EV-003449,10,39.8,rapid_50kw,57.1,sevilla,0,29.49
LZ-EV-003450,7,31.3,ultra_150kw,72.7,malaga,1,28.75
LZ-EV-003451,6,42.1,slow_7kw,59.6,malaga,0,33.71
LZ-EV-003452,12,49.7,fast_22kw,63.3,murcia,0,25.98
LZ-EV-003453,17,76.5,ultra_150kw,62.3,murcia,1,11.96
LZ-EV-003454,3,53.7,rapid_50kw,90.3,sevilla,1,28.56
LZ-EV-003455,7,27.0,ultra_150kw,68.4,malaga,0,47.16
LZ-EV-003456,19,13.0,fast_22kw,46.5,valencia,0,37.86
LZ-EV-003457,16,43.0,fast_22kw,58.6,barcelona,1,33.29
LZ-EV-003458,22,40.6,ultra_150kw,70.3,malaga,0,36.69
LZ-EV-003459,12,47.7,fast_22kw,37.0,sevilla,1,19.69
LZ-EV-003460,7,30.3,slow_7kw,67.0,sevilla,0,33.04
LZ-EV-003461,12,50.7,rapid_50kw,63.8,zaragoza,0,25.43
LZ-EV-003462,3,40.7,slow_7kw,67.6,sevilla,0,40.3
LZ-EV-003463,15,51.0,slow_7kw,62.2,zaragoza,0,29.03
LZ-EV-003464,13,26.3,fast_22kw,43.7,zaragoza,0,32.45
LZ-EV-003465,18,28.2,ultra_150kw,71.5,valencia,0,47.11
LZ-EV-003466,18,11.1,fast_22kw,89.3,murcia,1,34.62
LZ-EV-003467,4,42.6,fast_22kw,41.6,madrid,0,22.56
LZ-EV-003468,22,55.9,rapid_50kw,74.4,bilbao,0,33.23
LZ-EV-003469,20,31.4,rapid_50kw,59.0,barcelona,0,36.39
LZ-EV-003470,1,29.3,rapid_50kw,35.7,madrid,0,24.17
LZ-EV-003471,21,52.6,rapid_50kw,49.0,barcelona,0,22.73
LZ-EV-003472,22,52.6,slow_7kw,82.4,madrid,1,36.69
LZ-EV-003473,13,13.1,slow_7kw,48.0,barcelona,0,32.84
LZ-EV-003474,13,29.6,fast_22kw,64.2,barcelona,0,25.26
LZ-EV-003475,3,71.3,fast_22kw,46.7,barcelona,0,11.74
LZ-EV-003476,23,32.1,fast_22kw,75.9,barcelona,0,45.34
LZ-EV-003477,14,49.1,rapid_50kw,50.8,bilbao,0,23.75
LZ-EV-003478,23,26.5,rapid_50kw,63.2,madrid,0,20.75
LZ-EV-003479,8,41.4,fast_22kw,99.8,malaga,1,30.76
LZ-EV-003480,3,68.5,slow_7kw,74.8,malaga,1,22.29
LZ-EV-003481,3,39.6,slow_7kw,47.9,bilbao,1,25.98
LZ-EV-003482,13,26.2,fast_22kw,33.8,valencia,0,23.18
LZ-EV-003483,6,44.7,fast_22kw,79.0,murcia,0,41.58
LZ-EV-003484,17,69.5,fast_22kw,64.2,valencia,0,17.28
LZ-EV-003485,9,24.5,rapid_50kw,40.3,sevilla,0,19.54
LZ-EV-003486,12,27.5,slow_7kw,57.6,valencia,0,40.3
LZ-EV-003487,14,52.8,slow_7kw,76.9,malaga,1,33.25
LZ-EV-003488,8,63.9,fast_22kw,99.8,malaga,0,29.89
LZ-EV-003489,2,35.9,fast_22kw,65.2,sevilla,0,39.61
LZ-EV-003490,23,50.0,fast_22kw,83.6,barcelona,0,39.27
LZ-EV-003491,4,34.7,slow_7kw,55.4,bilbao,0,34.0
LZ-EV-003492,18,31.1,rapid_50kw,55.1,barcelona,0,33.52
LZ-EV-003493,2,18.3,rapid_50kw,67.5,valencia,0,39.72
LZ-EV-003494,21,51.5,fast_22kw,46.8,bilbao,0,20.82
LZ-EV-003495,3,33.6,fast_22kw,59.8,madrid,1,33.17
LZ-EV-003496,12,50.2,ultra_150kw,41.2,murcia,0,19.7
LZ-EV-003497,4,8.7,fast_22kw,60.4,sevilla,0,38.07
LZ-EV-003498,5,29.7,ultra_150kw,70.7,sevilla,0,32.63
LZ-EV-003499,3,30.3,slow_7kw,66.3,malaga,0,37.26
LZ-EV-003500,6,64.5,slow_7kw,69.5,malaga,0,22.91
LZ-EV-003501,18,30.4,ultra_150kw,76.7,sevilla,0,55.66
LZ-EV-003502,15,51.7,fast_22kw,61.5,malaga,1,19.33
LZ-EV-003503,19,9.0,slow_7kw,57.6,malaga,0,30.28
LZ-EV-003504,6,52.1,rapid_50kw,35.6,murcia,1,16.91
LZ-EV-003505,6,64.6,rapid_50kw,75.5,barcelona,0,18.18
LZ-EV-003506,8,21.8,slow_7kw,61.4,barcelona,1,43.04
LZ-EV-003507,15,44.7,slow_7kw,56.0,madrid,0,30.83
LZ-EV-003508,13,30.4,rapid_50kw,66.5,madrid,0,31.31
LZ-EV-003509,18,46.7,rapid_50kw,42.0,bilbao,0,15.66
LZ-EV-003510,4,76.2,fast_22kw,55.7,sevilla,0,13.32
LZ-EV-003511,15,41.0,slow_7kw,70.1,madrid,0,38.85
LZ-EV-003512,5,15.7,slow_7kw,70.6,malaga,1,17.87
LZ-EV-003513,20,46.2,fast_22kw,67.6,sevilla,0,34.26
LZ-EV-003514,2,40.5,fast_22kw,52.7,murcia,0,29.94
LZ-EV-003515,15,37.5,rapid_50kw,58.5,sevilla,0,32.49
LZ-EV-003516,20,50.1,rapid_50kw,55.2,barcelona,0,24.46
LZ-EV-003517,12,44.1,ultra_150kw,77.6,zaragoza,0,35.25
LZ-EV-003518,11,52.9,fast_22kw,72.4,valencia,1,32.76
LZ-EV-003519,23,30.8,slow_7kw,51.5,barcelona,0,18.49
LZ-EV-003520,15,42.6,slow_7kw,55.9,madrid,0,30.31
LZ-EV-003521,13,41.0,slow_7kw,55.5,bilbao,0,31.01
LZ-EV-003522,10,23.1,rapid_50kw,44.2,bilbao,1,31.38
LZ-EV-003523,23,59.9,rapid_50kw,63.6,madrid,0,25.46
LZ-EV-003524,22,28.6,rapid_50kw,73.5,valencia,0,26.1
LZ-EV-003525,21,45.5,fast_22kw,49.9,sevilla,0,25.29
LZ-EV-003526,17,5.5,rapid_50kw,46.6,malaga,0,19.62
LZ-EV-003527,18,43.0,fast_22kw,70.0,sevilla,0,37.51
LZ-EV-003528,0,8.1,slow_7kw,80.4,zaragoza,0,46.35
LZ-EV-003529,8,27.1,fast_22kw,62.7,malaga,0,44.66
LZ-EV-003530,15,49.8,ultra_150kw,45.5,malaga,1,22.23
LZ-EV-003531,1,15.2,slow_7kw,63.4,zaragoza,0,35.09
LZ-EV-003532,22,19.5,rapid_50kw,71.9,malaga,0,20.0
LZ-EV-003533,18,41.1,slow_7kw,28.0,bilbao,0,14.64
LZ-EV-003534,9,47.1,rapid_50kw,34.1,sevilla,0,13.33
LZ-EV-003535,11,88.2,fast_22kw,78.3,sevilla,0,7.43
LZ-EV-003536,11,17.1,ultra_150kw,57.6,bilbao,0,27.48
LZ-EV-003537,5,56.4,fast_22kw,63.7,barcelona,0,24.54
LZ-EV-003538,20,39.9,slow_7kw,92.2,malaga,0,48.65
LZ-EV-003539,22,48.3,fast_22kw,56.5,bilbao,0,25.67
LZ-EV-003540,17,62.6,slow_7kw,51.6,barcelona,1,19.57
LZ-EV-003541,22,84.0,ultra_150kw,49.4,zaragoza,0,7.55
LZ-EV-003542,21,57.5,rapid_50kw,69.2,zaragoza,0,14.93
LZ-EV-003543,3,45.6,slow_7kw,91.9,valencia,0,34.33
LZ-EV-003544,18,42.3,slow_7kw,57.0,madrid,0,31.59
LZ-EV-003545,19,47.4,slow_7kw,66.2,zaragoza,0,30.23
LZ-EV-003546,21,42.5,rapid_50kw,62.8,bilbao,1,26.71
LZ-EV-003547,23,15.2,fast_22kw,34.4,sevilla,0,27.3
LZ-EV-003548,9,34.7,slow_7kw,64.5,bilbao,0,38.07
LZ-EV-003549,4,20.5,fast_22kw,82.5,valencia,0,29.09
LZ-EV-003550,17,32.6,rapid_50kw,60.5,sevilla,0,11.52
LZ-EV-003551,13,51.6,slow_7kw,54.1,valencia,1,21.94
LZ-EV-003552,7,11.6,slow_7kw,67.2,bilbao,0,54.22
LZ-EV-003553,13,46.1,slow_7kw,47.9,sevilla,0,22.82
LZ-EV-003554,6,47.7,slow_7kw,73.3,malaga,1,27.36
LZ-EV-003555,20,30.1,fast_22kw,82.3,murcia,1,35.24
LZ-EV-003556,6,36.2,fast_22kw,61.4,murcia,0,38.77
LZ-EV-003557,12,60.2,rapid_50kw,64.3,malaga,0,23.33
LZ-EV-003558,10,50.8,fast_22kw,80.2,malaga,0,33.51
LZ-EV-003559,7,56.9,rapid_50kw,84.8,bilbao,0,23.55
LZ-EV-003560,1,43.3,rapid_50kw,60.5,barcelona,0,29.63
LZ-EV-003561,0,35.0,fast_22kw,78.6,valencia,0,44.15
LZ-EV-003562,3,39.7,slow_7kw,53.0,valencia,0,27.57
LZ-EV-003563,6,39.1,slow_7kw,66.1,bilbao,1,38.79
LZ-EV-003564,6,52.2,fast_22kw,61.7,valencia,1,26.32
LZ-EV-003565,0,25.4,rapid_50kw,91.0,malaga,0,30.88
LZ-EV-003566,6,17.7,fast_22kw,67.1,zaragoza,0,38.22
LZ-EV-003567,1,20.5,fast_22kw,55.5,bilbao,0,42.62
LZ-EV-003568,3,65.9,slow_7kw,72.4,zaragoza,1,23.41
LZ-EV-003569,13,53.0,slow_7kw,54.4,murcia,0,23.31
LZ-EV-003570,7,35.9,ultra_150kw,43.7,bilbao,0,25.64
LZ-EV-003571,9,22.5,ultra_150kw,48.1,sevilla,0,30.53
LZ-EV-003572,8,14.1,fast_22kw,57.9,bilbao,1,38.46
LZ-EV-003573,15,21.5,rapid_50kw,73.6,murcia,1,17.07
LZ-EV-003574,0,21.1,fast_22kw,35.9,murcia,0,24.83
LZ-EV-003575,7,8.4,rapid_50kw,88.2,barcelona,1,25.1
LZ-EV-003576,17,39.2,ultra_150kw,60.8,valencia,0,36.87
LZ-EV-003577,13,36.9,rapid_50kw,86.2,valencia,1,38.05
LZ-EV-003578,3,44.5,rapid_50kw,44.9,madrid,1,23.14
LZ-EV-003579,14,29.2,fast_22kw,88.4,madrid,1,51.64
LZ-EV-003580,8,25.3,slow_7kw,49.0,valencia,0,35.63
LZ-EV-003581,6,60.0,rapid_50kw,68.5,madrid,1,25.83
LZ-EV-003582,3,48.2,rapid_50kw,90.3,malaga,1,23.66
LZ-EV-003583,10,36.7,fast_22kw,89.0,zaragoza,0,46.98
LZ-EV-003584,11,45.6,ultra_150kw,68.3,valencia,0,35.1
LZ-EV-003585,11,31.5,slow_7kw,74.7,zaragoza,0,39.37
LZ-EV-003586,16,35.3,slow_7kw,61.0,sevilla,1,36.59
LZ-EV-003587,11,35.7,slow_7kw,57.5,barcelona,1,36.49
LZ-EV-003588,4,53.5,slow_7kw,28.0,murcia,0,11.08
LZ-EV-003589,17,22.6,fast_22kw,47.1,sevilla,0,27.92
LZ-EV-003590,11,38.8,fast_22kw,84.6,malaga,1,48.65
LZ-EV-003591,9,26.4,slow_7kw,62.6,murcia,1,44.83
LZ-EV-003592,16,23.4,rapid_50kw,65.9,barcelona,0,30.15
LZ-EV-003593,0,60.0,slow_7kw,58.8,bilbao,0,20.24
LZ-EV-003594,15,21.0,fast_22kw,73.1,malaga,0,38.95
LZ-EV-003595,4,52.7,rapid_50kw,84.1,malaga,0,35.9
LZ-EV-003596,4,39.3,fast_22kw,101.7,bilbao,0,39.11
LZ-EV-003597,11,74.9,rapid_50kw,80.9,madrid,0,16.74
LZ-EV-003598,2,40.0,fast_22kw,73.0,bilbao,0,39.44
LZ-EV-003599,3,38.4,rapid_50kw,41.7,malaga,0,23.19
LZ-EV-003600,12,25.4,slow_7kw,73.5,barcelona,0,45.59
LZ-EV-003601,4,47.0,slow_7kw,93.6,zaragoza,0,41.4
LZ-EV-003602,13,20.6,ultra_150kw,74.1,murcia,1,39.89
LZ-EV-003603,23,42.6,slow_7kw,79.1,murcia,0,43.46
LZ-EV-003604,9,2.0,rapid_50kw,97.2,murcia,0,19.62
LZ-EV-003605,0,15.3,slow_7kw,85.0,barcelona,0,53.07
LZ-EV-003606,4,39.0,fast_22kw,36.7,valencia,0,20.74
LZ-EV-003607,18,46.7,fast_22kw,67.3,valencia,0,32.92
LZ-EV-003608,8,51.9,fast_22kw,48.5,malaga,0,20.53
LZ-EV-003609,6,68.7,slow_7kw,41.0,malaga,0,12.58
LZ-EV-003610,0,3.0,slow_7kw,41.4,barcelona,0,35.33
LZ-EV-003611,17,2.0,ultra_150kw,65.2,barcelona,0,42.88
LZ-EV-003612,22,34.5,slow_7kw,51.4,malaga,0,31.64
LZ-EV-003613,1,90.0,ultra_150kw,55.4,malaga,0,4.86
LZ-EV-003614,8,36.9,slow_7kw,49.5,malaga,0,28.22
LZ-EV-003615,4,12.1,ultra_150kw,45.8,malaga,0,38.89
LZ-EV-003616,22,11.1,fast_22kw,92.3,madrid,0,53.13
LZ-EV-003617,0,40.3,rapid_50kw,45.0,zaragoza,1,17.96
LZ-EV-003618,13,32.3,fast_22kw,53.0,barcelona,1,29.12
LZ-EV-003619,22,61.3,slow_7kw,85.3,madrid,0,32.49
LZ-EV-003620,3,62.3,slow_7kw,58.2,madrid,1,22.61
LZ-EV-003621,2,26.4,fast_22kw,39.3,malaga,0,26.93
LZ-EV-003622,16,48.2,slow_7kw,65.6,sevilla,0,29.25
LZ-EV-003623,20,21.1,fast_22kw,63.3,madrid,0,43.15
LZ-EV-003624,19,22.2,slow_7kw,66.9,bilbao,1,34.25
LZ-EV-003625,20,61.3,rapid_50kw,68.5,madrid,1,25.31
LZ-EV-003626,23,46.8,rapid_50kw,48.5,zaragoza,0,21.08
LZ-EV-003627,18,63.6,slow_7kw,52.9,madrid,0,17.85
LZ-EV-003628,5,73.8,fast_22kw,76.2,zaragoza,0,17.89
LZ-EV-003629,19,37.2,slow_7kw,63.1,zaragoza,1,36.42
LZ-EV-003630,20,44.4,rapid_50kw,29.6,malaga,0,14.64
LZ-EV-003631,10,43.8,fast_22kw,66.5,murcia,0,32.64
LZ-EV-003632,10,37.9,rapid_50kw,59.4,zaragoza,0,15.95
LZ-EV-003633,11,44.5,rapid_50kw,62.4,barcelona,1,30.61
LZ-EV-003634,19,9.7,slow_7kw,47.4,valencia,1,32.45
LZ-EV-003635,23,29.7,fast_22kw,58.4,murcia,1,39.58
LZ-EV-003636,14,51.9,fast_22kw,65.2,bilbao,0,26.66
LZ-EV-003637,3,59.6,fast_22kw,69.5,barcelona,1,28.53
LZ-EV-003638,23,39.7,slow_7kw,56.4,zaragoza,0,33.45
LZ-EV-003639,3,55.6,fast_22kw,85.7,valencia,0,38.73
LZ-EV-003640,1,39.5,fast_22kw,56.6,barcelona,1,31.42
LZ-EV-003641,20,2.0,fast_22kw,37.7,bilbao,0,18.39
LZ-EV-003642,10,16.0,rapid_50kw,59.3,murcia,1,27.77
LZ-EV-003643,11,43.2,rapid_50kw,63.2,sevilla,0,26.13
LZ-EV-003644,22,42.9,slow_7kw,61.2,sevilla,0,32.56
LZ-EV-003645,4,27.6,rapid_50kw,52.5,valencia,0,27.8
LZ-EV-003646,8,49.9,rapid_50kw,81.0,malaga,0,26.87
LZ-EV-003647,20,26.2,slow_7kw,72.3,murcia,0,47.22
LZ-EV-003648,20,50.7,ultra_150kw,53.2,barcelona,0,24.95
LZ-EV-003649,8,46.3,slow_7kw,77.8,madrid,0,19.23
LZ-EV-003650,11,67.3,slow_7kw,62.2,murcia,0,18.9
LZ-EV-003651,14,20.6,ultra_150kw,42.9,valencia,0,31.35
LZ-EV-003652,22,48.2,rapid_50kw,59.0,zaragoza,0,25.98
LZ-EV-003653,1,53.5,fast_22kw,51.7,zaragoza,0,21.39
LZ-EV-003654,11,39.8,fast_22kw,42.6,zaragoza,0,25.79
LZ-EV-003655,18,64.5,fast_22kw,37.7,sevilla,0,12.94
LZ-EV-003656,23,32.1,rapid_50kw,82.5,sevilla,0,24.43
LZ-EV-003657,0,49.0,ultra_150kw,65.6,valencia,0,28.78
LZ-EV-003658,2,33.6,fast_22kw,95.8,murcia,1,47.75
LZ-EV-003659,4,24.3,fast_22kw,85.3,valencia,0,26.66
LZ-EV-003660,23,61.3,fast_22kw,75.1,madrid,0,25.54
LZ-EV-003661,8,29.9,rapid_50kw,38.0,madrid,1,22.71
LZ-EV-003662,0,44.0,rapid_50kw,64.2,sevilla,1,26.6
LZ-EV-003663,13,56.7,fast_22kw,31.8,zaragoza,1,12.75
LZ-EV-003664,7,12.5,slow_7kw,48.7,madrid,0,41.77
LZ-EV-003665,7,25.7,fast_22kw,74.5,madrid,0,52.62
LZ-EV-003666,19,58.2,ultra_150kw,43.1,bilbao,0,15.74
LZ-EV-003667,17,25.5,rapid_50kw,70.0,barcelona,0,14.64
LZ-EV-003668,21,37.5,slow_7kw,57.9,bilbao,1,32.55
LZ-EV-003669,19,21.2,fast_22kw,55.6,bilbao,0,40.28
LZ-EV-003670,19,51.8,rapid_50kw,76.2,bilbao,1,35.56
LZ-EV-003671,8,53.4,ultra_150kw,53.5,madrid,1,22.69
LZ-EV-003672,11,11.2,slow_7kw,46.9,bilbao,0,33.89
LZ-EV-003673,20,47.6,slow_7kw,37.6,madrid,0,16.69
LZ-EV-003674,10,43.0,rapid_50kw,74.5,zaragoza,0,42.2
LZ-EV-003675,14,13.0,slow_7kw,58.2,madrid,0,46.73
LZ-EV-003676,1,34.1,rapid_50kw,72.3,zaragoza,1,19.04
LZ-EV-003677,16,50.2,fast_22kw,45.3,murcia,1,22.03
LZ-EV-003678,17,53.0,fast_22kw,53.9,barcelona,0,21.61
LZ-EV-003679,4,33.3,slow_7kw,79.7,murcia,0,44.56
LZ-EV-003680,3,16.9,fast_22kw,67.4,zaragoza,0,52.26
LZ-EV-003681,15,41.3,slow_7kw,28.0,bilbao,0,15.84
LZ-EV-003682,8,31.6,slow_7kw,65.8,malaga,0,49.89
LZ-EV-003683,5,79.8,fast_22kw,100.9,sevilla,0,17.73
LZ-EV-003684,5,42.9,fast_22kw,64.9,barcelona,1,32.48
LZ-EV-003685,9,58.1,rapid_50kw,70.9,barcelona,1,28.68
LZ-EV-003686,21,74.2,ultra_150kw,72.1,malaga,0,18.36
LZ-EV-003687,11,2.0,slow_7kw,62.1,barcelona,0,27.69
LZ-EV-003688,20,32.1,slow_7kw,68.5,zaragoza,1,41.72
LZ-EV-003689,21,37.0,slow_7kw,59.4,madrid,0,37.94
LZ-EV-003690,3,64.6,slow_7kw,75.6,malaga,0,25.37
LZ-EV-003691,15,53.7,slow_7kw,67.2,sevilla,0,30.76
LZ-EV-003692,22,54.8,rapid_50kw,53.3,zaragoza,0,22.06
LZ-EV-003693,15,38.3,ultra_150kw,66.2,malaga,0,38.49
LZ-EV-003694,2,47.1,fast_22kw,83.1,valencia,0,37.2
LZ-EV-003695,7,2.0,slow_7kw,49.2,sevilla,0,37.27
LZ-EV-003696,20,51.7,slow_7kw,44.6,barcelona,1,21.25
LZ-EV-003697,10,50.3,fast_22kw,56.3,sevilla,0,25.93
LZ-EV-003698,13,24.0,ultra_150kw,48.4,valencia,1,31.54
LZ-EV-003699,9,31.4,fast_22kw,75.1,malaga,0,45.65
LZ-EV-003700,5,43.4,slow_7kw,51.6,sevilla,1,25.71
LZ-EV-003701,11,33.9,slow_7kw,94.9,bilbao,0,41.18
LZ-EV-003702,4,51.9,rapid_50kw,81.4,bilbao,0,24.99
LZ-EV-003703,22,21.2,fast_22kw,92.3,valencia,0,15.89
LZ-EV-003704,9,28.1,slow_7kw,50.7,murcia,0,28.1
LZ-EV-003705,16,28.5,fast_22kw,31.1,murcia,0,21.09
LZ-EV-003706,13,59.5,fast_22kw,55.6,madrid,1,22.03
LZ-EV-003707,1,24.7,ultra_150kw,61.9,murcia,1,24.75
LZ-EV-003708,10,32.5,fast_22kw,91.8,sevilla,0,40.07
LZ-EV-003709,17,22.4,fast_22kw,68.7,zaragoza,0,40.75
LZ-EV-003710,4,33.6,slow_7kw,46.0,malaga,1,26.22
LZ-EV-003711,6,30.5,slow_7kw,59.9,malaga,0,34.38
LZ-EV-003712,18,28.8,slow_7kw,70.3,valencia,1,22.03
LZ-EV-003713,6,29.1,fast_22kw,43.1,valencia,0,28.94
LZ-EV-003714,18,24.2,ultra_150kw,83.1,madrid,1,43.1
LZ-EV-003715,18,43.7,fast_22kw,70.9,madrid,0,37.01
LZ-EV-003716,19,44.6,rapid_50kw,90.3,valencia,1,11.49
LZ-EV-003717,11,43.9,fast_22kw,59.8,madrid,0,29.59
LZ-EV-003718,1,21.5,slow_7kw,73.9,valencia,0,33.74
LZ-EV-003719,9,36.5,slow_7kw,95.2,valencia,1,29.65
LZ-EV-003720,8,32.8,slow_7kw,72.1,zaragoza,0,28.33
LZ-EV-003721,6,41.5,fast_22kw,71.4,madrid,0,32.29
LZ-EV-003722,3,63.6,rapid_50kw,49.1,bilbao,0,14.71
LZ-EV-003723,20,68.1,rapid_50kw,72.5,malaga,1,6.95
LZ-EV-003724,10,44.3,slow_7kw,55.9,malaga,1,26.35
LZ-EV-003725,12,23.1,slow_7kw,50.9,barcelona,0,27.43
LZ-EV-003726,2,45.6,rapid_50kw,66.4,zaragoza,1,22.41
LZ-EV-003727,10,34.7,ultra_150kw,52.3,madrid,0,32.36
LZ-EV-003728,8,24.9,ultra_150kw,63.2,barcelona,1,32.57
LZ-EV-003729,21,43.1,rapid_50kw,40.2,zaragoza,0,19.05
LZ-EV-003730,15,4.9,rapid_50kw,88.1,bilbao,0,41.79
LZ-EV-003731,21,44.9,slow_7kw,64.0,madrid,1,33.8
LZ-EV-003732,10,19.2,slow_7kw,50.4,bilbao,0,31.95
LZ-EV-003733,6,42.1,fast_22kw,91.4,barcelona,1,41.24
LZ-EV-003734,7,17.3,ultra_150kw,67.9,sevilla,0,35.14
LZ-EV-003735,17,48.1,slow_7kw,75.2,malaga,0,36.63
LZ-EV-003736,14,36.5,fast_22kw,59.3,madrid,0,35.43
LZ-EV-003737,21,44.5,fast_22kw,73.4,murcia,0,35.46
LZ-EV-003738,22,22.5,fast_22kw,67.7,malaga,1,47.71
LZ-EV-003739,3,29.8,ultra_150kw,73.2,madrid,0,46.17
LZ-EV-003740,23,53.2,rapid_50kw,57.7,madrid,0,24.59
LZ-EV-003741,22,8.9,slow_7kw,67.1,barcelona,0,54.1
LZ-EV-003742,1,44.8,rapid_50kw,83.5,zaragoza,0,24.64
LZ-EV-003743,5,6.4,fast_22kw,76.8,murcia,0,37.53
LZ-EV-003744,5,32.8,slow_7kw,29.4,sevilla,0,17.87
LZ-EV-003745,15,26.5,fast_22kw,78.6,barcelona,0,41.28
LZ-EV-003746,18,19.6,slow_7kw,62.6,barcelona,1,46.58
LZ-EV-003747,17,38.7,rapid_50kw,69.8,zaragoza,0,28.83
LZ-EV-003748,21,51.4,fast_22kw,76.5,malaga,0,29.67
LZ-EV-003749,21,36.0,slow_7kw,41.2,sevilla,0,25.09
LZ-EV-003750,8,30.8,slow_7kw,82.2,valencia,0,36.88
LZ-EV-003751,4,11.0,slow_7kw,72.8,murcia,0,42.1
LZ-EV-003752,14,22.3,slow_7kw,74.8,barcelona,0,22.53
LZ-EV-003753,8,41.7,rapid_50kw,71.7,madrid,0,19.55
LZ-EV-003754,12,16.9,slow_7kw,28.0,sevilla,1,21.83
LZ-EV-003755,0,27.7,fast_22kw,52.8,barcelona,0,35.92
LZ-EV-003756,5,46.9,slow_7kw,77.1,bilbao,1,36.16
LZ-EV-003757,2,14.9,rapid_50kw,93.5,barcelona,0,28.85
LZ-EV-003758,18,24.5,slow_7kw,69.1,barcelona,0,41.17
LZ-EV-003759,18,18.7,rapid_50kw,79.2,murcia,0,23.01
LZ-EV-003760,0,48.8,rapid_50kw,38.4,sevilla,0,18.93
LZ-EV-003761,9,56.6,ultra_150kw,92.6,valencia,0,32.66
LZ-EV-003762,12,24.7,rapid_50kw,56.1,madrid,1,24.65
LZ-EV-003763,1,34.1,slow_7kw,28.0,madrid,0,16.7
LZ-EV-003764,3,45.7,slow_7kw,74.6,bilbao,0,27.39
LZ-EV-003765,23,41.0,fast_22kw,37.2,malaga,0,19.69
LZ-EV-003766,19,2.0,ultra_150kw,72.2,sevilla,0,41.51
LZ-EV-003767,3,63.6,fast_22kw,40.4,sevilla,0,13.95
LZ-EV-003768,5,36.7,fast_22kw,55.2,murcia,1,34.2
LZ-EV-003769,11,60.6,rapid_50kw,65.6,murcia,1,22.96
LZ-EV-003770,16,37.2,rapid_50kw,62.1,valencia,0,15.7
LZ-EV-003771,16,18.7,rapid_50kw,46.5,bilbao,0,29.37
LZ-EV-003772,16,46.1,fast_22kw,49.1,malaga,1,24.91
LZ-EV-003773,23,61.1,fast_22kw,51.9,malaga,1,19.64
LZ-EV-003774,20,48.0,ultra_150kw,52.2,malaga,0,23.93
LZ-EV-003775,4,9.9,fast_22kw,28.0,barcelona,0,23.87
LZ-EV-003776,2,50.4,rapid_50kw,59.8,bilbao,0,15.52
LZ-EV-003777,1,46.4,fast_22kw,64.2,madrid,0,36.55
LZ-EV-003778,22,62.1,fast_22kw,52.6,zaragoza,1,19.84
LZ-EV-003779,9,59.4,ultra_150kw,83.5,sevilla,1,33.27
LZ-EV-003780,9,31.0,slow_7kw,92.9,barcelona,1,44.81
LZ-EV-003781,16,29.1,slow_7kw,72.1,madrid,0,27.61
LZ-EV-003782,11,49.7,rapid_50kw,67.0,murcia,1,27.16
LZ-EV-003783,20,49.2,rapid_50kw,63.0,madrid,0,18.63
LZ-EV-003784,23,73.4,slow_7kw,38.4,murcia,1,8.57
LZ-EV-003785,3,8.2,fast_22kw,47.8,malaga,0,39.98
LZ-EV-003786,15,45.8,slow_7kw,42.8,zaragoza,1,22.49
LZ-EV-003787,5,34.0,ultra_150kw,67.5,barcelona,1,38.57
LZ-EV-003788,0,28.8,slow_7kw,72.5,madrid,1,51.74
LZ-EV-003789,20,16.5,rapid_50kw,66.1,madrid,0,32.98
LZ-EV-003790,19,63.2,slow_7kw,65.5,sevilla,0,24.78
LZ-EV-003791,17,2.0,ultra_150kw,57.8,valencia,0,21.21
LZ-EV-003792,17,34.5,fast_22kw,72.5,murcia,1,44.03
LZ-EV-003793,2,41.8,slow_7kw,53.4,valencia,0,28.82
LZ-EV-003794,14,43.3,fast_22kw,65.1,barcelona,0,31.32
LZ-EV-003795,19,38.9,fast_22kw,28.0,barcelona,0,16.45
LZ-EV-003796,3,13.0,slow_7kw,86.9,sevilla,0,53.55
LZ-EV-003797,11,43.8,rapid_50kw,84.7,sevilla,0,22.09
LZ-EV-003798,6,60.9,fast_22kw,52.4,malaga,1,21.81
LZ-EV-003799,10,53.6,slow_7kw,51.7,zaragoza,0,20.01
LZ-EV-003800,10,50.6,slow_7kw,59.8,bilbao,0,29.03
LZ-EV-003801,6,39.4,fast_22kw,80.7,valencia,1,44.22
LZ-EV-003802,3,22.4,slow_7kw,61.1,malaga,0,38.9
LZ-EV-003803,1,34.9,fast_22kw,71.4,zaragoza,1,42.32
LZ-EV-003804,23,35.4,slow_7kw,53.8,madrid,0,35.08
LZ-EV-003805,21,32.9,rapid_50kw,57.4,valencia,0,33.49
LZ-EV-003806,23,30.9,rapid_50kw,36.6,valencia,0,23.14
LZ-EV-003807,2,47.0,ultra_150kw,73.5,barcelona,0,18.37
LZ-EV-003808,14,39.8,fast_22kw,61.9,malaga,0,35.18
LZ-EV-003809,20,36.3,fast_22kw,59.2,sevilla,0,30.66
LZ-EV-003810,15,2.7,slow_7kw,66.2,bilbao,0,57.08
LZ-EV-003811,16,2.0,slow_7kw,52.4,zaragoza,1,44.78
LZ-EV-003812,12,34.5,slow_7kw,54.1,sevilla,0,26.75
LZ-EV-003813,10,14.8,fast_22kw,71.8,bilbao,1,52.04
LZ-EV-003814,5,54.2,slow_7kw,46.7,madrid,0,18.98
LZ-EV-003815,8,48.9,ultra_150kw,48.8,barcelona,0,24.28
LZ-EV-003816,5,45.0,fast_22kw,56.4,madrid,0,24.65
LZ-EV-003817,1,12.2,fast_22kw,52.8,malaga,1,40.6
LZ-EV-003818,17,27.6,slow_7kw,41.2,valencia,0,27.05
LZ-EV-003819,5,44.2,slow_7kw,59.5,valencia,0,29.82
LZ-EV-003820,18,23.7,fast_22kw,56.1,zaragoza,1,41.52
LZ-EV-003821,23,47.9,rapid_50kw,46.6,murcia,0,22.4
LZ-EV-003822,3,49.1,ultra_150kw,72.3,malaga,0,28.76
LZ-EV-003823,14,50.0,rapid_50kw,110.0,malaga,0,23.28
LZ-EV-003824,11,41.9,fast_22kw,37.9,valencia,0,19.86
LZ-EV-003825,12,29.9,slow_7kw,64.2,valencia,0,46.47
LZ-EV-003826,23,47.5,fast_22kw,60.4,madrid,0,30.41
LZ-EV-003827,5,8.5,slow_7kw,54.4,zaragoza,0,48.98
LZ-EV-003828,16,59.8,fast_22kw,54.3,madrid,0,22.13
LZ-EV-003829,11,51.8,slow_7kw,85.3,malaga,0,25.55
LZ-EV-003830,17,16.8,slow_7kw,35.9,murcia,0,26.18
LZ-EV-003831,0,45.2,rapid_50kw,76.0,sevilla,1,29.5
LZ-EV-003832,16,50.2,fast_22kw,59.5,zaragoza,0,26.66
LZ-EV-003833,7,40.8,rapid_50kw,76.7,murcia,1,19.27
LZ-EV-003834,20,61.4,fast_22kw,77.6,valencia,0,26.64
LZ-EV-003835,9,34.4,slow_7kw,63.5,sevilla,0,38.32
LZ-EV-003836,5,32.3,fast_22kw,65.4,murcia,0,38.52
LZ-EV-003837,1,33.5,fast_22kw,59.6,madrid,0,33.79
LZ-EV-003838,10,42.7,fast_22kw,53.5,murcia,0,26.61
LZ-EV-003839,11,11.5,fast_22kw,48.2,valencia,0,41.75
LZ-EV-003840,6,28.2,rapid_50kw,72.1,bilbao,0,42.56
LZ-EV-003841,5,62.2,fast_22kw,65.4,barcelona,0,22.53
LZ-EV-003842,2,38.2,fast_22kw,39.3,zaragoza,0,23.36
LZ-EV-003843,1,34.3,fast_22kw,52.9,valencia,0,32.23
LZ-EV-003844,9,47.0,slow_7kw,57.9,barcelona,0,27.57
LZ-EV-003845,7,61.4,slow_7kw,61.8,murcia,0,20.55
LZ-EV-003846,23,42.8,rapid_50kw,68.4,zaragoza,0,20.17
LZ-EV-003847,15,22.7,fast_22kw,62.4,zaragoza,0,44.87
LZ-EV-003848,10,34.0,slow_7kw,28.0,malaga,0,16.07
LZ-EV-003849,1,74.8,rapid_50kw,90.8,sevilla,0,20.32
LZ-EV-003850,12,56.7,slow_7kw,61.9,madrid,0,25.34
LZ-EV-003851,15,48.1,slow_7kw,45.4,bilbao,0,21.44
LZ-EV-003852,16,14.4,fast_22kw,49.8,murcia,1,38.75
LZ-EV-003853,0,9.8,rapid_50kw,68.1,barcelona,1,27.7
LZ-EV-003854,0,30.9,fast_22kw,88.8,zaragoza,0,37.86
LZ-EV-003855,18,45.7,slow_7kw,87.4,murcia,0,39.18
LZ-EV-003856,19,53.6,slow_7kw,44.7,madrid,0,18.06
LZ-EV-003857,8,24.3,slow_7kw,68.7,valencia,0,27.74
LZ-EV-003858,18,61.9,rapid_50kw,35.1,bilbao,1,12.91
LZ-EV-003859,8,22.0,fast_22kw,33.3,madrid,0,22.86
LZ-EV-003860,4,49.1,slow_7kw,50.3,zaragoza,0,24.0
LZ-EV-003861,14,25.8,slow_7kw,55.9,malaga,0,32.99
LZ-EV-003862,13,30.1,fast_22kw,64.6,malaga,1,41.76
LZ-EV-003863,23,23.4,fast_22kw,59.3,malaga,0,41.26
LZ-EV-003864,21,69.1,fast_22kw,55.2,madrid,0,16.1
LZ-EV-003865,9,43.0,rapid_50kw,82.2,murcia,1,28.5
LZ-EV-003866,21,26.8,slow_7kw,62.5,valencia,0,40.25
LZ-EV-003867,22,29.4,ultra_150kw,57.6,sevilla,0,33.72
LZ-EV-003868,6,39.9,rapid_50kw,36.0,zaragoza,0,17.9
LZ-EV-003869,23,66.4,fast_22kw,57.0,barcelona,0,18.63
LZ-EV-003870,21,37.9,slow_7kw,75.0,valencia,0,33.26
LZ-EV-003871,9,65.0,rapid_50kw,45.6,barcelona,0,13.78
LZ-EV-003872,1,28.1,slow_7kw,43.5,madrid,0,28.26
LZ-EV-003873,4,51.8,rapid_50kw,50.6,valencia,0,20.96
LZ-EV-003874,7,73.0,slow_7kw,56.8,zaragoza,0,12.83
LZ-EV-003875,15,21.8,rapid_50kw,50.5,madrid,0,24.5
LZ-EV-003876,15,58.3,fast_22kw,50.0,murcia,0,19.48
LZ-EV-003877,9,40.7,fast_22kw,68.7,malaga,1,40.25
LZ-EV-003878,8,57.5,fast_22kw,65.7,malaga,0,24.84
LZ-EV-003879,9,47.1,fast_22kw,60.2,zaragoza,0,29.2
LZ-EV-003880,14,57.8,rapid_50kw,61.6,malaga,0,24.53
LZ-EV-003881,22,38.6,rapid_50kw,67.3,murcia,0,33.04
LZ-EV-003882,20,24.1,slow_7kw,77.4,malaga,0,29.2
LZ-EV-003883,6,47.3,fast_22kw,91.8,valencia,0,39.93
LZ-EV-003884,5,33.3,ultra_150kw,65.5,bilbao,0,35.86
LZ-EV-003885,22,24.0,slow_7kw,54.4,sevilla,1,38.2
LZ-EV-003886,16,5.9,slow_7kw,85.0,zaragoza,0,27.34
LZ-EV-003887,1,31.5,slow_7kw,62.4,zaragoza,1,40.91
LZ-EV-003888,4,15.9,slow_7kw,66.0,zaragoza,0,38.02
LZ-EV-003889,17,56.0,fast_22kw,59.7,valencia,0,21.24
LZ-EV-003890,1,57.4,rapid_50kw,60.1,zaragoza,0,25.23
LZ-EV-003891,20,53.3,ultra_150kw,62.3,bilbao,0,28.64
LZ-EV-003892,8,27.9,fast_22kw,85.7,madrid,0,60.53
LZ-EV-003893,2,20.1,fast_22kw,52.3,murcia,0,32.03
LZ-EV-003894,15,65.6,slow_7kw,66.8,zaragoza,0,16.43
LZ-EV-003895,11,20.1,slow_7kw,94.0,murcia,1,45.81
LZ-EV-003896,18,41.9,fast_22kw,62.7,sevilla,1,35.83
LZ-EV-003897,9,38.8,ultra_150kw,43.7,malaga,0,25.36
LZ-EV-003898,10,38.0,fast_22kw,71.7,malaga,0,30.48
LZ-EV-003899,0,53.9,slow_7kw,90.7,barcelona,0,38.32
LZ-EV-003900,15,55.5,slow_7kw,72.9,bilbao,1,31.35
LZ-EV-003901,15,45.6,ultra_150kw,28.0,barcelona,0,13.92
LZ-EV-003902,10,30.8,fast_22kw,51.1,bilbao,1,16.03
LZ-EV-003903,23,76.7,slow_7kw,66.5,bilbao,0,13.92
LZ-EV-003904,8,39.0,fast_22kw,79.0,valencia,0,30.65
LZ-EV-003905,21,19.8,slow_7kw,69.2,bilbao,1,47.07
LZ-EV-003906,22,36.1,ultra_150kw,72.9,madrid,1,42.27
LZ-EV-003907,8,25.8,rapid_50kw,62.8,bilbao,1,43.66
LZ-EV-003908,15,2.0,slow_7kw,55.7,bilbao,0,26.38
LZ-EV-003909,6,55.8,slow_7kw,78.7,barcelona,1,33.91
LZ-EV-003910,3,46.9,fast_22kw,58.0,malaga,1,28.96
LZ-EV-003911,0,17.6,fast_22kw,74.1,bilbao,0,32.5
LZ-EV-003912,19,41.4,fast_22kw,74.7,barcelona,1,28.28
LZ-EV-003913,15,34.4,rapid_50kw,80.2,barcelona,0,47.3
LZ-EV-003914,7,31.6,fast_22kw,53.5,zaragoza,1,34.23
LZ-EV-003915,6,52.3,rapid_50kw,65.7,malaga,1,16.06
LZ-EV-003916,11,2.0,fast_22kw,88.8,sevilla,1,26.46
LZ-EV-003917,7,45.8,fast_22kw,79.6,bilbao,1,38.2
LZ-EV-003918,8,59.0,slow_7kw,41.3,sevilla,0,14.92
LZ-EV-003919,8,54.5,fast_22kw,63.5,zaragoza,0,25.27
LZ-EV-003920,20,7.7,fast_22kw,43.8,barcelona,0,35.34
LZ-EV-003921,8,2.0,rapid_50kw,46.3,valencia,1,35.5
LZ-EV-003922,18,74.5,fast_22kw,42.7,barcelona,0,9.13
LZ-EV-003923,21,28.0,fast_22kw,38.9,murcia,0,27.39
LZ-EV-003924,21,56.5,slow_7kw,41.0,murcia,1,16.33
LZ-EV-003925,6,2.0,slow_7kw,81.5,barcelona,0,51.34
LZ-EV-003926,7,43.1,rapid_50kw,78.8,barcelona,0,27.4
LZ-EV-003927,16,52.0,fast_22kw,60.2,madrid,0,29.34
LZ-EV-003928,8,30.4,fast_22kw,60.4,zaragoza,0,35.73
LZ-EV-003929,4,32.3,rapid_50kw,34.2,sevilla,0,19.87
LZ-EV-003930,11,62.9,slow_7kw,77.6,barcelona,1,28.62
LZ-EV-003931,7,54.6,slow_7kw,49.7,bilbao,0,20.73
LZ-EV-003932,12,64.1,fast_22kw,77.1,sevilla,0,17.79
LZ-EV-003933,20,37.7,fast_22kw,59.0,sevilla,0,30.94
LZ-EV-003934,13,2.0,slow_7kw,46.5,murcia,1,22.84
LZ-EV-003935,1,43.9,rapid_50kw,36.4,valencia,1,19.64
LZ-EV-003936,1,63.1,slow_7kw,49.4,zaragoza,0,17.1
LZ-EV-003937,15,52.0,rapid_50kw,53.9,murcia,0,24.59
LZ-EV-003938,8,54.5,rapid_50kw,77.8,sevilla,0,16.32
LZ-EV-003939,0,41.6,fast_22kw,37.1,malaga,1,21.06
LZ-EV-003940,1,22.6,fast_22kw,54.1,madrid,1,30.24
LZ-EV-003941,23,48.9,fast_22kw,64.3,sevilla,1,20.41
LZ-EV-003942,0,41.4,fast_22kw,69.0,barcelona,0,25.31
LZ-EV-003943,2,11.9,fast_22kw,60.3,madrid,1,25.23
LZ-EV-003944,13,82.1,rapid_50kw,68.9,barcelona,0,10.75
LZ-EV-003945,21,5.0,rapid_50kw,91.3,sevilla,1,23.12
LZ-EV-003946,14,36.3,slow_7kw,58.0,sevilla,0,34.24
LZ-EV-003947,16,51.5,slow_7kw,80.5,bilbao,0,22.91
LZ-EV-003948,13,44.9,slow_7kw,75.7,barcelona,0,38.19
LZ-EV-003949,5,64.4,slow_7kw,60.2,malaga,1,18.61
LZ-EV-003950,11,39.5,slow_7kw,68.1,sevilla,1,33.02
LZ-EV-003951,1,63.3,ultra_150kw,67.8,murcia,0,24.47
LZ-EV-003952,19,15.5,slow_7kw,75.5,murcia,0,35.65
LZ-EV-003953,9,29.1,ultra_150kw,48.3,zaragoza,1,28.07
LZ-EV-003954,2,27.2,fast_22kw,44.8,barcelona,0,31.05
LZ-EV-003955,2,27.3,fast_22kw,69.1,zaragoza,0,48.34
LZ-EV-003956,2,32.9,rapid_50kw,55.2,murcia,0,14.51
LZ-EV-003957,0,36.9,fast_22kw,53.9,bilbao,0,36.64
LZ-EV-003958,18,42.6,slow_7kw,54.8,zaragoza,0,20.24
LZ-EV-003959,9,40.8,rapid_50kw,55.3,malaga,0,30.77
LZ-EV-003960,23,24.6,rapid_50kw,74.0,murcia,0,13.13
LZ-EV-003961,21,39.2,slow_7kw,47.1,zaragoza,0,26.51
LZ-EV-003962,3,3.5,rapid_50kw,45.4,malaga,0,20.24
LZ-EV-003963,19,56.2,fast_22kw,49.4,zaragoza,0,19.74
LZ-EV-003964,15,43.7,rapid_50kw,60.2,murcia,0,20.39
LZ-EV-003965,14,24.2,fast_22kw,71.8,madrid,0,27.47
LZ-EV-003966,6,69.1,slow_7kw,76.3,malaga,1,19.52
LZ-EV-003967,12,58.5,slow_7kw,55.6,malaga,0,19.21
LZ-EV-003968,3,43.1,fast_22kw,65.1,zaragoza,0,37.61
LZ-EV-003969,23,21.3,ultra_150kw,91.2,madrid,1,36.25
LZ-EV-003970,10,21.1,rapid_50kw,51.1,murcia,1,27.37
LZ-EV-003971,23,11.7,rapid_50kw,56.3,sevilla,0,26.01
LZ-EV-003972,11,29.6,slow_7kw,70.0,bilbao,0,43.23
LZ-EV-003973,9,50.9,slow_7kw,35.8,malaga,0,14.71
LZ-EV-003974,7,11.6,fast_22kw,75.6,bilbao,0,64.42
LZ-EV-003975,22,17.2,fast_22kw,85.6,zaragoza,1,29.84
LZ-EV-003976,21,65.4,ultra_150kw,61.6,madrid,0,19.62
LZ-EV-003977,3,33.1,slow_7kw,92.1,zaragoza,1,49.66
LZ-EV-003978,14,45.2,slow_7kw,77.7,bilbao,0,39.61
LZ-EV-003979,22,42.7,fast_22kw,61.3,bilbao,0,28.22
LZ-EV-003980,0,32.4,fast_22kw,55.8,zaragoza,0,36.76
LZ-EV-003981,17,16.4,ultra_150kw,56.0,malaga,1,40.7
LZ-EV-003982,1,14.9,fast_22kw,60.7,madrid,0,33.84
LZ-EV-003983,11,42.3,slow_7kw,57.7,malaga,0,29.4
LZ-EV-003984,0,38.2,fast_22kw,58.5,madrid,0,34.59
LZ-EV-003985,16,40.0,fast_22kw,85.6,murcia,0,30.12
LZ-EV-003986,3,9.7,rapid_50kw,43.3,malaga,0,16.08
LZ-EV-003987,22,23.0,rapid_50kw,47.4,barcelona,0,21.12
LZ-EV-003988,23,17.1,fast_22kw,52.7,madrid,0,41.1
LZ-EV-003989,9,50.4,fast_22kw,45.9,bilbao,0,22.35
LZ-EV-003990,9,62.3,slow_7kw,50.7,bilbao,0,18.28
LZ-EV-003991,12,44.2,fast_22kw,69.7,sevilla,1,37.23
LZ-EV-003992,11,18.8,slow_7kw,47.5,barcelona,1,31.61
LZ-EV-003993,22,60.9,slow_7kw,63.6,sevilla,0,23.27
LZ-EV-003994,2,30.6,slow_7kw,68.7,zaragoza,0,36.14
LZ-EV-003995,4,23.6,slow_7kw,69.4,zaragoza,0,41.59
LZ-EV-003996,8,12.4,rapid_50kw,68.7,barcelona,0,28.54
LZ-EV-003997,8,75.8,slow_7kw,72.6,sevilla,0,14.11
LZ-EV-003998,1,16.6,slow_7kw,34.2,valencia,0,25.4
LZ-EV-003999,7,43.5,rapid_50kw,69.4,murcia,0,35.11
LZ-EV-004000,22,23.8,slow_7kw,55.7,bilbao,0,19.77
LZ-EV-004001,19,2.0,ultra_150kw,60.6,malaga,0,49.16
LZ-EV-004002,11,44.2,fast_22kw,76.6,valencia,1,39.75
LZ-EV-004003,11,75.1,slow_7kw,101.2,malaga,0,24.58
LZ-EV-004004,0,34.0,fast_22kw,28.0,madrid,0,15.9
LZ-EV-004005,15,40.9,slow_7kw,85.7,zaragoza,1,50.67
LZ-EV-004006,16,22.6,slow_7kw,59.3,madrid,0,41.11
LZ-EV-004007,12,53.9,slow_7kw,74.7,murcia,0,34.39
LZ-EV-004008,10,36.6,fast_22kw,61.3,bilbao,0,37.62
LZ-EV-004009,18,52.0,slow_7kw,65.5,sevilla,0,26.34
LZ-EV-004010,10,55.4,slow_7kw,70.8,zaragoza,0,30.77
LZ-EV-004011,1,40.8,slow_7kw,61.8,valencia,0,31.29
LZ-EV-004012,20,45.4,ultra_150kw,31.5,madrid,0,15.69
LZ-EV-004013,20,38.9,fast_22kw,52.0,barcelona,0,27.55
LZ-EV-004014,3,19.9,slow_7kw,61.5,madrid,0,44.71
LZ-EV-004015,22,29.3,slow_7kw,66.6,sevilla,0,42.18
LZ-EV-004016,10,2.0,slow_7kw,51.9,sevilla,0,46.86
LZ-EV-004017,4,41.0,rapid_50kw,28.0,sevilla,0,15.61
LZ-EV-004018,10,55.7,slow_7kw,49.9,valencia,1,20.5
LZ-EV-004019,19,24.3,slow_7kw,51.0,malaga,0,34.72
LZ-EV-004020,12,42.3,fast_22kw,68.2,bilbao,0,35.74
LZ-EV-004021,8,23.9,slow_7kw,85.9,madrid,0,52.38
LZ-EV-004022,20,12.1,fast_22kw,90.6,sevilla,0,38.59
LZ-EV-004023,20,56.6,slow_7kw,58.9,sevilla,0,22.41
LZ-EV-004024,5,16.2,fast_22kw,87.5,zaragoza,0,51.0
LZ-EV-004025,1,20.5,rapid_50kw,34.7,zaragoza,0,18.63
LZ-EV-004026,5,39.0,slow_7kw,72.8,bilbao,1,39.03
LZ-EV-004027,20,4.6,fast_22kw,38.1,murcia,1,31.67
LZ-EV-004028,13,9.9,fast_22kw,75.3,murcia,0,40.75
LZ-EV-004029,12,41.9,fast_22kw,47.1,zaragoza,0,25.47
LZ-EV-004030,22,58.5,slow_7kw,52.9,valencia,1,23.9
LZ-EV-004031,12,42.2,slow_7kw,80.2,barcelona,0,45.94
LZ-EV-004032,21,2.0,rapid_50kw,82.0,zaragoza,0,11.93
LZ-EV-004033,14,60.1,fast_22kw,67.3,zaragoza,1,22.05
LZ-EV-004034,12,36.2,fast_22kw,81.7,zaragoza,0,35.0
LZ-EV-004035,4,27.1,slow_7kw,70.9,barcelona,1,34.3
LZ-EV-004036,14,56.7,fast_22kw,63.2,barcelona,0,23.27
LZ-EV-004037,20,33.9,ultra_150kw,64.3,madrid,0,40.89
LZ-EV-004038,1,47.9,fast_22kw,56.9,malaga,1,27.16
LZ-EV-004039,17,23.1,rapid_50kw,84.7,barcelona,0,34.06
LZ-EV-004040,4,75.4,fast_22kw,49.7,malaga,0,11.11
LZ-EV-004041,16,71.2,fast_22kw,78.5,madrid,0,20.03
LZ-EV-004042,4,23.7,ultra_150kw,63.9,barcelona,0,23.43
LZ-EV-004043,10,32.3,ultra_150kw,55.3,murcia,0,38.37
LZ-EV-004044,5,26.8,fast_22kw,51.3,barcelona,1,19.24
LZ-EV-004045,23,27.8,fast_22kw,84.3,madrid,0,34.08
LZ-EV-004046,14,36.2,slow_7kw,38.0,bilbao,1,23.56
LZ-EV-004047,2,31.1,rapid_50kw,97.9,madrid,0,10.68
LZ-EV-004048,13,32.4,slow_7kw,54.7,sevilla,0,26.51
LZ-EV-004049,4,26.8,slow_7kw,50.0,zaragoza,1,28.89
LZ-EV-004050,10,73.3,slow_7kw,75.8,zaragoza,0,20.9
LZ-EV-004051,6,58.3,fast_22kw,82.0,zaragoza,0,19.42
LZ-EV-004052,23,23.1,slow_7kw,47.2,malaga,1,33.45
LZ-EV-004053,17,40.6,slow_7kw,53.2,valencia,0,30.48
LZ-EV-004054,23,34.6,fast_22kw,73.5,murcia,0,44.18
LZ-EV-004055,13,23.3,fast_22kw,57.6,sevilla,0,37.92
LZ-EV-004056,7,55.5,slow_7kw,85.1,barcelona,1,33.14
LZ-EV-004057,9,35.9,fast_22kw,66.8,sevilla,0,40.32
LZ-EV-004058,20,40.4,fast_22kw,79.0,bilbao,0,33.11
LZ-EV-004059,23,72.7,rapid_50kw,45.9,barcelona,0,10.37
LZ-EV-004060,0,36.6,rapid_50kw,28.0,murcia,1,16.3
LZ-EV-004061,13,14.5,rapid_50kw,61.9,bilbao,0,20.57
LZ-EV-004062,11,62.4,fast_22kw,81.8,murcia,1,27.15
LZ-EV-004063,8,44.0,slow_7kw,34.7,malaga,0,18.84
LZ-EV-004064,7,27.1,slow_7kw,57.2,barcelona,0,38.94
LZ-EV-004065,19,32.6,fast_22kw,66.3,valencia,0,32.25
LZ-EV-004066,3,56.6,fast_22kw,69.5,madrid,0,30.46
LZ-EV-004067,15,40.8,fast_22kw,60.8,valencia,0,31.31
LZ-EV-004068,6,26.2,ultra_150kw,54.8,murcia,0,34.45
LZ-EV-004069,2,62.0,rapid_50kw,45.7,valencia,0,15.91
LZ-EV-004070,4,46.8,fast_22kw,79.9,murcia,0,44.81
LZ-EV-004071,16,68.0,slow_7kw,44.5,murcia,0,12.57
LZ-EV-004072,20,23.9,fast_22kw,65.3,bilbao,0,26.57
LZ-EV-004073,16,58.3,slow_7kw,53.9,murcia,0,22.19
LZ-EV-004074,15,21.8,fast_22kw,55.4,zaragoza,0,29.67
LZ-EV-004075,3,35.8,slow_7kw,55.3,zaragoza,0,34.68
LZ-EV-004076,21,72.2,fast_22kw,58.1,malaga,0,15.77
LZ-EV-004077,5,53.8,slow_7kw,75.7,madrid,0,33.87
LZ-EV-004078,0,35.3,slow_7kw,57.0,malaga,0,31.85
LZ-EV-004079,7,15.2,fast_22kw,37.2,barcelona,0,20.4
LZ-EV-004080,7,50.8,rapid_50kw,67.6,bilbao,0,30.77
LZ-EV-004081,11,51.6,slow_7kw,66.0,murcia,0,27.85
LZ-EV-004082,16,39.9,rapid_50kw,54.3,madrid,1,27.99
LZ-EV-004083,14,14.5,ultra_150kw,48.7,barcelona,0,28.57
LZ-EV-004084,17,37.2,slow_7kw,86.8,bilbao,0,50.95
LZ-EV-004085,8,49.0,ultra_150kw,73.6,zaragoza,1,26.64
LZ-EV-004086,7,23.8,fast_22kw,80.8,valencia,1,24.95
LZ-EV-004087,1,15.2,slow_7kw,58.8,malaga,0,32.98
LZ-EV-004088,22,17.5,slow_7kw,57.2,valencia,1,41.05
LZ-EV-004089,12,85.4,ultra_150kw,61.1,bilbao,1,8.25
LZ-EV-004090,8,38.9,fast_22kw,69.3,malaga,1,36.3
LZ-EV-004091,7,25.7,rapid_50kw,104.9,sevilla,0,29.94
LZ-EV-004092,12,38.3,slow_7kw,46.6,barcelona,0,25.11
LZ-EV-004093,2,59.8,ultra_150kw,78.7,barcelona,0,29.16
LZ-EV-004094,20,26.7,fast_22kw,64.1,madrid,1,45.03
LZ-EV-004095,10,56.0,rapid_50kw,48.9,malaga,0,18.6
LZ-EV-004096,20,74.6,fast_22kw,62.4,murcia,1,13.61
LZ-EV-004097,8,56.5,fast_22kw,51.1,valencia,0,20.4
LZ-EV-004098,5,39.4,ultra_150kw,68.5,zaragoza,0,39.02
LZ-EV-004099,3,39.4,slow_7kw,70.9,zaragoza,0,38.84
LZ-EV-004100,20,57.2,rapid_50kw,69.7,malaga,1,26.04
LZ-EV-004101,15,63.8,fast_22kw,53.9,madrid,0,18.58
LZ-EV-004102,2,40.5,fast_22kw,57.6,zaragoza,0,30.24
LZ-EV-004103,9,6.4,fast_22kw,44.3,zaragoza,0,28.35
LZ-EV-004104,14,16.5,ultra_150kw,67.9,bilbao,1,39.88
LZ-EV-004105,18,26.5,slow_7kw,96.1,madrid,0,28.3
LZ-EV-004106,22,20.3,slow_7kw,65.8,malaga,0,22.83
LZ-EV-004107,21,30.4,slow_7kw,40.1,zaragoza,1,23.72
LZ-EV-004108,13,34.6,fast_22kw,60.3,zaragoza,0,37.04
LZ-EV-004109,13,61.0,slow_7kw,72.7,valencia,0,16.67
LZ-EV-004110,6,47.2,ultra_150kw,37.8,barcelona,0,17.11
LZ-EV-004111,6,37.9,slow_7kw,37.7,murcia,1,22.08
LZ-EV-004112,11,44.6,rapid_50kw,61.8,valencia,0,30.46
LZ-EV-004113,20,56.5,slow_7kw,40.7,valencia,0,16.87
LZ-EV-004114,7,29.4,fast_22kw,75.8,sevilla,0,28.18
LZ-EV-004115,8,26.4,fast_22kw,91.1,zaragoza,1,37.8
LZ-EV-004116,12,39.6,slow_7kw,75.0,murcia,0,39.06
LZ-EV-004117,21,40.3,slow_7kw,50.1,bilbao,0,25.99
LZ-EV-004118,15,86.0,fast_22kw,59.4,barcelona,1,7.34
LZ-EV-004119,23,14.0,fast_22kw,45.0,valencia,0,35.39
LZ-EV-004120,18,25.2,fast_22kw,28.0,sevilla,0,20.46
LZ-EV-004121,12,20.1,rapid_50kw,55.7,zaragoza,1,26.2
LZ-EV-004122,12,66.8,slow_7kw,42.0,barcelona,0,13.24
LZ-EV-004123,21,56.2,fast_22kw,50.4,malaga,0,21.76
LZ-EV-004124,19,51.4,rapid_50kw,88.1,sevilla,0,41.2
LZ-EV-004125,5,2.0,fast_22kw,85.0,bilbao,0,68.25
LZ-EV-004126,2,56.2,slow_7kw,49.6,madrid,0,21.69
LZ-EV-004127,0,16.4,rapid_50kw,80.1,barcelona,0,21.65
LZ-EV-004128,6,51.5,fast_22kw,70.0,malaga,1,29.58
LZ-EV-004129,6,2.0,rapid_50kw,44.3,sevilla,0,34.53
LZ-EV-004130,10,56.7,fast_22kw,30.8,madrid,0,13.06
LZ-EV-004131,21,41.8,rapid_50kw,60.1,zaragoza,0,21.76
LZ-EV-004132,17,45.2,slow_7kw,68.9,murcia,0,35.25
LZ-EV-004133,5,32.1,fast_22kw,81.0,murcia,0,32.37
LZ-EV-004134,6,69.6,slow_7kw,95.8,zaragoza,1,28.58
LZ-EV-004135,11,40.2,rapid_50kw,73.7,murcia,0,35.46
LZ-EV-004136,0,34.0,ultra_150kw,73.1,zaragoza,0,29.05
LZ-EV-004137,11,56.8,fast_22kw,49.8,malaga,1,19.15
LZ-EV-004138,5,81.6,slow_7kw,80.0,barcelona,0,13.06
LZ-EV-004139,11,29.5,slow_7kw,45.3,valencia,1,28.9
LZ-EV-004140,18,17.1,slow_7kw,76.4,barcelona,1,48.1
LZ-EV-004141,7,39.5,slow_7kw,75.0,valencia,0,38.88
LZ-EV-004142,21,22.5,slow_7kw,68.9,zaragoza,1,46.37
LZ-EV-004143,4,82.0,rapid_50kw,60.6,murcia,0,8.74
LZ-EV-004144,2,31.0,ultra_150kw,52.7,bilbao,0,34.76
LZ-EV-004145,6,46.8,slow_7kw,73.6,sevilla,0,21.4
LZ-EV-004146,23,43.3,fast_22kw,57.5,valencia,0,23.48
LZ-EV-004147,23,39.1,fast_22kw,42.1,bilbao,0,23.12
LZ-EV-004148,9,60.6,ultra_150kw,35.6,zaragoza,0,13.43
LZ-EV-004149,12,49.0,ultra_150kw,77.8,sevilla,0,37.32
LZ-EV-004150,4,58.2,fast_22kw,76.3,murcia,1,27.99
LZ-EV-004151,10,36.6,slow_7kw,42.3,murcia,1,25.05
LZ-EV-004152,23,50.5,slow_7kw,72.9,bilbao,0,32.73
LZ-EV-004153,0,37.3,ultra_150kw,65.4,malaga,0,41.36
LZ-EV-004154,2,58.0,ultra_150kw,40.9,sevilla,0,14.49
LZ-EV-004155,20,27.3,slow_7kw,47.1,barcelona,0,34.12
LZ-EV-004156,23,10.4,slow_7kw,64.5,madrid,1,38.88
LZ-EV-004157,9,2.0,fast_22kw,62.2,bilbao,0,21.26
LZ-EV-004158,7,43.8,slow_7kw,47.1,malaga,0,25.35
LZ-EV-004159,2,65.7,rapid_50kw,51.1,valencia,1,13.69
LZ-EV-004160,10,33.5,slow_7kw,67.6,sevilla,0,45.32
LZ-EV-004161,11,15.4,slow_7kw,68.0,zaragoza,0,28.0
LZ-EV-004162,12,74.0,rapid_50kw,65.1,murcia,0,15.29
LZ-EV-004163,3,21.6,rapid_50kw,67.2,murcia,0,48.51
LZ-EV-004164,21,42.5,slow_7kw,41.9,bilbao,0,22.64
LZ-EV-004165,3,15.8,fast_22kw,64.9,sevilla,0,42.48
LZ-EV-004166,11,77.5,slow_7kw,71.2,barcelona,1,16.37
LZ-EV-004167,8,37.7,slow_7kw,69.6,sevilla,0,38.7
LZ-EV-004168,12,47.1,slow_7kw,83.3,madrid,1,39.73
LZ-EV-004169,22,58.3,fast_22kw,74.2,malaga,0,29.35
LZ-EV-004170,2,62.9,fast_22kw,83.8,bilbao,0,26.52
LZ-EV-004171,19,24.2,fast_22kw,74.7,valencia,0,53.12
LZ-EV-004172,10,50.0,fast_22kw,69.8,zaragoza,0,33.71
LZ-EV-004173,15,38.4,slow_7kw,83.5,murcia,0,46.87
LZ-EV-004174,3,40.8,fast_22kw,62.6,sevilla,0,37.56
LZ-EV-004175,13,63.7,rapid_50kw,82.8,madrid,1,24.24
LZ-EV-004176,12,35.3,fast_22kw,49.5,malaga,0,32.85
LZ-EV-004177,11,19.6,fast_22kw,50.3,barcelona,0,37.66
LZ-EV-004178,15,43.3,slow_7kw,67.6,madrid,1,22.1
LZ-EV-004179,21,52.2,slow_7kw,83.1,bilbao,0,19.31
LZ-EV-004180,10,41.4,slow_7kw,54.9,malaga,1,28.71
LZ-EV-004181,22,29.3,rapid_50kw,71.3,madrid,0,22.27
LZ-EV-004182,18,25.3,fast_22kw,34.6,sevilla,0,23.63
LZ-EV-004183,10,54.2,fast_22kw,58.3,barcelona,0,23.51
LZ-EV-004184,9,13.9,rapid_50kw,63.2,murcia,0,29.16
LZ-EV-004185,3,71.0,slow_7kw,55.8,zaragoza,0,16.59
LZ-EV-004186,16,37.0,rapid_50kw,34.4,barcelona,1,20.67
LZ-EV-004187,5,46.8,fast_22kw,35.5,zaragoza,0,17.86
LZ-EV-004188,11,37.7,ultra_150kw,56.5,murcia,1,30.17
LZ-EV-004189,13,49.5,rapid_50kw,28.0,sevilla,0,14.09
LZ-EV-004190,1,45.8,slow_7kw,80.1,barcelona,0,36.48
LZ-EV-004191,9,48.9,slow_7kw,86.1,bilbao,0,21.2
LZ-EV-004192,3,55.2,ultra_150kw,78.7,valencia,0,29.82
LZ-EV-004193,19,74.9,fast_22kw,62.3,madrid,1,15.34
LZ-EV-004194,15,40.1,rapid_50kw,59.7,bilbao,1,16.08
LZ-EV-004195,3,79.3,slow_7kw,98.5,malaga,0,18.27
LZ-EV-004196,16,33.8,slow_7kw,28.0,murcia,0,16.68
LZ-EV-004197,2,41.9,fast_22kw,83.9,madrid,0,34.19
LZ-EV-004198,23,40.2,fast_22kw,65.2,barcelona,0,31.75
LZ-EV-004199,10,19.1,rapid_50kw,67.1,zaragoza,0,31.67
LZ-EV-004200,15,34.2,ultra_150kw,71.6,sevilla,1,40.24
LZ-EV-004201,10,39.6,fast_22kw,71.2,sevilla,0,29.7
LZ-EV-004202,17,58.9,rapid_50kw,28.0,murcia,0,10.73
LZ-EV-004203,14,53.4,rapid_50kw,64.6,valencia,0,19.75
LZ-EV-004204,17,59.0,fast_22kw,96.2,madrid,0,32.48
LZ-EV-004205,23,17.6,fast_22kw,83.7,valencia,0,55.01
LZ-EV-004206,19,32.7,fast_22kw,65.2,sevilla,1,33.72
LZ-EV-004207,20,43.3,fast_22kw,67.1,barcelona,0,37.84
LZ-EV-004208,8,27.1,ultra_150kw,57.9,valencia,0,38.34
LZ-EV-004209,5,46.8,rapid_50kw,50.0,sevilla,0,17.3
LZ-EV-004210,14,44.3,slow_7kw,78.5,zaragoza,0,31.73
LZ-EV-004211,10,37.3,slow_7kw,78.4,valencia,0,28.62
LZ-EV-004212,7,24.2,rapid_50kw,52.2,sevilla,0,29.69
LZ-EV-004213,17,52.5,rapid_50kw,66.0,malaga,0,19.83
LZ-EV-004214,23,37.3,slow_7kw,48.2,barcelona,0,30.36
LZ-EV-004215,11,29.1,fast_22kw,52.8,murcia,1,33.28
LZ-EV-004216,20,55.6,fast_22kw,48.2,malaga,0,19.09
LZ-EV-004217,4,14.3,rapid_50kw,80.4,barcelona,0,20.21
LZ-EV-004218,12,67.3,slow_7kw,78.6,valencia,0,23.51
LZ-EV-004219,18,27.9,slow_7kw,60.3,bilbao,1,36.14
LZ-EV-004220,20,40.6,fast_22kw,46.2,murcia,0,25.46
LZ-EV-004221,11,65.9,rapid_50kw,56.2,murcia,0,18.38
LZ-EV-004222,14,32.3,fast_22kw,45.9,murcia,0,26.55
LZ-EV-004223,6,14.3,slow_7kw,36.2,madrid,1,27.29
LZ-EV-004224,13,54.4,fast_22kw,68.0,murcia,0,27.86
LZ-EV-004225,7,50.7,fast_22kw,49.4,murcia,0,22.08
LZ-EV-004226,17,11.4,slow_7kw,75.9,madrid,0,37.58
LZ-EV-004227,4,40.0,fast_22kw,80.8,murcia,0,24.95
LZ-EV-004228,17,44.9,rapid_50kw,57.8,zaragoza,0,27.83
LZ-EV-004229,19,78.6,ultra_150kw,70.4,malaga,0,14.97
LZ-EV-004230,16,56.6,ultra_150kw,41.3,valencia,0,17.53
LZ-EV-004231,23,19.6,ultra_150kw,70.8,sevilla,0,49.92
LZ-EV-004232,14,53.8,fast_22kw,61.6,sevilla,0,27.08
LZ-EV-004233,6,30.4,fast_22kw,46.0,murcia,0,30.86
LZ-EV-004234,6,57.4,slow_7kw,68.0,madrid,0,27.9
LZ-EV-004235,22,33.4,rapid_50kw,55.5,valencia,0,28.53
LZ-EV-004236,5,43.2,rapid_50kw,63.7,murcia,1,26.09
LZ-EV-004237,7,57.3,rapid_50kw,53.3,madrid,0,21.38
LZ-EV-004238,2,34.9,rapid_50kw,65.9,sevilla,0,41.58
LZ-EV-004239,17,42.4,ultra_150kw,52.9,zaragoza,0,27.24
LZ-EV-004240,15,25.4,fast_22kw,75.8,valencia,1,30.16
LZ-EV-004241,1,53.8,ultra_150kw,42.2,murcia,0,19.71
LZ-EV-004242,7,26.6,fast_22kw,66.1,zaragoza,0,43.73
LZ-EV-004243,7,38.0,rapid_50kw,67.3,zaragoza,1,16.34
LZ-EV-004244,8,41.3,fast_22kw,44.9,murcia,0,24.66
LZ-EV-004245,7,42.2,ultra_150kw,67.2,sevilla,0,34.14
LZ-EV-004246,5,56.0,rapid_50kw,85.2,valencia,0,31.33
LZ-EV-004247,4,25.0,slow_7kw,66.0,madrid,1,46.3
LZ-EV-004248,22,21.7,slow_7kw,53.9,barcelona,0,35.56
LZ-EV-004249,17,44.5,fast_22kw,28.9,valencia,0,13.75
LZ-EV-004250,10,12.9,fast_22kw,48.3,malaga,0,38.82
LZ-EV-004251,3,57.0,fast_22kw,46.1,murcia,0,19.04
LZ-EV-004252,9,13.7,slow_7kw,66.8,zaragoza,0,30.49
LZ-EV-004253,3,33.5,slow_7kw,75.6,malaga,0,39.04
LZ-EV-004254,21,33.5,rapid_50kw,64.1,zaragoza,1,13.28
LZ-EV-004255,12,44.0,ultra_150kw,82.7,sevilla,0,35.1
LZ-EV-004256,14,44.1,slow_7kw,74.5,murcia,0,28.26
LZ-EV-004257,21,48.3,slow_7kw,92.4,zaragoza,0,31.68
LZ-EV-004258,0,48.6,slow_7kw,74.2,madrid,1,33.72
LZ-EV-004259,6,42.7,fast_22kw,60.0,malaga,0,34.16
LZ-EV-004260,1,2.0,slow_7kw,62.5,murcia,0,28.25
LZ-EV-004261,2,66.3,slow_7kw,69.2,barcelona,0,22.79
LZ-EV-004262,13,36.6,slow_7kw,66.3,sevilla,0,28.74
LZ-EV-004263,6,44.3,rapid_50kw,46.9,barcelona,0,26.13
LZ-EV-004264,20,37.7,rapid_50kw,76.9,bilbao,1,32.71
LZ-EV-004265,14,65.5,rapid_50kw,54.9,murcia,0,16.82
LZ-EV-004266,9,61.1,fast_22kw,71.7,murcia,1,25.43
LZ-EV-004267,8,63.0,slow_7kw,49.9,barcelona,0,18.16
LZ-EV-004268,17,41.1,slow_7kw,51.0,malaga,0,25.46
LZ-EV-004269,2,64.5,fast_22kw,88.7,zaragoza,1,30.57
LZ-EV-004270,11,7.9,slow_7kw,53.8,madrid,0,34.35
LZ-EV-004271,12,63.5,rapid_50kw,75.4,murcia,0,23.71
LZ-EV-004272,21,54.5,slow_7kw,29.0,zaragoza,0,12.11
LZ-EV-004273,4,77.3,slow_7kw,56.1,valencia,0,11.87
LZ-EV-004274,1,38.0,fast_22kw,61.5,madrid,0,26.26
LZ-EV-004275,20,49.0,slow_7kw,57.1,bilbao,0,26.78
LZ-EV-004276,8,54.0,ultra_150kw,51.0,barcelona,0,21.19
LZ-EV-004277,6,11.4,rapid_50kw,81.7,valencia,0,10.58
LZ-EV-004278,15,31.3,rapid_50kw,51.0,madrid,0,26.18
LZ-EV-004279,3,28.3,slow_7kw,64.4,murcia,0,34.02
LZ-EV-004280,18,35.3,ultra_150kw,61.9,murcia,1,34.36
LZ-EV-004281,6,52.1,fast_22kw,54.6,zaragoza,0,24.71
LZ-EV-004282,22,7.9,fast_22kw,38.7,sevilla,0,31.12
LZ-EV-004283,10,49.4,rapid_50kw,38.4,barcelona,0,20.36
LZ-EV-004284,14,45.3,slow_7kw,94.6,madrid,0,46.17
LZ-EV-004285,16,42.3,ultra_150kw,54.3,barcelona,0,28.65
LZ-EV-004286,12,35.4,ultra_150kw,68.6,malaga,1,41.05
LZ-EV-004287,1,29.7,slow_7kw,46.2,zaragoza,0,30.8
LZ-EV-004288,4,67.0,slow_7kw,51.2,madrid,0,15.92
LZ-EV-004289,0,57.2,ultra_150kw,108.0,sevilla,0,40.33
LZ-EV-004290,17,34.8,slow_7kw,28.0,zaragoza,0,17.03
LZ-EV-004291,4,77.6,slow_7kw,53.3,zaragoza,1,11.0
LZ-EV-004292,11,52.6,slow_7kw,70.1,sevilla,0,31.13
LZ-EV-004293,15,40.5,fast_22kw,58.4,murcia,1,20.54
LZ-EV-004294,21,49.8,slow_7kw,62.5,bilbao,1,22.56
LZ-EV-004295,22,59.7,fast_22kw,68.2,valencia,0,26.36
LZ-EV-004296,14,46.1,fast_22kw,47.1,sevilla,0,22.06
LZ-EV-004297,17,17.6,slow_7kw,87.2,valencia,1,45.9
LZ-EV-004298,16,12.7,slow_7kw,44.0,madrid,0,35.31
LZ-EV-004299,10,23.3,slow_7kw,47.2,barcelona,0,34.21
LZ-EV-004300,9,21.9,ultra_150kw,47.2,barcelona,1,21.04
LZ-EV-004301,2,36.8,slow_7kw,62.8,sevilla,1,33.99
LZ-EV-004302,12,24.4,rapid_50kw,82.7,bilbao,0,18.37
LZ-EV-004303,7,49.7,slow_7kw,83.4,sevilla,0,42.55
LZ-EV-004304,1,67.4,fast_22kw,73.1,sevilla,0,24.52
LZ-EV-004305,16,49.0,slow_7kw,32.0,valencia,0,16.49
LZ-EV-004306,6,66.9,slow_7kw,67.7,zaragoza,0,21.06
LZ-EV-004307,12,12.1,slow_7kw,42.0,sevilla,1,28.51
LZ-EV-004308,13,36.3,slow_7kw,41.8,murcia,1,25.0
LZ-EV-004309,8,48.5,ultra_150kw,47.0,barcelona,0,21.65
LZ-EV-004310,5,32.2,slow_7kw,45.7,barcelona,0,28.14
LZ-EV-004311,17,4.8,fast_22kw,65.9,barcelona,1,42.04
LZ-EV-004312,3,31.5,fast_22kw,77.3,valencia,0,47.03
LZ-EV-004313,9,18.4,fast_22kw,62.6,murcia,0,51.57
LZ-EV-004314,19,9.7,slow_7kw,51.0,sevilla,0,37.78
LZ-EV-004315,7,37.8,slow_7kw,84.4,zaragoza,0,19.92
LZ-EV-004316,1,34.4,ultra_150kw,73.2,madrid,1,24.18
LZ-EV-004317,3,33.4,fast_22kw,56.4,zaragoza,0,35.73
LZ-EV-004318,23,2.0,slow_7kw,75.9,zaragoza,0,29.3
LZ-EV-004319,15,31.0,ultra_150kw,80.1,madrid,0,30.75
LZ-EV-004320,22,60.1,rapid_50kw,81.8,bilbao,0,22.4
LZ-EV-004321,5,61.0,rapid_50kw,60.4,murcia,0,19.76
LZ-EV-004322,12,60.2,slow_7kw,62.4,malaga,0,23.9
LZ-EV-004323,1,49.7,fast_22kw,48.3,bilbao,1,25.34
LZ-EV-004324,21,50.8,fast_22kw,34.4,valencia,0,15.08
LZ-EV-004325,9,55.0,slow_7kw,39.7,valencia,0,17.0
LZ-EV-004326,22,57.2,fast_22kw,69.3,barcelona,0,29.31
LZ-EV-004327,16,44.3,slow_7kw,52.2,barcelona,0,24.02
LZ-EV-004328,2,38.1,slow_7kw,59.7,zaragoza,0,35.59
LZ-EV-004329,20,40.4,fast_22kw,91.5,sevilla,1,28.86
LZ-EV-004330,8,8.4,slow_7kw,64.4,murcia,0,37.55
LZ-EV-004331,12,36.4,slow_7kw,72.7,malaga,1,43.6
LZ-EV-004332,9,33.0,fast_22kw,55.2,bilbao,0,34.26
LZ-EV-004333,20,28.2,fast_22kw,40.4,valencia,1,27.33
LZ-EV-004334,3,49.5,fast_22kw,63.6,barcelona,0,29.67
LZ-EV-004335,16,2.0,ultra_150kw,67.5,murcia,0,62.0
LZ-EV-004336,5,52.3,fast_22kw,84.3,madrid,1,24.25
LZ-EV-004337,22,24.8,rapid_50kw,60.0,valencia,0,32.4
LZ-EV-004338,0,11.5,rapid_50kw,53.6,valencia,0,11.72
LZ-EV-004339,7,40.1,rapid_50kw,56.5,valencia,0,31.9
LZ-EV-004340,14,33.7,fast_22kw,77.9,sevilla,0,40.31
LZ-EV-004341,18,17.5,slow_7kw,59.8,zaragoza,0,47.45
LZ-EV-004342,7,31.7,rapid_50kw,70.7,malaga,0,19.92
LZ-EV-004343,10,49.6,fast_22kw,46.1,malaga,0,22.53
LZ-EV-004344,0,57.1,fast_22kw,85.9,sevilla,1,35.43
LZ-EV-004345,0,29.4,slow_7kw,69.9,sevilla,1,38.52
LZ-EV-004346,14,13.7,slow_7kw,89.7,zaragoza,0,25.53
LZ-EV-004347,2,54.1,slow_7kw,90.4,murcia,1,36.26
LZ-EV-004348,23,58.0,rapid_50kw,76.3,murcia,0,13.17
LZ-EV-004349,17,31.9,fast_22kw,61.4,valencia,0,39.12
LZ-EV-004350,16,44.8,rapid_50kw,61.2,zaragoza,0,34.02
LZ-EV-004351,2,54.1,fast_22kw,40.1,murcia,0,17.04
LZ-EV-004352,10,32.3,slow_7kw,52.1,malaga,0,28.82
LZ-EV-004353,0,21.4,fast_22kw,49.6,sevilla,0,25.08
LZ-EV-004354,4,16.2,slow_7kw,65.3,valencia,1,46.07
LZ-EV-004355,6,38.4,slow_7kw,67.9,sevilla,0,37.96
LZ-EV-004356,21,31.3,fast_22kw,47.2,zaragoza,1,22.31
LZ-EV-004357,16,39.0,fast_22kw,43.5,madrid,1,26.59
LZ-EV-004358,4,40.1,fast_22kw,62.4,zaragoza,1,34.62
LZ-EV-004359,22,26.2,fast_22kw,80.0,malaga,0,49.05
LZ-EV-004360,22,28.4,slow_7kw,89.2,barcelona,1,43.86
LZ-EV-004361,17,27.2,slow_7kw,30.4,murcia,0,20.77
LZ-EV-004362,3,25.5,rapid_50kw,51.9,zaragoza,0,25.9
LZ-EV-004363,21,14.3,rapid_50kw,39.3,murcia,0,29.65
LZ-EV-004364,14,11.4,slow_7kw,44.1,bilbao,0,28.34
LZ-EV-004365,19,31.8,fast_22kw,70.0,zaragoza,0,35.05
LZ-EV-004366,21,40.8,slow_7kw,50.8,murcia,1,25.99
LZ-EV-004367,18,40.7,slow_7kw,86.6,barcelona,1,44.88
LZ-EV-004368,21,38.3,slow_7kw,53.5,murcia,0,29.2
LZ-EV-004369,10,74.9,slow_7kw,79.7,barcelona,0,19.6
LZ-EV-004370,18,38.3,fast_22kw,81.3,valencia,0,45.99
LZ-EV-004371,1,28.5,fast_22kw,91.8,malaga,0,35.14
LZ-EV-004372,16,29.9,slow_7kw,86.6,valencia,0,48.19
LZ-EV-004373,18,55.7,rapid_50kw,81.7,murcia,1,9.96
LZ-EV-004374,8,13.3,fast_22kw,49.7,murcia,0,39.5
LZ-EV-004375,21,32.2,fast_22kw,63.0,bilbao,1,34.59
LZ-EV-004376,3,47.5,slow_7kw,67.6,madrid,0,32.5
LZ-EV-004377,10,25.4,fast_22kw,66.7,sevilla,1,37.31
LZ-EV-004378,14,30.1,rapid_50kw,50.5,barcelona,0,28.83
LZ-EV-004379,12,6.6,rapid_50kw,81.4,valencia,0,35.34
LZ-EV-004380,21,29.9,slow_7kw,54.4,malaga,0,34.13
LZ-EV-004381,8,42.4,slow_7kw,37.5,barcelona,0,20.35
LZ-EV-004382,21,42.2,ultra_150kw,65.8,bilbao,0,33.57
LZ-EV-004383,15,34.7,slow_7kw,63.7,madrid,0,31.76
LZ-EV-004384,0,39.1,fast_22kw,52.0,madrid,1,27.69
LZ-EV-004385,16,60.0,fast_22kw,85.4,bilbao,0,29.55
LZ-EV-004386,0,30.0,fast_22kw,62.7,murcia,1,38.83
LZ-EV-004387,1,65.1,slow_7kw,28.0,murcia,0,9.7
LZ-EV-004388,7,41.5,rapid_50kw,63.5,valencia,0,32.52
LZ-EV-004389,0,38.9,fast_22kw,42.5,valencia,1,26.27
LZ-EV-004390,14,64.8,fast_22kw,56.6,barcelona,0,18.83
LZ-EV-004391,12,27.0,fast_22kw,41.1,bilbao,0,27.37
LZ-EV-004392,17,25.7,fast_22kw,56.0,valencia,1,36.97
LZ-EV-004393,1,21.9,slow_7kw,68.7,bilbao,1,50.87
LZ-EV-004394,10,28.0,slow_7kw,28.0,bilbao,1,18.55
LZ-EV-004395,5,70.9,fast_22kw,93.2,valencia,1,25.43
LZ-EV-004396,6,53.0,rapid_50kw,68.2,malaga,0,27.56
LZ-EV-004397,22,39.1,slow_7kw,88.1,madrid,1,26.54
LZ-EV-004398,21,39.7,ultra_150kw,89.8,murcia,0,48.93
LZ-EV-004399,9,41.4,ultra_150kw,73.7,sevilla,0,34.95
LZ-EV-004400,23,82.3,slow_7kw,49.6,malaga,0,8.43
LZ-EV-004401,14,32.6,rapid_50kw,63.1,zaragoza,1,23.85
LZ-EV-004402,13,25.6,fast_22kw,64.6,bilbao,0,46.93
LZ-EV-004403,19,56.1,slow_7kw,66.2,bilbao,0,28.35
LZ-EV-004404,1,26.7,slow_7kw,32.4,malaga,0,19.95
LZ-EV-004405,21,30.5,slow_7kw,82.8,malaga,0,43.2
LZ-EV-004406,11,53.9,slow_7kw,81.1,zaragoza,1,35.01
LZ-EV-004407,17,2.0,fast_22kw,88.5,madrid,1,28.13
LZ-EV-004408,15,33.7,slow_7kw,93.0,malaga,0,38.29
LZ-EV-004409,13,48.7,rapid_50kw,89.8,zaragoza,0,27.94
LZ-EV-004410,6,50.7,rapid_50kw,67.1,malaga,1,20.96
LZ-EV-004411,6,26.7,fast_22kw,53.4,malaga,0,28.47
LZ-EV-004412,6,66.6,slow_7kw,69.6,murcia,0,23.77
LZ-EV-004413,7,56.9,rapid_50kw,81.1,barcelona,1,17.82
LZ-EV-004414,23,45.8,fast_22kw,32.9,malaga,0,15.22
LZ-EV-004415,19,50.6,slow_7kw,53.2,malaga,0,25.19
LZ-EV-004416,19,23.9,slow_7kw,57.4,sevilla,0,28.67
LZ-EV-004417,9,30.6,fast_22kw,62.1,zaragoza,0,20.57
LZ-EV-004418,9,72.9,slow_7kw,63.0,madrid,1,15.08
LZ-EV-004419,20,29.8,rapid_50kw,80.7,malaga,0,30.12
LZ-EV-004420,12,54.7,fast_22kw,61.6,malaga,1,24.3
LZ-EV-004421,10,46.9,fast_22kw,62.0,murcia,0,28.39
LZ-EV-004422,0,24.9,fast_22kw,41.0,barcelona,0,28.28
LZ-EV-004423,2,21.9,fast_22kw,48.5,madrid,1,32.08
LZ-EV-004424,17,38.6,fast_22kw,73.8,murcia,0,42.48
LZ-EV-004425,14,33.1,slow_7kw,66.9,zaragoza,0,20.0
LZ-EV-004426,10,40.5,slow_7kw,71.9,barcelona,0,40.31
LZ-EV-004427,5,84.7,slow_7kw,63.4,madrid,0,8.1
LZ-EV-004428,11,7.6,slow_7kw,49.1,valencia,0,45.61
LZ-EV-004429,5,10.3,slow_7kw,46.4,zaragoza,0,20.11
LZ-EV-004430,20,9.4,ultra_150kw,79.7,bilbao,0,45.94
LZ-EV-004431,8,32.7,ultra_150kw,49.8,zaragoza,0,31.07
LZ-EV-004432,18,41.5,rapid_50kw,49.8,barcelona,1,20.63
LZ-EV-004433,5,31.6,slow_7kw,81.8,zaragoza,0,32.12
LZ-EV-004434,14,57.3,fast_22kw,66.9,sevilla,0,26.73
LZ-EV-004435,22,6.3,slow_7kw,45.7,malaga,0,39.45
LZ-EV-004436,10,19.4,fast_22kw,104.4,zaragoza,0,29.61
LZ-EV-004437,21,42.3,slow_7kw,58.3,zaragoza,0,20.57
LZ-EV-004438,22,23.5,rapid_50kw,49.8,zaragoza,0,11.47
LZ-EV-004439,12,47.6,fast_22kw,63.0,madrid,0,35.26
LZ-EV-004440,3,9.8,fast_22kw,49.4,bilbao,0,40.45
LZ-EV-004441,5,55.0,rapid_50kw,75.2,madrid,0,17.22
LZ-EV-004442,18,46.9,ultra_150kw,45.6,madrid,1,23.32
LZ-EV-004443,1,68.8,fast_22kw,87.3,barcelona,0,24.08
LZ-EV-004444,15,11.4,slow_7kw,69.3,sevilla,0,46.22
LZ-EV-004445,2,13.3,rapid_50kw,64.7,madrid,1,22.66
LZ-EV-004446,4,39.4,slow_7kw,61.6,malaga,0,32.84
LZ-EV-004447,1,36.4,fast_22kw,54.4,valencia,0,18.16
LZ-EV-004448,15,43.9,slow_7kw,89.4,zaragoza,0,47.65
LZ-EV-004449,14,65.4,slow_7kw,73.1,barcelona,0,22.81
LZ-EV-004450,22,50.6,slow_7kw,57.1,sevilla,0,24.35
LZ-EV-004451,8,33.2,rapid_50kw,71.5,madrid,0,15.0
LZ-EV-004452,9,32.2,rapid_50kw,56.1,barcelona,0,16.59
LZ-EV-004453,20,54.8,fast_22kw,73.6,madrid,0,28.04
LZ-EV-004454,3,13.1,rapid_50kw,68.9,barcelona,1,35.38
LZ-EV-004455,19,32.8,ultra_150kw,96.6,zaragoza,0,58.93
LZ-EV-004456,21,16.0,fast_22kw,93.8,zaragoza,0,63.86
LZ-EV-004457,17,66.2,rapid_50kw,61.8,murcia,0,20.03
LZ-EV-004458,8,54.5,fast_22kw,81.9,madrid,1,34.24
LZ-EV-004459,2,27.0,fast_22kw,61.2,malaga,1,44.61
LZ-EV-004460,4,26.0,rapid_50kw,61.3,sevilla,1,42.62
LZ-EV-004461,9,39.1,rapid_50kw,46.3,zaragoza,0,16.9
LZ-EV-004462,0,34.1,fast_22kw,59.3,sevilla,0,36.2
LZ-EV-004463,1,41.0,slow_7kw,57.3,malaga,0,31.59
LZ-EV-004464,9,59.4,rapid_50kw,39.8,bilbao,1,14.58
LZ-EV-004465,18,8.7,fast_22kw,64.2,sevilla,0,48.39
LZ-EV-004466,3,17.3,slow_7kw,50.8,valencia,0,25.02
LZ-EV-004467,16,40.8,slow_7kw,35.2,sevilla,0,18.74
LZ-EV-004468,12,35.8,ultra_150kw,95.2,murcia,0,35.93
LZ-EV-004469,16,17.5,fast_22kw,46.0,bilbao,1,30.31
LZ-EV-004470,18,41.5,slow_7kw,84.8,bilbao,0,19.86
LZ-EV-004471,23,15.2,rapid_50kw,75.6,valencia,0,39.94
LZ-EV-004472,5,41.9,rapid_50kw,46.3,barcelona,0,24.73
LZ-EV-004473,6,60.2,rapid_50kw,36.8,sevilla,0,13.12
LZ-EV-004474,23,40.4,slow_7kw,85.4,zaragoza,0,48.04
LZ-EV-004475,7,61.5,slow_7kw,65.5,barcelona,1,24.34
LZ-EV-004476,21,52.3,rapid_50kw,57.7,sevilla,0,24.65
LZ-EV-004477,20,28.8,fast_22kw,37.8,madrid,0,24.62
LZ-EV-004478,2,58.6,slow_7kw,47.5,madrid,0,18.21
LZ-EV-004479,11,40.5,slow_7kw,57.7,bilbao,1,29.28
LZ-EV-004480,17,54.9,slow_7kw,85.5,murcia,0,38.58
LZ-EV-004481,4,28.4,slow_7kw,70.1,bilbao,0,46.7
LZ-EV-004482,19,33.4,fast_22kw,60.2,bilbao,1,36.07
LZ-EV-004483,8,38.4,slow_7kw,48.5,valencia,1,22.83
LZ-EV-004484,22,49.9,slow_7kw,46.8,bilbao,0,21.01
LZ-EV-004485,22,28.5,slow_7kw,44.9,valencia,1,28.43
LZ-EV-004486,18,36.7,slow_7kw,81.1,madrid,0,19.97
LZ-EV-004487,17,15.0,fast_22kw,67.7,sevilla,0,47.63
LZ-EV-004488,12,7.2,slow_7kw,67.7,madrid,0,59.36
LZ-EV-004489,0,36.9,rapid_50kw,44.5,murcia,0,24.31
LZ-EV-004490,6,59.5,fast_22kw,49.8,zaragoza,0,17.54
LZ-EV-004491,5,34.3,fast_22kw,85.8,murcia,1,22.03
LZ-EV-004492,21,33.4,fast_22kw,68.8,murcia,0,42.89
LZ-EV-004493,8,47.3,fast_22kw,86.0,zaragoza,1,20.03
LZ-EV-004494,5,50.4,fast_22kw,68.3,malaga,1,30.81
LZ-EV-004495,23,14.6,slow_7kw,51.3,murcia,0,39.01
LZ-EV-004496,8,24.5,slow_7kw,46.6,bilbao,1,35.63
LZ-EV-004497,22,29.6,rapid_50kw,73.4,bilbao,1,23.19
LZ-EV-004498,17,45.0,slow_7kw,70.5,barcelona,1,34.8
LZ-EV-004499,12,42.1,slow_7kw,58.9,madrid,0,29.45
LZ-EV-004500,2,34.4,slow_7kw,88.2,sevilla,0,47.58
LZ-EV-004501,14,19.5,fast_22kw,96.7,madrid,0,65.69
LZ-EV-004502,14,16.0,fast_22kw,72.4,madrid,0,44.25
LZ-EV-004503,10,57.8,ultra_150kw,37.4,madrid,0,14.7
LZ-EV-004504,23,67.0,slow_7kw,74.5,madrid,0,22.96
LZ-EV-004505,1,35.4,fast_22kw,61.3,sevilla,0,40.0
LZ-EV-004506,2,57.5,slow_7kw,48.5,murcia,0,18.89
LZ-EV-004507,11,24.7,fast_22kw,78.1,valencia,0,43.48
LZ-EV-004508,16,53.7,fast_22kw,61.5,murcia,0,25.87
LZ-EV-004509,9,43.0,rapid_50kw,66.2,murcia,0,17.81
LZ-EV-004510,7,19.3,fast_22kw,45.6,barcelona,1,31.77
LZ-EV-004511,20,32.8,ultra_150kw,42.3,madrid,1,23.38
LZ-EV-004512,7,24.5,fast_22kw,90.7,malaga,0,47.39
LZ-EV-004513,0,41.8,slow_7kw,93.5,madrid,0,24.17
LZ-EV-004514,9,49.7,fast_22kw,67.4,malaga,0,24.05
LZ-EV-004515,19,35.7,ultra_150kw,61.7,sevilla,1,29.53
LZ-EV-004516,19,50.9,slow_7kw,71.4,valencia,0,33.98
LZ-EV-004517,2,19.3,fast_22kw,41.3,madrid,0,28.47
LZ-EV-004518,21,21.3,slow_7kw,70.1,valencia,0,36.41
LZ-EV-004519,22,41.5,slow_7kw,67.9,sevilla,1,35.63
LZ-EV-004520,14,58.6,slow_7kw,70.1,valencia,0,25.39
LZ-EV-004521,5,33.5,slow_7kw,57.2,bilbao,1,34.62
LZ-EV-004522,14,71.5,fast_22kw,84.0,sevilla,0,21.87
LZ-EV-004523,17,32.2,rapid_50kw,44.2,sevilla,0,25.96
LZ-EV-004524,2,18.6,slow_7kw,56.4,madrid,0,39.39
LZ-EV-004525,16,20.4,fast_22kw,44.5,malaga,0,32.77
LZ-EV-004526,21,53.0,rapid_50kw,72.9,barcelona,0,32.2
LZ-EV-004527,19,72.3,slow_7kw,48.0,madrid,0,11.87
LZ-EV-004528,13,39.2,slow_7kw,48.9,madrid,0,26.83
LZ-EV-004529,13,36.5,ultra_150kw,86.6,valencia,0,39.72
LZ-EV-004530,3,42.9,ultra_150kw,78.3,sevilla,1,42.72
LZ-EV-004531,3,35.6,slow_7kw,47.4,valencia,0,27.46
LZ-EV-004532,0,40.9,ultra_150kw,40.4,murcia,1,22.93
LZ-EV-004533,3,58.5,rapid_50kw,78.8,malaga,1,30.36
LZ-EV-004534,1,48.6,fast_22kw,87.1,malaga,0,38.95
LZ-EV-004535,14,9.9,fast_22kw,60.3,valencia,1,52.44
LZ-EV-004536,13,34.0,rapid_50kw,57.5,murcia,0,26.05
LZ-EV-004537,1,36.9,slow_7kw,63.3,valencia,0,23.76
LZ-EV-004538,2,34.4,rapid_50kw,58.2,murcia,0,33.79
LZ-EV-004539,23,47.9,rapid_50kw,64.3,barcelona,0,28.13
LZ-EV-004540,16,34.3,slow_7kw,83.9,valencia,0,22.32
LZ-EV-004541,19,57.3,rapid_50kw,50.1,madrid,1,19.2
LZ-EV-004542,20,47.1,slow_7kw,59.4,valencia,0,29.6
LZ-EV-004543,14,48.7,fast_22kw,93.7,murcia,1,43.5
LZ-EV-004544,18,15.1,fast_22kw,54.7,bilbao,0,40.94
LZ-EV-004545,1,29.7,rapid_50kw,73.9,valencia,1,35.57
LZ-EV-004546,23,38.6,fast_22kw,39.1,madrid,0,22.59
LZ-EV-004547,4,57.8,slow_7kw,60.2,madrid,0,24.59
LZ-EV-004548,16,42.7,rapid_50kw,57.3,madrid,0,28.29
LZ-EV-004549,0,42.4,slow_7kw,56.0,valencia,0,30.65
LZ-EV-004550,9,3.1,fast_22kw,86.8,bilbao,1,70.57
LZ-EV-004551,4,38.6,fast_22kw,35.5,zaragoza,1,20.67
LZ-EV-004552,4,2.0,slow_7kw,28.0,sevilla,0,23.81
LZ-EV-004553,7,34.0,slow_7kw,71.0,bilbao,0,40.35
LZ-EV-004554,19,31.5,slow_7kw,60.5,murcia,1,36.62
LZ-EV-004555,0,28.4,fast_22kw,60.4,bilbao,0,35.94
LZ-EV-004556,2,32.1,fast_22kw,71.2,valencia,0,42.07
LZ-EV-004557,12,50.4,rapid_50kw,42.1,zaragoza,1,20.8
LZ-EV-004558,6,44.1,fast_22kw,41.6,malaga,0,21.77
LZ-EV-004559,7,20.7,fast_22kw,54.7,valencia,0,42.23
LZ-EV-004560,22,48.3,fast_22kw,31.1,zaragoza,0,15.4
LZ-EV-004561,8,33.8,ultra_150kw,62.1,valencia,0,40.08
LZ-EV-004562,18,27.7,rapid_50kw,51.4,barcelona,1,16.48
LZ-EV-004563,22,26.5,slow_7kw,28.0,bilbao,0,17.14
LZ-EV-004564,22,29.2,slow_7kw,67.0,zaragoza,0,39.11
LZ-EV-004565,13,25.4,rapid_50kw,58.3,malaga,0,36.68
LZ-EV-004566,7,66.9,fast_22kw,75.5,bilbao,0,18.81
LZ-EV-004567,12,38.5,fast_22kw,69.4,murcia,1,40.39
LZ-EV-004568,22,39.6,slow_7kw,57.5,barcelona,0,24.37
LZ-EV-004569,3,60.1,slow_7kw,52.0,barcelona,0,19.04
LZ-EV-004570,17,27.1,rapid_50kw,96.8,murcia,0,25.82
LZ-EV-004571,2,39.8,slow_7kw,41.5,bilbao,0,23.3
LZ-EV-004572,10,32.3,slow_7kw,51.2,bilbao,1,29.01
LZ-EV-004573,8,58.3,rapid_50kw,54.2,murcia,0,20.44
LZ-EV-004574,21,23.1,fast_22kw,54.2,madrid,0,34.45
LZ-EV-004575,17,49.5,fast_22kw,87.6,malaga,0,42.13
LZ-EV-004576,18,44.3,fast_22kw,58.9,sevilla,0,22.76
LZ-EV-004577,7,37.2,rapid_50kw,73.7,murcia,0,17.41
LZ-EV-004578,12,22.1,fast_22kw,52.3,sevilla,1,38.44
LZ-EV-004579,22,40.5,slow_7kw,59.1,madrid,0,33.42
LZ-EV-004580,5,56.2,ultra_150kw,53.2,zaragoza,0,20.64
LZ-EV-004581,1,51.0,slow_7kw,73.8,zaragoza,1,32.31
LZ-EV-004582,3,45.8,fast_22kw,33.5,bilbao,1,17.76
LZ-EV-004583,4,49.7,fast_22kw,41.0,valencia,0,18.48
LZ-EV-004584,23,73.7,fast_22kw,64.3,malaga,1,14.02
LZ-EV-004585,20,39.6,fast_22kw,33.0,sevilla,0,16.83
LZ-EV-004586,5,33.3,fast_22kw,80.6,zaragoza,0,32.83
LZ-EV-004587,22,48.3,fast_22kw,75.5,zaragoza,1,32.22
LZ-EV-004588,15,31.8,ultra_150kw,34.0,murcia,0,20.09
LZ-EV-004589,18,44.7,slow_7kw,110.0,bilbao,1,58.32
LZ-EV-004590,5,62.3,slow_7kw,55.0,malaga,1,18.58
LZ-EV-004591,21,26.6,slow_7kw,81.2,madrid,0,41.4
LZ-EV-004592,21,32.9,fast_22kw,39.7,bilbao,0,24.38
LZ-EV-004593,7,62.1,slow_7kw,84.8,murcia,0,30.78
LZ-EV-004594,18,40.3,fast_22kw,48.7,zaragoza,0,28.66
LZ-EV-004595,10,34.2,ultra_150kw,68.0,sevilla,0,41.32
LZ-EV-004596,23,34.5,rapid_50kw,66.3,zaragoza,0,35.12
LZ-EV-004597,13,28.4,rapid_50kw,45.6,barcelona,0,17.12
LZ-EV-004598,4,7.2,fast_22kw,61.0,madrid,0,36.99
LZ-EV-004599,9,45.3,fast_22kw,95.6,zaragoza,1,30.25
LZ-EV-004600,14,14.1,fast_22kw,58.3,bilbao,0,52.18
LZ-EV-004601,4,41.7,rapid_50kw,65.4,madrid,0,35.19
LZ-EV-004602,5,23.7,rapid_50kw,78.2,bilbao,1,36.12
LZ-EV-004603,2,4.5,fast_22kw,88.5,sevilla,0,36.87
LZ-EV-004604,1,65.6,ultra_150kw,39.2,valencia,1,12.68
LZ-EV-004605,21,2.0,rapid_50kw,71.2,malaga,0,18.86
LZ-EV-004606,10,37.3,ultra_150kw,73.0,barcelona,0,33.65
LZ-EV-004607,18,15.2,slow_7kw,69.6,malaga,0,57.69
LZ-EV-004608,13,50.5,fast_22kw,94.2,zaragoza,0,27.98
LZ-EV-004609,19,49.8,rapid_50kw,67.9,zaragoza,0,28.16
LZ-EV-004610,2,24.2,slow_7kw,63.1,bilbao,0,32.84
LZ-EV-004611,21,76.0,fast_22kw,49.5,zaragoza,0,12.27
LZ-EV-004612,23,22.9,rapid_50kw,77.9,madrid,0,23.24
LZ-EV-004613,17,20.1,ultra_150kw,60.9,bilbao,0,27.97
LZ-EV-004614,15,37.0,slow_7kw,42.8,sevilla,0,25.05
LZ-EV-004615,1,3.0,ultra_150kw,48.1,madrid,1,43.88
LZ-EV-004616,15,51.3,ultra_150kw,48.8,malaga,0,20.66
LZ-EV-004617,19,30.7,rapid_50kw,75.8,barcelona,0,43.15
LZ-EV-004618,21,16.9,fast_22kw,71.9,madrid,0,37.23
LZ-EV-004619,20,20.4,fast_22kw,64.7,bilbao,1,39.49
LZ-EV-004620,0,38.7,ultra_150kw,79.4,malaga,1,45.65
LZ-EV-004621,3,52.8,slow_7kw,82.5,sevilla,0,34.96
LZ-EV-004622,6,22.2,ultra_150kw,67.8,malaga,0,34.16
LZ-EV-004623,19,35.6,fast_22kw,65.6,madrid,1,39.96
LZ-EV-004624,4,13.9,slow_7kw,50.5,barcelona,0,29.85
LZ-EV-004625,11,71.6,fast_22kw,46.2,valencia,0,12.57
LZ-EV-004626,7,56.9,slow_7kw,66.4,bilbao,0,27.37
LZ-EV-004627,11,39.7,fast_22kw,58.7,zaragoza,0,17.53
LZ-EV-004628,8,19.7,ultra_150kw,46.3,sevilla,1,31.74
LZ-EV-004629,6,35.8,slow_7kw,69.5,murcia,0,41.92
LZ-EV-004630,17,48.3,fast_22kw,73.6,malaga,1,36.03
LZ-EV-004631,6,46.3,fast_22kw,71.3,valencia,1,24.07
LZ-EV-004632,21,55.1,ultra_150kw,62.6,murcia,0,23.45
LZ-EV-004633,10,31.3,ultra_150kw,55.2,murcia,0,32.99
LZ-EV-004634,22,53.0,ultra_150kw,53.2,zaragoza,0,21.56
LZ-EV-004635,6,6.0,slow_7kw,74.7,valencia,1,30.68
LZ-EV-004636,8,49.0,fast_22kw,62.7,murcia,0,32.52
LZ-EV-004637,5,44.7,fast_22kw,78.8,madrid,1,23.08
LZ-EV-004638,12,66.6,fast_22kw,59.0,barcelona,1,17.17
LZ-EV-004639,13,59.7,slow_7kw,73.5,sevilla,0,27.56
LZ-EV-004640,8,47.4,slow_7kw,54.4,sevilla,0,25.07
LZ-EV-004641,17,18.6,rapid_50kw,78.2,sevilla,0,17.63
LZ-EV-004642,1,34.3,rapid_50kw,52.5,sevilla,0,31.0
LZ-EV-004643,22,45.4,rapid_50kw,56.9,madrid,0,27.89
LZ-EV-004644,6,21.4,slow_7kw,50.8,zaragoza,0,34.54
LZ-EV-004645,15,64.0,rapid_50kw,85.6,valencia,1,22.87
LZ-EV-004646,11,20.4,slow_7kw,71.6,zaragoza,0,19.6
LZ-EV-004647,7,41.4,slow_7kw,39.9,bilbao,0,22.58
LZ-EV-004648,4,63.5,slow_7kw,69.4,valencia,0,21.04
LZ-EV-004649,19,21.5,slow_7kw,58.2,barcelona,0,31.0
LZ-EV-004650,14,13.4,slow_7kw,82.0,valencia,0,36.51
LZ-EV-004651,9,31.4,fast_22kw,55.6,bilbao,0,30.33
LZ-EV-004652,18,30.2,ultra_150kw,67.2,bilbao,0,42.21
LZ-EV-004653,22,19.9,slow_7kw,43.8,barcelona,0,35.08
LZ-EV-004654,16,49.1,fast_22kw,98.8,sevilla,0,45.99
LZ-EV-004655,7,24.8,slow_7kw,47.9,malaga,1,34.44
LZ-EV-004656,3,29.6,fast_22kw,50.4,sevilla,0,31.64
LZ-EV-004657,10,57.8,fast_22kw,75.1,malaga,0,27.97
LZ-EV-004658,18,44.2,rapid_50kw,97.7,sevilla,0,54.44
LZ-EV-004659,11,20.7,rapid_50kw,67.4,murcia,0,37.31
LZ-EV-004660,10,43.0,rapid_50kw,74.5,murcia,0,22.61
LZ-EV-004661,0,56.5,slow_7kw,41.0,sevilla,0,18.59
LZ-EV-004662,4,21.8,fast_22kw,47.3,madrid,0,32.42
LZ-EV-004663,15,31.6,slow_7kw,59.4,madrid,0,35.77
LZ-EV-004664,7,38.1,rapid_50kw,70.5,madrid,0,32.89
LZ-EV-004665,5,2.5,rapid_50kw,64.9,bilbao,0,30.13
LZ-EV-004666,14,38.3,ultra_150kw,55.5,zaragoza,0,20.26
LZ-EV-004667,9,27.2,fast_22kw,70.4,bilbao,0,25.13
LZ-EV-004668,12,13.8,fast_22kw,36.3,barcelona,0,27.3
LZ-EV-004669,12,26.7,fast_22kw,49.7,sevilla,0,38.17
LZ-EV-004670,4,30.8,fast_22kw,49.3,murcia,0,30.25
LZ-EV-004671,17,35.5,ultra_150kw,63.5,zaragoza,1,33.4
LZ-EV-004672,17,51.7,ultra_150kw,36.4,sevilla,1,16.37
LZ-EV-004673,14,43.6,fast_22kw,52.3,madrid,0,23.97
LZ-EV-004674,16,35.8,slow_7kw,99.9,barcelona,0,45.72
LZ-EV-004675,12,31.0,fast_22kw,85.1,zaragoza,1,45.94
LZ-EV-004676,0,21.9,fast_22kw,54.9,murcia,1,28.09
LZ-EV-004677,12,61.1,rapid_50kw,65.3,bilbao,0,24.43
LZ-EV-004678,11,48.4,rapid_50kw,64.3,valencia,1,24.49
LZ-EV-004679,10,60.2,fast_22kw,48.1,zaragoza,0,16.53
LZ-EV-004680,5,58.0,slow_7kw,77.7,zaragoza,0,29.69
LZ-EV-004681,20,21.5,fast_22kw,76.8,bilbao,1,51.36
LZ-EV-004682,9,2.0,ultra_150kw,63.2,zaragoza,0,44.2
LZ-EV-004683,13,33.9,fast_22kw,47.4,malaga,1,29.38
LZ-EV-004684,16,50.1,fast_22kw,62.7,sevilla,0,23.55
LZ-EV-004685,13,36.3,fast_22kw,50.7,madrid,0,31.21
LZ-EV-004686,20,56.9,ultra_150kw,70.4,malaga,0,26.8
LZ-EV-004687,16,38.6,fast_22kw,51.7,sevilla,0,30.55
LZ-EV-004688,23,35.0,fast_22kw,72.7,madrid,0,40.79
LZ-EV-004689,23,30.5,slow_7kw,59.7,valencia,0,36.91
LZ-EV-004690,19,23.5,slow_7kw,70.0,sevilla,0,18.24
LZ-EV-004691,6,38.4,slow_7kw,43.1,zaragoza,1,26.28
LZ-EV-004692,2,11.3,fast_22kw,85.9,malaga,0,28.96
LZ-EV-004693,1,2.0,fast_22kw,44.2,murcia,0,36.76
LZ-EV-004694,23,51.2,fast_22kw,65.1,valencia,0,29.01
LZ-EV-004695,22,29.5,rapid_50kw,59.1,valencia,0,17.87
LZ-EV-004696,12,6.2,slow_7kw,62.9,valencia,1,27.08
LZ-EV-004697,0,18.6,slow_7kw,37.6,madrid,0,28.12
LZ-EV-004698,1,46.5,rapid_50kw,63.8,valencia,0,32.4
LZ-EV-004699,9,19.1,slow_7kw,70.8,zaragoza,0,30.92
LZ-EV-004700,22,37.6,fast_22kw,88.4,bilbao,0,32.35
LZ-EV-004701,18,21.9,rapid_50kw,71.3,barcelona,1,27.07
LZ-EV-004702,15,12.8,rapid_50kw,87.5,madrid,0,20.74
LZ-EV-004703,0,35.5,slow_7kw,82.4,murcia,0,39.16
LZ-EV-004704,1,12.5,ultra_150kw,71.8,zaragoza,0,53.06
LZ-EV-004705,22,33.6,rapid_50kw,63.6,zaragoza,0,20.73
LZ-EV-004706,19,38.5,slow_7kw,73.8,sevilla,0,45.97
LZ-EV-004707,16,58.1,slow_7kw,76.5,valencia,1,30.46
LZ-EV-004708,22,16.7,fast_22kw,67.1,sevilla,0,34.22
LZ-EV-004709,8,59.2,fast_22kw,94.2,zaragoza,0,28.35
LZ-EV-004710,20,60.0,rapid_50kw,62.3,malaga,1,22.14
LZ-EV-004711,17,19.7,fast_22kw,50.4,madrid,0,40.46
LZ-EV-004712,16,32.1,rapid_50kw,45.9,valencia,1,30.75
LZ-EV-004713,17,42.3,fast_22kw,83.3,murcia,0,41.22
LZ-EV-004714,9,67.6,ultra_150kw,51.8,murcia,1,15.34
LZ-EV-004715,21,65.1,slow_7kw,69.8,madrid,0,22.03
LZ-EV-004716,19,66.2,slow_7kw,30.9,madrid,0,9.03
LZ-EV-004717,14,53.0,rapid_50kw,70.8,valencia,0,23.27
LZ-EV-004718,19,17.0,fast_22kw,84.7,bilbao,0,35.37
LZ-EV-004719,20,31.1,fast_22kw,69.6,madrid,0,33.43
LZ-EV-004720,8,35.3,slow_7kw,53.6,madrid,0,20.51
LZ-EV-004721,21,44.3,slow_7kw,44.0,madrid,0,21.87
LZ-EV-004722,0,45.4,fast_22kw,89.1,bilbao,0,44.66
LZ-EV-004723,14,44.3,slow_7kw,69.2,zaragoza,1,37.15
LZ-EV-004724,21,41.5,ultra_150kw,64.3,murcia,0,19.88
LZ-EV-004725,1,48.1,slow_7kw,61.5,murcia,0,30.43
LZ-EV-004726,15,71.2,ultra_150kw,50.6,barcelona,1,14.82
LZ-EV-004727,15,66.6,fast_22kw,71.4,malaga,0,20.31
LZ-EV-004728,20,13.5,slow_7kw,65.7,bilbao,0,52.69
LZ-EV-004729,15,38.4,fast_22kw,46.6,sevilla,0,26.49
LZ-EV-004730,19,40.7,slow_7kw,82.3,valencia,0,19.11
LZ-EV-004731,3,30.3,slow_7kw,77.7,madrid,0,32.06
LZ-EV-004732,9,43.0,slow_7kw,55.5,murcia,0,27.42
LZ-EV-004733,15,50.4,fast_22kw,58.2,sevilla,1,27.55
LZ-EV-004734,11,51.5,fast_22kw,64.4,madrid,0,31.27
LZ-EV-004735,8,26.1,fast_22kw,62.1,malaga,1,41.94
LZ-EV-004736,7,55.2,fast_22kw,28.0,bilbao,1,11.88
LZ-EV-004737,12,32.9,fast_22kw,66.9,madrid,1,38.37
LZ-EV-004738,17,36.8,fast_22kw,59.4,valencia,0,36.08
LZ-EV-004739,15,32.6,slow_7kw,55.5,valencia,0,24.09
LZ-EV-004740,0,43.1,slow_7kw,60.5,murcia,0,32.7
LZ-EV-004741,19,42.9,fast_22kw,95.8,murcia,0,52.57
LZ-EV-004742,5,76.6,fast_22kw,66.8,zaragoza,1,14.41
LZ-EV-004743,22,16.4,fast_22kw,61.3,bilbao,1,47.64
LZ-EV-004744,4,47.9,slow_7kw,80.1,bilbao,1,40.73
LZ-EV-004745,9,46.6,ultra_150kw,43.7,murcia,0,22.47
LZ-EV-004746,6,15.6,rapid_50kw,65.8,sevilla,1,14.39
LZ-EV-004747,22,22.3,ultra_150kw,69.1,barcelona,0,48.57
LZ-EV-004748,2,3.0,rapid_50kw,61.6,zaragoza,1,52.29
LZ-EV-004749,10,59.5,rapid_50kw,56.7,bilbao,1,21.41
LZ-EV-004750,1,8.8,fast_22kw,62.7,madrid,0,40.91
LZ-EV-004751,18,39.2,slow_7kw,76.9,murcia,0,34.7
LZ-EV-004752,3,28.0,fast_22kw,29.9,barcelona,0,18.38
LZ-EV-004753,23,39.1,slow_7kw,79.8,madrid,0,39.61
LZ-EV-004754,18,60.2,fast_22kw,40.4,zaragoza,0,13.88
LZ-EV-004755,18,36.0,slow_7kw,58.7,bilbao,0,33.87
LZ-EV-004756,17,18.6,slow_7kw,64.6,murcia,0,47.53
LZ-EV-004757,17,34.2,slow_7kw,61.5,bilbao,0,33.94
LZ-EV-004758,0,40.3,fast_22kw,52.9,zaragoza,1,32.63
LZ-EV-004759,15,15.9,slow_7kw,55.6,valencia,1,43.36
LZ-EV-004760,10,27.8,slow_7kw,61.0,malaga,0,25.0
LZ-EV-004761,15,42.7,slow_7kw,76.0,malaga,0,24.88
LZ-EV-004762,6,42.5,fast_22kw,78.7,barcelona,0,40.0
LZ-EV-004763,14,11.0,slow_7kw,64.8,zaragoza,0,48.67
LZ-EV-004764,15,23.3,rapid_50kw,75.5,bilbao,0,23.53
LZ-EV-004765,0,22.4,rapid_50kw,51.9,barcelona,0,39.62
LZ-EV-004766,19,42.3,fast_22kw,80.9,murcia,0,43.73
LZ-EV-004767,14,32.9,slow_7kw,66.2,malaga,1,46.21
LZ-EV-004768,22,37.8,ultra_150kw,57.8,barcelona,0,32.33
LZ-EV-004769,0,28.4,slow_7kw,60.1,valencia,0,40.39
LZ-EV-004770,19,49.9,slow_7kw,87.4,malaga,0,35.96
LZ-EV-004771,6,13.0,slow_7kw,30.9,barcelona,1,19.43
LZ-EV-004772,4,90.0,fast_22kw,61.9,sevilla,0,5.95
LZ-EV-004773,1,29.3,slow_7kw,69.7,sevilla,0,46.89
LZ-EV-004774,2,47.6,fast_22kw,72.8,zaragoza,0,15.97
LZ-EV-004775,11,71.6,fast_22kw,28.0,zaragoza,0,7.74
LZ-EV-004776,3,36.2,rapid_50kw,46.8,sevilla,1,22.23
LZ-EV-004777,22,59.7,ultra_150kw,55.1,sevilla,0,19.43
LZ-EV-004778,13,45.9,slow_7kw,49.3,barcelona,0,23.92
LZ-EV-004779,0,47.6,fast_22kw,42.1,murcia,1,19.28
LZ-EV-004780,0,49.7,ultra_150kw,29.7,valencia,0,14.49
LZ-EV-004781,1,77.4,fast_22kw,73.8,sevilla,0,13.4
LZ-EV-004782,20,48.0,slow_7kw,52.5,malaga,1,25.38
LZ-EV-004783,6,36.3,ultra_150kw,73.6,madrid,0,29.09
LZ-EV-004784,7,22.5,fast_22kw,53.8,madrid,0,40.14
LZ-EV-004785,12,58.0,fast_22kw,45.0,valencia,0,18.1
LZ-EV-004786,19,58.4,rapid_50kw,54.3,bilbao,0,23.81
LZ-EV-004787,17,52.2,fast_22kw,64.2,madrid,1,29.03
LZ-EV-004788,13,49.5,ultra_150kw,38.1,bilbao,1,17.92
LZ-EV-004789,4,35.6,fast_22kw,83.6,madrid,0,21.87
LZ-EV-004790,19,60.0,slow_7kw,39.4,bilbao,0,15.9
LZ-EV-004791,21,45.1,slow_7kw,79.4,bilbao,1,46.3
LZ-EV-004792,11,17.6,slow_7kw,75.2,valencia,1,60.19
LZ-EV-004793,9,22.3,slow_7kw,67.0,malaga,0,29.7
LZ-EV-004794,11,61.5,ultra_150kw,47.0,valencia,0,17.8
LZ-EV-004795,23,52.1,slow_7kw,41.4,bilbao,0,19.2
LZ-EV-004796,2,63.3,fast_22kw,28.4,sevilla,0,9.48
LZ-EV-004797,3,23.8,slow_7kw,28.0,madrid,0,19.33
LZ-EV-004798,15,41.9,ultra_150kw,67.6,bilbao,0,34.15
LZ-EV-004799,23,25.0,rapid_50kw,79.1,murcia,0,13.12
LZ-EV-004800,6,72.1,slow_7kw,62.7,murcia,0,16.68
LZ-EV-004801,3,21.7,slow_7kw,75.9,bilbao,0,26.83
LZ-EV-004802,16,17.4,fast_22kw,52.5,murcia,1,37.81
LZ-EV-004803,8,19.7,slow_7kw,75.1,sevilla,1,23.24
LZ-EV-004804,21,52.7,slow_7kw,67.2,bilbao,0,30.28
LZ-EV-004805,22,33.4,ultra_150kw,58.6,bilbao,0,35.51
LZ-EV-004806,12,38.2,slow_7kw,102.0,sevilla,0,19.44
LZ-EV-004807,12,38.5,rapid_50kw,74.0,murcia,0,36.07
LZ-EV-004808,21,27.3,rapid_50kw,63.8,valencia,1,36.64
LZ-EV-004809,9,65.0,slow_7kw,59.2,malaga,0,19.3
LZ-EV-004810,20,19.0,slow_7kw,63.6,murcia,0,48.81
LZ-EV-004811,18,47.7,fast_22kw,70.3,barcelona,0,32.88
LZ-EV-004812,4,47.5,fast_22kw,50.6,sevilla,0,27.5
LZ-EV-004813,11,41.9,fast_22kw,68.5,valencia,1,37.67
LZ-EV-004814,6,53.2,slow_7kw,92.7,madrid,0,35.93
LZ-EV-004815,23,16.1,ultra_150kw,56.1,barcelona,1,38.37
LZ-EV-004816,15,22.4,ultra_150kw,73.4,barcelona,1,50.52
LZ-EV-004817,9,29.6,slow_7kw,60.3,barcelona,1,39.01
LZ-EV-004818,8,77.8,slow_7kw,89.3,madrid,0,19.29
LZ-EV-004819,14,76.2,slow_7kw,66.9,madrid,0,14.72
LZ-EV-004820,2,2.0,slow_7kw,51.9,malaga,0,29.12
LZ-EV-004821,16,61.1,rapid_50kw,76.4,malaga,0,20.47
LZ-EV-004822,22,15.0,slow_7kw,49.8,murcia,0,38.52
LZ-EV-004823,21,42.6,fast_22kw,56.8,murcia,1,34.54
LZ-EV-004824,9,47.2,slow_7kw,63.2,bilbao,0,28.25
LZ-EV-004825,5,22.1,slow_7kw,54.1,madrid,0,39.7
LZ-EV-004826,17,65.0,slow_7kw,55.8,murcia,0,20.23
LZ-EV-004827,17,43.2,fast_22kw,48.4,bilbao,0,24.58
LZ-EV-004828,15,60.0,rapid_50kw,93.5,zaragoza,0,12.3
LZ-EV-004829,12,40.0,slow_7kw,41.2,sevilla,1,23.47
LZ-EV-004830,8,45.1,rapid_50kw,66.4,valencia,0,30.17
LZ-EV-004831,19,42.8,slow_7kw,71.3,malaga,0,39.13
LZ-EV-004832,0,35.6,ultra_150kw,53.3,barcelona,1,29.83
LZ-EV-004833,20,50.3,fast_22kw,104.2,murcia,0,42.02
LZ-EV-004834,4,30.1,fast_22kw,39.5,barcelona,0,24.53
LZ-EV-004835,20,30.4,slow_7kw,52.6,madrid,1,34.27
LZ-EV-004836,19,28.2,slow_7kw,67.8,zaragoza,0,45.95
LZ-EV-004837,3,74.4,fast_22kw,54.4,murcia,0,12.88
LZ-EV-004838,0,41.4,rapid_50kw,41.5,zaragoza,1,21.1
LZ-EV-004839,8,39.2,ultra_150kw,75.7,sevilla,0,40.85
LZ-EV-004840,8,25.8,ultra_150kw,72.0,murcia,1,35.13
LZ-EV-004841,3,25.5,slow_7kw,83.1,bilbao,0,48.99
LZ-EV-004842,8,30.1,slow_7kw,48.7,madrid,0,30.93
LZ-EV-004843,6,45.2,fast_22kw,71.8,malaga,0,33.06
LZ-EV-004844,4,66.1,slow_7kw,57.3,barcelona,1,15.94
LZ-EV-004845,21,56.7,slow_7kw,70.6,valencia,0,32.1
LZ-EV-004846,9,44.2,rapid_50kw,54.8,bilbao,0,26.61
LZ-EV-004847,17,35.3,slow_7kw,69.1,zaragoza,1,40.42
LZ-EV-004848,7,20.4,fast_22kw,56.0,bilbao,0,25.7
LZ-EV-004849,10,51.6,fast_22kw,77.3,valencia,0,33.99
LZ-EV-004850,2,11.7,slow_7kw,85.9,zaragoza,0,33.57
LZ-EV-004851,15,61.6,fast_22kw,68.9,sevilla,0,25.73
LZ-EV-004852,4,52.9,rapid_50kw,88.7,malaga,0,13.37
LZ-EV-004853,12,32.6,slow_7kw,70.8,malaga,0,43.41
LZ-EV-004854,6,47.6,fast_22kw,65.3,murcia,0,33.14
LZ-EV-004855,13,22.4,fast_22kw,59.1,bilbao,0,34.68
LZ-EV-004856,0,66.4,slow_7kw,66.4,bilbao,0,20.4
LZ-EV-004857,6,32.8,slow_7kw,62.5,zaragoza,0,17.34
LZ-EV-004858,5,65.6,fast_22kw,29.6,bilbao,0,9.88
LZ-EV-004859,10,59.7,rapid_50kw,50.3,valencia,0,19.81
LZ-EV-004860,23,28.8,ultra_150kw,62.1,sevilla,0,42.37
LZ-EV-004861,21,39.4,ultra_150kw,42.4,valencia,0,21.59
LZ-EV-004862,5,36.4,slow_7kw,48.7,valencia,1,27.61
LZ-EV-004863,21,2.0,fast_22kw,77.3,murcia,0,36.78
LZ-EV-004864,9,35.5,ultra_150kw,50.2,murcia,0,28.47
LZ-EV-004865,15,50.6,slow_7kw,64.7,bilbao,0,27.28
LZ-EV-004866,20,45.9,slow_7kw,63.3,valencia,0,32.02
LZ-EV-004867,22,25.9,rapid_50kw,80.7,madrid,1,32.7
LZ-EV-004868,3,15.5,fast_22kw,66.5,malaga,1,46.73
LZ-EV-004869,2,84.0,rapid_50kw,61.4,zaragoza,0,8.91
LZ-EV-004870,22,52.8,slow_7kw,68.6,valencia,0,30.17
LZ-EV-004871,2,39.3,slow_7kw,58.3,bilbao,1,33.59
LZ-EV-004872,16,19.5,slow_7kw,63.9,sevilla,0,44.43
LZ-EV-004873,17,52.6,slow_7kw,58.5,valencia,0,27.11
LZ-EV-004874,19,55.0,rapid_50kw,58.6,sevilla,0,13.94
LZ-EV-004875,6,60.7,ultra_150kw,61.6,madrid,0,24.86
LZ-EV-004876,6,52.1,fast_22kw,88.3,valencia,1,37.69
LZ-EV-004877,0,34.0,fast_22kw,38.9,murcia,0,24.19
LZ-EV-004878,23,48.7,slow_7kw,28.0,bilbao,1,13.16
LZ-EV-004879,23,19.8,fast_22kw,110.0,valencia,0,40.27
LZ-EV-004880,8,54.7,ultra_150kw,84.2,zaragoza,0,36.3
LZ-EV-004881,21,47.6,slow_7kw,79.5,sevilla,0,20.67
LZ-EV-004882,23,16.1,rapid_50kw,67.0,murcia,1,27.61
LZ-EV-004883,17,18.2,slow_7kw,60.0,barcelona,1,25.79
LZ-EV-004884,23,30.7,slow_7kw,77.5,sevilla,1,50.21
LZ-EV-004885,20,52.3,slow_7kw,98.9,malaga,0,44.32
LZ-EV-004886,2,31.5,fast_22kw,58.7,madrid,0,34.32
LZ-EV-004887,21,52.1,slow_7kw,62.1,zaragoza,0,27.94
LZ-EV-004888,1,6.0,fast_22kw,53.6,valencia,1,46.25
LZ-EV-004889,15,33.0,slow_7kw,64.6,malaga,0,35.03
LZ-EV-004890,22,49.3,slow_7kw,61.4,malaga,1,26.91
LZ-EV-004891,5,56.1,fast_22kw,55.6,sevilla,0,21.28
LZ-EV-004892,2,13.4,rapid_50kw,54.9,sevilla,0,33.62
LZ-EV-004893,11,56.9,rapid_50kw,57.5,barcelona,0,17.32
LZ-EV-004894,14,52.9,slow_7kw,47.1,murcia,1,20.9
LZ-EV-004895,3,20.0,rapid_50kw,48.8,sevilla,1,22.84
LZ-EV-004896,21,36.0,rapid_50kw,54.9,bilbao,0,21.91
LZ-EV-004897,10,50.4,slow_7kw,52.8,bilbao,1,26.05
LZ-EV-004898,4,55.0,slow_7kw,53.4,sevilla,0,22.11
LZ-EV-004899,5,9.1,slow_7kw,60.1,zaragoza,0,48.71
LZ-EV-004900,16,54.5,slow_7kw,64.2,sevilla,0,26.68
LZ-EV-004901,0,22.6,slow_7kw,71.5,zaragoza,0,52.05
LZ-EV-004902,21,32.3,rapid_50kw,65.9,barcelona,0,24.0
LZ-EV-004903,15,60.3,rapid_50kw,50.3,valencia,0,19.17
LZ-EV-004904,0,2.0,rapid_50kw,80.7,murcia,0,36.62
LZ-EV-004905,5,46.3,rapid_50kw,65.5,malaga,0,30.97
LZ-EV-004906,9,46.6,rapid_50kw,55.9,zaragoza,0,27.71
LZ-EV-004907,19,39.5,rapid_50kw,61.1,zaragoza,0,35.81
LZ-EV-004908,20,58.4,slow_7kw,80.2,murcia,1,35.12
LZ-EV-004909,23,45.0,fast_22kw,74.5,valencia,1,33.55
LZ-EV-004910,22,64.7,slow_7kw,28.0,murcia,1,8.65
LZ-EV-004911,4,19.3,slow_7kw,63.8,bilbao,0,27.26
LZ-EV-004912,14,36.3,fast_22kw,55.6,madrid,0,29.63
LZ-EV-004913,16,55.5,fast_22kw,58.1,murcia,0,23.3
LZ-EV-004914,20,36.2,fast_22kw,33.2,murcia,0,22.25
LZ-EV-004915,18,57.4,slow_7kw,83.5,barcelona,0,32.25
LZ-EV-004916,19,51.5,fast_22kw,97.3,murcia,0,43.34
LZ-EV-004917,20,28.2,fast_22kw,41.8,zaragoza,0,29.11
LZ-EV-004918,5,41.1,slow_7kw,69.6,murcia,0,31.5
LZ-EV-004919,5,13.0,fast_22kw,31.6,madrid,1,25.73
LZ-EV-004920,10,46.3,slow_7kw,52.8,barcelona,0,24.66
LZ-EV-004921,19,52.9,fast_22kw,54.1,bilbao,1,22.42
LZ-EV-004922,17,19.7,rapid_50kw,43.1,sevilla,1,29.37
LZ-EV-004923,10,43.8,fast_22kw,70.0,valencia,0,33.6
LZ-EV-004924,11,20.8,slow_7kw,34.9,malaga,0,24.44
LZ-EV-004925,18,2.0,rapid_50kw,78.1,valencia,0,23.65
LZ-EV-004926,14,37.2,fast_22kw,57.2,barcelona,0,33.66
LZ-EV-004927,5,30.7,fast_22kw,45.4,malaga,0,26.48
LZ-EV-004928,9,7.5,slow_7kw,51.5,barcelona,1,37.34
LZ-EV-004929,9,23.2,fast_22kw,56.0,madrid,0,41.82
LZ-EV-004930,22,30.5,ultra_150kw,98.0,madrid,0,39.84
LZ-EV-004931,18,54.0,rapid_50kw,54.9,madrid,1,21.69
LZ-EV-004932,6,33.3,rapid_50kw,81.8,valencia,0,33.7
LZ-EV-004933,3,55.7,rapid_50kw,50.9,zaragoza,0,20.01
LZ-EV-004934,20,26.3,ultra_150kw,54.0,bilbao,0,34.23
LZ-EV-004935,16,23.6,fast_22kw,67.0,barcelona,1,47.49
LZ-EV-004936,0,40.9,slow_7kw,44.3,murcia,0,22.6
LZ-EV-004937,0,24.4,slow_7kw,57.7,barcelona,0,24.6
LZ-EV-004938,7,36.6,fast_22kw,54.6,barcelona,0,32.72
LZ-EV-004939,0,42.7,fast_22kw,49.4,zaragoza,0,25.9
LZ-EV-004940,15,66.5,ultra_150kw,80.5,zaragoza,1,24.22
LZ-EV-004941,14,25.7,slow_7kw,80.7,sevilla,1,27.39
LZ-EV-004942,18,43.0,ultra_150kw,85.2,barcelona,1,45.21
LZ-EV-004943,18,23.8,fast_22kw,69.9,madrid,0,29.41
LZ-EV-004944,19,41.8,slow_7kw,63.0,valencia,0,32.92
LZ-EV-004945,23,25.3,fast_22kw,70.4,malaga,1,28.48
LZ-EV-004946,5,57.2,fast_22kw,28.0,murcia,0,11.51
LZ-EV-004947,15,62.6,rapid_50kw,78.6,zaragoza,1,16.26
LZ-EV-004948,14,36.2,fast_22kw,66.2,malaga,0,40.4
LZ-EV-004949,2,23.4,rapid_50kw,104.8,murcia,0,32.97
LZ-EV-004950,11,47.9,ultra_150kw,65.6,malaga,0,30.75
LZ-EV-004951,20,54.9,rapid_50kw,39.9,zaragoza,0,16.7
LZ-EV-004952,9,58.4,fast_22kw,43.8,madrid,0,18.25
LZ-EV-004953,7,45.3,slow_7kw,68.0,madrid,1,32.53
LZ-EV-004954,3,27.0,fast_22kw,52.4,zaragoza,0,34.41
LZ-EV-004955,7,60.5,slow_7kw,73.8,valencia,0,28.75
LZ-EV-004956,10,28.6,slow_7kw,36.4,barcelona,0,24.89
LZ-EV-004957,4,31.1,slow_7kw,48.4,murcia,0,31.14
LZ-EV-004958,11,2.0,slow_7kw,58.5,barcelona,1,41.28
LZ-EV-004959,7,33.3,ultra_150kw,60.4,bilbao,0,28.15
LZ-EV-004960,11,64.2,fast_22kw,28.4,malaga,1,9.42
LZ-EV-004961,13,15.7,ultra_150kw,53.1,valencia,1,35.99
LZ-EV-004962,21,62.5,slow_7kw,52.4,malaga,1,17.58
LZ-EV-004963,23,43.2,fast_22kw,75.1,barcelona,0,22.82
LZ-EV-004964,15,42.6,slow_7kw,74.8,barcelona,1,39.89
LZ-EV-004965,16,30.3,rapid_50kw,79.9,murcia,0,28.88
LZ-EV-004966,3,33.1,rapid_50kw,90.3,murcia,0,32.13
LZ-EV-004967,12,37.1,slow_7kw,66.0,barcelona,0,44.09
LZ-EV-004968,12,27.4,rapid_50kw,74.6,madrid,0,51.45
LZ-EV-004969,14,7.1,rapid_50kw,70.9,sevilla,0,40.79
LZ-EV-004970,6,41.5,rapid_50kw,75.8,zaragoza,0,26.2
LZ-EV-004971,7,38.1,fast_22kw,57.7,madrid,0,30.91
LZ-EV-004972,13,41.8,slow_7kw,46.8,zaragoza,1,25.15
LZ-EV-004973,8,45.5,rapid_50kw,40.6,malaga,0,18.03
LZ-EV-004974,20,43.5,fast_22kw,83.3,valencia,1,43.23
LZ-EV-004975,10,12.6,fast_22kw,29.0,murcia,0,26.47
LZ-EV-004976,8,71.9,rapid_50kw,77.3,malaga,0,20.63
LZ-EV-004977,2,30.6,fast_22kw,67.1,bilbao,0,38.27
LZ-EV-004978,4,9.8,fast_22kw,101.1,murcia,0,52.53
LZ-EV-004979,10,90.0,slow_7kw,42.5,murcia,0,3.97
LZ-EV-004980,20,16.0,slow_7kw,53.2,zaragoza,1,40.31
LZ-EV-004981,6,31.3,rapid_50kw,62.3,madrid,0,20.74
LZ-EV-004982,8,39.2,rapid_50kw,61.3,malaga,0,19.82
LZ-EV-004983,20,48.5,rapid_50kw,66.5,madrid,1,24.74
LZ-EV-004984,7,53.1,slow_7kw,61.3,zaragoza,0,28.76
LZ-EV-004985,15,50.4,rapid_50kw,76.7,bilbao,0,32.06
LZ-EV-004986,7,16.6,fast_22kw,63.0,madrid,1,45.49
LZ-EV-004987,5,28.5,fast_22kw,61.9,sevilla,0,41.82
LZ-EV-004988,6,33.9,slow_7kw,84.1,malaga,1,32.12
LZ-EV-004989,8,18.3,fast_22kw,59.4,sevilla,0,45.75
LZ-EV-004990,14,47.1,rapid_50kw,57.6,bilbao,0,28.79
LZ-EV-004991,14,25.4,slow_7kw,28.0,valencia,0,21.01
LZ-EV-004992,21,37.5,fast_22kw,104.9,zaragoza,1,39.05
LZ-EV-004993,15,56.5,fast_22kw,71.9,valencia,0,28.54
LZ-EV-004994,23,46.6,rapid_50kw,63.1,murcia,1,25.72
LZ-EV-004995,8,51.0,rapid_50kw,56.5,sevilla,0,27.35
LZ-EV-004996,21,24.8,fast_22kw,59.4,zaragoza,0,39.03
LZ-EV-004997,2,52.0,fast_22kw,44.7,valencia,0,19.58
LZ-EV-004998,17,32.5,fast_22kw,67.5,barcelona,1,40.2
LZ-EV-004999,23,31.6,slow_7kw,62.7,sevilla,1,42.43
LZ-EV-005000,14,37.0,fast_22kw,43.8,malaga,1,25.51
LZ-EV-005001,2,18.8,slow_7kw,50.2,zaragoza,0,39.71
LZ-EV-005002,3,40.2,slow_7kw,77.9,malaga,1,42.74
LZ-EV-005003,5,40.6,fast_22kw,56.1,madrid,0,33.07
LZ-EV-005004,23,40.7,ultra_150kw,35.4,malaga,0,18.1
LZ-EV-005005,11,2.1,fast_22kw,76.9,murcia,0,31.38
LZ-EV-005006,15,23.2,fast_22kw,53.9,madrid,0,37.85
LZ-EV-005007,4,34.0,fast_22kw,60.4,zaragoza,0,39.37
LZ-EV-005008,19,27.3,rapid_50kw,64.2,malaga,0,29.03
LZ-EV-005009,10,27.7,rapid_50kw,43.6,barcelona,1,18.75
LZ-EV-005010,3,22.1,rapid_50kw,53.4,sevilla,0,31.23
LZ-EV-005011,4,52.0,slow_7kw,28.4,valencia,0,12.71
LZ-EV-005012,23,2.0,slow_7kw,28.0,barcelona,0,25.65
LZ-EV-005013,8,54.0,slow_7kw,52.3,barcelona,0,20.11
LZ-EV-005014,20,16.6,fast_22kw,77.9,zaragoza,0,23.21
LZ-EV-005015,17,16.1,ultra_150kw,71.6,sevilla,0,23.05
LZ-EV-005016,8,38.9,fast_22kw,28.0,sevilla,0,15.57
LZ-EV-005017,4,9.3,fast_22kw,55.7,sevilla,0,43.23
LZ-EV-005018,19,38.6,fast_22kw,80.6,barcelona,0,28.05
LZ-EV-005019,22,50.2,rapid_50kw,56.9,malaga,0,18.22
LZ-EV-005020,8,25.5,ultra_150kw,40.5,murcia,0,25.74
LZ-EV-005021,23,23.6,rapid_50kw,43.7,malaga,0,30.47
LZ-EV-005022,23,66.1,fast_22kw,77.3,sevilla,0,22.41
LZ-EV-005023,20,34.1,slow_7kw,45.4,barcelona,0,30.05
LZ-EV-005024,8,55.5,rapid_50kw,43.4,malaga,0,18.32
LZ-EV-005025,15,34.7,fast_22kw,65.3,malaga,0,28.67
LZ-EV-005026,1,47.1,slow_7kw,36.2,bilbao,1,17.81
LZ-EV-005027,5,39.2,slow_7kw,43.1,madrid,0,25.24
LZ-EV-005028,8,48.0,rapid_50kw,52.5,barcelona,0,23.12
LZ-EV-005029,1,51.1,slow_7kw,96.5,zaragoza,0,39.65
LZ-EV-005030,22,39.7,fast_22kw,63.8,sevilla,0,34.9
LZ-EV-005031,15,50.5,rapid_50kw,74.3,zaragoza,0,28.43
LZ-EV-005032,12,50.1,slow_7kw,67.6,madrid,0,21.06
LZ-EV-005033,16,57.4,fast_22kw,54.9,bilbao,1,23.96
LZ-EV-005034,6,37.1,slow_7kw,59.6,madrid,0,29.53
LZ-EV-005035,8,51.1,slow_7kw,74.2,murcia,1,32.11
LZ-EV-005036,22,34.0,rapid_50kw,75.0,sevilla,0,24.75
LZ-EV-005037,21,64.7,slow_7kw,90.6,malaga,0,29.92
LZ-EV-005038,3,19.1,slow_7kw,87.7,madrid,0,34.26
LZ-EV-005039,1,6.9,slow_7kw,52.1,barcelona,0,35.54
LZ-EV-005040,23,62.4,fast_22kw,54.7,malaga,0,19.76
LZ-EV-005041,23,44.7,fast_22kw,62.0,madrid,1,31.35
LZ-EV-005042,3,29.6,rapid_50kw,50.2,madrid,0,22.5
LZ-EV-005043,2,46.0,slow_7kw,28.0,sevilla,0,13.79
LZ-EV-005044,12,13.4,fast_22kw,49.7,malaga,1,40.01
LZ-EV-005045,13,49.8,ultra_150kw,83.5,zaragoza,0,39.09
LZ-EV-005046,8,15.2,rapid_50kw,66.6,valencia,1,32.15
LZ-EV-005047,6,7.1,fast_22kw,28.0,bilbao,0,22.93
LZ-EV-005048,0,42.0,ultra_150kw,88.1,madrid,0,41.94
LZ-EV-005049,6,14.8,rapid_50kw,40.4,murcia,0,33.56
LZ-EV-005050,14,8.6,slow_7kw,56.1,bilbao,0,51.07
LZ-EV-005051,8,34.6,rapid_50kw,33.9,sevilla,1,20.61
LZ-EV-005052,0,54.4,fast_22kw,60.3,barcelona,0,24.13
LZ-EV-005053,7,48.6,rapid_50kw,64.1,barcelona,0,31.98
LZ-EV-005054,11,4.8,slow_7kw,68.4,malaga,0,33.56
LZ-EV-005055,2,30.6,fast_22kw,81.0,sevilla,0,35.58
LZ-EV-005056,6,14.5,slow_7kw,66.3,sevilla,0,48.3
LZ-EV-005057,4,35.0,slow_7kw,60.9,murcia,0,37.26
LZ-EV-005058,21,22.8,rapid_50kw,28.0,bilbao,0,20.03
LZ-EV-005059,13,62.8,slow_7kw,75.3,malaga,0,24.95
LZ-EV-005060,0,54.1,fast_22kw,52.2,zaragoza,1,20.69
LZ-EV-005061,6,17.5,slow_7kw,73.8,barcelona,0,40.15
LZ-EV-005062,7,51.0,fast_22kw,69.4,valencia,1,32.63
LZ-EV-005063,10,48.8,rapid_50kw,74.5,madrid,0,20.69
LZ-EV-005064,18,42.1,fast_22kw,88.7,valencia,0,16.38
LZ-EV-005065,17,55.7,ultra_150kw,54.3,sevilla,1,22.93
LZ-EV-005066,2,15.2,fast_22kw,41.4,bilbao,0,30.39
LZ-EV-005067,11,4.7,fast_22kw,40.5,barcelona,0,35.73
LZ-EV-005068,16,34.9,slow_7kw,83.5,barcelona,0,27.99
LZ-EV-005069,6,69.1,slow_7kw,73.7,bilbao,1,19.1
LZ-EV-005070,12,11.2,rapid_50kw,70.8,zaragoza,0,26.6
LZ-EV-005071,14,30.6,slow_7kw,54.6,malaga,0,33.32
LZ-EV-005072,17,35.2,slow_7kw,36.5,bilbao,1,22.18
LZ-EV-005073,16,49.0,fast_22kw,72.5,sevilla,1,34.25
LZ-EV-005074,18,16.6,fast_22kw,55.3,barcelona,0,26.09
LZ-EV-005075,8,49.8,fast_22kw,61.0,bilbao,0,28.11
LZ-EV-005076,6,21.7,fast_22kw,55.1,madrid,1,27.44
LZ-EV-005077,22,57.6,fast_22kw,33.8,sevilla,1,11.99
LZ-EV-005078,16,49.7,fast_22kw,62.8,madrid,1,28.56
LZ-EV-005079,14,46.0,rapid_50kw,77.9,bilbao,0,25.65
LZ-EV-005080,1,44.7,fast_22kw,70.8,malaga,0,34.87
LZ-EV-005081,7,65.3,rapid_50kw,74.0,barcelona,1,22.93
LZ-EV-005082,21,21.9,fast_22kw,66.6,madrid,0,27.35
LZ-EV-005083,7,48.8,fast_22kw,37.0,malaga,0,15.21
LZ-EV-005084,4,43.3,slow_7kw,65.9,malaga,0,37.97
LZ-EV-005085,20,41.0,slow_7kw,42.8,sevilla,1,22.72
LZ-EV-005086,0,64.7,slow_7kw,50.4,zaragoza,1,15.88
LZ-EV-005087,17,21.8,fast_22kw,72.0,valencia,0,30.67
LZ-EV-005088,14,36.9,slow_7kw,70.7,sevilla,0,23.64
LZ-EV-005089,16,35.3,ultra_150kw,46.8,madrid,1,30.88
LZ-EV-005090,12,40.2,ultra_150kw,53.7,bilbao,0,29.32
LZ-EV-005091,22,21.5,rapid_50kw,77.9,valencia,0,22.03
LZ-EV-005092,22,38.8,slow_7kw,46.4,barcelona,0,27.05
LZ-EV-005093,14,27.6,fast_22kw,74.8,madrid,0,44.34
LZ-EV-005094,18,44.4,fast_22kw,76.6,madrid,0,32.3
LZ-EV-005095,5,57.1,rapid_50kw,63.0,murcia,0,27.69
LZ-EV-005096,3,12.1,slow_7kw,66.5,bilbao,1,31.07
LZ-EV-005097,2,46.1,fast_22kw,56.1,bilbao,0,19.75
LZ-EV-005098,20,50.3,rapid_50kw,61.2,madrid,0,28.41
LZ-EV-005099,2,46.5,fast_22kw,43.3,bilbao,0,21.12
LZ-EV-005100,23,31.8,rapid_50kw,49.7,bilbao,0,29.67
LZ-EV-005101,20,32.5,slow_7kw,56.0,madrid,1,34.73
LZ-EV-005102,9,53.8,fast_22kw,86.4,zaragoza,0,28.48
LZ-EV-005103,9,62.6,ultra_150kw,44.3,murcia,0,14.72
LZ-EV-005104,12,81.3,ultra_150kw,51.1,zaragoza,1,8.76
LZ-EV-005105,10,29.0,fast_22kw,37.6,murcia,0,23.35
LZ-EV-005106,20,36.6,rapid_50kw,56.4,zaragoza,1,22.63
LZ-EV-005107,8,64.4,slow_7kw,43.2,zaragoza,1,14.0
LZ-EV-005108,22,3.0,slow_7kw,43.6,zaragoza,1,42.18
LZ-EV-005109,21,34.4,slow_7kw,74.2,malaga,0,47.28
LZ-EV-005110,8,41.2,slow_7kw,58.1,valencia,0,29.28
LZ-EV-005111,12,4.3,rapid_50kw,57.8,valencia,0,22.87
LZ-EV-005112,15,52.3,rapid_50kw,61.8,madrid,0,24.49
LZ-EV-005113,21,26.3,rapid_50kw,52.7,malaga,0,34.78
LZ-EV-005114,22,79.6,slow_7kw,67.8,bilbao,1,12.8
LZ-EV-005115,4,27.8,slow_7kw,59.3,bilbao,1,37.93
LZ-EV-005116,17,42.1,rapid_50kw,73.6,sevilla,1,26.9
LZ-EV-005117,5,35.1,fast_22kw,57.0,madrid,1,35.83
LZ-EV-005118,20,23.9,slow_7kw,55.1,sevilla,1,38.95
LZ-EV-005119,23,53.7,rapid_50kw,86.1,malaga,0,37.09
LZ-EV-005120,15,59.1,slow_7kw,74.3,malaga,0,24.73
LZ-EV-005121,8,2.0,slow_7kw,70.3,malaga,0,29.27
LZ-EV-005122,4,13.9,rapid_50kw,60.5,bilbao,0,19.54
LZ-EV-005123,22,63.4,slow_7kw,45.8,murcia,1,13.99
LZ-EV-005124,14,12.3,rapid_50kw,30.7,bilbao,0,24.31
LZ-EV-005125,1,38.5,fast_22kw,83.0,madrid,0,37.58
LZ-EV-005126,0,20.2,fast_22kw,45.7,barcelona,0,34.14
LZ-EV-005127,16,4.2,slow_7kw,61.3,bilbao,0,24.77
LZ-EV-005128,21,38.5,slow_7kw,37.1,bilbao,0,19.97
LZ-EV-005129,17,40.0,slow_7kw,68.7,zaragoza,1,37.4
LZ-EV-005130,4,34.5,slow_7kw,68.5,bilbao,1,35.37
LZ-EV-005131,1,39.5,rapid_50kw,44.5,madrid,0,17.99
LZ-EV-005132,3,28.6,ultra_150kw,77.3,valencia,0,53.42
LZ-EV-005133,0,23.5,rapid_50kw,28.0,bilbao,0,18.37
LZ-EV-005134,0,37.0,slow_7kw,58.3,malaga,0,33.59
LZ-EV-005135,3,34.2,fast_22kw,86.5,sevilla,0,33.18
LZ-EV-005136,16,48.0,fast_22kw,60.7,malaga,0,29.66
LZ-EV-005137,20,35.6,slow_7kw,54.6,murcia,0,34.99
LZ-EV-005138,15,43.3,fast_22kw,68.7,zaragoza,1,35.42
LZ-EV-005139,9,26.0,fast_22kw,56.4,barcelona,0,37.78
LZ-EV-005140,13,35.8,fast_22kw,65.8,malaga,0,36.8
LZ-EV-005141,20,2.0,fast_22kw,69.4,barcelona,0,21.88
LZ-EV-005142,1,52.4,rapid_50kw,74.4,bilbao,0,25.76
LZ-EV-005143,9,59.4,slow_7kw,64.3,valencia,1,24.59
LZ-EV-005144,11,61.5,slow_7kw,54.5,murcia,0,18.82
LZ-EV-005145,2,38.9,rapid_50kw,90.4,barcelona,1,25.19
LZ-EV-005146,6,40.6,rapid_50kw,61.3,valencia,0,26.23
LZ-EV-005147,14,90.0,ultra_150kw,37.5,bilbao,0,3.72
LZ-EV-005148,15,42.3,fast_22kw,37.1,valencia,0,19.8
LZ-EV-005149,6,40.9,rapid_50kw,41.1,madrid,1,20.0
LZ-EV-005150,11,64.9,ultra_150kw,70.7,barcelona,0,23.3
LZ-EV-005151,16,62.5,fast_22kw,67.4,sevilla,0,25.7
LZ-EV-005152,4,28.9,slow_7kw,66.0,murcia,0,36.19
LZ-EV-005153,15,52.0,rapid_50kw,93.3,valencia,0,19.73
LZ-EV-005154,18,18.8,fast_22kw,52.4,bilbao,0,37.76
LZ-EV-005155,19,55.3,rapid_50kw,46.2,madrid,0,18.51
LZ-EV-005156,5,34.5,slow_7kw,63.8,madrid,0,24.22
LZ-EV-005157,23,65.2,fast_22kw,71.4,malaga,0,24.94
LZ-EV-005158,10,29.9,rapid_50kw,68.9,malaga,0,32.49
LZ-EV-005159,6,45.2,fast_22kw,45.5,madrid,0,24.05
LZ-EV-005160,4,36.2,rapid_50kw,74.8,murcia,0,40.04
LZ-EV-005161,14,31.5,ultra_150kw,66.4,malaga,0,42.31
LZ-EV-005162,8,45.5,slow_7kw,65.2,barcelona,0,31.6
LZ-EV-005163,1,46.9,slow_7kw,41.4,madrid,0,20.86
LZ-EV-005164,4,46.9,fast_22kw,65.5,barcelona,0,27.24
LZ-EV-005165,8,47.5,rapid_50kw,72.2,bilbao,0,34.8
LZ-EV-005166,12,52.2,slow_7kw,52.4,malaga,0,23.04
LZ-EV-005167,4,48.9,fast_22kw,63.0,madrid,1,31.14
LZ-EV-005168,0,66.4,slow_7kw,80.0,malaga,0,25.23
LZ-EV-005169,1,64.1,rapid_50kw,51.7,madrid,0,17.02
LZ-EV-005170,4,37.9,fast_22kw,87.9,zaragoza,0,32.82
LZ-EV-005171,2,53.2,fast_22kw,39.2,malaga,0,16.54
LZ-EV-005172,22,2.0,fast_22kw,43.3,sevilla,1,35.16
LZ-EV-005173,9,30.7,fast_22kw,64.4,madrid,0,33.94
LZ-EV-005174,23,63.6,slow_7kw,63.1,valencia,0,21.01
LZ-EV-005175,23,26.8,slow_7kw,85.8,sevilla,1,23.89
LZ-EV-005176,17,75.6,fast_22kw,57.2,murcia,0,13.51
LZ-EV-005177,23,34.5,fast_22kw,74.0,valencia,0,18.21
LZ-EV-005178,23,20.7,ultra_150kw,77.2,sevilla,0,41.76
LZ-EV-005179,10,34.9,fast_22kw,73.8,barcelona,0,17.6
LZ-EV-005180,14,32.7,slow_7kw,35.6,bilbao,0,23.45
LZ-EV-005181,20,75.9,rapid_50kw,80.2,malaga,0,16.63
LZ-EV-005182,21,47.6,slow_7kw,94.7,murcia,1,26.83
LZ-EV-005183,11,36.9,fast_22kw,63.4,valencia,1,27.18
LZ-EV-005184,9,7.5,ultra_150kw,28.0,sevilla,1,25.18
LZ-EV-005185,9,42.8,ultra_150kw,51.6,barcelona,0,25.08
LZ-EV-005186,2,9.5,fast_22kw,76.1,malaga,0,52.95
LZ-EV-005187,19,24.7,slow_7kw,81.6,zaragoza,0,54.34
LZ-EV-005188,17,13.0,slow_7kw,75.8,madrid,0,60.79
LZ-EV-005189,11,64.4,rapid_50kw,69.9,zaragoza,0,21.3
LZ-EV-005190,19,71.4,slow_7kw,62.1,sevilla,0,17.76
LZ-EV-005191,9,29.6,slow_7kw,59.3,bilbao,0,39.66
LZ-EV-005192,1,36.8,slow_7kw,66.6,malaga,0,33.81
LZ-EV-005193,20,74.9,fast_22kw,92.6,madrid,0,20.74
LZ-EV-005194,1,60.8,slow_7kw,54.5,murcia,0,20.12
LZ-EV-005195,4,22.1,ultra_150kw,67.1,murcia,1,27.51
LZ-EV-005196,10,42.8,fast_22kw,73.6,barcelona,1,38.91
LZ-EV-005197,16,27.5,ultra_150kw,63.1,murcia,1,20.56
LZ-EV-005198,18,26.6,ultra_150kw,56.3,sevilla,1,18.59
LZ-EV-005199,3,12.7,rapid_50kw,44.8,valencia,0,32.46
LZ-EV-005200,19,44.7,rapid_50kw,79.7,barcelona,1,20.96
LZ-EV-005201,6,77.9,fast_22kw,61.0,sevilla,0,11.79
LZ-EV-005202,12,37.3,rapid_50kw,61.5,barcelona,0,32.93
LZ-EV-005203,17,6.6,rapid_50kw,28.0,bilbao,1,23.11
LZ-EV-005204,21,75.3,fast_22kw,63.4,zaragoza,1,14.44
LZ-EV-005205,0,35.2,rapid_50kw,72.2,bilbao,0,36.26
LZ-EV-005206,21,26.1,slow_7kw,76.8,zaragoza,1,45.7
LZ-EV-005207,18,59.5,slow_7kw,31.1,sevilla,1,10.25
LZ-EV-005208,12,28.4,fast_22kw,47.0,barcelona,0,29.33
LZ-EV-005209,3,58.5,slow_7kw,86.7,bilbao,1,31.4
LZ-EV-005210,14,52.8,slow_7kw,69.5,sevilla,1,31.33
LZ-EV-005211,23,10.8,slow_7kw,47.0,valencia,0,36.49
LZ-EV-005212,9,22.4,slow_7kw,50.2,bilbao,0,20.87
LZ-EV-005213,10,57.0,ultra_150kw,51.5,valencia,0,22.0
LZ-EV-005214,21,55.0,slow_7kw,39.1,valencia,0,16.39
LZ-EV-005215,22,19.0,fast_22kw,86.7,madrid,0,37.08
LZ-EV-005216,18,49.2,slow_7kw,75.6,zaragoza,0,35.83
LZ-EV-005217,18,36.6,fast_22kw,37.5,zaragoza,0,22.4
LZ-EV-005218,4,12.5,ultra_150kw,82.3,madrid,0,61.77
LZ-EV-005219,13,70.0,fast_22kw,64.6,valencia,1,16.78
LZ-EV-005220,17,43.9,fast_22kw,49.7,madrid,0,28.91
LZ-EV-005221,23,44.9,slow_7kw,46.6,madrid,1,22.94
LZ-EV-005222,8,38.4,rapid_50kw,36.9,malaga,0,19.78
LZ-EV-005223,17,23.0,slow_7kw,74.7,bilbao,0,28.49
LZ-EV-005224,18,46.5,rapid_50kw,85.3,malaga,0,31.31
LZ-EV-005225,5,40.8,slow_7kw,28.0,zaragoza,1,15.62
LZ-EV-005226,7,35.9,fast_22kw,84.8,madrid,0,51.08
LZ-EV-005227,1,10.2,rapid_50kw,61.7,malaga,0,49.06
LZ-EV-005228,11,59.3,fast_22kw,49.3,bilbao,1,19.14
LZ-EV-005229,17,2.0,slow_7kw,66.6,bilbao,0,37.72
LZ-EV-005230,18,16.3,ultra_150kw,87.5,madrid,1,34.89
LZ-EV-005231,5,44.5,rapid_50kw,68.2,madrid,0,26.3
LZ-EV-005232,7,50.2,slow_7kw,70.4,bilbao,0,29.62
LZ-EV-005233,22,28.4,slow_7kw,76.1,madrid,0,52.01
LZ-EV-005234,14,26.2,fast_22kw,69.2,barcelona,0,41.15
LZ-EV-005235,16,14.4,ultra_150kw,39.9,bilbao,0,30.17
LZ-EV-005236,15,18.2,fast_22kw,64.7,bilbao,0,44.74
LZ-EV-005237,15,45.1,fast_22kw,51.1,bilbao,0,26.62
LZ-EV-005238,16,39.9,slow_7kw,50.6,valencia,0,26.99
LZ-EV-005239,21,30.5,ultra_150kw,45.6,malaga,1,28.28
LZ-EV-005240,22,21.2,slow_7kw,76.0,valencia,0,48.08
LZ-EV-005241,11,43.8,ultra_150kw,48.8,sevilla,0,22.87
LZ-EV-005242,8,74.9,slow_7kw,57.1,madrid,0,14.63
LZ-EV-005243,17,31.8,fast_22kw,34.3,murcia,0,20.66
LZ-EV-005244,3,2.0,ultra_150kw,78.5,zaragoza,0,26.78
LZ-EV-005245,14,54.7,ultra_150kw,74.7,bilbao,0,28.8
LZ-EV-005246,12,20.8,slow_7kw,28.0,madrid,0,16.99
LZ-EV-005247,5,50.9,fast_22kw,56.2,barcelona,1,24.84
LZ-EV-005248,9,43.0,slow_7kw,29.4,bilbao,0,15.36
LZ-EV-005249,13,38.4,slow_7kw,86.4,bilbao,1,53.83
LZ-EV-005250,0,30.7,rapid_50kw,59.3,barcelona,0,26.1
LZ-EV-005251,14,57.8,fast_22kw,88.4,sevilla,1,25.31
LZ-EV-005252,20,75.1,ultra_150kw,56.0,sevilla,0,14.2
LZ-EV-005253,0,30.7,fast_22kw,69.9,bilbao,0,35.55
LZ-EV-005254,21,72.1,rapid_50kw,67.7,valencia,0,17.38
LZ-EV-005255,21,22.5,rapid_50kw,33.3,barcelona,0,12.39
LZ-EV-005256,13,20.3,slow_7kw,74.6,murcia,0,48.48
LZ-EV-005257,10,42.9,slow_7kw,80.7,barcelona,0,14.45
LZ-EV-005258,2,44.4,slow_7kw,50.7,valencia,1,25.64
LZ-EV-005259,4,8.0,fast_22kw,75.0,bilbao,0,47.35
LZ-EV-005260,1,48.4,ultra_150kw,54.5,sevilla,0,26.68
LZ-EV-005261,4,34.3,rapid_50kw,54.7,murcia,0,17.8
LZ-EV-005262,19,34.7,ultra_150kw,66.9,sevilla,0,39.45
LZ-EV-005263,22,39.1,fast_22kw,62.5,sevilla,0,31.64
LZ-EV-005264,23,16.7,slow_7kw,64.7,bilbao,0,48.87
LZ-EV-005265,16,70.9,fast_22kw,73.1,barcelona,1,18.29
LZ-EV-005266,22,36.3,fast_22kw,45.8,malaga,1,24.86
LZ-EV-005267,11,16.3,slow_7kw,110.0,zaragoza,0,48.57
LZ-EV-005268,7,43.2,rapid_50kw,64.8,malaga,0,36.39
LZ-EV-005269,13,33.4,rapid_50kw,61.1,bilbao,0,39.13
LZ-EV-005270,5,36.9,fast_22kw,73.6,malaga,0,35.66
LZ-EV-005271,8,38.1,rapid_50kw,29.3,zaragoza,0,15.41
LZ-EV-005272,21,19.1,fast_22kw,61.8,valencia,0,35.57
LZ-EV-005273,11,57.0,fast_22kw,88.2,murcia,0,34.86
LZ-EV-005274,14,55.6,slow_7kw,45.8,murcia,0,18.07
LZ-EV-005275,4,59.0,slow_7kw,59.2,zaragoza,0,23.33
LZ-EV-005276,18,24.7,fast_22kw,77.3,valencia,0,39.33
LZ-EV-005277,8,41.7,rapid_50kw,65.1,madrid,0,17.59
LZ-EV-005278,8,25.2,rapid_50kw,50.0,madrid,0,30.69
LZ-EV-005279,5,42.0,slow_7kw,50.0,bilbao,0,24.43
LZ-EV-005280,3,81.4,fast_22kw,47.3,murcia,0,8.15
LZ-EV-005281,19,6.9,fast_22kw,85.8,bilbao,0,51.26
LZ-EV-005282,7,23.3,slow_7kw,53.7,zaragoza,0,37.1
LZ-EV-005283,20,48.7,ultra_150kw,52.6,barcelona,1,26.06
LZ-EV-005284,4,2.0,fast_22kw,78.3,murcia,1,37.61
LZ-EV-005285,14,53.6,rapid_50kw,73.4,barcelona,1,31.86
LZ-EV-005286,7,48.7,fast_22kw,58.4,madrid,0,17.37
LZ-EV-005287,1,45.2,rapid_50kw,47.6,barcelona,1,13.14
LZ-EV-005288,19,65.4,slow_7kw,69.8,madrid,0,20.21
LZ-EV-005289,8,27.2,fast_22kw,77.2,madrid,0,33.65
LZ-EV-005290,18,2.0,fast_22kw,66.7,malaga,0,43.49
LZ-EV-005291,2,58.2,slow_7kw,62.8,valencia,1,26.27
LZ-EV-005292,10,72.4,fast_22kw,50.2,valencia,0,13.77
LZ-EV-005293,21,29.4,ultra_150kw,66.9,bilbao,0,35.96
LZ-EV-005294,18,41.2,fast_22kw,59.1,valencia,1,18.55
LZ-EV-005295,21,36.4,ultra_150kw,63.2,barcelona,1,17.06
LZ-EV-005296,11,35.1,slow_7kw,89.9,valencia,1,49.15
LZ-EV-005297,12,31.5,slow_7kw,50.4,barcelona,0,29.45
LZ-EV-005298,4,43.4,slow_7kw,52.6,murcia,1,26.65
LZ-EV-005299,23,31.4,fast_22kw,53.1,sevilla,1,27.94
LZ-EV-005300,5,32.6,slow_7kw,56.7,valencia,0,35.38
LZ-EV-005301,5,65.7,fast_22kw,79.3,barcelona,0,26.41
LZ-EV-005302,10,40.7,fast_22kw,38.4,murcia,0,21.99
LZ-EV-005303,16,28.3,slow_7kw,59.0,barcelona,0,44.5
LZ-EV-005304,5,90.0,fast_22kw,58.6,malaga,0,5.01
LZ-EV-005305,16,74.9,fast_22kw,32.9,murcia,0,8.28
LZ-EV-005306,17,17.7,slow_7kw,57.6,malaga,0,26.76
LZ-EV-005307,21,54.7,fast_22kw,58.0,barcelona,0,25.04
LZ-EV-005308,12,32.7,fast_22kw,46.7,sevilla,0,28.33
LZ-EV-005309,10,17.5,slow_7kw,44.5,malaga,1,26.48
LZ-EV-005310,3,50.8,fast_22kw,32.6,murcia,0,17.11
LZ-EV-005311,10,8.4,ultra_150kw,65.9,valencia,0,39.43
LZ-EV-005312,16,34.1,fast_22kw,77.8,murcia,0,42.68
LZ-EV-005313,19,14.3,fast_22kw,60.0,murcia,0,16.82
LZ-EV-005314,17,53.1,fast_22kw,35.5,barcelona,1,16.7
LZ-EV-005315,23,30.0,slow_7kw,62.2,sevilla,0,27.39
LZ-EV-005316,7,25.7,slow_7kw,60.0,barcelona,0,32.09
LZ-EV-005317,13,53.1,slow_7kw,48.1,sevilla,1,21.0
LZ-EV-005318,13,50.6,slow_7kw,53.1,malaga,1,23.81
LZ-EV-005319,6,51.7,fast_22kw,66.6,madrid,1,29.39
LZ-EV-005320,1,47.5,fast_22kw,52.5,malaga,1,26.54
LZ-EV-005321,13,26.9,fast_22kw,68.3,murcia,0,33.78
LZ-EV-005322,13,39.8,slow_7kw,42.6,sevilla,0,23.09
LZ-EV-005323,16,57.5,rapid_50kw,58.7,valencia,1,23.18
LZ-EV-005324,15,23.3,slow_7kw,74.7,murcia,0,29.66
LZ-EV-005325,8,44.3,rapid_50kw,41.0,madrid,1,20.11
LZ-EV-005326,12,39.8,fast_22kw,60.3,barcelona,1,30.81
LZ-EV-005327,6,41.3,rapid_50kw,56.0,sevilla,0,30.25
LZ-EV-005328,0,44.4,fast_22kw,46.2,zaragoza,0,24.37
LZ-EV-005329,2,45.2,fast_22kw,68.1,zaragoza,1,32.33
LZ-EV-005330,9,55.3,fast_22kw,49.1,sevilla,0,20.58
LZ-EV-005331,11,35.9,ultra_150kw,90.6,murcia,1,50.46
LZ-EV-005332,4,35.1,slow_7kw,61.5,bilbao,0,38.97
LZ-EV-005333,11,44.0,fast_22kw,59.6,sevilla,0,30.14
LZ-EV-005334,16,50.1,rapid_50kw,45.2,zaragoza,0,20.45
LZ-EV-005335,13,68.5,slow_7kw,62.4,valencia,1,18.39
LZ-EV-005336,21,23.2,fast_22kw,79.0,zaragoza,0,41.38
LZ-EV-005337,18,60.8,slow_7kw,78.0,bilbao,0,28.09
LZ-EV-005338,9,29.4,slow_7kw,51.8,madrid,1,33.22
LZ-EV-005339,2,22.3,rapid_50kw,43.2,murcia,0,24.39
LZ-EV-005340,16,52.4,slow_7kw,39.6,barcelona,0,19.0
LZ-EV-005341,20,38.4,fast_22kw,66.4,valencia,0,19.04
LZ-EV-005342,7,55.9,fast_22kw,46.4,sevilla,0,17.63
LZ-EV-005343,17,41.9,fast_22kw,79.2,valencia,0,41.68
LZ-EV-005344,5,24.3,slow_7kw,51.5,murcia,1,29.79
LZ-EV-005345,9,2.0,slow_7kw,70.8,sevilla,1,50.54
LZ-EV-005346,9,51.6,fast_22kw,36.2,bilbao,0,16.24
LZ-EV-005347,6,20.7,slow_7kw,61.4,murcia,0,30.24
LZ-EV-005348,5,54.3,rapid_50kw,28.0,malaga,0,10.94
LZ-EV-005349,0,35.0,ultra_150kw,74.7,barcelona,1,30.6
LZ-EV-005350,5,56.8,rapid_50kw,46.0,zaragoza,0,15.68
LZ-EV-005351,23,8.5,slow_7kw,54.7,bilbao,1,33.24
LZ-EV-005352,16,29.4,ultra_150kw,30.7,malaga,0,19.58
LZ-EV-005353,5,21.9,fast_22kw,28.0,valencia,0,21.8
LZ-EV-005354,11,43.9,slow_7kw,60.0,sevilla,1,30.96
LZ-EV-005355,3,29.3,fast_22kw,78.0,bilbao,0,32.98
LZ-EV-005356,1,55.6,slow_7kw,71.0,bilbao,1,30.64
LZ-EV-005357,3,35.3,slow_7kw,59.3,valencia,0,29.43
LZ-EV-005358,12,49.5,fast_22kw,81.9,barcelona,0,38.58
LZ-EV-005359,18,32.2,slow_7kw,57.2,bilbao,1,31.29
LZ-EV-005360,17,21.7,fast_22kw,78.0,bilbao,0,34.83
LZ-EV-005361,8,32.0,fast_22kw,37.9,bilbao,0,21.82
LZ-EV-005362,19,10.7,fast_22kw,49.6,sevilla,0,29.92
LZ-EV-005363,2,28.2,fast_22kw,28.0,barcelona,1,18.87
LZ-EV-005364,2,25.3,slow_7kw,56.9,zaragoza,1,37.59
LZ-EV-005365,10,18.6,fast_22kw,57.3,murcia,0,44.6
LZ-EV-005366,15,61.2,rapid_50kw,61.4,valencia,0,23.47
LZ-EV-005367,22,8.4,slow_7kw,42.1,malaga,0,20.13
LZ-EV-005368,16,56.4,rapid_50kw,65.1,bilbao,0,28.29
LZ-EV-005369,5,25.3,fast_22kw,67.8,murcia,0,40.37
LZ-EV-005370,5,38.8,slow_7kw,85.6,barcelona,0,37.48
LZ-EV-005371,8,24.3,slow_7kw,72.7,valencia,0,29.43
LZ-EV-005372,7,39.6,fast_22kw,60.9,sevilla,1,31.99
LZ-EV-005373,17,37.1,fast_22kw,45.7,barcelona,0,24.89
LZ-EV-005374,1,20.1,ultra_150kw,68.7,madrid,0,28.5
LZ-EV-005375,12,47.3,slow_7kw,58.8,madrid,0,28.07
LZ-EV-005376,16,68.0,rapid_50kw,60.1,malaga,0,15.0
LZ-EV-005377,4,16.8,slow_7kw,75.1,zaragoza,0,37.61
LZ-EV-005378,22,30.0,fast_22kw,68.3,madrid,0,46.92
LZ-EV-005379,5,50.7,slow_7kw,39.4,malaga,0,17.27
LZ-EV-005380,0,30.7,ultra_150kw,54.4,murcia,1,32.85
LZ-EV-005381,11,11.0,fast_22kw,63.0,murcia,0,17.36
LZ-EV-005382,2,45.4,fast_22kw,59.1,barcelona,0,30.56
LZ-EV-005383,16,55.2,fast_22kw,45.1,barcelona,0,18.81
LZ-EV-005384,18,32.4,ultra_150kw,62.6,murcia,0,33.99
LZ-EV-005385,3,43.1,slow_7kw,90.8,madrid,1,36.59
LZ-EV-005386,20,19.2,slow_7kw,90.8,valencia,0,40.67
LZ-EV-005387,8,28.8,fast_22kw,38.4,madrid,1,24.75
LZ-EV-005388,17,25.6,slow_7kw,55.7,malaga,0,39.77
LZ-EV-005389,12,41.1,fast_22kw,57.4,murcia,0,32.29
LZ-EV-005390,15,48.2,fast_22kw,73.6,barcelona,0,34.7
LZ-EV-005391,14,17.3,fast_22kw,42.4,madrid,0,32.33
LZ-EV-005392,20,44.7,rapid_50kw,57.6,sevilla,0,28.51
LZ-EV-005393,5,18.2,fast_22kw,56.4,valencia,0,37.75
LZ-EV-005394,22,34.3,fast_22kw,55.7,madrid,0,33.53
LZ-EV-005395,16,19.3,slow_7kw,71.0,madrid,1,35.18
LZ-EV-005396,2,57.6,rapid_50kw,64.6,murcia,0,27.15
LZ-EV-005397,18,35.9,rapid_50kw,45.7,zaragoza,0,22.81
LZ-EV-005398,23,22.1,slow_7kw,44.6,malaga,0,31.43
LZ-EV-005399,0,44.1,slow_7kw,51.9,valencia,0,27.22
LZ-EV-005400,14,29.9,fast_22kw,49.3,malaga,1,33.7
LZ-EV-005401,7,26.4,slow_7kw,77.9,zaragoza,0,32.29
LZ-EV-005402,14,44.2,slow_7kw,31.3,bilbao,0,15.32
LZ-EV-005403,15,72.9,fast_22kw,73.7,barcelona,0,18.81
LZ-EV-005404,22,39.4,rapid_50kw,87.5,barcelona,1,23.72
LZ-EV-005405,9,36.1,fast_22kw,63.6,malaga,0,37.28
LZ-EV-005406,5,65.4,fast_22kw,51.2,sevilla,0,15.99
LZ-EV-005407,21,51.6,slow_7kw,71.4,barcelona,1,29.4
LZ-EV-005408,8,37.1,rapid_50kw,80.4,murcia,1,33.2
LZ-EV-005409,4,2.0,fast_22kw,51.6,bilbao,0,33.44
LZ-EV-005410,18,34.8,slow_7kw,74.0,sevilla,0,31.44
LZ-EV-005411,2,66.7,slow_7kw,55.1,bilbao,0,16.75
LZ-EV-005412,16,41.1,slow_7kw,71.8,bilbao,1,30.4
LZ-EV-005413,18,52.0,rapid_50kw,73.1,valencia,0,31.22
LZ-EV-005414,11,28.6,rapid_50kw,67.2,madrid,0,17.13
LZ-EV-005415,12,46.4,slow_7kw,61.9,barcelona,0,28.74
LZ-EV-005416,16,44.5,fast_22kw,73.9,zaragoza,1,37.96
LZ-EV-005417,8,34.7,fast_22kw,59.3,barcelona,0,37.51
LZ-EV-005418,18,23.9,rapid_50kw,45.0,zaragoza,0,29.98
LZ-EV-005419,7,2.0,slow_7kw,63.0,valencia,0,23.94
LZ-EV-005420,15,57.4,rapid_50kw,72.7,madrid,0,29.26
LZ-EV-005421,6,39.2,rapid_50kw,69.1,bilbao,0,18.81
LZ-EV-005422,2,65.1,slow_7kw,67.1,zaragoza,1,22.06
LZ-EV-005423,22,28.2,fast_22kw,62.8,sevilla,0,44.28
LZ-EV-005424,17,25.3,ultra_150kw,55.5,barcelona,1,15.51
LZ-EV-005425,13,13.0,slow_7kw,67.3,barcelona,0,54.99
LZ-EV-005426,5,41.5,ultra_150kw,44.6,bilbao,0,24.92
LZ-EV-005427,10,21.7,slow_7kw,61.4,valencia,1,45.43
LZ-EV-005428,12,38.7,slow_7kw,80.4,bilbao,0,24.06
LZ-EV-005429,5,54.7,fast_22kw,55.4,malaga,0,24.25
LZ-EV-005430,5,13.3,fast_22kw,50.5,zaragoza,1,35.46
LZ-EV-005431,13,14.3,fast_22kw,86.0,sevilla,1,23.12
LZ-EV-005432,20,45.0,rapid_50kw,58.1,malaga,0,28.05
LZ-EV-005433,13,13.7,ultra_150kw,64.9,sevilla,0,56.13
LZ-EV-005434,15,2.0,fast_22kw,41.1,madrid,0,33.69
LZ-EV-005435,8,56.5,ultra_150kw,65.7,valencia,0,28.04
LZ-EV-005436,0,43.6,rapid_50kw,71.8,madrid,1,38.84
LZ-EV-005437,6,29.4,ultra_150kw,43.9,malaga,1,27.78
LZ-EV-005438,11,27.9,slow_7kw,80.5,valencia,0,38.77
LZ-EV-005439,19,45.4,rapid_50kw,69.1,madrid,0,33.19
LZ-EV-005440,13,26.3,slow_7kw,50.8,bilbao,0,34.54
LZ-EV-005441,8,7.6,fast_22kw,79.2,madrid,0,64.93
LZ-EV-005442,9,29.2,slow_7kw,55.0,valencia,1,34.32
LZ-EV-005443,7,69.9,fast_22kw,28.0,malaga,0,7.25
LZ-EV-005444,18,36.4,slow_7kw,61.0,zaragoza,0,36.94
LZ-EV-005445,2,43.2,fast_22kw,84.8,malaga,1,36.7
LZ-EV-005446,7,42.7,fast_22kw,61.5,malaga,0,31.68
LZ-EV-005447,1,17.1,rapid_50kw,60.5,bilbao,1,26.16
LZ-EV-005448,19,43.6,slow_7kw,85.3,barcelona,0,12.18
LZ-EV-005449,0,15.3,fast_22kw,69.7,sevilla,0,46.53
LZ-EV-005450,23,24.3,rapid_50kw,60.7,barcelona,0,16.83
LZ-EV-005451,19,46.9,slow_7kw,49.1,murcia,1,23.84
LZ-EV-005452,17,29.0,ultra_150kw,48.1,madrid,0,32.04
LZ-EV-005453,21,3.8,fast_22kw,71.5,murcia,0,55.6
LZ-EV-005454,15,50.7,rapid_50kw,87.8,sevilla,0,40.76
LZ-EV-005455,4,27.7,slow_7kw,63.7,sevilla,0,42.4
LZ-EV-005456,5,37.4,fast_22kw,35.3,malaga,0,22.35
LZ-EV-005457,18,55.2,fast_22kw,57.9,valencia,0,25.27
LZ-EV-005458,20,54.2,rapid_50kw,64.8,murcia,1,27.34
LZ-EV-005459,0,57.2,fast_22kw,74.3,malaga,0,27.39
LZ-EV-005460,18,52.8,fast_22kw,59.3,madrid,0,27.22
LZ-EV-005461,19,29.7,fast_22kw,37.0,barcelona,0,23.33
LZ-EV-005462,10,2.7,slow_7kw,58.8,bilbao,0,46.3
LZ-EV-005463,6,58.2,fast_22kw,54.8,valencia,0,21.98
LZ-EV-005464,11,61.6,fast_22kw,41.5,sevilla,0,15.43
LZ-EV-005465,1,25.9,slow_7kw,71.5,sevilla,0,52.07
LZ-EV-005466,7,63.3,fast_22kw,76.4,sevilla,1,25.62
LZ-EV-005467,1,39.4,slow_7kw,42.8,sevilla,0,22.62
LZ-EV-005468,2,33.1,fast_22kw,54.3,zaragoza,1,33.15
LZ-EV-005469,4,36.3,slow_7kw,53.0,sevilla,0,31.94
LZ-EV-005470,7,46.4,slow_7kw,45.0,malaga,0,21.1
LZ-EV-005471,16,49.2,ultra_150kw,58.7,malaga,0,27.41
LZ-EV-005472,10,25.8,fast_22kw,46.3,sevilla,0,37.37
LZ-EV-005473,20,46.3,slow_7kw,29.2,zaragoza,0,14.65
LZ-EV-005474,17,6.1,fast_22kw,47.0,madrid,0,30.6
LZ-EV-005475,6,34.7,fast_22kw,82.8,bilbao,0,25.4
LZ-EV-005476,7,45.5,fast_22kw,86.0,madrid,0,38.96
LZ-EV-005477,11,6.3,slow_7kw,60.0,sevilla,0,27.16
LZ-EV-005478,23,7.2,fast_22kw,32.5,malaga,0,26.49
LZ-EV-005479,15,73.2,fast_22kw,54.9,malaga,0,15.31
LZ-EV-005480,19,17.4,rapid_50kw,68.1,murcia,0,21.57
LZ-EV-005481,13,18.5,fast_22kw,62.3,bilbao,0,45.84
LZ-EV-005482,20,58.1,ultra_150kw,78.1,bilbao,0,31.56
LZ-EV-005483,0,43.5,slow_7kw,39.6,bilbao,1,17.71
LZ-EV-005484,7,63.3,slow_7kw,28.0,murcia,0,10.59
LZ-EV-005485,8,59.1,fast_22kw,56.5,bilbao,1,22.41
LZ-EV-005486,17,27.6,ultra_150kw,76.5,murcia,1,34.83
LZ-EV-005487,17,25.6,fast_22kw,64.3,barcelona,0,33.88
LZ-EV-005488,21,53.3,ultra_150kw,47.2,valencia,0,19.95
LZ-EV-005489,19,52.1,fast_22kw,59.2,valencia,1,16.12
LZ-EV-005490,22,46.9,rapid_50kw,58.6,sevilla,1,24.94
LZ-EV-005491,1,24.9,fast_22kw,86.3,malaga,0,59.08
LZ-EV-005492,2,29.1,fast_22kw,47.6,sevilla,0,33.18
LZ-EV-005493,4,42.3,slow_7kw,40.3,valencia,1,22.47
LZ-EV-005494,0,33.3,fast_22kw,61.0,barcelona,0,25.19
LZ-EV-005495,17,51.6,slow_7kw,46.6,barcelona,0,24.11
LZ-EV-005496,3,35.8,slow_7kw,57.7,zaragoza,0,32.32
LZ-EV-005497,0,39.2,rapid_50kw,67.6,barcelona,0,29.31
LZ-EV-005498,23,18.4,slow_7kw,60.1,malaga,0,27.61
LZ-EV-005499,13,28.3,ultra_150kw,75.9,bilbao,0,33.87
LZ-EV-005500,23,40.6,fast_22kw,70.6,bilbao,0,39.59
LZ-EV-005501,21,48.2,fast_22kw,81.8,valencia,1,33.73
LZ-EV-005502,23,40.5,slow_7kw,75.9,bilbao,0,26.75
LZ-EV-005503,13,37.2,slow_7kw,88.3,madrid,1,51.14
LZ-EV-005504,12,43.9,ultra_150kw,75.9,malaga,0,19.83
LZ-EV-005505,11,33.4,fast_22kw,55.6,malaga,0,23.57
LZ-EV-005506,14,14.7,slow_7kw,70.5,bilbao,1,38.27
LZ-EV-005507,19,4.9,rapid_50kw,74.1,bilbao,0,37.62
LZ-EV-005508,9,41.2,slow_7kw,66.2,malaga,1,35.76
LZ-EV-005509,8,12.2,rapid_50kw,48.4,murcia,0,33.45
LZ-EV-005510,0,63.1,fast_22kw,41.6,sevilla,1,12.77
LZ-EV-005511,7,54.4,fast_22kw,28.0,madrid,0,11.36
LZ-EV-005512,14,42.4,slow_7kw,69.0,sevilla,0,34.99
LZ-EV-005513,23,20.9,rapid_50kw,41.5,barcelona,0,31.19
LZ-EV-005514,15,23.7,fast_22kw,54.0,valencia,0,22.41
LZ-EV-005515,13,17.7,ultra_150kw,70.8,bilbao,1,52.87
LZ-EV-005516,21,43.3,slow_7kw,63.8,valencia,1,31.67
LZ-EV-005517,19,71.0,rapid_50kw,52.4,bilbao,0,13.01
LZ-EV-005518,23,43.6,fast_22kw,49.2,murcia,0,26.49
LZ-EV-005519,16,52.7,rapid_50kw,34.2,sevilla,1,15.65
LZ-EV-005520,19,12.0,rapid_50kw,60.6,zaragoza,0,18.3
LZ-EV-005521,22,57.6,rapid_50kw,48.6,murcia,0,20.53
LZ-EV-005522,8,45.8,fast_22kw,58.8,bilbao,0,28.8
LZ-EV-005523,18,38.0,slow_7kw,28.0,sevilla,0,15.16
LZ-EV-005524,21,19.0,slow_7kw,71.8,madrid,0,26.29
LZ-EV-005525,6,10.5,slow_7kw,70.2,bilbao,0,24.77
LZ-EV-005526,21,67.3,slow_7kw,68.3,sevilla,0,21.63
LZ-EV-005527,12,26.1,rapid_50kw,81.0,malaga,0,43.62
LZ-EV-005528,6,40.2,slow_7kw,45.9,bilbao,0,25.61
LZ-EV-005529,3,52.3,ultra_150kw,58.5,zaragoza,0,25.23
LZ-EV-005530,0,28.9,fast_22kw,41.1,valencia,0,21.66
LZ-EV-005531,18,22.0,slow_7kw,69.0,sevilla,0,39.65
LZ-EV-005532,9,47.2,fast_22kw,96.7,valencia,0,41.58
LZ-EV-005533,7,39.8,rapid_50kw,45.7,murcia,0,27.26
LZ-EV-005534,3,80.7,rapid_50kw,67.5,madrid,0,12.04
LZ-EV-005535,13,61.5,rapid_50kw,62.4,zaragoza,1,20.17
LZ-EV-005536,17,40.8,rapid_50kw,68.2,bilbao,0,28.38
LZ-EV-005537,21,45.2,slow_7kw,48.7,barcelona,0,26.92
LZ-EV-005538,23,47.8,slow_7kw,71.8,bilbao,1,37.33
LZ-EV-005539,0,24.5,fast_22kw,74.3,bilbao,1,32.78
LZ-EV-005540,3,49.1,rapid_50kw,54.3,barcelona,0,23.49
LZ-EV-005541,11,33.9,fast_22kw,71.6,barcelona,1,44.33
LZ-EV-005542,8,43.1,slow_7kw,72.9,barcelona,0,38.07
LZ-EV-005543,5,34.8,slow_7kw,70.9,zaragoza,0,23.52
LZ-EV-005544,9,76.0,rapid_50kw,29.8,bilbao,0,6.92
LZ-EV-005545,2,66.0,rapid_50kw,41.3,malaga,0,13.37
LZ-EV-005546,18,69.3,rapid_50kw,75.5,zaragoza,0,20.35
LZ-EV-005547,18,24.3,fast_22kw,52.3,barcelona,1,33.82
LZ-EV-005548,3,20.5,rapid_50kw,64.1,murcia,0,30.5
LZ-EV-005549,20,43.4,slow_7kw,62.6,madrid,0,35.22
LZ-EV-005550,7,2.0,slow_7kw,49.5,murcia,0,46.78
LZ-EV-005551,7,42.5,fast_22kw,67.5,malaga,0,35.71
LZ-EV-005552,0,10.5,fast_22kw,83.6,madrid,1,50.2
LZ-EV-005553,8,63.1,fast_22kw,55.4,madrid,1,20.38
LZ-EV-005554,2,36.5,rapid_50kw,56.8,sevilla,0,19.55
LZ-EV-005555,15,40.9,fast_22kw,60.0,madrid,0,27.29
LZ-EV-005556,21,64.6,fast_22kw,68.7,zaragoza,0,24.54
LZ-EV-005557,15,21.5,fast_22kw,63.9,barcelona,1,47.93
LZ-EV-005558,10,35.4,fast_22kw,61.5,valencia,0,35.52
LZ-EV-005559,20,35.1,fast_22kw,56.7,barcelona,1,35.88
LZ-EV-005560,8,32.5,fast_22kw,58.7,malaga,0,36.61
LZ-EV-005561,16,51.9,slow_7kw,61.6,malaga,0,26.84
LZ-EV-005562,4,40.5,rapid_50kw,53.7,zaragoza,1,27.93
LZ-EV-005563,8,33.9,ultra_150kw,77.7,malaga,0,36.02
LZ-EV-005564,22,28.9,fast_22kw,78.5,zaragoza,0,56.0
LZ-EV-005565,15,28.5,slow_7kw,84.2,sevilla,0,54.18
LZ-EV-005566,7,52.5,slow_7kw,42.7,barcelona,0,18.87
LZ-EV-005567,9,82.5,slow_7kw,73.6,malaga,0,12.39
LZ-EV-005568,4,39.2,slow_7kw,47.2,murcia,1,26.43
LZ-EV-005569,8,42.5,rapid_50kw,61.6,murcia,1,28.69
LZ-EV-005570,3,47.0,slow_7kw,56.7,zaragoza,0,26.62
LZ-EV-005571,12,63.6,rapid_50kw,72.1,madrid,0,25.21
LZ-EV-005572,8,36.8,fast_22kw,59.9,sevilla,0,34.48
LZ-EV-005573,22,23.6,fast_22kw,61.2,malaga,1,32.74
LZ-EV-005574,6,37.0,rapid_50kw,49.1,bilbao,0,14.29
LZ-EV-005575,7,37.3,ultra_150kw,28.0,murcia,0,18.8
LZ-EV-005576,22,72.4,ultra_150kw,59.6,sevilla,0,15.28
LZ-EV-005577,3,2.0,slow_7kw,83.6,madrid,0,36.49
LZ-EV-005578,17,51.0,rapid_50kw,67.2,sevilla,0,17.2
LZ-EV-005579,5,36.4,rapid_50kw,55.9,zaragoza,0,32.62
LZ-EV-005580,16,2.0,rapid_50kw,58.1,barcelona,0,20.68
LZ-EV-005581,3,25.3,fast_22kw,51.1,valencia,0,30.49
LZ-EV-005582,3,54.4,fast_22kw,61.8,sevilla,0,25.75
LZ-EV-005583,5,43.4,fast_22kw,55.4,murcia,0,27.44
LZ-EV-005584,10,2.0,fast_22kw,58.2,valencia,0,55.83
LZ-EV-005585,3,43.1,fast_22kw,80.0,valencia,1,41.07
LZ-EV-005586,23,41.8,fast_22kw,85.0,zaragoza,1,46.45
LZ-EV-005587,5,18.6,slow_7kw,85.9,bilbao,0,60.28
LZ-EV-005588,1,58.3,ultra_150kw,63.8,sevilla,0,23.05
LZ-EV-005589,4,54.3,slow_7kw,87.6,valencia,0,28.63
LZ-EV-005590,23,59.6,slow_7kw,63.8,madrid,0,25.31
LZ-EV-005591,4,55.0,rapid_50kw,95.8,sevilla,0,22.74
LZ-EV-005592,17,48.1,slow_7kw,73.2,madrid,0,36.44
LZ-EV-005593,22,26.8,slow_7kw,47.2,bilbao,0,31.62
LZ-EV-005594,4,51.3,slow_7kw,92.1,sevilla,0,24.43
LZ-EV-005595,8,54.6,fast_22kw,91.6,malaga,0,24.55
LZ-EV-005596,15,19.3,fast_22kw,36.2,madrid,0,27.51
LZ-EV-005597,0,36.7,fast_22kw,28.0,madrid,0,17.21
LZ-EV-005598,4,41.7,slow_7kw,32.2,valencia,0,16.81
LZ-EV-005599,7,62.1,rapid_50kw,62.1,malaga,1,19.75
LZ-EV-005600,22,48.9,fast_22kw,75.1,sevilla,1,27.7
LZ-EV-005601,23,46.1,fast_22kw,29.4,sevilla,1,15.92
LZ-EV-005602,8,16.9,slow_7kw,60.6,valencia,1,48.45
LZ-EV-005603,2,63.9,slow_7kw,59.6,malaga,0,18.86
LZ-EV-005604,16,2.0,rapid_50kw,58.5,madrid,0,52.19
LZ-EV-005605,15,63.6,rapid_50kw,44.8,madrid,0,16.08
LZ-EV-005606,7,68.5,rapid_50kw,41.6,malaga,1,11.24
LZ-EV-005607,1,36.8,rapid_50kw,72.1,valencia,0,41.8
LZ-EV-005608,6,55.1,ultra_150kw,52.2,barcelona,0,22.12
LZ-EV-005609,14,5.3,slow_7kw,46.0,valencia,1,33.78
LZ-EV-005610,7,54.4,slow_7kw,49.1,bilbao,1,21.49
LZ-EV-005611,8,6.3,rapid_50kw,80.3,bilbao,0,21.16
LZ-EV-005612,9,49.5,rapid_50kw,49.3,sevilla,1,15.42
LZ-EV-005613,22,51.2,rapid_50kw,73.8,valencia,0,23.36
LZ-EV-005614,23,46.9,fast_22kw,71.6,valencia,0,31.87
LZ-EV-005615,10,43.0,slow_7kw,66.0,madrid,1,31.08
LZ-EV-005616,6,48.3,fast_22kw,68.1,bilbao,1,33.33
LZ-EV-005617,20,37.3,ultra_150kw,77.3,malaga,0,29.5
LZ-EV-005618,11,67.6,fast_22kw,57.4,madrid,0,16.57
LZ-EV-005619,18,26.6,slow_7kw,96.8,bilbao,0,56.12
LZ-EV-005620,20,48.7,fast_22kw,60.0,madrid,0,28.14
LZ-EV-005621,3,46.6,rapid_50kw,63.8,valencia,0,18.04
LZ-EV-005622,8,71.6,rapid_50kw,60.7,barcelona,0,14.34
LZ-EV-005623,14,42.8,ultra_150kw,54.2,zaragoza,0,29.2
LZ-EV-005624,5,22.0,rapid_50kw,55.3,murcia,1,26.44
LZ-EV-005625,9,49.0,slow_7kw,78.2,murcia,1,30.57
LZ-EV-005626,22,58.5,rapid_50kw,76.8,madrid,0,17.33
LZ-EV-005627,18,46.1,ultra_150kw,74.5,murcia,1,35.09
LZ-EV-005628,15,9.8,slow_7kw,73.1,malaga,1,38.1
LZ-EV-005629,9,19.7,fast_22kw,77.4,valencia,0,43.1
LZ-EV-005630,22,20.5,slow_7kw,52.8,malaga,0,22.91
LZ-EV-005631,16,64.9,fast_22kw,66.6,murcia,0,21.05
LZ-EV-005632,12,17.7,fast_22kw,37.6,valencia,0,29.56
LZ-EV-005633,1,14.4,ultra_150kw,60.0,murcia,0,29.83
LZ-EV-005634,23,23.1,fast_22kw,66.3,zaragoza,0,47.72
LZ-EV-005635,18,26.3,fast_22kw,63.1,sevilla,1,43.37
LZ-EV-005636,20,12.6,fast_22kw,73.2,malaga,1,56.8
LZ-EV-005637,0,40.5,fast_22kw,69.8,bilbao,0,35.21
LZ-EV-005638,13,61.9,slow_7kw,52.9,malaga,1,19.41
LZ-EV-005639,7,2.0,slow_7kw,68.7,madrid,0,30.61
LZ-EV-005640,4,34.4,rapid_50kw,72.3,bilbao,1,33.61
LZ-EV-005641,6,30.8,rapid_50kw,46.8,barcelona,1,30.01
LZ-EV-005642,2,16.8,ultra_150kw,57.4,barcelona,0,39.32
LZ-EV-005643,9,20.8,fast_22kw,57.3,malaga,0,40.69
LZ-EV-005644,12,15.5,slow_7kw,37.0,valencia,1,29.65
LZ-EV-005645,8,32.1,fast_22kw,61.9,madrid,0,38.86
LZ-EV-005646,21,11.7,slow_7kw,49.5,zaragoza,0,29.59
LZ-EV-005647,9,48.4,slow_7kw,72.7,valencia,0,25.52
LZ-EV-005648,7,34.7,fast_22kw,83.7,bilbao,0,42.81
LZ-EV-005649,15,46.7,slow_7kw,60.5,bilbao,0,27.96
LZ-EV-005650,23,24.1,fast_22kw,87.3,murcia,0,34.49
LZ-EV-005651,18,42.1,slow_7kw,66.1,madrid,0,33.24
LZ-EV-005652,10,37.1,rapid_50kw,80.9,barcelona,0,13.82
LZ-EV-005653,22,27.1,rapid_50kw,44.3,madrid,0,19.96
LZ-EV-005654,16,41.6,fast_22kw,58.3,valencia,1,29.51
LZ-EV-005655,23,52.5,ultra_150kw,51.2,bilbao,0,21.11
LZ-EV-005656,2,44.5,slow_7kw,83.3,sevilla,1,31.4
LZ-EV-005657,21,67.5,rapid_50kw,94.4,bilbao,0,18.56
LZ-EV-005658,19,44.2,slow_7kw,44.2,barcelona,0,22.1
LZ-EV-005659,18,28.7,rapid_50kw,70.3,valencia,0,23.84
LZ-EV-005660,18,2.0,ultra_150kw,40.7,bilbao,1,37.03
LZ-EV-005661,3,8.6,slow_7kw,54.8,sevilla,0,47.23
LZ-EV-005662,6,54.0,slow_7kw,71.3,valencia,0,30.6
LZ-EV-005663,9,14.1,ultra_150kw,54.4,barcelona,0,40.97
LZ-EV-005664,7,48.4,fast_22kw,75.5,bilbao,0,23.65
LZ-EV-005665,7,36.6,rapid_50kw,78.9,valencia,1,33.41
LZ-EV-005666,7,30.6,ultra_150kw,89.4,valencia,0,62.96
LZ-EV-005667,18,32.5,rapid_50kw,74.6,madrid,0,21.64
LZ-EV-005668,11,46.0,slow_7kw,67.2,barcelona,0,34.64
LZ-EV-005669,5,52.5,slow_7kw,89.2,madrid,0,20.87
LZ-EV-005670,11,46.2,ultra_150kw,84.5,valencia,1,43.2
LZ-EV-005671,14,48.9,slow_7kw,38.7,madrid,1,18.52
LZ-EV-005672,8,25.0,fast_22kw,57.1,madrid,0,36.16
LZ-EV-005673,15,17.1,rapid_50kw,50.3,sevilla,1,26.88
LZ-EV-005674,18,26.1,fast_22kw,83.3,barcelona,0,51.25
LZ-EV-005675,12,26.6,fast_22kw,45.9,murcia,1,31.55
LZ-EV-005676,12,44.9,fast_22kw,84.0,valencia,0,27.92
LZ-EV-005677,2,30.0,slow_7kw,54.2,malaga,1,38.28
LZ-EV-005678,22,37.1,rapid_50kw,28.0,madrid,0,16.18
LZ-EV-005679,3,31.9,ultra_150kw,53.8,murcia,0,31.8
LZ-EV-005680,8,18.3,fast_22kw,66.6,valencia,1,32.37
LZ-EV-005681,4,58.6,fast_22kw,67.7,bilbao,1,26.87
LZ-EV-005682,3,25.4,slow_7kw,50.0,zaragoza,0,25.85
LZ-EV-005683,15,58.4,slow_7kw,31.0,valencia,0,11.13
LZ-EV-005684,10,2.0,rapid_50kw,47.5,murcia,0,35.84
LZ-EV-005685,16,55.8,slow_7kw,88.3,zaragoza,0,35.77
LZ-EV-005686,18,47.3,slow_7kw,32.3,murcia,1,15.47
LZ-EV-005687,15,59.8,slow_7kw,52.5,malaga,0,20.2
LZ-EV-005688,2,46.5,slow_7kw,53.8,barcelona,0,25.17
LZ-EV-005689,17,34.4,fast_22kw,63.5,zaragoza,0,36.82
LZ-EV-005690,2,20.7,fast_22kw,99.5,madrid,1,52.25
LZ-EV-005691,12,26.9,rapid_50kw,54.8,zaragoza,0,37.38
LZ-EV-005692,15,2.0,fast_22kw,41.8,malaga,0,27.39
LZ-EV-005693,15,23.7,slow_7kw,47.2,zaragoza,0,35.64
LZ-EV-005694,0,20.8,slow_7kw,63.2,bilbao,0,46.95
LZ-EV-005695,22,22.9,fast_22kw,61.0,barcelona,0,38.99
LZ-EV-005696,23,35.4,rapid_50kw,79.3,sevilla,1,33.36
LZ-EV-005697,8,67.2,fast_22kw,66.8,zaragoza,0,18.73
LZ-EV-005698,22,56.6,slow_7kw,60.0,barcelona,0,25.39
LZ-EV-005699,22,2.0,slow_7kw,51.8,bilbao,0,44.45
LZ-EV-005700,2,69.9,fast_22kw,71.5,bilbao,0,18.13
LZ-EV-005701,6,34.3,rapid_50kw,76.1,zaragoza,0,44.28
LZ-EV-005702,17,37.2,fast_22kw,90.9,zaragoza,0,52.66
LZ-EV-005703,2,18.4,ultra_150kw,51.4,barcelona,1,37.92
LZ-EV-005704,14,11.0,rapid_50kw,76.4,murcia,1,18.5
LZ-EV-005705,4,52.0,slow_7kw,61.2,murcia,0,22.88
LZ-EV-005706,9,35.5,slow_7kw,81.8,barcelona,0,54.31
LZ-EV-005707,7,33.4,rapid_50kw,57.1,sevilla,0,19.45
LZ-EV-005708,8,49.4,slow_7kw,88.7,valencia,0,44.22
LZ-EV-005709,6,42.3,slow_7kw,70.2,murcia,0,32.95
LZ-EV-005710,2,11.9,slow_7kw,58.7,bilbao,0,34.28
LZ-EV-005711,0,23.9,slow_7kw,83.1,zaragoza,1,58.76
LZ-EV-005712,10,44.4,fast_22kw,57.0,bilbao,0,26.81
LZ-EV-005713,8,27.8,fast_22kw,84.9,bilbao,0,34.38
LZ-EV-005714,5,74.6,fast_22kw,41.5,sevilla,0,9.38
LZ-EV-005715,0,26.7,fast_22kw,79.5,zaragoza,0,49.93
LZ-EV-005716,12,42.4,fast_22kw,68.9,valencia,0,35.69
LZ-EV-005717,17,4.8,rapid_50kw,50.0,sevilla,0,19.71
LZ-EV-005718,5,39.0,fast_22kw,72.1,barcelona,0,33.42
LZ-EV-005719,1,17.4,fast_22kw,70.8,madrid,0,33.56
LZ-EV-005720,15,52.1,ultra_150kw,62.4,murcia,0,27.48
LZ-EV-005721,5,59.2,slow_7kw,84.0,sevilla,1,30.61
LZ-EV-005722,13,52.0,slow_7kw,66.8,sevilla,1,28.39
LZ-EV-005723,3,9.3,fast_22kw,83.3,madrid,1,38.14
LZ-EV-005724,13,48.0,fast_22kw,48.6,murcia,1,23.54
LZ-EV-005725,17,29.0,rapid_50kw,80.6,sevilla,0,49.08
LZ-EV-005726,9,25.0,fast_22kw,67.2,bilbao,0,43.69
LZ-EV-005727,11,79.3,slow_7kw,50.7,barcelona,0,9.54
LZ-EV-005728,22,47.9,slow_7kw,53.1,malaga,0,24.52
LZ-EV-005729,2,42.8,slow_7kw,49.8,sevilla,0,25.28
LZ-EV-005730,13,47.0,fast_22kw,47.7,malaga,1,19.96
LZ-EV-005731,22,34.7,slow_7kw,77.7,murcia,0,49.34
LZ-EV-005732,8,28.0,fast_22kw,70.2,malaga,0,31.36
LZ-EV-005733,9,15.3,slow_7kw,36.3,valencia,0,29.37
LZ-EV-005734,22,2.0,slow_7kw,59.3,madrid,0,49.99
LZ-EV-005735,19,13.9,rapid_50kw,30.6,zaragoza,0,27.28
LZ-EV-005736,10,21.7,ultra_150kw,52.7,bilbao,0,30.09
LZ-EV-005737,0,60.2,ultra_150kw,39.7,barcelona,0,14.32
LZ-EV-005738,2,31.2,slow_7kw,45.5,barcelona,0,27.88
LZ-EV-005739,3,35.4,fast_22kw,72.4,madrid,0,22.07
LZ-EV-005740,11,41.8,rapid_50kw,66.3,madrid,1,33.53
LZ-EV-005741,12,57.0,ultra_150kw,56.5,malaga,1,22.83
LZ-EV-005742,6,24.9,ultra_150kw,69.0,valencia,0,43.29
LZ-EV-005743,14,2.0,rapid_50kw,63.6,murcia,1,33.16
LZ-EV-005744,17,45.0,fast_22kw,57.4,murcia,0,30.48
LZ-EV-005745,20,60.9,fast_22kw,76.8,madrid,1,25.27
LZ-EV-005746,1,43.6,slow_7kw,69.7,malaga,0,26.19
LZ-EV-005747,13,55.6,ultra_150kw,36.1,sevilla,0,14.81
LZ-EV-005748,16,37.4,fast_22kw,35.7,malaga,0,21.24
LZ-EV-005749,22,49.2,fast_22kw,64.1,barcelona,0,26.85
LZ-EV-005750,16,44.0,slow_7kw,49.7,malaga,0,27.17
LZ-EV-005751,10,20.5,rapid_50kw,29.6,sevilla,0,22.82
LZ-EV-005752,17,13.5,slow_7kw,58.7,valencia,0,28.6
LZ-EV-005753,7,55.4,slow_7kw,71.8,valencia,1,30.1
LZ-EV-005754,11,12.1,slow_7kw,77.3,malaga,0,36.14
LZ-EV-005755,2,68.2,slow_7kw,65.9,zaragoza,0,17.45
LZ-EV-005756,1,44.0,fast_22kw,82.7,sevilla,0,43.89
LZ-EV-005757,18,71.0,ultra_150kw,48.7,bilbao,0,12.15
LZ-EV-005758,22,34.1,fast_22kw,56.4,barcelona,0,41.02
LZ-EV-005759,9,23.0,fast_22kw,79.7,sevilla,0,61.85
LZ-EV-005760,5,45.4,rapid_50kw,71.8,valencia,0,13.9
LZ-EV-005761,15,36.1,rapid_50kw,58.4,murcia,0,32.97
LZ-EV-005762,5,64.7,slow_7kw,75.8,sevilla,0,24.89
LZ-EV-005763,4,28.5,slow_7kw,83.9,malaga,1,40.37
LZ-EV-005764,0,47.6,slow_7kw,72.3,sevilla,1,34.94
LZ-EV-005765,21,46.2,slow_7kw,58.8,bilbao,0,30.4
LZ-EV-005766,6,62.9,ultra_150kw,50.7,barcelona,0,17.57
LZ-EV-005767,1,42.0,slow_7kw,69.1,bilbao,0,35.55
LZ-EV-005768,7,22.8,slow_7kw,42.0,zaragoza,1,28.58
LZ-EV-005769,6,30.6,slow_7kw,76.0,bilbao,1,40.69
LZ-EV-005770,18,46.9,fast_22kw,56.6,valencia,1,29.26
LZ-EV-005771,11,35.4,fast_22kw,58.6,malaga,1,37.81
LZ-EV-005772,0,20.4,slow_7kw,38.4,barcelona,0,28.47
LZ-EV-005773,23,51.4,slow_7kw,73.8,zaragoza,0,31.49
LZ-EV-005774,20,76.3,rapid_50kw,94.0,murcia,1,21.21
LZ-EV-005775,21,48.8,slow_7kw,92.6,murcia,1,33.11
LZ-EV-005776,20,46.6,rapid_50kw,61.0,madrid,0,22.75
LZ-EV-005777,6,13.5,fast_22kw,65.5,valencia,0,50.66
LZ-EV-005778,17,10.2,fast_22kw,68.4,bilbao,0,52.69
LZ-EV-005779,8,53.3,slow_7kw,81.6,malaga,1,36.06
LZ-EV-005780,23,32.4,fast_22kw,75.4,bilbao,0,26.36
LZ-EV-005781,0,17.1,slow_7kw,41.5,valencia,0,27.84
LZ-EV-005782,6,21.0,slow_7kw,54.5,sevilla,0,37.05
LZ-EV-005783,10,38.5,slow_7kw,55.2,zaragoza,1,31.6
LZ-EV-005784,3,67.8,slow_7kw,48.4,murcia,0,14.03
LZ-EV-005785,18,63.7,rapid_50kw,63.4,barcelona,0,21.14
LZ-EV-005786,9,67.7,fast_22kw,82.5,murcia,0,14.47
LZ-EV-005787,9,63.3,fast_22kw,55.3,sevilla,1,20.1
LZ-EV-005788,2,13.7,fast_22kw,48.6,barcelona,0,39.49
LZ-EV-005789,18,52.4,slow_7kw,73.1,murcia,0,23.47
LZ-EV-005790,7,22.9,rapid_50kw,56.7,barcelona,1,18.93
LZ-EV-005791,14,62.0,rapid_50kw,43.4,bilbao,1,15.07
LZ-EV-005792,4,14.1,rapid_50kw,65.4,sevilla,0,15.19
LZ-EV-005793,21,22.7,fast_22kw,64.3,valencia,0,41.53
LZ-EV-005794,21,42.1,fast_22kw,73.2,valencia,0,38.44
LZ-EV-005795,7,2.4,fast_22kw,58.5,barcelona,1,49.56
LZ-EV-005796,21,42.8,slow_7kw,61.1,barcelona,0,31.32
LZ-EV-005797,4,7.9,fast_22kw,55.8,barcelona,1,48.37
LZ-EV-005798,7,33.7,ultra_150kw,68.9,sevilla,0,25.21
LZ-EV-005799,19,48.5,ultra_150kw,43.1,barcelona,1,19.89
LZ-EV-005800,15,28.6,fast_22kw,59.7,sevilla,1,42.04
LZ-EV-005801,11,46.5,slow_7kw,54.4,murcia,0,12.78
LZ-EV-005802,12,43.3,fast_22kw,33.0,madrid,1,16.22
LZ-EV-005803,9,27.6,fast_22kw,50.6,sevilla,0,30.79
LZ-EV-005804,18,37.0,rapid_50kw,58.0,madrid,0,27.79
LZ-EV-005805,19,38.4,fast_22kw,83.1,zaragoza,0,36.99
LZ-EV-005806,8,26.0,rapid_50kw,62.7,bilbao,0,16.62
LZ-EV-005807,1,66.2,ultra_150kw,50.7,sevilla,1,15.68
LZ-EV-005808,12,32.0,fast_22kw,50.6,madrid,0,34.27
LZ-EV-005809,8,42.6,ultra_150kw,61.0,zaragoza,0,33.14
LZ-EV-005810,15,54.6,slow_7kw,59.7,barcelona,1,23.77
LZ-EV-005811,8,50.0,fast_22kw,72.0,valencia,0,35.26
LZ-EV-005812,4,42.0,ultra_150kw,63.1,bilbao,1,31.43
LZ-EV-005813,21,47.9,fast_22kw,34.8,valencia,0,17.31
LZ-EV-005814,19,29.6,slow_7kw,71.0,zaragoza,0,43.85
LZ-EV-005815,13,47.4,slow_7kw,71.1,murcia,0,28.59
LZ-EV-005816,0,55.1,rapid_50kw,61.9,zaragoza,0,25.92
LZ-EV-005817,13,24.6,fast_22kw,49.2,madrid,0,33.83
LZ-EV-005818,23,44.0,rapid_50kw,37.6,bilbao,0,21.36
LZ-EV-005819,2,25.7,rapid_50kw,45.0,bilbao,0,19.87
LZ-EV-005820,12,50.6,ultra_150kw,42.4,zaragoza,0,18.35
LZ-EV-005821,8,6.5,rapid_50kw,61.5,malaga,0,21.45
LZ-EV-005822,3,41.2,slow_7kw,81.3,barcelona,0,49.21
LZ-EV-005823,2,33.8,fast_22kw,78.6,barcelona,0,39.13
LZ-EV-005824,13,49.0,slow_7kw,45.7,barcelona,0,23.18
LZ-EV-005825,2,74.5,slow_7kw,53.9,malaga,1,12.6
LZ-EV-005826,20,21.3,fast_22kw,63.2,madrid,0,40.64
LZ-EV-005827,15,46.1,ultra_150kw,62.6,malaga,0,31.38
LZ-EV-005828,4,17.6,slow_7kw,71.0,zaragoza,0,30.01
LZ-EV-005829,5,43.0,rapid_50kw,49.9,murcia,0,24.28
LZ-EV-005830,14,33.3,fast_22kw,62.3,murcia,1,36.72
LZ-EV-005831,10,45.0,slow_7kw,38.6,valencia,0,19.76
LZ-EV-005832,23,6.0,rapid_50kw,28.0,sevilla,0,21.23
LZ-EV-005833,22,23.3,slow_7kw,74.2,murcia,0,37.07
LZ-EV-005834,14,57.0,slow_7kw,66.9,malaga,0,24.67
LZ-EV-005835,23,48.7,slow_7kw,48.9,bilbao,1,22.42
LZ-EV-005836,9,2.0,rapid_50kw,60.0,murcia,1,37.71
LZ-EV-005837,9,51.1,fast_22kw,38.4,murcia,1,16.51
LZ-EV-005838,16,32.2,fast_22kw,62.5,sevilla,1,37.7
LZ-EV-005839,22,2.0,fast_22kw,56.4,sevilla,0,20.43
LZ-EV-005840,1,24.5,slow_7kw,53.0,zaragoza,0,25.93
LZ-EV-005841,0,48.8,fast_22kw,49.4,sevilla,0,23.07
LZ-EV-005842,16,49.5,fast_22kw,93.3,murcia,1,40.07
LZ-EV-005843,13,44.4,fast_22kw,78.8,murcia,0,35.07
LZ-EV-005844,12,10.5,fast_22kw,53.7,zaragoza,0,30.24
LZ-EV-005845,1,36.9,slow_7kw,64.1,valencia,0,38.31
LZ-EV-005846,12,25.1,rapid_50kw,67.6,sevilla,0,32.16
LZ-EV-005847,21,10.5,rapid_50kw,68.2,zaragoza,0,31.39
LZ-EV-005848,14,41.5,fast_22kw,68.7,malaga,1,39.79
LZ-EV-005849,22,31.8,slow_7kw,55.9,barcelona,0,26.92
LZ-EV-005850,18,60.7,rapid_50kw,44.6,madrid,0,15.81
LZ-EV-005851,22,46.7,rapid_50kw,88.5,sevilla,0,27.15
LZ-EV-005852,13,55.6,rapid_50kw,61.7,barcelona,0,18.57
LZ-EV-005853,1,38.8,rapid_50kw,81.8,madrid,0,20.38
LZ-EV-005854,9,21.7,rapid_50kw,60.1,barcelona,0,18.3
LZ-EV-005855,15,40.7,rapid_50kw,69.9,zaragoza,0,18.74
LZ-EV-005856,23,40.1,slow_7kw,67.1,zaragoza,0,19.98
LZ-EV-005857,12,55.3,fast_22kw,66.4,murcia,1,25.7
LZ-EV-005858,2,87.6,slow_7kw,59.0,bilbao,0,6.73
LZ-EV-005859,20,47.1,rapid_50kw,62.1,zaragoza,0,26.71
LZ-EV-005860,8,33.7,rapid_50kw,62.9,valencia,0,16.05
LZ-EV-005861,20,65.1,fast_22kw,56.4,murcia,0,19.24
LZ-EV-005862,20,35.0,slow_7kw,53.9,sevilla,0,32.82
LZ-EV-005863,15,49.9,rapid_50kw,68.8,valencia,0,32.51
LZ-EV-005864,3,7.8,rapid_50kw,76.7,murcia,0,17.77
LZ-EV-005865,8,53.4,rapid_50kw,88.2,barcelona,1,31.31
LZ-EV-005866,22,40.4,fast_22kw,71.7,bilbao,0,33.17
LZ-EV-005867,5,63.7,fast_22kw,50.6,barcelona,0,16.29
LZ-EV-005868,17,28.2,fast_22kw,69.3,barcelona,0,31.35
LZ-EV-005869,14,66.5,fast_22kw,72.0,bilbao,0,22.79
LZ-EV-005870,11,46.7,rapid_50kw,76.1,murcia,0,16.62
LZ-EV-005871,13,66.6,rapid_50kw,71.4,zaragoza,0,20.09
LZ-EV-005872,7,53.9,fast_22kw,70.3,barcelona,0,28.99
LZ-EV-005873,1,60.6,ultra_150kw,74.5,madrid,0,29.75
LZ-EV-005874,11,37.0,slow_7kw,48.0,sevilla,0,26.69
LZ-EV-005875,12,56.2,slow_7kw,70.5,malaga,0,25.05
LZ-EV-005876,10,17.6,rapid_50kw,40.8,malaga,0,11.81
LZ-EV-005877,6,25.3,fast_22kw,84.2,valencia,1,31.22
LZ-EV-005878,1,41.7,slow_7kw,61.8,madrid,0,22.9
LZ-EV-005879,8,27.8,ultra_150kw,64.7,barcelona,1,40.88
LZ-EV-005880,14,60.6,slow_7kw,62.0,madrid,1,23.57
LZ-EV-005881,19,46.2,ultra_150kw,68.7,madrid,1,35.3
LZ-EV-005882,6,37.3,slow_7kw,86.3,madrid,1,30.16
LZ-EV-005883,10,36.9,fast_22kw,50.9,sevilla,0,31.13
LZ-EV-005884,18,26.1,slow_7kw,58.4,barcelona,0,31.03
LZ-EV-005885,19,29.9,slow_7kw,71.6,sevilla,0,39.87
LZ-EV-005886,15,27.2,rapid_50kw,39.9,barcelona,1,24.56
LZ-EV-005887,7,51.1,slow_7kw,66.8,murcia,0,28.6
LZ-EV-005888,8,27.1,slow_7kw,44.9,barcelona,0,30.07
LZ-EV-005889,6,46.7,rapid_50kw,52.5,madrid,0,27.79
LZ-EV-005890,11,58.0,slow_7kw,73.8,bilbao,0,26.88
LZ-EV-005891,9,46.4,fast_22kw,57.9,malaga,0,28.83
LZ-EV-005892,3,52.5,ultra_150kw,81.6,valencia,0,37.23
LZ-EV-005893,3,54.4,fast_22kw,64.7,sevilla,0,27.76
LZ-EV-005894,15,23.0,fast_22kw,54.5,barcelona,1,41.65
LZ-EV-005895,14,20.5,ultra_150kw,57.9,barcelona,0,45.51
LZ-EV-005896,10,54.5,fast_22kw,81.8,zaragoza,0,36.87
LZ-EV-005897,8,28.6,fast_22kw,72.6,bilbao,0,33.92
LZ-EV-005898,6,36.8,slow_7kw,53.7,valencia,0,30.79
LZ-EV-005899,6,27.3,slow_7kw,46.5,malaga,0,26.3
LZ-EV-005900,3,54.1,fast_22kw,78.0,barcelona,0,34.47
LZ-EV-005901,1,40.6,slow_7kw,59.1,murcia,0,35.19
LZ-EV-005902,3,63.5,slow_7kw,50.0,murcia,0,17.18
LZ-EV-005903,16,2.0,slow_7kw,72.5,malaga,0,57.85
LZ-EV-005904,0,47.1,slow_7kw,28.0,bilbao,0,12.13
LZ-EV-005905,4,38.7,fast_22kw,92.5,madrid,0,38.43
LZ-EV-005906,16,2.0,fast_22kw,54.8,zaragoza,0,36.0
LZ-EV-005907,5,36.6,fast_22kw,61.0,madrid,1,32.63
LZ-EV-005908,16,27.1,rapid_50kw,60.1,barcelona,0,19.63
LZ-EV-005909,9,33.1,fast_22kw,79.7,barcelona,1,30.98
LZ-EV-005910,7,60.2,ultra_150kw,75.3,valencia,0,19.41
LZ-EV-005911,21,39.5,slow_7kw,63.6,zaragoza,0,32.59
LZ-EV-005912,13,37.9,rapid_50kw,80.7,zaragoza,1,32.19
LZ-EV-005913,5,28.8,slow_7kw,58.3,malaga,0,25.82
LZ-EV-005914,10,72.5,rapid_50kw,62.7,bilbao,1,12.9
LZ-EV-005915,1,47.9,rapid_50kw,37.2,barcelona,0,18.04
LZ-EV-005916,13,66.7,rapid_50kw,35.6,valencia,0,11.14
LZ-EV-005917,10,24.5,fast_22kw,69.2,zaragoza,0,29.89
LZ-EV-005918,14,23.6,slow_7kw,62.8,barcelona,0,20.09
LZ-EV-005919,15,42.3,ultra_150kw,34.5,zaragoza,1,20.51
LZ-EV-005920,4,61.9,rapid_50kw,58.6,sevilla,0,20.02
LZ-EV-005921,4,71.7,slow_7kw,77.3,bilbao,0,21.66
LZ-EV-005922,3,24.4,slow_7kw,44.9,bilbao,0,27.82
LZ-EV-005923,10,43.3,ultra_150kw,44.1,sevilla,0,22.72
LZ-EV-005924,13,28.4,fast_22kw,38.6,bilbao,0,27.52
LZ-EV-005925,14,44.1,slow_7kw,63.4,malaga,0,32.64
LZ-EV-005926,5,30.7,fast_22kw,65.7,murcia,1,43.8
LZ-EV-005927,9,62.7,fast_22kw,53.5,sevilla,0,16.65
LZ-EV-005928,0,23.0,slow_7kw,49.5,zaragoza,0,28.86
LZ-EV-005929,3,16.3,slow_7kw,55.8,malaga,1,42.07
LZ-EV-005930,12,47.7,slow_7kw,46.7,zaragoza,0,22.66
LZ-EV-005931,3,16.7,rapid_50kw,72.8,murcia,0,21.62
LZ-EV-005932,7,17.3,slow_7kw,70.8,sevilla,1,20.74
LZ-EV-005933,4,35.9,fast_22kw,39.9,zaragoza,0,22.79
LZ-EV-005934,5,57.9,ultra_150kw,65.8,sevilla,1,26.65
LZ-EV-005935,18,43.7,fast_22kw,47.5,murcia,1,24.05
LZ-EV-005936,18,39.1,rapid_50kw,53.0,sevilla,1,15.57
LZ-EV-005937,18,18.9,slow_7kw,70.2,madrid,0,26.52
LZ-EV-005938,15,44.0,slow_7kw,48.9,barcelona,0,25.45
LZ-EV-005939,13,39.0,fast_22kw,56.7,murcia,0,32.6
LZ-EV-005940,15,47.0,ultra_150kw,68.0,sevilla,1,35.29
LZ-EV-005941,4,27.7,fast_22kw,44.3,bilbao,1,23.56
LZ-EV-005942,22,2.0,fast_22kw,46.4,sevilla,0,41.31
LZ-EV-005943,13,41.5,slow_7kw,56.0,malaga,1,29.76
LZ-EV-005944,10,28.6,slow_7kw,28.0,bilbao,1,17.41
LZ-EV-005945,2,6.9,slow_7kw,51.0,barcelona,0,25.6
LZ-EV-005946,1,43.5,rapid_50kw,28.0,valencia,0,13.98
LZ-EV-005947,4,32.8,fast_22kw,59.4,barcelona,0,37.18
LZ-EV-005948,16,61.7,fast_22kw,52.1,malaga,0,17.2
LZ-EV-005949,15,57.6,fast_22kw,63.7,valencia,0,24.49
LZ-EV-005950,1,34.1,slow_7kw,78.0,sevilla,0,46.79
LZ-EV-005951,15,20.6,ultra_150kw,62.3,sevilla,1,27.96
LZ-EV-005952,10,34.3,slow_7kw,49.8,bilbao,0,28.62
LZ-EV-005953,21,31.0,ultra_150kw,31.1,valencia,0,20.41
LZ-EV-005954,4,65.6,rapid_50kw,81.0,bilbao,1,19.23
LZ-EV-005955,14,35.1,slow_7kw,65.9,malaga,1,40.58
LZ-EV-005956,16,61.6,fast_22kw,75.4,madrid,1,23.94
LZ-EV-005957,15,25.0,fast_22kw,83.4,murcia,1,37.35
LZ-EV-005958,18,50.4,fast_22kw,70.1,bilbao,1,32.04
LZ-EV-005959,7,23.9,fast_22kw,61.2,malaga,0,26.24
LZ-EV-005960,3,59.5,rapid_50kw,68.3,barcelona,0,24.82
LZ-EV-005961,20,56.8,fast_22kw,49.7,zaragoza,1,20.26
LZ-EV-005962,22,57.9,ultra_150kw,65.3,bilbao,1,26.9
LZ-EV-005963,3,30.1,rapid_50kw,48.4,murcia,0,30.03
LZ-EV-005964,23,42.4,fast_22kw,88.6,malaga,0,43.65
LZ-EV-005965,22,42.2,slow_7kw,57.9,bilbao,0,22.81
LZ-EV-005966,16,64.4,slow_7kw,81.0,madrid,0,29.21
LZ-EV-005967,13,57.2,rapid_50kw,64.2,madrid,0,23.98
LZ-EV-005968,6,52.0,ultra_150kw,28.0,valencia,1,13.21
LZ-EV-005969,3,23.6,slow_7kw,61.0,malaga,0,49.3
LZ-EV-005970,19,36.9,slow_7kw,64.6,murcia,0,33.35
LZ-EV-005971,9,35.2,fast_22kw,57.8,valencia,0,29.87
LZ-EV-005972,9,83.5,rapid_50kw,52.9,barcelona,0,7.67
LZ-EV-005973,19,17.2,slow_7kw,57.8,barcelona,1,40.26
LZ-EV-005974,20,31.3,fast_22kw,43.8,murcia,0,27.47
LZ-EV-005975,3,26.2,fast_22kw,51.1,zaragoza,0,37.72
LZ-EV-005976,13,49.0,slow_7kw,33.3,zaragoza,0,16.64
LZ-EV-005977,3,21.6,slow_7kw,59.3,zaragoza,0,46.62
LZ-EV-005978,8,30.8,fast_22kw,86.2,malaga,0,54.22
LZ-EV-005979,14,37.9,slow_7kw,73.7,bilbao,0,37.89
LZ-EV-005980,20,45.5,slow_7kw,42.7,murcia,0,19.48
LZ-EV-005981,4,10.9,fast_22kw,51.4,barcelona,0,38.31
LZ-EV-005982,23,15.7,rapid_50kw,56.0,barcelona,0,23.09
LZ-EV-005983,8,41.6,rapid_50kw,69.5,valencia,0,27.31
LZ-EV-005984,18,34.4,rapid_50kw,58.3,zaragoza,0,22.26
LZ-EV-005985,2,58.3,slow_7kw,64.5,malaga,0,24.94
LZ-EV-005986,23,77.8,rapid_50kw,57.4,zaragoza,0,11.84
LZ-EV-005987,4,12.5,ultra_150kw,48.9,zaragoza,0,38.09
LZ-EV-005988,12,37.5,rapid_50kw,61.4,malaga,0,17.48
LZ-EV-005989,20,47.0,fast_22kw,58.8,malaga,0,30.63
LZ-EV-005990,17,37.7,rapid_50kw,83.8,madrid,0,29.63
LZ-EV-005991,2,10.2,slow_7kw,64.5,malaga,0,43.71
LZ-EV-005992,22,43.5,fast_22kw,71.0,malaga,0,38.64
LZ-EV-005993,4,35.4,slow_7kw,60.4,murcia,0,39.32
LZ-EV-005994,18,53.5,slow_7kw,41.5,valencia,1,19.28
LZ-EV-005995,18,48.8,fast_22kw,88.4,sevilla,0,39.49
LZ-EV-005996,6,83.7,slow_7kw,73.6,barcelona,0,9.79
LZ-EV-005997,19,60.0,fast_22kw,46.4,bilbao,0,21.07
LZ-EV-005998,7,52.8,fast_22kw,43.4,malaga,1,17.77
LZ-EV-005999,13,50.9,fast_22kw,64.5,zaragoza,0,28.04
LZ-EV-006000,16,29.6,fast_22kw,54.9,malaga,0,36.35
LZ-EV-006001,9,21.8,fast_22kw,65.1,malaga,1,30.28
LZ-EV-006002,15,26.1,fast_22kw,46.0,murcia,0,33.28
LZ-EV-006003,3,63.6,fast_22kw,45.3,murcia,0,15.07
LZ-EV-006004,14,47.1,fast_22kw,61.3,valencia,0,30.49
LZ-EV-006005,22,27.2,rapid_50kw,49.2,sevilla,0,33.97
LZ-EV-006006,14,25.9,slow_7kw,73.7,zaragoza,1,49.66
LZ-EV-006007,16,19.0,fast_22kw,43.4,bilbao,0,22.36
LZ-EV-006008,17,56.7,fast_22kw,95.2,zaragoza,0,39.58
LZ-EV-006009,16,52.3,ultra_150kw,48.3,zaragoza,1,20.99
LZ-EV-006010,3,19.5,rapid_50kw,40.9,bilbao,0,27.29
LZ-EV-006011,18,31.3,rapid_50kw,47.7,zaragoza,0,26.68
LZ-EV-006012,18,49.6,ultra_150kw,57.6,zaragoza,0,25.53
LZ-EV-006013,12,17.5,slow_7kw,76.9,murcia,0,44.15
LZ-EV-006014,11,29.8,slow_7kw,65.0,barcelona,1,40.86
LZ-EV-006015,18,60.2,slow_7kw,58.2,murcia,0,20.66
LZ-EV-006016,15,58.0,fast_22kw,67.9,murcia,0,25.4
LZ-EV-006017,15,76.9,slow_7kw,73.0,valencia,0,15.16
LZ-EV-006018,8,17.4,slow_7kw,34.9,malaga,1,27.62
LZ-EV-006019,20,46.4,rapid_50kw,51.3,bilbao,0,25.57
LZ-EV-006020,17,37.6,ultra_150kw,47.0,sevilla,1,25.42
LZ-EV-006021,23,31.1,fast_22kw,66.2,barcelona,0,38.29
LZ-EV-006022,10,32.8,fast_22kw,45.5,zaragoza,0,26.19
LZ-EV-006023,22,30.3,rapid_50kw,63.7,barcelona,0,23.19
LZ-EV-006024,19,29.0,rapid_50kw,67.4,bilbao,0,13.22
LZ-EV-006025,0,48.3,fast_22kw,48.3,barcelona,0,21.45
LZ-EV-006026,0,34.5,rapid_50kw,73.5,malaga,0,38.88
LZ-EV-006027,3,32.7,rapid_50kw,57.4,zaragoza,1,19.34
LZ-EV-006028,0,58.4,fast_22kw,49.4,barcelona,0,18.55
LZ-EV-006029,11,45.7,fast_22kw,67.3,valencia,0,24.21
LZ-EV-006030,8,25.9,slow_7kw,75.9,barcelona,1,34.93
LZ-EV-006031,2,42.0,fast_22kw,73.8,bilbao,0,40.5
LZ-EV-006032,22,21.3,slow_7kw,52.3,zaragoza,1,37.85
LZ-EV-006033,8,26.6,ultra_150kw,49.0,murcia,0,35.97
LZ-EV-006034,11,17.6,rapid_50kw,101.9,madrid,0,21.8
LZ-EV-006035,17,45.3,slow_7kw,61.9,zaragoza,1,30.6
LZ-EV-006036,1,50.3,ultra_150kw,78.4,zaragoza,0,18.85
LZ-EV-006037,8,25.9,fast_22kw,65.2,barcelona,1,43.54
LZ-EV-006038,10,2.0,rapid_50kw,70.6,malaga,0,17.25
LZ-EV-006039,19,32.4,slow_7kw,29.4,murcia,1,16.95
LZ-EV-006040,7,41.0,fast_22kw,76.9,madrid,0,38.44
LZ-EV-006041,22,35.5,fast_22kw,69.4,malaga,0,34.94
LZ-EV-006042,9,44.4,slow_7kw,66.5,barcelona,0,34.86
LZ-EV-006043,8,24.7,slow_7kw,42.2,bilbao,1,29.69
LZ-EV-006044,0,71.8,slow_7kw,72.3,barcelona,1,18.04
LZ-EV-006045,20,32.7,rapid_50kw,80.6,zaragoza,0,27.31
LZ-EV-006046,4,73.9,fast_22kw,81.8,zaragoza,1,18.39
LZ-EV-006047,19,45.0,rapid_50kw,46.8,madrid,0,22.5
LZ-EV-006048,15,36.3,rapid_50kw,63.7,bilbao,0,35.36
LZ-EV-006049,0,29.4,rapid_50kw,67.6,murcia,1,25.29
LZ-EV-006050,7,55.2,fast_22kw,80.0,bilbao,0,33.19
LZ-EV-006051,3,24.7,slow_7kw,52.1,madrid,1,34.92
LZ-EV-006052,10,58.4,slow_7kw,56.9,zaragoza,0,20.7
LZ-EV-006053,2,38.9,ultra_150kw,58.9,madrid,0,33.77
LZ-EV-006054,12,23.7,rapid_50kw,81.6,sevilla,1,58.3
LZ-EV-006055,14,58.3,fast_22kw,59.3,sevilla,1,13.82
LZ-EV-006056,3,2.5,fast_22kw,53.9,zaragoza,0,40.52
LZ-EV-006057,19,49.4,ultra_150kw,70.8,malaga,0,35.42
LZ-EV-006058,12,68.1,slow_7kw,36.0,valencia,0,9.69
LZ-EV-006059,3,22.4,rapid_50kw,70.5,sevilla,0,32.28
LZ-EV-006060,3,4.2,slow_7kw,74.9,bilbao,0,32.31
LZ-EV-006061,23,47.1,fast_22kw,48.2,madrid,1,24.41
LZ-EV-006062,13,30.5,ultra_150kw,42.7,malaga,1,26.01
LZ-EV-006063,13,35.8,fast_22kw,51.2,barcelona,0,33.44
LZ-EV-006064,1,6.1,slow_7kw,50.9,murcia,0,40.71
LZ-EV-006065,13,23.5,rapid_50kw,79.9,valencia,0,24.42
LZ-EV-006066,12,14.0,rapid_50kw,44.1,zaragoza,0,26.71
LZ-EV-006067,5,44.3,fast_22kw,78.9,barcelona,1,41.43
LZ-EV-006068,19,33.9,fast_22kw,62.4,bilbao,1,34.59
LZ-EV-006069,22,3.8,ultra_150kw,40.7,sevilla,0,38.76
LZ-EV-006070,3,45.6,slow_7kw,70.7,murcia,0,31.13
LZ-EV-006071,10,51.1,slow_7kw,50.8,barcelona,1,24.71
LZ-EV-006072,15,71.5,ultra_150kw,92.5,madrid,0,24.37
LZ-EV-006073,10,41.3,rapid_50kw,85.3,bilbao,1,32.06
LZ-EV-006074,17,24.8,slow_7kw,60.7,valencia,0,40.9
LZ-EV-006075,17,23.6,slow_7kw,64.6,madrid,0,12.58
LZ-EV-006076,22,59.6,rapid_50kw,82.2,zaragoza,1,12.54
LZ-EV-006077,0,15.2,slow_7kw,49.4,malaga,0,36.89
LZ-EV-006078,9,22.8,fast_22kw,52.2,malaga,1,38.9
LZ-EV-006079,5,31.1,fast_22kw,50.8,barcelona,1,33.05
LZ-EV-006080,9,57.7,rapid_50kw,63.5,barcelona,0,26.51
LZ-EV-006081,16,46.1,slow_7kw,96.3,zaragoza,0,18.11
LZ-EV-006082,22,24.3,fast_22kw,95.3,bilbao,0,37.71
LZ-EV-006083,8,64.0,rapid_50kw,71.6,zaragoza,0,24.39
LZ-EV-006084,14,37.0,slow_7kw,57.5,malaga,1,24.87
LZ-EV-006085,13,25.8,rapid_50kw,38.0,barcelona,0,23.61
LZ-EV-006086,2,52.0,slow_7kw,56.6,zaragoza,0,25.59
LZ-EV-006087,14,51.2,ultra_150kw,57.7,bilbao,0,28.7
LZ-EV-006088,5,40.9,ultra_150kw,77.3,barcelona,0,32.07
LZ-EV-006089,19,11.4,slow_7kw,62.0,valencia,1,28.73
LZ-EV-006090,0,35.0,slow_7kw,70.5,madrid,0,43.97
LZ-EV-006091,11,41.7,slow_7kw,37.7,murcia,0,19.4
LZ-EV-006092,4,40.8,fast_22kw,77.5,bilbao,0,40.73
LZ-EV-006093,3,17.0,fast_22kw,60.0,madrid,0,28.26
LZ-EV-006094,12,45.7,fast_22kw,30.7,barcelona,1,14.91
LZ-EV-006095,22,16.2,slow_7kw,50.7,zaragoza,0,38.33
LZ-EV-006096,13,74.7,rapid_50kw,64.7,malaga,1,12.64
LZ-EV-006097,14,54.2,rapid_50kw,69.8,murcia,0,15.82
LZ-EV-006098,0,28.2,rapid_50kw,69.8,malaga,1,50.51
LZ-EV-006099,8,37.9,slow_7kw,59.3,malaga,1,33.85
LZ-EV-006100,23,41.1,fast_22kw,68.7,zaragoza,0,38.49
LZ-EV-006101,1,48.4,fast_22kw,73.1,zaragoza,0,32.59
LZ-EV-006102,17,59.9,ultra_150kw,58.0,bilbao,0,22.29
LZ-EV-006103,23,25.2,rapid_50kw,61.9,barcelona,1,38.81
LZ-EV-006104,4,37.8,slow_7kw,38.9,sevilla,0,23.57
LZ-EV-006105,5,6.2,slow_7kw,62.8,barcelona,0,58.29
LZ-EV-006106,15,43.8,fast_22kw,31.4,zaragoza,0,16.28
LZ-EV-006107,13,31.7,rapid_50kw,101.2,zaragoza,0,26.58
LZ-EV-006108,18,33.5,fast_22kw,81.6,bilbao,0,31.66
LZ-EV-006109,9,9.9,slow_7kw,62.6,bilbao,1,43.59
LZ-EV-006110,3,25.9,fast_22kw,66.5,sevilla,1,34.46
LZ-EV-006111,0,25.7,fast_22kw,42.9,bilbao,0,34.15
LZ-EV-006112,18,60.3,rapid_50kw,56.5,bilbao,0,20.46
LZ-EV-006113,7,27.5,slow_7kw,53.6,bilbao,0,19.84
LZ-EV-006114,8,41.7,slow_7kw,60.0,zaragoza,0,31.21
LZ-EV-006115,11,55.3,slow_7kw,40.1,bilbao,0,15.39
LZ-EV-006116,9,57.7,slow_7kw,64.4,sevilla,0,27.99
LZ-EV-006117,19,24.4,fast_22kw,49.4,zaragoza,0,35.53
LZ-EV-006118,19,33.1,rapid_50kw,54.2,zaragoza,1,32.31
LZ-EV-006119,13,37.0,rapid_50kw,56.9,barcelona,0,16.61
LZ-EV-006120,13,36.3,rapid_50kw,50.2,zaragoza,0,28.62
LZ-EV-006121,2,64.3,rapid_50kw,67.6,malaga,0,21.37
LZ-EV-006122,13,66.8,fast_22kw,83.1,malaga,0,26.16
LZ-EV-006123,13,73.4,rapid_50kw,74.3,madrid,0,18.6
LZ-EV-006124,3,17.4,slow_7kw,66.0,barcelona,0,43.55
LZ-EV-006125,15,53.3,fast_22kw,56.3,bilbao,0,22.87
LZ-EV-006126,0,2.0,slow_7kw,52.8,barcelona,0,35.02
LZ-EV-006127,22,33.9,fast_22kw,94.2,malaga,0,59.04
LZ-EV-006128,17,48.2,slow_7kw,38.5,madrid,0,18.5
LZ-EV-006129,12,31.1,slow_7kw,60.6,barcelona,1,38.72
LZ-EV-006130,8,34.7,fast_22kw,39.6,sevilla,1,24.26
LZ-EV-006131,21,40.4,slow_7kw,28.0,zaragoza,0,15.25
LZ-EV-006132,17,57.9,fast_22kw,66.8,bilbao,1,23.9
LZ-EV-006133,21,2.0,fast_22kw,57.8,valencia,0,18.54
LZ-EV-006134,18,32.3,slow_7kw,42.7,murcia,0,28.73
LZ-EV-006135,20,27.6,slow_7kw,28.0,sevilla,1,17.06
LZ-EV-006136,18,21.1,slow_7kw,47.6,sevilla,0,26.15
LZ-EV-006137,1,35.2,fast_22kw,45.0,sevilla,1,30.31
LZ-EV-006138,3,40.3,fast_22kw,51.4,malaga,0,28.3
LZ-EV-006139,11,23.1,slow_7kw,60.5,murcia,0,23.28
LZ-EV-006140,5,32.1,fast_22kw,64.7,bilbao,0,29.12
LZ-EV-006141,16,41.5,fast_22kw,51.1,madrid,0,30.54
LZ-EV-006142,16,16.7,slow_7kw,65.3,valencia,0,14.19
LZ-EV-006143,13,40.0,slow_7kw,47.5,madrid,0,27.67
LZ-EV-006144,14,36.5,fast_22kw,41.4,bilbao,0,24.76
LZ-EV-006145,13,38.5,slow_7kw,69.3,sevilla,0,20.16
LZ-EV-006146,7,52.4,fast_22kw,50.0,bilbao,0,20.66
LZ-EV-006147,20,41.0,fast_22kw,51.1,valencia,0,31.39
LZ-EV-006148,5,63.6,slow_7kw,86.9,malaga,0,26.02
LZ-EV-006149,8,57.0,fast_22kw,47.5,sevilla,0,18.27
LZ-EV-006150,0,37.7,rapid_50kw,65.5,murcia,0,26.82
LZ-EV-006151,11,47.9,fast_22kw,42.9,madrid,0,21.94
LZ-EV-006152,9,24.1,fast_22kw,28.0,murcia,0,20.4
LZ-EV-006153,5,26.0,slow_7kw,67.1,bilbao,1,45.94
LZ-EV-006154,11,38.1,slow_7kw,74.7,valencia,1,40.13
LZ-EV-006155,23,43.3,slow_7kw,82.7,sevilla,0,39.07
LZ-EV-006156,16,28.6,fast_22kw,91.3,bilbao,1,20.49
LZ-EV-006157,17,66.2,rapid_50kw,50.8,malaga,0,16.69
LZ-EV-006158,22,2.7,ultra_150kw,77.8,madrid,1,47.27
LZ-EV-006159,10,49.9,slow_7kw,91.3,valencia,1,24.22
LZ-EV-006160,18,41.0,ultra_150kw,56.2,sevilla,0,33.12
LZ-EV-006161,13,67.9,ultra_150kw,91.3,murcia,0,22.98
LZ-EV-006162,3,28.2,rapid_50kw,62.5,barcelona,0,30.43
LZ-EV-006163,16,4.7,slow_7kw,62.3,zaragoza,1,35.9
LZ-EV-006164,16,69.4,fast_22kw,63.7,barcelona,0,17.02
LZ-EV-006165,14,27.0,rapid_50kw,88.0,sevilla,1,20.48
LZ-EV-006166,23,56.7,rapid_50kw,57.7,valencia,0,23.5
LZ-EV-006167,15,14.9,fast_22kw,103.9,valencia,1,60.89
LZ-EV-006168,5,20.3,slow_7kw,37.9,sevilla,1,26.52
LZ-EV-006169,18,42.7,fast_22kw,53.6,bilbao,1,28.05
LZ-EV-006170,6,48.1,slow_7kw,61.3,malaga,1,23.41
LZ-EV-006171,12,57.5,fast_22kw,48.6,bilbao,0,15.18
LZ-EV-006172,9,31.2,slow_7kw,65.7,murcia,0,32.06
LZ-EV-006173,1,73.2,slow_7kw,58.6,malaga,0,14.62
LZ-EV-006174,10,44.1,slow_7kw,81.4,murcia,0,31.2
LZ-EV-006175,2,19.4,ultra_150kw,65.4,sevilla,0,35.07
LZ-EV-006176,14,17.4,fast_22kw,73.1,bilbao,1,30.28
LZ-EV-006177,6,27.5,fast_22kw,48.2,bilbao,1,22.26
LZ-EV-006178,18,64.9,rapid_50kw,65.7,valencia,0,20.75
LZ-EV-006179,3,42.7,slow_7kw,64.5,valencia,1,33.89
LZ-EV-006180,19,56.5,fast_22kw,71.9,malaga,1,29.05
LZ-EV-006181,2,2.0,fast_22kw,65.6,madrid,0,43.64
LZ-EV-006182,20,25.2,fast_22kw,66.0,malaga,0,31.65
LZ-EV-006183,4,53.2,slow_7kw,64.9,madrid,0,27.36
LZ-EV-006184,10,77.9,slow_7kw,84.5,madrid,1,17.89
LZ-EV-006185,15,79.0,fast_22kw,60.2,murcia,0,12.47
LZ-EV-006186,10,58.9,fast_22kw,42.8,sevilla,1,15.38
LZ-EV-006187,7,17.6,ultra_150kw,64.2,bilbao,0,34.47
LZ-EV-006188,11,42.1,slow_7kw,75.7,madrid,1,43.32
LZ-EV-006189,21,20.6,rapid_50kw,92.5,valencia,0,37.08
LZ-EV-006190,12,31.0,slow_7kw,73.3,zaragoza,1,44.54
LZ-EV-006191,2,66.9,fast_22kw,56.9,malaga,1,17.31
LZ-EV-006192,13,54.2,slow_7kw,58.8,malaga,1,25.64
LZ-EV-006193,1,29.5,ultra_150kw,55.5,valencia,0,32.41
LZ-EV-006194,12,48.9,slow_7kw,55.8,murcia,0,24.32
LZ-EV-006195,1,72.0,rapid_50kw,38.8,malaga,0,10.26
LZ-EV-006196,8,54.7,slow_7kw,50.8,murcia,0,20.63
LZ-EV-006197,5,56.9,fast_22kw,64.9,murcia,0,28.18
LZ-EV-006198,2,45.0,fast_22kw,75.3,malaga,0,38.92
LZ-EV-006199,18,33.2,slow_7kw,93.1,valencia,1,28.28
LZ-EV-006200,2,69.6,fast_22kw,68.3,barcelona,1,18.01
LZ-EV-006201,21,41.2,slow_7kw,74.5,barcelona,0,22.31
LZ-EV-006202,10,45.8,slow_7kw,66.2,zaragoza,1,31.74
LZ-EV-006203,0,29.5,fast_22kw,55.0,madrid,1,26.35
LZ-EV-006204,17,21.9,fast_22kw,51.0,zaragoza,0,40.88
LZ-EV-006205,13,53.0,slow_7kw,66.6,barcelona,1,27.35
LZ-EV-006206,6,35.4,fast_22kw,28.0,sevilla,0,17.26
LZ-EV-006207,2,79.1,slow_7kw,50.5,murcia,0,10.8
LZ-EV-006208,2,33.2,ultra_150kw,63.0,valencia,1,33.79
LZ-EV-006209,4,16.2,slow_7kw,83.7,valencia,0,70.08
LZ-EV-006210,6,47.4,rapid_50kw,73.0,valencia,0,36.0
LZ-EV-006211,10,42.2,rapid_50kw,81.1,bilbao,1,33.73
LZ-EV-006212,12,79.2,fast_22kw,80.3,barcelona,0,16.57
LZ-EV-006213,22,43.4,fast_22kw,73.0,valencia,0,27.85
LZ-EV-006214,1,47.7,slow_7kw,84.0,malaga,0,40.82
LZ-EV-006215,22,62.5,ultra_150kw,53.0,valencia,0,17.24
LZ-EV-006216,11,45.8,slow_7kw,60.8,madrid,1,31.23
LZ-EV-006217,21,2.0,ultra_150kw,87.0,murcia,0,44.27
LZ-EV-006218,18,20.4,fast_22kw,79.2,zaragoza,0,42.34
LZ-EV-006219,1,25.2,ultra_150kw,55.6,malaga,0,33.85
LZ-EV-006220,9,22.7,slow_7kw,64.2,zaragoza,0,39.45
LZ-EV-006221,4,14.4,fast_22kw,28.0,madrid,0,22.12
LZ-EV-006222,17,29.6,slow_7kw,78.2,madrid,0,30.36
LZ-EV-006223,11,76.5,fast_22kw,90.7,bilbao,1,18.62
LZ-EV-006224,22,37.8,slow_7kw,39.9,zaragoza,0,22.47
LZ-EV-006225,18,10.2,ultra_150kw,61.5,valencia,0,36.8
LZ-EV-006226,1,53.5,fast_22kw,71.6,murcia,0,32.02
LZ-EV-006227,13,2.4,slow_7kw,65.9,zaragoza,0,41.83
LZ-EV-006228,2,12.8,ultra_150kw,100.1,barcelona,0,24.8
LZ-EV-006229,10,50.2,slow_7kw,79.6,zaragoza,0,34.75
LZ-EV-006230,16,27.1,slow_7kw,47.9,zaragoza,1,30.18
LZ-EV-006231,0,60.3,fast_22kw,51.9,valencia,0,18.78
LZ-EV-006232,12,35.5,rapid_50kw,73.3,sevilla,0,33.54
LZ-EV-006233,10,27.5,fast_22kw,60.6,bilbao,0,37.55
LZ-EV-006234,0,37.7,rapid_50kw,48.7,murcia,0,26.48
LZ-EV-006235,7,31.8,fast_22kw,53.4,valencia,1,31.64
LZ-EV-006236,2,77.2,fast_22kw,64.8,zaragoza,0,13.4
LZ-EV-006237,6,19.1,slow_7kw,64.7,sevilla,0,35.62
LZ-EV-006238,1,53.2,slow_7kw,38.0,zaragoza,1,17.17
LZ-EV-006239,0,33.3,slow_7kw,44.3,bilbao,0,29.94
LZ-EV-006240,19,60.6,fast_22kw,74.2,malaga,0,28.84
LZ-EV-006241,23,58.9,fast_22kw,77.6,madrid,0,27.8
LZ-EV-006242,5,28.4,ultra_150kw,64.7,valencia,0,44.03
LZ-EV-006243,10,23.1,slow_7kw,37.0,madrid,0,25.52
LZ-EV-006244,8,53.2,slow_7kw,89.6,barcelona,0,24.04
LZ-EV-006245,19,24.4,slow_7kw,43.6,malaga,0,29.04
LZ-EV-006246,14,5.4,fast_22kw,39.2,barcelona,0,31.07
LZ-EV-006247,6,50.1,fast_22kw,44.4,madrid,1,21.8
LZ-EV-006248,3,28.6,slow_7kw,45.6,madrid,0,27.51
LZ-EV-006249,1,56.2,ultra_150kw,66.6,barcelona,0,27.13
LZ-EV-006250,15,51.3,fast_22kw,79.9,valencia,0,19.68
LZ-EV-006251,6,55.2,rapid_50kw,84.1,malaga,1,32.56
LZ-EV-006252,6,78.6,slow_7kw,62.0,barcelona,0,11.08
LZ-EV-006253,15,16.5,slow_7kw,58.8,valencia,0,44.81
LZ-EV-006254,12,60.7,fast_22kw,42.3,bilbao,1,14.61
LZ-EV-006255,9,52.3,rapid_50kw,54.8,murcia,1,14.2
LZ-EV-006256,14,34.6,slow_7kw,51.0,murcia,0,23.73
LZ-EV-006257,20,26.4,fast_22kw,32.5,sevilla,0,20.61
LZ-EV-006258,22,34.4,fast_22kw,78.5,malaga,0,48.77
LZ-EV-006259,16,25.2,fast_22kw,69.2,valencia,0,43.87
LZ-EV-006260,21,28.5,slow_7kw,80.6,sevilla,0,38.65
LZ-EV-006261,3,53.2,slow_7kw,62.5,madrid,1,28.29
LZ-EV-006262,18,59.8,slow_7kw,99.5,sevilla,0,28.07
LZ-EV-006263,3,49.0,rapid_50kw,56.1,murcia,0,20.34
LZ-EV-006264,17,54.8,slow_7kw,70.2,zaragoza,0,26.88
LZ-EV-006265,11,43.3,fast_22kw,53.1,madrid,1,27.99
LZ-EV-006266,11,19.1,fast_22kw,35.9,barcelona,0,22.52
LZ-EV-006267,11,4.6,slow_7kw,57.2,zaragoza,0,49.04
LZ-EV-006268,3,7.8,slow_7kw,61.6,madrid,0,28.03
LZ-EV-006269,19,44.5,fast_22kw,83.3,valencia,1,39.37
LZ-EV-006270,15,49.5,fast_22kw,39.4,murcia,0,18.99
LZ-EV-006271,20,13.7,slow_7kw,54.9,sevilla,0,41.25
LZ-EV-006272,23,33.4,fast_22kw,50.1,malaga,0,31.49
LZ-EV-006273,8,40.6,slow_7kw,60.4,barcelona,0,31.42
LZ-EV-006274,8,24.8,slow_7kw,61.2,sevilla,0,43.88
LZ-EV-006275,5,39.2,fast_22kw,56.7,bilbao,0,31.09
LZ-EV-006276,10,16.3,fast_22kw,72.8,barcelona,0,46.76
LZ-EV-006277,6,13.0,slow_7kw,61.1,sevilla,0,41.26
LZ-EV-006278,8,64.5,fast_22kw,55.4,sevilla,0,20.13
LZ-EV-006279,9,29.6,ultra_150kw,67.6,madrid,1,45.68
LZ-EV-006280,5,2.0,slow_7kw,94.9,malaga,1,27.49
LZ-EV-006281,11,28.5,slow_7kw,64.2,barcelona,1,39.74
LZ-EV-006282,5,28.9,fast_22kw,56.0,malaga,1,37.28
LZ-EV-006283,10,49.9,rapid_50kw,69.8,barcelona,0,17.36
LZ-EV-006284,15,2.0,slow_7kw,54.9,barcelona,0,20.61
LZ-EV-006285,8,33.4,fast_22kw,39.0,zaragoza,0,24.48
LZ-EV-006286,19,40.2,rapid_50kw,63.6,murcia,0,35.04
LZ-EV-006287,4,70.6,fast_22kw,104.9,murcia,1,26.29
LZ-EV-006288,14,33.8,slow_7kw,64.0,bilbao,0,36.2
LZ-EV-006289,18,18.7,fast_22kw,62.2,zaragoza,1,45.53
LZ-EV-006290,9,32.8,slow_7kw,38.7,zaragoza,0,25.03
LZ-EV-006291,2,36.3,slow_7kw,56.9,barcelona,0,36.73
LZ-EV-006292,17,52.4,fast_22kw,84.9,murcia,1,32.34
LZ-EV-006293,16,63.0,rapid_50kw,61.5,zaragoza,1,23.04
LZ-EV-006294,16,37.7,slow_7kw,78.3,zaragoza,1,40.89
LZ-EV-006295,8,68.3,fast_22kw,58.5,zaragoza,1,16.98
LZ-EV-006296,13,45.8,ultra_150kw,67.9,zaragoza,0,19.27
LZ-EV-006297,12,51.8,fast_22kw,60.1,sevilla,0,19.34
LZ-EV-006298,3,43.7,rapid_50kw,51.4,sevilla,0,27.69
LZ-EV-006299,21,53.2,fast_22kw,59.6,valencia,1,23.37
LZ-EV-006300,23,20.0,ultra_150kw,77.8,sevilla,1,41.16
LZ-EV-006301,21,63.0,fast_22kw,73.4,murcia,0,24.93
LZ-EV-006302,0,13.5,ultra_150kw,62.7,valencia,1,39.76
LZ-EV-006303,5,37.4,slow_7kw,58.7,malaga,0,26.96
LZ-EV-006304,1,50.5,fast_22kw,82.5,valencia,0,15.47
LZ-EV-006305,2,14.8,rapid_50kw,55.2,sevilla,1,42.52
LZ-EV-006306,6,54.2,fast_22kw,49.7,valencia,0,21.79
LZ-EV-006307,0,67.5,rapid_50kw,61.7,madrid,0,17.13
LZ-EV-006308,7,40.9,ultra_150kw,54.6,malaga,0,29.75
LZ-EV-006309,8,37.6,ultra_150kw,28.0,bilbao,0,16.47
LZ-EV-006310,3,36.5,fast_22kw,48.4,valencia,0,20.76
LZ-EV-006311,13,35.6,slow_7kw,34.5,zaragoza,0,18.53
LZ-EV-006312,20,59.8,fast_22kw,61.5,madrid,1,23.38
LZ-EV-006313,23,29.7,fast_22kw,69.8,sevilla,0,33.49
LZ-EV-006314,1,63.2,rapid_50kw,39.6,barcelona,1,14.7
LZ-EV-006315,11,20.6,fast_22kw,78.3,sevilla,1,49.44
LZ-EV-006316,20,25.4,rapid_50kw,64.4,barcelona,0,32.57
LZ-EV-006317,23,12.6,slow_7kw,28.0,madrid,0,22.13
LZ-EV-006318,12,47.4,ultra_150kw,73.5,bilbao,0,34.11
LZ-EV-006319,22,35.5,fast_22kw,75.9,zaragoza,0,31.08
LZ-EV-006320,12,60.4,slow_7kw,55.8,murcia,0,19.7
LZ-EV-006321,7,20.3,slow_7kw,52.7,madrid,1,38.04
LZ-EV-006322,3,26.4,slow_7kw,48.0,sevilla,0,29.74
LZ-EV-006323,11,47.1,slow_7kw,51.9,murcia,0,24.41
LZ-EV-006324,6,18.0,ultra_150kw,75.6,sevilla,1,45.65
LZ-EV-006325,7,42.6,slow_7kw,35.7,sevilla,1,17.59
LZ-EV-006326,8,15.0,slow_7kw,98.1,bilbao,0,51.41
LZ-EV-006327,9,57.1,rapid_50kw,83.4,sevilla,1,27.75
LZ-EV-006328,2,37.4,slow_7kw,72.7,bilbao,1,42.26
LZ-EV-006329,13,47.7,slow_7kw,66.5,barcelona,1,32.1
LZ-EV-006330,7,38.4,fast_22kw,75.0,murcia,0,45.51
LZ-EV-006331,2,51.9,fast_22kw,78.3,malaga,0,33.1
LZ-EV-006332,23,15.7,rapid_50kw,46.4,malaga,0,20.9
LZ-EV-006333,0,45.0,slow_7kw,87.6,barcelona,0,28.05
LZ-EV-006334,14,57.2,fast_22kw,64.8,zaragoza,0,29.01
LZ-EV-006335,13,24.5,rapid_50kw,76.1,madrid,1,45.8
LZ-EV-006336,20,39.8,fast_22kw,72.6,sevilla,0,43.55
LZ-EV-006337,22,46.0,fast_22kw,44.2,bilbao,0,22.92
LZ-EV-006338,7,27.7,fast_22kw,62.5,malaga,0,39.07
LZ-EV-006339,7,69.3,fast_22kw,55.1,zaragoza,0,17.53
LZ-EV-006340,9,48.4,rapid_50kw,53.9,sevilla,0,26.59
LZ-EV-006341,21,28.6,fast_22kw,85.2,murcia,0,51.72
LZ-EV-006342,18,2.0,fast_22kw,70.7,valencia,1,56.25
LZ-EV-006343,3,46.8,fast_22kw,73.4,madrid,1,33.1
LZ-EV-006344,22,24.4,slow_7kw,40.9,valencia,0,27.54
LZ-EV-006345,2,55.5,ultra_150kw,47.6,malaga,0,18.26
LZ-EV-006346,21,23.1,slow_7kw,74.7,zaragoza,0,31.43
LZ-EV-006347,13,63.8,fast_22kw,75.1,malaga,0,24.49
LZ-EV-006348,14,22.6,fast_22kw,61.7,murcia,0,20.85
LZ-EV-006349,17,17.3,fast_22kw,37.5,valencia,0,28.75
LZ-EV-006350,16,23.1,fast_22kw,74.4,valencia,0,32.73
LZ-EV-006351,10,19.7,rapid_50kw,77.8,barcelona,0,28.79
LZ-EV-006352,20,10.8,fast_22kw,64.3,bilbao,1,44.87
LZ-EV-006353,18,40.6,slow_7kw,45.8,murcia,1,25.92
LZ-EV-006354,22,9.1,slow_7kw,54.8,zaragoza,1,49.97
LZ-EV-006355,20,53.7,slow_7kw,29.6,barcelona,0,13.42
LZ-EV-006356,3,41.5,fast_22kw,86.9,barcelona,1,41.15
LZ-EV-006357,9,30.0,slow_7kw,63.5,malaga,0,38.71
LZ-EV-006358,22,35.8,slow_7kw,45.8,malaga,0,26.32
LZ-EV-006359,7,8.2,slow_7kw,53.8,murcia,0,27.4
LZ-EV-006360,22,31.1,rapid_50kw,58.4,valencia,0,38.01
LZ-EV-006361,0,49.6,rapid_50kw,46.6,barcelona,0,22.14
LZ-EV-006362,2,55.1,ultra_150kw,39.3,madrid,1,15.74
LZ-EV-006363,16,31.9,slow_7kw,48.6,sevilla,0,30.15
LZ-EV-006364,6,40.5,fast_22kw,60.9,murcia,0,33.23
LZ-EV-006365,8,22.7,slow_7kw,53.7,zaragoza,0,35.65
LZ-EV-006366,9,37.5,fast_22kw,28.0,barcelona,0,14.9
LZ-EV-006367,11,47.6,fast_22kw,52.2,madrid,0,24.14
LZ-EV-006368,16,32.8,slow_7kw,82.0,barcelona,0,31.13
LZ-EV-006369,3,44.8,slow_7kw,78.5,bilbao,0,43.85
LZ-EV-006370,2,8.6,fast_22kw,36.9,madrid,1,33.51
LZ-EV-006371,2,53.9,slow_7kw,73.4,bilbao,0,31.69
LZ-EV-006372,17,40.5,fast_22kw,73.1,bilbao,1,22.5
LZ-EV-006373,23,52.3,rapid_50kw,58.3,barcelona,1,22.54
LZ-EV-006374,16,20.2,ultra_150kw,29.7,bilbao,1,22.92
LZ-EV-006375,12,30.5,fast_22kw,72.4,madrid,0,47.81
LZ-EV-006376,10,29.2,rapid_50kw,70.1,bilbao,1,12.23
LZ-EV-006377,18,68.7,slow_7kw,68.7,sevilla,0,19.62
LZ-EV-006378,1,45.5,fast_22kw,54.5,zaragoza,1,26.24
LZ-EV-006379,22,28.9,fast_22kw,57.0,madrid,0,23.3
LZ-EV-006380,10,40.3,fast_22kw,70.8,sevilla,0,38.64
LZ-EV-006381,21,49.4,fast_22kw,44.5,bilbao,0,21.2
LZ-EV-006382,9,12.1,fast_22kw,91.1,madrid,1,71.52
LZ-EV-006383,12,49.9,fast_22kw,67.4,bilbao,0,23.59
LZ-EV-006384,5,45.1,rapid_50kw,74.8,sevilla,0,38.31
LZ-EV-006385,2,59.6,rapid_50kw,52.2,barcelona,0,20.15
LZ-EV-006386,19,22.2,slow_7kw,55.6,barcelona,1,45.59
LZ-EV-006387,6,10.5,fast_22kw,76.8,sevilla,0,33.37
LZ-EV-006388,15,41.8,ultra_150kw,55.5,murcia,0,30.07
LZ-EV-006389,13,34.5,rapid_50kw,74.4,barcelona,0,20.83
LZ-EV-006390,4,32.2,fast_22kw,57.1,zaragoza,0,31.89
LZ-EV-006391,0,14.9,slow_7kw,66.9,valencia,0,38.43
LZ-EV-006392,13,54.9,fast_22kw,77.4,madrid,0,33.14
LZ-EV-006393,17,53.3,rapid_50kw,76.3,murcia,1,22.69
LZ-EV-006394,23,25.7,rapid_50kw,61.3,madrid,0,26.5
LZ-EV-006395,15,51.2,fast_22kw,44.6,bilbao,1,18.85
LZ-EV-006396,1,28.6,slow_7kw,63.9,malaga,1,46.36
LZ-EV-006397,0,50.6,rapid_50kw,70.2,zaragoza,0,14.27
LZ-EV-006398,13,14.3,fast_22kw,68.7,murcia,1,32.62
LZ-EV-006399,4,22.4,fast_22kw,76.1,zaragoza,0,55.96
LZ-EV-006400,4,24.1,slow_7kw,60.7,sevilla,0,29.42
LZ-EV-006401,19,56.0,slow_7kw,45.7,barcelona,1,21.17
LZ-EV-006402,6,72.6,fast_22kw,64.5,zaragoza,0,15.61
LZ-EV-006403,0,39.8,slow_7kw,66.9,sevilla,0,36.92
LZ-EV-006404,19,46.7,rapid_50kw,59.7,malaga,1,27.75
LZ-EV-006405,23,19.3,fast_22kw,68.4,valencia,0,36.44
LZ-EV-006406,7,53.1,rapid_50kw,63.7,barcelona,0,16.71
LZ-EV-006407,3,58.7,slow_7kw,52.3,valencia,0,19.6
LZ-EV-006408,20,32.2,ultra_150kw,39.7,madrid,0,25.56
LZ-EV-006409,3,27.1,slow_7kw,33.3,valencia,1,21.47
LZ-EV-006410,18,2.0,rapid_50kw,45.0,barcelona,1,32.86
LZ-EV-006411,11,47.2,fast_22kw,53.5,sevilla,0,23.32
LZ-EV-006412,13,23.8,fast_22kw,85.9,barcelona,1,29.24
LZ-EV-006413,1,66.8,slow_7kw,62.0,barcelona,0,18.42
LZ-EV-006414,21,33.2,fast_22kw,79.4,barcelona,0,25.14
LZ-EV-006415,12,59.3,rapid_50kw,82.0,bilbao,1,30.7
LZ-EV-006416,17,51.5,fast_22kw,48.6,madrid,1,22.62
LZ-EV-006417,23,74.7,slow_7kw,36.6,malaga,0,8.26
LZ-EV-006418,21,33.9,rapid_50kw,64.9,bilbao,0,38.23
LZ-EV-006419,8,53.1,rapid_50kw,96.6,madrid,0,18.7
LZ-EV-006420,22,44.9,fast_22kw,79.7,sevilla,0,28.62
LZ-EV-006421,8,74.1,slow_7kw,61.8,madrid,0,14.89
LZ-EV-006422,15,34.3,slow_7kw,70.1,bilbao,1,29.76
LZ-EV-006423,13,54.6,ultra_150kw,66.9,valencia,0,28.38
LZ-EV-006424,1,52.7,fast_22kw,73.1,bilbao,1,36.09
LZ-EV-006425,11,60.3,slow_7kw,40.3,sevilla,1,14.33
LZ-EV-006426,19,45.0,rapid_50kw,54.8,madrid,1,16.26
LZ-EV-006427,21,77.8,slow_7kw,55.8,murcia,1,11.76
LZ-EV-006428,23,35.2,fast_22kw,82.2,bilbao,0,31.13
LZ-EV-006429,16,26.8,ultra_150kw,44.0,barcelona,0,29.27
LZ-EV-006430,4,63.0,slow_7kw,93.2,malaga,0,26.88
LZ-EV-006431,8,63.4,slow_7kw,60.0,madrid,0,18.84
LZ-EV-006432,15,65.5,slow_7kw,58.6,madrid,1,18.55
LZ-EV-006433,4,52.0,fast_22kw,77.3,malaga,0,35.18
LZ-EV-006434,12,17.8,slow_7kw,64.7,zaragoza,1,31.98
LZ-EV-006435,3,40.2,slow_7kw,55.1,zaragoza,0,30.09
LZ-EV-006436,3,34.4,slow_7kw,69.7,valencia,0,42.36
LZ-EV-006437,16,28.8,slow_7kw,56.5,madrid,0,25.28
LZ-EV-006438,17,57.7,rapid_50kw,49.6,bilbao,0,19.57
LZ-EV-006439,10,63.5,slow_7kw,61.6,bilbao,0,21.36
LZ-EV-006440,16,40.4,slow_7kw,67.0,sevilla,0,32.51
LZ-EV-006441,0,47.2,slow_7kw,66.8,zaragoza,1,32.75
LZ-EV-006442,4,71.8,fast_22kw,71.2,valencia,0,17.68
LZ-EV-006443,21,20.7,slow_7kw,55.9,valencia,0,37.44
LZ-EV-006444,11,42.6,rapid_50kw,43.8,malaga,0,19.57
LZ-EV-006445,8,69.5,ultra_150kw,73.1,sevilla,0,20.56
LZ-EV-006446,0,9.1,rapid_50kw,84.5,murcia,1,22.74
LZ-EV-006447,14,21.3,slow_7kw,66.5,zaragoza,0,26.6
LZ-EV-006448,22,59.3,fast_22kw,43.3,valencia,0,17.61
LZ-EV-006449,13,43.9,slow_7kw,73.0,sevilla,0,34.28
LZ-EV-006450,21,30.2,rapid_50kw,52.9,madrid,0,31.21
LZ-EV-006451,17,29.2,fast_22kw,64.0,valencia,0,24.12
LZ-EV-006452,22,44.7,slow_7kw,42.8,bilbao,0,22.0
LZ-EV-006453,3,28.9,ultra_150kw,74.7,sevilla,0,36.84
LZ-EV-006454,13,26.3,rapid_50kw,65.7,valencia,0,40.28
LZ-EV-006455,21,40.4,slow_7kw,91.8,valencia,0,33.23
LZ-EV-006456,15,43.1,fast_22kw,56.9,murcia,1,29.09
LZ-EV-006457,10,49.2,rapid_50kw,67.9,barcelona,1,18.63
LZ-EV-006458,12,36.3,fast_22kw,64.4,malaga,0,34.01
LZ-EV-006459,11,33.6,slow_7kw,67.3,sevilla,1,45.37
LZ-EV-006460,17,64.3,slow_7kw,52.6,sevilla,1,17.84
LZ-EV-006461,14,28.7,rapid_50kw,47.4,zaragoza,0,27.41
LZ-EV-006462,18,30.7,fast_22kw,44.0,madrid,0,29.06
LZ-EV-006463,4,50.4,fast_22kw,77.7,sevilla,1,33.66
LZ-EV-006464,18,53.8,rapid_50kw,79.9,malaga,0,13.77
LZ-EV-006465,20,9.5,slow_7kw,35.2,murcia,1,29.19
LZ-EV-006466,7,29.2,rapid_50kw,73.2,malaga,0,22.43
LZ-EV-006467,0,61.9,slow_7kw,80.2,zaragoza,0,29.42
LZ-EV-006468,18,50.2,slow_7kw,64.2,madrid,1,27.87
LZ-EV-006469,14,42.7,slow_7kw,52.8,zaragoza,0,26.93
LZ-EV-006470,2,47.4,slow_7kw,70.5,malaga,1,36.54
LZ-EV-006471,7,25.3,rapid_50kw,31.9,barcelona,0,22.0
LZ-EV-006472,18,40.5,slow_7kw,32.0,malaga,0,19.96
LZ-EV-006473,11,14.8,slow_7kw,47.3,barcelona,1,29.98
LZ-EV-006474,21,36.8,rapid_50kw,74.1,malaga,1,26.27
LZ-EV-006475,19,42.1,slow_7kw,56.8,valencia,0,30.95
LZ-EV-006476,20,44.0,fast_22kw,61.8,bilbao,0,32.4
LZ-EV-006477,9,2.0,fast_22kw,55.4,madrid,0,24.07
LZ-EV-006478,16,36.9,slow_7kw,60.2,malaga,1,33.8
LZ-EV-006479,4,44.3,fast_22kw,38.6,malaga,0,19.7
LZ-EV-006480,15,27.4,fast_22kw,28.0,valencia,0,19.65
LZ-EV-006481,13,28.2,ultra_150kw,58.9,malaga,0,41.81
LZ-EV-006482,2,67.9,fast_22kw,62.8,murcia,1,16.09
LZ-EV-006483,19,31.5,slow_7kw,62.0,bilbao,0,39.06
LZ-EV-006484,14,52.4,slow_7kw,48.1,sevilla,0,20.9
LZ-EV-006485,0,46.2,ultra_150kw,94.1,murcia,0,47.51
LZ-EV-006486,16,30.1,ultra_150kw,71.9,bilbao,0,43.65
LZ-EV-006487,14,39.4,slow_7kw,95.7,bilbao,0,42.71
LZ-EV-006488,5,26.8,fast_22kw,66.4,barcelona,0,47.81
LZ-EV-006489,13,22.6,fast_22kw,66.1,sevilla,0,43.52
LZ-EV-006490,22,56.2,fast_22kw,61.3,zaragoza,0,17.17
LZ-EV-006491,11,32.1,fast_22kw,73.0,bilbao,0,45.96
LZ-EV-006492,3,56.9,slow_7kw,71.7,zaragoza,0,18.14
LZ-EV-006493,19,41.8,fast_22kw,44.3,valencia,0,23.72
LZ-EV-006494,1,29.3,slow_7kw,77.8,madrid,0,53.15
LZ-EV-006495,2,45.3,fast_22kw,86.2,sevilla,1,36.78
LZ-EV-006496,16,48.7,fast_22kw,79.5,madrid,1,36.42
LZ-EV-006497,8,52.9,rapid_50kw,51.9,madrid,0,19.8
LZ-EV-006498,19,60.8,fast_22kw,54.3,madrid,1,18.02
LZ-EV-006499,9,15.5,ultra_150kw,96.3,barcelona,0,49.85
LZ-EV-006500,4,31.5,slow_7kw,61.7,valencia,0,37.24
LZ-EV-006501,3,34.4,slow_7kw,83.6,zaragoza,0,43.33
LZ-EV-006502,23,20.9,fast_22kw,85.0,barcelona,0,64.52
LZ-EV-006503,3,50.7,fast_22kw,67.7,sevilla,1,27.57
LZ-EV-006504,5,26.6,fast_22kw,77.1,barcelona,1,41.81
LZ-EV-006505,23,36.3,slow_7kw,42.8,bilbao,1,24.86
LZ-EV-006506,2,32.4,fast_22kw,68.4,zaragoza,0,22.69
LZ-EV-006507,22,53.2,fast_22kw,94.5,sevilla,1,25.75
LZ-EV-006508,12,44.8,slow_7kw,98.4,murcia,0,31.46
LZ-EV-006509,18,47.8,rapid_50kw,69.9,madrid,0,38.4
LZ-EV-006510,22,49.7,fast_22kw,63.5,valencia,0,28.82
LZ-EV-006511,13,20.8,fast_22kw,50.3,murcia,0,37.09
LZ-EV-006512,21,59.1,slow_7kw,76.3,bilbao,1,29.36
LZ-EV-006513,18,54.1,ultra_150kw,46.9,malaga,0,19.25
LZ-EV-006514,21,78.9,slow_7kw,62.7,murcia,0,11.19
LZ-EV-006515,14,35.3,rapid_50kw,57.6,murcia,1,35.43
LZ-EV-006516,4,37.4,ultra_150kw,72.8,murcia,0,38.9
LZ-EV-006517,18,42.8,fast_22kw,56.9,zaragoza,1,21.31
LZ-EV-006518,13,15.5,fast_22kw,56.0,zaragoza,1,20.94
LZ-EV-006519,6,63.2,rapid_50kw,52.9,sevilla,0,17.83
LZ-EV-006520,5,23.4,fast_22kw,48.0,madrid,0,25.87
LZ-EV-006521,8,40.3,slow_7kw,80.7,sevilla,0,32.55
LZ-EV-006522,0,29.8,fast_22kw,61.7,zaragoza,0,28.85
LZ-EV-006523,5,24.5,fast_22kw,90.2,malaga,1,34.01
LZ-EV-006524,2,27.8,fast_22kw,60.5,sevilla,0,39.97
LZ-EV-006525,4,55.2,fast_22kw,76.5,madrid,0,22.51
LZ-EV-006526,2,69.1,fast_22kw,52.6,valencia,0,14.05
LZ-EV-006527,16,45.5,rapid_50kw,59.3,zaragoza,1,24.8
LZ-EV-006528,21,48.6,slow_7kw,81.2,sevilla,0,40.84
LZ-EV-006529,8,64.2,slow_7kw,60.8,barcelona,0,22.49
LZ-EV-006530,15,21.0,slow_7kw,87.2,zaragoza,0,53.11
LZ-EV-006531,18,48.6,rapid_50kw,83.0,murcia,1,41.69
LZ-EV-006532,10,30.5,rapid_50kw,65.8,valencia,1,29.66
LZ-EV-006533,7,34.2,ultra_150kw,46.4,murcia,1,27.37
LZ-EV-006534,10,58.7,slow_7kw,62.3,zaragoza,0,23.09
LZ-EV-006535,8,33.4,slow_7kw,51.1,madrid,1,33.95
LZ-EV-006536,18,78.8,slow_7kw,42.4,bilbao,0,9.43
LZ-EV-006537,10,35.6,fast_22kw,52.5,sevilla,1,27.94
LZ-EV-006538,14,18.4,fast_22kw,28.0,sevilla,1,19.37
LZ-EV-006539,5,36.1,slow_7kw,102.9,bilbao,0,56.98
LZ-EV-006540,12,34.4,slow_7kw,72.1,zaragoza,0,40.35
LZ-EV-006541,22,39.5,slow_7kw,89.3,murcia,0,38.11
LZ-EV-006542,23,13.0,slow_7kw,28.0,sevilla,0,22.82
LZ-EV-006543,10,28.0,fast_22kw,86.1,zaragoza,1,52.17
LZ-EV-006544,10,45.1,slow_7kw,55.5,valencia,1,29.18
LZ-EV-006545,16,27.7,fast_22kw,42.1,sevilla,1,29.43
LZ-EV-006546,11,38.8,slow_7kw,93.7,sevilla,0,34.05
LZ-EV-006547,8,38.7,slow_7kw,59.1,barcelona,1,31.06
LZ-EV-006548,8,7.8,fast_22kw,63.2,sevilla,0,38.69
LZ-EV-006549,8,51.6,ultra_150kw,39.2,bilbao,0,18.62
LZ-EV-006550,15,25.3,fast_22kw,69.9,madrid,0,26.86
LZ-EV-006551,16,16.3,rapid_50kw,52.2,malaga,0,34.5
LZ-EV-006552,15,11.0,slow_7kw,40.6,malaga,0,33.76
LZ-EV-006553,18,44.8,slow_7kw,72.6,sevilla,0,31.22
LZ-EV-006554,22,29.0,slow_7kw,46.7,zaragoza,0,32.34
LZ-EV-006555,15,48.9,fast_22kw,59.6,bilbao,1,26.49
LZ-EV-006556,1,57.8,fast_22kw,51.2,valencia,0,19.92
LZ-EV-006557,3,37.6,slow_7kw,97.6,zaragoza,1,61.87
LZ-EV-006558,0,73.6,slow_7kw,86.3,valencia,0,21.11
LZ-EV-006559,20,57.1,slow_7kw,49.8,zaragoza,1,20.27
LZ-EV-006560,0,20.0,fast_22kw,54.1,madrid,0,36.37
LZ-EV-006561,19,7.2,slow_7kw,58.9,murcia,0,28.82
LZ-EV-006562,20,51.2,slow_7kw,67.6,valencia,0,32.36
LZ-EV-006563,15,37.2,slow_7kw,48.6,madrid,0,26.06
LZ-EV-006564,21,53.3,slow_7kw,32.1,murcia,0,14.31
LZ-EV-006565,20,35.5,rapid_50kw,73.8,madrid,0,31.26
LZ-EV-006566,21,25.9,slow_7kw,53.3,murcia,0,34.2
LZ-EV-006567,16,22.1,rapid_50kw,67.9,madrid,1,30.94
LZ-EV-006568,13,29.8,slow_7kw,53.1,sevilla,0,32.2
LZ-EV-006569,8,53.2,rapid_50kw,34.1,malaga,0,14.87
LZ-EV-006570,7,52.9,rapid_50kw,67.7,sevilla,1,28.86
LZ-EV-006571,8,35.8,slow_7kw,58.0,sevilla,1,34.88
LZ-EV-006572,17,63.1,slow_7kw,40.7,malaga,0,13.6
LZ-EV-006573,8,7.9,fast_22kw,56.9,barcelona,0,48.85
LZ-EV-006574,14,20.3,slow_7kw,36.7,malaga,1,26.63
LZ-EV-006575,17,51.0,slow_7kw,67.1,sevilla,0,30.18
LZ-EV-006576,22,27.9,fast_22kw,46.1,madrid,0,32.57
LZ-EV-006577,15,26.5,ultra_150kw,47.2,malaga,1,29.05
LZ-EV-006578,20,49.8,rapid_50kw,61.3,barcelona,0,24.28
LZ-EV-006579,15,69.4,fast_22kw,49.5,madrid,1,11.78
LZ-EV-006580,16,37.4,slow_7kw,38.0,barcelona,0,20.65
LZ-EV-006581,9,36.4,slow_7kw,58.7,sevilla,0,34.29
LZ-EV-006582,21,61.0,ultra_150kw,55.3,valencia,0,16.5
LZ-EV-006583,21,30.3,rapid_50kw,45.5,murcia,1,24.07
LZ-EV-006584,10,11.2,ultra_150kw,81.8,sevilla,1,32.81
LZ-EV-006585,13,54.6,rapid_50kw,50.4,zaragoza,0,22.22
LZ-EV-006586,14,28.0,fast_22kw,67.4,valencia,0,43.16
LZ-EV-006587,9,40.2,fast_22kw,54.7,zaragoza,0,33.07
LZ-EV-006588,10,48.5,slow_7kw,67.5,valencia,1,25.54
LZ-EV-006589,19,43.0,rapid_50kw,50.4,valencia,0,18.05
LZ-EV-006590,8,50.8,fast_22kw,58.6,valencia,1,26.66
LZ-EV-006591,3,66.8,fast_22kw,68.0,zaragoza,0,21.01
LZ-EV-006592,14,34.8,fast_22kw,74.2,zaragoza,0,29.88
LZ-EV-006593,10,68.4,ultra_150kw,47.9,zaragoza,0,14.15
LZ-EV-006594,23,17.4,rapid_50kw,55.1,barcelona,0,18.18
LZ-EV-006595,6,35.7,ultra_150kw,46.0,sevilla,0,27.88
LZ-EV-006596,14,9.8,slow_7kw,76.1,murcia,0,42.63
LZ-EV-006597,17,28.7,slow_7kw,67.7,malaga,0,40.92
LZ-EV-006598,6,48.7,fast_22kw,70.2,murcia,0,33.8
LZ-EV-006599,11,52.4,fast_22kw,61.5,sevilla,0,26.27
LZ-EV-006600,8,76.3,fast_22kw,53.2,bilbao,0,12.04
LZ-EV-006601,17,53.4,slow_7kw,81.4,zaragoza,0,23.14
LZ-EV-006602,10,24.6,ultra_150kw,70.8,bilbao,0,53.13
LZ-EV-006603,16,28.9,slow_7kw,66.1,valencia,1,43.59
LZ-EV-006604,0,42.8,ultra_150kw,49.9,madrid,1,23.75
LZ-EV-006605,19,15.9,slow_7kw,52.6,sevilla,0,17.97
LZ-EV-006606,17,6.8,rapid_50kw,35.5,madrid,0,30.96
LZ-EV-006607,0,27.9,ultra_150kw,79.6,zaragoza,0,57.47
LZ-EV-006608,4,5.3,slow_7kw,51.3,barcelona,0,34.74
LZ-EV-006609,14,37.7,ultra_150kw,60.0,zaragoza,0,35.76
LZ-EV-006610,9,54.7,ultra_150kw,68.9,malaga,0,30.67
LZ-EV-006611,10,31.1,rapid_50kw,84.1,bilbao,1,39.07
LZ-EV-006612,12,10.6,ultra_150kw,62.0,sevilla,1,44.27
LZ-EV-006613,17,37.1,fast_22kw,67.6,valencia,0,41.26
LZ-EV-006614,15,32.0,fast_22kw,88.7,zaragoza,0,29.54
LZ-EV-006615,21,39.4,fast_22kw,45.0,bilbao,1,24.93
LZ-EV-006616,14,6.2,slow_7kw,68.6,malaga,1,37.94
LZ-EV-006617,0,39.7,fast_22kw,68.9,madrid,0,38.81
LZ-EV-006618,16,40.5,ultra_150kw,68.7,bilbao,1,39.04
LZ-EV-006619,3,45.9,fast_22kw,67.5,madrid,1,33.39
LZ-EV-006620,19,40.9,rapid_50kw,59.5,zaragoza,1,31.93
LZ-EV-006621,17,53.7,rapid_50kw,64.6,zaragoza,0,28.11
LZ-EV-006622,2,45.1,fast_22kw,88.2,zaragoza,0,45.35
LZ-EV-006623,9,53.5,slow_7kw,64.4,murcia,0,28.07
LZ-EV-006624,1,38.3,fast_22kw,105.8,valencia,0,30.6
LZ-EV-006625,6,12.3,rapid_50kw,38.4,bilbao,0,30.75
LZ-EV-006626,22,22.5,fast_22kw,83.3,zaragoza,0,26.6
LZ-EV-006627,6,49.1,ultra_150kw,57.0,sevilla,0,24.5
LZ-EV-006628,22,41.4,rapid_50kw,39.3,sevilla,1,19.31
LZ-EV-006629,6,42.5,slow_7kw,33.9,sevilla,1,18.59
LZ-EV-006630,21,39.0,slow_7kw,53.3,sevilla,0,29.08
LZ-EV-006631,7,35.5,rapid_50kw,64.8,malaga,1,28.74
LZ-EV-006632,0,43.1,slow_7kw,74.4,valencia,0,32.06
LZ-EV-006633,3,47.0,slow_7kw,84.7,bilbao,0,29.65
LZ-EV-006634,13,41.8,fast_22kw,66.3,malaga,0,39.01
LZ-EV-006635,11,62.4,fast_22kw,90.5,bilbao,0,29.52
LZ-EV-006636,10,36.2,fast_22kw,48.3,valencia,1,26.79
LZ-EV-006637,0,43.1,rapid_50kw,88.1,zaragoza,0,24.73
LZ-EV-006638,17,53.5,fast_22kw,83.8,zaragoza,1,36.65
LZ-EV-006639,21,41.0,slow_7kw,83.9,bilbao,1,45.83
LZ-EV-006640,13,16.6,fast_22kw,42.1,murcia,0,32.62
LZ-EV-006641,5,51.9,fast_22kw,104.9,murcia,0,39.93
LZ-EV-006642,19,15.3,fast_22kw,44.2,valencia,0,35.71
LZ-EV-006643,16,33.4,slow_7kw,65.8,madrid,1,40.22
LZ-EV-006644,22,50.4,fast_22kw,95.7,murcia,0,19.13
LZ-EV-006645,17,46.1,fast_22kw,58.4,malaga,0,18.26
LZ-EV-006646,2,28.9,slow_7kw,63.1,madrid,0,43.96
LZ-EV-006647,5,56.3,fast_22kw,76.0,malaga,0,32.08
LZ-EV-006648,12,76.2,ultra_150kw,86.0,malaga,0,17.97
LZ-EV-006649,20,40.5,slow_7kw,76.5,sevilla,0,40.75
LZ-EV-006650,11,62.1,rapid_50kw,34.6,zaragoza,0,12.84
LZ-EV-006651,4,50.5,slow_7kw,95.4,bilbao,0,35.8
LZ-EV-006652,17,51.8,slow_7kw,70.1,barcelona,0,32.5
LZ-EV-006653,23,38.5,slow_7kw,42.6,valencia,1,22.53
LZ-EV-006654,1,63.8,fast_22kw,57.7,bilbao,0,18.68
LZ-EV-006655,14,51.0,rapid_50kw,42.2,madrid,1,18.16
LZ-EV-006656,9,49.7,slow_7kw,71.3,malaga,0,34.2
LZ-EV-006657,3,51.4,fast_22kw,66.9,madrid,0,27.11
LZ-EV-006658,10,39.4,fast_22kw,45.8,malaga,0,25.8
LZ-EV-006659,17,2.0,fast_22kw,56.5,valencia,0,25.56
LZ-EV-006660,14,35.8,ultra_150kw,82.2,valencia,0,37.36
LZ-EV-006661,12,42.9,rapid_50kw,37.5,valencia,0,18.67
LZ-EV-006662,1,65.3,ultra_150kw,54.5,malaga,1,17.89
LZ-EV-006663,3,40.2,slow_7kw,69.5,sevilla,0,16.83
LZ-EV-006664,12,40.5,fast_22kw,41.6,valencia,0,20.71
LZ-EV-006665,7,24.2,ultra_150kw,76.3,bilbao,0,57.87
LZ-EV-006666,16,10.5,slow_7kw,80.7,bilbao,0,53.21
LZ-EV-006667,11,12.0,ultra_150kw,54.3,zaragoza,0,43.39
LZ-EV-006668,23,19.7,fast_22kw,45.6,sevilla,0,28.84
LZ-EV-006669,22,33.4,slow_7kw,69.9,madrid,0,40.94
LZ-EV-006670,16,41.5,slow_7kw,67.7,madrid,0,39.13
LZ-EV-006671,19,41.6,slow_7kw,58.3,valencia,0,31.01
LZ-EV-006672,8,27.5,slow_7kw,60.2,murcia,1,39.26
LZ-EV-006673,1,57.2,fast_22kw,75.0,madrid,0,30.2
LZ-EV-006674,11,66.7,rapid_50kw,48.4,bilbao,1,14.54
LZ-EV-006675,17,63.0,slow_7kw,59.4,sevilla,1,22.58
LZ-EV-006676,0,25.4,fast_22kw,52.1,madrid,0,38.9
LZ-EV-006677,22,6.2,slow_7kw,86.5,malaga,1,42.33
LZ-EV-006678,2,63.4,slow_7kw,43.8,sevilla,0,15.4
LZ-EV-006679,20,46.3,rapid_50kw,91.6,zaragoza,0,20.3
LZ-EV-006680,7,33.6,fast_22kw,70.8,barcelona,0,25.16
LZ-EV-006681,22,31.8,fast_22kw,76.0,bilbao,1,49.79
LZ-EV-006682,17,50.1,slow_7kw,29.7,murcia,0,13.91
LZ-EV-006683,5,22.4,ultra_150kw,86.2,valencia,0,48.28
LZ-EV-006684,9,3.1,fast_22kw,69.4,malaga,1,39.52
LZ-EV-006685,14,34.2,fast_22kw,55.6,madrid,0,27.15
LZ-EV-006686,15,48.7,fast_22kw,61.2,sevilla,0,31.71
LZ-EV-006687,8,22.1,rapid_50kw,56.7,madrid,0,34.36
LZ-EV-006688,22,9.7,fast_22kw,87.6,zaragoza,0,47.09
LZ-EV-006689,15,9.6,slow_7kw,43.6,sevilla,1,36.98
LZ-EV-006690,8,62.2,slow_7kw,63.3,zaragoza,0,21.92
LZ-EV-006691,9,15.9,fast_22kw,75.2,murcia,0,33.17
LZ-EV-006692,6,48.5,fast_22kw,83.8,madrid,0,40.42
LZ-EV-006693,3,9.6,fast_22kw,47.4,valencia,0,33.83
LZ-EV-006694,11,38.9,slow_7kw,58.1,bilbao,0,32.75
LZ-EV-006695,21,48.4,slow_7kw,78.5,zaragoza,0,28.41
LZ-EV-006696,13,2.0,rapid_50kw,52.9,valencia,0,28.6
LZ-EV-006697,17,37.5,rapid_50kw,68.8,valencia,0,28.01
LZ-EV-006698,0,13.5,rapid_50kw,59.1,murcia,0,39.31
LZ-EV-006699,16,21.8,ultra_150kw,85.2,malaga,0,49.33
LZ-EV-006700,18,22.4,rapid_50kw,56.5,barcelona,1,24.0
LZ-EV-006701,4,16.2,slow_7kw,55.6,madrid,0,38.94
LZ-EV-006702,8,9.2,fast_22kw,48.0,zaragoza,1,36.05
LZ-EV-006703,19,25.4,fast_22kw,63.2,valencia,0,30.69
LZ-EV-006704,12,46.7,slow_7kw,91.0,zaragoza,1,47.92
LZ-EV-006705,5,33.6,fast_22kw,67.6,madrid,1,17.09
LZ-EV-006706,4,36.1,slow_7kw,43.2,valencia,0,24.21
LZ-EV-006707,2,55.9,fast_22kw,80.1,bilbao,0,30.96
LZ-EV-006708,22,39.8,fast_22kw,82.8,valencia,0,24.29
LZ-EV-006709,21,22.0,fast_22kw,56.9,bilbao,1,41.54
LZ-EV-006710,6,25.9,slow_7kw,60.9,barcelona,1,43.14
LZ-EV-006711,7,56.3,slow_7kw,59.8,madrid,1,24.56
LZ-EV-006712,5,36.3,fast_22kw,28.5,malaga,0,17.7
LZ-EV-006713,21,38.9,ultra_150kw,66.4,barcelona,0,36.4
LZ-EV-006714,0,38.3,slow_7kw,68.1,bilbao,1,37.49
LZ-EV-006715,9,10.9,slow_7kw,74.1,valencia,0,51.1
LZ-EV-006716,9,33.0,rapid_50kw,46.5,sevilla,1,20.92
LZ-EV-006717,8,58.7,fast_22kw,49.3,murcia,0,17.65
LZ-EV-006718,16,13.3,slow_7kw,66.2,malaga,1,54.09
LZ-EV-006719,4,33.7,fast_22kw,47.8,madrid,0,27.92
LZ-EV-006720,0,15.0,slow_7kw,78.4,madrid,0,36.56
LZ-EV-006721,16,29.6,rapid_50kw,56.5,madrid,1,27.5
LZ-EV-006722,2,48.1,fast_22kw,76.0,murcia,0,21.75
LZ-EV-006723,16,59.4,fast_22kw,97.9,zaragoza,0,37.38
LZ-EV-006724,8,27.2,fast_22kw,53.0,bilbao,0,35.19
LZ-EV-006725,17,21.1,fast_22kw,69.8,zaragoza,0,31.57
LZ-EV-006726,19,10.1,rapid_50kw,59.1,bilbao,0,26.14
LZ-EV-006727,16,34.3,ultra_150kw,64.9,valencia,0,26.72
LZ-EV-006728,17,48.7,fast_22kw,69.1,barcelona,1,31.22
LZ-EV-006729,7,33.5,rapid_50kw,52.8,bilbao,0,32.12
LZ-EV-006730,5,45.4,ultra_150kw,42.3,barcelona,0,20.39
LZ-EV-006731,15,10.8,slow_7kw,65.1,madrid,0,39.48
LZ-EV-006732,18,13.5,slow_7kw,74.3,madrid,0,52.89
LZ-EV-006733,3,2.0,fast_22kw,58.5,zaragoza,0,60.68
LZ-EV-006734,9,37.4,rapid_50kw,51.3,bilbao,0,15.03
LZ-EV-006735,8,29.3,rapid_50kw,59.7,valencia,1,18.41
LZ-EV-006736,0,86.9,slow_7kw,41.7,valencia,1,4.51
LZ-EV-006737,6,54.2,fast_22kw,29.8,barcelona,0,12.35
LZ-EV-006738,20,11.7,slow_7kw,64.1,murcia,1,36.88
LZ-EV-006739,13,28.8,rapid_50kw,78.6,madrid,0,30.59
LZ-EV-006740,5,20.3,fast_22kw,61.2,sevilla,0,46.11
LZ-EV-006741,17,23.9,rapid_50kw,64.2,murcia,1,30.36
LZ-EV-006742,4,59.2,slow_7kw,51.2,madrid,0,20.62
LZ-EV-006743,8,46.5,rapid_50kw,32.3,zaragoza,0,16.76
LZ-EV-006744,8,22.3,slow_7kw,61.7,bilbao,1,47.39
LZ-EV-006745,19,34.0,ultra_150kw,57.1,bilbao,0,31.92
LZ-EV-006746,18,48.0,slow_7kw,52.9,bilbao,0,25.47
LZ-EV-006747,12,54.3,ultra_150kw,72.9,madrid,0,29.52
LZ-EV-006748,16,26.2,rapid_50kw,48.6,malaga,0,28.43
LZ-EV-006749,17,38.4,fast_22kw,78.0,madrid,0,25.39
LZ-EV-006750,17,22.2,fast_22kw,61.2,sevilla,0,31.89
LZ-EV-006751,6,22.2,slow_7kw,69.7,madrid,0,32.2
LZ-EV-006752,14,50.4,fast_22kw,45.2,zaragoza,1,19.6
LZ-EV-006753,9,45.9,rapid_50kw,91.9,zaragoza,0,29.26
LZ-EV-006754,11,26.8,fast_22kw,51.6,murcia,0,30.42
LZ-EV-006755,1,45.9,fast_22kw,73.4,barcelona,0,39.59
LZ-EV-006756,9,17.9,rapid_50kw,31.9,murcia,0,24.9
LZ-EV-006757,19,39.4,fast_22kw,83.2,madrid,0,47.67
LZ-EV-006758,10,39.3,rapid_50kw,56.6,valencia,0,31.14
LZ-EV-006759,13,45.4,fast_22kw,59.1,zaragoza,1,30.87
LZ-EV-006760,20,44.9,fast_22kw,64.6,madrid,0,28.87
LZ-EV-006761,11,39.1,fast_22kw,59.9,murcia,1,33.35
LZ-EV-006762,8,17.4,slow_7kw,69.8,madrid,1,37.01
LZ-EV-006763,14,49.1,fast_22kw,59.8,barcelona,0,29.16
LZ-EV-006764,6,44.4,slow_7kw,37.0,bilbao,1,21.26
LZ-EV-006765,20,25.2,rapid_50kw,72.2,sevilla,1,35.62
LZ-EV-006766,6,37.4,rapid_50kw,77.6,malaga,0,26.61
LZ-EV-006767,14,45.8,slow_7kw,57.1,murcia,0,27.38
LZ-EV-006768,4,51.7,fast_22kw,91.6,barcelona,0,42.27
LZ-EV-006769,4,36.9,slow_7kw,74.2,barcelona,0,23.69
LZ-EV-006770,16,26.7,slow_7kw,70.2,malaga,0,42.77
LZ-EV-006771,13,62.1,slow_7kw,48.8,bilbao,1,18.04
LZ-EV-006772,15,72.1,ultra_150kw,43.2,malaga,0,10.92
LZ-EV-006773,3,81.1,slow_7kw,60.3,zaragoza,1,9.88
LZ-EV-006774,4,13.9,rapid_50kw,52.4,murcia,0,28.85
LZ-EV-006775,10,32.6,slow_7kw,73.7,bilbao,0,45.76
LZ-EV-006776,17,40.8,slow_7kw,39.3,valencia,0,20.0
LZ-EV-006777,7,32.4,rapid_50kw,63.4,malaga,0,33.27
LZ-EV-006778,18,33.1,slow_7kw,56.9,madrid,0,34.26
LZ-EV-006779,1,52.2,fast_22kw,62.4,madrid,1,29.63
LZ-EV-006780,11,53.2,ultra_150kw,75.3,barcelona,1,30.54
LZ-EV-006781,1,30.2,rapid_50kw,61.4,madrid,1,15.66
LZ-EV-006782,1,51.7,rapid_50kw,68.6,sevilla,1,33.62
LZ-EV-006783,19,38.9,ultra_150kw,59.9,valencia,0,33.41
LZ-EV-006784,11,50.2,slow_7kw,55.1,madrid,0,22.09
LZ-EV-006785,14,42.4,slow_7kw,34.7,barcelona,0,20.96
LZ-EV-006786,6,52.0,slow_7kw,34.6,malaga,0,14.82
LZ-EV-006787,7,12.6,slow_7kw,63.3,bilbao,0,48.26
LZ-EV-006788,15,4.7,rapid_50kw,50.0,bilbao,0,28.51
LZ-EV-006789,22,61.5,rapid_50kw,71.3,murcia,0,25.52
LZ-EV-006790,7,40.2,slow_7kw,59.8,sevilla,0,34.85
LZ-EV-006791,22,9.7,fast_22kw,42.9,sevilla,0,29.48
LZ-EV-006792,15,24.7,rapid_50kw,46.7,madrid,0,31.44
LZ-EV-006793,14,30.8,fast_22kw,33.4,valencia,1,21.37
LZ-EV-006794,3,11.9,ultra_150kw,43.8,sevilla,0,34.21
LZ-EV-006795,16,58.7,slow_7kw,72.3,bilbao,1,25.07
LZ-EV-006796,6,46.6,rapid_50kw,74.9,valencia,1,22.1
LZ-EV-006797,6,56.3,rapid_50kw,49.9,bilbao,0,20.07
LZ-EV-006798,23,16.0,rapid_50kw,42.4,bilbao,0,20.39
LZ-EV-006799,22,23.6,slow_7kw,87.6,murcia,0,60.92
LZ-EV-006800,11,46.7,slow_7kw,76.2,sevilla,1,36.75
LZ-EV-006801,7,81.1,rapid_50kw,69.2,madrid,0,12.0
LZ-EV-006802,13,38.7,ultra_150kw,65.7,valencia,0,19.2
LZ-EV-006803,7,35.8,rapid_50kw,56.1,valencia,0,14.31
LZ-EV-006804,23,77.4,slow_7kw,64.9,murcia,0,12.76
LZ-EV-006805,16,40.5,ultra_150kw,64.4,murcia,0,34.44
LZ-EV-006806,2,67.0,fast_22kw,77.9,murcia,1,23.85
LZ-EV-006807,1,9.3,fast_22kw,70.3,barcelona,0,47.93
LZ-EV-006808,5,5.4,ultra_150kw,51.2,madrid,1,46.0
LZ-EV-006809,15,33.5,fast_22kw,102.7,barcelona,1,38.61
LZ-EV-006810,23,31.9,slow_7kw,50.7,sevilla,1,32.9
LZ-EV-006811,6,37.6,rapid_50kw,72.4,zaragoza,0,22.36
LZ-EV-006812,1,38.2,fast_22kw,64.9,sevilla,0,23.16
LZ-EV-006813,20,8.8,fast_22kw,65.3,madrid,0,51.95
LZ-EV-006814,1,27.9,slow_7kw,37.4,malaga,1,23.09
LZ-EV-006815,8,22.2,fast_22kw,54.8,sevilla,1,26.95
LZ-EV-006816,15,25.3,fast_22kw,70.9,sevilla,0,41.81
LZ-EV-006817,15,41.0,slow_7kw,97.2,sevilla,1,21.66
LZ-EV-006818,6,31.0,rapid_50kw,76.7,valencia,0,44.86
LZ-EV-006819,3,2.0,fast_22kw,32.5,valencia,0,31.41
LZ-EV-006820,20,48.1,slow_7kw,57.9,murcia,0,25.57
LZ-EV-006821,17,61.4,ultra_150kw,74.3,madrid,0,26.07
LZ-EV-006822,18,30.9,slow_7kw,41.3,malaga,0,27.18
LZ-EV-006823,1,39.4,slow_7kw,64.7,sevilla,1,37.99
LZ-EV-006824,11,70.6,slow_7kw,45.5,malaga,1,11.94
LZ-EV-006825,13,37.3,fast_22kw,63.6,sevilla,0,35.73
LZ-EV-006826,14,15.9,fast_22kw,42.3,madrid,0,28.59
LZ-EV-006827,7,47.1,ultra_150kw,56.0,sevilla,0,28.89
LZ-EV-006828,12,41.0,fast_22kw,62.2,valencia,0,32.53
LZ-EV-006829,10,39.1,rapid_50kw,54.4,barcelona,1,26.8
LZ-EV-006830,2,53.6,slow_7kw,72.4,murcia,0,28.34
LZ-EV-006831,15,28.9,slow_7kw,35.9,madrid,0,25.34
LZ-EV-006832,9,27.9,ultra_150kw,72.7,barcelona,0,50.65
LZ-EV-006833,2,19.7,fast_22kw,62.7,valencia,0,34.83
LZ-EV-006834,1,46.7,fast_22kw,52.1,murcia,0,25.75
LZ-EV-006835,15,43.1,slow_7kw,69.2,sevilla,0,25.62
LZ-EV-006836,1,50.3,rapid_50kw,79.9,barcelona,1,24.86
LZ-EV-006837,3,24.6,ultra_150kw,53.3,barcelona,1,33.97
LZ-EV-006838,1,17.9,slow_7kw,100.1,barcelona,1,76.34
LZ-EV-006839,18,2.0,fast_22kw,32.0,murcia,1,29.38
LZ-EV-006840,3,63.0,slow_7kw,55.7,valencia,0,18.14
LZ-EV-006841,23,45.5,ultra_150kw,55.3,madrid,1,26.77
LZ-EV-006842,5,67.7,ultra_150kw,34.3,bilbao,1,9.98
LZ-EV-006843,17,19.4,rapid_50kw,88.6,sevilla,0,15.98
LZ-EV-006844,8,20.4,fast_22kw,66.6,valencia,1,25.31
LZ-EV-006845,14,75.9,slow_7kw,71.5,murcia,0,17.88
LZ-EV-006846,7,12.7,slow_7kw,53.9,madrid,0,20.7
LZ-EV-006847,14,79.1,rapid_50kw,77.1,valencia,1,14.96
LZ-EV-006848,7,80.6,slow_7kw,37.9,malaga,1,6.18
LZ-EV-006849,7,16.5,slow_7kw,69.8,bilbao,0,41.71
LZ-EV-006850,4,50.6,fast_22kw,64.5,madrid,0,29.96
LZ-EV-006851,13,2.8,rapid_50kw,89.7,sevilla,1,37.81
LZ-EV-006852,18,35.6,slow_7kw,75.0,zaragoza,1,41.94
LZ-EV-006853,20,50.0,slow_7kw,75.8,sevilla,0,33.31
LZ-EV-006854,3,42.2,slow_7kw,68.6,bilbao,0,37.59
LZ-EV-006855,6,67.0,slow_7kw,58.4,valencia,1,18.37
LZ-EV-006856,4,24.5,rapid_50kw,61.2,zaragoza,0,14.24
LZ-EV-006857,17,49.0,fast_22kw,66.9,valencia,0,27.64
LZ-EV-006858,3,41.7,fast_22kw,88.7,barcelona,0,44.6
LZ-EV-006859,1,21.7,fast_22kw,46.4,sevilla,1,35.89
LZ-EV-006860,11,58.0,fast_22kw,72.4,sevilla,0,29.69
LZ-EV-006861,16,10.4,fast_22kw,80.0,barcelona,1,21.57
LZ-EV-006862,12,38.3,slow_7kw,52.5,zaragoza,1,29.82
LZ-EV-006863,1,54.7,fast_22kw,56.4,valencia,0,22.38
LZ-EV-006864,5,42.1,fast_22kw,47.1,sevilla,0,23.41
LZ-EV-006865,1,54.9,fast_22kw,45.0,madrid,1,16.05
LZ-EV-006866,18,36.1,fast_22kw,28.6,malaga,0,16.55
LZ-EV-006867,13,58.8,fast_22kw,79.3,malaga,0,29.3
LZ-EV-006868,18,58.0,slow_7kw,75.8,valencia,0,26.24
LZ-EV-006869,10,52.3,fast_22kw,77.1,sevilla,1,31.62
LZ-EV-006870,20,44.0,ultra_150kw,69.9,madrid,1,33.72
LZ-EV-006871,7,42.5,slow_7kw,49.9,madrid,0,26.98
LZ-EV-006872,6,37.4,slow_7kw,80.1,barcelona,0,44.82
LZ-EV-006873,18,70.3,fast_22kw,108.3,murcia,1,27.5
LZ-EV-006874,9,57.9,slow_7kw,48.2,malaga,0,19.81
LZ-EV-006875,10,2.0,fast_22kw,59.3,malaga,0,52.53
LZ-EV-006876,9,46.3,slow_7kw,63.3,murcia,0,34.38
LZ-EV-006877,16,46.8,slow_7kw,71.2,barcelona,0,40.7
LZ-EV-006878,10,11.2,slow_7kw,82.2,valencia,0,50.48
LZ-EV-006879,22,18.1,fast_22kw,64.7,valencia,0,37.84
LZ-EV-006880,5,67.4,slow_7kw,79.0,valencia,0,23.22
LZ-EV-006881,15,37.3,slow_7kw,51.0,valencia,0,29.81
LZ-EV-006882,9,30.2,fast_22kw,58.6,zaragoza,0,29.7
LZ-EV-006883,17,15.5,rapid_50kw,53.6,madrid,0,41.48
LZ-EV-006884,3,13.6,fast_22kw,45.1,zaragoza,0,34.47
LZ-EV-006885,4,66.2,slow_7kw,62.6,bilbao,0,18.93
LZ-EV-006886,14,5.2,fast_22kw,35.8,bilbao,0,29.37
LZ-EV-006887,12,50.2,slow_7kw,57.4,valencia,0,27.99
LZ-EV-006888,7,25.5,rapid_50kw,80.3,sevilla,0,25.41
LZ-EV-006889,21,26.9,ultra_150kw,89.5,bilbao,0,51.87
LZ-EV-006890,12,23.6,slow_7kw,47.4,bilbao,0,34.05
LZ-EV-006891,6,38.8,rapid_50kw,79.5,sevilla,1,25.64
LZ-EV-006892,12,36.5,slow_7kw,38.8,madrid,1,22.61
LZ-EV-006893,14,44.5,fast_22kw,68.8,barcelona,0,18.6
LZ-EV-006894,13,76.8,rapid_50kw,43.9,barcelona,0,8.25
LZ-EV-006895,8,56.0,fast_22kw,81.3,murcia,1,26.98
LZ-EV-006896,16,11.6,slow_7kw,40.8,zaragoza,0,38.63
LZ-EV-006897,19,15.0,ultra_150kw,59.8,murcia,0,46.46
LZ-EV-006898,5,35.0,rapid_50kw,54.4,barcelona,1,31.09
LZ-EV-006899,3,27.0,rapid_50kw,44.7,madrid,0,30.51
LZ-EV-006900,17,24.6,ultra_150kw,34.3,barcelona,0,23.05
LZ-EV-006901,5,15.8,slow_7kw,34.5,bilbao,0,24.4
LZ-EV-006902,12,55.8,rapid_50kw,72.0,barcelona,0,28.75
LZ-EV-006903,5,44.4,slow_7kw,87.1,murcia,0,35.06
LZ-EV-006904,9,37.8,ultra_150kw,53.0,malaga,1,31.7
LZ-EV-006905,18,21.7,rapid_50kw,52.1,valencia,0,29.74
LZ-EV-006906,7,22.0,rapid_50kw,80.2,barcelona,0,16.02
LZ-EV-006907,3,9.3,fast_22kw,63.1,madrid,0,53.3
LZ-EV-006908,18,39.1,fast_22kw,71.4,zaragoza,0,37.86
LZ-EV-006909,2,24.0,slow_7kw,70.3,barcelona,0,49.04
LZ-EV-006910,2,49.7,slow_7kw,64.1,madrid,0,28.99
LZ-EV-006911,11,49.7,slow_7kw,61.8,madrid,0,27.44
LZ-EV-006912,11,49.1,fast_22kw,28.0,malaga,0,12.16
LZ-EV-006913,18,27.7,rapid_50kw,74.4,barcelona,0,21.69
LZ-EV-006914,14,34.6,rapid_50kw,43.6,valencia,1,24.05
LZ-EV-006915,15,25.6,slow_7kw,68.0,murcia,0,29.91
LZ-EV-006916,5,48.0,fast_22kw,53.1,bilbao,0,28.5
LZ-EV-006917,2,60.7,slow_7kw,28.0,bilbao,0,11.21
LZ-EV-006918,2,40.1,slow_7kw,61.6,barcelona,0,36.31
LZ-EV-006919,14,66.2,rapid_50kw,83.0,barcelona,0,23.22
LZ-EV-006920,21,43.0,fast_22kw,68.4,malaga,0,32.61
LZ-EV-006921,8,28.9,fast_22kw,71.7,murcia,0,48.2
LZ-EV-006922,3,39.0,ultra_150kw,89.2,barcelona,1,45.74
LZ-EV-006923,21,45.5,slow_7kw,64.3,barcelona,1,34.55
LZ-EV-006924,6,25.6,slow_7kw,63.4,murcia,0,44.4
LZ-EV-006925,20,9.4,ultra_150kw,90.3,zaragoza,0,38.2
LZ-EV-006926,0,39.0,fast_22kw,63.0,bilbao,0,32.73
LZ-EV-006927,17,40.4,slow_7kw,46.9,barcelona,0,25.08
LZ-EV-006928,0,40.6,rapid_50kw,47.3,zaragoza,0,24.55
LZ-EV-006929,5,60.5,slow_7kw,65.6,bilbao,1,26.43
LZ-EV-006930,0,40.2,slow_7kw,46.3,murcia,1,25.29
LZ-EV-006931,2,36.9,slow_7kw,92.9,malaga,1,43.28
LZ-EV-006932,18,44.0,rapid_50kw,67.3,sevilla,0,22.06
LZ-EV-006933,13,45.1,slow_7kw,48.1,valencia,1,25.63
LZ-EV-006934,22,25.6,ultra_150kw,55.4,sevilla,1,36.07
LZ-EV-006935,1,57.8,slow_7kw,54.7,barcelona,0,19.71
LZ-EV-006936,5,23.9,slow_7kw,46.4,sevilla,0,30.82
LZ-EV-006937,10,63.5,slow_7kw,70.0,zaragoza,0,22.49
LZ-EV-006938,10,44.4,ultra_150kw,60.7,murcia,0,29.86
LZ-EV-006939,14,66.5,slow_7kw,47.8,murcia,1,14.96
LZ-EV-006940,21,32.4,fast_22kw,41.4,murcia,0,26.43
LZ-EV-006941,8,73.9,slow_7kw,60.2,malaga,0,14.89
LZ-EV-006942,16,55.7,fast_22kw,63.4,barcelona,0,23.33
LZ-EV-006943,4,37.4,ultra_150kw,56.7,murcia,1,33.44
LZ-EV-006944,15,36.8,fast_22kw,62.3,bilbao,0,35.37
LZ-EV-006945,9,63.2,rapid_50kw,48.8,barcelona,1,17.14
LZ-EV-006946,12,35.6,fast_22kw,58.8,madrid,0,31.19
LZ-EV-006947,17,61.9,fast_22kw,31.9,sevilla,0,10.71
LZ-EV-006948,9,39.2,slow_7kw,63.3,bilbao,0,35.58
LZ-EV-006949,16,2.0,slow_7kw,68.8,malaga,0,25.65
LZ-EV-006950,13,61.3,fast_22kw,51.9,madrid,1,17.92
LZ-EV-006951,19,41.6,slow_7kw,77.0,zaragoza,0,22.56
LZ-EV-006952,15,14.8,slow_7kw,59.7,barcelona,0,25.54
LZ-EV-006953,18,29.0,fast_22kw,48.8,barcelona,0,30.1
LZ-EV-006954,3,22.7,rapid_50kw,40.7,barcelona,0,26.67
LZ-EV-006955,20,45.2,fast_22kw,47.1,sevilla,0,23.16
LZ-EV-006956,5,33.2,ultra_150kw,59.4,madrid,0,38.6
LZ-EV-006957,1,62.5,ultra_150kw,29.4,sevilla,0,10.79
LZ-EV-006958,16,13.0,fast_22kw,72.5,barcelona,1,51.05
LZ-EV-006959,21,13.0,fast_22kw,44.5,valencia,0,37.76
LZ-EV-006960,9,39.9,fast_22kw,60.5,sevilla,1,31.93
LZ-EV-006961,21,48.9,rapid_50kw,48.5,murcia,1,21.98
LZ-EV-006962,5,22.2,slow_7kw,68.9,madrid,0,20.89
LZ-EV-006963,11,35.8,slow_7kw,74.2,murcia,0,30.87
LZ-EV-006964,3,62.0,fast_22kw,70.7,malaga,1,24.83
LZ-EV-006965,13,50.4,slow_7kw,54.9,malaga,1,25.14
LZ-EV-006966,8,44.1,slow_7kw,60.5,bilbao,0,32.11
LZ-EV-006967,19,50.5,fast_22kw,81.7,madrid,0,28.28
LZ-EV-006968,5,55.8,fast_22kw,59.7,sevilla,1,26.44
LZ-EV-006969,11,40.7,fast_22kw,66.9,zaragoza,0,22.57
LZ-EV-006970,8,65.5,fast_22kw,73.1,zaragoza,0,23.94
LZ-EV-006971,13,28.5,fast_22kw,93.0,madrid,0,50.21
LZ-EV-006972,13,17.3,slow_7kw,53.2,malaga,0,37.97
LZ-EV-006973,14,43.2,slow_7kw,57.5,malaga,0,29.71
LZ-EV-006974,9,35.2,rapid_50kw,34.0,bilbao,1,21.37
LZ-EV-006975,18,36.8,slow_7kw,51.0,barcelona,1,27.34
LZ-EV-006976,2,38.2,fast_22kw,60.7,sevilla,0,35.92
LZ-EV-006977,6,61.1,ultra_150kw,41.0,zaragoza,0,13.34
LZ-EV-006978,17,31.4,fast_22kw,44.5,madrid,1,28.7
LZ-EV-006979,18,58.7,fast_22kw,52.7,malaga,0,20.33
LZ-EV-006980,1,12.1,slow_7kw,74.6,zaragoza,0,32.11
LZ-EV-006981,12,2.0,slow_7kw,42.9,zaragoza,0,37.21
LZ-EV-006982,14,35.4,slow_7kw,67.1,sevilla,0,36.41
LZ-EV-006983,13,54.3,fast_22kw,45.0,bilbao,0,19.4
LZ-EV-006984,17,25.6,fast_22kw,47.1,barcelona,1,32.08
LZ-EV-006985,7,41.2,fast_22kw,47.2,bilbao,0,14.71
LZ-EV-006986,10,39.2,slow_7kw,44.6,sevilla,0,24.38
LZ-EV-006987,17,17.9,slow_7kw,84.8,sevilla,0,46.51
LZ-EV-006988,17,28.0,slow_7kw,34.9,madrid,0,23.5
LZ-EV-006989,14,46.8,rapid_50kw,63.4,zaragoza,1,30.48
LZ-EV-006990,20,35.8,fast_22kw,53.2,malaga,0,29.8
LZ-EV-006991,7,41.3,fast_22kw,56.6,bilbao,0,32.53
LZ-EV-006992,20,24.6,fast_22kw,67.5,sevilla,0,43.54
LZ-EV-006993,7,81.3,fast_22kw,56.9,barcelona,1,9.63
LZ-EV-006994,23,48.1,slow_7kw,28.0,barcelona,1,15.32
LZ-EV-006995,3,42.5,ultra_150kw,64.2,sevilla,0,34.31
LZ-EV-006996,2,56.6,slow_7kw,37.6,madrid,1,14.92
LZ-EV-006997,8,29.1,fast_22kw,48.6,madrid,0,22.53
LZ-EV-006998,2,26.9,slow_7kw,63.1,bilbao,1,21.95
LZ-EV-006999,10,34.3,slow_7kw,45.3,zaragoza,1,28.63
LZ-EV-007000,5,33.7,slow_7kw,72.3,bilbao,0,29.2
LZ-EV-007001,20,28.0,fast_22kw,83.4,sevilla,1,39.39
LZ-EV-007002,5,20.8,slow_7kw,39.9,bilbao,0,30.75
LZ-EV-007003,21,50.7,slow_7kw,69.8,zaragoza,0,24.51
LZ-EV-007004,11,32.3,slow_7kw,80.3,malaga,0,49.36
LZ-EV-007005,23,15.9,rapid_50kw,87.6,barcelona,1,16.5
LZ-EV-007006,11,59.9,rapid_50kw,52.2,valencia,0,18.23
LZ-EV-007007,18,43.6,rapid_50kw,80.6,zaragoza,0,34.76
LZ-EV-007008,13,16.2,rapid_50kw,53.4,bilbao,0,44.4
LZ-EV-007009,15,45.3,fast_22kw,58.7,barcelona,0,25.39
LZ-EV-007010,5,17.1,slow_7kw,63.4,barcelona,1,48.07
LZ-EV-007011,20,50.6,slow_7kw,80.0,madrid,0,30.79
LZ-EV-007012,19,42.9,rapid_50kw,78.6,malaga,1,25.44
LZ-EV-007013,11,17.2,rapid_50kw,71.4,valencia,0,41.79
LZ-EV-007014,7,49.1,slow_7kw,55.8,madrid,0,18.76
LZ-EV-007015,17,23.2,rapid_50kw,56.8,barcelona,0,12.38
LZ-EV-007016,16,34.9,rapid_50kw,52.8,madrid,0,28.46
LZ-EV-007017,5,30.2,fast_22kw,52.2,madrid,0,34.87
LZ-EV-007018,14,43.3,slow_7kw,50.4,madrid,1,24.96
LZ-EV-007019,16,43.4,fast_22kw,66.0,madrid,0,33.74
LZ-EV-007020,4,63.4,fast_22kw,61.6,zaragoza,1,21.32
LZ-EV-007021,1,48.7,fast_22kw,63.4,barcelona,1,23.86
LZ-EV-007022,16,48.3,rapid_50kw,74.4,malaga,0,19.61
LZ-EV-007023,0,21.5,fast_22kw,92.5,valencia,0,36.74
LZ-EV-007024,0,36.0,ultra_150kw,66.7,zaragoza,0,31.75
LZ-EV-007025,0,34.0,slow_7kw,83.7,bilbao,0,29.81
LZ-EV-007026,4,24.1,rapid_50kw,68.7,valencia,0,41.86
LZ-EV-007027,7,44.8,fast_22kw,80.3,zaragoza,1,43.85
LZ-EV-007028,6,50.2,slow_7kw,62.6,bilbao,0,29.57
LZ-EV-007029,16,50.2,fast_22kw,60.2,sevilla,0,26.99
LZ-EV-007030,15,25.3,slow_7kw,76.8,malaga,0,38.82
LZ-EV-007031,11,81.5,slow_7kw,61.0,sevilla,0,9.56
LZ-EV-007032,23,12.7,rapid_50kw,64.6,zaragoza,0,31.5
LZ-EV-007033,0,32.7,ultra_150kw,28.0,bilbao,0,17.41
LZ-EV-007034,19,52.0,slow_7kw,79.9,valencia,1,34.06
LZ-EV-007035,21,63.1,fast_22kw,39.4,malaga,0,12.02
LZ-EV-007036,17,46.9,slow_7kw,78.5,valencia,1,26.29
LZ-EV-007037,4,45.0,fast_22kw,41.3,madrid,0,20.61
LZ-EV-007038,17,45.0,fast_22kw,38.5,valencia,1,21.21
LZ-EV-007039,10,52.0,ultra_150kw,64.9,valencia,1,28.75
LZ-EV-007040,14,29.8,slow_7kw,72.4,sevilla,0,51.44
LZ-EV-007041,1,22.1,fast_22kw,34.0,barcelona,0,25.85
LZ-EV-007042,11,2.0,fast_22kw,47.8,madrid,1,29.98
LZ-EV-007043,17,32.9,rapid_50kw,50.2,bilbao,0,34.48
LZ-EV-007044,0,8.8,fast_22kw,63.9,valencia,0,35.33
LZ-EV-007045,20,38.0,slow_7kw,66.4,madrid,0,38.86
LZ-EV-007046,11,37.3,slow_7kw,53.2,murcia,0,27.87
LZ-EV-007047,15,26.4,fast_22kw,62.9,valencia,0,41.39
LZ-EV-007048,6,61.0,slow_7kw,68.3,bilbao,1,24.43
LZ-EV-007049,20,15.5,slow_7kw,68.1,sevilla,1,58.98
LZ-EV-007050,5,24.2,fast_22kw,34.9,malaga,0,25.49
LZ-EV-007051,11,37.8,fast_22kw,58.6,sevilla,0,34.14
LZ-EV-007052,6,9.7,fast_22kw,76.2,valencia,0,30.16
LZ-EV-007053,23,36.4,slow_7kw,88.5,zaragoza,0,27.94
LZ-EV-007054,10,20.4,fast_22kw,73.0,malaga,1,57.86
LZ-EV-007055,0,12.4,fast_22kw,78.1,valencia,0,36.63
LZ-EV-007056,10,46.3,fast_22kw,76.5,sevilla,0,38.47
LZ-EV-007057,14,35.5,rapid_50kw,81.4,malaga,0,21.21
LZ-EV-007058,1,43.2,fast_22kw,51.3,valencia,1,25.69
LZ-EV-007059,13,13.8,fast_22kw,60.9,murcia,0,45.56
LZ-EV-007060,20,62.2,fast_22kw,80.0,malaga,0,26.5
LZ-EV-007061,23,44.0,slow_7kw,60.5,bilbao,0,29.14
LZ-EV-007062,19,25.0,slow_7kw,63.6,murcia,1,48.48
LZ-EV-007063,7,78.0,fast_22kw,81.1,zaragoza,0,16.86
LZ-EV-007064,8,14.8,ultra_150kw,46.3,sevilla,1,37.05
LZ-EV-007065,20,22.3,fast_22kw,80.8,sevilla,0,30.91
LZ-EV-007066,1,2.0,slow_7kw,67.1,bilbao,0,34.72
LZ-EV-007067,9,53.1,ultra_150kw,57.6,barcelona,0,24.58
LZ-EV-007068,10,65.3,fast_22kw,39.8,barcelona,1,11.36
LZ-EV-007069,18,52.5,slow_7kw,51.4,barcelona,1,23.55
LZ-EV-007070,20,46.9,fast_22kw,78.9,valencia,0,20.45
LZ-EV-007071,13,5.0,slow_7kw,51.0,zaragoza,0,39.15
LZ-EV-007072,9,34.9,rapid_50kw,78.0,bilbao,0,24.76
LZ-EV-007073,22,43.7,slow_7kw,70.9,valencia,0,34.8
LZ-EV-007074,15,36.6,slow_7kw,72.7,barcelona,0,37.23
LZ-EV-007075,0,23.5,fast_22kw,58.2,madrid,0,35.95
LZ-EV-007076,20,55.8,fast_22kw,61.6,zaragoza,0,23.48
LZ-EV-007077,10,22.6,slow_7kw,36.7,malaga,0,26.41
LZ-EV-007078,21,30.0,slow_7kw,68.9,zaragoza,0,44.23
LZ-EV-007079,2,62.0,rapid_50kw,81.4,sevilla,0,27.93
LZ-EV-007080,17,36.1,rapid_50kw,69.8,malaga,0,32.52
LZ-EV-007081,18,52.6,slow_7kw,46.5,bilbao,0,19.94
LZ-EV-007082,18,25.5,fast_22kw,43.8,murcia,1,29.33
LZ-EV-007083,20,41.8,slow_7kw,63.1,bilbao,0,31.57
LZ-EV-007084,16,48.3,rapid_50kw,30.9,barcelona,1,14.3
LZ-EV-007085,23,27.0,fast_22kw,35.2,zaragoza,0,26.16
LZ-EV-007086,7,27.3,slow_7kw,53.2,malaga,0,35.43
LZ-EV-007087,22,32.3,fast_22kw,50.0,valencia,0,28.92
LZ-EV-007088,20,66.6,slow_7kw,70.1,madrid,0,22.72
LZ-EV-007089,3,46.7,fast_22kw,34.6,zaragoza,0,16.9
LZ-EV-007090,1,61.9,fast_22kw,59.2,murcia,1,22.07
LZ-EV-007091,3,35.2,slow_7kw,54.7,madrid,1,35.91
LZ-EV-007092,15,16.3,ultra_150kw,44.4,murcia,0,37.76
LZ-EV-007093,17,15.8,slow_7kw,100.4,bilbao,0,27.34
LZ-EV-007094,4,21.7,fast_22kw,79.3,murcia,0,34.83
LZ-EV-007095,22,16.9,rapid_50kw,62.9,madrid,0,17.21
LZ-EV-007096,14,47.7,slow_7kw,50.5,bilbao,1,22.45
LZ-EV-007097,23,38.5,fast_22kw,72.6,bilbao,0,24.81
LZ-EV-007098,16,70.0,slow_7kw,46.6,bilbao,0,12.38
LZ-EV-007099,0,18.1,slow_7kw,71.1,zaragoza,0,37.17
LZ-EV-007100,23,55.6,ultra_150kw,49.7,bilbao,0,21.1
LZ-EV-007101,10,25.9,fast_22kw,61.2,madrid,0,39.88
LZ-EV-007102,23,29.6,slow_7kw,37.9,barcelona,0,21.95
LZ-EV-007103,4,25.1,fast_22kw,63.4,bilbao,1,45.71
LZ-EV-007104,16,15.3,slow_7kw,62.9,barcelona,1,46.61
LZ-EV-007105,11,26.3,slow_7kw,68.5,barcelona,0,32.98
LZ-EV-007106,22,27.2,rapid_50kw,46.6,madrid,0,27.98
LZ-EV-007107,21,46.4,fast_22kw,36.7,murcia,0,18.01
LZ-EV-007108,9,45.4,slow_7kw,51.2,malaga,1,25.88
LZ-EV-007109,4,61.2,fast_22kw,67.8,murcia,0,25.36
LZ-EV-007110,17,34.0,fast_22kw,36.7,zaragoza,0,22.72
LZ-EV-007111,17,9.4,slow_7kw,68.4,valencia,0,37.15
LZ-EV-007112,19,25.5,fast_22kw,61.8,barcelona,0,43.4
LZ-EV-007113,6,34.8,slow_7kw,57.6,murcia,0,34.64
LZ-EV-007114,5,47.7,slow_7kw,55.8,murcia,0,24.84
LZ-EV-007115,21,29.9,rapid_50kw,91.3,barcelona,0,27.23
LZ-EV-007116,14,46.3,rapid_50kw,41.3,zaragoza,0,14.01
LZ-EV-007117,18,47.7,slow_7kw,45.2,sevilla,0,22.36
LZ-EV-007118,6,26.1,slow_7kw,42.4,madrid,1,27.07
LZ-EV-007119,23,17.2,fast_22kw,64.6,malaga,1,21.01
LZ-EV-007120,12,86.2,fast_22kw,69.2,barcelona,0,7.79
LZ-EV-007121,10,34.8,fast_22kw,70.4,barcelona,1,23.67
LZ-EV-007122,16,56.1,slow_7kw,49.9,madrid,0,19.74
LZ-EV-007123,20,58.3,slow_7kw,66.0,valencia,0,27.02
LZ-EV-007124,9,62.3,slow_7kw,41.0,sevilla,1,15.21
LZ-EV-007125,3,51.4,ultra_150kw,52.0,madrid,1,22.83
LZ-EV-007126,21,64.9,fast_22kw,48.0,malaga,0,15.23
LZ-EV-007127,7,6.0,rapid_50kw,46.5,madrid,0,20.31
LZ-EV-007128,12,31.9,fast_22kw,101.0,sevilla,0,32.77
LZ-EV-007129,4,33.6,slow_7kw,50.5,bilbao,1,33.92
LZ-EV-007130,21,51.8,rapid_50kw,51.1,sevilla,0,21.23
LZ-EV-007131,8,57.7,fast_22kw,74.4,bilbao,1,28.14
LZ-EV-007132,9,35.2,slow_7kw,49.5,murcia,0,24.61
LZ-EV-007133,20,65.2,fast_22kw,46.2,zaragoza,1,14.65
LZ-EV-007134,17,40.6,fast_22kw,73.7,barcelona,0,22.08
LZ-EV-007135,6,16.4,slow_7kw,61.1,malaga,0,33.43
LZ-EV-007136,10,40.3,slow_7kw,85.5,valencia,0,18.4
LZ-EV-007137,13,37.5,fast_22kw,65.6,sevilla,0,41.4
LZ-EV-007138,17,59.4,fast_22kw,47.4,murcia,0,16.84
LZ-EV-007139,3,67.6,rapid_50kw,70.7,murcia,0,20.64
LZ-EV-007140,22,55.1,fast_22kw,48.6,murcia,1,20.45
LZ-EV-007141,13,3.5,slow_7kw,59.8,sevilla,0,16.11
LZ-EV-007142,19,42.4,slow_7kw,80.1,bilbao,0,18.53
LZ-EV-007143,21,10.9,fast_22kw,72.6,malaga,0,19.71
LZ-EV-007144,4,64.9,slow_7kw,74.7,malaga,1,24.51
LZ-EV-007145,4,17.7,slow_7kw,76.5,zaragoza,0,53.63
LZ-EV-007146,4,21.1,slow_7kw,79.8,murcia,0,23.25
LZ-EV-007147,4,32.2,slow_7kw,84.9,bilbao,1,33.9
LZ-EV-007148,6,4.4,fast_22kw,77.0,malaga,1,33.69
LZ-EV-007149,5,20.8,rapid_50kw,66.8,zaragoza,1,22.37
LZ-EV-007150,15,29.9,slow_7kw,42.4,murcia,0,25.15
LZ-EV-007151,20,43.4,ultra_150kw,82.5,malaga,0,49.41
LZ-EV-007152,5,39.3,fast_22kw,67.8,sevilla,1,31.86
LZ-EV-007153,10,39.9,fast_22kw,69.3,malaga,1,25.09
LZ-EV-007154,19,60.5,slow_7kw,36.4,murcia,0,13.05
LZ-EV-007155,18,45.8,fast_22kw,93.6,malaga,0,29.92
LZ-EV-007156,13,31.0,slow_7kw,38.9,bilbao,0,25.65
LZ-EV-007157,17,60.2,slow_7kw,45.5,sevilla,0,16.94
LZ-EV-007158,16,45.6,fast_22kw,70.2,bilbao,0,33.45
LZ-EV-007159,20,42.6,fast_22kw,67.1,murcia,0,36.74
LZ-EV-007160,8,41.9,ultra_150kw,54.8,valencia,1,29.76
LZ-EV-007161,20,31.2,fast_22kw,49.9,valencia,0,34.11
LZ-EV-007162,10,9.0,slow_7kw,81.2,madrid,1,62.44
LZ-EV-007163,7,33.2,ultra_150kw,51.2,sevilla,0,31.93
LZ-EV-007164,17,54.9,slow_7kw,71.4,sevilla,1,31.61
LZ-EV-007165,2,64.9,slow_7kw,49.5,malaga,0,16.26
LZ-EV-007166,8,57.9,rapid_50kw,61.5,barcelona,0,24.58
LZ-EV-007167,12,57.1,slow_7kw,99.8,malaga,0,43.4
LZ-EV-007168,17,42.0,slow_7kw,58.8,madrid,0,30.45
LZ-EV-007169,17,38.2,rapid_50kw,63.3,barcelona,0,35.85
LZ-EV-007170,20,36.4,fast_22kw,36.9,murcia,1,14.29
LZ-EV-007171,7,27.9,rapid_50kw,44.1,valencia,0,31.72
LZ-EV-007172,1,16.5,fast_22kw,76.9,murcia,0,48.2
LZ-EV-007173,17,22.3,ultra_150kw,65.0,zaragoza,0,46.05
LZ-EV-007174,3,42.1,slow_7kw,41.1,zaragoza,0,22.05
LZ-EV-007175,20,73.3,rapid_50kw,89.2,valencia,0,18.17
LZ-EV-007176,10,24.3,slow_7kw,45.0,barcelona,0,29.41
LZ-EV-007177,11,52.0,fast_22kw,60.4,valencia,1,26.45
LZ-EV-007178,3,57.1,slow_7kw,38.4,valencia,0,15.13
LZ-EV-007179,7,68.2,slow_7kw,63.5,valencia,0,19.07
LZ-EV-007180,2,39.0,slow_7kw,47.6,valencia,0,24.13
LZ-EV-007181,23,20.5,fast_22kw,48.3,zaragoza,0,33.87
LZ-EV-007182,11,52.7,ultra_150kw,62.5,malaga,0,27.35
LZ-EV-007183,19,21.1,ultra_150kw,51.5,murcia,0,35.82
LZ-EV-007184,12,90.0,slow_7kw,69.0,barcelona,0,6.05
LZ-EV-007185,7,18.5,slow_7kw,33.7,valencia,1,25.38
LZ-EV-007186,15,16.9,fast_22kw,39.3,sevilla,0,30.52
LZ-EV-007187,3,32.5,fast_22kw,28.0,bilbao,0,16.97
LZ-EV-007188,14,30.0,slow_7kw,43.3,valencia,1,29.13
LZ-EV-007189,2,62.1,slow_7kw,59.1,malaga,1,20.99
LZ-EV-007190,12,39.2,slow_7kw,62.3,valencia,0,33.41
LZ-EV-007191,2,64.4,fast_22kw,85.3,barcelona,0,28.27
LZ-EV-007192,21,14.9,fast_22kw,78.1,malaga,0,26.5
LZ-EV-007193,17,56.8,rapid_50kw,87.7,malaga,0,13.79
LZ-EV-007194,19,31.2,rapid_50kw,51.0,zaragoza,0,14.9
LZ-EV-007195,5,29.2,ultra_150kw,43.8,malaga,0,27.55
LZ-EV-007196,9,42.4,slow_7kw,49.6,zaragoza,0,20.17
LZ-EV-007197,19,3.4,slow_7kw,77.2,sevilla,0,18.97
LZ-EV-007198,9,57.5,fast_22kw,59.1,malaga,1,23.08
LZ-EV-007199,0,15.3,rapid_50kw,42.2,murcia,0,25.61
LZ-EV-007200,9,29.7,fast_22kw,56.3,bilbao,0,35.46
LZ-EV-007201,22,2.0,fast_22kw,63.6,bilbao,0,59.8
LZ-EV-007202,13,44.1,ultra_150kw,52.3,sevilla,1,27.15
LZ-EV-007203,3,29.1,slow_7kw,39.2,sevilla,1,25.56
LZ-EV-007204,0,38.4,fast_22kw,75.1,bilbao,0,40.13
LZ-EV-007205,8,58.4,rapid_50kw,38.8,bilbao,0,15.1
LZ-EV-007206,22,58.3,rapid_50kw,54.2,sevilla,0,22.47
LZ-EV-007207,10,2.0,rapid_50kw,72.9,bilbao,0,59.31
LZ-EV-007208,16,60.5,fast_22kw,39.5,valencia,1,13.69
LZ-EV-007209,5,10.6,ultra_150kw,48.2,murcia,0,38.59
LZ-EV-007210,9,36.8,slow_7kw,63.5,sevilla,0,35.9
LZ-EV-007211,7,2.0,slow_7kw,44.0,barcelona,0,41.25
LZ-EV-007212,5,23.9,ultra_150kw,86.2,madrid,1,66.51
LZ-EV-007213,5,25.4,slow_7kw,33.2,zaragoza,0,22.07
LZ-EV-007214,4,41.4,slow_7kw,67.5,barcelona,0,37.1
LZ-EV-007215,13,41.5,slow_7kw,50.2,zaragoza,0,28.57
LZ-EV-007216,8,2.0,fast_22kw,80.7,barcelona,0,34.95
LZ-EV-007217,3,36.2,fast_22kw,74.6,madrid,0,32.24
LZ-EV-007218,8,50.0,rapid_50kw,54.0,valencia,0,17.99
LZ-EV-007219,19,39.6,ultra_150kw,91.1,barcelona,1,50.61
LZ-EV-007220,5,34.4,fast_22kw,61.7,malaga,1,23.67
LZ-EV-007221,4,19.1,ultra_150kw,45.6,madrid,0,32.56
LZ-EV-007222,9,18.8,slow_7kw,88.9,bilbao,0,38.1
LZ-EV-007223,20,62.3,slow_7kw,59.4,valencia,0,19.23
LZ-EV-007224,8,40.5,fast_22kw,43.5,bilbao,0,23.87
LZ-EV-007225,5,50.3,fast_22kw,60.8,barcelona,0,28.62
LZ-EV-007226,8,31.8,fast_22kw,59.5,bilbao,0,38.49
LZ-EV-007227,2,48.6,fast_22kw,73.9,madrid,1,37.31
LZ-EV-007228,15,49.8,slow_7kw,58.8,sevilla,1,28.29
LZ-EV-007229,14,37.4,rapid_50kw,61.9,malaga,1,37.0
LZ-EV-007230,16,60.6,rapid_50kw,51.6,barcelona,0,19.4
LZ-EV-007231,13,29.8,fast_22kw,78.9,barcelona,0,16.39
LZ-EV-007232,15,18.3,ultra_150kw,102.7,sevilla,0,47.09
LZ-EV-007233,2,37.6,rapid_50kw,70.3,murcia,0,27.95
LZ-EV-007234,6,42.1,fast_22kw,54.5,valencia,1,29.39
LZ-EV-007235,21,77.4,rapid_50kw,53.5,bilbao,0,10.89
LZ-EV-007236,12,25.8,ultra_150kw,76.1,sevilla,0,31.46
LZ-EV-007237,12,12.2,slow_7kw,53.9,murcia,1,46.65
LZ-EV-007238,8,25.5,rapid_50kw,89.1,barcelona,1,28.41
LZ-EV-007239,5,39.4,fast_22kw,33.9,madrid,1,20.8
LZ-EV-007240,6,39.0,ultra_150kw,56.6,barcelona,0,30.63
LZ-EV-007241,4,35.0,slow_7kw,59.4,sevilla,0,36.03
LZ-EV-007242,20,41.1,slow_7kw,81.1,murcia,1,44.77
LZ-EV-007243,23,47.2,fast_22kw,68.1,barcelona,0,29.12
LZ-EV-007244,8,32.3,fast_22kw,71.7,bilbao,0,35.91
LZ-EV-007245,6,65.2,rapid_50kw,66.3,valencia,1,15.83
LZ-EV-007246,10,30.5,slow_7kw,67.1,zaragoza,1,40.59
LZ-EV-007247,16,22.6,slow_7kw,74.1,barcelona,1,21.83
LZ-EV-007248,20,10.0,fast_22kw,68.6,madrid,0,39.56
LZ-EV-007249,9,19.1,ultra_150kw,47.2,sevilla,0,36.54
LZ-EV-007250,7,37.3,slow_7kw,77.1,barcelona,0,44.29
LZ-EV-007251,0,46.7,ultra_150kw,76.6,zaragoza,0,38.16
LZ-EV-007252,20,62.6,rapid_50kw,98.7,malaga,1,32.07
LZ-EV-007253,21,16.0,slow_7kw,63.3,murcia,0,37.38
LZ-EV-007254,10,35.9,ultra_150kw,82.1,sevilla,1,35.9
LZ-EV-007255,12,46.5,fast_22kw,60.1,barcelona,0,25.65
LZ-EV-007256,17,49.1,fast_22kw,51.4,bilbao,0,23.92
LZ-EV-007257,20,42.1,rapid_50kw,63.2,barcelona,0,32.78
LZ-EV-007258,12,66.9,fast_22kw,65.8,malaga,0,20.05
LZ-EV-007259,15,66.0,rapid_50kw,51.3,barcelona,1,16.55
LZ-EV-007260,10,22.8,fast_22kw,59.5,madrid,1,30.13
LZ-EV-007261,6,35.1,rapid_50kw,52.2,murcia,0,23.57
LZ-EV-007262,21,44.4,rapid_50kw,56.3,barcelona,0,24.46
LZ-EV-007263,20,44.1,fast_22kw,68.8,madrid,0,26.12
LZ-EV-007264,7,13.8,rapid_50kw,75.4,murcia,1,39.35
LZ-EV-007265,11,49.1,slow_7kw,74.5,murcia,0,39.36
LZ-EV-007266,9,28.1,fast_22kw,75.9,sevilla,0,38.24
LZ-EV-007267,6,34.1,ultra_150kw,64.5,valencia,0,34.58
LZ-EV-007268,6,41.4,fast_22kw,68.5,valencia,0,34.87
LZ-EV-007269,2,45.9,rapid_50kw,51.4,bilbao,1,24.4
LZ-EV-007270,4,31.0,fast_22kw,65.1,malaga,0,19.16
LZ-EV-007271,1,48.0,rapid_50kw,92.9,madrid,0,22.23
LZ-EV-007272,13,48.1,fast_22kw,63.8,madrid,0,26.7
LZ-EV-007273,4,50.1,ultra_150kw,72.6,barcelona,0,34.71
LZ-EV-007274,22,38.5,fast_22kw,52.4,malaga,1,30.51
LZ-EV-007275,6,61.9,ultra_150kw,49.4,barcelona,0,17.21
LZ-EV-007276,4,30.9,fast_22kw,56.8,bilbao,0,31.89
LZ-EV-007277,1,32.4,ultra_150kw,56.1,bilbao,0,31.66
LZ-EV-007278,2,65.6,fast_22kw,79.3,malaga,0,25.22
LZ-EV-007279,10,51.5,slow_7kw,56.7,valencia,0,25.52
LZ-EV-007280,15,30.9,slow_7kw,47.4,murcia,0,33.96
LZ-EV-007281,5,50.8,slow_7kw,64.9,zaragoza,1,24.4
LZ-EV-007282,1,43.1,slow_7kw,75.1,bilbao,0,41.87
LZ-EV-007283,3,29.8,fast_22kw,82.7,barcelona,0,57.43
LZ-EV-007284,14,68.1,slow_7kw,94.9,malaga,0,28.53
LZ-EV-007285,20,86.7,fast_22kw,63.3,sevilla,0,8.17
LZ-EV-007286,11,50.1,fast_22kw,82.4,sevilla,0,24.99
LZ-EV-007287,16,50.5,fast_22kw,58.3,malaga,0,26.25
LZ-EV-007288,6,46.3,rapid_50kw,63.7,bilbao,1,16.99
LZ-EV-007289,2,11.6,ultra_150kw,68.5,bilbao,1,27.1
LZ-EV-007290,8,27.3,fast_22kw,58.1,madrid,0,36.67
LZ-EV-007291,10,44.7,rapid_50kw,71.4,barcelona,1,36.05
LZ-EV-007292,13,51.6,fast_22kw,98.8,sevilla,0,41.45
LZ-EV-007293,4,15.9,fast_22kw,55.2,valencia,0,44.19
LZ-EV-007294,10,2.0,rapid_50kw,78.8,murcia,0,28.16
LZ-EV-007295,21,38.8,rapid_50kw,68.7,madrid,0,14.26
LZ-EV-007296,14,54.6,ultra_150kw,46.3,madrid,1,20.64
LZ-EV-007297,20,14.3,rapid_50kw,41.0,valencia,1,33.24
LZ-EV-007298,15,68.0,fast_22kw,44.6,barcelona,0,12.67
LZ-EV-007299,15,20.4,ultra_150kw,67.8,zaragoza,0,23.4
LZ-EV-007300,14,10.7,slow_7kw,85.1,sevilla,0,23.97
LZ-EV-007301,0,2.0,fast_22kw,75.3,murcia,1,35.47
LZ-EV-007302,6,48.0,rapid_50kw,63.7,bilbao,0,14.43
LZ-EV-007303,4,65.4,fast_22kw,55.6,bilbao,0,16.43
LZ-EV-007304,2,31.6,slow_7kw,47.9,murcia,0,27.18
LZ-EV-007305,21,12.6,slow_7kw,81.7,malaga,0,44.51
LZ-EV-007306,3,35.0,rapid_50kw,50.3,zaragoza,1,33.99
LZ-EV-007307,23,37.9,fast_22kw,60.8,malaga,0,15.0
LZ-EV-007308,8,53.1,rapid_50kw,73.3,malaga,0,28.54
LZ-EV-007309,7,16.8,fast_22kw,73.8,barcelona,1,57.08
LZ-EV-007310,17,63.6,slow_7kw,73.4,zaragoza,1,24.73
LZ-EV-007311,20,23.4,fast_22kw,45.0,madrid,1,31.55
LZ-EV-007312,23,72.5,fast_22kw,50.7,sevilla,0,13.4
LZ-EV-007313,7,41.3,fast_22kw,66.0,murcia,0,29.01
LZ-EV-007314,17,37.1,fast_22kw,82.1,sevilla,0,47.72
LZ-EV-007315,9,11.5,fast_22kw,71.8,madrid,0,32.61
LZ-EV-007316,19,22.1,fast_22kw,55.9,barcelona,0,39.74
LZ-EV-007317,3,72.7,fast_22kw,56.0,valencia,0,14.18
LZ-EV-007318,19,30.3,fast_22kw,44.8,madrid,0,25.99
LZ-EV-007319,15,36.9,slow_7kw,75.6,barcelona,1,43.44
LZ-EV-007320,6,2.0,fast_22kw,77.7,sevilla,1,62.19
LZ-EV-007321,4,15.4,slow_7kw,83.1,zaragoza,1,40.13
LZ-EV-007322,18,2.0,fast_22kw,43.3,bilbao,0,38.64
LZ-EV-007323,8,34.3,fast_22kw,87.9,barcelona,0,36.14
LZ-EV-007324,21,52.6,rapid_50kw,61.9,bilbao,0,25.4
LZ-EV-007325,1,19.3,fast_22kw,54.3,sevilla,1,32.83
LZ-EV-007326,5,45.6,slow_7kw,38.5,bilbao,0,19.83
LZ-EV-007327,3,37.3,slow_7kw,66.8,murcia,0,37.27
LZ-EV-007328,9,47.3,fast_22kw,30.6,bilbao,1,14.24
LZ-EV-007329,2,49.4,fast_22kw,89.6,sevilla,0,38.86
LZ-EV-007330,10,32.3,slow_7kw,76.9,barcelona,0,32.52
LZ-EV-007331,17,43.6,slow_7kw,60.3,sevilla,1,26.66
LZ-EV-007332,4,60.2,slow_7kw,78.3,zaragoza,0,27.14
LZ-EV-007333,4,64.4,slow_7kw,55.8,malaga,1,16.92
LZ-EV-007334,14,32.9,rapid_50kw,67.7,bilbao,0,31.58
LZ-EV-007335,3,38.4,slow_7kw,60.6,bilbao,0,32.05
LZ-EV-007336,15,29.3,fast_22kw,68.4,barcelona,1,39.27
LZ-EV-007337,5,18.4,fast_22kw,62.3,murcia,0,50.05
LZ-EV-007338,20,46.3,fast_22kw,62.2,murcia,1,29.1
LZ-EV-007339,4,37.0,slow_7kw,74.9,sevilla,1,43.87
LZ-EV-007340,7,36.7,ultra_150kw,84.5,malaga,0,56.62
LZ-EV-007341,3,19.8,ultra_150kw,74.8,valencia,1,32.84
LZ-EV-007342,11,18.5,rapid_50kw,52.4,bilbao,1,22.16
LZ-EV-007343,21,29.3,fast_22kw,77.1,malaga,0,36.73
LZ-EV-007344,5,55.4,fast_22kw,76.3,barcelona,0,24.49
LZ-EV-007345,12,49.3,slow_7kw,62.1,bilbao,1,29.03
LZ-EV-007346,9,45.5,slow_7kw,75.3,murcia,0,40.6
LZ-EV-007347,3,11.9,rapid_50kw,39.7,zaragoza,0,25.09
LZ-EV-007348,23,10.4,slow_7kw,64.3,sevilla,0,52.69
LZ-EV-007349,1,34.0,fast_22kw,64.4,madrid,0,36.1
LZ-EV-007350,15,50.0,slow_7kw,65.6,murcia,0,31.89
LZ-EV-007351,22,47.7,slow_7kw,70.7,barcelona,0,13.39
LZ-EV-007352,11,61.2,fast_22kw,92.2,zaragoza,0,30.77
LZ-EV-007353,21,20.1,slow_7kw,60.1,sevilla,0,25.41
LZ-EV-007354,14,2.0,slow_7kw,61.3,sevilla,1,40.45
LZ-EV-007355,21,43.6,ultra_150kw,83.8,murcia,0,41.62
LZ-EV-007356,19,29.5,fast_22kw,60.1,madrid,1,35.88
LZ-EV-007357,6,72.1,fast_22kw,49.3,murcia,0,12.72
LZ-EV-007358,3,43.2,slow_7kw,59.7,barcelona,1,32.0
LZ-EV-007359,4,23.1,ultra_150kw,60.1,valencia,1,28.56
LZ-EV-007360,20,41.6,ultra_150kw,74.3,bilbao,1,44.21
LZ-EV-007361,18,49.9,slow_7kw,53.8,murcia,1,23.04
LZ-EV-007362,19,26.5,slow_7kw,80.0,valencia,1,15.24
LZ-EV-007363,19,43.2,rapid_50kw,63.3,bilbao,0,21.83
LZ-EV-007364,12,21.7,ultra_150kw,56.1,valencia,0,24.16
LZ-EV-007365,17,26.4,slow_7kw,43.8,valencia,0,17.5
LZ-EV-007366,5,54.0,slow_7kw,48.4,malaga,0,21.33
LZ-EV-007367,5,39.3,rapid_50kw,63.8,barcelona,0,25.13
LZ-EV-007368,22,33.9,fast_22kw,94.8,barcelona,1,43.63
LZ-EV-007369,9,70.3,rapid_50kw,55.0,valencia,0,14.54
LZ-EV-007370,4,64.8,fast_22kw,82.4,barcelona,1,20.87
LZ-EV-007371,12,17.1,slow_7kw,58.5,sevilla,0,41.0
LZ-EV-007372,4,56.7,rapid_50kw,33.8,murcia,0,13.81
LZ-EV-007373,10,60.1,fast_22kw,58.2,malaga,0,21.29
LZ-EV-007374,20,68.6,ultra_150kw,61.4,murcia,0,17.8
LZ-EV-007375,23,14.0,slow_7kw,51.5,murcia,0,31.29
LZ-EV-007376,15,56.6,slow_7kw,55.0,bilbao,0,22.83
LZ-EV-007377,18,22.1,fast_22kw,63.2,madrid,0,28.56
LZ-EV-007378,12,82.1,slow_7kw,32.4,valencia,0,5.53
LZ-EV-007379,8,21.8,slow_7kw,49.8,bilbao,0,35.9
LZ-EV-007380,6,49.1,rapid_50kw,56.5,bilbao,0,25.77
LZ-EV-007381,22,31.1,slow_7kw,69.6,sevilla,0,42.1
LZ-EV-007382,3,34.5,ultra_150kw,63.1,murcia,1,36.27
LZ-EV-007383,22,58.5,rapid_50kw,58.4,malaga,0,20.08
LZ-EV-007384,23,30.5,fast_22kw,78.4,zaragoza,0,39.81
LZ-EV-007385,3,52.1,rapid_50kw,43.2,madrid,0,18.2
LZ-EV-007386,19,52.2,slow_7kw,64.4,sevilla,1,29.23
LZ-EV-007387,22,51.3,slow_7kw,42.2,sevilla,0,18.39
LZ-EV-007388,12,35.4,fast_22kw,65.9,barcelona,0,38.51
LZ-EV-007389,16,43.8,slow_7kw,73.2,malaga,0,20.83
LZ-EV-007390,8,40.1,fast_22kw,76.7,malaga,1,42.84
LZ-EV-007391,3,2.0,slow_7kw,67.0,madrid,0,31.37
LZ-EV-007392,0,41.0,slow_7kw,70.2,valencia,0,34.9
LZ-EV-007393,17,73.3,rapid_50kw,73.6,zaragoza,0,18.8
LZ-EV-007394,19,48.8,fast_22kw,63.9,zaragoza,0,30.21
LZ-EV-007395,4,12.4,rapid_50kw,35.7,barcelona,1,30.62
LZ-EV-007396,17,39.5,fast_22kw,45.5,barcelona,1,23.87
LZ-EV-007397,21,59.6,slow_7kw,28.0,murcia,0,10.31
LZ-EV-007398,8,23.2,slow_7kw,52.1,madrid,0,29.48
LZ-EV-007399,18,74.0,fast_22kw,60.1,madrid,0,15.01
LZ-EV-007400,16,53.3,fast_22kw,74.8,bilbao,0,16.05
LZ-EV-007401,13,22.9,fast_22kw,61.6,sevilla,1,31.05
LZ-EV-007402,23,55.5,fast_22kw,37.4,murcia,0,15.23
LZ-EV-007403,8,5.5,rapid_50kw,77.6,zaragoza,1,24.04
LZ-EV-007404,22,28.0,ultra_150kw,52.3,sevilla,0,36.04
LZ-EV-007405,11,36.5,fast_22kw,57.4,sevilla,0,32.74
LZ-EV-007406,3,36.0,slow_7kw,56.1,bilbao,0,33.61
LZ-EV-007407,9,28.0,fast_22kw,71.4,murcia,0,44.93
LZ-EV-007408,16,32.2,fast_22kw,66.6,barcelona,0,39.64
LZ-EV-007409,21,25.8,ultra_150kw,64.4,zaragoza,0,49.23
LZ-EV-007410,18,35.3,fast_22kw,28.0,malaga,0,14.97
LZ-EV-007411,15,17.5,slow_7kw,54.6,barcelona,0,15.64
LZ-EV-007412,23,53.6,slow_7kw,34.2,valencia,1,14.97
LZ-EV-007413,18,39.8,fast_22kw,66.5,malaga,0,33.46
LZ-EV-007414,0,31.5,slow_7kw,74.4,malaga,0,26.11
LZ-EV-007415,6,32.5,rapid_50kw,75.6,valencia,0,23.59
LZ-EV-007416,5,28.9,fast_22kw,43.1,bilbao,1,27.64
LZ-EV-007417,12,18.8,slow_7kw,56.6,sevilla,1,33.68
LZ-EV-007418,2,47.9,fast_22kw,41.9,valencia,0,19.97
LZ-EV-007419,17,48.8,slow_7kw,50.3,malaga,0,26.76
LZ-EV-007420,20,23.8,fast_22kw,55.3,madrid,1,35.7
LZ-EV-007421,0,11.6,slow_7kw,66.0,bilbao,0,20.23
LZ-EV-007422,16,66.2,fast_22kw,72.6,murcia,1,23.91
LZ-EV-007423,17,52.6,fast_22kw,45.5,valencia,0,22.3
LZ-EV-007424,4,7.5,slow_7kw,56.4,murcia,0,49.27
LZ-EV-007425,23,38.8,slow_7kw,77.8,malaga,0,33.98
LZ-EV-007426,18,20.7,slow_7kw,63.8,malaga,0,49.0
LZ-EV-007427,9,15.9,slow_7kw,51.1,zaragoza,1,40.15
LZ-EV-007428,15,53.8,rapid_50kw,66.0,zaragoza,0,20.28
LZ-EV-007429,15,47.0,fast_22kw,62.2,zaragoza,0,29.65
LZ-EV-007430,9,26.4,slow_7kw,53.6,bilbao,0,36.77
LZ-EV-007431,4,38.6,fast_22kw,80.6,madrid,0,47.92
LZ-EV-007432,8,13.4,rapid_50kw,52.5,murcia,0,25.4
LZ-EV-007433,22,19.1,slow_7kw,28.0,sevilla,0,22.87
LZ-EV-007434,20,30.9,rapid_50kw,76.5,zaragoza,1,40.8
LZ-EV-007435,22,56.7,rapid_50kw,75.2,valencia,0,26.07
LZ-EV-007436,7,54.1,fast_22kw,69.4,sevilla,1,24.64
LZ-EV-007437,12,78.1,rapid_50kw,67.1,valencia,0,14.44
LZ-EV-007438,13,35.2,rapid_50kw,41.2,valencia,0,15.85
LZ-EV-007439,4,36.6,rapid_50kw,82.3,valencia,0,48.94
LZ-EV-007440,0,39.5,slow_7kw,70.4,malaga,1,33.52
LZ-EV-007441,21,8.0,slow_7kw,70.4,sevilla,0,45.34
LZ-EV-007442,16,55.6,slow_7kw,40.5,malaga,0,16.84
LZ-EV-007443,12,83.7,fast_22kw,71.8,malaga,0,10.69
LZ-EV-007444,11,39.8,fast_22kw,67.7,valencia,0,27.26
LZ-EV-007445,1,38.8,fast_22kw,36.4,valencia,0,22.37
LZ-EV-007446,1,72.4,fast_22kw,82.8,zaragoza,0,17.35
LZ-EV-007447,22,26.7,slow_7kw,58.6,malaga,0,23.17
LZ-EV-007448,8,40.5,rapid_50kw,72.3,zaragoza,1,42.06
LZ-EV-007449,11,40.9,fast_22kw,62.3,malaga,0,25.13
LZ-EV-007450,3,26.4,fast_22kw,101.8,valencia,0,35.85
LZ-EV-007451,22,60.1,slow_7kw,57.8,zaragoza,1,20.63
LZ-EV-007452,14,28.6,fast_22kw,62.5,barcelona,0,42.24
LZ-EV-007453,6,42.5,ultra_150kw,86.4,zaragoza,1,31.34
LZ-EV-007454,14,26.1,rapid_50kw,52.2,madrid,0,34.1
LZ-EV-007455,13,33.2,rapid_50kw,65.1,valencia,0,38.67
LZ-EV-007456,7,52.1,slow_7kw,28.0,malaga,0,14.03
LZ-EV-007457,0,42.5,slow_7kw,64.8,zaragoza,1,38.0
LZ-EV-007458,23,43.4,slow_7kw,71.4,sevilla,1,35.71
LZ-EV-007459,0,25.9,slow_7kw,77.4,murcia,0,24.93
LZ-EV-007460,14,25.5,fast_22kw,67.6,malaga,1,45.9
LZ-EV-007461,18,54.5,fast_22kw,64.7,malaga,0,27.85
LZ-EV-007462,16,36.6,fast_22kw,70.2,sevilla,0,46.83
LZ-EV-007463,23,76.1,rapid_50kw,46.8,murcia,0,10.2
LZ-EV-007464,3,24.0,slow_7kw,66.2,malaga,0,41.95
LZ-EV-007465,22,35.7,ultra_150kw,57.1,madrid,0,20.35
LZ-EV-007466,1,51.4,fast_22kw,41.9,bilbao,0,18.9
LZ-EV-007467,9,21.3,slow_7kw,59.4,malaga,0,41.52
LZ-EV-007468,13,46.5,slow_7kw,74.6,valencia,1,37.09
LZ-EV-007469,22,56.0,slow_7kw,93.6,zaragoza,0,19.01
LZ-EV-007470,5,66.9,rapid_50kw,49.8,madrid,0,14.88
LZ-EV-007471,5,73.9,slow_7kw,53.3,valencia,0,12.36
LZ-EV-007472,8,25.0,rapid_50kw,78.6,barcelona,0,28.16
LZ-EV-007473,2,2.0,rapid_50kw,34.9,zaragoza,1,11.58
LZ-EV-007474,7,64.4,ultra_150kw,86.2,malaga,0,27.59
LZ-EV-007475,2,55.4,slow_7kw,71.6,malaga,0,29.99
LZ-EV-007476,23,55.9,slow_7kw,69.8,barcelona,1,27.63
LZ-EV-007477,18,46.5,fast_22kw,41.8,valencia,0,21.21
LZ-EV-007478,13,37.3,slow_7kw,82.9,madrid,0,38.14
LZ-EV-007479,9,2.0,slow_7kw,55.2,valencia,0,30.76
LZ-EV-007480,7,58.5,slow_7kw,54.7,murcia,0,21.03
LZ-EV-007481,8,54.3,slow_7kw,87.1,malaga,0,34.77
LZ-EV-007482,6,29.0,slow_7kw,46.8,malaga,0,31.83
LZ-EV-007483,17,67.9,rapid_50kw,63.5,valencia,0,18.29
LZ-EV-007484,8,56.9,fast_22kw,75.8,valencia,0,30.52
LZ-EV-007485,19,9.6,slow_7kw,62.1,valencia,0,62.99
LZ-EV-007486,21,55.0,rapid_50kw,65.5,valencia,0,20.38
LZ-EV-007487,7,28.5,fast_22kw,67.6,malaga,0,43.99
LZ-EV-007488,23,45.7,slow_7kw,58.8,bilbao,1,30.0
LZ-EV-007489,7,18.5,slow_7kw,54.8,murcia,1,44.45
LZ-EV-007490,7,47.1,slow_7kw,44.0,malaga,0,20.41
LZ-EV-007491,23,53.6,slow_7kw,80.8,sevilla,0,35.36
LZ-EV-007492,17,68.0,ultra_150kw,52.8,valencia,1,16.17
LZ-EV-007493,19,24.1,rapid_50kw,77.9,madrid,0,36.84
LZ-EV-007494,4,34.8,ultra_150kw,58.2,madrid,0,36.13
LZ-EV-007495,21,48.0,slow_7kw,52.6,barcelona,0,25.9
LZ-EV-007496,2,55.5,slow_7kw,31.1,sevilla,0,13.11
LZ-EV-007497,8,27.0,rapid_50kw,60.5,murcia,0,31.92
LZ-EV-007498,21,25.3,fast_22kw,59.8,valencia,1,37.81
LZ-EV-007499,2,44.4,fast_22kw,30.4,bilbao,1,13.63
LZ-EV-007500,5,37.9,ultra_150kw,63.4,bilbao,0,31.87
LZ-EV-007501,14,18.8,fast_22kw,34.3,sevilla,1,19.13
LZ-EV-007502,19,12.4,ultra_150kw,91.5,madrid,0,25.6
LZ-EV-007503,5,49.0,ultra_150kw,70.0,malaga,0,31.58
LZ-EV-007504,19,14.7,fast_22kw,46.8,valencia,1,32.24
LZ-EV-007505,23,42.1,slow_7kw,50.7,valencia,0,25.21
LZ-EV-007506,6,26.5,ultra_150kw,38.3,barcelona,1,24.45
LZ-EV-007507,1,63.7,rapid_50kw,62.0,valencia,0,20.48
LZ-EV-007508,1,9.7,slow_7kw,42.1,malaga,0,33.19
LZ-EV-007509,16,23.0,fast_22kw,77.8,valencia,0,42.77
LZ-EV-007510,15,36.3,fast_22kw,51.4,madrid,0,31.73
LZ-EV-007511,6,35.7,slow_7kw,75.6,murcia,0,43.49
LZ-EV-007512,0,43.8,fast_22kw,69.5,barcelona,0,32.34
LZ-EV-007513,5,33.5,ultra_150kw,64.9,madrid,0,42.85
LZ-EV-007514,12,27.6,fast_22kw,58.6,madrid,0,32.9
LZ-EV-007515,17,45.4,rapid_50kw,57.7,bilbao,0,23.13
LZ-EV-007516,5,24.6,rapid_50kw,42.7,valencia,0,27.64
LZ-EV-007517,1,59.5,rapid_50kw,39.2,zaragoza,1,13.74
LZ-EV-007518,20,18.6,rapid_50kw,62.6,malaga,1,20.32
LZ-EV-007519,18,38.2,slow_7kw,57.4,malaga,1,32.08
LZ-EV-007520,13,54.4,slow_7kw,84.7,madrid,0,35.14
LZ-EV-007521,22,38.5,fast_22kw,62.8,valencia,1,33.45
LZ-EV-007522,13,71.5,slow_7kw,59.1,malaga,0,15.82
LZ-EV-007523,13,39.4,slow_7kw,52.8,zaragoza,0,25.91
LZ-EV-007524,9,32.5,fast_22kw,62.2,malaga,1,40.1
LZ-EV-007525,15,39.3,slow_7kw,81.0,zaragoza,1,38.38
LZ-EV-007526,4,40.6,slow_7kw,67.6,zaragoza,0,22.74
LZ-EV-007527,2,46.3,slow_7kw,99.5,bilbao,0,44.28
LZ-EV-007528,16,39.5,rapid_50kw,54.2,sevilla,0,31.35
LZ-EV-007529,0,42.4,slow_7kw,87.3,bilbao,0,23.56
LZ-EV-007530,0,35.8,rapid_50kw,80.4,malaga,0,19.57
LZ-EV-007531,3,70.5,rapid_50kw,92.6,barcelona,1,21.56
LZ-EV-007532,9,56.9,fast_22kw,73.7,bilbao,1,28.84
LZ-EV-007533,19,42.6,fast_22kw,48.8,zaragoza,0,27.65
LZ-EV-007534,13,20.9,rapid_50kw,60.6,valencia,0,37.87
LZ-EV-007535,19,23.4,fast_22kw,68.5,valencia,0,49.62
LZ-EV-007536,23,48.3,rapid_50kw,89.4,bilbao,0,35.67
LZ-EV-007537,8,13.9,rapid_50kw,79.0,murcia,0,34.73
LZ-EV-007538,12,26.0,fast_22kw,80.3,murcia,0,51.55
LZ-EV-007539,15,29.7,fast_22kw,88.2,madrid,1,44.12
LZ-EV-007540,3,47.0,slow_7kw,57.2,barcelona,0,26.3
LZ-EV-007541,20,24.9,slow_7kw,81.3,madrid,0,64.78
LZ-EV-007542,22,30.1,fast_22kw,60.1,sevilla,0,38.71
LZ-EV-007543,22,58.2,rapid_50kw,64.5,madrid,0,23.9
LZ-EV-007544,21,41.7,slow_7kw,62.0,bilbao,0,33.81
LZ-EV-007545,20,65.2,fast_22kw,58.5,bilbao,0,20.54
LZ-EV-007546,19,5.8,fast_22kw,58.3,zaragoza,0,35.96
LZ-EV-007547,0,2.0,fast_22kw,64.1,barcelona,0,42.74
LZ-EV-007548,23,48.1,slow_7kw,63.9,valencia,1,29.51
LZ-EV-007549,7,47.8,ultra_150kw,69.3,madrid,0,31.76
LZ-EV-007550,18,15.4,rapid_50kw,46.5,murcia,0,22.06
LZ-EV-007551,3,45.3,fast_22kw,84.5,bilbao,0,46.15
LZ-EV-007552,0,51.0,rapid_50kw,91.9,malaga,1,14.89
LZ-EV-007553,12,60.5,slow_7kw,71.6,bilbao,0,28.18
LZ-EV-007554,1,61.5,ultra_150kw,60.2,barcelona,0,22.7
LZ-EV-007555,0,44.3,fast_22kw,70.5,zaragoza,0,34.73
LZ-EV-007556,9,14.3,rapid_50kw,59.2,murcia,0,39.41
LZ-EV-007557,17,44.0,fast_22kw,68.4,sevilla,1,35.54
LZ-EV-007558,21,42.3,slow_7kw,80.6,zaragoza,0,34.73
LZ-EV-007559,5,2.0,rapid_50kw,53.1,bilbao,0,24.75
LZ-EV-007560,5,52.5,fast_22kw,80.0,barcelona,0,23.55
LZ-EV-007561,4,47.3,slow_7kw,73.7,madrid,0,22.46
LZ-EV-007562,2,55.9,slow_7kw,68.2,bilbao,0,24.24
LZ-EV-007563,12,19.2,fast_22kw,67.9,madrid,0,48.41
LZ-EV-007564,8,42.9,slow_7kw,47.8,murcia,0,25.81
LZ-EV-007565,20,29.1,rapid_50kw,66.1,barcelona,0,33.17
LZ-EV-007566,10,31.7,ultra_150kw,69.1,murcia,1,46.99
LZ-EV-007567,7,25.5,slow_7kw,35.2,malaga,0,28.9
LZ-EV-007568,6,52.8,fast_22kw,37.3,barcelona,0,14.54
LZ-EV-007569,18,59.4,slow_7kw,32.7,barcelona,0,12.62
LZ-EV-007570,10,58.6,rapid_50kw,68.0,barcelona,1,18.71
LZ-EV-007571,22,28.5,rapid_50kw,65.6,barcelona,0,24.64
LZ-EV-007572,14,34.9,fast_22kw,72.0,murcia,0,39.25
LZ-EV-007573,22,60.3,rapid_50kw,52.3,valencia,0,16.49
LZ-EV-007574,9,42.4,rapid_50kw,49.2,zaragoza,0,20.78
LZ-EV-007575,8,17.7,slow_7kw,45.1,bilbao,1,33.17
LZ-EV-007576,15,53.6,slow_7kw,50.1,sevilla,1,20.44
LZ-EV-007577,20,40.8,fast_22kw,95.5,valencia,0,54.11
LZ-EV-007578,18,26.9,slow_7kw,28.0,murcia,1,17.8
LZ-EV-007579,17,10.9,fast_22kw,81.3,sevilla,0,45.65
LZ-EV-007580,6,13.1,slow_7kw,65.4,valencia,0,30.91
LZ-EV-007581,2,32.0,fast_22kw,59.3,sevilla,1,31.89
LZ-EV-007582,9,25.2,rapid_50kw,44.2,zaragoza,1,33.35
LZ-EV-007583,11,32.7,fast_22kw,46.4,murcia,0,24.07
LZ-EV-007584,2,63.4,ultra_150kw,93.4,murcia,0,32.64
LZ-EV-007585,5,13.8,fast_22kw,66.8,valencia,0,36.06
LZ-EV-007586,17,62.6,fast_22kw,56.1,malaga,1,20.58
LZ-EV-007587,22,28.1,fast_22kw,28.0,zaragoza,0,21.45
LZ-EV-007588,0,58.7,fast_22kw,51.3,murcia,1,18.79
LZ-EV-007589,10,63.3,slow_7kw,67.1,barcelona,0,23.17
LZ-EV-007590,8,39.8,fast_22kw,61.0,sevilla,0,36.1
LZ-EV-007591,5,26.5,rapid_50kw,42.4,barcelona,1,28.7
LZ-EV-007592,9,16.7,slow_7kw,50.7,malaga,0,39.25
LZ-EV-007593,1,43.8,rapid_50kw,52.5,barcelona,0,17.72
LZ-EV-007594,15,41.9,slow_7kw,41.3,barcelona,1,20.59
LZ-EV-007595,3,14.1,slow_7kw,41.6,zaragoza,1,34.44
LZ-EV-007596,13,16.8,fast_22kw,69.3,bilbao,0,33.08
LZ-EV-007597,12,46.7,fast_22kw,69.3,valencia,0,38.16
LZ-EV-007598,9,10.3,rapid_50kw,79.7,sevilla,0,30.38
LZ-EV-007599,18,30.8,slow_7kw,57.1,valencia,0,32.21
LZ-EV-007600,21,29.0,ultra_150kw,33.6,valencia,0,22.64
LZ-EV-007601,14,48.6,ultra_150kw,75.1,zaragoza,0,33.22
LZ-EV-007602,23,45.3,slow_7kw,45.1,sevilla,1,24.16
LZ-EV-007603,21,43.0,rapid_50kw,77.6,murcia,0,30.84
LZ-EV-007604,23,16.3,slow_7kw,65.6,valencia,0,48.79
LZ-EV-007605,3,44.4,slow_7kw,69.1,barcelona,1,33.14
LZ-EV-007606,7,39.6,ultra_150kw,78.8,sevilla,0,28.39
LZ-EV-007607,8,13.7,fast_22kw,43.8,madrid,0,37.62
LZ-EV-007608,3,47.9,slow_7kw,51.0,malaga,0,17.56
LZ-EV-007609,2,35.4,fast_22kw,57.5,madrid,1,31.75
LZ-EV-007610,20,56.2,slow_7kw,55.0,madrid,0,24.67
LZ-EV-007611,19,10.7,rapid_50kw,65.3,murcia,0,29.36
LZ-EV-007612,3,38.4,slow_7kw,59.7,madrid,0,27.02
LZ-EV-007613,21,46.2,fast_22kw,49.9,zaragoza,0,22.36
LZ-EV-007614,23,32.8,fast_22kw,47.8,barcelona,1,32.57
LZ-EV-007615,2,21.6,rapid_50kw,103.1,barcelona,0,32.06
LZ-EV-007616,22,41.7,fast_22kw,87.2,bilbao,1,52.05
LZ-EV-007617,16,42.8,fast_22kw,74.3,zaragoza,1,38.27
LZ-EV-007618,22,37.3,fast_22kw,52.7,murcia,0,27.21
LZ-EV-007619,9,2.0,rapid_50kw,58.7,zaragoza,0,41.42
LZ-EV-007620,2,54.7,fast_22kw,66.5,zaragoza,1,26.43
LZ-EV-007621,10,22.6,fast_22kw,91.3,murcia,0,31.4
LZ-EV-007622,2,14.0,rapid_50kw,100.8,murcia,0,20.7
LZ-EV-007623,12,44.9,fast_22kw,54.5,valencia,0,25.68
LZ-EV-007624,2,41.2,fast_22kw,57.4,madrid,0,24.75
LZ-EV-007625,6,16.5,fast_22kw,87.4,barcelona,0,45.6
LZ-EV-007626,21,16.5,slow_7kw,40.6,murcia,0,34.74
LZ-EV-007627,3,49.5,slow_7kw,48.4,malaga,0,21.73
LZ-EV-007628,17,54.9,fast_22kw,75.0,valencia,1,31.22
LZ-EV-007629,21,7.7,rapid_50kw,72.6,zaragoza,0,27.18
LZ-EV-007630,13,14.3,fast_22kw,71.6,valencia,0,46.56
LZ-EV-007631,7,47.5,slow_7kw,75.7,valencia,0,38.19
LZ-EV-007632,1,25.8,slow_7kw,38.2,madrid,1,24.21
LZ-EV-007633,7,48.6,fast_22kw,39.1,barcelona,0,16.56
LZ-EV-007634,2,33.9,fast_22kw,87.8,zaragoza,0,30.08
LZ-EV-007635,20,38.8,ultra_150kw,62.7,madrid,0,22.63
LZ-EV-007636,9,41.8,slow_7kw,64.5,valencia,1,36.52
LZ-EV-007637,23,25.2,rapid_50kw,40.7,sevilla,0,31.11
LZ-EV-007638,16,39.8,fast_22kw,84.5,barcelona,0,46.17
LZ-EV-007639,13,50.8,slow_7kw,87.6,valencia,0,18.34
LZ-EV-007640,8,45.3,fast_22kw,69.8,malaga,1,28.51
LZ-EV-007641,13,41.3,slow_7kw,92.0,zaragoza,0,52.48
LZ-EV-007642,23,53.9,fast_22kw,55.5,madrid,0,24.46
LZ-EV-007643,8,39.0,slow_7kw,69.3,madrid,0,23.15
LZ-EV-007644,17,51.4,slow_7kw,78.3,zaragoza,0,37.18
LZ-EV-007645,3,16.7,slow_7kw,53.0,bilbao,0,40.22
LZ-EV-007646,9,43.0,slow_7kw,71.0,barcelona,0,14.12
LZ-EV-007647,13,24.5,slow_7kw,49.1,murcia,0,36.44
LZ-EV-007648,15,34.0,ultra_150kw,99.0,barcelona,0,61.36
LZ-EV-007649,3,65.7,rapid_50kw,64.9,sevilla,0,21.26
LZ-EV-007650,6,12.4,slow_7kw,69.0,sevilla,1,59.03
LZ-EV-007651,16,50.4,slow_7kw,87.5,barcelona,0,43.57
LZ-EV-007652,5,33.0,slow_7kw,69.3,murcia,0,22.78
LZ-EV-007653,1,37.6,rapid_50kw,76.6,valencia,0,19.18
LZ-EV-007654,22,48.5,fast_22kw,52.3,madrid,1,24.06
LZ-EV-007655,20,36.9,rapid_50kw,74.2,sevilla,0,25.38
LZ-EV-007656,6,15.3,fast_22kw,56.9,madrid,0,45.14
LZ-EV-007657,19,60.3,slow_7kw,54.0,valencia,0,20.28
LZ-EV-007658,0,15.6,slow_7kw,57.4,madrid,0,36.63
LZ-EV-007659,4,60.0,fast_22kw,89.4,barcelona,1,26.95
LZ-EV-007660,12,55.6,slow_7kw,47.4,bilbao,0,16.51
LZ-EV-007661,12,39.4,slow_7kw,69.3,sevilla,0,41.3
LZ-EV-007662,3,14.7,fast_22kw,67.4,madrid,0,33.52
LZ-EV-007663,4,31.4,slow_7kw,42.8,malaga,0,28.8
LZ-EV-007664,3,30.2,slow_7kw,53.7,zaragoza,1,33.67
LZ-EV-007665,20,58.2,slow_7kw,88.1,malaga,0,35.5
LZ-EV-007666,23,64.6,slow_7kw,68.9,murcia,1,24.05
LZ-EV-007667,16,62.8,ultra_150kw,41.5,madrid,0,14.84
LZ-EV-007668,19,67.9,rapid_50kw,73.6,valencia,0,21.58
LZ-EV-007669,6,50.0,fast_22kw,85.2,valencia,0,40.06
LZ-EV-007670,11,22.6,fast_22kw,66.7,murcia,0,48.29
LZ-EV-007671,10,25.4,fast_22kw,56.1,madrid,1,39.61
LZ-EV-007672,3,52.8,slow_7kw,39.2,malaga,0,15.4
LZ-EV-007673,1,19.3,fast_22kw,62.8,barcelona,1,38.75
LZ-EV-007674,3,32.3,fast_22kw,61.3,malaga,0,42.05
LZ-EV-007675,18,45.7,fast_22kw,69.1,malaga,0,37.41
LZ-EV-007676,8,18.9,fast_22kw,82.1,zaragoza,0,37.28
LZ-EV-007677,11,55.5,ultra_150kw,72.7,madrid,0,27.02
LZ-EV-007678,22,38.0,slow_7kw,46.9,madrid,0,26.2
LZ-EV-007679,13,27.3,rapid_50kw,66.0,madrid,0,22.37
LZ-EV-007680,7,62.9,fast_22kw,60.7,valencia,0,20.66
LZ-EV-007681,22,29.8,slow_7kw,57.7,barcelona,0,31.45
LZ-EV-007682,11,61.1,fast_22kw,35.8,madrid,0,12.71
LZ-EV-007683,5,37.7,slow_7kw,47.2,madrid,0,28.84
LZ-EV-007684,23,13.8,slow_7kw,61.9,valencia,0,25.06
LZ-EV-007685,17,50.5,slow_7kw,51.6,valencia,0,23.87
LZ-EV-007686,17,85.9,slow_7kw,80.9,sevilla,0,10.03
LZ-EV-007687,17,34.9,fast_22kw,40.6,malaga,0,24.53
LZ-EV-007688,2,75.9,rapid_50kw,66.4,malaga,1,14.89
LZ-EV-007689,15,28.2,ultra_150kw,58.0,barcelona,0,41.52
LZ-EV-007690,20,47.4,fast_22kw,65.9,zaragoza,0,32.37
LZ-EV-007691,18,6.2,fast_22kw,64.2,zaragoza,0,56.9
LZ-EV-007692,19,41.8,rapid_50kw,43.9,zaragoza,0,20.18
LZ-EV-007693,12,45.8,fast_22kw,53.5,sevilla,1,27.35
LZ-EV-007694,5,28.8,fast_22kw,87.6,bilbao,1,45.19
LZ-EV-007695,18,30.6,ultra_150kw,89.9,malaga,1,35.13
LZ-EV-007696,14,16.3,rapid_50kw,38.3,madrid,0,19.4
LZ-EV-007697,22,66.9,fast_22kw,39.0,murcia,1,12.49
LZ-EV-007698,3,32.4,rapid_50kw,53.9,murcia,0,24.12
LZ-EV-007699,4,11.3,slow_7kw,66.8,malaga,0,39.25
LZ-EV-007700,22,21.8,slow_7kw,54.6,sevilla,1,44.57
LZ-EV-007701,20,24.6,rapid_50kw,57.8,sevilla,0,23.76
LZ-EV-007702,19,63.0,slow_7kw,67.5,valencia,0,21.39
LZ-EV-007703,5,23.3,rapid_50kw,61.0,madrid,0,15.43
LZ-EV-007704,4,67.0,fast_22kw,101.6,murcia,0,32.35
LZ-EV-007705,7,49.5,fast_22kw,79.0,zaragoza,0,30.41
LZ-EV-007706,23,33.5,slow_7kw,44.9,malaga,0,26.41
LZ-EV-007707,15,34.3,ultra_150kw,48.7,valencia,0,29.26
LZ-EV-007708,16,65.9,fast_22kw,56.9,zaragoza,0,18.77
LZ-EV-007709,11,30.2,fast_22kw,72.4,madrid,1,47.99
LZ-EV-007710,12,28.2,fast_22kw,64.5,madrid,1,33.94
LZ-EV-007711,9,65.2,rapid_50kw,52.2,madrid,0,15.76
LZ-EV-007712,7,44.4,fast_22kw,51.4,sevilla,0,27.12
LZ-EV-007713,12,30.8,fast_22kw,42.2,sevilla,0,25.15
LZ-EV-007714,15,35.4,rapid_50kw,52.9,malaga,0,23.24
LZ-EV-007715,15,22.6,rapid_50kw,55.3,barcelona,1,38.13
LZ-EV-007716,18,63.6,fast_22kw,70.3,malaga,1,23.03
LZ-EV-007717,19,10.8,ultra_150kw,78.7,barcelona,0,36.18
LZ-EV-007718,23,26.4,slow_7kw,49.9,valencia,1,21.4
LZ-EV-007719,8,57.3,fast_22kw,72.4,murcia,0,27.49
LZ-EV-007720,11,30.3,ultra_150kw,31.0,malaga,0,19.48
LZ-EV-007721,9,24.9,fast_22kw,89.9,barcelona,0,35.76
LZ-EV-007722,18,9.9,fast_22kw,86.7,murcia,0,35.12
LZ-EV-007723,0,14.6,ultra_150kw,49.4,murcia,1,38.14
LZ-EV-007724,8,34.4,fast_22kw,91.0,valencia,0,55.85
LZ-EV-007725,12,42.9,ultra_150kw,93.5,bilbao,0,45.48
LZ-EV-007726,18,23.3,ultra_150kw,69.2,valencia,0,45.82
LZ-EV-007727,9,17.1,rapid_50kw,33.0,bilbao,0,23.73
LZ-EV-007728,5,42.5,slow_7kw,64.1,zaragoza,0,36.19
LZ-EV-007729,5,46.0,fast_22kw,68.8,madrid,0,34.66
LZ-EV-007730,1,27.8,fast_22kw,53.7,malaga,1,33.83
LZ-EV-007731,19,42.4,slow_7kw,84.5,madrid,0,31.81
LZ-EV-007732,2,21.5,slow_7kw,72.1,barcelona,1,48.76
LZ-EV-007733,9,9.2,fast_22kw,52.9,barcelona,0,44.29
LZ-EV-007734,2,23.9,fast_22kw,99.2,zaragoza,1,30.8
LZ-EV-007735,14,46.1,slow_7kw,61.9,bilbao,1,27.57
LZ-EV-007736,18,7.8,slow_7kw,49.4,valencia,0,36.95
LZ-EV-007737,20,16.4,fast_22kw,62.7,zaragoza,0,46.28
LZ-EV-007738,21,50.2,slow_7kw,66.8,malaga,0,30.57
LZ-EV-007739,0,28.8,slow_7kw,74.2,valencia,1,41.86
LZ-EV-007740,0,51.8,fast_22kw,75.8,madrid,1,32.42
LZ-EV-007741,17,24.4,slow_7kw,67.7,valencia,0,29.03
LZ-EV-007742,19,14.2,slow_7kw,57.5,valencia,0,28.58
LZ-EV-007743,2,53.0,slow_7kw,44.2,malaga,0,19.88
LZ-EV-007744,5,16.7,fast_22kw,62.0,sevilla,0,37.01
LZ-EV-007745,19,50.9,fast_22kw,42.4,murcia,0,18.55
LZ-EV-007746,9,45.0,fast_22kw,87.6,sevilla,0,20.89
LZ-EV-007747,22,5.6,slow_7kw,68.9,zaragoza,1,30.51
LZ-EV-007748,0,33.1,fast_22kw,70.6,murcia,0,42.41
LZ-EV-007749,13,33.3,fast_22kw,53.1,sevilla,0,30.7
LZ-EV-007750,4,39.1,fast_22kw,34.4,valencia,0,20.82
LZ-EV-007751,22,57.8,fast_22kw,79.7,madrid,0,30.88
LZ-EV-007752,22,2.4,rapid_50kw,64.2,barcelona,1,19.21
LZ-EV-007753,12,17.8,ultra_150kw,79.4,madrid,0,31.37
LZ-EV-007754,5,61.5,fast_22kw,67.8,barcelona,0,24.97
LZ-EV-007755,18,63.0,slow_7kw,82.7,barcelona,1,28.48
LZ-EV-007756,14,28.9,slow_7kw,76.9,madrid,1,39.1
LZ-EV-007757,23,62.4,slow_7kw,64.4,valencia,0,23.57
LZ-EV-007758,5,27.1,fast_22kw,37.3,sevilla,0,25.64
LZ-EV-007759,18,26.5,rapid_50kw,46.8,zaragoza,0,23.09
LZ-EV-007760,2,39.1,rapid_50kw,57.8,malaga,1,27.95
LZ-EV-007761,5,40.7,ultra_150kw,65.6,bilbao,0,32.86
LZ-EV-007762,10,46.7,fast_22kw,64.4,zaragoza,0,31.37
LZ-EV-007763,11,63.7,slow_7kw,76.3,murcia,0,24.66
LZ-EV-007764,12,19.3,slow_7kw,47.6,murcia,0,31.5
LZ-EV-007765,17,46.1,fast_22kw,75.9,valencia,0,31.0
LZ-EV-007766,8,17.1,rapid_50kw,48.3,madrid,1,27.48
LZ-EV-007767,17,56.9,ultra_150kw,66.2,barcelona,1,23.38
LZ-EV-007768,18,46.3,rapid_50kw,64.6,sevilla,1,22.2
LZ-EV-007769,12,41.3,rapid_50kw,69.8,valencia,1,18.12
LZ-EV-007770,3,13.6,rapid_50kw,58.9,barcelona,1,30.07
LZ-EV-007771,12,56.5,slow_7kw,49.0,valencia,0,20.17
LZ-EV-007772,21,22.4,fast_22kw,54.5,barcelona,1,32.25
LZ-EV-007773,2,85.7,ultra_150kw,58.5,bilbao,0,7.48
LZ-EV-007774,9,46.3,fast_22kw,56.9,murcia,1,31.36
LZ-EV-007775,11,40.1,slow_7kw,43.9,bilbao,0,25.52
LZ-EV-007776,15,51.9,rapid_50kw,58.6,zaragoza,0,15.27
LZ-EV-007777,10,41.9,fast_22kw,80.7,valencia,0,43.03
LZ-EV-007778,15,42.3,slow_7kw,42.2,barcelona,0,22.42
LZ-EV-007779,10,51.7,ultra_150kw,52.2,barcelona,0,21.79
LZ-EV-007780,2,18.8,rapid_50kw,50.1,sevilla,1,23.53
LZ-EV-007781,20,40.8,rapid_50kw,53.2,madrid,0,30.67
LZ-EV-007782,18,54.8,slow_7kw,77.0,barcelona,1,32.77
LZ-EV-007783,13,19.8,slow_7kw,75.4,bilbao,0,32.16
LZ-EV-007784,16,51.7,rapid_50kw,63.7,bilbao,0,14.87
LZ-EV-007785,21,60.7,slow_7kw,57.1,barcelona,0,20.4
LZ-EV-007786,23,37.6,fast_22kw,60.3,murcia,0,26.0
LZ-EV-007787,8,50.5,rapid_50kw,50.4,valencia,0,19.91
LZ-EV-007788,8,49.1,ultra_150kw,49.8,valencia,0,24.01
LZ-EV-007789,18,20.4,fast_22kw,70.6,zaragoza,0,22.85
LZ-EV-007790,0,17.6,slow_7kw,33.6,malaga,1,26.1
LZ-EV-007791,12,57.4,ultra_150kw,72.2,barcelona,0,19.83
LZ-EV-007792,19,31.9,rapid_50kw,68.8,bilbao,1,20.27
LZ-EV-007793,13,33.3,slow_7kw,80.1,valencia,0,41.71
LZ-EV-007794,15,37.1,fast_22kw,82.2,zaragoza,1,26.28
LZ-EV-007795,15,56.7,slow_7kw,46.3,barcelona,0,19.55
LZ-EV-007796,7,2.0,rapid_50kw,55.4,valencia,0,19.84
LZ-EV-007797,16,46.1,slow_7kw,68.5,bilbao,0,30.29
LZ-EV-007798,4,59.3,slow_7kw,44.4,valencia,1,18.08
LZ-EV-007799,14,13.0,slow_7kw,63.9,bilbao,0,36.69
LZ-EV-007800,15,23.2,fast_22kw,52.3,malaga,0,37.82
LZ-EV-007801,0,12.7,rapid_50kw,72.9,zaragoza,1,25.58
LZ-EV-007802,1,49.5,fast_22kw,62.0,murcia,0,25.79
LZ-EV-007803,12,23.4,rapid_50kw,47.8,murcia,1,29.63
LZ-EV-007804,20,42.3,fast_22kw,42.0,barcelona,0,23.09
LZ-EV-007805,6,36.0,fast_22kw,57.8,murcia,0,25.17
LZ-EV-007806,4,44.5,ultra_150kw,64.3,sevilla,1,31.28
LZ-EV-007807,2,52.7,fast_22kw,58.4,murcia,1,25.01
LZ-EV-007808,20,32.1,ultra_150kw,63.4,barcelona,0,24.43
LZ-EV-007809,6,62.6,slow_7kw,37.0,barcelona,0,11.9
LZ-EV-007810,12,40.0,slow_7kw,90.8,murcia,1,21.03
LZ-EV-007811,0,47.2,fast_22kw,79.2,malaga,0,38.32
LZ-EV-007812,22,46.4,fast_22kw,93.6,malaga,0,45.03
LZ-EV-007813,6,68.7,rapid_50kw,43.7,barcelona,1,13.08
LZ-EV-007814,15,60.1,fast_22kw,40.1,murcia,0,15.4
LZ-EV-007815,1,27.4,fast_22kw,72.3,bilbao,0,49.15
LZ-EV-007816,17,40.4,fast_22kw,33.2,bilbao,0,16.53
LZ-EV-007817,0,23.8,fast_22kw,68.5,malaga,1,38.31
LZ-EV-007818,23,43.6,slow_7kw,35.2,valencia,1,18.96
LZ-EV-007819,14,24.3,rapid_50kw,102.0,valencia,0,28.44
LZ-EV-007820,17,34.6,ultra_150kw,70.0,malaga,1,40.88
LZ-EV-007821,7,54.6,rapid_50kw,66.1,bilbao,0,17.13
LZ-EV-007822,18,43.0,slow_7kw,46.5,murcia,0,23.0
LZ-EV-007823,2,59.3,fast_22kw,89.2,malaga,0,34.24
LZ-EV-007824,1,7.1,slow_7kw,78.0,valencia,1,34.1
LZ-EV-007825,14,21.5,rapid_50kw,85.1,barcelona,0,33.18
LZ-EV-007826,2,28.5,ultra_150kw,69.4,malaga,0,42.07
LZ-EV-007827,1,27.7,fast_22kw,64.7,bilbao,1,16.88
LZ-EV-007828,16,37.8,slow_7kw,74.2,valencia,1,39.82
LZ-EV-007829,5,29.7,fast_22kw,62.6,valencia,1,32.55
LZ-EV-007830,0,59.2,slow_7kw,72.2,bilbao,1,29.04
LZ-EV-007831,8,7.7,fast_22kw,66.6,malaga,0,62.14
LZ-EV-007832,9,19.6,fast_22kw,78.0,zaragoza,0,34.18
LZ-EV-007833,13,51.1,fast_22kw,49.5,madrid,1,23.37
LZ-EV-007834,1,56.4,rapid_50kw,61.2,sevilla,0,28.0
LZ-EV-007835,1,25.6,slow_7kw,68.7,valencia,1,35.46
LZ-EV-007836,14,48.0,slow_7kw,77.1,barcelona,1,30.83
LZ-EV-007837,18,62.2,slow_7kw,35.3,madrid,0,13.09
LZ-EV-007838,8,37.0,fast_22kw,63.4,bilbao,1,33.93
LZ-EV-007839,23,44.3,rapid_50kw,52.0,malaga,0,29.03
LZ-EV-007840,14,37.0,fast_22kw,50.5,valencia,1,30.07
LZ-EV-007841,21,21.7,fast_22kw,99.2,malaga,1,23.48
LZ-EV-007842,20,33.3,slow_7kw,61.2,barcelona,0,31.18
LZ-EV-007843,20,34.1,rapid_50kw,44.4,bilbao,0,23.86
LZ-EV-007844,20,43.2,fast_22kw,40.7,malaga,0,20.46
LZ-EV-007845,14,26.9,fast_22kw,71.5,valencia,0,27.47
LZ-EV-007846,17,63.8,slow_7kw,98.6,madrid,1,32.54
LZ-EV-007847,8,40.1,slow_7kw,80.4,barcelona,1,41.94
LZ-EV-007848,4,27.8,slow_7kw,52.0,bilbao,1,34.97
LZ-EV-007849,1,48.1,fast_22kw,85.4,malaga,0,29.73
LZ-EV-007850,1,34.0,rapid_50kw,77.8,zaragoza,1,25.48
LZ-EV-007851,4,34.9,rapid_50kw,84.5,sevilla,1,23.3
LZ-EV-007852,14,69.0,slow_7kw,64.5,malaga,0,19.77
LZ-EV-007853,20,52.1,rapid_50kw,80.2,valencia,0,18.11
LZ-EV-007854,16,30.7,slow_7kw,52.3,malaga,0,30.13
LZ-EV-007855,23,42.4,slow_7kw,87.4,sevilla,0,42.07
LZ-EV-007856,0,54.7,slow_7kw,70.4,valencia,1,31.37
LZ-EV-007857,11,39.4,slow_7kw,62.3,murcia,0,38.32
LZ-EV-007858,17,19.2,fast_22kw,42.0,zaragoza,1,30.08
LZ-EV-007859,22,10.5,rapid_50kw,58.6,sevilla,0,20.84
LZ-EV-007860,20,27.1,slow_7kw,57.3,malaga,1,39.48
LZ-EV-007861,0,12.9,slow_7kw,79.6,bilbao,0,27.23
LZ-EV-007862,2,35.8,fast_22kw,67.9,madrid,0,42.28
LZ-EV-007863,3,56.9,rapid_50kw,50.8,murcia,1,21.79
LZ-EV-007864,19,10.4,fast_22kw,50.2,valencia,1,40.57
LZ-EV-007865,0,34.8,fast_22kw,66.0,murcia,0,28.22
LZ-EV-007866,12,11.5,fast_22kw,70.3,bilbao,0,54.14
LZ-EV-007867,0,12.8,slow_7kw,51.9,madrid,0,23.1
LZ-EV-007868,20,58.9,slow_7kw,52.2,bilbao,0,19.46
LZ-EV-007869,8,14.8,rapid_50kw,83.3,murcia,1,31.61
LZ-EV-007870,4,33.5,fast_22kw,63.5,barcelona,0,30.62
LZ-EV-007871,12,48.0,fast_22kw,84.8,bilbao,0,42.72
LZ-EV-007872,20,54.6,rapid_50kw,52.3,barcelona,0,22.49
LZ-EV-007873,6,29.0,fast_22kw,37.6,murcia,0,24.29
LZ-EV-007874,12,38.5,rapid_50kw,74.8,zaragoza,0,36.3
LZ-EV-007875,10,34.8,slow_7kw,58.4,malaga,1,39.18
LZ-EV-007876,2,39.4,slow_7kw,86.7,sevilla,0,37.72
LZ-EV-007877,23,47.6,slow_7kw,42.4,zaragoza,0,17.1
LZ-EV-007878,4,47.6,slow_7kw,72.0,madrid,0,22.4
LZ-EV-007879,10,70.6,rapid_50kw,57.7,madrid,0,14.77
LZ-EV-007880,18,54.1,slow_7kw,63.4,sevilla,0,17.93
LZ-EV-007881,19,38.2,fast_22kw,90.3,barcelona,0,55.41
LZ-EV-007882,17,60.8,ultra_150kw,71.4,bilbao,0,25.36
LZ-EV-007883,12,34.1,fast_22kw,66.5,malaga,1,27.18
LZ-EV-007884,17,20.1,fast_22kw,64.7,madrid,0,40.35
LZ-EV-007885,7,46.5,slow_7kw,65.5,valencia,0,31.68
LZ-EV-007886,6,73.9,fast_22kw,48.1,sevilla,1,12.33
LZ-EV-007887,4,38.7,rapid_50kw,85.5,murcia,0,29.42
LZ-EV-007888,4,29.6,fast_22kw,74.4,sevilla,1,43.77
LZ-EV-007889,7,5.2,slow_7kw,62.6,sevilla,0,47.34
LZ-EV-007890,6,45.1,slow_7kw,37.8,malaga,1,19.18
LZ-EV-007891,1,47.3,ultra_150kw,82.6,malaga,0,26.74
LZ-EV-007892,10,45.1,ultra_150kw,60.2,barcelona,0,30.84
LZ-EV-007893,1,30.4,fast_22kw,47.2,murcia,0,21.82
LZ-EV-007894,2,25.6,fast_22kw,64.1,murcia,1,19.25
LZ-EV-007895,12,41.7,fast_22kw,49.4,madrid,0,26.09
LZ-EV-007896,7,70.5,slow_7kw,63.1,bilbao,0,17.12
LZ-EV-007897,15,52.7,slow_7kw,56.1,madrid,1,23.03
LZ-EV-007898,2,27.7,fast_22kw,69.7,malaga,1,28.65
LZ-EV-007899,14,37.9,slow_7kw,56.7,valencia,0,23.27
LZ-EV-007900,13,26.0,fast_22kw,62.9,malaga,0,41.49
LZ-EV-007901,20,45.6,slow_7kw,43.8,madrid,0,19.41
LZ-EV-007902,23,77.0,ultra_150kw,77.2,barcelona,0,16.9
LZ-EV-007903,3,38.8,ultra_150kw,75.7,malaga,0,48.7
LZ-EV-007904,3,53.4,slow_7kw,67.3,malaga,0,30.86
LZ-EV-007905,4,68.0,slow_7kw,91.6,bilbao,0,24.51
LZ-EV-007906,21,31.0,slow_7kw,69.8,valencia,0,42.12
LZ-EV-007907,5,22.5,ultra_150kw,53.0,malaga,1,42.0
LZ-EV-007908,19,31.8,rapid_50kw,76.4,zaragoza,1,32.2
LZ-EV-007909,10,42.0,slow_7kw,66.4,bilbao,0,20.93
LZ-EV-007910,1,43.2,slow_7kw,78.7,madrid,0,31.14
LZ-EV-007911,13,38.6,slow_7kw,52.3,sevilla,1,28.07
LZ-EV-007912,15,16.4,slow_7kw,93.6,sevilla,0,29.02
LZ-EV-007913,3,23.7,rapid_50kw,92.9,valencia,0,47.61
LZ-EV-007914,3,31.2,rapid_50kw,61.1,malaga,0,17.29
LZ-EV-007915,6,6.0,slow_7kw,66.1,bilbao,0,21.16
LZ-EV-007916,3,48.9,fast_22kw,90.3,barcelona,1,36.76
LZ-EV-007917,10,2.0,slow_7kw,65.4,barcelona,0,26.15
LZ-EV-007918,2,25.5,rapid_50kw,83.9,madrid,0,32.38
LZ-EV-007919,15,51.4,slow_7kw,81.0,murcia,1,33.59
LZ-EV-007920,16,27.5,fast_22kw,46.2,malaga,0,28.76
LZ-EV-007921,1,59.8,slow_7kw,50.1,bilbao,0,19.42
LZ-EV-007922,16,47.3,slow_7kw,58.9,bilbao,0,30.91
LZ-EV-007923,12,75.9,slow_7kw,80.8,sevilla,0,16.96
LZ-EV-007924,23,54.5,slow_7kw,51.4,valencia,1,21.66
LZ-EV-007925,13,57.3,fast_22kw,74.2,murcia,0,29.99
LZ-EV-007926,19,13.1,ultra_150kw,28.0,sevilla,1,21.48
LZ-EV-007927,2,57.5,slow_7kw,83.8,murcia,0,33.4
LZ-EV-007928,11,26.3,slow_7kw,62.1,madrid,0,42.52
LZ-EV-007929,20,56.2,fast_22kw,63.0,sevilla,0,28.45
LZ-EV-007930,12,29.1,slow_7kw,59.3,zaragoza,0,38.89
LZ-EV-007931,11,31.7,fast_22kw,53.4,malaga,1,33.07
LZ-EV-007932,6,36.9,slow_7kw,82.3,sevilla,0,20.72
LZ-EV-007933,10,45.0,ultra_150kw,50.2,madrid,0,23.4
LZ-EV-007934,13,2.0,fast_22kw,78.1,malaga,0,43.35
LZ-EV-007935,14,42.1,slow_7kw,64.5,zaragoza,1,31.42
LZ-EV-007936,9,2.0,fast_22kw,46.8,madrid,0,40.51
LZ-EV-007937,1,8.3,slow_7kw,42.4,sevilla,0,32.81
LZ-EV-007938,21,68.0,ultra_150kw,67.7,murcia,0,20.64
LZ-EV-007939,7,48.7,fast_22kw,28.0,sevilla,0,12.53
LZ-EV-007940,4,2.3,fast_22kw,72.6,barcelona,0,59.52
LZ-EV-007941,11,18.2,slow_7kw,50.8,malaga,0,30.78
LZ-EV-007942,3,31.6,ultra_150kw,51.6,malaga,1,25.27
LZ-EV-007943,13,60.7,rapid_50kw,75.5,murcia,0,18.12
LZ-EV-007944,19,40.0,fast_22kw,79.0,barcelona,1,31.32
LZ-EV-007945,23,42.5,rapid_50kw,66.7,bilbao,0,29.47
LZ-EV-007946,19,44.7,fast_22kw,66.7,barcelona,0,32.61
LZ-EV-007947,0,13.7,fast_22kw,35.8,valencia,0,27.27
LZ-EV-007948,0,42.9,slow_7kw,45.4,barcelona,0,23.8
LZ-EV-007949,21,2.0,slow_7kw,55.7,malaga,1,49.41
LZ-EV-007950,13,50.2,fast_22kw,85.4,sevilla,0,39.86
LZ-EV-007951,7,58.4,fast_22kw,75.7,bilbao,1,29.74
LZ-EV-007952,10,32.4,slow_7kw,55.5,bilbao,0,32.9
LZ-EV-007953,0,58.8,fast_22kw,54.6,valencia,0,22.15
LZ-EV-007954,3,28.2,slow_7kw,49.0,barcelona,0,39.8
LZ-EV-007955,6,40.9,slow_7kw,72.6,murcia,1,36.99
LZ-EV-007956,4,67.4,rapid_50kw,68.0,malaga,0,18.72
LZ-EV-007957,16,10.4,slow_7kw,68.7,valencia,1,43.49
LZ-EV-007958,10,51.7,rapid_50kw,79.3,bilbao,1,31.55
LZ-EV-007959,12,51.5,rapid_50kw,28.0,zaragoza,0,13.21
LZ-EV-007960,22,44.8,fast_22kw,63.8,bilbao,0,31.41
LZ-EV-007961,8,2.9,fast_22kw,37.7,sevilla,0,28.21
LZ-EV-007962,5,38.4,fast_22kw,86.7,bilbao,1,15.72
LZ-EV-007963,13,32.6,fast_22kw,34.3,bilbao,0,22.47
LZ-EV-007964,16,32.3,fast_22kw,69.7,murcia,1,37.24
LZ-EV-007965,2,39.0,slow_7kw,59.8,valencia,1,35.55
LZ-EV-007966,12,25.0,fast_22kw,66.5,barcelona,0,34.57
LZ-EV-007967,14,50.2,fast_22kw,56.0,barcelona,1,25.88
LZ-EV-007968,22,59.9,fast_22kw,74.6,madrid,0,24.15
LZ-EV-007969,14,32.6,fast_22kw,92.5,sevilla,0,44.19
LZ-EV-007970,7,31.9,fast_22kw,83.5,murcia,1,43.21
LZ-EV-007971,1,38.1,slow_7kw,61.8,murcia,1,32.15
LZ-EV-007972,8,24.0,slow_7kw,56.9,murcia,0,40.09
LZ-EV-007973,22,84.5,ultra_150kw,61.9,bilbao,0,8.86
LZ-EV-007974,4,35.5,fast_22kw,69.0,bilbao,0,44.13
LZ-EV-007975,4,48.9,fast_22kw,81.2,barcelona,0,35.37
LZ-EV-007976,11,35.8,slow_7kw,54.4,barcelona,0,35.13
LZ-EV-007977,12,75.5,slow_7kw,66.1,bilbao,1,14.92
LZ-EV-007978,21,18.9,slow_7kw,66.6,sevilla,1,51.48
LZ-EV-007979,13,37.9,slow_7kw,79.3,barcelona,1,47.07
LZ-EV-007980,18,56.3,slow_7kw,80.8,murcia,0,24.08
LZ-EV-007981,13,29.5,slow_7kw,51.2,murcia,0,31.7
LZ-EV-007982,2,37.8,rapid_50kw,52.7,madrid,1,32.89
LZ-EV-007983,0,46.7,slow_7kw,66.3,murcia,0,34.55
LZ-EV-007984,12,39.6,rapid_50kw,39.6,murcia,0,21.98
LZ-EV-007985,17,5.3,rapid_50kw,73.9,bilbao,0,19.69
LZ-EV-007986,5,20.3,ultra_150kw,65.1,sevilla,0,44.28
LZ-EV-007987,1,31.6,slow_7kw,54.1,murcia,0,32.56
LZ-EV-007988,13,37.1,rapid_50kw,38.9,zaragoza,0,20.97
LZ-EV-007989,9,34.9,slow_7kw,43.3,murcia,0,27.03
LZ-EV-007990,10,17.1,slow_7kw,87.7,bilbao,1,32.54
LZ-EV-007991,10,16.5,fast_22kw,54.6,sevilla,0,41.59
LZ-EV-007992,16,48.2,rapid_50kw,60.9,malaga,0,25.95
LZ-EV-007993,11,32.8,fast_22kw,53.0,zaragoza,1,37.17
LZ-EV-007994,21,66.3,ultra_150kw,73.6,madrid,0,25.26
LZ-EV-007995,12,11.7,slow_7kw,68.3,malaga,0,35.2
LZ-EV-007996,14,25.5,rapid_50kw,46.2,madrid,1,24.0
LZ-EV-007997,21,49.3,slow_7kw,57.4,valencia,1,25.5
LZ-EV-007998,20,23.5,slow_7kw,58.5,barcelona,1,39.76
LZ-EV-007999,5,51.5,fast_22kw,56.7,murcia,0,23.66
LZ-EV-008000,13,54.8,rapid_50kw,53.3,malaga,0,21.13
LZ-EV-008001,8,55.1,fast_22kw,58.9,barcelona,0,22.7
LZ-EV-008002,19,2.0,fast_22kw,79.0,malaga,0,55.48
LZ-EV-008003,3,22.6,ultra_150kw,51.4,madrid,0,34.72
LZ-EV-008004,5,40.1,ultra_150kw,50.0,zaragoza,0,29.53
LZ-EV-008005,9,48.2,rapid_50kw,63.3,barcelona,0,26.78
LZ-EV-008006,21,36.7,slow_7kw,96.7,murcia,1,53.15
LZ-EV-008007,11,50.6,ultra_150kw,37.0,murcia,0,16.26
LZ-EV-008008,18,45.4,ultra_150kw,74.6,sevilla,1,29.64
LZ-EV-008009,2,67.4,slow_7kw,42.8,murcia,0,13.2
LZ-EV-008010,7,40.8,slow_7kw,69.8,zaragoza,0,36.14
LZ-EV-008011,3,9.6,ultra_150kw,75.0,valencia,0,59.34
LZ-EV-008012,11,53.2,slow_7kw,84.0,murcia,1,29.1
LZ-EV-008013,17,46.2,rapid_50kw,76.1,murcia,0,18.45
LZ-EV-008014,2,65.6,slow_7kw,80.8,malaga,0,16.52
LZ-EV-008015,19,46.8,fast_22kw,69.6,sevilla,0,36.46
LZ-EV-008016,21,23.7,slow_7kw,69.7,madrid,0,45.94
LZ-EV-008017,20,44.8,fast_22kw,28.0,madrid,0,14.93
LZ-EV-008018,1,49.0,ultra_150kw,46.8,bilbao,0,20.88
LZ-EV-008019,6,23.2,rapid_50kw,70.3,barcelona,1,18.75
LZ-EV-008020,4,13.6,rapid_50kw,74.2,zaragoza,1,40.5
LZ-EV-008021,3,53.8,slow_7kw,58.1,bilbao,0,26.0
LZ-EV-008022,20,3.1,slow_7kw,72.2,barcelona,0,31.8
LZ-EV-008023,7,37.2,fast_22kw,101.9,malaga,1,41.57
LZ-EV-008024,11,35.5,slow_7kw,54.3,malaga,1,31.53
LZ-EV-008025,17,21.5,fast_22kw,60.5,barcelona,0,41.55
LZ-EV-008026,17,20.8,fast_22kw,82.5,bilbao,1,59.31
LZ-EV-008027,0,34.0,ultra_150kw,54.7,murcia,0,34.62
LZ-EV-008028,23,2.0,slow_7kw,59.7,valencia,1,55.19
LZ-EV-008029,1,53.4,fast_22kw,57.1,barcelona,0,23.04
LZ-EV-008030,4,51.0,rapid_50kw,28.0,sevilla,0,13.42
LZ-EV-008031,6,42.5,ultra_150kw,57.7,valencia,0,32.16
LZ-EV-008032,7,49.0,fast_22kw,79.3,sevilla,0,35.31
LZ-EV-008033,22,27.5,rapid_50kw,62.3,malaga,1,19.24
LZ-EV-008034,15,53.5,rapid_50kw,60.2,bilbao,0,23.93
LZ-EV-008035,21,49.3,slow_7kw,77.6,valencia,0,23.77
LZ-EV-008036,1,27.7,fast_22kw,55.8,bilbao,0,37.84
LZ-EV-008037,11,31.5,slow_7kw,58.7,murcia,0,28.93
LZ-EV-008038,12,39.3,slow_7kw,57.8,madrid,0,29.74
LZ-EV-008039,20,62.2,slow_7kw,61.9,bilbao,0,23.11
LZ-EV-008040,18,35.0,fast_22kw,79.2,sevilla,0,28.0
LZ-EV-008041,17,2.0,ultra_150kw,69.2,zaragoza,1,35.9
LZ-EV-008042,17,65.6,slow_7kw,57.7,zaragoza,0,19.75
LZ-EV-008043,2,28.3,fast_22kw,60.2,zaragoza,0,43.62
LZ-EV-008044,16,35.0,ultra_150kw,57.5,murcia,0,18.54
LZ-EV-008045,0,28.4,fast_22kw,68.0,bilbao,1,20.37
LZ-EV-008046,8,30.3,rapid_50kw,54.5,malaga,0,31.96
LZ-EV-008047,5,2.0,fast_22kw,58.1,murcia,1,24.72
LZ-EV-008048,12,28.5,ultra_150kw,69.5,sevilla,0,19.77
LZ-EV-008049,6,55.1,slow_7kw,85.7,zaragoza,1,36.94
LZ-EV-008050,8,23.7,rapid_50kw,59.1,malaga,0,26.92
LZ-EV-008051,20,51.4,slow_7kw,71.3,madrid,0,33.68
LZ-EV-008052,23,44.1,rapid_50kw,46.2,valencia,1,25.24
LZ-EV-008053,3,30.0,rapid_50kw,62.6,bilbao,1,23.59
LZ-EV-008054,12,19.2,fast_22kw,78.0,murcia,0,24.89
LZ-EV-008055,12,2.0,slow_7kw,53.6,murcia,0,44.98
LZ-EV-008056,18,42.7,fast_22kw,69.0,murcia,1,28.47
LZ-EV-008057,5,27.9,slow_7kw,88.1,murcia,1,35.08
LZ-EV-008058,1,61.1,fast_22kw,37.8,barcelona,1,13.49
LZ-EV-008059,20,73.2,rapid_50kw,81.3,barcelona,0,18.74
LZ-EV-008060,3,16.2,rapid_50kw,42.8,malaga,0,23.28
LZ-EV-008061,17,42.6,fast_22kw,96.7,murcia,0,47.64
LZ-EV-008062,6,81.5,fast_22kw,74.0,zaragoza,1,11.98
LZ-EV-008063,19,19.7,slow_7kw,38.9,madrid,1,27.54
LZ-EV-008064,1,47.2,slow_7kw,57.3,bilbao,0,26.74
LZ-EV-008065,21,45.6,ultra_150kw,42.6,bilbao,0,21.53
LZ-EV-008066,21,29.5,rapid_50kw,63.6,zaragoza,1,24.95
LZ-EV-008067,3,49.8,fast_22kw,65.9,zaragoza,0,29.7
LZ-EV-008068,15,9.0,slow_7kw,61.3,murcia,0,44.06
LZ-EV-008069,15,2.0,slow_7kw,71.5,barcelona,0,57.02
LZ-EV-008070,3,29.8,fast_22kw,62.2,barcelona,1,38.2
LZ-EV-008071,22,25.2,fast_22kw,61.0,madrid,1,35.2
LZ-EV-008072,6,31.0,rapid_50kw,66.8,valencia,0,43.96
LZ-EV-008073,0,45.3,rapid_50kw,32.7,valencia,1,16.67
LZ-EV-008074,0,43.1,fast_22kw,85.0,murcia,0,40.06
LZ-EV-008075,11,32.4,fast_22kw,93.9,bilbao,0,59.16
LZ-EV-008076,2,49.9,rapid_50kw,70.6,barcelona,0,21.42
LZ-EV-008077,4,50.1,slow_7kw,52.9,malaga,1,24.27
LZ-EV-008078,0,58.8,fast_22kw,33.2,sevilla,1,12.58
LZ-EV-008079,13,35.0,fast_22kw,58.4,zaragoza,0,34.9
LZ-EV-008080,12,24.8,slow_7kw,67.8,valencia,0,23.42
LZ-EV-008081,9,19.7,ultra_150kw,33.0,zaragoza,0,21.89
LZ-EV-008082,7,20.3,fast_22kw,88.0,valencia,0,40.87
LZ-EV-008083,16,43.7,slow_7kw,75.1,bilbao,0,24.73
LZ-EV-008084,11,26.7,rapid_50kw,49.0,madrid,0,31.56
LZ-EV-008085,17,14.5,rapid_50kw,28.0,barcelona,0,23.21
LZ-EV-008086,14,46.4,rapid_50kw,66.9,malaga,1,18.91
LZ-EV-008087,9,75.9,slow_7kw,46.0,murcia,0,10.33
LZ-EV-008088,10,38.0,slow_7kw,28.0,barcelona,0,16.58
LZ-EV-008089,18,55.1,fast_22kw,57.2,valencia,0,24.03
LZ-EV-008090,7,42.0,rapid_50kw,75.0,sevilla,0,27.83
LZ-EV-008091,7,28.8,slow_7kw,60.0,sevilla,0,40.61
LZ-EV-008092,6,30.1,fast_22kw,87.1,murcia,0,54.24
LZ-EV-008093,15,40.6,rapid_50kw,63.9,sevilla,0,30.39
LZ-EV-008094,11,24.8,fast_22kw,73.3,murcia,1,34.75
LZ-EV-008095,6,2.0,slow_7kw,75.5,madrid,0,30.71
LZ-EV-008096,17,37.0,slow_7kw,85.4,madrid,0,43.22
LZ-EV-008097,17,46.7,rapid_50kw,58.6,valencia,0,24.96
LZ-EV-008098,8,27.3,rapid_50kw,66.4,barcelona,1,35.64
LZ-EV-008099,23,38.6,slow_7kw,54.0,malaga,0,31.79
LZ-EV-008100,21,12.9,slow_7kw,50.4,bilbao,0,30.35
LZ-EV-008101,3,30.1,fast_22kw,84.9,malaga,0,43.81
LZ-EV-008102,16,72.6,ultra_150kw,40.0,sevilla,0,9.75
LZ-EV-008103,16,66.5,slow_7kw,55.6,murcia,0,17.18
LZ-EV-008104,11,90.0,fast_22kw,74.5,zaragoza,0,6.69
LZ-EV-008105,23,15.7,slow_7kw,69.3,valencia,0,36.52
LZ-EV-008106,12,54.5,fast_22kw,48.4,valencia,0,18.25
LZ-EV-008107,12,28.1,fast_22kw,49.2,barcelona,0,33.71
LZ-EV-008108,7,23.6,slow_7kw,70.9,malaga,0,36.67
LZ-EV-008109,7,42.9,slow_7kw,66.9,bilbao,0,35.78
LZ-EV-008110,11,45.9,slow_7kw,42.5,valencia,0,16.52
LZ-EV-008111,8,7.9,fast_22kw,86.0,barcelona,0,58.09
LZ-EV-008112,9,53.4,rapid_50kw,61.9,valencia,0,16.64
LZ-EV-008113,6,24.6,slow_7kw,82.6,barcelona,1,48.23
LZ-EV-008114,12,27.8,fast_22kw,70.9,bilbao,0,45.68
LZ-EV-008115,11,33.2,slow_7kw,64.3,murcia,0,39.04
LZ-EV-008116,13,32.2,rapid_50kw,68.6,sevilla,0,48.34
LZ-EV-008117,16,22.2,slow_7kw,65.4,murcia,0,40.56
LZ-EV-008118,17,19.4,slow_7kw,48.2,madrid,1,34.32
LZ-EV-008119,20,41.0,rapid_50kw,69.0,bilbao,0,26.98
LZ-EV-008120,22,62.5,fast_22kw,80.9,barcelona,0,29.15
LZ-EV-008121,22,37.6,slow_7kw,61.9,bilbao,0,38.73
LZ-EV-008122,11,48.2,slow_7kw,83.3,murcia,0,27.16
LZ-EV-008123,6,56.8,slow_7kw,42.4,bilbao,0,18.47
LZ-EV-008124,22,39.7,rapid_50kw,38.3,madrid,0,23.84
LZ-EV-008125,12,37.9,fast_22kw,82.8,murcia,0,34.0
LZ-EV-008126,17,28.2,ultra_150kw,69.5,bilbao,0,28.94
LZ-EV-008127,7,24.4,slow_7kw,33.2,barcelona,0,24.7
LZ-EV-008128,12,54.4,fast_22kw,43.3,madrid,1,18.48
LZ-EV-008129,19,59.7,slow_7kw,74.7,madrid,0,25.8
LZ-EV-008130,14,8.4,rapid_50kw,98.1,bilbao,0,32.1
LZ-EV-008131,13,58.9,slow_7kw,63.6,sevilla,0,25.38
LZ-EV-008132,20,43.2,slow_7kw,97.3,bilbao,0,39.44
LZ-EV-008133,13,51.3,ultra_150kw,71.7,valencia,0,30.67
LZ-EV-008134,9,40.4,slow_7kw,54.6,barcelona,0,30.78
LZ-EV-008135,18,22.3,slow_7kw,69.1,zaragoza,0,39.38
LZ-EV-008136,19,30.0,slow_7kw,54.0,barcelona,0,35.85
LZ-EV-008137,0,33.5,slow_7kw,83.9,zaragoza,1,28.15
LZ-EV-008138,13,46.9,rapid_50kw,61.3,bilbao,1,32.92
LZ-EV-008139,2,45.8,slow_7kw,67.9,zaragoza,0,32.24
LZ-EV-008140,11,16.2,rapid_50kw,33.7,valencia,0,18.54
LZ-EV-008141,21,54.5,slow_7kw,55.1,murcia,1,24.19
LZ-EV-008142,23,15.2,slow_7kw,74.5,bilbao,0,35.63
LZ-EV-008143,17,27.5,slow_7kw,68.7,valencia,1,50.23
LZ-EV-008144,10,58.5,slow_7kw,99.5,madrid,0,24.85
LZ-EV-008145,0,70.3,ultra_150kw,50.0,barcelona,1,14.19
LZ-EV-008146,7,16.8,slow_7kw,56.1,zaragoza,0,45.09
LZ-EV-008147,23,61.1,slow_7kw,63.7,murcia,1,23.52
LZ-EV-008148,6,18.8,fast_22kw,77.6,zaragoza,1,40.51
LZ-EV-008149,10,6.3,fast_22kw,50.4,barcelona,0,24.63
LZ-EV-008150,19,40.6,ultra_150kw,65.0,zaragoza,0,36.15
LZ-EV-008151,21,38.2,fast_22kw,67.0,valencia,0,36.92
LZ-EV-008152,12,65.8,fast_22kw,55.2,barcelona,1,18.38
LZ-EV-008153,0,33.5,fast_22kw,60.7,murcia,0,38.51
LZ-EV-008154,0,24.4,fast_22kw,66.5,barcelona,0,44.92
LZ-EV-008155,16,47.9,ultra_150kw,52.8,zaragoza,1,25.38
LZ-EV-008156,10,53.2,slow_7kw,66.2,zaragoza,0,28.97
LZ-EV-008157,17,31.6,slow_7kw,67.0,madrid,0,36.44
LZ-EV-008158,5,49.3,slow_7kw,74.9,zaragoza,1,34.88
LZ-EV-008159,16,18.8,rapid_50kw,38.0,valencia,1,26.79
LZ-EV-008160,11,26.3,fast_22kw,47.3,zaragoza,1,18.09
LZ-EV-008161,7,43.3,ultra_150kw,78.3,barcelona,0,43.76
LZ-EV-008162,0,24.2,rapid_50kw,28.0,valencia,0,22.42
LZ-EV-008163,17,27.0,slow_7kw,31.7,madrid,0,21.91
LZ-EV-008164,3,47.2,slow_7kw,68.2,bilbao,0,26.35
LZ-EV-008165,8,32.8,slow_7kw,75.1,murcia,1,46.21
LZ-EV-008166,18,30.7,ultra_150kw,64.6,sevilla,0,38.93
LZ-EV-008167,13,45.9,slow_7kw,69.4,sevilla,0,31.82
LZ-EV-008168,21,38.4,slow_7kw,62.1,zaragoza,0,33.15
LZ-EV-008169,21,33.4,fast_22kw,49.2,murcia,0,27.17
LZ-EV-008170,8,15.2,fast_22kw,49.7,murcia,1,39.15
LZ-EV-008171,2,62.6,fast_22kw,57.7,malaga,1,17.95
LZ-EV-008172,10,5.9,fast_22kw,68.2,sevilla,0,33.73
LZ-EV-008173,4,56.1,fast_22kw,77.5,murcia,1,30.91
LZ-EV-008174,7,49.1,fast_22kw,60.9,valencia,0,28.94
LZ-EV-008175,5,14.7,fast_22kw,59.9,malaga,0,28.24
LZ-EV-008176,13,30.2,slow_7kw,68.5,madrid,0,44.55
LZ-EV-008177,22,22.4,slow_7kw,55.5,bilbao,0,38.04
LZ-EV-008178,4,63.8,ultra_150kw,59.5,murcia,1,19.58
LZ-EV-008179,12,32.6,slow_7kw,48.4,murcia,0,29.5
LZ-EV-008180,14,29.1,slow_7kw,42.0,valencia,0,26.81
LZ-EV-008181,4,34.4,fast_22kw,65.5,bilbao,1,37.72
LZ-EV-008182,21,56.2,fast_22kw,90.3,murcia,0,29.22
LZ-EV-008183,11,40.8,slow_7kw,51.4,bilbao,1,27.3
LZ-EV-008184,22,59.0,slow_7kw,58.8,malaga,0,21.48
LZ-EV-008185,17,39.4,ultra_150kw,84.9,barcelona,1,50.72
LZ-EV-008186,12,48.3,rapid_50kw,47.0,zaragoza,1,21.0
LZ-EV-008187,10,58.2,fast_22kw,73.1,bilbao,0,27.93
LZ-EV-008188,23,38.6,rapid_50kw,46.3,valencia,1,19.69
LZ-EV-008189,12,42.6,fast_22kw,47.2,barcelona,0,24.75
LZ-EV-008190,20,29.5,fast_22kw,72.2,valencia,0,39.99
LZ-EV-008191,11,29.6,fast_22kw,59.5,sevilla,1,36.75
LZ-EV-008192,13,54.9,fast_22kw,58.7,sevilla,1,24.88
LZ-EV-008193,22,46.8,fast_22kw,52.5,madrid,0,25.35
LZ-EV-008194,17,48.8,fast_22kw,49.1,sevilla,0,20.87
LZ-EV-008195,8,26.2,fast_22kw,55.3,zaragoza,0,36.89
LZ-EV-008196,5,34.1,rapid_50kw,78.0,sevilla,0,21.52
LZ-EV-008197,0,39.4,rapid_50kw,59.7,sevilla,0,35.06
LZ-EV-008198,11,33.4,rapid_50kw,57.8,malaga,0,20.55
LZ-EV-008199,2,35.7,fast_22kw,38.1,sevilla,0,25.01
LZ-EV-008200,2,26.5,fast_22kw,75.6,murcia,1,51.99
LZ-EV-008201,6,49.5,fast_22kw,47.9,madrid,0,23.28
LZ-EV-008202,18,45.7,slow_7kw,75.1,bilbao,0,26.04
LZ-EV-008203,10,79.3,ultra_150kw,55.6,bilbao,0,10.83
LZ-EV-008204,10,30.3,fast_22kw,59.4,valencia,1,42.61
LZ-EV-008205,14,19.3,fast_22kw,77.4,barcelona,0,40.1
LZ-EV-008206,8,8.2,slow_7kw,46.9,barcelona,0,33.25
LZ-EV-008207,7,28.1,rapid_50kw,70.7,bilbao,0,48.72
LZ-EV-008208,23,59.7,fast_22kw,52.8,bilbao,0,18.76
LZ-EV-008209,8,4.6,rapid_50kw,87.4,malaga,0,31.59
LZ-EV-008210,13,49.3,ultra_150kw,45.7,malaga,0,22.59
LZ-EV-008211,10,52.4,rapid_50kw,78.0,valencia,0,16.25
LZ-EV-008212,16,59.1,slow_7kw,49.2,bilbao,0,18.55
LZ-EV-008213,20,25.8,fast_22kw,46.8,murcia,0,30.14
LZ-EV-008214,3,60.8,fast_22kw,57.7,malaga,0,19.59
LZ-EV-008215,9,59.3,fast_22kw,89.7,madrid,1,36.66
LZ-EV-008216,10,39.0,fast_22kw,80.3,bilbao,0,13.54
LZ-EV-008217,20,50.5,ultra_150kw,63.2,valencia,0,29.83
LZ-EV-008218,17,48.6,slow_7kw,57.8,valencia,0,28.44
LZ-EV-008219,11,39.9,slow_7kw,66.2,bilbao,1,37.05
LZ-EV-008220,15,34.3,fast_22kw,48.7,malaga,0,31.82
LZ-EV-008221,21,74.8,fast_22kw,67.4,zaragoza,0,15.59
LZ-EV-008222,19,27.6,ultra_150kw,47.3,murcia,1,31.74
LZ-EV-008223,22,23.5,slow_7kw,58.2,bilbao,0,40.07
LZ-EV-008224,13,28.0,fast_22kw,55.4,murcia,0,37.27
LZ-EV-008225,12,23.7,fast_22kw,41.9,murcia,0,29.39
LZ-EV-008226,22,2.2,slow_7kw,39.8,malaga,1,34.78
LZ-EV-008227,6,35.5,slow_7kw,83.8,bilbao,0,40.3
LZ-EV-008228,15,48.0,rapid_50kw,30.8,malaga,1,14.23
LZ-EV-008229,7,32.7,fast_22kw,60.0,zaragoza,0,22.19
LZ-EV-008230,23,32.8,rapid_50kw,64.2,sevilla,0,31.06
LZ-EV-008231,1,28.5,fast_22kw,67.8,valencia,1,42.11
LZ-EV-008232,7,22.7,fast_22kw,65.6,sevilla,0,26.6
LZ-EV-008233,1,41.2,fast_22kw,67.6,zaragoza,1,38.99
LZ-EV-008234,5,54.9,rapid_50kw,73.9,murcia,0,26.33
LZ-EV-008235,21,46.7,fast_22kw,66.3,zaragoza,1,29.67
LZ-EV-008236,17,71.1,slow_7kw,58.2,zaragoza,0,17.04
LZ-EV-008237,13,42.7,slow_7kw,43.2,zaragoza,0,23.22
LZ-EV-008238,20,39.1,slow_7kw,48.8,madrid,0,29.45
LZ-EV-008239,17,37.2,fast_22kw,60.5,barcelona,0,26.84
LZ-EV-008240,7,54.5,fast_22kw,44.0,bilbao,0,18.38
LZ-EV-008241,9,48.9,fast_22kw,60.6,madrid,1,25.38
LZ-EV-008242,21,67.1,ultra_150kw,81.1,barcelona,0,27.22
LZ-EV-008243,15,30.8,fast_22kw,70.0,valencia,0,41.87
LZ-EV-008244,23,26.6,fast_22kw,47.4,zaragoza,0,29.19
LZ-EV-008245,1,72.3,ultra_150kw,48.9,valencia,1,11.73
LZ-EV-008246,10,58.9,fast_22kw,63.0,malaga,0,27.9
LZ-EV-008247,15,50.2,ultra_150kw,60.2,bilbao,0,27.42
LZ-EV-008248,20,52.5,slow_7kw,61.8,murcia,1,25.23
LZ-EV-008249,11,49.5,ultra_150kw,71.0,bilbao,0,33.02
LZ-EV-008250,2,56.4,fast_22kw,28.0,madrid,0,11.01
LZ-EV-008251,9,26.5,slow_7kw,75.4,barcelona,0,24.18
LZ-EV-008252,21,31.3,rapid_50kw,63.7,murcia,0,27.08
LZ-EV-008253,0,37.0,slow_7kw,66.6,madrid,0,38.92
LZ-EV-008254,23,39.4,slow_7kw,79.0,zaragoza,1,39.45
LZ-EV-008255,21,30.1,fast_22kw,63.6,barcelona,1,33.28
LZ-EV-008256,18,52.1,ultra_150kw,78.5,zaragoza,0,32.85
LZ-EV-008257,8,39.3,ultra_150kw,67.9,valencia,0,33.96
LZ-EV-008258,3,18.0,slow_7kw,56.4,barcelona,0,35.45
LZ-EV-008259,8,42.5,slow_7kw,60.8,murcia,1,30.78
LZ-EV-008260,23,8.2,rapid_50kw,37.9,murcia,0,29.98
LZ-EV-008261,5,50.3,ultra_150kw,96.0,barcelona,0,22.84
LZ-EV-008262,3,39.3,ultra_150kw,50.0,murcia,0,28.83
LZ-EV-008263,14,89.8,slow_7kw,51.2,murcia,0,4.3
LZ-EV-008264,6,41.9,fast_22kw,78.6,bilbao,0,18.61
LZ-EV-008265,17,59.9,slow_7kw,64.9,madrid,1,23.88
LZ-EV-008266,3,24.5,rapid_50kw,65.9,barcelona,0,44.08
LZ-EV-008267,18,36.8,fast_22kw,73.3,valencia,1,42.77
LZ-EV-008268,16,21.4,slow_7kw,40.5,barcelona,1,29.9
LZ-EV-008269,9,61.6,fast_22kw,45.1,malaga,0,14.72
LZ-EV-008270,13,59.4,rapid_50kw,73.5,madrid,0,27.58
LZ-EV-008271,19,14.4,slow_7kw,51.6,valencia,0,21.24
LZ-EV-008272,23,25.4,fast_22kw,58.4,barcelona,1,33.29
LZ-EV-008273,21,46.3,slow_7kw,52.7,valencia,0,25.03
LZ-EV-008274,6,9.6,fast_22kw,38.1,sevilla,0,31.61
LZ-EV-008275,21,43.5,rapid_50kw,63.2,valencia,1,23.85
LZ-EV-008276,3,30.7,slow_7kw,87.1,zaragoza,0,40.25
LZ-EV-008277,10,3.3,slow_7kw,43.2,zaragoza,1,36.37
LZ-EV-008278,17,44.4,rapid_50kw,63.3,zaragoza,1,23.31
LZ-EV-008279,6,53.4,slow_7kw,64.0,zaragoza,0,29.31
LZ-EV-008280,15,2.0,fast_22kw,55.4,barcelona,0,28.43
LZ-EV-008281,6,16.5,slow_7kw,64.8,valencia,1,42.91
LZ-EV-008282,1,26.5,fast_22kw,32.8,barcelona,1,22.7
LZ-EV-008283,20,30.9,fast_22kw,55.0,zaragoza,0,35.88
LZ-EV-008284,17,29.0,slow_7kw,41.3,murcia,0,28.11
LZ-EV-008285,7,61.3,slow_7kw,71.8,sevilla,0,25.76
LZ-EV-008286,0,65.6,slow_7kw,30.8,madrid,1,10.9
LZ-EV-008287,4,42.0,slow_7kw,39.5,madrid,0,21.94
LZ-EV-008288,4,63.5,ultra_150kw,70.7,malaga,0,22.29
LZ-EV-008289,14,56.7,slow_7kw,64.5,sevilla,0,27.21
LZ-EV-008290,1,37.3,ultra_150kw,75.1,zaragoza,0,33.99
LZ-EV-008291,6,26.0,fast_22kw,49.9,madrid,0,29.28
LZ-EV-008292,12,13.2,fast_22kw,68.4,malaga,0,66.13
LZ-EV-008293,14,70.0,ultra_150kw,52.9,malaga,1,14.17
LZ-EV-008294,4,41.0,rapid_50kw,63.0,zaragoza,0,27.95
LZ-EV-008295,17,52.8,fast_22kw,82.0,zaragoza,0,36.86
LZ-EV-008296,4,12.8,slow_7kw,90.5,bilbao,0,30.68
LZ-EV-008297,11,46.1,rapid_50kw,51.3,sevilla,1,14.15
LZ-EV-008298,13,49.9,slow_7kw,37.3,valencia,0,16.93
LZ-EV-008299,3,45.5,fast_22kw,71.5,sevilla,1,36.28
LZ-EV-008300,15,2.0,fast_22kw,39.1,malaga,0,33.08
LZ-EV-008301,21,47.2,fast_22kw,32.4,sevilla,0,16.11
LZ-EV-008302,3,41.5,fast_22kw,44.4,murcia,1,23.66
LZ-EV-008303,14,9.1,ultra_150kw,49.0,malaga,1,25.29
LZ-EV-008304,22,33.4,slow_7kw,69.2,sevilla,0,45.54
LZ-EV-008305,11,38.3,fast_22kw,79.0,sevilla,0,28.77
LZ-EV-008306,13,43.8,fast_22kw,83.0,bilbao,0,44.99
LZ-EV-008307,4,33.2,fast_22kw,86.9,zaragoza,1,45.17
LZ-EV-008308,11,2.0,fast_22kw,65.2,malaga,1,62.31
LZ-EV-008309,3,2.0,slow_7kw,76.6,sevilla,0,28.35
LZ-EV-008310,18,22.5,slow_7kw,63.4,bilbao,0,38.96
LZ-EV-008311,9,52.4,fast_22kw,69.4,valencia,0,31.97
LZ-EV-008312,11,60.3,rapid_50kw,41.6,zaragoza,0,15.44
LZ-EV-008313,16,23.1,ultra_150kw,36.1,barcelona,1,24.6
LZ-EV-008314,1,71.9,rapid_50kw,46.2,bilbao,0,11.46
LZ-EV-008315,9,29.5,slow_7kw,51.0,malaga,0,34.84
LZ-EV-008316,6,47.8,slow_7kw,60.3,malaga,1,31.28
LZ-EV-008317,0,22.8,slow_7kw,64.7,murcia,0,27.8
LZ-EV-008318,10,48.1,slow_7kw,69.2,murcia,0,34.23
LZ-EV-008319,21,35.7,fast_22kw,67.4,murcia,0,29.94
LZ-EV-008320,14,51.1,fast_22kw,30.0,zaragoza,0,12.79
LZ-EV-008321,1,41.6,ultra_150kw,76.5,sevilla,0,41.63
LZ-EV-008322,20,2.0,fast_22kw,64.1,madrid,0,46.09
LZ-EV-008323,17,70.1,slow_7kw,45.5,sevilla,1,12.4
LZ-EV-008324,12,56.3,slow_7kw,54.2,valencia,0,22.27
LZ-EV-008325,11,12.9,slow_7kw,83.8,zaragoza,0,28.51
LZ-EV-008326,15,58.1,fast_22kw,51.2,madrid,1,18.15
LZ-EV-008327,11,59.7,fast_22kw,84.6,valencia,0,31.87
LZ-EV-008328,9,77.5,ultra_150kw,61.1,barcelona,1,13.44
LZ-EV-008329,21,41.8,fast_22kw,75.6,murcia,1,21.96
LZ-EV-008330,3,55.7,fast_22kw,28.0,zaragoza,0,10.97
LZ-EV-008331,14,32.8,slow_7kw,95.7,valencia,0,33.23
LZ-EV-008332,19,61.7,rapid_50kw,73.7,murcia,0,25.92
LZ-EV-008333,5,38.1,slow_7kw,60.1,murcia,0,34.65
LZ-EV-008334,7,25.3,ultra_150kw,68.0,zaragoza,0,45.63
LZ-EV-008335,2,66.2,slow_7kw,65.5,sevilla,0,19.8
LZ-EV-008336,22,32.4,ultra_150kw,41.0,zaragoza,1,26.08
LZ-EV-008337,6,30.6,slow_7kw,34.6,madrid,0,21.11
LZ-EV-008338,17,47.6,fast_22kw,63.3,valencia,0,25.42
LZ-EV-008339,8,48.3,rapid_50kw,58.7,barcelona,1,27.38
LZ-EV-008340,4,32.6,fast_22kw,67.1,zaragoza,0,37.32
LZ-EV-008341,0,34.6,slow_7kw,87.3,sevilla,1,38.32
LZ-EV-008342,1,23.1,fast_22kw,63.0,bilbao,1,45.46
LZ-EV-008343,9,68.1,slow_7kw,70.2,murcia,1,22.87
LZ-EV-008344,18,29.2,fast_22kw,49.5,zaragoza,0,36.92
LZ-EV-008345,11,24.9,fast_22kw,49.7,murcia,0,34.27
LZ-EV-008346,8,51.6,rapid_50kw,66.3,barcelona,1,21.01
LZ-EV-008347,12,26.7,ultra_150kw,57.4,barcelona,0,38.58
LZ-EV-008348,13,32.4,slow_7kw,29.8,sevilla,0,20.82
LZ-EV-008349,14,27.8,slow_7kw,70.4,bilbao,0,43.03
LZ-EV-008350,6,23.7,slow_7kw,51.8,bilbao,0,31.17
LZ-EV-008351,2,10.9,rapid_50kw,46.3,madrid,0,33.86
LZ-EV-008352,19,53.7,slow_7kw,76.8,zaragoza,0,31.66
LZ-EV-008353,14,72.5,slow_7kw,45.2,valencia,0,11.38
LZ-EV-008354,15,37.6,rapid_50kw,37.6,sevilla,0,19.77
LZ-EV-008355,12,27.1,rapid_50kw,69.9,bilbao,0,34.45
LZ-EV-008356,17,34.6,slow_7kw,50.0,madrid,0,28.94
LZ-EV-008357,2,21.8,slow_7kw,90.8,valencia,0,25.94
LZ-EV-008358,9,19.8,slow_7kw,64.0,madrid,0,46.94
LZ-EV-008359,0,53.1,rapid_50kw,80.9,madrid,1,25.13
LZ-EV-008360,23,2.0,rapid_50kw,70.1,madrid,0,48.17
LZ-EV-008361,8,17.2,slow_7kw,68.0,malaga,1,46.36
LZ-EV-008362,15,18.6,slow_7kw,46.4,barcelona,1,33.13
LZ-EV-008363,3,20.5,fast_22kw,48.4,valencia,0,31.87
LZ-EV-008364,23,27.8,slow_7kw,86.0,valencia,0,38.49
LZ-EV-008365,1,43.5,fast_22kw,66.4,barcelona,0,36.79
LZ-EV-008366,22,52.7,slow_7kw,55.2,valencia,0,23.04
LZ-EV-008367,12,17.6,slow_7kw,76.4,murcia,0,40.64
LZ-EV-008368,14,60.6,fast_22kw,28.0,sevilla,1,9.89
LZ-EV-008369,19,75.3,fast_22kw,63.1,madrid,1,14.33
LZ-EV-008370,22,14.1,slow_7kw,52.4,bilbao,0,32.09
LZ-EV-008371,17,44.5,rapid_50kw,66.2,malaga,0,36.01
LZ-EV-008372,15,39.1,fast_22kw,92.5,madrid,0,26.15
LZ-EV-008373,20,53.9,slow_7kw,88.8,madrid,1,37.49
LZ-EV-008374,11,56.6,slow_7kw,57.1,zaragoza,0,20.46
LZ-EV-008375,22,10.8,fast_22kw,71.3,malaga,1,30.43
LZ-EV-008376,22,46.9,rapid_50kw,70.4,valencia,0,23.85
LZ-EV-008377,0,48.4,fast_22kw,55.4,barcelona,0,26.1
LZ-EV-008378,12,41.1,slow_7kw,56.3,sevilla,0,30.13
LZ-EV-008379,16,29.1,fast_22kw,78.3,murcia,0,52.98
LZ-EV-008380,1,32.0,slow_7kw,76.3,sevilla,0,44.95
LZ-EV-008381,10,43.5,slow_7kw,34.4,bilbao,0,16.2
LZ-EV-008382,23,50.2,rapid_50kw,82.7,barcelona,0,17.87
LZ-EV-008383,19,90.0,slow_7kw,58.9,sevilla,0,5.34
LZ-EV-008384,7,40.1,ultra_150kw,60.9,bilbao,0,27.52
LZ-EV-008385,18,15.7,fast_22kw,61.4,madrid,0,34.96
LZ-EV-008386,15,20.4,slow_7kw,73.6,zaragoza,0,49.28
LZ-EV-008387,5,32.1,rapid_50kw,89.3,valencia,0,28.73
LZ-EV-008388,23,45.6,slow_7kw,54.8,valencia,1,26.08
LZ-EV-008389,21,23.8,rapid_50kw,63.7,bilbao,1,27.84
LZ-EV-008390,15,46.3,ultra_150kw,59.2,bilbao,1,28.88
LZ-EV-008391,17,59.4,fast_22kw,86.7,bilbao,1,25.58
LZ-EV-008392,5,28.3,slow_7kw,73.6,barcelona,0,21.55
LZ-EV-008393,20,13.1,slow_7kw,64.4,barcelona,0,23.77
LZ-EV-008394,12,52.0,fast_22kw,37.9,bilbao,0,19.08
LZ-EV-008395,11,40.1,rapid_50kw,72.8,malaga,0,28.34
LZ-EV-008396,19,27.9,fast_22kw,78.7,barcelona,0,30.54
LZ-EV-008397,20,40.4,slow_7kw,49.9,malaga,0,27.59
LZ-EV-008398,20,60.1,ultra_150kw,65.4,barcelona,0,23.01
LZ-EV-008399,6,43.9,slow_7kw,76.8,malaga,0,36.93
LZ-EV-008400,2,39.5,fast_22kw,60.5,malaga,1,36.36
LZ-EV-008401,21,27.3,slow_7kw,97.1,malaga,0,59.35
LZ-EV-008402,2,42.2,slow_7kw,68.2,sevilla,0,38.09
LZ-EV-008403,0,64.7,fast_22kw,56.5,bilbao,0,19.78
LZ-EV-008404,23,42.6,fast_22kw,77.1,barcelona,1,41.06
LZ-EV-008405,14,26.6,rapid_50kw,55.1,barcelona,1,20.06
LZ-EV-008406,17,6.4,slow_7kw,37.7,valencia,1,27.2
LZ-EV-008407,20,43.8,slow_7kw,45.8,sevilla,0,25.33
LZ-EV-008408,17,12.0,rapid_50kw,38.2,madrid,1,25.79
LZ-EV-008409,13,23.2,slow_7kw,33.3,malaga,0,22.45
LZ-EV-008410,10,51.5,slow_7kw,29.7,malaga,0,12.55
LZ-EV-008411,11,53.5,slow_7kw,87.0,barcelona,0,27.59
LZ-EV-008412,5,55.1,rapid_50kw,100.3,madrid,0,32.62
LZ-EV-008413,4,65.7,fast_22kw,61.4,sevilla,1,19.54
LZ-EV-008414,13,27.6,fast_22kw,76.8,zaragoza,0,36.59
LZ-EV-008415,2,38.6,fast_22kw,43.2,zaragoza,0,25.52
LZ-EV-008416,0,33.8,rapid_50kw,36.3,madrid,0,23.07
LZ-EV-008417,9,71.4,ultra_150kw,73.8,valencia,0,19.77
LZ-EV-008418,7,63.1,slow_7kw,62.4,barcelona,0,20.55
LZ-EV-008419,6,64.5,fast_22kw,39.8,sevilla,1,13.84
LZ-EV-008420,15,51.6,slow_7kw,81.8,zaragoza,0,39.92
LZ-EV-008421,2,62.0,slow_7kw,74.7,madrid,0,26.7
LZ-EV-008422,16,8.9,ultra_150kw,64.8,valencia,0,33.85
LZ-EV-008423,11,35.0,fast_22kw,63.4,sevilla,0,25.92
LZ-EV-008424,8,29.6,slow_7kw,68.7,zaragoza,1,43.82
LZ-EV-008425,21,27.4,fast_22kw,68.0,malaga,0,20.37
LZ-EV-008426,16,28.5,fast_22kw,87.2,madrid,1,54.1
LZ-EV-008427,8,28.8,ultra_150kw,50.5,valencia,0,34.35
LZ-EV-008428,10,42.4,slow_7kw,56.5,malaga,0,26.14
LZ-EV-008429,2,46.5,fast_22kw,77.3,murcia,0,27.11
LZ-EV-008430,18,40.9,slow_7kw,94.6,valencia,1,51.04
LZ-EV-008431,6,44.0,fast_22kw,64.0,murcia,0,33.69
LZ-EV-008432,0,41.8,slow_7kw,73.2,malaga,0,22.77
LZ-EV-008433,3,17.3,rapid_50kw,85.4,zaragoza,0,23.95
LZ-EV-008434,2,55.0,fast_22kw,65.5,murcia,0,25.42
LZ-EV-008435,18,39.1,rapid_50kw,52.0,sevilla,1,29.23
LZ-EV-008436,7,40.9,slow_7kw,63.0,barcelona,0,34.19
LZ-EV-008437,15,74.0,ultra_150kw,73.4,malaga,1,19.4
LZ-EV-008438,21,32.4,slow_7kw,53.5,murcia,1,33.24
LZ-EV-008439,10,7.3,fast_22kw,84.3,barcelona,0,69.28
LZ-EV-008440,1,45.8,rapid_50kw,72.8,valencia,1,35.03
LZ-EV-008441,11,43.2,slow_7kw,75.6,bilbao,0,35.9
LZ-EV-008442,22,27.8,rapid_50kw,94.2,murcia,0,20.14
LZ-EV-008443,23,44.1,slow_7kw,52.8,valencia,1,26.96
LZ-EV-008444,17,46.0,fast_22kw,58.3,murcia,0,32.29
LZ-EV-008445,21,10.8,fast_22kw,105.9,murcia,0,92.28
LZ-EV-008446,7,54.4,ultra_150kw,95.5,murcia,0,26.62
LZ-EV-008447,12,28.1,slow_7kw,68.4,malaga,0,25.71
LZ-EV-008448,1,61.6,fast_22kw,68.9,barcelona,1,25.09
LZ-EV-008449,7,25.8,rapid_50kw,71.5,malaga,0,30.39
LZ-EV-008450,23,54.5,rapid_50kw,94.3,zaragoza,0,25.0
LZ-EV-008451,9,41.0,slow_7kw,46.3,barcelona,1,27.01
LZ-EV-008452,23,28.7,rapid_50kw,88.2,malaga,0,19.23
LZ-EV-008453,22,30.3,slow_7kw,73.6,zaragoza,0,29.56
LZ-EV-008454,4,7.5,ultra_150kw,51.5,bilbao,1,39.17
LZ-EV-008455,5,52.3,fast_22kw,68.2,bilbao,0,19.25
LZ-EV-008456,2,27.4,slow_7kw,92.0,sevilla,0,47.69
LZ-EV-008457,20,41.5,slow_7kw,58.1,madrid,0,29.71
LZ-EV-008458,10,64.8,ultra_150kw,68.4,sevilla,0,20.75
LZ-EV-008459,7,52.9,slow_7kw,56.4,bilbao,1,23.4
LZ-EV-008460,14,15.0,fast_22kw,47.4,malaga,0,36.49
LZ-EV-008461,2,67.8,slow_7kw,50.6,barcelona,0,15.3
LZ-EV-008462,17,49.1,fast_22kw,102.2,malaga,1,39.86
LZ-EV-008463,1,28.5,slow_7kw,69.7,valencia,0,48.46
LZ-EV-008464,10,44.0,fast_22kw,67.9,murcia,0,33.21
LZ-EV-008465,9,43.4,rapid_50kw,70.1,zaragoza,1,20.82
LZ-EV-008466,6,36.9,slow_7kw,38.0,zaragoza,0,20.55
LZ-EV-008467,1,29.6,rapid_50kw,80.4,barcelona,0,34.46
LZ-EV-008468,7,20.5,slow_7kw,74.1,madrid,0,55.09
LZ-EV-008469,17,24.5,ultra_150kw,77.7,sevilla,0,50.28
LZ-EV-008470,19,30.8,slow_7kw,63.9,valencia,0,17.96
LZ-EV-008471,2,2.5,ultra_150kw,65.9,sevilla,0,26.81
LZ-EV-008472,10,2.0,fast_22kw,72.2,zaragoza,1,58.38
LZ-EV-008473,7,37.2,rapid_50kw,58.8,malaga,1,30.66
LZ-EV-008474,20,33.0,fast_22kw,52.1,murcia,0,33.38
LZ-EV-008475,2,46.7,rapid_50kw,61.6,barcelona,0,24.45
LZ-EV-008476,1,51.9,slow_7kw,28.0,malaga,0,12.7
LZ-EV-008477,8,59.5,slow_7kw,59.2,sevilla,1,22.79
LZ-EV-008478,12,17.6,fast_22kw,86.5,barcelona,0,32.63
LZ-EV-008479,12,39.9,fast_22kw,45.9,zaragoza,0,23.63
LZ-EV-008480,1,35.0,rapid_50kw,41.1,murcia,0,24.32
LZ-EV-008481,10,36.8,slow_7kw,28.0,malaga,0,13.67
LZ-EV-008482,0,26.9,ultra_150kw,88.0,barcelona,1,27.71
LZ-EV-008483,13,18.9,slow_7kw,42.5,malaga,0,32.51
LZ-EV-008484,2,26.6,fast_22kw,63.5,malaga,0,32.6
LZ-EV-008485,12,41.6,fast_22kw,81.4,murcia,0,34.78
LZ-EV-008486,8,38.5,fast_22kw,55.2,madrid,0,31.38
LZ-EV-008487,1,46.8,fast_22kw,68.0,bilbao,0,33.61
LZ-EV-008488,10,2.0,rapid_50kw,62.8,murcia,0,47.62
LZ-EV-008489,10,27.8,fast_22kw,68.8,madrid,0,44.9
LZ-EV-008490,21,29.6,slow_7kw,48.1,bilbao,0,25.36
LZ-EV-008491,23,44.5,slow_7kw,64.6,malaga,0,25.3
LZ-EV-008492,12,32.3,rapid_50kw,61.7,murcia,0,16.25
LZ-EV-008493,3,12.1,ultra_150kw,72.3,madrid,0,48.65
LZ-EV-008494,18,64.5,fast_22kw,81.3,malaga,1,26.88
LZ-EV-008495,20,33.9,fast_22kw,42.0,madrid,0,25.21
LZ-EV-008496,7,40.9,fast_22kw,64.2,malaga,0,27.39
LZ-EV-008497,0,34.4,slow_7kw,35.7,sevilla,0,23.74
LZ-EV-008498,2,57.5,slow_7kw,36.9,bilbao,0,15.38
LZ-EV-008499,6,2.0,slow_7kw,59.0,malaga,0,56.86
LZ-EV-008500,8,44.2,slow_7kw,62.5,sevilla,0,35.13
LZ-EV-008501,1,63.9,slow_7kw,65.5,bilbao,0,21.33
LZ-EV-008502,18,35.8,rapid_50kw,49.9,malaga,0,13.62
LZ-EV-008503,19,47.5,slow_7kw,53.0,bilbao,0,22.99
LZ-EV-008504,13,15.3,slow_7kw,56.0,zaragoza,0,35.95
LZ-EV-008505,21,37.1,fast_22kw,54.6,madrid,1,34.12
LZ-EV-008506,9,35.5,slow_7kw,60.6,barcelona,1,18.36
LZ-EV-008507,23,27.6,slow_7kw,42.4,madrid,0,29.25
LZ-EV-008508,12,10.3,fast_22kw,81.5,murcia,0,39.83
LZ-EV-008509,6,2.0,slow_7kw,55.6,zaragoza,0,54.31
LZ-EV-008510,13,14.4,fast_22kw,52.8,madrid,0,31.3
LZ-EV-008511,13,70.1,slow_7kw,64.0,madrid,0,16.86
LZ-EV-008512,8,35.0,fast_22kw,105.5,bilbao,0,41.12
LZ-EV-008513,13,25.7,slow_7kw,52.6,barcelona,0,26.84
LZ-EV-008514,22,80.0,slow_7kw,76.4,valencia,0,14.86
LZ-EV-008515,0,30.1,slow_7kw,50.7,zaragoza,0,35.53
LZ-EV-008516,17,30.0,fast_22kw,49.5,zaragoza,1,30.5
LZ-EV-008517,8,28.1,rapid_50kw,64.8,barcelona,1,34.17
LZ-EV-008518,1,37.5,slow_7kw,87.2,zaragoza,0,20.21
LZ-EV-008519,13,34.0,rapid_50kw,56.2,barcelona,0,24.11
LZ-EV-008520,14,31.9,fast_22kw,28.0,barcelona,0,17.71
LZ-EV-008521,5,35.5,rapid_50kw,70.2,malaga,0,42.59
LZ-EV-008522,7,21.5,fast_22kw,60.1,zaragoza,0,41.16
LZ-EV-008523,11,16.3,fast_22kw,66.7,valencia,0,34.45
LZ-EV-008524,5,27.7,slow_7kw,42.5,valencia,0,29.08
LZ-EV-008525,8,37.0,ultra_150kw,82.4,sevilla,0,35.7
LZ-EV-008526,13,2.0,fast_22kw,68.7,malaga,0,41.11
LZ-EV-008527,12,36.8,slow_7kw,72.3,valencia,0,45.06
LZ-EV-008528,10,20.7,fast_22kw,45.7,sevilla,0,25.1
LZ-EV-008529,23,37.7,slow_7kw,89.1,sevilla,0,42.95
LZ-EV-008530,19,33.1,slow_7kw,89.2,murcia,0,28.45
LZ-EV-008531,13,25.7,fast_22kw,59.4,zaragoza,0,40.43
LZ-EV-008532,15,34.3,fast_22kw,51.5,valencia,1,29.72
LZ-EV-008533,12,37.7,fast_22kw,45.4,barcelona,0,23.85
LZ-EV-008534,15,30.9,fast_22kw,66.7,sevilla,0,38.73
LZ-EV-008535,15,36.5,fast_22kw,64.1,valencia,0,35.41
LZ-EV-008536,16,25.7,slow_7kw,35.0,sevilla,0,22.89
LZ-EV-008537,1,26.2,rapid_50kw,79.0,bilbao,0,21.49
LZ-EV-008538,18,31.7,fast_22kw,85.5,malaga,0,38.08
LZ-EV-008539,19,45.9,ultra_150kw,62.0,zaragoza,0,27.96
LZ-EV-008540,21,48.6,fast_22kw,75.8,valencia,0,29.36
LZ-EV-008541,8,26.2,slow_7kw,54.7,valencia,1,36.81
LZ-EV-008542,5,19.7,fast_22kw,63.7,murcia,0,45.27
LZ-EV-008543,20,31.7,fast_22kw,79.9,barcelona,1,31.98
LZ-EV-008544,19,42.7,rapid_50kw,62.0,sevilla,0,29.63
LZ-EV-008545,0,5.1,fast_22kw,89.2,barcelona,0,36.88
LZ-EV-008546,1,64.3,rapid_50kw,76.2,madrid,0,24.42
LZ-EV-008547,2,22.4,fast_22kw,39.3,bilbao,0,28.13
LZ-EV-008548,12,5.6,fast_22kw,77.8,murcia,1,29.89
LZ-EV-008549,4,41.2,slow_7kw,28.0,madrid,1,14.22
LZ-EV-008550,11,61.7,fast_22kw,59.2,barcelona,1,21.09
LZ-EV-008551,11,47.0,rapid_50kw,47.6,malaga,0,21.21
LZ-EV-008552,1,30.4,ultra_150kw,73.2,barcelona,1,15.79
LZ-EV-008553,12,68.1,rapid_50kw,48.3,barcelona,0,12.88
LZ-EV-008554,12,28.9,ultra_150kw,78.9,zaragoza,1,43.46
LZ-EV-008555,18,28.3,slow_7kw,47.9,zaragoza,0,29.86
LZ-EV-008556,16,40.2,fast_22kw,51.1,valencia,0,26.82
LZ-EV-008557,20,39.2,slow_7kw,78.5,barcelona,0,43.66
LZ-EV-008558,4,12.9,slow_7kw,47.5,sevilla,0,35.98
LZ-EV-008559,9,56.7,fast_22kw,71.6,zaragoza,0,28.16
LZ-EV-008560,7,30.9,rapid_50kw,78.3,madrid,0,25.6
LZ-EV-008561,4,40.6,slow_7kw,54.0,bilbao,1,31.14
LZ-EV-008562,13,7.5,fast_22kw,49.5,malaga,0,41.94
LZ-EV-008563,0,25.9,fast_22kw,65.2,barcelona,0,27.36
LZ-EV-008564,3,47.0,slow_7kw,63.0,zaragoza,1,33.41
LZ-EV-008565,7,28.1,slow_7kw,44.6,bilbao,1,30.63
LZ-EV-008566,15,46.9,slow_7kw,72.1,barcelona,1,38.22
LZ-EV-008567,19,64.5,slow_7kw,49.1,bilbao,0,15.78
LZ-EV-008568,2,12.7,rapid_50kw,55.2,zaragoza,0,24.68
LZ-EV-008569,15,11.0,rapid_50kw,62.0,zaragoza,1,44.19
LZ-EV-008570,5,38.7,slow_7kw,43.4,barcelona,1,24.32
LZ-EV-008571,9,41.7,rapid_50kw,69.1,murcia,0,24.74
LZ-EV-008572,19,38.4,fast_22kw,71.1,bilbao,1,37.55
LZ-EV-008573,3,40.6,rapid_50kw,42.7,malaga,0,21.93
LZ-EV-008574,8,19.7,slow_7kw,69.9,murcia,0,45.67
LZ-EV-008575,18,9.3,ultra_150kw,55.9,malaga,1,42.23
LZ-EV-008576,5,32.8,rapid_50kw,55.2,valencia,0,30.4
LZ-EV-008577,8,36.0,rapid_50kw,49.6,zaragoza,0,27.68
LZ-EV-008578,20,28.9,slow_7kw,64.1,bilbao,0,45.7
LZ-EV-008579,23,57.1,slow_7kw,75.5,zaragoza,0,30.29
LZ-EV-008580,1,28.8,rapid_50kw,32.0,malaga,0,18.38
LZ-EV-008581,14,51.2,ultra_150kw,53.1,sevilla,1,23.2
LZ-EV-008582,22,6.2,slow_7kw,59.5,bilbao,1,44.04
LZ-EV-008583,13,41.2,slow_7kw,58.9,zaragoza,0,33.32
LZ-EV-008584,8,6.3,slow_7kw,44.4,zaragoza,1,36.73
LZ-EV-008585,21,12.3,rapid_50kw,73.7,bilbao,0,27.48
LZ-EV-008586,4,19.9,fast_22kw,42.1,zaragoza,0,31.8
LZ-EV-008587,20,39.4,rapid_50kw,47.6,malaga,0,27.54
LZ-EV-008588,5,25.2,ultra_150kw,66.8,sevilla,0,23.65
LZ-EV-008589,3,36.5,rapid_50kw,61.6,murcia,0,15.21
LZ-EV-008590,15,50.4,ultra_150kw,61.0,barcelona,0,29.77
LZ-EV-008591,17,25.5,fast_22kw,28.0,barcelona,0,19.13
LZ-EV-008592,15,35.3,fast_22kw,67.3,malaga,1,38.89
LZ-EV-008593,11,44.3,rapid_50kw,68.9,zaragoza,0,24.03
LZ-EV-008594,19,31.4,rapid_50kw,48.5,zaragoza,0,26.78
LZ-EV-008595,21,50.6,slow_7kw,62.3,murcia,0,27.73
LZ-EV-008596,8,61.9,ultra_150kw,50.8,malaga,0,19.0
LZ-EV-008597,17,26.9,fast_22kw,48.7,madrid,0,31.95
LZ-EV-008598,19,61.0,fast_22kw,49.6,bilbao,0,17.03
LZ-EV-008599,5,8.0,slow_7kw,59.5,zaragoza,0,53.55
LZ-EV-008600,0,42.7,fast_22kw,85.3,valencia,0,24.26
LZ-EV-008601,8,47.0,fast_22kw,68.0,madrid,0,29.26
LZ-EV-008602,5,12.0,rapid_50kw,69.3,madrid,0,31.82
LZ-EV-008603,8,41.0,fast_22kw,64.1,zaragoza,0,34.37
LZ-EV-008604,13,63.9,slow_7kw,52.0,barcelona,0,19.96
LZ-EV-008605,20,22.2,rapid_50kw,80.2,sevilla,1,30.39
LZ-EV-008606,4,52.4,fast_22kw,46.8,bilbao,1,16.92
LZ-EV-008607,5,24.0,rapid_50kw,84.8,murcia,0,42.6
LZ-EV-008608,14,55.0,slow_7kw,86.5,sevilla,0,34.07
LZ-EV-008609,16,65.7,ultra_150kw,60.6,murcia,0,20.2
LZ-EV-008610,22,37.9,ultra_150kw,65.3,bilbao,0,33.4
LZ-EV-008611,1,52.4,slow_7kw,62.2,malaga,0,26.47
LZ-EV-008612,13,13.8,slow_7kw,79.8,madrid,0,42.57
LZ-EV-008613,17,49.6,rapid_50kw,63.9,murcia,1,29.45
LZ-EV-008614,11,76.0,ultra_150kw,75.4,barcelona,1,16.25
LZ-EV-008615,16,48.3,slow_7kw,54.9,malaga,0,25.83
LZ-EV-008616,14,38.5,rapid_50kw,92.7,sevilla,0,19.73
LZ-EV-008617,19,5.4,slow_7kw,39.3,sevilla,1,36.27
LZ-EV-008618,9,30.6,fast_22kw,61.6,madrid,0,25.77
LZ-EV-008619,22,66.9,fast_22kw,68.0,murcia,0,19.61
LZ-EV-008620,19,39.8,slow_7kw,54.0,zaragoza,1,30.0
LZ-EV-008621,11,56.1,slow_7kw,65.1,valencia,0,25.84
LZ-EV-008622,15,8.1,fast_22kw,33.5,bilbao,0,32.14
LZ-EV-008623,16,71.9,slow_7kw,62.9,sevilla,0,14.95
LZ-EV-008624,7,29.8,slow_7kw,53.1,madrid,1,26.69
LZ-EV-008625,4,42.9,rapid_50kw,45.1,bilbao,0,23.61
LZ-EV-008626,0,25.0,rapid_50kw,66.3,barcelona,0,25.86
LZ-EV-008627,16,30.4,fast_22kw,81.4,malaga,1,39.6
LZ-EV-008628,16,29.5,rapid_50kw,86.9,madrid,1,22.13
LZ-EV-008629,18,26.5,rapid_50kw,71.9,madrid,0,41.3
LZ-EV-008630,22,27.8,slow_7kw,61.1,madrid,0,41.72
LZ-EV-008631,5,22.1,fast_22kw,54.7,sevilla,0,21.41
LZ-EV-008632,12,24.4,fast_22kw,62.7,malaga,1,28.23
LZ-EV-008633,19,37.0,rapid_50kw,75.3,sevilla,0,30.46
LZ-EV-008634,7,56.3,fast_22kw,92.9,madrid,0,37.2
LZ-EV-008635,6,46.7,rapid_50kw,71.2,malaga,1,34.98
LZ-EV-008636,2,28.3,ultra_150kw,50.9,murcia,0,31.0
LZ-EV-008637,1,44.5,ultra_150kw,70.7,madrid,0,32.87
LZ-EV-008638,16,64.9,rapid_50kw,76.6,barcelona,1,27.05
LZ-EV-008639,10,12.1,fast_22kw,72.8,barcelona,0,37.9
LZ-EV-008640,12,52.3,slow_7kw,50.4,zaragoza,0,17.0
LZ-EV-008641,3,34.4,slow_7kw,64.2,zaragoza,0,34.57
LZ-EV-008642,8,50.4,rapid_50kw,74.1,valencia,1,31.47
LZ-EV-008643,18,9.5,rapid_50kw,51.7,valencia,0,16.71
LZ-EV-008644,16,30.6,fast_22kw,62.0,zaragoza,0,39.9
LZ-EV-008645,19,23.7,fast_22kw,49.9,malaga,1,35.5
LZ-EV-008646,3,23.3,slow_7kw,66.8,madrid,0,41.32
LZ-EV-008647,21,28.3,slow_7kw,66.6,sevilla,0,46.38
LZ-EV-008648,18,20.3,slow_7kw,53.2,valencia,0,35.1
LZ-EV-008649,13,39.7,slow_7kw,59.1,barcelona,0,30.81
LZ-EV-008650,13,38.0,fast_22kw,67.8,zaragoza,1,37.84
LZ-EV-008651,7,31.0,slow_7kw,53.4,madrid,1,33.98
LZ-EV-008652,20,42.3,fast_22kw,80.3,madrid,1,43.31
LZ-EV-008653,12,41.2,rapid_50kw,48.0,murcia,0,25.74
LZ-EV-008654,1,25.0,slow_7kw,64.5,valencia,0,44.83
LZ-EV-008655,1,26.3,ultra_150kw,76.3,madrid,0,39.27
LZ-EV-008656,12,21.2,fast_22kw,70.2,bilbao,0,21.79
LZ-EV-008657,17,55.4,ultra_150kw,54.6,murcia,1,22.46
LZ-EV-008658,17,41.5,rapid_50kw,90.4,barcelona,1,31.44
LZ-EV-008659,7,39.4,slow_7kw,56.6,barcelona,0,31.93
LZ-EV-008660,21,67.5,fast_22kw,33.3,murcia,1,9.81
LZ-EV-008661,5,50.1,fast_22kw,55.4,bilbao,0,25.5
LZ-EV-008662,14,35.6,fast_22kw,28.4,valencia,0,17.59
LZ-EV-008663,11,42.1,fast_22kw,67.1,barcelona,1,36.68
LZ-EV-008664,2,20.5,fast_22kw,82.0,valencia,1,37.53
LZ-EV-008665,12,32.4,fast_22kw,46.1,barcelona,1,25.86
LZ-EV-008666,14,37.6,slow_7kw,85.2,malaga,0,26.38
LZ-EV-008667,20,21.5,fast_22kw,72.8,madrid,0,29.59
LZ-EV-008668,19,24.0,slow_7kw,61.3,malaga,0,42.9
LZ-EV-008669,17,36.7,slow_7kw,72.9,malaga,1,41.77
LZ-EV-008670,4,46.0,fast_22kw,35.2,madrid,0,18.15
LZ-EV-008671,2,47.4,rapid_50kw,59.3,murcia,1,35.08
LZ-EV-008672,1,51.2,slow_7kw,75.8,zaragoza,0,34.29
LZ-EV-008673,5,48.0,rapid_50kw,32.6,zaragoza,1,15.86
LZ-EV-008674,16,34.4,slow_7kw,45.6,sevilla,0,26.65
LZ-EV-008675,23,31.3,fast_22kw,62.0,murcia,0,42.28
LZ-EV-008676,15,17.5,fast_22kw,28.0,malaga,0,21.13
LZ-EV-008677,0,29.1,fast_22kw,59.1,valencia,0,40.88
LZ-EV-008678,1,38.7,fast_22kw,69.5,zaragoza,0,35.8
LZ-EV-008679,9,38.0,rapid_50kw,60.7,barcelona,0,12.07
LZ-EV-008680,16,68.4,rapid_50kw,65.6,valencia,0,19.38
LZ-EV-008681,2,46.6,fast_22kw,50.5,barcelona,0,23.72
LZ-EV-008682,10,46.7,fast_22kw,76.3,murcia,1,29.14
LZ-EV-008683,18,60.6,rapid_50kw,62.2,madrid,1,26.13
LZ-EV-008684,23,50.3,fast_22kw,73.9,valencia,0,33.11
LZ-EV-008685,15,65.1,fast_22kw,53.8,malaga,1,18.68
LZ-EV-008686,7,27.7,fast_22kw,57.9,valencia,1,29.26
LZ-EV-008687,3,42.4,rapid_50kw,99.7,murcia,0,50.43
LZ-EV-008688,13,18.8,rapid_50kw,73.8,sevilla,1,25.2
LZ-EV-008689,19,24.9,slow_7kw,60.6,murcia,0,41.65
LZ-EV-008690,16,38.9,slow_7kw,79.2,sevilla,1,41.15
LZ-EV-008691,20,64.4,slow_7kw,93.9,bilbao,0,33.75
LZ-EV-008692,19,28.4,fast_22kw,63.5,malaga,0,41.62
LZ-EV-008693,19,12.7,rapid_50kw,69.2,zaragoza,0,30.48
LZ-EV-008694,0,19.1,slow_7kw,54.1,barcelona,0,42.16
LZ-EV-008695,11,29.1,slow_7kw,94.5,murcia,1,38.35
LZ-EV-008696,5,18.0,fast_22kw,63.2,valencia,0,41.5
LZ-EV-008697,10,20.1,fast_22kw,76.3,murcia,0,43.83
LZ-EV-008698,1,16.6,fast_22kw,54.3,malaga,0,40.14
LZ-EV-008699,9,57.3,fast_22kw,93.9,murcia,1,38.06
LZ-EV-008700,15,31.6,slow_7kw,33.0,sevilla,0,20.11
LZ-EV-008701,11,32.3,fast_22kw,63.5,zaragoza,0,22.78
LZ-EV-008702,20,2.1,fast_22kw,67.7,murcia,0,47.15
LZ-EV-008703,13,33.4,slow_7kw,70.4,barcelona,1,45.9
LZ-EV-008704,11,2.0,rapid_50kw,83.4,barcelona,0,50.36
LZ-EV-008705,16,21.3,slow_7kw,64.2,barcelona,1,48.19
LZ-EV-008706,20,55.1,fast_22kw,61.8,zaragoza,0,19.66
LZ-EV-008707,19,29.5,slow_7kw,38.7,zaragoza,0,24.34
LZ-EV-008708,17,62.2,ultra_150kw,86.2,zaragoza,0,28.86
LZ-EV-008709,12,34.3,slow_7kw,86.2,bilbao,1,49.5
LZ-EV-008710,5,45.9,slow_7kw,49.0,malaga,0,22.19
LZ-EV-008711,7,44.9,slow_7kw,44.5,valencia,0,21.7
LZ-EV-008712,15,37.0,fast_22kw,64.4,madrid,0,37.67
LZ-EV-008713,10,20.8,rapid_50kw,83.3,malaga,0,19.35
LZ-EV-008714,10,29.4,fast_22kw,86.6,sevilla,0,44.96
LZ-EV-008715,19,17.7,slow_7kw,84.8,zaragoza,0,22.12
LZ-EV-008716,12,47.9,slow_7kw,59.3,murcia,1,27.43
LZ-EV-008717,18,53.2,fast_22kw,76.0,barcelona,0,31.57
LZ-EV-008718,0,50.0,slow_7kw,75.9,murcia,0,33.66
LZ-EV-008719,6,34.9,slow_7kw,55.3,murcia,0,22.69
LZ-EV-008720,23,47.1,fast_22kw,49.0,zaragoza,0,21.18
LZ-EV-008721,9,48.7,rapid_50kw,69.2,bilbao,0,32.17
LZ-EV-008722,8,39.7,slow_7kw,65.3,valencia,0,37.62
LZ-EV-008723,23,45.0,slow_7kw,89.9,madrid,0,42.79
LZ-EV-008724,16,22.1,fast_22kw,50.5,valencia,1,35.18
LZ-EV-008725,0,17.6,slow_7kw,65.4,barcelona,0,28.29
LZ-EV-008726,1,27.8,fast_22kw,72.7,barcelona,0,51.52
LZ-EV-008727,23,48.1,rapid_50kw,73.4,barcelona,1,32.16
LZ-EV-008728,4,25.6,rapid_50kw,55.6,bilbao,0,20.86
LZ-EV-008729,16,36.7,rapid_50kw,57.9,zaragoza,0,37.76
LZ-EV-008730,13,52.4,fast_22kw,41.5,sevilla,0,18.12
LZ-EV-008731,13,35.5,fast_22kw,68.3,zaragoza,0,42.23
LZ-EV-008732,11,45.2,fast_22kw,92.5,sevilla,0,44.5
LZ-EV-008733,15,52.0,fast_22kw,69.3,bilbao,0,32.91
LZ-EV-008734,17,8.9,fast_22kw,82.3,barcelona,0,45.46
LZ-EV-008735,0,62.6,ultra_150kw,51.1,malaga,0,17.07
LZ-EV-008736,2,48.1,ultra_150kw,74.6,bilbao,0,35.63
LZ-EV-008737,8,54.3,ultra_150kw,36.4,bilbao,1,15.06
LZ-EV-008738,2,19.6,fast_22kw,49.7,barcelona,0,38.22
LZ-EV-008739,14,44.4,fast_22kw,71.0,valencia,0,35.83
LZ-EV-008740,20,19.7,rapid_50kw,82.2,valencia,1,22.42
LZ-EV-008741,18,47.7,ultra_150kw,55.3,zaragoza,0,27.06
LZ-EV-008742,12,34.2,rapid_50kw,77.0,murcia,1,42.62
LZ-EV-008743,14,41.1,slow_7kw,82.4,valencia,0,46.66
LZ-EV-008744,13,2.0,ultra_150kw,71.9,sevilla,0,43.87
LZ-EV-008745,13,65.2,slow_7kw,65.2,murcia,1,20.09
LZ-EV-008746,9,52.8,rapid_50kw,76.5,sevilla,1,29.93
LZ-EV-008747,11,53.7,rapid_50kw,46.8,malaga,1,18.7
LZ-EV-008748,10,28.8,slow_7kw,65.8,malaga,0,32.6
LZ-EV-008749,19,15.1,slow_7kw,43.7,barcelona,0,32.07
LZ-EV-008750,19,47.9,slow_7kw,92.2,murcia,0,25.69
LZ-EV-008751,23,29.8,slow_7kw,72.6,barcelona,1,42.68
LZ-EV-008752,23,37.3,rapid_50kw,68.4,madrid,0,22.68
LZ-EV-008753,10,56.7,rapid_50kw,79.7,valencia,0,33.14
LZ-EV-008754,1,44.8,slow_7kw,90.6,malaga,1,45.59
LZ-EV-008755,11,11.1,slow_7kw,61.5,sevilla,0,44.25
LZ-EV-008756,10,77.0,fast_22kw,64.4,sevilla,1,14.8
LZ-EV-008757,17,35.3,slow_7kw,59.7,sevilla,1,37.65
LZ-EV-008758,15,26.7,slow_7kw,40.0,sevilla,0,28.27
LZ-EV-008759,8,12.5,slow_7kw,52.4,valencia,1,43.53
LZ-EV-008760,10,49.4,fast_22kw,62.9,bilbao,0,25.31
LZ-EV-008761,10,53.9,fast_22kw,68.3,valencia,0,29.49
LZ-EV-008762,7,35.4,slow_7kw,52.2,zaragoza,0,31.37
LZ-EV-008763,22,31.4,fast_22kw,75.8,madrid,0,40.67
LZ-EV-008764,15,22.5,slow_7kw,72.4,malaga,0,41.95
LZ-EV-008765,10,32.8,rapid_50kw,44.5,murcia,0,17.43
LZ-EV-008766,21,31.5,rapid_50kw,76.3,sevilla,0,40.2
LZ-EV-008767,19,48.2,slow_7kw,76.7,barcelona,0,34.75
LZ-EV-008768,21,26.9,fast_22kw,54.4,sevilla,0,39.5
LZ-EV-008769,1,64.9,fast_22kw,65.9,bilbao,1,23.36
LZ-EV-008770,20,45.8,fast_22kw,41.9,murcia,1,20.67
LZ-EV-008771,22,23.1,fast_22kw,60.3,barcelona,1,31.06
LZ-EV-008772,16,42.0,fast_22kw,45.7,sevilla,0,21.41
LZ-EV-008773,4,28.3,slow_7kw,77.2,barcelona,0,27.5
LZ-EV-008774,2,59.3,ultra_150kw,75.9,sevilla,1,23.03
LZ-EV-008775,13,37.0,rapid_50kw,47.6,valencia,0,26.16
LZ-EV-008776,2,33.8,rapid_50kw,44.5,madrid,0,20.81
LZ-EV-008777,23,26.5,fast_22kw,52.4,barcelona,0,35.94
LZ-EV-008778,2,30.7,ultra_150kw,89.2,madrid,0,59.98
LZ-EV-008779,6,37.3,fast_22kw,53.2,barcelona,0,30.16
LZ-EV-008780,9,29.9,rapid_50kw,39.7,zaragoza,0,24.21
LZ-EV-008781,19,42.7,slow_7kw,85.6,madrid,0,25.8
LZ-EV-008782,2,64.9,slow_7kw,67.5,sevilla,0,22.82
LZ-EV-008783,17,50.9,fast_22kw,49.4,murcia,0,23.58
LZ-EV-008784,9,49.4,rapid_50kw,80.2,malaga,1,24.94
LZ-EV-008785,11,55.6,ultra_150kw,67.1,zaragoza,0,28.21
LZ-EV-008786,22,18.3,fast_22kw,71.8,valencia,0,56.82
LZ-EV-008787,1,40.4,fast_22kw,52.3,murcia,0,26.86
LZ-EV-008788,8,44.8,rapid_50kw,44.4,madrid,0,22.12
LZ-EV-008789,13,46.5,slow_7kw,31.2,barcelona,0,15.81
LZ-EV-008790,2,46.2,slow_7kw,38.9,murcia,0,17.92
LZ-EV-008791,22,43.6,fast_22kw,78.6,madrid,0,47.05
LZ-EV-008792,16,51.7,fast_22kw,79.0,barcelona,1,34.47
LZ-EV-008793,2,47.4,slow_7kw,54.6,murcia,1,25.01
LZ-EV-008794,3,25.4,rapid_50kw,28.0,zaragoza,0,18.37
LZ-EV-008795,23,22.4,fast_22kw,66.6,sevilla,0,24.72
LZ-EV-008796,13,12.6,fast_22kw,82.8,sevilla,1,25.07
LZ-EV-008797,3,42.2,fast_22kw,54.1,zaragoza,1,27.41
LZ-EV-008798,16,2.0,slow_7kw,49.4,valencia,1,30.45
LZ-EV-008799,12,35.9,slow_7kw,56.0,murcia,0,33.66
LZ-EV-008800,1,11.4,slow_7kw,53.3,valencia,0,42.41
LZ-EV-008801,5,36.8,slow_7kw,69.8,sevilla,0,34.77
LZ-EV-008802,16,34.2,fast_22kw,29.7,sevilla,0,17.94
LZ-EV-008803,4,36.9,fast_22kw,56.6,valencia,0,33.35
LZ-EV-008804,12,43.3,fast_22kw,89.4,valencia,0,33.76
LZ-EV-008805,5,36.2,rapid_50kw,82.7,malaga,0,29.82
LZ-EV-008806,22,7.3,slow_7kw,63.5,sevilla,1,28.76
LZ-EV-008807,19,29.5,slow_7kw,42.0,zaragoza,0,23.43
LZ-EV-008808,0,39.4,fast_22kw,58.7,zaragoza,1,30.21
LZ-EV-008809,17,24.4,fast_22kw,68.4,madrid,0,52.31
LZ-EV-008810,15,44.4,slow_7kw,54.4,sevilla,0,28.48
LZ-EV-008811,12,40.6,slow_7kw,70.9,malaga,1,40.93
LZ-EV-008812,23,58.0,slow_7kw,95.2,madrid,0,38.37
LZ-EV-008813,19,46.2,slow_7kw,72.0,zaragoza,1,33.92
LZ-EV-008814,12,30.3,ultra_150kw,75.8,zaragoza,0,47.99
LZ-EV-008815,17,34.2,slow_7kw,51.5,malaga,0,30.91
LZ-EV-008816,9,36.8,fast_22kw,70.5,zaragoza,0,28.04
LZ-EV-008817,9,15.4,fast_22kw,49.2,malaga,0,29.25
LZ-EV-008818,3,18.0,fast_22kw,28.5,bilbao,1,22.64
LZ-EV-008819,18,54.6,fast_22kw,56.4,murcia,0,22.18
LZ-EV-008820,22,44.8,slow_7kw,60.6,madrid,1,29.89
LZ-EV-008821,13,44.9,slow_7kw,78.2,murcia,1,37.91
LZ-EV-008822,0,25.9,rapid_50kw,47.3,barcelona,1,34.05
LZ-EV-008823,10,18.3,slow_7kw,69.6,bilbao,0,49.13
LZ-EV-008824,9,54.1,slow_7kw,58.0,valencia,0,23.88
LZ-EV-008825,20,58.0,slow_7kw,58.7,malaga,0,20.37
LZ-EV-008826,6,52.7,fast_22kw,75.0,zaragoza,0,34.89
LZ-EV-008827,7,30.1,fast_22kw,63.1,valencia,1,36.29
LZ-EV-008828,17,28.4,slow_7kw,86.7,sevilla,0,24.45
LZ-EV-008829,2,27.4,fast_22kw,68.0,zaragoza,0,32.01
LZ-EV-008830,22,57.3,fast_22kw,71.6,zaragoza,1,26.51
LZ-EV-008831,17,36.3,fast_22kw,41.4,malaga,0,23.26
LZ-EV-008832,18,27.6,fast_22kw,49.0,zaragoza,0,31.39
LZ-EV-008833,17,56.4,ultra_150kw,60.3,madrid,1,22.29
LZ-EV-008834,4,30.4,slow_7kw,28.0,valencia,0,18.16
LZ-EV-008835,16,43.5,slow_7kw,76.4,barcelona,1,29.27
LZ-EV-008836,6,22.1,rapid_50kw,66.6,barcelona,0,41.07
LZ-EV-008837,3,43.4,fast_22kw,88.7,valencia,0,33.44
LZ-EV-008838,9,27.0,fast_22kw,43.8,malaga,0,29.01
LZ-EV-008839,12,30.8,rapid_50kw,56.2,zaragoza,0,33.44
LZ-EV-008840,1,23.9,ultra_150kw,72.2,barcelona,0,38.63
LZ-EV-008841,14,20.9,slow_7kw,34.6,malaga,1,24.69
LZ-EV-008842,4,34.1,slow_7kw,41.7,malaga,1,25.88
LZ-EV-008843,22,62.4,slow_7kw,89.5,madrid,0,29.29
LZ-EV-008844,22,44.7,rapid_50kw,28.0,barcelona,0,13.87
LZ-EV-008845,20,90.0,ultra_150kw,61.3,barcelona,0,5.14
LZ-EV-008846,21,2.0,rapid_50kw,28.7,valencia,0,25.67
LZ-EV-008847,16,65.2,rapid_50kw,74.9,sevilla,0,20.6
LZ-EV-008848,6,25.4,fast_22kw,44.3,valencia,0,31.13
LZ-EV-008849,20,80.1,fast_22kw,88.0,zaragoza,0,15.98
LZ-EV-008850,0,29.6,slow_7kw,76.2,madrid,0,36.75
LZ-EV-008851,18,18.4,ultra_150kw,86.1,madrid,1,36.43
LZ-EV-008852,7,50.3,slow_7kw,57.5,madrid,0,27.65
LZ-EV-008853,15,36.2,slow_7kw,64.3,madrid,1,36.83
LZ-EV-008854,5,55.8,slow_7kw,47.4,malaga,1,19.33
LZ-EV-008855,14,49.1,slow_7kw,49.7,sevilla,0,23.18
LZ-EV-008856,23,49.3,fast_22kw,40.2,valencia,1,18.13
LZ-EV-008857,15,26.8,slow_7kw,68.5,zaragoza,1,46.32
LZ-EV-008858,6,37.4,slow_7kw,56.3,bilbao,0,31.24
LZ-EV-008859,17,44.2,slow_7kw,64.9,zaragoza,0,36.58
LZ-EV-008860,20,52.3,fast_22kw,41.1,bilbao,0,18.56
LZ-EV-008861,21,26.7,slow_7kw,57.8,malaga,0,42.66
LZ-EV-008862,13,50.4,fast_22kw,63.6,bilbao,1,29.21
LZ-EV-008863,19,55.7,ultra_150kw,64.0,murcia,0,26.0
LZ-EV-008864,6,37.6,rapid_50kw,62.9,madrid,1,30.63
LZ-EV-008865,19,31.6,slow_7kw,60.1,zaragoza,0,36.81
LZ-EV-008866,16,40.3,slow_7kw,73.3,murcia,1,40.44
LZ-EV-008867,6,36.8,slow_7kw,65.7,madrid,0,37.22
LZ-EV-008868,23,8.1,ultra_150kw,74.7,sevilla,0,48.63
LZ-EV-008869,19,31.6,ultra_150kw,55.0,murcia,0,28.18
LZ-EV-008870,20,55.5,rapid_50kw,48.3,bilbao,0,19.53
LZ-EV-008871,13,25.6,slow_7kw,77.1,barcelona,1,46.55
LZ-EV-008872,16,39.3,fast_22kw,101.2,malaga,1,49.7
LZ-EV-008873,13,12.4,slow_7kw,69.9,murcia,0,48.29
LZ-EV-008874,12,23.1,rapid_50kw,29.1,valencia,1,18.2
LZ-EV-008875,23,53.9,slow_7kw,88.4,madrid,1,33.81
LZ-EV-008876,11,49.7,fast_22kw,86.2,malaga,0,43.25
LZ-EV-008877,11,24.9,fast_22kw,96.4,madrid,0,33.42
LZ-EV-008878,2,28.5,rapid_50kw,41.6,barcelona,1,28.6
LZ-EV-008879,3,29.1,fast_22kw,52.0,malaga,0,32.09
LZ-EV-008880,21,34.8,slow_7kw,54.7,bilbao,0,11.76
LZ-EV-008881,1,67.3,fast_22kw,62.8,murcia,0,18.58
LZ-EV-008882,19,74.3,slow_7kw,46.6,barcelona,1,11.64
LZ-EV-008883,3,21.4,slow_7kw,64.5,zaragoza,0,45.14
LZ-EV-008884,7,26.2,slow_7kw,72.9,madrid,1,23.75
LZ-EV-008885,6,52.0,fast_22kw,74.4,malaga,1,34.1
LZ-EV-008886,0,45.5,rapid_50kw,70.8,sevilla,1,21.53
LZ-EV-008887,3,14.4,fast_22kw,47.1,malaga,0,35.93
LZ-EV-008888,15,52.6,rapid_50kw,43.8,malaga,0,19.71
LZ-EV-008889,20,58.2,slow_7kw,72.9,sevilla,0,29.05
LZ-EV-008890,7,2.4,rapid_50kw,50.4,bilbao,1,23.45
LZ-EV-008891,22,11.3,slow_7kw,41.4,bilbao,0,35.58
LZ-EV-008892,5,22.7,slow_7kw,58.9,valencia,0,28.06
LZ-EV-008893,14,37.6,rapid_50kw,41.5,barcelona,0,23.1
LZ-EV-008894,19,58.5,slow_7kw,60.9,sevilla,0,20.54
LZ-EV-008895,17,2.0,rapid_50kw,50.9,barcelona,0,30.56
LZ-EV-008896,10,71.3,slow_7kw,71.3,bilbao,0,18.64
LZ-EV-008897,9,57.0,rapid_50kw,60.2,malaga,0,26.48
LZ-EV-008898,9,13.8,slow_7kw,45.5,bilbao,1,34.15
LZ-EV-008899,11,20.1,slow_7kw,54.5,sevilla,1,36.95
LZ-EV-008900,20,61.6,rapid_50kw,74.4,sevilla,0,25.58
LZ-EV-008901,14,54.0,fast_22kw,90.8,madrid,0,40.63
LZ-EV-008902,23,40.9,fast_22kw,46.0,valencia,0,25.8
LZ-EV-008903,2,55.1,slow_7kw,85.8,malaga,0,33.15
LZ-EV-008904,3,66.6,rapid_50kw,42.3,barcelona,0,12.14
LZ-EV-008905,21,49.2,fast_22kw,57.5,madrid,0,26.21
LZ-EV-008906,18,34.7,rapid_50kw,33.3,valencia,0,22.43
LZ-EV-008907,10,61.6,rapid_50kw,58.1,barcelona,0,22.87
LZ-EV-008908,1,57.8,fast_22kw,52.1,bilbao,0,19.18
LZ-EV-008909,7,38.6,slow_7kw,75.6,sevilla,1,31.06
LZ-EV-008910,6,38.4,slow_7kw,63.7,bilbao,0,33.63
LZ-EV-008911,18,22.8,fast_22kw,28.5,barcelona,0,20.76
LZ-EV-008912,21,48.6,rapid_50kw,51.3,malaga,1,23.06
LZ-EV-008913,9,26.7,fast_22kw,91.2,barcelona,1,42.99
LZ-EV-008914,15,44.2,slow_7kw,58.8,murcia,0,24.52
LZ-EV-008915,5,36.0,slow_7kw,41.2,zaragoza,0,24.74
LZ-EV-008916,8,53.0,ultra_150kw,77.0,valencia,0,32.57
LZ-EV-008917,1,30.5,fast_22kw,40.0,zaragoza,0,23.55
LZ-EV-008918,10,59.0,fast_22kw,84.0,valencia,1,29.86
LZ-EV-008919,19,26.4,rapid_50kw,57.3,bilbao,0,28.81
LZ-EV-008920,18,52.1,fast_22kw,68.1,valencia,0,29.7
LZ-EV-008921,14,38.0,slow_7kw,57.6,madrid,1,33.55
LZ-EV-008922,9,87.2,rapid_50kw,51.8,murcia,1,5.7
LZ-EV-008923,9,15.3,fast_22kw,62.6,bilbao,0,49.61
LZ-EV-008924,10,39.6,slow_7kw,61.1,murcia,1,35.63
LZ-EV-008925,18,90.0,slow_7kw,49.7,malaga,1,4.99
LZ-EV-008926,13,55.8,fast_22kw,66.2,sevilla,0,27.49
LZ-EV-008927,23,29.8,fast_22kw,72.2,madrid,1,44.0
LZ-EV-008928,22,55.5,slow_7kw,46.6,sevilla,0,20.2
LZ-EV-008929,1,41.9,fast_22kw,55.4,bilbao,0,29.12
LZ-EV-008930,5,15.5,ultra_150kw,78.4,madrid,0,33.77
LZ-EV-008931,21,43.9,slow_7kw,56.5,bilbao,1,25.9
LZ-EV-008932,5,61.5,slow_7kw,52.3,malaga,1,17.96
LZ-EV-008933,7,37.3,rapid_50kw,76.4,barcelona,0,28.7
LZ-EV-008934,1,52.8,slow_7kw,66.4,madrid,1,26.43
LZ-EV-008935,4,45.4,ultra_150kw,70.8,murcia,0,40.6
LZ-EV-008936,0,7.5,ultra_150kw,52.8,zaragoza,0,45.7
LZ-EV-008937,1,13.3,slow_7kw,71.1,barcelona,0,58.15
LZ-EV-008938,20,10.5,fast_22kw,56.4,malaga,0,26.74
LZ-EV-008939,17,43.3,slow_7kw,65.0,murcia,0,29.25
LZ-EV-008940,18,48.8,slow_7kw,63.4,barcelona,0,27.4
LZ-EV-008941,23,78.8,fast_22kw,47.3,zaragoza,0,9.57
LZ-EV-008942,4,34.2,slow_7kw,57.5,murcia,0,17.71
LZ-EV-008943,22,34.4,slow_7kw,105.0,murcia,0,42.39
LZ-EV-008944,16,32.9,fast_22kw,33.9,zaragoza,0,22.01
LZ-EV-008945,20,33.0,slow_7kw,56.7,malaga,0,20.73
LZ-EV-008946,4,24.0,fast_22kw,53.5,murcia,0,37.08
LZ-EV-008947,16,10.6,ultra_150kw,73.8,murcia,0,37.9
LZ-EV-008948,22,53.0,fast_22kw,60.3,sevilla,0,24.1
LZ-EV-008949,22,74.8,fast_22kw,72.7,bilbao,0,16.98
LZ-EV-008950,14,40.2,slow_7kw,64.9,valencia,1,27.6
LZ-EV-008951,11,64.4,slow_7kw,58.2,murcia,0,19.58
LZ-EV-008952,22,30.7,slow_7kw,44.7,barcelona,0,26.76
LZ-EV-008953,7,48.4,ultra_150kw,67.8,bilbao,0,29.13
LZ-EV-008954,14,38.1,slow_7kw,73.0,sevilla,0,40.38
LZ-EV-008955,23,12.0,rapid_50kw,64.1,sevilla,0,50.89
LZ-EV-008956,0,25.2,fast_22kw,63.5,zaragoza,0,31.82
LZ-EV-008957,21,44.3,fast_22kw,52.0,sevilla,1,28.54
LZ-EV-008958,18,40.9,slow_7kw,90.3,malaga,0,48.17
LZ-EV-008959,12,21.2,fast_22kw,61.2,valencia,1,40.82
LZ-EV-008960,5,56.1,rapid_50kw,62.7,sevilla,0,24.74
LZ-EV-008961,17,50.1,slow_7kw,79.9,zaragoza,0,39.16
LZ-EV-008962,15,55.6,slow_7kw,52.0,zaragoza,1,22.71
LZ-EV-008963,10,38.0,slow_7kw,96.0,bilbao,1,30.04
LZ-EV-008964,11,73.2,slow_7kw,41.4,malaga,1,8.95
LZ-EV-008965,13,11.3,fast_22kw,96.5,murcia,0,55.63
LZ-EV-008966,8,2.0,slow_7kw,73.2,barcelona,0,24.36
LZ-EV-008967,16,71.4,fast_22kw,55.3,malaga,0,14.59
LZ-EV-008968,0,55.6,ultra_150kw,40.7,malaga,0,15.41
LZ-EV-008969,23,30.3,rapid_50kw,46.2,murcia,0,16.66
LZ-EV-008970,14,43.7,slow_7kw,60.8,madrid,0,29.59
LZ-EV-008971,17,43.1,fast_22kw,60.3,malaga,0,28.08
LZ-EV-008972,13,22.5,fast_22kw,74.4,zaragoza,0,41.07
LZ-EV-008973,5,11.7,fast_22kw,40.4,malaga,0,30.25
LZ-EV-008974,0,70.6,slow_7kw,41.1,valencia,1,10.69
LZ-EV-008975,13,16.0,slow_7kw,66.9,sevilla,1,52.82
LZ-EV-008976,17,58.1,slow_7kw,73.8,malaga,0,32.85
LZ-EV-008977,14,16.4,slow_7kw,88.3,sevilla,0,34.51
LZ-EV-008978,9,43.0,slow_7kw,87.9,bilbao,0,42.79
LZ-EV-008979,7,50.3,slow_7kw,84.6,bilbao,1,39.65
LZ-EV-008980,13,68.7,ultra_150kw,40.1,murcia,0,11.11
LZ-EV-008981,17,54.8,fast_22kw,53.2,valencia,0,22.51
LZ-EV-008982,5,16.5,rapid_50kw,69.0,valencia,1,40.31
LZ-EV-008983,7,53.0,slow_7kw,85.1,valencia,0,34.4
LZ-EV-008984,9,28.8,slow_7kw,61.3,madrid,0,44.51
LZ-EV-008985,14,60.9,fast_22kw,74.9,sevilla,0,30.57
LZ-EV-008986,17,38.7,fast_22kw,52.5,murcia,0,26.72
LZ-EV-008987,6,40.8,rapid_50kw,70.1,zaragoza,0,35.92
LZ-EV-008988,23,22.2,fast_22kw,56.9,barcelona,0,40.19
LZ-EV-008989,22,23.8,fast_22kw,63.8,barcelona,1,27.39
LZ-EV-008990,7,59.2,slow_7kw,51.6,zaragoza,0,18.45
LZ-EV-008991,14,21.2,slow_7kw,61.0,barcelona,1,44.16
LZ-EV-008992,13,9.2,ultra_150kw,70.3,barcelona,0,40.04
LZ-EV-008993,14,64.4,slow_7kw,57.8,zaragoza,0,17.22
LZ-EV-008994,14,22.5,fast_22kw,42.5,sevilla,1,29.84
LZ-EV-008995,23,26.1,slow_7kw,54.3,murcia,1,31.94
LZ-EV-008996,18,43.8,ultra_150kw,62.5,madrid,0,31.44
LZ-EV-008997,10,49.1,fast_22kw,55.9,barcelona,0,28.74
LZ-EV-008998,3,51.7,rapid_50kw,81.3,murcia,1,26.52
LZ-EV-008999,23,35.5,ultra_150kw,90.6,sevilla,0,29.31
