u_q,coolant,stator_winding,u_d,stator_tooth,motor_speed,i_d,i_q,pm,stator_yoke,ambient,torque,profile_id
90.878,70.363,105.176,-93.34,97.025,4364.708,-118.766,59.618,80.13,85.9,26.398,53.478,60
72.169,18.742,50.842,-109.82,39.443,2999.974,-123.692,113.114,33.543,30.84,21.441,100.127,14
15.98,23.324,42.904,-5.844,39.446,336.543,-6.953,27.347,56.832,33.836,24.804,18.79,72
16.138,19.001,112.969,-129.953,84.528,3999.957,-203.198,96.444,93.689,57.641,24.863,93.446,15
49.61,18.177,78.793,-60.806,64.053,1249.985,-50.73,146.704,95.538,46.351,24.795,112.587,20
123.059,39.641,67.143,-41.64,58.086,5712.261,-118.044,17.523,52.139,49.304,25.529,15.248,50
127.272,63.865,72.125,22.747,65.672,3007.075,-18.305,-21.466,61.665,61.364,25.788,-16.506,76
51.165,19.611,96.09,-121.148,70.381,1999.974,-129.291,204.097,60.456,50.611,24.862,175.947,4
70.883,26.717,46.373,-15.804,43.09,1477.695,-4.966,29.078,47.135,37.08,24.166,19.4,73
15.53,18.288,113.667,-129.962,84.647,3999.958,-204.208,96.902,92.546,57.678,24.506,93.715,15
131.272,18.988,42.768,-5.207,38.388,4499.956,-84.744,1.042,44.194,31.183,22.114,-0.574,21
94.678,34.472,86.005,-89.985,72.053,4499.967,-121.433,55.406,63.913,57.514,23.355,50.0,43
77.882,85.34,96.795,-105.99,88.568,2122.681,-62.991,163.304,61.882,84.544,25.931,127.755,57
37.031,18.17,21.539,-0.132,19.951,749.99,-2.0,1.096,30.432,19.851,23.336,0.188,16
26.238,19.503,109.357,-128.121,80.114,5499.953,-195.799,66.396,82.794,53.355,19.851,64.014,24
27.234,19.319,114.976,-127.682,86.6,5849.939,-192.521,60.158,92.784,58.204,24.816,58.519,27
27.184,49.719,98.3,-43.453,82.479,720.97,-84.168,193.677,75.027,69.792,24.878,154.956,48
16.661,46.131,90.83,129.583,73.622,4105.394,-199.924,-114.467,71.326,60.657,23.643,-110.405,80
71.426,19.397,33.121,-24.364,31.679,1499.98,-7.818,43.902,54.174,27.359,22.494,30.976,10
23.726,19.216,35.464,-21.936,28.075,499.996,-43.512,132.617,26.968,24.791,22.067,103.482,7
69.962,49.857,103.685,111.29,86.013,2904.247,-99.871,-124.974,80.022,70.553,25.99,-106.945,49
13.693,18.047,39.364,-11.633,31.752,249.99,-43.513,132.618,30.952,26.403,23.068,103.719,13
120.068,70.458,90.905,52.079,83.056,3358.737,-47.501,-46.696,64.52,75.985,26.346,-37.767,60
69.365,18.647,67.065,-111.964,53.342,2999.966,-124.311,113.222,58.958,39.452,23.213,100.0,14
131.184,18.431,28.001,-0.78,29.164,2749.971,-1.993,1.07,37.557,25.597,24.122,-0.778,20
83.092,18.621,49.633,-85.316,42.002,1999.98,-43.511,132.618,47.473,33.242,23.207,101.875,12
131.793,18.563,32.153,-2.995,31.608,3499.963,-46.482,1.17,39.292,26.386,23.594,-0.566,26
131.38,18.763,44.394,-5.245,39.452,4499.955,-83.888,1.053,51.153,32.08,21.936,-0.563,21
119.33,18.929,63.884,-52.019,52.959,5649.946,-118.967,22.714,65.634,38.783,22.588,20.026,31
63.71,18.228,45.974,-112.743,38.018,2452.615,-116.632,146.869,42.038,30.955,23.079,124.74,11
4.169,18.501,19.809,1.479,19.154,100.003,-2.0,1.095,29.4,19.054,22.957,0.452,18
74.798,43.421,91.037,107.366,75.533,5204.404,-144.07,-69.781,86.285,60.633,25.623,-65.367,73
12.071,18.433,19.836,0.751,19.286,250.007,-2.0,1.098,26.407,19.116,23.163,0.115,13
53.126,18.444,33.413,-35.619,30.148,1149.994,-23.016,90.022,42.14,26.01,24.278,67.441,27
4.26,23.217,124.095,-130.658,91.987,3499.966,-220.427,114.04,94.951,63.952,23.235,111.243,23
16.407,61.222,78.377,1.283,71.494,345.843,-2.374,1.041,65.928,65.508,24.844,-0.049,73
131.124,18.485,27.862,-0.817,28.893,2749.969,-1.993,1.071,36.924,25.404,23.555,-0.786,20
30.111,50.417,81.505,54.5,72.099,1052.947,-70.528,-184.995,52.901,63.896,25.689,-147.67,51
67.187,18.511,68.045,113.723,54.149,2499.973,-91.82,-149.356,59.599,39.452,26.114,-127.493,6
131.796,18.82,42.734,-4.135,39.452,3999.956,-65.541,1.096,59.548,32.335,24.808,-0.481,15
23.631,45.76,94.225,-128.276,78.717,4465.599,-197.94,84.937,79.813,64.127,26.385,82.455,57
97.306,18.374,25.08,-0.418,25.644,1999.977,-2.001,1.097,33.303,23.239,23.407,-0.063,12
13.683,18.991,39.38,-11.633,31.695,250.018,-43.512,132.617,31.438,26.401,23.132,103.673,13
13.719,18.239,38.184,-11.575,30.574,249.976,-43.512,132.618,24.454,26.229,23.129,103.888,13
10.457,24.748,75.626,40.188,57.501,644.604,-108.721,-238.811,66.285,43.483,25.683,-196.884,65
55.575,18.591,62.72,-77.662,49.429,1449.984,-65.981,172.999,48.435,38.152,22.19,138.814,30
73.017,85.851,96.875,62.408,92.517,1916.48,-28.145,-99.264,85.269,88.506,26.383,-74.564,56
124.311,18.764,47.942,-42.894,42.784,4499.953,-91.262,24.528,55.281,33.255,24.831,20.098,20
13.173,49.75,124.905,-21.699,98.255,283.063,-118.36,236.207,74.974,79.418,26.384,194.47,49
115.752,50.367,90.616,-61.295,72.121,3916.036,-80.705,42.736,53.966,59.824,25.476,35.016,65
21.586,33.861,104.8,-24.057,86.09,473.452,-53.747,151.709,72.969,67.384,27.029,116.406,56
84.599,19.365,69.214,-100.314,53.355,2518.912,-75.667,121.348,57.02,39.213,26.348,98.397,53
74.45,54.947,76.933,98.461,70.701,2159.132,-49.489,-147.648,68.304,63.38,27.911,-114.793,74
71.194,18.412,39.453,-24.544,36.877,1499.986,-7.821,43.902,59.624,31.212,22.089,30.882,10
17.223,18.631,113.492,-129.853,84.306,4499.965,-201.921,84.537,91.32,57.389,24.787,81.846,20
65.957,60.898,98.226,111.238,85.055,4013.122,-136.745,-93.825,85.549,72.22,26.962,-85.998,61
100.409,18.616,36.626,-80.756,32.016,5969.95,-141.513,35.555,61.554,24.485,22.55,32.849,29
120.725,60.59,96.742,50.505,83.866,4781.698,-94.948,-34.715,75.602,72.122,27.926,-31.113,53
96.369,27.008,66.993,86.204,54.182,4630.46,-123.205,-62.886,45.101,42.4,23.909,-57.686,73
123.627,35.798,65.581,-40.987,61.526,2687.419,-9.481,42.149,67.163,53.219,26.012,29.262,66
57.278,65.77,89.65,-50.622,82.036,1355.435,-34.56,112.193,71.902,74.041,26.404,83.217,68
131.188,18.541,27.867,-0.857,28.916,2749.971,-1.993,1.07,37.063,25.558,23.534,-0.763,20
129.846,38.748,64.012,-17.913,58.073,4111.93,-69.195,9.735,63.795,50.228,26.385,7.155,68
97.076,18.493,25.546,-0.447,25.988,1999.978,-1.999,1.098,34.189,23.524,23.314,-0.123,12
131.789,19.137,38.924,-3.878,36.721,3999.956,-67.135,1.099,48.802,30.022,24.674,-0.582,15
4.122,18.329,19.743,1.465,19.103,100.019,-2.001,1.097,27.557,19.0,23.174,0.471,18
49.829,18.503,69.781,-60.648,57.469,1249.993,-50.73,146.703,90.605,43.537,24.135,112.958,20
125.227,65.205,90.846,-39.631,82.469,5249.938,-100.973,18.309,83.708,72.122,27.261,14.903,20
115.822,32.66,72.085,56.305,60.276,3051.754,-40.429,-54.541,52.505,47.028,26.095,-43.275,54
66.73,22.865,65.154,-10.497,58.493,1405.352,-3.658,19.17,72.235,45.983,26.34,12.43,52
87.191,66.277,99.473,-97.468,86.145,4999.948,-133.024,54.015,85.247,75.614,25.011,47.454,6
9.396,19.299,122.911,-129.873,92.752,5499.952,-202.386,65.216,112.048,61.654,26.043,63.721,24
125.286,47.504,85.257,29.696,70.826,3200.931,-32.24,-28.713,67.108,59.596,26.179,-22.279,70
4.019,19.312,19.851,-0.537,19.389,59.998,-2.98,15.774,26.609,19.261,19.655,10.962,36
129.757,19.261,56.519,-8.192,48.061,5499.945,-107.593,0.641,59.947,36.097,24.171,-0.293,24
120.833,50.085,75.777,50.954,68.848,5001.472,-102.364,-33.747,65.719,59.77,25.504,-30.516,49
48.992,18.821,23.437,13.661,23.16,1064.996,-4.251,-34.263,30.65,21.408,22.679,-25.423,10
36.256,19.268,110.228,-124.717,83.528,5999.948,-184.723,56.607,94.592,55.839,23.185,54.573,31
20.807,47.63,85.049,-128.716,68.652,2997.49,-203.672,137.242,67.142,57.882,26.189,132.214,70
31.306,18.656,55.229,-40.534,41.884,749.988,-65.98,173.0,32.879,33.287,24.628,139.629,16
21.083,70.279,101.605,-29.639,87.268,499.973,-79.937,188.413,51.301,78.951,25.672,150.0,42
112.063,26.961,58.019,-68.465,52.571,3776.653,-82.779,49.18,61.244,42.682,26.385,40.645,58
88.167,18.64,71.391,-95.627,56.075,4999.948,-138.681,53.407,61.362,39.452,23.175,48.437,6
31.442,49.856,114.362,127.009,90.517,3317.368,-172.135,-134.8,76.184,72.12,26.098,-125.918,49
74.474,28.124,82.111,-107.59,66.777,3946.537,-133.779,78.143,71.569,50.943,26.385,71.061,66
109.275,18.786,45.986,-73.367,40.986,3749.97,-87.865,53.902,52.643,32.668,23.787,45.14,27
84.256,39.654,71.447,-57.942,61.998,1906.606,-24.109,89.965,60.186,52.789,25.635,65.381,69
129.292,35.798,74.702,-2.083,62.082,5116.371,-99.199,-2.706,53.882,50.959,25.586,-3.011,78
106.52,69.93,114.427,-74.765,98.261,5180.815,-114.719,37.784,91.026,85.072,26.385,33.754,66
131.78,18.41,37.695,-3.846,35.231,3999.957,-67.875,1.101,43.447,28.939,24.776,-0.562,15
23.95,28.345,84.366,-15.472,66.517,492.094,-23.097,88.588,71.218,52.571,26.679,64.12,61
69.343,28.871,42.721,-37.626,39.452,1499.983,-15.494,70.795,55.942,36.458,24.406,50.0,45
24.364,19.38,116.927,-128.15,88.76,5849.939,-191.263,59.68,105.187,59.054,25.993,57.966,27
106.248,76.413,100.496,-69.895,87.263,4012.816,-90.532,46.881,71.842,80.29,24.229,40.2,81
106.728,28.275,48.354,-46.112,45.986,2301.8,-10.877,55.776,62.765,39.452,25.804,38.732,57
67.879,27.072,56.047,-93.546,45.986,1783.361,-62.589,167.634,59.47,39.319,26.121,130.262,67
74.7,24.934,56.399,-106.737,49.304,2826.965,-109.377,115.028,49.654,39.452,23.158,99.114,62
23.627,18.627,39.452,-21.971,32.672,499.998,-43.512,132.618,33.101,27.31,23.131,103.269,7
83.863,81.487,85.165,42.651,83.579,1979.194,-12.03,-61.883,74.205,81.051,26.385,-45.252,79
132.02,18.384,29.071,-2.066,29.72,2999.968,-17.398,1.344,38.491,25.791,24.423,-0.586,14
61.827,49.562,69.955,-64.355,63.169,1499.989,-43.512,132.619,59.4,57.471,25.149,100.0,42
119.575,18.554,26.382,-0.687,27.311,2499.973,-2.001,1.097,35.554,24.789,25.999,-0.841,9
8.116,18.559,49.819,-7.542,35.779,100.004,-79.941,188.412,25.052,28.155,23.407,155.598,18
56.693,65.107,80.856,56.57,76.24,1528.512,-33.18,-115.188,78.945,70.926,27.707,-87.208,56
49.938,18.558,22.451,-0.312,22.096,999.991,-2.0,1.097,30.61,19.851,23.268,0.163,5
115.013,49.974,96.587,63.419,84.472,3606.779,-64.332,-53.187,78.142,70.967,26.315,-44.25,49
86.954,49.63,95.102,-97.443,80.273,4999.944,-134.5,53.884,82.636,65.6,24.909,47.93,6
8.734,20.056,123.045,-130.318,92.427,5499.945,-203.41,65.626,110.42,61.463,23.031,64.152,24
49.206,18.572,97.533,-60.999,78.722,1249.981,-50.729,146.705,101.874,55.959,25.056,111.817,20
8.501,20.568,85.513,-8.624,52.258,59.977,-166.066,301.703,22.412,35.827,19.134,260.379,36
43.381,18.96,43.141,-43.105,35.683,999.992,-43.512,132.618,39.625,29.59,23.45,103.032,5
132.014,18.622,28.724,-2.074,29.361,2999.969,-17.588,1.339,37.324,25.601,23.663,-0.573,14
59.783,32.226,65.704,-49.672,57.839,1376.099,-31.751,107.341,64.228,48.327,26.333,79.219,54
69.666,18.797,65.571,-111.405,52.571,2999.969,-124.24,113.079,54.581,39.097,22.159,99.97,14
28.123,19.753,104.791,-127.763,78.707,5499.95,-195.373,66.408,77.76,52.57,19.851,64.05,24
123.562,75.207,103.641,-38.727,89.325,4648.756,-89.413,20.619,68.748,80.259,23.99,16.875,81
87.07,49.802,95.096,-97.221,80.111,4999.94,-134.65,53.831,81.917,65.588,26.343,47.747,6
15.651,18.952,23.179,-2.139,21.967,299.99,-2.98,15.775,31.226,19.883,19.851,10.733,36
131.368,18.722,44.335,-5.221,39.452,4499.958,-84.014,1.057,49.967,32.008,22.24,-0.584,21
49.094,49.867,46.191,-0.577,45.986,999.91,-2.0,1.096,49.593,45.986,23.683,0.0,44
129.962,90.838,90.459,19.011,88.294,4446.514,-76.049,-15.253,75.929,87.706,25.859,-13.718,56
73.436,18.649,23.587,-0.279,23.903,1499.984,-2.001,1.097,31.584,22.293,23.87,-0.034,8
105.559,52.271,42.762,27.612,44.182,2310.172,-4.173,-32.24,55.009,43.535,26.099,-23.569,57
62.496,29.442,65.531,115.179,55.894,4019.27,-145.628,-96.316,60.09,44.821,26.406,-88.939,53
8.186,18.204,59.861,-7.597,43.816,100.039,-79.941,188.412,27.19,34.359,23.311,155.514,18
132.004,18.71,42.505,-2.24,39.452,2999.971,-15.299,1.333,53.707,33.282,23.286,-0.59,14
119.61,19.314,26.385,-0.672,27.776,2499.97,-2.0,1.096,35.617,24.832,26.381,-0.805,9
4.097,18.088,19.851,1.535,19.846,100.035,-2.001,1.096,34.01,19.434,22.352,0.261,2
69.662,19.057,65.557,-111.437,52.571,2999.974,-124.276,113.087,54.936,39.259,21.665,99.959,14
119.625,39.776,75.402,-27.761,64.018,2960.728,-32.414,28.341,61.419,53.096,25.776,19.331,69
29.117,30.784,86.607,-34.204,69.872,681.298,-55.055,154.383,72.863,54.543,26.385,118.683,74
121.125,29.298,68.512,49.844,58.909,4130.269,-80.932,-37.793,61.372,45.986,26.381,-33.021,53
119.68,56.105,74.042,6.915,70.525,2600.906,-2.947,-6.525,65.736,65.542,26.333,-5.458,70
49.501,18.704,24.221,-0.274,23.581,999.994,-2.002,1.098,35.628,22.114,22.354,0.024,5
73.438,19.158,25.739,-0.579,25.781,1499.982,-1.999,1.096,37.943,23.431,23.236,0.073,8
23.643,18.728,39.572,-22.073,32.873,499.988,-43.51,132.617,35.509,27.574,23.153,103.308,7
74.681,44.791,80.228,105.888,70.547,4986.133,-143.807,-72.042,76.95,58.801,28.029,-67.366,68
8.141,18.742,64.004,-7.618,45.986,99.981,-79.94,188.412,38.222,37.045,22.974,155.08,18
13.682,18.122,39.404,-11.64,31.951,249.981,-43.511,132.618,31.407,26.416,23.149,103.695,13
122.795,49.735,65.588,47.018,62.781,3747.828,-63.996,-38.476,64.37,57.461,24.814,-32.467,48
4.175,18.276,19.435,1.417,18.769,100.028,-2.001,1.099,24.316,18.827,23.172,0.447,18
87.426,30.273,55.79,-68.657,50.561,1999.996,-28.707,102.574,52.53,43.214,24.927,75.0,44
126.928,40.937,84.474,-29.053,71.384,4722.74,-88.31,14.361,76.695,58.187,26.38,11.336,74
30.925,18.527,37.881,-27.085,31.733,674.995,-39.04,120.304,35.511,26.386,21.51,93.215,30
127.78,71.758,98.192,1.824,85.135,5087.096,-96.222,-4.558,69.526,77.121,23.415,-4.568,80
70.504,65.752,75.465,73.76,70.398,1905.115,-37.744,-123.822,65.316,65.639,23.971,-94.636,71
33.482,45.472,65.175,-76.577,53.371,1115.053,-122.53,241.877,49.968,45.986,23.172,199.483,80
131.789,23.131,38.139,-2.955,37.871,3499.963,-44.619,1.168,51.656,32.426,23.178,-0.566,23
22.238,70.308,98.206,33.706,90.261,751.432,-52.112,-153.531,85.399,81.496,28.98,-119.738,53
119.593,18.642,26.384,-0.678,27.446,2499.971,-2.002,1.097,35.484,24.809,26.326,-0.83,9
126.014,23.707,72.853,-25.998,62.345,5403.066,-106.117,9.432,73.617,46.337,27.237,7.459,74
90.648,75.238,79.15,-93.15,72.121,2827.781,-78.096,100.292,55.764,71.564,24.895,82.159,72
40.912,50.626,72.12,-57.83,59.751,1065.83,-67.441,174.362,64.915,51.577,25.916,136.399,65
40.781,29.582,59.738,-50.993,49.64,999.978,-58.917,161.745,45.883,41.692,26.385,125.0,42
53.306,70.444,94.15,76.291,87.12,1626.599,-52.484,-154.541,76.409,79.496,26.382,-120.583,79
4.696,19.281,121.504,-130.576,89.246,3499.97,-220.664,114.005,91.832,60.645,22.179,111.475,26
21.053,34.623,83.022,-129.077,66.172,3645.063,-203.067,109.416,68.344,52.658,25.557,108.866,55
4.142,18.147,19.851,1.521,19.734,99.989,-2.002,1.097,33.728,19.259,21.85,0.265,2
67.535,18.947,67.841,113.525,54.095,2499.972,-91.492,-149.439,59.781,39.459,26.134,-127.646,6
76.221,18.738,90.529,-104.388,70.526,5999.938,-155.923,46.884,81.477,48.378,24.874,43.326,4
4.17,18.381,19.544,1.453,18.915,99.978,-2.0,1.098,24.339,18.734,22.407,0.233,2
47.505,29.687,83.176,-83.608,67.014,1389.971,-86.663,198.7,69.527,53.912,26.565,159.262,56
3.917,17.844,50.455,1.473,42.975,100.014,-2.001,1.097,63.886,36.017,26.347,0.218,6
118.368,42.014,106.673,52.47,90.401,4986.562,-99.908,-34.475,87.425,70.437,25.617,-31.135,73
37.058,18.178,21.508,-0.129,19.912,750.0,-1.999,1.096,30.0,19.851,23.507,0.197,16
119.298,18.622,63.727,-51.99,52.858,5649.951,-119.081,22.702,65.478,38.793,22.228,19.991,31
130.954,18.391,28.041,-0.809,29.293,2749.97,-1.994,1.073,38.533,25.698,23.645,-0.82,20
63.677,19.291,38.65,-63.783,32.194,1499.994,-43.514,132.618,29.312,26.384,20.991,103.383,8
63.063,54.918,94.76,115.639,79.416,2517.284,-96.04,-154.103,72.015,68.329,27.916,-129.613,74
23.644,18.839,39.476,-22.072,32.803,499.993,-43.511,132.618,35.505,27.606,23.262,103.315,7
23.65,18.479,39.508,-22.057,32.857,499.998,-43.512,132.618,35.69,27.767,23.343,103.275,7
56.138,70.497,104.816,-114.361,95.034,4975.113,-166.159,66.082,74.878,82.913,26.384,62.516,79
131.274,18.748,42.889,-5.133,38.717,4499.957,-84.59,1.054,46.405,31.327,21.958,-0.635,21
118.441,19.212,38.868,-1.163,37.099,2499.97,-2.0,1.098,48.252,31.453,25.572,-0.887,9
13.396,19.027,114.465,-130.415,84.694,3299.966,-210.889,121.689,84.574,58.076,24.816,118.23,27
5.059,19.282,121.003,-130.622,89.137,3499.969,-219.648,113.754,93.672,60.626,24.008,111.226,26
67.991,49.814,82.031,-112.434,69.158,1999.979,-82.013,186.697,63.485,59.779,25.145,150.0,42
43.425,68.231,97.445,120.465,84.587,3986.531,-165.875,-106.451,71.342,75.387,24.609,-100.629,75
22.671,18.879,42.658,-71.561,26.946,899.994,-166.064,301.706,31.773,21.88,19.851,258.933,36
5.999,19.305,120.332,-130.448,89.195,3499.963,-217.855,113.302,95.245,60.647,23.534,110.691,26
57.642,29.125,65.043,117.587,54.377,3480.829,-141.865,-113.981,59.254,44.39,26.387,-103.94,53
63.524,35.798,85.109,-115.111,68.869,2559.602,-121.162,142.228,50.903,55.823,25.696,123.609,58
90.774,19.011,54.187,-94.957,45.242,2499.749,-64.842,115.843,50.959,35.226,25.081,93.204,9
66.948,24.273,79.512,-105.911,62.04,1883.316,-75.997,184.905,59.731,45.986,26.336,146.485,50
130.867,18.594,28.805,-0.954,29.792,2749.974,-1.995,1.075,40.344,25.988,24.33,-0.781,20
83.496,81.49,90.286,42.711,86.823,1979.188,-12.029,-61.883,77.697,83.628,26.384,-45.252,79
31.147,18.378,58.239,-40.736,44.503,749.978,-65.982,172.999,42.126,35.005,25.066,139.311,16
100.034,54.92,83.7,-85.277,75.46,2570.155,-44.771,98.712,72.332,67.489,27.917,75.449,74
16.906,19.396,105.237,-130.057,79.976,3999.961,-205.37,97.298,81.383,54.63,21.815,94.572,32
42.631,18.622,99.257,-123.461,76.218,5119.951,-178.465,67.894,87.077,52.571,23.55,64.93,31
8.197,18.579,62.717,-7.6,45.948,100.001,-79.941,188.411,29.405,36.18,22.957,155.415,18
7.662,18.973,38.961,-5.409,31.35,99.995,-43.512,132.618,28.713,26.384,21.495,103.555,3
39.803,44.713,76.146,-124.181,61.494,2858.474,-171.868,138.715,56.411,53.243,24.994,128.301,63
36.633,77.731,86.422,126.375,78.836,2894.956,-158.91,-154.979,67.94,75.483,26.37,-141.723,66
84.362,73.181,105.754,-100.704,98.26,3426.738,-103.069,84.733,91.749,89.734,27.353,73.056,56
88.088,26.604,71.202,96.927,57.965,3924.475,-112.878,-79.785,54.951,44.796,24.316,-71.241,73
56.565,81.49,104.791,-111.325,95.29,1799.073,-96.707,213.999,66.342,89.259,25.71,172.99,59
87.288,19.256,72.014,-96.05,57.472,4999.955,-138.602,53.352,65.173,39.805,23.927,48.613,17
8.138,18.578,64.006,-7.607,45.986,99.974,-79.939,188.412,38.486,37.073,23.204,155.096,18
29.543,49.785,96.015,-55.887,76.84,854.692,-101.037,220.225,62.84,64.628,25.774,178.452,48
69.248,18.894,88.648,-109.04,67.5,5749.95,-161.638,52.086,72.4,45.986,22.348,48.852,27
130.404,91.058,97.698,-7.232,91.816,4999.956,-91.384,0.831,70.533,88.918,24.537,0.0,44
73.469,18.645,23.766,-0.24,23.837,1499.984,-2.001,1.097,31.483,22.141,23.798,-0.045,8
0.535,30.439,65.591,1.294,54.436,34.025,-6.163,-8.507,69.577,43.313,24.808,-7.827,72
4.9,19.308,121.075,-130.645,89.289,3499.969,-219.704,113.767,94.185,60.594,22.394,111.241,26
130.99,18.522,28.066,-0.824,29.286,2749.97,-1.994,1.073,38.359,25.713,23.517,-0.82,20
129.191,90.988,89.669,-6.822,85.859,4999.959,-93.502,0.343,63.453,85.991,24.177,0.0,44
8.746,19.09,103.023,-9.811,72.118,99.998,-122.973,242.424,44.001,52.577,22.415,206.32,2
123.426,66.245,87.711,44.72,81.912,4658.802,-88.133,-31.262,82.157,73.405,29.431,-27.834,58
69.891,19.496,65.32,-111.396,52.55,2999.968,-124.173,113.26,53.351,39.003,22.207,100.022,14
74.587,18.738,30.409,-37.09,28.196,1605.658,-13.558,64.153,60.936,24.984,22.214,45.287,29
30.127,18.885,23.046,-3.928,22.26,599.993,-2.98,15.773,33.244,19.875,19.851,10.896,36
54.436,49.826,78.335,-110.41,66.61,1734.696,-99.906,219.026,66.694,59.105,25.977,177.36,49
62.209,19.841,95.127,-112.959,71.425,5999.939,-168.444,51.911,75.583,49.093,23.384,48.69,19
106.291,44.672,55.951,-70.829,54.17,2389.685,-21.277,87.25,59.923,50.302,26.4,62.856,56
109.571,26.426,55.838,72.612,50.902,3654.282,-77.503,-60.891,61.712,41.981,26.4,-51.676,65
4.195,18.564,19.397,1.444,18.666,100.01,-1.998,1.099,23.652,18.736,23.119,0.442,18
58.631,39.819,71.456,-75.646,60.835,1499.993,-58.916,161.746,50.837,52.578,24.091,125.0,44
83.73,80.54,87.284,-101.292,84.89,3086.772,-96.272,97.702,79.862,82.015,26.381,82.912,56
27.31,49.788,72.119,33.786,64.45,815.862,-41.165,-134.292,73.938,58.264,24.81,-102.913,47
97.292,18.219,25.199,-0.393,25.637,1999.978,-1.999,1.098,33.336,23.191,23.474,-0.072,12
116.962,18.852,113.624,-0.856,79.411,2499.969,-2.015,1.07,65.702,52.565,25.7,-0.814,6
131.184,18.648,27.869,-0.822,28.908,2749.973,-1.994,1.071,37.183,25.479,23.554,-0.758,20
86.536,19.314,49.23,-99.441,39.452,2499.984,-75.449,123.537,36.568,32.194,23.563,100.947,9
86.896,18.504,72.15,-96.641,58.71,4999.949,-138.305,53.409,69.297,42.709,24.028,48.772,17
8.788,18.647,100.003,-9.795,69.497,99.969,-122.971,242.425,32.061,50.663,20.869,207.031,2
57.713,19.58,100.634,-115.872,78.707,5999.936,-167.792,52.316,93.792,52.833,24.601,49.183,19
72.731,49.892,85.154,-111.003,72.122,2029.441,-71.005,179.995,68.004,63.582,26.336,142.307,49
128.474,46.025,79.493,-25.73,71.88,4913.165,-92.32,11.43,74.493,61.268,27.771,8.886,74
43.466,40.879,72.938,124.232,63.261,2430.801,-134.079,-179.54,66.477,53.031,26.442,-157.848,54
117.388,18.456,58.333,59.197,50.886,3020.16,-36.409,-56.371,56.506,39.076,26.375,-43.972,53
33.944,28.624,64.258,125.614,55.17,3578.523,-175.558,-123.136,67.848,43.609,25.4,-115.922,75
24.022,19.001,92.562,-128.248,69.227,5749.94,-199.137,63.268,79.549,45.986,25.874,61.484,20
44.096,19.182,98.257,-5.726,76.192,899.992,-2.98,15.773,41.406,56.195,19.851,10.679,36
83.211,18.519,49.325,-85.205,41.144,1999.984,-43.514,132.617,45.436,32.989,23.459,101.852,12
60.415,29.614,59.49,-115.625,51.163,3140.798,-142.813,113.203,48.95,43.008,25.092,102.344,64
90.728,18.706,21.207,93.647,19.428,5177.263,-143.036,-62.405,22.038,18.678,25.312,-58.683,78
11.634,19.141,112.387,-131.03,78.704,2459.978,-226.84,177.291,57.105,53.312,22.591,171.698,29
98.26,17.398,35.043,-79.644,31.095,2249.987,-33.034,108.233,28.26,25.628,19.043,81.942,32
62.345,18.751,41.813,-115.854,34.403,1999.98,-101.586,193.697,45.827,27.604,22.222,162.756,32
94.378,18.957,39.18,-1.292,38.001,1999.977,-2.002,1.098,71.332,31.463,24.775,-0.472,4
55.562,18.551,62.94,-77.681,49.494,1449.982,-65.98,172.999,48.693,38.153,22.219,138.818,30
69.056,19.323,66.658,-111.756,53.084,2999.967,-124.42,113.073,58.301,39.452,23.176,100.026,14
83.086,19.058,49.864,-85.329,42.124,1999.985,-43.511,132.618,47.546,33.592,23.289,101.778,12
87.47,30.231,52.572,-68.625,46.013,1999.977,-28.707,102.575,52.182,40.877,23.821,75.0,44
4.784,18.59,26.373,-1.533,24.907,60.029,-9.127,50.765,53.612,23.144,21.864,36.542,27
61.225,54.916,88.501,82.391,78.707,1798.42,-49.828,-148.766,71.5,67.303,27.888,-115.564,74
128.737,45.185,79.474,-1.677,69.162,4592.341,-84.07,-2.182,68.877,57.762,25.647,-2.907,79
3.747,18.832,122.094,-130.798,89.276,3499.965,-222.652,114.481,89.412,60.636,22.393,112.107,26
87.353,19.21,72.119,-96.279,57.723,4999.948,-138.097,53.461,66.779,41.655,23.074,48.485,6
7.743,20.578,104.791,-130.902,74.291,3499.96,-225.661,118.698,54.515,52.002,21.874,115.961,23
23.649,19.103,39.495,-22.069,32.908,499.985,-43.511,132.618,35.665,27.736,23.506,103.283,7
57.104,81.49,76.573,116.493,75.283,3550.057,-143.399,-114.249,57.227,75.891,25.897,-104.416,70
13.667,18.727,39.37,-11.621,31.915,249.994,-43.511,132.617,31.773,26.389,23.156,103.71,13
30.828,50.269,84.463,-38.699,71.434,751.68,-60.555,160.248,65.196,61.192,25.639,124.502,65
31.01,18.657,58.899,-40.86,45.283,749.993,-65.979,173.0,46.716,35.514,24.882,139.13,16
43.538,19.208,42.348,-43.034,34.534,999.987,-43.512,132.617,35.073,28.648,22.521,103.184,5
23.643,18.791,39.562,-22.057,32.825,499.984,-43.512,132.617,35.587,27.64,23.224,103.256,7
129.189,74.863,69.281,16.688,68.337,4643.168,-87.169,-13.751,51.483,68.971,23.826,-12.716,81
39.287,27.665,68.534,125.176,55.506,4501.484,-178.4,-97.671,60.42,42.782,26.245,-93.262,67
95.588,18.809,50.209,-90.193,42.834,3403.971,-96.65,76.25,49.109,33.684,21.599,65.07,32
35.819,18.58,94.723,-125.797,69.411,4749.963,-189.283,77.806,62.884,46.456,22.189,75.015,31
8.147,18.356,63.927,-7.616,45.986,100.003,-79.939,188.413,38.069,37.073,23.194,155.074,18
93.348,47.416,78.751,91.994,68.905,3303.154,-81.414,-87.125,68.331,58.635,26.183,-73.449,70
23.553,91.051,84.417,0.075,83.607,499.981,-2.001,1.098,58.211,84.552,24.794,0.0,44
65.617,70.569,101.618,95.404,91.469,1997.84,-54.219,-157.923,75.697,81.976,26.385,-123.394,60
40.315,91.049,117.657,124.058,104.791,3289.719,-154.577,-132.522,90.374,97.373,23.803,-121.53,46
32.943,81.49,130.854,-126.337,108.78,3702.918,-181.345,104.084,82.653,96.683,25.997,99.71,59
12.092,18.423,19.664,0.779,19.118,249.998,-2.001,1.099,23.754,18.985,22.657,0.104,13
62.827,56.106,116.837,115.613,95.057,3651.665,-130.524,-105.001,86.791,77.938,28.029,-94.753,58
49.653,39.614,72.05,-121.32,62.982,2237.831,-137.617,177.275,69.931,53.422,27.349,155.526,53
45.017,34.518,75.485,115.398,61.61,1844.41,-98.701,-227.729,65.588,50.354,25.662,-186.331,55
61.492,70.638,72.142,-10.541,69.551,1308.178,-4.038,21.381,67.857,66.754,26.101,14.0,79
21.292,20.338,113.067,-128.978,83.781,5499.955,-198.085,66.326,90.858,55.844,19.851,64.199,24
69.836,19.138,46.17,-107.678,34.576,5999.956,-171.629,51.202,34.748,24.452,20.4,48.161,19
53.071,18.411,33.763,-35.669,30.541,1149.975,-23.015,90.022,44.062,26.339,24.433,67.376,27
40.231,66.666,101.378,-17.86,90.224,862.615,-11.368,56.83,80.969,80.261,26.283,39.573,65
30.091,18.311,31.744,-3.923,28.972,599.992,-2.98,15.775,36.256,26.189,19.851,10.881,36
24.469,18.616,21.684,0.373,20.191,499.999,-2.0,1.098,32.292,19.851,23.184,0.033,7
129.643,18.904,57.443,-8.122,49.302,5499.947,-107.336,0.601,62.22,36.69,24.206,-0.327,24
4.151,18.401,19.732,1.476,19.164,100.02,-2.001,1.095,29.013,19.058,22.518,0.464,18
13.666,18.142,39.418,-11.627,31.83,249.991,-43.511,132.618,31.796,26.396,23.182,103.716,13
95.261,61.218,91.594,88.785,82.795,2854.461,-55.591,-96.527,78.233,72.122,27.949,-77.37,53
117.91,56.105,68.596,58.277,65.584,3463.1,-56.883,-51.084,62.886,61.317,28.736,-41.906,58
10.702,19.321,104.787,-130.793,75.436,3299.964,-220.804,125.361,60.923,51.825,24.773,122.385,27
4.151,18.71,19.621,1.452,19.085,100.027,-2.0,1.096,25.803,18.93,22.177,0.246,2
85.946,18.346,76.377,-98.205,62.178,4999.937,-137.026,53.678,80.386,44.607,26.432,48.529,6
115.538,37.46,55.112,62.677,52.585,3283.086,-52.239,-56.603,61.978,45.986,26.172,-45.801,66
79.246,18.637,31.357,-38.431,29.88,1694.985,-13.557,64.153,45.164,25.977,22.305,46.581,29
39.833,24.478,85.884,108.116,64.677,1707.343,-102.879,-231.682,67.873,46.076,25.78,-190.345,65
24.132,34.515,80.414,-0.031,68.152,499.986,-2.001,1.097,65.049,54.144,23.69,0.0,43
12.091,18.472,19.669,0.823,19.11,249.985,-2.001,1.096,23.537,18.842,23.17,0.096,13
13.711,18.552,33.712,-11.537,26.395,249.999,-43.512,132.618,22.393,23.584,23.172,103.854,13
13.674,18.439,39.432,-11.622,31.785,249.99,-43.511,132.617,31.662,26.395,22.813,103.69,13
117.377,37.284,75.428,-57.975,64.807,4628.777,-98.588,32.553,68.69,52.68,26.23,27.476,66
131.702,23.075,37.423,-2.938,36.978,3499.964,-44.995,1.175,48.856,31.825,23.257,-0.632,23
131.27,18.682,42.86,-5.112,38.739,4499.955,-84.582,1.034,46.793,31.323,21.779,-0.596,21
89.792,49.786,87.56,69.413,76.04,2248.305,-24.622,-91.996,74.988,64.768,24.05,-68.734,47
48.899,19.015,24.469,13.665,23.874,1064.993,-4.25,-34.264,34.168,22.34,23.09,-25.385,10
24.231,34.648,70.916,-0.13,62.632,500.029,-2.002,1.098,64.387,52.572,24.042,0.0,43
43.496,18.398,42.83,-43.033,34.914,999.988,-43.512,132.619,36.732,28.935,21.715,103.161,5
29.478,18.681,84.734,-71.122,57.353,994.987,-131.781,253.599,41.525,39.604,22.326,216.539,30
45.388,83.312,93.574,41.729,89.405,1210.694,-27.402,-95.533,67.756,85.932,24.205,-72.191,72
12.071,18.523,19.742,0.802,19.256,250.008,-2.001,1.096,23.591,19.096,22.766,0.106,13
3.662,81.49,95.047,10.443,87.999,242.504,-57.395,-163.639,62.42,84.247,26.004,-128.391,70
47.75,49.797,72.121,49.542,65.588,1299.764,-34.494,-118.811,74.563,59.503,27.879,-90.107,56
43.23,49.75,88.036,-89.595,72.006,1378.835,-105.253,224.478,61.89,61.955,25.386,182.654,48
79.745,91.06,127.257,-103.193,110.435,2412.934,-70.765,132.71,90.411,98.291,24.237,106.482,46
21.206,19.341,113.492,-128.948,85.93,5084.951,-196.18,71.808,97.204,58.003,22.335,69.814,29
129.75,19.377,56.33,-8.234,48.33,5499.945,-107.61,0.667,59.871,36.245,23.849,-0.308,24
19.621,19.958,115.177,-129.355,85.192,5499.953,-198.624,66.314,94.141,57.182,21.534,64.196,24
81.623,49.818,114.685,103.178,95.009,2697.103,-69.523,-121.548,80.248,76.169,26.079,-98.856,49
55.067,29.308,65.571,-64.247,53.047,1361.94,-50.457,146.213,59.345,43.011,26.473,111.619,53
131.16,19.179,49.622,-6.488,43.094,4999.946,-97.683,0.956,52.051,33.549,23.942,-0.394,17
16.73,49.413,92.295,-129.467,74.56,3206.187,-208.503,127.867,69.658,63.013,27.78,126.635,53
63.17,18.293,45.976,-64.316,38.472,1499.992,-43.512,132.618,42.284,31.356,22.344,102.977,8
13.684,18.628,39.397,-11.639,31.761,249.988,-43.512,132.618,31.419,26.4,22.348,103.687,13
21.701,19.366,114.702,-129.068,86.443,5084.953,-196.144,71.739,95.778,58.466,24.813,69.918,29
69.22,18.977,66.784,-111.962,53.334,2999.963,-124.249,113.111,58.987,39.452,23.258,99.881,14
30.989,55.029,97.454,14.95,84.422,753.98,-11.159,-56.967,73.011,72.04,27.873,-41.654,74
88.182,18.153,69.773,-95.4,54.595,4999.939,-138.943,53.29,57.012,39.446,22.75,48.457,6
28.02,19.392,104.729,-127.928,78.854,4499.963,-191.389,82.959,85.84,54.069,21.235,79.455,21
12.037,18.181,19.596,0.818,19.002,249.984,-2.0,1.098,23.421,18.801,23.115,0.092,13
49.974,18.603,21.72,-0.344,21.406,999.993,-2.002,1.097,28.783,19.851,21.575,0.193,5
39.486,30.993,86.04,123.207,69.105,1933.907,-117.303,-234.441,76.692,53.746,26.384,-196.369,74
80.055,30.541,52.458,104.157,45.737,2937.12,-88.666,-114.061,54.737,38.618,24.666,-96.059,73
119.375,18.609,63.248,-51.812,52.571,5649.949,-119.375,22.688,63.678,38.64,22.919,19.985,31
26.501,80.482,119.591,-35.158,103.313,639.376,-66.727,174.546,69.092,93.245,26.385,136.322,58
3.562,22.68,124.385,-130.726,91.635,3499.971,-222.212,114.609,92.103,63.369,22.848,111.823,23
37.929,25.277,60.627,125.603,52.569,2741.506,-157.755,-161.765,57.876,39.452,26.385,-147.443,60
4.15,18.374,19.747,1.467,19.162,100.038,-2.001,1.098,26.692,18.959,21.704,0.249,2
24.405,18.603,22.585,0.004,22.196,500.002,-2.001,1.098,42.465,19.88,25.673,-0.1,4
13.202,60.736,124.31,45.204,100.877,742.09,-100.779,-231.794,78.803,85.023,26.698,-189.865,56
67.684,18.757,91.199,-110.365,70.528,5749.942,-161.127,52.307,80.57,48.484,22.699,49.067,27
107.259,86.089,93.023,-75.71,88.316,3499.974,-75.308,61.138,71.84,85.217,24.193,50.0,45
9.838,18.78,50.267,-11.599,33.723,149.963,-99.214,216.051,23.624,26.354,19.851,182.055,30
131.805,18.48,37.373,-3.861,34.574,3999.958,-68.016,1.105,42.453,28.698,23.644,-0.588,15
24.938,18.782,28.821,-12.84,26.384,499.98,-15.494,70.796,53.154,23.875,25.676,51.515,6
4.138,18.446,19.798,1.468,19.222,100.01,-2.001,1.097,27.988,19.037,22.625,0.253,2
31.33,18.325,52.799,-40.514,39.452,749.985,-65.98,173.0,30.682,31.804,24.655,139.78,16
8.145,18.608,63.991,-7.603,45.986,99.963,-79.94,188.412,38.311,37.107,23.367,155.097,18
59.519,29.835,66.937,114.847,56.699,3093.604,-129.941,-125.056,57.135,45.973,26.352,-111.861,53
73.183,29.482,59.232,109.767,53.192,2387.725,-71.038,-148.886,74.161,44.362,26.38,-120.381,59
8.151,18.347,63.952,-7.616,45.986,99.953,-79.94,188.412,37.58,37.026,22.939,155.105,18
44.218,18.7,56.256,-5.807,46.959,899.992,-2.98,15.773,41.39,39.452,19.851,10.765,36
87.7,49.524,91.852,-96.268,77.424,4999.945,-135.545,53.705,75.096,64.058,24.948,47.769,6
18.88,19.395,104.764,-130.056,76.191,3999.945,-206.506,99.285,66.655,52.573,23.799,95.967,15
86.11,87.195,113.088,97.035,98.257,2403.477,-39.458,-128.957,76.282,90.385,24.411,-98.53,80
69.395,18.768,66.135,-111.69,52.941,2999.972,-124.284,113.234,57.208,39.45,22.508,99.985,14
69.115,44.252,61.561,29.592,58.831,1589.147,-10.312,-51.897,63.651,53.407,26.483,-37.959,56
36.305,28.07,31.348,-25.33,30.35,778.278,-25.784,94.547,49.679,28.976,24.762,68.815,72
13.69,18.487,39.337,-11.636,31.643,249.986,-43.511,132.618,31.005,26.386,22.365,103.698,13
72.789,44.826,78.735,-101.989,68.992,5310.035,-155.139,53.307,69.018,57.911,25.466,51.626,79
62.009,80.582,90.195,70.302,84.77,1724.561,-39.832,-131.482,64.971,81.326,26.0,-100.526,66
99.924,34.576,58.722,-85.151,52.988,2607.754,-50.822,97.117,62.108,45.98,25.136,75.193,55
118.899,39.137,78.876,-54.18,68.656,3819.787,-72.543,37.816,69.127,56.048,27.048,30.525,53
21.168,19.678,113.56,-129.021,85.943,5084.951,-196.303,71.847,97.071,58.074,22.45,69.867,29
60.197,19.279,97.787,-113.871,74.179,5999.944,-168.192,51.931,83.379,50.681,23.161,48.825,19
61.257,18.626,75.465,-115.277,57.394,3999.972,-156.539,85.809,50.361,40.956,22.091,79.473,10
-13.401,19.47,135.331,-130.276,95.053,2849.973,-260.214,147.141,85.764,63.027,20.772,146.685,29
74.42,40.917,85.691,-86.347,69.405,1882.034,-51.534,145.958,69.442,55.915,26.4,111.802,54
77.044,68.158,89.83,-105.132,79.571,4023.021,-132.529,76.317,62.664,72.122,24.009,69.427,75
97.911,19.383,37.83,-79.648,32.935,2249.994,-33.043,108.242,32.627,26.863,19.574,81.612,32
75.064,59.457,82.354,106.119,74.284,4640.632,-138.43,-76.924,71.903,65.952,24.729,-71.242,81
91.691,18.529,31.323,-44.062,29.663,1959.984,-13.557,64.153,38.668,25.818,21.846,46.518,30
79.388,18.831,30.871,-38.363,29.343,1694.981,-13.556,64.153,41.967,25.701,21.65,46.664,29
15.65,19.234,25.158,-2.138,23.666,300.003,-2.98,15.774,31.864,22.515,19.85,10.715,36
56.73,65.223,90.777,-117.785,82.472,3363.23,-146.021,107.083,83.315,72.127,27.773,96.176,20
57.139,49.532,77.945,75.663,69.105,1666.528,-48.391,-147.072,73.61,60.727,27.564,-113.985,56
62.119,19.316,62.013,-115.899,45.986,1999.976,-101.922,193.561,48.16,34.622,21.552,162.377,32
126.772,56.105,67.175,21.907,65.453,2790.405,-3.743,-20.479,62.683,61.22,28.994,-15.301,58
86.901,19.324,72.126,-96.95,58.498,4999.944,-137.974,53.503,69.448,42.723,24.828,48.599,17
31.026,34.399,124.73,-77.505,93.283,1086.869,-128.609,250.341,72.988,69.609,26.546,206.931,56
34.338,19.041,112.553,-125.291,85.62,5999.936,-184.188,56.384,101.806,57.444,23.47,54.427,31
53.183,18.715,33.189,-35.585,29.837,1149.992,-23.015,90.022,40.6,25.839,24.545,67.495,27
103.999,64.277,77.699,77.688,71.378,5102.928,-120.085,-51.956,65.99,67.124,23.99,-47.764,71
94.376,15.499,47.514,61.084,43.732,2216.147,-16.845,-79.07,63.549,34.287,26.375,-58.249,79
103.225,40.432,49.553,-81.409,45.897,2499.974,-40.462,99.433,33.948,42.807,23.016,75.0,41
123.244,61.2,98.308,17.274,86.442,4842.755,-93.716,-13.294,79.693,72.153,26.385,-12.252,76
87.452,49.693,92.443,-96.752,78.707,4999.945,-135.078,53.795,75.929,64.459,25.855,47.785,6
29.341,18.465,104.353,-127.704,78.707,4749.959,-191.452,77.839,82.629,53.143,22.149,75.215,31
58.671,91.163,123.162,-117.343,109.761,3443.75,-140.541,102.056,89.885,99.281,29.48,92.411,58
122.378,38.384,57.633,-47.579,54.084,3999.964,-76.139,31.141,59.779,45.991,24.988,25.0,44
4.696,18.54,24.815,-1.806,22.216,49.965,-15.495,70.795,28.757,19.851,21.464,52.525,30
57.011,28.089,51.232,-114.887,39.151,1802.161,-103.937,222.886,35.044,32.514,25.623,181.506,76
4.109,18.465,19.649,1.485,19.029,100.004,-2.0,1.097,26.857,18.872,22.702,0.457,18
77.223,49.76,72.122,-106.425,65.549,2823.005,-101.579,114.17,65.998,58.356,26.385,97.161,58
119.057,30.459,47.752,54.095,44.862,3717.562,-67.852,-43.854,63.983,39.299,24.802,-37.175,72
83.41,81.489,92.418,42.704,88.576,1979.188,-12.028,-61.883,78.317,84.513,26.384,-45.252,79
8.193,18.233,62.942,-7.606,45.986,99.956,-79.94,188.412,30.089,36.309,23.107,155.428,18
50.491,18.67,56.729,-61.043,45.986,1249.994,-52.047,150.34,70.604,36.487,23.339,117.36,27
43.57,27.335,93.335,-122.456,79.384,3873.77,-172.149,93.616,76.711,61.635,24.775,89.282,72
58.04,28.195,75.419,117.423,64.896,3506.539,-139.293,-111.839,74.616,52.29,26.381,-101.76,66
34.869,49.545,52.322,-2.808,50.939,720.711,-2.787,8.42,57.049,49.89,25.531,4.998,48
4.66,19.249,131.136,-130.856,94.487,2703.974,-231.217,155.872,81.97,64.503,22.628,151.997,32
4.174,18.597,19.798,1.49,19.155,99.976,-2.001,1.097,26.803,19.148,22.348,0.179,3
6.492,64.548,63.293,1.356,62.366,149.936,-2.0,1.095,59.571,62.369,26.778,0.435,20
5.491,19.35,120.886,-130.565,89.287,3499.974,-218.842,113.553,94.512,60.661,23.085,110.986,26
124.103,75.203,104.324,5.118,90.687,4683.884,-88.515,-6.341,71.842,81.407,24.169,-6.824,81
7.666,18.594,38.814,-5.412,31.336,100.017,-43.512,132.618,28.366,26.381,21.532,103.528,3
75.208,49.813,78.222,-105.926,63.803,3734.662,-130.484,83.623,55.094,55.836,25.619,75.63,78
27.564,19.819,75.259,-128.415,51.211,2249.988,-196.565,193.651,38.526,36.052,19.444,182.603,32
49.651,15.491,69.405,120.437,56.228,3490.278,-151.891,-117.242,63.604,40.203,26.384,-108.046,79
19.18,18.392,79.674,-130.04,58.211,4499.947,-206.363,86.443,67.404,39.296,25.95,83.998,6
70.331,26.733,74.113,-108.683,56.207,3047.661,-125.195,108.912,50.253,42.791,24.221,96.293,73
66.206,47.566,82.534,-106.765,70.497,5662.985,-164.072,52.478,69.756,58.192,25.798,50.727,79
23.812,81.328,120.903,-31.398,103.177,561.114,-67.623,176.821,69.036,92.956,26.385,138.208,58
23.856,32.781,84.471,103.735,65.067,1493.936,-137.686,-273.033,63.545,52.572,26.26,-228.517,54
129.741,18.648,56.727,-8.154,48.461,5499.948,-107.517,0.637,60.191,36.3,23.685,-0.134,24
38.184,46.686,78.699,24.13,67.185,937.655,-16.671,-76.867,59.542,57.588,25.65,-56.725,78
116.811,74.622,67.183,10.993,67.204,2548.791,-3.258,-11.435,50.475,68.897,23.864,-8.948,81
87.164,49.582,94.17,-96.945,79.085,4999.949,-134.503,53.813,78.546,65.422,26.165,47.854,6
27.867,33.37,31.994,23.075,31.263,730.57,-28.078,-99.052,28.588,31.337,24.78,-74.406,57
101.954,29.362,67.862,79.741,55.9,4380.898,-108.311,-58.585,60.833,44.549,26.385,-52.753,53
8.142,18.611,63.976,-7.616,45.986,100.02,-79.94,188.412,38.255,37.106,22.887,155.062,18
130.977,91.154,110.714,8.491,102.754,5023.406,-86.254,-8.368,93.262,95.538,26.385,-7.944,56
63.094,18.987,45.986,-64.395,38.666,1499.99,-43.511,132.618,43.771,31.396,23.69,102.886,8
72.251,23.543,63.174,-106.652,52.535,1960.191,-68.787,177.759,57.576,40.898,26.093,139.554,50
54.482,65.047,104.756,-119.829,89.19,3299.958,-147.339,109.821,84.732,77.672,28.993,97.926,20
24.699,28.241,50.604,-128.022,39.452,1923.215,-204.039,238.79,34.072,34.277,24.843,217.776,63
48.85,19.111,32.427,-0.444,29.864,999.996,-2.001,1.099,38.706,26.36,23.512,-0.091,5
87.261,18.116,72.15,-96.416,58.529,4999.955,-138.067,53.476,68.871,42.222,24.61,48.498,6
5.597,64.153,69.344,9.708,65.594,251.447,-41.677,-133.789,64.148,64.77,23.899,-102.769,71
82.032,18.74,84.442,-99.954,65.588,5749.938,-149.944,46.999,76.598,45.969,24.696,43.534,20
4.784,18.373,26.381,-1.533,24.922,60.025,-9.127,50.765,53.677,23.166,22.043,36.541,27
103.357,28.608,69.665,-80.438,60.657,4198.036,-103.699,51.966,72.296,48.557,26.383,45.085,66
41.381,49.822,57.614,4.581,56.071,923.754,-3.468,-13.69,65.018,53.262,26.191,-10.551,48
23.64,19.006,39.452,-22.009,32.516,499.99,-43.511,132.619,33.812,27.063,23.169,103.312,7
5.771,19.073,120.997,-130.503,89.245,3499.963,-218.359,113.421,94.827,60.674,23.325,110.833,26
4.698,18.505,24.855,-1.801,22.374,50.048,-15.495,70.795,30.151,19.86,19.875,52.511,30
76.742,81.49,99.475,95.964,90.49,5690.873,-150.429,-60.738,72.464,84.972,24.767,-57.561,72
131.1,49.811,72.122,-11.282,68.328,3900.477,-58.044,5.955,72.131,60.621,24.874,3.89,48
23.646,18.323,39.467,-22.078,32.902,499.998,-43.513,132.618,35.445,27.636,23.002,103.334,7
4.02,19.348,35.147,-0.512,31.375,59.98,-2.982,15.774,28.289,28.469,19.538,10.904,36
94.727,35.573,73.82,-86.979,62.142,3757.384,-103.795,65.213,66.622,50.886,23.897,56.627,80
73.519,18.668,24.275,-0.471,24.754,1499.983,-1.999,1.098,34.63,22.754,23.272,0.065,8
63.097,18.985,45.986,-64.348,38.743,1499.99,-43.512,132.617,44.085,31.341,23.92,102.909,8
83.37,19.054,79.265,-98.298,60.989,5749.937,-151.341,46.75,64.883,42.781,24.862,43.382,20
113.469,77.703,98.012,64.104,87.573,4245.795,-88.751,-48.693,68.577,80.741,26.377,-42.756,57
23.635,18.925,39.452,-21.969,32.343,499.999,-43.512,132.617,32.638,26.846,23.129,103.307,7
69.298,18.125,66.209,-111.691,52.849,2999.972,-124.283,113.193,57.503,39.447,23.101,99.995,14
80.087,41.909,54.295,-92.341,52.549,1999.605,-52.141,148.936,36.776,49.583,22.395,114.097,43
43.473,18.995,42.86,-43.0,34.767,999.996,-43.512,132.618,37.436,29.171,22.426,103.111,5
110.553,29.736,44.372,-70.662,40.738,3000.126,-57.647,68.325,39.824,36.561,23.248,53.775,44
112.531,56.105,104.572,67.726,90.155,4407.524,-93.026,-48.774,79.9,75.824,28.044,-43.001,58
127.923,25.961,67.58,29.558,55.838,4538.861,-86.24,-21.465,56.126,42.688,26.385,-19.302,65
62.935,49.85,84.426,-81.103,72.122,1634.816,-57.394,157.326,67.558,63.07,26.298,121.403,49
55.402,34.602,63.92,-11.997,57.394,1159.822,-4.666,26.913,63.722,49.271,25.109,17.877,55
116.901,18.276,45.985,17.425,39.399,2563.705,-8.951,-19.581,42.274,31.374,23.278,-12.354,11
47.202,70.095,91.836,-38.569,81.241,1088.376,-30.58,104.5,77.747,72.17,27.966,76.816,53
93.595,18.472,50.881,-92.368,43.955,2249.983,-40.264,126.125,56.607,34.507,24.189,95.619,27
129.002,50.178,72.121,21.805,64.377,5270.57,-102.431,-15.952,53.83,56.485,24.731,-14.702,49
36.209,18.702,89.01,-125.697,64.184,4499.958,-190.152,83.92,53.58,44.605,19.851,80.039,21
13.387,19.524,97.943,-130.881,67.331,2459.974,-224.454,177.648,51.251,45.953,21.645,171.923,29
38.684,24.133,43.81,-30.327,39.143,852.475,-29.823,103.688,60.31,33.726,26.385,76.03,50
16.085,54.986,85.182,28.566,75.241,591.538,-60.21,-169.167,45.617,67.245,25.206,-133.176,57
100.034,35.798,78.46,-79.943,63.052,4226.71,-109.54,51.854,55.708,50.957,25.573,45.767,78
48.995,18.374,23.556,13.649,23.149,1064.996,-4.251,-34.263,30.742,20.914,23.086,-25.41,10
126.015,70.192,102.625,36.43,91.126,4106.376,-68.935,-28.055,80.214,80.448,28.019,-24.205,53
4.784,18.364,26.877,-1.528,25.427,59.996,-9.126,50.765,54.34,23.353,22.107,36.521,27
63.105,18.189,45.949,-64.108,38.399,1499.997,-43.512,132.618,41.986,31.326,21.73,102.831,8
74.344,26.482,70.641,107.673,57.601,5139.452,-151.252,-72.102,53.293,44.863,24.222,-67.974,73
59.601,19.352,98.222,-114.444,75.438,5999.943,-168.189,52.064,85.708,51.007,22.96,48.863,19
122.092,38.481,65.613,-48.399,61.442,3999.957,-74.219,31.205,73.606,52.718,24.822,25.0,44
130.756,18.63,29.64,-0.985,30.284,2749.97,-1.995,1.076,41.933,26.371,23.421,-0.782,20
37.283,24.7,78.745,-119.168,56.62,1579.73,-153.846,284.068,50.985,42.518,23.16,235.905,62
131.788,18.089,38.206,-3.898,36.072,3999.957,-67.554,1.103,45.909,29.597,24.349,-0.545,15
8.144,18.491,63.96,-7.615,45.986,100.014,-79.942,188.412,38.172,36.974,23.17,155.096,18
55.834,62.414,77.534,116.881,66.887,4508.732,-161.054,-90.399,58.353,60.647,24.791,-85.215,73
73.454,18.298,23.785,-0.332,23.85,1499.982,-2.0,1.097,31.947,22.134,23.53,-0.003,8
40.762,33.318,64.465,-50.192,54.093,1000.232,-59.64,160.473,38.54,45.986,22.807,124.33,43
51.423,56.099,93.275,-118.399,79.359,3117.432,-153.865,118.32,73.993,68.908,26.385,108.616,54
57.452,19.207,101.28,-116.025,78.707,5999.942,-167.901,52.34,94.078,52.832,24.137,49.096,19
85.711,18.813,53.198,-100.139,44.405,2499.974,-75.675,123.426,47.257,34.509,24.625,100.696,9
4.019,19.311,21.148,-0.525,19.851,59.984,-2.98,15.774,27.098,19.845,19.455,10.963,36
131.711,18.82,32.125,-3.003,31.624,3499.964,-46.551,1.172,39.256,26.385,23.609,-0.528,26
131.798,18.778,32.148,-2.989,31.597,3499.963,-46.502,1.174,39.049,26.385,23.798,-0.568,26
64.143,34.392,55.998,115.039,45.986,2396.901,-91.851,-164.086,39.854,40.098,26.28,-136.195,68
131.768,18.623,33.467,-3.063,33.082,3499.967,-45.804,1.171,44.989,28.001,23.208,-0.547,26
126.881,61.223,87.586,-25.487,75.794,4839.857,-92.464,11.461,63.068,66.707,23.199,9.077,62
131.998,18.341,35.533,-2.248,35.047,2999.969,-15.965,1.337,50.082,29.647,23.395,-0.584,14
56.056,61.93,110.644,118.781,95.426,3067.771,-126.268,-130.139,90.409,80.277,27.42,-115.385,58
31.018,19.213,59.099,-40.858,45.092,749.994,-65.979,172.999,46.368,35.477,24.529,139.155,16
55.974,49.896,116.647,-117.289,92.534,1831.226,-102.084,220.557,74.699,75.339,25.559,179.348,48
117.772,47.119,93.33,-57.806,79.388,4686.249,-96.633,31.662,79.314,64.746,27.399,26.508,65
118.287,81.49,104.791,56.77,98.257,3666.178,-59.451,-47.258,87.054,91.904,26.376,-39.16,59
24.674,19.011,42.959,-13.009,37.891,499.974,-15.493,70.794,68.286,31.917,25.875,50.953,6
67.085,24.331,62.366,-85.296,50.965,1717.566,-57.062,157.05,57.443,39.452,26.194,121.123,50
120.443,27.944,58.893,-51.712,53.354,3185.996,-48.085,45.151,52.71,44.779,25.888,34.633,67
71.785,71.945,100.169,-97.831,87.604,5649.331,-159.081,48.522,66.446,78.791,23.313,47.568,80
90.88,25.993,55.73,-94.691,46.839,3676.912,-109.914,73.857,53.948,38.74,26.385,64.717,65
38.469,58.613,90.945,60.657,78.707,1239.791,-57.203,-163.389,71.474,67.219,26.383,-128.168,76
93.389,65.029,83.612,-83.885,77.073,2249.978,-35.431,114.396,67.026,70.975,26.53,84.024,20
10.209,19.366,104.787,4.882,75.44,287.431,-5.278,-2.951,67.81,50.875,26.374,-1.256,6
73.138,28.156,78.793,108.061,60.675,4038.61,-134.145,-89.165,50.228,45.868,25.692,-81.543,76
58.782,30.11,64.81,-75.938,54.164,1499.985,-58.917,161.746,50.995,45.197,23.993,125.0,44
115.298,29.615,42.771,-60.48,39.472,2499.978,-15.397,70.595,40.94,36.463,26.25,50.0,42
14.707,20.52,78.588,-130.379,53.667,3499.971,-219.457,119.13,38.152,37.814,21.639,116.184,23
10.232,18.842,100.376,-130.791,71.156,3299.969,-222.283,125.819,57.523,48.674,24.604,122.988,27
112.955,26.338,58.292,50.781,53.241,2572.204,-10.794,-54.403,62.908,44.048,26.385,-39.775,65
73.461,18.531,23.552,-0.227,23.585,1499.986,-2.001,1.098,30.76,21.972,24.764,-0.037,8
111.125,49.811,75.283,69.63,68.946,3851.001,-80.414,-56.127,69.933,60.72,24.791,-48.083,48
15.377,19.075,113.519,-130.041,84.371,3999.961,-204.815,97.135,90.917,57.571,24.016,93.96,15
106.753,39.68,79.8,-70.969,68.447,5011.535,-117.714,37.52,68.503,55.84,26.451,33.708,53
93.677,18.736,50.14,-92.288,43.249,2249.977,-40.271,126.131,54.959,34.365,24.565,95.669,27
30.082,18.246,33.756,-3.909,30.617,599.992,-2.98,15.774,36.514,27.397,19.851,10.869,36
30.475,81.064,59.632,-126.351,58.303,4677.851,-197.976,82.661,51.041,62.712,25.288,85.536,52
130.181,29.53,49.798,17.856,44.382,4459.843,-83.953,-14.227,46.474,38.379,25.614,-12.964,69
4.484,23.146,124.071,-130.592,92.003,3499.959,-220.224,114.002,94.639,63.838,23.48,111.181,23
24.588,18.9,96.165,-64.061,63.185,849.984,-144.291,271.386,46.212,44.392,23.848,231.478,20
28.764,24.193,114.695,-127.899,86.834,3781.268,-189.237,101.123,80.827,61.765,26.385,100.298,56
24.583,29.201,89.766,-128.078,69.188,2989.434,-198.986,136.956,65.027,52.719,26.412,130.174,53
7.677,18.961,38.609,-5.394,30.5,100.018,-43.512,132.618,26.921,26.374,21.615,103.5,3
4.201,18.58,19.572,1.462,18.774,99.975,-2.001,1.095,25.668,18.899,22.15,0.2,3
48.263,18.853,36.346,13.867,33.206,1064.988,-4.252,-34.263,54.105,28.516,23.203,-25.287,10
105.859,41.11,75.999,-73.011,62.552,5495.801,-125.852,34.158,71.013,49.293,26.384,31.229,74
83.093,18.18,49.907,-85.316,42.558,1999.972,-43.514,132.617,47.743,33.52,23.566,101.788,12
2.655,21.927,124.395,-130.907,91.009,3499.97,-225.329,115.573,84.943,62.671,23.115,113.034,23
2.15,18.961,117.337,-130.94,89.841,3353.245,-225.487,131.677,109.247,59.56,27.205,136.658,27
129.957,89.671,113.451,-3.114,101.557,4627.792,-78.21,-1.43,85.651,92.56,24.893,-2.12,75
122.256,78.895,104.791,45.868,95.742,4526.126,-84.71,-33.313,84.11,86.82,26.291,-29.403,65
12.163,18.57,19.851,0.941,19.809,249.993,-2.001,1.097,29.088,19.595,23.116,0.172,13
39.079,26.616,59.704,-124.035,52.663,3205.825,-176.853,120.576,55.036,42.804,24.39,112.438,73
84.13,42.938,91.412,-101.071,75.431,2635.842,-77.571,114.463,82.225,59.859,25.687,93.394,73
115.049,81.49,102.543,62.441,93.335,3112.41,-36.973,-59.404,79.662,86.414,26.385,-46.282,79
37.067,18.416,21.39,-0.088,19.865,749.99,-2.001,1.097,29.142,19.85,23.894,0.197,16
40.763,29.646,56.492,-50.991,45.986,999.988,-58.917,161.746,45.458,39.43,26.381,125.0,42
51.814,16.706,83.71,-120.717,65.57,3299.958,-153.648,109.023,81.067,45.986,26.867,100.38,20
56.431,29.477,78.71,85.161,63.633,1718.817,-57.108,-163.426,71.287,49.405,26.385,-128.165,59
88.53,51.006,79.133,-95.234,65.59,4999.949,-135.975,53.578,70.247,55.996,24.391,47.602,6
128.466,49.788,78.707,27.18,71.652,3895.482,-60.814,-21.823,78.323,62.351,25.877,-18.762,48
4.203,18.426,19.562,1.466,18.767,100.027,-2.001,1.096,24.439,18.751,23.1,0.455,18
32.769,90.962,104.791,34.193,98.257,947.273,-34.115,-115.187,87.976,94.105,24.81,-87.464,46
31.012,18.932,58.823,-40.838,45.299,749.997,-65.981,172.998,46.831,35.638,24.475,139.114,16
46.045,44.842,98.224,-120.71,80.362,5368.585,-178.239,63.765,78.4,64.027,25.648,65.293,79
24.365,18.784,21.889,0.271,21.339,499.986,-2.001,1.097,39.757,19.851,26.203,-0.088,4
85.447,19.431,54.053,-100.427,45.353,2499.974,-75.682,123.398,50.774,35.523,25.062,100.461,9
13.432,19.174,114.447,-130.3,84.267,3299.967,-211.076,122.014,83.499,57.818,25.351,118.313,27
46.322,34.759,71.736,-122.404,62.655,2651.956,-155.599,147.67,65.874,52.112,25.331,133.894,55
55.639,33.331,45.664,-11.095,42.802,1162.344,-4.094,24.24,64.689,39.446,23.663,15.972,71
10.018,18.769,79.084,-11.729,57.517,150.033,-99.216,216.05,32.468,44.113,20.845,181.429,30
79.946,39.471,88.086,104.048,72.087,5380.266,-143.817,-65.448,75.195,55.95,26.424,-61.466,65
112.815,18.578,57.062,-67.322,49.765,4299.954,-96.541,41.501,69.239,38.001,23.171,35.309,31
26.029,18.799,104.791,-128.486,81.122,4749.953,-193.076,77.75,90.42,55.145,25.376,75.199,27
57.098,19.412,101.802,-116.718,78.721,5999.935,-167.84,52.445,95.679,53.124,25.307,49.365,19
100.941,18.883,71.882,-76.679,55.843,4241.823,-111.518,50.684,56.711,39.452,26.287,44.656,53
29.476,19.333,102.995,-127.669,76.333,4499.967,-191.707,83.477,79.018,52.637,19.851,79.78,21
4.786,23.467,124.121,-130.525,91.991,3499.974,-219.183,113.676,96.535,64.189,23.445,110.817,23
4.124,18.694,19.342,1.455,18.635,100.0,-2.0,1.1,22.81,18.695,22.282,0.177,3
46.104,81.49,98.253,-65.031,88.865,1218.882,-66.612,174.639,57.833,84.386,25.773,136.357,59
83.101,18.705,49.737,-85.302,42.097,1999.983,-43.511,132.618,47.597,33.325,23.52,101.82,12
4.17,18.169,19.623,1.465,19.047,99.983,-2.0,1.096,23.11,18.973,22.295,0.175,3
85.427,18.503,54.127,-100.438,45.241,2499.976,-75.791,123.376,50.881,35.382,25.321,100.487,9
17.603,19.032,54.301,-49.013,31.912,599.995,-166.064,301.706,29.849,23.687,19.851,259.126,36
85.646,19.324,53.53,-100.217,44.551,2499.974,-75.694,123.414,48.932,35.074,24.871,100.558,9
29.816,38.686,52.652,39.725,45.172,893.69,-49.075,-148.048,34.828,40.856,24.882,-114.861,57
101.015,86.087,101.31,-83.547,93.404,3999.967,-97.669,58.25,79.541,88.406,24.852,50.0,45
16.67,19.524,110.324,-130.17,82.106,3999.963,-204.617,96.969,85.057,56.255,21.338,94.292,32
63.136,19.348,45.985,-64.271,38.645,1499.988,-43.512,132.618,43.373,31.45,23.288,102.912,8
37.06,18.392,21.429,-0.104,19.856,750.002,-2.002,1.098,29.749,19.851,23.575,0.198,16
103.007,34.609,74.565,81.305,65.11,2806.692,-42.785,-86.876,65.65,53.256,25.044,-67.924,55
125.956,18.671,66.526,-31.507,52.571,3112.522,-33.704,27.674,50.856,36.431,23.281,22.135,11
68.261,81.455,100.782,-14.486,95.045,1482.918,-4.201,25.12,86.387,88.858,28.955,16.57,58
49.012,18.776,104.804,-61.059,84.658,1249.988,-50.727,146.704,103.778,58.525,24.303,111.483,20
-2.902,18.909,91.192,-131.383,63.841,3499.96,-237.999,118.347,67.941,42.626,26.088,116.775,6
67.114,18.862,68.088,113.764,54.336,2499.975,-91.905,-149.335,60.125,39.452,25.838,-127.557,6
81.71,48.761,80.036,-97.027,69.941,4583.467,-138.354,60.377,56.375,62.819,25.64,56.189,69
131.228,18.629,42.878,-5.201,38.641,4499.957,-84.702,1.049,45.783,31.328,21.717,-0.598,21
8.849,18.217,116.709,-8.81,75.147,59.988,-166.065,301.704,24.584,50.327,19.452,259.926,36
111.712,18.86,58.875,64.909,49.324,4655.036,-105.794,-44.808,61.684,37.856,27.904,-40.579,61
37.742,18.424,82.013,-124.84,58.451,4499.954,-189.921,83.77,47.252,39.452,19.809,79.887,21
4.163,18.708,19.343,1.451,18.625,100.011,-2.001,1.098,24.521,18.687,22.189,0.192,3
122.852,19.147,41.761,-29.12,39.452,2599.978,-4.814,29.943,66.419,33.139,22.168,19.8,32
108.981,18.418,53.063,-74.009,45.986,3749.966,-87.054,53.931,60.035,36.043,24.136,45.078,27
83.154,17.585,49.583,-85.291,41.957,1999.977,-43.511,132.617,46.801,33.226,23.164,101.878,12
83.146,35.023,89.854,51.6,74.332,1982.695,-17.776,-76.25,63.869,59.099,24.811,-56.487,55
27.578,19.383,102.207,-128.417,76.168,3779.967,-193.223,102.409,74.861,52.754,19.851,98.257,32
37.949,32.416,62.707,49.646,56.641,1119.033,-45.568,-139.95,67.272,47.169,26.388,-108.252,76
8.156,18.535,63.953,-7.619,45.986,99.99,-79.94,188.413,36.789,37.04,22.663,155.135,18
6.075,46.371,67.29,2.556,61.819,148.593,-2.168,1.1,66.016,56.017,26.287,0.002,70
41.883,39.636,83.35,78.601,62.864,1432.251,-73.576,-191.765,51.667,52.556,26.015,-153.31,60
130.777,18.58,29.646,-0.948,30.336,2749.971,-1.995,1.073,42.049,26.377,23.521,-0.788,20
79.199,30.104,54.086,102.228,46.114,5279.582,-146.405,-66.064,68.946,39.485,24.767,-62.234,72
26.966,29.522,65.818,127.34,53.634,3291.287,-185.117,-137.934,52.276,42.824,24.899,-130.203,64
65.147,18.734,75.653,-110.816,55.812,1892.064,-83.956,195.203,55.252,39.45,26.382,157.557,53
87.886,67.77,98.26,-54.425,89.961,2008.694,-18.994,78.302,84.903,79.454,26.375,56.008,65
4.203,18.446,19.639,1.465,19.042,99.988,-2.0,1.097,26.935,18.937,22.741,0.453,18
8.163,18.29,63.844,-7.609,45.986,99.959,-79.939,188.412,36.438,37.014,23.189,155.14,18
58.963,29.728,42.499,-75.61,39.28,1499.985,-58.919,161.741,45.631,37.169,23.791,124.997,44
32.637,89.622,101.349,-125.608,92.566,3783.875,-184.616,102.891,72.832,88.453,24.761,100.368,75
131.535,49.836,63.965,-6.948,61.985,3286.129,-29.311,4.352,65.288,57.471,26.385,2.406,58
91.673,18.577,31.658,-44.289,30.115,1959.985,-13.557,64.154,40.665,26.23,21.924,46.582,30
96.698,18.812,26.971,-0.791,27.72,1999.979,-2.002,1.098,40.002,24.818,23.381,-0.15,12
58.534,39.784,74.1,-75.78,63.367,1499.988,-58.919,161.745,53.4,53.759,23.232,125.0,44
19.089,19.366,103.488,-47.038,68.982,599.983,-147.946,277.547,50.046,46.048,23.174,236.393,27
71.286,65.11,80.5,64.454,75.975,1875.405,-30.395,-104.906,81.15,70.558,27.85,-79.12,56
16.121,19.06,110.004,-130.459,79.825,3999.954,-208.192,98.991,74.133,54.213,23.954,95.857,15
97.011,18.661,25.345,-0.642,25.821,1999.981,-2.001,1.096,34.235,23.475,23.948,-0.269,4
27.864,19.089,104.791,-127.989,80.312,4629.962,-191.384,79.836,88.358,55.031,23.316,77.107,29
29.011,34.609,72.312,-127.77,58.768,3865.231,-196.522,102.363,50.573,45.998,24.286,103.181,55
4.859,23.385,124.033,-130.525,92.148,3499.961,-219.222,113.7,96.144,64.049,23.233,110.816,23
27.795,61.222,88.283,-8.186,73.47,643.398,-9.617,14.825,62.168,65.59,25.721,11.502,78
55.593,18.992,62.849,-77.64,49.365,1449.985,-65.984,172.999,48.044,38.141,20.534,138.842,30
45.696,40.238,42.534,-34.07,39.437,1000.005,-28.706,102.575,28.9,38.818,21.466,75.0,41
95.423,18.457,64.143,-89.384,52.757,4499.944,-122.397,55.176,61.539,39.398,24.872,48.88,4
64.04,29.534,59.902,-95.303,47.309,1731.573,-72.483,181.374,42.216,39.452,25.576,142.872,69
7.679,19.295,37.911,-5.392,29.954,100.013,-43.512,132.618,26.069,25.966,21.599,103.567,3
44.447,56.084,70.097,94.59,59.514,1629.686,-82.926,-205.186,57.015,53.254,24.751,-165.615,73
10.544,19.399,130.195,-15.62,84.585,149.973,-166.063,301.706,28.237,57.208,19.851,259.181,29
-0.807,53.048,90.54,2.331,79.788,17.136,-2.021,1.138,79.626,68.516,26.027,0.031,79
55.574,18.71,62.699,-77.666,49.44,1449.982,-65.981,172.999,48.423,38.193,22.11,138.841,30
12.03,18.793,19.729,0.85,19.09,249.998,-2.0,1.097,23.343,19.071,22.562,0.078,13
97.501,78.992,104.778,34.744,92.61,2863.346,-44.248,-33.286,77.113,84.561,25.979,-30.945,69
7.676,19.37,38.732,-5.4,31.308,99.973,-43.512,132.618,27.459,26.382,21.471,103.505,3
91.943,75.89,99.597,93.791,88.219,4475.16,-117.333,-69.381,68.366,80.305,24.988,-62.736,72
71.762,26.631,62.983,34.943,52.932,1641.876,-11.885,-60.148,48.512,42.781,23.968,-43.988,73
85.018,30.236,55.768,-100.422,49.207,2499.979,-75.474,123.357,51.715,41.493,24.827,100.0,44
3.306,22.529,124.371,-130.805,91.502,3499.965,-223.017,114.844,90.35,63.111,22.826,112.18,23
131.339,19.291,42.776,-5.193,38.355,4499.955,-84.719,1.046,45.133,31.262,22.174,-0.597,21
110.86,64.301,88.248,60.313,79.58,5202.878,-114.493,-39.953,69.437,72.122,25.892,-36.846,76
50.011,68.009,86.689,-117.703,76.44,4314.656,-170.369,81.515,60.829,70.933,24.169,80.819,75
41.384,27.636,38.881,-46.401,33.05,1065.274,-45.574,109.333,49.558,30.054,24.807,86.12,72
57.65,19.341,101.433,-116.31,78.707,5999.945,-167.599,52.426,94.841,52.929,25.035,49.162,19
85.475,18.114,53.809,-100.383,45.156,2499.975,-75.761,123.376,50.046,35.214,24.893,100.586,9
54.118,80.838,126.841,-119.477,104.791,2808.235,-136.78,132.027,88.658,94.69,26.385,117.692,56
48.502,18.599,28.037,13.803,26.39,1064.989,-4.25,-34.263,47.73,24.423,23.074,-25.328,10
24.687,18.111,26.387,0.431,25.303,500.007,-2.001,1.097,34.54,23.367,23.075,0.112,7
43.309,70.615,110.149,123.739,94.997,4219.711,-167.288,-103.506,73.977,82.76,26.382,-97.44,79
130.413,19.301,49.457,-6.205,42.98,4999.944,-98.02,0.639,51.911,33.325,23.677,-0.675,17
131.547,18.966,45.986,-5.369,42.735,4499.956,-82.738,1.053,57.987,33.377,22.116,-0.503,21
47.255,55.689,103.926,121.453,92.22,2003.08,-99.924,-220.965,72.562,83.664,27.26,-181.844,74
78.0,49.793,78.738,88.879,70.192,2130.117,-39.969,-131.814,69.304,61.65,24.932,-100.794,48
129.725,41.501,72.112,17.508,64.696,5262.001,-99.215,-13.416,70.467,54.123,28.528,-12.36,58
83.373,18.105,48.605,-84.991,39.452,1999.976,-43.511,132.618,42.225,32.515,23.445,102.021,12
55.775,18.697,61.617,-77.43,47.757,1449.991,-65.981,172.999,43.266,37.267,21.902,139.025,30
128.806,45.144,72.126,7.014,64.943,5155.037,-98.602,-8.016,66.686,55.835,25.413,-7.694,79
63.531,29.611,30.027,-63.532,28.985,1499.989,-43.504,132.596,27.285,28.628,25.068,99.983,42
5.514,18.739,121.167,-130.531,89.369,3499.975,-218.767,113.521,94.458,60.655,22.8,110.965,26
110.955,18.594,52.572,-69.061,43.176,4749.949,-113.572,39.518,46.283,33.15,23.828,34.597,20
38.208,50.107,101.158,125.737,81.869,2808.057,-153.913,-157.054,71.063,65.875,25.987,-142.71,49
24.666,18.768,45.986,-12.986,39.452,499.987,-15.496,70.795,69.542,33.64,26.313,50.943,6
63.099,18.923,45.911,-64.092,38.524,1499.993,-43.514,132.617,41.794,31.358,20.801,102.868,8
13.687,18.253,39.395,-11.632,31.814,249.985,-43.511,132.617,31.32,26.411,23.164,103.682,13
130.228,50.144,79.073,5.377,70.54,5172.494,-97.437,-6.604,65.226,60.701,25.213,-6.342,49
43.039,50.408,81.885,16.645,71.357,998.114,-8.406,-47.995,64.414,62.349,25.491,-35.102,65
110.623,30.627,75.019,72.712,64.077,2657.695,-19.702,-79.044,68.985,51.133,26.385,-58.633,68
5.45,18.848,121.066,-130.542,89.347,3499.971,-218.816,113.546,94.479,60.669,22.518,110.981,26
83.102,18.432,49.484,-85.3,41.71,1999.976,-43.514,132.617,47.028,33.072,25.004,101.618,4
123.386,19.051,35.523,-28.926,35.515,2599.979,-4.812,29.933,58.652,29.856,19.872,19.944,32
131.468,44.169,104.836,-9.071,98.27,3043.518,-12.736,7.133,86.014,81.199,26.392,4.356,74
55.92,18.645,59.824,-77.249,45.986,1449.992,-65.982,172.999,39.749,36.067,21.138,139.159,30
97.013,18.483,25.241,-0.631,25.724,1999.976,-2.002,1.098,33.691,23.311,23.914,-0.262,4
57.591,49.834,72.142,-64.016,67.104,1420.503,-47.012,139.799,68.178,59.546,27.981,106.101,53
81.348,61.222,90.798,74.25,80.295,2115.186,-30.689,-108.15,68.41,70.783,23.337,-81.979,62
130.612,39.401,87.564,11.166,81.244,4788.416,-85.408,-10.072,80.427,71.497,28.779,-9.422,58
130.967,18.566,28.049,-0.814,29.272,2749.97,-1.994,1.074,38.232,25.72,23.526,-0.819,20
89.259,19.11,62.526,-95.8,52.571,3999.965,-117.985,67.072,68.084,39.125,23.112,59.633,31
77.415,49.77,78.725,106.554,70.509,2529.876,-70.313,-136.205,69.247,61.756,24.991,-110.328,48
50.005,18.682,22.048,-0.305,21.61,999.996,-2.001,1.097,28.625,19.851,22.504,0.196,5
52.991,18.604,34.672,-35.73,31.384,1149.99,-23.016,90.022,46.141,26.385,23.523,67.28,27
99.494,18.862,75.977,-81.743,60.548,5969.943,-139.019,35.659,70.911,42.836,23.428,32.772,29
26.941,18.836,115.029,-127.611,86.713,5849.941,-192.41,60.12,93.775,58.175,24.809,58.441,27
20.726,39.758,86.882,-30.208,71.725,500.033,-79.946,188.411,70.739,59.676,24.836,150.0,41
131.521,91.055,95.082,-4.641,92.262,3999.966,-57.714,1.112,81.288,90.068,25.24,0.0,44
13.678,18.481,39.404,-11.632,31.703,249.994,-43.512,132.618,31.56,26.396,23.005,103.676,13
72.02,52.305,81.454,38.401,70.845,1704.713,-13.798,-64.108,71.414,62.756,23.477,-47.269,80
14.322,80.425,104.766,128.863,92.457,3459.217,-197.934,-136.94,82.111,84.425,27.093,-131.319,51
83.231,18.79,49.238,-85.092,40.946,1999.984,-43.514,132.616,44.576,33.098,24.583,101.727,4
71.084,17.652,44.699,-24.583,39.452,1499.99,-7.821,43.902,61.799,33.125,22.1,30.843,10
8.157,18.244,63.865,-7.614,45.986,99.983,-79.94,188.412,36.978,36.969,23.126,155.136,18
129.011,91.098,115.887,-10.817,104.791,5470.651,-97.371,1.663,93.502,97.338,26.305,0.973,56
72.181,19.202,124.08,-9.445,86.499,1499.984,-2.981,15.78,46.835,58.932,20.238,10.663,36
110.054,28.913,44.296,-2.829,42.761,2320.929,-2.326,2.683,57.087,37.082,26.017,1.051,57
21.751,70.45,104.79,-128.702,91.039,4410.911,-200.66,88.03,72.033,80.444,26.382,89.377,60
54.288,35.798,104.785,-119.24,78.657,2350.273,-133.478,164.415,55.803,59.562,25.899,144.251,58
24.566,18.875,20.406,0.328,19.851,499.984,-2.001,1.098,34.492,19.851,25.667,-0.047,4
28.415,46.786,74.191,-4.823,63.921,585.527,-4.47,22.674,70.814,52.252,26.384,14.997,74
17.244,39.855,115.092,-129.617,87.4,4499.969,-206.407,86.493,70.98,65.539,23.167,88.527,41
8.142,18.361,63.998,-7.607,45.986,100.017,-79.941,188.412,38.364,36.988,23.063,155.096,18
0.311,33.046,68.897,7.432,57.82,163.684,-69.939,-187.911,72.531,48.468,23.559,-149.523,71
31.008,18.586,58.996,-40.849,45.243,749.993,-65.98,173.0,46.795,35.617,23.717,139.11,16
131.323,18.374,42.799,-5.171,38.59,4499.958,-84.76,1.044,45.061,31.29,22.256,-0.626,21
94.882,28.491,45.36,-22.086,43.607,2004.654,-4.716,29.087,62.037,38.36,25.449,19.36,75
35.379,19.074,91.189,-125.816,65.587,4499.964,-190.47,83.877,56.343,45.85,19.851,80.015,21
25.591,50.413,72.113,24.706,66.977,720.054,-30.554,-106.768,76.68,60.253,27.66,-80.525,56
85.745,18.724,77.171,-98.559,62.395,4999.944,-136.785,53.753,80.975,44.859,28.928,48.502,6
87.511,18.492,64.306,98.194,52.696,4283.763,-122.71,-74.214,58.788,38.775,26.377,-67.413,53
43.735,93.61,90.563,50.649,85.119,1254.628,-39.262,-130.722,70.102,83.914,26.34,-99.835,63
6.112,18.597,120.644,-130.469,89.167,3499.962,-217.728,113.267,95.228,60.629,23.42,110.66,26
132.014,18.413,28.775,-2.073,29.532,2999.969,-17.547,1.338,37.458,25.698,23.997,-0.566,14
95.941,26.728,60.237,-89.555,53.002,3739.624,-103.192,67.453,62.356,43.103,26.411,58.445,58
92.741,39.737,98.315,93.187,81.931,3378.207,-85.237,-86.157,74.07,65.088,26.186,-73.149,50
42.384,24.38,88.891,-124.059,69.903,3499.974,-172.146,107.157,70.149,52.735,23.76,100.0,41
122.215,81.489,87.695,48.884,85.839,3117.929,-27.566,-44.65,79.256,82.702,28.904,-34.385,58
24.622,17.577,62.23,-13.005,52.581,500.017,-15.496,70.795,73.429,41.88,26.38,50.855,6
31.313,18.664,55.218,-40.515,41.709,749.986,-65.98,173.0,32.674,33.149,24.717,139.633,16
124.505,29.593,43.04,-42.294,40.512,3499.965,-56.82,32.288,42.893,36.381,26.381,25.0,42
102.46,71.36,91.951,81.018,81.215,5003.464,-116.296,-53.58,76.253,72.138,26.385,-48.925,66
47.946,51.054,58.127,-47.799,54.373,1129.26,-40.93,128.536,54.345,52.571,25.583,96.463,78
108.936,42.962,89.119,-72.66,76.309,4716.624,-105.539,40.076,85.55,61.515,25.645,34.769,73
63.484,23.889,79.896,-104.728,61.881,1827.321,-81.17,189.445,59.583,45.986,26.331,151.124,50
119.605,18.728,26.384,-0.696,27.551,2499.97,-1.999,1.097,35.739,24.799,26.373,-0.828,9
129.028,50.219,72.114,23.342,65.962,3243.322,-32.711,-21.505,63.633,60.417,25.589,-17.422,65
83.187,18.969,49.285,-85.245,41.359,1999.984,-43.511,132.618,45.706,33.235,23.376,101.876,12
13.674,18.175,39.41,-11.628,31.958,249.978,-43.511,132.618,31.627,26.431,23.114,103.67,13
128.586,15.491,67.85,6.53,55.838,5061.849,-97.982,-7.159,64.769,39.452,26.38,-7.074,79
72.791,81.49,128.132,-109.192,108.933,3315.766,-117.983,97.661,85.278,96.7,26.377,85.899,59
57.456,64.16,81.553,-113.408,72.114,4362.519,-161.822,76.788,62.229,65.677,25.78,74.3,76
25.056,45.056,69.566,-6.914,60.487,499.987,-6.37,36.936,40.539,52.572,23.155,25.0,45
3.879,19.536,129.553,-130.883,92.179,2703.974,-234.318,156.814,75.812,62.562,22.388,153.299,32
94.71,40.05,72.122,-90.09,63.183,4499.958,-120.834,55.455,67.785,52.806,24.257,50.0,41
120.75,18.694,45.491,-52.49,42.783,3103.976,-43.176,46.166,63.152,34.479,21.994,34.975,32
115.48,29.741,72.111,-53.584,58.162,4036.973,-87.34,36.1,48.11,45.308,24.887,30.442,64
21.047,71.021,83.263,-29.597,71.33,500.006,-79.941,188.412,48.471,67.133,25.345,150.0,42
82.648,25.984,80.146,-100.464,65.588,5154.421,-141.646,52.738,78.731,49.962,29.133,49.384,58
67.825,35.798,101.393,-112.43,79.85,2980.257,-124.081,114.612,61.31,62.659,25.714,101.049,58
24.411,18.4,22.541,0.007,22.158,499.998,-2.001,1.098,42.494,19.893,25.756,-0.103,4
66.087,61.222,89.477,-109.367,77.086,4205.021,-149.487,77.164,64.547,67.699,23.233,71.768,62
112.031,18.563,44.548,-65.899,38.883,2841.83,-46.709,67.923,42.221,31.379,22.797,52.214,11
84.853,16.906,85.699,-99.612,69.751,4999.943,-136.191,53.898,88.979,49.751,26.804,48.68,6
120.336,18.667,94.786,-53.371,78.812,3103.973,-40.676,46.41,80.095,58.574,23.22,34.535,32
131.52,91.061,95.054,-4.602,92.21,3999.964,-57.705,1.113,81.218,90.071,25.069,0.0,44
86.848,64.964,104.791,-97.842,91.108,4999.949,-132.837,54.097,88.245,78.707,25.526,47.488,6
12.066,18.467,19.844,0.811,19.373,249.977,-2.0,1.098,27.138,19.115,23.135,0.123,13
4.15,18.576,19.781,1.471,19.154,99.988,-2.001,1.098,26.827,19.098,21.805,0.187,3
30.31,18.498,131.543,-127.098,95.249,4629.956,-191.601,79.958,77.796,65.152,24.342,77.2,29
13.696,18.303,39.18,-11.59,31.485,249.986,-43.51,132.618,27.968,26.385,23.118,103.766,13
33.61,34.658,103.798,-113.058,74.498,1579.809,-155.89,264.455,64.821,56.264,22.816,222.701,43
33.105,89.218,121.98,127.201,104.791,2483.912,-150.652,-184.573,87.89,97.953,24.907,-165.375,75
7.662,18.297,38.948,-5.409,31.338,99.972,-43.512,132.618,28.758,26.384,21.509,103.579,3
58.835,18.552,23.772,-7.541,23.425,1199.993,-2.98,15.774,33.736,21.925,19.851,10.865,36
83.175,18.176,49.621,-85.261,41.871,1999.981,-43.512,132.618,46.05,33.249,23.259,101.923,12
47.548,66.278,75.461,-0.82,72.118,1000.0,-2.003,1.099,76.444,69.084,25.577,0.0,45
85.762,19.381,53.229,-100.116,44.47,2499.973,-75.645,123.425,47.733,34.614,24.787,100.592,9
69.232,19.29,66.124,-111.78,52.973,2999.967,-124.42,113.175,58.198,39.452,22.433,99.958,14
38.97,18.796,84.774,-124.766,61.675,4749.958,-188.478,77.766,52.173,42.769,21.566,74.926,31
15.666,19.055,22.37,-2.107,19.963,299.989,-2.98,15.775,30.804,19.851,19.805,10.725,36
12.864,50.475,87.19,45.469,71.574,734.414,-106.789,-236.759,65.359,61.546,25.597,-195.098,65
20.813,26.131,84.295,-30.24,68.322,499.989,-79.94,188.413,70.413,53.904,23.663,150.0,41
50.413,79.556,103.602,-46.123,94.653,1198.221,-37.04,116.761,70.154,87.944,26.396,86.995,58
131.788,18.213,37.91,-3.881,35.61,3999.957,-67.727,1.108,44.731,29.321,24.042,-0.542,15
93.47,61.222,104.006,70.087,88.891,2541.991,-34.194,-88.751,74.014,75.709,25.02,-67.152,73
21.778,88.164,83.863,-26.403,78.732,499.986,-58.918,161.746,80.247,78.743,24.085,125.0,41
131.306,19.068,42.804,-5.203,38.666,4499.957,-84.655,1.041,45.979,31.321,22.348,-0.624,21
37.47,49.717,92.507,-34.755,79.497,865.794,-38.273,119.153,74.586,68.59,25.551,89.003,48
131.992,19.216,29.122,-2.088,29.702,2999.969,-17.363,1.344,38.895,26.006,23.854,-0.562,14
81.092,81.385,85.045,-102.893,76.633,2606.483,-83.445,121.95,68.888,72.122,26.103,100.412,79
20.383,23.76,110.592,-129.619,79.677,2544.143,-205.104,165.834,67.941,56.259,26.385,156.726,56
69.408,61.222,96.353,110.606,83.68,2792.104,-96.277,-130.316,74.227,72.12,23.466,-110.68,62
8.148,18.803,64.012,-7.617,45.986,100.022,-79.941,188.412,37.853,37.158,23.076,155.071,18
20.714,39.614,87.844,-30.241,72.115,500.029,-79.945,188.41,71.237,59.94,24.136,150.0,41
47.725,29.206,72.013,94.209,57.951,1659.033,-78.364,-198.769,59.73,45.984,26.383,-159.725,53
95.929,53.847,72.644,61.819,64.176,2277.524,-17.161,-79.919,61.136,57.46,26.376,-58.936,68
117.836,91.393,115.866,-6.993,104.02,4774.7,-94.367,2.375,85.591,96.459,25.988,0.732,66
60.59,78.403,104.726,113.274,95.003,4550.93,-149.739,-86.422,84.641,85.415,26.371,-80.696,65
50.871,69.878,117.484,-120.206,97.441,4942.835,-167.14,69.411,87.889,82.235,26.385,65.219,66
20.344,24.598,65.479,118.374,56.611,4022.474,-201.613,-111.136,65.881,44.139,25.881,-112.309,65
43.675,19.046,38.314,-42.783,31.351,999.997,-43.512,132.618,30.291,26.353,20.983,103.229,5
26.76,80.569,116.403,-128.163,102.0,3379.368,-187.558,117.043,92.376,91.696,26.385,110.429,56
4.698,18.362,24.772,-1.798,22.281,50.031,-15.496,70.795,28.34,19.851,19.905,52.54,30
4.164,18.584,19.379,1.419,18.664,100.007,-2.001,1.096,24.724,18.692,22.23,0.188,3
131.169,49.874,63.524,-10.589,60.697,3999.404,-63.452,5.194,62.46,55.968,26.384,3.331,58
13.682,18.37,39.408,-11.632,31.723,249.995,-43.512,132.618,31.365,26.415,22.979,103.697,13
66.253,81.482,112.728,-113.301,99.867,2221.864,-92.797,164.085,86.701,91.357,27.999,135.679,58
128.619,58.596,104.796,0.078,92.42,4039.493,-62.169,-1.814,89.567,76.468,27.936,-2.649,61
79.93,51.71,69.63,104.468,64.785,2797.551,-79.86,-119.677,72.413,59.024,24.857,-99.234,80
41.892,19.052,65.429,-123.427,45.986,4749.958,-188.177,77.603,39.453,32.633,20.509,74.903,31
29.103,64.984,77.006,-11.173,72.122,600.004,-9.129,50.766,66.185,68.909,27.418,35.323,20
20.185,20.225,29.422,-129.65,22.94,3499.965,-215.001,119.455,24.462,19.876,19.99,116.529,23
30.112,18.816,26.457,-3.923,25.685,599.987,-2.98,15.774,35.405,23.585,19.851,10.895,36
20.788,18.109,101.113,-129.583,72.122,3999.952,-205.588,99.365,60.734,50.191,24.534,96.074,15
129.971,19.173,59.109,-8.233,51.238,5499.944,-105.624,0.7,70.254,38.064,22.288,-0.326,24
56.77,54.862,110.408,118.364,88.081,3606.029,-140.16,-110.738,78.546,71.395,27.373,-100.919,65
17.947,18.222,84.349,50.71,60.616,836.268,-95.141,-222.186,66.459,43.043,26.633,-181.293,61
42.502,18.784,100.528,-123.55,76.739,5119.955,-178.325,67.939,88.224,52.573,23.508,64.933,31
66.263,85.341,104.548,-112.535,92.239,1977.289,-82.776,192.26,63.614,86.357,26.133,154.027,57
31.119,40.909,83.46,102.404,70.669,2369.878,-165.963,-192.56,72.157,58.821,27.401,-174.406,54
73.458,18.71,23.708,-0.224,23.784,1499.983,-2.0,1.099,31.388,22.268,23.716,-0.039,8
131.712,23.223,36.119,-2.951,35.584,3499.963,-45.854,1.172,43.067,31.318,23.595,-0.582,23
68.796,75.548,95.261,-111.665,87.53,3680.59,-132.436,88.998,84.71,81.111,26.481,80.199,56
48.896,19.31,24.596,13.679,23.835,1064.989,-4.251,-34.264,34.219,22.309,23.062,-25.385,10
119.471,18.155,26.408,-0.748,27.914,2499.973,-2.002,1.097,36.574,24.845,25.868,-0.829,9
131.01,19.217,49.544,-6.472,43.2,4999.945,-97.746,0.872,52.164,33.547,24.587,-0.464,17
39.34,92.63,103.786,-123.912,90.416,2469.319,-166.893,168.359,62.333,85.982,26.381,153.476,52
95.005,18.361,33.735,-1.206,33.637,1999.981,-2.001,1.096,63.163,28.523,23.99,-0.39,4
97.947,19.302,37.809,-79.627,32.726,2249.99,-33.044,108.243,32.25,26.394,19.575,81.572,32
47.726,19.612,45.986,-39.349,39.573,1075.37,-31.733,106.97,55.373,33.521,26.384,78.982,53
63.486,19.316,91.977,-112.005,68.922,5999.946,-168.74,51.733,69.595,45.986,22.934,48.524,19
67.318,18.654,68.107,113.654,54.304,2499.969,-91.751,-149.373,60.128,39.455,26.16,-127.576,6
49.952,18.498,22.315,-0.322,22.102,999.999,-2.001,1.097,29.709,19.851,23.345,0.175,5
83.147,18.603,49.527,-85.271,42.087,1999.977,-43.512,132.617,46.615,33.347,23.239,101.838,12
69.064,26.655,56.523,-111.938,45.986,2151.175,-90.866,169.6,47.935,38.839,24.204,139.397,73
129.225,91.045,96.858,-6.781,91.448,4999.955,-92.165,0.406,69.813,88.615,24.331,0.0,44
58.613,19.665,100.219,-115.657,77.08,5999.94,-167.784,52.409,90.855,52.572,23.94,49.151,19
21.611,45.278,93.873,-128.983,76.909,3982.973,-200.524,98.022,75.331,61.51,25.584,98.392,79
55.341,27.537,70.885,-117.536,56.101,4669.735,-168.375,73.148,56.958,42.678,25.988,69.568,67
45.003,19.307,95.573,-122.55,72.119,5119.954,-178.103,67.776,79.042,49.656,23.167,64.824,31
83.791,81.49,85.657,42.65,83.653,1979.193,-12.03,-61.883,75.372,81.345,26.385,-45.252,79
51.366,50.22,101.985,121.019,84.03,2449.354,-116.862,-170.528,72.022,68.97,25.585,-147.09,49
8.158,18.455,63.957,-7.611,45.986,99.981,-79.94,188.412,37.471,37.056,22.6,155.089,18
81.485,93.689,80.333,101.74,77.109,4657.639,-134.051,-74.561,53.207,79.545,23.361,-68.779,71
43.422,18.935,43.074,-42.987,35.536,999.985,-43.512,132.618,39.461,29.286,22.858,103.057,5
43.469,92.343,96.16,-122.478,87.474,4286.157,-175.51,86.547,67.267,85.091,26.17,85.666,55
21.823,86.781,90.735,-26.364,84.207,500.01,-58.921,161.745,79.622,82.248,23.711,125.0,41
93.88,64.265,80.418,-81.464,71.952,5354.212,-136.136,41.384,64.757,67.157,24.235,38.993,71
119.452,18.553,27.209,-0.888,28.067,2499.971,-2.0,1.098,38.232,25.044,25.571,-0.833,9
41.447,28.532,73.482,-121.856,65.364,4831.203,-183.694,73.34,64.095,54.967,25.641,71.829,65
33.878,35.041,84.14,-126.405,66.943,2742.48,-180.362,148.706,62.532,52.574,24.369,138.464,55
110.162,28.653,75.625,-70.674,64.934,4722.406,-107.987,39.449,73.213,50.943,26.384,34.393,66
83.243,18.84,49.288,-85.134,40.98,1999.974,-43.512,132.618,44.844,32.946,23.194,101.875,12
68.123,18.749,60.729,113.207,49.077,2499.973,-91.574,-149.418,50.973,37.238,25.716,-127.875,6
31.01,18.612,58.923,-40.851,45.281,749.992,-65.978,172.999,46.743,35.544,23.539,139.127,16
119.52,19.331,26.438,-0.802,27.986,2499.97,-2.001,1.097,36.419,24.965,25.863,-0.83,9
21.207,39.531,99.913,129.269,78.707,3064.5,-188.226,-151.658,68.131,61.629,25.977,-143.018,50
30.991,18.568,59.55,-27.089,49.3,675.001,-39.042,120.304,35.134,39.445,21.276,93.039,30
52.581,23.649,57.991,95.338,49.629,1737.881,-70.784,-186.389,64.39,39.452,26.383,-148.617,52
23.715,18.197,37.772,-21.992,30.261,499.979,-43.511,132.619,27.864,25.802,21.858,103.589,7
128.783,68.82,98.111,-17.662,86.607,4995.605,-91.95,6.587,74.847,77.2,25.863,4.895,79
40.773,29.431,60.839,-50.979,50.929,999.99,-58.918,161.745,46.334,42.767,26.385,125.0,42
58.687,19.397,99.407,-115.268,77.02,5999.948,-167.772,52.272,90.45,52.573,22.994,48.987,19
83.142,18.423,49.653,-85.273,41.953,1999.976,-43.511,132.618,46.567,33.29,23.539,101.898,12
37.292,18.278,22.456,-0.126,22.055,749.988,-2.001,1.096,34.758,19.851,23.811,0.339,16
118.549,18.083,36.03,-0.977,35.278,2499.971,-2.002,1.098,53.109,29.738,25.693,-0.908,6
36.565,18.559,27.355,-18.695,25.312,749.992,-15.495,70.795,31.123,23.176,22.684,52.045,27
22.066,66.51,80.337,129.152,71.643,3269.466,-188.311,-142.708,70.821,65.658,26.567,-134.938,68
131.241,18.697,42.851,-5.187,38.769,4499.955,-84.659,1.044,46.682,31.321,21.513,-0.645,21
131.039,87.962,104.334,0.772,95.03,4544.893,-76.777,-3.54,75.568,88.252,26.244,-3.844,79
91.681,18.56,31.675,-44.293,30.09,1959.982,-13.556,64.154,40.494,26.183,21.14,46.59,30
73.484,81.49,104.792,-108.899,94.958,2692.797,-101.569,125.987,66.796,86.971,26.097,106.901,70
129.799,18.644,56.326,-8.072,46.605,5499.946,-107.795,0.659,58.667,35.932,23.173,-0.359,24
131.788,18.365,37.192,-3.805,34.75,3999.956,-68.03,1.104,42.442,28.832,24.716,-0.596,15
93.206,18.759,49.041,-92.499,39.452,3499.965,-104.884,77.165,38.417,31.919,22.099,66.891,20
124.475,29.609,44.442,-42.337,42.229,3499.965,-56.881,32.293,42.538,36.829,26.339,25.0,42
13.107,61.222,88.518,12.249,79.897,400.922,-26.468,-98.759,73.356,71.352,23.455,-74.07,62
34.851,29.769,88.643,-33.696,65.588,785.476,-42.629,130.354,52.436,49.785,24.961,98.19,79
131.993,18.801,28.258,-2.035,29.263,2999.967,-17.602,1.34,36.728,25.725,23.508,-0.566,14
13.703,18.213,38.977,-11.59,31.424,249.99,-43.512,132.619,26.565,26.384,22.542,103.835,13
40.721,24.09,93.621,-124.576,72.124,3499.963,-172.618,107.1,76.943,53.799,24.618,100.0,41
56.631,49.766,110.745,-95.16,91.234,1652.643,-80.72,189.287,76.052,75.29,25.174,150.845,48
120.708,18.662,48.557,-52.586,45.199,3103.973,-42.891,46.207,65.629,36.184,22.715,34.887,32
44.481,18.53,23.274,-5.676,23.151,899.993,-2.98,15.773,34.151,21.358,19.838,10.792,36
20.398,40.918,82.238,-128.466,69.815,3314.072,-203.76,121.372,72.079,58.772,27.185,117.557,54
8.759,18.527,102.914,-9.813,72.1,100.009,-122.971,242.424,41.76,52.571,22.395,206.438,2
83.11,18.754,49.703,-85.296,41.993,1999.973,-43.512,132.618,47.373,33.444,23.372,101.812,12
121.813,68.773,96.242,42.767,84.818,5062.375,-100.316,-28.969,72.248,76.749,25.799,-26.262,79
3.477,22.555,124.384,-130.72,91.538,3499.966,-222.629,114.739,90.773,63.33,22.4,112.026,23
29.542,18.701,97.022,-127.973,72.122,4229.956,-191.239,89.168,77.933,50.243,21.703,85.993,29
37.232,18.777,109.256,-124.172,82.11,5999.937,-184.597,56.538,92.249,54.752,23.93,54.447,31
63.144,18.917,45.809,-64.075,38.043,1499.984,-43.511,132.619,40.596,31.317,19.865,102.93,8
69.293,19.459,66.592,-111.7,52.905,2999.965,-124.336,113.154,57.99,39.452,22.786,99.923,14
130.899,18.321,28.693,-0.939,29.791,2749.969,-1.993,1.075,40.328,25.972,24.327,-0.78,20
8.195,18.171,63.422,-7.615,45.986,100.004,-79.94,188.412,31.967,36.614,22.805,155.448,18
4.157,18.21,19.792,1.498,19.278,100.009,-2.002,1.095,28.948,19.039,22.406,0.24,2
31.386,19.203,88.972,-127.516,67.142,4229.953,-189.836,89.232,75.102,45.986,23.172,85.716,29
131.802,18.994,104.897,-3.467,85.322,3499.966,-36.97,1.171,93.241,59.838,23.59,-0.4,26
4.011,18.961,49.748,-0.522,42.712,59.982,-2.982,15.774,28.379,36.668,19.53,10.88,36
4.12,18.327,19.847,1.474,19.467,100.026,-2.0,1.098,31.301,19.294,22.574,0.475,18
112.523,65.211,85.634,61.702,78.705,5162.428,-110.615,-40.668,77.745,71.137,26.092,-37.137,69
47.313,85.775,85.204,-0.883,84.42,999.994,-1.999,1.096,80.897,83.613,25.581,0.0,45
58.559,79.553,80.175,7.443,78.734,1315.121,-3.562,-15.47,67.867,78.706,26.385,-11.802,58
91.28,42.698,104.791,-87.265,91.76,4691.638,-121.619,48.192,73.817,75.474,27.091,43.945,74
115.224,28.925,74.686,62.274,60.792,4629.543,-100.621,-43.38,62.033,46.005,26.385,-38.954,53
76.678,49.94,79.177,-106.903,69.086,2257.604,-75.621,149.699,67.323,60.085,27.37,120.589,58
101.546,61.284,45.949,43.159,46.105,2307.604,-10.39,-52.689,54.763,49.253,26.187,-38.543,57
40.63,34.962,100.298,-123.733,72.653,2171.158,-159.197,189.811,63.549,56.091,24.787,169.983,55
23.316,91.053,122.188,-128.136,104.791,4595.598,-194.601,82.932,88.185,95.911,23.547,82.308,46
12.098,18.3,19.77,0.855,19.108,249.982,-2.001,1.097,24.226,18.877,22.653,0.114,13
38.474,18.976,78.831,-124.684,56.207,4499.957,-189.656,83.804,44.521,39.097,19.757,79.935,21
12.026,18.4,19.557,0.836,19.075,249.979,-2.001,1.098,23.415,18.801,22.562,0.087,13
50.009,18.69,21.966,-0.35,21.509,999.993,-2.003,1.096,29.397,19.851,23.255,0.184,5
129.44,50.287,77.161,-7.126,68.061,4663.501,-86.785,1.42,61.634,59.876,25.629,0.299,65
125.155,27.223,59.161,-39.971,52.576,4227.77,-80.102,23.773,61.61,42.777,26.385,18.973,58
5.852,54.881,76.452,-129.522,67.619,2656.717,-230.357,161.507,67.877,62.05,27.865,156.633,74
131.442,19.225,49.597,-5.427,45.268,4499.959,-81.753,1.042,63.144,35.447,22.251,-0.501,21
27.887,19.292,104.791,-128.116,79.464,4749.958,-192.182,77.798,86.342,53.931,23.173,75.132,27
15.341,18.72,113.904,-130.066,84.339,3999.955,-204.927,97.206,90.723,57.5,25.443,93.995,15
69.541,49.656,113.313,-109.608,93.024,1972.887,-73.39,182.412,73.531,76.201,25.155,144.295,48
104.873,35.798,74.817,76.195,61.992,5189.907,-122.911,-49.425,53.717,50.989,25.576,-45.727,78
21.297,18.697,27.573,-2.876,26.292,420.003,-2.979,15.775,45.747,24.209,22.394,10.751,30
52.541,32.121,82.528,-92.851,68.905,1548.592,-87.184,198.892,63.985,55.832,26.257,159.51,54
84.018,18.149,38.794,-84.268,32.967,1999.979,-43.513,132.617,29.979,26.385,23.31,102.454,12
119.673,33.917,61.164,-49.736,51.249,5096.828,-111.081,25.027,44.274,42.608,23.684,21.661,81
37.276,61.222,92.843,121.587,80.277,1983.842,-124.869,-228.753,68.553,70.9,23.19,-193.761,62
42.362,18.571,100.112,-123.591,77.069,5119.95,-178.281,67.943,88.586,52.574,23.521,64.952,31
108.617,81.483,89.302,-50.913,86.92,2426.724,-11.771,58.796,83.486,83.958,28.437,41.006,58
56.324,18.565,28.844,-76.785,23.589,1449.984,-65.982,172.999,28.4,21.192,21.244,139.963,30
75.725,91.331,110.814,-101.657,98.349,4700.163,-140.582,61.793,76.367,93.025,27.044,56.9,76
124.435,29.601,44.906,-42.255,42.716,3499.969,-56.931,32.284,42.508,36.911,26.336,25.0,42
131.802,18.822,37.677,-3.847,35.227,3999.957,-67.855,1.104,43.72,29.162,24.264,-0.597,15
69.431,19.147,65.704,-111.63,52.587,2999.982,-124.35,113.248,56.028,39.449,22.423,100.023,14
131.182,19.297,56.781,-6.533,49.306,4999.947,-95.671,0.994,63.214,37.856,23.537,-0.423,17
122.605,49.901,62.689,-47.149,58.904,3999.964,-76.165,31.177,54.109,54.147,24.057,25.0,44
93.246,18.438,46.515,-92.479,39.4,3499.963,-104.95,77.181,37.126,31.339,21.78,66.961,20
11.215,15.658,47.271,-130.541,32.284,3499.984,-226.64,120.207,29.263,23.326,19.851,118.173,26
12.465,18.767,76.121,-130.851,45.891,1799.979,-241.101,268.836,37.971,31.32,20.042,253.391,36
40.766,24.492,93.448,-124.598,72.122,3499.968,-172.682,107.145,76.422,53.808,24.08,100.0,41
53.885,65.01,112.837,-120.174,95.08,3299.958,-147.605,109.838,87.421,81.155,27.898,97.946,20
32.214,81.487,104.812,-43.739,97.18,819.148,-62.919,167.77,87.147,90.074,28.007,130.4,58
17.33,18.947,113.211,-129.915,84.23,4499.956,-201.691,84.426,89.608,56.484,23.311,81.846,20
90.98,77.703,90.085,94.094,84.267,4266.001,-114.344,-72.592,68.092,80.282,23.495,-65.245,71
7.668,18.786,38.762,-5.404,31.336,99.986,-43.512,132.618,28.235,26.38,21.46,103.502,3
119.542,65.115,80.257,8.156,76.661,2636.329,-3.115,-7.816,79.64,71.8,26.004,-6.361,69
88.379,56.105,75.14,97.456,68.829,4168.027,-116.707,-76.521,63.984,62.101,27.999,-68.822,58
28.288,24.881,38.56,-90.019,27.238,1163.237,-161.375,295.244,26.939,24.704,23.15,244.851,71
100.185,19.008,60.531,-84.834,49.277,3334.043,-84.594,71.974,62.12,37.271,27.44,59.933,61
111.01,18.646,52.636,-68.991,43.606,4749.95,-113.384,39.528,46.807,33.46,24.595,34.584,20
24.221,50.962,85.19,-7.261,75.544,499.97,-6.371,36.936,89.219,63.953,23.525,25.0,41
23.607,24.031,113.643,-55.141,82.503,755.655,-130.828,252.746,64.236,60.516,25.962,209.153,50
29.137,64.742,71.072,-11.149,68.228,599.984,-9.126,50.766,64.846,65.588,26.359,35.318,20
84.262,18.059,29.02,-84.046,25.265,1999.981,-43.511,132.617,26.104,21.875,23.43,102.604,12
4.094,18.167,19.846,1.52,19.46,100.005,-2.0,1.096,30.861,19.179,21.781,0.249,2
49.838,19.22,22.527,-0.305,22.286,999.995,-2.002,1.097,32.316,19.862,23.338,0.133,5
11.351,20.566,94.899,-130.659,65.586,3499.971,-222.3,118.935,43.506,45.796,21.504,116.013,23
96.736,18.96,27.009,-0.767,27.705,1999.979,-2.002,1.098,40.017,24.81,23.351,-0.133,12
57.84,58.26,96.287,-116.256,84.756,4861.964,-163.682,68.057,75.294,72.122,26.385,64.803,76
7.663,18.819,38.839,-5.409,31.339,99.985,-43.511,132.618,28.692,26.384,22.016,103.499,3
4.732,18.57,27.791,-1.518,25.993,59.933,-8.773,49.414,67.457,23.588,21.856,35.273,29
123.594,66.377,93.303,44.789,87.077,3942.783,-65.638,-35.145,86.283,78.848,29.548,-29.861,58
12.082,18.457,19.663,0.813,19.091,249.977,-2.0,1.099,23.784,18.983,22.626,0.103,13
19.575,23.671,88.588,-49.086,65.541,634.691,-144.768,272.021,60.903,49.38,26.336,225.547,50
4.168,18.667,19.24,1.432,18.627,100.0,-2.0,1.097,22.781,18.612,22.382,0.173,3
6.493,64.554,63.037,1.346,62.17,149.952,-2.0,1.099,58.487,62.267,26.389,0.433,20
29.136,18.575,104.554,-127.837,78.707,4749.959,-191.59,77.847,83.406,53.28,22.547,75.213,31
108.464,72.587,102.028,72.724,90.633,5010.123,-110.793,-48.404,75.735,82.09,26.384,-43.991,74
4.109,18.681,19.849,1.494,19.501,100.012,-2.001,1.097,29.59,19.294,22.26,0.257,2
49.696,19.28,23.324,-0.253,23.168,999.99,-2.002,1.097,34.525,21.476,23.207,0.078,5
116.814,50.285,78.724,59.252,69.456,5355.832,-112.652,-37.229,67.366,60.04,25.592,-34.108,49
76.072,18.493,90.38,-104.564,70.538,5999.938,-155.995,46.928,81.759,48.331,23.929,43.341,4
58.716,18.759,26.384,-7.585,26.19,1199.994,-2.981,15.773,38.23,23.613,19.851,10.877,36
78.815,27.323,58.053,-105.457,48.66,2377.681,-79.662,138.811,58.873,39.452,26.104,112.75,67
100.238,18.636,34.086,-80.608,29.973,5969.941,-141.844,35.49,61.456,23.462,22.16,32.828,29
101.725,65.597,95.027,-82.664,85.007,2605.546,-42.683,95.337,77.723,76.711,26.264,72.662,51
55.973,49.833,79.299,-3.754,70.583,1181.777,-3.033,8.219,70.03,61.976,27.751,4.879,53
43.506,18.998,42.793,-43.008,34.996,1000.0,-43.512,132.617,36.373,29.179,21.06,103.121,5
74.21,18.741,53.096,-105.191,39.449,5749.946,-164.622,51.514,39.917,28.323,21.468,48.635,27
6.427,64.739,63.981,1.351,62.684,149.921,-2.0,1.1,60.269,62.68,26.383,0.454,20
18.759,34.508,91.543,-129.383,71.122,4499.968,-205.948,86.27,67.803,54.159,23.326,88.402,43
28.623,19.885,97.166,-128.139,71.909,4149.96,-193.792,92.2,70.884,49.857,22.003,88.717,29
15.676,18.865,19.851,-2.118,19.851,299.983,-2.979,15.773,29.542,19.658,19.851,10.765,36
94.714,28.212,50.747,-22.139,45.996,2004.647,-4.714,29.086,64.501,39.485,25.298,19.36,75
102.925,29.772,41.852,-81.818,38.916,2499.988,-41.459,99.179,37.238,34.512,23.587,75.0,44
15.666,18.874,22.468,-2.104,19.986,299.992,-2.98,15.775,30.857,19.851,19.806,10.741,36
111.363,18.629,37.269,-68.234,32.915,4749.948,-114.661,39.419,38.95,26.308,23.652,34.52,20
126.118,34.605,72.138,35.644,64.008,4287.976,-79.072,-26.408,66.07,52.571,25.468,-23.324,55
12.064,18.762,19.732,0.835,19.124,250.004,-1.999,1.099,23.491,19.093,22.407,0.084,13
105.5,65.714,116.995,-71.025,97.285,5426.225,-122.987,34.723,78.625,82.203,26.696,31.708,51
87.707,18.951,71.897,-95.995,56.635,4999.938,-138.313,53.378,62.58,39.461,21.837,48.335,6
58.847,18.534,23.623,-7.569,23.359,1199.994,-2.98,15.773,33.642,21.941,19.852,10.875,36
113.326,19.67,59.893,50.318,49.631,3991.327,-86.08,-41.064,55.97,37.799,26.377,-35.78,53
19.919,64.139,74.827,-22.312,66.476,433.453,-55.944,155.502,63.706,64.474,23.904,119.73,71
24.427,18.215,26.489,0.235,26.034,499.986,-2.002,1.096,51.731,23.527,25.228,-0.045,4
58.377,19.268,100.293,-115.531,78.451,5999.938,-167.588,52.28,92.204,52.59,24.627,49.041,19
92.085,49.834,71.531,-91.951,64.974,4713.946,-128.142,54.09,64.97,57.513,24.814,49.513,48
84.068,49.816,89.604,101.256,79.188,2348.902,-42.477,-136.498,78.622,67.499,26.242,-104.792,49
108.418,17.204,64.248,-74.349,56.111,3637.69,-81.845,55.399,71.167,42.833,26.384,45.863,59
10.029,18.343,79.36,-11.731,57.498,149.998,-99.216,216.05,30.504,43.324,20.314,181.584,30
119.372,61.396,87.934,48.522,75.406,4885.22,-100.676,-33.802,63.009,65.606,23.229,-30.618,62
93.908,86.005,108.343,-91.075,98.257,4499.964,-116.081,55.951,85.261,90.998,24.902,50.0,45
118.255,72.58,110.002,52.26,95.636,2779.208,-12.49,-53.122,73.913,84.665,26.377,-39.247,74
83.125,18.083,49.711,-85.308,42.065,1999.979,-43.513,132.617,46.832,33.422,23.246,101.898,12
107.377,86.192,92.337,-75.629,87.899,3499.975,-75.37,61.14,71.386,85.106,24.817,50.0,45
118.403,91.069,112.153,-55.787,102.882,5040.174,-99.26,28.174,93.533,95.119,26.384,23.799,56
131.499,91.062,97.933,-4.665,95.02,3999.966,-57.317,1.113,83.194,91.286,24.942,0.0,44
67.537,18.457,65.987,113.532,52.941,2499.97,-91.726,-149.38,55.749,39.452,25.9,-127.699,6
9.98,19.178,122.485,-130.021,91.623,5499.945,-203.064,65.665,107.506,60.631,22.108,64.121,24
115.543,70.324,70.5,-57.731,67.267,5120.447,-112.469,29.753,59.293,65.707,26.384,26.2,79
39.887,81.49,117.429,-124.112,98.174,3779.674,-176.643,101.044,68.858,88.894,26.105,95.446,70
73.443,18.888,25.772,-0.573,25.779,1499.984,-1.999,1.098,38.006,23.476,23.216,0.081,8
130.264,49.82,70.994,18.718,67.23,3159.817,-24.754,-17.511,75.314,60.0,25.755,-14.058,48
131.782,18.184,37.869,-3.904,35.454,3999.957,-67.773,1.104,44.168,29.495,24.544,-0.553,15
85.064,30.64,104.791,-99.728,90.559,4999.939,-134.32,54.126,93.441,70.574,26.366,48.28,6
39.324,49.899,84.329,-123.648,74.368,2694.124,-166.672,145.376,77.485,63.47,23.509,133.5,47
8.744,18.429,103.059,-9.812,72.12,99.988,-122.973,242.424,44.34,52.58,23.065,206.305,2
11.959,18.446,26.865,0.822,26.114,249.953,-2.001,1.099,62.269,23.729,25.353,0.143,6
97.35,73.87,98.272,-66.752,89.218,2259.059,-22.266,86.461,80.204,81.344,26.233,62.617,69
93.08,48.875,69.233,-27.156,65.571,1999.987,-6.374,36.937,66.041,59.432,25.661,25.0,42
22.654,54.966,120.828,-129.373,96.157,3890.895,-196.467,100.049,82.989,77.011,27.997,98.751,74
94.656,52.157,56.852,77.127,48.807,2405.182,-31.624,-98.763,39.496,45.78,25.183,-75.247,65
103.951,80.132,97.051,-64.067,88.583,2402.979,-20.918,77.754,71.435,81.976,27.103,56.132,74
12.065,18.255,19.727,0.811,19.128,249.997,-2.0,1.098,23.681,18.995,23.153,0.096,13
29.183,64.832,67.119,-11.165,65.232,599.985,-9.125,50.765,62.318,64.191,27.445,35.428,20
12.864,32.811,65.607,5.173,52.57,276.735,-4.475,-9.391,43.456,43.142,23.157,-7.767,71
107.611,70.538,82.91,-75.31,78.707,3499.965,-76.789,60.987,65.574,72.122,25.41,50.0,42
97.226,18.877,25.142,-0.423,25.647,1999.978,-2.0,1.098,33.256,23.279,23.18,-0.088,12
25.008,18.42,27.984,-12.815,25.873,499.997,-15.496,70.795,49.033,23.289,25.817,51.647,6
33.981,19.175,112.758,-125.535,85.629,5999.939,-184.462,56.507,101.727,57.365,23.545,54.588,31
129.743,18.388,56.703,-8.081,48.437,5499.947,-107.527,0.64,60.286,36.208,24.13,-0.228,24
12.12,18.12,19.831,0.765,19.288,249.984,-2.0,1.099,25.147,19.074,23.179,0.096,13
128.732,81.489,89.304,26.602,86.415,3423.208,-37.723,-23.628,80.246,82.905,29.018,-19.172,58
119.107,19.692,64.305,-52.24,52.571,5749.951,-122.207,22.513,57.676,38.109,19.851,19.892,29
86.164,65.014,104.791,-98.768,92.538,4999.943,-132.281,54.213,92.927,79.395,27.992,47.538,6
93.24,19.151,52.571,-92.809,45.465,2249.973,-40.162,126.115,62.705,35.786,24.82,95.369,27
2.865,19.073,123.368,-130.992,90.134,3499.974,-224.701,114.967,86.354,60.824,21.511,112.668,26
131.192,18.15,54.691,-6.519,45.986,4999.948,-95.241,0.985,61.671,36.288,24.565,-0.339,17
31.361,18.381,41.825,-40.383,31.421,749.992,-65.981,173.0,26.515,25.862,24.267,140.015,16
93.058,18.35,78.728,-1.344,67.119,1999.982,-2.001,1.098,92.307,50.346,24.268,-0.333,4
67.686,18.579,65.361,113.49,52.571,2499.975,-91.714,-149.383,54.367,39.401,25.831,-127.726,6
128.511,22.524,79.298,-9.849,65.647,4600.446,-85.699,3.11,67.457,49.524,25.698,1.607,65
131.393,19.186,56.426,-5.348,50.923,4499.957,-80.374,1.035,70.945,39.097,22.302,-0.498,21
75.207,34.369,75.842,-27.757,65.468,1608.748,-8.627,46.64,65.544,53.973,25.779,32.067,55
4.787,18.49,26.324,-1.523,24.798,60.007,-9.126,50.765,53.335,23.081,22.426,36.566,27
32.435,18.847,101.086,-126.999,75.444,4749.962,-190.142,77.912,74.834,52.145,22.089,75.11,31
64.105,68.831,103.36,112.922,90.244,5038.306,-152.241,-77.834,81.091,78.875,26.253,-73.204,79
52.295,19.385,45.985,-56.103,39.452,1249.156,-45.536,138.34,55.196,33.152,26.384,104.631,53
81.766,39.604,62.855,37.289,56.204,1859.593,-11.003,-57.524,46.081,49.198,25.402,-42.132,60
21.674,55.022,124.419,-129.424,98.281,3890.892,-196.859,100.026,86.137,78.847,28.016,98.751,74
24.596,18.235,65.655,-13.054,55.386,499.99,-15.496,70.795,74.123,43.802,26.367,50.802,6
130.649,24.771,79.833,0.324,65.625,3041.895,-18.068,-1.079,66.58,50.393,25.688,-1.673,65
63.413,29.589,39.421,-63.593,35.068,1499.99,-43.512,132.618,29.512,31.943,25.285,100.0,42
95.866,50.518,38.961,-83.042,38.142,2249.978,-35.464,114.424,40.198,38.694,25.239,85.868,20
23.873,49.957,125.238,-48.742,97.294,706.533,-114.218,231.855,73.078,78.674,26.231,190.353,49
130.024,18.616,70.265,-8.458,60.594,5499.946,-101.954,0.751,88.212,44.611,25.637,-0.154,24
23.665,18.525,39.452,-21.994,32.357,499.979,-43.511,132.618,32.247,26.921,22.652,103.388,7
34.658,53.747,108.603,58.25,95.043,1161.716,-60.378,-168.866,83.768,79.019,26.597,-132.997,56
93.384,65.03,83.567,-83.895,77.055,2249.975,-35.428,114.394,66.903,71.086,26.51,84.062,20
37.946,18.761,32.964,-18.823,31.307,794.985,-13.555,64.154,68.923,26.377,22.592,46.12,29
31.126,19.194,58.471,-40.754,44.597,749.991,-65.98,172.999,43.077,35.157,24.471,139.265,16
75.124,18.701,58.209,-108.06,45.986,2569.968,-99.91,130.172,50.144,36.088,22.624,110.738,32
10.014,18.428,76.802,-11.681,55.831,149.984,-99.215,216.05,28.542,41.777,19.851,181.412,30
63.078,19.344,45.985,-64.353,38.969,1499.98,-43.512,132.617,44.217,31.633,24.03,102.864,8
4.085,20.706,113.927,-131.06,80.292,3499.974,-229.31,118.406,61.7,55.809,22.165,115.934,23
97.232,18.703,25.139,-0.414,25.636,1999.982,-2.001,1.097,32.828,23.266,23.217,-0.088,12
76.745,18.451,88.219,-103.715,68.194,5999.925,-156.515,46.864,76.846,45.986,23.477,43.368,4
119.415,18.353,27.947,-0.848,28.651,2499.974,-2.0,1.099,39.594,25.294,25.679,-0.789,9
4.196,18.59,19.851,1.428,19.764,100.0,-1.999,1.093,27.373,19.357,22.031,0.206,3
46.073,78.998,97.745,121.292,90.375,3477.995,-153.003,-121.424,75.476,84.463,25.709,-111.935,69
7.639,18.926,26.274,-5.385,21.352,99.974,-43.512,132.618,24.821,19.795,21.614,103.703,3
8.943,23.874,110.41,-9.945,82.0,108.056,-111.765,229.772,63.763,59.985,26.384,188.229,50
93.258,18.599,52.571,-92.745,45.187,2249.978,-40.165,126.118,61.826,35.544,24.44,95.418,27
35.313,50.34,79.263,126.35,69.796,2902.298,-163.903,-154.48,61.422,61.245,25.641,-142.112,65
4.196,18.389,19.529,1.445,19.038,99.997,-2.001,1.099,26.364,18.816,22.516,0.458,18
131.668,23.065,37.903,-2.986,37.387,3499.964,-44.844,1.171,50.717,32.237,23.177,-0.56,23
18.783,18.48,120.607,-129.205,90.521,5749.941,-195.866,61.921,105.409,59.857,24.85,60.099,20
128.149,67.477,99.745,29.588,90.872,3758.458,-53.005,-24.261,88.108,80.883,28.535,-20.38,58
86.19,18.084,52.276,-99.76,42.79,2499.979,-75.76,123.408,41.046,33.391,23.621,100.746,9
10.46,19.565,122.954,-129.244,92.548,5499.949,-201.4,64.903,111.915,61.651,23.027,63.315,24
55.28,61.222,104.791,118.183,88.768,4359.895,-156.85,-93.984,70.457,75.734,24.985,-87.968,73
27.397,27.629,77.538,-128.108,61.489,3452.175,-195.607,116.586,63.12,45.986,26.122,111.354,67
9.353,18.132,44.125,11.403,36.511,327.895,-39.205,-127.204,47.818,29.726,23.486,-97.075,11
73.913,50.519,88.436,67.461,75.98,1949.887,-32.289,-107.373,68.287,65.069,25.326,-81.366,64
83.089,19.272,49.487,-85.277,41.744,1999.979,-43.509,132.617,47.188,33.084,25.233,101.668,4
50.563,21.713,111.155,-121.405,90.083,3299.962,-152.855,109.192,91.08,65.633,26.385,99.66,20
10.102,19.719,122.921,-129.382,92.964,5499.958,-201.357,64.837,113.001,61.712,25.227,63.274,24
122.637,70.545,81.213,-47.331,76.626,3999.961,-73.903,31.259,61.041,72.122,25.095,25.0,42
131.801,18.235,37.344,-3.855,34.944,3999.958,-68.014,1.105,42.523,28.895,24.355,-0.581,15
29.107,64.983,75.894,-11.162,71.978,600.008,-9.129,50.766,66.059,68.882,26.849,35.325,20
130.774,19.297,49.578,-6.241,43.121,4999.948,-96.921,0.806,52.274,33.644,24.657,-0.466,17
29.184,33.929,124.935,-70.182,93.563,988.318,-126.095,247.141,72.996,70.457,27.32,204.069,56
126.678,75.15,83.684,-5.876,78.707,2837.961,-7.007,5.372,74.48,72.122,27.106,3.168,68
119.018,39.484,64.764,54.227,57.46,4877.086,-101.919,-36.541,64.689,47.543,26.454,-33.027,61
4.202,18.377,19.571,1.449,19.04,99.988,-2.0,1.098,25.982,18.822,23.042,0.453,18
116.301,61.222,86.67,-59.255,76.471,3248.011,-52.392,50.94,71.332,68.896,23.482,39.775,62
110.923,37.309,54.71,-17.502,54.014,2346.85,-3.542,19.964,59.33,49.395,26.403,12.947,56
12.074,18.433,19.63,0.802,19.065,250.006,-2.0,1.099,23.8,18.995,23.153,0.103,13
21.281,49.823,62.185,-17.009,58.169,445.981,-33.167,109.186,70.058,54.218,25.864,80.681,49
4.116,18.68,23.53,1.555,23.058,99.996,-2.0,1.095,39.817,21.444,22.435,0.283,2
83.595,18.671,45.986,-84.721,39.198,1999.983,-43.512,132.617,37.439,31.501,23.28,102.175,12
8.167,18.582,63.732,-7.624,45.986,99.959,-79.941,188.412,35.501,37.021,22.323,155.194,18
129.721,18.601,57.25,-8.199,49.077,5499.946,-107.488,0.633,60.726,36.404,23.329,-0.288,24
41.425,71.706,102.247,-124.351,85.215,2403.557,-157.427,169.274,77.148,78.434,27.988,152.601,53
86.212,65.065,104.791,-98.489,92.065,4999.951,-132.89,54.108,90.807,79.0,25.95,47.611,6
86.283,64.976,104.791,-98.555,92.336,4999.945,-132.24,54.15,91.752,79.192,27.254,47.448,6
59.864,18.161,60.522,-113.376,44.409,5875.536,-176.842,55.148,46.542,31.348,22.964,53.012,11
116.748,56.105,69.661,61.339,65.602,2934.849,-28.254,-60.496,65.256,62.736,26.368,-46.157,70
4.125,18.258,19.657,1.519,19.092,100.007,-2.0,1.094,25.566,18.914,21.121,0.242,2
119.425,18.352,26.437,-0.783,27.998,2499.975,-2.001,1.097,36.599,24.844,25.875,-0.863,9
85.839,18.398,52.928,-100.037,44.164,2499.978,-75.658,123.434,46.388,34.387,24.742,100.699,9
16.468,40.231,104.791,-129.502,82.003,4999.966,-205.124,75.85,77.953,61.386,23.152,75.0,41
9.282,29.579,38.929,50.89,32.425,749.951,-140.574,-276.936,28.513,30.371,24.968,-231.996,64
70.084,49.899,83.728,-111.027,71.344,2644.4,-107.679,129.77,67.563,61.597,27.296,111.133,58
127.904,50.529,85.113,22.902,72.12,4444.496,-80.521,-17.768,65.808,60.698,25.761,-15.987,65
31.158,34.91,28.017,16.094,26.448,734.299,-12.131,-64.669,27.897,28.0,24.582,-47.278,57
85.459,18.617,54.245,-100.407,45.312,2499.97,-75.756,123.384,51.005,35.216,25.249,100.547,9
60.664,28.205,78.646,116.294,59.561,4338.096,-154.38,-91.89,49.33,45.344,25.716,-85.871,76
25.313,19.638,104.791,-128.838,75.181,2249.988,-199.463,193.118,50.773,52.564,19.851,181.959,32
36.991,18.325,22.117,-0.287,21.629,749.988,-1.999,1.096,33.05,19.851,23.692,0.192,16
4.853,24.478,71.056,23.516,56.982,400.535,-101.957,-230.973,65.916,43.612,25.785,-189.477,65
13.687,18.131,39.398,-11.64,31.779,249.994,-43.511,132.618,31.429,26.393,22.968,103.677,13
88.168,18.104,70.556,-95.339,55.778,4999.943,-138.981,53.291,59.069,39.452,23.126,48.512,6
51.43,18.319,52.564,-58.973,42.746,1249.991,-50.731,146.704,53.019,33.637,24.841,115.041,20
125.289,70.15,110.329,-9.113,95.054,4262.872,-72.783,3.142,87.246,82.231,28.679,2.463,53
8.16,18.332,63.882,-7.613,45.986,100.009,-79.941,188.412,36.789,37.089,22.687,155.127,18
67.399,49.811,100.279,-112.6,83.471,1999.973,-82.171,186.594,69.883,69.527,25.362,150.0,42
131.438,91.04,95.055,-4.591,92.269,3999.962,-57.794,1.11,81.213,89.998,25.108,0.0,44
63.393,18.51,44.972,-64.06,37.187,1499.984,-43.513,132.617,36.652,30.401,21.439,103.122,8
36.612,79.79,122.297,86.216,97.374,1467.381,-88.931,-213.981,70.194,84.833,27.154,-173.663,60
69.37,18.618,66.862,-111.764,53.176,2999.973,-124.27,113.112,58.677,39.452,23.48,99.868,14
1.972,70.211,114.056,34.857,96.372,529.483,-145.35,-282.528,88.533,83.591,27.986,-237.089,61
89.821,19.05,60.865,-95.161,50.938,3999.969,-118.232,66.974,63.108,38.053,22.957,59.429,31
42.529,57.998,79.878,93.813,69.468,1607.584,-86.186,-209.279,64.479,63.48,27.358,-169.501,61
125.077,70.588,104.791,-33.154,95.026,5177.539,-97.377,14.312,88.306,83.153,27.527,11.626,61
23.652,18.596,39.452,-21.988,32.294,500.007,-43.513,132.618,32.254,26.551,23.074,103.354,7
58.818,29.892,63.914,-75.898,53.326,1499.987,-58.915,161.746,50.397,44.549,24.127,125.0,44
74.303,19.378,50.853,78.826,43.438,1980.076,-39.186,-124.163,54.55,34.546,26.273,-95.033,53
48.232,66.927,67.217,-0.783,65.775,999.999,-2.003,1.099,68.08,65.588,24.795,0.0,45
127.928,91.075,113.954,-22.048,104.305,5511.068,-99.301,7.579,93.688,96.666,26.384,6.02,56
4.163,19.058,19.328,1.503,18.78,99.992,-2.002,1.096,23.202,18.805,22.006,0.181,3
69.072,15.491,65.59,111.883,53.711,2217.124,-69.176,-167.602,61.191,39.452,26.377,-134.094,79
109.057,61.222,88.342,71.223,77.118,5168.227,-114.885,-45.836,69.205,68.908,23.439,-41.986,62
8.747,18.492,103.005,-9.811,72.122,100.006,-122.972,242.425,43.196,52.578,22.65,206.36,2
100.616,28.242,49.872,-70.194,45.986,2270.598,-23.026,90.286,63.73,39.458,25.79,65.219,57
10.03,18.451,78.731,-11.723,57.472,149.997,-99.216,216.05,30.628,43.247,21.075,181.552,30
113.262,29.631,58.626,66.833,50.946,3450.799,-66.598,-59.282,43.262,42.773,25.576,-49.294,69
77.462,39.494,49.043,-56.974,45.986,1755.498,-26.078,96.047,54.869,43.267,26.389,69.839,56
41.468,33.127,101.782,-100.697,75.501,1474.234,-122.615,239.667,63.986,56.694,26.365,197.975,54
82.893,39.382,49.687,-44.272,45.986,1806.405,-15.273,69.846,54.744,44.381,26.404,49.301,56
98.002,39.664,70.654,58.24,61.006,2293.382,-16.112,-74.32,51.687,52.525,25.936,-54.759,60
57.023,76.409,85.484,118.177,75.351,4490.705,-157.495,-91.541,62.439,70.006,25.26,-85.848,79
48.899,50.582,58.368,-5.882,55.06,1037.127,-5.009,13.591,53.981,52.572,25.625,8.484,78
61.401,29.425,69.58,-9.823,58.404,1748.611,-65.949,55.211,62.543,45.986,26.385,42.602,53
72.91,18.546,29.029,-9.469,28.015,1499.988,-2.979,15.774,40.654,25.021,19.857,10.832,36
129.774,18.648,56.417,-8.205,47.256,5499.945,-107.708,0.654,59.276,36.029,23.181,-0.352,24
116.141,32.902,83.379,58.951,68.867,4098.548,-83.699,-45.239,67.155,52.981,26.385,-39.473,54
89.011,68.158,97.208,-49.772,85.777,2827.156,-64.582,47.508,71.803,75.987,24.645,42.915,75
69.541,18.621,65.586,-111.592,52.571,2999.982,-124.435,113.218,55.259,39.203,22.819,100.018,14
-2.332,18.627,116.614,-130.877,81.627,3499.983,-238.558,118.491,60.791,54.736,19.868,116.926,26
85.666,19.235,53.509,-100.205,44.461,2499.972,-75.705,123.405,48.771,34.587,24.945,100.573,9
43.425,19.366,43.006,-43.069,35.455,999.986,-43.511,132.619,38.393,29.365,22.566,103.063,5
78.778,26.665,87.367,-60.614,72.122,1808.356,-26.652,97.698,70.723,55.893,27.822,71.122,58
128.239,18.098,62.957,-8.634,52.571,5999.936,-117.118,0.247,60.851,37.946,23.473,-0.588,4
7.682,19.304,37.935,-5.388,30.038,99.991,-43.511,132.617,26.093,26.0,22.055,103.583,3
123.801,54.86,85.138,-43.584,77.042,2926.067,-24.14,41.558,72.268,68.906,27.932,30.18,74
24.186,73.821,70.136,-7.19,67.177,499.995,-6.369,36.937,84.03,66.195,23.807,25.0,41
63.452,18.615,44.532,-63.918,36.698,1499.991,-43.512,132.618,35.302,29.967,21.289,103.151,8
43.178,28.944,66.963,-31.906,58.142,960.469,-29.048,99.056,65.781,45.986,26.487,72.82,53
4.694,18.533,26.397,-1.819,23.879,49.986,-15.496,70.795,33.253,22.356,21.368,52.447,30
97.104,18.358,25.017,-0.549,25.552,1999.978,-2.0,1.098,32.684,23.182,23.275,-0.117,12
31.013,19.006,59.001,-40.834,45.281,749.997,-65.981,173.0,46.635,35.611,24.182,139.111,16
123.154,30.916,67.123,-40.777,56.256,5091.643,-105.604,19.542,57.678,44.973,25.712,16.49,76
89.569,18.769,61.645,-95.502,51.87,3999.964,-118.06,67.043,65.781,38.758,22.705,59.527,31
23.649,18.487,39.579,-22.063,32.931,499.983,-43.51,132.617,35.665,27.541,23.365,103.261,7
8.158,18.908,63.966,-7.614,45.986,100.011,-79.941,188.412,36.788,37.034,22.351,155.119,18
50.004,18.192,22.263,-0.334,21.789,999.989,-2.0,1.097,28.951,19.851,22.464,0.193,5
5.181,19.322,121.065,-130.566,89.285,3499.968,-219.444,113.709,93.785,60.611,23.443,111.157,26
117.551,56.105,62.671,44.479,62.089,2656.913,-8.648,-46.175,61.086,59.35,28.933,-33.751,58
108.943,18.54,53.22,-74.031,45.986,3749.965,-87.187,53.92,60.073,36.05,24.065,45.075,27
67.241,19.462,67.901,113.708,54.166,2499.977,-91.753,-149.372,59.89,39.484,26.28,-127.563,6
8.741,18.43,92.867,-9.745,63.908,99.996,-122.972,242.424,27.736,45.984,21.736,207.288,2
46.454,25.232,54.27,-121.052,48.594,3441.928,-167.576,107.206,59.689,39.452,26.354,100.957,60
29.037,29.259,64.415,-21.988,56.154,624.869,-32.742,107.446,65.369,45.986,26.386,79.76,53
24.906,18.596,29.319,-12.864,26.398,500.002,-15.496,70.794,55.025,24.044,25.828,51.455,6
95.73,19.19,49.587,-90.13,42.739,3403.966,-96.577,76.253,48.608,33.326,22.481,65.019,32
31.023,18.674,58.846,-40.785,45.376,749.99,-65.981,172.999,46.912,35.589,24.596,139.09,16
46.801,30.637,89.849,121.412,71.596,4098.292,-162.813,-101.645,77.663,54.267,26.384,-95.429,74
131.755,18.227,39.472,-3.933,38.268,3999.958,-66.353,1.098,54.125,31.31,24.32,-0.556,15
32.07,90.82,91.316,8.747,88.998,748.213,-4.018,-31.809,70.079,87.58,26.263,-23.258,63
102.882,61.31,82.102,-39.342,76.979,2261.719,-9.532,49.213,81.201,70.534,27.789,34.084,68
76.367,30.628,71.746,67.621,62.472,1949.43,-29.456,-105.093,68.624,50.678,26.385,-79.182,68
27.517,18.942,104.791,-127.998,79.772,4499.956,-190.981,82.466,90.952,54.847,22.969,79.222,21
97.206,18.939,25.025,-0.511,25.653,1999.979,-2.0,1.097,32.72,23.273,23.436,-0.084,12
27.389,19.251,104.791,-128.071,79.569,4499.955,-191.197,82.743,89.258,55.034,21.803,79.362,21
34.243,19.544,98.243,-126.556,72.122,4749.961,-189.423,77.933,70.071,50.388,22.274,75.03,31
5.605,19.287,121.126,-130.584,89.319,3499.968,-218.589,113.487,94.816,60.691,23.184,110.914,26
119.638,18.722,26.385,-0.706,27.756,2499.971,-2.001,1.097,35.643,24.807,26.366,-0.822,9
8.397,21.755,76.659,-8.568,45.318,59.972,-166.065,301.704,22.106,31.668,19.083,260.443,36
131.396,18.737,44.406,-5.306,39.452,4499.959,-83.845,1.055,51.079,32.101,22.42,-0.594,21
12.081,18.729,19.723,0.808,19.202,249.981,-2.001,1.096,23.586,19.123,23.121,0.087,13
36.573,18.414,48.892,-18.646,40.156,749.991,-15.495,70.796,31.156,34.503,21.046,51.992,27
87.096,18.206,72.122,-96.438,58.404,4999.947,-137.923,53.463,68.135,42.329,24.14,48.463,6
30.813,40.949,79.354,68.361,67.134,1186.963,-82.226,-203.631,72.63,56.395,26.45,-164.303,54
3.914,23.455,110.677,-130.849,81.196,2704.778,-234.968,157.243,70.671,58.269,26.387,157.263,56
13.686,18.372,19.767,-11.527,18.356,250.001,-43.509,132.608,21.095,18.453,23.076,104.009,13
66.257,49.869,83.752,113.834,74.598,2363.233,-81.278,-160.828,74.778,64.272,26.169,-131.763,49
73.787,18.821,56.018,-105.355,42.42,5749.946,-164.627,51.498,41.224,29.747,20.559,48.669,27
46.827,85.815,88.657,-1.002,86.805,999.975,-1.996,1.097,83.474,85.087,25.434,0.0,45
123.953,68.111,84.627,40.918,75.433,4976.141,-99.47,-28.299,55.322,69.266,23.934,-25.597,75
35.755,50.794,54.99,-21.434,52.588,751.425,-19.951,83.166,40.819,50.913,25.17,59.581,65
78.745,54.202,80.006,-104.285,72.128,2589.132,-89.332,125.121,67.153,65.222,26.385,104.222,68
-2.707,45.881,98.171,5.453,77.993,124.418,-98.11,-224.633,75.269,62.872,27.676,-183.825,74
132.005,18.712,29.882,-2.112,30.473,2999.968,-17.068,1.341,41.576,26.352,23.703,-0.58,14
12.087,18.757,19.807,0.777,19.165,249.993,-2.001,1.096,24.918,18.945,23.144,0.099,13
51.238,49.884,88.611,121.442,75.619,2143.153,-101.957,-199.635,69.368,64.398,25.574,-166.528,48
43.907,61.222,88.331,-57.734,72.105,1120.802,-60.552,164.1,64.895,64.798,24.811,127.136,73
24.207,65.52,72.122,-7.217,67.761,499.973,-6.37,36.937,86.069,64.179,24.009,25.0,41
7.674,19.341,38.751,-5.399,31.334,100.042,-43.512,132.618,27.802,26.385,21.669,103.508,3
12.127,18.519,19.684,0.851,19.104,250.005,-2.0,1.099,24.16,18.985,23.016,0.112,13
12.141,18.378,19.825,0.768,19.199,249.979,-2.001,1.098,25.583,19.061,22.552,0.11,13
82.44,76.413,100.007,-95.632,87.514,4423.385,-129.822,60.894,72.324,80.312,24.205,55.592,81
8.794,18.236,101.77,-9.798,71.109,99.992,-122.972,242.423,35.446,51.347,22.557,206.77,2
4.052,23.042,124.073,-130.686,91.641,3499.97,-221.004,114.206,93.832,63.475,23.176,111.473,23
110.32,80.555,86.046,-71.377,84.811,3298.851,-62.344,60.841,79.745,82.074,26.376,48.487,56
130.187,19.429,75.752,-8.458,64.992,5499.946,-100.709,0.786,93.196,46.056,24.906,-0.15,24
65.286,81.49,75.8,-84.923,71.659,1714.8,-59.286,161.068,54.731,72.122,24.124,124.618,72
49.469,18.169,85.431,-60.896,69.394,1249.993,-50.731,146.703,98.356,51.274,23.905,112.328,20
3.99,18.3,32.781,1.483,30.0,100.054,-2.001,1.096,43.077,26.605,23.09,0.173,2
94.543,89.443,111.816,-89.31,101.578,3157.552,-78.928,82.733,79.817,93.938,24.802,68.607,75
115.852,61.476,102.982,52.968,89.024,3799.679,-68.81,-43.106,84.577,76.972,27.819,-37.026,68
8.658,18.994,82.774,-9.708,55.927,100.009,-122.972,242.424,25.569,39.476,21.356,207.51,2
47.126,34.587,83.332,-120.251,64.445,1807.18,-128.208,234.069,67.84,50.896,25.574,196.113,55
12.084,18.217,19.834,0.827,19.137,249.985,-2.001,1.097,24.638,18.823,23.192,0.1,13
25.117,49.677,104.504,-60.121,82.692,835.445,-128.312,249.987,74.768,68.892,25.585,206.607,48
25.989,39.557,88.086,-128.489,72.0,4174.312,-196.435,92.81,71.96,57.48,27.163,93.554,53
43.675,19.321,37.746,-42.875,31.253,999.998,-43.512,132.618,29.858,25.984,21.726,103.396,5
93.958,18.525,36.098,-91.792,30.57,3499.972,-105.387,77.103,28.871,24.922,20.915,67.017,20
27.341,18.651,101.989,-128.251,77.066,4229.956,-192.666,89.076,81.964,52.835,23.076,86.187,29
112.946,18.749,54.124,-67.117,45.986,4299.957,-97.228,41.478,65.288,36.27,23.304,35.319,31
52.897,18.333,38.419,-35.768,33.947,1149.988,-23.017,90.022,49.033,28.856,23.289,67.184,27
94.608,28.408,54.278,-22.166,50.932,2004.647,-4.714,29.085,65.752,42.838,25.253,19.36,75
50.018,18.173,21.864,-0.326,21.511,999.988,-2.001,1.097,28.88,19.851,22.429,0.188,5
91.648,18.508,31.842,-44.29,30.355,1959.986,-13.557,64.153,41.063,26.341,22.278,46.57,30
9.926,19.443,123.168,-129.53,93.03,5499.942,-201.646,64.94,112.41,61.747,25.122,63.445,24
31.2,18.278,57.887,-40.735,44.392,749.981,-65.979,172.999,38.382,34.541,24.676,139.407,16
13.694,18.086,39.206,-11.593,31.514,250.011,-43.512,132.618,28.081,26.383,22.776,103.764,13
131.471,91.059,95.067,-4.647,92.307,3999.97,-57.717,1.105,81.296,90.123,26.036,0.0,44
113.032,18.574,53.145,-66.992,45.986,4299.956,-97.446,41.464,63.414,35.697,23.444,35.359,31
72.509,40.261,36.883,-6.722,35.96,1489.104,-3.225,12.076,26.639,36.643,22.34,7.616,41
4.025,18.419,34.767,1.505,31.352,99.967,-2.001,1.095,37.508,28.0,22.573,0.408,18
4.169,18.643,19.796,1.475,19.164,99.969,-2.0,1.097,26.841,19.13,22.219,0.19,3
76.798,18.536,88.564,-103.617,68.666,5999.934,-156.342,46.776,77.58,45.986,24.084,43.263,4
23.115,19.514,100.577,-71.954,62.663,899.999,-166.065,301.703,35.605,42.701,19.851,257.928,36
13.679,18.781,39.37,-11.626,31.876,250.01,-43.512,132.618,31.621,26.447,23.178,103.658,13
6.361,32.896,59.026,2.105,50.119,174.896,-5.977,-36.683,47.759,39.486,25.59,-26.868,78
50.622,18.66,56.239,-59.843,45.986,1249.986,-50.728,146.706,73.6,36.4,24.427,114.041,20
19.328,49.959,124.77,-37.239,98.247,527.359,-114.673,232.228,74.75,79.408,26.384,190.739,49
129.055,24.064,85.51,-22.145,69.251,4606.004,-84.751,10.741,68.077,50.948,25.648,8.166,65
131.207,19.12,49.648,-6.362,43.134,4999.947,-96.76,0.945,52.264,33.643,24.051,-0.49,17
46.49,38.342,43.79,57.923,38.204,1312.239,-47.272,-145.172,30.883,35.288,24.887,-112.32,57
48.06,49.937,48.132,-13.64,46.001,999.987,-6.37,36.937,49.418,46.029,24.167,25.0,44
3.641,18.949,122.098,-130.758,89.303,3499.967,-222.444,114.428,90.536,60.622,22.132,112.008,26
108.851,54.887,79.596,-59.428,70.803,5784.435,-128.893,26.254,67.85,64.107,26.398,24.645,68
48.82,18.312,24.837,13.707,24.146,1064.983,-4.25,-34.264,37.416,22.338,22.91,-25.371,10
126.504,67.471,86.694,-29.0,78.726,3853.93,-60.522,18.974,80.536,72.122,26.382,14.605,65
120.037,91.074,112.169,-52.275,103.088,5047.913,-97.84,26.126,93.572,95.131,26.385,21.862,56
15.85,18.555,113.637,-129.968,85.07,3999.958,-203.471,96.577,94.348,58.002,24.812,93.413,15
50.664,49.613,110.802,-87.838,91.109,1493.675,-84.387,194.229,75.658,75.18,25.706,155.412,48
4.184,20.704,112.319,-130.954,79.474,3499.965,-229.356,118.401,60.569,54.914,21.719,115.955,23
58.406,18.444,55.91,-7.64,46.801,1199.99,-2.979,15.774,43.636,39.424,19.851,10.847,36
131.244,18.984,42.883,-5.158,38.686,4499.958,-84.707,1.045,46.553,31.303,22.249,-0.642,21
124.315,46.599,74.565,34.061,65.41,3615.407,-56.513,-29.929,58.3,56.386,25.745,-25.034,78
69.512,39.624,70.914,-82.425,62.037,1747.908,-51.739,148.665,59.786,52.809,25.661,113.691,69
44.501,49.855,72.122,-47.532,64.988,1061.182,-44.737,137.487,66.303,58.121,25.578,103.819,49
27.647,47.285,67.385,-12.378,62.072,568.037,-12.464,60.657,66.93,55.973,26.191,42.418,70
130.729,72.601,100.494,12.519,91.178,4047.93,-62.72,-11.467,74.261,83.382,26.381,-10.3,74
94.309,38.555,71.637,91.287,60.675,2978.708,-66.83,-94.698,64.946,50.914,26.385,-77.537,68
4.186,18.387,19.56,1.505,18.82,99.968,-2.001,1.096,25.797,18.946,22.026,0.187,3
12.102,18.935,19.851,0.871,19.784,250.011,-2.001,1.098,28.602,19.604,23.293,0.136,13
4.172,18.296,19.728,1.468,19.095,99.973,-2.0,1.098,27.608,18.899,23.138,0.456,18
5.421,65.105,104.789,20.353,87.063,378.403,-84.379,-207.411,75.733,76.769,27.747,-167.616,56
9.654,19.411,122.948,-129.659,92.575,5499.949,-202.099,65.102,112.352,61.571,25.978,63.581,24
69.009,55.089,81.592,-6.893,72.244,1452.619,-2.95,11.609,54.358,65.628,25.458,7.165,57
123.43,43.37,100.02,-2.042,84.513,3048.949,-18.124,1.23,87.438,66.915,25.728,0.09,73
13.68,18.357,39.393,-11.643,32.007,249.985,-43.511,132.618,31.48,26.44,22.864,103.689,13
43.472,19.034,42.817,-43.033,34.874,999.983,-43.512,132.618,37.31,29.009,22.565,103.12,5
119.404,86.187,103.296,-32.838,93.646,4738.27,-95.982,16.505,70.461,87.74,26.385,13.935,74
29.173,64.505,67.386,-11.199,65.557,599.97,-9.124,50.764,62.77,64.417,26.462,35.408,20
87.475,30.141,52.492,-68.624,45.987,1999.977,-28.708,102.574,52.099,39.773,23.943,75.0,44
63.726,56.105,88.811,114.68,78.827,4379.759,-145.803,-88.74,77.46,68.939,29.004,-82.258,58
81.933,18.477,84.592,-99.957,65.588,5749.937,-149.872,46.988,77.079,45.983,25.325,43.493,20
12.069,18.505,19.716,0.797,19.213,250.005,-2.0,1.096,23.71,19.12,22.66,0.107,13
47.494,49.888,72.122,-50.96,65.1,1139.944,-44.772,137.49,66.254,58.161,25.657,103.827,49
105.58,44.73,71.287,74.079,63.466,5121.505,-117.361,-47.917,76.781,55.832,28.011,-43.997,68
58.606,18.24,33.793,-7.623,31.528,1199.99,-2.98,15.773,41.017,27.758,19.851,10.838,36
131.336,18.745,91.141,-5.48,74.578,4499.955,-76.855,1.041,87.752,53.358,21.953,-0.497,21
86.234,18.194,75.534,-97.974,61.35,4999.935,-137.05,53.69,77.098,44.312,26.864,48.494,6
97.224,18.863,25.137,-0.416,25.651,1999.976,-2.0,1.099,33.232,23.293,23.488,-0.095,12
4.138,19.025,19.798,1.477,19.468,99.998,-2.001,1.095,30.091,19.121,22.318,0.256,2
119.448,18.655,63.365,-51.872,52.579,5649.95,-119.266,22.704,63.864,38.639,21.509,19.966,31
38.933,29.027,75.019,-96.074,58.661,1390.939,-125.185,244.008,59.618,45.734,26.382,201.63,53
92.699,18.201,52.535,-93.09,43.022,3499.964,-104.624,77.245,44.665,33.676,23.172,66.849,20
67.759,86.095,86.702,-36.778,84.276,1499.987,-15.496,70.796,64.168,83.512,24.845,50.0,45
27.481,19.264,104.791,-128.102,79.526,4499.953,-191.055,82.563,91.263,54.887,22.546,79.302,21
15.29,18.816,113.099,-130.194,83.399,3999.958,-206.725,97.934,84.063,56.598,25.088,94.834,15
79.934,56.106,114.584,104.452,95.051,3419.928,-101.101,-97.837,86.892,78.687,28.224,-84.853,58
6.497,64.823,63.752,1.352,62.569,149.93,-2.0,1.099,60.116,62.531,26.411,0.429,20
12.018,18.42,19.901,0.892,19.851,249.998,-2.002,1.097,29.527,19.747,23.172,0.154,13
79.209,51.045,60.606,20.95,57.938,1763.528,-5.662,-32.756,61.727,55.054,26.269,-24.079,70
8.15,18.836,64.012,-7.609,45.986,99.948,-79.94,188.412,37.825,37.088,23.168,155.096,18
31.289,26.311,61.634,-127.318,49.909,3875.175,-193.14,100.594,54.572,39.298,26.385,105.677,65
131.704,23.22,36.082,-3.019,35.634,3499.962,-45.843,1.169,43.073,31.313,23.441,-0.525,23
85.537,18.501,54.114,-100.319,45.063,2499.979,-75.75,123.374,49.851,35.305,24.858,100.568,9
2.219,78.983,113.2,3.929,96.679,56.267,-7.787,-12.249,77.985,86.857,25.901,-10.875,69
17.036,39.81,117.737,-129.593,89.775,4499.96,-205.733,86.222,74.562,67.186,23.323,88.371,41
71.548,23.58,63.244,-106.704,52.533,1950.339,-69.812,179.016,57.646,40.902,26.091,140.718,50
30.918,18.667,38.009,-27.102,32.018,675.0,-39.041,120.304,35.672,26.538,20.048,93.192,30
74.977,18.904,59.315,-108.102,47.549,2569.976,-100.0,130.15,50.513,36.695,22.287,110.737,32
52.366,18.95,67.453,-120.643,49.663,1999.973,-128.045,204.575,49.422,36.724,25.276,176.944,4
124.158,37.51,71.816,42.403,62.999,4967.023,-98.597,-28.284,68.161,52.571,26.278,-25.574,66
49.954,18.896,22.183,-0.337,22.036,999.99,-2.0,1.097,29.787,19.851,23.259,0.179,5
28.94,26.809,70.427,-33.643,57.701,672.004,-53.77,152.368,66.785,45.986,27.085,116.9,58
4.699,18.459,28.499,-1.817,25.345,49.995,-15.496,70.795,34.146,23.286,21.091,52.427,30
30.768,32.166,69.757,-68.955,55.379,999.61,-122.972,242.418,39.114,45.841,22.846,199.996,43
36.957,18.635,21.881,-0.205,21.315,749.992,-2.001,1.097,32.136,19.851,23.599,0.192,16
72.683,18.269,36.219,-9.534,33.665,1499.995,-2.981,15.774,43.36,29.271,19.854,10.763,36
130.192,19.226,71.774,-8.565,61.995,5499.947,-101.445,0.805,89.787,45.416,26.076,-0.121,24
117.772,18.13,46.085,-58.002,38.718,2922.219,-41.608,57.211,42.14,31.308,22.637,43.849,11
89.424,64.387,86.339,-49.437,82.032,1999.986,-15.499,70.794,75.851,74.799,24.255,50.0,41
85.267,37.996,89.413,-98.356,72.122,4919.675,-135.956,55.131,75.423,57.459,26.357,51.146,66
0.279,19.192,99.019,-131.168,69.73,2703.983,-244.417,159.605,62.929,48.33,21.515,157.341,32
128.738,48.667,61.912,12.784,57.536,4892.476,-93.485,-11.125,65.503,52.695,26.103,-10.444,70
49.75,18.218,75.417,-61.649,60.703,1249.987,-52.05,150.339,88.528,45.847,23.334,116.174,27
100.974,86.082,102.204,-83.666,95.033,3999.966,-97.458,58.256,80.622,88.896,24.828,50.0,45
121.059,18.812,37.087,-51.848,35.658,3103.969,-44.418,46.08,51.413,29.751,22.553,35.095,32
95.323,63.724,51.242,-82.729,49.817,2249.975,-35.473,114.439,42.537,50.943,25.026,85.321,20
60.506,24.45,65.529,83.197,56.705,4807.869,-162.957,-64.645,65.905,44.283,25.964,-64.271,65
4.209,18.533,23.252,1.457,22.018,99.985,-2.0,1.097,28.225,20.369,22.272,0.214,3
123.883,66.725,87.795,34.972,84.913,2798.013,-4.018,-33.088,88.37,78.707,27.917,-24.151,56
27.947,18.675,104.791,-128.113,79.176,4749.949,-192.283,77.794,85.678,53.691,23.344,75.178,27
8.746,18.275,103.078,-9.809,72.122,100.02,-122.973,242.424,44.583,52.572,22.318,206.293,2
129.387,85.045,101.626,22.719,96.984,4284.156,-69.21,-17.819,89.536,91.67,26.385,-15.708,56
42.332,49.575,84.489,-71.509,69.851,1208.269,-85.169,196.045,61.514,60.444,24.842,156.94,48
38.361,61.227,95.568,-124.739,81.895,4462.548,-181.991,83.308,72.772,70.626,23.521,79.601,62
39.463,80.997,98.248,124.235,88.467,3908.919,-167.648,-112.247,80.459,82.346,26.428,-105.407,51
93.44,65.03,83.579,-83.831,76.861,2249.97,-35.428,114.398,66.342,70.918,26.238,84.066,20
125.198,25.067,46.263,33.53,44.639,2834.768,-12.313,-32.043,55.94,37.955,26.383,-23.985,60
106.185,90.961,104.791,-78.458,96.603,2553.829,-29.385,93.005,69.683,90.151,26.624,69.598,76
93.25,49.808,60.683,-27.098,59.097,1999.98,-6.375,36.937,63.667,55.789,25.308,25.0,42
27.136,18.631,104.791,-128.196,80.013,4749.955,-192.636,77.77,87.687,54.236,24.929,75.152,27
129.131,56.105,65.588,25.305,64.487,3194.21,-29.097,-23.466,62.479,60.688,28.135,-18.611,58
30.299,29.809,113.67,-69.833,84.958,999.989,-122.969,242.424,61.81,64.107,25.518,200.0,44
130.542,85.845,97.019,16.08,93.349,3716.679,-47.614,-14.165,87.412,88.835,26.384,-12.174,56
61.501,35.274,91.659,-116.15,72.122,2555.191,-123.171,142.678,62.071,57.783,26.396,124.443,56
4.181,18.68,19.24,1.443,18.709,99.972,-2.001,1.096,23.619,18.811,21.905,0.178,3
90.333,36.604,70.387,-93.615,65.527,3893.463,-113.908,68.376,63.135,59.127,25.646,60.558,65
53.433,35.798,104.782,-119.432,78.637,2336.247,-135.062,166.14,55.575,59.547,25.896,146.013,58
42.338,91.295,115.558,-23.266,104.598,940.35,-16.017,68.564,88.633,96.851,25.894,48.819,66
5.875,43.827,73.284,12.179,64.933,284.346,-54.59,-157.997,64.967,56.204,25.153,-123.546,63
34.001,45.16,84.075,125.907,71.678,4142.564,-179.511,-107.454,72.627,58.863,25.589,-102.189,79
31.761,44.937,72.152,48.985,64.899,1021.699,-55.375,-159.752,75.856,55.993,28.009,-125.015,68
67.396,49.444,100.949,-112.616,83.659,1999.977,-82.197,186.58,70.351,70.007,25.735,150.0,42
8.156,18.28,63.92,-7.61,45.986,99.996,-79.941,188.412,36.825,37.099,22.621,155.126,18
83.2,18.314,49.354,-85.225,40.784,1999.982,-43.514,132.617,45.525,32.96,23.342,101.9,12
8.749,19.024,102.984,-9.812,72.121,100.002,-122.972,242.424,43.212,52.574,22.722,206.364,2
34.511,50.16,104.211,53.139,87.698,1105.903,-55.535,-160.897,68.736,72.119,26.307,-125.892,51
101.617,28.029,76.713,-80.37,60.844,2958.462,-65.802,78.801,62.736,45.986,25.989,63.643,67
130.22,37.813,55.862,17.484,53.374,3877.398,-61.291,-14.743,63.441,45.986,26.168,-12.978,66
61.522,61.22,101.825,-112.125,84.782,2945.57,-129.984,116.437,73.464,72.122,24.908,103.121,73
55.487,29.718,63.57,-116.328,51.647,4702.719,-172.686,73.679,42.082,41.451,24.902,70.664,64
4.781,18.365,42.957,-1.563,37.694,60.011,-9.127,50.765,60.635,31.528,22.496,36.199,27
15.65,18.954,23.187,-2.143,21.95,299.99,-2.98,15.775,31.219,19.861,19.851,10.726,36
28.722,19.125,98.256,-128.014,72.122,3842.963,-192.34,100.388,72.582,50.991,22.441,96.433,32
57.104,65.012,117.865,-117.08,96.982,5249.938,-164.676,63.42,85.047,80.84,27.534,58.365,20
85.52,18.449,53.403,-100.327,44.489,2499.976,-75.807,123.382,48.725,34.565,24.904,100.599,9
13.672,18.701,39.251,-11.604,31.639,249.985,-43.512,132.618,30.167,26.385,22.64,103.702,13
39.969,81.49,123.632,-106.444,103.498,1524.87,-129.992,251.304,75.579,92.624,26.247,207.977,59
130.376,27.943,68.932,4.82,62.001,2937.495,-9.61,-4.613,79.475,49.337,27.089,-4.006,74
62.283,18.212,32.339,-84.427,25.107,1605.437,-65.982,173.0,24.488,20.702,19.851,139.272,10
48.976,18.341,23.727,13.659,23.22,1064.996,-4.252,-34.263,31.533,21.125,22.888,-25.411,10
15.827,54.898,100.71,-130.043,80.692,2916.332,-210.22,142.485,73.805,68.827,27.918,136.552,74
50.765,18.748,54.812,-60.737,45.182,1250.004,-52.051,150.34,64.114,35.421,23.232,117.724,27
58.546,40.004,74.189,-75.712,63.302,1499.993,-58.919,161.745,53.479,53.791,23.438,125.0,44
109.224,18.814,45.986,-73.378,40.83,3749.961,-87.901,53.899,52.488,32.672,24.109,45.158,27
86.541,19.277,49.329,-99.523,39.452,2499.975,-75.544,123.475,37.297,32.346,23.399,100.865,9
30.729,76.147,95.016,-0.468,89.979,670.732,-3.077,-1.02,66.953,83.598,23.328,-1.653,71
93.362,49.786,72.133,-29.364,67.018,2031.591,-10.012,40.895,68.128,59.493,27.91,28.719,53
6.363,64.497,63.145,1.397,62.256,149.936,-2.001,1.094,59.457,62.356,26.384,0.433,20
44.444,18.667,23.988,-5.806,23.424,899.986,-2.979,15.773,35.282,21.75,19.851,10.805,36
23.646,18.628,39.459,-22.061,32.868,499.996,-43.511,132.618,34.916,27.612,22.928,103.314,7
131.704,23.085,37.87,-2.943,37.247,3499.964,-44.843,1.171,50.097,32.147,23.589,-0.6,23
87.197,49.643,95.119,-97.248,80.225,4999.94,-134.606,53.87,82.393,65.588,25.114,47.914,6
4.18,18.833,19.571,1.483,18.894,99.977,-2.0,1.094,24.087,18.917,21.626,0.229,2
95.97,26.215,30.765,76.345,28.027,2339.042,-28.383,-99.793,25.11,26.074,23.115,-75.008,80
87.242,91.077,127.615,-98.288,110.73,3708.558,-106.589,75.826,85.541,100.051,27.813,66.02,58
62.12,56.062,94.984,-114.571,80.541,3997.757,-149.226,84.122,74.398,69.193,27.098,77.577,54
28.645,19.879,97.532,-128.133,72.098,4149.966,-193.712,92.166,71.15,50.035,21.9,88.689,29
48.825,18.432,24.82,13.705,24.071,1064.989,-4.25,-34.264,37.295,22.343,22.859,-25.371,10
50.742,55.193,94.844,94.683,78.706,1722.339,-73.553,-192.629,52.496,67.225,25.629,-153.96,57
65.772,18.76,75.684,-110.513,55.801,1898.459,-82.423,193.336,55.585,39.449,26.381,156.321,53
132.029,18.474,61.133,-2.366,52.572,2999.969,-14.208,1.327,58.216,39.448,23.189,-0.56,14
95.316,69.199,89.069,89.459,79.014,3375.667,-81.833,-84.146,66.097,71.81,26.385,-71.224,60
56.233,26.374,81.922,-117.261,66.549,5460.496,-169.711,59.479,79.148,49.885,29.335,56.553,58
88.414,19.462,68.99,-94.961,53.624,4999.95,-139.811,53.237,54.958,39.209,21.58,48.669,17
86.159,65.28,104.791,-98.739,92.881,4999.946,-132.494,54.239,93.404,79.421,28.918,47.577,6
32.873,28.837,61.489,-30.46,52.571,740.417,-38.041,119.231,60.458,42.913,26.457,89.454,53
121.347,28.23,72.362,45.181,60.685,4316.368,-86.411,-33.373,57.151,45.986,25.707,-29.72,76
129.85,19.583,56.261,-8.261,47.302,5499.947,-107.702,0.66,58.773,36.205,23.182,-0.155,24
119.42,19.173,63.458,-51.816,52.6,5649.949,-119.205,22.67,63.959,38.644,22.683,19.982,31
93.928,18.565,49.517,-92.152,42.808,2249.985,-40.155,126.187,52.21,33.822,23.647,95.796,27
83.091,18.723,49.749,-85.313,42.322,1999.977,-43.514,132.618,47.62,33.61,23.325,101.809,12
92.947,42.67,78.703,93.126,72.122,2650.469,-48.953,-109.746,64.277,66.099,26.355,-86.116,70
111.422,18.404,31.315,-68.251,29.727,4749.952,-115.013,39.457,37.523,25.398,23.539,34.684,20
24.684,18.793,31.788,0.47,28.676,499.989,-2.0,1.096,35.216,25.787,23.209,0.113,7
53.551,24.651,62.396,-117.354,51.165,3777.203,-164.627,94.546,49.056,39.445,23.114,88.38,62
96.888,18.189,25.618,-0.677,26.04,1999.978,-2.001,1.098,34.412,23.472,23.94,-0.283,4
31.034,18.405,58.832,-40.834,45.244,749.991,-65.979,172.999,46.335,35.412,24.03,139.158,16
58.971,28.739,48.079,-75.751,42.747,1499.99,-58.92,161.746,46.257,37.614,24.967,125.0,44
24.692,18.087,23.249,-0.004,23.169,499.974,-2.0,1.097,45.834,20.242,25.12,0.018,4
30.318,29.84,75.804,-69.571,57.82,999.981,-122.972,242.425,54.775,45.957,24.881,200.0,44
4.104,18.635,32.703,1.468,28.632,99.965,-2.0,1.096,28.859,25.711,21.705,0.143,3
90.774,90.961,117.163,-84.171,104.791,2244.945,-34.738,114.072,92.036,98.218,23.89,84.748,46
96.212,80.165,64.359,89.623,65.5,3478.173,-86.281,-82.671,56.761,67.949,26.212,-70.481,57
126.201,61.723,60.074,2.537,56.278,2711.765,-2.79,-3.311,53.866,55.238,23.894,-3.187,72
86.148,64.443,104.791,-98.648,92.529,4999.941,-132.48,54.193,92.331,79.295,26.272,47.56,6
132.014,18.297,28.928,-2.068,29.49,2999.969,-17.537,1.34,37.641,25.637,24.337,-0.581,14
1.65,70.515,89.517,3.143,81.201,128.37,-32.83,-115.124,65.614,74.378,26.38,-87.228,79
47.197,28.847,81.881,122.104,65.588,3452.592,-153.425,-120.58,71.887,51.376,26.397,-111.051,59
25.22,19.348,116.298,-127.951,87.901,5849.945,-191.812,59.9,100.834,58.601,25.596,58.183,27
101.394,19.125,74.88,83.551,59.272,4999.952,-122.957,-54.208,60.664,43.379,22.418,-49.794,10
122.544,70.506,82.407,-47.152,78.707,3999.96,-74.048,31.251,59.675,72.122,25.055,25.0,42
7.676,18.778,38.843,-5.398,31.332,100.028,-43.512,132.618,27.559,26.384,21.492,103.523,3
131.253,18.929,43.546,-5.196,39.354,4499.957,-84.341,1.051,48.312,31.546,21.596,-0.624,21
8.749,18.712,102.856,-9.814,72.078,100.014,-122.971,242.425,42.684,52.573,22.471,206.388,2
108.927,29.664,38.803,30.812,36.191,2363.679,-5.766,-35.056,29.925,33.322,24.86,-25.707,64
89.314,18.224,64.03,95.99,52.571,4516.116,-125.138,-68.997,58.858,38.486,26.379,-63.112,53
53.472,65.154,124.83,-119.5,103.486,5249.938,-164.676,63.766,98.618,85.129,29.193,58.729,20
42.717,44.581,61.862,50.076,57.472,1201.876,-40.54,-132.689,65.05,52.578,27.753,-101.561,56
69.69,18.837,65.568,-111.519,52.571,2999.971,-124.267,113.252,54.941,39.211,21.57,99.988,14
50.297,50.409,89.092,-120.717,72.122,2814.799,-149.723,135.17,68.626,62.138,25.304,122.273,64
59.889,27.006,101.833,-116.891,79.203,3048.998,-137.431,115.7,71.698,58.451,26.745,103.848,58
4.205,18.265,23.756,1.501,22.908,99.992,-2.0,1.097,35.616,21.391,23.174,0.556,18
24.557,18.538,20.291,0.306,19.851,499.987,-2.0,1.098,34.914,19.85,25.671,-0.043,4
96.966,18.603,25.324,-0.634,25.799,1999.981,-2.002,1.098,33.593,23.452,23.358,-0.272,4
10.008,19.009,79.736,-11.728,58.491,150.001,-99.215,216.052,33.97,44.385,19.873,181.378,30
8.744,18.713,103.047,-9.807,72.118,100.009,-122.972,242.423,44.825,52.571,22.333,206.264,2
12.353,18.769,113.855,-130.516,82.55,3299.961,-215.464,123.75,72.803,56.571,25.278,120.17,27
89.522,65.482,77.261,-49.28,73.239,1999.983,-15.493,70.796,73.312,70.471,24.736,50.0,41
4.246,18.484,23.991,1.471,23.147,100.007,-2.0,1.098,35.729,21.48,22.715,0.571,18
87.144,49.774,94.888,-97.138,79.543,4999.947,-134.581,53.866,80.967,65.583,26.381,47.772,6
130.887,18.695,28.634,-0.942,29.701,2749.971,-1.994,1.075,39.872,25.99,23.99,-0.784,20
43.696,19.329,36.963,-42.84,30.338,999.988,-43.511,132.617,29.625,25.731,20.531,103.446,5
78.488,19.33,75.447,-102.198,58.263,5999.929,-157.756,46.652,65.942,39.452,23.806,43.281,4
130.373,18.514,49.712,-6.23,43.215,4999.949,-97.41,0.662,52.643,33.611,24.785,-0.528,17
36.913,18.525,56.01,-0.217,44.783,749.996,-2.001,1.099,46.788,35.475,24.701,0.27,16
57.073,65.024,116.085,-117.028,95.335,5249.938,-165.178,63.367,82.8,79.626,27.998,58.54,20
16.481,35.487,69.117,-129.072,57.425,3158.545,-211.028,129.572,66.673,48.116,23.97,126.779,80
37.456,19.297,105.312,-124.151,81.845,5999.948,-184.743,56.593,91.083,54.44,23.563,54.511,31
4.186,18.465,19.855,1.45,19.851,99.998,-2.001,1.096,36.52,19.828,22.444,0.252,2
13.242,49.71,123.428,-28.967,90.873,335.669,-158.329,289.758,74.623,72.109,25.233,240.639,48
126.203,49.828,70.32,-34.18,64.309,5069.355,-100.318,16.021,64.664,57.472,25.111,13.08,48
88.006,85.833,96.664,77.558,92.543,2317.076,-29.532,-102.173,85.381,88.455,26.381,-76.955,56
119.304,91.29,118.976,35.355,105.848,2729.532,-4.995,-34.983,82.797,98.285,25.876,-25.557,66
73.449,18.792,26.351,-0.488,26.221,1499.988,-2.001,1.096,38.857,23.747,23.002,0.082,8
43.395,19.127,42.992,-43.078,35.399,999.991,-43.512,132.618,39.422,29.246,23.466,103.052,5
10.688,65.044,98.796,33.022,83.26,576.564,-88.982,-215.047,76.479,73.978,27.726,-174.464,56
52.965,64.754,116.347,-120.594,97.81,3299.963,-148.077,109.852,90.985,83.409,27.933,98.037,20
129.897,50.392,85.101,-16.247,72.105,3956.885,-63.808,9.492,54.33,60.648,25.447,6.813,65
50.53,49.559,82.353,80.107,72.122,1593.961,-59.83,-168.07,73.364,63.196,27.351,-132.268,56
48.978,18.628,23.677,13.646,23.178,1064.992,-4.251,-34.264,31.431,20.95,22.703,-25.409,10
8.163,18.266,63.837,-7.607,45.986,99.976,-79.94,188.412,36.487,37.023,23.08,155.125,18
36.564,18.546,31.342,-18.697,27.976,749.998,-15.496,70.794,31.422,25.132,23.101,52.035,27
-1.199,39.612,84.206,15.618,65.428,264.314,-132.39,-267.326,68.695,54.292,26.449,-223.31,61
48.755,18.642,24.976,13.714,24.786,1064.981,-4.25,-34.263,39.834,22.602,23.17,-25.351,10
83.148,19.14,49.389,-85.259,41.649,1999.972,-43.513,132.617,46.294,33.372,23.208,101.874,12
12.152,18.143,21.057,0.792,19.851,249.981,-2.001,1.097,29.772,19.841,23.172,0.147,13
130.273,46.901,111.691,2.915,98.257,5373.118,-96.718,-5.426,88.593,82.007,26.385,-5.407,59
90.938,19.008,41.138,-92.448,32.754,4999.959,-142.126,52.921,32.124,24.811,19.878,48.42,17
129.038,91.103,116.523,0.679,104.791,5623.749,-100.114,-4.494,93.349,97.447,26.272,-4.271,56
8.177,18.256,63.69,-7.615,45.986,99.995,-79.94,188.413,34.612,36.914,23.127,155.217,18
123.112,61.222,95.295,43.979,82.764,3454.146,-48.078,-38.512,68.131,71.848,23.276,-31.344,62
72.84,18.367,31.73,-9.482,30.344,1499.991,-2.98,15.774,42.002,26.381,20.066,10.816,36
73.465,18.811,23.546,-0.263,23.608,1499.985,-1.999,1.097,30.763,22.28,23.732,-0.034,8
5.484,18.834,121.039,-130.52,89.357,3499.964,-218.766,113.545,94.535,60.676,23.146,110.939,26
37.054,18.189,21.506,-0.092,20.133,749.989,-2.001,1.097,29.26,19.851,23.518,0.197,16
106.361,29.407,67.64,-40.759,55.838,2280.929,-9.798,50.204,59.096,44.878,26.396,34.766,53
131.804,18.891,37.176,-3.833,34.689,3999.954,-67.984,1.108,42.646,28.988,24.745,-0.59,15
35.87,76.142,112.487,-46.551,102.947,912.409,-58.123,159.647,88.919,95.267,28.993,123.275,58
31.133,18.483,58.441,-40.782,44.544,749.991,-65.983,172.998,42.087,34.881,24.699,139.332,16
31.038,18.687,58.754,-40.737,45.254,749.989,-65.981,172.999,46.931,35.587,24.183,139.069,16
52.58,30.721,86.186,-86.409,70.568,1499.983,-79.939,188.412,71.104,55.894,23.231,150.0,41
120.833,19.568,61.823,-32.621,49.551,4972.603,-105.694,15.121,55.852,36.923,26.381,12.602,53
69.24,50.077,97.856,111.96,84.334,2617.305,-88.506,-140.209,80.225,70.51,25.673,-117.039,49
21.095,70.4,98.819,-29.566,85.723,499.969,-79.937,188.413,50.536,78.707,25.549,150.0,42
56.093,76.064,90.973,115.843,81.931,2195.694,-88.397,-183.829,77.933,75.992,26.12,-150.625,69
27.819,18.822,104.788,-127.947,78.859,4499.96,-191.396,82.959,87.334,54.13,21.352,79.473,21
86.295,49.575,75.488,-98.727,68.9,3113.066,-96.32,93.718,68.217,61.59,27.422,79.619,53
11.947,17.943,33.946,0.9,31.361,249.992,-2.0,1.095,67.026,27.682,26.327,0.169,6
30.927,18.487,39.442,-27.1,33.108,674.986,-39.042,120.303,35.82,27.998,20.83,93.186,30
2.66,60.048,123.396,19.348,100.196,342.203,-100.055,-231.318,79.296,84.935,26.534,-189.319,56
83.797,81.49,85.367,42.671,83.62,1979.193,-12.027,-61.884,75.178,81.302,26.384,-45.252,79
28.337,19.457,124.129,-94.669,80.249,1199.993,-166.066,301.704,41.166,54.124,19.851,256.514,36
119.659,49.446,98.25,48.908,85.157,3265.946,-40.933,-42.811,73.895,70.461,23.52,-34.713,80
36.368,54.084,110.048,126.089,91.843,3296.916,-163.611,-133.579,84.303,75.949,27.884,-123.725,65
12.089,18.499,19.725,0.826,19.146,249.991,-2.0,1.097,24.47,18.98,23.179,0.102,13
95.655,19.592,62.474,-89.437,51.418,4499.944,-122.481,55.165,60.52,38.553,25.45,48.958,4
131.799,18.61,37.295,-3.862,34.764,3999.956,-67.953,1.105,42.593,28.96,24.385,-0.541,15
24.455,18.666,21.443,0.212,19.924,500.018,-2.001,1.098,37.093,19.851,26.029,-0.058,4
82.322,41.501,69.449,101.885,57.567,3475.36,-108.609,-95.814,48.638,50.449,23.938,-84.25,72
23.65,18.93,39.466,-22.057,32.892,500.009,-43.511,132.617,35.493,27.64,23.148,103.317,7
8.148,18.433,63.964,-7.614,45.986,100.006,-79.94,188.412,37.724,37.176,22.419,155.103,18
117.495,75.23,92.862,-52.412,80.303,5719.979,-119.674,23.325,59.767,72.159,23.997,20.86,81
83.167,18.122,49.537,-85.247,41.984,1999.973,-43.511,132.617,46.031,33.35,23.169,101.901,12
131.335,19.117,42.773,-5.241,38.39,4499.958,-84.713,1.044,45.699,31.268,21.405,-0.553,21
128.883,24.758,86.986,3.157,71.46,5677.82,-107.65,-6.069,74.263,53.891,26.385,-5.784,59
13.689,18.328,39.219,-11.597,31.454,249.989,-43.512,132.618,28.315,26.385,23.173,103.786,13
4.225,18.718,19.513,1.437,18.802,99.99,-2.001,1.096,25.52,18.922,21.495,0.192,3
4.121,18.407,19.886,1.496,19.851,100.012,-1.999,1.098,33.761,19.825,22.964,0.491,18
10.029,18.265,78.848,-11.725,57.443,150.008,-99.216,216.05,31.164,43.315,19.851,181.515,30
39.096,18.883,83.898,-124.68,60.651,4749.962,-188.526,77.735,51.294,42.138,21.518,74.94,31
18.757,19.35,90.957,-130.092,65.586,4499.945,-205.784,86.2,70.73,44.682,25.894,83.665,6
60.448,27.296,79.412,-71.369,66.98,1509.854,-50.143,146.293,70.131,52.907,27.821,111.556,58
43.526,27.421,84.673,-46.741,64.969,1025.536,-47.03,140.545,52.914,49.292,25.809,106.61,67
87.256,18.44,72.122,-96.535,58.516,4999.947,-137.911,53.449,68.704,42.401,24.107,48.358,6
131.805,18.984,37.472,-3.825,34.671,3999.957,-68.008,1.102,42.366,29.067,24.526,-0.592,15
52.889,18.516,81.857,57.584,61.548,1431.576,-36.555,-124.077,66.099,44.377,27.022,-94.4,61
12.083,18.496,19.742,0.812,19.145,249.993,-2.001,1.096,24.514,18.948,23.137,0.11,13
84.937,18.397,50.267,-64.601,39.452,1990.643,-34.553,98.995,49.385,32.76,23.148,73.27,11
49.667,79.553,91.542,-1.425,87.486,1054.255,-2.256,2.303,70.016,83.845,26.489,0.813,58
15.507,40.576,122.734,-129.9,94.305,4999.951,-203.575,75.179,89.691,69.716,23.443,75.0,41
82.019,30.725,76.258,-6.739,65.592,1748.073,-3.176,10.146,74.306,53.44,26.384,6.271,74
94.521,34.984,68.476,-82.293,56.35,5557.35,-142.845,40.646,46.693,45.986,24.232,38.473,55
31.128,18.566,58.416,-40.765,44.631,749.99,-65.979,172.999,42.492,35.325,24.787,139.289,16
50.218,18.182,60.667,-60.296,50.319,1249.985,-50.732,146.704,82.231,38.783,23.859,113.535,20
87.169,45.513,58.596,-0.114,55.743,1874.175,-2.943,-2.641,63.977,50.944,26.113,-2.776,70
16.148,18.827,113.012,-129.987,84.664,3999.958,-203.223,96.447,93.548,57.707,24.372,93.475,15
71.867,33.832,56.456,-103.894,45.775,1976.155,-70.605,172.258,59.029,39.452,26.283,135.829,70
129.757,18.743,56.274,-8.154,46.056,5499.946,-107.783,0.626,58.962,35.943,23.161,-0.306,24
4.726,18.61,32.402,-1.552,29.714,59.945,-8.773,49.414,72.658,26.334,22.168,35.072,29
15.72,18.576,113.622,-129.903,84.854,3999.958,-203.899,96.788,92.829,57.949,25.928,93.599,15
87.708,49.474,90.382,-96.424,75.886,4999.951,-135.253,53.715,73.92,63.152,24.846,47.631,6
87.847,18.308,71.91,-95.872,57.479,4999.94,-138.48,53.415,65.556,39.626,23.547,48.374,6
4.018,19.338,21.456,-0.535,19.851,59.998,-2.98,15.774,27.134,19.846,19.315,10.962,36
32.332,65.105,82.2,31.519,77.124,900.097,-30.835,-109.57,77.861,71.416,27.792,-82.642,56
84.045,19.216,57.742,4.796,49.4,1796.83,-3.554,-9.39,56.387,38.9,26.278,-7.532,53
84.972,39.349,76.595,100.647,65.589,2552.681,-57.428,-124.229,70.18,55.873,26.168,-98.628,50
93.642,27.794,57.452,91.35,50.932,2480.329,-40.363,-114.881,43.131,42.859,25.789,-88.291,67
4.696,18.439,24.816,-1.808,22.345,49.988,-15.496,70.795,28.875,19.851,21.459,52.519,30
109.114,19.086,49.646,-73.892,43.65,3749.958,-87.397,53.923,57.205,34.394,23.187,45.139,27
31.057,18.147,58.936,-40.821,45.254,749.987,-65.98,173.001,45.48,35.518,24.927,139.227,16
117.558,18.538,67.997,56.738,58.373,4532.448,-94.68,-39.586,72.209,43.189,27.568,-35.407,74
87.032,19.222,43.144,-99.136,35.984,2499.975,-75.342,123.578,32.374,29.096,23.34,101.042,9
86.392,19.164,75.601,-97.671,61.558,4999.937,-137.292,53.597,78.631,44.407,28.844,48.553,6
69.687,19.387,65.601,-111.487,52.614,2999.968,-124.177,113.204,55.876,39.451,22.639,99.958,14
131.266,19.113,43.203,-5.177,39.109,4499.958,-84.437,1.045,47.473,31.352,22.522,-0.623,21
131.712,23.164,40.869,-3.147,39.452,3499.966,-43.421,1.166,60.267,34.23,23.811,-0.514,23
111.972,87.838,101.621,-62.477,93.319,4707.037,-103.076,35.415,72.53,88.04,26.183,30.749,65
12.611,19.462,79.222,-26.615,45.984,300.002,-166.067,301.702,27.528,32.407,19.486,259.52,36
78.74,56.109,113.195,105.332,95.041,3520.856,-106.154,-96.314,86.961,78.695,28.206,-84.232,58
96.734,18.146,26.385,-0.805,26.977,1999.98,-2.002,1.098,40.235,24.368,23.592,-0.28,4
85.469,91.323,93.486,69.263,90.186,2181.337,-26.645,-97.709,65.823,88.865,23.421,-73.343,71
66.823,18.687,66.924,111.073,55.909,3274.376,-120.593,-110.638,71.479,40.787,27.416,-98.269,74
112.491,49.795,62.88,-67.916,60.824,2998.739,-49.453,64.661,65.102,56.162,25.589,50.0,42
67.694,18.307,68.093,113.412,54.141,2499.974,-91.425,-149.456,59.434,39.453,25.716,-127.535,6
131.285,18.733,42.777,-5.207,38.584,4499.957,-84.789,1.047,45.031,31.31,22.692,-0.587,21
117.185,19.298,56.62,-58.316,49.316,3830.23,-78.394,40.708,57.548,37.953,26.27,33.209,53
84.96,65.201,75.949,50.364,74.192,2019.622,-13.316,-71.617,82.282,70.506,27.747,-52.374,56
33.838,19.249,112.626,-125.626,85.672,5999.944,-184.657,56.592,101.722,57.457,23.483,54.655,31
43.556,18.952,42.108,-42.962,34.34,999.98,-43.511,132.617,34.445,28.176,22.572,103.183,5
42.192,23.986,51.924,-46.924,44.117,1006.257,-48.815,143.651,57.825,36.171,26.106,109.294,50
15.369,19.303,112.848,-130.069,84.503,3999.959,-204.679,97.085,91.727,57.635,23.863,93.923,15
91.961,89.633,122.324,-83.5,104.791,2327.53,-37.591,108.67,88.059,95.273,24.911,81.304,75
21.393,18.621,21.416,-2.829,19.851,419.985,-2.979,15.775,36.084,19.851,21.543,10.735,30
115.877,27.133,79.005,-61.149,68.712,5034.828,-106.986,30.666,82.495,52.652,29.788,26.382,58
95.958,49.839,70.242,89.721,63.194,3366.873,-82.125,-83.517,64.251,56.34,24.768,-70.651,48
131.78,18.746,38.284,-3.933,36.161,3999.958,-67.39,1.103,46.857,29.717,24.798,-0.524,15
7.667,18.704,38.799,-5.406,31.333,99.993,-43.512,132.618,28.195,26.381,21.397,103.54,3
9.807,29.379,62.751,-0.612,55.852,203.374,-3.079,-0.956,67.842,45.986,26.762,-1.608,61
80.138,26.943,42.715,103.367,36.215,4097.451,-131.753,-84.223,30.456,31.69,23.857,-76.975,73
92.975,18.47,79.785,-1.355,68.831,1999.983,-2.002,1.097,92.788,51.006,24.314,-0.335,4
4.762,19.191,91.428,-1.558,74.635,59.945,-8.773,49.413,87.562,52.843,23.107,34.424,29
116.228,28.239,77.019,-59.891,65.587,4764.486,-102.589,32.407,73.612,51.864,26.384,27.592,66
54.104,65.091,111.397,-120.083,93.799,3299.956,-147.414,109.863,86.636,80.28,27.225,97.961,20
48.994,18.566,23.513,13.651,23.169,1064.988,-4.252,-34.263,30.724,21.381,22.689,-25.415,10
130.989,37.625,56.072,-12.28,53.88,3665.817,-50.308,7.387,63.617,45.987,26.2,4.987,66
4.211,18.589,19.377,1.459,18.624,99.969,-2.001,1.098,24.898,18.702,21.884,0.2,3
63.095,19.27,45.986,-64.375,38.727,1499.987,-43.514,132.618,43.997,31.506,23.962,102.872,8
69.637,18.333,65.497,-111.492,52.571,2999.969,-124.319,113.148,54.081,39.268,22.013,99.956,14
122.617,49.842,60.827,-47.059,57.608,3999.974,-76.378,31.155,52.398,53.32,23.867,25.0,44
52.048,18.379,78.974,-120.754,57.376,1999.979,-128.45,204.433,50.957,39.7,25.739,176.805,4
36.939,18.211,32.96,-0.157,30.362,749.995,-2.002,1.097,44.123,26.386,24.777,0.209,16
73.085,18.681,25.15,-9.429,25.166,1499.989,-2.981,15.773,36.255,23.172,19.896,10.837,36
64.092,49.814,101.888,-104.929,82.994,1851.498,-78.285,187.056,69.535,68.883,26.385,148.604,49
25.054,44.878,69.778,-6.922,60.577,500.003,-6.372,36.936,40.539,52.573,23.14,25.0,45
13.694,18.166,39.199,-11.59,31.495,249.993,-43.51,132.618,27.981,26.385,23.136,103.768,13
123.217,56.105,66.662,17.817,65.264,2710.56,-3.716,-16.883,62.62,61.208,28.539,-12.799,58
49.888,18.575,22.415,-0.295,21.967,999.993,-2.001,1.097,31.328,19.851,23.078,0.153,5
119.376,19.171,63.918,-51.885,52.619,5649.95,-119.209,22.686,64.457,38.68,22.334,19.969,31
131.709,18.731,45.675,-4.094,43.018,3999.961,-64.604,1.092,65.305,34.259,24.563,-0.526,15
83.07,18.187,49.88,-85.342,42.493,1999.981,-43.511,132.618,47.704,33.649,23.229,101.829,12
94.288,18.834,39.458,-1.293,39.072,1999.983,-2.002,1.097,72.851,32.163,23.615,-0.468,4
119.549,18.31,26.388,-0.747,27.711,2499.974,-2.001,1.097,35.807,24.817,26.315,-0.855,9
132.003,18.993,28.811,-2.041,29.521,2999.967,-17.565,1.343,36.914,25.897,23.194,-0.558,14
83.097,19.236,49.514,-85.281,41.759,1999.975,-43.512,132.617,47.117,33.087,25.168,101.617,4
48.593,19.229,26.294,13.798,25.67,1064.987,-4.25,-34.264,44.378,23.318,23.133,-25.404,10
69.758,19.31,43.462,-107.297,32.083,5999.958,-172.113,51.053,33.202,23.117,21.602,48.15,19
25.124,81.362,124.582,-128.142,104.791,5002.409,-193.359,74.578,90.377,93.482,27.696,72.602,61
113.581,65.784,113.441,61.21,96.785,5411.807,-113.104,-38.295,78.556,82.15,26.384,-35.195,51
24.201,56.734,78.812,-7.238,70.939,499.972,-6.371,36.936,87.816,63.085,23.906,25.0,41
63.137,18.428,45.983,-64.282,38.763,1499.992,-43.514,132.617,43.707,31.407,23.474,102.901,8
121.984,24.521,34.781,45.051,29.858,4904.325,-106.216,-31.037,29.404,25.605,24.974,-28.356,65
67.079,29.48,54.535,-102.428,45.986,4297.201,-154.454,69.951,38.892,39.214,25.704,65.39,69
33.476,19.194,98.63,-126.674,72.122,4749.96,-189.89,77.897,70.982,50.923,22.453,75.115,31
121.106,18.83,35.78,-51.662,34.459,3103.969,-44.738,46.049,47.716,28.954,22.348,35.184,32
13.699,18.399,39.302,-11.584,31.647,249.99,-43.511,132.618,27.49,26.388,23.137,103.774,13
129.924,19.21,57.554,-8.27,49.446,5499.947,-106.705,0.701,64.364,37.132,23.638,-0.109,24
64.429,44.897,76.83,111.115,65.635,4488.792,-149.521,-84.826,67.752,56.389,25.582,-79.278,79
37.232,80.601,112.757,-125.617,96.624,2937.448,-170.153,134.663,83.038,86.637,26.381,124.578,56
31.136,18.638,58.367,-40.739,44.682,749.998,-65.983,172.999,43.634,35.064,24.554,139.286,16
129.71,18.701,56.294,-8.198,46.637,5499.949,-107.794,0.622,59.252,35.978,23.143,-0.338,24
4.012,18.721,53.191,-0.498,44.97,59.97,-2.981,15.774,28.346,38.535,19.546,10.873,36
50.404,18.788,57.554,-61.123,45.986,1249.987,-52.051,150.34,72.726,36.992,22.432,117.238,27
4.211,18.378,19.575,1.429,18.759,99.989,-2.002,1.098,24.397,18.707,22.531,0.446,18
28.135,19.633,52.793,-128.21,37.886,2249.99,-195.962,193.763,34.659,28.731,19.481,182.91,32
31.871,49.814,94.317,-61.667,75.626,942.773,-101.83,222.176,62.893,64.113,24.951,180.047,48
5.113,18.988,120.726,-130.634,88.99,3499.96,-219.586,113.733,93.507,60.529,22.345,111.254,26
21.093,19.172,92.438,-2.899,72.204,419.979,-2.98,15.773,52.982,54.362,22.247,10.621,30
44.264,53.608,86.772,-122.7,72.122,5278.115,-180.036,65.791,75.884,61.059,27.757,64.784,74
29.457,32.126,78.948,-24.625,64.531,648.275,-30.995,105.761,69.676,51.244,26.387,77.912,76
128.398,18.497,63.072,-8.744,52.571,5999.926,-116.938,0.284,61.343,37.993,23.496,-0.705,4
25.0,18.182,28.055,-12.79,26.062,499.992,-15.496,70.795,49.81,23.294,26.311,51.64,6
50.56,21.751,111.214,-121.373,90.134,3299.954,-152.821,109.191,91.085,65.651,26.385,99.64,20
4.158,18.09,19.374,1.475,18.53,99.996,-2.002,1.098,23.06,18.446,22.337,0.176,3
49.842,18.719,22.485,-0.28,22.405,999.995,-2.002,1.097,32.537,19.852,22.771,0.126,5
126.035,47.268,78.708,-36.98,71.255,4308.923,-77.578,21.05,78.355,61.254,26.412,16.634,57
131.777,18.987,53.287,-3.338,49.747,3499.967,-41.001,1.165,75.853,39.42,23.837,-0.498,26
4.172,18.72,19.477,1.449,18.634,99.966,-1.999,1.099,23.092,18.688,22.249,0.241,2
66.192,64.505,63.355,-108.842,62.116,5008.298,-157.295,62.941,58.271,62.361,27.687,55.218,20
106.109,34.745,69.284,73.217,57.213,5331.336,-124.784,-46.162,47.418,45.986,24.209,-42.807,55
83.397,18.086,46.668,-84.919,39.452,1999.974,-43.514,132.617,41.615,31.949,24.606,101.827,4
-0.664,19.199,120.094,-131.151,85.616,3499.963,-231.655,116.586,78.341,57.833,26.292,114.598,6
15.387,18.317,111.524,-130.416,81.972,3999.95,-207.901,98.508,78.727,55.834,24.649,95.482,15
33.553,70.501,90.781,1.854,82.437,751.697,-3.051,-8.708,66.154,76.121,26.376,-7.003,79
12.012,18.16,19.731,0.831,19.13,250.0,-2.0,1.098,23.381,18.848,22.632,0.078,13
77.853,15.491,58.363,-106.026,49.407,2590.436,-91.984,123.49,67.425,36.673,26.369,103.139,79
4.199,18.258,19.492,1.425,18.749,99.983,-2.001,1.096,23.38,18.601,22.416,0.432,18
125.117,81.48,88.506,-40.979,86.685,2941.532,-19.652,38.718,82.009,83.615,28.028,27.707,58
13.688,18.494,39.317,-11.598,31.736,249.975,-43.512,132.618,28.867,26.41,23.165,103.747,13
5.234,27.357,104.791,-130.75,78.723,2964.34,-229.662,141.392,73.155,56.417,26.405,142.149,58
132.001,18.576,43.083,-2.291,39.471,2999.972,-15.178,1.332,54.053,33.726,23.292,-0.595,14
41.793,34.639,80.633,102.295,64.639,1667.972,-94.05,-221.507,66.175,52.529,25.588,-180.578,55
33.572,19.237,22.288,-43.471,19.104,810.846,-65.982,173.0,23.244,18.574,19.851,140.024,10
66.45,23.841,60.53,-97.798,48.261,1789.882,-68.666,177.878,57.361,38.279,26.021,139.265,50
55.644,18.412,62.516,-77.606,49.335,1449.992,-65.98,172.999,47.108,37.97,22.051,138.857,30
34.626,39.433,80.545,-124.246,67.361,4621.028,-189.972,79.974,67.157,55.586,27.438,80.864,53
76.487,44.167,74.64,-40.189,61.45,1663.528,-14.969,68.778,51.052,52.87,23.17,48.519,80
28.324,30.628,66.798,19.311,58.531,719.793,-19.269,-81.012,67.698,48.259,26.385,-60.07,68
61.695,91.089,88.657,-9.317,87.449,1321.85,-3.748,18.577,69.721,86.873,26.351,12.061,63
71.783,19.209,78.419,-107.083,58.222,5749.948,-163.22,51.776,55.459,39.452,21.691,48.741,27
59.608,72.1,97.054,115.859,86.003,2657.673,-111.656,-149.988,56.841,79.016,23.287,-129.5,80
15.636,18.734,33.802,-2.136,30.534,300.011,-2.981,15.774,32.979,27.79,19.794,10.692,36
12.04,18.148,19.716,0.835,19.033,249.986,-2.002,1.096,23.435,18.844,22.428,0.08,13
43.743,18.207,23.211,-42.771,19.838,999.991,-43.512,132.618,26.375,18.62,21.323,103.621,5
48.939,18.929,23.921,13.67,23.366,1064.99,-4.251,-34.264,32.694,21.45,23.066,-25.404,10
84.588,49.796,78.996,-99.289,72.122,2826.628,-87.532,105.297,74.11,63.836,24.776,87.905,47
74.711,43.27,72.121,107.618,64.013,4899.062,-147.173,-75.13,56.275,56.326,26.376,-70.394,68
13.691,18.621,39.403,-11.634,31.983,250.027,-43.513,132.617,30.737,26.765,22.894,103.72,13
130.591,41.443,65.562,16.65,60.768,3953.162,-62.668,-13.993,67.208,52.696,28.049,-12.381,58
60.325,69.57,97.346,115.228,88.751,4592.412,-151.71,-86.823,79.614,79.442,28.009,-81.183,68
87.262,19.315,72.251,-96.397,58.583,4999.944,-138.328,53.426,69.329,42.754,24.856,48.587,17
37.58,42.981,83.667,125.217,71.024,4639.664,-177.19,-95.572,84.91,59.74,25.574,-91.196,73
23.645,18.465,39.498,-22.061,32.927,499.989,-43.511,132.618,35.102,27.511,22.085,103.298,7
129.877,27.851,55.984,-8.902,49.313,4907.926,-96.896,1.852,43.783,41.606,25.77,0.812,67
67.825,49.868,83.383,112.81,74.984,2608.671,-91.777,-142.684,76.167,64.931,25.728,-119.671,49
87.132,19.822,72.129,-96.703,58.359,4999.949,-138.019,53.449,68.477,42.634,24.751,48.473,17
56.139,49.84,64.569,-59.488,59.518,1361.244,-43.694,134.302,66.882,55.092,25.881,101.263,49
20.67,40.155,81.687,-129.225,62.524,4499.964,-208.242,87.745,49.058,50.016,22.641,89.454,41
5.005,23.284,124.149,-130.467,92.05,3499.965,-219.059,113.68,96.003,64.013,23.278,110.727,23
132.008,19.133,28.813,-2.07,29.635,2999.966,-17.496,1.343,38.035,25.803,23.929,-0.573,14
37.058,18.306,21.503,-0.07,19.871,749.996,-2.001,1.097,29.191,19.851,23.277,0.197,16
69.33,29.269,42.8,-37.546,39.452,1499.988,-15.496,70.795,56.896,36.593,24.914,50.0,45
60.573,18.647,76.908,-115.717,58.286,3999.972,-156.654,85.86,54.353,42.243,21.051,79.592,10
69.483,18.928,65.599,-111.569,52.571,2999.973,-124.332,113.151,55.561,39.151,23.082,100.028,14
77.448,71.853,98.217,101.782,86.404,4315.913,-132.492,-81.153,63.536,78.917,23.351,-74.573,80
85.589,18.857,53.856,-100.287,44.537,2499.977,-75.695,123.415,49.293,34.613,25.048,100.581,9
48.996,18.774,23.474,13.654,23.168,1064.998,-4.252,-34.264,30.537,21.345,22.343,-25.412,10
49.747,18.407,74.552,-61.685,60.277,1249.998,-52.051,150.339,88.226,45.509,23.306,116.221,27
52.551,30.721,86.53,-86.478,70.749,1499.985,-79.938,188.412,70.912,55.921,24.937,150.0,41
32.908,56.025,103.872,58.34,82.896,1122.91,-64.294,-177.784,73.943,68.819,27.857,-140.578,53
4.923,68.262,85.041,9.685,78.458,252.22,-50.155,-150.331,58.286,71.291,24.051,-116.856,75
128.19,33.419,56.155,-23.064,52.571,3533.89,-49.369,16.129,61.175,45.189,23.771,12.077,71
124.717,25.057,43.43,-36.702,36.061,4773.278,-100.918,20.13,32.008,28.926,22.391,16.6,62
4.152,17.663,19.633,1.454,18.974,100.025,-2.002,1.096,23.071,18.778,22.111,0.179,3
84.988,30.309,55.818,-100.438,49.268,2499.973,-75.471,123.356,52.485,41.463,24.872,100.0,44
68.635,49.785,59.92,-37.337,57.594,1499.996,-15.5,70.795,60.268,54.124,25.449,50.0,42
19.777,34.627,120.177,-48.224,88.874,626.157,-144.295,271.379,58.058,67.221,23.139,224.999,43
19.551,18.823,104.303,-129.927,75.503,3999.953,-206.045,99.326,65.103,52.567,24.026,95.952,15
130.099,24.786,63.734,0.927,54.667,2779.115,-2.661,-0.943,59.115,44.406,26.383,-1.455,60
53.441,54.992,68.78,-30.589,64.358,1157.18,-17.38,76.286,53.886,60.687,25.692,54.195,57
123.526,19.355,34.506,-28.865,34.546,2599.971,-4.812,29.933,56.873,29.339,19.895,19.954,32
57.768,19.154,101.308,-116.292,78.707,5999.937,-167.521,52.466,94.765,53.207,25.05,49.194,19
30.63,50.089,125.931,-61.51,98.178,923.375,-105.248,225.604,73.759,78.718,26.373,183.444,49
66.119,88.581,93.498,-99.379,83.253,1944.153,-74.678,166.872,66.543,80.995,24.354,132.826,80
73.467,18.331,23.828,-0.361,23.877,1499.984,-2.0,1.098,31.946,22.19,23.517,0.003,8
4.17,18.933,19.328,1.447,18.834,99.977,-2.001,1.095,23.169,18.783,22.357,0.179,3
127.555,48.551,95.598,-31.069,85.763,4618.456,-83.312,15.681,85.117,71.117,27.307,12.296,57
83.544,91.093,88.53,-16.885,87.019,1814.195,-4.477,24.552,69.53,86.862,26.283,16.216,63
13.693,18.473,39.3,-11.629,31.638,249.987,-43.51,132.618,30.936,26.4,22.83,103.703,13
131.147,24.665,57.477,3.376,45.986,3316.488,-38.028,-4.071,31.131,37.511,23.136,-4.079,71
20.997,40.021,80.158,-129.231,61.643,4499.939,-208.13,87.813,48.51,49.612,23.121,89.538,41
23.645,18.655,39.59,-22.064,32.979,499.992,-43.512,132.618,35.756,27.565,23.341,103.306,7
17.278,19.267,113.246,-129.888,84.321,4499.962,-201.665,84.419,89.527,56.448,23.393,81.798,20
98.753,27.662,63.914,12.229,57.943,2155.631,-3.298,-14.657,68.924,48.329,26.27,-11.199,57
131.774,18.653,33.406,-3.058,33.087,3499.964,-45.822,1.174,44.788,27.999,23.48,-0.571,26
7.663,18.676,38.93,-5.408,31.345,99.965,-43.512,132.618,28.846,26.385,22.122,103.589,3
59.584,64.979,78.701,80.36,71.501,1755.197,-50.214,-150.396,65.483,67.084,23.879,-116.951,71
55.584,18.663,63.038,-77.666,49.415,1449.997,-65.982,172.999,48.294,38.173,22.303,138.801,30
95.735,19.143,44.118,-90.093,38.266,3403.966,-96.833,76.228,47.366,30.479,23.084,65.147,32
13.385,18.795,114.789,-130.391,84.628,3299.965,-210.883,121.708,84.589,58.109,24.836,118.224,27
98.133,80.354,69.426,-82.59,67.284,2348.574,-33.348,107.309,57.952,67.454,26.455,80.901,76
9.887,49.544,65.579,8.989,61.09,312.197,-25.07,-92.369,68.667,56.659,26.754,-69.056,56
2.314,19.267,124.058,-131.006,87.368,2703.972,-238.483,157.92,70.855,59.188,23.167,154.839,32
85.58,19.118,54.001,-100.299,44.735,2499.971,-75.626,123.411,49.967,35.01,24.898,100.535,9
87.144,49.221,94.958,-97.241,80.063,4999.945,-134.596,53.871,81.946,65.588,25.185,47.79,6
32.282,18.194,35.715,-127.245,25.625,3999.952,-199.132,99.814,25.424,19.85,24.615,96.383,15
10.303,50.171,80.785,12.148,72.001,352.959,-36.485,-122.846,67.968,62.493,25.168,-93.592,64
87.773,18.802,72.128,-97.434,61.35,3999.962,-116.463,67.34,84.51,45.105,23.08,59.378,31
74.944,35.313,67.214,108.199,59.977,2731.029,-87.907,-128.93,62.41,50.961,26.337,-107.992,70
131.82,18.606,57.881,-3.338,53.201,3499.966,-40.493,1.166,78.593,41.946,23.599,-0.508,26
48.956,18.19,23.93,13.661,23.372,1064.985,-4.251,-34.264,32.236,21.689,22.539,-25.41,10
40.072,33.327,44.541,27.987,40.632,990.549,-18.713,-82.415,62.802,38.236,23.631,-60.972,71
62.34,49.791,65.113,-112.652,59.343,5380.926,-165.712,58.77,73.213,54.051,23.603,56.8,47
45.127,30.721,70.666,-120.506,59.051,5211.982,-183.058,66.963,62.004,45.983,26.378,67.423,68
31.967,23.562,104.791,-127.17,79.468,2603.725,-181.606,156.159,69.449,57.646,26.385,145.029,56
41.052,35.056,60.474,-79.705,50.228,1248.134,-101.176,218.473,50.79,44.083,26.266,177.243,68
6.495,64.498,63.024,1.35,62.104,149.978,-2.0,1.095,58.08,62.315,26.427,0.43,20
26.512,18.622,115.4,-127.853,87.124,5849.94,-191.941,59.908,96.807,58.146,25.447,58.32,27
28.148,19.046,101.096,-128.248,75.47,4149.964,-193.218,91.971,75.807,52.571,20.251,88.347,29
9.547,19.183,91.026,-130.989,63.947,3299.961,-224.544,126.563,52.915,43.325,24.535,123.978,27
127.88,41.389,70.464,-25.119,65.588,2762.934,-5.178,24.174,75.485,57.444,28.711,16.232,58
119.429,19.062,63.269,-51.91,52.585,5649.942,-119.349,22.711,63.41,38.472,22.833,19.99,31
21.487,19.343,61.74,-128.64,48.645,3480.921,-203.927,114.697,62.476,35.847,25.996,110.98,63
53.973,28.936,95.514,-118.248,75.883,2893.064,-141.12,123.515,88.165,58.174,26.385,110.934,59
83.449,19.283,45.979,-84.824,39.064,1999.984,-43.512,132.617,39.689,31.466,24.047,101.949,4
79.708,81.101,98.141,103.962,88.074,4252.674,-124.222,-81.101,80.469,82.222,26.583,-73.509,51
96.489,49.724,73.096,-89.211,65.588,2462.123,-47.111,110.102,59.565,58.806,24.595,84.333,48
28.463,18.968,115.467,-127.797,86.811,4629.955,-191.953,80.089,82.786,59.865,23.524,77.342,29
83.321,41.622,54.481,-81.924,52.56,1999.647,-42.404,129.447,36.823,49.524,22.391,97.653,43
94.318,86.086,104.782,-90.638,96.134,4499.961,-116.379,55.921,82.55,89.436,24.297,50.0,45
19.693,17.671,65.575,-129.958,48.849,4499.948,-206.78,86.622,64.623,33.946,26.287,84.33,6
65.384,49.845,82.493,-97.137,69.82,1785.474,-68.215,177.51,66.773,60.387,26.104,138.871,49
69.497,18.826,66.165,-111.571,52.783,2999.973,-124.245,113.133,57.413,39.451,22.351,99.832,14
8.178,18.687,63.697,-7.616,45.986,100.002,-79.94,188.412,34.99,37.023,23.154,155.183,18
21.118,44.667,65.675,-29.76,53.341,499.984,-79.941,188.411,47.32,45.983,26.02,150.0,42
21.42,19.731,113.975,-129.022,86.034,5084.954,-196.205,71.788,96.485,58.223,23.341,69.879,29
130.799,18.543,49.758,-6.33,43.29,4999.946,-97.818,0.773,52.204,33.648,24.83,-0.52,17
23.114,28.907,75.266,-128.519,60.125,3058.501,-201.3,133.469,60.938,45.986,26.385,127.177,53
119.433,18.592,63.638,-51.863,52.607,5649.947,-119.237,22.696,63.93,38.614,22.539,19.999,31
16.372,19.118,112.88,-129.875,84.585,3999.955,-202.966,96.351,93.558,57.84,24.803,93.361,15
8.182,18.632,63.573,-7.613,45.986,99.98,-79.94,188.412,34.303,36.878,21.678,155.133,18
131.996,18.353,29.699,-2.128,30.432,2999.968,-17.01,1.344,41.381,26.279,23.743,-0.592,14
31.023,18.566,58.928,-40.851,45.188,749.993,-65.98,172.999,46.49,35.464,24.312,139.174,16
50.557,24.747,69.388,79.917,55.923,1627.48,-62.427,-161.87,59.703,42.974,26.392,-128.187,60
120.548,40.937,81.825,38.433,72.122,2700.205,-5.931,-37.899,74.373,59.775,26.39,-27.692,54
7.663,18.349,38.921,-5.409,31.342,100.015,-43.512,132.618,28.554,26.384,21.728,103.532,3
103.382,80.485,95.499,-78.569,86.752,4563.27,-111.669,47.691,64.877,82.66,25.676,42.124,69
72.479,70.85,92.994,109.147,82.262,4585.019,-138.847,-80.131,76.756,74.598,26.385,-74.07,66
8.137,18.673,64.019,-7.61,45.986,100.024,-79.941,188.412,38.486,37.048,23.174,155.098,18
25.55,34.331,82.615,-5.064,69.056,519.537,-4.182,25.035,66.014,55.758,25.715,16.513,55
13.676,18.39,39.369,-11.605,31.706,249.984,-43.512,132.619,29.817,26.385,22.855,103.722,13
8.792,19.726,100.974,-9.795,70.507,100.025,-122.972,242.425,33.013,51.179,21.51,206.87,2
87.577,18.931,72.001,-95.841,57.462,4999.948,-138.901,53.302,64.554,40.766,23.142,48.426,17
75.741,55.995,81.043,-106.41,72.122,3096.263,-111.885,103.038,73.203,65.591,26.424,89.516,54
113.169,26.991,56.75,-66.714,51.004,3869.587,-84.399,46.437,60.797,42.055,26.385,38.402,58
2.647,19.472,123.959,-130.908,90.002,3499.972,-225.644,115.208,83.79,60.821,21.237,112.91,26
43.551,18.818,42.28,-42.996,34.581,999.983,-43.51,132.617,35.088,28.778,22.508,103.176,5
12.11,18.049,19.843,0.847,19.304,249.981,-2.001,1.098,24.722,18.981,22.784,0.094,13
55.842,29.552,63.255,102.135,49.666,1848.315,-72.931,-190.645,56.639,39.452,26.348,-152.305,53
101.411,49.817,93.409,83.006,79.432,4817.554,-114.515,-55.926,76.057,65.586,24.803,-50.83,48
25.644,19.137,103.686,-128.644,75.575,3749.965,-198.96,105.171,60.747,52.826,23.517,101.454,27
127.597,49.663,67.072,31.023,64.828,3528.421,-47.681,-26.597,73.352,58.695,25.6,-22.001,48
130.452,27.833,71.592,2.754,59.873,4384.511,-77.692,-4.638,64.596,45.947,26.26,-4.736,67
113.72,44.713,53.272,-46.783,53.299,2455.188,-10.007,53.538,60.243,49.919,26.397,37.085,56
100.621,87.823,104.791,70.441,96.666,3080.406,-52.283,-68.233,84.516,90.819,26.329,-55.918,69
34.632,46.125,103.685,-126.054,82.717,4247.087,-183.008,87.67,81.802,65.389,26.385,83.307,57
106.234,28.437,66.515,57.845,58.283,2467.586,-14.094,-66.802,68.456,45.985,25.44,-49.099,75
118.134,30.459,67.278,56.937,57.47,3489.846,-58.258,-48.543,67.09,45.986,26.385,-40.087,68
63.119,19.014,45.866,-64.145,38.162,1499.986,-43.511,132.618,40.772,31.336,19.851,102.879,8
96.738,18.497,26.381,-0.834,26.546,1999.975,-2.001,1.099,39.928,24.393,24.179,-0.28,4
0.536,19.1,104.738,-131.188,72.121,2703.979,-243.679,159.353,64.103,49.971,22.109,156.989,32
50.936,17.298,89.186,-121.217,70.458,3299.961,-153.967,109.087,85.952,50.104,26.464,100.382,20
49.995,18.838,22.05,-0.303,21.811,999.996,-2.002,1.097,29.083,19.851,23.318,0.192,5
31.015,18.495,58.845,-40.848,45.379,749.977,-65.98,172.999,46.687,35.613,24.435,139.126,16
126.661,81.489,89.83,-23.736,84.579,4952.458,-93.396,10.407,74.665,82.534,24.77,8.39,72
93.315,49.818,59.039,-27.109,58.101,1999.983,-6.371,36.937,62.941,54.352,24.314,25.0,42
58.747,29.988,65.614,-75.916,55.838,1499.991,-58.919,161.745,52.067,45.798,24.222,125.0,44
48.251,18.842,37.315,13.85,33.759,1065.001,-4.252,-34.263,54.539,29.236,23.081,-25.273,10
53.598,34.774,71.978,-118.271,58.379,3823.061,-163.281,93.394,49.852,45.986,24.359,87.686,55
63.961,19.391,68.505,-54.491,55.18,1474.578,-33.141,110.389,57.307,39.612,26.384,81.659,53
119.399,39.534,79.869,-51.439,68.688,5046.564,-104.938,25.511,72.109,55.845,27.69,21.775,53
87.653,19.307,72.121,-96.002,57.904,4999.955,-138.186,53.387,66.937,41.811,23.15,48.278,6
108.154,67.462,108.771,-73.382,96.38,4360.341,-97.621,44.636,83.274,82.319,26.092,38.168,69
65.593,39.127,71.022,-113.908,62.91,2199.133,-97.659,167.109,69.725,53.462,27.373,139.55,53
69.339,18.658,67.083,-111.969,53.276,2999.968,-124.302,113.17,59.022,39.452,23.785,99.945,14
23.652,18.731,39.517,-22.046,32.923,499.996,-43.512,132.619,35.097,27.364,22.689,103.294,7
97.151,18.567,71.319,-86.763,58.213,4922.975,-126.366,47.55,67.95,41.612,26.126,43.52,63
95.767,56.114,99.781,-48.843,84.458,2142.607,-14.251,64.132,82.438,72.116,26.384,45.292,65
31.113,18.277,58.487,-40.764,45.02,749.982,-65.981,173.0,44.072,35.164,24.631,139.297,16
4.171,18.453,19.53,1.455,18.743,100.014,-2.0,1.095,24.05,18.842,22.439,0.444,18
95.682,18.894,49.84,-90.198,42.772,3403.966,-96.576,76.275,49.023,33.595,22.44,65.03,32
117.647,79.02,98.525,-50.706,88.713,4611.037,-94.678,28.918,72.818,81.706,26.334,24.555,76
39.19,61.222,113.625,-124.498,92.26,3234.147,-169.301,117.402,89.4,77.08,27.978,109.122,61
19.605,55.456,113.39,-33.514,92.521,500.017,-99.214,216.051,74.602,76.466,23.473,175.0,41
32.708,90.981,104.798,51.673,101.863,1084.854,-57.103,-163.364,71.497,96.762,26.382,-128.167,52
53.947,44.01,70.548,-52.775,59.244,1271.809,-40.876,127.268,51.002,52.572,23.18,95.502,80
128.788,70.316,104.791,-23.777,92.167,3865.515,-54.693,15.191,82.474,81.512,28.066,11.369,53
12.107,18.804,19.766,0.847,19.101,250.005,-2.001,1.096,23.95,19.071,23.092,0.117,13
122.488,56.105,69.774,54.066,65.693,2827.809,-12.023,-53.879,65.496,62.753,26.367,-39.538,70
8.155,18.507,63.954,-7.612,45.986,100.001,-79.941,188.411,37.472,37.01,23.174,155.106,18
130.15,33.004,57.472,-11.01,45.986,4247.768,-76.553,5.161,39.906,39.444,23.157,3.509,71
83.258,19.308,49.167,-85.121,40.038,1999.975,-43.512,132.617,44.222,32.982,23.175,101.902,12
8.144,18.292,64.008,-7.615,45.986,99.968,-79.94,188.412,37.959,37.056,22.963,155.104,18
35.302,91.062,88.417,-0.25,87.183,752.425,-2.006,1.113,69.641,86.813,26.324,0.01,63
16.168,19.022,113.255,-129.902,84.598,3999.956,-203.079,96.408,93.647,57.756,25.446,93.402,15
8.455,18.838,60.626,-9.595,39.249,100.026,-122.972,242.424,23.81,29.314,19.991,207.744,2
85.764,75.421,102.9,-99.77,94.05,3083.644,-90.732,94.72,90.099,85.495,27.654,79.65,56
92.937,28.291,98.329,-92.521,79.319,3507.299,-97.339,74.108,77.184,59.121,26.384,63.368,66
74.861,26.364,50.035,107.964,45.855,4446.229,-140.415,-80.892,58.645,38.446,26.399,-74.893,65
118.01,22.746,73.671,-45.887,62.26,5314.171,-111.955,20.962,73.459,47.733,27.293,17.993,74
131.442,19.3,45.326,-5.323,40.473,4499.958,-83.322,1.057,54.91,32.766,22.519,-0.582,21
85.232,34.762,78.709,99.335,67.235,4177.973,-121.287,-78.028,64.489,55.708,24.892,-70.594,55
86.902,19.17,41.86,-99.273,34.628,2499.968,-75.433,123.55,31.486,28.052,23.347,101.167,9
112.801,49.803,65.198,-61.393,62.861,2499.977,-15.353,70.512,67.302,57.562,25.908,50.0,42
73.238,49.886,81.951,99.788,72.016,2144.333,-51.111,-151.045,69.677,62.422,24.824,-117.541,48
4.736,19.032,131.163,-130.927,94.765,2703.977,-230.766,155.705,83.45,64.273,23.241,151.785,32
8.144,18.737,63.995,-7.605,45.986,100.008,-79.94,188.412,38.345,37.03,23.049,155.08,18
66.719,65.614,72.051,-51.258,67.81,1541.453,-28.507,99.592,61.096,65.274,25.781,73.001,76
85.53,28.881,57.573,-79.619,50.647,2037.967,-37.347,118.308,59.586,41.708,26.407,88.204,56
119.103,19.504,72.068,-51.994,57.553,5749.949,-122.949,22.495,52.586,42.475,19.849,19.825,29
67.56,49.541,98.373,-112.459,82.226,1999.975,-82.098,186.623,68.987,68.952,25.642,150.0,42
5.658,19.188,120.833,-130.514,89.563,3499.964,-218.395,113.445,94.987,60.682,23.303,110.866,26
3.219,18.614,38.686,-1.276,33.486,25.192,-11.903,57.354,41.156,28.023,23.211,42.032,11
4.19,18.928,19.461,1.478,18.829,99.978,-2.0,1.099,25.338,18.964,21.51,0.196,3
119.389,18.932,26.857,-0.815,28.031,2499.977,-2.001,1.097,37.965,25.018,25.605,-0.858,9
30.374,39.742,93.19,127.001,75.363,3380.517,-176.123,-132.236,73.413,59.813,26.672,-124.828,53
90.896,43.889,81.864,-93.396,70.518,3618.02,-105.435,74.593,62.076,58.364,24.969,64.698,63
3.94,18.013,50.596,1.475,43.082,99.933,-2.001,1.099,63.905,36.038,26.318,0.21,6
111.764,80.496,95.504,-66.366,86.816,4935.022,-110.722,36.116,65.037,82.679,25.679,31.751,69
22.782,49.021,92.352,129.133,75.969,4326.219,-192.019,-106.872,77.206,61.804,26.675,-102.783,65
67.488,34.238,49.577,112.398,45.21,3223.901,-124.636,-117.894,38.904,39.452,26.292,-105.031,68
23.016,62.53,121.063,-35.503,93.452,577.967,-85.949,196.335,67.227,78.682,26.342,157.352,58
129.136,49.833,63.246,-25.038,60.703,3802.576,-58.077,16.032,62.429,55.922,26.385,12.005,58
42.101,19.311,100.459,-123.677,77.273,5119.952,-178.452,67.902,89.074,52.616,23.785,64.918,31
4.179,18.292,19.562,1.47,18.907,100.022,-2.001,1.098,25.776,18.823,22.481,0.449,18
101.464,19.166,73.499,83.337,58.847,4999.951,-123.087,-54.197,60.743,43.168,23.119,-49.798,10
75.484,18.988,90.855,-104.827,70.625,5999.93,-155.911,46.896,83.513,48.845,24.954,43.495,4
4.127,18.337,19.744,1.476,19.102,100.035,-2.001,1.097,27.571,18.906,23.178,0.47,18
84.569,20.326,100.467,-100.044,83.543,4999.948,-135.063,53.982,92.659,61.26,26.383,48.407,6
104.705,41.538,60.679,77.635,55.844,5458.873,-128.979,-48.583,50.515,50.631,23.875,-45.285,72
25.163,49.904,125.31,-49.868,96.75,733.59,-109.242,228.321,72.994,76.744,26.17,186.477,49
83.986,18.51,39.452,-84.374,33.744,1999.98,-43.511,132.618,30.779,27.737,23.337,102.423,12
124.524,29.537,43.066,-42.282,40.364,3499.959,-56.807,32.29,42.881,36.347,26.383,25.0,42
4.11,18.183,19.848,1.52,19.453,100.04,-2.002,1.099,30.934,19.197,22.43,0.241,2
4.782,18.256,39.436,-1.562,34.756,60.029,-9.127,50.765,60.008,29.937,22.642,36.224,27
38.369,56.104,81.569,-124.131,64.001,3106.393,-175.254,125.795,63.738,55.797,26.385,117.192,54
126.225,29.488,61.694,-16.792,49.702,4773.499,-97.387,7.567,39.116,39.452,24.887,5.708,64
85.468,19.259,53.856,-100.392,45.089,2499.979,-75.756,123.385,50.221,35.488,24.82,100.517,9
83.352,18.706,48.564,-84.995,39.452,1999.977,-43.511,132.618,42.593,32.657,23.42,101.957,12
8.765,18.64,102.576,-9.814,71.923,100.014,-122.971,242.424,40.283,52.571,22.316,206.526,2
33.987,29.051,57.45,10.524,50.943,774.972,-5.912,-36.844,60.354,43.075,26.53,-26.974,53
131.793,18.774,68.937,-4.186,60.656,3999.96,-61.289,1.09,82.757,45.986,24.974,-0.458,15
88.574,18.351,68.417,-94.986,53.284,4999.948,-139.203,53.235,53.597,38.707,22.27,48.375,6
62.473,19.001,35.466,-115.804,31.832,1999.987,-101.434,193.752,45.532,26.385,22.221,162.747,32
98.267,19.333,32.345,-79.228,28.912,2249.995,-33.035,108.236,26.119,24.794,18.774,81.725,32
44.233,18.596,52.665,-5.756,45.364,899.991,-2.979,15.774,41.214,38.087,19.851,10.754,36
13.521,19.091,114.51,-130.34,84.182,3299.964,-211.233,122.116,82.708,57.744,24.784,118.4,27
40.311,23.594,70.37,125.104,56.325,2837.529,-156.506,-156.502,43.03,43.032,23.866,-142.421,75
119.37,18.761,63.894,-52.076,52.972,5649.944,-119.022,22.752,65.639,38.769,22.43,20.007,31
57.35,64.981,115.17,-116.886,95.07,5249.945,-165.057,63.349,82.075,79.437,26.384,58.436,20
31.609,15.641,73.648,-126.778,57.329,3157.234,-186.346,125.187,66.183,39.452,26.384,118.772,79
96.912,18.156,25.502,-0.636,25.92,1999.978,-2.001,1.097,34.333,23.422,23.911,-0.286,4
95.636,18.804,49.992,-90.249,42.777,3403.968,-96.573,76.277,49.101,33.612,22.318,65.058,32
51.735,54.082,109.697,116.269,91.861,2583.674,-125.853,-156.219,85.812,75.443,27.951,-136.191,65
7.658,18.348,38.959,-5.415,31.334,99.991,-43.512,132.618,28.753,26.382,21.735,103.573,3
73.471,18.806,23.586,-0.226,23.622,1499.985,-2.0,1.097,31.144,21.974,23.691,-0.032,8
119.656,18.149,26.385,-0.761,27.722,2499.972,-2.0,1.098,35.584,24.811,26.267,-0.83,9
8.182,18.145,63.573,-7.621,45.986,99.981,-79.94,188.412,34.043,36.915,23.203,155.143,18
47.355,91.643,96.268,-119.025,88.558,5298.908,-178.814,65.952,66.366,86.251,26.649,66.115,76
92.126,61.222,90.315,-93.604,78.944,2755.781,-71.386,101.997,65.486,70.536,24.816,82.369,73
35.08,19.296,111.651,-125.08,84.747,5999.938,-184.441,56.465,98.618,56.594,23.303,54.546,31
13.688,18.48,39.338,-11.641,31.79,249.997,-43.511,132.618,30.936,26.426,22.826,103.701,13
23.542,19.369,116.662,-129.151,81.861,2249.975,-201.978,192.618,58.653,56.74,19.393,181.703,32
119.43,18.341,27.024,-0.9,28.018,2499.972,-2.001,1.097,37.466,24.966,25.743,-0.858,9
27.544,19.336,104.791,-128.058,79.34,4499.965,-191.39,82.965,89.045,54.593,21.979,79.479,21
21.858,85.893,96.077,-26.363,88.414,500.004,-58.915,161.746,79.175,84.531,24.613,125.0,41
73.542,18.141,23.982,-0.363,23.993,1499.986,-2.001,1.097,32.592,22.146,23.35,0.053,8
36.566,18.58,27.077,-18.715,25.232,750.0,-15.495,70.795,31.129,23.187,22.43,52.06,27
35.265,78.643,103.307,-125.556,91.78,3691.972,-179.505,103.649,80.156,84.91,26.098,98.302,69
20.636,55.066,127.502,-129.525,101.546,3890.897,-197.491,99.988,88.322,79.814,28.03,98.751,74
112.347,49.773,78.699,-61.603,72.117,2499.97,-15.352,70.523,71.334,64.089,25.669,50.0,42
49.977,70.483,90.606,41.676,81.024,1303.069,-26.968,-98.564,65.652,72.846,26.381,-74.027,79
76.425,19.03,78.707,105.472,61.645,3916.277,-124.964,-87.578,71.136,44.352,26.193,-79.27,63
29.86,19.065,128.313,-3.97,85.392,599.995,-3.365,16.746,36.807,58.321,19.851,11.442,36
31.118,18.703,58.703,-40.774,44.939,750.006,-65.982,172.999,43.807,35.398,24.336,139.288,16
8.194,18.707,62.677,-7.6,45.913,99.975,-79.941,188.412,29.405,36.196,23.046,155.324,18
4.697,18.542,24.813,-1.8,22.065,50.028,-15.496,70.795,28.394,19.851,19.889,52.545,30
131.792,18.656,32.316,-2.977,31.749,3499.965,-46.459,1.172,39.677,26.386,23.426,-0.557,26
13.692,18.669,39.386,-11.635,31.926,249.974,-43.511,132.617,30.757,26.505,22.491,103.739,13
93.489,65.558,70.822,-92.145,63.366,2683.472,-64.532,102.991,68.958,59.622,26.385,82.057,74
74.659,44.453,47.342,107.046,43.487,3518.854,-118.451,-100.047,46.201,39.452,25.621,-88.812,69
115.382,29.689,44.521,-60.477,42.701,2499.972,-15.398,70.595,39.962,37.858,26.165,50.0,42
120.186,49.819,68.379,-52.406,62.985,4672.158,-97.254,28.948,63.103,56.553,26.401,24.158,58
30.096,18.796,22.283,-3.884,21.392,599.998,-2.98,15.774,32.258,19.851,19.851,10.727,36
67.207,18.775,67.693,113.73,54.138,2499.975,-91.824,-149.355,59.822,39.452,25.454,-127.614,6
13.674,18.336,39.389,-11.611,31.792,249.985,-43.511,132.618,30.043,26.447,23.111,103.707,13
36.759,50.047,81.748,63.319,74.144,1223.193,-62.77,-174.686,74.236,65.63,26.39,-137.921,54
82.597,18.389,83.817,-99.361,65.368,5749.931,-149.874,46.936,74.718,45.631,25.899,43.362,20
86.614,19.154,81.652,-11.405,65.718,1799.985,-2.98,15.774,47.336,50.98,21.633,10.802,36
4.751,89.38,130.014,0.697,104.791,110.945,-20.792,-2.763,87.657,97.037,24.903,-6.604,75
4.707,18.639,29.849,-1.796,26.156,50.006,-15.496,70.796,34.474,23.916,21.493,52.441,30
44.532,18.604,22.841,-5.676,22.315,899.997,-2.98,15.774,32.459,19.878,19.851,10.874,36
87.825,24.73,53.724,97.81,43.921,2583.013,-59.867,-120.457,35.749,34.898,22.848,-96.224,62
80.646,45.711,96.756,91.754,79.089,2214.134,-40.026,-130.276,74.88,64.954,27.654,-99.695,74
106.548,40.901,84.261,-76.041,70.591,3342.453,-72.723,63.498,72.303,58.761,27.642,51.827,54
131.804,18.298,37.794,-3.85,35.367,3999.955,-67.845,1.105,43.56,29.343,24.198,-0.582,15
69.33,19.325,65.618,-111.681,52.667,2999.973,-124.288,113.184,56.946,39.445,22.268,100.022,14
50.545,18.768,56.231,-60.965,45.986,1249.993,-52.049,150.34,69.471,36.232,23.835,117.442,27
15.606,18.566,112.903,-130.019,84.395,3999.951,-204.543,97.038,91.083,57.633,23.97,93.907,15
122.734,49.81,60.707,46.966,59.344,3308.786,-43.26,-41.937,64.725,55.649,25.091,-33.669,48
83.106,18.461,49.633,-85.366,41.969,1999.973,-43.514,132.617,47.153,33.221,23.294,101.839,12
45.661,24.821,55.802,-121.148,45.613,5279.248,-185.715,67.263,50.177,35.958,23.16,69.253,62
31.133,18.214,58.583,-40.758,44.826,749.999,-65.985,172.998,43.439,35.368,24.937,139.28,16
12.571,75.809,88.043,-4.837,82.407,232.38,-10.485,54.446,66.635,78.847,23.277,37.767,71
12.09,18.527,19.846,0.798,19.35,250.006,-2.001,1.097,26.94,19.126,22.997,0.122,13
123.898,61.222,75.99,-40.542,71.312,3988.745,-71.298,26.236,65.777,65.57,24.828,20.833,73
58.604,18.207,34.375,-7.612,32.072,1199.991,-2.98,15.773,41.123,27.948,19.851,10.842,36
130.876,18.769,28.248,-0.898,29.67,2749.971,-1.995,1.073,39.168,26.047,23.948,-0.806,20
128.413,19.284,65.513,-8.874,55.221,5999.933,-115.031,0.298,71.474,39.452,24.817,-0.438,19
44.724,24.622,43.364,123.674,37.049,1971.429,-114.33,-232.973,33.763,31.318,25.287,-194.365,65
8.07,32.544,81.428,32.181,64.752,530.99,-103.698,-232.511,63.076,52.585,26.113,-191.132,54
61.828,19.103,75.126,-114.965,56.372,3999.969,-156.321,85.787,47.783,39.575,19.856,79.49,10
87.744,19.368,72.099,-95.986,57.637,4999.944,-138.255,53.421,66.302,41.699,23.332,48.576,6
13.294,28.285,32.183,12.534,31.33,380.881,-17.326,-52.219,68.688,29.85,25.123,-40.56,75
35.818,19.447,37.875,-124.964,33.191,2250.051,-178.542,187.798,32.951,26.995,19.608,174.721,32
43.709,18.532,51.109,-122.823,36.471,4749.96,-187.719,77.6,33.005,25.989,19.851,74.907,31
63.643,19.046,39.667,-63.65,33.782,1499.981,-43.512,132.617,30.685,28.004,21.083,103.292,8
81.188,56.106,86.857,38.611,79.086,1897.323,-10.875,-56.349,80.764,70.541,26.383,-41.221,65
23.695,19.074,39.452,-22.021,32.336,499.987,-43.511,132.617,31.174,27.155,22.32,103.509,7
12.067,18.313,19.843,0.875,19.4,250.005,-2.0,1.099,27.396,19.115,22.976,0.125,13
23.648,18.877,39.471,-22.058,33.008,500.004,-43.513,132.617,35.419,27.766,23.197,103.309,7
130.583,18.648,31.396,-1.05,31.96,2749.969,-1.995,1.079,44.606,27.139,23.163,-0.764,20
9.702,19.395,122.905,-129.719,92.493,5499.938,-202.247,65.205,111.527,61.448,23.145,63.687,24
102.913,56.05,100.562,80.065,83.707,4715.558,-110.95,-55.341,73.541,70.588,26.385,-50.088,54
69.363,28.991,65.128,111.16,55.85,4011.186,-136.874,-91.868,61.746,44.735,26.41,-84.158,53
4.723,18.472,34.28,-1.565,31.319,59.938,-8.773,49.414,74.03,27.045,21.957,35.047,29
35.661,46.724,96.45,-125.909,79.003,5291.135,-187.284,67.998,79.063,63.054,27.36,72.044,65
12.323,26.962,30.075,13.9,26.384,384.02,-34.716,-119.685,28.104,26.349,26.291,-90.786,68
7.659,18.274,38.821,-5.412,31.337,100.032,-43.512,132.618,28.983,26.373,22.484,103.615,3
131.7,23.046,36.618,-3.004,36.253,3499.963,-45.506,1.17,46.251,31.418,23.585,-0.573,23
85.946,18.609,52.821,-99.957,43.727,2499.975,-75.605,123.443,45.85,34.378,23.988,100.644,9
122.318,38.479,58.275,-47.696,54.735,3999.958,-75.918,31.153,62.195,47.4,24.895,25.0,44
47.866,67.179,68.939,-0.871,68.215,1000.001,-2.003,1.098,72.417,66.949,25.664,0.0,45
105.529,30.594,72.268,77.681,63.592,2857.116,-42.001,-80.494,68.81,50.943,26.385,-63.06,68
15.958,18.887,113.328,-129.96,84.626,3999.959,-203.576,96.608,93.259,57.737,24.773,93.558,15
122.713,49.881,51.275,-46.898,50.082,3999.784,-77.288,31.11,48.951,49.329,23.673,25.0,44
36.564,18.471,28.388,-18.695,26.133,749.993,-15.495,70.795,31.293,23.586,21.461,52.038,27
52.606,30.535,87.618,-86.37,71.82,1499.978,-79.937,188.414,70.938,57.105,24.962,150.0,41
79.641,24.654,53.392,105.447,42.947,2295.036,-55.394,-151.68,35.332,33.968,22.832,-118.93,62
37.076,18.418,21.451,-0.041,19.851,749.994,-2.001,1.097,29.092,19.849,23.591,0.205,16
48.054,67.028,67.845,-0.843,67.132,999.981,-1.998,1.095,70.156,65.598,25.531,0.0,45
60.626,40.123,44.44,32.455,39.411,1395.867,-13.363,-67.928,31.473,37.214,24.915,-49.749,57
89.587,50.208,72.122,37.632,66.961,2051.527,-10.108,-51.554,66.603,60.285,25.304,-37.719,64
55.327,27.171,43.76,67.382,38.024,1542.418,-44.56,-139.355,49.546,33.038,24.809,-107.48,72
4.828,23.383,124.171,-130.541,92.125,3499.97,-219.283,113.737,96.303,64.008,23.385,110.862,23
57.646,19.473,100.946,-115.738,78.707,5999.941,-167.806,52.287,93.754,52.754,24.653,49.097,19
3.842,38.82,71.581,3.003,59.896,73.08,-2.793,-0.074,62.408,49.318,26.328,-0.989,70
13.679,18.817,39.384,-11.64,31.691,250.002,-43.512,132.618,31.545,26.433,23.051,103.667,13
8.177,18.701,63.575,-7.613,45.986,99.994,-79.941,188.412,34.684,36.94,22.903,155.228,18
4.052,18.471,26.109,1.498,24.879,99.988,-1.999,1.098,41.281,23.359,22.814,0.203,2
16.279,20.442,68.752,-130.194,45.984,3499.962,-217.806,119.261,34.649,33.218,21.195,116.162,23
87.013,49.592,95.112,-97.432,80.089,4999.943,-134.274,53.862,82.149,65.588,24.655,47.694,6
30.964,18.6,53.472,-27.072,44.424,674.996,-39.041,120.303,35.425,36.449,21.474,93.063,30
70.355,61.222,93.01,-108.038,79.916,3294.333,-126.721,99.266,65.965,70.651,24.826,88.518,73
8.133,18.712,64.003,-7.616,45.986,100.014,-79.94,188.413,38.478,37.023,23.207,155.09,18
28.508,19.814,101.575,-128.172,75.826,4149.964,-192.298,91.574,77.0,52.577,21.072,88.085,29
62.916,54.888,73.362,-114.742,67.36,2844.491,-127.162,125.396,67.318,61.914,27.901,110.447,74
93.034,62.869,79.74,-65.818,68.886,5438.182,-138.246,31.538,58.867,61.806,23.178,30.062,62
44.077,33.156,33.217,-49.932,32.053,1053.714,-52.718,150.549,30.119,31.782,25.783,115.318,54
91.685,18.483,31.602,-44.288,30.064,1959.983,-13.558,64.153,40.372,26.167,21.986,46.597,30
120.13,27.722,68.025,-7.169,57.856,2535.959,-2.655,7.44,53.402,45.986,25.878,4.326,67
87.713,18.66,72.046,-95.996,57.474,4999.947,-138.3,53.383,65.884,40.999,23.259,48.367,6
67.386,18.335,67.513,113.625,53.739,2499.976,-91.788,-149.364,58.131,39.452,25.803,-127.622,6
12.086,18.678,19.717,0.826,19.149,250.001,-2.001,1.097,23.638,19.059,22.675,0.107,13
44.121,81.49,98.308,30.142,94.622,1115.164,-17.737,-80.34,79.971,88.89,27.022,-59.284,68
24.6,29.452,94.858,-128.399,75.75,2824.64,-192.327,142.513,87.712,58.107,26.385,134.386,59
31.162,18.119,58.36,-40.701,44.617,749.981,-65.981,172.999,41.98,34.87,24.679,139.308,16
27.358,19.18,114.883,-127.604,86.464,5849.94,-192.523,60.158,92.423,58.187,25.561,58.514,27
36.985,18.551,27.624,-0.131,26.352,749.991,-2.001,1.097,42.31,24.264,23.989,0.232,16
131.986,18.808,41.296,-2.26,39.452,2999.97,-15.23,1.342,53.39,33.005,23.212,-0.578,14
95.382,18.657,79.484,-89.564,63.476,4499.952,-122.094,55.274,62.579,45.986,25.456,48.849,4
83.804,49.673,71.968,64.063,64.82,2092.818,-24.47,-91.331,72.925,58.418,24.117,-68.29,47
124.57,72.658,102.018,-37.828,91.046,5522.85,-106.665,15.663,78.011,81.86,26.38,13.116,74
23.833,61.25,68.895,-0.309,63.886,500.014,-2.003,1.097,58.29,59.244,23.307,0.0,44
31.896,52.702,75.298,99.928,64.041,1543.538,-113.41,-243.773,68.704,56.504,26.105,-201.686,79
69.307,18.983,66.982,-111.826,53.287,2999.973,-124.269,113.069,58.841,39.452,23.161,99.895,14
81.562,30.019,36.689,-98.629,34.864,3584.215,-113.813,80.21,56.632,33.174,24.771,70.509,72
82.666,19.128,83.611,-99.224,65.158,5749.942,-150.009,46.948,74.025,45.477,25.355,43.352,20
4.714,23.391,124.082,-130.495,92.198,3499.968,-219.367,113.769,96.362,64.045,23.431,110.832,23
49.422,60.374,112.956,95.119,97.081,1723.171,-71.69,-190.763,83.885,82.381,27.435,-152.095,56
85.525,18.303,54.034,-100.354,45.091,2499.97,-75.709,123.395,50.633,35.174,25.321,100.543,9
129.418,46.583,64.502,21.304,60.53,3981.209,-66.919,-17.41,52.292,55.748,26.335,-15.393,68
4.191,18.67,19.342,1.465,18.627,99.967,-1.999,1.099,24.56,18.693,22.226,0.187,3
5.898,49.596,99.357,15.879,81.385,326.798,-65.006,-179.355,71.522,68.145,25.423,-141.916,48
51.85,19.418,85.765,-120.863,62.423,1999.984,-128.644,204.357,53.445,44.914,25.602,176.48,4
13.674,18.375,39.433,-11.623,32.033,249.995,-43.511,132.617,31.686,26.424,23.172,103.683,13
125.671,50.31,82.351,-35.347,71.959,5134.381,-101.573,16.384,64.559,61.512,25.083,13.464,49
131.997,18.747,29.588,-2.104,30.031,2999.965,-17.188,1.341,40.472,26.191,23.759,-0.58,14
95.441,18.329,63.776,-89.429,52.571,4499.942,-122.485,55.159,61.313,38.703,25.105,48.92,4
63.219,29.72,49.66,-63.784,43.238,1499.986,-43.511,132.617,34.753,37.869,25.624,100.0,42
78.986,50.421,62.886,39.46,59.444,1816.056,-12.241,-62.746,45.821,55.513,25.533,-45.896,51
12.092,18.527,19.765,0.825,19.108,249.985,-2.0,1.098,23.654,18.95,23.153,0.094,13
36.963,67.53,116.321,82.088,93.141,1428.554,-84.817,-206.864,69.519,80.238,26.333,-167.378,51
73.576,18.747,24.686,-0.413,24.8,1499.984,-1.999,1.098,35.064,22.843,23.336,0.084,8
31.154,18.806,58.153,-40.725,44.488,749.998,-65.981,172.999,41.341,34.967,24.635,139.307,16
109.597,22.206,79.244,-71.947,67.89,3682.555,-80.274,52.753,74.741,52.571,26.375,43.59,52
130.179,29.507,87.684,-11.395,70.545,4237.598,-70.007,5.019,66.255,53.266,26.385,3.487,68
96.991,18.166,25.726,-0.591,26.2,1999.98,-1.999,1.097,35.001,23.535,23.492,-0.132,12
46.456,43.673,85.261,9.109,71.403,1039.29,-3.967,-24.17,64.538,58.836,25.006,-17.862,63
91.659,18.563,90.951,-94.558,72.887,2249.978,-39.454,126.237,87.726,53.178,23.781,93.829,27
86.815,19.39,72.122,-96.592,57.971,4999.953,-138.349,53.413,67.878,41.943,23.767,48.71,17
131.23,19.063,42.754,-5.262,38.234,4499.956,-84.827,1.05,44.794,30.934,22.405,-0.574,21
36.569,18.723,31.152,-18.664,27.928,749.999,-15.496,70.794,31.418,25.009,22.972,52.034,27
24.594,18.034,66.932,-13.057,55.954,499.996,-15.497,70.795,74.284,44.427,26.318,50.806,6
83.463,18.018,46.431,-84.937,39.452,1999.983,-43.511,132.618,41.035,32.01,24.591,101.802,4
94.548,40.067,72.122,-90.057,63.59,4499.971,-120.881,55.457,67.742,52.871,23.011,50.0,41
86.697,35.388,59.646,98.613,50.829,3935.108,-114.864,-81.61,60.408,43.172,26.284,-73.008,70
127.261,87.671,104.023,-25.268,96.862,4552.823,-80.645,12.305,81.449,91.384,26.279,9.541,69
123.025,38.118,71.468,45.678,62.675,4924.958,-98.753,-30.485,68.188,52.571,26.26,-27.52,66
121.94,46.376,72.368,-23.271,64.232,4907.902,-101.469,9.131,56.525,56.054,25.623,7.041,78
23.676,18.664,39.496,-22.021,32.655,499.989,-43.512,132.618,34.327,27.336,23.247,103.325,7
83.218,18.145,49.256,-85.199,40.631,1999.974,-43.51,132.617,45.121,32.705,24.784,101.716,4
86.491,19.201,104.842,-11.368,79.308,1799.984,-2.981,15.774,47.117,56.266,21.512,10.779,36
111.798,54.262,77.942,-62.487,68.445,5222.106,-115.361,30.755,75.213,60.648,24.703,27.273,80
82.252,49.855,79.825,-22.636,72.019,1768.122,-5.992,33.75,73.686,62.955,24.912,22.792,47
97.308,18.511,25.168,-0.428,25.656,1999.981,-2.001,1.097,33.172,23.437,23.201,-0.058,12
83.116,18.969,49.398,-85.281,41.69,1999.977,-43.512,132.617,46.289,33.247,25.164,101.688,4
27.98,18.786,114.816,-127.462,85.99,5849.938,-192.512,60.151,91.026,58.254,24.781,58.525,27
109.749,62.471,95.296,70.262,84.974,5050.917,-110.055,-45.935,80.577,72.391,26.353,-41.805,76
107.361,70.517,83.804,-75.644,78.707,3499.969,-76.822,60.975,67.346,72.153,25.486,50.0,42
124.111,32.507,68.013,38.642,58.984,4666.708,-91.876,-27.393,67.852,45.99,26.396,-24.692,76
21.089,71.427,94.909,-29.534,82.108,500.02,-79.944,188.411,49.841,76.007,25.456,150.0,42
73.008,18.864,68.23,-106.271,51.103,5749.945,-163.788,51.704,47.994,35.508,21.801,48.719,27
41.711,54.879,104.776,76.069,90.764,1424.342,-66.731,-182.569,83.723,76.76,27.258,-144.735,56
4.099,18.552,19.809,1.505,19.159,99.997,-2.002,1.098,29.281,19.062,22.546,0.443,18
131.791,18.816,33.191,-3.061,32.991,3499.964,-45.955,1.173,43.594,27.879,23.926,-0.571,26
23.718,18.437,38.101,-22.012,30.64,499.989,-43.512,132.619,28.137,25.894,21.606,103.634,7
102.946,61.222,83.656,80.154,76.107,4177.642,-99.077,-61.444,70.841,68.942,23.573,-54.33,62
7.679,19.302,37.859,-5.389,29.963,99.981,-43.511,132.618,26.061,25.896,21.089,103.553,3
4.139,18.486,19.851,1.509,19.731,100.002,-2.0,1.099,31.93,19.304,23.106,0.473,18
43.551,19.21,42.372,-42.976,34.506,999.994,-43.512,132.618,34.907,28.677,22.429,103.204,5
129.703,19.287,57.473,-8.142,49.302,5499.945,-107.184,0.642,62.552,36.707,24.015,-0.423,24
9.81,19.721,122.906,-129.633,92.58,5499.947,-201.986,65.08,112.119,61.57,25.402,63.553,24
9.615,24.464,54.145,1.278,45.961,186.562,-2.139,1.373,31.35,37.742,23.117,0.201,71
119.284,19.168,63.723,-51.845,52.729,5649.946,-119.202,22.66,64.547,38.766,22.116,20.044,31
35.883,19.244,89.762,-125.683,64.795,4499.962,-190.256,83.886,54.358,44.997,19.851,80.025,21
4.19,18.518,19.45,1.459,18.606,100.002,-2.001,1.095,23.27,18.592,22.873,0.433,18
76.144,18.621,28.707,-103.657,25.582,5738.818,-166.24,51.345,31.801,23.185,22.321,48.546,27
13.671,18.143,39.425,-11.63,31.971,249.983,-43.511,132.617,31.684,26.419,22.46,103.687,13
131.792,18.389,37.658,-3.855,35.133,3999.957,-67.963,1.104,42.781,29.107,24.758,-0.56,15
52.959,61.214,104.39,107.42,85.374,1894.913,-79.028,-199.661,68.187,72.122,24.834,-160.562,73
70.017,67.541,98.174,-110.368,86.826,2176.047,-82.726,162.651,80.343,78.707,26.355,132.817,65
13.692,18.26,39.383,-11.637,31.834,250.024,-43.513,132.618,30.866,26.385,23.158,103.729,13
116.205,49.882,72.123,60.896,67.272,4068.029,-82.126,-46.701,68.996,59.789,24.605,-40.442,48
103.552,49.977,98.246,-80.35,85.224,4377.086,-103.743,49.151,86.416,70.623,25.208,42.708,48
51.277,18.524,52.643,-59.188,42.922,1249.986,-50.731,146.704,56.513,34.279,24.338,114.916,20
41.136,44.013,88.095,124.017,71.329,3254.081,-160.544,-133.255,64.407,58.88,25.168,-123.043,63
116.041,49.854,64.197,-49.806,62.251,2531.888,-11.036,55.227,65.845,57.473,25.343,38.489,48
97.066,18.662,25.527,-0.53,26.033,1999.98,-1.999,1.097,34.346,23.489,23.488,-0.123,12
-2.739,18.869,98.327,-131.394,69.444,3499.965,-237.114,118.094,69.759,45.972,26.069,116.417,6
9.4,17.971,52.413,-3.464,44.79,211.447,-5.754,18.537,64.395,37.326,25.653,12.608,63
93.475,64.972,83.079,-83.795,76.476,2249.977,-35.435,114.398,65.313,70.768,26.364,84.176,20
110.957,39.356,92.382,54.557,75.442,2616.577,-15.91,-58.41,68.575,60.593,27.038,-43.629,53
131.809,18.659,32.35,-3.046,31.947,3499.961,-46.413,1.173,39.937,26.385,23.453,-0.573,26
69.218,18.695,66.87,-111.812,53.157,2999.97,-124.385,113.049,58.649,39.452,23.183,99.889,14
33.712,23.044,86.88,-64.719,67.118,999.996,-99.215,216.052,69.859,50.952,24.835,175.0,41
102.314,75.427,100.517,-82.359,92.037,3960.165,-94.036,57.191,85.892,83.997,26.398,48.629,56
128.636,19.374,69.13,-9.317,58.202,5999.938,-113.495,0.39,78.523,42.508,25.695,-0.317,19
37.897,34.276,88.145,-110.143,64.338,1499.995,-144.297,271.381,50.578,50.741,23.144,225.0,43
92.267,73.775,92.377,79.674,85.126,5417.631,-133.13,-51.427,78.671,79.207,26.092,-48.169,69
89.11,18.558,68.398,-94.564,53.035,4999.941,-139.608,53.23,53.423,38.698,22.892,48.5,6
131.292,19.362,50.475,-6.44,44.394,4999.95,-96.854,0.992,55.38,34.041,24.798,-0.419,17
30.386,34.557,90.499,-126.821,71.986,3033.94,-186.996,131.952,64.981,57.585,24.807,125.219,55
62.745,23.831,45.986,-76.444,41.367,1577.457,-53.516,151.966,58.594,34.602,26.341,116.542,50
120.467,18.596,55.936,-52.815,50.955,3103.968,-42.461,46.248,69.627,39.452,22.319,34.792,32
58.532,89.495,112.855,116.553,103.17,2559.943,-102.494,-155.411,87.158,95.269,24.907,-132.139,75
27.451,19.232,104.791,-128.004,79.628,4499.956,-191.02,82.519,90.935,54.794,22.9,79.27,21
54.826,49.821,101.684,-119.201,81.905,2155.164,-122.09,181.577,69.915,67.591,26.384,155.782,49
131.26,18.726,43.216,-5.146,39.004,4499.958,-84.438,1.043,48.124,31.35,22.05,-0.655,21
72.491,18.569,46.002,-9.462,42.299,1499.989,-2.981,15.774,45.333,35.426,19.851,10.688,36
115.527,29.651,45.195,-60.621,42.942,2499.975,-15.392,70.584,39.699,38.082,26.09,50.0,42
96.831,18.248,25.906,-0.736,26.295,1999.979,-2.001,1.098,35.957,23.801,23.348,-0.285,4
9.751,19.869,123.006,-129.564,92.58,5499.947,-201.912,65.045,112.335,61.665,25.031,63.491,24
76.033,49.951,88.457,101.003,78.723,2208.203,-48.552,-147.129,78.27,67.008,26.318,-114.057,49
50.916,18.434,54.183,-59.594,44.653,1249.992,-50.734,146.704,65.863,35.183,24.796,114.464,20
30.892,61.296,99.416,124.201,88.129,3756.067,-176.789,-117.688,84.598,77.028,27.854,-111.751,68
12.074,18.213,19.765,0.836,19.103,249.982,-2.001,1.096,24.617,18.895,22.989,0.099,13
58.434,35.811,74.917,-116.501,62.725,3591.505,-150.499,97.188,62.103,54.089,26.329,89.259,70
104.742,91.075,111.581,76.958,101.518,5831.223,-124.287,-45.556,87.66,93.915,26.384,-42.121,56
12.078,18.525,19.847,0.809,19.342,250.009,-2.002,1.096,27.015,19.126,22.961,0.13,13
60.377,70.134,117.866,-116.59,101.986,3725.125,-141.896,91.285,96.909,87.676,27.647,83.02,56
8.566,19.118,72.067,-9.657,47.144,100.012,-122.972,242.424,24.564,35.476,21.445,207.627,2
3.99,17.696,49.282,1.488,42.171,100.055,-2.0,1.095,63.637,35.236,26.235,0.228,6
129.88,19.508,56.265,-8.135,47.375,5499.942,-107.681,0.666,58.621,36.209,23.275,-0.286,24
8.146,18.52,63.994,-7.605,45.986,100.033,-79.94,188.412,38.269,36.999,22.981,155.087,18
6.47,64.409,63.085,1.408,62.061,149.938,-2.0,1.099,58.865,62.274,26.384,0.451,20
46.839,44.489,62.006,57.476,57.472,1328.675,-43.349,-138.785,65.185,52.578,27.967,-106.688,56
8.453,20.736,80.918,-8.601,48.892,59.977,-166.065,301.703,22.241,33.728,19.122,260.422,36
24.184,75.353,69.747,-7.145,67.219,500.002,-6.37,36.936,83.635,67.267,23.902,25.0,41
61.481,24.994,56.16,-115.112,49.221,2957.736,-135.556,119.072,59.7,39.451,26.376,106.424,60
21.089,70.804,97.184,-29.571,84.077,499.986,-79.941,188.413,50.271,77.344,25.471,150.0,42
29.248,54.947,124.993,-127.717,101.582,3890.884,-185.636,97.709,91.445,80.313,28.075,92.572,74
53.17,18.496,33.24,-35.576,29.908,1149.988,-23.016,90.022,41.273,25.908,25.069,67.477,27
130.973,30.615,115.125,-4.412,98.003,4214.737,-68.574,0.384,75.541,77.477,26.37,-0.547,52
31.06,18.127,58.752,-40.812,45.189,749.991,-65.98,172.999,45.735,35.502,24.38,139.178,16
23.003,18.822,110.451,-128.446,81.976,5749.947,-196.524,62.127,90.322,54.151,24.546,60.537,27
60.657,18.43,76.987,-115.617,58.265,3999.968,-156.531,85.833,54.188,41.989,19.953,79.428,10
17.421,19.13,113.296,-129.92,84.168,4499.96,-201.68,84.415,89.605,56.557,23.317,81.844,20
31.277,18.547,56.531,-40.567,42.811,749.995,-65.983,172.999,34.411,33.717,24.46,139.581,16
40.773,29.629,55.897,-50.976,45.983,999.992,-58.918,161.744,45.286,39.186,26.173,125.0,42
29.522,19.372,68.982,-127.672,52.818,4149.966,-195.542,92.929,59.641,38.104,19.851,89.775,29
106.852,49.739,79.392,76.367,71.358,3933.136,-87.905,-60.839,70.901,62.122,25.405,-52.672,48
119.336,19.343,64.34,-52.059,53.324,5649.948,-118.72,22.693,66.996,39.107,22.1,20.039,31
95.626,56.086,44.621,-82.892,43.614,2249.981,-35.466,114.432,41.132,44.364,24.831,85.636,20
111.961,49.788,83.098,65.995,71.456,4369.843,-94.871,-48.291,70.041,60.765,27.343,-42.879,53
5.578,19.113,120.911,-130.505,89.364,3499.971,-218.515,113.482,94.92,60.66,23.29,110.853,26
91.518,18.675,34.265,-44.409,32.346,1959.98,-13.557,64.153,43.803,27.588,21.982,46.489,30
90.833,89.92,99.899,-92.604,91.813,3155.711,-86.256,88.668,72.599,87.858,24.794,73.879,75
67.503,18.052,67.456,113.551,53.731,2499.968,-91.706,-149.384,57.907,39.452,25.583,-127.645,6
116.414,30.325,75.839,55.528,58.77,3192.072,-51.671,-55.5,32.688,45.986,24.836,-45.152,79
44.031,49.81,116.654,-108.014,89.794,1578.078,-123.139,242.707,65.476,72.12,25.855,200.238,48
128.679,40.919,84.545,-17.693,71.383,4734.803,-86.595,7.586,76.526,58.12,26.38,5.544,74
50.527,49.766,77.302,121.231,68.905,3978.971,-157.843,-104.672,69.989,60.122,24.804,-97.542,48
24.055,56.106,119.584,129.161,98.029,2709.51,-173.761,-171.223,89.935,79.728,28.277,-158.189,58
85.635,86.079,112.92,-98.371,101.473,4999.958,-132.37,54.202,88.399,92.124,24.888,50.0,45
131.809,18.762,32.171,-3.016,31.71,3499.964,-46.452,1.173,39.46,26.385,23.428,-0.571,26
114.938,50.452,90.136,-61.754,74.255,3487.438,-65.743,48.794,68.681,62.51,25.291,39.147,64
49.997,18.348,22.014,-0.307,21.559,999.99,-2.0,1.096,29.504,19.851,23.443,0.18,5
23.644,18.827,39.452,-22.058,32.766,500.001,-43.512,132.618,34.715,27.374,22.284,103.34,7
54.228,65.046,110.274,-120.009,93.004,3299.959,-147.356,109.845,86.149,79.496,27.686,97.905,20
96.588,19.207,26.423,-0.833,27.489,1999.976,-1.999,1.097,41.833,24.829,23.716,-0.291,4
94.498,28.558,59.325,-22.178,54.179,2004.766,-4.713,29.079,66.994,44.97,25.319,19.356,75
12.088,18.561,19.847,0.853,19.323,249.981,-2.001,1.098,27.115,19.126,23.164,0.128,13
31.146,18.135,58.128,-40.766,44.488,750.001,-65.982,173.0,41.015,34.798,24.037,139.372,16
131.503,91.07,95.162,-4.601,92.511,3999.963,-57.644,1.108,81.619,90.142,25.115,0.0,44
31.757,50.081,117.824,127.224,94.83,2176.714,-147.619,-214.115,79.085,75.472,26.269,-188.925,49
12.573,19.385,75.526,-26.593,44.793,300.008,-166.068,301.702,27.411,31.182,19.594,259.634,36
87.56,26.55,57.62,97.107,50.049,2408.565,-44.778,-126.521,55.629,39.452,24.779,-97.838,73
33.858,51.939,81.727,123.158,72.122,3178.897,-168.723,-137.251,77.903,64.833,24.812,-127.673,80
120.885,19.032,38.804,-52.076,37.236,3103.975,-44.129,46.095,55.157,31.061,22.442,35.072,32
40.43,49.698,85.239,-67.252,70.547,1142.621,-84.425,194.178,61.596,60.709,23.676,155.386,48
125.611,49.861,64.101,-38.895,62.055,3160.238,-34.999,33.35,67.453,56.994,24.732,24.654,48
21.934,86.086,104.791,-26.322,96.68,500.004,-58.919,161.746,78.219,90.299,23.48,125.0,41
56.192,65.71,96.913,-113.713,86.669,5014.029,-165.264,64.981,80.151,76.113,27.761,62.463,51
121.821,28.859,63.187,-47.938,56.548,3926.028,-73.882,31.821,61.476,45.986,26.504,25.554,53
69.715,18.308,65.566,-111.513,52.571,2999.971,-124.304,113.23,54.373,39.063,22.019,100.025,14
4.011,18.444,31.122,1.441,27.99,100.003,-2.001,1.095,37.204,25.865,23.161,0.423,18
36.565,18.761,27.122,-18.714,25.227,749.991,-15.495,70.795,31.136,23.173,22.736,52.059,27
63.127,19.315,45.984,-64.275,38.639,1499.98,-43.511,132.618,43.774,31.429,23.788,102.867,8
130.594,36.326,58.852,-17.086,56.46,3402.2,-38.011,12.022,65.635,49.798,26.127,8.46,66
8.157,18.392,63.969,-7.61,45.986,100.045,-79.941,188.412,37.135,36.961,23.099,155.119,18
12.015,18.59,19.672,0.864,19.052,249.99,-2.0,1.097,23.325,18.818,22.567,0.07,13
63.133,29.717,51.485,-63.908,44.648,1499.983,-43.514,132.617,36.465,38.73,25.757,100.0,42
3.98,19.306,121.768,-130.7,89.373,3499.971,-221.906,114.319,90.772,60.678,21.692,111.86,26
24.977,28.842,39.35,-7.005,37.562,499.984,-6.37,36.935,53.179,34.494,24.858,25.0,45
44.952,39.593,72.412,-122.025,58.965,2090.072,-147.593,197.545,49.742,49.349,25.565,173.952,78
85.633,18.548,53.593,-100.206,44.483,2499.983,-75.745,123.395,48.662,34.567,24.891,100.586,9
117.775,49.995,81.857,-52.427,72.074,5758.588,-119.771,22.511,69.081,62.08,25.715,20.085,66
8.147,18.567,63.982,-7.62,45.986,100.005,-79.941,188.411,38.179,37.03,23.171,155.088,18
122.794,57.281,75.217,46.802,70.57,4173.309,-77.188,-35.276,72.318,64.375,27.662,-30.681,65
91.501,18.632,34.589,-44.423,32.825,1959.982,-13.557,64.154,44.177,27.924,21.642,46.5,30
129.479,85.716,90.585,-23.809,89.284,2838.616,-3.943,22.788,83.308,86.811,26.385,15.309,56
24.603,18.656,19.865,0.371,19.851,499.984,-2.0,1.097,31.316,19.85,25.689,-0.034,4
131.5,91.058,99.892,-4.609,95.804,3999.966,-57.199,1.116,83.726,91.989,24.92,0.0,44
119.35,18.88,63.842,-51.806,52.698,5649.946,-119.203,22.649,64.465,38.698,22.304,19.99,31
72.97,18.697,26.422,-9.484,26.384,1499.988,-2.98,15.774,39.093,23.974,19.851,10.819,36
119.024,30.492,71.407,54.6,56.78,3298.308,-53.354,-50.39,28.738,45.949,24.806,-41.082,79
16.9,19.479,110.409,-130.056,82.355,3999.969,-204.109,96.764,86.127,56.359,21.439,94.035,32
8.699,18.426,87.642,-9.724,59.416,99.989,-122.972,242.424,26.378,43.313,20.124,207.436,2
25.872,18.899,58.888,129.273,44.338,3482.421,-190.759,-131.247,47.062,32.909,22.978,-126.997,10
131.59,41.696,64.121,-3.628,59.895,4021.278,-63.653,0.292,66.623,52.584,28.999,-0.659,58
83.124,18.161,49.67,-85.315,42.139,1999.977,-43.514,132.617,47.045,33.291,23.202,101.822,12
12.056,18.222,19.841,0.877,19.403,249.988,-2.0,1.098,27.425,19.114,22.571,0.136,13
59.396,26.716,62.348,-82.869,45.872,1569.941,-66.508,170.832,46.533,36.403,24.33,133.563,73
83.784,81.489,85.818,42.678,83.686,1979.186,-12.029,-61.883,75.433,81.331,26.385,-45.252,79
23.651,18.328,39.539,-22.047,32.902,499.998,-43.511,132.617,35.05,27.794,22.765,103.303,7
131.815,18.864,42.786,-3.307,41.086,3499.966,-42.673,1.168,66.377,33.65,23.787,-0.51,26
24.922,65.65,57.508,-6.878,55.441,499.982,-6.372,36.938,40.48,56.669,23.363,25.0,45
37.41,18.914,71.079,-125.476,52.866,4749.953,-189.257,77.743,57.834,36.78,23.434,74.974,27
77.062,33.069,77.836,-102.656,60.199,2973.11,-108.733,104.564,52.52,45.986,26.092,90.359,54
63.581,27.996,78.707,-80.462,67.374,1638.626,-56.276,155.324,71.868,54.063,26.658,119.714,61
31.249,18.455,57.329,-40.592,43.466,749.998,-65.981,172.999,35.808,34.413,24.758,139.532,16
64.443,40.918,71.458,-16.526,64.779,1394.656,-8.223,31.35,67.874,55.839,26.467,21.615,54
8.153,18.735,64.003,-7.615,45.986,100.029,-79.94,188.412,37.633,37.059,22.365,155.076,18
73.549,18.341,24.334,-0.448,24.46,1499.987,-2.001,1.097,34.12,22.377,23.204,0.064,8
33.708,22.614,85.175,-64.708,65.752,999.978,-99.212,216.052,69.9,50.97,24.671,175.0,41
46.206,45.82,88.603,122.907,72.122,4730.011,-169.169,-90.317,76.005,57.441,26.721,-85.777,65
41.623,28.901,65.662,-0.703,57.564,881.357,-2.659,-0.334,61.145,45.945,26.384,-1.127,53
48.477,39.177,84.72,121.701,72.122,3195.403,-146.263,-130.795,72.9,60.025,26.883,-118.937,53
92.871,18.2,51.384,-92.924,42.775,3499.972,-104.7,77.257,43.166,33.338,22.748,66.816,20
28.971,19.41,73.197,-127.876,55.453,4149.968,-195.919,93.091,60.579,38.995,19.851,89.878,29
89.469,62.351,88.302,-49.491,84.171,1999.988,-15.499,70.794,76.278,76.844,24.736,50.0,41
27.595,19.185,104.791,-127.971,79.448,5499.953,-195.085,66.422,80.128,53.189,23.182,64.104,20
41.08,54.783,104.791,78.273,90.709,1432.865,-69.857,-188.612,83.609,76.845,27.593,-150.018,56
79.794,18.973,69.358,-102.269,54.151,4967.526,-147.283,58.184,57.69,39.398,21.491,53.379,10
97.532,65.423,104.469,-87.999,90.602,2919.922,-66.676,89.232,75.771,79.848,26.827,71.422,68
21.306,18.22,34.816,-2.863,32.041,419.986,-2.98,15.772,48.301,28.165,22.136,10.738,30
35.348,28.813,58.063,12.569,51.198,815.634,-7.79,-42.279,60.451,43.278,26.673,-30.963,53
88.273,18.924,69.164,-96.922,58.063,3999.959,-116.78,67.278,80.448,42.837,23.131,59.434,31
131.719,23.218,36.261,-2.933,35.694,3499.961,-45.806,1.169,43.46,31.331,23.552,-0.564,23
74.391,49.666,83.452,-66.019,75.521,1773.867,-34.198,111.109,73.107,65.59,26.303,82.28,48
118.008,28.953,64.063,57.772,54.205,3299.546,-50.544,-51.781,60.138,44.411,26.385,-41.914,53
82.062,28.452,65.442,-98.34,54.111,5120.316,-147.611,54.308,52.195,43.012,24.898,51.394,63
49.661,18.51,80.267,-61.692,64.872,1249.989,-52.045,150.341,91.014,48.363,24.562,115.955,27
129.312,49.809,66.841,-24.115,62.508,4160.553,-71.295,13.681,62.961,56.253,26.384,10.362,58
13.698,18.165,39.312,-11.587,31.695,249.982,-43.511,132.618,27.567,26.388,23.15,103.782,13
89.107,86.077,110.68,-95.384,99.896,4774.916,-125.822,54.997,87.117,91.869,25.486,50.0,45
96.689,28.055,70.139,86.886,59.329,4447.101,-114.664,-62.93,63.043,45.986,26.152,-56.978,67
129.815,18.519,56.946,-8.227,49.012,5499.948,-107.351,0.669,61.022,36.439,23.362,-0.215,24
80.785,24.76,56.847,30.992,50.96,1816.187,-8.645,-46.813,59.872,41.636,26.385,-34.218,60
43.725,70.449,117.892,-123.802,101.844,3803.233,-165.175,96.226,95.93,87.54,27.114,89.404,56
4.145,18.46,19.851,1.528,19.622,99.99,-2.001,1.097,31.814,19.216,22.399,0.249,2
98.76,34.169,46.524,87.037,44.427,3040.825,-67.751,-89.579,37.952,39.452,26.283,-73.53,68
31.128,18.529,58.4,-40.766,44.812,749.996,-65.983,172.998,43.368,35.399,24.264,139.283,16
92.003,52.507,75.797,88.882,62.995,4769.393,-125.471,-62.096,61.998,53.309,25.713,-57.275,76
69.415,18.707,65.713,-111.665,52.594,2999.973,-124.407,113.183,56.305,39.399,22.499,99.998,14
50.184,86.422,105.023,-121.179,91.312,2098.714,-130.26,195.417,69.053,83.612,27.352,168.48,58
19.956,24.028,112.251,-48.604,81.896,633.376,-141.627,268.238,63.903,60.098,26.343,222.227,50
75.364,28.958,76.184,105.849,60.481,5052.882,-148.641,-71.669,59.327,45.986,26.38,-67.414,53
21.829,19.516,115.206,-129.058,87.194,5084.954,-196.194,71.752,94.968,58.967,23.272,69.961,29
4.181,18.357,19.615,1.475,19.092,100.005,-2.001,1.095,27.36,19.092,22.884,0.469,18
4.205,18.617,19.883,1.439,19.851,99.988,-2.001,1.098,27.679,19.764,22.052,0.192,3
41.718,29.144,64.523,118.205,52.564,1860.447,-110.987,-236.112,57.056,42.803,26.384,-195.643,53
43.964,80.736,121.118,-117.01,104.779,4811.482,-174.574,70.329,88.021,93.277,26.821,68.403,61
119.944,39.965,103.991,-53.166,85.744,4499.969,-90.459,30.356,75.564,67.139,22.892,25.0,41
5.401,18.857,121.073,-130.581,89.308,3499.977,-218.922,113.565,94.768,60.647,23.861,110.974,26
5.768,18.708,120.715,-130.634,88.924,3499.963,-218.693,113.48,93.208,60.379,22.209,111.13,26
88.747,49.763,74.07,-96.849,65.317,2280.716,-50.944,132.639,59.159,57.916,25.84,102.182,48
91.81,19.144,74.989,-94.254,62.807,2249.979,-40.101,126.033,83.073,45.986,24.297,94.199,27
128.08,46.586,81.124,-22.724,71.769,5544.659,-105.825,7.661,74.497,60.626,27.13,6.077,65
131.246,19.278,42.925,-5.151,38.822,4499.957,-84.52,1.043,46.874,31.351,22.107,-0.643,21
12.129,18.594,19.823,0.786,19.183,249.993,-2.001,1.095,25.389,19.095,23.129,0.108,13
133.031,65.495,91.938,3.83,85.702,2968.54,-4.511,-4.092,81.357,77.708,26.46,-3.73,51
36.515,39.907,104.791,126.493,84.367,2265.834,-141.101,-200.256,74.141,65.543,26.208,-176.331,50
54.668,78.469,104.787,-93.468,92.217,1641.723,-83.288,189.952,75.149,84.64,25.72,151.971,69
108.778,91.202,104.79,57.282,95.771,5810.629,-124.096,-35.934,72.875,91.131,26.666,-33.164,76
23.725,18.808,30.638,-21.937,24.86,499.999,-43.513,132.618,26.017,21.984,21.482,103.597,7
4.196,18.24,19.24,1.454,18.454,99.99,-1.999,1.099,22.997,18.344,22.42,0.17,3
86.864,18.624,86.439,-98.459,71.384,3999.964,-115.603,67.478,93.142,51.842,23.13,59.239,31
4.186,18.539,19.557,1.437,18.739,99.997,-2.001,1.096,25.053,18.78,23.015,0.454,18
63.007,35.759,74.493,-113.566,62.359,4295.525,-154.517,76.664,66.786,50.927,24.042,71.793,80
121.985,38.404,68.787,-48.433,62.974,3999.959,-74.122,31.211,74.782,53.663,24.228,25.0,44
44.826,24.131,51.952,-49.488,44.082,1071.262,-47.943,142.3,57.544,36.258,26.276,108.098,50
102.869,26.816,101.478,-80.187,79.317,5013.163,-116.781,41.522,87.526,56.401,28.73,37.292,58
131.773,18.487,32.561,-2.985,32.244,3499.963,-46.245,1.172,41.1,26.988,23.175,-0.533,26
12.052,18.636,19.727,0.836,19.153,250.019,-2.001,1.097,23.479,19.109,22.728,0.086,13
29.144,64.644,68.055,-11.161,65.588,599.972,-9.125,50.765,63.301,64.628,26.362,35.336,20
16.915,81.49,121.582,-21.011,102.487,357.62,-70.33,179.439,68.707,92.067,26.393,140.853,58
13.671,18.575,39.429,-11.631,31.934,250.002,-43.512,132.618,31.681,26.525,23.084,103.688,13
30.41,29.9,92.306,-69.573,68.439,999.998,-122.973,242.422,56.054,52.591,25.595,200.0,44
23.725,18.683,38.694,-22.026,31.322,500.0,-43.513,132.617,28.612,26.267,21.763,103.657,7
80.782,32.648,78.794,-61.333,64.022,1855.916,-26.986,97.372,68.388,50.19,26.441,71.172,76
8.149,18.37,63.961,-7.612,45.986,99.974,-79.94,188.412,38.101,37.17,23.108,155.095,18
131.196,18.483,27.886,-0.816,28.863,2749.971,-1.994,1.069,37.276,25.489,23.895,-0.756,20
76.83,56.12,87.878,34.308,79.412,1793.861,-10.314,-53.318,80.87,70.547,26.385,-39.017,65
117.66,19.631,62.7,-0.982,55.126,2499.969,-2.001,1.098,62.006,44.006,26.353,-0.824,6
4.109,18.526,19.727,1.486,19.169,99.976,-2.0,1.097,27.624,18.889,22.465,0.249,2
109.021,19.036,49.262,-73.605,43.175,3749.963,-87.655,53.907,56.208,33.768,23.452,45.111,27
26.376,19.274,26.397,-8.568,25.142,524.988,-7.819,43.902,44.462,23.212,22.274,31.159,10
49.445,29.162,75.809,-116.272,61.604,1921.442,-124.432,207.709,67.391,48.48,26.385,175.315,53
129.211,91.049,98.901,-6.829,93.216,4999.959,-91.619,0.388,73.284,89.976,24.945,0.0,44
96.979,18.138,25.664,-0.66,26.045,1999.978,-2.002,1.097,34.502,23.6,23.613,-0.269,4
131.808,23.207,50.868,-3.233,48.354,3499.963,-41.391,1.161,72.443,39.45,23.67,-0.513,23
37.332,18.609,22.454,-0.122,22.163,749.993,-2.001,1.097,35.379,19.851,24.029,0.34,16
51.291,37.698,43.505,60.326,38.045,1408.563,-43.784,-139.594,30.804,35.066,24.883,-107.385,57
27.597,19.337,104.852,-128.002,79.461,5499.952,-195.137,66.42,80.215,53.136,23.203,64.1,20
29.244,18.911,103.343,-127.893,76.985,4499.957,-191.744,83.356,79.731,52.899,19.888,79.81,21
120.144,81.492,99.468,-44.677,91.18,4595.465,-90.284,25.077,77.704,85.57,27.809,20.662,68
7.723,19.2,48.258,131.334,37.807,3999.957,-216.667,-119.598,50.567,28.634,25.279,-116.887,6
130.584,49.82,69.39,13.261,64.088,4783.767,-88.544,-11.017,64.725,57.473,24.757,-10.252,48
70.981,29.006,75.581,-73.665,63.889,1722.751,-41.81,130.204,68.374,52.029,26.431,97.86,56
83.137,19.106,49.572,-85.298,41.854,1999.972,-43.511,132.618,46.652,33.368,23.173,101.839,12
131.466,91.049,95.098,-4.63,92.344,3999.961,-57.715,1.108,81.322,90.105,25.633,0.0,44
44.948,19.156,95.684,-122.673,72.122,5119.952,-178.196,67.814,79.219,49.749,23.189,64.85,31
76.738,32.338,78.707,106.408,63.758,2914.104,-91.028,-117.364,70.095,49.482,26.41,-99.305,76
28.203,61.327,96.804,30.026,85.241,814.045,-34.25,-117.167,76.454,74.553,26.19,-88.883,76
86.281,19.128,75.245,-97.733,60.432,4999.945,-138.122,53.54,74.923,43.435,26.633,48.73,6
37.322,18.669,22.661,-0.046,22.233,749.993,-2.002,1.097,35.667,19.851,23.978,0.344,16
131.79,18.059,37.987,-3.857,35.687,3999.957,-67.714,1.104,44.766,29.332,24.024,-0.569,15
23.647,18.325,39.452,-21.988,32.278,499.986,-43.511,132.619,32.201,26.496,23.122,103.335,7
119.628,18.446,26.384,-0.768,27.676,2499.972,-2.001,1.096,35.765,24.787,26.353,-0.843,9
7.678,18.73,38.492,-5.39,30.542,99.996,-43.512,132.618,26.697,26.333,22.212,103.527,3
18.205,49.867,103.647,-129.827,83.69,4523.098,-202.529,84.776,82.736,67.175,25.176,87.52,48
76.998,18.141,87.544,-103.257,67.253,5999.928,-156.598,46.733,75.81,45.984,24.723,43.153,4
55.303,25.084,54.559,119.155,48.474,3999.61,-155.509,-101.124,57.898,39.452,26.385,-94.159,60
69.333,28.89,42.783,-37.636,39.452,1499.984,-15.494,70.796,56.638,36.502,24.403,50.0,45
52.654,70.208,123.231,88.5,100.599,1725.919,-61.938,-172.994,88.315,85.351,27.456,-136.447,61
88.513,27.776,56.127,96.401,49.755,4288.935,-121.95,-73.107,58.108,39.464,26.188,-66.423,67
9.186,18.766,35.021,-130.862,30.209,3297.531,-229.02,128.156,40.622,25.894,23.988,126.494,27
131.304,18.993,49.716,-6.405,43.134,4999.944,-97.259,0.982,52.799,33.335,24.784,-0.43,17
63.108,18.41,45.986,-64.408,38.754,1499.985,-43.512,132.617,43.469,31.408,23.138,102.906,8
58.221,80.587,121.113,-117.795,104.791,3190.592,-137.168,111.421,91.189,94.843,26.384,100.019,56
53.329,29.522,72.174,-51.288,59.883,1252.215,-39.21,124.125,62.594,46.001,27.347,92.903,53
31.395,81.49,124.375,-127.023,104.824,3073.278,-179.598,129.362,87.461,96.684,26.26,120.823,59
23.64,18.822,39.547,-22.061,32.967,500.003,-43.512,132.618,35.772,27.768,23.522,103.304,7
3.455,22.615,124.385,-130.736,91.572,3499.972,-222.572,114.712,90.951,63.504,22.366,111.976,23
23.664,92.279,72.122,0.037,75.425,499.983,-1.999,1.097,56.559,79.258,23.766,0.0,44
87.17,19.845,72.132,-96.645,58.355,4999.956,-138.101,53.46,68.501,42.625,24.74,48.502,17
52.526,30.725,85.91,-86.523,70.531,1499.99,-79.943,188.41,70.975,55.82,24.576,150.0,41
19.202,18.193,31.318,-4.356,28.073,374.999,-4.823,29.998,48.719,25.237,24.219,20.81,20
107.975,26.816,32.111,-61.007,28.124,2783.773,-46.088,64.731,25.927,26.359,23.456,51.03,73
4.152,18.369,21.477,1.513,19.851,100.008,-2.001,1.095,34.391,19.851,23.122,0.506,18
56.908,19.433,101.639,-116.683,78.709,5999.938,-168.016,52.393,95.59,53.144,25.22,49.257,19
42.89,65.465,104.017,-122.941,90.13,2791.733,-159.641,138.847,75.296,79.844,26.664,126.537,68
83.822,81.488,85.211,42.648,83.607,1979.197,-12.03,-61.883,74.813,81.278,26.384,-45.252,79
129.666,18.816,56.551,-8.165,48.423,5499.949,-107.65,0.634,59.934,36.081,23.702,-0.256,24
96.848,18.68,25.75,-0.683,26.302,1999.979,-1.999,1.097,34.978,23.735,23.847,-0.294,4
83.629,18.247,42.978,-84.735,36.484,1999.982,-43.511,132.617,37.387,29.713,23.943,102.021,4
108.273,49.772,83.288,69.954,72.044,4977.854,-112.295,-46.442,70.807,61.669,27.982,-42.458,53
129.001,91.143,104.791,-8.336,98.257,5499.949,-99.965,0.408,84.669,92.539,24.798,0.0,44
29.451,45.786,103.191,-127.52,82.501,4305.763,-189.596,87.594,81.537,65.204,26.385,85.305,57
9.354,49.752,124.168,-10.595,96.002,120.658,-106.921,226.476,74.281,76.202,25.53,184.542,48
86.233,18.04,52.507,-99.739,42.786,2499.968,-75.586,123.463,41.991,33.432,23.972,100.689,9
96.897,19.187,25.73,-0.749,26.296,1999.976,-1.998,1.097,35.105,23.66,23.601,-0.271,4
87.922,18.863,71.944,-95.964,57.458,4999.944,-138.112,53.41,64.499,41.063,23.181,48.285,6
125.056,65.044,102.06,-40.237,91.198,5249.936,-98.9,18.364,93.595,79.419,26.621,14.941,20
104.469,52.092,116.571,77.939,104.791,4548.351,-101.769,-55.552,86.804,95.664,26.51,-49.556,74
8.793,19.452,101.071,-9.794,70.541,100.036,-122.972,242.425,33.146,51.267,21.086,206.838,2
88.136,44.93,72.085,-93.689,65.881,4983.356,-135.567,51.632,74.506,61.589,24.702,48.15,80
4.0,18.602,38.612,1.54,34.455,100.001,-1.999,1.098,44.03,30.741,23.14,0.174,2
8.144,18.328,63.974,-7.605,45.986,99.949,-79.939,188.413,38.296,37.028,22.942,155.078,18
66.302,46.536,79.268,-113.391,65.586,2867.014,-124.979,122.584,52.212,56.562,26.347,107.841,68
106.466,32.579,77.176,-73.095,64.54,2544.744,-30.536,82.437,69.701,51.076,26.385,62.52,76
83.092,18.88,49.633,-85.338,42.004,1999.977,-43.511,132.618,47.423,33.335,23.478,101.843,12
13.678,18.251,39.379,-11.602,32.002,250.003,-43.512,132.618,29.742,26.477,22.156,103.717,13
51.991,18.642,82.532,-120.831,59.628,1999.973,-128.552,204.401,52.038,42.887,25.237,176.636,4
12.914,19.892,109.458,-26.803,69.153,300.007,-166.066,301.702,29.506,45.986,19.464,259.091,36
131.799,18.664,33.704,-3.06,33.277,3499.967,-45.652,1.172,45.12,28.018,23.833,-0.555,26
8.53,19.28,68.778,-9.638,45.196,100.02,-122.973,242.424,24.204,33.447,20.969,207.649,2
128.487,18.128,62.967,-8.787,52.571,5999.931,-116.885,0.34,60.893,37.974,24.145,-0.568,4
67.564,19.246,91.053,-110.229,70.527,5749.95,-161.23,52.224,80.709,48.503,23.442,49.053,27
80.739,30.213,69.439,-11.535,62.754,1705.651,-3.675,17.808,66.99,52.66,24.142,11.524,71
84.508,34.77,92.046,-89.983,76.056,2076.284,-43.648,133.844,64.062,60.679,24.845,101.204,55
119.067,19.363,91.943,-51.446,71.396,5749.95,-123.971,22.388,45.182,53.053,19.851,19.775,29
91.586,18.696,88.986,-94.499,72.124,2249.983,-39.628,126.172,87.326,52.675,23.688,93.953,27
130.038,26.219,66.348,17.881,55.826,4433.807,-81.223,-14.332,55.847,42.751,26.385,-13.036,65
9.426,19.49,122.889,-129.934,92.517,5499.946,-202.604,65.329,111.228,61.527,23.216,63.843,24
101.557,58.64,104.791,83.589,87.619,3003.994,-54.07,-85.01,73.868,72.127,26.383,-67.991,76
7.668,18.686,38.845,-5.407,31.336,100.02,-43.512,132.618,28.403,26.38,22.252,103.493,3
17.252,17.735,104.881,-130.284,78.708,3999.955,-207.599,99.146,70.613,53.43,23.687,95.932,15
95.842,18.241,30.45,-1.005,30.919,1999.98,-2.002,1.098,55.277,26.374,24.313,-0.307,4
131.731,18.545,32.182,-3.018,31.607,3499.964,-46.57,1.172,39.182,26.385,23.503,-0.536,26
25.981,46.84,72.779,-127.875,64.064,4063.81,-197.476,95.561,67.252,54.525,25.774,95.338,79
131.783,18.582,33.727,-3.074,33.365,3499.967,-45.637,1.17,46.607,28.04,23.222,-0.535,26
131.778,23.071,37.944,-2.931,37.782,3499.966,-44.7,1.166,51.119,32.247,23.414,-0.604,23
0.9,19.069,124.365,-130.663,89.904,3499.973,-229.323,116.039,79.23,60.665,19.917,113.832,26
9.988,19.544,122.973,-129.552,92.995,5499.935,-201.573,64.895,112.875,61.896,23.673,63.468,24
75.332,46.18,90.582,-96.903,75.856,5103.435,-149.747,53.153,71.999,62.159,23.632,50.258,80
19.569,67.66,100.7,48.511,91.124,855.049,-82.787,-205.181,81.627,83.74,26.318,-165.621,65
96.986,18.9,25.654,-0.608,26.203,1999.977,-2.001,1.097,35.238,23.621,23.605,-0.118,12
83.093,18.158,49.836,-85.359,42.111,1999.978,-43.513,132.617,47.584,33.349,23.623,101.804,12
117.465,35.219,62.406,55.658,53.073,4103.281,-84.094,-43.154,60.774,44.688,26.271,-37.803,70
40.244,28.831,71.97,-123.3,60.552,2711.626,-165.153,144.465,66.901,48.512,26.385,132.407,53
94.967,81.49,124.805,-90.888,109.745,2747.627,-60.983,99.039,83.07,96.973,26.205,78.363,59
10.016,18.523,79.368,-11.725,57.848,150.009,-99.216,216.05,32.752,44.086,21.476,181.45,30
13.302,18.521,114.57,-130.389,84.55,3299.966,-210.888,121.819,85.049,57.948,25.216,118.211,27
130.947,18.673,28.621,-0.938,29.701,2749.973,-1.994,1.073,39.932,25.959,23.732,-0.77,20
72.152,18.66,50.269,-110.057,39.287,2999.974,-123.7,113.372,33.226,30.399,20.834,100.34,14
130.663,18.199,49.89,-6.294,43.533,4999.944,-97.682,0.728,53.544,33.533,25.31,-0.614,17
130.736,40.907,83.718,-8.682,68.99,3842.413,-57.66,4.138,64.317,56.605,26.408,2.468,53
36.751,18.974,110.684,-123.93,83.647,5999.955,-183.913,56.191,95.412,55.865,23.183,54.081,31
4.194,18.266,19.84,1.45,19.247,100.029,-2.001,1.096,30.194,19.162,23.005,0.477,18
8.76,18.836,102.775,-9.812,71.986,100.012,-122.971,242.423,41.083,52.572,22.489,206.477,2
131.8,18.165,37.344,-3.835,34.845,3999.957,-68.003,1.109,42.689,28.827,24.737,-0.566,15
30.747,32.139,69.564,-68.911,55.421,998.928,-122.966,242.41,39.197,45.86,22.875,199.989,43
30.921,18.586,38.256,-27.108,32.126,674.993,-39.041,120.304,35.715,26.882,21.536,93.182,30
48.651,66.067,93.26,-74.451,80.932,1346.714,-70.827,178.636,78.494,71.516,27.96,140.433,53
13.667,18.635,39.358,-11.61,31.641,249.986,-43.512,132.618,30.632,26.445,23.074,103.711,13
12.099,18.37,19.85,0.874,19.486,250.022,-2.001,1.096,28.008,19.127,22.489,0.131,13
36.581,18.855,68.449,-18.635,53.415,750.001,-15.497,70.795,30.391,41.294,23.027,51.919,27
115.228,18.472,66.819,-55.301,56.875,5028.152,-109.466,28.009,71.827,42.754,27.139,24.455,74
129.418,91.561,103.724,-7.836,93.301,4221.819,-70.283,2.563,64.568,88.747,23.397,1.28,71
94.445,18.272,23.119,-91.213,19.85,3499.97,-105.703,77.109,24.449,19.459,21.427,67.065,20
26.333,49.911,102.646,128.856,83.968,2496.886,-169.821,-187.283,72.242,69.063,25.688,-171.415,49
36.71,19.277,78.735,-125.92,58.097,4749.948,-189.22,77.83,60.587,39.451,23.557,75.015,27
124.298,18.758,47.953,-42.89,42.783,4499.954,-91.209,24.523,55.547,33.326,24.94,20.088,20
108.871,39.661,78.915,-68.855,67.945,5334.356,-120.899,33.477,71.732,55.875,27.85,30.334,53
8.19,18.387,61.173,-7.606,44.857,99.992,-79.941,188.412,27.765,35.256,23.325,155.465,18
4.168,18.576,19.35,1.48,18.643,99.959,-2.001,1.099,24.624,18.71,22.046,0.19,3
58.243,18.504,79.259,-7.591,64.981,1199.993,-2.98,15.774,44.122,50.842,19.851,10.774,36
17.787,34.845,78.597,-129.163,61.139,3315.011,-211.563,124.578,51.917,48.367,24.36,121.998,55
122.636,49.938,59.856,-47.044,56.916,3999.967,-76.481,31.154,51.771,52.85,23.656,25.0,44
8.766,19.16,102.622,-9.811,71.961,100.024,-122.973,242.423,40.806,52.572,22.546,206.463,2
47.06,61.222,85.15,120.344,74.767,3142.107,-148.025,-132.928,63.688,65.615,24.842,-121.155,73
88.548,18.698,65.533,-96.623,54.999,3999.964,-117.457,67.166,75.087,39.48,23.143,59.558,31
33.612,34.962,90.681,-126.929,64.973,1999.991,-179.223,221.761,38.564,49.974,22.993,200.0,45
119.511,18.374,26.388,-0.689,27.873,2499.972,-2.002,1.097,36.094,24.804,26.23,-0.856,9
14.32,54.881,88.935,-129.19,73.738,3409.023,-211.961,118.714,69.402,64.094,27.908,118.831,74
129.743,18.673,56.918,-8.119,48.658,5499.944,-107.476,0.626,60.562,36.423,23.275,-0.31,24
131.317,19.415,42.752,-5.141,38.485,4499.958,-84.747,1.041,45.566,31.289,22.754,-0.591,21
63.178,89.391,121.228,53.782,104.8,1669.911,-27.401,-98.481,87.54,98.139,24.942,-73.925,75
111.652,37.648,78.354,-68.885,64.62,4408.682,-99.037,41.551,69.003,52.576,26.211,35.345,66
111.528,26.85,67.995,57.168,53.332,5499.077,-125.291,-37.274,42.4,41.849,23.931,-34.832,73
88.576,26.872,65.172,97.647,54.616,2410.423,-43.709,-129.149,48.353,43.073,24.183,-99.532,73
95.609,19.12,62.334,-89.456,51.612,4499.948,-122.502,55.2,60.53,38.242,25.5,48.923,4
97.911,49.975,84.574,72.424,76.82,2425.43,-22.625,-87.855,77.335,65.587,26.345,-65.405,49
69.283,18.892,66.945,-111.944,53.279,2999.977,-124.368,113.253,58.758,39.452,23.642,100.029,14
84.879,18.371,96.881,-99.783,79.417,4999.935,-135.631,53.967,92.011,57.492,27.802,48.498,6
130.895,19.144,50.621,-6.437,44.397,4999.947,-97.36,0.838,55.242,34.255,24.786,-0.469,17
28.935,35.798,96.699,-127.969,71.7,1818.904,-187.173,254.271,53.627,56.441,25.893,225.807,58
35.741,18.262,105.501,-124.396,81.877,5999.948,-185.747,57.095,93.188,54.074,24.525,54.468,4
49.838,49.779,60.701,10.366,58.759,1110.411,-3.287,-24.792,66.736,54.765,26.205,-18.278,48
131.553,18.881,45.985,-5.394,42.397,4499.959,-82.804,1.054,58.086,33.377,23.075,-0.567,21
24.276,18.964,117.332,-128.162,89.374,5849.938,-190.681,59.457,107.804,59.351,25.533,57.783,27
36.677,33.235,78.552,-84.129,58.291,1231.851,-122.973,242.419,40.533,45.986,22.747,200.0,43
4.728,18.746,29.33,-1.533,26.558,59.939,-8.773,49.414,69.736,24.776,23.176,35.203,29
68.121,18.896,52.893,113.222,42.772,2499.973,-92.048,-149.297,48.15,32.699,25.758,-128.063,6
3.876,19.527,91.446,1.529,71.185,100.017,-2.001,1.096,67.571,50.071,26.27,0.201,6
9.972,18.871,68.373,-11.664,49.304,149.974,-99.214,216.052,25.732,37.542,19.851,181.688,30
9.096,19.645,122.954,-130.005,92.657,5499.947,-202.549,65.246,112.428,61.488,25.064,63.787,24
122.248,43.044,80.705,-47.518,72.122,3962.934,-70.386,30.507,82.981,60.558,25.701,24.26,73
50.87,23.474,112.91,-121.341,92.189,3299.962,-152.311,109.29,91.219,69.095,26.385,99.501,20
130.219,50.019,74.477,17.307,68.773,4373.197,-76.639,-13.978,67.332,60.1,25.709,-12.645,49
95.856,75.167,66.081,-31.48,65.66,2060.171,-7.592,42.748,50.269,68.298,23.881,29.198,81
8.191,18.512,62.985,-7.612,45.986,100.038,-79.941,188.411,30.253,36.491,22.57,155.421,18
5.317,18.835,121.211,-130.564,89.357,3499.971,-219.161,113.63,94.138,60.579,23.176,111.087,26
123.069,29.609,61.505,14.084,51.792,4727.284,-94.644,-10.388,46.809,41.854,25.489,-10.576,69
131.594,57.76,62.378,-3.258,61.136,4108.134,-66.839,-0.032,61.682,58.443,28.02,-0.921,58
25.593,77.722,114.865,128.666,96.668,2941.531,-176.692,-158.357,73.969,85.219,26.379,-147.375,66
34.536,20.271,93.249,-125.799,66.67,5499.954,-193.914,66.347,59.882,44.652,19.85,63.868,24
89.732,18.944,61.744,-93.783,47.054,4999.953,-140.64,53.107,45.183,34.998,21.574,48.446,17
4.729,19.229,131.221,-130.904,94.804,2703.979,-230.857,155.738,83.282,64.492,23.026,151.796,32
13.681,18.573,39.291,-11.605,31.681,249.977,-43.511,132.618,29.165,26.385,22.434,103.767,13
50.62,18.839,55.896,-60.86,45.955,1249.988,-52.046,150.342,68.34,36.078,24.026,117.479,27
13.68,18.113,39.413,-11.629,31.994,250.022,-43.513,132.617,31.584,26.494,23.185,103.677,13
8.172,18.43,63.679,-7.619,45.986,99.983,-79.941,188.412,35.107,36.965,23.17,155.19,18
110.73,28.262,56.158,-69.977,52.571,3892.141,-87.404,48.53,65.725,42.908,26.385,40.49,66
69.405,18.384,66.283,-111.662,52.805,2999.971,-124.283,113.222,57.468,39.448,22.645,99.944,14
128.917,61.178,93.416,-26.197,85.993,3489.744,-40.122,18.715,86.718,76.089,27.81,13.698,61
87.271,17.813,72.122,-96.595,58.027,4999.944,-137.854,53.502,67.26,41.703,23.153,48.36,6
42.097,90.966,104.791,21.346,98.257,1031.901,-11.311,-59.489,87.943,94.163,23.754,-43.497,46
46.841,51.843,75.958,-120.79,67.163,3084.228,-158.858,120.536,77.012,60.659,24.675,111.094,80
30.951,19.106,100.52,-127.37,73.135,4499.954,-191.684,83.796,72.612,51.086,19.851,80.086,21
13.687,18.707,39.427,-11.641,31.947,249.984,-43.512,132.619,31.096,26.903,23.175,103.692,13
8.161,18.278,63.84,-7.618,45.986,100.014,-79.941,188.411,36.219,36.958,23.172,155.157,18
84.743,26.169,32.346,99.082,29.425,5785.274,-153.461,-60.043,40.027,27.473,26.385,-57.067,65
4.184,18.379,19.736,1.481,19.092,99.973,-2.0,1.098,27.672,18.89,23.116,0.466,18
88.151,18.48,71.082,-95.507,56.067,4999.942,-138.934,53.328,60.999,39.452,23.393,48.403,6
87.164,19.55,72.144,-96.568,58.496,4999.95,-138.174,53.442,69.423,42.734,24.817,48.575,17
93.162,67.562,95.126,-78.762,86.712,2234.694,-31.436,105.882,80.213,78.709,26.374,78.109,65
93.841,18.622,49.725,-92.211,43.037,2249.979,-40.14,126.177,53.361,33.999,25.854,95.775,27
106.728,44.111,68.895,-23.644,59.193,2257.206,-4.71,28.78,51.029,52.604,23.184,19.171,80
125.03,49.816,70.267,-42.494,65.588,2708.802,-7.862,43.431,66.875,59.489,26.411,30.119,58
8.137,18.287,63.979,-7.611,45.986,99.978,-79.94,188.412,38.449,36.968,23.329,155.101,18
13.698,18.887,39.111,-11.581,31.557,250.018,-43.512,132.618,27.421,26.386,23.17,103.756,13
0.912,21.116,19.538,1.779,18.716,16.323,-2.318,4.651,21.214,19.153,18.98,1.011,32
79.369,17.922,59.45,-92.474,50.951,5328.171,-152.715,48.012,56.606,38.943,26.363,45.957,53
30.428,30.088,95.06,-69.567,70.19,999.99,-122.97,242.425,56.376,53.352,25.14,200.0,44
7.679,18.721,38.656,-5.4,31.269,100.018,-43.512,132.618,27.276,26.382,22.138,103.533,3
59.698,48.533,45.398,114.476,42.313,3251.665,-136.194,-120.09,37.022,39.734,25.191,-108.445,65
68.102,49.952,83.614,112.99,74.418,2193.745,-65.474,-172.735,74.402,64.228,25.866,-137.117,49
23.422,19.338,102.111,-128.419,75.434,5749.947,-198.219,62.916,83.592,49.812,25.072,61.07,20
82.717,44.252,88.565,101.945,72.121,4970.268,-135.403,-68.287,75.805,56.526,26.813,-63.4,65
63.807,61.222,80.212,114.851,72.122,3401.818,-128.925,-113.652,65.272,67.275,24.902,-101.944,73
24.393,19.812,138.063,-128.475,98.158,5082.46,-196.668,71.984,87.377,65.293,21.685,70.348,29
85.986,64.772,104.791,-98.734,92.54,4999.944,-132.453,54.206,93.131,79.441,28.786,47.641,6
51.289,18.37,52.608,-59.157,42.926,1249.987,-50.731,146.704,56.454,34.258,24.492,114.905,20
4.15,18.641,19.353,1.471,18.619,100.006,-2.001,1.095,24.644,18.705,22.148,0.192,3
24.65,32.969,96.95,-128.215,71.494,2221.28,-197.113,193.97,64.19,53.69,26.259,180.15,54
13.692,18.97,39.372,-11.634,31.704,249.998,-43.512,132.618,30.654,26.386,22.801,103.718,13
19.682,46.056,85.945,129.256,72.067,3541.393,-194.125,-131.861,69.867,59.827,23.642,-126.054,80
52.818,25.047,56.67,-117.873,49.295,2905.136,-147.812,125.033,59.884,39.45,26.363,113.12,60
13.667,18.435,39.391,-11.623,31.729,250.012,-43.511,132.617,31.811,26.385,23.103,103.717,13
13.686,18.145,39.29,-11.602,31.767,249.985,-43.512,132.617,28.956,26.385,22.787,103.751,13
31.365,18.366,43.732,-40.358,32.965,749.995,-65.98,173.0,26.954,26.383,24.733,139.943,16
96.925,18.371,25.28,-0.621,25.735,1999.976,-2.0,1.095,33.544,23.352,23.983,-0.28,4
83.126,18.716,49.394,-85.289,41.739,1999.981,-43.51,132.617,46.306,33.116,24.878,101.681,4
49.967,18.57,22.296,-0.356,21.855,999.989,-2.001,1.097,30.357,19.851,23.188,0.175,5
96.804,18.417,26.385,-0.747,26.484,1999.977,-2.002,1.097,39.044,24.698,23.501,-0.137,12
91.745,18.584,31.412,-44.231,29.851,1959.987,-13.558,64.153,39.576,25.992,22.088,46.595,30
102.126,86.094,114.747,-81.814,102.25,3871.737,-88.249,59.406,89.466,92.577,25.255,50.0,45
114.092,62.257,78.705,45.631,70.225,4097.722,-83.441,-34.219,59.818,64.343,24.798,-31.202,73
8.143,18.391,63.996,-7.609,45.986,99.977,-79.94,188.412,38.413,37.173,23.008,155.096,18
119.04,19.326,65.572,-52.092,52.963,5749.949,-122.451,22.469,56.076,38.864,19.851,19.868,29
52.503,30.721,86.349,-86.582,70.555,1499.983,-79.938,188.412,71.095,55.869,23.156,150.0,41
56.132,49.72,79.118,118.602,68.616,2634.128,-115.503,-152.476,73.2,59.767,24.508,-132.135,47
36.928,18.468,36.089,-0.17,32.716,749.995,-2.003,1.097,44.791,28.737,24.726,0.191,16
97.018,39.594,62.118,-61.224,57.356,2170.538,-19.775,81.435,64.0,50.599,26.435,58.374,53
89.449,63.996,84.955,-49.497,80.275,1999.985,-15.495,70.796,75.52,72.139,23.2,50.0,41
27.357,19.484,103.197,-128.393,77.071,3779.973,-193.88,102.712,72.89,53.157,19.851,98.534,32
112.679,86.072,89.367,-67.539,86.498,2999.968,-46.36,65.172,69.311,84.524,24.967,50.0,45
12.109,18.663,19.836,0.78,19.303,249.987,-1.999,1.099,25.193,19.218,23.162,0.091,13
100.881,86.082,102.34,-83.754,95.041,3999.959,-97.476,58.249,80.842,88.972,24.814,50.0,45
4.717,18.639,36.526,-1.819,31.278,50.02,-15.496,70.796,35.414,26.384,21.423,52.429,30
72.819,49.832,78.026,78.522,69.78,1956.238,-36.925,-126.143,69.489,62.25,25.128,-95.964,48
8.774,18.555,102.412,-9.809,71.84,99.999,-122.973,242.423,38.967,52.571,22.333,206.571,2
82.449,26.054,80.104,-100.474,65.588,5159.39,-141.87,52.736,78.757,49.95,29.134,49.364,58
23.649,18.567,39.551,-22.058,32.902,499.988,-43.511,132.618,35.442,27.65,23.158,103.321,7
69.203,28.782,53.549,-63.223,48.127,1636.308,-36.54,115.707,62.651,39.813,26.385,86.13,56
124.517,29.577,43.167,-42.26,41.179,3499.968,-56.837,32.287,42.789,36.551,26.382,25.0,42
73.265,18.674,33.332,-0.474,31.608,1499.984,-2.0,1.097,42.212,27.564,23.499,0.066,8
74.334,30.366,68.978,106.426,55.979,3337.585,-114.67,-104.454,57.116,45.216,26.345,-92.407,53
34.391,34.487,72.066,80.72,59.205,1350.534,-88.905,-214.671,65.08,49.25,25.596,-174.167,55
63.109,18.239,45.957,-64.164,38.607,1499.988,-43.512,132.618,41.893,31.338,21.989,102.837,8
89.319,19.324,60.529,-93.992,45.986,4999.954,-140.295,53.075,43.955,34.469,21.846,48.549,17
4.102,18.687,25.048,1.654,23.982,99.987,-1.998,1.098,40.799,23.138,22.428,0.288,2
69.736,18.651,65.572,-111.383,52.571,2999.975,-124.22,113.092,54.497,39.114,22.351,100.044,14
40.225,45.462,79.439,121.624,65.341,1891.166,-114.123,-242.557,70.682,56.475,26.176,-200.554,70
31.02,18.54,58.79,-40.867,45.416,749.985,-65.98,172.999,46.44,35.675,24.553,139.17,16
49.478,18.818,34.974,-0.44,31.662,999.991,-2.001,1.097,39.15,27.321,23.23,0.047,5
18.955,55.051,85.409,24.837,75.507,599.591,-43.476,-138.899,45.546,67.935,25.245,-106.812,57
52.349,38.709,69.26,-35.588,58.695,1144.4,-23.495,91.227,48.951,49.45,23.785,65.959,81
53.073,18.619,34.025,-35.636,30.507,1149.998,-23.016,90.021,44.144,26.341,23.401,67.36,27
119.527,18.427,26.385,-0.702,27.893,2499.973,-2.002,1.098,36.125,24.823,26.118,-0.867,9
83.091,18.549,49.54,-85.321,42.073,1999.978,-43.51,132.618,47.284,33.565,23.25,101.837,12
85.271,35.798,86.453,-100.181,72.115,2739.318,-84.557,110.008,62.093,58.798,26.017,90.922,58
49.898,34.899,63.661,121.527,52.878,3560.395,-157.096,-118.065,41.947,44.533,24.017,-109.382,55
31.004,18.633,58.905,-40.873,45.263,749.992,-65.979,173.0,46.773,35.609,24.868,139.128,16
58.611,18.367,32.643,-7.638,30.721,1199.988,-2.98,15.774,40.726,26.404,19.861,10.844,36
58.549,65.718,117.196,-114.595,96.68,4065.839,-153.179,82.524,77.135,82.055,26.384,77.589,51
30.917,18.543,38.165,-27.109,32.144,674.998,-39.04,120.304,35.696,26.565,21.367,93.18,30
8.137,18.305,64.034,-7.612,45.986,100.027,-79.94,188.413,38.505,37.019,23.084,155.072,18
96.925,18.633,25.424,-0.645,25.835,1999.983,-2.0,1.097,34.289,23.356,23.925,-0.283,4
8.134,18.421,64.019,-7.615,45.986,100.03,-79.94,188.413,38.46,36.94,23.429,155.08,18
97.572,91.047,110.201,83.028,98.308,5605.097,-128.669,-51.572,82.779,92.631,23.374,-47.975,46
123.787,61.222,85.225,-40.435,78.061,4768.058,-94.573,21.502,68.181,69.805,23.347,17.652,62
10.854,70.301,128.136,-130.628,104.79,4439.527,-207.431,87.236,93.129,88.026,27.804,88.919,56
69.19,19.532,66.106,-111.628,52.841,2999.977,-124.425,113.04,57.814,39.452,23.602,99.931,14
55.664,69.517,117.773,-118.02,97.964,4870.289,-161.473,68.998,88.386,82.469,26.385,64.695,66
5.487,19.348,121.165,-130.515,89.258,3499.964,-218.981,113.579,93.834,60.57,23.78,111.031,26
22.38,19.301,104.791,-128.677,79.023,5749.934,-198.108,62.871,86.48,52.578,26.201,61.012,20
112.842,75.44,102.738,-67.029,93.008,3686.376,-71.698,49.323,86.206,84.35,26.514,40.005,56
106.447,56.105,63.042,34.196,61.992,2374.657,-6.107,-39.304,61.248,59.09,29.189,-28.69,58
131.992,18.658,29.941,-2.106,30.606,2999.967,-16.918,1.348,41.946,26.37,23.775,-0.592,14
64.451,65.1,83.926,55.947,78.707,1679.847,-28.715,-101.244,78.431,71.586,27.336,-76.119,56
128.399,19.067,62.597,-8.796,51.879,5999.932,-117.206,0.291,59.422,37.904,23.354,-0.732,4
124.493,29.271,63.853,38.167,53.911,3987.202,-72.545,-30.24,58.866,44.24,26.413,-26.179,53
95.752,61.257,84.718,90.947,77.3,2529.807,-32.72,-109.939,80.92,69.768,27.779,-83.297,68
86.915,65.733,100.842,-97.708,87.256,4999.948,-132.795,54.037,85.522,76.261,25.173,47.315,6
78.991,18.735,32.015,-38.627,31.248,1694.979,-13.557,64.153,50.831,26.376,21.391,46.422,29
17.182,19.125,117.0,-130.003,86.696,5499.956,-199.833,66.291,97.642,57.554,22.635,64.373,24
23.649,18.288,39.509,-22.049,32.877,499.994,-43.512,132.619,35.101,27.419,22.186,103.303,7
37.309,18.632,22.27,-0.194,21.605,749.993,-2.001,1.096,33.3,19.851,23.545,0.304,16
8.416,21.569,78.003,-8.578,45.961,59.98,-166.065,301.703,22.172,32.52,19.128,260.461,36
37.781,27.181,60.716,-4.709,53.017,795.159,-3.945,12.443,62.23,43.82,26.097,7.733,67
112.682,24.897,62.782,-63.789,50.911,5484.814,-125.224,30.667,46.273,39.009,23.077,27.857,62
25.031,18.668,116.569,-127.887,88.523,5849.936,-191.209,59.696,103.425,58.787,25.81,57.952,27
9.163,59.932,77.747,130.375,65.024,3433.883,-208.889,-139.366,68.255,57.187,26.294,-134.681,63
50.708,21.237,110.685,-121.34,89.49,3299.963,-152.741,109.214,91.054,65.573,26.385,99.662,20
69.864,19.374,65.498,-111.371,52.555,2999.969,-124.168,113.226,53.458,39.041,23.227,100.058,14
7.661,18.573,38.915,-5.418,31.336,99.982,-43.512,132.618,28.913,26.382,22.289,103.585,3
4.721,18.358,37.631,-1.819,31.397,50.024,-15.552,70.917,35.433,26.383,21.426,52.516,30
26.456,70.462,102.053,66.985,90.199,1133.764,-90.254,-215.9,75.559,81.044,26.385,-175.468,60
83.146,18.554,49.599,-85.272,41.928,1999.987,-43.514,132.618,46.594,33.34,23.655,101.884,12
67.061,28.968,49.783,-60.818,45.802,1579.633,-36.3,115.341,60.524,39.394,26.435,85.808,56
6.484,64.515,63.399,1.378,62.257,149.923,-2.0,1.094,59.643,62.354,26.566,0.436,20
61.494,64.891,85.075,-114.513,72.12,5249.938,-165.775,63.042,64.402,65.587,26.565,58.282,20
81.692,56.105,104.796,103.084,92.498,3355.193,-96.61,-97.957,88.792,78.707,28.944,-84.329,58
52.46,45.958,88.166,-119.426,74.937,4608.939,-166.765,74.834,77.203,62.23,26.384,70.362,57
70.036,46.554,68.785,-110.976,60.059,3034.966,-123.475,112.527,50.474,54.508,26.343,99.073,68
124.782,35.764,42.716,35.868,36.65,4620.725,-96.19,-26.252,30.327,34.534,26.267,-23.852,68
69.704,29.269,70.111,109.196,58.453,3284.814,-119.349,-109.779,60.311,45.986,26.385,-97.48,53
100.229,18.58,42.3,-80.863,35.992,5969.947,-141.246,35.548,61.964,26.172,21.452,32.914,29
67.387,18.444,67.489,113.633,53.75,2499.974,-91.788,-149.363,58.665,39.452,25.682,-127.631,6
12.079,18.766,19.783,0.811,19.154,249.987,-2.001,1.096,23.592,19.075,23.012,0.105,13
52.966,18.579,35.247,-35.723,31.604,1149.982,-23.016,90.021,46.677,26.386,24.402,67.245,27
44.479,18.594,23.238,-5.686,23.164,899.989,-2.98,15.773,34.274,21.386,19.851,10.784,36
85.963,86.079,113.332,-98.165,101.572,4999.948,-132.705,54.262,88.541,92.148,24.918,50.0,45
50.08,56.108,93.523,121.428,80.412,4231.415,-158.883,-98.848,78.358,69.19,29.038,-92.468,58
124.024,75.378,97.545,-43.311,91.178,3925.477,-64.306,28.073,87.542,83.755,26.385,21.975,56
4.018,19.298,21.207,-0.536,19.851,59.976,-2.98,15.774,27.095,19.843,19.523,10.971,36
85.568,18.291,54.113,-100.29,45.246,2499.972,-75.604,123.41,50.347,35.468,24.218,100.559,9
60.592,49.809,81.901,-74.651,70.895,1548.152,-53.456,151.499,70.436,62.003,27.826,116.2,53
24.417,18.332,26.384,0.276,25.73,499.977,-1.999,1.097,51.385,23.339,25.257,-0.033,4
8.155,18.562,63.941,-7.611,45.986,99.976,-79.94,188.413,37.34,36.951,23.201,155.119,18
122.557,70.512,82.252,-47.13,78.68,3999.961,-74.049,31.254,59.913,72.122,24.846,25.0,42
107.382,29.412,62.623,75.686,54.11,3342.806,-66.981,-68.845,59.952,44.422,26.385,-57.007,53
95.674,19.123,62.469,-89.527,51.193,4499.941,-122.498,55.198,60.499,38.171,25.051,48.932,4
9.553,73.255,94.466,57.255,75.712,844.613,-141.639,-278.03,55.543,69.112,23.216,-233.088,80
62.138,19.0,62.273,-115.891,45.986,1999.982,-101.898,193.576,48.215,34.852,21.453,162.357,32
28.695,18.587,119.535,-127.695,89.862,4629.957,-192.1,80.148,81.189,61.798,22.38,77.38,29
28.419,19.833,101.647,-128.202,76.201,4149.973,-192.225,91.54,77.802,52.653,19.851,88.026,29
69.412,19.078,66.999,-111.892,53.243,2999.973,-124.308,113.211,58.804,39.452,23.207,99.968,14
90.713,39.528,64.747,-95.372,58.281,2560.323,-66.238,113.235,57.242,50.702,26.394,90.28,56
107.236,80.585,111.54,-38.554,102.173,2379.968,-8.436,44.417,89.751,93.2,27.59,30.569,61
28.349,69.802,110.983,-127.28,95.117,5089.43,-190.316,72.016,91.2,82.178,26.392,71.202,66
131.781,18.517,35.437,-3.143,35.003,3499.963,-44.817,1.172,52.022,29.339,23.878,-0.548,26
130.709,18.095,49.69,-6.299,43.176,4999.942,-97.904,0.753,51.939,33.32,23.405,-0.643,17
28.505,29.122,65.461,-127.47,54.259,2855.461,-191.65,143.836,58.248,44.378,26.384,136.187,53
33.865,86.804,127.028,54.006,110.462,1130.375,-56.189,-161.862,80.458,98.257,24.499,-126.766,66
7.676,19.292,36.371,-5.388,28.758,100.025,-43.512,132.617,25.539,24.939,22.17,103.581,3
48.896,19.305,24.56,13.67,23.81,1064.982,-4.25,-34.264,34.227,22.317,23.04,-25.384,10
8.329,21.858,70.122,-8.533,40.722,59.963,-166.065,301.704,21.962,29.13,18.921,260.569,36
63.133,18.99,45.975,-64.306,38.643,1499.988,-43.512,132.618,43.103,31.382,23.098,102.922,8
25.023,18.955,81.331,-52.522,55.229,749.988,-122.97,242.424,29.372,39.452,22.461,206.878,27
24.223,51.067,84.879,-7.251,75.459,500.047,-6.374,36.936,89.144,63.878,23.548,25.0,41
87.158,18.552,72.122,-96.417,58.082,4999.956,-138.512,53.429,68.18,41.725,23.507,48.51,17
48.148,38.621,47.392,121.703,40.07,3082.936,-152.086,-138.31,30.782,37.45,23.177,-126.326,80
12.389,35.798,104.791,-129.791,80.269,2282.283,-226.859,193.116,58.706,61.931,25.591,185.847,58
55.938,18.865,59.367,-77.235,45.958,1449.99,-65.981,172.999,38.998,35.855,21.479,139.2,30
16.688,19.382,109.346,-130.126,81.199,3999.972,-205.195,97.222,82.714,55.82,19.991,94.492,32
19.568,19.068,119.372,-129.059,89.215,5749.945,-196.19,62.048,101.606,59.264,25.609,60.222,20
45.743,54.643,109.131,123.546,91.517,2494.055,-127.159,-171.633,85.749,75.432,27.95,-150.065,65
7.661,18.892,39.036,-5.411,31.347,100.002,-43.512,132.618,28.757,26.382,21.809,103.518,3
5.916,19.1,120.664,-130.414,89.298,3499.971,-217.956,113.336,95.191,60.641,23.056,110.669,26
33.435,18.835,99.391,-126.712,72.17,4749.962,-189.823,77.9,71.638,50.929,22.251,75.067,31
18.17,33.349,55.924,86.319,44.808,1235.672,-140.696,-277.014,61.98,39.374,23.776,-232.103,71
126.987,28.293,75.71,32.712,64.978,3828.455,-61.513,-26.294,74.221,50.88,26.385,-22.404,66
67.956,19.145,90.87,-110.276,69.728,5749.937,-161.259,52.293,79.203,47.079,23.11,49.108,27
54.357,40.902,67.435,24.582,61.32,1296.767,-18.046,-59.144,66.999,53.324,27.392,-44.608,54
119.605,18.271,26.383,-0.649,27.362,2499.97,-2.001,1.097,35.569,24.798,26.307,-0.818,9
119.27,19.339,64.494,-52.163,53.352,5649.949,-118.709,22.689,67.357,39.245,21.52,20.067,31
126.085,73.89,88.727,-4.137,80.99,2894.14,-11.268,3.669,77.688,72.149,26.166,2.37,69
119.073,70.375,104.8,-49.619,95.035,4575.514,-90.111,27.728,85.123,82.605,28.052,23.154,53
72.719,18.583,39.589,-109.587,32.342,2999.979,-123.551,113.238,28.925,25.558,19.99,100.395,14
18.535,70.136,97.687,-129.65,87.876,2979.279,-202.236,138.333,86.736,79.482,27.199,132.833,61
131.207,41.359,66.783,8.105,61.568,4739.729,-86.537,-8.044,67.879,52.908,28.052,-7.672,58
49.338,18.673,96.648,-61.888,77.429,1249.986,-52.045,150.342,95.561,54.838,23.251,115.413,27
45.502,18.827,94.808,-122.427,71.72,5119.947,-177.993,67.764,77.946,49.311,23.422,64.799,31
94.664,28.419,52.601,-22.138,49.307,2004.649,-4.718,29.087,65.114,41.981,25.258,19.36,75
83.086,19.068,49.507,-85.339,41.999,1999.981,-43.514,132.618,47.635,33.347,23.191,101.814,12
131.778,18.832,88.722,-4.19,74.487,3999.956,-59.683,1.1,89.428,54.342,24.76,-0.452,15
20.662,34.725,60.65,-129.196,53.318,3070.526,-205.712,134.183,61.978,45.978,25.17,130.392,55
25.103,50.098,44.809,-6.765,44.576,500.005,-6.371,36.936,31.433,45.242,22.263,25.0,43
13.941,39.673,99.74,129.976,79.856,3521.901,-202.099,-133.943,70.152,63.094,26.173,-130.566,50
8.139,18.855,63.998,-7.609,45.986,100.017,-79.94,188.412,38.5,37.051,22.93,155.09,18
63.121,18.859,45.985,-64.348,38.509,1499.984,-43.513,132.618,43.322,31.387,23.177,102.911,8
61.858,49.755,65.747,-64.268,60.657,1499.991,-43.516,132.617,58.798,55.81,25.356,100.0,42
121.182,18.994,35.867,-51.586,34.457,3103.963,-44.722,46.056,47.496,28.929,21.858,35.14,32
42.777,49.773,74.815,59.292,67.434,1292.126,-50.348,-150.023,73.64,60.038,27.896,-116.615,56
128.582,37.461,71.703,-24.868,63.808,4667.404,-87.482,12.121,68.048,52.678,26.262,9.387,66
44.234,49.813,72.122,-45.968,65.257,1050.091,-43.498,133.74,66.203,58.319,26.002,100.813,49
124.464,29.529,42.8,-42.255,39.558,3499.967,-56.872,32.287,42.994,36.298,26.384,25.0,42
89.543,65.249,76.523,-49.219,72.122,1999.992,-15.496,70.796,73.016,69.682,25.191,50.0,41
83.08,19.352,49.658,-85.256,42.12,1999.985,-43.512,132.617,46.865,33.455,24.907,101.69,4
37.115,18.471,22.25,-0.311,21.724,749.986,-1.999,1.099,33.2,19.851,23.75,0.238,16
131.398,19.174,45.363,-5.318,40.852,4499.957,-83.295,1.051,54.322,32.731,22.492,-0.537,21
27.709,18.883,103.205,-128.185,78.707,4229.957,-191.986,89.128,83.329,53.305,22.693,85.953,29
96.75,19.14,26.194,-0.768,26.385,1999.98,-2.002,1.097,37.472,24.182,23.758,-0.283,4
51.081,18.784,53.4,-59.411,44.205,1249.983,-50.73,146.704,62.049,34.596,24.164,114.655,20
130.769,49.918,62.181,-12.175,59.919,4529.79,-81.577,4.667,63.731,55.784,26.694,3.034,58
13.296,18.987,114.804,-130.429,83.708,3299.96,-212.998,122.906,76.921,57.474,24.674,119.293,27
48.99,18.43,23.559,13.67,23.161,1064.992,-4.251,-34.263,30.729,20.88,22.869,-25.415,10
79.137,18.657,31.727,-38.506,30.292,1694.98,-13.556,64.154,47.336,26.275,21.479,46.493,29
22.057,49.847,104.787,-51.238,83.496,702.556,-129.328,251.084,74.705,68.935,25.495,207.627,48
8.789,18.625,101.786,-9.801,71.226,100.0,-122.974,242.423,35.861,51.623,22.394,206.749,2
96.875,18.705,25.72,-0.717,26.287,1999.977,-1.999,1.098,34.982,23.696,23.84,-0.278,4
130.897,49.959,79.044,1.446,70.525,5082.952,-94.929,-4.253,65.317,60.695,25.527,-4.408,49
131.215,18.649,43.423,-5.209,39.285,4499.958,-84.42,1.046,47.336,31.392,22.351,-0.615,21
84.143,18.073,36.459,-84.251,31.337,1999.974,-43.51,132.617,28.828,25.753,23.147,102.518,12
63.083,18.86,45.986,-64.422,38.722,1499.983,-43.512,132.617,43.601,31.485,23.272,102.878,8
107.211,45.636,62.148,-74.526,57.666,3956.742,-93.179,51.455,65.812,52.618,26.115,43.58,70
26.245,19.114,104.791,-128.425,81.014,4749.954,-192.907,77.758,90.084,55.081,23.539,75.186,27
16.718,40.738,101.162,-129.746,78.368,4999.963,-206.51,76.472,74.836,58.485,23.426,75.0,41
30.924,18.439,38.449,-27.105,32.228,674.998,-39.04,120.303,35.727,27.124,21.394,93.183,30
43.455,19.245,92.309,-120.893,68.881,5999.939,-184.042,56.137,74.996,45.888,21.674,53.886,31
96.9,18.265,25.79,-0.596,26.198,1999.979,-2.001,1.098,36.125,23.596,23.568,-0.134,12
130.416,19.143,49.981,-6.248,43.51,4999.948,-97.143,0.68,53.86,33.754,24.232,-0.508,17
93.238,49.838,60.882,-27.111,59.284,1999.989,-6.375,36.937,63.768,55.839,25.147,25.0,42
12.072,18.794,19.842,0.835,19.425,249.994,-1.999,1.099,24.785,19.308,23.014,0.098,13
12.05,18.291,19.845,0.782,19.453,249.999,-2.001,1.095,26.6,19.17,22.638,0.115,13
131.614,18.655,45.986,-5.408,42.838,4499.958,-82.541,1.054,59.178,33.644,22.407,-0.537,21
67.673,61.222,103.403,95.334,85.287,2024.236,-52.5,-154.515,74.669,72.122,27.272,-120.462,53
4.78,18.577,34.759,-1.556,31.336,60.018,-9.127,50.765,58.6,26.986,23.121,36.301,27
69.323,29.0,42.856,-37.53,39.456,1499.983,-15.497,70.796,57.296,36.79,25.05,50.0,45
112.947,49.839,64.034,-61.329,62.005,2499.98,-15.364,70.541,66.286,56.955,25.535,50.0,42
29.457,18.781,97.438,-71.248,65.588,994.987,-131.784,253.599,44.027,45.986,21.977,216.148,30
82.645,35.888,88.958,101.909,71.689,5255.535,-139.494,-65.09,75.211,55.537,26.538,-60.864,65
130.218,18.159,49.806,-6.098,43.137,4999.949,-97.894,0.595,51.956,33.325,23.84,-0.703,17
37.476,50.426,84.242,-60.177,71.632,1030.108,-82.207,192.47,65.199,61.293,25.631,153.509,65
67.039,52.309,81.836,71.144,70.819,1810.042,-36.766,-123.584,71.513,62.745,23.467,-94.151,80
48.141,54.15,109.766,122.216,92.067,3090.248,-141.12,-135.127,83.9,76.099,27.915,-121.853,65
13.691,18.109,39.428,-11.639,31.829,249.992,-43.511,132.618,31.136,26.386,23.17,103.702,13
126.237,24.637,56.045,-35.343,49.735,3325.895,-45.176,28.496,50.107,40.219,23.183,21.484,62
13.675,18.845,39.373,-11.639,31.772,249.992,-43.512,132.619,31.589,26.406,22.94,103.675,13
34.829,47.241,84.755,-125.414,71.905,5727.801,-190.846,61.949,75.194,59.884,27.02,61.381,65
105.8,68.025,104.791,77.627,93.144,3738.13,-77.836,-64.158,90.039,81.312,28.421,-54.396,58
48.995,18.176,23.722,13.666,23.171,1064.986,-4.252,-34.263,30.791,21.024,22.878,-25.404,10
8.195,18.642,63.478,-7.609,45.986,99.987,-79.94,188.412,32.223,36.819,23.202,155.385,18
37.32,18.632,22.492,-0.095,22.175,749.991,-2.002,1.096,35.057,19.851,23.892,0.339,16
53.681,34.265,104.791,-119.876,80.188,2545.348,-137.92,148.933,65.43,60.12,27.253,132.145,56
120.491,18.479,57.173,-52.859,52.429,3103.972,-42.317,46.256,70.177,39.457,22.42,34.834,32
47.799,18.508,65.693,13.891,54.563,1065.026,-4.25,-34.265,60.886,39.458,23.086,-25.017,10
12.038,18.528,19.84,0.722,19.231,249.982,-1.999,1.099,26.432,19.111,22.998,0.108,13
43.43,19.19,42.96,-43.076,35.276,999.985,-43.51,132.617,38.225,29.229,22.081,103.083,5
35.748,71.846,88.508,123.867,80.498,3398.454,-165.971,-128.69,77.647,72.122,26.165,-119.646,69
62.157,19.454,19.841,-0.762,18.805,1266.209,-1.319,0.728,22.439,18.618,19.412,-12.91,24
122.917,81.489,85.98,46.623,85.064,3487.016,-47.558,-40.385,80.286,82.33,29.055,-32.798,58
36.132,32.955,39.452,40.453,36.153,995.629,-39.825,-131.689,29.975,33.885,24.838,-100.67,57
24.203,66.326,72.121,-7.22,67.405,499.965,-6.37,36.937,85.797,64.613,24.062,25.0,41
4.179,18.583,19.722,1.469,19.158,100.037,-2.002,1.096,26.251,18.927,22.701,0.239,2
68.654,49.815,60.091,-37.29,57.761,1499.991,-15.499,70.795,60.355,54.127,25.453,50.0,42
24.27,19.426,110.703,-128.485,81.292,5499.951,-196.838,66.379,85.243,53.991,19.851,64.178,24
73.46,24.025,76.92,-108.042,62.455,2451.643,-88.321,138.377,70.018,46.089,26.371,113.491,52
4.017,19.321,19.851,-0.54,19.577,59.977,-2.98,15.774,26.683,19.361,19.571,10.974,36
31.231,19.117,57.413,-40.6,43.598,749.995,-65.981,172.999,37.189,34.54,24.821,139.462,16
63.492,18.467,43.795,-63.871,35.958,1499.987,-43.512,132.618,33.872,29.532,21.274,103.145,8
48.76,18.792,24.884,13.721,24.78,1064.986,-4.251,-34.264,39.447,22.523,22.695,-25.36,10
19.606,18.507,119.492,-129.049,89.17,5749.943,-196.197,62.057,101.75,59.263,24.873,60.204,20
68.85,65.776,104.791,-111.98,90.129,1999.983,-79.629,187.727,58.611,78.764,24.343,150.0,45
86.398,18.659,75.569,-97.683,61.551,4999.935,-137.315,53.599,78.991,44.408,26.385,48.5,6
52.677,70.462,94.127,88.219,87.061,1719.481,-63.011,-173.296,76.448,79.484,26.383,-137.06,79
119.794,51.147,61.639,-28.881,58.397,2567.742,-5.044,30.506,68.509,52.791,26.342,20.416,66
122.592,70.513,80.48,-47.41,76.229,3999.955,-73.898,31.243,61.571,72.12,25.226,25.0,42
44.176,49.95,65.538,-13.162,62.955,931.399,-6.418,37.369,72.631,58.074,25.75,25.301,49
131.762,23.214,36.062,-2.951,35.482,3499.962,-45.817,1.172,42.809,31.302,23.557,-0.528,23
51.028,17.13,91.874,-121.177,72.088,3299.957,-153.568,109.134,87.08,52.556,26.436,100.194,20
128.646,39.611,65.578,-0.003,57.451,5597.416,-110.573,-3.983,50.32,48.834,25.301,-3.749,50
25.019,90.986,104.791,40.114,98.257,860.881,-54.994,-159.136,87.791,94.273,23.804,-124.512,46
4.12,18.311,19.851,1.518,19.468,99.978,-2.001,1.096,31.042,19.179,22.425,0.245,2
93.887,18.125,50.975,-1.307,45.986,1999.978,-2.001,1.098,80.922,37.587,23.742,-0.416,4
67.48,91.06,121.762,110.71,109.358,2889.696,-98.823,-127.018,92.265,98.271,23.882,-108.472,46
56.532,19.35,101.969,-117.149,78.959,5999.927,-168.011,52.494,96.479,53.362,25.552,49.437,19
30.079,18.399,35.301,-3.931,31.799,599.998,-2.98,15.774,36.666,28.227,19.851,10.871,36
61.012,42.175,44.389,-91.356,39.085,1661.587,-72.68,181.024,48.508,37.262,24.851,142.66,72
27.751,19.446,101.649,-128.342,76.176,3779.968,-192.275,101.965,77.412,52.823,19.889,97.835,32
61.117,19.072,96.942,-113.31,72.122,5999.945,-168.39,51.872,80.007,49.894,23.144,48.606,19
27.396,19.385,104.791,-127.965,79.461,4499.962,-191.242,82.792,88.749,54.704,22.343,79.361,21
125.22,65.21,91.144,-39.685,82.598,5249.939,-100.862,18.317,84.27,72.163,28.443,14.915,20
43.483,19.201,42.788,-43.089,34.984,999.984,-43.511,132.618,36.418,29.279,22.499,103.142,5
58.563,40.13,72.799,-75.694,62.961,1499.995,-58.92,161.745,53.042,53.464,23.963,125.0,44
81.235,82.62,76.389,-99.891,71.8,3125.025,-106.219,98.991,58.667,71.738,26.612,85.498,76
31.028,18.493,58.9,-40.847,45.234,749.995,-65.979,172.999,46.35,35.459,23.586,139.173,16
73.484,18.988,23.526,-0.244,23.603,1499.988,-2.002,1.097,30.779,21.986,23.784,-0.025,8
85.433,19.036,53.95,-100.418,45.38,2499.975,-75.635,123.411,50.779,35.481,24.752,100.532,9
30.129,19.045,23.49,-3.913,23.067,599.992,-2.98,15.773,33.831,21.144,19.851,10.891,36
13.672,18.526,39.378,-11.608,31.758,249.994,-43.51,132.618,30.447,26.416,22.217,103.72,13
9.204,20.038,123.057,-129.865,92.919,5499.953,-202.313,65.184,112.17,61.685,25.204,63.675,24
9.994,19.287,122.93,-129.481,92.547,5499.956,-201.801,65.022,112.033,61.567,24.911,63.456,24
2.047,64.197,98.596,17.619,86.651,319.331,-108.405,-237.906,79.873,76.531,24.444,-196.194,80
129.947,19.219,59.881,-8.247,52.571,5499.945,-105.185,0.703,72.726,38.808,25.139,-0.303,24
53.012,18.564,34.41,-35.709,31.337,1149.989,-23.013,90.021,45.604,26.384,23.314,67.305,27
16.387,18.474,113.242,-129.871,84.597,3999.953,-202.933,96.347,93.547,57.611,23.893,93.348,15
7.653,19.319,30.417,-5.386,24.393,99.993,-43.512,132.618,24.953,21.407,21.839,103.674,3
131.803,23.152,45.747,-3.141,44.499,3499.966,-42.286,1.163,67.56,36.889,23.553,-0.559,23
30.691,18.752,100.882,-127.347,73.732,4499.964,-191.748,83.742,73.254,51.253,19.922,80.045,21
4.095,23.069,124.228,-130.639,91.819,3499.969,-220.809,114.166,94.162,63.805,22.887,111.364,23
129.636,18.701,83.366,-1.171,68.988,2749.974,-1.999,1.085,52.699,53.324,23.437,-0.737,20
109.242,18.769,49.438,-73.725,43.522,3749.957,-87.443,53.927,57.019,34.241,23.163,45.1,27
58.987,29.722,70.991,-75.844,57.674,1499.988,-58.921,161.745,47.949,45.986,24.629,125.0,44
93.541,17.886,65.557,-1.332,58.03,1999.979,-2.004,1.098,88.198,44.81,24.051,-0.321,4
15.777,18.223,112.999,-129.995,83.908,3999.96,-204.782,97.13,89.35,57.472,23.283,94.032,15
33.457,34.995,88.54,-126.88,63.466,1999.992,-179.544,221.671,38.002,49.249,23.161,200.0,45
7.664,19.302,38.745,-5.41,31.336,100.027,-43.512,132.617,28.497,26.382,22.213,103.575,3
69.248,18.795,67.013,-111.91,53.272,2999.97,-124.335,113.031,59.024,39.45,23.827,99.882,14
120.382,70.105,82.532,-50.579,76.019,3554.895,-58.67,38.216,71.657,70.35,25.909,29.963,79
7.066,19.076,48.579,-5.621,39.727,106.456,-29.026,96.524,52.858,33.335,23.329,71.931,11
21.387,18.595,21.528,-2.852,19.92,419.991,-2.98,15.773,36.955,19.851,20.588,10.743,30
70.184,24.722,64.414,-109.634,51.66,2071.073,-81.345,175.316,48.578,39.449,23.093,140.617,62
69.374,18.968,66.831,-111.969,53.314,2999.963,-124.346,113.17,59.078,39.452,23.791,99.95,14
97.602,19.065,93.488,85.57,65.542,4999.679,-125.482,-55.876,58.383,44.146,23.086,-51.31,10
31.02,18.576,59.042,-40.857,45.394,749.989,-65.98,172.999,46.437,35.666,24.141,139.156,16
40.23,25.104,70.727,63.529,52.854,1259.258,-61.11,-170.966,39.772,39.449,22.919,-134.726,62
38.722,49.84,104.791,-67.676,86.003,1118.241,-87.858,199.571,72.067,70.711,25.797,160.21,49
50.028,18.339,22.185,-0.346,21.7,999.986,-2.0,1.098,28.578,19.851,22.857,0.202,5
93.127,49.894,99.47,92.69,86.065,3561.439,-90.538,-82.038,78.551,71.961,25.581,-70.469,49
43.507,18.607,42.851,-43.017,35.033,999.989,-43.512,132.617,36.497,29.281,22.363,103.152,5
4.102,18.388,19.85,1.487,19.736,100.002,-2.0,1.099,32.128,19.421,23.174,0.48,18
121.706,32.252,68.923,47.558,59.02,4479.018,-88.886,-33.964,68.135,45.987,26.393,-30.219,76
59.171,59.407,102.255,113.359,89.756,2098.882,-76.38,-188.133,85.308,77.198,26.385,-151.185,65
130.544,49.81,72.122,-16.488,68.724,3726.099,-51.321,10.134,72.368,60.736,24.879,7.174,48
85.688,46.67,59.518,82.435,54.115,5807.624,-147.322,-50.977,64.217,48.433,25.788,-48.487,79
68.606,49.822,62.925,-37.394,60.019,1499.99,-15.494,70.795,61.463,55.84,25.638,50.0,42
98.388,19.967,27.974,-79.141,25.588,2249.988,-33.037,108.236,24.007,22.854,18.99,81.741,32
93.009,35.045,36.857,-48.402,35.767,1999.997,-15.496,70.795,29.189,34.558,22.906,50.0,45
131.006,18.142,49.717,-6.439,43.224,4999.942,-97.802,0.874,51.966,33.485,23.693,-0.389,17
4.2,18.6,19.851,1.408,19.716,99.983,-2.001,1.098,27.287,19.556,21.984,0.192,3
132.008,18.506,28.95,-2.105,29.657,2999.97,-17.457,1.346,38.311,25.785,24.289,-0.568,14
4.199,18.289,19.435,1.431,18.755,99.981,-2.001,1.095,23.431,18.605,21.973,0.446,18
4.787,18.647,25.92,-1.52,24.168,60.03,-9.127,50.765,52.676,22.462,23.428,36.602,27
97.939,85.968,97.716,87.726,92.516,3063.254,-59.307,-88.431,85.778,88.068,26.383,-71.347,56
30.933,18.439,42.754,-27.098,35.393,674.99,-39.04,120.304,35.816,30.002,20.49,93.157,30
43.366,18.61,43.139,-43.128,35.665,999.996,-43.513,132.618,39.924,29.649,23.37,103.034,5
13.667,19.162,39.386,-11.623,32.005,249.982,-43.512,132.617,31.75,26.51,23.172,103.701,13
15.675,19.09,21.587,-2.095,19.851,299.983,-2.98,15.774,30.448,19.851,19.85,10.741,36
23.722,18.775,25.464,-21.912,21.121,500.009,-43.514,132.617,25.449,19.842,22.195,103.629,7
33.858,18.941,40.753,-125.954,31.298,5061.972,-201.468,75.528,29.895,24.928,23.118,72.316,11
119.518,19.178,63.557,-51.897,52.571,5649.947,-119.247,22.725,63.708,38.621,22.587,20.017,31
129.619,49.934,79.462,12.178,70.559,5254.237,-99.636,-10.458,65.275,60.756,25.088,-9.723,49
83.824,81.488,85.201,42.642,83.607,1979.19,-12.029,-61.883,74.784,81.232,26.382,-45.252,79
24.513,18.65,21.404,0.216,19.954,500.014,-2.002,1.097,37.461,19.851,26.143,-0.067,4
129.99,91.156,104.624,-19.276,98.258,4302.406,-67.861,9.85,91.116,94.26,26.447,7.209,56
31.787,19.503,99.868,-127.044,72.122,5499.943,-193.953,66.437,70.088,49.304,23.211,64.024,20
113.807,66.063,90.028,-65.487,83.699,4713.752,-100.491,36.132,84.32,75.741,29.822,30.797,58
29.293,19.321,78.707,-127.8,58.006,4149.959,-195.225,92.79,61.783,39.452,19.851,89.59,29
8.155,18.253,63.927,-7.614,45.986,99.97,-79.941,188.412,37.312,37.011,22.423,155.117,18
76.644,67.547,101.613,101.177,90.317,3972.14,-121.776,-84.72,83.606,79.056,26.38,-76.73,65
83.24,19.011,49.265,-85.122,40.941,1999.983,-43.51,132.617,44.397,33.249,23.196,101.937,12
44.599,80.604,90.88,46.979,85.182,1236.406,-35.248,-121.615,68.073,81.998,25.993,-92.306,66
63.135,18.129,45.898,-64.05,38.097,1499.988,-43.512,132.618,41.115,31.331,20.356,102.841,8
34.821,18.843,59.919,-125.411,43.541,5712.012,-200.105,64.805,37.755,30.167,23.167,61.756,11
47.135,73.789,99.087,15.009,89.614,1103.979,-9.077,-37.487,80.539,81.142,26.281,-27.838,69
130.299,19.336,49.942,-6.083,43.368,4999.951,-97.774,0.602,53.017,33.684,25.673,-0.713,17
30.822,52.999,72.583,-126.986,62.674,4062.166,-193.352,95.732,59.123,53.295,25.19,95.281,79
92.404,70.36,104.79,-88.822,94.247,5052.562,-127.509,47.468,88.391,82.966,27.422,43.382,61
77.169,28.935,55.877,-52.296,51.111,1722.223,-21.477,87.582,64.69,43.594,26.386,63.0,56
25.165,18.915,103.298,-128.734,76.226,3749.967,-197.828,104.626,68.746,52.823,23.148,100.8,27
82.759,45.964,93.892,-101.162,78.707,4478.548,-130.759,62.862,79.461,64.116,27.059,57.438,57
28.099,19.075,104.791,-127.864,81.118,4629.952,-191.38,79.844,87.388,55.733,23.35,77.064,29
112.603,28.294,58.923,-66.103,49.569,4457.066,-100.442,39.228,68.937,39.077,25.319,33.525,75
33.143,60.72,119.98,62.696,101.538,1176.093,-67.513,-184.372,81.686,85.122,28.011,-146.27,56
48.424,81.49,98.038,-5.082,90.139,1053.791,-4.932,12.571,62.287,84.607,26.009,7.975,70
21.413,18.345,21.187,-2.836,19.851,419.989,-2.98,15.773,34.823,19.848,22.197,10.766,30
24.44,65.657,97.939,-12.711,88.437,499.976,-15.495,70.796,63.411,78.852,23.652,50.0,45
118.243,67.735,103.714,23.523,90.459,5233.434,-105.258,-18.877,84.403,79.119,26.384,-17.869,65
94.631,64.453,72.122,-82.882,68.707,2249.971,-35.47,114.437,49.732,65.159,24.885,84.781,20
131.242,18.704,43.06,-5.178,38.836,4499.956,-84.525,1.038,47.641,31.34,21.968,-0.621,21
123.907,18.765,32.208,-28.638,32.556,2599.971,-4.81,29.925,50.984,27.794,22.154,19.996,32
8.16,18.673,63.876,-7.604,45.986,100.045,-79.941,188.412,36.907,37.049,23.09,155.096,18
107.62,70.538,80.705,-75.415,76.045,3499.984,-77.015,60.961,63.418,72.056,24.882,50.0,42
86.145,65.124,104.791,-98.665,92.923,4999.942,-132.459,54.217,93.427,79.413,29.203,47.61,6
105.683,71.865,85.12,-60.358,80.155,3180.034,-57.911,48.928,66.096,75.607,23.425,40.51,80
15.497,18.214,112.38,-130.187,83.244,3999.957,-206.627,97.895,82.985,56.547,24.511,94.897,15
68.16,18.269,63.353,113.205,50.821,2499.975,-91.47,-149.444,52.371,38.093,25.096,-127.836,6
31.822,58.555,100.351,83.117,83.091,1362.645,-95.743,-222.822,72.484,71.196,26.384,-182.009,76
27.545,19.262,104.791,-128.04,79.379,4499.966,-191.372,82.954,88.742,54.579,21.165,79.463,21
63.635,79.564,99.574,-35.402,92.511,1407.521,-15.773,71.713,70.224,86.762,26.398,50.692,58
0.324,24.817,29.732,1.596,28.951,51.522,-4.669,-13.254,60.582,27.41,26.384,-10.399,60
10.659,49.806,127.586,-15.085,94.912,176.063,-123.762,243.635,74.412,74.376,25.001,201.038,48
73.484,18.789,23.977,-0.362,24.169,1499.981,-1.998,1.097,32.953,22.461,23.254,0.041,8
79.235,18.74,31.344,-38.455,29.899,1694.977,-13.557,64.153,45.179,25.977,22.372,46.554,29
13.665,18.857,39.381,-11.611,32.028,250.011,-43.512,132.618,31.795,26.504,22.843,103.687,13
47.828,29.072,89.895,-80.731,66.523,1371.613,-84.034,193.517,63.594,50.066,26.647,154.8,53
12.102,18.18,19.85,0.86,19.581,249.989,-2.001,1.097,28.094,19.117,23.004,0.144,13
48.995,18.451,23.673,13.645,23.169,1064.99,-4.251,-34.264,30.741,20.933,22.714,-25.412,10
97.971,29.029,67.239,83.627,57.566,4120.687,-105.523,-64.928,63.676,45.57,26.608,-57.951,53
60.085,18.901,82.055,-114.487,61.891,5642.093,-170.817,57.282,64.952,42.856,22.786,53.866,10
12.378,19.357,58.138,-26.499,33.384,299.993,-166.068,301.702,26.902,24.586,19.784,259.904,36
13.701,18.796,39.035,-11.584,31.456,249.989,-43.512,132.617,27.214,26.385,23.216,103.767,13
3.809,19.129,129.76,-130.956,92.338,2703.976,-234.299,156.815,76.275,62.886,21.8,153.299,32
4.173,18.336,19.783,1.475,19.203,100.021,-2.001,1.099,28.731,19.04,22.418,0.238,2
130.596,49.822,68.312,14.773,63.274,4600.236,-83.743,-12.17,64.269,56.744,24.892,-11.204,48
131.817,18.695,48.247,-3.401,45.84,3499.965,-41.714,1.169,72.003,36.595,23.406,-0.514,26
75.499,65.389,76.07,-99.385,72.122,1999.988,-57.708,159.52,72.548,69.164,25.138,123.243,41
107.595,70.489,82.39,-75.486,78.648,3499.965,-76.866,60.976,65.013,72.122,25.432,50.0,42
121.773,45.215,84.774,44.813,72.122,5209.687,-104.429,-29.475,72.355,59.856,25.582,-26.856,79
26.035,18.944,104.348,-128.551,72.122,3749.962,-200.056,105.678,54.185,52.528,23.183,102.141,27
12.068,18.26,19.835,0.76,19.336,250.012,-2.001,1.097,26.202,19.116,23.146,0.107,13
126.638,87.579,75.173,31.081,72.122,3046.023,-20.466,-30.656,64.003,74.898,24.041,-23.336,80
29.005,19.349,85.314,-127.853,62.652,4149.969,-195.022,92.709,64.046,43.112,19.851,89.412,29
46.88,81.49,102.493,-65.633,91.316,1239.838,-65.798,172.587,60.141,86.016,25.636,134.673,59
24.036,80.487,77.424,-6.547,75.553,488.882,-6.084,36.152,57.488,76.264,25.911,24.424,66
51.077,18.582,53.375,-59.434,44.193,1249.988,-50.729,146.704,61.895,34.588,24.601,114.651,20
82.482,58.566,105.077,-99.569,94.778,4259.639,-124.738,65.316,89.215,79.234,28.005,58.823,61
93.55,19.232,50.949,-92.494,44.325,2249.977,-40.172,126.144,57.986,34.564,25.616,95.551,27
4.696,18.571,24.965,-1.801,22.513,50.022,-15.495,70.795,30.727,19.92,21.366,52.496,30
48.946,18.862,23.962,13.647,23.368,1064.992,-4.252,-34.264,32.413,21.732,23.149,-25.396,10
7.662,18.956,38.905,-5.41,31.336,100.005,-43.512,132.618,28.939,26.406,22.237,103.594,3
37.091,18.125,21.515,-0.171,20.094,749.997,-2.001,1.099,29.953,19.851,23.897,0.199,16
48.558,91.145,113.031,121.742,101.1,2453.851,-119.521,-175.13,77.808,94.21,26.084,-151.414,55
92.417,49.837,83.321,-92.331,72.11,4552.829,-123.637,56.217,69.288,61.558,24.982,50.941,48
12.062,18.204,19.727,0.8,19.07,250.011,-1.999,1.099,23.557,18.801,23.142,0.081,13
12.315,19.051,112.398,-130.545,80.937,3299.965,-216.424,124.048,68.923,55.846,24.603,120.698,27
38.282,49.6,98.35,-54.689,82.217,994.218,-67.137,175.307,75.207,69.534,25.522,136.983,48
29.147,19.361,78.703,-127.793,57.732,4149.967,-195.362,92.855,61.69,39.452,19.851,89.641,29
55.988,19.046,58.695,-115.82,49.558,5107.942,-171.932,64.363,61.174,37.886,27.398,65.0,61
22.008,71.939,97.314,-55.118,82.309,744.688,-136.159,260.273,77.825,75.722,28.047,215.521,53
10.017,18.471,79.304,-11.733,57.512,149.985,-99.215,216.051,32.562,43.687,21.141,181.465,30
112.849,18.645,57.543,-67.33,50.131,4299.953,-96.386,41.511,69.992,38.102,23.423,35.262,31
130.461,18.766,50.898,-6.229,44.404,4999.948,-96.761,0.702,56.126,33.829,24.871,-0.504,17
86.958,64.751,104.735,-97.664,90.441,4999.948,-133.004,54.097,87.478,78.707,25.352,47.369,6
23.646,18.27,39.521,-22.069,32.984,499.993,-43.511,132.617,35.648,27.654,23.251,103.286,7
37.045,18.709,21.347,-0.085,19.966,749.996,-2.002,1.097,29.537,19.851,23.856,0.188,16
36.088,18.922,62.685,126.074,50.54,3101.703,-168.269,-142.138,56.591,37.917,26.383,-131.939,53
8.173,18.591,63.766,-7.621,45.986,100.039,-79.942,188.412,35.085,36.94,22.808,155.19,18
131.272,18.575,43.828,-5.224,39.353,4499.955,-84.267,1.051,49.686,31.531,22.374,-0.598,21
73.453,18.832,23.734,-0.233,23.782,1499.984,-2.0,1.098,31.451,22.23,23.593,-0.045,8
31.536,18.964,99.614,-127.165,72.122,4499.962,-191.573,83.841,70.731,50.934,19.851,80.073,21
40.584,19.163,62.999,-123.734,44.985,4499.965,-189.205,83.718,34.842,31.383,19.023,79.879,21
8.168,18.311,63.835,-7.616,45.986,100.018,-79.941,188.412,35.752,37.02,22.914,155.141,18
24.607,18.622,19.859,0.362,19.851,499.987,-2.0,1.098,31.099,19.85,25.827,-0.038,4
85.561,19.222,53.966,-100.323,45.127,2499.979,-75.663,123.408,50.383,35.165,24.805,100.513,9
87.544,18.672,72.125,-96.198,58.534,4999.949,-138.257,53.445,68.701,42.533,24.29,48.396,6
60.005,70.103,104.62,-105.864,91.152,4949.98,-161.079,61.258,80.188,80.278,28.015,57.988,53
63.154,19.359,45.977,-64.275,38.606,1499.989,-43.514,132.618,42.655,31.426,23.16,102.953,8
30.93,18.616,39.452,-27.103,34.02,674.995,-39.041,120.303,35.836,28.765,21.462,93.179,30
16.325,35.798,123.923,-34.751,90.252,445.067,-137.479,261.687,67.506,67.523,26.306,216.85,58
131.797,18.288,37.354,-3.819,35.029,3999.955,-67.979,1.103,42.743,29.085,23.823,-0.597,15
118.33,19.044,48.774,-1.244,43.193,2499.972,-2.002,1.098,50.275,34.599,25.48,-0.877,9
131.793,23.213,49.395,-3.16,45.986,3499.966,-41.619,1.16,71.355,38.97,23.811,-0.522,23
91.668,18.454,31.133,-44.032,29.66,1959.983,-13.558,64.154,38.465,25.795,22.114,46.492,30
41.289,49.44,83.694,58.434,72.122,1263.073,-51.608,-151.8,73.275,64.016,27.368,-118.216,56
48.965,45.749,56.954,-120.005,51.779,4292.319,-174.425,83.818,51.951,46.028,23.216,79.815,80
81.242,39.594,64.126,68.806,58.281,2045.654,-29.01,-102.587,51.628,50.995,25.717,-77.261,60
31.018,18.773,58.931,-40.869,45.215,749.991,-65.98,172.999,46.362,35.432,24.835,139.181,16
95.613,18.722,49.93,-90.248,42.77,3403.967,-96.586,76.289,48.993,33.444,22.216,65.087,32
131.74,18.646,32.879,-3.04,32.444,3499.967,-46.173,1.17,42.472,27.632,23.496,-0.569,26
22.87,60.748,122.669,52.332,102.24,940.084,-79.766,-198.848,81.581,85.677,27.087,-160.172,56
63.135,19.314,45.985,-64.343,38.61,1499.993,-43.514,132.618,42.743,31.478,22.61,102.921,8
9.758,18.968,57.539,-15.198,33.5,149.988,-166.065,301.705,23.053,24.366,19.547,260.601,29
131.365,18.799,44.515,-5.342,39.452,4499.958,-83.762,1.057,51.367,32.236,22.526,-0.563,21
102.514,78.893,80.792,75.794,78.417,4809.708,-115.065,-52.935,65.349,75.833,26.118,-48.428,76
55.429,26.784,59.882,-117.672,52.621,3071.77,-147.476,118.27,55.763,42.801,24.436,106.897,73
12.169,18.583,19.851,0.948,19.817,249.996,-2.0,1.095,29.115,19.578,23.063,0.165,13
83.087,18.486,49.648,-85.344,42.177,1999.979,-43.511,132.617,47.602,33.318,23.504,101.842,12
82.881,87.146,110.46,102.016,100.409,2546.945,-56.337,-129.51,76.808,92.353,24.24,-102.49,80
111.148,18.586,49.134,-68.726,39.452,4749.943,-113.894,39.494,43.684,31.333,24.459,34.519,20
30.932,18.59,40.896,-27.09,34.514,674.993,-39.04,120.304,35.824,29.13,21.132,93.169,30
13.697,18.108,38.981,-11.59,31.377,249.98,-43.511,132.619,26.405,26.383,23.177,103.785,13
27.685,19.856,101.762,-128.331,76.211,3779.967,-192.461,102.07,77.032,52.746,19.851,97.895,32
12.057,18.17,19.731,0.853,19.091,250.01,-2.002,1.096,23.46,18.82,22.669,0.096,13
93.569,35.798,80.297,-92.398,68.9,2612.606,-62.665,105.945,62.257,56.45,26.205,83.942,58
2.737,38.389,56.312,2.944,53.4,76.475,-2.113,1.098,59.27,45.986,25.549,0.0,44
47.443,44.265,63.156,57.471,57.981,1339.822,-42.657,-137.44,64.943,52.621,27.108,-105.535,56
131.987,18.156,28.233,-2.043,29.115,2999.972,-17.666,1.339,36.406,25.517,23.42,-0.565,14
29.143,64.789,69.604,-11.177,67.098,599.976,-9.127,50.764,64.318,65.529,26.385,35.35,20
111.181,18.544,45.981,-68.735,39.082,4749.953,-114.114,39.487,42.372,30.014,23.864,34.657,20
23.652,18.654,39.464,-22.044,32.74,499.982,-43.51,132.617,34.63,27.139,22.256,103.346,7
123.087,54.967,82.124,-41.005,71.944,4172.651,-77.635,24.932,68.397,62.305,27.961,20.201,74
85.411,18.905,54.33,-100.446,45.223,2499.965,-75.759,123.379,50.983,35.224,25.253,100.499,9
75.879,26.907,46.042,-24.551,42.917,1593.649,-7.348,42.004,47.125,36.974,24.181,28.642,73
12.119,18.432,19.795,0.771,19.19,250.013,-2.001,1.097,25.57,19.07,23.041,0.105,13
129.83,19.365,57.562,-8.197,49.373,5499.944,-106.913,0.663,63.495,37.105,23.767,-0.236,24
7.662,18.565,38.856,-5.409,31.336,99.993,-43.512,132.618,28.774,26.383,21.519,103.568,3
122.279,49.873,69.763,47.931,64.036,4339.311,-84.803,-35.004,63.712,57.38,23.917,-30.869,48
56.991,65.027,116.409,-117.141,95.778,5249.944,-165.132,63.428,83.351,80.113,28.116,58.59,20
74.383,37.608,89.241,-104.872,70.872,4970.02,-148.137,58.759,72.642,54.675,26.286,55.218,66
27.774,19.267,104.791,-128.094,79.491,4749.954,-192.217,77.794,86.759,54.14,23.436,75.111,27
3.903,19.641,96.871,1.481,72.178,100.005,-2.0,1.098,67.783,50.621,26.17,0.201,6
80.686,29.198,68.972,97.829,57.479,5077.314,-143.677,-65.712,58.918,45.269,26.384,-61.778,53
8.139,18.426,63.991,-7.61,45.986,100.041,-79.94,188.412,38.498,36.991,23.206,155.071,18
12.041,18.426,19.563,0.799,19.078,250.013,-2.001,1.099,23.374,18.819,22.536,0.073,13
36.589,29.593,75.162,-126.016,56.969,2999.969,-181.326,133.768,46.766,44.14,23.486,125.0,44
93.884,64.971,81.534,-83.439,75.337,2249.975,-35.45,114.414,59.851,69.871,25.803,84.409,20
128.558,19.3,67.188,-8.919,56.623,5999.929,-114.139,0.312,75.637,40.56,26.384,-0.352,19
30.876,39.415,90.716,94.127,72.438,1465.539,-109.505,-238.891,74.201,59.864,26.384,-197.331,54
86.665,49.417,94.021,-97.358,78.803,4999.955,-135.198,53.822,77.806,65.059,24.97,48.091,6
37.314,18.187,22.433,-0.163,22.021,749.994,-2.001,1.098,34.723,19.876,23.536,0.335,16
60.827,33.345,74.003,-80.755,60.64,1582.806,-59.218,161.636,69.87,49.62,23.74,125.013,71
86.937,49.426,94.925,-97.323,79.639,4999.95,-134.565,53.875,80.786,65.586,25.08,47.81,6
4.162,18.783,19.526,1.503,18.957,100.016,-2.002,1.096,23.427,19.045,22.14,0.224,2
36.864,19.306,104.13,-124.142,78.707,5999.936,-185.869,57.174,89.435,52.571,24.894,54.593,4
63.374,91.126,124.409,-115.256,109.942,3261.552,-131.88,106.753,81.674,99.607,28.278,95.46,58
116.506,26.618,60.689,-56.609,53.339,4138.341,-88.777,36.216,55.654,42.959,24.512,30.164,73
33.436,28.605,79.96,-125.581,63.3,4875.771,-191.253,75.151,69.753,45.986,26.384,74.754,66
49.987,18.591,21.974,-0.323,21.539,999.988,-2.0,1.095,29.401,19.851,23.407,0.182,5
85.933,18.814,52.639,-99.981,43.073,2499.977,-75.592,123.464,44.625,33.923,24.192,100.722,9
107.43,70.502,83.68,-75.659,78.707,3499.966,-76.763,60.979,66.958,72.122,26.311,50.0,42
55.714,18.62,62.119,-77.48,48.913,1449.985,-65.98,173.0,44.975,37.773,20.108,138.945,30
80.407,87.13,81.737,-102.74,74.63,2613.999,-85.608,123.476,59.885,72.27,26.477,101.871,76
130.259,18.508,49.539,-6.138,43.039,4999.946,-97.937,0.601,52.003,33.312,23.937,-0.57,17
67.515,30.502,92.603,-112.246,70.381,3101.389,-127.313,108.454,66.894,52.915,26.385,96.23,68
128.698,26.67,53.032,19.966,46.933,5166.198,-101.325,-14.933,54.909,39.453,24.739,-13.982,73
85.579,18.584,53.927,-100.273,45.122,2499.967,-75.635,123.413,49.813,35.316,24.82,100.591,9
63.112,18.426,45.986,-64.418,38.681,1499.99,-43.513,132.618,43.264,31.349,23.247,102.933,8
48.941,18.771,23.873,13.659,23.347,1064.993,-4.25,-34.264,32.696,21.517,22.666,-25.405,10
71.764,19.255,56.988,-110.119,44.447,2999.968,-123.568,113.196,37.992,34.111,21.263,100.116,14
104.463,35.798,74.667,76.179,61.953,5143.785,-122.414,-49.866,53.981,51.012,25.572,-46.106,78
131.805,23.572,97.69,-3.31,82.034,3499.963,-37.306,1.156,92.37,60.685,23.472,-0.512,23
84.274,80.536,115.528,-100.969,103.538,3257.084,-97.818,90.172,92.634,92.639,26.385,76.937,56
55.617,18.383,62.688,-77.632,49.366,1449.984,-65.982,173.0,47.489,37.978,21.819,138.869,30
36.561,18.358,29.109,-18.693,26.361,749.991,-15.497,70.795,31.304,23.898,21.448,52.039,27
27.546,19.802,102.773,-128.267,76.444,3779.972,-193.454,102.523,73.656,52.91,19.851,98.298,32
80.906,28.68,57.208,-85.662,49.351,1973.373,-43.668,133.958,59.823,39.672,26.385,101.023,56
119.553,19.292,26.412,-0.709,27.928,2499.973,-2.0,1.096,35.872,24.871,26.154,-0.838,9
49.983,44.619,62.152,59.487,57.521,1399.659,-42.034,-135.681,65.046,52.574,27.743,-104.099,56
4.227,23.058,124.134,-130.69,91.735,3499.965,-220.765,114.126,93.927,63.809,23.469,111.404,23
53.072,65.507,93.35,-120.045,83.645,2418.665,-133.986,161.422,77.278,75.667,26.384,142.035,51
10.463,18.99,117.893,-130.821,82.495,2459.975,-228.543,177.027,60.121,56.312,23.005,171.542,29
67.387,19.308,91.284,-110.306,70.541,5749.941,-161.299,52.252,80.901,48.505,24.043,49.16,27
118.535,18.494,33.784,-0.899,33.723,2499.972,-2.001,1.097,51.641,28.841,25.689,-0.993,6
119.088,19.239,72.013,-51.905,57.498,5749.95,-122.952,22.472,52.793,42.206,19.836,19.76,29
125.188,39.603,65.144,39.295,59.295,4441.276,-85.486,-28.517,62.845,51.04,26.29,-25.364,50
28.071,19.458,115.673,-128.014,83.621,3779.971,-195.113,103.289,63.372,58.105,19.851,99.232,32
43.569,19.109,42.086,-42.94,34.202,1000.006,-43.514,132.617,34.315,28.523,21.772,103.205,5
85.47,18.595,53.98,-100.392,44.874,2499.971,-75.865,123.353,49.948,34.751,25.077,100.549,9
124.707,91.097,115.355,40.468,104.791,5429.08,-99.95,-25.992,93.392,97.106,26.338,-23.566,56
131.03,18.459,59.828,10.746,52.557,3509.687,-44.823,-9.87,63.369,39.207,26.533,-8.709,61
111.177,76.487,57.696,70.417,59.151,3010.449,-42.072,-70.347,55.563,61.942,26.188,-55.139,57
83.114,18.865,49.418,-85.271,41.833,1999.978,-43.511,132.617,46.578,33.229,25.098,101.651,4
68.694,28.468,45.609,-53.809,42.843,1568.226,-28.762,101.011,59.838,37.728,26.235,73.937,57
4.176,18.279,19.66,1.462,19.035,99.984,-2.003,1.097,24.718,19.0,22.013,0.233,2
13.69,18.405,39.331,-11.633,31.576,249.988,-43.511,132.618,30.965,26.392,22.932,103.716,13
49.203,29.006,64.546,-80.617,54.268,1391.949,-78.454,186.688,65.242,45.367,26.385,148.33,53
130.58,81.482,87.069,-18.931,86.0,2982.548,-12.088,17.008,81.637,83.534,29.133,11.65,58
29.243,34.591,81.402,127.802,68.103,2959.587,-172.624,-153.068,69.447,54.108,25.64,-142.026,55
24.609,18.215,19.961,0.351,19.851,499.999,-2.0,1.098,32.332,19.849,25.847,-0.028,4
23.648,18.927,39.478,-22.053,32.903,499.994,-43.511,132.618,35.388,27.718,23.146,103.299,7
67.932,18.566,90.555,-110.192,69.847,5749.943,-161.271,52.283,79.188,47.355,23.117,49.036,27
119.111,19.181,72.123,-52.905,60.692,5649.955,-116.875,22.799,76.814,44.404,22.477,20.063,31
37.071,29.885,78.738,126.304,60.274,2433.624,-152.324,-187.36,36.804,45.986,24.882,-167.946,79
-0.228,24.606,25.653,-0.424,24.842,5421.339,-158.123,-85.375,25.978,23.983,25.146,40.162,65
73.643,30.722,92.566,-88.803,72.111,1877.488,-51.123,146.943,73.763,55.254,26.384,112.338,74
13.666,18.949,39.413,-11.624,31.993,249.999,-43.512,132.617,31.782,26.605,23.147,103.684,13
7.836,49.533,65.416,7.907,60.739,267.355,-27.084,-97.01,68.592,56.614,27.343,-72.744,56
18.124,19.318,104.791,-130.069,78.045,4499.947,-204.364,85.59,78.198,52.596,26.242,82.982,6
52.345,19.111,131.453,-86.37,86.287,1499.482,-87.195,196.526,46.692,58.035,19.907,161.452,36
10.215,20.359,121.351,-130.67,90.551,5499.949,-203.551,66.118,105.597,59.934,22.33,64.584,24
4.172,18.82,19.725,1.457,19.173,100.019,-2.001,1.098,27.178,19.075,22.511,0.25,2
2.708,18.601,123.314,-131.071,89.995,3499.972,-224.623,114.944,87.497,60.705,21.213,112.67,26
13.676,18.612,39.349,-11.603,31.727,250.016,-43.513,132.618,29.892,26.385,23.165,103.729,13
41.232,23.816,92.527,-124.418,72.122,3499.969,-172.417,107.167,74.659,53.372,23.786,100.0,41
8.163,18.288,63.828,-7.616,45.986,99.941,-79.939,188.413,36.079,36.993,22.428,155.151,18
125.48,34.696,82.56,33.823,68.991,4794.629,-92.586,-23.827,69.723,54.139,25.183,-21.495,55
43.227,28.251,62.912,123.679,53.666,3162.945,-158.29,-135.507,53.072,43.155,24.892,-124.707,63
46.887,50.233,78.999,11.022,70.403,1048.537,-3.349,-27.814,64.199,61.944,25.461,-20.393,65
4.126,18.153,19.803,1.473,19.342,99.994,-1.998,1.099,29.013,19.108,22.571,0.251,2
131.976,18.322,29.354,-2.11,29.908,2999.967,-17.286,1.34,39.584,26.114,23.626,-0.556,14
61.83,49.829,65.44,-64.334,59.778,1499.98,-43.515,132.616,58.669,54.932,24.83,100.0,42
64.267,59.36,96.477,114.665,82.822,2754.786,-103.963,-139.212,73.528,71.798,25.206,-119.122,80
4.565,23.237,124.201,-130.537,91.975,3499.964,-219.827,113.91,95.414,63.99,23.311,111.013,23
10.028,19.304,77.469,-11.717,56.246,150.007,-99.216,216.05,29.463,42.794,19.874,181.526,30
36.285,18.987,110.683,-124.51,83.64,5999.95,-184.435,56.482,95.483,55.858,23.188,54.405,31
69.387,18.136,66.233,-111.653,52.944,2999.978,-124.263,113.173,57.566,39.45,23.469,99.948,14
63.269,49.819,59.881,15.015,58.182,1400.542,-3.139,-28.276,66.418,54.25,26.02,-20.695,48
86.455,65.123,104.791,-98.438,92.529,4999.945,-132.593,54.194,92.72,79.34,26.54,47.609,6
29.434,18.782,97.104,-127.841,72.075,3842.965,-191.847,100.426,70.145,50.304,23.0,96.448,32
57.604,51.055,35.471,-82.788,36.775,1572.95,-74.142,176.919,29.323,39.452,21.873,140.034,43
128.336,18.355,61.628,-8.677,50.636,5999.929,-117.878,0.236,55.925,36.719,23.776,-0.587,4
18.165,27.05,98.138,-129.92,76.774,4986.049,-201.934,74.882,85.919,54.623,28.865,74.661,58
17.648,33.42,55.31,75.282,44.664,1105.625,-131.747,-266.659,61.799,39.311,23.805,-222.689,71
83.545,91.124,126.359,-101.147,110.486,4009.487,-117.947,71.824,86.503,100.046,27.66,63.973,58
4.011,18.638,42.902,1.557,37.905,100.002,-2.0,1.098,44.452,33.196,22.788,0.175,2
4.17,18.703,19.236,1.431,18.678,99.988,-2.001,1.097,23.587,18.817,21.842,0.172,3
30.379,30.088,112.492,-69.762,84.16,999.988,-122.97,242.424,61.195,63.751,24.943,200.0,44
69.835,18.748,65.295,-111.389,52.128,2999.969,-124.273,113.182,52.733,38.689,21.507,99.987,14
12.127,56.053,88.48,-130.359,75.414,3272.318,-215.179,126.258,73.586,65.588,26.432,126.123,54
50.451,27.45,69.043,-116.174,58.653,4079.326,-168.773,84.684,61.821,45.873,26.114,83.262,67
129.727,19.379,56.514,-8.148,48.265,5499.951,-107.629,0.647,59.747,36.322,24.725,-0.295,24
86.701,18.799,72.143,-96.814,58.528,4999.947,-138.249,53.473,69.282,42.092,23.749,48.671,17
24.605,18.586,19.871,0.363,19.851,500.001,-2.002,1.097,31.642,19.84,25.984,-0.045,4
12.108,18.998,19.827,0.781,19.278,250.018,-2.001,1.096,24.872,19.125,22.873,0.095,13
12.119,18.151,19.851,0.87,19.769,250.018,-2.001,1.098,28.344,19.597,22.801,0.142,13
85.022,28.193,81.886,-98.789,65.553,4501.724,-130.952,60.961,70.275,49.26,26.381,55.803,66
11.508,19.605,112.891,-131.041,78.759,2459.981,-226.992,177.273,57.34,53.486,22.182,171.73,29
53.252,91.074,124.975,-119.774,110.348,3974.515,-156.073,89.083,86.109,99.966,27.791,82.41,58
127.417,81.483,88.13,-33.055,86.466,2858.837,-9.729,31.685,81.875,83.606,28.584,21.98,58
50.011,18.462,21.637,-0.293,21.169,999.99,-1.999,1.097,28.427,19.851,23.142,0.207,5
13.682,18.676,39.371,-11.636,31.63,249.979,-43.512,132.617,31.409,26.39,23.143,103.676,13
91.681,18.605,31.526,-44.305,30.05,1959.989,-13.558,64.153,40.325,26.196,21.81,46.586,30
109.792,49.854,68.278,71.894,63.403,4191.82,-93.985,-54.439,63.341,57.363,23.835,-47.9,48
96.279,18.837,28.051,-0.961,28.934,1999.976,-2.0,1.097,47.037,25.619,23.725,-0.308,4
5.385,18.663,120.96,-130.64,89.439,3499.96,-218.976,113.584,94.641,60.672,23.179,111.051,26
4.715,18.638,33.137,-1.808,28.868,49.996,-15.496,70.795,35.092,25.611,21.527,52.502,30
131.27,18.756,42.837,-5.23,38.625,4499.958,-84.704,1.046,45.697,31.289,22.248,-0.602,21
69.12,28.826,45.465,-37.752,43.052,1499.989,-15.495,70.795,60.558,38.29,25.09,50.0,45
51.856,34.535,55.716,-63.514,50.226,1294.965,-55.845,155.572,50.566,44.586,26.274,119.793,68
69.191,28.853,44.533,-37.603,42.77,1499.991,-15.496,70.794,59.838,37.876,25.287,50.0,45
20.224,42.819,78.851,-128.844,69.159,3937.078,-201.353,98.808,81.524,58.37,25.569,100.206,73
132.001,18.671,28.058,-2.045,29.168,2999.966,-17.587,1.344,36.586,25.589,23.24,-0.585,14
107.023,28.555,46.42,-55.3,45.954,2336.557,-14.35,67.067,62.418,39.452,25.724,47.199,57
87.429,30.119,58.275,-68.64,52.573,1999.981,-28.703,102.574,52.602,44.613,24.656,75.0,44
18.982,18.56,120.503,-128.987,90.664,5749.925,-195.415,61.773,105.92,59.889,25.828,59.954,20
49.835,63.371,65.589,-15.607,61.722,1053.576,-7.829,40.589,63.885,59.374,25.69,27.811,55
66.364,50.059,83.727,-111.477,71.028,5122.673,-160.117,62.207,63.209,60.103,24.889,58.989,49
51.042,49.727,102.451,87.429,91.744,1683.866,-65.241,-177.882,72.93,84.501,27.376,-140.908,74
44.562,18.508,22.596,-5.69,22.221,899.995,-2.981,15.775,31.184,19.851,19.851,10.921,36
24.62,18.529,23.145,-0.025,22.418,499.984,-2.001,1.096,44.643,19.858,25.502,-0.009,4
7.681,19.129,38.564,-5.395,30.508,99.998,-43.512,132.618,26.869,26.324,21.33,103.762,3
119.088,19.076,28.895,-0.838,29.672,2499.97,-1.999,1.098,41.998,26.014,25.705,-0.866,9
24.546,18.294,21.491,0.381,19.873,500.005,-2.001,1.098,32.12,19.851,23.176,0.048,7
13.664,18.604,39.429,-11.62,31.753,249.974,-43.512,132.618,31.793,26.385,23.169,103.724,13
83.254,19.239,49.161,-85.139,40.182,1999.977,-43.512,132.617,44.193,32.998,23.178,101.905,12
33.61,18.508,94.806,-126.498,68.884,5499.952,-193.496,66.42,65.02,45.911,23.124,64.004,20
52.788,28.05,83.993,-119.468,67.63,4035.435,-162.476,86.658,71.897,51.057,26.384,80.897,66
122.029,38.576,67.22,-48.419,62.153,3999.966,-74.14,31.201,74.268,53.131,24.827,25.0,44
107.156,86.083,96.358,-75.957,90.942,3499.966,-74.937,61.165,75.6,86.816,25.441,50.0,45
63.149,18.674,45.978,-64.376,38.369,1499.984,-43.513,132.617,42.438,31.336,22.684,102.963,8
130.252,19.362,49.62,-6.03,43.077,4999.947,-97.815,0.585,52.013,33.501,24.567,-0.494,17
31.598,32.177,93.752,-31.598,76.042,711.347,-42.727,133.023,64.259,59.451,26.378,100.128,54
74.87,18.825,61.214,-108.257,49.406,2569.969,-99.898,130.158,52.741,37.904,22.332,110.705,32
113.961,28.857,68.864,60.506,57.474,5113.167,-112.824,-39.53,58.889,45.242,26.383,-36.238,53
87.15,19.279,72.122,-96.353,58.221,4999.959,-138.389,53.43,68.028,42.423,24.144,48.626,17
80.937,30.331,59.812,7.681,54.23,1803.019,-7.472,-6.744,70.736,45.96,24.771,-6.204,72
120.041,58.255,75.619,53.34,71.085,4028.407,-75.215,-41.224,73.359,64.823,27.586,-35.417,65
50.826,17.306,89.208,-121.146,70.014,3299.962,-154.023,109.012,85.8,50.165,26.829,100.396,20
91.453,19.03,100.14,-94.856,79.158,2249.978,-39.027,126.416,89.437,54.816,24.214,93.593,27
131.028,18.399,49.968,-6.519,43.307,4999.95,-97.713,0.901,52.541,33.395,24.887,-0.454,17
113.888,34.71,48.594,-63.525,41.658,4385.531,-103.103,39.97,31.315,37.517,23.95,34.314,55
121.646,87.428,78.764,-40.951,71.728,4862.764,-99.712,22.044,56.603,71.142,25.593,18.56,52
70.366,35.013,33.595,-36.527,32.783,1499.995,-15.495,70.796,27.324,32.832,23.169,50.0,45
96.919,18.431,25.24,-0.627,25.72,1999.975,-2.001,1.096,33.711,23.314,23.872,-0.288,4
4.204,18.821,19.667,1.498,19.078,99.99,-2.001,1.097,26.22,19.052,22.376,0.184,3
129.263,71.459,95.08,20.741,85.142,5355.465,-97.977,-15.17,81.248,77.062,26.472,-13.976,57
132.005,19.213,28.775,-2.094,29.652,2999.968,-17.429,1.341,37.989,25.829,23.914,-0.575,14
21.127,54.974,126.431,-129.493,100.689,3890.894,-197.093,100.009,87.653,79.475,28.042,98.751,74
31.091,18.289,58.571,-40.759,45.117,749.992,-65.98,172.999,44.858,35.395,24.682,139.228,16
49.927,18.583,22.422,-0.312,22.088,999.987,-1.999,1.097,30.642,19.851,23.291,0.173,5
39.306,80.591,90.43,34.582,85.158,1059.238,-29.117,-101.987,68.194,82.044,25.999,-76.752,66
24.057,19.328,117.374,-128.261,89.872,5849.935,-190.384,59.307,109.128,59.537,26.39,57.723,27
44.851,35.262,73.295,90.647,60.825,1586.817,-79.847,-201.927,51.556,50.942,25.585,-162.424,78
19.388,49.709,104.791,-44.024,83.707,591.269,-132.391,254.545,74.676,68.972,25.605,210.772,48
69.332,18.626,66.579,-111.722,53.154,2999.975,-124.303,113.217,58.024,39.452,22.869,99.982,14
33.433,39.657,84.973,126.808,69.748,3369.566,-172.576,-132.049,66.513,56.525,26.439,-123.588,53
52.004,26.587,38.995,-119.047,30.274,4759.876,-179.47,74.283,28.769,23.542,25.299,73.459,78
3.575,39.402,68.863,-130.729,58.947,2915.818,-234.839,146.192,65.031,49.751,26.694,143.655,61
92.086,26.321,74.63,93.361,59.265,5313.267,-135.072,-58.876,63.093,44.368,26.385,-55.018,65
0.0,79.002,113.412,-0.0,101.766,2346.9,-0.003,0.002,83.043,90.938,26.385,50.817,51
33.779,19.336,112.338,-125.982,85.361,5999.935,-184.945,56.73,101.099,57.301,23.682,54.903,31
32.716,46.989,78.709,33.876,67.218,908.893,-33.678,-117.001,59.495,57.561,25.636,-88.63,78
48.643,18.421,26.071,13.786,25.581,1064.998,-4.252,-34.264,43.288,23.182,23.168,-25.416,10
58.341,18.112,64.996,-7.639,54.692,1199.99,-2.98,15.774,43.977,44.424,19.851,10.831,36
96.846,18.197,25.824,-0.716,26.15,1999.975,-1.999,1.097,35.674,23.545,23.745,-0.286,4
9.914,19.066,60.012,-11.628,41.54,149.972,-99.214,216.051,24.455,32.509,19.862,181.85,30
72.748,28.446,83.335,-108.417,68.845,4366.459,-142.236,70.235,74.68,52.735,26.385,64.833,66
131.219,81.49,103.365,-5.033,97.016,3774.948,-48.006,1.641,86.642,90.569,26.384,0.374,59
86.169,19.818,75.669,-97.868,61.507,4999.939,-136.953,53.658,77.927,44.526,26.48,48.382,6
91.387,66.256,60.699,-48.263,60.303,1999.976,-15.496,70.795,42.07,61.613,23.323,50.0,45
24.518,18.109,97.127,-13.191,77.863,500.022,-15.498,70.796,77.411,55.262,26.066,50.552,6
99.324,19.239,76.785,-81.802,61.247,5969.942,-138.847,35.675,71.931,43.17,23.51,32.887,29
82.039,18.905,83.979,-99.72,65.484,5749.937,-150.124,46.902,75.353,45.766,24.88,43.414,20
86.27,28.825,72.137,-95.748,62.799,4234.446,-126.89,64.534,65.952,49.737,26.385,58.524,53
4.182,18.198,19.623,1.477,19.068,100.019,-2.001,1.095,25.39,18.797,22.296,0.245,2
17.289,42.145,67.194,11.881,60.142,433.962,-11.954,-51.618,46.49,52.993,23.86,-38.311,72
21.893,86.074,102.6,-26.383,93.129,499.963,-58.913,161.746,78.629,87.659,24.126,125.0,41
90.979,50.451,104.79,-93.207,81.96,4084.749,-116.371,64.483,61.07,65.588,25.308,57.471,65
13.702,18.289,38.929,-11.592,31.369,249.972,-43.512,132.619,26.277,26.383,23.119,103.851,13
75.408,49.786,90.155,-100.891,78.707,1999.976,-58.705,161.575,72.459,66.56,25.694,125.0,42
120.696,18.651,45.986,-52.555,43.812,3103.971,-43.075,46.181,64.276,35.393,22.883,34.931,32
115.909,56.105,68.735,62.19,65.584,3439.393,-58.297,-54.928,62.819,61.252,28.838,-45.066,58
119.792,19.852,107.357,-30.035,82.695,2601.502,-5.166,30.201,87.878,56.81,22.128,19.623,32
93.422,65.019,83.586,-83.864,76.936,2249.979,-35.426,114.397,66.358,70.936,26.069,84.1,20
87.615,30.08,62.142,87.835,53.616,2355.444,-42.149,-116.587,41.379,45.654,24.901,-89.976,79
15.678,19.027,19.851,-2.116,19.847,299.985,-2.98,15.773,29.51,19.652,19.847,10.76,36
100.629,19.308,71.396,84.48,57.471,4999.955,-122.341,-54.262,61.072,42.717,22.527,-49.849,10
82.163,29.277,64.154,101.896,55.836,3762.709,-115.411,-87.691,60.86,45.284,26.655,-78.282,53
49.425,39.598,103.124,122.087,82.055,2158.777,-106.552,-198.867,72.953,64.404,26.179,-167.093,50
75.455,29.347,57.198,96.798,49.516,2124.032,-48.076,-146.451,59.877,42.749,26.561,-113.45,53
85.914,18.103,74.994,-98.008,60.558,4999.938,-137.787,53.573,75.102,43.538,26.411,48.677,6
51.095,78.893,75.341,120.994,72.122,2647.164,-125.901,-159.48,64.12,73.121,26.134,-139.75,76
123.805,18.975,72.123,-44.295,62.198,4499.959,-86.851,24.706,80.884,45.986,23.37,20.012,20
69.03,29.297,76.532,-105.789,61.866,1934.758,-73.111,178.802,67.122,48.502,26.385,141.336,53
44.381,18.605,26.003,-5.705,24.906,899.99,-2.98,15.774,36.965,23.206,19.851,10.726,36
122.157,75.201,103.604,-25.628,89.034,4313.444,-80.088,13.271,68.572,80.199,23.963,11.154,81
4.213,18.627,19.255,1.449,18.629,99.991,-2.0,1.093,23.67,18.618,21.736,0.192,3
131.784,23.227,36.201,-2.95,35.639,3499.965,-45.743,1.17,43.124,31.309,23.611,-0.588,23
119.629,19.075,26.384,-0.76,27.689,2499.97,-2.002,1.097,35.461,24.811,26.215,-0.817,9
131.743,23.142,39.371,-3.151,39.086,3499.964,-44.089,1.166,55.838,33.327,23.364,-0.521,23
111.755,62.358,98.876,65.811,86.805,4895.581,-104.732,-44.19,79.796,75.33,26.34,-39.991,76
17.033,58.75,70.845,22.014,67.235,548.116,-41.927,-134.428,64.069,63.341,26.617,-103.234,61
2.577,18.649,42.747,0.096,37.422,24.287,-9.732,34.51,42.061,30.747,23.168,22.423,11
52.911,18.538,37.407,-35.75,33.276,1149.994,-23.015,90.021,48.48,28.036,24.703,67.189,27
76.746,18.636,88.586,-103.612,68.542,5999.933,-156.407,46.77,77.821,45.986,23.972,43.159,4
87.092,18.641,72.125,-96.617,58.483,4999.947,-137.803,53.479,68.772,42.113,24.123,48.272,6
82.62,39.631,82.05,92.83,71.398,2239.667,-38.547,-129.445,73.449,59.063,26.382,-98.737,50
94.712,34.546,87.688,-90.012,72.122,4499.973,-121.382,55.384,63.759,58.016,23.171,50.0,43
21.136,19.415,113.666,-129.095,85.918,5084.955,-196.215,71.797,97.552,58.08,23.415,69.878,29
67.636,30.727,68.664,-112.636,60.426,2543.376,-108.382,138.488,73.067,50.524,26.384,118.245,74
70.886,18.188,62.452,-110.687,49.273,2999.973,-123.902,113.155,45.138,36.959,21.865,99.942,14
29.154,18.844,104.791,-127.582,78.707,5499.945,-194.517,66.421,76.891,52.571,23.734,64.026,20
37.217,18.324,23.158,-0.029,23.042,749.994,-2.001,1.097,37.193,20.111,24.073,0.316,16
36.982,18.293,22.018,-0.232,21.585,749.984,-1.999,1.095,32.614,19.851,24.077,0.194,16
27.915,19.415,104.781,-127.991,78.849,4499.959,-191.475,83.067,87.019,54.065,21.276,79.557,21
12.065,18.234,19.845,0.769,19.429,249.987,-2.0,1.099,26.62,19.17,22.645,0.128,13
51.414,18.641,93.341,-121.031,67.663,1999.972,-129.12,204.171,57.532,48.615,25.048,176.21,4
21.525,54.286,103.104,129.3,83.691,3216.329,-186.59,-144.387,76.711,69.063,27.575,-136.271,65
13.709,18.166,39.001,-11.59,31.37,250.001,-43.511,132.617,25.962,26.384,23.026,103.878,13
129.806,18.594,56.49,-8.22,47.538,5499.946,-107.755,0.661,58.607,36.198,23.185,-0.167,24
73.366,75.439,104.758,-109.03,94.892,2923.404,-105.865,111.999,90.074,85.189,27.527,96.106,56
105.011,37.389,90.04,-76.626,72.122,5080.592,-118.535,40.059,75.4,56.805,26.337,36.077,66
87.063,18.681,72.142,-96.683,58.429,4999.96,-138.201,53.47,68.582,42.125,24.637,48.539,17
49.987,18.263,22.247,-0.332,21.863,999.994,-2.001,1.099,28.963,19.851,22.549,0.185,5
66.415,40.914,72.122,109.569,62.864,3232.089,-122.149,-113.252,66.068,52.705,27.164,-101.04,54
93.176,49.865,63.785,-27.138,61.262,1999.974,-6.369,36.936,64.733,56.826,25.364,25.0,42
43.44,18.716,42.875,-43.07,35.262,999.994,-43.512,132.618,38.073,29.264,23.045,103.092,5
59.045,89.236,119.486,116.196,104.791,2623.611,-105.905,-152.083,87.748,97.801,24.907,-130.264,75
76.039,61.222,98.164,107.074,83.108,2492.999,-67.968,-140.246,68.756,71.741,23.294,-112.971,62
12.019,18.48,19.625,0.832,19.055,249.995,-2.001,1.095,23.357,18.802,22.739,0.08,13
107.607,44.38,55.875,-65.309,54.109,2397.384,-18.658,79.286,60.001,50.223,26.385,56.64,56
29.454,18.726,101.178,-71.244,69.523,994.985,-131.783,253.597,45.17,49.425,22.081,215.972,30
130.445,49.824,61.484,17.135,60.417,3444.115,-41.723,-15.77,64.192,55.964,26.385,-13.301,58
36.142,28.945,78.33,125.936,64.289,3410.727,-169.75,-128.667,70.824,50.868,26.366,-120.202,59
128.395,18.693,62.538,-8.693,51.695,5999.929,-117.365,0.277,58.889,37.865,23.78,-0.765,4
13.716,18.361,33.175,-11.536,26.382,250.005,-43.512,132.618,22.203,23.317,23.136,103.863,13
43.435,19.057,43.194,-42.952,35.681,999.999,-43.514,132.618,39.094,29.649,23.272,103.038,5
8.168,18.475,63.881,-7.617,45.986,100.009,-79.94,188.412,35.704,37.023,22.717,155.15,18
76.255,19.425,89.862,-104.349,69.632,5999.938,-156.155,46.916,80.331,48.101,24.847,43.412,4
23.666,18.355,39.452,-21.995,32.437,500.005,-43.512,132.617,32.203,26.955,22.972,103.382,7
132.006,18.331,28.586,-2.07,29.295,2999.967,-17.596,1.339,37.099,25.559,23.258,-0.558,14
44.216,48.587,75.463,-89.22,61.868,1388.443,-100.153,218.996,69.544,55.55,24.911,177.33,80
42.075,80.574,113.285,-124.058,98.87,2942.977,-161.587,131.991,84.459,90.16,26.384,121.072,56
128.352,18.233,62.859,-8.7,52.571,5999.928,-117.0,0.268,61.267,37.959,24.26,-0.627,4
58.823,19.333,99.718,-114.768,76.99,5999.939,-167.805,52.05,90.127,52.571,23.751,48.844,19
82.644,18.738,82.47,-99.08,64.048,5749.941,-150.687,46.866,70.7,44.781,24.826,43.398,20
50.498,18.458,57.421,-60.036,45.986,1249.988,-50.731,146.705,75.783,36.837,24.187,113.922,20
4.696,18.554,24.823,-1.803,22.332,50.048,-15.496,70.795,29.012,19.851,21.313,52.525,30
23.649,18.989,39.536,-22.064,33.003,499.984,-43.511,132.617,35.726,27.728,23.703,103.269,7
43.119,26.892,104.799,-123.951,80.217,2959.866,-164.265,129.415,71.629,57.626,26.542,119.073,58
7.407,19.089,129.411,-130.965,90.732,2459.972,-232.876,176.371,68.642,61.916,21.739,171.346,29
4.118,18.5,19.851,1.459,19.729,100.023,-2.001,1.098,31.988,19.366,23.183,0.485,18
9.076,19.683,123.003,-129.968,92.686,5499.944,-202.514,65.236,113.082,61.777,23.225,63.771,24
63.082,19.033,45.986,-64.415,38.785,1499.986,-43.513,132.618,43.979,31.373,24.022,102.887,8
12.094,18.409,19.729,0.834,19.078,250.02,-2.001,1.095,23.887,18.976,23.161,0.105,13
72.935,18.653,27.699,-9.497,26.406,1499.986,-2.98,15.773,39.85,24.756,19.851,10.828,36
44.543,18.769,22.828,-5.711,22.337,899.998,-2.98,15.774,31.883,19.856,19.851,10.9,36
32.28,49.586,110.464,-44.89,91.283,811.517,-67.042,175.38,74.145,75.688,25.922,137.01,48
117.103,81.012,104.78,55.994,92.984,4249.804,-83.901,-42.566,72.586,85.24,25.771,-37.215,69
97.852,58.103,75.158,-86.446,67.212,3202.644,-79.671,78.255,67.394,60.565,26.383,64.75,76
48.878,18.813,24.447,13.689,23.769,1064.987,-4.25,-34.263,35.097,22.264,22.898,-25.38,10
117.157,73.914,92.626,-58.244,86.83,2645.891,-14.552,63.134,80.286,79.906,26.281,45.51,69
13.667,18.186,39.422,-11.629,32.081,250.02,-43.512,132.618,31.744,26.507,22.959,103.682,13
48.999,18.396,23.719,13.632,23.168,1064.99,-4.251,-34.264,30.821,20.885,22.693,-25.403,10
47.079,30.875,81.938,122.346,69.003,3654.273,-156.511,-114.311,76.907,54.054,26.385,-106.008,74
130.334,56.105,68.903,17.867,65.588,3641.284,-50.467,-15.865,62.786,61.322,28.231,-13.619,58
132.007,18.717,29.088,-2.076,29.719,2999.968,-17.305,1.346,38.791,26.008,23.795,-0.595,14
33.03,85.883,103.779,-58.872,90.007,960.497,-92.869,205.832,67.595,85.51,24.192,165.975,72
4.157,18.317,19.851,1.452,19.811,100.023,-2.002,1.097,32.536,19.476,23.163,0.482,18
123.808,18.795,71.821,-44.316,61.617,4499.962,-86.965,24.707,80.46,45.975,24.58,20.023,20
83.339,81.49,95.028,42.708,90.247,1979.192,-12.028,-61.884,78.756,85.357,26.385,-45.252,79
131.688,23.112,37.562,-2.902,36.985,3499.964,-44.951,1.171,49.239,31.99,23.243,-0.646,23
27.434,49.788,100.275,-36.738,84.843,667.23,-65.564,172.469,75.683,71.094,25.247,134.506,48
69.288,35.798,86.088,110.95,70.574,4828.545,-147.814,-77.749,71.524,55.33,26.435,-72.782,65
33.987,81.49,115.749,88.078,100.24,1459.631,-93.923,-221.259,81.211,91.363,27.273,-180.331,68
3.991,18.603,26.383,1.488,25.368,99.996,-1.999,1.098,41.532,23.68,22.779,0.184,2
47.452,19.158,88.522,-121.484,66.764,5119.951,-177.467,67.735,72.725,45.912,23.579,64.562,31
74.49,28.879,53.992,-101.824,45.986,1967.22,-61.962,166.561,59.854,39.452,26.385,129.385,56
43.537,18.776,42.323,-42.995,34.47,999.992,-43.513,132.618,34.822,28.491,22.472,103.181,5
16.731,19.592,106.05,-130.185,80.288,3999.966,-205.503,97.349,81.714,55.009,23.134,94.645,32
91.983,77.704,88.65,93.739,80.173,3652.586,-96.837,-83.252,62.023,75.518,26.085,-72.278,57
12.073,18.402,19.837,0.747,19.207,250.007,-2.001,1.098,26.36,19.126,23.138,0.117,13
67.118,61.387,75.911,-88.284,65.588,1757.628,-58.643,161.006,64.087,59.92,27.636,124.392,58
24.656,18.786,116.705,-128.091,88.549,5849.943,-191.441,59.755,104.078,58.828,25.059,58.01,27
42.628,39.621,71.844,-83.959,57.943,1307.056,-101.146,221.142,49.305,48.893,25.58,179.123,78
23.65,18.747,39.464,-22.044,32.849,499.997,-43.511,132.618,34.923,27.561,22.928,103.312,7
97.191,18.285,25.103,-0.542,25.6,1999.979,-2.001,1.098,32.75,23.183,23.256,-0.081,12
7.664,34.541,88.105,42.178,65.561,647.947,-127.371,-259.988,65.188,52.561,25.203,-216.859,55
48.913,49.772,110.458,-85.089,91.131,1440.35,-84.91,195.285,76.0,75.044,25.459,156.317,48
-0.854,17.984,79.045,18.102,59.382,296.352,-139.953,-275.691,67.477,42.908,26.974,-231.054,61
85.704,18.452,53.625,-100.169,44.502,2499.976,-75.671,123.421,48.525,34.773,24.785,100.592,9
70.281,18.444,64.526,-111.045,50.778,2999.969,-124.071,113.128,49.715,38.256,22.233,100.046,14
13.69,18.477,39.401,-11.631,31.785,249.98,-43.512,132.618,30.781,26.451,22.844,103.727,13
129.825,41.329,70.111,-15.535,65.587,2788.632,-3.405,14.528,75.452,57.389,28.749,9.447,58
72.918,18.584,33.595,-109.504,26.5,2999.981,-123.662,113.325,26.567,22.695,20.412,100.481,14
95.919,18.464,30.189,-1.034,30.603,1999.978,-2.002,1.096,54.885,26.349,23.97,-0.291,4
15.657,18.862,113.674,-130.047,85.103,3999.952,-203.675,96.656,94.474,58.184,25.258,93.518,15
73.526,18.653,23.487,-0.233,23.639,1499.981,-2.0,1.096,31.003,21.775,24.096,-0.007,8
50.825,18.064,95.453,-121.225,75.302,3299.96,-153.578,109.098,88.325,53.98,26.384,100.093,20
28.521,42.902,127.815,59.756,104.791,1087.654,-75.467,-194.549,72.496,92.497,26.382,-155.873,52
83.102,18.726,49.686,-85.278,42.077,1999.976,-43.51,132.618,47.344,33.501,23.315,101.825,12
7.666,18.529,38.755,-5.407,31.336,99.97,-43.512,132.618,28.324,26.38,22.177,103.487,3
42.773,34.532,117.66,-102.647,87.85,1499.993,-122.976,242.421,56.771,65.626,23.444,200.0,43
123.754,30.723,62.018,42.785,55.854,3288.575,-41.671,-38.103,68.959,45.997,26.385,-30.584,74
41.731,49.821,78.759,124.302,67.123,4808.136,-176.936,-91.47,66.336,58.325,23.741,-87.461,48
8.149,18.442,63.968,-7.614,45.986,100.008,-79.94,188.413,37.784,37.142,23.174,155.086,18
100.537,39.092,76.372,-79.933,67.138,4116.628,-104.25,52.906,71.467,55.821,27.389,46.434,53
4.617,23.298,124.133,-130.564,92.034,3499.967,-219.783,113.87,95.393,64.003,23.231,111.027,23
96.759,39.432,52.568,-91.299,49.773,2342.65,-39.64,119.667,54.541,45.482,26.444,90.398,56
122.221,38.388,59.282,-47.996,56.03,3999.967,-75.352,31.163,66.05,49.286,24.829,25.0,44
91.612,65.477,100.723,15.021,90.062,2035.856,-3.799,-20.447,75.497,79.462,26.848,-15.246,68
67.682,29.126,60.338,112.767,51.006,2439.551,-87.141,-153.201,59.549,42.782,26.413,-127.095,53
50.682,18.695,55.472,-60.837,45.648,1249.991,-52.047,150.34,66.256,35.814,22.345,117.599,27
86.976,66.785,98.249,-97.622,85.106,4999.949,-132.957,54.02,85.043,74.831,24.969,47.353,6
129.734,18.501,56.701,-8.113,48.446,5499.944,-107.521,0.636,59.991,36.253,23.628,-0.196,24
34.896,49.839,62.19,-16.29,59.465,733.981,-12.442,60.747,71.174,55.854,25.928,42.438,49
24.562,19.745,112.923,-129.043,79.026,2249.995,-200.43,192.919,55.1,54.692,19.851,181.763,32
51.676,16.265,85.214,-120.834,67.06,3299.961,-153.442,109.083,83.317,48.231,26.385,100.239,20
55.513,43.731,82.23,-117.453,69.306,2329.328,-121.691,165.011,66.293,58.208,25.298,141.029,63
120.54,46.002,81.206,-51.526,72.122,3735.637,-65.929,36.284,74.142,61.989,27.855,28.832,74
46.808,86.081,104.791,-1.029,99.14,999.99,-2.002,1.098,88.295,92.058,24.862,0.0,45
83.429,82.324,86.028,-90.502,82.36,2082.677,-44.819,138.167,58.733,81.066,26.149,104.372,57
80.949,34.5,66.138,-64.551,59.366,1976.503,-32.681,85.559,65.07,50.581,23.564,67.237,43
89.356,18.251,65.416,-94.358,51.144,4999.952,-139.875,53.246,49.383,37.349,23.489,48.337,6
13.687,18.515,39.413,-11.634,31.893,249.985,-43.511,132.617,31.277,26.397,23.0,103.683,13
96.901,18.234,25.581,-0.657,26.061,1999.977,-2.001,1.097,33.92,23.534,24.226,-0.286,4
4.206,18.679,19.581,1.5,18.872,99.965,-2.0,1.097,25.962,19.009,21.403,0.186,3
118.462,18.1,35.254,-0.957,34.593,2499.972,-2.002,1.097,52.609,29.515,26.108,-0.968,6
26.199,64.161,76.068,-25.338,67.747,581.688,-43.185,130.938,63.637,64.822,23.87,98.778,71
87.115,19.074,72.122,-96.407,58.334,4999.949,-138.46,53.419,68.909,41.962,24.968,48.744,17
73.548,18.609,23.98,-0.465,24.006,1499.989,-2.002,1.097,33.653,22.353,23.327,0.046,8
125.924,57.959,84.23,-12.229,75.376,5142.601,-99.941,2.971,66.977,66.542,26.613,2.333,61
48.245,67.044,67.123,-0.8,65.603,999.982,-1.999,1.096,67.376,65.588,25.005,0.0,45
119.928,49.772,87.968,53.151,77.929,3864.599,-69.196,-42.084,76.125,65.386,24.914,-35.747,48
87.443,29.908,55.522,-68.655,50.313,1999.975,-28.703,102.575,52.498,43.108,25.154,75.0,44
4.198,18.799,19.851,1.447,19.835,99.998,-2.0,1.098,27.521,19.59,21.923,0.203,3
130.284,49.788,65.583,17.561,63.207,3233.958,-30.288,-16.47,68.403,57.551,24.835,-13.474,48
37.755,26.941,73.366,-57.316,58.232,1002.452,-74.87,183.833,65.572,45.984,27.642,145.293,58
4.171,18.59,19.244,1.463,18.623,99.987,-2.001,1.099,22.807,18.623,22.434,0.174,3
9.473,45.809,70.445,-5.699,63.759,149.094,-30.21,103.049,66.397,55.838,23.539,75.722,80
95.469,19.662,65.123,-89.333,53.371,4499.943,-122.256,55.182,61.739,39.451,25.168,48.888,4
125.801,49.814,63.118,37.434,59.76,4417.512,-83.972,-27.445,61.705,54.232,23.481,-24.389,48
4.237,22.93,124.152,-130.695,91.594,3499.962,-220.841,114.133,93.711,63.485,22.453,111.474,23
93.934,18.575,49.521,-92.176,42.889,2249.974,-40.109,126.192,52.51,33.82,24.177,95.781,27
131.79,18.659,39.424,-3.915,37.665,3999.957,-66.757,1.101,51.502,30.672,24.78,-0.577,15
67.734,19.182,67.238,113.401,53.632,2499.975,-91.385,-149.465,57.348,39.452,25.587,-127.628,6
130.378,46.696,75.181,-12.671,65.415,4035.531,-65.823,6.555,58.425,56.415,25.8,4.451,78
40.781,29.567,54.12,-50.982,45.302,999.99,-58.917,161.746,45.012,38.415,26.382,125.0,42
-2.87,18.767,93.489,-131.409,65.39,3499.968,-237.795,118.287,68.467,43.371,26.384,116.679,6
131.796,18.737,37.222,-3.828,34.748,3999.954,-67.985,1.106,42.62,28.936,24.774,-0.584,15
41.066,49.798,53.952,4.251,52.73,906.357,-3.013,-12.322,62.152,51.185,26.198,-9.549,48
96.212,19.289,28.671,-0.953,29.252,1999.979,-2.0,1.096,49.1,25.72,23.594,-0.297,4
111.627,85.971,93.99,69.438,91.269,3072.075,-38.903,-66.584,86.051,87.767,26.385,-51.934,56
85.5,18.219,54.028,-100.377,44.986,2499.972,-75.769,123.378,50.115,34.833,24.97,100.527,9
52.544,30.735,85.79,-86.494,70.4,1499.989,-79.946,188.41,71.078,55.836,23.665,150.0,41
102.917,29.612,42.949,-81.884,39.452,2499.98,-41.476,99.16,37.909,35.284,23.176,75.0,44
116.981,27.952,72.122,-25.946,59.291,5281.36,-114.014,8.969,60.292,45.819,26.12,8.032,67
13.713,18.539,114.426,-130.385,83.747,3299.969,-211.825,122.42,78.866,57.52,24.675,118.864,27
101.583,35.822,86.017,82.777,70.43,4705.403,-113.396,-56.941,70.132,54.764,26.429,-51.65,65
12.087,18.369,19.728,0.864,19.091,250.011,-2.0,1.098,24.215,18.957,22.987,0.113,13
7.664,18.869,38.887,-5.408,31.336,99.956,-43.511,132.618,28.563,26.382,22.199,103.561,3
132.009,18.839,28.617,-2.092,29.29,2999.967,-17.53,1.341,37.302,25.704,23.448,-0.575,14
99.6,39.408,64.471,-21.735,58.831,2127.41,-5.444,27.979,64.833,52.533,27.053,18.701,53
13.146,18.538,114.707,-130.337,84.952,3299.969,-210.846,121.712,86.608,58.336,24.827,118.012,27
131.457,90.306,99.61,-4.713,95.718,3999.975,-57.242,1.109,83.663,91.895,25.27,0.0,44
13.668,18.754,39.405,-11.627,31.748,249.991,-43.511,132.618,31.705,26.439,23.157,103.667,13
13.668,18.707,39.404,-11.62,31.763,250.009,-43.512,132.618,31.774,26.412,23.162,103.689,13
4.176,18.228,19.735,1.435,19.096,100.036,-2.001,1.097,26.093,18.848,22.312,0.238,2
119.506,18.63,63.397,-51.878,52.572,5649.948,-119.22,22.717,63.819,38.653,21.035,19.975,31
93.722,40.92,82.219,-81.433,71.299,4541.589,-121.487,49.919,75.219,58.12,26.38,45.21,74
98.193,66.229,89.057,87.022,81.974,4438.106,-108.337,-63.517,81.757,72.15,29.021,-56.899,58
115.329,29.749,42.3,-60.512,39.452,2499.971,-15.395,70.592,41.296,36.246,26.331,50.0,42
34.691,18.984,96.798,-126.228,71.555,4749.961,-189.617,77.865,66.657,49.305,21.551,75.091,31
125.978,35.801,85.193,35.422,71.627,5215.444,-100.736,-23.521,73.606,56.582,26.443,-21.349,65
90.996,54.288,75.483,-90.207,63.185,4016.073,-116.571,64.646,59.616,54.103,25.197,57.403,79
9.907,29.673,42.998,7.284,34.98,284.724,-18.606,-81.713,28.906,31.357,24.845,-60.402,64
27.145,54.185,103.67,128.239,87.316,3254.248,-176.869,-139.52,85.155,72.122,28.0,-130.65,65
131.695,18.783,33.276,-3.042,32.996,3499.966,-45.957,1.168,44.188,27.918,23.178,-0.533,26
88.081,18.801,71.455,-95.613,56.272,4999.949,-138.808,53.345,61.491,39.452,23.328,48.398,6
24.72,18.606,23.238,0.155,22.351,499.998,-2.001,1.097,33.343,19.905,23.086,0.112,7
95.504,18.099,62.598,-89.413,52.325,4499.951,-122.535,55.165,60.829,38.139,25.516,48.902,4
103.212,29.68,89.957,74.579,70.243,5564.983,-128.501,-46.002,65.517,52.983,26.385,-42.987,68
120.844,57.758,83.541,50.332,75.44,3377.131,-47.284,-44.775,67.004,66.069,26.724,-36.073,61
85.549,19.678,78.705,-98.83,63.959,4999.937,-136.552,53.812,83.242,45.886,28.204,48.577,6
33.452,19.355,112.577,-126.063,85.606,5999.943,-185.04,56.778,101.706,57.46,23.898,54.906,31
43.52,19.36,42.753,-42.97,34.667,999.996,-43.513,132.617,35.9,28.974,22.57,103.119,5
114.463,88.488,120.822,-66.466,104.791,2605.756,-16.524,74.527,77.055,96.103,26.188,53.901,65
127.197,29.419,80.352,11.949,64.964,5832.539,-113.193,-10.578,66.089,50.826,26.385,-9.579,53
67.517,18.291,68.159,113.522,54.269,2499.964,-91.544,-149.426,60.149,39.482,26.203,-127.571,6
25.231,19.322,116.232,-128.02,87.784,5849.938,-192.128,60.012,99.964,58.525,25.143,58.276,27
86.765,49.703,95.039,-97.748,80.223,4999.946,-134.249,53.888,82.275,65.588,24.664,47.772,6
37.958,39.601,75.332,-125.651,62.627,2415.125,-169.767,170.635,59.212,52.839,26.385,155.856,56
98.922,49.639,76.331,-86.485,68.91,3010.923,-71.741,83.636,68.489,61.467,27.418,67.861,53
8.779,18.755,102.067,-9.804,71.586,99.975,-122.973,242.424,37.584,52.532,22.018,206.67,2
79.163,18.825,31.734,-38.48,30.135,1694.979,-13.557,64.154,46.866,26.237,22.473,46.498,29
131.777,18.608,33.13,-3.098,32.66,3499.961,-46.004,1.171,43.19,27.667,23.183,-0.494,26
105.013,52.015,87.639,-75.753,78.707,4577.358,-108.105,44.19,79.578,65.665,24.62,38.881,80
57.446,19.325,101.322,-116.157,78.707,5999.935,-167.838,52.32,94.822,52.941,24.949,49.137,19
58.967,44.131,76.759,-115.15,65.588,4424.545,-162.342,76.453,57.767,56.495,24.986,71.758,63
31.305,18.709,90.495,-127.663,66.903,3842.962,-190.992,100.545,63.775,45.986,22.516,96.565,32
131.159,18.946,51.795,-6.568,45.244,4999.95,-96.738,0.976,58.102,34.627,24.412,-0.401,17
11.788,18.895,30.165,0.908,26.627,250.001,-2.0,1.097,31.507,24.989,23.211,-0.002,13
41.911,81.49,124.363,-124.289,104.791,2987.739,-161.427,129.729,87.086,96.696,26.306,118.993,59
121.157,18.961,35.796,-51.636,34.468,3103.97,-44.721,46.056,47.705,28.928,22.362,35.143,32
22.601,29.515,68.909,-26.301,56.508,500.007,-58.919,161.746,48.504,45.921,23.655,125.0,44
13.676,18.099,39.349,-11.605,31.783,250.011,-43.513,132.617,30.008,26.385,23.189,103.717,13
13.675,18.227,39.404,-11.601,31.739,250.021,-43.513,132.617,30.06,26.406,23.132,103.705,13
119.718,40.12,117.875,-53.532,90.96,4499.963,-89.604,30.527,76.661,68.062,22.755,25.1,41
77.039,39.218,70.093,74.09,59.685,2013.21,-33.988,-113.879,63.491,50.898,27.244,-86.573,53
110.671,39.6,39.452,70.7,39.162,3413.486,-69.129,-64.132,35.987,38.829,25.657,-53.486,60
87.23,19.618,72.121,-96.133,57.835,4999.952,-138.587,53.324,67.353,41.992,23.93,48.559,17
131.354,18.993,42.776,-5.239,38.429,4499.958,-84.721,1.043,44.797,31.253,22.256,-0.571,21
36.907,18.433,34.214,-0.183,31.376,750.002,-2.002,1.097,44.399,27.42,24.742,0.203,16
28.178,18.722,107.126,-127.88,82.397,4629.959,-191.667,79.962,85.895,56.414,24.599,77.195,29
4.698,18.626,26.434,-1.809,24.245,50.0,-15.495,70.795,33.518,22.557,20.813,52.457,30
46.805,92.369,99.077,-120.793,90.725,4077.296,-168.799,89.521,69.282,87.116,25.329,85.145,79
4.154,18.158,19.764,1.485,19.161,99.974,-1.999,1.098,26.847,19.011,22.219,0.254,2
87.208,18.482,72.128,-96.29,58.532,4999.949,-138.45,53.388,69.143,42.17,25.231,48.727,17
93.29,28.893,69.235,90.741,58.209,5333.895,-134.708,-57.183,64.503,45.986,26.579,-53.433,53
13.687,18.814,39.291,-11.595,31.584,250.02,-43.513,132.618,28.685,26.388,23.076,103.756,13
122.888,65.788,101.676,39.277,89.283,4823.907,-92.059,-26.689,81.85,78.706,26.443,-24.11,51
20.408,23.621,116.498,-38.175,85.097,547.302,-110.728,229.421,63.901,61.875,26.211,187.668,50
86.093,65.029,104.791,-98.67,92.568,4999.935,-132.414,54.164,93.12,79.441,29.627,47.504,6
75.257,18.754,50.543,-107.967,42.803,2570.02,-99.872,130.176,48.651,33.665,21.837,110.821,32
10.123,74.198,99.194,42.661,81.781,686.785,-119.082,-250.527,56.199,72.222,23.237,-207.917,80
83.846,18.565,27.882,-84.532,26.369,1999.974,-43.512,132.617,33.893,23.558,23.575,102.291,4
111.492,34.467,72.185,69.813,64.997,3119.844,-47.764,-66.048,66.837,53.137,25.548,-52.581,55
13.693,18.213,39.161,-11.594,31.506,249.977,-43.51,132.617,28.197,26.383,22.489,103.77,13
63.779,17.371,30.225,-63.74,25.435,1499.993,-43.511,132.618,26.089,21.925,19.851,103.623,8
33.368,29.045,61.733,29.936,55.521,897.027,-28.232,-100.391,78.538,45.986,26.382,-75.491,59
73.395,18.617,60.894,-106.607,50.905,4659.05,-147.543,64.452,62.594,38.023,23.065,55.108,31
82.529,19.228,83.609,-99.27,64.914,5749.937,-150.22,46.848,73.01,45.341,25.163,43.374,20
129.801,18.654,56.256,-8.151,46.71,5499.947,-107.798,0.645,58.425,35.895,23.12,-0.238,24
43.492,28.877,60.385,121.126,51.291,2318.802,-128.963,-184.249,58.178,42.762,26.378,-160.165,53
4.187,18.793,19.836,1.493,19.453,99.977,-2.0,1.096,30.132,19.198,22.228,0.26,2
89.425,18.542,65.172,-94.306,50.945,4999.945,-139.855,53.209,48.777,36.956,23.182,48.354,6
73.423,33.632,67.383,-95.509,55.233,1900.683,-59.31,161.77,47.435,44.988,23.595,125.161,81
30.852,28.735,57.29,7.463,52.391,701.386,-4.375,-28.828,67.022,44.471,27.36,-21.211,61
34.92,39.612,79.162,-126.152,69.734,4168.14,-187.075,90.68,68.148,58.825,27.05,92.208,53
57.341,34.603,68.632,-53.129,60.679,1347.842,-36.518,117.783,64.641,50.999,24.833,87.718,55
37.073,18.828,21.393,-0.083,20.008,749.994,-2.001,1.097,29.503,19.851,23.451,0.201,16
117.951,26.408,60.044,36.367,54.443,2608.444,-5.449,-37.053,63.388,44.742,26.385,-27.055,65
42.072,48.177,44.891,86.667,42.153,1518.408,-74.608,-183.459,44.408,39.493,23.177,-147.964,71
108.041,34.575,67.23,-74.387,60.455,3444.136,-74.83,61.3,62.305,52.23,23.566,50.0,43
93.781,17.883,54.137,-1.36,49.39,1999.978,-1.999,1.096,82.927,39.172,23.778,-0.403,4
23.598,90.965,84.796,0.11,83.81,499.981,-1.999,1.097,58.621,84.796,24.756,0.0,44
27.277,42.507,79.08,124.611,69.967,1982.165,-149.064,-230.574,86.032,59.823,25.327,-202.047,73
129.865,18.653,57.419,-8.155,49.237,5499.948,-107.155,0.675,61.725,36.531,23.162,-0.211,24
58.721,18.532,24.87,-7.608,24.761,1199.993,-2.98,15.774,36.419,22.764,19.851,10.864,36
108.798,75.45,91.224,-73.73,86.759,3703.249,-78.386,54.599,85.36,81.252,26.385,44.948,56
131.236,18.442,49.555,-6.451,43.117,4999.947,-97.552,0.976,52.003,33.309,24.548,-0.41,17
128.831,19.338,96.976,-9.428,78.685,5999.938,-108.767,0.469,95.355,53.314,26.384,-0.194,19
68.951,65.704,104.38,-111.919,88.138,1999.991,-79.501,187.812,56.635,78.506,23.839,150.0,45
99.317,29.571,72.092,-76.941,58.084,4080.589,-109.901,53.547,48.483,45.276,24.884,47.321,64
57.71,41.804,109.375,-117.568,98.257,2219.887,-113.728,172.042,84.454,88.525,25.302,146.328,73
86.261,70.455,88.075,-98.636,81.404,3449.39,-106.606,85.025,64.325,75.677,26.335,73.817,60
97.234,18.322,25.131,-0.453,25.684,1999.977,-2.0,1.098,32.904,23.33,23.383,-0.09,12
19.519,19.39,118.688,-129.168,88.76,5749.94,-196.582,62.215,100.402,59.024,24.975,60.383,20
15.292,18.941,113.366,-130.084,85.123,3999.963,-204.045,96.801,94.493,58.159,25.684,93.624,15
-2.828,18.887,72.571,-131.186,52.03,3499.962,-238.902,118.687,65.044,34.254,25.911,117.375,6
57.441,19.212,101.561,-116.331,78.707,5999.935,-167.668,52.385,95.142,53.153,24.792,49.184,19
124.911,27.176,71.617,-28.569,56.152,5350.116,-110.292,10.873,47.517,42.908,24.022,9.07,73
57.337,81.318,94.928,-98.542,86.346,3191.308,-135.742,93.468,75.867,82.939,24.794,87.437,72
128.245,49.115,86.325,-28.5,76.255,4534.776,-81.544,14.656,77.857,63.809,27.369,11.392,65
81.899,32.826,77.033,101.879,64.102,4009.905,-119.978,-82.657,70.445,50.589,26.392,-74.457,76
21.339,18.529,22.362,-2.885,21.55,420.0,-2.98,15.773,39.621,19.851,21.473,10.704,30
43.099,53.874,95.047,124.302,83.516,2597.76,-136.975,-166.293,84.687,71.395,27.974,-147.549,65
73.466,18.466,23.696,-0.256,23.832,1499.985,-2.001,1.098,31.464,22.238,23.641,-0.029,8
18.771,78.893,65.543,13.831,64.927,511.37,-20.919,-87.404,62.472,65.745,25.801,-65.047,55
93.464,18.26,45.352,-92.276,37.871,3499.968,-105.104,77.172,34.65,29.864,22.107,66.982,20
7.017,20.587,104.791,-130.914,75.596,3499.968,-226.354,118.645,55.869,52.574,21.822,115.973,23
125.087,65.091,98.256,-40.148,88.687,5249.944,-99.331,18.374,91.888,78.707,26.757,14.928,20
48.969,18.273,23.799,13.664,23.278,1065.0,-4.252,-34.262,31.622,21.445,23.159,-25.41,10
23.651,18.569,39.452,-22.041,32.666,499.994,-43.512,132.617,34.691,27.321,21.524,103.352,7
85.684,18.596,53.587,-100.182,44.453,2499.978,-75.73,123.41,48.634,34.577,24.9,100.574,9
85.442,18.617,54.091,-100.44,45.253,2499.974,-75.754,123.38,50.741,35.234,25.067,100.483,9
96.384,18.236,27.712,-0.919,28.016,1999.976,-2.001,1.096,44.501,24.84,23.607,-0.309,4
8.745,18.799,103.164,-9.801,72.122,99.996,-122.972,242.423,45.226,52.592,23.128,206.238,2
47.901,18.162,61.598,13.904,52.575,1064.988,-4.25,-34.264,60.324,39.45,22.961,-25.082,10
97.182,18.132,25.097,-0.542,25.587,1999.976,-2.001,1.097,32.711,23.197,23.381,-0.083,12
107.791,49.76,70.659,-74.823,65.588,3299.89,-69.604,63.854,67.887,59.288,25.023,51.608,48
91.075,27.218,83.598,90.111,68.904,3991.622,-106.239,-71.689,83.361,52.566,26.885,-63.884,74
88.524,19.622,68.139,-95.211,53.13,4999.957,-139.342,53.251,53.746,38.786,22.514,48.456,17
63.133,18.602,45.951,-64.083,38.503,1499.988,-43.513,132.618,41.84,31.345,21.929,102.891,8
22.426,19.206,112.628,-128.607,83.731,5749.948,-196.465,62.11,92.604,55.831,23.53,60.462,27
85.414,18.354,54.031,-100.443,45.069,2499.963,-75.848,123.357,50.788,35.108,25.379,100.555,9
112.742,49.815,63.927,-67.68,60.705,2999.974,-49.709,64.665,62.417,55.96,25.854,50.0,42
16.021,18.656,113.105,-130.028,83.893,3999.963,-204.65,97.041,88.481,57.462,24.259,94.082,15
7.679,18.898,37.855,-5.387,29.948,99.946,-43.511,132.618,26.01,25.877,21.679,103.576,3
119.953,15.491,53.433,53.151,45.908,4490.249,-91.801,-37.199,68.516,32.979,26.353,-33.112,79
92.61,26.761,54.206,-43.397,48.126,1998.272,-13.974,63.149,47.811,39.453,24.035,44.491,73
131.812,18.867,32.589,-3.011,32.326,3499.964,-46.179,1.176,41.576,27.087,23.235,-0.561,26
53.717,81.49,123.62,-119.413,104.791,2670.789,-135.205,140.849,83.99,96.682,26.231,124.923,59
4.099,18.519,19.85,1.483,19.733,99.977,-2.0,1.097,32.157,19.42,23.171,0.491,18
54.232,49.646,81.495,-50.117,72.14,1284.912,-36.624,116.221,72.88,64.805,26.144,86.517,48
15.589,19.321,61.753,-2.202,52.572,300.015,-2.98,15.775,33.638,42.985,19.767,10.71,36
43.671,19.167,38.372,-42.788,31.363,999.989,-43.512,132.618,30.327,26.338,20.614,103.216,5
8.162,18.327,63.851,-7.616,45.986,99.947,-79.939,188.412,36.146,36.978,23.23,155.173,18
20.367,55.573,124.779,-129.537,101.627,3890.893,-197.632,99.962,90.516,80.624,28.054,98.724,74
102.664,72.584,79.751,80.947,75.432,5320.207,-123.583,-51.623,69.593,72.094,26.28,-47.751,74
23.813,80.513,78.885,19.551,77.224,655.167,-25.814,-94.282,59.351,77.123,26.009,-70.559,66
122.325,49.81,60.7,48.052,59.349,3313.254,-43.995,-42.848,64.7,55.621,25.068,-34.431,48
116.143,34.78,84.696,58.732,70.533,4090.471,-83.292,-45.29,67.036,55.412,25.158,-39.473,55
131.203,26.138,52.759,1.112,45.986,4465.25,-81.684,-3.222,54.23,38.614,26.385,-3.624,65
101.535,49.915,82.232,-82.072,72.122,2404.583,-30.926,102.626,67.997,62.788,25.58,76.701,66
94.786,54.734,90.923,78.776,83.613,2423.36,-27.031,-96.858,82.423,72.121,27.491,-72.631,56
49.842,19.073,22.536,-0.305,22.356,999.997,-2.002,1.097,32.514,19.851,23.135,0.128,5
26.58,19.219,104.791,-128.347,80.317,4749.945,-192.707,77.766,89.228,54.708,24.631,75.161,27
58.647,40.969,69.813,-75.597,59.083,1499.987,-58.915,161.745,50.029,52.25,24.607,125.0,44
12.141,18.556,19.823,0.802,19.2,250.003,-2.001,1.096,25.382,19.067,23.167,0.104,13
27.757,64.296,78.707,-9.327,69.385,571.955,-8.755,43.898,63.509,65.52,23.898,30.325,71
7.184,23.498,110.42,-5.637,82.04,39.311,-114.745,232.249,63.757,60.164,26.379,190.778,50
60.988,86.83,115.42,110.998,101.591,3821.534,-139.159,-100.398,78.953,92.472,26.243,-92.477,79
131.551,80.324,86.009,-8.061,85.231,3088.799,-13.995,5.956,80.012,82.569,26.385,3.517,56
108.728,18.318,57.166,-74.027,49.41,3749.967,-86.917,53.966,62.246,38.205,23.058,45.041,27
45.871,54.179,104.791,123.116,90.181,3014.582,-142.587,-139.76,85.904,72.423,27.995,-126.115,65
102.83,78.0,104.463,5.302,95.146,2283.941,-4.088,-6.316,84.024,86.572,26.259,-5.422,65
114.325,28.125,67.465,65.173,57.478,2886.827,-31.245,-65.044,57.866,45.985,25.726,-49.909,76
125.862,70.405,104.791,-4.577,90.436,5810.776,-111.614,-2.029,71.101,80.241,26.381,-1.814,60
42.437,49.822,63.979,-28.729,58.989,929.148,-22.47,88.855,67.946,54.761,25.928,64.079,49
4.188,18.541,19.846,1.493,19.344,99.974,-2.001,1.098,27.076,19.28,22.009,0.207,3
131.423,18.935,56.488,-5.326,50.935,4499.958,-80.395,1.034,70.997,39.166,22.293,-0.561,21
24.214,74.0,102.191,56.985,83.441,997.403,-85.808,-209.385,55.697,75.408,23.265,-169.439,80
63.206,58.669,104.68,115.069,87.877,4349.704,-146.475,-90.118,75.084,74.737,26.384,-83.531,76
62.464,19.44,72.134,-114.67,55.151,3999.968,-156.302,85.814,43.392,39.452,20.526,79.397,10
91.526,18.608,33.767,-44.425,32.116,1959.986,-13.557,64.153,43.523,27.214,21.515,46.498,30
48.124,44.914,81.736,-118.172,71.943,4886.531,-174.415,69.421,77.279,59.719,28.023,66.045,68
8.217,17.11,33.264,-9.484,22.345,99.98,-122.973,242.424,23.235,19.25,21.036,208.19,2
86.543,18.704,92.23,-98.826,75.539,3999.957,-115.288,67.532,95.58,53.579,23.205,59.148,31
112.466,18.86,72.188,-68.3,62.361,4299.963,-94.66,41.604,81.127,45.984,23.404,35.136,31
12.024,18.238,19.928,0.85,19.851,249.984,-2.001,1.096,29.553,19.762,22.989,0.154,13
24.868,18.575,29.794,-12.865,27.24,500.007,-15.498,70.796,56.569,24.733,25.919,51.412,6
79.082,19.034,66.496,-101.48,53.101,5999.931,-158.395,46.516,62.668,38.245,23.911,43.222,4
21.235,18.587,116.172,-128.848,86.718,5749.943,-196.065,61.922,97.277,57.594,22.134,60.35,27
46.758,86.608,104.957,122.108,97.085,2300.152,-115.121,-188.771,77.26,90.247,26.201,-160.632,79
51.995,26.56,98.269,120.375,81.294,3837.276,-152.432,-106.137,78.224,61.708,26.384,-98.304,66
109.202,18.99,46.001,-73.395,41.608,3749.966,-87.869,53.904,53.561,33.08,23.626,45.146,27
119.678,49.819,70.954,-53.606,65.603,3409.829,-55.632,42.491,68.135,59.449,24.889,33.203,48
83.273,18.674,48.851,-85.064,39.509,1999.982,-43.514,132.617,43.421,32.885,24.586,101.733,4
69.23,18.226,66.447,-111.617,52.87,2999.963,-124.395,113.034,57.331,39.447,22.181,99.93,14
18.65,19.119,120.726,-129.157,90.656,5749.941,-195.755,61.877,105.93,59.869,25.413,60.032,20
30.129,18.861,23.017,-3.928,22.146,599.992,-2.979,15.773,33.234,19.856,19.851,10.893,36
49.482,29.659,59.818,-119.293,49.645,5365.314,-181.651,64.18,53.161,39.452,25.085,67.143,79
63.841,17.352,29.871,-63.549,25.161,1499.987,-43.511,132.618,25.951,21.61,19.851,103.618,8
83.18,18.919,49.306,-85.231,40.785,1999.983,-43.512,132.616,45.415,32.916,25.08,101.724,4
55.729,24.261,70.56,-25.855,59.952,1191.442,-12.284,60.154,69.03,45.986,26.384,42.069,52
35.988,49.967,114.295,126.07,91.559,3111.72,-162.307,-141.703,77.384,72.122,26.357,-130.653,49
53.999,65.172,112.084,-120.097,95.025,3299.96,-147.473,109.837,87.044,80.722,26.411,97.911,20
8.282,48.203,62.634,3.17,57.868,198.818,-3.052,-8.101,65.598,52.598,26.107,-6.538,70
56.78,91.124,116.509,-118.38,97.687,2081.261,-112.393,191.475,70.47,89.518,27.334,161.208,58
37.34,18.745,22.225,-0.199,21.631,749.988,-2.001,1.097,33.653,19.851,23.543,0.333,16
63.108,19.257,45.98,-64.413,38.61,1499.983,-43.511,132.618,43.051,31.386,22.779,102.902,8
18.088,61.222,99.265,63.196,80.733,996.507,-113.372,-242.428,67.371,70.535,24.822,-200.911,73
85.33,54.957,90.243,-96.15,75.018,3430.003,-106.163,81.486,69.87,64.53,27.932,70.876,74
85.551,19.549,54.065,-100.327,44.809,2499.981,-75.661,123.405,50.129,35.426,24.891,100.494,9
10.922,30.856,95.174,33.117,72.045,572.861,-90.079,-215.674,76.061,54.881,26.373,-175.226,74
85.431,18.91,54.175,-100.437,45.29,2499.977,-75.793,123.373,50.845,35.227,25.273,100.474,9
92.99,18.504,53.984,-93.097,45.986,2249.978,-40.285,126.066,66.741,36.449,25.147,95.152,27
114.166,25.08,66.739,34.526,55.843,2526.826,-6.428,-36.222,59.328,44.453,26.385,-26.583,60
48.635,34.531,49.686,-0.677,45.986,999.991,-2.0,1.097,60.373,42.919,23.459,0.0,43
68.966,85.924,97.113,-20.643,93.405,1499.987,-6.371,36.936,77.568,90.13,24.666,25.0,41
90.512,19.379,47.843,-93.073,37.854,4999.944,-141.041,53.039,35.255,27.995,23.414,48.35,6
48.192,18.413,39.483,13.885,36.399,1064.992,-4.252,-34.263,55.905,31.312,22.544,-25.247,10
96.986,18.67,25.24,-0.624,25.691,1999.977,-1.999,1.097,33.688,23.341,23.965,-0.268,4
96.915,18.1,25.523,-0.658,25.989,1999.977,-2.001,1.098,34.413,23.435,23.87,-0.282,4
8.76,18.822,102.869,-9.81,72.092,99.96,-122.971,242.424,41.642,52.571,22.388,206.452,2
4.162,18.381,19.638,1.463,19.102,100.019,-2.0,1.094,25.59,19.045,22.288,0.255,2
7.696,54.883,69.106,20.239,64.0,395.926,-73.587,-191.575,60.522,59.868,26.381,-153.185,68
24.429,18.248,31.435,0.218,29.011,499.997,-2.002,1.097,54.056,25.976,25.518,-0.042,4
63.15,19.257,72.117,-114.302,53.312,3999.973,-156.22,85.808,39.324,38.52,19.857,79.403,10
128.368,27.975,72.124,-20.416,59.902,4514.566,-84.235,9.815,61.885,45.981,26.074,7.401,67
4.221,18.406,19.568,1.474,18.795,99.987,-2.001,1.099,24.563,18.789,23.091,0.434,18
82.943,90.564,99.216,17.417,90.457,1874.824,-5.077,-25.342,71.949,86.362,24.766,-18.861,75
43.723,18.738,26.264,-42.833,22.262,999.992,-43.513,132.617,26.79,19.796,21.923,103.572,5
68.831,60.108,91.247,110.34,81.212,4922.72,-147.982,-76.606,78.124,71.754,28.014,-71.765,53
23.647,19.023,39.469,-22.042,32.896,500.002,-43.514,132.617,34.846,27.372,22.685,103.334,7
37.917,34.501,85.462,-110.079,63.251,1499.995,-144.298,271.381,50.422,50.054,23.14,225.0,43
131.529,19.21,45.248,-5.34,39.917,4499.958,-83.28,1.06,53.842,32.67,22.921,-0.546,21
12.114,18.391,19.723,0.812,19.095,249.98,-2.0,1.098,24.144,19.0,23.005,0.114,13
131.703,23.213,36.25,-2.934,35.657,3499.96,-45.789,1.168,43.397,31.33,23.594,-0.536,23
26.846,33.824,124.241,-58.056,93.311,839.106,-117.23,234.742,73.482,70.5,26.697,193.163,56
18.171,39.973,103.878,-129.449,78.705,4499.972,-207.889,87.178,60.442,59.283,22.285,88.947,41
97.189,18.369,25.593,-0.426,25.89,1999.978,-2.001,1.098,33.821,23.27,23.259,-0.091,12
122.295,38.392,58.904,-47.808,55.838,3999.966,-75.538,31.163,64.848,48.923,25.344,25.0,44
7.669,18.538,38.711,-5.404,31.335,100.002,-43.512,132.617,28.175,26.383,22.093,103.484,3
52.033,65.598,112.803,-116.993,95.324,3947.567,-162.532,89.82,75.356,81.962,26.385,84.375,51
83.429,19.0,47.858,-84.873,39.452,1999.978,-43.513,132.617,40.858,32.535,23.506,101.976,12
16.817,64.108,70.195,7.365,65.588,424.562,-9.816,-52.382,64.037,64.627,23.889,-38.439,71
61.505,29.373,78.705,-116.043,60.693,1991.121,-99.703,194.232,61.021,45.986,26.385,160.067,56
90.734,39.531,84.047,-91.351,70.631,5053.373,-134.157,49.076,67.613,57.412,27.2,45.548,53
4.695,18.661,24.84,-1.811,22.368,49.982,-15.496,70.795,29.426,19.852,20.11,52.507,30
106.353,28.997,65.695,-73.249,57.015,3344.427,-75.855,62.144,57.14,45.984,26.368,51.18,53
13.674,18.764,39.411,-11.63,31.897,250.011,-43.512,132.618,31.607,26.5,23.181,103.651,13
48.521,18.535,27.748,13.796,26.385,1064.986,-4.25,-34.264,46.913,23.908,23.162,-25.37,10
31.367,18.242,48.36,-40.433,36.524,749.995,-65.983,172.998,28.407,29.407,24.872,139.974,16
121.286,18.871,58.439,-49.478,49.878,3581.261,-63.006,36.858,57.894,38.134,26.345,29.115,53
122.629,70.529,81.289,-47.202,77.043,3999.959,-73.894,31.255,60.743,72.122,24.294,25.0,42
23.578,90.964,84.724,0.119,83.672,499.988,-1.999,1.098,58.528,84.818,24.332,0.0,44
112.389,18.798,78.717,-68.481,65.529,4299.959,-94.323,41.616,83.067,48.282,23.663,35.103,31
91.808,18.795,82.182,-94.377,68.133,2249.976,-39.665,126.152,85.544,50.507,23.723,94.109,27
116.021,28.347,51.008,-53.203,49.297,2518.549,-11.91,59.206,64.901,42.162,26.012,41.416,57
131.784,18.32,37.714,-3.849,35.305,3999.956,-67.887,1.103,43.211,29.19,24.382,-0.558,15
116.084,39.481,79.87,52.093,67.972,5090.611,-108.216,-34.434,68.176,55.841,26.435,-31.525,53
69.545,18.483,65.601,-111.605,52.657,2999.976,-124.342,113.206,56.654,39.439,22.907,99.949,14
66.431,35.798,110.204,-113.204,81.904,2568.522,-114.097,137.872,58.772,62.463,25.559,118.881,58
94.547,18.106,78.753,-91.654,63.348,2746.861,-68.031,98.301,70.205,45.958,22.204,78.781,10
99.211,91.138,104.791,-84.541,98.257,4143.087,-103.286,57.101,79.1,94.994,26.262,49.692,55
15.587,19.828,119.516,-2.066,84.961,300.006,-2.98,15.773,32.481,59.071,19.799,10.752,36
128.649,19.121,68.948,-9.271,58.076,5999.937,-113.473,0.401,78.456,42.486,25.916,-0.241,19
130.852,18.529,29.107,-0.977,30.0,2749.971,-1.994,1.076,40.828,26.251,23.847,-0.798,20
113.072,19.02,53.035,-66.976,45.986,4299.958,-97.371,41.47,63.509,35.824,23.225,35.367,31
93.603,65.03,82.747,-83.695,76.125,2249.976,-35.437,114.405,64.038,70.576,26.389,84.175,20
24.045,81.478,104.791,-31.505,97.026,578.089,-63.621,168.887,87.374,90.111,28.017,131.397,58
8.196,18.243,62.752,-7.605,45.982,100.008,-79.94,188.411,29.597,36.296,23.169,155.425,18
99.591,18.756,77.287,-81.527,61.629,5969.943,-138.522,35.652,72.608,43.535,22.393,32.768,29
40.844,33.315,45.303,-11.218,42.771,855.71,-7.208,34.146,64.366,39.388,23.666,23.239,71
35.125,33.891,124.747,-86.374,93.14,1233.843,-124.9,245.333,72.783,69.44,26.649,202.505,56
13.691,18.437,39.355,-11.634,31.8,249.995,-43.513,132.618,30.871,26.398,22.356,103.718,13
66.476,33.097,39.876,-56.554,35.103,1523.347,-33.227,110.362,30.65,32.939,25.871,81.886,54
27.881,39.471,80.448,-126.931,67.43,4520.708,-196.938,83.975,67.322,55.669,27.408,83.386,53
52.828,39.645,87.096,120.198,72.131,2917.917,-131.588,-139.153,73.707,60.138,26.363,-123.846,50
0.357,59.389,86.732,-0.702,77.058,16.526,-2.019,1.097,72.706,67.224,24.771,-0.001,81
4.179,18.606,19.515,1.484,18.889,100.005,-2.002,1.097,23.518,18.862,21.985,0.226,2
50.278,33.619,70.972,-105.716,57.335,1687.396,-110.074,216.935,47.64,45.98,23.617,178.578,81
115.871,65.553,111.928,56.775,95.625,5488.821,-112.313,-35.513,79.331,81.988,26.385,-32.577,51
76.713,61.197,103.959,100.884,85.078,2241.795,-49.25,-145.53,74.649,72.119,26.704,-112.999,53
27.586,19.357,103.337,-128.348,77.144,3779.968,-193.766,102.653,72.204,53.345,21.026,98.524,32
86.769,53.839,95.526,-97.677,80.875,4999.943,-134.613,53.873,84.433,66.381,25.483,47.796,6
122.636,70.512,85.705,-46.901,80.162,3999.961,-74.202,31.25,57.45,75.528,24.901,25.0,42
83.254,18.872,49.197,-85.089,40.174,1999.979,-43.509,132.617,44.197,32.877,24.301,101.731,4
87.14,49.737,95.094,-97.197,80.141,4999.945,-134.467,53.851,82.067,65.588,25.106,47.766,6
131.516,91.05,97.063,-4.722,93.954,3999.966,-57.39,1.111,82.819,90.913,25.068,0.0,44
53.508,64.705,114.791,-120.408,96.78,3299.956,-147.716,109.896,89.15,82.351,28.148,98.018,20
113.062,49.804,63.497,-61.355,61.492,2499.981,-15.359,70.52,65.737,56.465,25.632,50.0,42
49.329,18.529,42.056,-0.318,35.455,999.991,-1.999,1.098,39.834,29.391,23.22,0.017,5
125.906,39.603,72.115,37.23,63.814,2975.005,-19.832,-34.601,52.502,54.467,25.911,-26.478,60
4.696,18.44,24.843,-1.805,22.377,49.985,-15.496,70.795,29.299,19.896,19.887,52.508,30
81.587,28.546,60.035,-101.929,52.57,4172.859,-130.918,69.242,65.454,42.752,26.384,63.092,66
83.953,49.857,83.291,-101.195,72.12,2175.652,-51.814,145.848,74.103,63.152,25.147,112.44,47
35.077,49.888,63.949,-32.332,58.57,801.789,-38.592,119.769,68.261,54.385,25.901,89.516,49
25.057,18.712,82.587,-52.466,56.196,749.995,-122.97,242.425,29.388,39.503,22.335,206.812,27
12.061,18.555,19.835,0.752,19.216,249.989,-2.0,1.099,26.365,19.136,23.158,0.113,13
105.856,44.148,76.918,75.638,69.019,3969.368,-89.767,-60.075,76.481,59.395,27.952,-52.366,68
87.566,19.229,71.121,-95.913,55.912,4999.952,-138.641,53.326,60.971,39.452,22.997,48.495,17
70.551,19.055,84.559,-108.191,64.075,5749.95,-162.385,51.968,64.206,44.421,23.101,48.971,27
95.273,18.096,70.858,-89.587,57.526,4499.953,-122.233,55.201,62.449,42.773,25.684,48.866,4
108.482,18.631,76.573,-74.393,63.593,3749.969,-86.017,54.008,67.789,46.026,23.906,44.944,27
51.769,24.953,44.92,-116.169,39.133,5168.481,-177.839,64.707,58.708,32.334,26.384,65.257,60
27.677,19.487,104.008,-128.217,78.054,3779.971,-193.811,102.672,71.395,53.643,19.842,98.533,32
90.469,19.232,52.536,-93.326,39.452,4999.946,-140.653,53.112,37.506,30.013,23.162,48.264,6
105.157,61.906,65.556,-80.527,60.783,2450.91,-26.959,98.081,69.012,57.397,26.384,72.327,74
53.094,18.725,33.509,-35.638,30.356,1149.985,-23.014,90.022,43.134,26.135,24.58,67.408,27
28.854,49.772,83.507,-44.354,70.462,754.719,-79.219,189.022,69.673,61.157,27.851,150.2,53
75.479,49.794,97.201,-100.729,82.902,1999.974,-58.713,161.582,71.355,69.953,25.606,125.0,42
34.107,49.878,95.531,126.374,80.071,2219.948,-146.425,-207.485,72.311,67.067,25.932,-183.386,48
1.509,19.43,116.349,-131.039,81.492,2703.975,-240.905,158.542,67.216,54.91,22.935,155.803,32
13.713,18.7,38.706,-11.586,31.293,250.0,-43.513,132.618,25.188,26.38,23.077,103.878,13
24.453,19.072,21.724,0.291,21.295,499.996,-2.001,1.097,39.172,19.851,25.648,-0.069,4
27.069,18.97,115.356,-127.58,86.847,5849.938,-191.743,59.842,95.792,58.13,25.123,58.223,27
30.927,18.719,37.958,-27.07,31.986,674.997,-39.04,120.304,35.623,26.407,20.327,93.179,30
128.464,49.734,69.069,-28.264,65.413,3496.187,-45.556,20.38,65.22,59.184,24.719,15.158,48
85.577,18.275,53.579,-100.267,44.566,2499.979,-75.732,123.401,47.95,34.609,24.78,100.638,9
24.915,18.462,51.252,-52.308,33.326,749.988,-122.972,242.425,24.353,25.588,19.921,207.397,27
100.262,28.824,68.79,72.38,57.527,5370.574,-129.758,-46.064,59.225,45.388,26.459,-43.261,53
98.916,65.589,97.43,83.562,86.111,5017.705,-119.462,-54.998,79.169,75.921,26.375,-50.487,51
57.768,19.337,101.195,-115.774,78.707,5999.943,-167.806,52.288,93.638,52.75,24.888,49.1,19
107.661,70.535,82.796,-75.376,78.707,3499.964,-76.723,60.988,65.623,72.122,25.211,50.0,42
128.223,19.367,62.629,-8.583,52.495,5999.942,-117.303,0.216,59.698,38.022,23.817,-0.686,4
12.071,18.303,19.717,0.825,19.099,249.998,-2.0,1.098,23.682,18.973,22.955,0.102,13
130.606,18.801,31.147,-0.981,31.497,2749.971,-1.996,1.077,43.988,26.466,23.363,-0.783,20
4.696,18.595,26.208,-1.805,23.438,50.006,-15.495,70.795,32.874,22.077,21.467,52.458,30
21.239,34.283,125.741,-44.127,93.305,619.158,-119.802,237.952,73.402,70.546,26.772,196.059,56
31.042,18.402,58.882,-40.838,45.281,749.983,-65.98,172.999,45.731,35.524,24.481,139.16,16
31.013,18.836,58.722,-40.824,45.26,749.991,-65.98,172.999,46.811,35.654,24.096,139.105,16
16.225,40.025,104.79,-129.634,81.362,4999.956,-205.867,76.162,77.405,60.673,23.293,75.0,41
99.053,49.911,72.67,86.518,66.087,2926.74,-56.047,-90.613,64.712,58.987,24.392,-72.584,48
113.388,67.645,98.203,-54.912,85.944,4750.317,-100.17,29.782,82.568,75.775,26.385,25.759,65
99.8,25.283,62.759,60.733,53.389,2328.588,-15.49,-74.971,60.476,42.789,26.39,-55.12,60
99.937,49.748,90.695,41.026,75.768,2291.441,-9.523,-49.53,71.647,63.688,27.772,-36.305,53
98.456,33.414,50.269,69.143,45.986,2636.566,-37.8,-76.59,60.171,41.508,23.834,-59.238,71
58.473,18.285,46.508,-7.702,42.304,1199.993,-2.98,15.774,43.049,35.518,19.851,10.862,36
24.425,65.684,101.227,-12.701,90.184,500.023,-15.497,70.796,63.53,79.766,24.151,50.0,45
28.516,19.224,104.255,-128.057,78.707,4499.956,-191.487,83.046,83.8,53.398,19.966,79.652,21
110.265,29.035,60.623,70.974,52.994,4171.672,-94.427,-53.787,57.953,43.502,26.393,-47.368,53
27.771,28.234,59.176,-29.33,52.572,624.428,-49.89,144.37,54.159,43.239,24.896,110.154,63
37.573,18.685,48.194,-18.952,42.896,794.984,-13.557,64.153,83.637,35.148,23.03,45.578,29
69.944,18.18,65.317,-111.371,51.9,2999.966,-124.231,113.225,52.204,38.716,21.022,100.063,14
27.441,18.974,104.791,-128.119,79.449,4499.962,-191.372,82.906,90.34,54.665,21.766,79.43,21
98.028,65.473,104.287,5.232,91.626,2194.27,-3.49,-6.803,82.978,78.859,26.397,-5.651,51
30.924,18.568,37.877,-27.08,31.702,674.999,-39.041,120.303,35.598,26.386,21.373,93.176,30
67.489,18.002,67.997,113.552,54.132,2499.969,-91.456,-149.448,59.664,39.452,25.722,-127.618,6
13.719,18.213,38.047,-11.577,30.431,250.022,-43.512,132.618,24.254,26.129,23.142,103.861,13
48.981,18.606,23.557,13.647,23.185,1064.985,-4.25,-34.264,31.23,21.13,22.505,-25.404,10
73.474,18.37,23.818,-0.355,23.874,1499.984,-2.001,1.097,31.998,22.216,23.387,0.01,8
12.06,18.42,19.668,0.818,19.099,249.976,-2.001,1.098,23.544,18.817,22.513,0.087,13
12.082,18.369,19.824,0.741,19.33,249.982,-2.0,1.099,26.378,19.127,23.175,0.123,13
45.45,44.92,98.238,-121.327,80.334,5329.005,-178.483,64.714,78.404,64.028,25.638,65.673,79
57.321,18.914,101.513,-116.175,78.707,5999.934,-167.667,52.29,95.146,53.199,25.481,49.168,19
86.126,19.02,75.612,-97.839,61.62,4999.941,-136.918,53.614,77.684,44.484,26.382,48.486,6
78.589,18.807,30.253,-39.028,28.663,1694.933,-13.559,64.153,60.625,25.09,22.436,46.25,29
56.915,49.809,57.452,7.626,55.84,1259.116,-3.505,-16.042,64.701,52.89,26.284,-12.194,48
128.955,19.305,94.634,-9.506,76.504,5999.933,-109.049,0.488,94.686,53.046,26.383,-0.165,19
33.357,19.948,97.07,-126.28,70.044,5499.957,-194.003,66.389,64.212,45.986,19.851,63.881,24
112.023,86.615,103.813,45.24,91.883,5188.801,-111.944,-31.218,69.652,86.049,26.385,-28.507,74
87.452,18.512,72.122,-96.292,58.3,4999.957,-138.187,53.466,68.339,41.774,24.015,48.509,6
101.46,64.702,104.766,-42.629,89.805,2252.48,-10.698,53.49,81.16,78.68,24.684,37.161,80
129.97,19.137,57.575,-8.201,49.459,5499.945,-106.664,0.703,64.531,37.133,23.526,-0.218,24
18.92,19.047,120.644,-129.041,90.499,5749.938,-195.733,61.882,105.303,59.867,24.954,60.0,20
8.165,18.369,63.752,-7.622,45.986,99.979,-79.941,188.412,35.406,37.027,23.234,155.179,18
13.691,18.567,39.166,-11.595,31.454,249.993,-43.511,132.617,28.312,26.384,23.042,103.754,13
15.534,18.929,113.518,-130.049,84.364,3999.956,-204.72,97.107,90.949,57.595,23.958,93.929,15
13.722,18.192,37.765,-11.559,30.031,250.009,-43.512,132.617,23.863,25.776,23.178,103.835,13
75.427,49.951,90.594,-100.819,78.753,1999.984,-58.711,161.579,72.305,67.036,25.479,125.0,42
15.548,58.546,92.069,16.617,82.933,487.135,-34.052,-116.954,83.725,72.12,26.384,-88.797,65
80.125,90.956,117.195,-104.177,104.791,2452.74,-72.371,131.394,92.007,98.158,24.54,105.944,46
48.963,18.338,23.925,13.64,23.356,1064.984,-4.251,-34.264,32.118,21.462,22.585,-25.41,10
127.796,39.351,78.686,-11.898,67.249,4118.763,-70.572,5.636,71.066,55.833,27.384,4.031,53
4.175,18.393,19.475,1.449,18.659,99.985,-2.001,1.098,24.354,18.82,22.934,0.441,18
28.493,19.232,104.717,-127.948,78.707,4749.957,-192.082,77.803,84.046,53.217,23.515,75.175,27
13.69,18.53,39.353,-11.641,31.762,250.001,-43.512,132.617,30.946,26.385,22.911,103.698,13
62.21,38.527,58.686,108.988,53.181,2017.001,-68.662,-184.449,62.329,45.987,26.385,-146.642,68
119.454,18.423,26.505,-0.803,28.014,2499.972,-2.0,1.097,37.424,24.862,25.833,-0.821,9
4.172,18.607,21.149,1.453,19.851,99.993,-2.001,1.097,27.828,19.838,21.847,0.199,3
131.8,18.501,33.312,-3.062,32.986,3499.963,-45.922,1.17,43.637,27.84,23.733,-0.539,26
124.121,72.645,101.935,-39.252,91.038,5582.029,-108.168,16.109,77.778,81.847,26.381,13.558,74
122.264,38.499,58.493,-47.748,55.025,3999.961,-75.805,31.141,62.777,47.99,25.344,25.0,44
119.569,18.637,26.406,-0.714,27.871,2499.97,-1.998,1.098,36.258,24.808,26.093,-0.846,9
89.401,49.75,57.823,-67.764,55.838,2053.066,-27.411,98.706,56.254,52.581,24.905,71.999,48
7.533,27.286,75.463,-130.735,58.577,3420.655,-224.075,120.352,63.728,44.858,26.4,121.526,58
131.348,19.306,42.733,-5.146,38.242,4499.956,-84.749,1.047,45.275,30.766,22.401,-0.625,21
122.699,47.725,71.162,13.511,62.909,4887.389,-101.088,-14.898,56.224,55.983,25.654,-14.118,78
29.088,56.058,95.028,-125.641,81.97,3917.226,-191.985,98.644,75.689,69.868,26.725,98.915,54
27.026,70.436,104.791,-128.122,93.426,4689.367,-192.303,80.093,86.259,81.979,28.444,81.964,53
90.557,29.435,71.57,92.974,58.395,3666.36,-102.226,-81.358,60.5,45.923,26.361,-71.477,53
84.36,44.403,59.572,12.052,57.489,1853.894,-3.634,-17.189,63.163,52.835,26.888,-13.01,56
55.479,57.005,72.912,119.121,62.724,3872.757,-149.551,-104.59,67.842,55.306,26.187,-96.617,63
117.992,40.915,93.818,55.914,78.0,5295.315,-109.66,-35.167,73.832,62.503,26.4,-32.139,54
21.082,71.439,94.895,-29.549,82.073,499.964,-79.938,188.413,49.821,75.901,25.444,150.0,42
93.093,50.008,67.206,-27.12,64.038,1999.989,-6.375,36.937,65.622,58.411,25.717,25.0,42
41.568,19.28,62.879,39.785,50.668,1112.749,-34.387,-115.393,54.221,37.886,23.21,-83.482,11
66.121,54.916,78.707,-62.133,71.837,1590.129,-37.69,118.364,68.948,64.667,26.441,88.328,68
125.571,62.472,104.526,31.328,90.836,4715.816,-86.624,-22.823,81.731,79.088,26.214,-20.551,79
71.459,37.357,52.578,23.164,50.433,1594.489,-6.064,-36.223,61.221,48.989,26.269,-26.534,70
35.312,61.222,102.162,72.655,87.655,1306.041,-76.953,-196.933,73.33,75.452,24.904,-157.999,73
43.861,91.414,91.771,5.6,89.297,999.732,-3.608,-15.458,70.182,88.137,26.306,-11.8,63
85.335,18.813,110.893,-99.993,85.375,4000.409,-113.438,67.769,101.144,57.444,23.436,58.897,31
8.182,18.386,63.407,-7.615,45.986,100.007,-79.94,188.412,33.607,36.698,23.15,155.17,18
19.234,23.96,113.201,-42.204,82.119,564.629,-131.697,253.673,63.891,60.206,26.375,210.019,50
112.658,49.808,67.44,-61.341,64.942,2499.977,-15.349,70.511,68.692,58.872,25.294,50.0,42
83.076,19.096,49.851,-85.342,42.271,1999.979,-43.513,132.616,47.777,33.517,23.745,101.806,12
-1.318,34.27,78.716,0.506,64.006,18.74,-2.065,1.147,61.869,50.967,26.289,0.044,70
76.189,56.105,68.225,102.597,64.916,4505.026,-133.843,-76.423,65.616,61.12,26.34,-70.463,70
1.719,39.812,73.434,0.522,64.181,12.232,-2.015,1.095,62.205,52.71,25.703,-0.002,69
65.728,81.472,103.234,-25.347,95.985,1440.942,-8.309,47.462,86.656,89.478,28.99,32.564,58
-0.97,34.566,58.017,0.116,52.832,21.501,-2.067,1.134,61.141,45.98,26.265,0.036,70
8.792,18.691,101.829,-9.805,71.175,100.006,-122.973,242.423,35.943,51.684,22.225,206.756,2
101.03,90.403,98.513,82.546,94.691,4246.701,-100.266,-63.226,78.765,90.202,25.371,-55.956,73
36.69,27.522,70.297,-125.223,55.876,4792.861,-189.895,77.29,57.033,42.486,25.977,76.332,67
16.893,19.432,110.243,-130.135,82.002,3999.973,-204.563,96.948,84.493,56.095,21.608,94.226,32
3.755,18.409,122.127,-130.757,89.336,3499.968,-222.629,114.47,89.374,60.63,22.535,112.102,26
96.821,18.316,25.833,-0.749,26.292,1999.974,-1.999,1.098,35.853,23.777,23.803,-0.299,4
119.216,19.23,28.159,-0.901,29.281,2499.972,-2.001,1.098,41.178,25.846,25.356,-0.84,9
23.652,18.866,39.49,-22.055,33.025,499.99,-43.511,132.617,35.722,27.781,23.605,103.258,7
27.545,19.163,104.791,-128.069,79.65,4499.957,-191.002,82.515,90.756,54.874,23.074,79.257,21
82.929,70.625,106.85,-96.517,94.446,4781.874,-135.347,56.504,75.639,82.755,26.385,52.224,79
30.419,30.45,101.053,-69.7,74.905,1000.005,-122.978,242.42,57.253,57.012,24.892,200.0,44
8.15,18.283,64.0,-7.613,45.986,99.965,-79.939,188.413,37.798,37.148,23.152,155.085,18
97.405,44.871,82.236,84.21,71.374,4408.082,-110.223,-61.917,77.251,59.208,28.015,-55.821,68
5.579,68.775,90.927,23.868,79.389,419.759,-97.643,-225.168,70.475,72.122,25.698,-184.122,79
12.094,18.964,19.712,0.844,19.111,249.985,-2.0,1.098,23.477,19.072,23.059,0.095,13
74.486,39.188,78.413,62.493,68.921,1892.705,-26.946,-98.187,69.581,57.117,26.385,-73.667,61
13.667,18.176,39.377,-11.614,31.809,250.002,-43.512,132.618,30.492,26.415,22.937,103.702,13
122.475,38.529,57.76,-47.572,54.189,3999.961,-75.976,31.161,60.757,45.988,24.689,25.0,44
40.625,24.609,93.875,-124.692,72.122,3499.968,-172.798,107.139,77.195,54.103,24.802,100.0,41
111.484,86.062,87.772,-60.534,85.198,2499.984,-15.406,70.607,66.402,83.872,23.854,50.0,45
7.369,38.464,58.142,2.611,53.614,174.877,-2.585,-5.986,62.733,46.253,26.385,-5.012,68
49.353,70.197,95.355,-121.129,87.035,2665.441,-145.363,143.691,78.286,79.49,28.019,128.887,53
87.184,18.496,72.122,-96.473,58.717,4999.949,-138.204,53.43,69.094,42.501,25.74,48.492,17
26.196,38.907,62.199,57.525,50.347,1006.51,-83.722,-206.545,36.304,44.265,24.948,-166.807,57
63.688,80.893,124.446,-114.848,107.94,2779.311,-118.247,126.876,90.345,96.072,26.382,110.502,56
24.368,18.516,21.948,0.266,21.229,499.992,-2.001,1.097,40.119,19.851,25.578,-0.086,4
81.309,34.585,79.83,-42.912,67.45,1786.978,-14.639,67.706,67.779,53.721,25.689,47.692,55
48.426,50.003,85.894,-1.302,74.178,1034.384,-2.555,1.605,68.349,63.207,25.174,0.31,64
58.712,18.557,26.385,-7.582,26.282,1199.995,-2.981,15.773,38.294,23.753,19.851,10.885,36
71.406,37.154,82.306,110.013,71.42,3473.746,-119.477,-103.954,72.452,59.045,26.892,-92.478,61
83.095,19.303,49.512,-85.328,41.997,1999.973,-43.511,132.618,47.216,33.34,23.525,101.832,12
73.542,18.659,23.929,-0.373,24.293,1499.986,-2.0,1.097,33.224,22.38,23.23,0.049,8
73.483,18.16,23.661,-0.257,23.77,1499.984,-2.001,1.098,31.059,22.1,23.945,-0.03,8
69.054,28.944,49.281,-37.758,45.8,1499.981,-15.494,70.795,62.47,39.452,25.27,50.0,45
83.842,91.054,113.229,100.675,103.703,3773.851,-105.414,-86.821,89.718,96.72,24.656,-76.315,46
37.076,18.282,21.478,-0.095,19.851,749.988,-2.001,1.095,29.154,19.849,23.188,0.194,16
4.697,18.54,26.186,-1.815,23.445,50.009,-15.496,70.795,32.829,22.01,21.601,52.452,30
40.813,29.492,58.849,-50.99,49.293,999.987,-58.916,161.746,45.632,40.25,26.384,125.0,42
88.811,46.95,58.768,-15.822,53.604,1878.145,-4.986,23.658,55.101,49.123,25.63,15.793,78
24.51,18.086,28.886,0.188,26.388,499.972,-2.0,1.096,52.634,24.762,25.486,-0.014,4
115.754,34.648,102.567,-58.775,83.654,4499.937,-98.702,34.773,58.927,65.589,22.38,29.538,43
49.956,18.546,22.275,-0.335,21.893,999.983,-1.999,1.095,30.428,19.851,23.148,0.179,5
8.878,90.95,105.008,15.682,101.613,375.707,-48.228,-146.65,89.081,95.745,24.671,-113.647,46
55.727,51.029,71.962,117.575,63.763,3365.996,-139.302,-118.3,69.653,57.386,27.037,-107.5,53
10.953,59.745,79.363,-0.417,72.129,242.104,-2.414,5.493,74.705,67.208,24.031,2.996,81
51.663,48.893,75.022,-103.624,65.588,1651.378,-99.23,214.034,69.855,58.557,24.963,173.605,80
16.868,19.686,110.676,-130.084,82.171,3999.965,-204.365,96.878,85.466,56.205,23.353,94.148,32
131.718,18.693,39.672,-3.279,39.452,3499.966,-43.026,1.17,64.026,32.602,24.116,-0.514,26
48.113,67.074,67.805,-0.823,67.111,1000.0,-2.004,1.098,69.991,65.588,24.823,0.0,45
83.272,18.342,49.043,-85.125,39.56,1999.978,-43.509,132.618,43.868,32.674,23.186,101.966,12
30.923,18.609,38.023,-27.091,31.884,674.993,-39.041,120.304,35.644,26.506,20.602,93.211,30
8.168,18.541,63.824,-7.623,45.986,99.978,-79.941,188.412,35.351,37.026,22.521,155.178,18
96.784,18.686,26.373,-0.794,26.385,1999.979,-2.0,1.096,39.225,24.431,23.453,-0.266,4
65.751,32.121,86.842,-46.962,72.052,1478.842,-24.172,92.162,64.152,57.927,26.376,66.772,54
55.59,18.562,62.792,-77.647,49.363,1449.987,-65.98,173.0,47.961,38.042,20.743,138.84,30
63.111,18.484,45.98,-64.391,38.569,1499.984,-43.515,132.617,43.308,31.344,22.916,102.913,8
59.144,75.196,89.938,-109.131,78.5,5394.009,-170.364,58.892,58.052,72.073,23.868,59.607,81
2.525,19.333,135.73,-131.029,95.094,1999.976,-245.562,222.654,107.672,62.533,25.767,212.829,27
85.926,28.806,63.582,-58.216,54.34,1927.21,-22.381,87.947,60.531,44.68,26.384,63.444,53
111.156,18.796,46.01,-68.723,39.447,4749.953,-114.034,39.5,42.805,30.444,23.927,34.641,20
110.526,28.254,50.25,-49.405,48.277,2392.125,-11.39,57.566,64.505,41.612,26.019,40.064,57
29.365,18.978,112.197,-71.412,78.707,994.997,-131.782,253.596,51.266,55.86,22.431,215.332,30
63.6,91.161,124.412,-114.994,110.975,2890.021,-120.749,121.739,91.377,100.79,28.57,106.512,58
13.671,19.145,39.319,-11.601,31.666,250.011,-43.513,132.618,30.186,26.396,23.156,103.695,13
7.674,19.347,38.739,-5.404,31.333,99.986,-43.511,132.618,27.775,26.385,21.66,103.473,3
29.402,18.987,110.327,-71.363,76.508,994.993,-131.782,253.599,49.608,54.406,22.015,215.507,30
130.888,18.481,28.279,-0.899,29.691,2749.973,-1.995,1.072,39.004,25.976,23.616,-0.819,20
30.502,19.619,102.881,-126.923,74.65,5499.95,-194.718,66.384,71.802,49.916,19.851,63.911,24
4.209,18.682,24.52,1.496,23.169,99.98,-2.001,1.095,28.382,22.199,22.199,0.217,3
116.315,44.359,79.679,-45.496,70.512,2582.141,-13.388,48.429,65.574,59.385,25.151,35.81,63
22.553,23.524,97.204,-129.235,70.516,2282.48,-202.24,188.511,64.129,51.13,26.219,176.511,56
97.304,29.417,62.823,-87.626,50.941,2498.055,-51.131,106.464,43.227,42.238,25.595,82.348,69
73.46,19.052,23.648,-0.257,23.62,1499.987,-1.999,1.097,31.113,22.298,23.855,-0.029,8
9.885,19.335,56.212,-11.622,38.555,149.975,-99.214,216.051,24.081,30.217,19.851,181.933,30
45.738,65.745,109.481,-36.544,95.033,1052.389,-29.649,102.799,79.288,81.209,26.385,75.419,51
65.503,58.146,76.554,113.762,70.511,4143.981,-142.151,-93.365,68.513,63.423,26.383,-85.982,76
4.168,18.497,19.221,1.467,18.635,99.996,-2.0,1.098,23.728,18.593,22.302,0.185,3
37.527,54.316,124.516,95.142,101.619,1565.864,-91.485,-218.414,91.526,81.321,27.777,-177.62,65
131.55,41.33,62.99,-2.482,59.44,3778.238,-53.983,-0.109,66.242,52.573,28.06,-0.983,58
122.613,70.534,85.18,-46.89,79.543,3999.965,-74.204,31.252,57.763,75.443,24.915,25.0,42
83.856,81.485,85.164,42.644,83.607,1979.183,-12.027,-61.884,74.293,81.068,26.385,-45.252,79
25.308,19.123,103.219,-128.784,75.578,3749.957,-199.519,105.412,60.505,52.799,23.487,101.746,27
88.027,39.988,92.949,97.69,78.877,3425.543,-94.01,-90.157,73.509,64.015,26.115,-77.566,50
96.857,43.925,79.246,88.125,69.273,3002.226,-62.368,-89.886,77.259,59.634,27.982,-73.119,68
12.03,18.527,19.575,0.797,19.099,249.981,-2.0,1.098,23.38,18.831,22.864,0.072,13
35.74,40.927,88.461,126.064,73.179,4074.54,-175.774,-108.299,74.947,59.912,26.88,-102.587,54
37.064,18.638,21.472,-0.076,20.114,749.992,-2.0,1.097,29.375,19.851,23.742,0.204,16
27.746,19.346,104.791,-128.052,79.02,4499.96,-191.424,82.989,88.359,54.143,21.858,79.485,21
16.865,34.586,90.241,-39.307,65.566,500.505,-144.296,271.38,63.597,51.665,23.19,225.0,43
125.026,72.586,78.794,39.183,74.248,5342.537,-104.329,-25.901,69.267,71.885,26.278,-23.608,74
71.64,18.54,30.377,-24.306,29.681,1499.984,-7.819,43.902,49.534,25.717,23.154,31.08,10
8.149,18.383,63.993,-7.615,45.986,100.03,-79.941,188.412,37.663,37.014,22.443,155.068,18
120.101,40.021,81.927,-52.781,71.41,4499.964,-91.47,30.287,71.923,59.053,23.599,25.0,41
85.87,18.883,52.681,-100.046,43.373,2499.97,-75.681,123.435,45.107,34.278,23.994,100.671,9
7.667,18.803,38.813,-5.408,31.336,100.015,-43.512,132.618,28.308,26.382,22.131,103.499,3
66.534,43.784,83.866,112.97,68.988,2667.799,-97.798,-141.258,61.439,57.23,24.989,-119.602,63
4.163,18.129,19.321,1.443,18.539,99.99,-2.001,1.098,23.06,18.334,22.405,0.173,3
121.69,24.898,43.248,-47.734,35.487,4980.112,-109.229,25.191,31.154,28.324,22.364,21.385,62
35.64,38.613,85.426,-124.241,71.227,4553.319,-186.424,80.321,71.26,57.45,26.723,80.231,53
63.511,18.129,43.063,-63.946,35.694,1499.979,-43.513,132.618,33.097,29.188,21.34,103.258,8
119.446,19.32,27.029,-0.899,28.034,2499.972,-2.001,1.096,37.691,25.225,25.748,-0.852,9
83.29,19.192,48.88,-85.026,39.455,1999.984,-43.512,132.617,43.32,32.912,24.562,101.746,4
79.697,91.595,92.197,101.812,87.258,5122.723,-139.872,-69.034,76.819,86.706,25.235,-64.437,73
4.164,18.364,19.52,1.503,18.712,100.007,-2.001,1.097,23.116,18.708,22.657,0.224,2
49.317,34.552,38.723,-0.651,38.293,999.995,-2.002,1.097,51.449,36.683,23.544,0.0,43
130.09,91.153,104.614,-18.614,98.258,4303.238,-67.791,9.441,91.139,94.235,26.445,6.875,56
47.334,23.973,69.222,62.287,55.886,1371.857,-50.244,-150.386,45.749,42.787,23.752,-116.927,75
94.013,39.548,56.017,-86.043,52.358,2240.616,-36.946,117.555,55.164,45.978,26.524,87.708,56
33.257,20.111,97.081,-126.216,69.891,5499.959,-194.035,66.367,64.153,45.986,19.851,63.889,24
10.017,18.604,79.909,-11.727,57.711,150.003,-99.216,216.05,32.435,43.661,20.041,181.451,30
41.989,30.721,72.159,-39.441,61.396,971.131,-38.328,120.328,71.12,50.307,26.381,89.889,74
8.161,18.409,63.826,-7.609,45.986,99.978,-79.94,188.412,36.58,37.023,22.862,155.12,18
102.844,29.763,39.016,-81.875,36.5,2499.995,-41.601,99.159,35.991,33.263,23.869,75.0,44
131.122,28.818,78.753,11.669,65.59,3380.045,-38.305,-11.093,63.564,52.572,26.704,-9.59,53
77.16,80.563,88.233,-106.457,84.976,3107.123,-107.426,102.582,79.897,82.03,26.381,88.507,56
13.151,18.668,114.622,-130.402,84.965,3299.96,-210.822,121.724,86.568,58.326,24.833,118.055,27
51.918,19.361,85.797,-120.837,62.057,1999.973,-128.559,204.384,53.073,44.647,25.568,176.501,4
74.523,28.781,50.982,-46.921,45.986,1655.876,-19.91,81.434,65.239,40.928,27.979,58.364,61
83.177,18.095,49.502,-85.265,41.725,1999.979,-43.512,132.617,46.118,33.203,23.567,101.892,12
7.676,19.064,38.63,-5.4,30.945,99.996,-43.512,132.618,27.114,26.373,21.442,103.497,3
4.199,18.609,19.631,1.463,18.815,100.018,-2.001,1.095,25.718,18.878,22.061,0.196,3
31.012,18.516,59.109,-40.842,45.355,749.996,-65.98,173.0,46.772,35.564,24.787,139.12,16
12.121,18.699,19.818,0.748,19.191,249.984,-2.001,1.095,25.348,19.096,23.164,0.101,13
4.743,18.555,25.701,-1.491,24.598,59.937,-8.773,49.414,62.907,22.372,22.176,35.454,29
68.708,49.767,58.695,-37.225,56.552,1499.981,-15.493,70.795,59.048,53.308,25.23,50.0,42
15.995,18.861,113.26,-129.961,84.721,3999.949,-203.513,96.584,93.16,57.732,24.717,93.55,15
130.28,19.221,49.589,-6.138,42.992,4999.945,-97.712,0.628,52.01,33.325,23.618,-0.675,17
69.373,18.156,65.878,-111.585,52.686,2999.979,-124.349,113.064,56.617,39.445,23.084,99.937,14
15.939,18.707,113.065,-129.96,84.611,3999.969,-203.359,96.51,93.735,57.786,24.724,93.492,15
0.948,18.393,124.342,-130.873,90.08,3499.968,-229.083,115.998,80.107,60.741,21.159,113.785,26
19.27,18.479,24.506,-4.308,23.177,374.982,-4.823,29.998,44.075,21.494,23.447,20.928,20
18.813,67.539,103.284,-129.141,88.515,3275.857,-202.836,123.389,81.079,78.756,26.379,120.37,65
55.668,18.469,62.542,-77.53,49.303,1449.992,-65.981,173.0,46.26,37.886,21.574,138.918,30
93.533,90.635,98.764,91.943,91.706,4691.187,-117.556,-64.85,78.504,88.4,25.273,-58.859,73
30.129,18.73,23.573,-3.902,22.955,599.988,-2.98,15.774,33.88,21.246,19.851,10.894,36
31.249,18.078,57.977,-40.549,44.452,749.992,-65.981,173.0,39.71,34.665,24.945,139.257,16
44.187,18.93,64.344,-5.78,54.103,899.993,-2.98,15.774,41.613,44.225,19.851,10.743,36
18.748,40.215,97.954,-129.424,72.381,4499.968,-208.238,87.355,56.833,56.506,22.56,89.065,41
131.742,18.775,32.429,-3.043,31.943,3499.961,-46.418,1.173,40.19,26.412,23.446,-0.492,26
86.992,18.097,72.159,-96.861,58.474,4999.945,-137.77,53.531,68.917,41.906,23.955,48.399,6
49.993,18.635,21.944,-0.343,21.584,999.991,-2.0,1.098,29.443,19.851,23.277,0.185,5
83.225,18.804,49.315,-85.161,40.948,1999.981,-43.513,132.617,44.961,33.131,23.311,101.875,12
29.382,18.571,111.495,-71.402,78.707,994.997,-131.782,253.598,50.605,55.808,22.132,215.403,30
85.368,85.719,97.639,68.257,92.77,2198.896,-25.624,-93.585,84.709,88.557,26.384,-70.027,56
131.725,18.535,34.178,-3.116,33.726,3499.963,-45.494,1.169,47.583,28.475,23.177,-0.56,26
70.966,18.484,61.83,-110.715,48.295,2999.976,-123.899,113.251,43.603,36.63,20.555,100.168,14
83.687,29.242,71.795,100.201,58.423,3710.064,-112.174,-87.474,60.35,45.915,26.376,-77.758,53
63.025,75.593,94.024,-108.63,81.936,4635.524,-158.755,68.895,58.815,75.747,24.897,66.03,72
67.256,18.17,68.039,113.7,54.13,2499.969,-91.807,-149.358,59.729,39.452,25.975,-127.671,6
4.212,18.524,19.364,1.469,18.73,99.986,-2.0,1.098,23.371,18.688,22.272,0.179,3
131.786,18.524,32.306,-3.026,31.747,3499.962,-46.414,1.172,39.712,26.39,23.445,-0.553,26
67.857,18.354,63.798,113.379,50.862,2499.965,-91.756,-149.371,52.649,38.309,25.686,-127.85,6
69.25,19.044,66.919,-111.904,53.383,2999.969,-124.292,113.034,59.078,39.452,24.035,99.924,14
44.317,18.239,32.289,-5.761,29.887,899.999,-2.981,15.774,39.103,26.384,19.851,10.717,36
91.945,18.48,31.306,-44.3,29.772,1959.99,-13.557,64.153,38.881,25.838,21.552,46.627,30
71.211,39.45,89.771,109.486,76.089,2990.468,-103.405,-119.865,72.698,60.876,27.341,-103.467,61
43.378,28.975,71.203,74.468,57.998,1406.829,-65.333,-179.875,60.133,45.986,26.384,-142.391,53
29.865,81.489,104.791,-33.552,97.494,709.073,-48.797,143.549,87.441,90.377,28.811,109.22,58
131.979,18.59,28.082,-2.038,29.077,2999.965,-17.585,1.346,36.672,25.525,23.379,-0.56,14
119.186,28.22,61.917,52.895,52.078,5341.443,-115.6,-34.204,42.428,41.719,25.673,-31.546,76
4.162,18.239,19.643,1.48,18.993,100.002,-2.002,1.098,25.336,18.686,22.259,0.236,2
43.397,46.585,53.517,-123.991,42.991,1979.834,-149.252,217.396,48.513,39.451,24.83,189.47,72
111.292,86.082,88.742,-60.489,86.168,2499.975,-15.4,70.604,68.623,84.498,24.774,50.0,45
4.697,18.355,25.262,-1.807,23.053,49.989,-15.495,70.795,31.492,20.029,20.359,52.469,30
107.318,86.081,93.699,-75.702,88.805,3499.966,-75.185,61.147,72.325,85.59,24.768,50.0,45
60.193,55.566,68.367,-32.96,63.971,1331.448,-15.702,64.099,63.667,59.841,26.348,45.742,70
45.138,71.837,89.022,123.107,78.701,4987.55,-171.961,-87.39,75.499,71.387,26.384,-83.323,66
12.188,18.579,23.513,0.895,22.373,250.023,-1.999,1.097,30.638,20.184,23.062,0.182,13
37.567,34.695,72.175,-6.64,64.06,786.662,-5.427,26.522,67.141,52.572,23.892,17.723,80
130.908,19.014,49.458,-6.376,43.039,4999.945,-96.858,0.854,51.816,33.326,23.517,-0.395,17
75.13,18.528,57.606,-108.082,45.986,2569.972,-99.924,130.185,49.859,35.825,21.963,110.771,32
4.218,18.458,19.537,1.43,18.909,100.034,-2.001,1.098,25.432,18.718,22.275,0.45,18
119.028,49.825,81.457,55.803,72.122,3440.677,-53.376,-48.539,71.054,63.791,24.848,-39.623,48
30.404,30.358,96.229,-69.636,71.074,999.981,-122.969,242.425,56.502,54.14,25.147,200.0,44
131.363,19.218,42.767,-5.182,38.349,4499.956,-84.75,1.046,44.728,30.866,22.062,-0.634,21
85.733,18.355,53.173,-100.157,44.245,2499.974,-75.812,123.4,46.526,34.377,24.643,100.618,9
4.738,18.726,26.37,-1.514,25.0,59.959,-8.773,49.414,65.314,23.154,22.821,35.369,29
96.759,50.3,79.122,19.763,69.25,2131.201,-4.061,-25.634,61.643,60.268,25.562,-18.948,65
76.185,27.135,58.905,-104.891,46.28,2472.434,-87.968,130.931,60.18,39.133,26.193,108.153,67
90.565,19.281,45.653,-93.113,36.066,4999.942,-141.124,53.069,34.156,26.39,23.178,48.335,6
13.691,18.717,39.207,-11.587,31.531,250.015,-43.513,132.618,28.577,26.385,23.142,103.764,13
8.417,49.973,125.151,-8.377,98.074,83.453,-110.409,228.883,74.614,78.818,26.382,187.218,49
33.896,49.859,96.56,-126.055,80.348,4558.911,-186.086,80.908,81.025,65.588,25.296,78.303,48
68.164,18.445,46.289,113.181,39.061,2499.971,-92.196,-149.26,46.937,29.991,25.531,-128.182,6
25.748,19.102,104.067,-128.678,74.376,3749.968,-199.958,105.633,56.315,52.591,23.022,102.04,27
121.114,18.934,36.27,-51.685,34.616,3103.981,-44.579,46.065,49.302,29.173,22.344,35.105,32
15.514,18.721,113.296,-130.054,84.588,3999.953,-204.511,97.013,91.902,57.744,24.651,93.846,15
51.56,18.255,91.574,-120.98,65.725,1999.973,-128.957,204.226,56.327,46.036,25.387,176.294,4
4.138,18.209,19.847,1.453,19.551,99.999,-1.999,1.096,29.43,19.201,22.418,0.238,2
86.345,18.568,75.442,-97.541,60.696,4999.947,-137.065,53.563,76.176,44.295,26.777,48.445,6
59.344,56.104,70.226,70.793,62.932,1661.782,-44.821,-139.918,60.463,58.635,26.376,-107.97,68
124.834,39.883,72.122,-33.441,63.023,4844.735,-96.782,16.66,60.653,52.625,25.769,13.592,69
44.457,18.638,23.583,-5.698,23.197,899.992,-2.979,15.774,34.738,21.49,19.851,10.797,36
1.7,46.492,67.23,3.106,61.902,54.664,-2.063,1.098,65.963,55.973,26.29,0.001,70
108.508,18.659,72.148,-74.389,61.127,3749.963,-86.153,53.989,67.25,45.982,24.206,44.959,27
69.298,18.508,66.957,-111.855,53.228,2999.977,-124.391,113.182,58.55,39.452,23.178,99.96,14
87.442,19.121,72.122,-96.085,57.938,4999.945,-138.509,53.343,67.468,42.198,24.537,48.518,17
131.186,19.125,42.861,-5.23,38.729,4499.957,-84.623,1.048,46.615,31.322,21.633,-0.568,21
27.435,18.895,60.633,-122.886,48.532,2416.111,-192.365,174.123,50.812,36.717,23.095,160.791,11
59.689,40.915,42.983,23.733,39.452,1345.945,-9.808,-49.892,32.097,39.178,24.811,-36.493,57
115.257,29.523,42.017,-60.598,39.452,2499.976,-15.387,70.581,41.746,36.064,26.327,50.0,42
87.52,49.252,92.981,-96.567,78.707,4999.941,-135.435,53.74,75.45,64.792,24.848,47.87,6
8.147,18.51,63.966,-7.618,45.986,99.991,-79.941,188.413,37.957,37.115,23.161,155.101,18
125.248,39.775,71.243,38.657,61.972,5069.212,-100.668,-25.807,62.405,52.561,25.956,-23.408,50
16.019,18.87,113.645,-129.959,84.756,3999.959,-203.34,96.509,93.82,57.842,25.004,93.483,15
131.99,18.562,28.743,-2.063,29.397,2999.968,-17.513,1.347,37.641,25.719,24.324,-0.563,14
63.987,23.764,44.9,-59.092,39.452,1507.149,-37.507,117.57,59.024,33.87,26.375,87.685,50
12.084,18.514,19.796,0.809,19.103,249.994,-2.001,1.096,23.888,18.987,23.005,0.107,13
51.423,18.604,52.571,-58.999,42.751,1249.992,-50.731,146.704,52.951,33.594,24.76,115.087,20
15.351,18.303,113.001,-130.126,83.667,3999.957,-206.182,97.724,85.759,57.163,23.957,94.608,15
112.465,49.822,63.944,-67.817,60.703,2999.97,-49.862,64.642,62.019,55.966,25.605,50.0,42
27.523,19.161,104.791,-128.019,79.427,4499.965,-191.245,82.775,90.035,54.683,22.573,79.358,21
95.958,34.574,70.849,-76.599,57.877,5335.754,-138.357,39.671,46.187,45.986,26.273,37.324,68
129.74,18.966,57.338,-8.171,48.725,5499.943,-107.43,0.625,61.025,36.613,23.357,-0.205,24
59.204,19.18,76.329,-89.194,55.764,1606.001,-71.43,179.601,55.812,39.447,26.381,141.296,53
29.914,18.748,102.098,-127.76,75.627,4499.963,-191.858,83.652,76.732,52.571,19.851,80.011,21
108.453,50.384,66.492,71.957,62.052,3397.906,-66.089,-64.686,69.215,55.946,27.062,-53.755,53
8.161,18.329,63.912,-7.616,45.986,100.037,-79.94,188.412,36.541,37.014,23.128,155.125,18
53.442,51.946,95.309,88.381,85.258,1899.635,-68.722,-156.894,79.47,71.34,26.381,-125.369,74
63.122,18.964,45.942,-64.064,38.388,1499.99,-43.512,132.618,41.609,31.338,21.675,102.834,8
131.431,18.811,44.584,-5.336,39.452,4499.954,-83.639,1.062,52.283,32.252,22.503,-0.533,21
108.374,18.539,72.324,-74.511,61.646,3749.963,-86.101,53.993,67.325,45.986,24.441,44.945,27
15.741,50.389,88.504,-129.608,71.908,3102.204,-213.262,134.667,58.36,61.032,25.17,134.708,64
20.716,39.639,87.627,-30.245,72.098,499.964,-79.939,188.413,71.193,59.901,23.621,150.0,41
119.261,34.889,54.083,-50.523,45.762,5479.885,-120.53,23.408,34.954,39.259,26.275,20.656,68
75.959,81.49,131.059,-106.566,109.768,3451.43,-116.268,90.805,82.753,96.716,26.286,79.87,59
129.471,65.614,95.556,-4.199,86.014,4053.606,-63.953,0.433,77.431,76.852,26.385,-0.518,51
59.076,19.563,99.654,-114.939,76.421,5999.948,-167.57,52.177,89.548,52.568,23.186,48.878,19
13.172,19.201,114.692,-130.347,84.825,3299.957,-210.831,121.712,86.526,58.232,24.819,118.013,27
73.326,18.178,31.291,-0.503,29.737,1499.987,-1.999,1.098,41.388,26.129,23.669,0.073,8
5.378,19.147,121.011,-130.524,89.334,3499.972,-218.909,113.578,94.455,60.632,23.171,110.98,26
50.112,24.94,57.566,-118.998,49.392,2866.253,-152.379,129.331,59.941,39.45,26.373,117.547,60
12.111,18.58,19.789,0.761,19.135,249.991,-2.001,1.096,25.012,19.049,22.916,0.097,13
52.096,35.798,113.739,-115.765,85.176,1759.503,-110.79,229.06,66.357,65.453,26.384,187.546,58
19.906,48.639,70.663,-54.792,60.083,702.932,-151.206,280.695,70.111,54.334,24.926,232.849,80
4.182,18.283,19.738,1.47,19.097,99.972,-2.0,1.098,27.647,18.911,23.126,0.461,18
119.418,18.67,27.153,-0.871,28.038,2499.972,-2.0,1.098,38.116,24.985,25.759,-0.84,9
128.788,56.105,86.122,-26.41,77.05,3039.277,-20.223,23.327,76.414,65.54,27.912,16.486,74
122.978,56.105,70.561,48.548,66.762,2935.85,-18.802,-46.206,65.666,62.75,26.343,-34.795,70
87.487,19.324,72.124,-96.298,58.5,4999.946,-138.181,53.478,69.132,42.75,24.832,48.334,6
119.648,18.903,26.385,-0.649,27.736,2499.97,-2.001,1.097,35.482,24.821,26.281,-0.781,9
69.799,35.262,39.42,109.161,34.757,5442.207,-163.247,-71.06,31.453,31.351,23.526,-67.871,81
31.273,44.088,65.347,-127.078,57.451,4069.781,-194.524,95.531,52.135,52.344,23.208,94.074,80
37.158,91.01,124.391,-124.967,104.791,4202.015,-177.548,88.394,86.611,96.659,28.013,83.841,61
98.307,19.423,31.264,-79.204,27.877,2249.994,-33.037,108.237,25.394,23.98,18.849,81.739,32
131.796,18.836,38.229,-3.896,36.168,3999.955,-67.409,1.104,46.843,29.719,24.681,-0.555,15
103.299,61.222,91.76,73.519,80.436,5006.765,-117.798,-49.416,68.467,71.341,23.274,-45.51,62
102.517,61.222,89.188,-77.107,76.649,4271.915,-106.854,51.412,63.915,67.387,23.226,44.947,62
10.129,18.422,91.602,-15.393,55.782,149.994,-166.064,301.705,24.268,37.848,19.575,260.099,29
18.894,70.396,88.538,0.599,81.896,410.512,-3.428,-1.025,66.0,75.832,26.381,-1.654,79
97.281,18.808,25.195,-0.406,25.717,1999.98,-2.0,1.098,33.068,23.345,23.245,-0.062,12
4.695,18.461,24.854,-1.805,22.335,49.968,-15.496,70.795,29.884,19.867,20.714,52.502,30
4.243,19.286,121.708,-130.666,89.336,3499.972,-221.175,114.143,92.081,60.669,22.822,111.635,26
57.344,19.276,101.595,-116.613,78.708,5999.933,-167.681,52.464,95.28,53.05,23.942,49.321,19
88.274,39.676,64.688,-97.601,58.277,2413.449,-62.111,124.709,57.2,50.699,26.385,98.445,56
31.041,18.459,59.008,-40.83,45.236,749.998,-65.98,172.999,46.182,35.389,24.708,139.192,16
32.849,19.25,98.172,-127.008,72.122,4749.952,-190.059,77.91,74.06,50.035,23.354,74.997,27
19.375,19.181,64.655,-129.032,49.708,3316.07,-207.743,122.827,56.087,36.881,26.349,118.664,53
20.695,44.719,99.814,-30.209,82.621,499.963,-79.939,188.413,74.501,68.903,24.724,150.0,41
96.104,18.873,26.382,-89.147,24.525,3210.865,-93.043,82.551,25.976,20.938,23.027,69.909,11
69.384,28.976,42.041,-37.608,39.452,1499.989,-15.493,70.795,55.04,36.315,25.186,50.0,45
21.095,29.0,61.124,-35.106,46.569,534.603,-98.797,215.302,43.264,38.975,25.89,174.37,70
49.423,18.926,24.137,-0.246,23.562,999.992,-2.0,1.099,35.645,22.088,22.201,0.013,5
131.806,23.377,70.0,-3.215,62.878,3499.965,-39.176,1.158,83.968,49.792,23.224,-0.556,23
8.173,18.415,63.717,-7.616,45.986,99.976,-79.941,188.412,35.199,36.951,23.174,155.202,18
87.329,18.582,72.122,-96.409,57.86,4999.953,-138.448,53.429,66.936,41.775,24.276,48.571,17
89.456,64.092,84.772,-49.433,80.2,1999.987,-15.499,70.794,75.645,72.123,23.132,50.0,41
124.371,19.15,45.986,-42.685,41.995,4499.953,-91.567,24.512,52.929,33.019,24.595,20.073,20
52.567,30.721,85.811,-86.441,70.523,1499.988,-79.941,188.41,70.965,55.845,23.396,150.0,41
8.195,18.253,62.869,-7.605,45.986,100.015,-79.941,188.412,29.92,36.368,23.187,155.423,18
23.697,19.175,39.452,-22.011,32.26,499.988,-43.512,132.618,30.91,26.851,22.487,103.506,7
69.428,28.913,41.938,-37.456,39.452,1499.99,-15.496,70.794,54.314,36.019,24.803,50.0,45
99.71,19.191,68.967,-81.342,55.745,5969.947,-139.844,35.622,66.785,39.135,22.208,32.704,29
119.341,18.188,28.045,-0.923,29.0,2499.974,-2.0,1.097,40.152,25.575,25.347,-0.837,9
96.113,18.316,75.002,-85.166,61.235,2283.219,-34.758,111.677,69.483,45.265,22.466,83.342,10
24.6,18.784,101.236,-64.081,67.182,849.991,-144.292,271.383,46.992,45.986,23.96,231.311,20
104.653,49.841,72.153,79.364,67.175,4220.541,-99.37,-59.69,68.93,59.451,24.76,-52.807,48
30.978,32.569,26.92,16.982,26.344,734.74,-13.239,-68.182,27.795,25.865,24.335,-49.909,57
42.183,28.166,70.592,-122.79,59.48,4568.179,-183.068,79.17,57.394,45.986,25.692,77.406,76
26.285,39.976,71.66,-128.385,56.519,3999.862,-201.774,99.644,45.629,46.041,23.107,102.931,41
131.987,18.402,29.732,-2.09,30.268,2999.969,-17.121,1.346,41.071,26.334,23.327,-0.582,14
23.361,19.6,132.16,-128.58,96.88,5084.949,-196.571,71.936,88.497,65.25,22.507,70.169,29
49.263,34.488,39.087,-0.653,38.638,999.994,-2.001,1.099,52.227,36.858,23.545,0.0,43
84.016,18.187,38.812,-84.265,33.001,1999.982,-43.513,132.617,30.076,26.385,23.252,102.439,12
39.109,34.865,102.235,-123.221,76.023,2320.588,-165.292,174.42,64.343,57.631,24.821,157.925,55
13.674,19.177,39.415,-11.635,31.869,249.979,-43.512,132.618,31.618,26.474,23.171,103.663,13
-1.447,19.926,117.847,-131.228,83.918,3499.955,-233.187,117.003,77.207,56.553,26.384,114.955,6
23.65,18.302,39.499,-22.048,32.912,499.989,-43.511,132.617,35.029,27.789,22.692,103.297,7
130.18,18.123,39.566,-1.119,39.2,2749.97,-1.997,1.081,49.15,32.91,24.034,-0.773,20
15.594,18.938,113.122,-130.063,84.91,3999.958,-203.893,96.739,94.005,57.744,24.82,93.61,15
65.102,48.424,73.581,-87.44,62.125,1705.826,-60.074,163.994,64.241,52.765,27.903,126.925,58
61.777,49.797,72.106,-64.293,65.521,1499.985,-43.508,132.617,60.339,58.805,25.413,100.0,42
63.175,19.127,45.958,-64.284,38.483,1499.988,-43.512,132.617,42.382,31.359,21.878,102.961,8
85.938,28.9,50.96,49.317,43.315,2110.497,-24.627,-62.752,46.396,37.069,25.893,-48.708,70
37.296,18.626,22.674,-0.055,22.267,749.996,-2.002,1.096,35.66,19.851,23.895,0.341,16
54.588,80.467,91.454,-119.267,85.93,3079.221,-143.677,119.426,80.287,82.134,26.384,107.826,56
131.789,23.22,35.972,-2.948,35.475,3499.964,-45.784,1.169,42.679,31.304,23.523,-0.538,23
56.584,35.179,49.59,108.064,45.706,2496.743,-102.428,-144.959,59.749,41.395,26.252,-122.816,70
8.19,18.115,60.513,-7.593,44.405,100.003,-79.942,188.412,27.447,34.557,22.76,155.495,18
16.052,18.857,50.894,-130.327,36.321,2459.974,-220.922,178.185,42.326,27.258,21.559,172.577,29
39.663,19.411,104.5,-122.967,78.707,5999.939,-184.367,56.399,85.468,52.613,22.808,54.306,31
0.687,59.988,124.385,12.037,101.389,235.965,-88.758,-214.6,79.305,85.017,26.464,-174.071,56
131.39,18.959,44.479,-5.318,39.452,4499.955,-83.736,1.052,52.799,32.234,22.457,-0.578,21
110.421,37.297,78.71,-70.858,69.022,3533.007,-73.789,54.808,73.685,56.366,26.38,44.654,66
94.663,28.187,52.748,-22.138,49.343,2004.65,-4.715,29.086,65.25,42.004,25.311,19.36,75
12.135,18.647,19.834,0.752,19.223,249.999,-2.001,1.096,25.298,19.111,23.17,0.108,13
84.354,39.504,92.198,101.078,77.092,2630.724,-62.439,-120.887,75.437,61.697,26.101,-97.026,50
86.199,67.619,104.791,99.386,93.315,3484.977,-94.38,-90.696,89.461,81.167,28.079,-78.052,58
126.249,70.311,104.79,-29.705,90.927,5236.3,-99.107,12.238,79.802,80.242,28.024,9.914,53
72.129,31.799,72.121,-107.757,65.313,4479.735,-146.981,68.793,63.727,55.871,25.632,63.987,65
79.441,18.656,30.607,-38.371,29.239,1694.979,-13.559,64.154,41.187,25.569,22.278,46.735,29
111.217,61.222,98.666,-54.911,83.569,4337.717,-95.835,33.82,67.715,71.149,23.193,29.517,62
117.654,87.902,78.848,-54.31,72.093,5330.183,-113.719,26.67,56.429,71.759,25.569,23.424,52
12.997,18.372,47.488,-24.161,39.495,338.679,-79.979,171.946,49.307,33.053,23.204,138.653,11
8.173,18.219,58.167,-7.582,42.527,100.035,-79.941,188.412,26.525,33.191,23.525,155.533,18
42.321,19.26,100.534,-123.76,76.897,5119.951,-178.394,67.994,88.407,52.577,23.875,65.002,31
124.592,69.868,116.591,-38.421,98.258,5574.427,-103.896,15.567,93.651,84.26,26.394,12.84,66
13.12,18.966,114.961,-130.44,85.023,3299.964,-210.836,121.73,86.835,58.316,24.42,118.049,27
8.147,18.269,64.008,-7.618,45.986,100.016,-79.94,188.413,37.834,37.031,23.167,155.087,18
101.669,24.092,72.122,80.569,59.967,5082.057,-122.115,-52.044,67.139,45.001,25.865,-48.069,65
13.163,18.683,114.78,-130.367,84.856,3299.964,-210.848,121.72,86.525,58.173,24.809,118.035,27
30.973,18.196,52.818,-127.601,36.657,3999.949,-199.551,99.79,30.448,26.115,23.723,96.202,15
51.17,19.563,96.098,-121.133,70.435,1999.97,-129.281,204.105,60.484,50.602,24.856,175.957,4
74.292,35.648,59.052,108.689,48.405,3016.995,-102.91,-117.984,52.465,39.095,25.885,-101.727,70
87.33,19.754,72.122,-96.484,58.429,4999.95,-137.688,53.463,69.102,42.742,24.185,48.232,6
130.407,26.272,52.653,-11.953,45.986,4662.971,-88.433,4.316,53.828,39.117,26.385,2.818,65
112.545,49.815,70.646,-61.464,67.202,2499.973,-15.352,70.52,69.827,60.586,24.841,50.0,42
9.395,20.039,122.88,-129.789,92.565,5499.956,-202.395,65.234,111.888,61.703,23.073,63.699,24
6.422,64.559,63.456,1.389,62.429,149.932,-2.001,1.098,59.726,62.465,26.429,0.431,20
72.638,34.567,104.757,-107.515,76.379,2099.237,-77.372,169.373,64.345,57.611,23.408,143.518,43
83.277,18.374,58.941,95.826,46.083,2247.272,-41.565,-134.022,56.438,35.873,26.37,-102.799,53
130.726,27.794,62.138,12.87,55.787,2837.941,-4.086,-13.303,52.973,45.754,25.88,-9.851,67
4.168,18.283,19.649,1.455,19.053,99.996,-1.999,1.097,26.736,18.898,23.163,0.455,18
3.912,54.926,69.372,15.237,64.006,297.86,-80.879,-201.669,60.302,59.826,26.381,-162.507,68
48.672,18.329,25.856,13.81,25.252,1064.998,-4.252,-34.263,42.678,23.165,23.114,-25.39,10
48.928,18.644,23.941,13.68,23.255,1065.003,-4.251,-34.262,33.211,21.469,22.723,-25.402,10
79.952,36.643,62.568,-40.88,55.29,1732.266,-14.349,67.036,50.342,45.986,23.182,47.184,80
86.059,18.334,52.518,-99.877,42.961,2499.975,-75.646,123.449,44.066,33.717,23.754,100.718,9
115.51,50.032,71.334,62.375,65.585,4349.584,-91.733,-45.581,66.318,58.807,25.87,-40.194,49
50.872,17.274,89.103,-121.159,70.221,3299.956,-154.046,109.015,85.866,50.061,26.737,100.353,20
24.686,19.127,44.397,-12.965,38.632,499.985,-15.496,70.794,68.723,32.556,25.992,50.969,6
129.295,29.076,45.984,15.96,42.739,4052.059,-72.273,-13.566,40.66,37.015,25.906,-12.403,70
13.699,18.18,39.272,-11.586,31.611,250.018,-43.513,132.618,27.526,26.391,23.14,103.774,13
30.093,18.84,22.317,-3.896,21.369,599.997,-2.98,15.775,32.444,19.851,19.851,10.742,36
13.716,18.2,35.952,-11.532,28.57,250.018,-43.513,132.618,22.939,24.882,22.641,103.777,13
36.448,61.263,62.086,-11.981,57.889,774.304,-6.323,29.081,61.257,55.89,26.34,19.747,70
117.661,28.654,62.268,57.872,52.571,4298.794,-92.154,-43.122,43.968,42.441,25.351,-38.149,78
11.945,18.48,26.399,0.829,25.768,250.008,-2.0,1.098,61.872,23.505,25.688,0.14,6
57.694,30.593,65.591,15.881,57.796,1292.879,-5.584,-32.829,67.523,46.15,26.385,-24.173,68
66.907,81.49,102.662,-60.169,95.078,1603.284,-35.462,114.696,65.272,89.515,26.091,85.191,59
122.05,41.509,70.535,-47.343,63.38,4878.77,-99.436,24.337,69.58,53.866,28.861,20.268,58
102.881,29.821,42.32,-81.871,39.149,2499.983,-41.568,99.149,37.446,34.597,23.298,75.0,44
73.176,18.811,35.854,-101.59,29.937,5707.94,-163.558,49.096,51.763,23.614,26.276,50.221,53
107.701,29.519,45.898,-75.254,42.114,3499.964,-81.997,60.73,43.906,36.371,26.385,50.228,42
21.39,18.627,21.421,-2.861,19.853,419.983,-2.979,15.774,36.319,19.851,20.437,10.751,30
27.471,52.225,85.917,-125.792,77.076,4471.679,-194.316,83.405,78.253,65.588,24.8,83.722,80
42.039,39.628,78.161,-37.641,64.496,967.915,-35.322,114.618,69.584,53.794,27.968,85.139,53
13.678,18.426,39.399,-11.631,31.895,250.028,-43.513,132.618,31.613,26.428,23.174,103.669,13
76.561,49.805,62.85,33.965,60.503,1762.743,-10.637,-53.976,67.729,55.856,26.379,-39.459,48
29.55,50.385,76.132,-127.442,62.716,4397.4,-198.281,88.894,46.671,55.49,25.292,92.116,65
22.61,81.489,123.188,61.664,98.257,1033.503,-94.229,-221.798,70.119,86.841,26.457,-180.827,60
11.594,18.347,91.437,0.831,72.165,249.989,-2.001,1.097,78.109,52.456,26.135,0.084,6
41.277,39.722,72.777,-121.721,63.184,4582.247,-183.234,78.876,60.882,52.699,25.703,77.607,69
4.698,18.694,24.815,-1.802,22.222,49.988,-15.496,70.795,28.421,19.888,19.904,52.519,30
126.9,26.823,66.86,30.901,55.611,3552.234,-53.308,-27.201,48.224,43.292,24.182,-22.681,73
51.691,50.35,95.743,120.191,78.707,4093.895,-160.361,-102.032,55.532,65.585,25.612,-95.456,51
-3.06,45.624,97.514,9.232,77.43,177.762,-131.486,-265.851,75.276,62.81,27.608,-222.066,74
20.713,39.647,88.835,-30.222,72.122,500.023,-79.944,188.411,71.807,60.673,24.431,150.0,41
109.759,87.37,100.406,71.665,95.397,3414.598,-60.399,-64.372,80.109,91.425,26.166,-52.741,69
55.151,54.805,82.931,48.789,77.685,1453.405,-29.316,-101.97,80.362,68.88,27.916,-76.767,56
82.061,69.995,117.135,-99.692,98.257,5373.598,-139.599,50.244,93.441,84.04,26.385,46.865,66
27.444,79.545,110.064,-26.209,98.257,612.91,-40.964,128.329,69.542,90.675,26.385,96.3,58
10.018,18.808,78.485,-11.69,55.046,149.998,-99.215,216.05,28.827,42.09,19.851,181.425,30
66.691,58.527,78.256,-111.907,69.506,4691.648,-152.324,67.85,77.275,61.661,26.405,63.404,57
12.121,18.819,19.851,0.927,19.769,249.989,-2.0,1.097,28.911,19.591,23.161,0.15,13
25.768,79.023,98.172,-128.198,88.832,4361.701,-195.8,89.072,74.002,82.374,26.318,91.816,76
83.791,65.263,104.517,-97.933,90.632,2175.326,-49.705,141.308,75.104,79.756,27.029,108.191,68
8.18,18.411,63.675,-7.612,45.986,99.978,-79.94,188.413,34.466,36.955,23.859,155.189,18
86.281,65.046,104.791,-98.586,92.559,4999.946,-132.432,54.21,92.832,79.431,26.213,47.538,6
24.566,18.695,22.879,0.1,21.713,499.99,-2.001,1.098,33.008,19.853,23.167,0.056,7
56.413,19.128,101.973,-117.064,79.024,5999.939,-168.134,52.471,96.705,53.458,26.407,49.444,19
92.605,18.698,58.121,-93.558,50.178,2249.984,-40.256,126.034,72.503,38.779,24.603,94.881,27
52.851,18.713,43.084,-35.866,37.88,1149.989,-23.014,90.021,50.621,31.324,23.704,67.077,27
130.863,18.857,28.422,-0.929,29.702,2749.97,-1.993,1.073,39.562,25.9,23.854,-0.8,20
119.121,19.368,67.118,-51.975,54.005,5749.948,-122.556,22.485,55.193,39.418,19.878,19.836,29
83.396,18.088,48.985,-84.951,39.452,1999.974,-43.515,132.617,41.859,32.607,23.508,101.995,12
77.382,39.491,82.601,-105.069,68.898,4546.776,-140.259,65.236,69.298,55.83,26.437,60.361,53
120.318,18.528,83.314,-53.2,70.984,3103.965,-41.127,46.362,78.146,53.888,21.816,34.604,32
28.347,19.436,101.13,-128.147,75.575,4149.967,-192.858,91.816,76.106,52.571,21.197,88.186,29
4.165,18.597,19.453,1.465,18.751,99.961,-2.001,1.097,24.129,18.826,22.38,0.183,3
110.826,29.041,62.398,59.615,52.927,4941.273,-112.318,-40.004,58.937,42.996,26.385,-36.825,53
21.108,45.556,65.771,-29.755,53.827,500.021,-79.944,188.411,47.396,45.986,25.932,150.0,42
59.237,19.413,99.813,-114.828,76.268,5999.947,-167.65,52.169,89.194,52.53,23.702,48.857,19
125.418,68.241,90.374,20.117,81.506,4843.887,-93.907,-15.66,65.546,72.358,24.524,-14.482,75
15.666,18.819,22.205,-2.112,19.851,299.989,-2.98,15.774,30.693,19.851,19.815,10.74,36
55.486,27.667,54.713,119.369,43.173,2145.551,-99.49,-201.323,37.75,35.693,25.7,-166.653,67
109.309,18.974,46.032,-73.303,41.913,3749.955,-87.822,53.908,53.802,33.025,23.622,45.118,27
131.287,49.869,72.318,-7.085,68.941,3746.456,-51.264,3.36,72.602,61.026,24.868,1.778,48
4.191,18.371,19.735,1.496,19.138,100.008,-2.002,1.097,26.536,18.983,21.773,0.256,2
20.691,41.883,93.199,-30.181,78.707,500.028,-79.945,188.411,73.202,65.178,23.137,150.0,41
50.255,70.212,121.465,-121.363,103.225,3422.73,-151.694,105.552,96.478,87.818,27.569,96.531,56
36.562,18.394,33.076,-18.699,29.572,749.998,-15.496,70.795,31.462,26.186,22.549,52.02,27
13.688,18.211,39.314,-11.593,31.669,250.02,-43.513,132.617,28.946,26.385,22.731,103.754,13
83.408,18.453,48.203,-84.894,39.452,1999.981,-43.512,132.618,41.288,32.782,23.504,101.969,12
49.047,65.604,120.54,-113.673,96.858,1715.625,-114.532,232.668,73.28,82.083,26.681,191.031,68
119.408,19.157,63.629,-51.941,52.699,5649.947,-119.099,22.697,64.694,38.725,21.844,20.01,31
67.922,28.676,52.925,-48.765,45.988,1526.986,-24.615,92.624,61.946,39.524,26.385,67.133,56
4.194,18.333,19.543,1.471,18.918,99.982,-2.001,1.097,25.647,18.815,23.137,0.449,18
58.236,56.105,84.07,85.843,71.633,1775.262,-56.235,-161.067,65.827,64.002,26.346,-126.216,70
8.16,18.392,63.837,-7.614,45.986,99.949,-79.94,188.412,36.425,37.005,22.95,155.129,18
69.315,18.463,65.951,-111.695,52.953,2999.971,-124.343,113.174,57.3,39.448,22.312,99.996,14
6.445,64.843,65.588,1.378,64.564,149.941,-1.999,1.095,61.641,63.995,26.387,0.457,20
99.15,56.105,65.537,86.402,64.188,3264.453,-73.265,-82.617,62.206,60.409,28.216,-68.769,58
8.186,18.31,63.46,-7.611,45.986,100.002,-79.94,188.412,33.155,36.7,22.63,155.207,18
74.679,91.657,86.489,104.016,82.287,2237.086,-52.288,-153.787,69.842,81.834,26.285,-119.854,63
63.111,18.679,45.866,-64.086,38.243,1499.984,-43.511,132.618,41.421,31.33,22.226,102.824,8
12.147,18.138,20.807,0.765,19.851,249.982,-2.001,1.097,29.715,19.843,22.767,0.148,13
93.67,18.077,57.522,-1.32,52.51,1999.976,-1.998,1.096,84.557,39.46,24.657,-0.401,4
73.01,18.671,25.831,-9.495,25.762,1499.988,-2.98,15.774,37.693,23.453,19.885,10.843,36
24.802,18.144,32.56,-12.887,29.751,499.985,-15.494,70.796,61.323,26.034,25.991,51.252,6
55.875,18.79,60.436,-77.315,45.986,1449.991,-65.98,172.999,40.61,36.432,19.851,139.146,30
68.853,19.414,69.547,-67.134,55.622,1665.556,-40.948,121.823,57.46,39.521,26.382,91.506,53
96.579,18.894,26.457,-0.867,27.742,1999.98,-1.999,1.097,42.549,24.83,23.853,-0.289,4
24.729,49.955,78.708,-12.359,70.967,509.997,-15.349,64.597,67.305,62.47,25.18,45.909,64
94.62,34.445,90.345,-90.029,74.834,4499.969,-121.363,55.375,63.477,59.174,23.107,50.0,43
102.664,18.801,54.147,-80.156,45.985,3335.998,-82.582,68.854,55.043,36.044,26.339,57.24,53
53.13,18.592,33.444,-35.624,30.165,1149.984,-23.015,90.022,42.142,26.092,24.579,67.437,27
83.785,49.998,104.8,101.259,90.288,3471.366,-99.782,-93.343,79.217,72.149,26.384,-80.956,49
50.215,18.462,60.245,-61.316,49.671,1249.985,-52.046,150.341,77.474,38.363,23.885,116.989,27
3.269,34.543,89.82,15.79,66.881,295.477,-83.075,-205.446,65.317,52.574,25.173,-165.874,55
30.028,18.603,49.313,-3.895,42.669,600.0,-2.981,15.775,37.555,36.151,19.851,10.812,36
5.79,18.898,120.956,-130.552,89.483,3499.966,-218.292,113.413,95.004,60.662,23.314,110.848,26
95.474,69.663,92.966,-90.364,88.104,3237.309,-82.425,80.162,84.312,82.026,26.758,66.602,56
8.143,18.626,64.004,-7.611,45.986,100.024,-79.941,188.412,38.319,37.157,23.158,155.092,18
52.549,30.72,86.208,-86.485,70.543,1499.984,-79.939,188.412,71.002,55.861,24.41,150.0,41
69.059,28.837,49.074,-37.731,45.513,1499.982,-15.493,70.795,62.357,39.452,24.127,50.0,45
83.306,65.545,100.847,99.304,89.046,5158.655,-135.7,-64.782,82.027,78.707,26.413,-60.332,51
128.433,18.754,62.48,-8.771,51.413,5999.932,-117.333,0.293,58.786,37.855,23.486,-0.577,4
4.784,18.526,25.119,-1.519,23.537,60.014,-9.126,50.765,51.292,21.84,23.267,36.585,27
99.479,27.297,83.603,79.341,68.904,3997.348,-96.767,-62.529,83.32,52.568,26.851,-55.342,74
13.688,18.379,39.394,-11.638,31.896,249.982,-43.511,132.618,31.234,26.447,22.895,103.748,13
7.678,18.884,38.477,-5.395,30.6,100.028,-43.512,132.618,26.766,26.327,21.6,103.556,3
86.317,19.314,74.796,-97.658,60.412,4999.936,-137.954,53.568,74.511,43.777,26.384,48.663,6
62.371,49.849,64.92,-60.453,59.773,1496.899,-39.272,122.466,66.893,55.501,26.089,91.636,49
13.723,18.327,37.877,-11.565,30.079,249.994,-43.512,132.617,24.014,25.878,23.184,103.849,13
65.089,61.104,70.462,-59.116,61.132,1545.597,-36.401,116.006,64.241,56.237,25.776,86.35,65
76.578,28.126,78.713,-104.724,62.01,4249.079,-138.976,70.673,57.004,45.986,25.708,65.265,76
12.245,18.471,24.243,0.925,23.156,249.978,-2.0,1.097,30.818,21.444,23.127,0.213,13
58.049,19.351,100.68,-116.067,78.707,5999.946,-167.701,52.462,92.97,52.647,23.618,49.199,19
78.183,49.797,81.837,97.955,72.054,2205.891,-45.326,-142.276,70.832,62.55,25.202,-109.73,48
85.546,18.286,53.544,-100.316,44.532,2499.968,-75.767,123.391,48.574,34.719,24.792,100.601,9
12.059,18.457,19.851,0.862,19.429,250.023,-2.001,1.097,27.909,19.121,22.963,0.123,13
131.987,18.688,28.425,-2.083,29.201,2999.966,-17.545,1.345,36.23,25.63,23.73,-0.567,14
28.287,18.838,104.444,-127.997,78.707,4499.959,-191.474,83.009,85.45,53.457,20.23,79.612,21
8.762,18.679,102.841,-9.814,72.092,100.019,-122.972,242.424,41.402,52.573,22.639,206.457,2
102.024,26.367,55.8,83.043,50.974,3563.662,-83.475,-72.117,62.112,42.617,26.385,-61.514,65
27.563,19.394,102.298,-128.371,76.307,3779.972,-193.387,102.492,73.993,52.924,19.851,98.305,32
44.88,29.807,86.619,-49.561,65.588,1070.281,-48.904,143.626,52.396,50.158,24.96,109.305,79
8.157,18.552,63.8,-7.621,45.986,100.013,-79.94,188.412,36.24,37.018,22.256,155.142,18
13.718,18.341,38.553,-11.581,30.999,249.984,-43.511,132.618,24.872,26.335,22.738,103.875,13
116.85,49.818,71.222,-59.52,64.865,4596.888,-98.741,34.105,64.989,57.478,24.781,28.731,48
77.316,54.137,90.325,106.195,76.315,3862.574,-120.604,-90.353,67.911,65.249,26.385,-81.056,68
3.26,20.974,114.74,-130.999,81.385,3499.97,-230.225,118.308,62.839,55.854,21.544,115.91,23
50.009,18.85,21.927,-0.294,21.56,999.991,-2.002,1.098,28.66,19.851,22.567,0.199,5
69.388,19.038,66.954,-111.877,53.132,2999.96,-124.217,113.227,58.838,39.452,23.405,99.9,14
38.073,19.322,104.791,-124.063,80.327,5999.951,-184.796,56.607,88.742,53.689,23.301,54.608,31
108.111,34.704,78.733,-71.546,67.907,2829.365,-46.931,75.542,67.464,55.171,24.13,58.773,43
31.02,18.518,59.04,-40.8,45.2,749.985,-65.98,173.0,46.803,35.561,24.512,139.096,16
94.521,64.923,75.503,-82.98,70.339,2249.97,-35.465,114.435,51.384,65.589,25.795,84.728,20
131.798,18.722,37.769,-3.822,35.083,3999.958,-67.91,1.104,43.323,28.972,24.184,-0.589,15
16.82,54.744,125.498,54.511,101.471,883.869,-100.283,-230.792,90.367,81.955,27.709,-189.012,65
108.775,26.061,55.83,74.129,51.157,3383.801,-66.978,-66.24,62.286,42.724,26.386,-54.873,65
70.779,19.401,59.476,-24.688,51.389,1499.977,-7.817,43.901,66.393,39.452,22.474,30.691,10
23.599,91.044,83.441,-0.115,82.522,499.967,-1.999,1.097,57.516,83.763,24.026,0.0,44
22.837,29.108,72.07,-128.481,58.357,3224.37,-202.276,125.657,60.445,45.986,26.385,121.22,53
70.44,19.329,63.976,-110.939,50.072,2999.966,-123.961,113.131,48.159,38.085,22.022,100.027,14
126.32,26.12,60.303,35.389,52.518,3435.043,-49.311,-31.363,45.839,42.108,25.509,-25.811,78
13.482,18.844,114.702,-130.34,83.856,3299.967,-211.924,122.471,79.753,57.555,24.792,118.801,27
23.648,18.999,39.46,-22.059,32.967,500.014,-43.512,132.617,35.16,27.743,22.614,103.285,7
46.661,86.089,112.704,-1.045,102.158,1000.797,-2.025,1.211,89.091,92.696,25.776,0.081,45
80.816,39.159,81.229,17.096,71.356,1791.682,-3.452,-25.491,72.478,59.001,26.783,-18.781,53
16.01,18.819,113.351,-129.967,84.712,3999.961,-203.547,96.6,93.065,57.764,25.205,93.547,15
129.404,19.272,45.872,16.079,39.425,4871.242,-94.82,-12.586,53.542,29.703,26.29,-11.739,53
4.123,18.463,19.797,1.473,19.142,100.012,-2.001,1.098,28.04,19.032,22.253,0.238,2
96.974,18.463,25.602,-0.591,25.864,1999.978,-2.001,1.096,34.619,23.332,23.192,-0.147,12
54.309,34.63,58.913,-38.506,53.535,1207.501,-24.361,92.377,62.877,45.986,25.203,66.936,55
13.717,18.153,37.089,-11.557,29.755,249.991,-43.511,132.618,23.536,25.618,22.712,103.761,13
13.705,18.538,38.882,-11.593,31.357,250.008,-43.512,132.618,26.134,26.381,22.854,103.866,13
99.619,18.432,62.653,85.931,52.593,3177.256,-69.225,-82.896,63.453,39.215,26.509,-68.331,61
30.944,19.086,101.524,-127.43,75.746,4749.952,-190.928,77.855,78.205,52.476,23.168,75.1,27
15.754,18.713,113.732,-129.937,84.934,3999.954,-203.55,96.617,94.16,57.959,25.011,93.438,15
83.085,19.009,49.719,-85.326,42.0,1999.978,-43.511,132.618,47.397,33.386,23.435,101.83,12
64.806,91.172,124.462,-114.218,110.938,2855.389,-117.532,122.427,90.967,100.491,28.95,106.588,58
97.227,18.471,25.116,-0.439,25.599,1999.979,-2.001,1.098,32.957,23.201,23.468,-0.078,12
33.838,81.49,116.37,80.626,100.604,1381.896,-86.767,-210.653,81.677,91.387,27.367,-170.639,68
31.586,34.678,79.141,-126.886,64.044,4766.321,-194.604,79.355,60.675,51.276,24.426,82.213,55
108.562,65.65,97.807,70.826,85.241,3466.051,-65.777,-62.773,77.656,75.951,26.385,-52.192,51
18.339,90.962,104.791,17.821,100.746,555.202,-29.473,-102.833,88.704,95.102,24.256,-77.449,46
84.281,17.964,27.437,-84.009,24.514,1999.978,-43.512,132.618,25.725,20.862,23.343,102.595,12
83.127,18.14,49.495,-85.293,42.128,1999.975,-43.513,132.617,46.725,33.496,23.176,101.9,12
37.043,18.386,21.709,-0.097,20.756,749.992,-2.001,1.097,31.257,19.851,23.463,0.208,16
95.602,18.736,50.385,-90.22,42.799,3403.961,-96.614,76.254,49.114,33.661,22.264,65.061,32
4.187,18.541,19.471,1.419,18.578,99.995,-2.001,1.097,23.869,18.754,22.425,0.443,18
46.812,56.043,94.494,-122.406,78.717,2042.555,-135.896,204.722,73.996,67.169,27.784,176.431,54
119.095,19.489,72.068,-51.918,57.541,5749.956,-122.964,22.472,52.63,42.497,19.849,19.817,29
125.213,65.098,91.06,-39.701,82.629,5249.938,-100.878,18.32,84.233,72.217,28.529,14.92,20
24.243,34.488,59.874,-0.32,54.317,499.977,-1.999,1.096,62.985,46.282,23.892,0.0,43
129.609,18.73,93.032,-1.166,74.082,2749.97,-1.999,1.088,52.647,56.145,23.424,-0.721,20
96.569,18.894,26.579,-0.852,27.658,1999.978,-2.0,1.098,42.509,24.827,23.853,-0.291,4
4.167,18.906,19.839,1.512,19.456,99.985,-2.001,1.094,29.913,19.218,22.252,0.243,2
93.448,18.228,45.975,-92.286,38.303,3499.963,-105.059,77.145,35.443,30.283,22.366,66.944,20
69.998,19.298,65.278,-111.303,52.198,2999.968,-124.181,113.2,53.083,38.848,23.133,99.978,14
129.793,19.595,57.505,-8.188,49.347,5499.946,-106.852,0.667,64.082,37.121,23.188,-0.373,24
57.799,65.025,114.926,-116.73,94.958,5249.941,-164.803,63.394,81.708,79.332,26.384,58.388,20
4.703,18.542,31.268,-1.817,26.393,50.016,-15.496,70.796,34.759,24.785,21.426,52.419,30
50.485,18.724,57.027,-61.007,45.986,1249.992,-52.049,150.34,71.276,36.533,23.063,117.317,27
24.203,56.575,78.852,-7.243,70.971,499.975,-6.368,36.935,87.831,63.148,23.902,25.0,41
110.327,26.208,74.802,70.137,59.547,5543.375,-122.712,-42.653,63.59,44.535,26.385,-39.563,65
50.016,18.259,65.358,-60.434,53.863,1249.983,-50.728,146.705,87.163,40.861,24.637,113.231,20
13.56,18.85,114.433,-130.34,83.754,3299.965,-211.902,122.465,79.214,57.511,24.811,118.853,27
118.839,61.222,110.216,-55.081,93.167,2953.269,-31.071,51.94,89.215,78.707,27.922,38.623,61
8.608,19.258,77.11,-9.682,52.094,99.968,-122.973,242.424,24.93,37.905,20.446,207.584,2
132.004,18.131,28.403,-2.042,29.475,2999.966,-17.636,1.345,36.468,25.691,23.435,-0.578,14
67.74,18.309,64.26,113.442,51.131,2499.975,-91.805,-149.359,53.067,38.66,25.7,-127.802,6
69.389,18.369,66.792,-111.929,53.273,2999.969,-124.264,113.246,58.968,39.452,23.204,99.962,14
25.858,67.529,90.04,-4.516,83.357,545.968,-5.476,21.843,83.235,76.087,26.338,14.564,65
124.348,18.786,46.066,-42.767,42.287,4499.95,-91.435,24.519,53.79,32.994,24.887,20.093,20
85.529,19.03,54.829,-94.467,38.942,5765.133,-155.401,46.204,34.548,27.654,23.195,43.53,11
87.51,18.64,72.122,-96.248,57.835,4999.942,-138.142,53.481,67.645,41.741,23.203,48.484,6
131.979,18.469,28.939,-2.086,29.699,2999.969,-17.413,1.348,38.333,25.768,24.155,-0.571,14
126.852,30.721,87.766,-27.586,72.122,4144.16,-71.56,15.371,77.955,55.513,26.385,11.916,74
26.285,18.846,104.791,-128.389,80.977,4749.95,-192.839,77.765,89.963,54.943,23.597,75.169,27
59.565,91.17,124.503,-117.065,110.864,2931.626,-128.859,122.425,90.86,100.54,28.682,108.324,58
4.134,18.349,19.826,1.485,19.418,100.001,-2.002,1.098,30.605,19.159,23.177,0.469,18
30.829,39.135,71.601,45.103,64.296,966.017,-51.158,-151.815,68.477,55.09,26.541,-118.206,61
13.669,18.239,39.324,-11.608,31.644,250.012,-43.513,132.618,30.608,26.413,22.542,103.726,13
22.511,29.365,70.699,-23.571,55.831,488.438,-49.647,144.873,59.267,44.414,26.392,110.416,53
4.697,18.462,25.385,-1.809,23.115,49.999,-15.495,70.795,31.765,21.096,19.874,52.457,30
44.417,18.676,25.112,-5.694,24.584,899.994,-2.979,15.774,36.371,22.995,19.851,10.77,36
128.919,49.813,75.473,25.25,70.314,3962.11,-63.68,-20.259,73.24,62.075,25.245,-17.545,48
19.307,35.446,45.353,-129.642,39.233,3507.79,-213.868,118.714,32.21,36.186,26.266,119.39,68
13.715,18.454,34.541,-11.529,27.632,249.992,-43.512,132.619,22.506,24.166,22.886,103.827,13
83.76,54.864,86.526,66.987,79.73,2126.943,-25.687,-93.749,81.277,70.458,27.612,-70.152,56
41.862,60.921,72.122,14.358,65.589,962.857,-6.954,-39.233,60.422,60.664,25.622,-28.736,78
48.838,18.449,24.802,13.694,23.892,1064.989,-4.251,-34.263,36.741,22.129,22.781,-25.384,10
83.774,81.489,85.897,42.686,83.791,1979.188,-12.029,-61.883,75.543,81.552,26.384,-45.252,79
131.151,30.719,83.648,3.751,75.472,5016.932,-91.231,-5.533,79.545,61.146,28.865,-5.515,58
130.157,45.924,84.6,16.959,72.521,4365.945,-75.204,-13.894,74.873,62.208,27.819,-12.557,74
16.251,19.894,117.483,-130.059,87.404,5499.95,-200.18,66.273,98.979,57.828,19.877,64.374,24
125.06,65.071,97.336,-40.053,87.682,5249.936,-99.474,18.334,91.005,77.817,28.184,14.942,20
75.229,18.804,52.498,-108.006,43.182,2569.981,-99.909,130.19,48.859,33.716,22.419,110.792,32
38.334,49.833,55.851,16.611,54.15,901.373,-10.165,-52.35,63.638,52.572,26.168,-38.277,48
78.47,28.821,52.446,-105.474,45.986,2514.799,-86.973,128.961,64.966,39.453,27.924,106.707,61
8.943,78.777,70.931,2.043,68.906,225.804,-3.312,-24.537,63.819,68.817,23.984,-18.1,80
131.409,18.924,93.907,-5.57,75.996,4499.956,-76.564,1.043,88.265,53.867,21.446,-0.483,21
29.431,18.719,104.791,-71.251,74.019,994.992,-131.781,253.599,47.717,52.736,20.857,215.589,30
89.456,28.297,45.53,-25.958,44.413,1896.341,-6.244,36.53,61.061,38.756,25.693,24.706,57
130.814,18.992,49.803,-6.327,43.06,4999.949,-96.864,0.811,52.499,33.341,24.93,-0.302,17
70.572,63.922,104.795,-42.84,93.35,1599.238,-15.355,65.814,81.022,79.923,24.392,46.699,80
37.603,24.758,78.76,-120.001,56.755,1592.257,-153.595,283.619,50.937,42.524,23.161,235.555,62
37.005,18.377,29.152,-0.028,27.376,749.987,-2.002,1.096,42.969,24.939,23.941,0.249,16
87.32,91.07,103.415,96.238,95.646,3673.839,-101.06,-86.181,75.279,91.87,25.948,-75.345,55
30.295,19.235,101.609,-127.581,75.209,4499.959,-191.869,83.659,75.138,52.469,19.862,80.015,21
119.423,18.241,26.431,-0.766,28.002,2499.973,-2.001,1.097,36.643,24.835,25.813,-0.858,9
41.423,70.464,104.729,-118.377,90.938,4678.844,-181.31,75.353,71.943,80.295,26.378,74.782,60
88.85,18.146,69.058,-94.735,54.061,4999.945,-139.527,53.219,55.297,39.194,23.192,48.477,6
83.124,18.288,49.759,-85.322,42.143,1999.976,-43.511,132.617,47.096,33.35,23.423,101.851,12
72.323,18.803,49.338,-109.854,38.608,2999.979,-123.632,113.247,32.74,29.891,20.439,100.243,14
113.734,40.078,52.824,-7.285,52.571,2403.43,-2.831,7.799,58.654,45.987,26.386,4.579,56
85.444,18.797,105.604,-99.777,84.694,3999.964,-113.956,67.699,100.598,57.37,23.509,58.997,31
128.28,18.106,62.943,-8.546,52.571,5999.926,-117.101,0.193,60.83,37.95,23.474,-0.702,4
4.156,18.405,19.771,1.49,19.094,99.975,-2.0,1.098,27.951,18.925,23.176,0.471,18
51.125,61.389,104.791,119.747,90.227,2177.801,-98.741,-193.932,85.392,77.189,27.826,-160.816,68
89.287,19.277,65.467,-94.151,51.044,4999.96,-140.234,53.103,49.729,37.204,22.327,48.341,17
32.617,34.407,82.525,-49.471,67.379,854.901,-75.968,184.929,70.484,55.784,26.385,146.39,56
97.016,26.168,30.755,77.073,28.001,2362.898,-28.281,-99.737,25.1,26.068,23.115,-74.974,80
78.981,65.03,95.552,-104.908,86.738,2436.116,-77.619,133.624,80.014,78.685,24.425,108.634,80
2.869,24.68,53.611,1.833,45.877,35.235,-2.026,1.15,31.349,37.57,23.099,0.038,71
35.663,81.474,104.791,-45.069,97.273,899.701,-56.805,156.069,87.406,90.205,28.303,120.345,58
12.087,18.436,19.846,0.829,19.343,250.005,-2.001,1.098,27.109,19.124,23.159,0.123,13
104.978,79.851,91.776,19.243,87.537,2342.72,-3.693,-22.904,71.496,82.364,27.429,-16.995,74
31.136,18.26,58.64,-40.65,44.913,749.989,-65.979,172.999,44.553,35.357,24.244,139.246,16
9.484,19.763,123.072,-129.975,92.521,5499.944,-202.683,65.379,110.637,61.319,23.288,63.895,24
4.211,18.513,19.422,1.466,18.677,100.02,-2.002,1.097,24.177,18.711,23.077,0.443,18
52.645,45.916,87.786,-119.285,74.626,4588.896,-166.494,75.067,77.153,62.24,26.384,70.592,57
87.42,18.562,72.102,-96.171,57.645,4999.959,-138.67,53.361,67.087,41.512,24.282,48.59,17
-0.132,26.882,42.516,1.695,38.622,30.68,-2.034,1.307,45.984,34.191,24.142,0.149,73
118.295,34.545,75.431,-36.034,65.82,2958.773,-31.234,32.383,63.322,55.841,23.969,25.001,43
23.701,19.19,39.452,-21.998,32.295,499.992,-43.511,132.617,31.085,27.035,22.123,103.492,7
46.747,81.49,119.665,81.874,103.111,1575.888,-64.762,-178.621,81.797,92.436,27.224,-141.314,68
13.666,18.281,39.443,-11.623,31.883,250.003,-43.512,132.618,31.8,26.475,23.426,103.715,13
122.666,49.898,60.138,-47.007,57.408,3999.962,-76.462,31.157,51.896,52.989,23.969,25.0,44
9.507,24.164,67.649,-14.175,53.135,145.092,-149.446,278.078,69.362,42.669,26.326,230.753,52
94.29,64.959,78.758,-83.149,72.122,2249.976,-35.464,114.426,54.725,68.293,26.34,84.638,20
49.281,34.457,39.271,-0.632,38.756,999.996,-2.003,1.097,52.67,36.974,23.3,0.0,43
44.102,25.056,78.893,-63.699,59.871,1153.712,-71.008,179.135,50.169,45.327,23.061,140.831,62
125.642,65.703,97.484,29.591,85.993,5340.374,-101.341,-19.953,78.797,75.95,26.384,-18.229,51
13.664,18.781,39.407,-11.622,31.822,250.01,-43.512,132.618,31.761,26.477,23.166,103.693,13
78.438,52.062,101.231,-101.465,82.561,4205.036,-131.939,69.063,78.206,68.92,24.808,63.279,80
98.564,45.779,70.605,-82.384,64.16,4503.499,-115.855,49.993,70.736,57.334,23.6,44.696,80
127.281,67.47,86.712,-24.021,78.722,3860.806,-59.696,15.435,80.542,72.122,26.383,11.745,65
131.449,36.353,61.987,-13.944,58.695,2946.812,-12.693,12.415,66.489,51.428,26.133,8.389,66
-16.627,19.363,112.803,-130.093,80.257,2849.972,-266.736,147.881,81.737,54.082,22.154,147.932,29
129.268,27.54,76.076,8.701,62.401,2986.605,-15.441,-9.226,63.405,46.037,26.061,-7.544,67
60.732,64.124,94.504,86.243,85.996,1826.303,-53.687,-156.343,68.875,80.208,26.002,-122.08,66
61.994,19.428,70.771,-116.025,53.057,1999.98,-101.84,193.581,50.029,39.403,22.324,162.183,32
129.076,49.831,69.365,23.943,64.069,4858.894,-91.987,-17.695,64.61,57.453,24.731,-16.042,48
98.026,18.105,36.727,-79.601,32.169,2249.991,-33.043,108.24,30.917,26.358,19.575,81.656,32
91.68,18.735,31.715,-44.323,30.076,1959.984,-13.558,64.154,40.427,26.147,21.761,46.609,30
33.644,26.866,93.411,-126.643,72.298,5346.28,-188.164,66.686,84.912,53.465,28.756,71.559,58
123.752,29.152,66.072,25.283,57.489,3349.568,-45.125,-23.155,63.91,45.701,26.733,-19.431,53
104.95,24.706,38.752,78.405,35.472,2746.425,-41.151,-86.563,32.541,30.116,25.173,-67.464,65
20.686,44.924,93.601,-30.189,78.707,499.986,-79.937,188.412,73.306,65.341,24.796,150.0,41
68.245,49.584,89.017,112.266,75.441,2397.07,-79.12,-155.087,74.805,63.599,24.168,-126.918,47
4.158,18.594,24.857,1.66,23.677,99.997,-2.002,1.098,40.669,22.532,22.653,0.312,2
98.712,70.716,83.669,44.289,78.071,2298.591,-11.124,-54.423,71.393,71.965,25.723,-39.932,79
108.529,32.427,77.468,72.013,66.014,4263.442,-97.8,-53.711,63.93,54.154,26.379,-47.713,54
55.721,39.651,67.211,32.738,59.812,1315.309,-14.482,-72.898,51.546,52.567,25.59,-53.479,60
83.106,18.736,49.574,-85.32,42.159,1999.979,-43.511,132.618,46.955,33.516,23.473,101.811,12
30.921,18.629,37.935,-27.093,31.678,674.995,-39.042,120.304,35.617,26.385,21.45,93.194,30
69.826,49.828,92.553,111.453,79.374,2507.108,-83.3,-146.7,70.212,66.975,25.629,-121.202,48
130.262,44.761,69.968,-1.018,62.569,3756.528,-55.055,-1.692,65.364,55.754,25.472,-2.251,79
119.298,72.504,80.316,-52.651,72.121,4913.582,-103.189,27.805,59.056,68.862,26.356,23.699,60
10.739,86.454,120.247,26.4,100.946,511.459,-73.534,-191.836,70.222,90.13,26.41,-153.379,60
0.001,26.45,61.572,1.78,52.58,37.414,-2.16,1.26,55.49,42.722,24.329,0.141,73
13.711,18.182,38.978,-11.59,31.387,250.006,-43.513,132.617,25.775,26.384,23.117,103.894,13
23.636,18.545,39.452,-21.977,32.616,500.004,-43.514,132.617,33.612,27.207,23.18,103.273,7
127.787,22.505,75.304,-27.706,65.303,4296.079,-76.927,15.531,74.23,50.559,26.351,12.062,52
103.257,39.711,68.379,80.1,60.33,4973.54,-119.467,-53.006,61.165,51.156,26.326,-48.668,50
16.173,18.634,113.44,-129.977,84.712,3999.96,-203.278,96.465,93.228,57.643,25.079,93.497,15
4.143,18.516,19.512,1.482,18.766,99.987,-2.001,1.096,25.185,18.698,22.936,0.452,18
87.304,18.631,31.277,-98.869,26.381,2499.971,-75.511,123.532,27.394,23.149,23.254,101.149,9
13.477,18.684,114.482,-130.368,83.748,3299.969,-211.968,122.499,79.422,57.543,24.884,118.861,27
104.684,49.491,76.214,-79.293,68.91,2997.309,-61.576,76.47,68.159,61.505,27.437,60.77,53
61.127,18.583,40.994,-116.415,31.827,2445.246,-127.767,154.723,26.835,25.434,19.851,136.61,10
36.989,18.595,28.956,-0.067,26.971,749.986,-2.001,1.096,42.86,24.883,24.041,0.247,16
18.194,34.506,72.121,-128.959,60.389,3641.909,-210.973,111.035,50.113,49.051,26.274,110.76,68
37.038,18.375,21.496,-0.108,20.018,749.991,-2.0,1.097,30.381,19.851,23.342,0.186,16
42.192,26.701,73.952,-65.777,58.066,1147.537,-76.431,185.437,65.527,45.974,27.73,146.888,58
63.382,91.0,114.529,-113.425,100.743,3282.026,-131.921,104.485,83.366,93.199,27.038,93.337,61
132.022,18.702,28.678,-2.05,29.306,2999.968,-17.589,1.339,37.234,25.618,23.493,-0.573,14
53.154,18.33,33.209,-35.596,29.999,1149.983,-23.017,90.022,41.585,25.926,24.579,67.457,27
95.323,18.733,86.18,-89.573,67.087,4499.944,-122.102,55.242,62.428,49.305,25.024,48.815,4
4.225,18.372,19.552,1.428,18.895,100.02,-2.002,1.096,25.862,18.929,22.082,0.189,3
49.626,39.41,66.007,2.77,59.872,1067.447,-2.989,-9.592,68.409,52.572,26.925,-7.615,53
57.706,61.434,85.553,117.024,73.844,4194.655,-152.402,-95.785,63.176,65.588,23.202,-89.139,62
93.079,70.497,84.515,-90.1,78.282,4187.957,-115.495,60.94,64.086,71.55,26.378,54.302,79
26.863,72.612,115.258,63.612,92.977,1104.859,-84.999,-208.355,73.183,80.82,26.225,-168.477,74
121.58,26.192,57.531,48.124,48.498,5526.653,-115.479,-30.08,50.552,38.033,26.385,-27.76,65
69.529,18.862,65.596,-111.558,52.571,2999.967,-124.321,113.161,55.561,39.138,23.01,99.996,14
116.988,65.669,104.716,8.656,91.766,2701.908,-8.205,-8.949,83.069,78.88,26.385,-7.251,51
124.435,29.696,44.783,-42.257,42.395,3499.965,-56.914,32.281,42.532,36.93,26.329,25.0,42
4.15,18.696,19.736,1.467,19.157,99.972,-2.0,1.098,27.049,19.137,22.571,0.253,2
95.487,18.865,66.696,-89.353,54.339,4499.947,-122.225,55.208,62.028,39.452,25.563,48.87,4
21.506,19.058,114.432,-128.942,85.296,5749.943,-196.463,62.065,95.203,56.93,24.566,60.492,27
8.177,18.253,63.82,-7.617,45.986,99.988,-79.941,188.412,34.984,37.033,22.211,155.21,18
37.327,18.841,22.238,-0.2,21.569,749.987,-2.0,1.096,33.391,19.851,23.538,0.316,16
4.187,18.377,22.401,1.489,21.015,100.0,-2.0,1.095,34.867,19.851,23.0,0.52,18
4.176,18.252,19.827,1.498,19.271,99.999,-2.0,1.097,29.807,19.075,22.568,0.442,18
70.537,50.418,86.395,3.892,76.458,1526.585,-3.427,-4.129,61.484,65.577,25.441,-3.863,65
58.564,18.206,44.71,-7.574,39.451,1199.989,-2.98,15.774,42.736,33.74,19.851,10.769,36
119.227,18.919,66.894,-52.273,55.894,5649.954,-117.914,22.744,71.694,39.453,22.005,19.985,31
83.085,19.204,49.655,-85.316,42.148,1999.977,-43.512,132.617,47.46,33.454,23.339,101.796,12
118.236,49.859,78.692,57.179,70.541,3636.503,-63.464,-47.869,70.469,61.599,25.407,-39.956,48
122.316,38.401,58.764,-47.815,55.8,3999.965,-75.569,31.16,64.018,48.303,24.346,25.0,44
69.802,48.586,45.539,107.792,42.419,3220.26,-119.551,-112.037,37.167,39.963,25.187,-99.42,65
131.294,18.42,42.783,-5.265,38.552,4499.956,-84.779,1.051,44.505,31.219,21.53,-0.528,21
13.722,18.297,37.757,-11.562,30.025,250.021,-43.513,132.617,23.954,25.83,23.179,103.835,13
110.993,18.589,52.573,-68.955,43.443,4749.95,-113.507,39.495,46.431,33.252,24.129,34.521,20
15.681,18.754,112.986,-129.974,84.624,3999.948,-204.26,96.917,92.054,57.661,24.312,93.75,15
63.523,56.065,81.528,-112.528,72.122,3492.413,-140.548,96.796,72.964,65.588,26.45,87.895,54
57.493,29.431,56.791,88.832,50.112,1764.833,-58.745,-166.115,75.159,42.801,26.377,-130.569,59
93.684,70.265,96.699,-92.112,87.983,3023.186,-77.915,89.416,77.664,80.196,28.019,73.418,53
86.589,19.068,85.253,-11.401,68.947,1799.985,-2.981,15.774,47.323,52.575,21.351,10.8,36
28.688,19.626,102.026,-128.128,77.04,4149.958,-191.424,91.192,80.13,52.947,21.793,87.726,29
122.684,24.439,61.459,-44.549,45.986,4515.719,-96.287,25.75,30.18,36.574,23.101,21.346,71
130.872,25.17,48.526,-1.057,45.482,3180.469,-27.428,-0.359,56.326,38.523,26.385,-1.174,60
30.304,30.398,114.032,-69.778,85.294,999.994,-122.971,242.424,62.19,64.642,24.796,200.0,44
12.113,18.377,19.792,0.776,19.208,249.984,-2.0,1.099,25.657,19.078,23.001,0.118,13
30.14,61.727,81.904,-127.495,71.486,4817.636,-192.196,77.724,79.071,63.062,26.486,78.811,57
86.383,64.966,104.791,-98.454,92.497,4999.938,-132.566,54.176,92.479,79.357,27.411,47.576,6
103.889,65.245,92.409,79.57,85.042,4118.897,-95.081,-62.079,75.122,77.135,27.135,-54.474,68
25.777,18.866,116.221,-127.743,87.776,5849.939,-191.703,59.86,99.794,58.495,24.975,58.099,27
122.362,49.818,61.643,48.396,60.459,3070.796,-28.9,-44.462,65.823,55.903,24.064,-34.368,48
8.99,67.525,84.9,-9.487,78.707,130.52,-77.718,186.24,81.381,72.122,26.362,147.789,65
12.092,18.509,19.745,0.782,19.1,249.977,-2.001,1.097,24.105,18.995,22.533,0.105,13
29.327,50.093,105.255,-72.353,84.432,1015.853,-129.343,251.381,66.139,69.032,25.828,207.696,51
72.928,18.614,28.036,-9.493,27.041,1499.99,-2.98,15.774,40.134,24.8,21.276,10.824,36
22.94,18.328,43.175,-45.941,36.419,675.662,-95.916,205.079,47.717,29.708,23.201,166.126,11
7.676,18.975,35.971,-5.384,28.158,99.997,-43.512,132.618,25.433,24.8,21.837,103.607,3
67.805,49.852,93.101,-112.399,78.701,1999.979,-81.994,186.68,65.874,65.567,25.319,150.0,42
6.196,18.933,120.684,-130.314,89.246,3499.967,-217.538,113.229,95.189,60.674,23.438,110.524,26
107.376,70.506,83.636,-75.677,78.707,3499.96,-76.76,60.975,66.883,72.122,25.604,50.0,42
26.824,27.121,90.981,-128.383,72.122,5451.17,-195.393,66.403,84.041,53.283,28.686,69.767,58
120.165,77.485,61.699,-36.768,58.976,4669.167,-99.122,20.957,48.071,61.13,23.265,18.058,71
131.798,18.106,37.731,-3.894,35.333,3999.958,-67.924,1.103,43.426,28.939,24.596,-0.57,15
128.037,47.393,92.438,-30.383,86.053,3700.312,-52.042,20.227,79.504,72.82,30.027,15.254,58
90.208,29.105,76.535,-94.918,64.946,3789.934,-111.351,71.37,64.861,52.514,26.385,62.77,53
84.316,91.156,122.484,-82.929,110.345,2119.564,-38.242,119.18,91.276,100.641,28.825,89.019,58
80.6,30.721,54.765,-100.553,48.351,4377.467,-137.017,65.025,57.628,41.302,26.377,59.846,68
0.0,23.802,63.135,-0.0,52.591,2716.715,0.002,-0.003,63.97,39.696,26.384,-61.018,52
9.669,23.839,67.389,-12.978,53.2,143.532,-135.478,259.68,69.427,42.651,26.298,214.838,52
39.117,60.046,100.498,-74.38,82.086,1183.251,-95.407,211.168,72.625,71.575,24.395,170.491,73
12.064,18.792,19.711,0.803,19.096,249.987,-1.998,1.098,23.475,19.03,22.22,0.081,13
131.732,18.499,56.772,-3.372,52.587,3499.966,-40.711,1.164,77.935,40.138,23.195,-0.508,26
15.576,18.986,100.113,-2.084,78.071,300.01,-2.98,15.773,32.89,57.339,19.752,10.703,36
131.473,50.22,91.718,-4.663,87.366,3999.97,-59.757,1.097,80.308,76.925,25.178,0.0,44
85.02,49.675,60.674,-99.124,57.435,2149.115,-50.059,146.715,56.613,53.299,24.872,112.342,48
4.208,18.467,22.776,1.465,21.499,99.988,-2.0,1.097,35.099,19.851,23.165,0.516,18
121.173,24.786,49.012,49.883,45.63,2928.376,-24.341,-48.119,56.345,38.524,26.385,-36.701,60
80.935,51.641,75.005,102.611,62.458,4805.748,-137.156,-71.644,61.526,52.842,25.702,-66.485,76
11.773,18.726,29.914,0.946,26.417,250.002,-2.001,1.097,31.468,24.947,23.235,-0.005,13
108.314,17.465,62.548,-74.426,54.977,3637.684,-81.997,55.385,70.592,42.226,26.385,45.863,59
91.564,18.66,32.978,-44.371,31.435,1959.978,-13.557,64.154,42.719,26.393,19.851,46.499,30
37.506,49.74,55.838,12.307,54.15,859.879,-6.091,-39.251,63.559,52.571,26.346,-28.653,48
83.189,18.338,49.38,-85.256,41.666,1999.976,-43.511,132.618,46.144,33.081,23.261,101.866,12
83.884,18.484,41.668,-84.337,35.25,1999.979,-43.513,132.618,31.861,28.609,23.219,102.305,12
-15.4,19.471,120.457,-130.175,84.431,2849.965,-264.503,147.617,82.387,56.191,22.148,147.685,29
125.308,38.109,85.251,-39.19,72.122,4214.569,-75.973,23.163,75.071,57.495,26.33,18.345,66
36.015,26.347,53.039,-17.359,50.065,753.398,-13.15,62.985,65.477,44.054,26.252,44.111,50
105.82,39.63,82.168,77.858,72.12,3444.554,-70.926,-68.839,71.887,60.261,26.161,-57.406,50
37.046,18.388,21.452,-0.139,19.852,749.995,-2.001,1.097,29.785,19.851,23.485,0.202,16
96.971,18.613,25.268,-0.611,25.767,1999.978,-1.999,1.097,33.56,23.421,23.534,-0.274,4
117.499,78.667,104.446,58.261,95.062,4351.295,-84.578,-42.556,83.814,86.491,26.341,-37.222,65
75.352,49.914,94.723,107.878,81.984,2711.381,-82.127,-128.306,79.291,68.92,26.387,-106.423,49
12.071,19.091,19.841,0.76,19.263,249.981,-2.0,1.097,24.875,19.143,22.411,0.098,13
31.346,18.743,24.598,-40.292,19.85,749.992,-65.981,173.0,24.219,19.423,24.658,140.257,16
63.1,19.182,45.861,-64.102,38.283,1499.992,-43.513,132.617,41.634,31.338,20.524,102.819,8
13.697,18.401,39.19,-11.589,31.537,250.018,-43.512,132.618,27.844,26.385,22.47,103.78,13
40.829,27.574,70.985,-123.408,58.925,4394.644,-182.097,83.026,64.105,45.298,26.199,80.308,67
48.946,18.943,23.935,13.642,23.371,1064.992,-4.251,-34.264,32.4,21.834,23.129,-25.404,10
4.159,23.058,124.096,-130.658,91.854,3499.969,-220.809,114.161,94.096,63.694,23.187,111.396,23
75.432,49.869,90.701,-100.826,78.789,1999.983,-58.714,161.582,72.243,67.193,25.822,125.0,42
70.475,49.808,81.963,111.201,72.116,2663.433,-90.726,-137.046,70.013,62.682,25.055,-114.971,48
72.574,91.092,127.488,-109.175,110.448,3628.634,-125.022,88.178,85.375,99.849,27.824,78.695,58
91.166,18.887,28.869,-92.479,23.623,4999.954,-142.429,52.938,27.317,19.828,19.851,48.433,17
4.222,23.121,124.179,-130.686,91.786,3499.965,-220.664,114.109,94.7,63.928,23.306,111.349,23
19.402,18.863,119.531,-129.055,89.79,5749.941,-196.14,62.027,102.43,59.442,24.295,60.198,20
4.195,18.327,19.498,1.456,18.78,99.99,-2.001,1.099,24.734,18.818,21.953,0.453,18
124.348,18.899,46.002,-42.742,41.994,4499.958,-91.507,24.515,53.491,33.048,24.956,20.083,20
13.692,18.515,39.318,-11.628,31.689,249.987,-43.51,132.618,30.912,26.39,23.072,103.713,13
96.602,49.787,77.322,88.985,68.505,4140.905,-105.888,-68.759,69.629,59.52,24.917,-61.132,48
21.386,18.64,21.53,-2.85,19.852,419.987,-2.98,15.773,37.13,19.851,21.435,10.744,30
126.375,28.786,64.699,22.077,55.944,4640.277,-90.598,-16.974,57.954,45.272,26.385,-15.695,53
13.69,18.727,39.371,-11.632,31.776,250.029,-43.513,132.617,31.199,26.392,22.547,103.736,13
5.687,19.215,120.764,-130.58,89.096,3499.969,-218.86,113.53,92.932,60.51,22.636,111.152,26
7.675,19.205,38.083,-5.386,30.127,100.005,-43.512,132.618,26.202,25.998,21.53,103.526,3
78.827,18.999,31.637,-38.759,31.15,1694.977,-13.556,64.154,54.9,26.306,22.589,46.341,29
86.845,19.342,45.986,-99.237,38.818,2499.975,-75.306,123.566,34.864,31.357,23.459,100.999,9
24.003,32.862,34.979,28.662,32.221,699.968,-41.556,-134.754,28.848,31.645,24.779,-103.307,57
70.526,34.546,84.884,-24.021,71.596,1518.862,-8.353,42.056,68.281,56.157,23.618,28.92,43
89.075,24.321,59.859,95.836,52.567,3961.451,-112.116,-77.576,66.642,41.518,26.372,-69.316,52
129.859,18.584,56.404,-8.192,47.585,5499.946,-107.703,0.668,58.653,36.18,23.221,-0.115,24
120.401,18.568,81.325,-53.173,69.535,3103.976,-41.131,46.364,77.668,52.957,22.388,34.582,32
21.307,18.683,26.26,-2.88,25.208,420.007,-2.98,15.774,44.942,23.349,22.213,10.772,30
131.77,18.714,33.704,-3.08,33.304,3499.965,-45.687,1.172,45.101,28.001,23.719,-0.56,26
75.129,18.548,57.8,-108.093,45.986,2569.972,-99.927,130.176,49.764,35.874,21.722,110.758,32
110.924,18.663,52.889,-69.019,44.396,4749.953,-113.388,39.488,47.295,33.628,24.529,34.569,20
123.125,49.999,75.868,44.707,68.852,4805.639,-95.844,-30.778,65.097,59.77,25.462,-27.698,49
8.179,18.422,63.709,-7.609,45.986,100.014,-79.94,188.412,34.56,36.926,23.209,155.214,18
99.745,39.598,78.789,-82.146,65.622,5223.634,-128.985,42.305,65.691,54.765,26.79,38.971,53
114.993,44.894,84.079,59.117,72.122,4721.801,-100.523,-40.724,71.656,59.725,25.564,-36.755,79
119.617,18.313,26.387,-0.725,27.867,2499.973,-2.001,1.098,35.686,24.836,26.372,-0.86,9
48.743,49.771,80.08,84.164,70.878,1594.136,-65.124,-179.358,73.249,61.975,27.133,-141.948,56
59.621,24.988,47.302,117.07,38.422,2310.58,-101.018,-178.379,34.306,31.82,22.909,-149.541,62
130.458,43.388,87.434,14.011,75.782,4673.555,-81.654,-11.501,84.647,61.439,25.704,-10.594,73
75.277,91.634,114.364,106.35,100.872,4451.736,-134.952,-81.576,71.405,93.77,26.385,-75.004,60
44.491,18.547,23.253,-5.698,23.056,899.998,-2.98,15.774,33.914,20.53,19.851,10.786,36
37.56,49.606,100.728,-92.847,80.691,1340.776,-123.642,243.703,74.677,67.943,25.881,201.054,48
111.256,73.859,99.745,-54.359,89.061,2496.713,-13.179,61.323,80.362,81.258,26.229,43.881,69
6.454,64.376,63.1,1.378,62.17,149.945,-2.001,1.097,58.712,62.259,26.387,0.418,20
93.922,18.18,50.936,-1.311,45.986,1999.98,-2.004,1.098,80.844,37.531,23.744,-0.402,4
92.159,28.912,62.02,92.617,53.722,4140.066,-114.042,-72.625,60.058,44.415,26.385,-65.283,53
85.47,18.696,53.895,-100.411,44.933,2499.969,-75.769,123.382,50.138,35.026,24.982,100.507,9
91.27,26.523,65.551,-94.429,55.93,3541.665,-103.952,75.945,62.399,44.379,26.352,65.722,58
24.122,19.157,117.306,-128.272,89.536,5849.937,-190.531,59.36,108.685,59.5,26.402,57.752,27
70.545,81.49,104.726,110.119,94.434,3179.357,-108.839,-115.683,74.12,86.434,24.532,-100.802,72
58.046,18.157,62.315,117.23,52.571,4351.131,-155.847,-91.107,63.988,39.213,26.583,-85.311,61
62.201,59.402,78.186,-114.6,69.546,2587.106,-119.271,138.855,72.987,64.397,24.41,120.373,81
13.666,18.528,39.405,-11.624,31.814,250.021,-43.513,132.618,31.738,26.385,23.181,103.714,13
85.611,18.785,53.428,-100.253,44.531,2499.968,-75.708,123.403,48.265,34.533,24.717,100.588,9
4.194,18.557,19.416,1.469,18.64,99.999,-2.0,1.096,24.885,18.695,22.074,0.202,3
68.831,50.382,75.626,112.491,64.853,2295.616,-74.658,-165.911,49.082,57.449,25.929,-134.056,51
119.463,19.192,26.393,-0.718,27.93,2499.972,-2.001,1.097,36.586,24.872,25.952,-0.855,9
27.52,54.448,114.652,128.369,92.48,2995.153,-173.222,-152.264,82.692,75.468,27.79,-141.486,65
30.125,18.871,22.66,-3.934,22.005,599.996,-2.98,15.774,32.924,19.851,19.851,10.884,36
71.637,39.565,70.255,-74.607,63.841,1748.157,-42.518,132.109,69.914,54.138,27.484,99.448,53
48.693,24.47,76.954,84.852,58.877,1584.801,-66.739,-181.51,65.654,44.41,25.687,-143.976,65
83.097,18.453,49.671,-85.333,42.025,1999.981,-43.511,132.617,47.505,33.249,23.517,101.859,12
63.6,29.533,69.003,20.783,57.84,1423.3,-6.833,-39.719,49.13,45.631,24.963,-29.068,64
24.409,18.381,34.182,0.203,31.342,499.974,-2.0,1.097,55.227,27.186,25.515,-0.051,4
119.382,18.438,26.565,-0.824,27.977,2499.971,-1.999,1.098,37.271,24.879,25.883,-0.863,9
24.836,26.966,70.931,56.829,58.787,985.6,-81.881,-203.77,77.421,45.986,26.526,-164.331,74
130.822,75.065,70.515,8.469,68.925,3961.984,-62.921,-8.53,51.907,69.022,23.948,-7.845,81
19.501,38.821,66.124,45.639,52.569,802.077,-84.899,-207.451,36.984,45.169,24.973,-167.816,57
17.652,47.119,97.263,96.316,76.923,1359.841,-147.336,-285.086,77.622,62.194,25.599,-239.273,79
108.196,18.72,48.852,-49.797,39.452,2379.559,-17.191,60.646,52.661,33.025,23.143,45.522,11
129.055,39.668,70.429,-19.084,61.746,5157.194,-99.871,7.203,60.68,52.568,25.703,5.506,50
83.232,18.066,49.305,-85.18,40.656,1999.976,-43.513,132.617,44.984,32.861,24.825,101.726,4
110.935,18.865,52.963,-69.141,44.404,4749.955,-113.397,39.523,47.411,33.655,24.024,34.605,20
4.781,18.318,37.212,-1.561,32.948,60.01,-9.127,50.765,59.348,28.269,22.268,36.277,27
51.108,61.484,95.089,-1.922,84.413,1091.41,-2.536,2.832,76.267,74.511,26.205,1.125,76
93.843,26.232,54.683,-90.16,45.986,3888.015,-111.129,65.635,53.629,38.383,26.385,57.772,65
98.294,19.394,31.643,-79.214,28.02,2249.993,-33.035,108.237,25.71,24.459,18.82,81.748,32
5.125,39.717,65.543,26.249,57.681,436.979,-114.199,-243.807,51.779,50.556,25.731,-202.024,60
104.662,26.867,67.203,76.313,53.0,4302.211,-107.586,-58.666,40.719,40.688,23.948,-52.742,73
42.671,33.951,117.737,-103.38,88.061,1510.346,-121.241,240.102,70.826,65.604,27.344,197.926,56
38.059,19.448,97.596,-124.148,72.149,5999.936,-185.809,57.091,86.064,49.595,25.018,54.718,4
64.606,70.411,98.195,-114.284,88.644,3464.113,-134.668,97.83,84.162,79.809,26.784,88.078,56
29.312,18.509,114.019,-71.488,79.512,994.997,-131.781,253.6,53.2,56.847,22.308,215.173,30
34.909,18.62,92.569,-126.175,67.084,4499.958,-190.603,83.949,58.123,45.986,19.851,80.134,21
13.678,18.365,39.381,-11.635,31.917,249.983,-43.511,132.618,31.629,26.397,23.168,103.675,13
71.587,54.181,118.432,110.25,98.118,3685.955,-119.832,-97.627,88.833,78.891,27.977,-87.155,65
70.3,40.219,37.352,-36.415,36.256,1499.985,-15.495,70.79,26.905,36.959,22.572,49.997,41
48.521,30.721,69.426,-120.607,59.994,3955.032,-169.314,91.453,60.043,48.569,26.364,87.214,68
95.772,26.845,98.258,-88.334,78.71,4995.14,-123.877,46.597,87.709,57.159,28.57,42.493,58
131.271,19.032,42.871,-5.169,38.655,4499.956,-84.612,1.045,46.283,31.29,22.314,-0.621,21
43.414,19.368,43.051,-43.061,35.485,999.988,-43.51,132.618,38.911,29.295,23.161,103.055,5
91.184,18.272,32.776,-92.188,26.317,4999.944,-142.11,52.945,28.642,19.851,23.166,48.336,6
130.816,18.498,29.665,-0.975,30.362,2749.97,-1.995,1.075,42.052,26.377,23.424,-0.767,20
28.89,18.375,104.791,-127.705,78.707,5499.946,-194.587,66.435,77.639,52.574,23.178,64.053,20
128.254,18.101,63.059,-8.631,52.571,5999.934,-117.094,0.232,61.037,37.963,23.9,-0.725,4
107.456,70.526,83.237,-75.468,78.707,3499.968,-76.822,60.972,65.887,72.122,25.2,50.0,42
85.968,65.061,104.791,-98.69,92.071,4999.939,-132.704,54.153,90.73,78.954,25.628,47.688,6
12.071,18.655,19.801,0.839,19.195,249.988,-2.001,1.099,24.383,19.001,23.107,0.107,13
87.94,19.231,72.007,-95.66,57.465,4999.944,-138.469,53.376,64.534,41.159,23.302,48.37,6
75.786,19.003,90.764,-104.833,70.542,5999.929,-155.939,46.961,83.259,48.41,24.711,43.403,4
69.195,18.585,67.108,-111.947,53.261,2999.974,-124.327,113.128,58.909,39.452,23.162,99.873,14
12.455,28.982,82.253,-129.918,63.076,2779.84,-220.598,152.277,59.889,48.756,26.381,146.562,53
85.056,30.036,53.463,-100.374,45.986,2499.98,-75.441,123.341,52.093,39.653,24.693,100.0,44
131.517,91.052,95.06,-4.662,92.177,3999.967,-57.669,1.109,81.203,90.062,25.362,0.0,44
87.138,18.864,72.122,-96.425,57.905,4999.953,-138.362,53.424,67.846,41.737,23.264,48.678,17
21.866,19.324,114.744,-128.99,86.9,5084.949,-196.045,71.71,95.212,58.791,23.776,69.917,29
95.682,18.701,62.549,-89.504,51.709,4499.947,-122.543,55.172,60.473,38.052,25.63,48.874,4
8.749,18.268,103.168,-9.803,72.121,99.98,-122.972,242.423,44.551,52.571,22.819,206.297,2
55.154,26.822,60.833,-3.354,52.544,1166.571,-4.497,7.714,48.36,42.526,23.937,4.445,73
64.139,87.847,110.012,-0.925,98.42,1439.211,-3.803,1.167,84.617,92.068,26.336,0.064,69
88.057,18.302,71.992,-95.941,57.446,4999.938,-138.074,53.456,64.688,41.134,23.279,48.269,6
51.086,18.789,53.286,-59.419,44.127,1249.99,-50.729,146.705,61.67,34.557,24.606,114.642,20
66.675,49.822,78.706,-97.682,69.627,1830.732,-67.927,173.464,70.409,61.692,27.859,135.995,53
86.823,18.508,72.171,-96.926,58.279,4999.949,-138.093,53.504,68.889,41.984,24.749,48.565,17
31.122,18.532,100.367,-127.339,72.724,4499.961,-191.636,83.83,72.114,51.035,19.851,80.085,21
8.207,56.105,95.472,21.101,78.707,410.68,-72.982,-192.021,43.784,69.309,24.976,-153.36,57
108.473,38.158,83.685,-72.108,70.996,5214.848,-119.017,36.082,72.817,56.334,26.374,32.404,66
52.6,30.671,86.979,-86.403,71.299,1499.99,-79.939,188.413,71.035,56.146,24.998,150.0,41
131.786,18.447,32.537,-2.986,32.166,3499.964,-46.274,1.173,40.931,26.582,23.394,-0.565,26
15.651,18.843,27.781,-2.127,25.811,299.999,-2.98,15.773,32.362,23.98,19.805,10.71,36
66.662,18.79,78.753,-97.448,57.401,1800.731,-69.788,176.188,56.567,41.593,26.307,138.397,53
4.143,18.361,19.782,1.46,19.165,99.976,-1.998,1.099,26.836,19.089,22.014,0.253,2
8.177,18.594,63.57,-7.612,45.986,99.979,-79.94,188.412,34.742,36.949,23.202,155.216,18
96.711,18.159,26.385,-0.804,26.573,1999.978,-2.003,1.098,40.275,24.444,23.75,-0.273,4
131.738,18.507,43.077,-3.318,41.873,3499.965,-42.662,1.169,66.957,33.724,23.407,-0.511,26
4.166,23.055,124.179,-130.699,91.852,3499.959,-220.8,114.143,94.238,63.863,22.785,111.402,23
12.083,18.891,19.719,0.815,19.195,250.017,-2.001,1.095,23.599,19.069,22.532,0.095,13
41.073,79.576,104.791,-36.77,95.589,953.242,-36.484,115.993,70.013,88.683,26.385,86.319,58
83.55,91.047,110.032,98.879,98.257,5551.453,-140.078,-62.261,82.636,92.551,23.399,-58.369,46
57.335,50.428,91.777,-59.359,77.034,1393.312,-43.75,133.027,67.333,64.043,25.31,100.422,64
7.666,19.113,38.74,-5.411,31.24,100.037,-43.513,132.618,28.161,26.384,21.594,103.483,3
17.312,66.83,108.76,57.813,87.08,928.772,-107.17,-236.208,68.965,75.611,26.258,-194.764,51
112.689,39.765,78.708,-42.217,67.726,5867.541,-125.93,16.847,71.784,56.012,27.045,15.807,53
53.928,65.14,107.524,-120.194,92.223,3299.97,-147.865,109.85,85.821,79.172,28.63,98.123,20
123.885,90.428,101.881,42.005,93.352,3903.33,-63.085,-33.689,78.878,88.968,25.332,-28.567,73
96.862,18.132,25.838,-0.753,26.278,1999.981,-2.003,1.097,35.729,23.521,23.601,-0.285,4
4.177,18.269,19.503,1.453,18.711,99.977,-2.001,1.096,24.01,18.835,22.458,0.442,18
93.671,18.667,50.566,-92.411,43.628,2249.982,-40.164,126.158,55.981,34.513,24.441,95.641,27
111.69,50.192,79.339,69.085,70.231,5243.021,-115.09,-43.654,67.782,60.335,24.966,-40.049,49
121.696,49.797,45.986,18.377,45.948,3957.971,-75.081,-11.019,32.269,45.978,22.491,-11.604,43
131.798,23.156,43.022,-3.181,42.689,3499.968,-42.875,1.164,63.601,35.507,23.756,-0.498,23
41.053,87.506,78.641,124.243,74.251,4180.875,-171.663,-105.981,66.264,75.289,24.784,-100.084,75
63.717,49.818,54.801,-59.315,52.219,1499.94,-39.296,123.347,36.179,49.5,22.579,92.47,43
56.67,79.614,92.164,-11.969,88.062,1210.703,-4.277,25.749,70.064,84.117,26.385,17.016,58
75.614,30.722,82.946,14.792,68.988,1684.969,-4.61,-22.486,75.076,54.738,26.384,-16.836,74
86.192,19.115,75.62,-97.792,60.9,4999.94,-137.02,53.606,76.43,44.267,26.384,48.462,6
6.464,64.556,62.915,1.374,62.048,149.998,-2.001,1.094,57.881,62.297,26.4,0.445,20
131.233,18.825,42.765,-5.161,38.304,4499.955,-84.829,1.035,45.021,30.817,21.67,-0.601,21
67.588,49.795,95.115,-112.453,79.069,1999.973,-82.204,186.586,66.914,66.298,24.988,150.0,42
23.646,18.857,39.474,-22.06,32.91,499.995,-43.511,132.617,35.525,27.614,23.197,103.317,7
46.167,18.575,25.211,-121.779,19.838,4749.916,-187.799,77.424,25.242,19.269,19.855,74.856,31
131.763,23.221,36.007,-2.906,35.468,3499.963,-45.826,1.173,42.69,31.303,23.562,-0.588,23
113.969,81.466,89.94,-34.111,86.925,2500.497,-6.278,37.046,83.767,84.244,28.899,25.075,58
67.542,18.107,65.589,113.551,52.622,2499.975,-91.832,-149.352,55.077,39.439,25.678,-127.76,6
50.765,18.429,54.737,-60.762,45.094,1249.981,-52.044,150.342,63.642,35.395,23.232,117.738,27
83.236,18.065,49.3,-85.189,40.756,1999.98,-43.51,132.617,45.033,32.797,24.811,101.711,4
124.725,33.157,69.525,6.546,56.981,5068.322,-103.477,-7.276,49.678,45.491,26.176,-6.795,54
8.689,19.698,102.594,-8.727,64.311,59.996,-166.066,301.704,23.37,43.482,19.378,260.096,36
52.982,50.307,91.121,120.637,75.424,2175.434,-98.725,-199.193,67.155,63.997,25.108,-164.608,64
131.685,23.134,36.679,-3.004,36.304,3499.963,-45.435,1.171,46.442,31.438,23.51,-0.56,23
128.637,89.605,112.575,19.624,101.948,3754.367,-50.406,-16.749,85.887,93.494,24.885,-14.433,75
9.826,27.022,103.169,-130.636,75.395,2696.59,-224.156,157.39,69.433,53.92,26.385,152.927,58
8.945,18.091,125.474,-8.863,81.967,59.98,-166.065,301.704,25.726,54.694,19.468,259.75,36
99.596,18.787,71.312,-81.367,57.409,5969.953,-139.598,35.612,67.747,39.452,23.433,32.789,29
21.103,70.398,98.483,-29.537,85.46,500.022,-79.944,188.411,50.429,78.707,25.637,150.0,42
4.211,18.28,19.549,1.454,18.883,100.04,-2.001,1.098,25.534,18.69,22.509,0.449,18
49.748,18.281,23.129,-0.306,22.704,999.99,-1.998,1.097,33.524,19.852,23.178,0.101,5
129.773,19.312,56.277,-8.196,47.43,5499.943,-107.746,0.657,58.843,36.177,23.35,-0.25,24
35.23,29.13,60.725,-59.872,52.317,990.016,-88.536,200.042,60.297,42.88,26.508,160.639,53
8.155,18.547,63.978,-7.616,45.986,99.974,-79.941,188.413,36.858,36.947,22.631,155.134,18
18.949,19.725,115.642,-129.675,85.913,5499.951,-198.94,66.317,95.121,57.475,22.08,64.288,24
23.645,18.617,39.741,-22.066,33.003,500.003,-43.512,132.618,35.763,27.623,23.326,103.315,7
12.019,18.73,19.676,0.868,19.077,249.995,-2.001,1.096,23.311,19.024,22.97,0.086,13
69.403,18.195,65.583,-111.536,52.577,2999.975,-124.398,113.077,55.194,39.279,22.414,100.04,14
37.972,91.054,116.591,-65.422,100.207,1102.243,-91.123,203.913,73.879,92.364,26.371,163.808,55
131.807,23.463,77.829,-3.273,68.592,3499.965,-38.603,1.162,86.742,53.311,23.235,-0.516,23
51.693,70.297,110.165,-120.463,94.101,3860.089,-157.452,92.298,86.523,82.038,28.002,85.292,56
4.023,19.283,33.492,-0.514,29.891,60.006,-2.981,15.774,28.287,27.096,19.499,10.895,36
68.652,18.936,90.083,-109.671,68.954,5749.944,-161.361,52.216,76.218,45.986,21.744,49.028,27
8.149,18.737,63.928,-7.614,45.986,99.992,-79.941,188.413,37.988,37.194,22.968,155.082,18
111.214,70.445,104.911,61.345,97.264,2640.379,-12.593,-65.735,87.516,85.986,27.398,-48.149,61
83.823,81.488,85.205,42.657,83.607,1979.19,-12.028,-61.884,74.775,81.206,26.385,-45.252,79
19.234,18.317,27.997,-4.336,26.124,374.985,-4.824,29.997,47.562,23.643,24.346,20.866,20
33.907,29.556,39.245,-125.965,36.213,4365.072,-197.553,88.987,31.808,33.362,24.902,89.557,64
8.147,18.521,64.018,-7.601,45.986,99.973,-79.94,188.412,38.332,37.063,23.175,155.069,18
24.521,18.068,28.204,0.199,26.385,499.973,-2.0,1.096,52.453,24.723,25.382,-0.007,4
63.603,18.235,41.963,-63.758,34.634,1499.982,-43.511,132.618,31.692,28.735,21.009,103.295,8
20.121,28.389,64.292,48.316,54.241,839.394,-87.615,-209.8,57.412,44.798,25.727,-170.198,76
86.965,49.652,95.532,-97.522,80.501,4999.947,-134.548,53.921,83.408,65.613,24.845,47.831,6
88.247,50.782,79.051,-95.703,65.587,4999.94,-135.627,53.601,70.181,55.82,24.812,47.596,6
96.106,28.854,58.123,89.28,52.571,2731.406,-51.632,-100.949,57.922,44.294,26.385,-79.811,53
97.246,18.121,25.312,-0.41,25.655,1999.979,-1.999,1.097,32.95,23.182,23.178,-0.079,12
7.664,18.629,38.924,-5.41,31.336,100.014,-43.511,132.618,28.615,26.376,21.936,103.582,3
28.667,19.307,104.094,-128.027,78.532,4499.967,-191.632,83.192,82.809,53.149,19.919,79.745,21
31.022,18.185,58.842,-40.847,45.339,749.989,-65.98,172.999,46.445,35.696,24.03,139.149,16
89.459,64.23,86.682,-49.469,82.23,1999.98,-15.495,70.796,75.963,75.295,24.268,50.0,41
112.186,29.042,62.615,67.746,54.115,3270.592,-56.984,-61.955,60.301,44.432,26.385,-50.521,53
86.155,65.082,104.791,-98.68,92.592,4999.944,-132.459,54.205,92.849,79.388,26.348,47.528,6
44.635,57.931,95.326,-15.447,85.049,958.121,-8.145,43.4,84.184,72.122,26.385,29.742,65
100.061,45.988,84.892,80.849,71.568,4371.176,-107.191,-59.665,68.684,59.098,23.597,-53.695,80
131.783,18.981,38.229,-3.926,36.194,3999.958,-67.452,1.1,46.477,29.823,24.356,-0.526,15
63.095,19.132,45.985,-64.368,38.705,1499.985,-43.511,132.618,43.82,31.437,23.473,102.9,8
116.373,50.993,88.621,-57.307,72.1,5605.829,-116.4,25.627,76.483,57.608,26.383,22.772,66
63.109,18.381,45.981,-64.158,38.591,1499.979,-43.513,132.618,41.82,31.338,22.245,102.893,8
40.134,38.83,44.766,34.983,41.892,1038.197,-29.862,-105.385,33.376,39.452,24.823,-79.388,57
83.165,18.203,49.556,-85.263,42.009,1999.973,-43.511,132.617,46.533,33.338,23.324,101.833,12
83.119,18.436,49.617,-85.303,42.243,1999.973,-43.51,132.618,47.287,33.339,23.456,101.808,12
120.995,46.216,63.426,-51.368,59.416,3003.459,-35.182,47.611,69.471,52.571,26.36,35.442,66
122.339,38.359,59.478,-47.859,56.058,3999.968,-75.314,31.176,66.17,49.296,24.626,25.0,44
53.663,35.798,110.103,-119.484,81.367,2438.914,-136.87,157.579,58.916,62.314,25.587,139.184,58
124.041,18.916,55.419,-43.612,49.24,4499.952,-89.159,24.6,68.672,37.713,23.448,20.089,20
130.788,18.584,29.82,-0.995,30.596,2749.97,-1.996,1.076,42.442,26.384,23.784,-0.765,20
57.895,56.108,99.804,117.976,83.574,3394.872,-135.378,-117.602,72.966,70.84,28.854,-106.168,58
69.22,49.896,72.297,8.203,69.396,1533.604,-3.404,-14.491,75.043,62.176,26.286,-11.098,49
12.107,18.373,19.682,0.809,19.105,250.011,-2.0,1.099,24.136,19.002,23.163,0.108,13
31.339,34.715,67.355,-8.09,59.954,645.858,-5.876,33.114,67.501,50.809,25.295,22.331,55
39.119,24.442,64.503,-122.924,53.877,2661.553,-172.484,148.774,62.659,42.776,25.63,137.548,65
89.878,80.655,114.685,-95.998,103.212,3207.11,-87.672,86.584,92.559,92.496,26.495,72.609,56
52.784,50.062,78.706,-112.729,70.549,3737.972,-159.712,90.44,66.784,62.495,25.612,87.719,66
50.84,18.543,54.242,-60.632,44.663,1249.986,-52.045,150.341,62.289,35.184,23.063,117.79,27
48.926,34.545,42.852,-0.681,41.848,999.989,-2.002,1.097,56.836,39.235,23.779,0.0,43
8.16,18.674,63.888,-7.612,45.986,100.005,-79.941,188.412,36.725,37.116,23.133,155.102,18
81.463,46.078,94.066,-102.204,78.745,4308.612,-129.296,66.45,78.963,64.01,26.972,60.432,57
89.415,86.084,87.443,-48.758,85.033,1999.976,-15.497,70.795,65.678,83.685,24.82,50.0,45
30.925,18.576,37.887,-27.088,31.568,674.999,-39.04,120.303,35.54,26.385,21.544,93.201,30
36.351,67.252,76.627,125.932,67.155,3188.463,-165.781,-141.493,60.437,62.006,25.106,-130.867,79
3.992,18.261,31.381,1.451,28.235,100.004,-2.0,1.094,37.296,26.165,23.187,0.414,18
122.284,38.385,58.881,-47.82,55.838,3999.957,-75.569,31.166,64.65,48.591,24.694,25.0,44
87.64,19.262,72.023,-95.828,57.465,4999.952,-138.82,53.36,65.076,40.02,23.891,48.621,17
127.728,19.203,82.858,-30.181,68.974,4274.27,-75.424,16.666,75.659,50.249,26.386,12.922,59
58.643,41.086,69.428,-75.622,58.918,1499.987,-58.915,161.746,49.977,51.706,24.116,125.0,44
21.093,70.392,100.332,-29.581,86.442,500.018,-79.943,188.411,50.996,78.719,25.583,150.0,42
39.896,40.553,67.821,-122.156,56.117,4084.976,-183.632,91.018,55.291,45.145,23.175,90.501,62
7.665,19.208,33.255,-5.388,26.347,99.999,-43.512,132.618,25.185,23.205,21.618,103.618,3
91.646,18.676,31.034,-43.918,29.603,1959.98,-13.559,64.153,38.191,25.804,20.545,46.439,30
117.351,18.274,46.226,-53.678,40.466,2981.319,-43.678,51.237,50.985,33.069,23.187,40.836,11
118.183,69.481,96.713,-54.81,86.597,5471.37,-111.042,24.96,82.087,78.408,26.553,21.733,57
67.577,49.83,98.95,-112.541,82.325,1999.98,-82.033,186.649,69.188,69.034,25.59,150.0,42
5.597,19.326,120.917,-130.544,89.329,3499.968,-218.597,113.498,94.93,60.686,23.278,110.877,26
88.875,18.015,67.027,-96.019,52.573,3795.374,-115.9,72.555,56.534,38.732,23.205,63.422,11
32.371,49.832,116.809,127.581,93.405,2229.692,-147.68,-208.023,79.31,75.389,26.138,-184.098,49
19.597,54.936,114.095,-33.491,92.223,500.012,-99.215,216.051,74.589,76.077,24.056,175.0,41
16.931,19.365,110.771,-130.083,82.267,3999.969,-204.161,96.786,85.684,56.166,21.981,94.098,32
43.686,19.833,33.76,-42.852,27.963,999.994,-43.512,132.618,28.45,24.275,21.485,103.461,5
45.441,30.658,70.568,55.896,60.915,1293.324,-43.065,-137.881,68.323,49.611,26.385,-105.981,68
115.462,32.278,77.719,60.821,63.973,3548.146,-63.812,-52.028,69.523,49.763,26.392,-43.429,76
43.451,19.217,42.843,-43.044,34.941,999.998,-43.515,132.617,37.549,29.183,23.21,103.092,5
8.782,18.109,98.289,-9.788,68.907,100.006,-122.972,242.424,30.89,49.733,21.554,207.129,2
53.133,18.431,33.635,-35.613,30.187,1149.985,-23.015,90.021,42.241,26.105,24.672,67.431,27
50.949,17.298,92.137,-121.26,72.122,3299.959,-153.639,109.159,87.341,52.571,26.394,100.213,20
12.093,18.655,19.764,0.845,19.169,250.01,-2.0,1.098,24.431,19.011,23.15,0.103,13
36.914,18.416,24.794,-0.054,23.938,749.994,-2.001,1.097,40.228,22.433,23.685,0.215,16
96.922,18.457,25.248,-0.637,25.722,1999.98,-2.002,1.098,33.722,23.37,23.774,-0.287,4
131.797,23.213,36.057,-2.931,35.469,3499.962,-45.797,1.171,42.905,31.308,23.574,-0.585,23
17.369,18.807,113.529,-129.938,84.411,4499.96,-201.581,84.417,92.018,57.467,23.32,81.732,20
101.462,27.381,64.671,-21.927,57.114,2142.038,-5.154,28.214,52.928,45.986,25.99,18.848,67
9.08,19.509,122.935,-130.138,92.478,5499.94,-203.074,65.507,110.397,61.477,23.32,64.029,24
87.588,69.943,114.445,-96.442,98.257,5125.118,-132.002,51.023,91.392,84.412,26.385,47.193,66
96.94,18.194,25.621,-0.636,26.054,1999.978,-1.999,1.097,33.874,23.492,23.937,-0.28,4
15.316,18.716,111.984,-130.441,81.989,3999.955,-207.837,98.454,79.116,55.87,24.768,95.46,15
19.604,46.055,115.91,-33.549,94.099,500.011,-99.214,216.05,75.167,76.694,24.753,175.0,41
103.329,53.984,81.697,-6.772,70.996,2198.364,-2.654,7.484,60.075,62.735,26.357,4.343,68
0.0,79.007,114.611,-0.0,102.167,2449.825,-0.002,0.001,83.129,90.953,26.385,15.572,51
9.234,19.62,122.98,-130.033,92.51,5499.951,-202.834,65.416,110.809,61.403,23.348,63.933,24
102.15,93.181,89.692,79.545,83.618,4697.351,-111.794,-56.822,63.514,83.099,26.69,-51.482,76
19.273,18.565,24.009,-4.315,23.172,374.985,-4.824,29.997,43.664,21.372,23.57,20.94,20
87.779,56.067,94.343,87.945,80.569,3795.59,-107.834,-78.145,71.451,69.006,26.521,-69.706,54
83.117,18.154,49.71,-85.332,41.985,1999.979,-43.512,132.617,47.179,33.26,23.357,101.818,12
113.584,41.737,74.688,-65.158,63.617,3714.051,-78.315,48.297,54.977,53.141,24.017,39.586,72
87.653,80.601,92.594,55.347,86.448,2112.224,-16.758,-77.882,66.405,82.32,26.039,-57.389,66
39.881,35.409,75.118,123.525,61.446,1943.615,-121.311,-237.575,50.472,50.916,25.553,-199.66,78
69.214,18.995,66.931,-111.948,53.281,2999.969,-124.277,113.15,58.894,39.452,23.295,99.985,14
52.517,30.721,85.71,-86.567,70.523,1499.988,-79.943,188.41,71.087,55.78,24.616,150.0,41
4.783,18.596,26.833,-1.534,25.61,60.0,-9.127,50.765,54.392,23.347,22.228,36.51,27
47.429,49.693,80.225,83.194,70.959,1564.321,-66.061,-181.204,73.429,62.005,27.109,-143.555,56
71.3,61.222,90.692,-107.231,78.707,3935.546,-138.486,81.065,65.501,68.213,23.211,74.389,62
13.688,18.215,39.431,-11.64,31.999,250.011,-43.513,132.618,31.062,26.441,23.02,103.712,13
105.51,34.493,67.568,-73.105,59.507,3637.69,-80.997,55.983,61.39,49.536,26.263,46.28,70
60.915,18.425,76.507,-115.523,57.925,3999.967,-156.415,85.85,53.165,41.907,20.463,79.485,10
34.52,23.68,45.971,-29.326,39.452,767.9,-34.645,111.657,61.711,34.088,26.383,82.768,50
67.163,49.81,86.524,113.274,74.807,2400.788,-82.639,-157.214,68.821,63.983,24.861,-129.28,48
56.754,49.745,95.61,-50.956,83.319,1342.416,-35.09,112.753,73.972,71.334,25.124,83.665,48
63.733,49.557,90.06,-114.941,78.728,2376.611,-109.585,153.03,73.93,68.353,26.079,130.333,48
91.919,65.224,80.295,93.774,76.304,2793.986,-56.945,-104.93,79.047,71.337,26.103,-83.772,69
58.739,18.521,24.64,-7.649,24.022,1199.99,-2.979,15.774,35.477,22.389,19.851,10.836,36
34.433,19.339,97.608,-126.343,72.019,4749.958,-189.627,77.861,67.744,49.465,22.335,75.089,31
17.509,54.025,86.478,36.257,69.04,688.23,-69.976,-186.661,60.587,60.877,26.353,-148.59,68
61.844,49.796,64.128,-64.328,58.771,1499.995,-43.514,132.617,58.535,54.156,25.11,100.0,42
73.468,27.89,72.06,-103.575,59.236,4107.63,-140.157,72.749,62.722,45.776,25.998,67.853,67
74.075,44.487,84.404,-106.325,68.7,5347.957,-152.428,54.856,75.067,53.462,26.385,52.016,66
24.174,18.893,117.326,-128.273,89.962,5849.94,-190.301,59.263,109.022,59.524,26.329,57.709,27
43.379,19.365,43.238,-43.074,35.667,999.983,-43.511,132.617,39.877,29.46,23.36,103.022,5
112.733,49.811,63.867,-67.624,60.747,2999.976,-49.74,64.65,62.732,55.967,25.276,50.0,42
129.072,91.094,104.448,-8.376,96.868,5499.952,-100.577,0.407,81.509,91.562,25.115,0.0,44
131.806,18.882,32.171,-2.969,31.618,3499.964,-46.458,1.171,39.31,26.397,23.425,-0.575,26
128.567,70.332,104.791,0.355,94.196,4931.214,-88.961,-3.575,85.094,82.584,28.315,-3.752,53
112.678,49.627,83.786,15.295,75.431,2476.199,-3.997,-17.316,74.495,64.493,24.856,-13.121,47
27.507,29.63,35.123,44.352,31.344,890.382,-61.932,-173.262,28.337,29.8,24.929,-136.69,64
13.691,18.104,39.397,-11.639,31.913,250.003,-43.512,132.617,30.822,26.436,23.168,103.748,13
113.337,25.068,79.645,-64.627,68.864,5242.398,-114.065,31.267,78.702,52.572,29.149,27.558,58
4.696,18.414,25.072,-1.811,22.812,49.999,-15.495,70.795,31.228,20.018,21.432,52.463,30
57.884,19.584,100.617,-115.811,78.707,5999.945,-167.851,52.333,93.064,52.739,24.691,49.173,19
43.699,19.486,36.023,-42.806,29.568,999.989,-43.511,132.617,29.141,25.179,21.318,103.569,5
131.742,18.534,39.55,-3.872,38.84,3999.955,-66.099,1.097,55.694,31.462,24.987,-0.607,15
13.688,18.556,39.344,-11.639,31.65,249.995,-43.512,132.618,31.058,26.389,23.163,103.684,13
13.693,18.641,39.162,-11.599,31.455,250.017,-43.512,132.618,27.943,26.385,23.133,103.759,13
14.254,20.401,117.868,-130.303,88.068,5499.954,-201.488,66.217,100.221,58.484,20.011,64.506,24
35.156,18.698,88.305,-125.903,64.02,5499.951,-193.296,66.333,60.521,42.91,22.847,63.904,20
75.302,28.784,55.618,-100.164,47.98,1966.49,-59.51,163.208,59.655,39.452,26.385,126.305,56
50.69,18.369,96.984,-121.407,76.49,3299.954,-153.581,109.199,88.823,55.494,27.173,100.193,20
61.046,19.006,97.096,-113.709,72.122,5999.954,-168.264,52.016,80.541,49.878,22.844,48.722,19
31.24,18.21,58.058,-40.569,44.405,749.996,-65.98,172.999,39.542,34.773,24.765,139.29,16
24.911,49.804,85.266,128.554,72.122,3061.874,-180.959,-150.168,74.338,62.455,24.014,-140.666,47
48.725,18.772,25.199,13.72,24.803,1064.996,-4.252,-34.263,40.792,22.966,22.856,-25.338,10
84.951,29.555,60.939,99.349,51.472,5193.464,-142.976,-65.079,50.027,42.209,24.948,-61.109,64
17.898,86.363,79.007,-129.41,72.122,2699.755,-209.558,159.942,59.612,72.122,26.472,151.719,76
93.358,65.029,83.615,-83.904,77.074,2249.977,-35.43,114.394,67.029,70.989,26.776,84.091,20
129.385,20.783,71.758,11.155,61.583,5132.877,-97.083,-9.713,72.964,45.986,27.447,-9.138,74
12.129,18.405,19.709,0.818,19.142,249.983,-2.002,1.097,23.908,18.914,22.665,0.118,13
113.641,50.462,90.144,-63.578,74.17,3481.384,-67.498,50.775,68.695,62.512,25.296,40.957,64
131.305,18.443,42.782,-5.238,38.589,4499.957,-84.751,1.04,45.452,31.08,22.323,-0.54,21
16.227,18.808,112.853,-129.97,84.624,3999.958,-203.184,96.428,93.502,57.783,24.637,93.457,15
13.675,19.048,39.4,-11.638,31.829,249.988,-43.512,132.619,31.638,26.442,23.159,103.665,13
131.734,23.207,36.531,-2.995,36.098,3499.961,-45.529,1.17,45.394,31.357,23.378,-0.545,23
101.574,79.698,89.338,-11.073,85.979,2194.856,-3.014,13.382,71.57,81.979,27.373,8.392,74
120.604,85.231,65.587,-46.097,65.67,2693.494,-14.409,48.044,53.536,70.718,23.991,34.178,72
97.733,30.019,43.42,3.985,39.171,2070.007,-3.778,-5.498,32.295,34.559,25.632,-4.843,69
85.737,18.692,53.286,-100.144,44.407,2499.98,-75.654,123.431,47.393,34.532,24.751,100.64,9
101.304,27.865,69.021,-83.208,62.189,3947.451,-101.229,58.304,63.837,50.957,26.506,50.344,58
8.746,18.346,103.033,-9.813,72.121,99.996,-122.972,242.425,43.628,52.566,22.506,206.335,2
83.094,18.643,49.525,-85.35,41.983,1999.981,-43.51,132.618,47.448,33.247,23.24,101.848,12
4.548,18.535,136.122,-131.088,96.219,2459.979,-236.903,175.742,76.363,65.08,21.872,171.092,29
106.022,45.57,59.084,76.821,55.295,4311.488,-101.745,-57.262,64.318,50.919,26.109,-50.971,70
96.994,18.296,25.676,-0.632,26.189,1999.978,-2.002,1.098,34.985,23.595,23.526,-0.137,12
113.398,18.8,39.455,-66.774,34.539,2589.176,-27.615,75.819,41.164,28.602,23.22,55.756,11
119.371,19.242,64.582,-52.264,53.364,5649.95,-118.623,22.749,67.582,39.249,22.392,20.009,31
71.333,91.048,123.073,110.491,104.791,2367.906,-64.704,-154.38,91.59,98.244,24.742,-123.154,46
31.036,18.876,58.836,-40.832,45.202,749.995,-65.982,172.999,46.067,35.518,24.75,139.176,16
77.497,90.395,98.504,102.774,94.682,3951.172,-119.132,-86.75,78.986,90.179,25.315,-77.917,73
87.052,19.455,72.12,-96.512,57.651,4999.946,-138.136,53.384,66.742,41.875,23.353,48.57,17
83.292,18.921,48.303,-85.001,39.452,1999.985,-43.515,132.617,42.852,32.623,24.009,101.8,4
101.039,81.49,104.795,78.733,97.399,3396.884,-72.226,-73.89,79.717,90.105,27.264,-61.983,68
123.666,56.105,65.414,44.742,64.007,3658.319,-59.305,-37.586,61.617,60.045,28.004,-31.415,58
20.929,20.156,113.623,-129.067,83.864,5499.956,-198.306,66.331,91.219,55.878,19.851,64.274,24
127.494,29.991,65.478,8.586,57.277,2760.793,-4.523,-8.168,53.134,45.986,25.081,-6.662,79
72.259,19.003,51.232,-109.997,39.452,2999.97,-123.61,113.381,33.802,31.275,20.486,100.313,14
40.61,41.324,108.79,114.063,83.896,1795.416,-103.916,-233.258,78.877,65.471,26.341,-191.787,74
130.73,18.846,30.134,-0.974,31.325,2749.97,-1.996,1.077,43.172,26.385,23.247,-0.775,20
36.121,18.729,110.068,-124.762,83.033,5999.953,-185.015,56.724,93.841,55.765,23.731,54.693,31
87.438,44.892,78.104,93.843,68.903,5049.016,-132.74,-62.427,76.439,58.608,28.015,-58.023,68
8.766,18.735,102.717,-9.814,71.984,100.037,-122.972,242.423,40.566,52.571,22.355,206.493,2
41.123,54.858,102.064,80.84,87.879,1460.731,-72.804,-191.807,82.946,75.134,28.027,-153.155,56
130.316,19.531,95.122,-8.653,79.164,5499.947,-97.747,0.839,104.405,56.554,23.435,-0.078,24
57.99,46.853,63.031,-112.398,53.66,5357.178,-172.661,60.238,55.965,45.96,24.803,60.692,73
7.661,18.267,39.041,-5.413,31.336,100.02,-43.512,132.618,28.913,26.384,22.294,103.598,3
24.996,18.656,64.788,-52.339,42.956,749.993,-122.972,242.425,26.026,32.01,20.777,207.171,27
47.141,85.813,85.376,-0.886,84.624,999.983,-1.998,1.096,81.275,83.649,25.412,0.0,45
57.811,35.954,65.579,117.329,53.557,3734.702,-149.496,-107.848,40.815,44.608,23.173,-99.515,80
4.188,18.459,19.48,1.444,18.706,99.979,-2.001,1.097,23.887,18.706,23.141,0.445,18
31.958,70.444,104.418,-125.353,89.053,3993.848,-188.145,95.497,70.323,79.89,26.384,91.327,60
131.721,23.223,36.235,-2.918,35.667,3499.971,-45.794,1.17,43.288,31.319,23.564,-0.562,23
84.784,29.925,61.548,-100.516,53.488,2499.98,-75.408,123.348,54.113,44.708,23.437,100.0,44
8.435,60.644,124.537,32.568,102.747,553.433,-99.057,-227.358,79.869,85.32,28.009,-186.223,56
40.621,23.74,45.905,-33.32,39.452,908.157,-32.001,106.939,61.552,33.975,26.385,78.814,50
131.345,19.249,42.74,-5.204,38.235,4499.957,-84.741,1.049,45.454,30.782,22.367,-0.571,21
8.182,18.5,63.552,-7.618,45.986,99.983,-79.94,188.412,34.263,36.751,23.168,155.153,18
92.553,18.737,59.867,-93.635,52.241,2249.978,-40.11,126.076,74.328,39.452,23.882,94.818,27
118.318,75.432,94.842,-57.291,88.978,2941.424,-31.644,55.056,84.625,82.481,27.304,40.779,56
44.951,55.065,83.614,66.142,72.122,1377.239,-56.216,-162.159,48.977,65.545,25.502,-126.986,57
31.287,18.445,56.095,-40.564,42.771,749.994,-65.983,172.999,33.85,33.651,24.716,139.598,16
50.797,18.758,54.231,-60.723,44.754,1249.989,-52.048,150.341,62.515,35.131,23.106,117.775,27
123.602,18.741,100.154,-44.894,80.097,4499.958,-84.561,24.824,89.938,56.255,25.565,19.94,20
15.823,18.416,113.449,-129.913,84.608,3999.96,-203.912,96.78,92.608,57.717,24.155,93.569,15
70.83,18.858,62.864,-110.818,49.434,2999.964,-123.958,113.274,46.242,37.242,21.839,100.08,14
97.751,25.968,68.363,87.46,55.574,5093.429,-127.828,-56.96,55.784,41.715,26.385,-52.804,65
95.597,19.565,62.41,-89.547,51.22,4499.94,-122.566,55.17,60.519,38.497,25.493,48.943,4
50.478,34.779,78.511,120.848,65.134,4186.908,-161.569,-99.445,66.619,52.796,25.413,-93.331,55
30.322,30.285,112.978,-69.811,84.687,1000.005,-122.978,242.421,61.521,64.009,24.786,200.0,44
122.312,38.44,58.803,-47.927,55.838,3999.968,-75.584,31.173,64.411,48.538,24.984,25.0,44
82.776,49.793,84.684,-99.756,70.557,4954.029,-140.283,56.036,68.441,59.427,25.051,52.223,48
25.502,52.938,86.234,19.771,72.122,681.766,-22.888,-88.71,68.836,64.0,26.089,-66.089,79
91.731,18.658,31.414,-44.259,29.757,1959.974,-13.557,64.154,39.692,26.061,22.336,46.615,30
15.633,18.269,113.181,-130.043,84.16,3999.961,-204.936,97.185,89.491,57.472,24.045,94.076,15
12.829,20.567,89.342,-130.579,62.203,3499.973,-220.791,119.039,43.819,43.114,21.435,116.022,23
111.767,65.107,80.308,-8.633,76.995,2443.538,-3.795,9.494,79.704,71.773,26.024,5.772,69
69.297,18.541,66.507,-111.793,53.264,2999.968,-124.281,113.197,58.579,39.451,22.975,99.96,14
16.136,18.954,112.644,-129.922,84.725,3999.957,-203.303,96.494,93.234,57.655,24.791,93.482,15
82.095,19.137,84.243,-99.794,65.561,5749.937,-150.064,46.985,75.839,45.881,25.752,43.527,20
31.581,18.738,99.522,-127.117,72.122,4499.957,-191.485,83.861,70.273,50.92,19.851,80.071,21
59.124,50.434,87.957,69.955,72.987,1642.339,-42.938,-138.11,51.971,63.411,25.869,-106.094,51
94.718,39.885,72.135,-90.066,63.673,4499.967,-120.864,55.463,67.774,52.86,22.918,50.0,41
67.156,19.394,68.127,113.751,54.3,2499.974,-91.813,-149.358,59.967,39.757,25.773,-127.545,6
90.558,27.258,63.806,-94.15,52.852,4298.827,-122.737,61.277,61.796,41.965,26.385,55.364,58
3.738,19.121,129.445,-130.914,91.891,2703.971,-234.59,156.904,75.711,62.46,23.013,153.396,32
101.125,81.49,102.632,81.561,91.065,4728.076,-111.412,-56.979,78.869,83.616,26.385,-51.566,79
16.859,19.858,111.096,-130.006,82.713,3999.973,-203.775,96.634,87.286,56.556,19.91,93.893,32
11.66,19.316,110.784,-130.962,76.979,2459.969,-226.939,177.271,55.758,52.589,22.638,171.739,29
63.179,29.521,50.519,-63.888,43.762,1499.982,-43.512,132.618,34.884,38.055,25.688,100.0,42
71.85,58.569,90.599,105.551,78.672,2268.677,-61.58,-152.255,71.327,66.728,26.383,-120.802,76
4.171,18.641,19.488,1.486,18.901,99.978,-2.0,1.098,23.508,18.828,22.205,0.234,2
7.662,18.612,38.962,-5.409,31.337,99.959,-43.512,132.618,28.949,26.383,22.331,103.631,3
131.807,23.215,50.12,-3.196,46.5,3499.964,-41.462,1.163,71.981,39.419,23.893,-0.549,23
57.98,19.583,100.549,-115.924,78.707,5999.939,-167.698,52.381,93.238,52.718,23.366,49.137,19
19.936,49.794,97.166,35.04,80.0,714.083,-59.992,-168.605,70.898,67.801,24.022,-132.704,48
120.332,49.896,68.334,-52.208,62.858,4649.507,-96.597,29.025,63.115,56.571,26.385,24.171,58
129.295,43.699,56.227,-24.819,54.925,3536.732,-46.977,17.462,62.408,49.577,28.857,12.904,58
103.36,50.576,92.061,-17.332,79.104,2204.428,-3.791,20.676,61.709,65.873,25.324,13.499,65
131.274,18.66,42.789,-5.197,38.524,4499.956,-84.819,1.047,44.951,31.273,22.402,-0.583,21
60.257,35.798,104.791,-116.748,78.847,2238.963,-115.297,169.224,56.92,60.39,25.709,144.403,58
71.857,49.889,86.038,110.349,73.894,2553.755,-81.796,-141.652,68.195,63.468,25.525,-116.848,48
34.772,19.246,96.774,-126.362,71.565,4749.966,-189.615,77.91,66.746,49.31,21.841,75.122,31
132.005,18.777,28.053,-2.052,29.337,2999.964,-17.589,1.338,36.621,25.655,23.356,-0.554,14
57.062,90.996,124.398,-118.41,109.802,3354.083,-143.486,106.856,80.481,99.743,28.113,96.923,58
31.35,18.287,52.521,-40.402,39.34,749.997,-65.979,172.999,30.102,31.343,24.759,139.725,16
77.544,34.487,63.634,103.364,51.156,3512.556,-119.411,-99.608,42.474,43.309,26.286,-89.132,68
90.815,26.134,59.163,94.841,51.458,3095.941,-82.028,-97.292,45.891,41.881,25.551,-81.826,78
104.522,39.638,79.898,54.964,65.583,2402.921,-13.125,-65.642,52.506,54.679,25.966,-48.103,60
40.784,29.496,61.588,-51.008,51.203,999.984,-58.915,161.747,46.571,42.885,26.385,125.0,42
24.469,18.225,21.626,0.252,20.284,499.992,-2.002,1.096,37.935,19.851,25.711,-0.06,4
87.758,18.871,72.122,-97.317,60.704,3999.963,-116.571,67.317,83.96,44.782,23.16,59.4,31
97.109,18.376,25.023,-0.551,25.558,1999.977,-2.001,1.097,32.703,23.197,23.193,-0.123,12
91.336,18.6,39.483,-44.487,37.387,1959.987,-13.558,64.153,46.654,31.357,22.091,46.381,30
31.046,19.231,58.773,-40.834,45.143,749.989,-65.98,173.0,45.629,35.475,24.443,139.188,16
77.733,85.991,110.88,-97.922,98.143,5575.678,-149.76,48.578,76.722,90.128,26.385,46.246,74
85.52,19.305,54.169,-100.364,45.151,2499.975,-75.623,123.404,50.852,35.382,25.399,100.488,9
-0.318,67.55,87.155,0.264,81.223,41.958,-11.53,-55.856,82.807,75.427,26.335,-40.998,65
46.113,87.088,84.414,-24.648,82.121,999.986,-15.495,70.796,62.486,82.622,24.198,50.0,45
49.066,34.461,79.446,85.569,63.947,1599.638,-66.647,-182.161,65.814,51.299,25.569,-144.415,55
16.837,18.037,104.96,-130.362,78.797,3999.952,-207.898,99.086,71.64,53.704,23.895,95.954,15
120.111,40.284,90.418,-52.882,78.312,4499.964,-91.061,30.33,73.65,62.878,23.15,25.0,41
23.645,19.28,39.464,-22.017,32.608,499.982,-43.511,132.617,34.117,27.607,23.213,103.295,7
100.304,34.568,67.221,-83.723,60.544,4074.395,-105.75,57.321,62.163,52.51,23.621,50.0,43
94.583,64.781,73.968,-82.926,69.023,2249.973,-35.468,114.436,50.395,65.555,25.17,84.769,20
19.721,81.255,120.878,-24.579,103.216,437.883,-65.925,173.068,69.01,93.118,26.385,135.037,58
41.663,49.806,96.099,-95.188,78.766,1424.048,-114.209,231.975,74.297,67.069,25.657,190.424,48
94.531,28.271,57.839,-22.189,53.192,2004.649,-4.717,29.086,66.612,44.43,25.324,19.36,75
4.183,18.664,19.206,1.47,18.606,99.987,-2.001,1.098,22.973,18.535,22.368,0.175,3
108.055,18.82,44.891,-39.611,39.439,2290.357,-8.8,48.543,49.251,32.067,23.516,35.101,11
85.971,65.172,104.791,-98.776,92.474,4999.938,-132.252,54.157,92.136,79.278,26.382,47.441,6
13.676,18.494,39.361,-11.601,31.71,250.023,-43.513,132.617,30.12,26.388,23.114,103.705,13
122.685,29.727,71.928,-10.114,57.944,5310.061,-111.491,2.478,46.755,44.815,24.876,1.425,64
56.501,19.611,101.754,-117.035,78.768,5999.944,-168.169,52.482,96.011,53.342,24.55,49.457,19
31.186,18.969,58.097,-40.706,44.429,749.995,-65.983,173.0,40.474,34.742,24.705,139.305,16
7.666,18.792,38.81,-5.407,31.336,100.0,-43.512,132.618,28.316,26.38,22.08,103.475,3
66.041,45.888,87.298,22.817,76.744,1515.354,-8.881,-42.232,74.694,64.68,27.669,-31.057,74
87.72,50.011,90.751,-95.367,78.707,5231.047,-137.412,49.658,77.598,65.337,25.715,46.414,48
87.184,49.609,94.938,-97.161,79.86,4999.942,-134.606,53.855,81.203,65.588,26.425,47.719,6
9.995,18.417,71.943,-11.67,52.571,149.969,-99.214,216.052,26.555,39.307,19.851,181.646,30
13.691,18.376,39.349,-11.638,31.783,249.995,-43.512,132.618,30.898,26.398,22.228,103.733,13
7.662,19.264,38.897,-5.41,31.366,100.007,-43.512,132.618,28.845,26.385,21.466,103.56,3
6.266,19.049,120.581,-130.343,89.24,3499.966,-217.486,113.221,95.199,60.682,23.217,110.522,26
9.461,19.865,123.123,-129.699,92.846,5499.948,-202.066,65.12,112.557,61.778,25.241,63.579,24
125.161,65.067,92.459,-39.875,84.052,5249.937,-100.294,18.336,87.11,74.931,27.918,14.924,20
24.156,83.433,70.546,-7.098,70.317,500.025,-6.374,36.937,81.519,71.919,23.865,25.0,41
82.626,18.517,62.345,-96.01,45.765,5790.243,-155.115,46.057,50.541,32.434,23.174,43.752,11
21.853,70.316,98.143,34.781,90.217,753.296,-53.84,-157.254,85.326,81.417,28.987,-122.848,53
45.952,61.222,85.139,121.809,74.841,3221.695,-151.458,-131.546,63.708,65.623,24.834,-120.395,73
48.808,18.794,24.856,13.709,24.439,1064.994,-4.249,-34.264,37.72,22.523,22.498,-25.373,10
28.451,49.901,58.097,39.247,52.082,877.15,-47.504,-145.496,55.588,49.348,25.266,-112.681,66
131.798,18.36,37.363,-3.865,35.083,3999.957,-67.964,1.106,42.812,29.142,24.783,-0.587,15
31.112,18.275,58.729,-40.774,44.982,749.989,-65.981,173.0,44.096,35.168,24.708,139.304,16
35.324,39.857,82.016,-126.257,65.669,2999.979,-181.617,133.691,55.564,55.152,23.307,125.0,44
62.418,35.798,72.57,-113.739,61.95,4427.487,-158.779,74.985,54.991,50.938,25.602,70.31,78
21.923,71.713,96.021,-128.956,82.174,4248.581,-201.993,93.248,68.301,75.708,23.394,96.175,80
49.981,18.76,22.021,-0.337,21.626,999.995,-2.001,1.098,29.162,19.861,23.429,0.192,5
24.648,55.118,86.539,29.787,76.099,735.558,-41.025,-133.764,45.329,68.748,25.171,-102.466,57
73.496,18.464,23.552,-0.264,23.688,1499.987,-2.001,1.097,30.927,22.24,24.013,-0.021,8
67.534,18.188,68.315,113.519,54.282,2499.97,-91.555,-149.423,60.101,39.465,26.262,-127.595,6
4.996,18.683,120.626,-130.644,88.969,3499.965,-219.798,113.771,93.504,60.431,22.419,111.291,26
113.305,29.861,44.521,-66.808,39.619,2999.95,-53.109,64.302,38.942,36.168,23.306,50.003,44
50.968,77.493,104.786,120.632,89.128,3540.365,-147.479,-117.799,70.789,80.078,26.377,-107.914,66
47.152,44.551,63.618,55.778,57.966,1323.306,-41.466,-134.424,64.92,52.633,27.206,-103.043,56
34.859,59.491,80.969,126.399,72.122,2518.802,-152.995,-179.517,74.11,65.889,24.236,-161.637,81
107.915,29.597,45.986,-75.005,43.045,3499.967,-81.683,60.507,44.253,37.07,26.385,50.0,42
55.568,18.395,62.749,-77.688,49.426,1449.98,-65.979,172.999,48.68,38.184,21.91,138.804,30
87.276,49.753,91.625,-96.717,77.114,4999.945,-135.166,53.75,74.808,64.014,25.722,47.905,6
124.012,49.91,69.734,-39.285,65.588,2681.373,-7.178,40.339,66.806,59.424,26.444,27.679,58
4.157,23.055,124.285,-130.67,91.829,3499.97,-220.718,114.131,94.396,63.821,23.364,111.371,23
25.056,18.979,117.075,-127.697,89.072,5849.931,-190.406,59.358,106.133,59.065,25.083,57.609,27
91.649,18.768,31.008,-43.931,29.635,1959.977,-13.556,64.154,38.215,25.806,21.378,46.436,30
8.762,18.783,102.713,-9.812,71.987,100.011,-122.973,242.423,41.071,52.571,22.312,206.462,2
24.55,18.533,19.947,0.401,19.851,499.998,-2.001,1.096,31.496,19.847,22.963,0.06,7
126.91,91.078,103.196,32.478,96.635,5412.847,-100.289,-21.693,82.168,91.527,26.271,-19.762,56
17.762,19.19,113.098,-129.999,84.625,4499.957,-201.012,84.138,92.368,57.482,23.433,81.611,20
47.957,67.105,68.207,-0.839,67.224,999.999,-2.001,1.097,70.914,65.638,25.008,0.0,45
76.225,55.0,79.568,94.203,72.122,2150.122,-44.71,-140.406,68.737,64.772,26.385,-108.213,68
76.368,19.381,90.102,-104.352,69.697,5999.931,-155.958,46.935,80.462,48.038,23.797,43.387,4
73.031,29.072,52.564,-87.134,45.986,1836.05,-51.575,148.697,59.928,39.452,26.481,113.675,56
35.3,18.503,99.473,-102.917,69.935,1388.904,-142.855,269.992,67.12,48.484,25.62,223.696,63
69.475,23.786,48.044,-69.427,42.426,1657.357,-40.242,127.552,58.336,35.238,26.117,95.573,50
102.196,35.548,71.932,80.63,60.038,4521.317,-110.223,-57.501,66.526,49.608,23.928,-51.913,80
122.691,19.059,43.863,-29.188,42.422,2599.97,-4.814,29.941,68.061,34.365,22.543,19.836,32
83.985,18.477,39.439,-84.349,33.586,1999.98,-43.511,132.618,30.519,27.157,23.48,102.499,12
87.797,34.437,81.419,-67.941,65.335,1999.988,-28.705,102.574,42.706,52.62,23.092,75.0,43
129.765,86.846,104.791,5.947,93.726,4797.289,-85.859,-7.094,71.341,86.984,24.222,-6.917,80
131.789,18.489,39.452,-3.993,37.886,3999.956,-66.582,1.098,52.738,31.225,24.657,-0.561,15
63.134,18.211,45.985,-64.33,38.66,1499.988,-43.513,132.618,43.258,31.348,23.17,102.927,8
119.636,18.158,46.259,-51.54,39.339,3271.488,-54.904,43.695,42.264,31.355,22.748,35.408,11
27.357,19.247,104.791,-128.108,79.496,4499.957,-191.291,82.838,89.108,55.003,21.48,79.391,21
60.851,65.205,80.392,115.896,76.363,2883.104,-114.486,-134.827,78.644,71.278,26.098,-117.39,69
-1.745,19.874,117.471,-131.238,83.602,3499.963,-233.686,117.14,76.72,56.078,26.381,115.081,6
115.071,33.923,68.193,63.472,59.451,3870.582,-78.249,-50.833,61.948,49.319,26.352,-43.508,70
49.987,18.946,22.052,-0.339,21.745,999.99,-2.001,1.097,29.166,19.855,23.302,0.193,5
4.16,18.276,19.727,1.508,19.085,100.03,-2.001,1.099,27.909,18.943,23.061,0.461,18
108.449,39.759,70.602,-72.161,61.811,5216.133,-121.574,36.882,60.712,52.552,26.048,33.388,50
63.109,18.197,45.986,-64.366,38.839,1499.983,-43.511,132.618,43.876,31.457,23.345,102.906,8
131.975,18.671,32.567,-2.179,32.906,2999.968,-16.226,1.351,47.201,28.011,23.506,-0.561,14
95.384,18.533,63.307,-89.471,52.571,4499.95,-122.538,55.191,61.248,38.589,24.915,48.933,4
27.08,39.237,78.447,50.527,63.644,955.756,-67.339,-182.35,67.743,53.525,27.914,-144.741,53
33.146,91.717,113.611,-69.011,94.446,1046.075,-109.904,228.918,73.172,87.567,25.608,186.977,66
86.061,18.263,52.548,-99.868,42.859,2499.978,-75.6,123.457,43.642,33.585,23.771,100.759,9
120.455,18.032,62.354,49.247,52.853,4724.841,-98.358,-34.131,63.765,39.452,27.085,-30.786,61
64.73,87.914,102.352,-112.194,93.336,3718.78,-140.732,90.626,73.357,88.093,26.195,82.506,65
79.254,40.911,59.625,-101.907,55.762,4660.017,-141.7,61.757,65.145,49.307,27.551,57.614,54
27.953,19.315,104.791,-127.972,80.327,4629.958,-191.363,79.83,88.223,55.202,23.011,77.073,29
37.518,39.37,78.854,-124.716,69.939,4103.927,-183.147,90.966,68.105,58.902,27.031,92.382,53
4.151,18.192,19.77,1.477,19.161,100.041,-1.998,1.098,26.839,19.057,22.083,0.257,2
42.244,26.919,77.521,-55.417,63.826,1064.284,-59.664,163.251,69.446,50.572,27.804,126.281,58
124.911,39.646,43.001,37.536,41.09,3748.234,-66.02,-31.487,37.242,39.452,25.618,-26.949,60
43.44,19.214,42.898,-43.049,35.278,999.985,-43.512,132.617,38.202,29.192,21.891,103.083,5
109.397,90.59,129.309,-71.786,111.904,3272.662,-60.36,61.781,85.239,99.578,25.363,49.163,73
102.031,62.461,92.58,22.935,84.044,2295.535,-4.359,-24.861,80.1,72.674,26.366,-18.429,76
23.584,90.961,85.109,0.123,84.045,499.99,-2.0,1.098,59.154,85.044,24.019,0.0,44
119.263,19.343,64.311,-52.064,53.336,5649.948,-118.751,22.684,66.974,39.1,22.1,20.016,31
11.931,18.181,28.931,0.81,26.612,250.014,-2.001,1.099,63.667,24.797,26.127,0.123,6
86.439,64.962,104.791,-98.212,91.625,4999.947,-132.678,54.141,89.5,78.735,25.761,47.537,6
21.404,18.607,21.287,-2.808,19.851,419.989,-2.98,15.775,35.52,19.851,21.798,10.756,30
93.811,18.638,38.584,-91.969,32.434,3499.97,-105.275,77.174,30.065,26.203,21.562,67.027,20
3.412,76.371,102.503,11.771,86.081,252.439,-59.5,-167.386,77.894,76.963,25.112,-131.727,73
119.59,56.105,68.501,54.851,65.585,3434.724,-53.39,-48.217,62.782,61.3,29.117,-39.37,58
45.093,50.311,88.574,52.964,73.105,1270.069,-41.711,-135.31,51.599,63.33,25.766,-103.763,51
97.259,18.445,25.33,-0.418,25.789,1999.979,-2.002,1.098,33.058,23.334,23.299,-0.079,12
42.183,18.512,42.829,23.769,36.633,1017.612,-19.1,-74.494,47.397,29.789,23.132,-53.142,11
86.59,75.408,104.549,-98.885,95.041,2906.282,-82.675,100.485,89.82,85.331,26.416,83.069,56
48.957,81.487,71.784,34.221,69.377,1224.078,-20.361,-84.702,63.696,70.311,23.942,-62.817,80
19.167,19.009,42.011,-4.291,37.425,375.018,-4.824,29.997,51.243,30.817,24.437,20.729,20
131.051,18.353,28.037,-0.785,29.2,2749.973,-1.994,1.072,37.993,25.55,23.413,-0.804,20
86.354,18.771,75.661,-97.941,61.605,4999.939,-137.054,53.693,79.042,44.404,26.384,48.394,6
4.203,18.332,19.587,1.454,19.044,99.983,-2.001,1.097,26.004,18.827,22.867,0.455,18
85.586,19.246,53.896,-100.308,45.138,2499.971,-75.652,123.411,50.398,35.163,24.804,100.504,9
83.845,18.461,43.617,-84.465,36.418,1999.972,-43.511,132.617,33.139,29.745,23.278,102.287,12
26.033,34.075,110.369,-128.405,83.622,2046.445,-193.182,214.753,68.053,63.6,27.353,197.244,56
105.694,72.483,103.576,-43.087,93.49,2325.659,-9.689,51.858,73.99,84.295,26.278,35.85,74
19.119,15.491,55.51,76.576,42.64,1130.786,-128.719,-262.278,61.983,31.709,26.296,-218.8,79
75.485,49.805,97.103,-100.731,82.851,1999.975,-58.72,161.585,71.31,69.935,25.583,125.0,42
15.418,18.762,113.586,-130.085,84.243,3999.957,-204.992,97.214,90.344,57.524,24.182,94.056,15
87.911,49.765,89.046,-95.985,75.429,4999.944,-135.737,53.67,73.173,62.561,25.355,47.834,6
31.808,18.792,27.662,-10.466,26.228,641.179,-7.819,43.903,45.239,23.51,22.919,31.246,10
52.953,50.133,91.424,120.977,75.505,2412.708,-112.452,-178.025,66.501,64.025,25.128,-151.466,64
87.876,27.786,56.765,97.928,45.986,2582.105,-59.167,-120.629,38.938,38.738,25.76,-96.224,67
12.049,19.316,27.121,-26.319,19.786,300.002,-166.063,301.697,26.465,19.174,19.788,260.261,36
11.934,18.317,37.666,0.935,33.738,249.991,-2.0,1.096,68.575,29.705,25.869,0.154,6
120.961,18.679,39.267,-52.153,37.871,3103.972,-43.967,46.108,56.002,31.311,23.177,35.059,32
28.125,65.046,82.089,33.031,76.256,832.025,-37.73,-128.019,77.522,70.914,27.719,-97.511,56
57.325,64.998,115.374,-116.926,95.072,5249.936,-165.159,63.381,82.18,79.46,26.381,58.485,20
80.473,56.105,63.786,36.822,62.19,1853.801,-10.892,-56.183,61.449,59.457,28.785,-41.058,58
131.756,23.15,41.936,-3.14,39.498,3499.972,-43.22,1.168,61.352,34.551,23.962,-0.512,23
96.742,19.037,26.211,-0.808,26.385,1999.98,-2.003,1.098,37.399,24.377,23.745,-0.299,4
7.662,18.403,38.881,-5.406,31.341,99.977,-43.512,132.618,29.003,26.379,21.77,103.622,3
67.431,39.271,91.987,-103.726,72.122,5407.185,-162.765,54.332,69.014,58.929,27.869,55.023,61
4.858,65.032,104.791,19.973,87.821,367.907,-86.432,-211.302,76.259,77.413,27.861,-171.008,56
-15.945,19.499,117.949,-130.145,83.071,2849.976,-265.476,147.724,82.14,55.687,21.613,147.793,29
15.644,19.031,24.788,-2.149,23.183,299.991,-2.98,15.774,31.684,22.082,19.851,10.726,36
31.91,29.419,65.581,-28.277,55.546,709.67,-37.559,117.735,61.623,45.238,26.385,87.827,53
30.997,18.543,59.02,-27.06,47.939,675.004,-39.042,120.304,35.183,39.326,20.801,93.03,30
106.932,34.964,84.863,74.563,70.544,3956.62,-89.477,-59.57,67.036,55.262,25.177,-51.853,55
128.202,18.231,61.759,-8.686,50.797,5999.935,-117.942,0.211,56.128,36.846,23.774,-0.653,4
85.574,78.979,112.72,97.828,97.701,3089.581,-80.125,-101.166,79.368,88.489,26.021,-84.796,69
33.912,19.115,46.053,-126.052,39.478,4285.476,-192.555,89.082,53.57,31.198,26.269,91.014,53
67.273,49.71,101.443,-112.627,83.885,1999.985,-82.395,186.519,70.917,70.443,25.761,150.0,42
9.914,18.72,71.907,-15.283,42.924,149.979,-166.065,301.704,23.432,29.256,19.729,260.442,29
72.175,24.474,64.578,-100.623,54.332,5587.765,-161.168,50.26,62.927,42.737,25.717,48.17,65
88.833,18.23,69.49,-94.993,54.281,4999.944,-138.971,53.32,56.406,39.401,23.4,48.297,6
34.363,19.266,97.809,-126.521,72.122,4749.963,-189.628,77.917,68.648,49.828,22.414,75.104,31
130.802,18.706,29.508,-1.008,30.316,2749.971,-1.994,1.076,41.762,26.363,23.865,-0.775,20
28.618,19.323,99.007,-128.08,72.519,3842.967,-192.241,100.393,73.729,51.574,23.233,96.363,32
66.981,40.254,38.839,-50.656,37.273,1499.996,-28.702,102.562,27.659,37.798,22.439,74.99,41
112.422,39.583,70.739,-66.031,59.853,3291.868,-64.12,56.278,49.391,50.881,25.723,45.08,60
83.088,18.813,49.633,-85.331,42.12,1999.978,-43.514,132.617,47.598,33.413,23.565,101.832,12
20.126,32.538,75.572,-129.25,63.96,3791.854,-204.608,104.131,69.801,50.901,26.385,106.095,76
131.322,18.836,42.781,-5.281,38.514,4499.959,-84.717,1.047,45.995,31.138,22.261,-0.577,21
8.142,18.284,63.985,-7.618,45.986,100.003,-79.94,188.412,38.251,37.055,23.283,155.112,18
58.555,18.325,45.783,-7.613,39.465,1199.987,-2.979,15.774,42.847,34.433,19.851,10.777,36
131.742,18.655,32.354,-3.05,31.742,3499.964,-46.501,1.172,39.659,26.388,23.449,-0.544,26
130.366,66.217,90.485,-15.871,84.618,4687.541,-81.665,6.358,84.898,77.023,29.234,4.461,58
131.28,19.044,42.965,-5.059,38.843,4499.958,-84.488,1.042,46.5,31.35,22.229,-0.624,21
93.433,64.994,83.567,-83.86,76.634,2249.973,-35.428,114.398,66.268,70.942,26.372,84.081,20
57.482,19.458,101.041,-115.977,78.707,5999.945,-167.974,52.311,93.724,52.758,23.392,49.193,19
12.134,18.664,19.851,0.918,19.804,249.999,-2.0,1.097,28.9,19.584,23.099,0.156,13
86.801,19.811,72.121,-96.731,58.217,4999.947,-138.074,53.432,68.38,42.131,24.881,48.601,17
79.467,18.475,30.505,-38.325,29.108,1694.981,-13.558,64.154,40.819,25.389,21.974,46.727,29
96.646,61.103,93.657,88.203,83.598,4291.039,-107.788,-67.239,77.346,72.122,28.012,-60.016,53
48.887,18.881,24.524,13.691,23.842,1064.982,-4.251,-34.264,34.64,22.286,22.607,-25.388,10
93.969,86.089,110.315,-91.095,99.288,4499.961,-115.724,55.95,86.745,91.673,24.881,50.0,45
34.003,33.865,27.69,11.853,26.384,770.082,-7.615,-43.288,27.871,26.398,24.355,-31.616,57
129.939,19.088,58.413,-8.155,50.313,5499.945,-106.191,0.688,67.314,37.847,23.537,-0.295,24
113.268,49.841,80.599,-56.87,71.394,5580.815,-120.906,25.711,70.305,61.528,27.369,23.296,53
53.379,49.862,64.46,-47.551,59.416,1248.961,-35.392,113.716,66.992,55.052,25.771,84.428,49
128.433,29.397,65.072,-16.723,56.175,5390.019,-105.726,5.282,61.553,45.206,26.423,4.041,53
4.202,18.448,19.447,1.429,18.745,100.002,-1.999,1.099,23.518,18.734,22.297,0.44,18
8.181,18.573,63.48,-7.615,45.986,100.023,-79.941,188.412,34.232,36.69,23.181,155.127,18
8.143,18.653,63.992,-7.616,45.986,100.027,-79.94,188.412,38.293,37.014,22.311,155.088,18
4.179,18.451,19.459,1.435,18.559,100.015,-1.999,1.098,23.277,18.604,22.589,0.452,18
50.014,18.401,21.775,-0.368,21.492,999.989,-1.999,1.097,28.376,19.851,22.883,0.198,5
6.801,27.251,91.334,-130.767,67.103,3220.053,-225.81,128.9,66.04,49.149,26.581,129.987,58
49.99,18.843,22.318,-0.343,22.018,999.996,-2.001,1.097,29.737,19.851,23.329,0.185,5
131.8,19.268,38.842,-3.924,36.63,3999.958,-67.19,1.102,48.476,30.018,24.53,-0.563,15
130.783,50.17,88.322,4.082,75.449,4012.315,-62.474,-4.81,68.665,62.736,25.594,-4.9,66
13.661,18.404,39.391,-11.621,31.816,249.985,-43.511,132.618,31.814,26.385,23.172,103.713,13
131.285,18.958,49.409,-6.373,43.013,4999.942,-97.018,0.968,51.985,33.317,23.991,-0.377,17
20.714,39.739,88.153,-30.232,72.122,499.971,-79.939,188.413,71.438,60.195,24.663,150.0,41
12.088,19.145,19.832,0.824,19.256,249.994,-2.0,1.097,24.862,19.133,23.15,0.098,13
28.778,34.11,124.685,-69.387,93.514,974.404,-126.631,247.894,72.873,70.463,27.204,204.727,56
8.151,18.378,64.003,-7.614,45.986,99.954,-79.94,188.412,37.562,37.015,23.139,155.094,18
83.242,18.057,49.279,-85.147,41.252,1999.974,-43.511,132.617,44.836,32.995,24.831,101.712,4
113.729,50.085,83.552,-44.512,72.122,4989.8,-109.552,22.675,68.188,62.444,25.679,20.179,66
125.11,65.035,91.873,-39.733,83.613,5249.937,-100.569,18.301,85.849,74.138,29.932,14.932,20
46.088,18.135,24.912,-121.128,19.831,5499.915,-193.162,65.786,23.91,19.077,18.359,63.343,24
79.44,46.128,84.156,103.915,71.639,4486.305,-132.262,-76.861,69.651,59.224,23.611,-70.599,80
112.565,49.801,63.608,-67.982,60.809,2999.975,-49.57,64.688,64.286,55.932,25.324,50.0,42
6.489,64.503,62.965,1.347,62.153,150.013,-2.001,1.094,57.82,62.274,26.384,0.432,20
78.045,28.934,63.102,105.185,54.718,4682.374,-139.864,-75.116,61.014,44.688,26.392,-69.778,53
27.432,19.333,103.861,-128.33,77.14,3779.973,-193.988,102.763,71.916,53.338,19.851,98.61,32
8.791,18.872,101.595,-9.8,70.86,100.021,-122.973,242.424,33.845,52.214,22.216,206.828,2
130.509,18.692,72.754,-13.33,55.879,4327.917,-76.567,6.589,57.09,38.773,23.324,6.638,11
75.866,77.658,82.121,51.685,78.707,1870.516,-19.557,-82.389,73.959,74.568,27.19,-61.019,68
12.076,18.482,19.701,0.849,19.118,249.974,-2.001,1.097,24.154,18.985,23.093,0.096,13
69.04,49.767,72.122,-19.943,65.582,1499.714,-11.813,38.955,60.574,59.035,25.436,28.043,42
40.15,30.759,71.032,-124.264,60.38,1785.593,-148.217,247.662,72.134,49.709,26.384,211.148,74
17.11,48.604,65.586,22.612,60.238,550.279,-41.892,-135.309,67.841,55.986,26.526,-103.787,56
31.811,53.687,116.506,127.28,93.847,3512.343,-172.271,-127.235,84.997,76.091,27.921,-119.237,65
98.969,18.608,59.6,-85.393,44.982,3767.745,-104.065,64.915,42.11,34.475,23.153,55.68,11
30.67,30.715,75.99,-124.738,59.889,2132.975,-175.645,198.236,66.748,46.3,24.065,178.595,71
33.437,56.105,60.723,-17.99,57.171,718.2,-12.563,52.187,68.297,55.751,23.652,36.87,80
62.5,39.336,50.548,-114.029,46.417,3742.31,-148.55,90.151,62.271,43.302,26.385,82.855,61
86.035,65.008,104.791,-98.759,92.231,4999.949,-132.446,54.151,91.542,79.269,26.469,47.506,6
8.139,18.555,63.975,-7.614,45.986,100.003,-79.94,188.413,38.374,37.034,22.559,155.089,18
128.62,28.357,78.767,26.908,65.591,4625.902,-85.797,-19.567,71.372,51.021,26.383,-17.595,66
48.165,54.713,70.898,113.788,60.578,1879.246,-92.001,-218.166,62.082,53.812,25.708,-177.578,69
108.504,18.62,77.119,-74.347,63.939,3749.966,-85.978,54.001,67.884,46.195,24.238,44.886,27
20.831,49.797,86.926,-128.862,72.116,4511.568,-201.223,85.016,78.074,60.152,23.644,85.088,47
69.128,18.866,66.65,-111.828,53.16,2999.972,-124.469,113.05,58.481,39.452,23.298,99.926,14
7.674,19.371,38.204,-5.386,30.47,99.973,-43.511,132.617,26.414,26.257,21.398,103.503,3
22.863,68.018,104.536,-128.779,89.11,4245.135,-195.923,91.055,84.745,78.004,26.384,92.913,65
24.621,18.441,19.973,0.354,19.851,499.988,-2.001,1.096,33.29,19.849,26.041,-0.032,4
86.178,65.049,104.791,-98.553,92.457,4999.955,-132.454,54.131,92.106,79.176,26.369,47.45,6
67.114,18.824,68.117,113.767,54.317,2499.971,-91.898,-149.336,60.127,39.461,26.365,-127.545,6
43.692,80.598,90.838,47.041,85.182,1218.731,-35.892,-123.849,68.032,82.006,25.987,-94.062,66
40.065,19.013,79.504,-124.322,57.441,4749.965,-188.231,77.742,47.76,39.412,21.388,74.893,31
10.364,68.01,70.549,0.688,68.906,234.601,-1.996,1.095,62.756,67.003,26.285,-0.0,70
46.681,40.617,83.824,121.135,61.057,3842.353,-166.335,-110.689,42.979,48.055,23.89,-104.055,72
8.144,18.654,63.96,-7.613,45.986,100.006,-79.94,188.412,38.217,37.095,23.188,155.089,18
26.824,54.085,75.388,127.799,68.907,3611.142,-186.061,-126.901,64.1,62.122,26.385,-120.761,68
94.252,64.991,79.061,-83.226,72.122,2249.974,-35.461,114.426,55.229,68.754,26.18,84.577,20
90.648,19.522,68.093,-94.048,53.099,4441.838,-125.762,58.68,63.603,38.122,25.997,53.296,63
66.355,54.906,89.0,-112.938,72.122,3298.457,-131.877,103.26,69.415,63.998,27.908,92.421,74
125.155,65.133,92.945,-39.891,84.427,5249.938,-100.261,18.324,87.441,75.295,28.248,14.917,20
48.785,18.821,24.894,13.696,24.497,1064.988,-4.251,-34.264,38.573,22.531,23.128,-25.37,10
2.548,21.848,124.393,-131.072,90.757,3499.972,-225.814,115.719,83.767,62.53,21.568,113.254,23
113.58,18.522,24.404,-65.343,20.524,2580.569,-28.858,75.667,25.038,19.545,23.074,56.597,11
69.36,18.808,66.765,-111.943,53.359,2999.966,-124.301,113.138,59.016,39.452,23.173,99.915,14
124.343,19.099,45.986,-42.694,42.054,4499.949,-91.563,24.505,52.853,33.03,24.078,20.103,20
89.454,65.031,83.67,-49.423,79.108,1999.981,-15.495,70.795,75.262,72.122,23.4,50.0,41
85.724,18.596,52.918,-100.137,44.238,2499.975,-75.693,123.413,46.214,34.381,24.178,100.697,9
58.954,45.828,88.712,-116.327,75.338,4632.89,-159.885,72.035,77.175,62.232,26.383,67.525,57
8.836,18.26,115.834,-8.807,74.18,59.965,-166.065,301.703,24.494,49.792,19.46,259.943,36
131.476,91.05,96.552,-4.647,93.261,3999.963,-57.473,1.101,82.381,90.456,25.436,0.0,44
41.995,18.766,65.791,-123.46,45.986,4749.958,-188.048,77.635,39.82,33.079,20.342,74.881,31
131.771,18.54,55.857,-4.08,51.066,3999.957,-62.818,1.093,75.331,39.452,24.94,-0.49,15
63.135,29.547,51.793,-63.924,44.649,1499.979,-43.514,132.618,36.704,38.756,25.778,100.0,42
74.958,73.262,72.115,-19.166,69.419,1607.018,-5.428,32.075,67.701,68.029,26.113,21.528,79
49.954,18.707,22.304,-0.337,22.056,999.991,-2.0,1.097,29.713,19.851,23.334,0.179,5
41.588,27.54,64.338,-122.274,52.211,5213.419,-187.92,68.496,54.162,39.451,26.008,70.224,67
23.672,18.705,39.452,-22.009,32.396,499.988,-43.511,132.617,32.021,26.908,22.433,103.408,7
119.478,44.215,78.738,-51.325,69.361,3188.83,-45.249,43.937,77.016,59.484,27.98,33.82,68
-2.225,19.233,118.233,-130.971,83.419,3499.975,-237.953,118.279,63.054,56.001,20.0,116.703,26
24.912,18.627,29.222,-12.859,26.385,500.011,-15.495,70.794,54.744,24.017,25.821,51.465,6
8.767,18.64,125.322,-130.953,88.228,2459.975,-230.873,176.665,65.425,59.874,21.928,171.391,29
36.449,54.183,104.791,126.205,90.738,2831.49,-154.745,-155.794,86.009,74.531,28.005,-141.746,65
4.093,18.384,19.834,1.48,19.421,99.992,-2.001,1.096,30.486,19.136,21.956,0.246,2
14.562,49.78,70.976,25.766,64.139,544.75,-57.279,-163.445,73.969,58.345,24.808,-128.215,47
53.132,24.441,70.286,69.262,57.507,1526.767,-47.469,-145.88,65.144,44.747,25.7,-112.904,65
118.116,18.176,45.986,-0.931,43.256,2499.97,-2.0,1.097,58.213,35.591,26.363,-0.87,6
24.913,18.487,29.209,-12.843,26.385,500.005,-15.495,70.794,54.778,24.027,25.652,51.456,6
120.578,45.946,100.369,-51.684,85.44,3981.432,-72.431,33.395,84.507,69.088,26.385,26.734,57
90.38,30.722,67.259,41.453,59.196,2071.275,-12.084,-58.602,60.126,48.195,26.382,-43.039,68
8.144,18.472,63.983,-7.606,45.986,100.041,-79.941,188.412,38.431,37.042,23.018,155.087,18
56.368,19.44,102.192,-117.11,78.994,5999.938,-168.126,52.49,96.667,53.401,25.953,49.482,19
8.148,18.615,63.983,-7.61,45.986,100.012,-79.941,188.412,37.998,37.089,22.376,155.104,18
12.053,18.495,19.724,0.819,19.166,250.013,-2.001,1.098,23.477,19.067,22.691,0.097,13
93.606,18.596,50.926,-92.449,44.203,2249.977,-40.141,126.158,57.147,34.55,25.961,95.608,27
119.571,18.271,26.411,-0.734,27.887,2499.97,-2.0,1.096,35.947,24.9,26.254,-0.844,9
118.52,40.918,87.969,25.615,74.985,2629.157,-3.899,-25.151,75.178,59.992,27.068,-18.591,54
51.271,18.837,52.653,-59.171,42.973,1249.991,-50.734,146.704,57.049,34.28,24.186,114.881,20
13.688,18.719,39.438,-11.639,31.921,249.996,-43.512,132.618,31.116,26.459,22.254,103.694,13
122.708,49.919,57.691,-46.99,55.618,3999.972,-76.65,31.157,50.72,52.561,23.941,25.0,44
83.423,18.124,46.802,-84.884,39.452,1999.983,-43.512,132.617,40.997,32.041,24.605,101.793,4
1.588,21.22,118.149,-130.983,84.227,3499.966,-231.552,117.943,66.778,57.706,21.091,115.671,23
88.881,80.815,113.907,-96.928,102.993,3060.073,-83.992,92.467,92.498,92.473,27.52,76.839,56
84.981,35.798,86.629,-100.478,72.116,2752.79,-85.882,109.739,62.103,58.815,26.023,90.92,58
46.958,70.346,104.791,-118.506,93.492,4830.106,-171.24,70.114,86.626,81.978,28.617,67.399,53
8.772,18.699,102.614,-9.808,71.878,99.969,-122.972,242.423,39.359,52.571,22.286,206.589,2
48.937,18.815,23.925,13.672,23.352,1064.991,-4.251,-34.263,32.855,21.522,22.571,-25.405,10
5.825,29.724,67.584,19.148,54.886,359.895,-82.227,-203.035,53.173,44.482,25.075,-163.849,79
85.602,18.83,53.737,-100.262,44.765,2499.974,-75.661,123.414,49.603,34.77,24.876,100.596,9
48.936,19.09,107.399,-61.126,86.004,1249.984,-50.734,146.702,104.195,58.977,24.648,111.375,20
122.56,70.515,82.236,-47.144,78.688,3999.956,-74.045,31.263,59.913,72.122,24.845,25.0,42
30.922,18.415,38.452,-27.106,32.246,674.991,-39.04,120.303,35.736,27.141,21.431,93.188,30
27.884,16.899,20.508,-119.838,19.811,3470.712,-202.493,110.069,24.18,19.431,19.851,106.874,26
92.815,18.288,51.065,-92.934,42.769,3499.965,-104.771,77.213,42.69,33.292,23.15,66.931,20
71.387,91.144,104.665,-24.251,97.931,1565.134,-8.177,43.01,74.365,93.35,26.244,29.536,55
23.697,18.817,39.452,-22.004,32.318,499.994,-43.512,132.617,31.205,27.072,22.294,103.493,7
19.2,18.693,33.97,-4.306,30.856,375.011,-4.824,29.996,49.681,26.387,24.417,20.804,20
8.182,18.281,63.59,-7.619,45.986,100.006,-79.941,188.412,32.899,36.865,22.109,155.238,18
45.785,85.926,91.898,-79.498,85.894,1387.332,-86.615,191.365,66.862,84.287,24.301,153.859,72
2.784,18.774,123.333,-131.044,90.084,3499.974,-224.578,114.943,87.156,60.701,21.362,112.648,26
46.906,85.811,84.689,-0.964,83.761,999.984,-1.996,1.095,79.977,83.487,25.153,0.0,45
76.185,50.357,69.823,-105.637,59.826,4197.87,-140.875,73.967,44.574,54.138,25.193,68.133,65
8.142,18.279,63.995,-7.604,45.986,100.003,-79.941,188.412,38.385,37.251,23.182,155.084,18
34.402,28.806,61.028,-65.738,52.284,1023.833,-99.743,216.058,60.283,42.834,26.512,175.143,53
60.242,22.821,71.844,112.196,60.194,5402.789,-165.367,-72.692,67.163,45.84,25.8,-69.522,65
81.883,90.964,117.322,102.465,104.433,5165.87,-135.807,-67.822,82.329,96.583,27.656,-63.046,60
91.629,18.52,32.274,-44.317,30.739,1959.984,-13.556,64.153,41.673,26.368,22.13,46.459,30
37.022,18.236,21.709,-0.13,20.674,749.996,-2.001,1.097,31.367,19.851,23.875,0.188,16
16.456,49.724,114.384,-129.793,91.591,4460.584,-202.987,85.857,88.315,72.122,25.833,84.857,48
21.865,85.772,97.82,-26.388,89.886,499.992,-58.915,161.746,78.976,85.18,23.613,125.0,41
10.509,19.328,127.312,-15.607,82.269,150.006,-166.063,301.705,27.741,55.829,19.851,259.239,29
119.423,18.27,27.207,-0.868,28.086,2499.972,-2.001,1.096,37.579,25.045,25.746,-0.831,9
13.67,18.65,39.358,-11.611,31.699,249.998,-43.512,132.618,30.454,26.385,22.914,103.727,13
122.583,34.38,67.332,-47.049,59.035,3999.967,-77.666,31.105,47.768,49.996,22.351,25.0,43
44.56,18.576,22.742,-5.69,22.185,899.997,-2.981,15.775,31.293,19.851,19.851,10.899,36
118.011,49.875,72.17,57.546,67.446,3848.247,-72.451,-46.098,69.186,59.844,25.091,-39.209,48
58.867,34.57,80.389,116.516,67.225,5058.683,-162.186,-79.716,66.335,54.054,25.686,-75.59,55
30.119,18.861,25.769,-3.919,24.584,599.99,-2.98,15.773,34.951,23.154,19.85,10.888,36
87.426,30.193,59.439,-68.605,53.317,1999.986,-28.708,102.574,52.587,45.358,24.397,75.0,44
33.23,32.418,71.828,127.06,58.991,4050.797,-179.954,-110.157,68.88,45.731,26.388,-104.654,76
33.551,28.888,72.103,-125.749,58.577,3102.503,-183.711,127.076,60.796,45.985,26.419,120.215,53
115.888,24.839,63.01,-39.402,50.263,5886.631,-127.322,16.075,52.332,37.691,23.17,14.989,62
22.806,32.721,34.615,27.209,32.277,668.626,-41.28,-134.091,28.805,31.67,24.765,-102.756,57
104.944,55.807,72.121,-26.282,65.588,2257.701,-5.911,31.643,65.394,60.69,26.372,21.305,70
107.577,70.489,81.637,-75.467,76.876,3499.96,-76.964,60.956,63.901,72.116,24.926,50.0,42
128.253,18.145,60.744,-8.671,49.597,5999.932,-118.417,0.244,53.588,36.408,23.406,-0.9,4
7.664,18.953,38.817,-5.405,31.336,99.985,-43.511,132.617,28.636,26.378,22.372,103.554,3
63.308,18.698,45.614,-64.135,37.912,1499.989,-43.512,132.618,38.4,30.912,21.905,103.061,8
13.305,39.486,75.904,-3.934,64.575,254.387,-6.498,34.723,69.361,53.733,27.901,23.564,53
13.673,18.1,39.39,-11.603,31.861,249.987,-43.51,132.618,30.405,26.396,22.94,103.719,13
119.065,19.388,63.901,-52.283,52.571,5749.947,-122.092,22.517,58.267,37.921,21.515,19.837,29
81.748,39.949,84.373,102.682,60.579,3680.996,-116.326,-91.853,42.763,46.016,23.89,-81.895,72
110.856,62.443,79.839,68.091,67.456,4452.918,-99.944,-49.814,58.641,60.67,23.176,-44.478,62
4.174,18.407,19.541,1.458,18.917,100.025,-2.001,1.098,24.359,18.757,22.33,0.227,2
30.922,18.66,37.881,-27.097,31.439,674.988,-39.041,120.305,35.563,26.385,20.071,93.201,30
18.851,18.965,84.696,-130.085,61.721,4499.948,-206.252,86.396,68.7,41.415,26.376,83.922,6
57.192,57.599,103.067,109.841,83.609,2006.871,-77.173,-191.393,74.159,70.332,27.752,-153.949,53
121.019,39.612,83.755,-47.463,70.543,5088.619,-104.814,22.973,68.738,56.671,27.14,19.333,53
34.929,35.019,39.323,-126.504,36.898,1999.993,-176.924,222.144,30.135,35.326,22.711,199.77,45
124.27,18.854,48.669,-42.928,43.097,4499.957,-90.94,24.535,57.307,33.735,24.091,20.083,20
76.797,49.778,86.2,106.905,74.316,2553.101,-72.399,-135.502,68.987,63.785,25.744,-110.194,48
117.406,17.172,64.042,57.303,54.1,4395.891,-93.031,-41.498,64.261,42.17,26.387,-36.899,61
4.182,18.458,19.33,1.45,18.59,100.02,-2.002,1.098,23.32,18.664,22.334,0.179,3
27.952,59.433,80.178,-24.622,71.529,621.454,-36.329,115.738,71.616,65.18,24.419,86.108,81
13.673,18.604,39.387,-11.63,31.748,250.011,-43.513,132.618,31.672,26.404,23.183,103.677,13
122.303,38.446,57.93,-47.602,54.228,3999.966,-75.993,31.14,61.2,46.1,24.054,25.0,44
8.184,18.296,63.521,-7.618,45.986,100.019,-79.941,188.413,33.408,36.694,23.192,155.166,18
21.366,18.616,21.891,-2.867,20.59,419.996,-2.98,15.775,38.278,19.849,21.767,10.737,30
32.639,34.589,86.037,-126.938,68.422,2999.97,-184.039,133.371,65.408,53.241,23.175,125.0,43
129.252,40.592,67.445,-20.153,55.446,3883.996,-63.257,12.365,54.088,45.775,25.08,9.112,64
26.066,54.961,86.608,48.194,74.348,919.641,-67.934,-184.735,45.937,66.674,25.17,-146.652,57
96.979,18.709,25.699,-0.627,26.185,1999.978,-2.001,1.096,35.5,23.523,23.176,-0.127,12
127.97,45.64,87.22,29.637,78.693,4131.555,-69.063,-22.836,81.665,64.968,26.385,-19.866,57
19.271,18.652,24.08,-4.317,23.171,374.994,-4.824,29.998,43.812,21.511,23.554,20.929,20
131.733,18.561,68.395,-3.461,61.061,3499.965,-39.609,1.167,83.555,45.987,23.284,-0.445,26
79.467,78.977,111.421,-98.607,95.21,3607.449,-113.975,79.102,82.024,85.792,26.063,69.896,69
36.328,81.008,102.406,125.814,91.485,3658.378,-169.925,-122.253,71.649,84.829,25.776,-114.561,69
28.152,18.801,65.937,-94.295,39.394,1199.993,-166.064,301.706,33.026,28.189,19.851,258.043,36
63.202,29.584,45.986,-63.509,39.46,1499.985,-43.511,132.618,32.623,36.102,25.375,100.0,42
67.395,18.3,67.701,113.619,53.814,2499.972,-91.795,-149.363,57.983,39.452,25.557,-127.633,6
103.07,40.56,52.505,-81.569,46.09,2499.983,-40.429,99.424,36.26,44.181,22.481,75.0,41
83.083,18.864,49.798,-85.312,42.498,1999.983,-43.511,132.618,47.66,33.67,23.719,101.798,12
119.45,18.547,27.208,-0.813,28.037,2499.974,-2.001,1.097,38.27,25.005,25.406,-0.827,9
31.195,18.653,58.026,-40.716,44.407,749.997,-65.982,172.998,40.123,34.714,24.262,139.313,16
61.444,25.877,19.851,-49.855,19.816,1401.495,-24.024,81.139,38.336,19.686,25.088,51.98,20
119.584,18.478,26.38,-0.672,27.409,2499.972,-2.001,1.098,35.507,24.792,26.103,-0.821,9
8.751,18.877,103.04,-9.802,72.118,99.973,-122.971,242.423,43.789,52.573,22.702,206.324,2
3.972,18.383,44.618,1.56,38.551,100.019,-2.001,1.098,38.196,33.1,23.132,0.4,18
121.533,26.736,62.649,14.732,54.205,2627.145,-3.298,-14.739,57.502,42.892,24.678,-11.253,73
119.615,18.183,26.4,-0.745,27.856,2499.971,-2.001,1.098,35.888,24.805,26.206,-0.824,9
119.56,18.785,26.392,-0.733,27.939,2499.97,-2.0,1.097,36.034,24.881,26.222,-0.837,9
8.137,18.453,63.958,-7.609,45.986,100.024,-79.94,188.412,38.472,37.049,23.165,155.087,18
98.388,87.835,104.371,-84.268,96.792,3532.297,-87.06,68.122,82.025,91.104,26.269,57.384,69
24.659,19.919,109.8,-128.202,80.361,5499.952,-196.882,66.347,83.714,53.384,19.851,64.132,24
96.319,46.053,64.322,-77.193,58.209,3981.544,-104.241,53.403,65.697,52.667,26.119,47.432,70
123.912,50.417,84.163,-34.635,72.122,3728.125,-62.485,23.197,58.981,62.541,25.154,18.199,64
97.301,18.673,25.163,-0.446,25.641,1999.98,-2.001,1.098,33.277,23.265,23.452,-0.067,12
131.992,18.447,29.758,-2.096,30.238,2999.968,-17.133,1.343,41.063,26.313,23.299,-0.584,14
124.433,32.103,48.699,14.448,44.406,5571.333,-111.709,-12.089,65.108,37.994,26.385,-11.454,76
131.8,18.222,62.58,-4.155,56.165,3999.956,-61.942,1.087,79.62,43.418,26.397,-0.492,15
119.622,18.716,26.387,-0.666,27.572,2499.972,-2.001,1.096,35.897,24.806,26.261,-0.827,9
67.811,56.19,101.078,-70.408,84.387,1675.899,-43.15,130.27,82.546,72.116,26.384,98.293,65
132.001,18.144,28.969,-2.062,29.67,2999.968,-17.517,1.341,37.753,25.658,24.35,-0.589,14
85.794,64.954,104.791,-98.879,92.191,4999.946,-132.671,54.148,91.101,79.099,25.577,47.705,6
49.997,18.586,21.951,-0.328,21.689,999.991,-2.001,1.097,29.358,19.851,23.375,0.188,5
117.47,49.905,73.068,-59.006,68.71,3270.469,-53.209,49.672,67.732,60.667,26.408,38.652,58
16.838,54.171,81.248,3.482,70.924,397.562,-3.852,-22.952,67.865,62.994,23.788,-17.054,80
26.364,24.707,28.035,4.852,26.384,584.742,-3.597,-22.619,27.618,25.292,24.787,-16.799,57
26.399,19.0,84.048,-128.633,59.571,3999.951,-201.989,99.64,45.387,40.015,23.829,96.072,15
124.436,39.663,71.405,-41.979,59.701,3048.583,-31.155,38.477,49.476,50.442,25.711,28.21,60
22.186,19.666,122.611,-128.879,92.078,5084.95,-196.702,71.984,91.467,62.489,22.82,70.108,29
131.676,23.134,36.961,-3.012,36.416,3499.961,-45.343,1.172,47.175,31.519,23.178,-0.583,23
4.727,18.305,37.844,-1.547,33.552,59.947,-8.773,49.414,76.166,29.29,22.148,34.959,29
119.888,42.121,103.97,53.298,90.155,3810.411,-66.521,-42.638,79.193,72.122,26.372,-36.019,57
59.493,55.203,66.944,-82.709,57.489,1573.95,-65.851,171.538,47.48,52.508,23.875,133.944,75
131.218,26.064,53.1,6.21,49.305,3466.05,-42.199,-6.266,60.591,39.452,26.385,-5.888,65
12.068,18.454,19.842,0.744,19.461,249.994,-2.0,1.098,26.748,19.232,23.177,0.123,13
48.875,18.964,24.502,13.699,23.752,1064.991,-4.251,-34.263,35.145,22.137,22.937,-25.394,10
12.123,81.49,116.205,-130.629,98.221,3027.895,-213.047,139.147,80.603,88.552,27.624,135.937,68
68.489,39.619,90.015,112.32,75.834,2623.081,-91.706,-140.332,74.198,61.42,26.154,-117.773,50
118.912,19.263,86.186,-53.39,70.539,5649.951,-115.634,22.873,82.432,50.576,23.168,20.096,31
65.928,56.085,95.532,111.881,82.947,3381.735,-123.397,-110.577,75.267,70.564,26.439,-98.666,54
89.442,19.319,59.813,-93.969,45.986,4999.956,-140.419,53.122,43.353,34.191,21.229,48.506,17
92.317,73.824,72.095,-23.035,69.355,1985.284,-5.14,31.129,67.688,68.209,26.111,20.832,79
72.944,18.499,26.509,-9.531,26.385,1499.986,-2.98,15.774,39.505,24.33,19.851,10.819,36
47.99,67.135,68.424,-0.852,67.303,999.975,-1.998,1.096,71.273,65.939,24.791,0.0,45
51.022,18.616,53.57,-59.499,44.403,1249.981,-50.728,146.704,63.299,34.604,23.948,114.579,20
131.359,41.556,66.679,-4.093,61.345,4626.592,-83.284,-0.411,67.623,52.736,28.103,-1.229,58
8.655,18.875,82.253,-9.703,55.817,100.004,-122.973,242.424,25.54,39.452,21.275,207.504,2
129.935,19.726,56.564,-8.078,48.318,5499.947,-107.588,0.626,59.733,36.482,24.506,-0.416,24
125.117,86.083,94.906,29.256,85.867,4461.751,-80.932,-22.213,75.475,82.024,27.371,-20.003,68
2.498,21.868,124.391,-131.041,90.879,3499.971,-225.694,115.684,84.064,62.595,21.962,113.222,23
4.024,19.382,25.772,-0.528,23.941,60.004,-2.981,15.774,27.834,23.187,19.482,10.894,36
87.617,28.484,44.412,-45.218,42.737,1902.979,-14.398,67.037,57.903,37.096,26.091,47.173,57
62.453,44.445,67.017,67.528,61.071,1679.958,-37.036,-126.338,64.676,54.251,27.722,-96.13,56
115.229,29.524,42.259,-60.626,39.452,2499.971,-15.389,70.579,41.382,36.214,26.358,50.0,42
39.883,91.044,96.558,120.329,88.498,2403.09,-137.809,-201.418,71.804,85.114,24.734,-174.836,75
103.197,49.797,84.778,-80.324,72.121,4594.03,-112.348,47.547,68.831,60.652,25.276,42.148,48
3.932,19.222,122.911,-130.886,89.953,3499.969,-222.61,114.44,88.215,60.684,21.73,112.207,26
16.943,52.157,72.12,33.117,65.501,650.725,-66.485,-180.292,69.422,59.766,23.365,-143.047,80
8.146,18.429,63.96,-7.614,45.986,99.988,-79.94,188.412,38.109,37.028,23.184,155.075,18
97.245,18.4,25.138,-0.413,25.583,1999.98,-2.0,1.097,32.947,23.176,23.435,-0.072,12
75.042,18.767,59.93,-108.146,48.288,2569.972,-99.831,130.191,50.875,36.954,22.152,110.76,32
98.848,85.971,97.722,86.728,92.522,3053.87,-57.421,-87.437,85.782,88.095,26.384,-70.305,56
50.013,18.236,22.044,-0.385,21.509,999.987,-2.0,1.097,28.551,19.851,23.163,0.2,5
8.644,18.563,41.371,-131.127,32.441,3299.963,-229.306,128.198,41.507,26.329,23.955,126.458,27
119.069,19.627,64.131,-52.187,52.571,5749.945,-122.233,22.497,57.71,38.077,19.851,19.799,29
81.811,18.935,84.57,-100.016,65.588,5749.935,-149.992,46.979,76.961,45.98,24.925,43.565,20
120.03,49.823,67.064,-53.024,62.251,4499.194,-92.909,30.67,63.393,55.944,26.384,25.379,58
131.677,23.201,39.452,-3.149,39.452,3499.966,-43.738,1.167,58.51,33.721,24.736,-0.549,23
28.416,20.326,97.709,-128.154,72.119,4149.968,-193.836,92.226,71.355,50.215,22.265,88.755,29
63.091,18.894,45.986,-64.387,38.744,1499.986,-43.513,132.618,43.975,31.372,23.835,102.911,8
87.453,30.283,54.448,-68.614,49.726,1999.983,-28.707,102.574,52.502,42.808,25.235,75.0,44
27.73,34.608,85.026,127.4,69.587,3944.44,-186.137,-114.68,66.759,54.771,25.0,-109.868,55
130.949,18.229,49.798,-6.433,43.183,4999.944,-97.823,0.848,52.125,33.568,24.317,-0.615,17
21.344,18.646,23.653,-2.927,23.173,420.008,-2.98,15.774,42.241,21.444,22.057,10.853,30
56.423,19.189,102.199,-117.055,78.913,5999.937,-168.167,52.44,96.374,53.324,26.383,49.462,19
107.109,86.08,96.705,-76.038,91.226,3499.974,-74.776,61.173,76.642,86.934,25.4,50.0,45
5.042,23.283,124.163,-130.431,92.097,3499.97,-219.038,113.678,95.99,64.02,23.292,110.727,23
8.773,18.374,102.569,-9.808,71.834,100.012,-122.973,242.422,39.285,52.563,22.118,206.566,2
93.215,18.747,52.597,-92.897,45.674,2249.976,-40.151,126.113,63.327,35.859,24.456,95.33,27
85.638,70.368,96.936,-37.638,82.433,1885.602,-11.93,56.394,66.364,75.436,26.376,39.502,79
131.712,23.159,36.456,-2.965,36.047,3499.964,-45.612,1.171,45.042,31.361,23.733,-0.596,23
94.334,64.954,78.713,-83.13,72.109,2249.976,-35.464,114.428,54.329,68.058,26.058,84.588,20
91.768,18.648,31.339,-44.231,29.786,1959.989,-13.556,64.153,39.083,25.856,20.415,46.596,30
63.482,28.018,29.759,42.267,28.061,1516.398,-22.491,-85.941,28.085,27.787,24.82,-64.255,63
58.2,44.291,65.951,62.829,60.967,1570.046,-36.821,-125.903,64.544,54.432,26.466,-95.766,56
131.769,19.17,85.052,-4.192,72.053,3999.955,-59.931,1.098,88.534,53.346,25.908,-0.443,15
3.742,69.38,86.846,2.414,80.069,90.786,-2.171,2.576,77.24,72.858,27.753,1.008,68
67.466,49.919,101.897,-111.253,82.778,1986.833,-80.433,184.703,70.332,68.78,26.384,147.915,49
92.181,29.538,58.477,-92.863,51.628,3748.128,-110.715,71.125,48.801,43.201,24.947,62.43,64
98.824,56.105,80.391,-4.145,74.559,2121.257,-2.911,6.397,66.436,68.852,26.339,3.551,70
75.072,18.976,57.979,-108.154,45.986,2569.971,-99.934,130.228,49.944,36.011,21.751,110.868,32
28.348,19.224,104.463,-128.052,78.707,4499.957,-191.489,83.036,85.132,53.48,19.879,79.634,21
39.594,18.593,61.439,-124.395,45.962,5499.952,-193.033,66.198,48.125,34.094,22.969,63.889,20
83.377,49.779,80.076,101.413,72.122,3630.702,-107.654,-90.126,70.814,63.244,24.909,-79.337,48
14.791,39.855,121.562,-130.203,93.412,4999.956,-204.731,75.616,88.626,69.075,23.292,75.0,41
122.733,49.938,54.201,-46.852,52.657,3999.965,-76.888,31.13,49.69,50.499,23.376,25.0,44
87.296,19.326,72.112,-96.15,57.656,4999.953,-138.704,53.355,67.193,41.334,24.478,48.582,17
61.432,56.105,96.768,116.186,80.473,3728.25,-137.803,-104.991,71.151,68.279,28.028,-95.632,58
131.152,19.03,50.864,-6.504,44.397,4999.947,-97.101,0.976,56.117,33.808,24.808,-0.438,17
86.214,19.972,75.645,-97.956,61.489,4999.939,-136.848,53.678,77.941,44.518,26.385,48.386,6
57.951,38.177,72.677,-37.588,62.995,1273.515,-21.563,85.785,51.178,52.576,25.565,61.753,78
17.079,19.534,109.849,-130.219,81.816,3999.96,-204.544,96.908,83.719,55.889,19.878,94.363,32
4.229,18.404,19.517,1.432,18.671,100.003,-2.001,1.099,24.248,18.779,22.727,0.438,18
50.017,18.329,21.884,-0.367,21.532,999.991,-2.001,1.097,28.519,19.851,23.128,0.2,5
21.4,18.521,21.222,-2.825,19.851,419.984,-2.98,15.775,35.601,19.851,22.031,10.742,30
12.066,18.939,19.72,0.799,19.202,250.001,-2.001,1.096,23.611,19.098,22.826,0.096,13
83.803,18.53,44.406,-84.486,37.084,1999.974,-43.511,132.618,33.852,30.066,23.201,102.251,12
68.457,18.341,89.955,-109.591,68.907,5749.946,-161.565,52.171,75.725,45.986,22.584,48.948,27
107.284,85.568,95.586,-75.916,90.345,3499.97,-74.961,61.174,74.425,86.52,24.875,50.0,45
125.834,39.743,83.737,-35.549,71.482,4670.776,-88.993,18.502,72.336,57.811,27.901,14.872,53
94.102,64.995,80.227,-83.316,72.247,2249.978,-35.451,114.421,57.22,69.101,25.766,84.474,20
15.617,19.241,113.478,-129.968,85.084,3999.955,-203.611,96.643,94.509,58.266,25.659,93.504,15
89.56,65.514,75.926,-49.195,72.122,1999.981,-15.493,70.795,72.604,69.264,25.197,50.0,41
25.386,19.127,116.674,-127.56,88.691,5849.945,-190.586,59.431,104.389,58.915,24.98,57.663,27
12.143,18.651,23.328,0.878,22.258,249.981,-2.001,1.098,30.56,20.095,23.022,0.165,13
47.466,32.991,92.284,-91.118,69.576,1452.446,-97.57,212.891,63.176,54.275,26.221,172.322,54
30.103,24.677,23.307,-7.93,22.384,607.816,-5.478,30.064,23.166,22.625,22.364,20.196,62
25.047,18.675,78.162,-52.421,52.658,749.986,-122.97,242.424,28.217,38.507,22.201,206.848,27
58.389,18.34,57.563,-7.706,49.341,1199.989,-2.98,15.774,43.72,39.455,19.851,10.844,36
82.479,56.105,76.193,102.698,69.082,4316.601,-126.717,-78.833,64.387,62.448,28.009,-71.771,58
42.979,78.993,104.818,72.416,94.041,1428.654,-61.983,-172.515,77.509,85.281,25.792,-136.124,69
4.556,19.353,121.454,-130.679,89.266,3499.964,-220.809,114.041,91.94,60.717,22.413,111.574,26
127.401,18.04,62.779,-1.199,52.478,5829.805,-115.224,-3.502,57.608,38.471,26.373,-3.362,53
129.916,91.144,104.643,-19.331,98.258,4289.661,-67.471,9.928,91.172,94.38,26.455,7.281,56
46.203,45.937,86.197,122.795,71.941,2145.407,-112.345,-203.409,75.692,60.688,27.665,-171.769,74
63.822,19.496,90.479,-111.487,67.211,5999.954,-169.123,51.647,66.793,45.934,22.794,48.478,19
53.409,65.159,115.421,-120.353,97.044,3299.954,-147.713,109.85,89.597,82.53,28.042,97.938,20
66.579,19.749,77.281,-109.845,56.272,5999.956,-170.282,51.477,52.182,38.364,21.704,48.404,19
131.701,23.066,37.134,-2.971,36.693,3499.964,-45.108,1.173,48.211,31.669,23.37,-0.556,23
76.145,49.85,75.523,107.111,67.479,4223.828,-131.382,-84.06,69.186,59.43,24.639,-76.749,48
122.315,38.506,58.049,-47.62,54.236,3999.969,-76.032,31.148,61.243,46.05,24.243,25.0,44
60.38,27.061,50.918,-26.489,45.482,1286.305,-10.484,50.407,60.04,39.254,26.151,35.011,67
6.472,64.532,63.123,1.365,62.164,149.936,-2.001,1.098,58.591,62.279,26.491,0.447,20
37.487,49.865,63.89,-32.27,58.526,850.44,-34.705,111.958,68.295,54.331,25.716,83.003,49
86.878,64.932,104.791,-97.826,91.03,4999.942,-133.048,54.123,88.172,78.707,25.399,47.642,6
50.023,18.364,21.894,-0.353,21.526,999.987,-2.0,1.097,28.497,19.851,22.853,0.212,5
12.104,18.375,19.732,0.81,19.183,249.986,-2.001,1.097,23.91,18.974,22.381,0.108,13
4.171,18.709,19.851,1.521,19.654,99.976,-2.002,1.097,31.887,19.283,21.988,0.243,2
7.662,18.809,39.046,-5.41,31.343,99.989,-43.511,132.618,28.695,26.384,22.269,103.529,3
8.148,18.794,63.928,-7.614,45.986,100.028,-79.941,188.412,38.021,37.216,23.192,155.077,18
13.493,62.454,95.216,-129.96,84.218,3184.888,-211.342,128.979,80.618,72.192,26.343,125.363,76
13.669,18.116,39.424,-11.623,31.969,249.986,-43.512,132.618,31.777,26.436,23.066,103.7,13
11.9,18.626,38.647,0.931,34.566,250.035,-2.002,1.096,69.101,30.197,26.276,0.139,6
8.753,18.598,103.084,-9.807,72.119,100.012,-122.972,242.424,43.248,52.573,22.814,206.343,2
73.493,18.685,23.718,-0.245,23.731,1499.988,-2.001,1.097,31.476,22.172,23.854,-0.017,8
131.234,18.763,43.105,-5.101,39.047,4499.957,-84.454,1.036,46.917,31.345,21.753,-0.633,21
21.354,18.657,22.175,-2.872,21.444,420.0,-2.98,15.774,38.919,19.851,21.938,10.728,30
121.411,81.491,80.446,55.279,78.707,2791.055,-11.39,-57.636,47.021,78.877,25.68,-42.16,59
24.215,15.486,45.849,58.994,39.452,988.373,-89.049,-214.616,61.516,31.475,26.346,-174.171,79
130.644,43.033,78.876,1.923,71.387,3735.263,-50.877,-3.379,82.473,59.777,25.727,-3.54,73
7.67,18.903,38.742,-5.402,31.331,100.033,-43.512,132.618,27.909,26.383,21.431,103.503,3
48.478,81.47,84.318,113.626,78.779,1904.144,-89.69,-215.522,73.36,75.986,26.693,-175.015,68
37.228,25.618,82.865,-125.093,67.546,4726.447,-186.53,77.503,66.485,52.556,25.632,78.8,65
113.398,30.727,65.673,-65.191,57.05,3073.521,-52.637,60.027,61.678,45.985,26.365,46.869,68
4.178,18.26,19.738,1.477,19.095,100.006,-2.0,1.095,27.757,18.896,23.045,0.462,18
100.569,26.423,61.501,62.804,49.367,5855.056,-137.633,-38.853,56.312,39.335,24.779,-36.429,73
91.181,78.124,102.933,-16.82,95.042,2002.177,-4.6,23.173,83.824,86.215,26.279,15.25,65
51.614,29.103,60.205,-119.193,49.716,1810.346,-117.906,232.568,64.676,41.388,27.566,191.858,61
40.775,29.381,58.382,-50.896,48.661,1000.008,-58.922,161.745,45.504,39.467,26.384,125.0,42
112.154,49.737,95.675,-13.647,83.103,2410.716,-3.49,14.915,74.6,69.817,27.793,9.528,53
96.941,18.458,25.23,-0.637,25.779,1999.978,-1.999,1.096,33.756,23.242,23.876,-0.286,4
24.618,18.643,19.889,0.378,19.851,500.013,-2.002,1.097,31.08,19.844,25.924,-0.037,4
8.163,18.359,63.856,-7.613,45.986,100.023,-79.941,188.412,36.521,37.003,22.92,155.135,18
130.883,18.499,28.335,-0.869,29.705,2749.972,-1.996,1.073,39.046,25.991,24.029,-0.821,20
123.304,62.838,103.49,-33.621,90.738,4914.029,-94.618,16.179,81.526,78.967,26.261,13.314,79
72.49,49.792,70.269,-87.09,62.704,1838.563,-52.301,150.271,58.631,56.622,25.597,115.006,48
37.892,34.605,110.784,-110.207,78.971,1499.985,-144.294,271.383,53.586,59.29,23.545,225.0,43
115.595,24.562,62.554,-29.848,53.015,2479.498,-8.069,32.691,50.214,42.857,23.17,22.279,62
68.721,49.803,58.74,-37.179,56.531,1499.984,-15.493,70.796,58.939,53.297,25.157,50.0,42
86.749,65.024,104.791,-98.014,91.361,4999.948,-132.794,54.18,88.954,78.723,26.042,47.485,6
96.722,18.384,26.42,-0.812,26.98,1999.979,-1.999,1.098,39.435,24.778,23.222,-0.154,12
6.349,18.866,120.162,-130.444,89.134,3499.974,-217.346,113.162,95.396,60.646,23.632,110.558,26
128.706,52.192,79.912,9.424,65.489,5642.812,-107.478,-9.05,67.728,54.559,26.385,-8.3,68
16.051,49.741,51.281,-3.154,50.398,313.785,-4.186,25.252,56.372,49.662,24.98,16.659,48
75.919,18.402,90.607,-104.437,70.539,5999.932,-155.976,46.885,82.274,48.26,24.563,43.362,4
4.127,18.373,19.728,1.504,19.15,99.973,-1.999,1.097,26.577,18.997,19.995,0.258,2
4.137,18.319,19.851,1.494,19.745,99.971,-2.0,1.098,32.198,19.355,23.015,0.491,18
100.641,65.902,96.08,14.323,84.498,2243.228,-3.587,-16.78,72.39,74.926,26.464,-12.723,68
4.179,18.309,19.648,1.477,19.027,100.004,-2.0,1.096,26.937,19.021,22.236,0.465,18
52.21,69.492,92.056,-116.019,81.913,3320.517,-152.777,106.376,77.702,75.466,27.967,98.763,68
131.287,18.127,49.684,-6.42,43.103,4999.944,-97.296,0.976,51.865,33.389,24.574,-0.394,17
41.596,60.626,118.113,75.704,100.449,1424.364,-66.624,-182.497,81.726,84.897,27.639,-144.658,56
39.489,56.105,108.873,125.201,89.056,3583.288,-164.179,-122.001,76.982,72.122,28.147,-113.66,58
4.022,19.149,19.851,-0.526,19.26,59.987,-2.98,15.774,26.498,19.094,19.713,10.974,36
127.912,18.923,43.748,-8.277,35.825,5999.934,-122.19,0.061,34.586,26.384,23.387,-0.782,4
85.468,18.543,53.901,-100.404,44.953,2499.976,-75.801,123.372,50.133,34.829,25.191,100.509,9
8.181,18.421,63.451,-7.622,45.986,100.013,-79.94,188.413,33.439,36.697,23.245,155.16,18
12.086,18.591,19.677,0.818,19.128,250.016,-2.001,1.097,23.62,18.989,22.68,0.113,13
127.428,71.256,60.596,-0.798,57.705,5770.365,-114.001,-3.966,51.061,58.116,24.84,-3.606,72
47.315,26.845,64.826,122.421,54.269,2489.271,-132.453,-171.736,48.393,43.09,24.092,-151.279,73
107.405,70.531,83.78,-75.739,78.707,3499.964,-76.757,60.978,67.395,72.154,25.142,50.0,42
29.357,23.781,60.124,-127.232,45.93,2725.993,-195.16,153.344,30.655,36.624,23.742,144.475,75
89.968,18.642,58.897,-93.856,45.898,4999.941,-140.244,53.161,42.452,33.744,23.031,48.314,6
25.973,19.386,103.811,-128.531,73.227,3749.96,-199.758,105.534,55.423,52.574,23.181,101.945,27
7.675,19.041,38.614,-5.396,31.134,100.004,-43.512,132.618,27.182,26.384,21.47,103.463,3
20.713,39.675,89.782,-30.224,72.143,499.962,-79.937,188.412,72.135,60.843,24.357,150.0,41
4.696,18.314,25.236,-1.81,23.056,49.994,-15.495,70.796,31.556,20.904,20.424,52.471,30
31.252,18.743,56.887,-40.586,43.072,749.99,-65.982,172.999,35.245,34.258,24.441,139.541,16
23.725,18.812,29.552,-21.93,24.277,500.003,-43.512,132.617,25.842,21.419,22.059,103.587,7
83.09,18.44,49.921,-85.353,42.141,1999.984,-43.511,132.617,47.624,33.327,23.518,101.861,12
58.492,65.019,111.041,-116.145,91.72,5249.939,-164.949,63.261,78.192,78.57,28.037,58.278,20
60.931,30.231,71.93,29.421,58.997,1398.563,-11.82,-59.49,40.519,46.602,24.933,-43.593,79
27.157,56.115,101.252,128.301,84.572,4230.983,-185.401,-108.322,80.378,70.931,29.268,-103.495,58
85.583,54.941,83.623,-99.713,75.561,2326.113,-58.664,132.835,72.288,68.131,27.922,104.023,74
131.291,18.763,42.897,-5.17,38.768,4499.956,-84.536,1.051,46.95,31.307,22.084,-0.625,21
40.13,70.508,104.791,-123.971,91.527,4744.068,-180.871,77.014,73.51,80.803,26.384,74.81,60
117.868,54.949,80.321,-49.504,71.191,5828.105,-121.533,20.444,68.179,64.184,26.397,18.514,68
91.112,48.195,64.981,-94.258,54.004,2767.506,-77.521,102.92,46.454,45.986,23.93,84.024,75
34.67,34.598,79.027,-125.532,64.954,4382.937,-188.551,85.444,66.673,52.573,25.004,83.504,55
68.141,18.607,64.666,113.193,51.452,2499.976,-91.418,-149.458,53.454,38.825,25.859,-127.787,6
74.908,18.493,61.299,-108.32,49.486,2569.977,-99.863,130.194,52.75,37.925,21.999,110.698,32
4.174,18.58,20.166,1.476,19.851,99.991,-2.001,1.097,27.791,19.841,22.168,0.192,3
124.529,29.695,42.858,-42.309,39.484,3499.968,-56.785,32.296,43.159,36.227,26.385,25.0,42
4.126,18.618,19.614,1.465,19.03,100.004,-1.999,1.099,24.832,18.999,22.206,0.235,2
50.8,22.727,112.025,-121.418,91.291,3299.963,-152.484,109.301,91.15,67.924,26.415,99.595,20
84.007,28.81,68.024,-33.903,57.53,1805.148,-10.318,51.903,59.95,45.986,26.385,35.985,53
106.516,70.303,130.462,-76.681,104.791,4373.676,-96.584,46.476,95.016,89.994,27.977,39.642,56
51.426,23.922,52.014,-63.503,44.375,1287.212,-55.668,154.413,57.332,36.345,26.119,118.856,50
97.844,28.208,72.186,78.094,59.435,2463.765,-29.376,-94.784,55.307,45.782,24.893,-71.734,63
79.307,18.769,31.34,-38.362,29.698,1694.99,-13.558,64.154,43.691,25.829,22.424,46.598,29
83.112,18.352,49.645,-85.327,41.941,1999.976,-43.511,132.618,47.209,33.275,23.322,101.83,12
36.962,18.385,24.8,-0.077,23.945,749.985,-2.0,1.097,40.225,22.534,23.737,0.228,16
31.021,18.567,58.96,-40.798,45.316,749.989,-65.979,172.999,46.967,35.601,24.739,139.093,16
119.53,18.097,26.451,-0.687,27.962,2499.971,-1.999,1.097,36.31,24.837,26.057,-0.844,9
2.63,21.843,19.532,0.563,18.635,51.236,-3.54,13.473,21.387,19.02,18.505,8.797,36
85.428,18.661,53.946,-100.425,44.881,2499.971,-75.79,123.379,50.139,34.81,24.973,100.559,9
31.06,19.188,58.641,-40.806,45.075,749.988,-65.98,172.999,45.333,35.332,23.715,139.221,16
74.76,50.529,82.16,-107.415,70.652,2652.934,-97.333,124.337,68.319,60.715,25.168,104.842,64
120.98,18.779,36.492,-51.739,35.206,3103.981,-44.621,46.05,50.102,29.448,22.343,35.13,32
113.179,49.815,70.326,66.403,64.138,4392.749,-95.774,-48.209,64.277,57.448,23.561,-42.694,48
4.183,18.298,19.619,1.504,18.982,100.002,-2.002,1.098,25.262,18.712,21.704,0.238,2
118.321,27.973,80.045,56.561,69.395,3874.985,-72.762,-44.394,75.737,54.58,26.385,-37.866,66
126.249,49.852,65.195,-27.816,62.832,2704.049,-4.529,27.768,66.169,57.545,24.79,18.587,48
4.16,18.568,19.511,1.458,18.774,100.012,-2.002,1.096,25.289,19.005,21.751,0.195,3
124.88,81.403,124.457,25.944,104.791,3490.041,-42.231,-23.204,91.278,95.048,27.061,-18.901,61
87.765,24.476,96.878,-90.921,81.075,5816.814,-145.55,41.658,76.832,61.63,26.352,39.5,52
69.697,18.633,65.536,-111.477,52.571,2999.973,-124.23,113.219,54.166,39.182,22.339,100.056,14
104.635,49.852,66.913,79.226,61.538,4690.627,-112.004,-54.944,62.478,55.774,25.048,-49.787,48
85.149,16.694,84.478,-99.368,68.907,4999.942,-136.443,53.854,88.381,49.272,28.056,48.653,6
48.197,18.503,39.453,13.91,36.142,1065.0,-4.253,-34.262,55.744,30.684,22.506,-25.246,10
91.331,90.544,126.667,-94.653,111.389,3274.398,-88.346,84.281,85.354,99.746,25.416,70.768,73
111.04,34.531,76.262,-69.348,65.599,2957.074,-49.73,67.53,67.135,54.159,23.832,52.372,43
71.666,18.117,30.148,-24.236,29.281,1499.984,-7.819,43.902,49.038,25.586,22.419,31.079,10
8.15,18.665,63.946,-7.605,45.986,100.006,-79.94,188.412,37.991,37.156,23.023,155.086,18
4.198,18.478,19.543,1.479,18.995,99.976,-2.001,1.098,24.377,18.709,22.271,0.225,2
9.689,19.417,122.669,-130.011,91.826,5499.958,-203.13,65.581,108.444,60.692,22.951,64.056,24
123.454,66.579,104.791,-36.879,93.38,5163.49,-99.475,17.002,84.408,80.252,26.064,14.186,69
39.211,49.779,81.402,-68.946,67.992,1134.824,-89.903,202.565,61.117,59.419,25.277,162.906,48
9.436,19.612,122.971,-129.771,92.72,5499.942,-202.168,65.147,112.848,61.824,23.192,63.657,24
9.159,18.766,65.504,-131.023,45.701,3299.97,-226.973,127.39,45.336,32.01,24.268,125.241,27
39.5,34.483,105.012,-125.024,81.91,2125.7,-159.951,196.619,66.504,61.555,26.437,175.948,56
31.026,18.576,58.925,-40.784,45.245,749.989,-65.982,172.998,46.939,35.619,24.781,139.087,16
122.333,29.203,58.95,46.343,51.92,5291.222,-110.553,-30.096,50.928,42.132,25.965,-27.622,70
129.614,18.49,67.39,-1.18,58.589,2749.969,-1.998,1.086,52.394,45.987,23.232,-0.783,20
89.129,59.98,88.586,-96.295,82.053,2682.902,-71.067,107.833,74.633,72.122,27.811,86.916,53
130.079,18.852,67.931,-8.546,58.804,5499.943,-102.386,0.753,86.082,43.437,24.819,-0.059,24
91.765,18.426,31.316,-44.245,29.779,1959.986,-13.556,64.153,39.078,25.917,21.479,46.603,30
86.79,65.014,104.791,-97.898,91.333,4999.942,-132.883,54.113,88.796,78.709,26.022,47.499,6
8.168,18.218,63.878,-7.614,45.986,100.017,-79.941,188.412,35.863,36.928,22.606,155.141,18
73.418,49.844,85.56,108.994,72.134,3001.135,-100.257,-118.419,71.07,63.249,24.844,-101.714,48
37.162,49.582,72.086,43.236,65.588,1060.341,-38.62,-129.538,75.857,59.518,28.002,-98.82,56
91.794,35.809,88.911,93.735,72.013,5311.156,-132.048,-58.765,75.139,55.808,26.553,-54.723,65
48.7,34.535,46.002,-0.656,45.277,999.998,-2.003,1.098,59.402,41.788,23.609,0.0,43
4.679,23.3,124.15,-130.57,92.037,3499.968,-219.592,113.82,95.992,64.033,23.173,110.962,23
32.97,34.604,85.953,-49.907,72.122,863.053,-77.475,186.045,63.866,59.43,24.824,147.606,55
47.777,91.055,121.445,121.415,109.55,2963.745,-135.214,-141.49,92.915,98.295,23.813,-126.37,46
4.161,18.41,19.628,1.466,19.091,100.025,-2.001,1.097,27.387,19.013,22.985,0.451,18
92.621,30.664,84.846,92.913,71.571,3110.159,-74.287,-92.398,77.268,55.403,26.384,-76.808,74
41.618,17.318,59.429,-123.122,40.94,5499.962,-193.044,66.044,36.443,26.41,18.994,63.511,24
83.313,18.327,49.098,-85.073,39.589,1999.973,-43.511,132.618,43.238,33.023,23.174,101.989,12
84.746,50.752,93.348,-68.567,78.298,1989.702,-29.204,102.426,72.054,64.023,25.66,75.233,66
91.458,18.488,36.317,-44.438,33.757,1959.977,-13.556,64.153,45.008,28.836,21.905,46.457,30
101.755,24.759,67.183,62.041,55.852,2374.605,-15.125,-75.203,59.62,43.228,26.385,-55.224,60
36.813,80.57,122.845,-125.713,104.791,3138.482,-170.529,123.921,91.705,94.822,26.384,114.951,56
69.468,29.101,41.823,-37.387,39.452,1499.992,-15.497,70.795,54.09,36.022,24.105,50.0,45
49.979,19.044,22.289,-0.315,22.014,999.993,-2.0,1.097,29.758,19.852,23.174,0.186,5
13.668,18.125,39.382,-11.609,31.784,249.985,-43.511,132.618,30.58,26.404,22.91,103.72,13
12.116,18.595,19.819,0.756,19.182,250.002,-2.001,1.095,25.405,19.056,22.343,0.104,13
90.229,34.613,72.48,94.7,64.418,2690.296,-55.597,-109.239,67.45,52.638,23.898,-86.872,80
69.416,18.222,65.885,-111.637,52.732,2999.969,-124.401,113.163,56.162,39.448,22.817,99.952,14
101.342,71.923,84.892,81.462,78.696,2984.274,-52.604,-83.013,75.212,72.067,26.965,-66.578,68
11.776,39.603,67.622,-130.175,58.64,3036.948,-219.46,137.687,65.457,49.668,26.627,137.522,61
113.745,27.671,70.855,-62.085,59.076,4488.661,-99.919,36.294,63.61,45.211,26.185,30.992,67
37.494,18.938,107.483,-123.844,81.963,5999.955,-184.475,56.472,91.3,54.595,24.366,54.316,31
29.283,19.411,103.176,-127.886,76.968,4499.968,-191.826,83.511,79.551,52.813,19.851,79.883,21
94.14,67.995,73.749,86.8,70.628,2491.792,-36.391,-109.367,50.987,68.229,24.014,-83.458,75
73.486,18.547,23.559,-0.251,23.658,1499.988,-2.0,1.096,31.001,21.914,24.101,-0.024,8
87.463,41.675,66.474,-81.906,59.231,2096.322,-39.247,120.807,47.713,52.651,23.874,90.557,72
12.119,18.346,19.733,0.821,19.093,249.993,-2.001,1.095,24.516,18.863,23.002,0.109,13
93.055,61.292,71.535,-92.038,65.586,3318.595,-93.038,80.835,60.333,61.2,25.63,68.502,78
6.446,64.687,64.018,1.381,62.672,149.936,-2.001,1.098,60.517,62.765,26.383,0.433,20
130.564,28.987,64.27,2.511,58.268,3984.297,-63.146,-4.365,71.64,45.986,26.385,-4.467,59
37.914,34.564,86.878,-110.108,63.795,1499.991,-144.297,271.381,50.417,50.281,23.114,225.0,43
11.413,16.24,45.731,-130.443,31.304,3499.991,-226.451,120.222,28.884,23.117,19.851,118.134,26
85.511,18.514,53.895,-100.369,45.15,2499.974,-75.725,123.395,49.988,35.224,24.932,100.506,9
114.255,68.144,79.256,-63.175,75.465,2938.378,-41.908,61.642,59.333,71.522,24.051,47.242,75
24.386,18.558,28.397,36.917,24.934,772.86,-55.136,-159.822,43.569,23.126,22.312,-128.371,10
131.987,18.33,29.305,-2.089,29.72,2999.968,-17.311,1.348,39.271,25.901,23.661,-0.566,14
129.626,19.478,56.394,-8.145,48.319,5499.947,-107.727,0.604,59.65,36.242,24.176,-0.325,24
116.576,35.882,64.852,-34.279,60.621,2495.476,-6.386,37.528,67.011,52.712,26.131,25.429,66
130.007,56.105,88.493,-0.879,77.456,4910.171,-90.596,-2.698,66.974,67.149,26.368,-3.14,54
70.497,18.924,84.111,-108.04,63.883,5749.949,-162.476,51.927,63.496,44.321,22.792,48.863,27
4.147,18.702,19.847,1.521,19.601,99.975,-2.001,1.098,32.246,19.31,22.674,0.245,2
22.817,50.049,124.447,-45.659,98.199,660.807,-112.718,230.571,74.749,78.951,26.384,189.048,49
132.013,18.441,28.886,-2.047,29.525,2999.971,-17.558,1.34,37.664,25.605,24.665,-0.575,14
94.498,19.077,38.448,-1.298,37.768,1999.974,-1.999,1.097,70.497,31.337,24.048,-0.445,4
34.211,24.919,46.174,-126.363,43.101,3738.179,-189.217,103.675,55.465,36.517,26.376,99.711,60
131.792,18.408,39.373,-3.937,37.377,3999.957,-66.887,1.101,50.527,30.578,24.44,-0.567,15
61.436,49.703,71.825,-21.259,67.189,1314.19,-7.775,43.397,71.136,60.683,25.128,29.643,48
4.161,18.31,19.627,1.496,18.946,100.002,-2.001,1.096,25.319,18.7,21.444,0.247,2
108.749,78.996,104.799,72.101,97.353,4398.602,-95.004,-52.702,84.032,87.52,26.318,-46.567,65
72.445,56.284,95.176,-109.547,81.968,2187.565,-78.668,160.02,83.355,71.392,26.384,129.302,65
2.647,81.49,101.935,-0.106,91.752,92.538,-2.1,1.091,64.195,85.992,26.109,-0.006,70
59.049,27.606,65.546,23.902,54.83,1334.174,-9.277,-49.646,43.045,44.458,25.688,-36.312,67
83.09,18.069,49.765,-85.334,42.519,1999.978,-43.512,132.618,47.667,33.544,23.352,101.792,12
83.347,28.846,60.668,101.687,55.097,3754.095,-114.035,-87.672,61.121,45.66,26.474,-78.076,53
87.518,19.068,72.108,-96.107,57.712,4999.954,-138.656,53.388,67.166,41.389,24.154,48.558,17
30.12,18.802,21.534,-3.875,19.851,599.998,-2.98,15.775,30.998,19.849,19.851,10.737,36
117.128,91.224,102.897,-48.332,95.045,5589.754,-115.571,21.363,71.459,91.038,26.697,19.041,76
100.145,19.193,55.537,-80.988,45.492,5969.942,-140.514,35.59,63.398,32.182,22.751,32.8,29
8.156,18.337,63.872,-7.615,45.986,99.993,-79.94,188.412,36.601,36.989,22.486,155.129,18
4.166,18.511,19.541,1.462,18.993,100.033,-2.001,1.098,24.253,18.956,20.766,0.223,2
123.373,41.247,70.699,45.095,64.072,4408.781,-84.865,-32.486,70.49,54.17,29.095,-28.726,58
129.379,20.129,72.191,23.161,61.559,4896.954,-92.504,-16.671,70.024,45.099,26.14,-15.175,63
73.225,67.216,101.496,108.773,84.66,2463.618,-73.963,-147.917,67.633,75.399,27.353,-120.318,60
74.824,81.49,84.447,108.224,80.81,2692.036,-83.626,-133.75,59.183,78.893,25.879,-111.06,70
4.549,23.198,124.142,-130.548,91.988,3499.965,-220.027,113.927,95.003,63.974,24.659,111.08,23
55.728,54.848,104.241,113.437,88.978,1999.686,-77.9,-197.065,82.819,75.433,28.036,-158.367,56
40.184,49.903,111.426,125.303,90.944,2258.346,-131.111,-198.041,78.58,72.122,26.2,-172.254,49
48.77,18.691,24.924,13.723,24.585,1064.986,-4.25,-34.263,38.941,22.441,23.149,-25.369,10
72.289,18.935,94.944,-9.474,75.002,1499.983,-2.979,15.773,46.89,55.838,21.178,10.692,36
87.237,18.546,72.123,-96.265,58.338,4999.953,-138.464,53.374,68.518,42.415,25.108,48.537,17
51.873,19.335,85.908,-120.854,62.245,1999.974,-128.626,204.37,53.337,44.841,25.684,176.485,4
79.761,29.392,62.098,-89.963,49.829,1968.272,-49.432,144.411,42.712,41.251,25.475,110.048,69
128.573,31.959,65.61,1.356,57.469,5691.482,-109.704,-5.094,67.906,45.986,26.404,-4.832,76
72.512,48.813,75.902,109.144,67.183,3816.358,-126.585,-94.272,69.817,58.836,24.915,-85.116,80
131.487,26.139,54.644,0.508,49.37,3982.133,-65.028,-2.399,54.87,39.452,26.385,-2.859,65
99.973,71.439,92.977,-85.259,88.078,3284.418,-77.216,73.798,84.268,81.963,26.642,60.724,56
28.921,19.095,98.651,-128.026,74.764,4229.962,-191.535,89.154,79.409,52.001,23.242,86.032,29
83.091,18.558,49.76,-85.343,42.429,1999.977,-43.515,132.617,47.672,33.516,23.513,101.781,12
8.97,18.139,128.348,-8.881,83.743,59.979,-166.065,301.704,26.104,56.024,19.3,259.676,36
19.457,19.015,118.0,-129.498,88.433,5749.945,-196.906,62.287,99.397,58.616,24.886,60.631,20
13.692,18.467,39.404,-11.633,32.031,250.029,-43.513,132.617,30.721,26.57,23.155,103.722,13
130.185,46.269,83.525,11.146,72.122,5109.819,-94.154,-9.759,75.211,61.574,27.02,-9.074,65
43.463,19.142,42.8,-43.066,34.963,1000.0,-43.513,132.618,37.294,29.009,22.649,103.139,5
53.384,52.254,79.074,119.001,72.122,2100.945,-95.176,-201.014,64.804,65.589,26.369,-165.925,70
49.946,18.753,22.183,-0.347,21.676,999.99,-2.0,1.097,30.18,19.851,23.166,0.171,5
97.237,18.411,25.116,-0.429,25.622,1999.981,-2.002,1.097,33.285,23.245,23.37,-0.089,12
91.106,29.143,63.914,-94.456,53.5,2531.055,-62.673,112.897,58.701,43.524,26.382,89.37,53
70.401,40.921,90.511,110.493,75.023,3361.786,-116.374,-107.571,75.418,60.093,27.023,-95.107,54
125.119,39.509,86.914,-4.601,72.122,5797.646,-113.561,-2.841,70.056,58.701,27.089,-2.973,53
119.546,19.019,26.387,-0.679,27.722,2499.972,-1.999,1.098,35.655,24.828,26.371,-0.851,9
87.044,64.83,102.632,-97.597,88.548,4999.948,-133.07,54.073,86.041,77.096,24.883,47.49,6
48.174,50.485,91.783,-118.677,75.297,2040.516,-143.503,203.817,57.908,62.233,25.361,177.505,65
91.453,50.43,83.927,92.696,70.072,5527.681,-139.503,-57.849,60.971,60.713,25.516,-54.307,65
35.493,19.856,90.912,-125.606,64.96,5499.962,-193.581,66.372,57.977,43.24,19.851,63.827,24
31.112,24.812,77.187,-126.635,59.359,3688.265,-190.421,104.81,64.109,44.08,25.725,101.337,65
67.297,18.177,68.094,113.674,54.179,2499.967,-91.813,-149.359,59.443,39.456,25.662,-127.573,6
43.353,19.128,98.627,-123.277,75.584,5119.954,-178.248,67.865,85.129,52.557,23.351,64.918,31
29.238,34.562,75.867,-126.724,61.5,2596.957,-186.285,157.568,66.483,49.398,25.372,146.64,55
83.107,18.414,49.523,-85.306,42.033,1999.976,-43.511,132.617,47.011,33.487,23.224,101.873,12
126.981,46.646,80.572,-28.407,71.393,5457.567,-105.245,11.081,74.338,60.296,27.095,8.979,65
121.971,28.83,68.196,-36.731,57.456,4586.86,-94.453,20.171,58.13,45.708,26.384,17.028,53
29.367,18.797,111.83,-71.425,78.707,994.992,-131.783,253.597,50.782,55.834,22.353,215.367,30
61.73,29.29,78.773,-104.39,61.582,1798.995,-83.296,192.307,61.116,46.279,26.426,153.752,56
21.125,46.434,74.862,-6.79,64.006,426.818,-7.361,40.483,70.871,51.925,26.385,27.644,74
95.562,18.578,49.808,-90.199,42.77,3403.972,-96.633,76.224,48.79,33.385,21.49,65.149,32
4.187,18.319,21.836,1.487,19.878,99.989,-1.999,1.099,34.643,19.851,22.182,0.507,18
31.036,18.74,58.801,-40.822,45.208,749.999,-65.982,173.0,46.2,35.37,24.675,139.175,16
13.056,19.824,123.53,-26.846,80.21,300.016,-166.066,301.703,31.229,54.313,19.803,258.652,36
8.175,18.269,63.723,-7.613,45.986,100.011,-79.941,188.412,34.966,36.988,22.924,155.215,18
17.699,40.075,109.912,-129.602,83.363,4499.962,-207.288,86.862,65.526,62.613,23.16,88.743,41
69.781,30.722,67.016,31.706,59.098,1607.213,-11.029,-55.125,60.148,48.041,26.383,-40.386,68
11.361,34.827,37.608,-10.551,34.488,191.225,-57.865,158.389,28.396,33.699,23.984,122.355,55
31.122,18.52,58.453,-40.782,44.829,749.997,-65.982,172.999,43.652,35.162,24.678,139.302,16
30.923,18.709,38.415,-27.097,32.178,674.998,-39.04,120.304,35.711,27.101,21.415,93.202,30
23.634,18.599,39.694,-22.081,33.013,499.986,-43.511,132.618,35.812,27.852,23.597,103.325,7
101.335,48.729,78.664,-81.032,65.588,2392.035,-30.489,100.828,69.465,57.516,24.904,74.563,80
48.767,18.638,24.957,13.717,24.787,1064.982,-4.251,-34.264,39.299,22.509,23.109,-25.357,10
38.354,49.546,98.334,-54.315,82.288,993.434,-66.423,173.952,75.171,69.544,25.602,135.808,48
87.028,18.897,72.111,-96.439,57.519,4999.954,-138.418,53.405,65.915,41.739,23.173,48.624,17
-3.791,41.075,104.014,5.022,82.692,116.408,-115.867,-246.693,79.161,64.867,26.308,-204.502,74
53.148,18.466,33.425,-35.616,29.972,1149.981,-23.016,90.022,41.603,25.923,24.798,67.453,27
86.162,65.05,104.791,-98.565,92.095,4999.946,-132.62,54.08,90.637,79.023,26.005,47.504,6
15.443,19.086,113.473,-130.071,84.478,3999.96,-204.678,97.082,91.508,57.572,24.02,93.922,15
33.927,18.675,54.872,-125.566,41.175,5746.456,-199.643,64.077,48.314,31.294,23.373,62.152,11
16.827,50.24,88.067,42.016,71.764,741.655,-84.65,-207.035,64.918,61.569,25.585,-167.457,65
51.056,64.579,102.461,-120.459,87.774,3118.657,-150.221,118.217,80.617,77.37,24.663,107.518,80
49.501,19.164,87.079,-61.773,70.187,1249.984,-52.044,150.341,93.268,51.733,23.965,115.711,27
20.388,59.434,80.023,-17.311,71.582,429.024,-36.485,116.033,71.621,65.195,24.417,86.354,81
130.252,33.032,79.784,-15.358,68.449,4327.916,-76.204,7.443,64.488,55.073,26.278,5.281,54
72.12,19.167,128.029,-9.584,86.801,1499.989,-3.076,16.018,46.873,58.743,21.289,10.859,36
53.373,91.174,124.393,-120.111,109.93,3379.739,-149.154,107.995,82.25,99.631,28.073,98.5,58
7.682,18.976,38.75,-5.389,31.322,100.026,-43.512,132.618,27.247,26.383,21.883,103.535,3
4.019,19.218,19.851,-0.536,19.384,59.985,-2.98,15.774,26.521,19.181,19.701,10.971,36
34.341,47.799,72.19,6.009,63.545,770.377,-3.298,-20.071,70.66,52.563,26.384,-14.972,74
96.866,18.64,25.612,-0.674,25.918,1999.977,-2.001,1.098,34.572,23.534,23.633,-0.296,4
109.531,43.826,80.81,38.066,70.662,2479.276,-8.899,-44.091,65.685,59.476,25.166,-32.428,63
27.683,19.979,104.791,-127.845,78.708,5499.96,-195.538,66.409,78.655,52.572,19.851,64.071,24
108.662,59.633,82.808,70.17,74.069,4907.165,-110.598,-47.586,71.427,66.887,24.742,-43.302,81
67.11,18.154,67.729,113.778,54.092,2499.97,-91.864,-149.345,59.718,39.452,25.887,-127.63,6
38.283,18.877,104.947,-123.392,81.645,5999.944,-184.08,56.299,90.876,54.299,23.493,54.14,31
39.112,39.871,67.699,-45.216,60.632,939.51,-54.148,152.703,60.579,52.571,25.631,117.279,69
93.999,18.537,33.153,-91.753,28.233,3499.973,-105.537,77.084,27.704,23.503,21.065,67.036,20
119.601,18.604,26.382,-0.692,27.2,2499.97,-2.0,1.099,35.511,24.785,26.04,-0.837,9
4.154,18.621,19.444,1.44,18.734,99.994,-2.0,1.097,23.955,18.81,22.287,0.186,3
67.614,39.583,46.358,-10.275,45.986,1413.678,-3.323,18.637,56.113,44.359,26.824,12.012,56
36.511,86.411,82.986,124.018,75.684,4315.089,-178.956,-103.689,64.842,73.3,25.981,-98.866,65
119.626,18.82,26.383,-0.73,27.079,2499.97,-2.0,1.096,35.509,24.806,26.324,-0.828,9
53.591,65.08,124.497,-119.397,103.436,5249.934,-164.567,63.751,98.755,85.14,29.421,58.647,20
15.721,18.731,113.394,-129.976,85.051,3999.962,-203.587,96.647,94.371,58.019,25.148,93.452,15
68.171,19.293,58.449,113.174,45.986,2499.97,-91.706,-149.383,49.895,35.791,25.734,-127.918,6
107.21,24.686,55.792,72.837,45.986,4959.189,-119.551,-48.793,42.54,37.764,23.117,-44.937,62
29.432,18.843,68.651,-71.044,45.926,995.0,-131.782,253.597,39.572,33.298,22.348,216.864,30
128.45,19.229,65.188,-8.896,54.468,5999.938,-115.267,0.32,70.178,39.445,25.04,-0.45,19
52.545,30.668,87.299,-86.556,71.405,1499.979,-79.938,188.413,70.969,56.29,24.866,150.0,41
15.849,53.67,119.116,129.822,96.794,3582.068,-194.206,-130.565,90.001,78.707,27.967,-124.838,65
72.234,80.685,112.26,-109.823,101.777,3017.956,-110.212,108.859,92.018,92.309,26.848,94.172,56
49.026,24.356,105.56,-121.72,80.39,2331.994,-142.152,167.857,68.132,57.587,26.385,148.685,56
93.339,19.144,51.12,-92.573,44.412,2249.978,-40.344,126.085,59.02,34.773,24.833,95.561,27
83.092,19.317,49.75,-85.313,42.279,1999.975,-43.512,132.618,47.681,33.528,23.759,101.785,12
19.194,19.321,120.241,-129.016,90.242,5749.941,-195.824,61.909,104.241,59.753,24.47,60.061,20
57.534,73.839,98.27,110.179,89.084,2238.759,-87.469,-166.867,79.829,81.177,26.185,-137.809,69
31.651,56.228,119.455,127.75,97.099,2463.974,-153.806,-185.163,90.421,79.158,28.756,-166.628,58
69.199,65.771,101.133,-111.912,85.179,1999.988,-79.309,187.938,54.433,75.603,23.796,150.0,45
24.603,18.331,19.868,0.325,19.851,499.994,-2.001,1.097,32.188,19.835,25.646,-0.047,4
23.634,18.248,39.452,-21.997,32.586,499.991,-43.511,132.617,33.679,27.182,23.145,103.287,7
37.895,34.471,113.88,-110.254,81.865,1499.996,-144.293,271.382,54.468,61.078,23.211,225.0,43
68.387,18.593,26.655,113.034,24.134,2499.975,-92.897,-149.082,44.522,19.891,26.073,-128.625,6
58.298,35.388,71.986,-113.075,59.773,5708.418,-173.401,55.603,63.297,47.399,26.276,54.18,70
39.299,79.55,104.791,-35.08,95.471,906.671,-36.296,116.196,70.0,88.65,26.385,86.437,58
72.662,81.49,104.912,-77.213,96.785,1808.353,-43.513,133.826,67.837,90.139,25.787,100.879,59
128.511,49.977,92.552,-26.988,81.669,4262.549,-71.369,14.77,84.82,68.827,25.761,11.272,48
10.023,18.88,78.489,-11.697,55.778,149.985,-99.215,216.05,28.821,42.272,19.851,181.504,30
131.77,18.655,34.358,-3.073,33.893,3499.966,-45.363,1.174,48.284,28.56,23.174,-0.546,26
123.287,24.974,48.217,-36.436,40.172,5574.791,-114.802,15.005,59.618,33.044,26.384,12.976,60
8.177,18.372,63.67,-7.616,45.986,99.98,-79.94,188.413,34.597,36.956,23.178,155.225,18
95.318,40.978,91.774,88.628,76.144,4975.615,-123.627,-58.579,75.198,61.52,26.795,-53.915,54
64.832,25.615,26.203,114.775,23.752,2339.028,-93.56,-167.908,23.717,23.606,23.165,-140.02,80
10.009,18.739,79.193,-11.73,58.439,150.005,-99.215,216.052,33.994,44.385,19.968,181.38,30
83.173,19.313,49.257,-85.169,41.399,1999.986,-43.514,132.617,45.54,33.172,24.84,101.676,4
12.082,18.53,19.652,0.835,19.078,250.015,-2.0,1.099,23.804,18.958,22.5,0.105,13
15.571,18.734,113.764,-130.038,84.781,3999.962,-204.282,96.914,92.596,57.665,24.748,93.753,15
130.665,19.332,50.619,-6.36,44.404,4999.95,-96.501,0.772,55.689,33.891,23.998,-0.519,17
15.727,19.264,113.376,-129.958,84.49,3999.953,-204.296,96.935,91.654,57.592,23.9,93.747,15
122.332,38.398,58.991,-47.889,55.846,3999.967,-75.49,31.172,65.017,48.844,25.657,25.0,44
63.112,18.187,45.986,-64.373,38.774,1499.989,-43.514,132.618,43.694,31.351,23.434,102.919,8
26.531,50.376,73.182,-128.326,61.769,3923.462,-200.71,101.807,45.75,55.006,25.179,105.366,65
124.908,49.789,75.653,-31.23,67.232,5152.582,-102.116,14.012,68.761,59.008,27.578,11.702,53
109.653,49.798,74.759,64.746,66.253,4776.463,-107.927,-45.07,68.979,58.908,27.328,-41.091,53
98.667,64.844,75.268,84.708,70.54,3706.499,-90.391,-73.037,70.023,65.559,26.739,-63.147,68
68.755,18.889,90.266,-109.432,69.277,5749.948,-160.951,52.185,77.763,46.099,23.101,48.839,27
124.497,29.56,42.942,-42.312,40.465,3499.967,-56.869,32.289,43.013,36.376,26.384,25.0,42
8.767,19.004,102.569,-9.813,71.947,99.999,-122.972,242.424,40.427,52.57,22.746,206.491,2
120.381,26.869,42.99,22.686,39.452,2604.292,-4.413,-22.454,49.507,34.702,24.829,-16.711,72
43.232,16.6,45.856,-122.478,32.366,5499.956,-193.032,65.984,31.098,22.693,18.485,63.527,24
122.288,27.564,74.698,-40.222,59.883,4579.485,-92.405,21.534,61.099,45.902,26.027,17.89,67
12.019,49.671,65.588,10.468,61.605,362.25,-24.573,-91.751,68.885,57.137,26.908,-68.545,56
93.467,18.262,45.43,-92.305,37.906,3499.971,-105.132,77.177,34.773,29.887,21.978,66.975,20
119.592,18.093,26.385,-0.667,27.496,2499.972,-2.001,1.097,35.515,24.791,26.297,-0.832,9
99.392,19.017,77.317,-81.594,61.65,5969.95,-138.705,35.675,72.701,43.539,22.261,32.648,29
99.62,32.653,79.842,-81.81,64.097,4736.396,-121.057,47.309,61.044,50.037,26.341,42.78,54
74.306,46.073,80.654,104.872,72.122,3010.481,-98.488,-113.005,75.573,62.743,27.749,-97.432,74
63.278,18.535,45.495,-64.201,37.88,1499.987,-43.511,132.618,38.993,30.759,22.599,103.076,8
85.493,19.459,53.748,-100.368,44.911,2499.979,-75.792,123.378,49.709,35.184,25.112,100.507,9
24.961,81.49,96.878,-24.202,90.087,549.142,-43.857,134.117,59.101,85.347,26.001,101.173,59
105.129,39.727,69.667,-77.951,58.672,4251.76,-104.349,50.068,60.181,50.318,25.65,43.352,69
103.899,32.827,64.977,77.743,53.957,4053.416,-99.868,-61.543,44.381,44.34,25.871,-54.529,54
16.975,40.09,117.319,-129.651,89.244,4499.968,-205.928,86.293,73.871,66.765,23.032,88.411,41
91.571,18.714,33.04,-44.378,31.394,1959.984,-13.557,64.154,42.742,26.386,19.857,46.498,30
88.1,19.034,71.305,-95.615,56.27,4999.947,-138.668,53.368,61.698,39.455,23.191,48.434,6
42.469,18.978,100.571,-123.579,76.716,5119.952,-178.325,67.944,87.989,52.573,23.225,64.991,31
3.607,19.025,122.103,-130.8,89.394,3499.976,-222.814,114.51,89.221,60.587,22.047,112.191,26
27.581,60.644,123.706,64.203,102.597,1122.882,-83.096,-204.513,81.278,85.911,27.853,-165.181,56
27.701,18.909,104.791,-128.043,79.12,4499.96,-191.394,82.972,88.434,54.207,21.519,79.496,21
48.781,18.945,24.926,13.702,24.595,1064.999,-4.25,-34.263,38.716,22.423,23.166,-25.371,10
131.33,18.806,42.766,-5.227,38.285,4499.955,-84.734,1.042,44.647,31.027,21.504,-0.55,21
80.49,80.471,83.833,78.552,80.371,2128.444,-33.596,-116.237,61.695,79.428,26.006,-88.057,66
4.981,65.097,104.791,21.746,89.372,390.261,-91.633,-218.767,76.278,78.709,27.778,-177.93,56
110.458,29.802,74.182,17.196,58.787,3024.706,-39.681,-22.095,49.25,45.62,24.888,-14.31,64
45.264,90.968,111.081,122.812,101.313,3195.274,-145.898,-133.792,88.596,95.152,24.484,-121.432,46
36.981,29.706,85.163,-99.121,62.411,1379.595,-136.038,259.739,52.462,46.004,25.016,215.165,79
31.3,59.922,108.38,-125.712,90.877,2047.712,-171.822,207.357,88.998,76.51,27.979,186.994,61
-13.419,19.308,136.23,-130.223,95.488,2849.976,-260.135,147.14,86.073,63.704,21.853,146.598,29
13.67,18.373,39.438,-11.63,32.002,249.983,-43.511,132.618,31.69,26.441,23.177,103.659,13
8.141,18.494,63.997,-7.613,45.986,100.032,-79.941,188.412,38.368,37.118,23.184,155.099,18
30.851,18.937,103.04,-127.348,77.043,4749.958,-190.816,77.882,79.001,52.574,22.473,75.155,31
67.449,18.505,39.246,94.995,32.263,1952.179,-55.135,-159.823,43.757,26.255,22.423,-128.637,10
23.517,53.617,93.132,-129.073,80.268,2618.183,-195.317,159.129,81.723,68.326,26.189,149.586,79
6.444,39.631,66.775,-129.951,58.602,2846.884,-229.435,148.643,65.586,49.596,26.53,143.981,61
24.314,34.497,58.446,-0.322,53.234,500.023,-2.003,1.096,62.712,45.986,24.011,0.0,43
43.838,40.894,65.935,122.977,58.611,3192.637,-155.645,-133.587,64.939,50.969,26.559,-122.759,54
8.145,18.602,63.979,-7.609,45.986,99.968,-79.941,188.412,38.143,37.032,23.16,155.061,18
121.17,45.518,71.144,-40.758,62.488,4878.642,-100.922,20.742,65.262,54.129,23.588,17.609,80
85.655,18.871,53.594,-100.185,44.512,2499.977,-75.634,123.43,48.309,34.561,24.759,100.652,9
0.562,19.23,101.766,-131.125,70.837,2703.971,-243.828,159.404,63.322,49.287,21.83,157.074,32
19.263,18.53,24.8,-4.317,23.304,374.989,-4.823,29.998,44.554,21.864,23.593,20.922,20
78.035,28.729,62.806,-49.991,56.658,1733.231,-19.646,82.41,66.538,45.999,26.399,58.982,56
121.563,68.313,75.068,-49.444,70.596,3507.946,-58.408,38.526,50.747,68.672,23.932,30.081,75
8.177,18.722,63.684,-7.612,45.986,99.97,-79.941,188.412,34.906,36.957,22.407,155.219,18
26.373,19.324,26.359,-8.603,24.845,524.979,-7.818,43.902,44.047,23.192,22.353,31.158,10
20.207,18.844,117.854,-129.198,88.27,5749.938,-196.41,62.091,98.673,58.364,25.555,60.476,20
41.885,23.996,90.352,-124.182,71.427,3499.973,-172.309,107.149,71.651,52.85,24.686,100.0,41
69.295,30.13,52.14,111.393,45.619,3350.234,-121.561,-109.199,55.046,38.526,24.706,-97.091,73
42.306,49.709,83.703,59.882,72.124,1291.856,-51.68,-152.066,73.174,64.017,27.227,-118.429,56
13.285,18.954,114.509,-130.404,84.565,3299.965,-210.908,121.87,85.368,58.096,25.117,118.199,27
4.132,18.397,19.84,1.47,19.419,99.999,-1.999,1.098,30.76,19.18,22.326,0.483,18
43.691,19.463,36.796,-42.869,30.297,999.998,-43.513,132.617,29.554,25.66,21.24,103.455,5
28.598,19.033,104.698,-127.871,78.842,4749.964,-191.779,77.826,84.727,53.468,21.952,75.199,31
131.286,18.831,43.174,-5.154,39.006,4499.958,-84.416,1.045,46.838,31.344,21.531,-0.637,21
48.355,34.199,72.176,-120.705,62.027,3916.792,-167.551,93.13,61.993,54.118,26.328,87.499,70
8.728,18.339,91.043,-9.736,62.144,99.988,-122.972,242.424,27.192,45.258,21.817,207.338,2
57.233,35.798,86.57,-118.276,67.508,2509.943,-132.845,151.036,49.042,54.091,25.591,132.942,58
14.687,39.811,120.725,-130.2,92.233,4999.966,-204.448,75.494,87.149,68.608,23.203,75.0,41
22.874,35.497,71.771,-128.744,61.276,4510.902,-203.376,86.063,61.646,54.125,26.342,88.027,70
8.193,18.166,62.919,-7.607,45.986,99.969,-79.94,188.412,29.994,36.331,22.489,155.428,18
64.364,80.612,89.85,72.595,84.399,1783.686,-39.526,-131.12,64.9,81.267,26.016,-100.186,66
4.194,18.658,19.457,1.47,18.74,99.996,-1.999,1.098,23.989,18.832,22.252,0.186,3
128.423,56.105,92.856,27.316,83.385,4612.576,-83.045,-20.277,78.543,72.114,28.009,-18.175,58
72.663,18.504,42.877,-109.611,33.902,2999.978,-123.557,113.212,29.727,26.376,21.361,100.306,14
4.178,18.276,19.463,1.431,18.703,99.991,-2.0,1.099,23.685,18.709,22.726,0.435,18
1.431,21.765,124.056,-131.076,88.688,3499.977,-229.448,116.89,75.838,60.893,21.571,114.417,23
14.028,50.394,91.161,51.942,72.122,824.398,-115.149,-244.917,53.516,62.962,25.641,-203.105,51
38.326,67.713,94.805,-122.507,84.78,4566.097,-181.129,78.854,81.872,75.512,26.385,76.72,65
66.381,49.969,93.094,113.256,82.426,3403.314,-122.885,-109.905,78.974,70.373,25.861,-97.947,49
86.372,65.03,104.791,-98.396,92.503,4999.948,-132.565,54.179,91.834,79.211,26.178,47.555,6
97.241,18.081,25.314,-0.415,25.755,1999.976,-2.001,1.097,32.99,23.205,23.178,-0.086,12
4.696,18.686,25.923,-1.813,23.29,49.996,-15.496,70.795,32.559,21.668,21.573,52.45,30
13.677,18.219,39.368,-11.636,31.796,250.018,-43.513,132.619,31.419,26.387,23.19,103.689,13
23.639,18.559,39.514,-22.072,33.049,499.994,-43.512,132.619,35.812,27.808,23.337,103.358,7
30.965,18.436,54.143,-27.079,44.643,674.995,-39.04,120.303,35.397,36.885,21.508,93.066,30
83.095,19.05,49.667,-85.324,42.103,1999.984,-43.512,132.617,47.407,33.366,23.519,101.825,12
83.139,18.723,49.468,-85.269,42.096,1999.981,-43.514,132.618,46.683,33.441,23.209,101.844,12
68.877,18.71,22.933,112.705,19.863,2499.138,-92.638,-149.132,44.365,19.843,26.033,-128.78,6
110.462,49.967,78.729,70.282,69.257,4887.016,-109.21,-46.978,67.082,59.891,25.67,-42.603,49
31.026,18.714,58.868,-40.769,45.306,749.983,-65.979,172.999,46.961,35.586,24.799,139.066,16
21.411,18.25,21.294,-2.837,19.851,419.988,-2.979,15.773,34.945,19.85,22.014,10.774,30
27.636,91.656,112.806,-67.669,95.468,956.435,-130.712,252.83,63.664,89.285,26.248,209.097,52
44.358,18.446,28.036,-5.737,26.385,899.99,-2.98,15.775,37.96,24.444,19.851,10.762,36
69.177,19.085,88.56,-109.162,67.587,5749.948,-161.761,52.102,72.321,45.986,22.298,48.859,27
6.037,80.556,78.2,3.504,75.715,190.68,-11.482,-58.843,57.798,76.342,25.87,-43.009,66
34.523,54.833,103.927,-122.585,91.463,4165.173,-183.242,87.195,84.577,78.923,27.824,88.317,68
19.59,55.22,114.604,-33.463,92.639,500.014,-99.217,216.052,74.73,78.604,24.638,175.0,41
25.407,18.97,103.163,-128.612,76.375,3749.959,-197.099,104.302,70.14,52.895,23.865,100.416,27
95.574,18.74,54.156,-88.467,45.942,3435.001,-96.657,74.289,54.875,36.005,26.383,63.427,53
131.386,18.719,60.705,-5.473,53.883,4499.957,-79.778,1.035,75.197,41.311,22.506,-0.492,21
8.795,29.52,58.301,-11.197,36.335,98.368,-163.24,296.33,26.308,28.896,24.748,246.044,79
6.482,64.516,63.098,1.391,62.048,149.943,-2.0,1.098,58.444,62.273,27.431,0.447,20
89.1,41.288,70.78,91.071,58.053,5879.045,-145.758,-54.264,59.222,45.986,25.703,-51.236,76
98.942,87.149,103.747,82.084,94.339,5670.172,-130.497,-50.412,72.752,88.335,24.19,-47.024,80
131.804,18.519,32.495,-2.974,32.104,3499.964,-46.345,1.173,40.399,26.479,23.344,-0.569,26
88.162,28.083,64.299,-90.574,51.321,5067.037,-142.433,50.395,42.919,39.455,24.848,47.269,63
6.306,18.627,120.275,-130.399,89.297,3499.973,-217.423,113.197,95.195,60.652,23.189,110.552,26
26.206,19.266,104.791,-128.442,80.987,4749.955,-192.934,77.756,90.085,55.012,23.575,75.196,27
31.23,19.043,57.418,-40.598,43.531,749.989,-65.981,173.0,37.058,34.494,24.822,139.482,16
120.864,18.772,39.452,-52.235,38.719,3103.963,-43.878,46.106,57.745,31.553,22.555,35.079,32
47.734,79.547,102.899,-35.492,93.915,1081.668,-26.267,96.461,70.191,87.641,26.385,70.19,58
86.145,65.1,104.791,-98.635,92.444,4999.94,-132.391,54.107,92.022,79.237,27.307,47.443,6
24.932,18.715,28.87,-12.851,26.383,499.995,-15.496,70.796,53.46,23.883,26.105,51.51,6
11.496,19.326,127.986,-131.203,81.37,1799.982,-243.072,267.529,46.836,53.178,21.769,251.396,36
110.261,45.833,85.37,71.141,75.582,4083.652,-86.761,-54.2,81.447,63.918,26.385,-47.066,57
14.768,59.911,124.988,46.13,101.792,772.236,-96.583,-223.865,78.081,84.575,26.763,-183.024,56
121.68,50.121,97.894,-47.36,88.386,4236.284,-79.503,28.469,79.534,75.059,26.384,23.006,74
59.124,89.323,115.845,57.023,104.791,1606.474,-31.319,-110.193,87.41,97.573,24.916,-83.372,75
79.239,56.094,81.422,-43.571,72.388,1756.937,-15.52,69.93,73.244,65.705,26.392,49.438,54
44.586,18.484,22.406,-5.727,21.841,899.988,-2.98,15.773,30.593,19.851,19.851,10.931,36
50.21,18.719,60.583,-61.278,49.9,1249.984,-52.046,150.342,77.714,38.515,23.238,116.947,27
67.408,50.308,82.223,-107.535,65.583,5087.224,-161.326,60.851,48.501,56.453,25.277,58.977,65
61.19,18.54,75.746,-115.316,57.472,3999.971,-156.476,85.816,51.134,41.231,21.61,79.384,10
8.144,18.749,63.907,-7.601,45.986,100.022,-79.941,188.412,38.355,37.09,23.163,155.076,18
63.43,38.141,87.124,-100.072,68.93,1791.298,-75.522,183.138,67.603,56.167,26.384,144.984,68
24.682,18.814,31.817,0.489,28.705,500.004,-2.001,1.097,35.214,25.805,23.22,0.112,7
44.45,18.652,24.032,-5.694,23.371,899.99,-2.98,15.773,35.46,22.115,19.851,10.772,36
91.86,67.977,83.716,-82.321,74.444,5780.409,-144.788,38.153,54.419,69.146,23.952,36.435,75
49.273,18.658,27.826,-0.283,26.375,999.991,-2.0,1.098,37.547,24.287,23.189,-0.012,5
124.732,49.913,58.634,-40.914,53.996,3351.485,-46.924,32.725,55.774,50.947,25.313,24.858,66
23.13,91.074,93.928,-0.173,91.758,499.998,-1.999,1.098,80.612,89.195,24.732,0.0,44
52.53,30.357,87.446,-86.589,71.737,1499.981,-79.938,188.413,70.854,56.803,24.808,150.0,41
36.521,28.241,26.339,30.25,25.419,925.262,-26.078,-90.369,26.273,25.768,25.675,-68.065,69
4.142,18.339,19.851,1.492,19.746,100.019,-2.001,1.095,32.197,19.35,23.01,0.488,18
17.761,39.986,104.791,-129.634,81.75,4499.963,-207.631,87.027,63.862,61.676,22.663,88.842,41
119.621,18.224,26.388,-0.714,27.806,2499.968,-2.001,1.098,35.654,24.806,26.367,-0.826,9
4.081,18.203,29.905,1.469,27.795,99.997,-1.999,1.098,42.489,25.596,22.505,0.193,2
65.733,28.892,56.632,22.659,51.009,1483.487,-8.181,-42.212,61.838,43.068,26.525,-31.07,53
86.392,65.05,104.791,-98.384,92.493,4999.945,-132.638,54.121,92.097,79.18,26.384,47.564,6
13.027,19.703,121.96,-26.821,78.706,300.007,-166.066,301.703,30.867,53.226,19.814,258.618,36
22.916,19.251,119.112,-129.241,83.989,2249.994,-202.773,192.451,61.737,57.99,19.839,181.548,32
4.129,18.879,19.848,1.543,19.481,100.001,-1.999,1.098,29.871,19.245,22.308,0.246,2
131.995,18.983,43.212,-2.275,39.59,2999.969,-15.135,1.341,54.103,33.772,23.261,-0.587,14
8.137,18.402,64.012,-7.608,45.986,100.027,-79.941,188.412,38.477,37.076,23.457,155.072,18
26.534,19.087,115.081,-127.83,86.777,5849.943,-192.555,60.179,94.463,58.151,25.761,58.526,27
49.786,18.512,22.878,-0.308,22.509,999.993,-2.002,1.097,33.177,19.852,22.923,0.115,5
130.866,41.628,60.056,13.964,58.489,3578.607,-46.731,-12.676,70.922,52.571,28.142,-10.983,58
63.266,18.345,45.714,-64.132,38.04,1499.986,-43.513,132.617,39.985,31.325,19.851,103.03,8
57.307,19.65,100.894,-116.341,78.707,5999.94,-167.853,52.381,94.928,53.115,25.872,49.209,19
1.243,54.98,88.708,-1.987,76.225,80.223,-5.988,14.703,68.181,65.601,26.391,10.253,68
131.781,23.163,36.529,-2.977,36.162,3499.964,-45.455,1.17,44.772,31.395,23.222,-0.574,23
7.543,48.001,60.585,39.126,52.497,607.683,-126.559,-259.233,49.561,49.328,26.335,-216.073,68
70.019,78.989,103.579,109.122,91.714,4052.187,-132.064,-90.817,76.743,84.485,25.708,-82.801,69
130.339,18.232,70.636,-6.248,57.764,4999.947,-94.378,0.677,68.763,42.046,25.11,-0.471,17
4.022,19.342,26.384,-0.545,24.81,59.984,-2.98,15.774,27.904,23.551,19.363,10.903,36
100.666,49.652,79.127,81.022,69.588,4838.457,-117.113,-54.934,69.121,60.157,27.875,-50.304,53
131.804,18.635,32.174,-3.008,31.615,3499.966,-46.445,1.174,39.27,26.385,23.458,-0.521,26
4.178,18.561,19.441,1.502,18.876,100.011,-2.0,1.099,23.631,18.84,21.855,0.244,2
87.48,30.001,51.344,-68.648,45.986,1999.986,-28.707,102.574,51.931,39.463,24.503,75.0,44
13.667,18.443,39.41,-11.622,31.782,249.978,-43.511,132.618,31.758,26.385,23.187,103.7,13
29.159,19.52,85.777,-127.739,63.191,4149.968,-194.776,92.611,64.292,43.474,19.851,89.276,29
109.106,19.02,48.919,-73.661,43.097,3749.968,-87.541,53.913,56.154,33.761,23.577,45.081,27
23.644,18.565,39.497,-22.076,32.96,499.994,-43.511,132.617,35.402,27.755,23.181,103.31,7
131.139,18.57,27.993,-0.783,29.098,2749.97,-1.993,1.072,37.689,25.713,23.796,-0.793,20
12.074,18.499,19.844,0.803,19.357,249.983,-2.001,1.096,26.953,19.131,23.044,0.127,13
61.89,49.79,59.265,-64.251,56.317,1499.988,-43.51,132.615,58.262,53.053,25.319,99.998,42
-1.244,26.319,51.523,0.715,45.986,14.195,-1.999,1.093,54.804,39.02,24.578,-0.0,73
4.542,22.919,124.135,-130.69,91.732,3499.969,-220.372,114.008,93.498,63.581,23.174,111.403,23
75.893,27.605,68.667,11.446,57.919,1651.846,-3.241,-18.506,62.041,45.709,26.021,-13.876,67
31.087,18.138,58.777,-40.778,45.064,749.998,-65.98,173.0,44.864,35.388,23.637,139.245,16
125.641,39.294,79.984,20.608,67.893,5049.771,-98.59,-15.657,68.086,55.85,26.438,-14.396,53
131.778,18.326,37.852,-3.91,35.469,3999.954,-67.751,1.102,44.205,29.474,24.484,-0.534,15
4.022,19.33,19.851,-0.534,19.412,59.991,-2.98,15.774,26.61,19.254,19.659,10.965,36
45.217,71.545,117.925,123.251,102.152,3020.999,-144.829,-141.175,79.436,86.922,24.379,-127.643,80
101.041,45.123,66.859,81.808,61.477,4480.337,-110.56,-59.506,66.083,57.702,23.893,-53.676,80
131.278,27.561,70.132,5.158,62.695,3127.812,-20.97,-5.575,79.989,49.684,26.676,-5.14,74
64.562,49.861,78.775,114.568,68.869,2850.031,-110.08,-133.79,65.906,59.806,24.777,-115.806,48
131.543,18.67,45.985,-5.297,42.674,4499.959,-82.763,1.049,57.433,33.409,22.275,-0.523,21
111.099,18.766,49.371,-68.809,39.837,4749.951,-113.868,39.497,43.971,31.465,23.907,34.592,20
37.069,18.223,21.495,-0.133,19.853,749.994,-2.0,1.097,29.173,19.851,23.301,0.192,16
58.93,28.742,51.065,-57.844,45.986,1403.168,-40.233,124.274,65.075,39.594,27.847,93.223,61
124.081,19.031,53.394,-43.508,45.986,4499.96,-89.489,24.591,66.72,36.548,24.016,20.085,20
87.122,28.432,72.108,-93.176,57.474,4047.258,-123.576,65.769,48.329,44.449,24.892,59.139,63
100.548,75.423,103.336,-84.606,93.223,3665.715,-88.034,64.301,86.185,84.256,26.389,54.004,56
28.789,18.855,104.006,-128.032,78.502,4499.962,-191.625,83.166,81.933,53.101,19.877,79.722,21
23.712,18.696,39.426,-21.998,31.997,499.999,-43.511,132.617,29.997,26.384,22.207,103.549,7
61.671,50.521,94.215,-102.605,75.686,1793.778,-81.795,190.466,57.999,62.734,25.474,152.192,65
110.658,43.18,55.818,-10.944,54.226,2339.551,-3.04,12.225,59.496,49.868,26.434,7.59,56
63.363,18.592,45.444,-64.034,37.798,1499.994,-43.511,132.618,37.562,30.575,22.043,103.107,8
4.695,18.527,25.02,-1.808,22.459,49.972,-15.496,70.795,30.822,19.888,20.953,52.504,30
66.907,61.222,82.168,105.082,75.43,2077.85,-60.343,-169.922,66.92,68.113,24.842,-133.787,73
29.283,19.57,78.414,-127.747,57.452,4149.963,-195.275,92.816,61.468,39.452,19.886,89.604,29
125.154,81.485,86.548,41.038,85.267,3033.208,-17.891,-37.438,81.032,82.707,28.858,-28.287,58
29.322,18.486,113.626,-71.483,79.582,994.988,-131.779,253.6,52.604,56.307,22.999,215.227,30
20.029,81.49,102.412,32.311,92.305,705.201,-54.105,-157.753,73.209,85.569,24.693,-123.229,72
8.158,18.352,63.811,-7.621,45.986,100.02,-79.94,188.412,36.293,37.01,23.065,155.136,18
91.977,49.968,72.122,93.701,65.594,3320.877,-85.323,-89.076,67.342,58.637,25.355,-75.545,49
53.119,18.476,33.434,-35.621,30.113,1149.991,-23.015,90.021,42.318,26.08,24.868,67.434,27
36.535,28.033,47.318,-125.486,39.449,2018.689,-169.651,217.901,33.492,33.712,24.838,193.755,63
56.075,49.853,94.525,118.704,78.707,4691.213,-158.515,-86.942,74.758,64.78,23.95,-81.841,48
87.68,18.912,70.563,-95.635,55.409,4999.958,-139.099,53.276,59.334,39.451,23.592,48.734,17
4.137,18.295,19.741,1.51,19.096,100.006,-2.0,1.099,27.949,18.989,23.124,0.472,18
50.877,34.665,84.626,-74.451,71.096,1361.011,-68.656,175.433,63.615,57.992,24.825,137.509,55
4.513,23.058,124.168,-130.533,91.806,3499.962,-220.16,113.964,94.29,63.936,23.198,111.196,23
43.385,18.651,43.079,-43.11,35.513,999.988,-43.511,132.618,39.742,29.237,22.68,103.063,5
72.91,18.539,28.093,-9.529,27.414,1499.985,-2.98,15.774,40.315,24.819,20.475,10.833,36
56.303,65.044,120.497,-117.638,98.257,5249.935,-164.699,63.535,88.071,82.142,28.179,58.471,20
41.902,50.408,84.356,-73.755,71.309,1220.06,-88.833,201.772,65.314,61.171,25.643,161.975,65
7.662,19.195,38.979,-5.408,31.339,100.012,-43.512,132.618,28.729,26.385,22.097,103.521,3
55.973,54.766,104.791,119.308,90.175,2144.517,-87.75,-192.881,83.198,75.664,28.039,-157.835,56
21.227,81.49,98.257,28.986,93.409,690.702,-43.899,-139.339,79.666,88.607,26.947,-107.244,68
7.668,19.075,38.734,-5.41,31.212,100.008,-43.512,132.618,28.154,26.384,22.14,103.49,3
47.57,66.984,74.703,-0.804,71.992,999.99,-2.002,1.097,76.268,69.097,25.563,0.0,45
69.143,90.787,120.77,110.508,104.791,5171.683,-147.703,-74.128,79.834,96.813,26.388,-69.494,60
63.146,18.516,45.926,-64.002,38.314,1499.994,-43.511,132.618,41.37,31.317,20.442,102.866,8
22.03,71.086,104.217,50.052,91.716,903.505,-78.502,-198.708,81.99,82.667,26.327,-159.7,65
27.834,60.243,123.664,65.576,102.641,1139.136,-84.003,-206.412,81.358,85.913,27.88,-166.8,56
84.012,18.225,39.236,-84.308,33.095,1999.971,-43.512,132.618,30.161,26.393,23.303,102.419,12
31.025,18.807,58.849,-40.844,45.25,749.99,-65.979,172.999,46.355,35.453,23.946,139.161,16
98.347,25.783,68.928,-37.709,58.622,2109.063,-8.847,48.742,65.851,45.467,25.817,33.55,65
31.032,53.919,91.324,-126.85,75.644,3228.038,-187.276,123.474,67.797,65.16,26.384,117.533,68
50.452,27.502,82.095,-83.156,64.153,1421.928,-82.23,192.158,53.079,49.336,25.829,153.322,67
4.151,23.071,123.997,-130.659,91.849,3499.969,-220.888,114.174,94.053,63.836,23.22,111.407,23
4.762,19.284,88.936,-1.55,72.161,59.957,-8.773,49.413,87.39,52.578,23.217,34.443,29
31.104,18.996,58.7,-40.753,45.085,749.996,-65.982,172.999,44.297,35.442,24.099,139.255,16
59.544,19.457,98.134,-114.628,75.44,5999.943,-168.149,52.131,86.064,51.093,23.553,48.923,19
131.246,18.729,42.796,-5.281,38.534,4499.955,-84.776,1.041,45.437,31.256,22.252,-0.566,21
126.346,50.383,83.754,23.243,72.121,4761.783,-91.122,-17.758,67.944,62.388,25.699,-16.297,66
77.279,30.2,72.827,106.536,58.803,2845.269,-93.443,-123.623,33.533,45.986,24.866,-104.728,79
131.741,18.683,32.395,-3.059,31.956,3499.961,-46.453,1.174,39.945,26.398,23.451,-0.552,26
24.521,18.519,36.386,0.113,32.832,499.999,-1.998,1.096,55.97,28.599,25.387,-0.028,4
86.422,19.337,75.201,-97.553,60.399,4999.933,-137.837,53.54,74.72,43.583,26.385,48.588,6
13.711,18.526,38.874,-11.59,31.348,249.976,-43.51,132.618,25.507,26.383,22.954,103.873,13
97.152,34.719,83.619,-86.638,67.205,4584.353,-117.897,51.052,74.723,50.816,26.383,45.785,66
92.113,91.101,126.196,-92.981,110.685,4396.357,-114.872,58.707,87.998,100.089,27.837,52.328,58
10.423,54.105,76.268,2.014,70.415,260.816,-7.045,-33.367,68.105,63.147,23.765,-24.641,80
113.492,85.714,87.385,-8.703,86.788,2468.909,-2.897,9.29,81.082,85.005,26.383,5.592,56
89.8,28.834,57.812,-89.06,51.396,2191.233,-43.307,129.096,60.815,42.846,26.766,98.982,53
64.474,27.166,81.716,-61.028,69.012,1538.735,-37.891,118.336,70.398,54.069,27.814,88.327,58
109.6,71.368,91.895,71.495,81.213,5035.004,-110.132,-46.737,76.259,72.146,26.385,-42.468,66
50.68,49.839,65.589,-14.591,63.461,1073.03,-6.262,36.018,72.781,58.27,26.145,24.35,49
131.27,18.189,49.694,-6.426,43.143,4999.954,-97.026,0.979,52.348,33.474,24.81,-0.392,17
51.65,69.974,113.418,-117.38,95.881,5387.707,-169.145,61.168,91.812,82.313,26.385,61.016,66
129.802,18.974,58.458,-8.108,50.361,5499.943,-106.258,0.668,67.503,37.86,24.825,-0.392,24
13.672,18.207,39.423,-11.636,31.88,249.988,-43.511,132.617,31.685,26.387,23.071,103.685,13
83.564,81.49,88.677,42.711,85.798,1979.189,-12.03,-61.882,77.257,82.704,26.384,-45.252,79
35.727,19.037,95.228,-126.071,70.516,4749.967,-189.142,77.928,64.036,48.413,21.912,75.087,31
97.279,18.805,25.309,-0.46,25.705,1999.975,-1.998,1.096,33.001,23.333,23.264,-0.054,12
121.674,69.442,79.372,-14.251,75.733,5630.719,-112.318,3.546,78.002,72.12,27.867,3.537,68
13.677,18.252,39.386,-11.605,31.689,250.007,-43.512,132.619,29.869,26.393,22.982,103.737,13
23.718,19.304,39.173,-21.997,31.458,499.993,-43.513,132.617,29.192,26.384,21.4,103.582,7
82.472,49.876,83.165,-100.814,72.119,2154.164,-53.401,146.965,74.181,63.157,25.083,113.326,47
119.477,19.29,26.417,-0.695,27.983,2499.972,-2.002,1.098,36.549,24.86,26.089,-0.855,9
43.143,34.56,72.288,-102.086,60.691,1499.994,-122.952,242.393,44.295,51.759,23.052,199.973,43
56.237,26.934,78.931,-71.848,65.61,1440.268,-56.591,155.868,69.994,52.604,27.787,120.143,58
124.717,24.477,63.052,-36.182,45.986,4925.264,-104.799,18.211,29.457,36.031,23.09,15.221,71
78.548,59.649,92.373,-28.186,84.156,1710.298,-8.176,44.714,78.782,72.127,27.925,30.672,68
61.945,34.163,54.486,116.077,45.986,2676.4,-109.564,-146.177,55.088,38.902,24.747,-125.674,73
7.664,18.578,38.884,-5.414,31.34,100.022,-43.511,132.618,28.555,26.384,21.991,103.537,3
83.41,18.864,48.091,-84.894,39.452,1999.98,-43.512,132.617,41.183,32.703,23.363,101.991,12
58.438,18.476,51.371,-7.679,44.654,1199.989,-2.979,15.774,43.33,37.455,19.851,10.854,36
48.948,90.556,129.641,-120.373,109.66,2579.133,-138.985,151.335,84.489,98.047,25.577,134.003,73
58.964,70.973,81.985,117.798,76.177,2279.6,-90.958,-178.839,71.9,71.388,25.706,-147.805,79
84.248,34.637,69.043,-96.88,61.506,2444.394,-69.485,119.158,65.564,51.991,24.43,96.252,43
48.155,18.439,42.842,13.861,38.011,1065.0,-4.252,-34.262,56.604,31.884,23.17,-25.235,10
128.476,18.587,65.228,-8.947,54.775,5999.936,-115.135,0.34,70.614,39.452,25.572,-0.418,19
49.193,91.284,112.766,28.27,103.844,1222.217,-15.515,-69.368,83.274,96.666,25.702,-51.265,66
23.64,18.765,39.453,-22.001,32.521,499.996,-43.513,132.617,33.785,26.719,23.144,103.278,7
122.738,28.949,65.14,46.088,57.968,4286.179,-84.022,-34.048,61.881,46.077,26.665,-30.019,53
32.731,23.645,28.713,94.336,23.49,1467.919,-113.943,-242.885,25.486,22.507,23.542,-201.395,75
87.248,19.367,72.122,-96.64,57.949,4999.946,-137.81,53.513,67.782,41.906,23.89,48.409,6
30.105,18.727,22.497,-3.942,21.868,600.0,-2.98,15.774,32.722,19.851,19.851,10.833,36
31.059,18.633,58.766,-40.867,45.203,749.994,-65.98,172.999,45.835,35.341,23.704,139.266,16
33.584,18.653,56.023,-116.631,35.43,1499.994,-166.066,301.703,35.937,25.999,20.421,256.883,36
13.684,18.427,39.401,-11.639,31.831,249.998,-43.511,132.617,31.334,26.497,22.466,103.703,13
30.92,18.518,37.891,-27.099,31.434,674.99,-39.04,120.303,35.561,26.385,21.221,93.204,30
53.039,18.388,34.049,-35.698,30.866,1149.99,-23.015,90.021,44.821,26.367,23.631,67.341,27
8.142,18.718,63.971,-7.617,45.986,100.032,-79.941,188.412,38.174,37.074,22.864,155.078,18
27.581,29.405,70.977,-127.799,59.342,4013.785,-197.02,97.858,63.017,45.986,26.409,99.793,53
24.709,18.667,23.229,0.138,22.358,499.995,-2.001,1.097,33.358,19.887,23.102,0.108,7
69.444,29.02,41.874,-37.438,39.452,1499.989,-15.495,70.794,54.352,36.058,24.791,50.0,45
-2.732,18.935,67.805,-131.18,45.984,3499.958,-239.006,118.794,64.362,32.072,25.998,117.533,6
24.602,18.383,19.963,0.347,19.851,499.995,-2.001,1.097,33.505,19.845,25.604,-0.049,4
130.59,18.346,49.782,-6.194,43.159,4999.948,-97.954,0.71,52.233,33.313,24.429,-0.492,17
57.746,49.803,86.726,50.013,75.452,1497.51,-28.795,-101.892,70.317,65.553,25.25,-76.637,48
99.814,81.49,130.874,-85.425,109.954,3185.023,-72.027,77.342,83.189,96.764,26.216,62.894,59
26.192,23.379,89.678,-128.465,65.841,2231.248,-194.075,192.517,63.452,49.517,26.415,178.709,56
24.919,56.134,75.601,34.075,68.371,782.835,-49.019,-148.044,55.133,62.045,25.631,-114.925,69
13.662,18.99,39.36,-11.624,31.733,249.982,-43.512,132.618,31.791,26.399,23.185,103.707,13
50.625,18.666,55.838,-60.889,45.853,1249.984,-52.046,150.342,67.591,35.951,23.741,117.509,27
6.465,19.197,120.28,-130.405,89.213,3499.97,-217.2,113.131,95.256,60.674,23.514,110.512,26
113.538,19.137,70.021,-65.671,58.041,4534.05,-101.089,37.939,67.929,42.667,26.069,32.308,63
8.192,18.343,60.664,-7.602,44.431,100.044,-79.941,188.412,27.555,34.713,22.643,155.535,18
97.95,18.929,37.608,-79.631,32.687,2249.99,-33.041,108.24,32.051,26.387,19.665,81.592,32
54.848,39.584,87.389,119.4,72.126,2875.696,-126.762,-139.701,73.832,59.966,26.354,-123.536,50
129.734,18.523,56.736,-8.133,48.43,5499.942,-107.571,0.638,60.245,36.213,24.155,-0.145,24
82.49,19.035,83.492,-99.36,64.798,5749.939,-150.364,46.936,72.432,45.23,24.96,43.486,20
0.0,78.965,101.34,-0.0,95.042,2891.245,0.0,-0.002,81.959,87.711,26.385,72.03,51
4.695,18.413,24.826,-1.809,22.21,49.965,-15.495,70.795,28.246,19.851,19.908,52.551,30
37.15,18.728,75.149,-125.717,55.808,4749.951,-189.166,77.788,59.207,38.284,23.164,74.985,27
15.243,80.495,77.292,1.798,75.651,352.585,-3.221,-13.824,57.568,76.244,25.92,-10.611,66
73.549,80.665,112.574,-108.932,101.608,3256.821,-114.587,98.74,91.686,92.002,26.458,86.327,56
131.789,23.146,36.309,-2.968,35.852,3499.965,-45.603,1.17,44.333,31.336,23.209,-0.603,23
43.438,18.853,42.986,-43.075,35.304,999.991,-43.513,132.618,38.025,29.218,23.115,103.113,5
56.084,65.061,82.851,45.969,78.342,1453.065,-26.402,-95.495,78.098,71.56,27.867,-71.532,56
12.024,18.285,19.851,0.848,19.688,250.023,-2.001,1.097,28.274,19.286,23.087,0.132,13
123.166,27.766,70.206,-1.285,56.55,2954.751,-18.465,0.851,60.665,43.049,26.176,-0.267,67
102.256,41.015,82.457,-80.631,67.346,5141.106,-123.117,41.397,75.201,52.571,26.385,37.71,66
123.088,81.49,75.437,6.882,72.742,3117.325,-27.345,-9.938,56.569,75.441,25.901,-7.805,70
33.222,70.288,83.586,-20.288,78.707,730.592,-25.663,82.592,65.24,72.129,26.378,60.077,79
89.536,65.237,76.862,-49.279,72.122,1999.984,-15.496,70.796,73.021,69.742,25.34,50.0,41
39.133,77.753,102.551,-8.807,91.761,843.005,-5.815,27.248,81.913,83.648,26.337,18.158,65
6.454,64.514,63.081,1.373,61.976,149.941,-2.001,1.097,58.534,62.274,26.385,0.446,20
21.362,39.514,79.954,-129.317,69.111,3686.722,-202.803,107.73,69.542,57.499,27.056,109.311,53
13.665,18.259,39.435,-11.626,31.914,249.976,-43.51,132.618,31.796,26.407,23.18,103.694,13
122.411,38.412,57.939,-47.686,54.197,3999.957,-75.931,31.152,61.321,46.161,25.536,25.0,44
85.72,18.667,53.238,-100.175,44.407,2499.977,-75.714,123.417,47.262,34.489,24.526,100.634,9
62.323,66.251,69.763,14.325,67.091,1397.219,-5.354,-29.511,61.107,64.678,25.796,-21.768,76
131.798,23.212,53.208,-3.203,50.49,3499.963,-40.984,1.16,74.568,39.609,23.612,-0.534,23
85.562,18.759,53.518,-100.309,44.522,2499.98,-75.766,123.399,48.747,34.572,24.833,100.564,9
104.09,24.981,67.343,-79.962,59.784,3953.278,-97.907,55.455,63.441,46.431,26.462,47.475,58
109.016,19.815,63.614,-71.886,54.216,4841.813,-113.968,39.474,64.608,39.452,25.999,34.894,63
54.736,38.104,87.092,114.253,72.122,1978.183,-81.527,-202.023,73.937,60.398,26.384,-162.943,54
8.663,18.588,83.343,-9.71,56.108,99.968,-122.972,242.424,25.669,39.571,20.585,207.531,2
78.89,49.27,57.82,-50.479,54.756,1755.905,-20.25,83.825,56.167,52.551,25.491,60.097,48
111.352,50.093,81.349,69.491,71.223,4529.114,-99.766,-49.185,68.751,60.706,25.405,-43.842,49
57.118,49.536,78.161,74.721,69.117,1657.563,-47.508,-145.708,73.508,60.715,27.533,-112.774,56
71.404,19.356,33.469,-24.441,31.856,1499.986,-7.817,43.902,54.511,27.586,22.184,30.99,10
66.31,54.863,104.791,113.871,91.574,2354.063,-78.264,-160.786,84.294,76.979,26.891,-131.068,56
131.325,18.388,42.828,-5.253,38.569,4499.953,-84.717,1.048,45.981,31.164,22.187,-0.535,21
54.976,29.606,61.958,-28.211,53.685,1173.154,-14.615,66.961,48.786,44.42,24.958,47.208,64
40.779,29.635,53.026,-50.934,44.704,1000.002,-58.92,161.746,44.972,37.958,26.383,125.0,42
26.277,61.995,78.707,0.912,70.534,581.286,-2.74,0.861,59.64,64.541,24.798,-0.21,73
100.948,81.017,98.095,-82.644,91.075,3883.991,-96.567,60.13,70.545,85.069,25.777,51.556,69
23.825,49.797,52.571,-0.658,51.605,490.236,-2.392,2.761,57.376,50.149,25.537,1.103,48
31.027,18.551,58.896,-40.785,45.232,750.0,-65.982,173.0,46.879,35.568,23.838,139.098,16
3.494,22.689,124.34,-130.727,91.712,3499.965,-222.376,114.637,91.904,63.374,23.179,111.899,23
74.921,18.92,61.369,-108.257,49.516,2569.971,-99.934,130.187,52.444,37.863,22.367,110.649,32
30.925,18.706,38.017,-27.09,31.996,674.993,-39.04,120.303,35.655,26.535,21.351,93.193,30
103.743,39.846,119.279,-67.252,90.992,4499.877,-107.173,40.184,76.81,68.002,23.218,35.605,41
87.418,49.561,91.886,-96.696,77.551,4999.953,-135.096,53.75,75.154,64.074,24.893,47.696,6
63.423,70.248,94.99,113.805,87.043,2755.947,-104.119,-138.191,84.686,79.784,28.49,-118.49,53
131.777,18.661,32.864,-3.03,32.453,3499.965,-46.12,1.17,42.238,27.566,23.198,-0.562,26
8.175,18.306,63.626,-7.613,45.986,99.968,-79.941,188.412,34.935,36.974,23.16,155.218,18
125.151,65.056,91.749,-39.685,83.381,5249.935,-100.664,18.29,85.359,73.039,28.636,14.904,20
50.955,18.402,54.111,-59.544,44.493,1249.986,-50.729,146.703,64.988,34.825,24.396,114.5,20
63.108,19.13,45.982,-64.346,38.537,1499.982,-43.511,132.618,43.656,31.387,23.414,102.919,8
98.523,29.312,64.968,85.174,56.233,4687.99,-118.846,-59.346,61.807,45.022,26.437,-54.224,53
42.664,49.87,87.457,103.618,70.569,1700.752,-93.303,-219.964,67.142,61.381,25.588,-179.268,66
130.196,19.656,78.744,-8.627,67.123,5499.944,-100.174,0.803,95.425,49.32,25.077,-0.159,24
124.224,18.928,50.13,-43.168,44.605,4499.958,-90.37,24.564,61.173,34.576,24.872,20.062,20
24.328,61.222,90.679,59.483,78.707,1017.724,-87.297,-212.301,65.379,69.1,24.803,-171.992,73
67.096,54.999,90.044,113.324,78.707,2730.775,-99.03,-137.65,71.469,67.434,27.887,-116.95,74
130.365,77.663,83.7,17.937,78.707,3441.816,-39.167,-16.296,69.832,72.122,26.26,-13.645,63
27.769,19.069,114.889,-127.242,86.423,5849.945,-192.118,59.996,92.089,58.151,25.622,58.305,27
8.694,18.347,86.527,-9.728,58.815,99.964,-122.972,242.424,26.227,42.883,21.464,207.549,2
13.496,18.709,114.588,-130.297,84.017,3299.969,-211.595,122.329,81.018,57.669,24.934,118.615,27
2.906,22.163,124.395,-130.84,91.216,3499.963,-224.441,115.263,87.154,62.921,22.575,112.675,23
39.276,31.029,27.082,15.31,26.345,891.249,-9.254,-49.085,27.757,25.657,24.475,-35.878,57
11.233,54.08,81.828,1.864,71.007,262.333,-4.084,-17.216,67.897,62.988,23.767,-13.081,80
73.49,18.877,23.608,-0.275,23.696,1499.985,-2.001,1.098,31.176,21.964,23.698,-0.02,8
62.405,50.379,94.745,111.658,78.703,3102.973,-123.266,-123.166,67.85,65.039,25.189,-109.49,64
12.073,18.573,19.843,0.779,19.38,250.001,-2.001,1.097,26.776,19.288,23.052,0.114,13
119.531,18.723,26.443,-0.766,27.99,2499.972,-2.001,1.096,36.418,25.023,25.89,-0.839,9
54.68,65.383,84.011,117.225,78.693,3219.917,-132.567,-123.279,79.103,71.406,26.079,-110.366,69
132.008,18.398,28.935,-2.069,29.652,2999.966,-17.417,1.346,38.409,25.765,24.176,-0.59,14
13.684,18.964,39.367,-11.633,31.765,250.0,-43.512,132.618,31.424,26.448,23.174,103.691,13
-2.474,19.271,103.574,-131.414,72.12,3499.961,-236.443,117.909,71.007,48.596,26.383,116.141,6
55.983,18.744,58.103,-77.182,45.151,1449.985,-65.98,172.999,37.68,35.12,21.303,139.253,30
5.601,18.928,120.806,-130.635,88.852,3499.97,-218.887,113.526,93.133,60.345,22.336,111.163,26
112.452,49.803,73.556,-61.474,69.799,2499.969,-15.349,70.509,70.735,62.466,25.772,50.0,42
87.552,18.976,72.122,-96.202,58.393,4999.947,-138.229,53.449,68.064,42.443,23.289,48.5,6
129.785,39.709,71.133,-11.942,61.949,5128.222,-98.167,3.324,61.004,52.552,25.915,2.242,50
130.782,49.805,67.153,8.505,62.723,4826.567,-89.643,-8.288,64.187,56.588,24.954,-7.883,48
4.013,18.431,78.914,1.493,63.366,99.998,-2.0,1.098,45.864,49.345,23.037,0.173,2
84.33,18.579,68.99,-97.162,52.959,5749.946,-152.565,46.56,55.395,37.309,24.73,43.174,20
87.762,30.731,59.605,-96.298,53.589,2655.411,-76.094,108.739,59.334,45.469,26.349,88.744,68
129.669,19.332,57.144,-8.148,48.598,5499.946,-107.396,0.619,61.391,36.436,23.275,-0.345,24
75.65,70.573,95.056,-107.526,86.834,3068.061,-108.215,104.513,84.065,78.92,27.882,90.273,56
85.25,18.872,67.004,-98.225,53.158,4693.686,-137.898,59.108,56.06,39.1,22.821,53.61,10
59.631,47.963,95.031,39.564,86.023,1455.278,-17.42,-80.138,69.068,76.755,26.015,-59.101,66
131.211,18.434,43.193,-5.152,39.072,4499.958,-84.513,1.042,47.199,31.346,21.555,-0.644,21
47.927,54.793,70.774,-3.356,63.262,1014.583,-3.005,7.967,64.65,57.24,25.703,4.664,55
87.001,49.653,95.116,-97.394,80.22,4999.95,-134.601,53.865,82.138,65.588,25.543,47.817,6
38.841,29.08,45.984,1.47,42.19,820.909,-2.75,-0.792,39.89,36.509,25.917,-1.443,70
80.376,36.876,58.244,94.583,48.23,2399.8,-55.051,-125.347,55.429,39.452,24.775,-98.716,73
77.386,34.952,74.917,106.644,65.361,2606.381,-75.606,-131.839,65.857,53.314,25.079,-107.953,55
112.89,28.317,72.154,-66.827,64.003,3950.498,-84.844,45.136,73.672,50.143,26.384,37.377,66
93.278,49.77,59.856,-27.138,58.5,1999.984,-6.374,36.937,63.347,55.023,25.68,25.0,42
67.532,68.239,75.913,53.193,67.077,1712.194,-25.653,-93.798,64.649,62.451,24.067,-70.2,80
4.964,19.446,121.085,-130.602,89.254,3499.965,-219.764,113.77,93.776,60.639,23.215,111.233,26
58.646,41.658,68.948,-75.624,58.195,1499.985,-58.916,161.746,49.713,50.929,24.438,125.0,44
87.62,41.493,69.534,97.114,57.51,3515.809,-102.666,-89.563,48.653,50.306,23.934,-78.282,72
30.924,18.501,38.813,-27.09,32.423,674.991,-39.041,120.303,35.772,27.624,20.445,93.175,30
8.141,18.53,64.003,-7.61,45.986,100.007,-79.94,188.411,38.433,37.047,23.301,155.096,18
50.035,18.422,21.758,-0.396,21.315,999.989,-2.0,1.097,28.443,19.851,23.179,0.202,5
4.147,18.31,19.848,1.472,19.47,99.986,-2.002,1.097,31.35,19.191,22.249,0.248,2
63.134,52.155,69.517,-44.58,62.825,1439.524,-24.722,89.168,66.826,58.199,23.43,65.224,80
59.035,80.487,78.821,18.2,76.991,1338.431,-5.472,-37.482,58.427,77.069,25.887,-27.364,66
131.694,23.153,36.567,-2.967,36.248,3499.963,-45.538,1.17,46.52,31.363,23.171,-0.551,23
106.816,28.257,46.028,-38.185,45.771,2281.935,-8.127,45.92,62.144,39.448,25.708,31.473,57
7.662,19.371,38.886,-5.408,31.343,99.983,-43.512,132.618,28.862,26.396,21.637,103.556,3
130.835,19.144,64.591,-6.591,54.266,4999.949,-95.034,0.834,67.107,39.453,23.877,-0.511,17
103.069,40.092,52.06,-81.532,45.986,2499.986,-40.496,99.407,35.931,44.081,22.637,75.0,41
105.197,72.589,80.191,78.079,75.468,5296.441,-120.77,-49.824,69.757,72.068,26.264,-45.943,74
120.929,18.712,38.327,-52.004,36.863,3103.969,-44.174,46.086,54.256,30.508,22.045,35.111,32
108.638,69.546,97.209,71.274,86.868,5609.718,-119.961,-43.131,82.612,78.681,26.482,-39.843,57
23.628,19.284,39.452,-21.971,32.371,499.988,-43.511,132.617,32.768,26.938,23.183,103.267,7
9.653,19.652,123.003,-129.622,92.531,5499.954,-202.066,65.114,112.318,61.533,25.664,63.559,24
72.916,18.451,28.951,-9.515,27.986,1499.99,-2.98,15.774,40.631,24.992,19.899,10.817,36
119.358,18.792,63.489,-51.865,52.572,5649.945,-119.374,22.683,63.635,38.584,22.911,19.946,31
15.558,18.335,113.457,-129.996,84.375,3999.954,-204.773,97.138,90.421,57.483,25.105,93.972,15
58.459,18.42,48.854,-7.69,42.825,1199.986,-2.979,15.774,43.133,36.109,19.851,10.869,36
131.78,18.834,33.887,-3.127,33.604,3499.963,-45.454,1.17,47.278,28.083,23.348,-0.533,26
95.821,29.701,44.068,-89.643,39.452,2836.818,-71.95,94.219,41.846,36.119,26.364,75.997,42
58.75,18.674,24.348,-7.577,24.034,1199.989,-2.98,15.774,35.167,22.383,19.851,10.832,36
45.045,87.164,127.689,-121.714,110.094,4792.945,-170.291,73.366,94.55,97.72,26.383,69.47,79
32.203,46.581,69.069,125.94,62.725,3476.803,-178.7,-129.136,55.71,56.03,25.647,-122.17,78
48.006,44.831,83.59,-118.212,72.118,5451.642,-177.356,60.879,77.858,59.865,28.015,60.319,68
125.346,27.282,60.569,38.654,52.566,4913.974,-98.385,-26.574,58.825,40.191,26.205,-24.049,67
4.018,18.512,29.83,1.458,26.998,100.002,-2.001,1.098,37.087,25.413,23.114,0.433,18
68.725,49.802,58.58,-37.185,56.334,1499.987,-15.494,70.795,58.583,53.213,25.285,50.0,42
35.771,29.014,71.255,-124.363,57.952,3504.515,-184.506,109.34,60.37,45.983,26.385,104.02,53
7.664,18.596,38.947,-5.41,31.34,100.002,-43.511,132.618,28.552,26.385,21.881,103.538,3
97.258,18.315,25.128,-0.439,25.593,1999.978,-2.001,1.097,32.952,23.173,23.342,-0.082,12
69.795,60.065,75.83,-87.767,65.414,1805.2,-55.556,154.544,64.236,59.125,27.665,118.926,58
73.465,18.736,25.21,-0.486,25.314,1499.986,-2.0,1.095,37.003,23.181,23.182,0.062,8
97.946,30.693,55.396,84.87,43.077,5296.349,-134.829,-54.9,34.253,33.75,25.317,-51.402,78
14.764,81.49,103.352,22.993,90.159,530.388,-50.121,-150.54,62.422,84.56,26.096,-116.991,70
63.227,65.101,81.04,61.196,76.205,1682.149,-31.744,-112.555,78.798,70.866,28.007,-85.004,56
131.167,18.106,49.784,-6.374,43.314,4999.947,-96.63,0.937,52.585,33.403,24.91,-0.421,17
85.428,19.217,54.147,-100.444,45.389,2499.969,-75.754,123.385,50.92,35.643,24.884,100.484,9
130.917,89.583,110.056,0.812,102.708,4441.604,-71.21,-3.669,91.29,95.641,25.241,-3.918,75
39.334,18.299,74.166,-124.097,52.478,5499.96,-193.157,66.182,44.83,33.768,19.394,63.67,24
4.162,18.795,19.496,1.459,18.743,99.98,-1.999,1.098,25.478,18.956,22.186,0.193,3
125.156,61.223,86.387,37.356,75.764,4599.605,-87.741,-27.133,63.126,67.158,23.275,-24.22,62
46.498,61.222,95.094,27.088,79.472,1130.3,-13.681,-68.925,65.81,68.991,24.814,-50.522,73
3.33,22.516,124.36,-130.748,91.317,3499.964,-223.084,114.866,89.724,63.125,23.092,112.169,23
4.16,18.19,19.621,1.482,18.765,99.994,-2.002,1.096,23.224,18.802,22.388,0.217,2
2.111,25.448,61.593,8.646,50.943,194.225,-63.513,-175.556,46.037,39.547,25.507,-138.745,78
120.094,56.105,68.523,53.687,65.586,3456.289,-53.843,-46.991,62.742,61.297,29.119,-38.451,58
48.745,49.483,75.304,-71.441,65.582,1303.494,-69.327,178.41,60.688,58.633,26.13,139.831,48
15.66,19.022,22.731,-2.125,21.254,299.989,-2.98,15.775,30.991,19.851,19.757,10.731,36
61.217,18.915,83.364,-116.206,62.705,1999.98,-102.484,193.27,57.842,45.984,22.63,161.546,32
90.627,19.342,52.611,-93.023,39.485,4999.94,-141.113,53.076,37.81,30.348,23.137,48.373,6
12.024,18.582,19.629,0.864,19.001,249.984,-2.001,1.096,23.321,18.842,22.41,0.065,13
39.883,49.755,83.179,45.668,72.122,1127.067,-38.017,-128.62,73.288,64.012,27.697,-98.01,56
87.457,29.898,53.712,-68.612,49.309,1999.984,-28.705,102.574,52.421,42.754,24.837,75.0,44
131.762,18.685,32.381,-3.047,31.995,3499.963,-46.414,1.175,40.143,26.387,23.509,-0.535,26
41.046,49.811,72.121,-46.84,65.007,993.292,-50.118,145.847,66.297,58.045,25.673,111.224,49
36.143,49.755,94.185,-70.611,75.588,1092.228,-100.741,220.302,62.589,64.029,24.931,178.416,48
124.281,19.297,48.817,-42.964,43.097,4499.958,-90.887,24.542,57.539,33.723,24.79,20.077,20
79.624,26.938,65.551,-104.17,55.921,3573.599,-121.323,84.532,62.391,44.394,27.201,75.25,58
131.799,18.66,32.733,-3.005,32.371,3499.965,-46.176,1.171,41.684,27.246,23.368,-0.556,26
49.382,26.853,70.119,-52.502,57.665,1178.505,-44.239,135.641,64.823,45.986,27.69,102.363,58
63.766,19.092,91.836,-111.924,68.822,5999.94,-168.753,51.775,68.932,45.986,22.742,48.518,19
93.75,18.616,49.949,-92.234,43.037,2249.98,-40.291,126.131,53.747,34.029,25.612,95.72,27
131.149,18.388,49.59,-6.52,43.098,4999.946,-97.698,0.955,52.338,33.394,24.82,-0.378,17
18.668,18.751,49.681,-46.845,32.075,599.994,-147.947,277.546,47.753,24.661,23.574,237.415,27
7.68,18.901,38.466,-5.385,30.76,99.968,-43.511,132.618,26.638,26.279,21.519,103.506,3
84.851,18.334,94.914,-99.766,78.62,4999.937,-135.841,53.917,91.598,55.84,26.389,48.644,6
26.167,34.623,83.957,-126.987,66.866,3228.873,-197.262,124.733,61.99,52.572,24.401,121.256,55
96.843,18.997,26.228,-0.777,26.385,1999.977,-1.999,1.097,37.115,24.432,23.607,-0.27,4
130.873,90.75,92.549,-0.872,88.563,4302.61,-69.636,-2.085,77.927,87.664,26.385,-2.646,61
6.46,64.766,63.972,1.352,62.507,149.933,-2.001,1.1,60.325,62.728,26.387,0.424,20
85.454,18.963,53.973,-100.424,45.212,2499.974,-75.806,123.371,50.253,35.479,24.658,100.499,9
48.978,18.901,23.573,13.654,23.176,1064.988,-4.251,-34.263,31.167,21.394,22.389,-25.417,10
48.999,18.364,23.583,13.647,23.169,1064.987,-4.251,-34.264,30.441,21.354,23.106,-25.412,10
12.418,18.912,113.387,-130.5,82.255,3299.97,-215.539,123.773,71.733,56.232,24.298,120.273,27
12.032,18.142,19.727,0.855,19.188,250.016,-2.001,1.097,23.452,19.04,22.658,0.079,13
64.768,68.226,88.796,-112.965,79.249,3689.58,-143.095,92.0,63.511,72.122,24.18,84.019,75
132.002,19.192,29.492,-2.066,30.02,2999.969,-17.232,1.341,40.051,26.32,23.767,-0.6,14
88.666,18.622,65.008,-96.408,54.167,3999.962,-117.55,67.161,73.712,39.452,23.157,59.609,31
21.36,18.464,22.06,-2.862,21.301,420.003,-2.98,15.774,38.732,19.851,21.826,10.723,30
0.883,18.084,82.099,18.921,59.899,315.697,-121.7,-252.766,66.397,42.881,26.536,-210.334,61
131.773,18.557,32.697,-3.055,32.257,3499.966,-46.232,1.173,41.542,27.222,23.243,-0.559,26
16.041,90.995,112.33,52.762,101.877,867.618,-103.562,-232.649,71.633,96.601,26.385,-191.218,52
4.194,18.673,22.846,1.457,21.743,100.046,-2.002,1.095,38.98,19.852,22.782,0.278,2
64.375,24.046,96.038,113.089,79.781,4946.298,-153.653,-77.979,77.173,60.389,26.355,-73.44,52
64.572,56.105,74.241,-113.144,67.251,2377.659,-110.397,154.005,55.012,62.164,25.611,131.08,69
67.918,49.827,92.218,-112.376,77.064,1999.985,-81.795,186.753,65.708,65.236,25.282,150.0,42
83.159,18.53,49.348,-85.28,41.667,1999.976,-43.511,132.618,46.273,33.242,23.284,101.857,12
15.303,58.12,91.337,26.33,82.133,566.538,-54.33,-157.73,83.645,72.0,26.383,-123.273,65
35.046,80.856,124.997,-37.229,104.791,839.457,-44.122,133.663,91.132,93.161,28.107,100.932,61
37.302,19.184,69.338,-19.21,59.174,795.002,-13.558,64.153,91.375,45.774,23.164,45.287,29
68.009,81.954,96.645,110.449,90.024,5209.13,-151.308,-74.316,76.775,85.113,27.633,-69.963,68
4.205,18.749,19.629,1.503,19.088,99.967,-2.001,1.097,26.427,19.051,22.158,0.197,3
85.466,19.175,53.962,-100.407,44.838,2499.968,-75.776,123.377,49.959,35.068,24.802,100.497,9
4.159,18.372,19.846,1.501,19.451,99.999,-2.001,1.096,30.901,19.188,23.159,0.466,18
5.663,19.419,120.235,-130.556,89.234,3499.972,-218.377,113.438,95.416,60.7,23.329,110.845,26
34.447,29.295,60.462,125.71,52.579,4027.925,-181.413,-110.703,58.555,43.585,27.019,-105.527,53
21.052,58.71,70.802,21.578,67.259,612.403,-32.375,-112.752,64.159,63.449,26.522,-85.257,61
93.869,76.235,109.446,-92.077,99.735,3331.26,-86.147,78.795,91.862,90.715,26.432,65.97,56
124.762,39.241,83.631,-24.918,70.527,5330.959,-105.833,9.409,69.08,56.745,26.603,7.608,53
131.345,18.87,78.396,-5.476,65.593,4499.959,-78.015,1.039,82.911,49.359,22.236,-0.464,21
75.232,18.67,56.017,-108.004,45.512,2569.972,-99.801,130.202,49.324,34.702,22.287,110.8,32
125.203,65.198,92.963,-39.858,84.516,5249.938,-100.18,18.347,87.598,75.395,28.923,14.93,20
77.228,63.637,111.222,106.48,96.426,2991.242,-89.171,-114.163,90.601,80.311,28.465,-96.474,58
87.527,19.481,71.577,-96.111,56.347,4999.956,-138.466,53.363,62.264,39.453,23.246,48.497,17
54.605,78.993,88.471,118.31,80.88,4666.23,-160.929,-89.535,68.07,77.249,26.266,-84.401,76
84.94,79.961,69.259,-76.494,67.188,2034.515,-35.306,115.739,57.945,67.141,26.427,86.144,76
70.376,29.266,75.757,-105.292,61.614,5244.607,-159.667,57.508,60.603,47.789,26.382,54.544,53
8.183,18.386,63.674,-7.617,45.986,99.98,-79.94,188.412,34.067,36.892,21.728,155.145,18
119.352,18.526,63.919,-52.029,53.009,5649.952,-119.0,22.733,65.628,38.776,22.45,20.018,31
36.567,18.522,31.394,-18.679,28.014,749.988,-15.496,70.794,31.423,25.187,23.119,52.02,27
7.678,19.132,38.476,-5.391,30.568,100.014,-43.512,132.618,26.582,26.33,22.177,103.498,3
105.414,78.996,104.791,77.929,95.825,3848.923,-82.579,-63.764,83.964,86.952,26.311,-54.6,65
126.956,28.074,71.704,28.416,59.796,5281.163,-104.05,-19.369,61.773,45.977,26.042,-17.821,67
128.192,18.258,61.951,-8.537,50.91,5999.93,-117.879,0.176,56.589,36.952,24.606,-0.573,4
127.764,81.488,88.502,30.842,86.029,3316.931,-33.067,-27.649,79.619,83.11,29.151,-21.982,58
86.93,19.23,42.858,-99.236,35.545,2499.971,-75.432,123.557,32.011,28.766,23.359,101.082,9
89.245,18.34,66.173,-94.526,52.571,4999.95,-139.696,53.242,50.671,37.874,22.849,48.35,6
115.646,81.49,123.057,53.718,104.791,4271.703,-83.618,-42.635,82.859,95.088,27.404,-37.256,68
51.175,17.155,90.257,-121.043,70.981,3299.96,-153.542,109.079,86.454,50.959,27.901,100.172,20
114.824,39.487,86.777,49.407,72.094,5754.229,-119.923,-30.373,71.823,57.646,27.138,-27.93,53
128.332,50.393,96.751,8.205,78.995,4823.672,-92.294,-8.462,56.187,65.634,25.904,-8.241,51
119.021,19.0,72.122,-52.9,60.499,5649.948,-116.984,22.798,76.581,44.373,22.115,20.042,31
24.628,18.849,19.851,0.332,19.851,499.993,-2.001,1.097,31.219,19.85,25.869,-0.026,4
109.036,91.053,124.228,-45.034,110.73,2444.205,-9.673,51.273,90.382,99.977,24.135,35.456,46
126.39,25.971,48.628,20.411,39.452,5708.041,-115.701,-14.934,45.193,32.17,26.385,-13.59,65
75.45,40.883,60.544,35.805,56.712,1743.717,-12.262,-59.227,65.416,50.936,26.692,-43.529,54
30.298,39.175,104.791,127.665,83.625,2922.813,-169.997,-154.422,72.538,64.891,26.384,-142.943,50
4.041,18.279,75.6,1.481,61.327,99.999,-1.999,1.099,45.856,47.798,23.178,0.177,2
4.696,18.649,25.765,-1.812,23.195,49.983,-15.495,70.796,32.342,21.556,21.421,52.466,30
82.779,29.378,68.428,98.351,57.455,4922.884,-139.014,-67.359,59.091,45.2,26.385,-62.883,53
119.787,26.728,53.103,-48.316,48.268,4753.123,-102.52,26.483,55.038,39.453,24.769,22.358,73
24.878,38.376,38.973,-12.659,37.869,499.999,-15.544,70.913,45.437,37.845,24.215,50.092,44
41.397,24.489,60.352,-107.978,39.259,1523.486,-136.046,259.163,26.782,30.346,23.05,214.818,71
8.971,49.836,97.742,21.672,80.257,426.286,-67.494,-184.322,71.139,67.849,25.068,-146.23,48
56.478,28.712,84.825,-80.395,68.339,1501.183,-64.949,171.04,69.449,53.365,26.385,133.319,56
96.292,18.713,28.043,-0.941,28.908,1999.975,-2.001,1.098,46.798,25.62,23.933,-0.308,4
4.012,18.252,37.944,1.544,33.608,100.022,-2.001,1.098,37.889,29.778,23.558,0.412,18
63.118,19.241,45.983,-64.355,38.624,1499.985,-43.51,132.618,43.07,31.418,22.659,102.945,8
31.697,59.456,75.983,-1.687,68.961,713.407,-4.357,2.58,71.851,64.365,24.397,1.419,81
63.83,18.297,65.407,113.244,56.029,3338.576,-128.119,-112.32,71.518,41.496,27.559,-100.799,74
43.499,19.449,42.765,-43.032,34.83,999.994,-43.513,132.618,36.166,29.074,21.27,103.143,5
12.006,18.404,19.653,0.839,19.06,249.997,-2.0,1.097,23.351,18.829,23.072,0.064,13
23.651,18.298,39.51,-22.042,32.851,499.987,-43.511,132.619,35.099,27.322,22.126,103.299,7
48.895,19.332,24.41,13.672,23.836,1064.993,-4.251,-34.264,34.352,22.228,23.143,-25.384,10
4.124,18.62,19.734,1.452,19.159,100.001,-2.001,1.098,26.294,18.996,22.346,0.248,2
29.79,18.923,102.892,-127.588,77.074,4749.953,-191.566,77.83,80.498,52.578,23.189,75.148,27
41.224,19.098,50.778,-123.239,41.784,3138.915,-172.796,122.517,54.235,31.45,26.274,114.111,53
69.036,28.46,52.219,-37.78,46.01,1499.975,-15.494,70.796,63.348,40.729,23.75,50.0,45
24.354,18.764,63.691,-63.913,39.45,849.999,-144.295,271.384,43.612,29.538,23.498,232.151,20
45.494,89.612,111.948,-122.151,101.499,3124.696,-159.236,122.205,80.321,93.829,24.86,112.164,75
4.121,18.408,19.846,1.502,19.45,100.039,-2.002,1.099,30.909,19.166,21.626,0.241,2
125.123,65.11,96.741,-40.199,87.031,5249.937,-99.58,18.366,90.675,77.073,26.772,14.956,20
87.19,19.709,72.094,-96.353,57.473,4999.946,-138.133,53.388,65.588,41.503,23.379,48.451,17
83.359,18.652,48.494,-84.992,39.452,1999.982,-43.511,132.618,42.497,32.512,23.459,101.958,12
49.975,18.494,22.072,-0.357,21.545,999.987,-1.999,1.095,29.472,19.851,23.403,0.182,5
41.037,50.223,79.491,-119.449,69.32,4232.127,-181.749,86.349,67.834,60.695,25.375,87.086,64
68.054,29.153,71.663,83.037,62.247,1894.899,-43.655,-139.065,70.235,50.005,26.354,-106.981,59
61.409,18.876,81.847,-116.218,61.628,1999.984,-102.272,193.38,55.987,45.33,20.42,161.766,32
37.208,18.433,23.185,-0.061,23.139,749.997,-1.999,1.099,37.592,20.505,24.072,0.304,16
27.699,18.859,104.79,-128.043,79.16,4499.963,-191.456,83.013,87.537,54.16,21.128,79.524,21
32.219,39.635,75.281,127.355,62.002,3285.305,-175.096,-136.513,62.367,51.777,25.792,-127.799,50
53.131,18.569,33.368,-35.59,30.205,1149.989,-23.014,90.021,42.474,26.118,24.236,67.423,27
131.791,18.962,37.888,-3.863,35.518,3999.956,-67.751,1.104,44.328,29.418,24.946,-0.59,15
27.487,19.693,102.6,-128.409,76.536,3779.972,-193.607,102.582,73.493,52.948,19.851,98.427,32
92.075,19.09,69.947,-94.083,59.108,2249.979,-40.0,126.071,80.846,44.983,24.441,94.42,27
55.947,18.88,59.049,-77.233,45.926,1449.989,-65.982,172.999,38.935,35.802,21.897,139.204,30
123.137,17.861,65.728,2.36,52.571,3406.177,-50.623,-5.239,56.443,38.763,23.624,-1.546,11
29.183,64.802,67.071,-11.167,65.044,599.98,-9.125,50.765,62.24,64.148,26.553,35.437,20
69.226,45.954,98.14,72.189,78.72,1864.132,-36.724,-121.95,75.569,64.29,27.675,-93.059,74
-0.438,34.478,78.725,0.445,64.007,36.502,-2.129,1.194,61.88,50.959,26.314,0.086,70
96.975,18.52,25.294,-0.628,25.772,1999.978,-2.001,1.098,33.585,23.508,23.755,-0.262,4
8.15,18.603,64.004,-7.61,45.986,99.958,-79.94,188.412,37.793,37.106,22.931,155.075,18
52.24,54.744,95.067,-118.226,80.267,4229.938,-163.899,82.34,76.532,68.896,23.584,76.969,71
86.301,64.892,104.791,-98.622,92.717,4999.944,-132.576,54.238,93.065,79.398,26.384,47.682,6
46.927,85.804,84.759,-0.948,83.765,999.992,-2.002,1.098,79.912,83.446,25.669,0.0,45
39.576,80.763,113.678,-124.92,101.576,3365.213,-168.266,113.292,91.973,91.622,26.385,105.107,56
6.495,64.52,62.952,1.378,62.067,149.981,-2.001,1.093,58.0,62.337,26.52,0.426,20
119.063,18.581,68.92,-52.695,57.445,5649.949,-117.701,22.757,73.196,41.604,22.555,20.073,31
13.705,18.58,39.094,-11.579,31.381,250.018,-43.513,132.617,27.076,26.383,23.004,103.784,13
37.049,18.512,21.548,-0.111,20.029,749.994,-2.0,1.098,30.095,19.851,23.525,0.196,16
24.92,29.54,35.604,49.665,31.608,903.789,-76.342,-195.48,28.468,29.897,24.952,-156.781,64
93.782,18.458,49.958,-92.296,43.124,2249.973,-40.15,126.173,54.06,34.109,24.236,95.753,27
91.304,19.769,74.953,-62.881,65.564,2054.276,-22.319,88.598,68.256,51.195,25.793,63.868,63
130.334,30.644,72.128,6.02,61.685,4516.235,-82.51,-6.19,59.203,49.295,26.375,-6.192,68
21.789,19.376,114.429,-128.988,86.236,5084.956,-195.975,71.689,95.844,58.318,23.379,69.866,29
124.745,49.83,60.734,41.353,59.338,3216.637,-35.344,-37.228,64.168,55.562,24.309,-29.461,48
24.487,18.761,22.599,0.0,22.254,499.994,-1.998,1.096,42.974,19.862,25.761,-0.073,4
37.856,44.656,61.529,32.43,57.484,997.121,-28.193,-99.325,65.291,52.638,27.052,-74.618,56
87.056,18.349,72.148,-96.426,58.679,4999.945,-138.387,53.418,69.077,42.732,24.931,48.742,17
6.477,64.385,63.124,1.403,61.978,149.954,-2.0,1.098,58.62,62.269,26.384,0.432,20
131.263,19.125,42.777,-5.174,38.539,4499.958,-84.814,1.041,44.803,31.267,22.552,-0.586,21
85.729,65.105,104.791,-99.051,92.733,4999.939,-132.119,54.187,93.287,79.429,27.376,47.611,6
95.73,18.672,62.484,-89.47,51.595,4499.941,-122.481,55.203,60.411,38.188,25.811,48.923,4
33.907,19.071,112.548,-125.76,85.271,5999.939,-184.686,56.633,101.187,57.246,23.43,54.764,31
5.436,19.205,121.074,-130.64,89.144,3499.974,-219.307,113.64,92.72,60.524,22.488,111.257,26
25.265,18.61,83.408,-52.137,57.075,749.889,-121.018,240.26,29.61,41.049,22.427,204.968,27
25.786,50.059,125.115,-52.953,98.256,774.802,-112.026,230.009,74.973,79.439,26.242,188.466,49
121.066,50.169,75.665,50.335,68.73,4956.904,-101.11,-33.572,65.789,59.735,25.627,-30.33,49
86.726,19.277,67.686,-11.421,57.196,1799.982,-2.979,15.774,47.169,45.542,20.01,10.841,36
131.8,18.089,37.617,-3.837,34.977,3999.956,-67.993,1.106,42.755,29.014,24.433,-0.559,15
125.3,19.382,63.192,-37.075,54.14,5106.596,-102.875,17.216,64.557,39.452,26.02,14.183,63
7.666,18.605,38.799,-5.406,31.336,99.973,-43.512,132.618,28.24,26.382,21.594,103.536,3
84.83,30.315,61.043,-100.498,53.186,2499.98,-75.43,123.349,53.767,44.424,24.428,100.0,44
121.832,54.072,82.007,23.623,74.495,2712.411,-5.456,-24.815,67.287,65.489,26.385,-18.615,68
52.919,18.346,36.559,-35.755,32.845,1149.986,-23.016,90.022,48.018,27.925,24.84,67.188,27
27.279,19.792,101.951,-128.466,76.164,3779.963,-193.117,102.373,76.734,52.716,19.851,98.155,32
3.632,17.77,91.548,-130.986,62.404,3499.977,-234.044,119.706,44.271,41.705,19.851,117.97,26
23.558,55.479,90.294,-0.203,88.221,499.961,-1.998,1.096,76.51,85.983,24.584,0.0,41
38.626,78.968,104.791,64.341,95.086,1286.636,-60.77,-170.379,77.707,86.425,25.848,-134.222,69
5.678,18.992,120.921,-130.617,89.025,3499.971,-218.902,113.53,92.94,60.386,22.497,111.182,26
73.203,18.653,28.988,-109.29,23.976,2999.977,-123.573,113.233,25.295,19.851,20.388,100.475,14
5.144,18.746,120.966,-130.691,89.059,3499.966,-219.638,113.731,93.241,60.23,21.969,111.319,26
69.319,18.367,67.268,-111.96,53.358,2999.973,-124.31,113.151,59.073,39.452,23.294,100.01,14
96.791,18.638,26.216,-0.783,26.385,1999.976,-2.001,1.097,37.869,24.023,23.822,-0.273,4
87.948,91.367,94.787,97.579,90.169,2678.158,-57.805,-117.445,66.298,88.909,23.452,-93.592,71
94.877,28.503,45.782,-22.093,44.394,2004.644,-4.714,29.085,62.285,38.689,25.459,19.36,75
8.79,18.727,101.592,-9.806,70.849,100.033,-122.972,242.425,33.934,52.319,22.209,206.843,2
25.71,19.466,103.94,-128.705,74.598,3749.965,-199.924,105.608,56.754,52.594,23.159,102.007,27
23.712,18.333,39.354,-21.995,31.828,500.0,-43.512,132.618,29.799,26.385,22.222,103.55,7
17.499,19.386,113.297,-129.979,84.383,4499.956,-201.305,84.274,92.393,57.468,23.745,81.699,20
116.615,65.271,85.133,-9.219,78.707,2845.699,-17.858,6.386,77.638,71.582,26.099,4.66,69
28.94,46.774,65.601,30.898,60.671,818.0,-34.631,-119.438,67.498,54.914,26.497,-90.59,56
83.152,19.238,49.461,-85.256,41.915,1999.973,-43.513,132.617,46.424,33.412,23.17,101.821,12
96.12,19.142,32.333,-1.127,31.492,1999.98,-2.002,1.097,43.892,27.359,23.542,-0.266,12
30.198,51.067,54.035,127.431,45.986,3378.137,-183.618,-135.695,38.665,44.829,25.188,-128.127,65
50.058,55.169,94.502,97.23,78.704,1744.557,-77.441,-196.431,52.545,67.171,25.586,-157.784,57
71.702,18.343,29.856,-24.197,28.967,1499.983,-7.82,43.902,48.406,25.214,22.106,31.102,10
131.253,18.987,42.931,-5.113,38.816,4499.959,-84.547,1.043,46.86,31.334,22.133,-0.656,21
68.296,18.692,52.6,113.136,42.702,2499.968,-91.918,-149.331,48.016,32.348,25.596,-128.097,6
24.455,23.812,52.579,76.06,37.806,1184.015,-115.784,-245.051,27.52,30.338,23.577,-203.398,75
36.805,30.316,31.808,32.588,28.048,955.644,-30.901,-107.049,28.278,26.393,26.269,-80.794,68
131.788,18.237,39.274,-3.953,37.09,3999.956,-66.956,1.1,50.171,30.435,24.674,-0.547,15
44.51,18.747,23.176,-5.653,23.007,899.998,-2.98,15.774,33.463,20.111,19.851,10.812,36
130.795,49.921,62.097,-12.207,59.928,4439.072,-78.853,4.902,63.914,55.767,26.717,3.206,58
89.271,24.603,57.888,-61.07,50.001,1994.51,-23.4,90.479,49.756,39.653,23.134,65.399,62
13.6,29.558,60.721,-8.715,53.573,246.636,-28.523,100.205,54.326,44.591,24.983,73.322,64
29.29,19.08,97.533,-128.014,72.122,4229.955,-191.44,89.161,78.206,50.819,22.759,86.04,29
119.012,19.366,63.896,-52.301,52.571,5749.952,-122.081,22.528,58.492,37.932,21.643,19.874,29
58.952,29.92,71.492,-75.749,58.05,1499.986,-58.921,161.745,47.818,45.986,24.368,125.0,44
43.248,23.09,99.275,-123.831,71.96,2128.13,-151.299,193.253,63.927,52.566,26.385,171.352,56
30.512,22.114,63.509,-125.835,52.571,4470.309,-194.894,83.535,63.114,38.301,27.102,83.207,61
131.263,19.337,61.183,-6.444,52.577,4999.948,-94.847,1.006,65.848,39.433,24.683,-0.454,17
71.848,64.711,101.582,109.476,88.529,2466.144,-73.176,-145.838,81.231,78.595,24.63,-118.382,80
24.485,18.881,117.308,-127.902,89.343,5849.932,-190.385,59.357,107.796,59.363,25.544,57.632,27
131.221,18.137,49.678,-6.423,43.154,4999.949,-96.901,0.959,52.195,33.385,24.508,-0.346,17
4.22,18.515,19.475,1.412,18.759,100.02,-2.001,1.096,23.429,18.574,22.465,0.443,18
130.368,91.018,95.497,-11.101,91.713,4790.656,-84.544,3.54,77.773,89.154,26.09,2.211,56
83.537,18.433,45.986,-84.788,39.418,1999.983,-43.511,132.618,38.028,31.715,23.582,102.167,12
44.506,19.166,96.781,-122.859,72.122,5119.955,-178.184,67.818,80.542,50.47,23.122,64.905,31
85.64,18.689,53.464,-100.219,44.496,2499.977,-75.783,123.394,48.707,34.573,24.889,100.582,9
122.347,38.463,58.507,-47.726,55.225,3999.965,-75.73,31.151,62.937,47.827,24.866,25.0,44
8.143,18.516,63.93,-7.615,45.986,99.966,-79.94,188.412,38.243,37.019,23.157,155.086,18
24.636,19.282,112.776,-64.18,76.172,849.982,-144.293,271.385,49.238,53.015,23.705,230.968,20
4.696,18.546,24.798,-1.798,22.177,50.02,-15.496,70.795,28.69,19.862,21.445,52.537,30
126.628,78.607,104.791,32.137,95.687,4617.431,-82.812,-23.597,83.977,86.826,26.328,-21.039,65
64.388,23.807,44.944,-58.258,39.452,1509.357,-36.34,115.433,59.044,33.831,26.373,85.884,50
43.509,18.957,42.719,-43.035,34.57,999.997,-43.51,132.618,35.474,28.857,22.393,103.149,5
131.515,37.779,71.034,-4.584,65.586,3999.961,-61.584,1.086,76.092,55.793,24.333,0.0,44
4.148,18.063,19.602,1.5,19.044,99.967,-1.999,1.098,23.146,19.002,22.248,0.181,3
131.333,18.539,42.795,-5.194,38.416,4499.956,-84.688,1.048,46.072,31.255,22.206,-0.622,21
124.17,15.491,69.271,43.092,54.733,3107.578,-31.377,-39.25,61.479,39.452,26.373,-30.7,79
73.085,18.689,25.057,-9.434,25.03,1499.986,-2.98,15.774,36.002,23.155,19.979,10.838,36
109.299,91.305,110.764,-71.796,99.775,4231.942,-93.185,46.132,76.538,93.28,27.051,39.022,76
-2.204,19.14,112.378,-131.025,78.706,3499.983,-239.339,118.982,57.279,52.626,19.861,117.472,26
71.489,87.201,124.38,-109.397,104.791,3100.113,-111.802,105.378,91.474,96.753,26.383,91.373,79
53.159,18.612,33.323,-35.614,29.913,1149.99,-23.015,90.022,41.326,25.924,24.941,67.472,27
12.103,18.702,19.832,0.753,19.293,249.996,-2.0,1.098,25.257,19.177,22.621,0.091,13
5.951,18.799,120.446,-130.46,89.225,3499.973,-217.93,113.333,95.26,60.632,23.454,110.712,26
126.984,34.628,88.63,1.947,69.447,4244.257,-76.681,-3.779,65.332,53.344,25.305,-4.044,55
48.929,18.652,23.931,13.691,23.23,1064.999,-4.252,-34.263,33.18,21.47,23.108,-25.398,10
97.086,18.701,25.542,-0.399,25.903,1999.982,-2.002,1.097,34.012,23.512,23.328,-0.125,12
87.343,49.707,94.067,-96.895,79.319,4999.95,-134.499,53.787,79.339,65.494,25.091,47.563,6
20.643,77.614,122.773,-34.934,98.257,529.045,-98.146,215.156,68.42,86.791,26.385,174.071,58
70.821,90.41,82.319,110.954,79.953,2685.587,-89.009,-137.754,69.452,79.665,26.269,-115.253,63
29.142,64.79,69.045,-11.161,65.674,599.978,-9.126,50.764,64.017,65.322,26.385,35.339,20
125.701,87.156,111.614,34.566,101.568,4461.464,-79.133,-26.482,81.337,93.304,26.185,-23.315,79
17.917,34.228,104.778,-129.802,80.203,2195.198,-212.718,200.199,65.507,60.814,26.432,188.425,56
32.733,34.367,82.221,-126.832,65.585,2999.97,-183.823,133.355,64.76,52.576,23.528,125.0,43
123.118,70.581,109.8,-42.385,97.529,4649.413,-88.704,23.009,79.921,86.158,26.385,18.717,60
84.003,91.381,95.045,100.672,90.211,2737.37,-68.214,-119.608,66.232,88.896,23.449,-97.199,71
27.64,18.838,103.276,-128.159,78.707,4229.962,-192.153,89.111,83.235,53.287,22.405,85.957,29
61.737,45.437,60.558,65.042,56.296,1653.924,-36.246,-122.768,67.823,52.571,26.086,-93.43,70
116.109,28.298,51.11,-46.884,49.304,2497.937,-9.525,51.894,65.002,42.399,26.075,35.906,57
96.834,18.584,25.624,-0.721,26.139,1999.98,-1.999,1.096,35.465,23.557,23.596,-0.289,4
4.179,18.518,19.851,1.482,19.591,99.999,-2.0,1.098,31.654,19.335,22.558,0.467,18
13.665,18.807,39.402,-11.626,31.832,249.997,-43.512,132.618,31.769,26.474,23.136,103.685,13
116.88,26.168,52.377,-59.768,45.986,4067.668,-86.994,39.361,53.655,38.476,26.385,32.478,65
130.805,74.909,69.421,6.441,68.683,4617.948,-84.756,-7.038,51.546,68.959,23.821,-6.867,81
73.294,18.739,32.321,-0.493,31.188,1499.98,-2.001,1.096,41.846,26.389,23.557,0.082,8
131.79,18.494,39.442,-3.933,37.88,3999.956,-66.63,1.102,52.242,30.716,24.455,-0.546,15
124.171,45.462,58.799,-41.622,55.588,4469.984,-87.306,23.213,65.344,50.926,26.127,18.81,70
20.34,24.349,61.95,-34.008,50.95,519.269,-94.41,209.585,70.116,40.02,26.338,169.102,52
84.098,70.276,104.782,98.588,92.224,3900.977,-110.448,-82.409,83.035,81.914,28.031,-73.301,53
20.716,44.773,104.791,-30.239,87.909,500.044,-79.945,188.409,74.951,71.959,24.136,150.0,41
107.603,70.532,82.186,-75.465,77.185,3499.956,-76.942,60.969,64.544,72.122,25.542,50.0,42
4.21,18.397,19.537,1.429,18.767,100.014,-2.001,1.099,24.544,18.672,22.406,0.452,18
131.29,19.001,42.767,-5.162,38.477,4499.956,-84.714,1.047,45.421,31.264,22.437,-0.602,21
4.081,22.802,124.268,-130.654,91.749,3499.962,-221.198,114.262,92.713,63.551,23.142,111.576,23
130.873,18.182,28.269,-0.861,29.662,2749.972,-1.994,1.073,38.878,25.91,23.931,-0.828,20
83.182,18.663,49.097,-85.215,41.149,1999.979,-43.51,132.617,45.504,32.914,24.839,101.693,4
48.977,18.681,23.605,13.659,23.188,1064.987,-4.251,-34.264,31.331,21.306,22.661,-25.412,10
93.716,29.333,68.14,92.132,59.043,2692.004,-52.008,-104.991,62.163,45.986,26.384,-83.071,53
99.399,49.811,60.655,85.893,59.021,3478.018,-82.532,-77.416,63.027,54.775,24.759,-65.726,48
131.782,18.856,37.419,-3.85,35.052,3999.958,-67.92,1.105,42.874,29.237,24.684,-0.553,15
4.167,18.227,19.806,1.466,19.155,100.012,-2.003,1.096,26.904,19.098,22.252,0.249,2
96.337,86.574,103.81,85.338,92.051,4852.476,-120.025,-59.424,69.937,86.252,26.385,-54.265,74
4.08,18.168,19.851,1.531,19.799,100.009,-2.0,1.095,33.809,19.398,22.458,0.264,2
6.488,64.503,63.515,1.343,62.427,149.943,-2.0,1.098,59.775,62.455,27.722,0.423,20
28.16,32.821,39.228,28.982,35.318,772.633,-34.934,-120.652,29.539,33.228,24.81,-91.542,57
11.901,18.422,28.008,1.048,25.915,249.981,-2.001,1.096,31.336,24.111,23.148,0.048,13
84.202,81.49,105.766,-91.837,96.561,2114.4,-44.664,137.102,67.056,89.677,25.522,103.705,59
30.921,18.545,37.878,-27.101,31.544,674.991,-39.04,120.304,35.574,26.385,21.505,93.204,30
110.678,37.443,76.017,70.438,66.096,4360.156,-97.029,-51.084,68.225,55.106,26.344,-45.266,66
111.671,50.103,73.41,69.438,67.223,2908.683,-35.104,-70.192,63.699,60.669,25.558,-54.157,65
4.186,19.36,19.353,1.433,19.018,99.99,-2.0,1.098,23.05,19.125,22.219,0.185,3
100.005,49.939,72.122,85.147,65.588,3463.96,-79.867,-76.569,66.26,58.535,25.732,-64.708,49
95.752,18.922,62.461,-89.43,51.566,4499.941,-122.488,55.18,60.458,38.225,26.195,48.913,4
73.511,18.699,23.79,-0.384,23.848,1499.984,-2.0,1.097,32.22,22.207,23.718,0.036,8
14.059,54.057,120.689,130.253,96.657,3219.203,-196.169,-146.757,86.406,78.558,27.914,-139.58,65
104.912,28.731,51.091,78.315,42.925,3034.229,-57.04,-79.958,46.734,36.867,25.906,-64.443,70
0.71,18.078,60.126,2.228,49.304,67.507,-10.032,-41.652,53.671,37.677,23.176,-34.319,11
73.516,18.385,24.408,-0.443,24.561,1499.986,-2.001,1.097,34.124,22.381,23.213,0.044,8
111.848,27.604,73.139,-68.068,59.87,4085.677,-92.024,44.97,58.765,44.922,25.808,37.749,67
40.221,59.601,86.732,125.006,76.005,4501.319,-174.263,-97.898,72.726,66.933,24.776,-93.08,81
112.506,49.812,72.122,-61.449,68.927,2499.971,-15.355,70.518,70.377,61.749,26.035,50.0,42
58.918,19.396,98.573,-115.098,75.624,5999.945,-168.22,52.235,87.66,51.902,23.345,49.092,19
128.272,18.525,60.105,-8.65,49.234,5999.929,-118.727,0.242,51.558,36.012,23.484,-0.641,4
58.53,39.999,73.264,-75.816,63.287,1499.992,-58.919,161.745,53.28,53.613,23.794,125.0,44
72.553,18.702,45.979,-109.736,36.497,2999.974,-123.54,113.296,31.196,28.065,21.407,100.204,14
54.184,34.57,71.432,109.813,58.705,1914.728,-79.93,-199.543,64.991,48.881,25.601,-160.716,55
131.987,18.585,30.081,-2.139,31.241,2999.969,-16.911,1.342,42.584,26.379,23.206,-0.568,14
7.447,40.08,100.689,50.873,77.587,749.375,-140.591,-276.431,74.106,60.784,26.385,-231.725,54
107.209,86.077,95.574,-75.868,90.418,3499.963,-75.055,61.16,74.609,86.566,24.823,50.0,45
22.339,65.049,82.181,25.731,76.107,670.762,-35.599,-123.259,77.347,70.792,27.631,-93.564,56
24.573,19.855,112.531,-129.037,78.849,2249.977,-200.443,192.918,54.651,54.287,19.845,181.812,32
57.109,26.748,69.823,-117.065,52.952,4150.205,-163.734,83.805,48.734,39.485,24.214,78.769,73
83.113,18.228,49.605,-85.34,41.954,1999.975,-43.512,132.617,47.181,33.276,23.354,101.837,12
4.197,18.079,19.374,1.486,18.524,100.019,-2.0,1.094,23.036,18.395,22.357,0.186,3
118.468,34.83,62.329,47.29,52.535,3677.657,-70.979,-41.439,39.061,42.902,24.035,-35.766,55
61.617,50.429,63.102,43.036,59.848,1510.599,-22.515,-87.069,45.599,55.8,25.578,-64.869,51
12.14,18.716,19.836,0.758,19.253,249.997,-2.0,1.094,25.27,19.183,22.935,0.109,13
27.822,19.974,65.986,-128.341,45.664,2249.981,-196.187,193.725,36.735,32.42,19.179,182.799,32
46.182,40.072,102.516,123.447,81.861,2114.447,-111.529,-208.071,73.131,64.224,26.305,-175.404,50
86.247,64.74,104.791,-98.547,92.088,4999.939,-133.031,54.166,90.81,79.035,25.817,47.731,6
12.146,18.343,21.822,0.812,19.851,249.985,-2.0,1.098,30.065,19.851,23.068,0.16,13
31.063,18.876,58.629,-40.783,45.196,749.991,-65.981,173.0,45.413,35.585,23.775,139.188,16
4.741,18.585,26.178,-1.497,24.815,59.945,-8.773,49.414,64.191,22.679,22.593,35.402,29
119.454,19.131,26.432,-0.76,27.937,2499.97,-1.999,1.096,36.548,24.848,25.886,-0.881,9
51.28,19.337,95.202,-121.096,68.97,1999.976,-129.216,204.125,59.121,49.502,24.946,176.064,4
90.238,39.527,78.736,-89.668,68.176,5342.938,-138.916,45.693,71.724,55.858,27.369,42.731,53
49.911,39.504,88.501,-121.327,70.546,2111.334,-131.932,190.235,69.652,56.266,26.514,164.58,53
51.988,18.742,81.562,-120.817,58.779,1999.97,-128.607,204.389,51.734,42.676,25.608,176.713,4
44.455,18.636,23.605,-5.703,23.178,899.984,-2.98,15.774,34.669,21.513,19.851,10.777,36
57.727,75.635,103.985,52.028,91.425,1533.589,-30.153,-104.93,72.446,83.958,27.327,-79.103,74
119.555,18.45,26.39,-0.662,27.954,2499.973,-2.002,1.097,35.659,24.846,26.37,-0.837,9
24.615,18.163,20.346,0.369,19.851,499.976,-1.999,1.098,33.822,19.85,25.846,-0.03,4
11.977,17.846,33.097,0.933,30.473,250.011,-2.0,1.096,66.462,26.386,25.785,0.172,6
56.386,34.592,80.874,-117.808,61.977,2895.683,-140.978,125.861,63.479,49.251,25.315,112.82,55
11.955,33.786,59.667,-129.49,45.986,2033.478,-229.051,223.199,58.409,39.872,26.318,211.825,70
57.517,18.998,101.475,-116.522,78.707,5999.948,-167.738,52.511,94.712,53.037,23.606,49.293,19
90.919,70.088,112.092,94.945,98.256,3414.91,-86.916,-88.642,76.19,87.962,26.38,-75.413,66
10.679,76.409,118.894,40.27,95.038,664.836,-105.835,-234.824,69.739,82.149,27.266,-193.428,60
8.725,18.352,91.067,-9.733,62.144,100.028,-122.973,242.423,27.173,45.243,21.831,207.327,2
48.044,29.312,68.869,121.729,56.633,3347.932,-153.31,-124.808,59.781,44.878,26.385,-114.815,53
50.282,18.854,62.529,-119.85,50.958,5119.793,-178.046,67.414,63.199,38.013,22.967,64.594,31
8.74,18.908,103.096,-9.815,72.122,100.016,-122.972,242.424,45.185,52.586,22.441,206.24,2
96.166,19.364,33.123,-1.139,32.168,1999.978,-2.0,1.098,44.219,27.956,23.237,-0.242,12
61.032,49.662,123.032,-116.325,98.017,2303.236,-113.143,161.987,70.942,78.732,24.969,138.26,48
131.779,18.74,32.431,-3.024,31.964,3499.964,-46.4,1.173,40.142,26.418,23.465,-0.567,26
128.78,49.827,90.626,13.611,78.713,5608.412,-104.924,-11.281,77.492,65.582,26.357,-10.355,48
117.849,75.416,93.526,-58.219,88.621,3129.474,-42.416,51.788,84.483,82.326,26.738,39.33,56
4.145,18.39,19.46,1.495,18.868,100.011,-2.002,1.098,23.646,18.845,22.364,0.235,2
49.957,18.726,22.177,-0.328,21.847,999.993,-2.001,1.097,30.041,19.851,23.173,0.174,5
61.342,38.457,29.869,-67.987,29.497,1508.614,-41.045,119.909,52.171,29.572,26.39,91.693,76
8.189,18.561,63.32,-7.619,45.986,100.019,-79.941,188.412,32.316,36.837,23.14,155.379,18
15.749,19.013,113.341,-129.974,84.761,3999.959,-203.988,96.804,92.86,57.792,24.174,93.612,15
85.496,18.177,53.701,-100.374,44.958,2499.968,-75.816,123.371,50.017,35.277,24.944,100.536,9
38.488,29.826,85.994,-109.69,62.661,1501.41,-141.492,267.585,52.472,46.206,25.039,221.764,79
24.956,18.953,28.675,-12.795,26.383,500.021,-15.498,70.795,52.58,23.876,26.11,51.53,6
10.866,19.543,121.201,-130.54,90.297,5499.955,-203.196,66.094,104.75,59.767,20.88,64.504,24
123.86,15.491,70.959,-37.238,56.512,4722.015,-95.052,18.95,65.018,39.462,26.384,15.509,79
41.267,18.474,24.03,-102.261,23.441,1492.027,-132.361,253.842,34.455,21.766,19.853,214.367,36
86.432,19.034,75.372,-97.457,60.652,4999.944,-137.029,53.614,75.789,43.699,26.41,48.441,6
130.816,70.154,104.359,7.118,94.805,4362.491,-70.824,-7.22,87.658,84.545,27.354,-6.902,61
68.067,18.212,61.93,113.276,49.412,2499.97,-91.671,-149.393,51.467,37.865,25.649,-127.923,6
39.821,61.222,93.338,4.663,78.975,923.352,-7.184,-4.449,67.421,69.01,24.892,-4.874,73
83.109,19.477,49.55,-85.229,41.886,1999.982,-43.511,132.617,46.72,33.414,25.416,101.614,4
131.732,18.443,32.187,-2.991,31.705,3499.964,-46.524,1.17,39.478,26.385,23.305,-0.553,26
63.35,18.799,45.447,-64.045,37.839,1499.985,-43.512,132.617,37.962,30.831,21.7,103.09,8
13.674,18.536,39.409,-11.626,31.897,249.975,-43.512,132.618,31.581,26.496,22.899,103.663,13
122.603,56.105,57.536,-47.324,55.966,3716.866,-64.577,33.656,61.477,53.07,28.672,26.537,58
69.702,61.222,90.673,-80.678,79.494,1752.967,-49.236,144.395,67.295,70.901,24.798,109.97,73
83.158,18.262,49.561,-85.29,41.931,1999.979,-43.511,132.618,46.559,33.284,23.516,101.832,12
30.952,18.657,47.091,-27.087,39.452,675.0,-39.04,120.304,35.675,33.3,19.857,93.14,30
28.879,18.91,104.48,-127.86,78.712,4749.96,-191.69,77.834,83.98,53.356,22.07,75.211,31
2.823,54.079,97.44,10.651,78.652,230.424,-65.899,-181.031,42.775,65.588,25.055,-143.387,57
12.115,18.262,19.707,0.852,19.092,250.014,-2.001,1.097,23.841,18.964,22.713,0.118,13
55.637,32.214,83.191,-118.312,68.609,2316.486,-126.801,164.894,63.891,55.789,26.34,143.152,54
91.656,70.537,102.358,-92.719,92.301,3720.881,-103.744,71.299,76.896,82.142,26.379,61.855,79
88.565,18.42,69.854,-95.14,54.796,4999.945,-139.133,53.25,57.131,39.447,23.026,48.397,6
120.916,18.792,39.452,-52.266,38.316,3103.969,-43.884,46.108,57.16,31.404,21.562,35.109,32
61.618,19.496,96.124,-113.207,72.117,5999.945,-168.479,51.931,77.643,49.392,22.37,48.755,19
4.173,18.401,19.515,1.485,18.631,99.996,-2.002,1.096,23.134,18.693,22.639,0.229,2
128.773,18.9,96.414,-9.437,78.436,5999.936,-108.944,0.429,95.185,53.254,26.384,-0.181,19
86.668,19.337,48.715,-99.37,39.452,2499.988,-75.406,123.539,36.346,32.137,23.448,100.891,9
130.479,19.168,52.979,-6.305,45.932,4999.949,-96.688,0.692,59.796,35.252,24.46,-0.644,17
119.606,18.402,26.385,-0.757,27.701,2499.971,-2.0,1.097,35.698,24.754,26.322,-0.851,9
30.476,19.25,94.19,-127.714,69.8,3842.967,-191.438,100.485,66.604,48.847,23.232,96.491,32
13.681,18.345,39.41,-11.64,31.74,250.012,-43.512,132.618,31.49,26.393,22.928,103.688,13
37.011,18.732,21.927,-0.173,21.342,749.996,-2.001,1.098,32.166,19.851,23.786,0.192,16
65.96,54.622,66.548,20.611,60.657,1482.941,-5.455,-37.891,69.906,54.066,26.383,-27.672,74
58.75,18.545,24.581,-7.591,24.091,1199.988,-2.979,15.774,35.346,22.388,19.851,10.84,36
27.818,19.856,109.735,-128.101,80.385,3779.974,-194.614,103.047,66.456,56.362,19.851,98.942,32
130.865,18.818,49.574,-6.31,42.997,4999.946,-96.901,0.836,52.027,33.324,23.96,-0.528,17
30.06,18.354,40.159,-3.891,36.164,599.997,-2.981,15.774,37.118,31.676,19.851,10.837,36
73.518,18.801,23.989,-0.383,24.203,1499.988,-2.0,1.095,32.928,22.481,23.174,0.048,8
73.448,18.38,23.94,-0.345,23.737,1499.983,-2.001,1.097,31.913,22.279,23.365,-0.006,8
26.523,59.533,81.467,128.475,72.122,2547.982,-170.282,-182.869,73.178,65.87,24.297,-167.629,81
58.749,18.611,24.45,-7.595,23.988,1199.989,-2.98,15.774,35.276,22.416,19.851,10.84,36
48.932,18.532,23.941,13.646,23.213,1064.994,-4.251,-34.263,33.324,21.385,22.404,-25.411,10
86.406,19.619,50.366,-99.621,41.402,2499.977,-75.49,123.51,38.598,33.171,23.769,100.82,9
12.096,18.219,19.731,0.803,19.12,250.004,-2.002,1.096,24.603,18.847,23.062,0.101,13
130.302,91.007,95.731,-14.133,91.874,4684.829,-81.691,5.698,77.927,89.272,26.02,3.96,56
22.245,34.588,86.445,-129.032,66.583,3958.789,-202.851,99.677,64.422,52.477,25.316,102.67,55
83.081,18.267,49.587,-85.299,42.21,1999.974,-43.511,132.618,46.85,33.466,24.886,101.652,4
5.684,18.965,121.079,-130.585,89.079,3499.968,-218.928,113.546,92.774,60.553,23.142,111.154,26
73.137,24.064,56.812,78.618,49.528,1970.47,-39.069,-124.196,63.819,39.452,26.38,-95.033,52
69.739,19.622,65.434,-111.401,52.57,2999.979,-124.184,113.125,53.555,39.113,22.156,99.987,14
30.994,18.738,58.922,-27.065,47.733,674.994,-39.042,120.303,35.179,39.301,21.164,93.033,30
10.487,20.023,121.471,-130.457,90.73,5499.952,-203.241,65.997,105.685,59.921,21.683,64.424,24
131.769,19.142,38.621,-3.34,37.919,3499.963,-43.643,1.17,60.048,31.383,23.142,-0.496,26
27.328,19.265,102.138,-128.446,76.064,3779.973,-193.243,102.43,75.618,52.689,19.947,98.263,32
13.663,18.418,39.436,-11.627,31.974,249.981,-43.512,132.618,31.768,26.463,23.195,103.715,13
96.781,49.755,72.122,38.841,66.857,2203.685,-9.658,-49.762,67.989,59.457,27.91,-36.421,53
96.465,49.815,68.098,88.493,62.133,4682.385,-120.003,-62.102,62.667,55.837,25.387,-56.688,48
123.979,19.16,31.918,-28.66,32.282,2599.981,-4.811,29.924,50.309,27.457,19.991,20.053,32
55.926,18.842,59.639,-77.265,45.986,1449.981,-65.98,173.0,39.263,36.029,21.314,139.243,30
37.501,19.283,66.393,-125.439,54.884,4796.389,-187.985,76.223,64.62,39.452,26.008,73.017,63
112.856,51.407,67.574,45.662,64.624,2573.608,-9.161,-49.168,71.327,59.044,24.891,-35.933,80
32.072,18.744,101.355,-127.105,75.667,4749.962,-190.289,77.906,75.912,52.467,21.239,75.127,31
95.634,18.87,49.805,-90.161,42.771,3403.967,-96.598,76.22,48.738,33.392,21.987,65.119,32
86.036,18.733,52.579,-99.897,43.044,2499.979,-75.578,123.465,44.439,33.776,24.154,100.662,9
24.983,28.812,37.883,-7.041,36.037,499.973,-6.371,36.937,52.555,33.618,24.792,25.0,45
1.288,18.977,124.389,-130.612,89.614,3499.966,-229.103,115.998,78.015,60.657,21.261,113.842,26
110.619,49.806,72.122,70.782,67.167,4381.773,-97.316,-51.312,68.843,59.504,25.179,-45.477,48
44.278,18.339,36.427,-5.724,33.008,899.998,-2.98,15.773,39.82,29.207,19.851,10.725,36
130.538,49.806,60.924,-9.855,57.789,4771.837,-89.097,2.911,61.44,52.89,24.592,1.695,48
58.735,18.549,24.798,-7.614,24.443,1199.991,-2.979,15.774,35.803,22.473,19.851,10.847,36
87.548,19.587,72.122,-96.16,58.293,4999.939,-138.14,53.434,69.058,42.064,24.432,48.348,6
87.26,19.62,72.203,-96.404,58.411,4999.952,-138.357,53.418,69.291,42.454,25.1,48.582,17
57.718,19.553,101.042,-115.83,78.707,5999.945,-167.819,52.313,93.693,52.772,23.559,49.109,19
29.516,26.773,43.74,-74.288,36.124,1032.039,-132.989,256.203,45.459,32.355,24.16,211.903,73
24.896,34.467,39.452,-12.738,38.364,500.049,-15.656,71.245,45.413,37.887,24.187,50.342,44
4.183,18.656,19.341,1.447,18.748,99.957,-2.001,1.097,24.32,18.698,22.255,0.168,3
28.587,91.27,115.064,-3.55,104.497,625.065,-7.384,22.077,83.394,96.65,25.717,14.758,66
125.964,30.585,89.289,8.838,72.12,4558.135,-85.635,-8.493,69.582,54.792,26.385,-8.519,68
28.564,18.951,104.568,-127.935,78.707,4749.954,-192.128,77.791,83.694,53.265,23.582,75.183,27
54.775,34.627,70.175,-42.237,62.202,1246.601,-35.241,113.158,65.803,52.571,24.051,84.424,43
4.783,18.345,27.69,-1.537,25.717,60.016,-9.126,50.765,54.627,23.53,22.528,36.489,27
119.95,24.687,63.295,-46.656,50.695,5788.217,-122.132,19.895,52.455,37.853,23.169,17.717,62
63.618,18.552,40.39,-63.763,33.977,1499.993,-43.512,132.618,30.903,28.026,20.609,103.291,8
19.69,40.002,68.155,-9.935,59.942,429.667,-10.671,33.223,60.524,52.391,25.645,23.858,69
6.458,64.824,63.682,1.354,62.422,149.929,-1.999,1.099,60.172,62.553,26.509,0.439,20
69.678,81.461,126.02,-110.891,104.791,3532.973,-125.865,91.859,91.205,94.992,26.446,81.874,61
125.224,76.29,102.137,37.533,90.404,4702.63,-88.212,-27.008,71.576,81.588,24.322,-24.115,81
69.278,19.142,66.891,-111.649,53.146,2999.967,-124.328,113.075,58.297,39.451,23.183,99.922,14
30.999,18.657,58.803,-40.89,45.337,749.994,-65.982,173.0,46.657,35.643,24.808,139.138,16
33.792,91.181,89.462,-4.12,87.793,710.508,-3.087,13.665,69.582,86.854,26.331,8.586,63
26.719,18.644,104.791,-128.305,80.286,4749.957,-192.71,77.774,88.735,54.246,25.199,75.18,27
55.833,33.131,53.832,-97.424,45.95,1634.18,-89.986,202.838,40.929,39.452,23.173,163.081,71
7.666,19.069,38.854,-5.405,31.336,99.979,-43.512,132.618,28.612,26.382,22.323,103.533,3
83.092,18.581,49.722,-85.348,42.011,1999.98,-43.51,132.617,47.576,33.405,23.393,101.782,12
128.962,81.486,86.293,-26.237,85.952,3134.76,-23.984,22.463,80.229,83.073,26.385,16.043,56
8.174,18.178,63.723,-7.621,45.986,100.048,-79.941,188.412,34.898,37.038,22.586,155.201,18
95.583,28.809,65.223,-27.925,56.129,2030.212,-6.697,37.666,59.617,45.986,26.385,25.605,53
84.327,18.636,71.796,-97.5,55.558,5749.946,-152.186,46.695,57.409,38.647,24.738,43.293,20
4.16,18.388,19.686,1.484,19.04,99.978,-2.001,1.099,24.691,18.956,22.274,0.246,2
114.971,27.287,56.667,-63.554,50.987,4050.41,-87.74,41.779,59.997,42.025,26.385,34.614,58
124.882,35.798,82.624,40.181,70.535,5218.719,-102.007,-26.199,73.091,56.024,26.445,-23.803,65
13.129,19.248,114.887,-130.41,84.73,3299.965,-210.856,121.75,86.657,58.306,24.406,118.072,27
36.569,18.511,39.55,-18.671,35.381,749.995,-15.496,70.795,31.387,30.51,21.303,52.016,27
58.752,29.883,65.697,-75.92,55.842,1499.994,-58.92,161.745,52.087,45.819,24.065,125.0,44
83.144,17.714,49.484,-85.315,42.003,1999.976,-43.51,132.617,46.785,33.309,23.224,101.89,12
25.654,44.988,65.696,27.622,60.673,735.407,-34.546,-119.116,67.635,55.473,26.56,-90.339,56
132.015,18.73,28.729,-2.025,29.327,2999.968,-17.581,1.34,37.079,25.587,23.75,-0.574,14
73.487,18.589,25.083,-0.448,25.251,1499.986,-2.001,1.098,36.716,23.179,23.136,0.063,8
8.153,18.448,63.971,-7.618,45.986,100.026,-79.941,188.412,37.56,37.128,23.431,155.1,18
102.436,27.166,41.873,-70.972,39.452,2301.312,-24.357,91.826,48.458,36.119,24.839,66.594,72
24.052,38.776,65.603,30.027,54.651,717.994,-43.045,-137.97,37.658,45.986,24.905,-106.02,57
14.144,59.91,124.436,47.653,98.896,776.935,-100.723,-233.086,77.455,82.741,27.791,-190.764,56
26.527,19.316,91.465,-127.724,70.536,5749.946,-197.323,62.463,81.102,48.482,23.775,60.987,27
94.495,63.186,62.816,88.812,55.99,3669.947,-97.154,-78.256,53.28,54.108,25.951,-68.345,70
131.312,18.597,42.772,-5.221,38.351,4499.959,-84.746,1.04,45.359,30.837,22.288,-0.578,21
85.628,18.631,53.542,-100.252,44.471,2499.975,-75.825,123.378,48.228,34.549,24.786,100.574,9
61.812,49.77,69.447,-64.367,62.869,1499.984,-43.512,132.618,59.293,57.394,25.438,100.0,42
31.549,18.767,48.91,-127.43,35.835,2903.923,-193.819,143.317,28.839,27.525,19.851,136.184,10
8.791,19.482,101.092,-9.792,70.543,100.044,-122.973,242.424,33.182,51.335,21.347,206.849,2
62.022,19.654,96.111,-113.079,72.122,5999.943,-168.014,51.94,77.806,49.487,22.338,48.576,19
60.501,56.816,100.439,54.126,90.945,1590.704,-29.441,-104.624,76.874,78.725,26.344,-78.808,76
59.735,30.721,52.351,-64.39,45.986,1444.459,-45.888,138.192,57.211,41.533,26.33,104.635,68
97.302,18.917,25.309,-0.466,25.791,1999.98,-2.001,1.096,33.534,23.442,23.425,-0.057,12
6.085,60.056,124.78,27.015,102.752,466.112,-99.062,-227.288,79.754,85.489,27.965,-186.176,56
132.008,18.474,28.087,-2.045,29.067,2999.964,-17.617,1.342,36.479,25.484,23.203,-0.574,14
23.615,91.048,85.159,0.041,84.301,499.965,-2.0,1.097,59.468,85.13,24.803,0.0,44
4.208,18.612,19.845,1.49,19.243,99.975,-2.002,1.099,26.958,19.17,22.153,0.192,3
28.633,73.781,94.624,-55.822,84.36,854.9,-105.721,222.833,79.693,78.848,26.273,181.494,69
39.707,19.599,95.002,-122.961,72.065,5999.933,-184.944,56.673,85.179,49.303,24.663,54.157,4
69.435,18.377,66.238,-111.589,52.911,2999.975,-124.359,113.089,57.206,39.451,23.318,99.943,14
31.027,18.541,58.882,-40.855,45.134,749.99,-65.979,172.999,46.356,35.446,23.591,139.171,16
69.348,79.007,98.034,109.571,86.097,4901.407,-147.004,-77.105,71.004,79.395,26.342,-72.127,76
119.391,18.471,26.514,-0.821,28.009,2499.97,-2.001,1.097,37.287,24.871,25.761,-0.865,9
27.477,19.26,102.13,-128.443,76.145,3779.971,-193.274,102.434,74.88,52.778,19.851,98.327,32
-15.93,19.505,124.524,-130.122,87.589,2849.972,-265.38,147.725,83.123,57.862,21.685,147.653,29
86.804,18.249,72.139,-96.867,58.572,4999.945,-137.959,53.447,69.366,42.061,24.152,48.53,17
23.671,92.169,69.052,-0.005,70.525,499.98,-2.0,1.096,56.622,75.385,24.338,0.0,44
122.497,70.516,81.011,-47.38,76.386,3999.962,-73.975,31.226,61.203,72.122,25.505,25.0,42
96.325,18.539,28.037,-0.884,28.713,1999.976,-2.001,1.097,46.175,25.476,23.772,-0.31,4
95.567,43.645,85.205,-87.651,71.417,3897.449,-106.648,64.206,62.981,58.897,25.08,56.009,63
24.108,19.178,100.336,-128.477,74.412,5749.948,-197.661,62.578,83.878,49.862,22.492,61.018,27
85.427,18.745,54.029,-100.432,45.156,2499.973,-75.743,123.387,50.578,35.414,24.831,100.523,9
124.209,32.869,61.573,-12.253,51.184,4207.893,-82.839,5.841,41.5,42.739,25.769,3.765,54
49.096,49.882,46.135,-0.599,45.986,999.96,-2.001,1.099,49.589,45.986,23.66,0.0,44
9.239,19.128,85.637,-131.019,59.955,3299.968,-225.38,126.854,51.042,39.52,24.291,124.373,27
-0.811,18.568,123.849,-130.897,88.186,3499.971,-233.585,117.081,72.22,59.542,19.933,115.214,26
58.16,19.441,100.36,-115.359,77.846,5999.945,-167.777,52.206,91.844,52.576,24.054,49.07,19
96.283,67.421,82.361,88.902,71.484,2728.43,-48.329,-101.94,62.721,64.995,25.706,-80.23,69
64.966,49.94,92.069,114.553,79.006,2520.168,-93.565,-151.672,71.009,66.7,24.776,-127.2,48
12.747,65.034,96.63,39.325,81.96,668.775,-92.919,-220.317,76.464,72.124,27.461,-179.424,56
114.613,92.243,124.035,-4.697,104.791,5801.676,-118.462,-3.35,78.381,97.312,25.701,-3.451,66
124.023,18.392,57.454,-43.713,50.455,4499.959,-88.764,24.63,70.636,38.629,24.073,20.058,20
23.649,18.72,39.482,-22.025,32.637,499.987,-43.511,132.618,34.086,27.619,23.174,103.289,7
93.811,18.987,49.707,-92.25,43.011,2249.974,-40.139,126.175,53.391,34.017,25.702,95.814,27
129.767,19.341,58.727,-8.172,50.887,5499.943,-106.131,0.643,68.588,37.88,24.619,-0.28,24
41.385,27.004,45.807,-122.669,34.241,4420.14,-188.114,83.996,30.253,26.293,25.335,83.679,78
117.956,15.567,70.378,-49.152,55.833,5213.811,-111.701,23.328,65.557,39.45,26.382,20.32,79
75.981,79.557,79.932,35.779,78.849,1779.234,-11.24,-57.744,68.339,78.707,26.642,-42.178,58
36.273,18.586,94.382,-125.831,69.064,4749.962,-189.027,77.878,62.34,45.986,22.179,75.004,31
31.168,18.341,58.41,-40.685,44.559,749.986,-65.98,173.0,41.856,35.002,24.604,139.299,16
113.67,29.258,78.727,-29.28,63.912,2426.753,-5.745,32.291,70.066,50.917,26.526,21.747,61
107.215,86.094,95.362,-76.009,90.198,3499.97,-75.096,61.156,74.078,86.237,24.337,50.0,45
27.525,72.611,115.408,54.216,93.85,1014.857,-69.709,-187.504,72.755,81.666,26.192,-149.161,74
36.571,26.827,69.073,-92.831,52.582,1315.002,-129.909,251.941,57.332,42.724,24.657,208.409,73
86.467,39.589,72.122,-96.508,61.959,5095.674,-141.419,52.861,56.93,51.071,25.726,49.673,50
72.386,18.587,49.288,-109.856,38.258,2999.969,-123.544,113.322,32.508,29.76,20.902,100.297,14
15.422,59.875,124.647,47.29,102.796,792.377,-95.927,-222.94,79.527,85.314,26.45,-182.166,56
4.135,46.418,67.266,2.872,61.853,106.467,-2.12,1.099,65.999,56.005,26.287,0.001,70
97.278,18.171,25.359,-0.374,25.857,1999.977,-2.0,1.098,33.438,23.278,23.523,-0.069,12
8.793,18.082,101.815,-9.803,71.261,100.029,-122.973,242.424,34.93,51.512,22.364,206.83,2
58.919,44.168,65.846,61.858,60.953,1575.718,-35.46,-123.009,64.543,54.386,26.533,-93.356,56
129.487,39.623,71.322,-16.589,62.373,5086.592,-97.814,6.039,60.589,52.575,25.91,4.499,50
119.602,19.081,26.394,-0.767,27.858,2499.971,-2.002,1.097,36.032,24.836,26.108,-0.852,9
83.13,18.441,49.734,-85.304,41.967,1999.976,-43.512,132.617,47.061,33.201,23.468,101.827,12
27.091,80.51,92.219,-127.853,85.952,4090.584,-196.888,96.461,63.217,82.468,25.649,96.585,69
24.425,79.753,86.143,-12.63,80.319,499.979,-15.495,70.795,62.814,78.099,24.603,50.0,45
114.83,49.84,74.523,-63.836,68.894,3384.74,-62.073,51.844,67.641,60.691,26.385,41.16,58
131.137,19.288,49.482,-6.449,43.073,4999.946,-96.79,0.924,51.811,33.508,23.586,-0.408,17
91.309,65.607,63.768,-48.331,62.474,1999.987,-15.498,70.795,43.574,62.267,23.638,50.0,45
4.172,18.65,19.455,1.451,18.738,99.965,-2.0,1.096,23.966,18.817,21.929,0.185,3
16.145,18.563,113.22,-129.946,84.649,3999.951,-203.158,96.427,93.602,57.743,24.938,93.443,15
83.719,18.453,45.917,-84.629,38.695,1999.979,-43.512,132.617,36.03,31.329,23.323,102.183,12
8.192,18.387,60.403,-7.6,44.399,99.974,-79.94,188.411,27.42,34.551,23.164,155.574,18
116.082,39.648,63.755,-53.38,53.379,4133.356,-90.826,35.835,43.973,45.773,25.488,30.186,60
23.646,18.354,39.457,-22.052,32.904,499.992,-43.512,132.617,34.79,27.724,23.017,103.336,7
104.103,81.49,111.616,-42.522,98.206,2282.924,-9.846,53.0,64.308,90.69,25.984,36.67,59
31.063,18.67,58.7,-40.808,44.961,749.988,-65.981,173.0,45.306,35.295,24.833,139.228,16
48.174,66.935,67.2,-0.782,65.91,999.984,-2.0,1.097,68.308,65.588,24.418,0.0,45
14.178,54.144,115.653,130.267,93.125,3234.309,-197.037,-146.339,82.83,75.476,27.78,-139.313,65
122.875,50.051,78.504,-31.01,68.965,4761.345,-96.081,16.241,67.214,61.308,25.19,13.622,64
58.342,26.998,38.392,66.433,34.994,1588.421,-42.021,-133.012,49.571,31.59,24.794,-102.357,72
25.1,50.276,44.772,-6.77,44.55,500.009,-6.371,36.935,31.387,45.173,22.233,25.0,43
46.779,32.86,90.514,-106.633,68.856,1597.2,-115.07,232.866,64.004,53.709,26.288,191.246,54
66.224,19.706,78.71,-109.95,57.459,5999.955,-170.337,51.42,53.25,38.999,21.544,48.332,19
119.45,18.541,26.401,-0.799,27.858,2499.97,-2.001,1.098,36.731,24.798,25.83,-0.861,9
37.523,19.26,90.086,-125.225,65.564,4749.959,-188.762,77.792,57.241,45.302,21.731,74.987,31
48.802,18.989,24.84,13.704,24.447,1064.986,-4.249,-34.264,37.883,22.511,23.172,-25.377,10
61.089,65.024,90.699,-114.81,77.074,5249.943,-165.57,63.109,66.468,68.252,26.613,58.297,20
60.341,54.285,98.257,58.078,87.684,1609.446,-31.154,-110.301,85.912,75.446,27.787,-83.235,65
94.356,86.092,104.791,-90.715,96.569,4499.964,-116.308,55.928,82.736,89.645,24.669,50.0,45
25.578,49.707,104.391,-61.11,82.607,852.195,-127.635,249.238,74.761,68.894,25.568,205.915,48
131.42,18.734,55.821,-5.349,49.747,4499.958,-80.569,1.033,71.255,38.637,22.642,-0.53,21
72.446,18.614,50.725,-9.5,44.623,1499.987,-2.98,15.774,45.751,37.058,19.878,10.66,36
7.661,19.26,38.914,-5.409,31.343,99.973,-43.512,132.618,28.874,26.437,22.222,103.567,3
100.091,39.676,68.477,84.118,60.366,4991.873,-122.842,-55.621,61.143,51.12,26.324,-51.228,50
120.833,18.836,44.22,-52.37,41.178,3103.967,-43.337,46.167,61.731,33.578,21.738,34.943,32
73.51,18.572,23.525,-0.252,23.574,1499.985,-2.002,1.097,30.794,21.73,24.031,-0.015,8
8.144,18.579,54.233,-7.55,39.243,100.039,-79.941,188.412,25.651,31.332,23.255,155.443,18
14.998,34.557,86.391,-130.221,70.65,3079.31,-214.521,134.98,64.303,57.484,24.811,135.53,55
95.105,18.706,72.126,-89.908,57.474,4105.963,-115.249,61.708,54.846,41.97,21.234,54.067,10
43.401,19.09,43.066,-43.064,35.424,999.994,-43.512,132.618,39.435,29.187,23.483,103.038,5
105.015,50.107,72.122,79.368,65.588,3691.487,-82.555,-66.737,66.157,58.518,25.283,-56.997,49
112.578,18.646,62.183,-67.838,53.522,4299.961,-95.897,41.553,74.225,39.452,23.728,35.267,31
22.214,91.007,109.473,87.767,101.586,1330.94,-125.56,-258.611,72.143,96.637,26.384,-215.35,52
37.435,55.185,91.86,84.264,75.54,1436.182,-87.485,-212.487,51.059,65.588,25.686,-172.174,57
10.03,18.714,79.235,-11.729,56.744,150.001,-99.216,216.05,30.69,43.122,20.746,181.585,30
4.15,18.454,19.849,1.482,19.55,99.991,-2.002,1.098,33.236,19.223,22.615,0.252,2
15.501,18.559,113.172,-130.056,84.254,3999.96,-204.897,97.168,90.479,57.488,24.818,94.025,15
130.339,91.119,101.689,-7.358,95.271,4999.955,-89.959,0.848,78.436,91.154,24.788,0.0,44
70.0,19.12,85.847,-108.486,65.338,5749.954,-162.269,51.983,66.728,45.047,21.13,48.88,27
112.914,91.415,115.622,-56.81,104.038,4525.478,-94.535,33.44,85.029,96.6,25.998,27.994,66
46.551,61.097,88.393,-51.178,79.674,1139.305,-45.93,137.365,78.259,71.35,28.0,104.119,53
19.217,48.807,89.445,-38.842,71.621,541.894,-120.552,240.838,70.224,60.002,24.906,198.128,80
81.737,91.084,119.864,102.685,104.791,5165.87,-135.395,-67.868,84.028,96.667,27.698,-63.046,60
108.16,81.49,103.604,-71.712,86.589,3980.196,-88.196,49.227,73.375,78.848,26.385,41.436,74
94.089,18.283,30.753,-91.691,26.339,3499.969,-105.59,77.107,26.739,22.434,19.91,67.122,20
17.33,19.391,113.285,-129.84,84.302,4499.958,-201.578,84.387,89.541,56.425,23.307,81.767,20
89.529,65.206,77.027,-49.288,72.139,1999.989,-15.497,70.796,73.12,70.019,24.896,50.0,41
98.539,30.721,63.666,-80.534,56.022,4594.566,-119.105,47.745,68.486,45.986,26.385,42.982,74
98.18,19.169,71.359,-85.852,58.089,5029.426,-127.219,45.917,67.974,41.645,26.15,42.106,63
118.89,49.838,65.654,-55.792,62.322,4347.344,-90.092,33.715,63.591,56.209,26.394,27.842,58
34.19,68.839,84.443,-6.208,78.859,728.957,-6.441,24.22,71.188,72.122,25.719,15.98,79
4.022,19.396,30.514,-0.529,27.832,60.002,-2.981,15.774,28.18,25.892,19.205,10.888,36
128.845,81.489,85.967,12.089,85.172,2881.695,-3.563,-11.484,80.715,82.594,29.431,-8.989,58
28.842,19.227,99.271,-127.989,75.345,4229.962,-191.551,89.15,79.546,52.324,22.386,86.006,29
131.795,19.133,39.364,-3.953,37.583,3999.956,-66.816,1.1,51.034,30.688,24.978,-0.559,15
108.31,49.827,70.536,74.485,63.999,3270.859,-60.466,-69.081,64.172,57.085,24.858,-56.397,48
28.955,19.606,81.739,-127.831,60.076,4149.958,-195.441,92.885,62.69,41.343,19.851,89.593,29
71.279,70.393,119.691,-109.874,103.247,4223.638,-135.396,73.647,95.92,88.472,27.839,67.109,56
30.326,51.718,89.754,-126.658,72.122,2512.013,-180.255,164.272,77.997,62.978,24.726,151.663,80
52.94,29.554,58.921,-99.581,49.302,5289.532,-181.597,56.932,41.649,39.452,25.664,60.166,69
131.225,18.335,28.001,-0.787,29.035,2749.971,-1.994,1.071,37.518,25.564,24.14,-0.765,20
27.467,49.763,83.266,-38.135,70.368,679.039,-69.995,177.495,69.611,61.068,27.868,139.364,53
84.08,35.798,88.644,-101.166,72.125,2609.886,-80.664,117.604,62.096,59.442,26.062,96.37,58
116.987,54.54,56.518,-49.978,54.128,2577.661,-14.489,56.584,52.992,51.048,26.201,39.886,60
4.72,23.222,124.184,-130.417,92.009,3499.97,-219.653,113.846,95.038,63.899,23.301,110.919,23
4.617,44.766,65.451,0.334,59.417,101.494,-3.888,12.974,65.551,54.148,25.291,8.386,79
69.165,18.606,67.043,-111.968,53.351,2999.962,-124.332,113.052,59.047,39.452,23.175,99.923,14
40.978,24.994,70.32,58.69,53.051,1234.422,-54.396,-157.731,39.673,39.452,22.9,-123.284,62
81.82,19.057,69.657,-97.923,53.012,4963.505,-145.765,55.204,56.412,39.452,26.333,52.102,53
131.172,19.254,49.642,-6.476,43.178,4999.946,-97.705,0.954,52.067,33.638,23.609,-0.439,17
28.24,39.543,62.778,38.467,56.149,866.106,-47.354,-145.218,66.848,49.858,27.03,-112.432,53
13.701,18.797,39.186,-11.58,31.565,249.972,-43.511,132.618,27.355,26.385,23.028,103.763,13
14.846,55.907,97.401,31.733,79.162,604.838,-70.684,-189.627,44.368,69.795,25.059,-150.987,57
122.232,48.836,71.782,-50.01,66.417,2718.177,-13.459,51.668,69.998,59.162,24.989,36.762,80
131.993,18.443,28.824,-2.09,29.456,2999.97,-17.522,1.346,37.187,25.594,23.691,-0.565,14
129.804,19.257,121.836,-9.512,92.985,5499.943,-93.996,1.258,112.664,61.758,24.371,0.325,24
93.722,43.79,79.34,-88.943,65.628,4945.09,-131.446,49.776,58.25,56.449,24.992,45.902,63
93.152,18.468,49.38,-92.604,39.465,3499.968,-104.834,77.198,39.337,32.256,22.119,66.835,20
87.655,18.947,72.115,-95.905,57.471,4999.959,-138.573,53.363,64.893,40.576,23.423,48.411,17
130.37,70.263,98.094,15.604,90.649,3428.133,-35.149,-14.34,87.1,81.82,27.402,-11.961,61
60.237,85.327,65.575,13.792,65.585,1355.056,-6.58,-32.832,53.481,70.531,24.032,-24.36,72
52.746,81.49,68.907,-32.151,68.072,1169.879,-16.1,67.432,54.909,69.637,25.891,47.989,70
99.476,19.014,75.588,-81.748,60.217,5969.938,-139.099,35.652,70.56,42.786,23.172,32.689,29
25.518,45.762,83.629,27.554,72.122,739.21,-34.207,-117.054,75.365,61.518,27.662,-88.856,74
97.13,18.42,25.031,-0.545,25.571,1999.979,-2.001,1.098,32.656,23.223,23.25,-0.103,12
69.613,28.983,65.057,-108.84,55.845,4462.098,-150.92,70.21,58.078,45.069,26.385,65.71,53
13.175,19.081,114.812,-130.404,84.775,3299.962,-210.836,121.747,86.487,58.217,24.936,118.051,27
98.961,61.222,89.724,78.272,79.623,2480.868,-25.292,-95.391,68.22,70.655,23.28,-71.457,62
13.356,19.036,114.553,-130.417,84.572,3299.971,-210.892,121.771,85.024,58.008,25.047,118.201,27
130.31,19.856,72.383,15.759,61.633,5010.611,-94.195,-12.206,69.997,45.191,26.163,-11.293,63
30.457,45.725,75.517,-20.327,64.005,669.68,-22.89,86.403,70.973,51.795,26.385,62.374,74
24.574,18.693,20.082,0.368,19.851,500.004,-2.002,1.096,34.212,19.851,25.715,-0.047,4
90.395,48.985,58.004,-95.311,52.672,2525.369,-63.546,114.497,61.8,47.975,26.376,90.804,54
86.531,64.688,104.791,-98.133,91.857,4999.949,-132.643,54.139,89.911,78.854,26.285,47.512,6
129.763,18.886,57.414,-8.171,49.27,5499.946,-107.228,0.641,61.941,36.649,23.625,-0.352,24
24.073,53.933,119.76,128.873,95.911,3154.681,-179.752,-145.471,85.969,77.278,27.898,-136.376,65
68.298,35.839,65.581,108.899,53.399,4061.005,-143.61,-91.847,40.388,44.512,23.171,-84.979,80
118.234,19.093,52.253,-1.093,44.581,2499.973,-2.001,1.097,50.667,35.138,25.327,-0.93,9
13.713,18.771,38.854,-11.59,31.337,250.016,-43.512,132.617,25.422,26.38,23.031,103.867,13
31.175,18.466,58.081,-40.72,44.456,749.986,-65.982,172.999,40.569,34.805,24.772,139.323,16
21.121,19.121,113.556,-129.161,85.801,5084.953,-196.182,71.773,97.826,57.893,25.016,69.874,29
9.51,19.894,123.019,-129.858,92.499,5499.95,-202.49,65.286,111.162,61.506,23.496,63.764,24
99.523,91.083,111.884,-84.667,102.24,5176.102,-120.471,43.886,93.444,95.062,26.381,39.805,56
13.68,18.608,39.349,-11.601,31.952,250.014,-43.512,132.617,29.734,26.44,22.92,103.71,13
83.309,18.63,48.087,-85.008,39.452,1999.973,-43.513,132.617,42.671,32.478,24.797,101.802,4
86.039,65.109,104.791,-98.716,92.661,4999.942,-132.49,54.202,93.191,79.352,28.074,47.636,6
58.187,81.46,124.904,-116.898,104.791,3700.293,-144.765,93.127,91.563,95.043,26.512,85.103,61
125.099,65.081,95.316,-40.066,86.133,5249.934,-99.772,18.339,89.789,76.227,28.722,14.983,20
87.073,18.108,72.148,-96.743,58.427,4999.957,-137.809,53.499,68.926,41.931,24.093,48.414,6
21.36,18.488,22.0,-2.86,20.98,419.997,-2.98,15.775,38.597,19.851,21.501,10.728,30
110.501,28.294,58.874,-69.049,49.522,4449.97,-102.515,41.146,68.778,39.001,25.306,35.505,75
57.491,19.025,101.26,-115.913,78.707,5999.937,-167.826,52.265,94.291,52.808,23.315,49.128,19
113.979,71.182,52.222,30.223,54.024,2512.509,-4.282,-32.643,54.85,56.496,26.199,-23.86,57
119.398,18.748,63.41,-51.856,52.585,5649.952,-119.305,22.685,63.781,38.647,21.582,19.982,31
131.74,18.758,32.75,-3.019,32.322,3499.964,-46.211,1.173,41.705,27.283,23.541,-0.53,26
59.826,28.809,64.543,-115.746,52.297,2518.922,-126.05,144.641,65.862,42.485,27.75,126.57,61
4.206,18.415,19.402,1.468,18.689,99.984,-2.001,1.098,23.674,18.733,22.726,0.433,18
130.967,56.105,69.706,-13.146,65.588,3819.241,-55.726,7.515,62.836,61.026,28.006,5.14,58
28.072,18.683,53.975,-94.205,33.11,1199.987,-166.064,301.707,32.216,24.771,19.851,258.262,36
24.397,18.861,22.38,0.186,21.451,499.995,-2.001,1.097,32.807,19.851,22.517,0.004,7
13.706,18.397,30.052,-11.533,24.626,249.986,-43.51,132.617,21.711,21.505,23.132,103.877,13
98.301,17.396,35.11,-79.596,31.247,2249.991,-33.034,108.233,28.289,25.667,19.066,81.839,32
32.056,91.478,117.23,56.003,104.791,1121.398,-61.269,-170.948,89.339,97.732,26.004,-134.848,66
87.103,49.526,94.354,-97.08,79.372,4999.946,-134.442,53.837,79.461,65.471,25.584,47.704,6
61.141,18.667,75.729,-115.355,57.474,3999.969,-156.543,85.826,51.166,41.275,21.562,79.459,10
4.136,18.718,23.605,1.472,23.105,100.038,-2.001,1.097,39.906,21.471,22.775,0.288,2
130.65,49.794,64.771,16.218,63.054,3308.264,-33.72,-15.152,71.776,57.529,26.153,-12.597,48
70.451,28.665,83.288,-98.026,67.363,1873.022,-62.401,167.203,69.229,53.269,26.444,129.877,56
66.568,29.641,71.966,4.906,58.778,1425.357,-4.015,-11.279,49.284,45.761,24.962,-8.905,64
64.185,80.287,82.123,78.241,78.707,1824.674,-43.276,-138.234,73.846,75.468,26.881,-106.291,68
47.078,35.798,102.083,-119.161,75.067,1721.047,-126.953,248.442,54.781,57.739,26.127,205.275,58
13.672,18.84,39.333,-11.605,31.683,249.982,-43.511,132.618,30.175,26.39,22.834,103.702,13
29.489,19.143,97.458,-128.001,72.122,4229.957,-191.225,89.174,78.196,50.734,22.588,86.001,29
51.148,17.152,89.692,-121.076,70.728,3299.959,-153.615,109.093,86.328,50.92,28.04,100.225,20
28.403,49.748,98.285,-39.302,83.658,701.484,-67.777,176.595,75.596,70.572,25.464,138.088,48
5.806,65.032,105.076,24.759,89.822,434.763,-95.875,-222.963,76.297,78.731,27.818,-182.177,56
12.089,18.242,19.715,0.835,19.192,249.989,-2.001,1.098,23.7,18.987,22.652,0.107,13
13.671,18.291,39.361,-11.603,31.769,249.996,-43.512,132.618,30.541,26.41,22.417,103.711,13
88.331,39.689,65.091,97.29,58.506,3128.987,-84.035,-98.292,61.132,50.288,25.997,-82.857,50
96.992,18.22,25.76,-0.596,26.21,1999.978,-2.002,1.097,36.102,23.612,23.64,-0.112,12
57.732,38.044,72.257,-24.667,62.764,1228.766,-11.495,55.626,51.165,52.575,25.587,38.858,78
4.784,18.803,45.993,-1.562,39.456,59.998,-9.127,50.765,61.233,33.165,23.254,36.153,27
81.318,70.542,104.791,102.864,94.682,5164.952,-137.014,-67.547,83.769,83.594,27.414,-62.909,60
30.931,18.637,41.418,-27.102,34.564,675.0,-39.041,120.305,35.83,29.628,21.387,93.166,30
49.744,18.508,23.176,-0.311,23.156,999.986,-2.0,1.098,33.828,20.341,22.353,0.094,5
120.5,39.551,86.001,-51.563,72.122,3538.796,-58.513,38.587,70.457,58.678,27.643,30.304,53
31.034,33.423,27.571,6.387,26.383,685.205,-3.514,-25.182,27.876,26.379,24.278,-18.574,57
39.244,25.034,84.286,-125.161,64.12,2083.583,-161.127,202.033,62.822,49.272,27.045,180.542,56
122.66,49.901,60.73,-47.015,57.583,3999.964,-76.386,31.158,52.29,53.263,23.54,25.0,44
131.992,18.586,30.477,-2.161,31.338,2999.971,-16.753,1.349,43.557,26.384,23.588,-0.584,14
89.404,18.645,62.355,-95.656,52.571,3999.957,-117.833,67.085,67.498,39.033,23.165,59.502,31
8.135,18.903,64.004,-7.613,45.986,100.026,-79.941,188.412,38.515,37.064,23.167,155.076,18
12.097,18.295,19.672,0.834,19.106,250.001,-2.001,1.097,23.519,18.821,23.167,0.106,13
41.247,46.654,78.805,124.268,66.158,2819.344,-152.661,-155.921,59.668,57.29,25.707,-141.68,78
39.349,39.609,65.057,20.973,58.91,946.392,-13.89,-66.508,68.122,52.561,27.331,-48.902,53
86.704,49.498,93.429,-97.395,78.743,4999.948,-135.275,53.822,77.474,64.976,25.614,48.132,6
27.77,19.8,101.691,-128.349,76.177,3779.97,-192.196,101.934,77.679,52.853,19.853,97.792,32
66.941,40.265,39.493,-50.673,38.546,1499.988,-28.706,102.574,28.155,38.085,21.946,75.0,41
94.73,40.407,72.122,-90.082,63.154,4499.967,-120.866,55.447,67.808,52.77,24.141,50.0,41
39.332,78.628,97.546,-125.106,82.066,2393.098,-163.15,172.806,66.778,75.034,26.387,156.511,58
65.372,36.954,86.648,-112.434,69.031,1928.41,-83.572,194.616,67.413,56.231,26.384,155.927,68
91.594,19.094,90.187,-94.53,72.175,2249.985,-39.569,126.194,87.531,52.924,23.588,93.866,27
8.135,18.651,63.982,-7.615,45.986,99.965,-79.941,188.412,38.46,37.002,22.673,155.099,18
131.189,18.722,49.673,-6.499,43.359,4999.947,-97.545,0.965,53.349,33.456,25.053,-0.449,17
95.442,28.568,100.827,-90.173,83.393,2621.033,-55.098,99.894,89.272,62.135,26.385,78.256,59
4.695,18.437,24.851,-1.809,22.354,49.969,-15.496,70.795,29.058,19.851,20.554,52.524,30
63.164,18.457,45.885,-64.073,38.061,1499.989,-43.512,132.618,40.537,31.261,19.855,102.911,8
50.381,75.857,69.756,9.181,65.567,1139.598,-4.159,-20.175,58.046,63.937,26.458,-15.119,76
6.27,19.16,120.475,-130.418,89.26,3499.966,-217.464,113.19,95.36,60.685,23.234,110.558,26
45.448,53.609,79.468,119.886,72.122,1950.301,-104.552,-226.592,64.59,65.588,26.376,-187.003,70
41.724,81.205,96.775,122.965,87.476,3573.394,-161.281,-121.777,80.321,81.971,26.469,-113.221,51
5.147,56.105,95.638,16.778,78.7,330.219,-77.462,-196.555,43.929,69.067,25.193,-157.882,57
31.039,18.508,59.028,-40.737,45.314,749.987,-65.981,172.999,46.94,35.577,24.782,139.083,16
73.278,18.346,32.261,-0.504,30.719,1499.985,-2.001,1.097,41.845,26.388,23.361,0.075,8
37.385,18.222,22.314,-0.173,21.75,749.992,-2.001,1.097,34.255,19.851,23.856,0.351,16
89.2,27.669,81.847,89.711,69.364,4808.076,-126.348,-61.546,83.076,52.607,26.674,-56.848,74
49.07,61.222,85.1,120.876,74.829,3254.872,-147.352,-128.437,63.997,65.638,24.83,-117.15,73
41.781,34.468,82.133,-60.215,67.163,1089.335,-67.206,176.257,70.135,55.31,26.408,137.685,56
57.765,48.67,71.091,-109.584,60.448,1813.08,-95.879,205.498,64.287,52.495,26.984,166.726,61
56.817,91.011,124.328,-116.08,104.791,4262.526,-154.619,79.948,86.544,96.433,28.023,74.723,61
128.803,28.878,47.202,7.349,42.907,4670.01,-90.957,-6.933,41.493,37.176,25.895,-7.052,70
16.155,29.218,57.833,3.464,52.574,373.78,-3.304,-22.36,67.129,44.799,27.386,-16.578,61
44.327,18.704,54.399,-122.986,45.968,3050.14,-168.651,126.875,55.577,35.974,26.349,117.472,53
51.262,18.554,52.68,-59.205,42.975,1249.995,-50.734,146.704,56.917,34.217,24.785,114.9,20
5.689,19.143,121.081,-130.477,89.385,3499.971,-218.447,113.445,94.751,60.648,22.808,110.843,26
65.979,40.923,43.461,28.569,39.452,1491.749,-10.785,-54.641,31.969,38.665,24.896,-39.945,57
15.475,18.747,113.258,-130.07,84.326,3999.96,-204.906,97.18,90.464,57.487,24.433,94.014,15
12.098,18.855,19.843,0.835,19.408,250.015,-1.999,1.098,24.785,19.292,22.97,0.097,13
45.997,70.326,121.209,-122.741,102.466,3610.805,-159.914,100.904,96.398,87.435,27.562,93.137,56
90.469,39.516,76.659,93.327,65.588,3720.996,-102.633,-80.422,65.397,54.208,26.642,-70.795,53
10.626,19.582,138.113,-15.691,91.659,149.978,-166.064,301.707,30.07,62.27,19.851,259.005,29
48.963,18.518,23.683,13.66,23.228,1064.982,-4.25,-34.264,31.944,21.469,23.011,-25.401,10
4.727,18.347,37.782,-1.82,31.404,50.052,-15.649,71.125,35.468,26.385,21.411,52.707,30
31.117,18.217,58.584,-40.762,44.965,749.988,-65.981,172.999,44.052,35.218,24.549,139.312,16
127.168,67.774,102.791,24.805,90.645,5146.895,-94.837,-17.597,84.505,79.096,26.385,-16.021,65
53.311,43.749,83.998,117.056,68.981,3940.042,-153.74,-101.669,61.737,57.472,24.98,-94.471,63
131.988,18.696,28.053,-2.043,29.098,2999.966,-17.637,1.344,36.509,25.579,23.288,-0.554,14
17.216,77.923,69.943,88.445,64.901,1269.322,-143.582,-280.192,63.742,65.509,26.385,-234.901,74
86.788,49.84,95.675,98.671,84.673,2985.842,-76.283,-104.002,80.324,71.662,26.345,-86.236,49
115.392,29.692,44.392,-60.443,42.273,2499.973,-15.402,70.6,40.04,37.593,26.159,50.0,42
125.182,65.212,90.945,-39.61,82.37,5249.937,-100.977,18.298,83.554,72.122,27.985,14.924,20
6.273,49.842,104.12,27.791,80.419,471.086,-102.883,-231.334,74.476,65.625,27.815,-190.078,53
42.903,47.22,92.429,-123.228,76.216,5413.476,-181.288,64.718,77.471,61.163,26.998,62.134,65
80.78,48.355,113.928,-99.22,98.256,4495.968,-130.662,61.39,88.854,87.463,26.384,55.864,59
132.015,18.702,28.797,-2.045,29.357,2999.971,-17.545,1.339,37.493,25.705,23.926,-0.582,14
119.082,19.763,72.117,55.197,60.907,4695.532,-97.463,-37.348,69.749,44.926,26.221,-33.54,63
66.634,19.761,91.516,-110.904,68.922,5257.29,-159.418,59.379,71.859,45.986,22.311,55.388,10
112.794,70.595,104.791,33.073,94.811,5153.623,-107.889,-24.228,83.845,83.438,26.94,-23.007,60
36.389,18.651,88.543,-125.478,63.666,4499.963,-190.05,83.884,52.947,44.403,19.851,79.963,21
96.683,18.759,27.06,-0.827,27.692,1999.98,-1.998,1.097,40.132,24.857,23.829,-0.15,12
8.154,18.786,63.954,-7.614,45.986,99.981,-79.941,188.412,37.483,36.982,23.207,155.102,18
90.246,18.774,56.146,-93.224,44.168,4999.945,-140.944,53.048,40.319,32.328,23.147,48.317,6
55.741,18.738,62.029,-77.453,48.478,1449.991,-65.98,173.0,44.368,37.714,21.397,138.968,30
1.912,19.261,123.42,-131.104,90.3,1999.977,-245.563,222.666,108.909,59.801,25.93,212.257,27
59.878,85.308,125.649,-92.948,104.791,1693.081,-72.57,181.578,72.508,96.686,26.315,143.024,57
96.844,18.673,25.662,-0.686,26.174,1999.978,-2.001,1.097,35.232,23.69,23.572,-0.291,4
57.705,91.064,88.677,12.93,87.152,1303.639,-3.493,-26.753,69.498,86.892,26.214,-19.67,63
86.774,19.062,72.123,-96.812,58.424,4999.948,-137.893,53.432,69.319,42.129,23.296,48.451,17
89.92,18.585,60.927,-95.162,50.939,3999.966,-118.117,67.031,63.198,38.039,22.504,59.354,31
15.106,56.072,96.314,129.559,80.406,3486.721,-198.602,-134.975,75.886,67.945,27.583,-131.282,65
28.392,19.277,104.791,-127.647,81.571,4629.96,-191.079,79.744,86.922,55.841,22.265,76.955,29
86.286,18.439,75.581,-97.879,61.44,4999.941,-137.029,53.642,77.245,44.393,27.515,48.386,6
70.869,61.47,77.482,109.64,65.579,4123.823,-137.341,-89.692,58.153,59.333,23.171,-82.339,62
69.433,18.843,65.937,-111.7,52.844,2999.964,-124.386,113.227,57.51,39.452,22.789,99.981,14
131.784,18.516,37.911,-3.852,35.855,3999.957,-67.62,1.101,45.101,29.725,24.753,-0.572,15
108.397,69.907,102.874,73.603,88.636,4798.255,-105.707,-49.883,79.244,78.658,26.384,-44.902,66
4.15,18.384,19.566,1.478,19.028,99.991,-2.001,1.097,26.191,18.854,22.702,0.458,18
25.8,61.222,93.631,-127.192,81.605,4512.046,-197.205,84.988,72.608,70.583,23.533,86.041,62
87.383,18.78,72.121,-96.575,58.253,4999.942,-137.868,53.5,69.007,41.79,24.586,48.434,6
119.632,28.712,45.966,-32.866,41.945,4148.23,-87.545,21.651,40.423,36.591,25.905,17.138,70
49.812,53.986,74.833,117.355,68.909,3841.965,-160.179,-107.587,64.221,62.21,26.384,-100.7,68
125.188,49.795,65.585,-40.747,63.907,3033.662,-29.456,37.033,66.125,58.232,27.755,27.079,58
65.964,27.971,81.658,111.905,68.902,4698.04,-148.022,-80.054,83.536,52.571,27.053,-74.869,74
13.677,18.986,39.38,-11.632,31.849,250.036,-43.513,132.617,31.571,26.405,22.354,103.645,13
36.185,56.105,79.411,103.123,68.748,1628.202,-106.478,-235.891,65.692,62.887,26.357,-194.253,70
73.251,26.748,51.687,38.407,45.35,1677.897,-12.928,-66.166,47.61,38.058,24.045,-48.511,73
7.664,19.238,38.791,-5.412,31.337,100.033,-43.512,132.617,28.491,26.391,21.713,103.565,3
76.596,19.051,89.156,-103.991,69.053,5999.935,-156.146,46.874,79.071,45.987,23.78,43.246,4
48.139,67.227,67.234,-0.87,66.433,999.991,-1.999,1.098,68.986,65.588,24.089,0.0,45
51.133,19.775,95.826,-121.1,69.987,1999.993,-129.28,204.1,60.3,50.254,24.965,176.009,4
36.573,18.3,34.631,-18.654,31.222,749.998,-15.495,70.796,31.415,26.623,21.582,52.016,27
40.392,18.24,66.251,-123.746,49.467,5493.947,-190.999,65.725,52.618,33.994,23.189,62.489,11
23.679,18.726,96.58,-128.366,71.403,5749.938,-198.93,63.176,80.952,46.059,25.282,61.358,20
56.776,51.974,92.748,117.602,79.01,5136.968,-161.601,-79.637,79.798,65.588,24.802,-75.493,80
77.982,35.725,68.908,44.718,59.389,1838.938,-15.214,-69.499,66.161,49.398,24.061,-51.244,80
47.727,44.721,66.329,57.696,59.905,1347.08,-42.663,-137.253,64.773,53.523,27.097,-105.397,56
61.353,79.565,85.187,-2.133,83.495,1307.107,-2.454,3.404,69.484,81.129,27.123,1.555,58
30.513,34.797,81.811,-126.906,65.571,4230.862,-193.291,90.339,61.762,52.438,24.387,92.376,55
69.445,65.89,88.398,-111.619,75.673,1999.992,-79.365,187.982,49.044,69.012,23.311,150.0,45
15.211,34.727,39.452,18.526,33.737,473.207,-39.15,-130.232,31.284,32.158,23.152,-99.452,71
16.107,18.722,112.689,-130.044,83.84,3999.957,-204.409,96.936,88.87,57.478,23.495,94.027,15
123.624,19.468,60.676,-38.622,49.687,4367.393,-87.099,22.231,55.905,37.328,26.384,17.992,53
4.575,19.146,135.442,-131.086,95.294,2459.981,-237.069,175.717,75.278,64.776,22.383,171.258,29
13.698,18.342,27.147,-11.539,22.581,250.008,-43.512,132.618,21.524,19.851,22.806,103.912,13
8.757,18.745,95.317,-9.763,65.551,99.988,-122.972,242.424,28.668,45.986,22.273,207.203,2
24.373,18.821,21.886,0.296,21.304,500.007,-2.002,1.097,39.777,19.851,26.173,-0.086,4
131.763,23.218,36.236,-2.945,35.775,3499.961,-45.706,1.172,43.773,31.337,23.521,-0.578,23
11.385,18.207,60.084,0.749,51.043,250.056,-1.999,1.099,74.699,39.456,26.371,-0.049,6
64.317,37.912,86.702,-101.202,68.737,1805.698,-74.479,184.142,67.37,55.935,26.384,145.404,68
93.363,18.472,45.986,-92.406,39.019,3499.974,-105.015,77.179,36.37,31.166,21.54,66.906,20
69.556,19.339,65.576,-111.555,52.572,2999.971,-124.209,113.225,55.683,39.344,21.719,100.028,14
4.201,18.614,21.819,1.477,19.851,99.99,-2.001,1.097,27.954,19.84,21.838,0.192,3
27.688,23.893,58.528,77.77,41.352,1232.35,-107.445,-237.653,28.481,32.285,23.613,-195.909,75
130.235,18.174,49.737,-6.045,43.146,4999.948,-97.983,0.589,51.922,33.325,23.859,-0.594,17
85.62,18.925,53.659,-100.251,44.767,2499.975,-75.63,123.422,49.081,35.242,24.937,100.583,9
90.928,19.316,68.979,-41.866,61.592,1967.085,-11.729,58.37,67.545,48.618,25.8,40.667,63
99.01,39.239,78.702,82.671,67.31,4930.362,-120.836,-55.556,71.543,55.837,27.27,-51.066,53
75.834,57.128,116.403,107.368,98.239,2986.296,-91.081,-115.444,90.553,81.293,28.495,-97.827,58
132.018,18.443,28.711,-2.065,29.602,2999.97,-17.57,1.339,37.355,25.699,23.758,-0.579,14
63.126,19.102,45.958,-64.385,38.438,1499.988,-43.513,132.617,42.724,31.355,22.211,102.945,8
86.521,30.721,62.639,66.181,56.177,2132.224,-24.252,-92.332,69.144,46.03,26.384,-68.977,74
44.577,19.255,96.682,-122.888,72.122,5119.955,-178.248,67.803,80.404,50.366,23.161,64.902,31
51.865,19.407,48.863,-55.167,43.592,1237.596,-45.203,137.199,55.91,35.253,26.286,103.739,53
117.952,29.031,65.582,-55.997,56.411,5114.042,-110.782,28.039,61.786,45.246,26.514,24.276,53
103.807,61.222,86.7,75.397,76.81,4852.219,-113.855,-51.584,71.702,68.906,23.555,-47.113,62
83.379,18.154,48.537,-84.96,39.452,1999.973,-43.512,132.618,41.396,32.665,23.322,102.042,12
9.846,18.816,52.003,-11.605,34.445,149.978,-99.214,216.051,23.698,26.627,19.851,182.016,30
7.662,18.029,39.017,-5.411,31.336,99.994,-43.512,132.618,28.745,26.375,21.425,103.566,3
121.82,68.745,93.869,41.926,83.19,5372.404,-107.178,-27.38,70.523,75.939,25.835,-25.136,79
86.81,19.595,72.127,-96.724,57.912,4999.958,-138.154,53.455,67.515,42.015,23.342,48.683,17
40.531,30.219,74.394,-120.328,59.99,2023.305,-152.515,201.709,65.652,49.022,26.385,177.179,68
109.88,43.41,82.821,-72.063,72.182,3720.744,-78.741,52.183,83.794,60.69,25.722,42.961,73
31.309,18.99,55.077,-40.535,41.469,749.993,-65.98,173.0,32.388,32.997,24.809,139.65,16
68.092,19.135,57.956,113.222,45.985,2499.97,-91.792,-149.362,49.696,35.493,25.917,-127.942,6
7.679,19.125,37.882,-5.387,29.964,99.957,-43.511,132.618,26.045,25.88,21.333,103.579,3
129.172,39.617,65.594,-8.534,57.593,5471.535,-107.684,0.699,51.007,49.28,25.471,0.217,50
83.592,19.048,78.623,-98.048,59.474,5749.938,-151.567,46.697,62.46,41.805,24.77,43.354,20
123.761,19.152,33.026,-28.721,33.354,2599.979,-4.812,29.929,53.429,28.351,22.346,19.952,32
123.296,19.051,36.48,-28.953,36.277,2599.98,-4.815,29.936,60.279,30.242,22.0,19.913,32
63.107,18.411,45.984,-64.422,38.616,1499.985,-43.513,132.617,43.282,31.343,23.174,102.942,8
60.572,26.644,101.599,-116.434,79.051,3025.298,-135.596,116.244,71.732,58.484,26.656,104.081,58
93.642,65.018,82.42,-83.678,75.793,2249.98,-35.442,114.407,63.332,70.553,26.293,84.226,20
15.612,19.12,113.546,-129.944,84.35,3999.957,-204.535,97.045,91.027,57.596,24.304,93.837,15
9.492,18.878,87.076,-130.982,60.756,3299.961,-224.959,126.706,51.41,41.139,24.164,124.174,27
53.442,29.511,69.192,120.109,58.425,2289.305,-106.347,-180.15,71.577,45.986,26.386,-152.426,59
129.299,44.072,91.2,23.35,81.998,4506.137,-78.806,-17.543,84.032,66.759,27.381,-15.733,57
124.004,18.869,31.903,-28.631,32.25,2599.977,-4.81,29.927,50.144,27.503,19.851,20.02,32
4.202,18.369,19.454,1.398,18.714,100.018,-2.001,1.094,23.334,18.62,23.014,0.442,18
123.508,19.103,34.653,-28.882,34.621,2599.981,-4.814,29.935,57.435,29.56,19.892,19.925,32
12.123,18.423,19.836,0.799,19.312,249.984,-2.002,1.096,24.302,19.117,22.921,0.113,13
31.812,35.798,82.664,-127.051,66.487,1722.556,-175.089,273.442,63.148,55.078,26.32,235.302,58
41.479,30.721,27.094,13.036,26.352,922.686,-6.627,-39.413,27.727,25.608,24.457,-28.816,57
40.232,34.911,103.635,-115.691,77.856,1590.212,-139.772,265.48,64.6,58.496,24.861,219.961,55
21.26,32.136,71.865,-128.734,59.757,3161.863,-202.893,127.918,68.279,46.062,26.423,126.64,76
8.667,27.446,66.828,24.097,54.153,443.808,-80.804,-201.452,53.142,43.322,25.876,-162.338,67
40.427,40.912,68.532,-13.903,62.115,845.213,-7.899,44.182,69.992,54.323,26.432,30.272,54
122.605,49.933,62.778,-47.179,59.14,3999.967,-76.092,31.175,54.377,54.185,23.68,25.0,44
5.233,18.725,121.204,-130.674,89.351,3499.966,-219.635,113.734,92.58,60.592,23.163,111.358,26
8.748,19.203,103.025,-9.804,72.118,99.955,-122.971,242.424,44.039,52.575,22.446,206.325,2
19.185,18.995,38.906,-4.294,34.554,375.011,-4.825,29.996,50.756,29.46,24.168,20.761,20
13.682,18.52,39.318,-11.606,31.646,250.015,-43.513,132.618,29.251,26.388,23.17,103.751,13
115.224,68.223,94.61,61.972,82.772,4435.397,-92.131,-44.781,68.391,72.185,24.329,-39.609,75
20.539,42.951,84.248,-128.972,70.888,3640.047,-200.277,108.077,81.666,58.323,25.791,108.052,73
116.094,37.553,54.266,61.736,52.572,3213.24,-47.678,-56.474,62.227,45.986,26.19,-45.221,66
24.182,75.318,69.771,-7.154,67.218,500.036,-6.374,36.938,83.644,67.24,23.898,25.0,41
53.477,64.973,115.15,-120.407,96.749,3299.962,-147.747,109.883,89.195,82.343,28.014,97.998,20
70.75,54.001,95.77,80.324,86.025,1953.026,-38.265,-128.714,85.605,74.418,27.879,-98.145,65
43.447,19.092,42.831,-43.074,35.016,999.997,-43.512,132.618,37.539,29.195,23.158,103.094,5
73.484,18.7,23.551,-0.252,23.551,1499.989,-2.001,1.097,30.873,21.937,24.337,-0.038,8
7.667,19.335,38.744,-5.406,31.14,99.993,-43.512,132.618,28.157,26.384,21.791,103.46,3
99.964,18.863,46.237,-80.774,39.445,5969.943,-141.137,35.529,62.384,28.156,22.235,32.794,29
39.307,29.752,75.714,125.702,58.817,2665.226,-155.684,-168.999,36.228,45.986,24.838,-153.132,79
101.93,70.131,104.791,73.846,95.991,2545.915,-21.282,-85.177,87.501,85.462,27.305,-63.334,61
3.688,61.222,90.95,26.682,76.699,437.603,-120.465,-251.246,67.311,68.873,24.896,-208.942,73
62.542,24.615,78.8,-115.324,62.517,2892.072,-130.169,121.624,66.066,45.986,25.821,107.786,65
111.611,29.17,60.567,60.97,53.334,3252.274,-57.484,-57.474,60.32,44.438,26.384,-47.233,53
74.911,18.667,60.727,-108.193,49.331,2569.975,-99.895,130.2,52.063,37.87,23.066,110.739,32
23.651,18.682,39.458,-22.048,32.928,500.008,-43.514,132.618,35.098,27.381,22.675,103.299,7
101.129,19.581,70.279,83.754,56.328,4999.953,-122.846,-54.219,61.242,41.622,22.774,-49.873,10
111.227,18.471,44.943,-68.652,37.994,4749.947,-114.196,39.492,41.616,29.422,24.348,34.627,20
60.519,76.409,68.03,-34.054,65.349,1325.443,-16.842,74.412,54.11,65.585,25.709,52.799,57
107.046,75.451,98.256,-76.147,90.958,3680.514,-79.659,56.967,85.48,83.596,27.268,47.044,56
126.607,27.011,56.045,-23.788,49.344,2724.008,-8.835,23.608,48.04,40.089,24.008,17.054,73
131.795,23.208,49.227,-3.156,45.986,3499.969,-41.673,1.163,70.91,38.733,23.683,-0.577,23
58.558,39.949,72.975,-75.732,63.134,1499.991,-58.919,161.746,53.0,53.558,23.893,125.0,44
76.517,50.057,89.863,-104.377,78.022,5187.299,-151.171,56.834,62.85,65.556,26.326,53.784,51
131.22,18.819,49.608,-6.497,42.97,4999.944,-97.534,0.968,51.896,33.283,23.925,-0.392,17
48.384,35.798,112.621,-121.977,84.942,1871.772,-129.051,226.201,65.88,65.1,26.385,191.062,58
69.465,19.169,87.809,-108.852,66.18,5749.946,-161.958,52.063,70.352,45.983,21.397,48.9,27
31.029,18.494,58.87,-40.768,45.249,749.999,-65.982,172.999,46.895,35.553,24.062,139.088,16
127.97,81.49,85.123,9.883,78.935,2962.244,-14.666,-10.044,58.726,78.627,25.887,-8.582,70
86.588,19.437,86.298,-11.382,69.25,1799.983,-2.98,15.775,47.32,52.601,21.363,10.802,36
62.477,92.925,89.535,-114.727,81.333,2583.139,-116.019,145.275,60.077,80.186,25.909,124.495,52
120.778,18.619,45.104,-52.484,42.592,3103.97,-43.258,46.177,62.738,34.196,22.07,34.936,32
36.158,54.403,114.518,126.2,92.335,3001.094,-158.873,-147.112,82.813,75.429,27.813,-134.874,65
63.099,18.958,45.984,-64.391,38.633,1499.988,-43.511,132.618,43.774,31.383,23.587,102.874,8
68.265,34.906,77.371,-97.315,65.588,5546.642,-163.735,50.044,65.008,53.098,25.175,48.787,55
87.434,30.17,65.46,-68.608,55.878,1999.979,-28.705,102.576,52.45,45.979,25.114,75.001,44
24.242,34.529,37.911,0.173,37.116,500.004,-2.002,1.097,50.097,35.94,23.502,0.0,43
35.86,27.92,62.805,124.834,52.566,3993.609,-180.579,-110.58,47.13,41.47,25.687,-105.127,67
87.928,49.774,87.401,-95.967,72.475,4999.949,-135.736,53.688,72.443,62.028,25.839,47.818,6
13.678,18.111,39.409,-11.64,31.974,249.99,-43.511,132.618,31.561,26.415,23.083,103.671,13
130.772,26.135,53.222,-12.59,46.001,4455.06,-81.969,5.35,54.241,39.419,26.385,3.596,65
90.686,19.284,44.72,-93.014,34.946,4999.954,-141.225,53.075,33.503,26.325,23.232,48.336,6
4.175,18.423,19.568,1.438,19.039,99.993,-2.0,1.098,26.182,18.83,22.666,0.46,18
4.17,18.55,19.95,1.479,19.851,99.987,-2.0,1.098,33.958,19.847,23.145,0.501,18
69.327,76.626,116.363,110.626,101.89,4705.899,-142.001,-80.235,84.046,88.534,26.314,-74.473,65
83.144,18.525,49.416,-85.275,41.536,1999.971,-43.51,132.618,46.146,33.023,24.93,101.665,4
40.394,26.71,74.065,-62.718,58.152,1092.521,-76.52,185.529,65.523,45.978,27.724,146.98,58
42.15,24.445,89.533,-124.068,70.736,3499.972,-172.115,107.176,70.783,53.024,23.863,100.0,41
78.023,49.792,74.057,-105.82,65.549,2496.497,-86.09,131.539,65.632,58.056,24.796,108.567,48
31.227,18.087,58.009,-40.611,44.416,749.992,-65.98,173.0,39.645,34.646,24.982,139.281,16
50.716,59.494,89.241,49.742,78.707,1368.737,-32.54,-113.082,74.12,69.201,24.473,-85.548,81
131.306,19.022,43.466,-5.222,39.304,4499.957,-84.31,1.049,48.358,31.527,22.516,-0.596,21
104.778,28.318,49.574,-22.253,45.986,2217.321,-4.476,26.581,63.332,39.452,25.903,17.621,57
40.887,55.048,72.11,-1.133,67.3,857.438,-2.375,2.049,54.039,62.668,25.609,0.61,57
1.776,21.766,124.341,-131.122,89.56,3499.969,-228.413,116.548,77.804,61.494,21.887,114.108,23
0.704,18.893,104.791,-131.153,75.173,2703.979,-243.228,159.213,64.707,51.016,21.694,156.751,32
27.797,19.16,103.239,-128.14,78.707,4229.953,-191.91,89.125,83.369,53.3,22.91,85.922,29
58.643,39.986,71.609,-75.652,60.811,1499.976,-58.915,161.746,50.93,52.601,24.081,125.0,44
20.037,18.55,62.53,-43.006,45.171,589.878,-127.376,248.226,54.61,34.509,26.384,205.131,53
121.967,62.411,96.628,-47.356,85.222,4946.056,-97.415,23.705,81.084,72.72,26.27,19.679,76
118.541,19.261,31.389,-1.029,32.077,2499.973,-2.001,1.098,48.787,27.612,25.697,-1.006,6
131.995,18.211,28.72,-2.084,29.551,2999.969,-17.515,1.345,37.344,25.696,23.864,-0.572,14
30.266,24.571,65.815,-126.884,55.134,4160.951,-193.777,92.147,63.3,42.755,25.708,90.987,65
53.545,41.607,104.792,-29.544,93.055,1163.047,-15.571,70.798,73.451,75.517,25.95,50.023,57
129.814,91.045,93.547,-6.971,88.612,4999.963,-91.871,0.604,66.291,86.968,24.322,0.0,44
127.5,81.489,88.45,31.823,86.017,3361.112,-35.841,-28.308,79.881,83.184,29.249,-22.651,58
16.882,19.192,110.492,-130.131,82.296,3999.971,-204.282,96.844,85.744,56.256,21.592,94.118,32
56.744,19.36,101.955,-116.886,78.754,5999.933,-167.994,52.467,95.939,53.319,26.253,49.357,19
67.386,18.074,67.956,113.606,54.112,2499.969,-91.678,-149.391,59.704,39.454,26.179,-127.641,6
51.31,27.625,70.802,-12.804,58.959,1072.799,-5.709,32.032,62.309,45.958,26.009,21.548,67
43.404,19.263,43.104,-43.065,35.519,999.994,-43.512,132.618,39.441,29.152,23.242,103.065,5
37.061,18.188,21.444,-0.078,19.851,749.994,-2.001,1.097,29.153,19.85,23.204,0.204,16
46.326,18.69,91.735,-121.953,69.226,5119.954,-177.887,67.671,74.962,46.021,23.198,64.699,31
107.833,89.608,111.723,-73.065,101.64,3873.15,-83.464,51.595,85.719,93.612,24.902,43.044,75
128.356,23.867,78.871,1.008,64.051,4728.789,-89.188,-3.153,69.858,46.285,26.385,-3.542,52
104.621,18.988,65.475,-46.527,59.054,2261.163,-11.399,56.932,67.169,45.986,25.8,39.658,63
87.119,18.813,72.214,-96.665,58.469,4999.949,-138.189,53.482,69.422,42.149,24.82,48.648,17
13.682,18.193,39.389,-11.641,31.91,249.991,-43.511,132.618,31.297,26.439,22.798,103.66,13
37.26,18.397,22.87,-0.017,22.377,750.005,-2.002,1.098,36.366,19.854,23.524,0.33,16
16.766,24.942,66.103,20.277,52.598,515.594,-38.459,-129.223,39.983,39.476,23.098,-98.557,62
50.873,54.139,110.092,121.157,90.815,3359.355,-143.317,-122.708,80.678,74.613,27.796,-111.626,65
130.558,18.678,50.469,-6.326,44.365,4999.949,-97.444,0.711,55.037,34.209,24.875,-0.625,17
48.056,49.952,48.455,-13.614,46.642,999.988,-6.37,36.937,49.36,45.986,23.846,25.0,44
36.917,27.135,45.982,-50.091,39.452,928.706,-66.475,172.183,49.143,35.486,24.838,134.587,72
101.221,68.236,92.178,-80.936,81.995,4081.005,-103.199,56.009,65.192,72.156,24.347,48.569,75
83.653,18.846,77.145,-98.048,59.154,5749.943,-151.682,46.72,61.976,41.152,24.787,43.464,20
13.625,22.676,48.425,-10.861,41.83,254.496,-36.728,117.258,63.092,35.401,26.199,87.302,50
131.341,18.368,42.777,-5.245,38.416,4499.955,-84.72,1.044,45.146,31.093,22.281,-0.549,21
72.093,27.552,70.899,87.851,59.085,2006.27,-44.567,-139.106,63.455,45.986,26.17,-107.246,67
59.087,29.22,75.136,-117.297,58.628,2016.715,-107.538,193.395,60.539,45.907,26.41,161.409,56
83.767,34.604,81.971,101.108,68.549,2870.416,-76.175,-111.487,69.424,54.126,25.552,-92.006,55
94.753,40.439,71.314,-89.994,62.842,4499.966,-120.833,55.421,67.952,52.96,22.759,50.0,41
38.271,54.961,90.106,-36.328,80.021,887.686,-39.2,122.76,72.633,70.573,27.815,91.843,74
-2.397,18.644,117.693,-130.979,82.315,3499.972,-238.391,118.435,62.021,55.835,19.851,116.849,26
28.898,19.165,98.718,-128.037,74.747,4229.967,-191.575,89.151,79.403,51.933,23.216,86.03,29
8.15,18.487,63.999,-7.615,45.986,100.008,-79.94,188.412,37.801,37.052,23.099,155.096,18
31.025,18.358,58.818,-40.839,45.444,749.992,-65.981,172.999,46.447,35.679,24.409,139.148,16
39.733,59.418,78.729,-47.176,70.557,975.99,-53.202,150.942,71.045,64.903,24.22,115.718,81
13.716,18.58,38.537,-11.585,31.153,250.001,-43.512,132.618,24.947,26.328,22.986,103.893,13
69.431,18.672,66.659,-111.902,53.28,2999.971,-124.302,113.169,58.96,39.45,23.389,99.935,14
23.629,91.065,80.312,-0.032,80.294,500.016,-2.003,1.097,57.017,82.22,24.771,0.0,44
8.141,18.476,64.006,-7.61,45.986,100.042,-79.942,188.412,38.457,37.115,23.184,155.1,18
4.158,18.391,19.229,1.457,18.631,100.001,-2.0,1.095,22.841,18.649,22.003,0.187,3
13.67,18.561,39.387,-11.604,31.936,249.993,-43.513,132.618,30.322,26.472,23.166,103.69,13
21.293,32.671,65.739,-29.623,54.618,499.997,-79.94,188.411,38.807,45.986,22.75,150.0,43
131.746,23.229,36.292,-2.954,35.644,3499.963,-45.759,1.17,43.57,31.309,23.643,-0.584,23
82.761,19.051,42.633,-96.996,34.29,4640.61,-141.13,60.133,53.198,25.449,26.286,55.658,53
73.47,18.694,23.544,-0.231,23.735,1499.988,-2.001,1.097,30.92,22.214,23.884,-0.029,8
4.038,18.511,28.994,1.474,26.385,100.014,-2.001,1.097,36.971,24.895,23.188,0.439,18
12.106,18.567,19.783,0.731,19.18,250.001,-2.0,1.098,25.634,19.087,22.801,0.103,13
85.574,18.297,53.925,-100.292,45.009,2499.978,-75.693,123.395,50.068,35.379,25.055,100.564,9
4.357,39.016,104.664,32.294,75.712,506.169,-131.301,-266.139,39.851,59.34,24.938,-222.226,57
7.667,18.532,38.891,-5.405,31.336,100.014,-43.512,132.618,28.299,26.383,21.784,103.535,3
98.412,20.231,26.107,-79.115,24.088,2249.995,-33.035,108.235,23.299,21.731,18.851,81.834,32
75.879,25.104,63.529,-105.398,52.571,3596.087,-128.058,85.802,60.042,39.739,26.384,77.087,60
130.374,81.485,87.556,-9.562,86.016,2849.536,-2.908,8.576,81.641,83.595,29.051,5.282,58
83.118,18.777,49.433,-85.291,41.639,1999.976,-43.511,132.616,46.347,33.158,24.9,101.686,4
73.486,18.378,23.52,-0.229,23.612,1499.981,-2.0,1.097,30.803,21.966,24.77,-0.033,8
46.095,24.414,66.84,42.689,56.158,1213.699,-30.992,-107.66,64.54,44.413,25.707,-81.261,65
119.274,19.061,65.088,-52.128,54.142,5649.947,-118.424,22.695,68.926,39.427,21.913,19.994,31
20.697,44.802,98.379,-30.198,82.007,499.974,-79.936,188.413,74.4,68.637,24.658,150.0,41
61.105,18.618,84.013,-116.299,63.973,1999.984,-102.432,193.281,60.136,45.986,22.833,161.407,32
31.76,28.397,59.371,-28.96,52.573,704.108,-39.154,123.747,54.17,43.351,24.888,92.568,63
15.389,19.298,112.925,-130.094,83.717,3999.955,-205.884,97.603,86.712,57.405,24.52,94.488,15
119.544,18.356,26.445,-0.714,27.978,2499.97,-2.0,1.097,36.364,24.903,25.862,-0.832,9
131.219,18.855,43.21,-5.141,39.006,4499.956,-84.449,1.042,47.364,31.351,21.508,-0.615,21
124.172,18.626,50.359,-43.268,44.708,4499.958,-90.393,24.555,61.339,34.557,24.675,20.095,20
6.118,56.034,79.246,-130.438,62.652,2825.001,-230.488,151.402,63.415,54.637,26.385,148.509,54
83.452,18.271,46.01,-84.66,39.452,1999.981,-43.512,132.617,38.713,31.772,23.288,102.145,12
129.986,49.886,64.024,-20.248,62.149,3427.578,-39.595,14.506,65.539,57.474,26.385,10.41,58
29.482,18.729,104.359,-127.714,78.707,4749.96,-191.516,77.841,82.172,52.988,22.887,75.22,31
50.09,61.2,104.223,112.235,85.185,1904.675,-87.138,-211.113,68.102,72.122,24.822,-171.099,73
65.201,61.812,92.419,45.386,83.479,1617.293,-20.058,-82.725,75.936,72.99,26.194,-61.373,76
69.93,19.085,65.348,-111.31,52.524,2999.964,-124.193,113.144,53.005,38.764,22.839,99.972,14
8.524,19.355,68.266,-9.617,44.853,99.946,-122.973,242.424,24.12,33.152,21.5,207.55,2
15.795,18.91,113.516,-129.944,85.045,3999.961,-203.453,96.582,94.513,58.244,25.278,93.449,15
31.011,18.52,58.897,-40.861,45.246,749.985,-65.981,172.999,46.71,35.512,24.548,139.135,16
91.602,18.61,32.545,-44.305,31.331,1959.987,-13.557,64.153,42.083,26.385,22.018,46.498,30
91.631,27.988,71.806,-89.152,58.739,4192.455,-120.199,61.113,61.927,45.583,26.055,54.777,67
91.46,19.214,59.97,-93.205,47.92,3500.513,-103.318,75.926,62.085,37.005,27.006,65.599,61
78.081,43.726,78.663,-103.593,65.578,2438.565,-80.122,130.89,65.411,55.865,25.282,107.505,63
116.159,28.959,65.887,6.68,57.472,2508.037,-3.503,-7.686,63.66,45.738,26.387,-6.348,53
109.476,49.836,95.165,72.546,83.793,3464.832,-65.305,-63.491,78.037,70.689,25.915,-52.514,49
118.091,32.686,52.544,-53.436,44.495,4143.133,-88.645,35.287,45.41,38.51,23.169,29.282,71
24.654,18.527,28.177,0.404,26.257,500.004,-2.001,1.098,34.753,24.26,23.116,0.112,7
127.963,75.179,71.06,29.717,69.554,3472.213,-45.959,-26.617,52.227,69.407,23.954,-21.937,81
62.828,19.582,91.499,-112.28,67.778,5912.117,-168.337,52.707,70.952,45.973,21.509,49.623,10
58.55,18.376,39.492,-7.613,36.674,1199.986,-2.979,15.774,42.214,31.519,19.851,10.834,36
26.887,59.672,124.64,60.831,103.454,1080.685,-80.788,-200.437,80.87,86.503,27.567,-161.603,56
93.507,65.025,82.954,-83.763,76.329,2249.974,-35.433,114.4,64.98,70.751,26.3,84.197,20
72.658,18.214,37.018,-9.536,34.335,1499.99,-2.981,15.774,43.549,29.778,20.06,10.745,36
93.986,86.086,109.82,-91.142,98.257,4499.955,-115.84,55.959,86.174,91.391,25.578,50.0,45
113.745,29.051,68.314,63.302,58.881,4229.128,-91.828,-47.208,61.009,45.986,26.383,-41.762,53
61.061,19.122,83.681,-116.278,63.137,1999.987,-102.691,193.205,58.925,45.982,21.647,161.489,32
12.023,18.757,19.704,0.843,19.098,249.991,-2.001,1.096,23.339,19.073,22.639,0.089,13
4.682,19.337,121.519,-130.66,89.341,3499.963,-220.523,113.962,92.268,60.635,23.146,111.523,26
41.969,56.074,81.528,-120.722,72.122,3537.735,-171.632,103.922,72.713,65.588,26.418,98.638,54
49.68,18.283,75.711,-60.72,61.777,1249.993,-50.735,146.702,94.169,45.986,23.995,112.7,20
15.654,18.481,113.525,-130.015,84.753,3999.951,-203.811,96.709,93.962,57.887,24.81,93.582,15
15.583,19.094,87.52,-2.177,70.172,300.009,-2.98,15.774,33.215,53.653,19.667,10.766,36
29.567,18.543,64.584,-127.918,44.917,3999.957,-200.321,99.736,34.831,31.303,23.91,96.139,15
37.687,81.49,112.766,-51.002,97.131,966.228,-64.938,170.515,63.581,90.06,25.849,132.936,59
7.67,18.548,38.734,-5.405,31.325,100.034,-43.513,132.618,27.964,26.365,21.936,103.523,3
23.642,18.387,39.542,-22.083,33.0,499.993,-43.512,132.618,35.741,27.8,23.588,103.29,7
116.81,49.86,71.34,-60.441,65.461,3199.76,-51.501,52.414,65.938,58.215,26.361,40.614,58
68.48,65.776,110.275,-112.134,92.668,1999.986,-79.851,187.583,62.956,80.554,23.857,150.0,45
72.205,18.862,51.173,-109.932,39.452,2999.97,-123.662,113.268,33.712,31.152,20.682,100.309,14
79.55,49.803,68.851,-104.646,62.708,2603.385,-88.158,123.45,65.064,56.63,23.604,102.46,48
87.114,19.208,72.122,-96.476,58.528,4999.949,-138.41,53.424,69.443,42.483,24.963,48.626,17
49.993,18.822,22.004,-0.296,21.591,999.992,-2.001,1.098,28.643,19.851,22.539,0.191,5
8.193,18.451,63.299,-7.615,45.986,99.95,-79.939,188.413,31.734,36.817,23.164,155.416,18
57.939,23.684,57.756,84.882,49.875,1730.261,-55.948,-160.78,64.642,39.452,26.384,-125.928,52
77.058,18.565,87.567,-103.336,67.265,5999.926,-156.472,46.745,76.039,45.985,24.035,43.168,4
78.151,73.915,92.386,-103.378,86.463,2450.316,-79.108,131.333,80.392,79.904,26.267,107.152,69
8.141,18.834,63.997,-7.607,45.986,100.016,-79.941,188.412,38.379,37.14,23.11,155.099,18
96.949,18.507,25.681,-0.612,26.193,1999.98,-2.0,1.098,35.56,23.518,23.213,-0.135,12
114.227,29.602,58.682,65.213,50.95,3440.457,-64.82,-57.839,43.279,42.773,25.58,-47.975,69
95.528,19.504,62.398,-89.54,51.28,4499.954,-122.531,55.162,60.528,38.372,25.393,48.981,4
126.625,26.507,69.306,23.739,55.837,4084.875,-73.303,-20.08,58.573,42.878,24.669,-17.727,73
26.839,19.378,109.236,-128.183,80.295,5499.951,-195.383,66.419,81.66,53.928,22.758,64.159,20
49.627,18.14,78.739,-60.76,63.985,1249.986,-50.729,146.705,95.467,46.15,24.876,112.612,20
57.827,45.859,79.412,116.904,67.781,4030.212,-150.154,-98.945,66.992,57.875,23.672,-91.773,80
68.665,49.692,58.997,-37.315,56.787,1499.984,-15.494,70.795,59.245,53.314,25.26,50.0,42
130.166,37.616,71.787,-16.102,63.829,4644.246,-85.09,6.79,68.07,52.681,26.243,4.855,66
112.056,85.62,103.257,-68.34,88.223,4417.903,-95.886,41.574,73.702,80.187,26.385,35.127,74
15.877,89.386,124.255,64.056,104.791,1000.396,-117.821,-248.322,88.636,96.671,24.899,-206.188,75
2.959,50.187,87.376,6.161,72.122,173.494,-35.017,-119.467,67.909,62.486,25.46,-90.748,66
23.654,18.306,39.468,-22.045,33.035,500.004,-43.512,132.618,35.267,27.658,23.011,103.299,7
131.794,23.293,65.141,-3.232,59.345,3499.963,-39.665,1.159,81.984,45.994,23.274,-0.478,23
125.56,40.794,78.817,33.084,70.755,5262.591,-102.456,-22.399,75.128,62.627,23.621,-20.471,71
19.138,39.108,82.9,-129.611,69.575,3696.085,-205.413,107.94,70.034,57.464,27.037,110.94,53
33.405,35.196,93.425,-127.008,66.8,1999.983,-179.544,221.679,39.268,51.892,23.222,200.0,45
23.557,90.977,84.631,0.104,83.714,500.028,-2.002,1.097,58.439,84.782,24.048,0.0,44
12.101,18.4,19.719,0.787,19.178,249.996,-2.0,1.095,23.714,19.057,23.096,0.111,13
73.193,34.633,78.71,-108.053,64.386,4064.231,-138.787,77.334,66.438,52.435,25.103,70.863,55
119.624,18.878,26.439,-0.759,27.877,2499.971,-2.001,1.098,35.619,24.891,26.358,-0.837,9
44.267,18.493,45.31,-5.839,39.451,899.993,-2.979,15.774,40.798,34.151,19.851,10.761,36
77.071,35.524,69.222,-103.855,56.797,4284.286,-138.106,69.258,64.634,43.345,27.681,63.58,61
85.426,18.1,54.02,-100.413,45.099,2499.966,-75.774,123.374,50.036,35.194,24.828,100.592,9
19.604,47.749,115.958,-33.545,93.987,500.007,-99.213,216.05,75.202,76.373,24.759,175.0,41
49.52,49.746,110.185,-106.232,90.146,1629.982,-105.582,225.136,74.169,74.198,25.029,183.215,48
57.724,33.218,52.573,-0.873,45.497,1229.417,-3.7,1.419,45.234,38.916,23.172,0.262,71
95.715,19.006,62.484,-89.468,51.839,4499.95,-122.53,55.195,60.478,38.1,25.386,48.92,4
24.143,61.978,71.863,78.802,60.452,1225.413,-115.7,-246.315,53.91,55.834,23.217,-204.205,80
104.764,27.776,75.906,79.174,65.754,3694.048,-82.553,-65.826,74.839,52.863,26.384,-56.266,66
98.35,49.87,93.329,86.6,79.382,4824.434,-117.657,-58.576,76.834,65.588,24.866,-53.395,48
131.696,23.068,38.004,-3.007,37.852,3499.961,-44.742,1.169,51.221,32.33,23.154,-0.631,23
87.712,49.72,93.955,-96.428,79.095,4999.949,-134.881,53.76,78.689,65.441,26.394,47.657,6
97.181,18.337,25.482,-0.446,25.753,1999.977,-2.0,1.097,33.731,23.275,23.493,-0.097,12
5.709,18.996,120.514,-130.531,89.295,3499.961,-218.334,113.435,95.075,60.665,23.255,110.845,26
85.628,18.566,53.471,-100.227,44.476,2499.976,-75.749,123.399,48.016,34.639,24.74,100.637,9
97.53,61.21,96.269,-85.295,81.985,4981.189,-123.357,46.502,76.386,69.707,24.382,42.329,81
13.679,18.846,39.391,-11.636,31.821,249.998,-43.512,132.618,31.548,26.422,23.192,103.66,13
25.432,18.777,103.48,-128.717,75.727,3749.961,-198.771,105.069,62.833,52.839,23.157,101.333,27
57.581,19.311,101.241,-116.183,78.707,5999.949,-167.827,52.408,94.349,52.939,23.424,49.24,19
91.475,18.454,35.298,-44.435,33.27,1959.976,-13.557,64.153,44.6,28.133,22.362,46.465,30
97.293,18.12,25.212,-0.422,25.656,1999.98,-2.0,1.098,33.038,23.173,23.301,-0.073,12
92.674,56.105,73.512,93.557,68.542,4256.686,-114.23,-71.699,63.762,62.014,28.012,-64.434,58
46.838,85.823,88.562,-0.973,86.745,1000.004,-2.002,1.098,83.395,85.046,25.046,0.0,45
33.22,29.804,82.905,81.254,62.733,1341.356,-94.882,-222.249,38.822,48.701,24.951,-181.331,79
25.176,62.443,93.833,-128.479,83.641,4358.84,-195.602,88.083,79.88,72.156,26.374,87.785,76
-3.135,18.94,89.868,-131.382,62.681,3499.966,-238.394,118.467,67.656,41.454,26.343,116.879,6
83.159,18.493,49.55,-85.26,41.878,1999.982,-43.511,132.618,46.536,33.324,23.522,101.852,12
13.125,64.366,81.576,0.348,72.122,317.082,-2.378,1.147,65.183,67.487,24.205,0.046,71
19.03,19.046,93.614,-47.016,61.738,599.992,-147.947,277.548,49.277,42.875,22.798,236.843,27
4.144,18.633,19.553,1.5,19.037,99.976,-1.999,1.098,24.236,19.018,22.244,0.24,2
125.032,81.489,86.836,-40.568,85.156,3529.832,-48.95,30.141,78.576,82.257,29.662,22.967,58
36.571,18.558,35.468,-18.659,31.376,750.002,-15.496,70.795,31.435,27.623,21.485,52.005,27
35.964,18.952,110.903,-124.677,83.844,5999.951,-184.45,56.49,96.29,56.03,23.407,54.428,31
98.065,17.92,36.605,-79.57,31.81,2249.991,-33.037,108.237,30.25,26.168,19.476,81.692,32
49.062,18.819,104.505,-61.052,83.454,1249.982,-50.728,146.705,103.401,58.121,24.573,111.583,20
4.02,19.271,19.851,-0.525,19.583,59.969,-2.98,15.774,26.668,19.357,19.576,10.973,36
127.558,50.118,82.479,-15.714,70.528,3875.759,-61.357,9.301,63.519,60.239,25.606,6.957,66
74.358,34.518,58.703,104.798,49.402,2195.121,-57.241,-158.193,39.825,42.274,26.285,-124.236,68
23.551,19.355,116.62,-129.154,81.882,2249.982,-201.978,192.618,58.657,56.745,19.388,181.684,32
3.441,22.624,124.376,-130.718,91.6,3499.966,-222.71,114.73,90.973,63.213,22.824,112.011,23
97.217,18.731,25.213,-0.415,25.747,1999.976,-2.001,1.096,33.642,23.291,23.195,-0.091,12
4.222,18.665,19.634,1.465,19.087,99.977,-2.002,1.096,26.394,19.025,22.162,0.202,3
8.156,18.926,63.906,-7.613,45.986,100.015,-79.941,188.412,36.64,37.017,22.505,155.129,18
119.667,18.624,26.384,-0.732,27.333,2499.97,-2.001,1.097,35.48,24.804,25.985,-0.808,9
67.682,18.39,54.79,-109.219,42.11,4949.628,-161.917,63.913,49.952,32.917,23.476,59.977,11
8.148,18.431,64.013,-7.614,45.986,100.037,-79.94,188.413,37.77,37.092,23.161,155.083,18
129.511,61.222,69.03,-16.317,65.482,4157.362,-70.584,8.547,64.83,62.645,24.834,6.235,73
36.722,39.697,88.832,126.086,69.86,2961.171,-161.561,-149.238,64.779,55.801,25.759,-137.112,50
86.947,18.286,72.122,-96.538,58.436,4999.951,-138.394,53.427,68.822,42.419,24.926,48.678,17
17.744,20.259,56.254,-130.016,38.567,3499.959,-216.676,119.341,30.701,27.798,20.425,116.261,23
129.697,18.343,56.696,-8.116,48.337,5499.942,-107.737,0.622,59.35,36.224,23.388,-0.186,24
38.378,24.462,77.96,59.377,58.635,1205.335,-57.965,-164.542,65.702,44.166,25.636,-129.209,65
85.462,18.265,53.917,-100.398,45.059,2499.967,-75.744,123.385,50.429,34.853,24.938,100.554,9
37.311,18.603,22.49,-0.101,22.179,749.99,-2.001,1.097,35.278,19.851,24.471,0.345,16
55.834,56.075,91.986,17.572,81.956,1277.819,-5.793,-36.919,74.834,70.566,26.385,-27.0,54
15.432,19.005,113.09,-130.029,84.32,3999.949,-204.975,97.217,90.196,57.543,24.766,94.016,15
120.345,44.92,71.896,48.761,64.104,4930.502,-99.695,-32.607,76.653,55.838,28.017,-29.486,68
119.329,18.82,28.14,-0.943,29.216,2499.972,-1.999,1.096,40.725,25.777,25.713,-0.853,9
12.123,18.475,19.825,0.772,19.178,250.002,-2.001,1.096,25.418,19.075,22.342,0.107,13
85.446,18.455,54.052,-100.399,45.109,2499.965,-75.703,123.39,50.332,35.206,24.931,100.577,9
107.306,86.079,95.047,-75.816,89.756,3499.971,-75.037,61.159,73.419,86.009,24.664,50.0,45
30.819,89.375,110.681,12.758,98.257,754.503,-9.756,-50.162,75.202,91.374,24.796,-36.858,75
13.666,18.14,39.424,-11.625,32.041,249.992,-43.513,132.618,31.752,26.413,23.133,103.713,13
85.511,18.243,53.97,-100.346,44.81,2499.978,-75.786,123.384,49.106,35.15,24.893,100.575,9
23.641,90.982,85.212,0.128,84.423,499.999,-2.001,1.098,60.065,85.194,24.649,0.0,44
24.442,24.513,66.784,98.962,51.21,1436.992,-134.317,-269.62,51.628,39.452,23.161,-225.385,62
36.333,73.636,121.505,-71.051,97.022,1106.26,-100.235,218.763,68.165,84.328,26.384,177.192,58
93.198,18.803,52.952,-92.927,45.869,2249.983,-40.127,126.109,64.552,36.052,25.271,95.253,27
90.135,20.519,71.109,-66.841,60.734,5823.935,-145.444,29.909,73.095,45.914,27.5,29.435,74
4.71,18.455,32.103,-1.812,27.961,49.998,-15.496,70.795,34.913,25.13,21.51,52.5,30
120.716,18.481,48.323,-52.559,45.049,3103.972,-42.894,46.206,65.371,36.117,23.082,34.887,32
20.839,18.218,101.842,-129.588,72.122,3999.952,-205.324,99.385,61.697,50.575,24.357,95.985,15
73.367,81.49,124.396,-108.38,104.791,3170.278,-115.083,102.91,79.53,96.536,25.897,89.961,59
131.161,91.102,103.316,9.583,98.254,4518.725,-73.814,-8.882,90.649,93.413,26.464,-8.29,56
87.304,18.695,72.122,-96.439,58.158,4999.95,-138.309,53.453,67.605,42.13,23.47,48.47,17
34.792,59.434,78.707,-31.086,71.024,789.025,-37.62,119.979,71.354,65.111,24.32,89.725,81
21.25,19.415,113.259,-129.031,85.884,5084.954,-196.034,71.732,97.895,57.802,23.539,69.784,29
87.03,64.684,104.639,-97.51,90.254,4999.944,-133.086,54.003,87.243,78.707,25.029,47.438,6
46.156,29.34,75.495,94.221,62.075,1646.932,-79.369,-198.971,71.231,48.355,26.39,-160.154,59
7.661,19.241,38.87,-5.407,31.323,100.001,-43.512,132.618,28.822,26.384,22.211,103.566,3
54.862,38.608,57.854,42.972,53.388,1375.15,-22.616,-82.028,62.725,46.046,26.385,-61.476,68
55.356,49.409,110.194,-92.387,90.611,1605.656,-80.035,188.992,76.032,74.623,24.998,150.446,48
86.013,50.266,76.974,1.161,68.9,1848.076,-2.368,-2.497,67.177,60.689,25.286,-2.599,64
119.616,18.535,26.384,-0.641,27.433,2499.971,-2.0,1.099,35.547,24.79,26.158,-0.81,9
35.576,39.495,92.094,126.234,74.405,2963.58,-162.308,-149.183,72.344,59.624,26.682,-137.18,53
16.133,18.798,113.111,-129.968,84.693,3999.96,-203.343,96.504,93.123,57.721,24.651,93.464,15
83.108,18.02,49.689,-85.365,42.212,1999.983,-43.511,132.617,47.662,33.276,23.677,101.806,12
30.923,18.581,37.892,-27.084,31.385,674.991,-39.04,120.304,35.612,26.385,21.403,93.183,30
85.767,65.038,104.791,-98.854,92.146,4999.957,-132.614,54.137,91.023,79.066,25.77,47.567,6
122.322,38.394,58.414,-47.704,54.996,3999.966,-75.861,31.157,62.537,47.355,24.811,25.0,44
24.632,18.475,19.89,0.392,19.851,500.01,-2.001,1.097,31.034,19.845,25.966,-0.039,4
3.264,22.619,124.318,-130.802,91.519,3499.967,-222.838,114.767,91.539,63.398,22.687,112.039,23
4.782,18.427,31.387,-1.546,28.148,60.024,-9.127,50.765,57.079,25.488,23.438,36.364,27
130.754,68.15,81.901,-10.78,77.009,2911.738,-9.566,10.121,59.269,72.117,24.123,6.542,75
66.921,68.441,92.505,-34.359,86.925,1487.541,-13.431,63.971,86.902,79.069,27.6,44.887,61
76.484,19.239,89.186,-103.779,69.13,5999.925,-156.227,46.772,79.174,45.986,23.942,43.207,4
49.75,65.694,96.83,-114.704,86.643,5095.635,-172.392,64.641,80.459,76.144,27.69,63.787,51
117.701,19.218,113.011,-50.687,84.51,4499.927,-89.356,28.583,92.115,57.483,24.871,23.678,20
119.679,45.857,72.174,21.859,63.681,5768.498,-118.091,-15.838,65.902,54.63,23.494,-14.474,80
90.816,91.095,121.19,-93.3,104.791,3486.283,-95.389,77.916,89.011,97.721,24.788,66.458,46
25.366,18.619,103.507,-128.697,75.946,3749.964,-198.398,104.897,64.57,52.823,22.708,101.154,27
19.466,49.353,85.767,-44.135,70.759,595.091,-131.625,254.508,69.912,61.406,27.777,210.394,53
27.891,19.167,104.791,-128.092,79.446,4749.951,-192.155,77.799,86.249,53.919,23.227,75.145,27
37.883,34.557,117.627,-110.258,84.489,1499.984,-144.291,271.384,55.214,62.927,23.352,225.0,43
130.529,18.446,32.382,-1.035,32.734,2749.971,-1.995,1.078,45.415,28.007,23.38,-0.779,20
47.577,68.271,72.122,-0.907,70.853,999.985,-1.997,1.096,75.686,68.967,25.69,0.0,45
131.796,18.434,32.315,-3.034,31.755,3499.964,-46.422,1.173,39.787,26.406,23.451,-0.56,26
5.199,18.71,121.138,-130.602,89.359,3499.971,-219.408,113.685,94.034,60.523,23.179,111.163,26
27.468,19.246,115.016,-127.437,86.639,5849.94,-192.059,59.962,93.669,58.147,24.808,58.297,27
126.118,29.582,55.995,-29.947,48.943,4216.577,-82.038,17.451,37.318,39.483,24.94,13.82,64
24.216,34.527,37.968,0.157,37.188,500.01,-2.002,1.096,50.192,35.962,23.192,0.0,43
129.157,26.432,53.162,-15.471,47.385,4163.095,-74.003,7.648,54.966,39.456,24.748,5.595,73
54.517,50.911,85.194,-116.04,71.839,5411.585,-172.214,60.808,70.639,58.962,25.911,59.842,79
130.435,19.552,111.684,-8.831,89.515,5499.941,-95.428,0.914,110.305,60.838,23.393,-0.027,24
124.277,70.794,60.15,15.763,57.538,5842.142,-117.752,-12.778,50.997,57.808,24.844,-11.167,72
8.141,18.626,63.98,-7.62,45.986,100.009,-79.941,188.412,38.196,37.044,22.843,155.082,18
26.081,32.723,38.898,23.86,34.926,702.601,-30.758,-107.688,29.36,33.031,24.778,-81.239,57
4.185,18.474,19.767,1.471,19.1,100.029,-1.999,1.098,28.124,19.07,23.156,0.47,18
30.655,49.806,55.824,4.08,53.997,691.786,-3.593,-16.15,63.335,52.572,26.067,-12.28,48
37.022,18.155,21.278,-0.156,20.134,749.993,-2.002,1.097,29.897,19.851,23.242,0.197,16
27.773,19.403,101.87,-128.4,76.26,3779.964,-192.312,101.991,77.488,52.783,19.898,97.863,32
12.104,18.669,19.75,0.816,19.13,249.99,-2.0,1.099,23.994,19.086,23.164,0.112,13
13.628,68.745,92.303,10.497,80.537,391.361,-19.258,-84.257,70.085,72.149,25.706,-62.427,79
122.426,56.105,99.186,47.656,87.347,4604.171,-88.437,-33.428,79.419,74.807,28.025,-29.705,58
85.515,19.221,53.82,-100.298,44.825,2499.983,-75.677,123.404,50.197,35.192,25.044,100.54,9
131.677,41.422,57.424,1.833,55.825,3747.933,-53.411,-3.182,62.886,49.513,28.275,-3.441,58
25.743,90.99,104.791,40.098,98.257,872.504,-53.431,-156.243,87.8,94.291,23.878,-122.006,46
125.98,49.963,64.665,-37.762,61.774,3594.429,-54.218,27.159,62.973,56.528,26.385,20.784,58
28.176,19.072,101.199,-128.217,75.68,4149.965,-193.076,91.91,76.171,52.571,20.434,88.283,29
97.871,18.543,76.394,-88.132,62.227,2452.844,-44.125,107.036,69.755,45.49,22.316,81.47,10
43.628,19.152,39.454,-42.875,33.179,999.991,-43.511,132.618,31.972,27.608,21.784,103.271,5
119.149,18.633,29.099,-0.85,29.698,2499.978,-2.001,1.096,42.317,25.997,25.886,-0.837,9
3.961,22.765,124.308,-130.735,91.78,3499.963,-221.496,114.348,92.532,63.631,23.058,111.678,23
62.94,26.133,59.795,115.014,50.962,4557.055,-154.016,-85.832,59.485,39.452,26.407,-80.464,65
92.873,49.796,112.241,-92.013,92.362,4592.659,-119.048,54.25,88.773,72.122,25.777,48.822,48
8.791,18.303,101.748,-9.801,71.143,100.006,-122.973,242.424,35.017,51.699,22.415,206.815,2
63.402,18.522,45.189,-63.981,37.517,1499.992,-43.513,132.618,37.13,30.483,21.923,103.143,8
108.867,18.269,55.864,-73.97,48.635,3749.963,-86.976,53.953,61.7,37.852,23.283,45.079,27
89.322,18.603,62.644,-95.797,52.612,3999.961,-117.7,67.089,69.194,39.332,23.258,59.418,31
125.408,49.791,64.455,-39.644,61.658,3537.91,-52.818,29.201,62.962,56.393,26.411,22.347,58
75.52,41.01,85.456,-107.512,68.915,3200.093,-116.793,99.666,64.582,55.92,26.475,87.392,53
28.154,49.763,52.137,1.736,50.938,624.378,-2.915,-8.93,57.005,49.885,25.104,-7.164,48
1.602,18.04,60.215,3.257,49.305,94.2,-12.572,-50.263,53.677,37.647,23.172,-40.489,11
95.58,18.496,49.784,-90.219,42.774,3403.972,-96.64,76.253,48.854,33.402,21.568,65.128,32
97.114,18.551,25.502,-0.495,26.015,1999.979,-2.001,1.098,34.325,23.461,23.32,-0.11,12
29.228,81.49,97.443,-27.178,89.635,655.266,-40.495,125.874,59.177,85.375,25.892,94.396,59
21.93,86.173,104.791,-26.342,96.019,500.018,-58.918,161.744,78.306,90.128,23.77,125.0,41
43.574,19.136,41.101,-42.929,33.709,999.994,-43.512,132.618,33.023,28.033,22.513,103.214,5
82.895,19.282,81.713,-98.763,63.199,5749.932,-150.821,46.815,68.768,44.415,24.8,43.481,20
31.924,18.918,98.285,-126.989,72.122,4499.961,-191.429,83.872,68.906,50.35,19.851,80.11,21
66.874,81.488,132.581,-112.812,106.201,2900.378,-118.448,119.458,76.741,95.366,26.19,104.226,59
76.59,18.466,87.943,-103.582,67.902,5999.93,-156.679,46.795,76.284,45.986,23.592,43.345,4
128.387,19.209,62.669,-8.646,52.538,5999.935,-117.195,0.259,59.668,38.011,23.891,-0.684,4
67.691,18.217,65.58,113.477,52.609,2499.97,-91.715,-149.381,55.092,39.444,25.697,-127.765,6
123.259,18.933,62.907,2.312,49.459,3419.415,-51.999,-5.183,50.854,36.935,22.873,-1.607,11
49.925,18.458,22.396,-0.283,22.2,999.989,-2.001,1.097,31.586,19.851,22.731,0.152,5
41.171,75.201,75.739,-123.097,71.136,5252.175,-187.973,69.625,53.9,70.467,23.89,71.938,81
69.424,19.032,67.096,-111.911,53.301,2999.971,-124.301,113.154,58.946,39.452,23.219,99.876,14
59.814,56.106,110.802,117.01,92.319,3621.153,-136.094,-108.74,79.737,76.773,28.016,-98.662,58
89.47,66.388,88.476,-49.486,84.508,1999.985,-15.499,70.794,76.294,77.366,24.321,50.0,41
61.754,24.272,45.986,-72.556,41.597,1534.696,-51.02,147.25,58.529,34.629,26.338,112.471,50
31.009,18.984,58.824,-40.851,45.235,749.992,-65.98,172.999,46.641,35.64,24.789,139.131,16
12.205,19.601,108.465,-131.017,75.452,2459.972,-226.037,177.409,53.006,52.31,21.598,171.748,29
108.742,69.493,102.39,-69.477,90.343,4216.996,-94.15,44.597,79.669,79.319,28.007,38.114,68
62.098,34.607,85.885,114.024,69.224,4575.81,-153.461,-85.611,68.567,54.167,25.511,-80.302,55
43.692,19.366,37.424,-42.819,30.671,999.996,-43.513,132.618,29.752,25.964,21.761,103.405,5
115.884,40.913,83.021,55.502,71.123,4757.046,-99.405,-37.948,76.451,58.035,26.376,-34.252,74
122.824,69.919,98.248,-42.812,87.235,5595.021,-109.414,18.218,79.526,78.65,26.385,15.537,66
57.807,54.885,103.874,-117.77,82.765,2415.37,-122.524,154.515,74.2,69.028,27.925,133.924,74
3.888,19.097,122.05,-130.715,89.355,3499.968,-222.398,114.408,89.478,60.633,22.261,112.012,26
9.211,19.492,122.792,-130.24,91.941,5499.954,-203.481,65.758,108.977,60.693,22.375,64.197,24
42.881,18.566,25.356,-16.687,23.936,885.397,-8.769,49.414,61.578,21.955,22.766,26.043,29
68.361,34.609,74.721,-39.508,61.262,1530.796,-18.092,72.109,62.977,50.917,23.287,51.384,43
4.139,18.377,19.85,1.508,19.578,99.99,-2.0,1.098,31.616,19.234,22.418,0.253,2
49.612,90.873,124.162,-90.043,104.791,1501.543,-90.131,204.052,65.35,95.685,26.323,163.954,52
84.621,20.573,101.11,-99.999,83.892,4999.938,-135.026,54.067,92.741,61.809,26.385,48.602,6
105.841,88.299,123.273,64.647,104.791,5266.921,-116.429,-42.038,80.707,96.723,26.214,-39.026,65
131.756,18.401,32.244,-3.007,31.72,3499.961,-46.463,1.172,39.529,26.387,23.278,-0.527,26
68.595,27.626,32.068,-6.192,29.672,1427.596,-3.986,12.378,27.67,28.013,25.677,7.727,69
87.128,19.89,72.123,-96.621,58.402,4999.943,-138.188,53.476,68.892,42.675,24.798,48.498,17
86.733,19.175,68.144,-11.42,57.514,1799.985,-2.979,15.774,47.169,45.672,20.005,10.864,36
131.806,18.616,46.162,-3.346,45.514,3499.966,-41.749,1.167,71.555,36.332,23.176,-0.436,26
83.102,18.74,49.732,-85.307,42.066,1999.983,-43.514,132.617,47.588,33.304,23.517,101.807,12
80.767,54.818,94.299,83.816,85.063,2169.238,-34.51,-119.088,82.907,72.122,26.397,-90.311,56
131.762,18.778,32.394,-3.018,31.771,3499.958,-46.43,1.171,40.026,26.417,23.368,-0.559,26
46.437,64.005,80.727,76.159,69.166,1492.478,-61.881,-173.029,62.571,61.926,25.717,-136.47,69
67.361,18.012,68.103,113.626,54.501,2499.971,-91.678,-149.393,60.19,39.453,26.297,-127.568,6
8.144,18.704,63.995,-7.614,45.986,100.009,-79.94,188.412,38.259,37.077,23.311,155.088,18
89.451,18.689,64.538,-94.194,50.28,4999.948,-139.914,53.168,48.05,36.62,22.828,48.345,6
-0.409,18.95,124.322,-130.857,88.631,3499.97,-232.533,116.796,73.867,59.832,19.926,114.896,26
29.117,64.995,72.173,-11.137,70.519,599.995,-9.128,50.765,65.621,67.24,26.563,35.322,20
4.047,18.452,29.748,1.459,26.602,99.961,-2.001,1.094,36.962,25.381,23.158,0.432,18
28.589,55.863,125.746,-127.884,101.614,3890.86,-186.645,97.897,91.012,80.536,28.027,92.784,74
130.385,18.21,35.531,-1.061,35.062,2749.973,-1.997,1.079,47.301,29.776,23.571,-0.772,20
13.703,18.34,38.925,-11.594,31.384,249.999,-43.512,132.619,26.291,26.383,22.854,103.831,13
131.802,18.649,52.586,-4.093,48.335,3999.956,-63.317,1.089,72.598,37.962,25.385,-0.52,15
77.45,87.156,119.624,-105.693,104.741,3343.467,-110.37,93.291,87.431,94.914,26.339,81.131,79
54.28,65.044,123.995,-118.824,102.314,5249.933,-164.692,63.709,95.509,84.46,27.926,58.625,20
69.736,19.202,65.451,-111.434,52.571,2999.971,-124.162,113.192,53.781,39.308,22.126,100.047,14
17.82,19.562,116.444,-129.84,86.64,5499.957,-199.439,66.292,96.86,57.533,22.757,64.316,24
4.175,18.232,19.579,1.486,19.059,99.972,-2.002,1.097,24.551,18.93,22.094,0.248,2
40.774,28.854,48.267,-12.45,43.217,838.266,-6.984,40.496,51.473,38.217,25.876,27.552,70
120.948,18.341,71.877,-44.74,55.868,3227.232,-47.888,38.97,57.043,39.108,23.543,30.38,11
97.264,18.042,25.33,-0.473,25.711,1999.979,-2.0,1.097,33.022,23.199,23.497,-0.094,12
131.767,18.711,36.952,-3.09,36.593,3499.963,-44.21,1.17,56.472,30.253,23.483,-0.591,26
126.443,26.395,59.922,-34.595,52.586,4076.024,-74.304,21.385,55.471,42.351,26.385,16.829,65
130.49,19.219,49.832,-6.216,43.213,4999.946,-97.26,0.694,52.689,33.688,24.849,-0.756,17
75.7,19.213,90.842,-104.859,70.559,5999.929,-155.977,46.954,83.536,48.515,24.57,43.578,4
92.914,18.762,55.598,-93.131,46.215,2249.974,-40.177,126.078,68.774,37.284,25.038,95.097,27
23.721,18.957,36.837,-21.954,29.738,499.999,-43.512,132.617,27.564,25.477,21.627,103.469,7
22.543,19.2,105.386,-128.725,80.114,5749.936,-197.758,62.71,87.213,52.93,25.858,60.962,20
82.71,33.141,54.593,-97.775,44.678,4923.29,-147.3,57.006,36.492,37.892,25.657,53.555,54
65.16,37.315,76.409,113.633,61.753,5593.619,-161.336,-70.937,65.292,48.487,26.471,-67.551,65
13.104,18.933,114.622,-130.365,84.87,3299.96,-210.869,121.777,86.401,58.311,24.561,118.072,27
47.862,67.151,69.166,-0.869,68.836,999.983,-1.997,1.096,72.798,67.15,25.197,0.0,45
30.925,18.428,37.893,-27.085,31.397,674.998,-39.041,120.303,35.545,26.385,20.762,93.203,30
102.891,81.49,122.436,-81.359,104.828,3280.991,-70.789,70.564,88.221,96.733,26.38,57.337,59
89.195,29.823,89.361,94.844,69.094,5147.419,-135.213,-62.53,64.747,52.721,26.385,-58.283,68
92.881,78.961,112.661,90.621,97.571,3345.581,-79.703,-85.442,79.259,88.4,26.085,-72.02,69
13.67,19.134,39.389,-11.618,31.823,249.984,-43.512,132.617,31.729,26.458,23.16,103.667,13
23.625,90.968,85.012,0.065,83.974,500.019,-2.002,1.099,58.983,84.89,24.049,0.0,44
115.291,29.526,43.18,-60.641,41.212,2499.976,-15.386,70.58,40.448,36.929,26.255,50.0,42
38.746,75.236,74.605,-63.04,71.865,2583.535,-165.601,80.389,55.344,71.078,24.887,82.456,72
8.142,18.458,63.996,-7.619,45.986,100.032,-79.941,188.411,38.168,37.041,23.163,155.087,18
128.498,18.975,65.484,-8.844,55.451,5999.937,-114.85,0.325,71.953,39.452,26.321,-0.332,19
120.181,47.133,85.18,52.342,73.163,5092.56,-102.789,-33.984,75.726,62.165,26.999,-30.742,65
2.318,64.337,110.366,12.399,92.95,252.586,-75.109,-195.156,81.615,81.408,26.311,-156.178,65
116.152,50.249,78.731,60.595,69.47,5343.307,-113.015,-38.064,67.329,60.017,25.565,-34.893,49
73.858,49.825,83.671,-61.906,75.7,1735.698,-30.935,105.788,73.239,65.589,26.376,77.776,48
27.909,18.629,65.676,-127.83,51.566,2052.644,-190.484,213.498,56.141,39.163,26.377,195.364,53
9.805,19.25,123.02,-129.638,93.091,5499.938,-201.661,64.948,113.188,61.824,24.367,63.453,24
48.588,19.034,26.327,13.787,25.733,1064.983,-4.249,-34.264,44.583,23.345,23.163,-25.402,10
97.255,18.537,25.127,-0.425,25.65,1999.977,-2.0,1.097,32.862,23.351,23.441,-0.071,12
63.118,18.266,45.986,-64.336,38.804,1499.991,-43.512,132.617,43.905,31.386,23.743,102.925,8
26.375,19.307,26.385,-8.574,25.297,524.989,-7.819,43.902,44.506,23.191,22.381,31.162,10
103.022,89.388,124.26,80.299,110.17,4750.212,-107.104,-55.339,91.128,98.257,24.957,-49.76,75
73.494,18.983,23.6,-0.241,23.653,1499.988,-2.001,1.098,31.108,22.295,23.864,-0.03,8
19.953,32.673,37.826,19.07,33.745,557.635,-31.27,-109.6,29.096,32.391,24.788,-82.743,57
62.267,19.131,50.808,-115.901,39.218,1999.99,-101.759,193.635,46.765,30.065,22.355,162.562,32
1.407,19.086,118.448,-131.098,89.867,2004.793,-245.56,222.271,109.137,59.521,26.459,211.464,27
28.428,18.711,104.314,-128.064,78.707,4499.959,-191.56,83.148,83.38,53.468,19.865,79.69,21
21.923,86.165,104.791,-26.366,95.459,499.964,-58.914,161.746,78.351,89.466,23.586,125.0,41
49.596,18.977,23.526,-0.227,23.29,999.99,-2.002,1.097,34.966,21.612,21.904,0.049,5
13.258,19.128,114.592,-130.39,84.568,3299.965,-210.859,121.819,85.7,58.102,24.186,118.14,27
50.51,28.485,104.791,-120.685,85.943,3964.477,-160.47,87.99,90.042,64.05,26.385,81.699,59
85.479,18.982,54.088,-100.399,45.116,2499.974,-75.739,123.392,50.295,35.488,24.6,100.489,9
128.499,60.819,96.661,25.091,85.426,3621.379,-47.316,-21.349,85.455,74.433,26.574,-17.838,61
23.639,18.422,39.717,-22.082,33.042,499.989,-43.511,132.618,35.837,27.849,23.559,103.385,7
28.111,32.139,74.733,127.903,61.664,3358.93,-180.374,-134.609,69.295,47.445,26.385,-127.203,76
22.533,61.222,69.905,-120.076,65.524,2079.237,-195.237,228.274,65.341,62.594,24.837,204.488,73
8.887,18.581,36.138,-130.998,30.373,3299.503,-229.449,128.248,40.822,26.001,23.964,126.597,27
24.539,18.238,21.412,0.318,19.852,500.003,-2.001,1.097,35.931,19.851,25.447,-0.053,4
124.163,19.229,51.131,-43.282,45.563,4499.952,-90.069,24.572,62.918,35.291,23.888,20.086,20
46.491,26.862,67.69,-58.067,56.129,1163.719,-56.428,155.571,64.525,45.861,27.489,119.888,58
6.446,64.525,63.499,1.392,62.443,149.936,-2.0,1.097,59.624,62.37,26.438,0.433,20
111.685,56.105,72.018,69.174,65.588,4496.755,-99.704,-49.76,63.194,60.811,28.029,-44.323,58
110.412,72.604,85.836,70.725,78.753,5126.851,-112.332,-46.097,71.049,72.122,26.34,-42.041,74
58.55,18.132,39.31,-7.642,35.939,1199.989,-2.979,15.774,42.057,31.235,19.851,10.834,36
83.784,18.197,44.686,-84.512,37.843,1999.978,-43.512,132.617,34.446,30.44,23.245,102.213,12
5.71,28.604,104.791,-130.983,80.131,3346.728,-223.741,122.047,76.281,57.8,26.385,123.021,66
9.379,23.871,115.972,-130.614,85.104,3265.962,-219.77,125.175,73.01,59.97,26.385,126.875,56
53.178,18.749,33.083,-35.578,29.763,1149.989,-23.014,90.021,40.695,25.905,24.21,67.481,27
120.951,35.41,78.708,-47.384,62.991,4374.538,-90.385,27.747,51.928,51.397,25.582,22.936,78
83.98,39.633,60.82,-100.959,54.224,2940.686,-97.961,104.475,44.659,46.025,25.378,88.518,60
21.296,18.724,27.88,-2.871,26.368,419.986,-2.979,15.775,45.852,24.439,22.427,10.746,30
13.684,18.373,39.403,-11.639,31.862,249.985,-43.511,132.618,31.288,26.447,23.015,103.683,13
50.555,80.595,90.325,44.993,85.38,1344.651,-30.036,-104.345,67.837,82.043,26.017,-78.643,66
114.988,51.088,65.756,-55.675,57.671,2583.147,-17.372,61.6,62.974,52.567,26.272,44.002,70
12.559,19.018,113.586,-130.394,82.033,3299.971,-215.453,123.745,70.957,56.183,24.936,120.232,27
74.035,18.289,37.915,-108.788,29.501,2141.638,-83.366,166.549,25.967,24.171,19.851,137.304,10
94.907,46.894,71.545,-89.868,62.444,4155.851,-112.717,60.207,66.422,53.311,25.788,53.334,79
27.461,19.263,104.791,-128.088,79.616,4749.955,-192.36,77.779,87.16,54.167,23.839,75.102,27
94.265,64.956,79.035,-83.2,72.122,2249.983,-35.462,114.425,55.14,68.51,25.762,84.585,20
93.548,65.03,82.737,-83.741,76.138,2249.98,-35.435,114.404,64.316,70.62,26.381,84.214,20
63.632,18.581,41.475,-63.785,34.484,1499.99,-43.511,132.618,31.215,28.194,20.109,103.373,8
30.106,18.722,29.053,-3.9,26.385,599.99,-2.98,15.774,35.808,24.818,19.851,10.887,36
130.398,49.818,62.722,17.385,61.308,3206.004,-28.759,-16.601,64.916,56.785,26.385,-13.491,58
25.157,91.0,110.282,-53.699,98.215,789.719,-115.824,234.04,74.163,91.587,26.37,191.923,55
8.146,18.654,63.98,-7.615,45.986,100.042,-79.941,188.412,38.165,37.127,23.19,155.079,18
90.852,78.389,104.804,79.365,96.421,2373.683,-27.887,-101.122,84.962,86.083,26.321,-76.135,65
71.711,80.787,112.714,-110.193,98.257,2889.094,-108.606,115.945,84.231,89.786,26.381,99.829,56
115.925,26.878,75.462,-61.101,65.456,5034.829,-107.468,30.634,80.525,50.764,29.21,26.382,58
54.488,46.586,67.496,-119.061,59.847,3158.934,-152.835,117.29,50.01,54.181,26.343,107.079,68
49.907,18.783,22.404,-0.296,22.059,999.986,-2.0,1.096,31.088,19.851,23.173,0.162,5
44.358,18.593,26.373,-5.712,25.606,899.991,-2.981,15.774,37.306,23.456,19.851,10.709,36
13.721,18.187,37.646,-11.566,29.93,250.01,-43.512,132.617,23.882,25.764,23.16,103.835,13
88.977,80.71,118.01,-96.79,104.604,3128.984,-86.156,89.898,92.885,92.896,26.385,75.066,56
1.103,21.462,121.567,-130.905,86.225,3499.974,-231.256,117.5,70.676,59.282,22.579,115.205,23
61.888,49.82,60.09,-64.23,56.503,1499.986,-43.512,132.617,58.293,53.245,24.341,100.0,42
54.901,26.87,42.982,-32.049,39.191,1182.293,-18.588,76.76,46.227,34.507,23.986,54.891,73
119.578,18.48,26.386,-0.752,27.873,2499.973,-2.001,1.097,36.114,24.813,26.195,-0.87,9
54.789,56.105,60.116,-106.999,58.238,2299.583,-116.95,150.283,48.214,57.334,25.631,129.742,69
130.213,18.993,74.232,-8.598,64.012,5499.949,-100.974,0.799,91.898,45.986,24.636,-0.17,24
87.969,39.338,74.445,-95.858,60.371,4999.946,-137.104,53.546,69.383,45.986,25.444,48.046,6
28.788,18.782,114.796,-127.081,86.004,5849.935,-192.023,59.941,90.641,58.232,24.619,58.326,27
119.215,39.595,61.704,-54.703,54.52,3551.654,-66.155,42.359,44.614,45.986,25.335,33.688,60
24.547,18.785,20.358,0.327,19.851,499.98,-2.001,1.096,34.243,19.851,25.608,-0.046,4
25.603,53.73,79.03,-7.849,70.575,524.535,-6.901,37.589,67.756,62.951,23.895,25.566,80
85.351,18.095,61.067,-95.992,50.956,5209.724,-144.904,50.728,57.544,38.657,26.376,47.848,53
58.722,41.011,67.822,-75.639,56.483,1499.986,-58.917,161.746,49.268,49.032,24.636,125.0,44
55.42,65.054,122.804,-118.111,100.818,5249.937,-164.592,63.598,91.791,83.607,26.968,58.494,20
4.7,18.552,27.23,-1.81,24.694,50.001,-15.496,70.795,33.676,23.078,19.865,52.447,30
25.058,44.449,70.426,-6.921,60.772,499.996,-6.371,36.936,40.517,52.57,22.97,25.0,45
71.401,18.399,59.844,-110.427,45.986,2999.975,-123.693,113.268,41.262,35.914,21.6,100.118,14
67.621,18.123,67.666,113.476,53.796,2499.973,-91.539,-149.427,58.002,39.452,25.671,-127.642,6
13.688,19.014,39.29,-11.59,31.632,249.979,-43.512,132.618,28.622,26.4,23.158,103.736,13
75.895,18.377,90.703,-104.734,70.546,5999.93,-155.84,46.935,83.019,48.3,24.695,43.408,4
112.323,91.078,118.951,68.447,104.792,3161.757,-41.331,-64.242,88.139,98.257,27.969,-50.38,61
23.582,18.536,53.814,32.443,45.187,729.393,-47.225,-145.05,55.283,35.403,26.322,-112.236,53
4.694,18.527,24.848,-1.807,22.361,50.031,-15.496,70.795,29.448,19.851,20.387,52.522,30
85.885,19.34,103.932,-99.487,82.743,3999.956,-114.358,67.645,99.567,56.624,23.511,59.082,31
81.823,49.759,78.667,-101.467,67.168,4757.978,-139.165,59.892,66.297,58.231,24.791,55.598,48
55.738,23.952,108.185,-118.903,80.288,2274.315,-125.286,167.773,68.14,57.488,26.388,145.319,56
98.038,18.102,36.786,-79.569,32.078,2249.99,-33.042,108.239,30.806,26.325,19.56,81.669,32
22.885,54.921,118.069,-129.309,93.678,3890.897,-196.616,100.035,75.997,75.457,28.005,98.751,74
13.668,18.704,39.36,-11.611,31.628,249.987,-43.512,132.618,30.587,26.388,22.924,103.709,13
78.96,19.077,32.049,-38.684,31.135,1694.986,-13.556,64.154,51.632,26.338,22.82,46.4,29
31.223,55.08,88.45,58.335,74.795,1091.589,-70.77,-188.428,46.827,65.733,25.548,-150.123,57
53.613,64.61,114.199,-120.309,96.593,3299.963,-147.69,109.831,88.508,82.074,26.42,97.964,20
46.195,27.239,70.579,62.45,58.865,1363.415,-48.262,-147.12,77.655,45.986,26.505,-113.991,74
13.71,18.282,35.712,-11.535,28.32,249.997,-43.512,132.618,22.832,24.826,23.152,103.765,13
68.145,18.082,63.53,113.203,50.883,2499.972,-91.518,-149.431,52.465,38.21,25.287,-127.837,6
43.61,45.362,49.877,-98.649,41.133,1477.368,-117.472,235.206,48.712,39.199,24.832,193.546,72
31.019,19.273,58.759,-40.857,45.077,749.99,-65.98,173.0,46.378,35.534,24.037,139.155,16
92.207,30.721,78.707,-93.276,62.172,3132.055,-88.417,86.989,66.467,49.306,24.205,72.88,71
91.643,18.551,31.002,-43.895,29.569,1959.976,-13.556,64.154,38.088,25.771,19.851,46.417,30
124.817,40.957,81.713,28.57,70.898,5387.911,-105.237,-19.493,76.028,58.107,26.383,-18.047,74
131.261,19.169,49.978,-6.427,43.601,4999.951,-96.668,0.978,54.119,33.694,24.966,-0.411,17
34.527,19.332,112.177,-125.684,85.167,5999.938,-184.58,56.546,100.073,56.83,23.52,54.776,31
57.692,34.561,71.357,-115.426,62.721,3031.37,-143.696,118.783,65.683,52.22,25.408,107.45,55
36.569,18.324,28.048,-18.683,25.936,749.99,-15.494,70.795,31.22,23.359,20.454,52.04,27
24.617,18.147,20.025,0.363,19.851,500.002,-2.001,1.096,32.338,19.846,25.556,-0.044,4
15.03,41.206,35.464,-129.708,31.515,3305.693,-216.605,125.558,53.306,31.197,26.386,125.063,76
126.354,74.831,83.895,-36.727,78.707,2998.827,-21.789,34.442,74.557,72.122,26.872,24.583,68
97.116,18.124,25.586,-0.436,25.907,1999.981,-1.999,1.097,33.899,23.445,23.261,-0.12,12
128.671,34.63,78.414,20.994,62.077,2972.485,-16.82,-20.137,51.707,49.301,24.378,-15.584,55
131.221,46.969,56.081,-11.377,54.625,3628.633,-48.183,6.884,62.147,49.43,28.907,4.561,58
97.338,18.6,25.097,-0.45,25.625,1999.978,-2.0,1.097,33.306,23.282,23.437,-0.064,12
62.339,18.918,38.732,-115.838,33.067,1999.984,-101.583,193.694,45.795,26.453,22.375,162.784,32
61.421,18.884,81.915,-116.212,61.7,1999.979,-102.261,193.38,56.021,45.412,21.395,161.73,32
94.631,33.654,33.584,92.779,31.218,2509.45,-43.33,-116.744,26.259,28.176,23.152,-90.353,80
119.309,25.195,70.465,-52.613,57.466,3925.152,-76.999,34.813,65.137,44.874,27.093,28.212,61
32.464,18.119,34.441,-127.228,24.955,3999.949,-199.169,99.808,25.132,19.849,24.43,96.384,15
83.08,18.657,49.808,-85.335,42.574,1999.983,-43.51,132.617,47.603,33.626,23.255,101.813,12
130.243,91.162,109.942,-13.842,102.388,4911.664,-84.383,4.766,93.132,95.373,26.385,3.206,56
16.821,19.505,109.098,-130.087,81.067,3999.966,-205.091,97.173,82.52,55.683,20.154,94.464,32
98.776,28.241,69.15,-86.683,60.602,3141.076,-78.13,78.817,69.274,48.476,26.384,64.869,66
52.562,63.802,65.85,-43.535,62.588,1208.613,-32.697,108.422,53.911,59.901,25.822,80.034,57
24.759,18.981,96.866,-128.296,72.098,5749.951,-197.711,62.572,82.688,49.304,22.986,61.028,27
83.176,18.002,49.593,-85.29,41.897,1999.983,-43.514,132.618,46.092,33.242,23.175,101.856,12
15.535,18.542,113.159,-130.042,84.293,3999.96,-204.924,97.192,90.232,57.567,24.611,94.002,15
96.717,18.624,26.368,-0.807,26.389,1999.979,-2.001,1.097,39.121,24.499,23.399,-0.295,4
103.453,67.258,100.107,-79.925,90.172,2918.168,-56.937,79.704,81.386,79.54,26.374,62.889,65
91.083,27.35,64.161,-94.024,53.404,4035.924,-116.636,65.319,61.589,42.269,26.624,58.236,58
129.694,19.414,57.219,-8.179,48.697,5499.945,-107.399,0.635,61.265,36.611,23.367,-0.21,24
29.689,19.173,95.666,-127.929,72.062,4229.959,-191.182,89.181,77.395,49.632,21.514,86.006,29
123.282,41.62,70.499,-44.391,63.219,4961.116,-100.086,22.171,69.719,53.864,28.785,18.346,58
125.618,49.991,94.17,25.86,80.472,5765.151,-110.201,-17.61,77.146,66.917,25.443,-15.914,48
52.229,61.222,95.319,100.652,83.278,1823.856,-74.653,-191.396,74.452,72.122,23.526,-153.34,62
119.697,85.683,87.311,-25.74,86.667,2615.142,-4.419,26.811,80.832,84.994,26.383,17.777,56
3.477,22.489,124.343,-130.707,91.22,3499.968,-223.124,114.867,89.112,63.096,22.915,112.23,23
83.262,81.49,96.492,42.745,91.378,1979.188,-12.027,-61.884,79.03,85.981,26.385,-45.252,79
114.095,46.359,57.827,-65.322,52.571,2740.382,-31.293,68.556,62.097,45.986,26.374,50.753,54
85.77,19.223,53.276,-100.118,44.425,2499.978,-75.582,123.443,47.748,34.61,24.836,100.593,9
85.398,18.904,54.049,-100.454,45.057,2499.972,-75.814,123.36,50.877,35.219,24.993,100.517,9
24.211,70.445,116.698,75.175,97.55,1201.988,-105.649,-235.524,77.705,84.497,26.385,-193.879,60
24.743,18.158,37.135,-12.906,33.339,499.999,-15.494,70.795,65.103,28.881,26.332,51.129,6
125.58,71.406,68.892,-27.816,62.311,4682.018,-90.515,14.116,57.841,59.278,26.419,11.533,76
115.302,68.138,85.102,-59.116,78.708,2700.047,-24.744,63.621,59.125,72.122,24.052,46.576,75
80.177,49.822,84.681,-55.865,76.434,1823.486,-22.395,88.862,73.346,65.611,25.898,64.065,48
4.066,18.212,28.823,1.473,26.385,100.056,-2.001,1.097,42.141,24.86,22.702,0.245,2
8.142,18.622,64.007,-7.607,45.986,100.013,-79.94,188.413,38.334,37.048,22.645,155.081,18
28.695,20.174,96.884,-128.092,71.983,4149.962,-193.731,92.175,70.706,49.794,22.032,88.713,29
91.38,18.343,38.715,-44.47,35.915,1959.974,-13.556,64.153,46.059,30.353,21.805,46.436,30
63.33,29.748,44.952,-63.588,39.319,1499.989,-43.512,132.617,31.544,34.666,25.354,100.0,42
109.662,49.855,101.909,-71.736,86.881,4418.498,-97.391,42.645,87.114,71.469,25.394,36.329,48
12.585,27.362,67.241,11.328,58.411,375.257,-24.876,-93.588,66.939,46.155,26.385,-69.999,76
15.663,19.161,22.506,-2.118,21.208,299.993,-2.98,15.775,30.939,19.851,19.776,10.725,36
4.159,18.454,19.563,1.437,18.938,100.03,-2.001,1.098,25.849,18.846,23.099,0.451,18
20.542,32.743,84.07,108.805,64.94,1518.124,-150.244,-288.469,63.766,52.573,26.261,-242.323,54
12.085,18.467,19.698,0.83,19.112,249.989,-2.001,1.096,24.036,18.994,23.055,0.113,13
8.168,18.545,63.836,-7.625,45.986,100.045,-79.942,188.412,35.361,37.114,23.184,155.171,18
96.829,18.241,25.792,-0.742,26.147,1999.98,-2.001,1.097,35.557,23.534,23.893,-0.295,4
41.653,81.49,98.378,33.709,93.23,1104.066,-25.615,-93.885,79.73,88.478,26.728,-70.26,68
131.789,23.474,78.71,-3.33,68.885,3499.968,-38.585,1.162,86.907,53.356,23.209,-0.455,23
130.443,49.865,70.514,16.673,67.079,3237.195,-29.118,-15.596,75.041,59.867,25.927,-12.756,48
125.858,34.64,82.487,7.568,67.483,5505.362,-108.832,-8.026,65.775,54.152,25.294,-7.901,55
41.53,29.053,71.612,123.315,60.621,3612.419,-166.872,-118.594,60.464,47.356,26.383,-111.181,53
110.965,18.766,42.145,-62.048,36.687,3287.195,-68.381,53.304,45.846,29.932,23.183,47.058,11
95.61,18.657,49.955,-90.222,42.773,3403.968,-96.569,76.263,48.942,33.432,21.202,65.118,32
123.598,81.49,119.11,-42.339,104.791,3018.94,-25.289,39.119,88.098,96.666,26.367,28.625,59
131.994,18.435,39.452,-2.269,38.737,2999.972,-15.496,1.335,52.696,32.299,23.215,-0.585,14
8.161,18.818,63.863,-7.61,45.986,99.979,-79.94,188.411,36.69,37.011,22.311,155.135,18
98.767,81.49,109.806,-42.884,98.303,2179.641,-9.719,51.127,70.221,90.845,26.04,38.039,70
8.152,18.251,63.992,-7.617,45.986,100.002,-79.941,188.412,37.516,37.061,22.801,155.102,18
41.494,28.952,64.986,-21.687,57.103,878.235,-15.562,69.985,60.942,45.781,26.384,49.551,53
4.21,18.308,19.477,1.427,18.757,99.979,-2.0,1.097,25.264,18.717,22.938,0.448,18
21.674,18.511,100.457,-129.449,72.108,3999.958,-204.673,99.434,59.62,49.694,23.655,95.981,15
74.841,49.815,95.421,107.929,78.914,4558.653,-136.699,-78.879,75.197,65.028,24.67,-72.77,48
49.807,18.626,22.879,-0.26,22.473,999.987,-2.0,1.096,33.152,19.851,23.133,0.107,5
31.365,18.754,102.5,-127.215,76.634,4749.956,-190.4,77.903,78.576,52.571,21.533,75.07,31
86.983,64.592,104.757,-97.601,90.367,4999.949,-133.036,54.033,87.366,78.707,25.059,47.398,6
108.36,28.859,62.648,72.169,54.119,3272.372,-62.601,-66.883,59.859,44.418,26.385,-55.225,53
8.147,18.438,63.967,-7.612,45.986,100.027,-79.941,188.412,38.14,37.072,22.968,155.099,18
4.725,18.492,33.774,-1.553,31.085,59.923,-8.773,49.413,73.782,26.433,21.571,35.038,29
106.63,69.859,98.24,-74.289,86.779,5466.083,-122.089,35.728,79.222,78.399,26.385,32.596,66
119.567,18.713,26.396,-0.754,27.903,2499.97,-2.0,1.099,35.682,24.88,26.372,-0.843,9
51.902,44.488,76.593,114.42,65.519,1938.626,-85.415,-208.645,75.504,56.227,27.999,-168.852,68
126.269,66.196,88.714,36.143,82.032,4762.98,-88.219,-25.345,81.362,72.594,28.85,-22.686,58
17.314,18.051,104.808,-130.336,78.707,3999.958,-207.638,99.146,70.501,53.484,23.604,95.954,15
57.914,19.188,100.917,-115.894,78.707,5999.933,-167.65,52.364,93.493,52.701,23.712,49.171,19
10.068,20.044,122.916,-129.461,92.508,5499.948,-201.821,65.027,111.629,61.591,23.16,63.479,24
94.753,40.038,57.52,-91.182,51.546,2999.973,-82.946,90.705,41.72,45.871,23.156,75.0,41
57.297,65.464,82.654,-76.058,75.488,1499.987,-58.915,161.746,72.8,70.119,25.308,125.0,41
127.865,49.791,68.045,29.647,63.257,4751.53,-90.507,-21.409,64.115,57.095,24.881,-19.312,48
39.219,37.215,84.224,-124.5,70.799,5314.495,-186.319,66.934,73.369,56.225,26.356,71.131,66
15.659,19.121,113.805,-129.997,84.918,3999.958,-203.653,96.664,94.283,57.901,24.581,93.545,15
74.054,49.723,78.715,77.613,70.549,1971.351,-35.525,-123.181,69.71,62.698,25.085,-93.489,48
13.692,18.496,39.196,-11.592,31.448,249.991,-43.511,132.617,28.293,26.387,23.158,103.771,13
4.146,18.454,19.764,1.498,19.162,99.984,-2.001,1.099,28.614,19.061,22.971,0.446,18
123.906,41.547,71.58,-41.846,64.031,5132.871,-103.095,19.892,70.157,53.891,28.719,16.582,58
98.37,70.84,104.792,83.243,93.181,4051.089,-97.453,-66.355,86.84,82.382,27.121,-58.381,61
45.141,19.2,95.665,-122.521,72.121,5119.956,-178.051,67.771,78.918,49.651,23.169,64.781,31
83.133,18.492,49.41,-85.214,41.831,1999.975,-43.514,132.617,46.528,33.199,24.9,101.678,4
68.875,70.31,104.791,110.039,92.59,3601.937,-122.749,-101.767,83.459,81.95,28.028,-91.171,53
14.411,34.581,84.67,74.496,64.847,1073.683,-140.818,-277.699,65.541,51.833,25.179,-232.621,55
28.036,35.026,98.758,-127.245,72.122,2319.818,-190.046,182.152,63.753,55.789,24.765,168.905,55
56.806,44.639,66.633,64.878,60.386,1562.014,-39.932,-131.81,64.907,53.793,27.063,-100.779,56
127.369,39.507,85.833,25.795,72.112,5197.709,-99.023,-18.08,72.893,58.062,27.023,-16.462,53
8.141,18.579,64.001,-7.609,45.986,100.041,-79.941,188.412,38.47,37.02,23.161,155.072,18
75.109,50.247,65.589,108.011,59.666,3058.019,-103.756,-116.899,47.027,54.957,25.632,-100.982,51
119.454,18.784,63.235,-51.75,52.573,5649.944,-119.258,22.676,63.701,38.623,22.999,19.997,31
129.494,28.375,60.052,21.948,54.482,3833.643,-60.145,-18.049,67.795,44.611,26.385,-15.667,66
75.41,49.782,95.626,-100.835,81.989,1999.984,-58.706,161.576,71.567,69.285,25.348,125.0,42
12.087,18.145,19.844,0.851,19.19,250.009,-2.001,1.098,24.672,18.831,22.714,0.098,13
9.825,89.346,111.125,26.127,97.676,499.128,-70.443,-184.425,75.455,90.962,24.794,-147.026,75
19.213,80.691,123.002,-28.723,101.259,458.282,-87.14,198.343,68.54,89.668,26.385,159.124,58
84.404,18.055,87.86,-100.068,71.444,4999.945,-136.166,53.93,89.691,51.112,27.768,48.764,6
21.107,52.136,69.382,-29.68,56.919,500.02,-79.944,188.411,47.531,51.733,25.706,150.0,42
126.359,68.228,94.594,20.31,82.759,4357.341,-78.139,-16.327,68.379,72.724,24.35,-14.937,75
97.184,34.896,68.225,88.064,60.668,3438.364,-84.656,-80.558,62.575,51.628,26.307,-68.55,70
101.273,81.49,103.888,81.248,93.138,4090.434,-95.15,-63.914,79.46,85.752,26.385,-56.111,79
56.776,28.353,72.136,-114.657,57.815,4188.238,-163.686,81.965,49.124,44.647,24.91,77.346,63
101.505,26.356,91.218,-83.431,72.036,3790.218,-95.181,60.682,68.631,52.679,26.402,51.681,65
30.926,18.602,38.63,-27.1,32.431,674.986,-39.04,120.303,35.742,27.32,21.064,93.192,30
49.829,18.261,71.691,-61.577,58.357,1249.991,-52.046,150.342,86.851,44.412,23.795,116.328,27
85.638,19.453,79.007,-98.767,64.615,4999.939,-136.55,53.814,85.027,45.986,27.289,48.538,6
73.452,18.816,23.751,-0.291,23.729,1499.984,-1.999,1.097,31.633,22.277,23.35,-0.019,8
47.876,54.155,88.876,121.832,75.615,4766.089,-169.407,-89.649,66.977,64.918,26.385,-85.19,68
119.575,18.762,26.383,-0.692,27.284,2499.969,-2.0,1.097,35.534,24.798,26.359,-0.846,9
39.915,32.822,74.399,-123.828,62.426,4963.802,-187.273,73.269,59.968,49.751,26.269,70.583,54
13.703,18.378,27.797,-11.531,23.005,249.99,-43.51,132.618,21.526,19.851,22.596,103.919,13
6.093,19.046,120.236,-130.444,89.327,3499.964,-217.723,113.271,95.291,60.728,23.206,110.636,26
75.926,52.271,66.994,-71.217,55.881,1864.282,-41.596,116.278,47.309,49.807,23.842,87.701,75
15.548,18.273,112.531,-130.176,82.789,3999.952,-206.911,98.031,81.881,56.491,23.832,94.999,15
131.777,23.149,36.973,-2.97,36.551,3499.965,-45.252,1.173,47.295,31.553,23.437,-0.589,23
63.092,19.312,45.985,-64.42,38.669,1499.984,-43.512,132.618,43.456,31.576,23.083,102.894,8
131.689,18.782,35.422,-3.15,34.971,3499.964,-44.893,1.171,51.923,29.316,23.474,-0.532,26
89.748,91.327,117.181,88.343,104.06,5112.603,-128.315,-59.404,81.319,95.347,27.112,-55.087,76
103.944,63.078,82.629,-70.703,69.957,5027.053,-120.772,37.9,60.134,62.8,23.175,34.262,62
3.256,22.52,124.376,-130.752,91.377,3499.969,-223.157,114.886,89.867,63.036,22.791,112.183,23
72.71,19.173,70.951,-106.493,53.167,5749.946,-163.602,51.741,50.023,36.88,21.478,48.755,27
48.927,56.008,88.124,-121.294,78.787,2659.645,-148.421,145.978,73.856,68.962,26.478,131.358,54
44.11,35.052,102.651,-113.251,76.86,1685.533,-128.874,237.001,63.867,57.973,24.835,197.654,55
62.247,18.88,58.86,-115.902,44.566,1999.976,-101.681,193.645,47.705,33.463,19.973,162.378,32
118.562,62.44,98.253,-52.256,84.381,5323.614,-109.163,24.504,77.868,72.125,26.277,21.227,76
83.102,18.275,49.67,-85.329,42.048,1999.984,-43.511,132.618,47.406,33.237,23.479,101.882,12
57.453,19.512,101.215,-115.831,78.707,5999.939,-167.839,52.214,94.48,52.877,24.465,49.044,19
22.568,46.627,71.026,-128.651,60.832,2834.493,-203.722,148.154,50.401,54.774,26.343,141.229,68
96.893,18.654,25.619,-0.723,26.035,1999.975,-2.0,1.098,34.534,23.623,23.873,-0.294,4
33.953,19.359,111.769,-125.133,84.068,5999.931,-186.052,57.288,97.025,55.936,24.676,54.702,4
39.145,49.735,78.904,38.083,71.641,1060.476,-31.237,-111.233,72.724,63.104,27.25,-83.938,56
108.579,19.286,32.023,-73.153,26.167,2648.406,-43.211,83.155,27.192,23.165,23.172,63.952,11
58.734,18.503,24.775,-7.614,24.2,1199.987,-2.979,15.774,35.744,22.434,19.851,10.849,36
69.294,18.781,65.908,-111.724,52.669,2999.969,-124.431,113.145,56.89,39.326,22.344,100.014,14
50.49,28.236,26.383,37.659,25.604,1240.466,-25.228,-92.665,26.345,25.864,25.701,-69.296,69
67.601,18.793,67.794,113.474,54.16,2499.971,-91.493,-149.438,59.226,39.857,26.152,-127.546,6
23.654,19.243,39.452,-22.001,32.582,499.991,-43.511,132.617,34.114,27.387,23.165,103.315,7
5.496,24.641,24.697,3.135,23.276,137.232,-7.31,-32.916,26.296,23.285,24.567,-24.513,57
128.955,32.683,45.986,14.329,43.745,4044.728,-70.944,-11.551,43.049,39.452,23.162,-10.829,71
73.48,18.711,23.902,-0.335,23.871,1499.983,-2.001,1.096,32.045,22.267,23.57,0.003,8
8.189,18.54,63.383,-7.618,45.986,100.027,-79.941,188.412,32.272,36.871,23.227,155.386,18
128.437,69.741,96.662,-15.899,86.697,5590.991,-103.51,4.13,81.914,78.491,26.404,3.141,57
8.192,18.42,63.245,-7.606,45.986,99.978,-79.94,188.412,30.959,36.829,23.27,155.349,18
89.483,65.427,78.707,-49.33,75.074,1999.984,-15.495,70.795,73.682,70.549,24.599,50.0,41
103.679,33.342,65.587,78.714,53.67,2986.145,-53.924,-79.7,62.267,44.324,23.784,-64.211,71
95.559,19.105,50.046,-90.209,42.783,3403.963,-96.599,76.22,49.083,33.588,21.888,65.138,32
95.688,18.743,49.347,-90.218,42.122,3403.96,-96.646,76.301,48.41,33.19,22.558,65.091,32
48.824,18.393,24.823,13.705,24.056,1064.995,-4.25,-34.264,37.3,22.342,22.905,-25.375,10
59.535,76.491,116.33,116.651,101.905,4637.914,-151.265,-86.744,84.054,88.574,26.299,-81.032,65
24.75,18.543,111.718,-128.614,82.527,5499.949,-196.166,66.405,85.858,55.294,24.248,64.206,20
47.589,19.165,86.057,-121.378,65.261,5119.95,-177.688,67.667,71.229,44.791,23.025,64.579,31
17.349,18.858,113.447,-129.86,84.424,4499.963,-201.747,84.453,91.713,57.451,24.54,81.802,20
23.609,90.952,85.083,0.103,84.025,499.967,-1.999,1.097,59.19,85.032,23.974,0.0,44
93.997,18.345,45.988,-1.259,44.333,1999.98,-2.001,1.097,78.279,35.482,23.937,-0.44,4
129.831,59.899,72.122,-21.714,68.886,3154.578,-25.801,18.19,64.718,63.953,26.771,12.821,61
72.457,28.842,58.413,-38.384,53.082,1575.696,-14.624,67.879,65.486,45.094,26.443,47.805,56
24.165,19.114,117.131,-128.155,89.247,5849.942,-191.014,59.594,106.848,59.165,26.255,57.845,27
60.559,29.059,49.904,-56.974,44.733,1421.739,-38.625,121.611,52.448,39.249,25.794,90.906,70
64.16,80.279,88.469,-104.255,78.706,5820.309,-168.574,50.92,63.394,72.121,25.275,50.719,79
24.894,68.03,57.667,-6.85,57.058,500.014,-6.373,36.937,40.617,59.271,23.529,25.0,45
73.576,76.413,100.368,108.123,88.511,4755.07,-140.876,-77.522,72.931,81.403,24.235,-71.953,81
99.914,59.644,79.004,-81.44,72.122,4619.521,-115.542,48.274,74.702,66.035,24.202,43.066,81
84.463,55.403,71.988,-97.69,61.804,4826.149,-137.606,56.677,65.37,53.2,23.953,52.604,71
108.859,44.73,71.454,69.537,63.678,4995.12,-111.792,-45.603,76.786,55.832,28.011,-41.656,68
31.037,18.298,58.864,-40.858,45.244,749.997,-65.984,172.999,46.014,35.388,24.764,139.209,16
7.668,19.164,38.665,-5.403,31.218,99.995,-43.512,132.618,28.127,26.384,22.076,103.475,3
119.11,56.105,63.005,56.113,62.356,3020.434,-30.696,-53.349,61.137,59.263,28.78,-41.105,58
24.443,65.709,98.311,-12.696,88.76,500.021,-15.497,70.796,63.453,79.114,24.519,50.0,45
97.118,61.222,85.175,87.031,77.128,4931.741,-121.903,-58.765,71.973,68.904,23.615,-53.932,62
48.85,18.662,24.674,13.711,23.855,1064.992,-4.252,-34.263,36.179,22.105,22.591,-25.383,10
43.869,27.903,69.916,123.892,53.499,2037.435,-118.162,-222.972,41.959,41.655,25.694,-188.092,67
113.61,69.799,97.558,64.803,86.965,5718.889,-117.381,-38.67,82.777,78.702,26.392,-35.604,57
60.405,29.243,84.09,-80.202,68.0,1568.051,-58.934,161.433,69.362,53.24,27.196,124.779,56
24.428,18.896,21.859,0.263,21.09,499.998,-2.002,1.096,38.912,19.851,25.583,-0.067,4
49.546,49.911,107.404,121.536,88.012,3182.475,-142.985,-130.524,74.278,71.214,26.08,-118.212,49
67.683,18.421,67.991,113.432,54.188,2499.965,-91.379,-149.468,59.301,39.901,26.15,-127.54,6
83.95,18.873,74.379,-97.686,57.354,5749.941,-152.011,46.683,59.529,39.452,24.805,43.271,20
106.031,18.826,73.009,-67.94,54.122,5475.567,-128.579,33.22,56.425,37.692,23.182,29.79,11
9.657,64.077,69.461,9.468,65.589,314.785,-28.3,-100.348,64.112,64.779,23.897,-75.514,71
128.827,30.077,52.576,15.268,48.578,4475.839,-85.015,-12.946,51.782,41.92,25.083,-12.013,79
4.309,18.57,122.795,-130.783,89.701,3499.97,-221.932,114.273,88.965,60.679,21.814,112.02,26
87.438,19.703,72.092,-96.304,57.465,4999.953,-138.137,53.446,65.322,41.16,22.519,48.403,17
27.819,19.914,66.291,-128.356,45.796,2249.983,-196.278,193.702,36.827,32.546,19.168,182.745,32
71.391,61.222,79.776,109.046,72.122,3546.722,-122.217,-102.437,65.064,67.401,24.913,-91.604,73
67.178,18.303,67.794,113.747,54.102,2499.97,-91.823,-149.355,59.722,39.452,26.261,-127.651,6
75.899,34.184,103.342,107.447,90.117,2852.272,-88.538,-121.156,77.33,71.855,26.381,-101.946,66
37.974,29.355,60.789,-53.131,52.198,981.228,-69.818,173.679,60.349,42.895,26.577,136.644,53
13.236,18.735,114.998,-130.35,84.812,3299.97,-210.813,121.72,86.101,58.313,24.496,118.039,27
37.026,18.375,21.649,-0.144,20.959,749.986,-2.0,1.097,30.736,19.851,23.842,0.19,16
4.742,18.646,25.919,-1.498,24.787,59.953,-8.773,49.414,63.547,22.51,22.441,35.423,29
43.7,43.727,87.29,123.801,71.006,3072.562,-152.497,-139.705,64.913,58.804,25.185,-127.457,63
18.101,48.924,90.212,-36.211,71.947,500.74,-121.111,240.001,70.293,60.467,24.916,197.816,80
129.83,19.07,58.597,-8.245,50.528,5499.943,-106.157,0.669,68.045,37.866,25.067,-0.209,24
12.117,18.385,19.8,0.802,19.23,249.976,-2.001,1.098,25.562,19.058,23.173,0.111,13
87.548,18.779,72.033,-96.051,57.456,4999.952,-138.783,53.358,64.27,40.775,23.289,48.554,17
31.766,55.58,124.855,-126.826,101.919,3890.929,-182.892,96.909,90.217,80.868,28.064,91.698,74
63.146,18.768,45.748,-64.225,38.02,1499.985,-43.512,132.618,40.564,31.318,19.893,102.948,8
0.535,81.49,101.619,0.777,95.111,55.301,-2.013,0.941,70.716,89.211,26.004,-0.111,70
-0.556,54.024,76.213,1.647,69.221,30.214,-2.036,1.091,67.55,62.663,23.748,-0.006,80
95.745,19.119,44.907,-90.13,39.17,3403.972,-96.773,76.24,47.464,31.323,22.473,65.125,32
43.465,19.313,42.832,-43.011,35.058,999.986,-43.51,132.617,37.528,29.209,23.143,103.092,5
44.051,28.195,56.122,-94.537,42.064,1430.966,-113.288,232.574,36.751,34.01,25.633,190.445,76
129.996,19.04,65.093,-8.332,56.52,5499.947,-103.238,0.73,82.407,41.29,24.067,-0.199,24
79.613,29.255,70.207,-102.724,59.452,2794.476,-97.334,111.001,64.576,45.986,26.439,94.126,53
87.016,49.728,95.307,-97.398,80.282,4999.944,-134.662,53.887,82.786,65.59,24.488,47.839,6
7.668,18.946,38.785,-5.403,31.334,100.0,-43.512,132.618,28.287,26.384,21.796,103.511,3
87.785,32.126,72.32,-95.972,59.04,4999.948,-137.504,53.473,69.236,44.384,24.854,48.12,6
82.059,39.384,89.1,102.328,75.534,3324.926,-98.868,-98.545,72.255,60.779,27.086,-85.146,61
8.143,18.317,64.007,-7.607,45.986,99.958,-79.94,188.413,38.419,37.127,23.183,155.088,18
122.236,38.387,60.951,-48.079,57.48,3999.969,-74.923,31.185,68.997,49.837,24.811,25.0,44
122.865,70.191,104.542,-12.767,91.351,5828.394,-112.89,1.564,80.347,80.377,28.017,1.01,53
11.538,18.612,49.542,0.962,42.928,249.978,-2.001,1.097,72.503,35.734,26.157,-0.031,6
86.209,38.379,80.272,98.927,65.47,5402.033,-140.022,-61.929,67.463,52.537,26.4,-58.076,65
59.379,65.881,74.377,88.772,69.976,1822.262,-57.479,-163.995,65.669,65.588,23.904,-128.734,71
130.516,18.643,32.238,-1.035,32.54,2749.973,-1.995,1.078,45.309,27.954,23.237,-0.773,20
92.953,18.55,50.252,-92.789,41.665,3499.96,-104.78,77.196,40.84,32.656,22.158,66.951,20
49.988,18.66,22.302,-0.304,22.042,999.992,-2.0,1.098,29.715,19.851,23.295,0.175,5
87.09,18.708,72.122,-96.726,58.333,4999.952,-138.181,53.464,68.653,41.938,24.004,48.502,17
121.711,50.508,77.794,-40.049,68.04,5451.953,-112.549,17.722,62.233,59.616,25.625,15.279,65
127.619,64.32,64.073,-4.351,57.491,3651.776,-54.441,0.294,53.583,55.571,25.912,-0.629,70
89.736,29.343,101.399,-94.743,85.096,4844.344,-128.554,52.539,85.82,65.072,26.669,48.114,74
3.479,19.387,129.286,-130.869,91.772,2703.975,-235.19,157.065,75.045,62.284,23.082,153.549,32
8.178,18.406,63.514,-7.615,45.986,99.986,-79.94,188.412,34.347,36.784,22.94,155.132,18
23.21,33.096,72.095,72.834,58.2,1137.789,-109.282,-240.616,72.118,47.58,23.565,-198.439,71
13.179,18.957,120.174,-129.166,89.273,3499.84,-207.52,111.443,95.269,60.677,23.65,108.291,26
67.191,19.234,67.742,113.727,54.142,2499.972,-91.789,-149.365,59.876,39.498,26.101,-127.584,6
9.778,19.318,122.868,-129.726,92.539,5499.946,-202.16,65.183,111.259,61.537,23.636,63.673,24
47.893,18.287,62.09,13.899,52.592,1064.997,-4.25,-34.264,60.382,39.452,22.613,-25.082,10
37.222,19.364,91.342,-125.29,65.588,4749.955,-188.893,77.757,58.33,45.874,21.337,74.912,31
29.571,34.435,125.583,-68.129,93.363,976.928,-121.49,240.185,72.835,70.204,27.368,198.054,56
86.695,65.02,104.791,-97.995,91.609,4999.945,-132.675,54.093,89.441,78.737,25.727,47.427,6
8.147,18.278,63.967,-7.617,45.986,100.043,-79.941,188.412,38.085,37.02,22.597,155.077,18
3.974,18.253,121.999,-0.516,85.144,60.006,-2.983,15.777,26.604,57.916,19.34,10.835,36
76.004,57.82,96.611,-91.691,81.877,1962.84,-50.919,146.608,83.372,71.218,26.384,112.146,65
70.158,65.314,87.64,-108.628,80.067,2431.765,-99.104,143.13,78.065,72.117,26.1,120.766,69
13.699,18.741,39.2,-11.583,31.617,249.971,-43.511,132.618,27.39,26.398,22.854,103.762,13
83.08,18.838,49.63,-85.338,42.188,1999.979,-43.512,132.617,47.48,33.489,23.346,101.793,12
86.486,19.341,49.499,-99.546,39.452,2499.978,-75.504,123.471,37.44,32.563,23.508,100.861,9
96.98,18.5,25.585,-0.576,25.873,1999.977,-2.0,1.098,34.643,23.331,23.199,-0.147,12
130.932,18.547,28.743,-0.938,29.749,2749.971,-1.995,1.072,40.187,25.949,23.504,-0.781,20
131.983,18.543,35.579,-2.281,35.135,2999.97,-15.856,1.345,50.113,29.68,23.488,-0.585,14
119.594,18.732,26.384,-0.664,27.399,2499.97,-1.999,1.098,35.49,24.804,26.299,-0.827,9
56.367,19.444,64.973,-117.415,54.169,4841.602,-168.68,69.781,65.39,39.452,26.047,66.023,63
81.11,60.139,104.777,0.858,94.917,1785.24,-3.218,-2.494,77.057,81.633,26.215,-2.695,76
20.751,44.076,110.73,-30.216,90.459,500.023,-79.942,188.41,75.07,72.122,23.905,150.0,41
27.531,19.209,104.791,-128.011,79.454,4499.961,-191.302,82.831,89.289,54.646,21.844,79.381,21
13.714,18.373,33.115,-11.545,26.381,250.007,-43.512,132.618,22.214,23.284,23.118,103.866,13
13.69,18.146,39.183,-11.605,31.47,250.002,-43.512,132.617,28.185,26.383,22.394,103.797,13
47.256,54.039,102.11,59.79,90.039,1380.527,-43.227,-138.42,86.488,76.301,27.814,-106.389,65
7.675,19.3,38.83,-5.406,31.326,99.999,-43.512,132.618,27.504,26.384,21.761,103.499,3
25.184,49.98,126.296,-48.352,96.708,716.919,-105.63,225.875,72.512,76.272,26.289,183.743,49
127.769,39.624,70.811,-26.235,62.236,5249.438,-103.224,10.887,60.614,52.571,25.893,8.745,50
72.623,28.441,62.083,109.013,52.066,5038.14,-152.148,-73.897,50.352,41.551,24.904,-69.617,63
12.145,18.678,22.387,0.868,20.723,250.007,-1.999,1.099,30.27,19.851,23.039,0.157,13
121.212,42.228,116.625,49.465,104.79,4048.929,-69.728,-37.649,86.893,95.584,26.592,-32.238,74
45.74,91.045,117.775,122.53,104.791,3395.758,-148.54,-125.488,90.788,97.387,24.061,-114.688,46
19.566,54.908,115.916,-33.496,94.003,499.961,-99.213,216.053,74.883,78.708,24.876,175.0,41
32.795,50.406,86.406,81.711,73.638,1352.601,-94.094,-221.195,66.704,63.571,25.101,-180.322,64
4.194,18.465,19.73,1.477,19.105,99.996,-2.001,1.095,26.138,18.982,22.317,0.245,2
44.847,28.014,85.177,-88.997,68.018,1393.05,-99.073,216.019,69.654,53.203,26.385,174.936,56
71.683,56.105,64.401,24.3,62.735,1618.875,-6.837,-41.255,61.819,59.765,28.748,-30.122,58
131.757,23.138,43.922,-3.133,42.815,3499.963,-42.742,1.163,64.659,35.869,23.689,-0.545,23
131.785,18.206,37.668,-3.827,35.328,3999.953,-67.927,1.101,43.133,29.169,24.189,-0.572,15
11.827,80.487,77.34,0.441,75.683,252.572,-2.101,-3.92,57.563,76.256,25.895,-3.575,66
35.33,61.222,90.348,32.245,78.984,955.994,-28.885,-103.911,65.498,69.146,24.8,-78.213,73
87.033,19.492,72.122,-96.605,58.324,4999.95,-138.253,53.46,68.67,42.367,24.433,48.593,17
85.551,18.156,54.116,-100.336,45.274,2499.971,-75.619,123.412,50.554,35.484,24.829,100.502,9
70.153,18.323,65.165,-111.276,51.451,2999.963,-124.138,113.272,51.939,38.739,21.904,100.004,14
26.734,19.142,109.673,-128.25,80.361,5499.95,-195.457,66.433,81.957,53.962,23.037,64.154,20
9.606,19.294,123.041,-129.67,93.07,5499.955,-201.914,65.064,112.69,61.632,23.895,63.51,24
44.276,18.477,36.748,-5.766,33.377,899.995,-2.98,15.773,39.876,29.469,19.851,10.721,36
14.514,46.772,70.366,4.811,59.457,356.701,-7.395,-39.262,49.562,53.286,26.342,-28.942,68
2.405,19.477,123.822,-130.946,90.039,3499.973,-225.782,115.241,84.322,60.889,21.8,112.924,26
102.921,29.851,38.152,-81.783,36.149,2499.98,-41.603,99.144,35.825,32.905,23.435,75.0,44
30.211,69.295,83.347,87.093,77.425,1392.524,-104.049,-232.313,77.731,72.121,27.809,-190.994,68
122.12,68.096,74.896,-48.215,70.644,2838.786,-22.891,49.491,50.833,68.658,23.951,35.63,75
73.53,18.339,23.975,-0.334,24.073,1499.984,-2.001,1.098,32.562,22.184,23.404,0.034,8
8.147,18.306,63.988,-7.615,45.986,99.998,-79.94,188.413,38.069,37.09,22.317,155.076,18
47.866,28.273,55.973,-91.573,41.426,1449.403,-99.745,218.479,36.742,33.723,25.648,176.854,76
-0.505,19.199,124.328,-130.843,88.669,3499.968,-232.521,116.803,74.362,59.945,21.021,114.865,26
95.691,19.002,48.841,-90.219,41.655,3403.966,-96.65,76.3,48.235,32.983,22.077,65.108,32
131.204,18.45,27.947,-0.863,28.915,2749.97,-1.993,1.071,36.985,25.6,23.447,-0.765,20
111.349,18.428,39.448,-68.357,34.571,4749.953,-114.476,39.46,39.733,26.692,23.498,34.557,20
13.668,18.716,39.404,-11.629,31.759,249.995,-43.512,132.618,31.723,26.407,22.776,103.684,13
16.189,81.49,103.814,-129.473,92.609,3356.49,-207.035,122.002,78.481,86.082,27.809,119.081,68
93.011,34.965,36.853,-48.382,35.809,1999.993,-15.496,70.795,29.23,34.55,22.829,50.0,45
18.672,19.395,104.791,-130.077,76.88,3999.954,-206.68,99.257,67.347,52.663,23.98,95.938,15
56.249,36.124,57.279,-102.089,52.572,2083.995,-109.131,162.063,37.555,48.176,22.432,140.816,43
100.122,18.973,51.062,-80.882,42.658,5969.94,-140.78,35.548,62.742,30.02,22.49,32.853,29
130.331,19.173,49.563,-6.102,43.258,4999.948,-97.56,0.636,51.981,33.529,23.357,-0.71,17
94.011,64.978,80.843,-83.358,74.374,2249.975,-35.451,114.417,58.344,69.267,25.25,84.437,20
11.68,55.058,110.739,41.949,88.035,687.543,-103.706,-233.194,74.435,72.121,27.846,-191.681,74
87.166,61.222,89.325,92.11,78.707,5686.473,-142.21,-56.338,69.845,68.919,23.492,-53.131,62
52.093,18.464,77.768,-120.753,55.982,1999.977,-128.423,204.441,50.626,39.452,25.438,176.831,4
48.512,18.592,27.862,13.787,26.385,1064.981,-4.25,-34.264,47.221,23.982,22.717,-25.362,10
44.578,18.75,96.893,-122.895,72.122,5119.949,-178.054,67.849,80.876,50.892,23.486,64.929,31
22.468,49.87,82.53,-129.056,66.612,3999.967,-203.314,99.519,58.491,56.836,23.231,100.0,44
8.716,18.463,89.69,-9.735,60.864,99.959,-122.972,242.424,26.844,44.455,21.466,207.373,2
83.589,18.704,45.986,-84.718,39.272,1999.986,-43.513,132.617,37.583,31.534,23.237,102.176,12
121.009,27.018,64.649,-50.086,55.865,2640.363,-12.744,53.248,56.175,44.39,24.538,38.085,73
4.176,18.371,19.354,1.464,18.747,99.977,-2.0,1.098,23.371,18.698,22.212,0.194,3
31.056,18.334,58.673,-40.833,45.158,749.996,-65.981,173.0,45.302,35.228,24.803,139.23,16
7.666,18.429,38.805,-5.407,31.336,100.001,-43.512,132.618,28.329,26.372,21.771,103.525,3
71.618,39.707,97.283,110.305,81.75,2686.525,-88.877,-133.539,74.536,65.564,26.125,-111.832,50
109.06,15.491,77.048,68.177,54.04,3033.309,-50.696,-69.614,61.732,38.169,26.334,-56.22,79
75.773,34.582,75.671,-22.427,66.761,1618.219,-6.773,36.905,63.364,55.857,23.847,25.011,43
0.681,70.492,89.399,3.859,81.128,124.659,-43.339,-136.192,65.584,74.383,26.381,-104.933,79
128.37,89.378,103.99,26.405,97.508,4000.786,-61.954,-21.551,81.187,92.537,24.839,-18.592,75
83.858,81.488,85.145,42.627,83.566,1979.19,-12.026,-61.885,74.449,81.07,26.385,-45.252,79
112.83,46.654,62.529,47.275,59.252,2548.238,-9.623,-52.015,52.567,54.146,26.342,-38.041,68
96.887,18.829,25.609,-0.693,26.016,1999.979,-2.002,1.098,34.525,23.623,23.867,-0.302,4
130.933,28.807,60.923,-13.23,52.961,2963.986,-14.308,11.977,59.417,43.588,26.384,8.378,53
75.234,81.49,119.743,-78.907,101.983,1895.0,-42.452,128.967,80.901,90.381,27.382,97.119,68
117.704,24.674,28.753,-46.394,24.99,5067.182,-116.497,24.558,25.034,23.558,22.357,21.576,62
72.603,50.279,94.194,107.073,78.873,5069.352,-149.551,-72.765,60.342,65.596,26.262,-68.501,51
29.756,67.813,94.962,-126.222,84.849,4501.143,-190.079,83.087,82.036,75.526,26.385,81.393,65
131.815,18.681,50.964,-3.37,46.471,3499.965,-41.303,1.166,74.067,38.153,23.46,-0.471,26
131.789,18.81,38.865,-3.946,36.666,3999.958,-67.144,1.101,48.766,30.048,25.243,-0.562,15
44.716,91.184,104.791,-121.317,98.257,4365.029,-173.322,83.053,81.728,94.968,25.783,81.053,66
72.207,91.152,124.689,-109.501,110.651,3883.732,-129.404,81.804,89.364,99.847,29.006,73.649,58
34.569,50.096,100.369,127.1,81.956,2298.947,-146.339,-199.044,76.044,67.235,26.181,-176.529,49
51.394,28.908,50.603,120.822,42.836,3132.652,-146.254,-134.182,46.402,37.279,25.885,-121.837,70
46.008,18.704,92.305,-122.215,70.368,5119.952,-177.944,67.763,75.919,47.888,23.19,64.861,31
24.584,18.375,20.624,0.318,19.851,499.982,-2.0,1.097,33.984,19.851,25.36,-0.043,4
118.634,76.435,97.873,42.653,88.864,4839.191,-97.698,-29.226,73.315,82.072,24.37,-26.802,81
50.529,19.468,104.791,-121.386,85.07,3299.962,-153.175,109.167,90.623,61.83,26.385,99.883,20
25.788,61.227,92.594,129.017,81.556,2547.282,-171.329,-183.405,74.448,71.376,23.554,-168.31,62
3.922,19.434,129.545,-130.848,92.204,2703.971,-234.137,156.78,75.79,62.561,22.477,153.241,32
56.089,41.509,69.002,117.49,58.391,3335.476,-143.438,-121.238,49.511,51.062,24.039,-110.508,72
24.99,29.088,36.581,-7.055,35.024,499.991,-6.369,36.937,51.95,32.932,24.781,25.0,45
128.452,18.337,62.981,-8.745,52.571,5999.93,-116.876,0.301,61.446,37.988,23.593,-0.724,4
64.011,19.465,90.514,-111.416,67.221,5999.945,-169.015,51.631,66.836,45.941,22.832,48.493,19
23.724,19.563,116.392,-129.086,81.988,2249.988,-201.634,192.68,58.391,56.578,19.528,181.642,32
24.565,18.678,75.262,-13.178,61.932,499.974,-15.494,70.795,75.393,46.045,25.878,50.749,6
62.122,49.807,68.931,8.678,65.539,1383.446,-3.638,-16.639,73.678,59.568,26.128,-12.627,49
4.182,18.302,19.492,1.447,18.758,100.034,-1.999,1.098,25.21,18.744,23.015,0.434,18
99.845,27.756,72.023,-81.662,60.17,4620.608,-117.841,48.115,64.728,45.963,26.234,43.066,67
61.805,81.49,78.354,-102.449,72.111,1806.487,-81.838,192.106,55.28,73.926,24.209,153.872,72
33.037,49.964,116.26,127.341,93.325,2299.284,-148.504,-200.101,79.805,75.073,26.064,-177.791,49
83.578,18.558,78.739,-98.252,60.583,5749.945,-151.34,46.775,64.109,42.744,24.486,43.389,20
37.177,49.832,62.828,-32.159,58.831,842.236,-34.851,112.792,67.401,54.748,26.082,83.654,49
67.347,50.932,110.883,112.727,91.99,2857.346,-101.085,-129.676,85.166,75.437,26.385,-110.926,65
101.406,91.06,112.773,82.751,103.423,3526.387,-74.279,-73.346,89.337,96.682,24.327,-61.486,46
130.911,19.111,52.155,-6.433,45.121,4999.947,-95.824,0.871,57.887,34.587,23.985,-0.445,17
60.097,49.808,83.797,-85.604,72.017,1610.873,-65.203,171.622,67.183,62.34,26.0,133.796,49
75.082,18.624,59.104,-108.08,45.989,2569.978,-99.828,130.182,50.584,36.454,21.834,110.787,32
14.55,39.931,124.418,-130.286,96.708,4999.959,-202.765,74.743,93.767,71.448,23.99,75.0,41
119.621,37.508,77.801,53.281,67.219,4204.979,-83.139,-39.612,68.419,55.65,26.33,-34.666,66
69.824,34.257,57.334,111.606,45.85,2386.038,-82.149,-157.729,35.595,38.741,23.604,-129.537,81
26.786,89.368,124.087,-127.688,109.658,4786.344,-190.329,77.999,93.379,98.257,24.998,79.431,75
132.003,18.368,30.487,-2.15,31.335,2999.97,-16.882,1.342,43.362,26.385,23.439,-0.583,14
56.387,19.519,101.893,-117.16,78.988,5999.942,-168.137,52.491,96.693,53.414,25.999,49.451,19
75.057,18.767,58.504,-108.138,45.986,2569.975,-99.998,130.19,50.22,36.213,22.355,110.792,32
28.698,34.603,80.927,40.509,69.044,897.279,-50.41,-149.809,63.419,56.508,24.908,-116.591,55
121.019,39.673,65.678,-46.948,57.87,5605.254,-118.199,20.688,51.615,49.294,25.404,18.141,50
4.697,18.336,24.808,-1.806,22.333,49.982,-15.496,70.795,28.775,19.851,21.486,52.513,30
8.194,18.931,61.539,-7.598,45.188,100.017,-79.941,188.412,28.055,35.481,23.171,155.497,18
32.188,27.437,78.393,59.06,59.545,1115.547,-69.465,-182.845,77.391,45.985,26.449,-145.644,74
0.573,26.909,27.914,2.924,26.195,98.897,-35.234,-121.717,28.011,26.218,26.284,-92.369,68
90.874,45.929,72.863,-93.649,64.264,2989.016,-84.696,92.216,65.874,56.231,23.631,76.733,80
130.811,18.825,49.893,-6.368,43.559,4999.949,-96.644,0.826,53.776,33.755,25.033,-0.554,17
98.397,75.408,99.834,-86.705,92.286,3826.289,-95.202,62.939,88.252,84.533,26.421,53.718,56
68.285,39.639,102.334,112.272,83.59,3202.077,-114.896,-115.032,73.769,65.538,26.016,-101.099,50
13.68,18.527,39.37,-11.643,31.678,250.019,-43.513,132.618,31.506,26.385,22.292,103.684,13
12.007,18.809,19.73,0.856,19.142,249.993,-2.0,1.098,23.465,19.111,22.348,0.076,13
49.448,18.829,24.119,-0.262,23.574,999.99,-2.0,1.097,35.632,22.109,22.353,0.022,5
131.781,49.862,62.316,2.139,61.054,3028.647,-15.272,-3.159,64.688,56.356,26.385,-3.293,58
16.363,19.783,117.421,-130.091,87.188,5499.95,-200.164,66.273,98.813,57.847,19.886,64.367,24
23.611,90.962,85.027,0.065,84.034,500.02,-2.002,1.098,59.025,84.939,24.84,0.0,44
5.816,19.271,120.984,-130.529,89.187,3499.964,-218.671,113.483,92.814,60.569,22.201,111.072,26
129.406,70.184,95.395,-24.67,90.177,3170.28,-23.539,20.236,91.068,81.981,28.017,14.396,56
13.669,18.595,39.425,-11.622,31.937,250.014,-43.513,132.617,31.735,26.672,23.172,103.678,13
83.531,18.204,46.138,-84.807,39.452,1999.98,-43.512,132.618,39.241,31.837,23.282,102.082,12
27.356,65.031,84.361,39.933,76.595,881.465,-50.945,-150.692,77.134,70.813,27.181,-117.238,56
24.703,19.079,38.765,-13.005,34.529,499.971,-15.495,70.796,66.14,29.79,25.668,51.089,6
101.625,89.391,104.791,-80.303,98.257,2455.004,-30.181,98.371,81.085,93.338,24.808,74.19,75
68.635,49.884,60.28,-37.341,57.778,1499.99,-15.499,70.795,60.429,54.155,25.263,50.0,42
17.798,81.49,104.791,-20.322,94.091,375.461,-60.726,164.224,61.737,87.984,25.729,127.259,59
2.333,19.198,123.938,-130.994,90.062,3499.971,-225.98,115.279,84.147,60.805,21.882,113.018,26
27.587,18.745,104.791,-128.011,79.441,4499.955,-191.3,82.842,88.714,54.442,21.548,79.379,21
70.656,73.914,96.548,-109.108,87.005,2669.389,-103.466,126.666,79.692,79.631,26.166,107.719,69
131.421,91.058,95.124,-4.719,92.406,3999.963,-57.731,1.112,81.469,90.112,24.962,0.0,44
34.942,18.875,110.304,-124.611,83.004,5999.943,-185.751,57.146,95.185,55.258,24.638,54.492,4
85.475,18.578,54.08,-100.382,44.986,2499.969,-75.838,123.369,50.334,35.02,24.81,100.55,9
87.058,49.791,94.581,-97.08,79.296,4999.945,-134.372,53.797,79.223,65.49,25.237,47.693,6
110.596,49.913,89.401,70.737,78.707,4128.614,-88.378,-53.489,76.524,65.52,25.077,-46.61,48
86.725,70.147,102.186,97.622,91.819,4547.917,-121.216,-70.711,87.415,82.069,27.366,-64.251,61
21.9,49.791,127.745,-49.553,95.045,679.85,-128.25,250.081,72.583,75.363,26.091,206.656,49
59.439,34.951,79.081,116.356,67.266,4374.72,-154.088,-90.674,64.143,54.998,24.895,-84.792,55
12.097,18.337,19.845,0.872,19.334,249.977,-2.0,1.098,27.21,19.122,23.068,0.126,13
29.152,64.744,68.54,-11.168,65.588,599.968,-9.125,50.765,63.538,64.881,26.384,35.365,20
124.157,49.851,65.576,-43.673,63.567,3048.173,-32.189,39.573,66.05,58.207,27.531,29.132,58
29.787,19.101,104.348,-127.506,76.596,5499.951,-194.503,66.428,74.76,51.563,23.148,64.085,20
42.789,46.614,78.458,110.772,65.588,1785.245,-101.109,-228.31,59.689,57.493,25.643,-187.365,78
67.174,49.653,78.062,76.775,69.661,1844.017,-40.175,-132.197,69.134,62.062,25.222,-101.118,48
24.653,18.511,49.252,-13.009,42.289,499.98,-15.494,70.795,70.293,34.731,26.334,50.915,6
76.063,69.714,98.27,105.823,87.493,5489.11,-146.771,-66.559,80.187,78.706,26.385,-62.677,66
67.413,49.885,95.731,112.889,82.617,2706.693,-96.287,-137.125,79.375,69.193,26.384,-116.062,49
12.138,18.629,19.826,0.767,19.207,249.98,-2.001,1.095,25.396,19.086,23.079,0.104,13
67.998,34.534,58.844,51.725,49.596,1713.468,-28.017,-84.07,40.469,42.669,26.271,-65.371,68
122.181,49.82,60.729,48.213,59.34,3342.644,-45.833,-42.785,64.369,55.573,24.792,-34.527,48
23.637,18.815,39.557,-22.068,32.996,499.995,-43.512,132.619,35.774,27.775,23.503,103.318,7
43.419,29.22,62.074,-123.052,53.313,3007.919,-165.937,128.373,58.693,43.241,26.385,118.192,53
30.767,19.214,100.773,-127.376,73.906,4499.963,-191.749,83.705,72.849,51.21,19.851,80.07,21
6.522,64.588,62.985,1.372,62.14,149.998,-2.001,1.094,57.966,62.294,26.384,0.438,20
115.09,81.402,123.595,62.854,104.791,3198.734,-39.392,-57.449,91.26,95.058,27.128,-45.078,61
8.188,18.319,60.63,-7.601,44.407,100.029,-79.941,188.412,27.452,34.621,23.263,155.499,18
21.136,40.302,64.251,-29.798,52.571,499.991,-79.941,188.412,47.232,44.509,26.22,150.0,42
92.76,30.17,66.708,92.787,57.479,3363.772,-87.068,-86.473,66.501,45.986,26.385,-73.72,68
19.607,30.715,90.807,129.154,72.087,3507.038,-192.455,-131.45,78.082,54.415,26.38,-125.537,74
73.492,18.91,23.521,-0.26,23.553,1499.983,-2.0,1.098,30.75,21.986,23.842,-0.021,8
96.959,18.258,25.689,-0.579,26.204,1999.978,-2.001,1.098,34.972,23.528,23.491,-0.145,12
87.056,18.16,72.179,-96.686,58.574,4999.948,-138.25,53.492,69.319,42.699,24.716,48.656,17
15.953,69.516,95.945,-129.228,83.972,3327.875,-207.04,121.547,77.838,75.98,27.946,117.609,68
23.701,18.858,39.428,-22.014,32.12,499.984,-43.511,132.617,30.336,26.411,22.055,103.538,7
8.135,18.691,63.986,-7.612,45.986,100.012,-79.941,188.411,38.464,37.125,23.285,155.066,18
31.011,18.284,58.998,-40.866,45.325,749.989,-65.983,172.999,46.541,35.553,24.512,139.132,16
84.854,18.446,95.431,-99.83,78.707,4999.947,-135.81,53.962,91.731,56.021,26.687,48.675,6
88.596,45.276,83.433,86.123,70.716,4921.01,-130.896,-60.026,69.646,58.376,25.429,-55.767,79
29.472,34.06,124.526,-73.424,93.325,1024.661,-129.471,251.148,73.088,70.02,27.258,207.713,56
77.55,28.384,70.672,-102.429,59.738,4192.528,-136.932,69.765,57.078,45.986,25.702,63.827,76
57.049,50.348,90.339,116.727,75.527,3912.433,-149.749,-102.804,63.881,63.086,25.159,-95.197,64
23.696,18.666,39.452,-22.019,32.414,500.0,-43.512,132.617,31.293,26.756,22.333,103.487,7
8.188,18.364,60.393,-7.6,44.399,100.028,-79.941,188.412,27.299,34.534,23.206,155.503,18
71.979,61.273,100.922,-51.659,95.07,1665.01,-23.041,83.353,83.284,83.614,27.624,60.637,68
6.503,64.513,63.164,1.354,62.173,149.941,-2.0,1.096,59.056,62.35,26.384,0.43,20
68.514,53.481,73.969,80.309,64.105,1889.436,-42.211,-136.097,60.89,56.621,26.367,-104.483,68
25.057,30.328,66.041,12.274,56.67,604.38,-11.451,-58.016,40.738,45.986,24.838,-42.427,79
30.05,18.713,101.974,-127.562,75.523,4499.956,-191.718,83.573,76.848,52.572,19.851,79.874,21
100.537,39.469,84.031,-84.254,72.053,2731.269,-54.148,90.911,70.128,58.672,27.407,70.948,53
50.54,72.274,95.595,-104.496,87.943,3062.998,-145.661,103.784,79.973,81.163,25.69,96.823,69
30.098,18.529,29.996,-3.918,27.798,599.992,-2.98,15.775,35.973,25.267,19.851,10.886,36
23.46,77.931,104.781,-37.22,95.589,611.285,-87.963,200.215,83.672,86.805,26.229,160.633,65
76.533,62.857,88.369,-106.262,80.432,3068.866,-108.785,103.552,75.755,72.122,26.291,89.564,76
119.594,18.715,26.389,-0.744,27.866,2499.969,-2.001,1.097,35.577,24.933,26.362,-0.837,9
35.614,87.049,117.942,125.898,103.669,3262.969,-163.165,-137.085,83.427,93.964,26.272,-126.715,79
8.763,18.684,96.574,-9.771,65.589,99.955,-122.971,242.424,29.11,48.238,22.183,207.221,2
12.085,18.589,19.765,0.809,19.186,249.999,-1.999,1.098,24.419,18.952,22.993,0.101,13
125.209,65.216,90.893,-39.609,82.403,5249.94,-101.021,18.304,83.546,72.122,27.978,14.893,20
70.837,19.221,56.553,-24.645,49.353,1499.989,-7.818,43.901,65.687,39.042,22.468,30.702,10
12.099,18.578,19.737,0.839,19.155,249.997,-2.0,1.097,24.497,18.991,23.143,0.108,13
89.822,91.643,127.488,93.028,107.036,2947.559,-66.058,-104.577,79.342,98.209,25.766,-84.942,66
132.01,18.773,28.727,-2.058,29.357,2999.969,-17.54,1.34,37.529,25.713,23.984,-0.569,14
125.913,30.047,67.492,37.201,57.632,3076.719,-24.716,-33.252,72.469,45.988,24.661,-25.749,72
30.921,18.526,37.894,-27.096,31.401,674.991,-39.04,120.305,35.533,26.385,21.33,93.211,30
129.96,19.614,57.528,-8.251,49.406,5499.945,-106.701,0.707,64.18,37.119,23.232,-0.052,24
132.012,18.671,29.068,-2.075,29.751,2999.968,-17.35,1.347,38.737,25.996,23.999,-0.586,14
97.239,18.377,25.117,-0.423,25.638,1999.98,-2.001,1.098,33.293,23.236,23.215,-0.088,12
76.345,52.831,78.583,81.145,70.499,2042.08,-35.704,-122.589,72.062,62.817,23.481,-93.183,80
130.691,91.092,101.121,-7.411,95.041,4999.955,-90.054,0.953,76.467,90.5,24.798,0.0,44
8.781,18.326,102.109,-9.805,71.539,100.028,-122.973,242.424,37.525,52.549,21.988,206.674,2
16.564,40.207,111.28,-129.395,85.055,4999.959,-204.539,75.632,80.146,63.42,23.138,75.0,41
63.117,18.713,45.969,-64.418,38.587,1499.986,-43.513,132.618,42.954,31.343,23.12,102.928,8
56.618,19.286,102.16,-117.118,78.9,5999.935,-168.014,52.51,96.42,53.348,25.923,49.493,19
74.937,18.657,60.699,-108.154,49.307,2569.979,-99.85,130.172,51.722,37.839,22.989,110.741,32
87.358,19.785,72.122,-96.596,58.453,4999.95,-137.837,53.525,69.088,42.712,23.883,48.415,6
4.695,18.587,24.828,-1.801,22.365,50.017,-15.496,70.795,29.066,19.851,20.906,52.531,30
24.415,81.49,84.919,-12.624,79.963,500.005,-15.494,70.794,62.693,78.707,23.386,50.0,45
103.294,77.968,104.668,8.168,95.208,2317.273,-6.19,-9.899,84.006,86.583,26.283,-8.192,65
86.894,64.279,103.275,-97.637,88.994,4999.942,-133.033,54.04,86.345,77.204,25.033,47.63,6
131.482,91.131,101.784,-4.7,97.039,3999.964,-57.046,1.114,84.063,92.568,25.258,0.0,44
99.171,19.25,75.461,-81.57,59.88,5969.951,-139.304,35.604,70.248,42.756,22.826,32.724,29
13.664,18.628,39.427,-11.626,31.786,249.985,-43.51,132.618,31.779,26.458,23.145,103.676,13
52.515,49.837,109.547,120.313,87.902,3016.03,-133.944,-135.625,74.262,70.877,25.499,-121.254,49
96.214,19.293,34.51,-1.124,33.121,1999.979,-2.0,1.096,44.779,28.594,23.346,-0.223,12
58.248,19.191,90.162,-7.605,71.756,1199.989,-2.98,15.774,44.072,54.277,19.851,10.782,36
120.101,40.514,93.591,-52.855,79.555,4499.961,-90.836,30.341,74.224,64.184,23.264,25.0,41
31.579,18.819,98.814,-127.059,72.122,4499.968,-191.607,83.819,70.186,50.783,19.851,80.059,21
129.615,81.489,89.365,21.665,86.449,3461.495,-38.835,-19.425,80.221,82.805,28.995,-16.025,58
12.839,18.952,114.482,-130.447,83.23,3299.971,-214.324,123.376,73.953,56.928,24.152,119.824,27
127.394,65.177,79.989,31.116,76.465,2973.344,-12.102,-29.136,79.444,71.684,26.008,-21.872,69
101.737,27.559,26.912,-78.026,25.811,4124.581,-112.959,54.913,26.667,25.854,25.693,48.492,67
60.298,28.857,57.595,-101.218,51.016,1729.35,-82.2,194.985,58.323,42.9,26.384,159.43,53
55.842,18.847,61.516,-77.37,45.987,1449.987,-65.981,172.999,42.155,36.967,20.416,139.063,30
58.734,18.626,25.858,-7.589,25.371,1199.996,-2.981,15.774,37.531,23.233,19.851,10.888,36
132.005,18.93,32.21,-2.168,32.511,2999.97,-16.461,1.339,46.51,27.774,23.573,-0.585,14
87.416,18.721,72.116,-96.226,57.496,4999.952,-138.532,53.403,66.334,41.109,24.732,48.511,17
91.114,55.123,62.95,45.097,55.86,2236.575,-19.007,-58.985,53.29,50.77,23.185,-43.882,80
25.833,18.962,116.306,-127.6,88.088,5849.931,-191.055,59.624,101.818,58.698,24.793,57.858,27
70.727,19.326,62.958,-24.666,53.509,1499.983,-7.817,43.902,67.169,41.285,23.366,30.665,10
70.813,29.729,29.385,-32.795,28.483,1500.042,-13.293,62.657,33.084,28.352,24.308,43.985,44
126.691,34.529,82.273,-13.063,68.741,5441.018,-106.285,2.503,67.263,54.083,25.843,1.668,55
78.658,18.947,70.724,-59.412,57.177,1789.67,-27.402,98.071,57.09,42.895,26.372,71.565,53
33.947,54.708,102.26,60.136,88.359,1162.198,-63.442,-175.951,82.835,75.443,27.935,-138.996,56
131.171,19.179,43.034,-5.132,38.796,4499.958,-84.592,1.039,47.127,31.345,22.32,-0.653,21
7.672,18.507,38.71,-5.405,31.328,99.981,-43.511,132.617,27.955,26.363,21.926,103.504,3
120.201,28.362,73.76,49.715,60.642,4960.739,-103.577,-32.918,54.786,45.986,25.709,-29.997,76
42.071,49.85,62.913,-38.821,58.25,977.485,-37.902,118.304,68.495,54.164,26.027,88.306,49
54.427,40.888,65.643,-76.041,55.787,1434.274,-63.854,169.607,65.342,45.982,26.385,132.019,68
39.009,61.347,102.442,55.081,85.302,1202.402,-48.719,-147.733,74.379,72.122,27.728,-114.662,53
29.192,18.66,43.698,-72.011,39.212,1014.468,-119.574,232.504,49.816,31.975,23.22,191.768,11
49.273,29.73,40.864,-1.22,35.584,1028.908,-3.275,2.402,29.158,32.304,24.894,0.799,64
72.454,45.186,84.387,106.468,72.12,4928.011,-145.673,-73.287,72.193,59.856,25.553,-68.657,79
64.441,44.533,60.982,27.6,58.5,1484.094,-10.278,-51.786,63.548,53.315,27.065,-37.878,56
13.689,18.282,39.29,-11.597,31.652,249.993,-43.511,132.618,28.835,26.399,23.165,103.734,13
49.027,40.919,85.502,14.499,75.467,1122.813,-6.991,-35.982,77.155,62.942,26.377,-26.461,74
56.577,35.798,85.109,-118.566,68.827,2521.895,-134.115,150.455,51.682,55.843,25.892,132.696,58
91.535,29.512,75.65,86.563,63.608,2363.09,-31.991,-111.089,70.994,49.909,26.382,-83.967,59
48.07,18.766,81.932,-121.051,62.054,5119.955,-177.718,67.624,69.123,42.84,22.999,64.591,31
96.988,18.266,26.132,-0.591,26.385,1999.98,-2.0,1.097,36.413,23.865,23.33,-0.112,12
126.171,39.625,63.99,-31.866,53.965,4290.369,-82.75,19.028,44.244,45.95,25.363,15.176,60
131.776,23.216,48.546,-3.192,45.986,3499.965,-41.727,1.163,70.537,38.479,23.671,-0.569,23
8.743,18.778,103.07,-9.808,72.12,99.981,-122.972,242.424,44.124,52.577,22.286,206.3,2
26.377,19.111,26.724,-8.633,25.713,525.205,-7.819,43.903,44.87,23.426,22.379,31.178,10
44.352,18.671,27.754,-5.738,26.361,899.998,-2.981,15.775,37.813,24.026,19.851,10.751,36
65.538,24.729,64.056,42.764,54.202,1564.792,-17.665,-78.703,59.276,43.022,26.385,-58.106,60
8.142,18.244,63.991,-7.621,45.986,100.014,-79.941,188.412,38.232,37.061,22.464,155.111,18
42.924,39.15,104.791,123.965,83.501,3010.067,-150.218,-142.109,71.852,64.397,26.241,-129.275,50
30.783,34.467,66.456,21.29,59.531,778.713,-18.166,-80.836,66.054,50.277,25.711,-59.712,55
50.009,19.272,22.071,-0.378,21.612,999.989,-1.998,1.098,29.034,19.851,23.188,0.191,5
69.426,67.606,84.696,110.503,75.902,3545.829,-122.631,-104.186,79.487,69.411,27.907,-93.144,68
115.625,91.153,116.41,58.556,102.552,2897.277,-23.117,-58.696,73.835,93.754,26.364,-44.512,55
4.207,18.355,19.435,1.484,18.729,99.972,-2.002,1.098,25.085,18.685,21.524,0.197,3
25.054,49.387,72.122,27.107,66.33,723.907,-34.227,-118.756,71.551,60.299,26.395,-90.019,56
4.196,18.748,19.449,1.482,18.853,99.98,-2.0,1.098,25.293,18.995,21.56,0.182,3
131.997,18.678,29.685,-2.11,30.413,2999.968,-17.11,1.341,41.364,26.261,23.87,-0.583,14
129.873,39.594,71.541,-1.594,62.02,4889.651,-93.037,-2.36,58.538,52.708,25.772,-2.868,69
94.024,18.278,45.267,-1.287,42.777,1999.976,-1.999,1.097,77.049,34.543,23.738,-0.455,4
6.36,18.993,103.217,-2.686,72.122,99.535,-25.854,72.231,45.929,52.576,23.15,57.453,2
38.021,32.297,55.207,-11.358,52.574,789.713,-6.559,37.857,66.251,45.996,26.375,25.661,50
49.141,32.797,55.387,-120.899,45.984,1993.771,-135.203,208.471,40.559,39.452,23.172,179.342,71
58.539,77.707,112.663,117.566,94.995,4384.78,-150.331,-92.398,75.627,83.993,26.326,-85.911,57
128.93,76.455,64.022,-23.34,62.783,3070.346,-24.604,20.508,49.592,65.37,23.648,14.713,81
51.317,27.479,79.879,-44.792,64.046,1176.458,-35.131,113.703,53.182,49.62,25.777,84.415,67
7.264,39.621,90.519,40.384,68.841,623.877,-126.432,-259.023,68.689,55.851,27.49,-215.95,61
81.79,27.146,67.211,99.673,54.155,4290.247,-131.828,-78.434,45.165,42.435,23.908,-72.09,73
31.342,18.232,45.985,-40.369,35.354,749.987,-65.982,172.998,27.833,28.131,24.809,139.83,16
20.389,50.066,124.94,-38.166,98.254,550.307,-108.74,227.92,74.825,79.07,26.374,186.06,49
107.318,28.589,49.601,-36.105,45.986,2292.399,-7.641,42.967,63.4,39.452,25.911,29.357,57
86.61,65.012,104.791,-97.968,90.903,4999.941,-132.822,54.11,87.956,78.707,25.077,47.582,6
13.681,18.495,39.392,-11.643,31.665,249.988,-43.512,132.618,31.365,26.387,22.641,103.694,13
70.26,19.249,64.057,-111.043,50.458,2999.98,-124.085,113.184,48.811,38.188,21.351,100.064,14
83.095,18.691,49.577,-85.334,41.992,1999.973,-43.51,132.618,47.435,33.313,23.217,101.804,12
115.12,85.609,87.954,26.066,86.906,2585.614,-3.207,-26.935,81.215,85.146,26.363,-19.767,56
96.837,18.421,25.795,-0.73,26.146,1999.98,-2.001,1.097,35.617,23.536,23.668,-0.296,4
23.596,90.948,85.036,0.075,84.008,499.988,-1.999,1.098,58.942,84.883,23.994,0.0,44
86.372,24.73,54.223,-21.41,48.978,1815.19,-5.363,31.453,49.665,39.452,23.183,21.099,62
44.185,27.179,70.806,-121.455,55.779,3541.86,-171.498,103.799,65.271,44.212,27.079,97.133,61
87.516,19.618,72.122,-96.227,58.303,4999.948,-138.098,53.464,69.066,42.077,24.391,48.386,6
73.45,18.682,23.667,-0.274,23.944,1499.984,-2.0,1.097,31.615,22.272,23.818,-0.037,8
2.614,21.964,124.401,-130.93,90.956,3499.969,-225.409,115.592,85.271,62.787,23.176,113.034,23
13.696,18.193,39.226,-11.595,31.524,249.979,-43.511,132.618,27.795,26.384,22.43,103.777,13
97.414,66.461,95.712,86.089,85.066,4057.413,-100.582,-67.96,76.861,74.403,25.197,-60.074,73
23.645,18.321,39.523,-22.078,32.853,499.999,-43.513,132.617,35.445,27.605,23.115,103.314,7
74.942,56.105,91.054,107.897,79.395,4422.584,-133.894,-81.3,77.79,68.98,28.904,-74.597,58
32.163,18.809,39.452,-79.75,35.66,1124.716,-123.195,240.954,42.015,29.674,23.183,199.458,11
131.343,19.327,42.744,-5.264,38.286,4499.956,-84.749,1.047,45.3,31.312,22.295,-0.572,21
100.788,19.239,72.121,84.218,57.789,4999.953,-122.449,-54.252,60.952,42.797,22.399,-49.781,10
132.015,18.152,28.868,-2.059,29.389,2999.969,-17.574,1.339,37.211,25.666,23.976,-0.573,14
91.621,18.696,32.111,-44.342,30.474,1959.98,-13.557,64.153,41.348,26.373,22.231,46.592,30
123.933,23.566,72.122,40.891,60.013,4869.063,-96.869,-27.781,67.732,45.03,25.917,-25.099,65
11.936,17.846,32.683,0.864,30.257,249.966,-2.0,1.098,66.202,26.384,25.806,0.149,6
21.414,18.535,21.248,-2.812,19.851,419.99,-2.98,15.774,35.204,19.85,22.111,10.767,30
42.043,35.798,114.688,-95.875,85.843,1428.477,-115.594,233.019,66.67,65.579,26.385,191.538,58
12.054,18.391,19.836,0.743,19.409,250.004,-1.998,1.095,26.573,19.111,23.159,0.111,13
52.868,29.691,67.155,-117.738,56.255,3777.113,-164.693,94.526,50.219,44.85,24.979,88.38,79
87.09,49.744,93.554,-97.055,78.765,4999.948,-135.556,53.735,77.571,64.992,25.023,48.12,6
50.232,28.809,29.653,30.209,28.327,1174.223,-14.971,-75.732,34.012,28.11,25.862,-55.573,70
15.625,18.525,37.905,-2.165,33.703,300.013,-2.981,15.774,33.217,30.038,19.827,10.691,36
98.476,29.31,69.07,76.345,57.56,4332.175,-111.761,-58.727,64.295,45.986,26.548,-53.479,53
58.975,19.401,99.095,-114.907,75.634,5999.944,-168.196,52.146,87.632,51.915,23.192,48.983,19
123.569,30.721,72.106,-37.904,61.239,5356.562,-109.735,17.085,60.253,48.536,26.375,14.352,68
2.45,19.433,126.056,-130.947,88.905,2703.978,-237.929,157.784,72.193,60.187,23.173,154.453,32
49.717,18.335,23.143,-0.297,23.151,999.988,-1.998,1.096,33.845,20.275,22.359,0.094,5
83.294,75.664,101.872,-101.568,91.104,3579.39,-109.811,81.823,85.853,82.441,26.783,71.475,56
107.765,34.602,72.122,-31.923,64.976,2500.658,-17.634,35.793,63.05,54.525,23.319,25.0,43
50.882,39.706,100.228,121.092,79.634,3187.292,-142.376,-129.228,69.291,62.749,26.282,-117.031,50
7.911,50.461,57.008,19.52,54.799,381.819,-66.942,-167.276,60.603,52.668,26.287,-134.749,70
4.02,19.184,19.851,-0.541,19.345,59.985,-2.98,15.774,26.567,19.165,19.756,10.974,36
128.257,19.119,62.797,-8.683,52.566,5999.932,-117.229,0.241,59.953,38.157,23.779,-0.557,4
131.792,18.527,37.186,-3.848,34.943,3999.953,-67.981,1.109,42.6,28.989,24.093,-0.575,15
86.933,19.14,39.7,-99.253,33.924,2499.979,-75.355,123.588,30.977,27.68,23.351,101.174,9
55.676,18.497,62.405,-77.533,49.224,1449.986,-65.98,172.999,46.102,37.9,21.403,138.907,30
31.038,18.688,90.749,-127.648,68.641,4229.965,-190.162,89.242,75.515,45.986,22.972,85.817,29
46.381,29.374,62.662,-60.338,52.421,1176.48,-59.912,161.995,60.956,42.814,27.646,125.479,53
87.469,46.613,66.301,96.655,58.693,5078.779,-135.05,-64.309,65.635,50.994,25.804,-59.865,79
31.279,18.211,56.214,-40.579,42.774,749.998,-65.984,172.999,34.023,33.65,24.81,139.599,16
31.555,27.785,72.118,-126.986,57.529,4434.188,-193.629,85.43,57.127,42.966,25.996,84.774,67
53.394,35.779,68.85,120.055,60.133,2733.251,-126.421,-149.711,62.696,50.94,26.354,-131.701,70
131.175,19.04,49.753,-6.521,43.234,4999.946,-97.563,0.968,52.674,33.647,24.884,-0.371,17
69.402,81.49,95.512,-111.354,86.132,2772.905,-113.974,126.356,56.452,82.686,25.636,109.327,59
24.75,36.083,79.029,-64.091,65.484,865.832,-137.636,262.312,67.711,55.845,26.385,217.28,68
43.675,19.357,38.259,-42.795,31.397,999.99,-43.514,132.618,30.241,26.352,21.616,103.258,5
121.247,19.232,76.531,-29.604,65.706,2599.979,-4.816,29.956,82.446,50.242,21.966,19.622,32
83.876,18.775,43.186,-84.453,36.292,1999.979,-43.511,132.618,32.877,29.696,23.232,102.31,12
120.801,18.734,41.233,-52.309,39.347,3103.97,-43.763,46.128,58.961,32.194,22.916,35.031,32
15.305,18.576,112.949,-130.143,83.784,3999.965,-205.862,97.568,87.354,57.452,24.021,94.451,15
21.362,18.447,21.915,-2.865,20.657,419.997,-2.98,15.775,38.516,19.851,21.935,10.729,30
130.635,61.222,104.789,2.47,91.843,3262.379,-24.633,-4.206,88.826,78.707,27.805,-3.835,61
24.612,18.845,19.918,0.408,19.851,499.994,-2.0,1.098,30.879,19.844,23.186,0.067,7
8.149,18.506,63.973,-7.617,45.986,100.011,-79.941,188.411,37.678,37.009,22.964,155.081,18
76.712,39.445,47.618,-58.651,45.986,1745.324,-27.276,99.903,54.85,43.525,26.421,72.814,56
46.054,39.198,62.607,34.039,56.517,1153.598,-22.072,-88.699,67.029,50.083,26.42,-66.101,53
128.483,77.822,63.314,27.222,64.929,2848.505,-3.721,-25.528,65.311,65.587,26.335,-18.819,66
122.351,38.39,58.459,-47.7,54.97,3999.964,-75.796,31.147,62.472,46.98,24.806,25.0,44
37.061,18.862,21.383,-0.11,19.984,749.991,-2.0,1.098,29.504,19.851,23.454,0.195,16
19.57,54.95,115.579,-33.499,93.672,499.974,-99.214,216.052,74.838,78.707,24.82,175.0,41
12.077,18.406,19.846,0.829,19.364,250.0,-2.001,1.096,27.065,19.12,23.065,0.123,13
50.83,18.164,54.856,-59.678,45.268,1249.983,-50.729,146.704,68.102,35.406,24.826,114.344,20
83.567,81.49,88.64,42.714,85.811,1979.187,-12.027,-61.884,77.202,82.707,26.384,-45.252,79
63.084,18.757,45.985,-64.402,38.892,1499.977,-43.512,132.618,43.865,31.634,23.524,102.866,8
49.712,18.588,23.198,-0.254,23.174,999.989,-1.999,1.096,34.114,21.336,21.664,0.091,5
83.106,18.498,49.519,-85.324,41.963,1999.974,-43.512,132.618,47.209,33.289,23.499,101.834,12
21.95,19.601,116.768,-128.861,88.313,5084.955,-196.178,71.771,94.267,59.445,23.534,69.918,29
119.739,76.413,100.016,-16.501,87.666,4208.663,-80.696,7.851,72.142,80.36,24.29,6.855,81
79.875,18.534,75.492,103.231,60.618,4137.631,-125.779,-80.952,71.413,43.496,26.206,-73.558,63
27.631,19.531,104.791,-128.069,79.173,4499.957,-191.389,82.952,87.839,54.292,21.831,79.497,21
27.172,26.802,66.36,128.116,54.011,3868.585,-191.515,-118.537,45.842,42.535,23.95,-113.568,73
48.841,18.394,24.797,13.678,23.886,1064.991,-4.251,-34.263,36.679,22.114,22.655,-25.379,10
79.01,18.773,32.083,-38.611,30.979,1694.981,-13.558,64.153,50.456,26.372,22.204,46.434,29
12.072,18.141,19.714,0.839,19.074,250.011,-2.0,1.098,23.562,18.815,23.135,0.1,13
117.948,26.851,90.625,57.287,75.924,3836.266,-71.252,-45.273,77.62,58.303,26.381,-38.505,66
49.879,18.396,22.427,-0.293,22.262,999.987,-1.999,1.097,31.756,19.861,23.145,0.136,5
106.253,49.866,67.038,77.047,61.64,4667.946,-109.828,-53.538,62.438,55.797,25.335,-48.402,48
44.389,18.805,25.604,-5.732,24.796,899.993,-2.98,15.774,36.627,23.141,19.851,10.715,36
37.514,18.817,50.994,-19.037,45.032,794.979,-13.556,64.153,84.893,36.67,23.196,45.513,29
128.68,26.018,52.898,26.208,45.986,4689.871,-90.713,-19.256,53.689,38.633,26.385,-17.436,65
94.343,18.879,69.275,-89.061,56.046,5418.504,-137.367,43.942,65.898,39.452,26.027,41.312,63
105.466,39.575,65.868,33.338,59.525,2357.297,-6.914,-38.508,65.229,52.552,27.251,-28.222,53
13.713,18.579,38.95,-11.583,31.355,249.987,-43.51,132.617,25.56,26.385,22.982,103.868,13
49.983,18.639,21.576,-0.334,21.421,999.988,-2.0,1.096,28.788,19.851,22.079,0.191,5
10.014,18.312,74.96,-11.681,53.468,149.978,-99.216,216.05,27.702,39.788,19.949,181.557,30
4.699,18.567,25.921,-1.805,23.278,49.993,-15.495,70.795,32.626,21.71,21.508,52.444,30
17.058,19.217,88.786,130.394,61.983,4725.03,-204.254,-99.236,55.928,41.694,22.221,-95.807,10
36.069,19.004,83.933,-125.594,60.638,5499.948,-193.026,66.328,57.971,39.932,22.817,63.862,20
24.205,34.48,38.211,0.077,37.862,500.008,-2.002,1.096,50.506,36.269,23.515,0.0,43
115.314,29.539,43.572,-60.569,41.521,2499.977,-15.393,70.583,40.264,37.048,26.12,50.0,42
12.063,18.195,19.829,0.756,19.229,249.981,-2.0,1.097,26.22,19.126,23.175,0.106,13
12.106,18.437,19.777,0.767,19.156,250.011,-2.001,1.098,25.597,19.083,23.127,0.104,13
48.997,18.475,23.526,13.638,23.169,1064.992,-4.251,-34.264,30.533,21.485,22.867,-25.412,10
101.589,39.563,52.488,-82.533,49.51,2366.69,-31.063,105.378,54.618,45.242,26.48,77.805,56
84.824,91.03,112.085,-67.201,104.574,2022.07,-26.775,98.156,90.205,97.781,28.103,71.474,58
37.718,49.759,80.265,42.051,72.122,1060.582,-36.538,-125.475,72.892,63.752,26.828,-95.386,56
98.854,78.977,103.213,85.251,91.702,3621.819,-84.081,-74.521,77.574,84.447,26.002,-63.653,69
38.841,27.373,68.161,81.595,58.543,1419.888,-79.795,-199.995,78.103,45.986,26.855,-161.002,74
124.533,28.879,59.056,21.985,52.198,5109.105,-104.693,-16.853,50.464,42.234,25.935,-15.795,70
91.511,36.595,54.821,-30.282,45.986,2149.808,-25.431,35.761,34.102,41.957,23.17,28.59,80
71.577,28.017,45.972,-94.455,39.056,1857.943,-63.164,166.612,33.185,33.346,24.837,129.698,63
20.711,39.705,89.209,-30.219,72.122,500.032,-79.945,188.41,71.949,60.741,23.685,150.0,41
28.828,19.174,104.613,-127.911,78.707,4749.948,-191.919,77.81,83.396,53.149,24.178,75.153,27
63.595,70.328,97.905,-114.894,88.458,3337.651,-133.727,102.694,84.019,79.776,26.718,92.156,56
67.785,19.458,65.561,-108.587,47.562,5999.96,-170.946,51.241,44.436,32.667,21.911,48.247,19
57.926,19.496,100.315,-115.378,78.11,5999.947,-167.932,52.148,92.025,52.592,23.241,49.08,19
16.429,68.741,92.581,11.501,80.284,453.521,-19.409,-81.44,70.09,72.135,25.707,-60.418,79
5.399,18.859,120.564,-130.565,89.045,3499.963,-219.187,113.613,93.33,60.502,21.855,111.169,26
40.629,49.676,81.894,71.828,71.766,1358.792,-65.508,-180.313,73.268,62.368,27.054,-142.755,56
127.318,19.064,57.553,-23.891,50.88,3353.857,-43.25,18.669,62.752,38.966,26.386,13.659,61
101.131,18.072,43.024,16.317,37.824,2195.898,-6.3,-22.013,48.077,30.451,23.083,-13.325,11
130.957,49.854,62.103,13.569,60.719,3071.434,-20.333,-13.577,64.652,56.445,26.385,-11.028,58
131.033,18.833,49.828,-6.481,43.269,4999.944,-97.688,0.887,52.855,33.319,24.828,-0.489,17
-1.522,19.159,122.109,-130.901,86.094,3499.974,-235.668,117.656,67.879,58.274,19.851,115.922,26
23.638,18.564,39.459,-21.993,32.585,499.994,-43.512,132.617,33.626,27.13,23.131,103.296,7
59.35,49.778,82.57,117.272,72.121,2896.012,-120.285,-135.927,69.969,62.756,24.939,-119.295,48
130.706,89.387,104.248,9.969,97.636,4226.225,-66.215,-9.383,81.275,92.553,24.826,-8.698,75
12.135,18.459,19.677,0.849,19.114,249.991,-2.001,1.095,24.072,18.961,22.671,0.116,13
79.926,91.457,95.155,-99.422,86.722,4928.087,-140.86,57.535,71.26,83.948,24.795,53.375,75
15.675,18.747,19.851,-2.132,19.851,299.984,-2.979,15.773,29.348,19.607,19.838,10.77,36
120.525,29.566,57.677,47.684,50.986,2821.959,-19.138,-48.361,48.871,42.771,24.888,-36.591,64
87.289,18.688,72.122,-96.662,58.521,4999.947,-137.845,53.517,68.859,42.23,24.349,48.427,6
131.796,18.751,38.788,-3.97,36.676,3999.956,-67.233,1.103,48.257,30.049,24.976,-0.548,15
75.095,18.905,59.117,-108.1,45.987,2569.977,-99.89,130.16,50.552,36.465,21.608,110.726,32
67.733,18.284,67.666,113.415,53.732,2499.975,-91.485,-149.441,58.057,39.452,25.561,-127.639,6
4.579,23.294,124.101,-130.596,92.074,3499.966,-219.863,113.898,95.507,63.989,23.188,111.061,23
63.129,19.179,45.976,-64.364,38.521,1499.989,-43.514,132.617,42.605,31.354,22.409,102.96,8
7.662,18.509,38.903,-5.41,31.339,99.993,-43.512,132.618,28.769,26.382,21.929,103.575,3
28.335,19.546,110.01,-94.514,70.279,1199.986,-166.066,301.705,38.308,45.986,19.873,256.938,36
39.992,29.933,58.122,-121.266,46.205,5615.438,-195.205,63.16,38.044,38.844,25.312,65.602,78
88.401,28.272,44.409,-45.604,42.741,1920.233,-14.394,66.994,57.896,37.104,26.063,47.142,57
129.684,47.629,89.37,15.411,77.03,5109.116,-94.364,-12.177,76.852,63.949,27.062,-11.256,65
38.105,18.905,30.901,-18.665,28.929,795.011,-13.559,64.154,62.853,25.213,23.124,46.243,29
104.144,91.143,104.791,-79.352,100.726,4658.035,-106.393,45.857,92.269,95.022,26.862,40.111,56
25.112,15.489,45.936,61.193,39.452,1021.419,-89.274,-215.24,61.539,31.431,26.338,-174.686,79
87.285,18.157,22.373,-91.895,19.806,2283.953,-62.077,128.952,24.688,18.837,23.162,103.844,11
54.467,18.108,45.986,-116.769,38.916,3197.454,-155.445,113.211,42.155,31.335,23.205,102.884,11
8.16,18.611,63.814,-7.615,45.986,100.017,-79.941,188.412,36.379,36.99,22.579,155.13,18
129.079,91.127,104.791,-8.464,98.257,5499.955,-100.013,0.414,84.248,92.48,24.303,0.0,44
4.697,18.439,25.54,-1.796,23.155,50.016,-15.495,70.795,31.915,21.406,19.902,52.476,30
56.592,80.591,90.608,40.91,85.471,1427.185,-21.831,-86.714,67.775,82.089,26.049,-64.472,66
16.841,78.211,104.791,31.579,95.592,647.674,-60.164,-169.789,84.395,86.171,26.274,-133.658,65
101.241,49.812,86.527,71.561,78.526,2476.769,-20.413,-84.437,77.637,65.588,26.163,-62.607,49
23.626,19.128,39.452,-21.97,32.37,499.99,-43.513,132.617,32.788,26.916,23.165,103.255,7
14.46,30.547,69.987,4.808,59.975,353.518,-4.973,-35.146,67.197,49.295,26.409,-25.706,76
58.727,18.546,24.835,-7.619,24.776,1199.991,-2.98,15.774,36.105,22.795,19.851,10.85,36
96.913,18.225,25.52,-0.64,25.862,1999.979,-2.002,1.098,34.349,23.296,23.605,-0.283,4
31.205,18.684,88.805,-127.59,66.529,4229.961,-190.032,89.239,74.915,45.978,23.572,85.834,29
61.832,49.645,70.201,-64.333,63.178,1499.99,-43.512,132.619,59.407,57.473,25.228,100.0,42
111.026,65.28,98.206,-67.098,88.567,2548.925,-19.228,76.176,80.364,78.707,24.434,54.724,80
84.636,40.621,72.129,99.099,64.602,4735.374,-132.011,-69.329,67.352,53.357,23.876,-64.003,80
131.348,18.496,42.777,-5.25,38.348,4499.957,-84.733,1.041,45.622,31.098,22.55,-0.547,21
36.569,18.522,32.219,-18.679,28.872,749.995,-15.495,70.795,31.461,25.717,22.919,52.01,27
49.967,18.944,22.05,-0.295,21.829,999.989,-1.998,1.096,29.064,19.851,23.259,0.191,5
52.943,18.573,36.005,-35.767,32.155,1149.991,-23.014,90.022,47.319,26.537,24.025,67.217,27
39.793,28.119,36.539,-7.467,34.551,823.87,-7.359,28.14,30.245,32.061,24.846,18.934,63
7.671,19.298,37.243,-5.392,29.677,100.02,-43.512,132.617,25.806,25.606,21.508,103.507,3
129.934,19.102,59.914,-8.229,52.571,5499.942,-105.147,0.699,72.88,38.863,25.655,-0.239,24
8.75,18.646,103.14,-9.813,72.116,100.031,-122.972,242.425,43.543,52.574,22.967,206.352,2
23.619,18.485,62.89,2.539,52.528,512.329,-5.174,-12.124,56.562,39.451,26.383,-9.652,53
112.001,18.888,88.799,-68.826,72.118,4299.961,-93.466,41.675,86.505,52.271,23.685,35.08,31
41.04,24.715,25.147,-1.064,24.167,836.55,-2.497,1.737,26.572,23.798,24.388,0.385,57
67.537,19.467,67.705,113.528,54.192,2499.971,-91.542,-149.426,59.186,39.629,25.671,-127.547,6
24.581,18.541,19.936,0.393,19.851,499.996,-2.0,1.099,31.278,19.833,23.017,0.065,7
101.647,34.492,67.155,-82.647,60.591,3956.174,-101.177,57.951,62.397,52.503,23.564,50.0,43
100.919,75.424,99.846,-83.868,92.272,3880.451,-93.429,59.642,88.233,84.518,26.398,50.716,56
24.477,18.746,39.879,0.119,36.341,499.976,-2.0,1.098,57.219,31.078,25.661,-0.024,4
120.669,45.539,71.261,-16.827,64.142,2606.919,-6.379,17.701,55.531,56.508,25.575,12.059,78
8.741,18.545,103.208,-9.806,72.122,100.01,-122.972,242.423,45.327,52.585,22.347,206.22,2
43.567,19.12,41.174,-42.922,33.693,999.986,-43.511,132.617,33.168,28.022,21.968,103.213,5
7.662,19.131,38.891,-5.409,31.339,100.009,-43.512,132.618,28.674,26.381,22.002,103.514,3
124.45,49.848,70.619,-42.506,65.593,2746.272,-11.631,43.23,66.915,59.763,26.434,30.181,58
49.975,19.264,22.042,-0.333,21.789,999.996,-1.999,1.096,29.014,19.851,23.158,0.192,5
122.828,49.938,89.425,44.339,75.468,4246.501,-79.501,-32.924,68.634,62.668,25.574,-28.869,66
70.263,15.491,42.935,109.296,39.451,2545.924,-88.351,-139.71,61.281,31.674,26.369,-116.8,79
92.889,18.19,51.347,-92.917,42.776,3499.965,-104.685,77.265,43.167,33.349,22.735,66.794,20
4.021,19.307,30.704,-0.53,27.952,59.992,-2.982,15.774,28.168,26.016,19.328,10.899,36
58.152,19.306,100.471,-115.475,78.426,5999.94,-167.784,52.246,92.239,52.593,24.677,48.967,19
36.45,50.013,111.509,126.47,91.044,2278.598,-140.532,-199.376,78.801,72.172,26.126,-175.488,49
83.107,18.682,49.529,-85.327,42.025,1999.974,-43.511,132.617,47.145,33.271,23.528,101.823,12
12.821,19.606,120.0,-130.479,89.803,5499.951,-202.065,66.197,102.805,59.289,24.335,64.468,24
67.43,18.031,67.627,113.588,54.142,2499.968,-91.602,-149.411,59.699,39.459,26.328,-127.648,6
130.786,59.15,78.625,11.41,71.693,4113.56,-65.782,-10.051,74.483,64.908,27.539,-9.2,65
31.267,18.437,56.436,-40.61,42.774,750.001,-65.984,172.999,34.234,33.691,24.748,139.592,16
4.201,18.336,19.625,1.439,19.038,100.008,-2.0,1.098,26.844,18.843,22.618,0.453,18
82.863,39.204,69.638,48.088,60.024,1938.913,-14.15,-70.901,63.412,51.042,27.104,-52.002,53
19.48,50.013,111.464,-49.748,87.058,642.362,-145.323,272.79,72.15,71.347,26.095,226.199,49
27.172,19.547,101.792,-128.502,76.123,3779.975,-193.446,102.517,76.249,52.746,21.868,98.268,32
37.28,19.403,91.231,-125.293,65.588,4749.957,-188.805,77.768,58.272,45.847,21.543,74.911,31
52.86,18.669,41.982,-35.831,36.751,1149.988,-23.015,90.022,50.315,30.549,23.211,67.056,27
115.371,41.742,122.97,-59.407,103.459,5184.754,-110.791,29.469,75.127,82.155,26.38,25.817,52
109.085,50.452,61.507,64.987,53.983,5727.203,-130.431,-39.551,38.23,49.737,25.572,-37.043,51
55.638,18.833,62.648,-77.609,49.334,1449.984,-65.98,173.0,47.136,37.976,21.944,138.891,30
100.923,39.376,86.066,-80.803,72.086,5489.503,-130.056,38.475,72.432,58.016,27.035,35.707,53
96.95,18.72,25.656,-0.614,26.178,1999.977,-1.999,1.097,35.408,23.532,23.375,-0.136,12
128.133,18.573,59.457,-8.583,48.473,5999.924,-119.052,0.144,50.526,35.769,23.549,-0.614,4
50.027,18.816,21.767,-0.351,21.487,999.99,-2.001,1.099,28.719,19.851,21.591,0.191,5
93.104,50.081,66.896,-27.125,63.997,1999.982,-6.375,36.936,65.573,58.31,25.865,25.0,42
46.448,29.904,42.371,-115.386,38.774,3209.739,-157.614,112.836,32.446,34.579,25.627,105.474,69
13.663,18.947,39.425,-11.62,31.867,249.986,-43.511,132.617,31.835,26.425,23.179,103.721,13
27.485,19.285,102.128,-128.312,76.016,3779.963,-193.06,102.35,75.721,52.704,19.851,98.117,32
130.336,19.197,52.988,-6.226,45.932,4999.947,-96.69,0.63,59.816,35.236,24.517,-0.695,17
88.25,18.786,66.568,-96.949,56.022,3999.954,-117.287,67.245,77.353,41.644,23.024,59.554,31
100.778,30.648,104.791,-83.547,87.061,4571.486,-111.095,48.277,86.363,67.05,26.674,42.62,74
131.795,18.422,45.908,-3.302,44.38,3499.97,-42.067,1.17,69.91,35.425,23.297,-0.52,26
4.166,18.394,19.851,1.454,19.851,99.977,-2.001,1.097,33.073,19.653,22.699,0.498,18
119.957,24.584,50.044,7.708,45.819,2561.403,-2.71,-7.873,49.08,38.595,23.16,-6.399,62
96.936,18.113,26.132,-0.58,26.382,1999.977,-2.0,1.097,36.272,23.857,23.264,-0.131,12
13.697,18.25,39.265,-11.59,31.647,250.002,-43.513,132.618,27.772,26.385,23.131,103.784,13
86.665,64.605,104.791,-98.027,91.871,4999.949,-132.697,54.106,89.908,78.856,26.356,47.428,6
15.406,39.464,109.968,41.566,83.718,721.322,-87.248,-211.223,78.41,64.995,26.332,-171.199,74
116.41,45.861,72.127,-35.331,66.226,2513.631,-6.883,37.905,73.879,59.394,26.216,25.863,70
85.934,35.411,60.46,99.255,52.431,3910.044,-114.895,-82.199,60.248,44.287,26.269,-73.528,70
52.291,28.038,38.827,-10.531,33.729,1074.306,-5.059,24.969,29.259,30.641,24.821,16.685,63
105.153,56.105,62.694,33.303,62.062,2343.41,-5.886,-38.74,61.161,59.308,29.06,-28.275,58
89.428,86.088,87.342,-48.767,84.807,1999.976,-15.497,70.794,65.453,83.677,24.112,50.0,45
54.655,65.073,92.096,-119.772,82.574,3300.008,-147.375,109.823,83.356,72.123,27.824,98.029,20
48.905,18.241,24.526,13.681,23.866,1064.988,-4.25,-34.264,34.008,22.241,23.032,-25.394,10
91.765,18.413,31.328,-44.243,29.707,1959.977,-13.557,64.153,39.088,25.867,21.466,46.601,30
99.209,28.032,78.719,-66.325,59.794,2224.063,-22.265,87.602,59.387,45.619,26.399,63.295,60
97.304,18.726,25.137,-0.413,25.647,1999.979,-2.0,1.097,33.258,23.271,23.309,-0.06,12
41.059,67.976,87.396,-123.543,76.929,4262.74,-180.345,87.557,61.263,71.002,24.232,85.282,75
49.291,18.12,26.416,-0.339,26.029,999.986,-2.0,1.097,37.252,23.63,22.905,-0.026,5
129.561,28.142,59.569,1.639,49.23,3391.475,-44.122,-1.805,36.691,39.232,24.84,-2.591,63
28.647,20.128,101.631,-128.118,76.125,4149.962,-192.06,91.461,77.68,52.635,19.852,87.942,29
55.686,79.552,100.505,-35.868,92.702,1244.857,-20.116,83.615,70.23,86.749,26.386,59.925,58
113.571,39.526,71.628,65.836,62.17,5299.472,-115.754,-41.298,62.809,52.571,25.9,-37.968,50
4.175,18.602,19.851,1.446,19.761,99.999,-2.001,1.096,27.406,19.298,22.042,0.197,3
125.859,66.213,87.655,37.591,81.973,4656.676,-85.683,-26.628,82.211,73.531,29.522,-23.724,58
128.065,19.067,52.606,-8.605,42.786,5999.928,-120.736,0.151,41.458,31.697,23.283,-0.742,4
4.762,19.075,91.3,-1.555,74.344,59.927,-8.773,49.413,87.538,52.815,23.127,34.424,29
131.212,18.472,43.15,-5.108,38.987,4499.958,-84.485,1.034,47.416,31.341,21.828,-0.657,21
16.823,19.746,110.65,-130.14,82.624,3999.959,-204.101,96.76,86.628,56.293,21.77,94.034,32
96.821,24.134,57.998,39.147,49.839,2177.589,-8.565,-48.385,64.39,39.452,26.385,-35.436,52
27.139,19.257,104.777,-128.179,78.798,4749.951,-193.352,77.719,84.552,53.361,24.001,75.406,27
19.153,18.669,44.336,-4.301,39.309,375.015,-4.824,29.997,51.544,31.67,24.778,20.709,20
24.563,18.71,20.391,0.34,19.851,499.997,-1.999,1.096,34.29,19.851,25.552,-0.048,4
98.149,85.833,93.348,16.638,91.255,2213.932,-3.564,-20.079,84.143,87.895,26.384,-15.018,56
119.595,18.677,26.383,-0.695,27.322,2499.971,-2.001,1.098,35.513,24.809,26.332,-0.83,9
123.318,19.047,36.258,-28.914,36.117,2599.974,-4.812,29.934,59.921,30.184,21.354,19.895,32
46.044,81.49,111.594,-38.265,101.241,1071.582,-30.224,104.444,88.134,91.976,29.007,76.654,58
49.751,18.262,23.16,-0.275,22.902,999.986,-2.0,1.097,33.564,19.872,22.66,0.105,5
125.959,30.525,60.978,27.603,55.495,3802.007,-61.116,-21.826,71.211,45.986,24.682,-19.037,72
88.582,22.693,69.161,47.571,61.617,2050.743,-12.215,-64.869,73.008,48.249,26.375,-47.449,52
21.367,18.561,21.928,-2.863,20.439,420.0,-2.98,15.775,38.294,19.851,21.753,10.737,30
23.649,18.333,39.452,-21.986,32.268,499.991,-43.512,132.619,32.201,26.517,23.127,103.332,7
106.239,56.105,74.189,-75.344,68.001,4219.441,-100.479,49.028,66.209,62.258,26.338,42.212,70
70.583,19.258,63.562,-110.856,49.515,2999.976,-123.926,113.158,46.798,37.608,21.679,100.042,14
28.35,20.188,98.054,-128.15,72.122,4149.97,-193.819,92.211,71.861,50.654,21.32,88.721,29
74.081,34.651,81.684,107.322,66.243,3396.007,-114.665,-103.696,67.288,52.916,25.442,-91.704,55
122.691,24.585,49.739,3.189,45.714,2606.811,-2.699,-3.137,49.023,38.481,23.163,-3.072,62
43.397,81.481,104.791,-34.507,97.673,997.002,-28.11,100.71,86.958,90.286,28.864,73.563,58
8.195,18.129,62.818,-7.609,45.986,100.037,-79.941,188.412,29.875,36.362,22.456,155.403,18
7.678,18.879,38.44,-5.387,30.753,99.99,-43.511,132.618,26.544,26.318,21.955,103.474,3
49.847,44.147,66.44,61.134,59.945,1412.923,-43.562,-139.231,64.686,53.715,26.605,-107.066,56
100.384,34.763,74.454,39.39,67.955,2278.282,-9.063,-49.399,74.183,57.761,23.48,-36.149,71
8.165,18.321,63.904,-7.619,45.986,99.982,-79.94,188.412,35.763,36.929,22.129,155.16,18
70.443,39.641,65.618,8.14,59.615,1536.596,-3.355,-13.305,68.329,52.571,26.842,-10.235,53
48.495,18.536,28.333,13.826,26.707,1064.981,-4.25,-34.263,48.056,24.777,22.965,-25.308,10
4.169,18.401,19.648,1.487,19.041,100.013,-2.0,1.094,26.446,18.784,22.682,0.458,18
74.018,28.249,44.853,-50.307,43.314,1649.499,-22.103,88.118,60.403,38.075,25.919,63.484,57
37.787,18.828,48.193,-124.01,34.712,5789.7,-199.45,63.439,32.146,26.183,23.138,60.888,11
37.039,18.6,21.541,-0.114,19.939,749.993,-2.0,1.098,30.249,19.85,23.505,0.196,16
97.264,18.368,25.252,-0.402,25.719,1999.98,-1.999,1.098,33.171,23.285,23.542,-0.08,12
52.818,92.856,88.792,74.091,83.73,1608.758,-52.064,-153.372,70.039,82.834,26.347,-119.497,63
129.822,19.309,58.826,-8.172,50.938,5499.944,-105.992,0.657,68.95,37.917,23.331,-0.291,24
87.745,34.735,79.293,97.061,68.874,3375.64,-94.141,-91.287,67.153,54.975,25.087,-78.607,55
11.901,18.042,31.339,0.821,29.061,250.02,-2.001,1.098,65.379,25.962,25.792,0.135,6
11.97,18.073,35.072,0.942,32.087,249.957,-2.0,1.097,67.523,28.029,26.215,0.164,6
86.552,39.725,82.264,96.888,69.204,4269.396,-121.212,-74.57,66.576,56.483,26.44,-67.663,53
24.607,18.72,19.937,0.348,19.851,499.985,-2.001,1.097,32.817,19.849,25.936,-0.047,4
8.155,18.425,63.903,-7.61,45.986,99.971,-79.94,188.412,37.375,36.957,23.183,155.137,18
13.684,18.631,39.273,-11.6,31.576,250.023,-43.513,132.618,29.134,26.385,23.124,103.752,13
24.397,18.457,22.512,0.036,22.184,499.979,-1.999,1.098,42.4,19.874,25.685,-0.111,4
61.582,49.872,68.23,-71.411,61.971,1540.511,-49.378,144.635,66.572,56.203,26.1,110.152,49
36.571,18.864,30.663,-18.657,27.665,749.991,-15.496,70.795,31.369,24.829,23.025,52.022,27
4.611,19.076,121.476,-130.657,89.29,3499.962,-220.793,114.044,91.78,60.606,22.157,111.574,26
91.729,18.766,31.377,-44.267,29.925,1959.98,-13.558,64.154,39.736,26.078,22.22,46.595,30
2.38,22.23,124.393,-130.967,91.029,3499.969,-225.405,115.574,86.373,62.872,23.371,112.98,23
26.811,28.062,98.348,-128.437,75.332,3780.274,-193.8,102.655,74.377,54.461,26.383,107.753,66
75.703,67.621,98.07,-106.95,86.79,2281.084,-76.294,148.059,80.463,78.707,26.371,119.599,65
73.061,18.619,25.254,-9.472,25.255,1499.991,-2.98,15.774,36.508,23.176,19.921,10.853,36
129.059,50.122,74.463,23.87,68.678,4415.123,-79.207,-18.342,67.416,60.078,25.364,-16.44,49
110.651,55.458,90.515,-70.239,77.013,4400.509,-97.528,42.306,76.889,64.043,27.912,36.026,74
22.294,71.483,101.664,56.27,91.157,969.749,-86.746,-210.805,81.928,83.649,26.338,-170.764,65
62.794,65.105,81.691,55.215,76.949,1648.232,-29.567,-102.276,79.377,71.067,27.983,-77.032,56
4.23,18.513,19.755,1.444,19.1,100.007,-2.0,1.099,28.146,19.069,23.143,0.473,18
20.204,70.351,104.354,65.137,90.754,1039.527,-105.599,-236.525,76.744,81.112,26.385,-194.577,60
131.257,19.332,52.569,-6.475,45.602,4999.95,-96.314,0.998,59.087,35.052,23.668,-0.424,17
12.129,18.583,19.851,0.932,19.82,249.998,-2.0,1.096,28.961,19.597,23.093,0.152,13
12.109,18.553,19.59,0.84,19.001,249.986,-2.001,1.095,23.507,18.814,22.571,0.099,13
10.025,18.5,76.138,-11.696,55.838,149.979,-99.215,216.05,28.688,41.901,19.851,181.522,30
6.496,19.093,59.704,-131.017,45.986,2952.401,-231.721,143.603,55.269,36.033,26.315,141.789,53
128.706,27.997,77.979,24.801,62.208,3641.398,-54.428,-21.593,51.714,45.986,25.719,-18.238,76
125.684,62.317,55.081,-2.28,51.445,4793.76,-94.474,-2.775,54.284,50.323,26.46,-2.712,76
27.681,19.483,104.791,-128.133,78.707,3779.977,-194.115,102.817,69.708,54.519,19.806,98.683,32
123.396,67.858,101.687,32.885,90.258,4584.87,-84.856,-23.848,85.093,78.973,26.384,-21.58,65
32.406,24.601,26.438,15.363,25.263,5671.706,-155.445,-72.314,26.292,24.107,25.162,-0.22,65
78.327,27.995,87.435,101.403,72.067,5389.988,-143.838,-63.525,85.211,53.03,27.276,-59.776,74
83.075,18.778,49.806,-85.329,42.452,1999.977,-43.511,132.618,47.671,33.632,23.43,101.764,12
46.853,25.214,52.35,-122.01,45.278,3201.621,-163.691,116.946,59.826,35.782,26.384,108.171,60
55.758,18.331,61.881,-77.439,48.193,1449.985,-65.981,172.999,43.79,37.33,21.403,139.015,30
44.475,18.728,23.286,-5.682,23.162,899.994,-2.98,15.773,34.445,21.408,19.851,10.774,36
24.587,18.615,22.838,0.135,21.779,499.988,-2.0,1.098,33.043,19.851,23.159,0.061,7
74.419,91.137,104.792,105.199,100.688,3814.385,-120.746,-92.643,78.726,95.145,26.182,-83.231,55
128.814,29.63,67.062,-13.415,57.327,3530.912,-48.581,8.537,57.382,45.985,26.378,5.974,53
12.128,18.502,19.803,0.778,19.176,250.005,-2.001,1.098,25.51,19.067,23.139,0.103,13
70.45,40.915,68.909,-72.005,62.849,1728.368,-42.798,127.544,67.447,54.301,26.444,96.523,54
129.833,18.617,57.018,-8.243,48.879,5499.945,-107.4,0.676,60.679,36.427,23.253,-0.337,24
49.053,34.557,41.304,-0.649,39.452,1000.001,-2.003,1.098,55.603,38.343,24.564,0.0,43
58.736,30.133,65.609,-75.996,55.792,1499.992,-58.918,161.745,51.887,45.717,24.913,125.0,44
-0.0,78.993,104.792,-0.0,98.256,1590.164,-0.006,0.001,82.352,90.053,26.385,-36.736,51
30.923,18.52,37.883,-27.093,31.709,674.988,-39.042,120.304,35.589,26.385,21.531,93.206,30
4.748,18.761,66.799,-1.541,56.605,59.922,-8.773,49.413,84.759,44.415,21.366,34.587,29
125.897,49.818,65.58,-38.67,63.807,3019.118,-27.563,35.394,66.112,58.246,27.793,25.727,58
88.345,91.169,121.715,-85.372,110.158,2213.116,-37.217,117.434,91.028,100.477,28.852,87.599,58
129.648,71.533,95.123,17.049,85.123,5381.679,-98.138,-13.05,81.245,76.582,26.475,-12.12,57
48.394,28.809,66.94,-119.015,56.231,5882.951,-183.607,57.166,62.624,44.754,26.385,57.874,53
73.574,18.576,23.987,-0.471,24.016,1499.984,-2.001,1.098,33.499,22.347,23.331,0.054,8
75.184,75.595,94.385,-105.01,82.014,4422.151,-141.947,69.473,58.715,75.924,24.9,64.42,72
63.499,18.669,45.651,115.893,37.228,2659.766,-110.123,-144.96,44.597,29.222,22.335,-128.541,10
129.642,56.105,68.063,-21.165,64.875,4484.542,-81.233,10.472,62.573,60.052,28.011,7.874,58
34.339,49.67,91.962,47.31,78.707,1050.914,-48.953,-147.715,70.73,66.864,25.56,-114.585,48
29.849,78.078,101.752,16.505,87.317,751.028,-13.158,-63.006,77.681,78.703,25.085,-46.296,73
28.744,24.738,74.095,-63.588,55.164,916.077,-120.13,240.093,49.956,41.304,23.158,197.459,62
131.763,18.563,32.539,-2.99,32.242,3499.963,-46.261,1.174,41.14,26.61,23.182,-0.499,26
17.364,18.954,113.447,-129.804,84.494,4499.964,-201.602,84.403,91.846,57.461,24.771,81.75,20
94.547,40.952,78.615,1.157,68.028,2046.923,-3.217,-0.841,68.661,56.949,26.387,-1.502,54
131.444,19.166,52.575,-5.37,45.986,4499.958,-81.136,1.045,67.414,36.862,22.173,-0.534,21
32.698,18.171,90.784,-103.936,64.093,1365.646,-152.71,282.117,67.286,45.171,25.645,234.272,63
8.074,18.174,44.204,-7.532,31.38,99.987,-79.94,188.412,24.591,25.22,23.361,155.731,18
26.923,70.185,124.413,-128.348,103.282,4254.691,-189.351,89.379,91.184,86.663,27.615,86.918,56
47.055,35.798,65.529,-94.651,51.328,1466.052,-103.541,224.587,43.127,42.899,25.572,182.236,58
79.794,42.404,93.933,-24.045,87.817,1727.407,-5.704,31.416,75.265,82.421,24.725,21.154,72
131.74,18.604,34.044,-3.122,33.743,3499.964,-45.432,1.171,47.83,28.522,23.19,-0.504,26
7.662,19.209,38.921,-5.411,31.336,99.982,-43.511,132.618,28.927,26.38,22.268,103.605,3
86.609,19.005,82.407,-11.406,66.277,1799.985,-2.98,15.774,47.353,51.212,21.469,10.799,36
68.873,29.284,60.658,-37.84,56.506,1499.994,-15.499,70.795,65.13,49.282,24.66,50.0,45
109.347,18.994,46.319,-73.423,42.218,3749.967,-87.68,53.914,54.344,33.21,23.244,45.098,27
83.852,81.487,85.184,42.653,83.571,1979.186,-12.026,-61.885,74.503,81.104,26.384,-45.252,79
7.679,19.297,38.739,-5.396,31.288,100.018,-43.512,132.618,27.386,26.383,21.382,103.51,3
29.912,18.871,93.955,-3.802,72.464,599.997,-2.981,15.773,37.442,55.621,19.851,10.66,36
44.405,39.519,86.463,-122.272,69.336,4318.879,-175.063,83.217,69.136,54.835,26.416,79.769,61
131.203,19.314,49.923,-6.553,43.549,4999.946,-97.375,0.969,54.183,33.699,24.626,-0.353,17
122.547,70.509,83.471,-47.139,78.707,3999.958,-74.137,31.247,59.198,72.154,25.125,25.0,42
114.766,81.49,104.79,63.731,98.257,3513.124,-56.926,-55.022,86.996,91.825,26.38,-45.013,59
118.104,61.222,93.143,-53.461,79.605,5207.925,-108.189,26.237,71.09,69.202,23.487,22.712,62
33.698,56.008,104.791,-126.43,93.479,3606.959,-179.196,107.177,89.103,78.711,27.992,101.286,61
39.744,49.565,90.751,-45.275,78.781,961.774,-49.353,144.655,74.426,67.753,25.513,110.16,48
12.894,18.108,45.987,-18.748,39.328,284.017,-66.782,160.567,42.125,32.235,23.113,125.813,11
103.403,26.917,63.407,-80.006,54.216,4423.095,-111.053,49.258,61.845,43.245,27.325,43.481,58
15.562,18.262,112.911,-130.114,83.944,3999.953,-205.087,97.24,89.363,57.457,23.25,94.156,15
7.666,18.75,38.735,-5.404,31.296,100.021,-43.512,132.617,28.413,26.374,22.083,103.537,3
87.283,18.784,72.122,-96.357,58.086,4999.952,-138.373,53.401,67.531,42.231,23.368,48.487,17
87.677,24.584,55.655,95.653,45.986,4829.648,-136.308,-66.566,42.727,37.775,23.12,-61.969,62
43.45,18.858,43.176,-42.916,35.664,999.987,-43.511,132.618,39.118,29.607,23.177,103.02,5
3.692,22.738,124.344,-130.772,91.785,3499.965,-221.836,114.45,92.601,63.636,23.087,111.807,23
76.688,40.886,75.771,-103.641,68.92,4097.382,-132.95,71.597,75.436,58.426,26.38,65.014,74
44.491,24.805,63.273,-120.178,51.005,5156.439,-185.426,68.272,52.087,38.051,23.172,68.8,62
80.208,18.545,69.051,-102.002,54.119,4945.824,-146.56,58.298,57.524,39.382,21.843,53.433,10
119.422,18.504,26.46,-0.76,28.0,2499.972,-2.002,1.098,37.224,24.832,25.877,-0.848,9
64.386,28.763,83.597,-21.277,64.176,1371.457,-12.4,49.81,70.592,50.904,26.398,35.522,61
96.727,18.196,26.363,-0.788,26.385,1999.982,-2.002,1.097,38.741,24.043,23.812,-0.303,4
37.124,49.79,53.858,-8.375,52.609,767.726,-4.629,28.429,59.058,51.008,26.267,18.899,48
12.585,88.631,119.528,26.326,101.456,533.784,-64.669,-177.753,70.196,91.341,26.384,-140.656,60
10.004,18.683,73.812,-11.682,52.82,149.984,-99.215,216.051,27.027,39.452,19.859,181.613,30
43.856,30.676,27.101,7.745,26.369,946.92,-3.289,-22.407,27.746,25.578,24.386,-16.608,57
19.591,54.946,114.634,-33.472,92.622,499.958,-99.211,216.051,74.685,78.653,24.75,175.0,41
28.322,19.308,104.786,-127.971,78.884,4749.954,-191.936,77.817,85.241,53.867,22.486,75.237,31
15.882,19.26,112.89,-130.087,83.902,3999.95,-204.701,97.061,88.683,57.474,23.882,94.142,15
72.198,49.932,85.238,-110.405,72.122,2015.967,-71.108,180.17,67.902,63.622,26.355,142.319,49
130.431,19.165,49.686,-6.172,43.049,4999.949,-97.404,0.676,52.479,33.509,24.901,-0.58,17
46.827,52.546,81.869,60.645,70.661,1371.575,-46.394,-143.454,71.646,62.727,23.375,-110.867,80
20.163,20.477,114.794,-129.339,84.802,5499.948,-198.405,66.335,93.125,56.643,20.196,64.262,24
37.778,31.182,71.772,3.603,65.039,825.207,-2.733,-10.512,67.22,54.162,24.123,-8.234,71
129.736,56.105,95.361,18.93,84.801,4698.624,-83.894,-14.814,78.967,72.122,28.01,-13.49,58
8.146,18.503,63.982,-7.598,45.986,99.952,-79.94,188.412,38.306,37.012,23.028,155.111,18
131.708,23.213,35.986,-2.956,35.455,3499.961,-45.891,1.173,42.422,31.298,23.623,-0.539,23
8.143,18.607,63.962,-7.61,45.986,100.015,-79.941,188.412,38.294,37.069,23.452,155.069,18
13.667,18.202,39.443,-11.623,31.906,250.012,-43.512,132.618,31.802,26.472,23.408,103.714,13
46.38,28.158,60.855,-110.251,44.831,1723.064,-125.376,224.144,36.904,35.795,25.7,187.506,76
31.293,44.088,63.573,26.193,58.948,830.363,-26.7,-96.297,66.512,53.337,26.465,-72.161,56
41.188,27.611,31.425,32.249,28.88,1034.222,-26.547,-95.928,27.439,27.304,25.588,-71.869,69
26.975,34.617,80.608,53.147,67.256,980.987,-71.657,-188.944,63.285,55.681,24.873,-150.739,55
24.494,18.489,21.529,0.274,20.165,499.984,-2.0,1.097,37.732,19.851,25.514,-0.065,4
60.183,44.709,67.217,64.452,60.684,1615.498,-36.282,-125.273,64.824,54.113,26.927,-95.178,56
1.763,18.389,124.334,-130.886,90.086,3499.97,-227.516,115.635,81.785,60.704,19.939,113.396,26
18.988,30.181,103.553,-129.44,88.35,3931.724,-200.903,98.255,89.312,67.823,26.386,98.137,59
93.599,18.746,50.949,-92.463,44.388,2249.97,-40.131,126.157,57.642,34.571,25.755,95.561,27
51.31,90.937,113.07,-120.382,98.419,3368.0,-151.447,108.887,82.665,92.567,27.113,99.423,61
48.997,18.591,23.508,13.643,23.169,1064.996,-4.251,-34.263,30.607,21.395,22.772,-25.418,10
24.94,18.97,28.802,-12.826,26.383,499.977,-15.494,70.796,53.049,23.855,25.627,51.514,6
4.192,18.351,19.505,1.437,18.68,100.032,-2.001,1.099,24.368,18.821,22.931,0.444,18
8.149,18.488,64.038,-7.61,45.986,100.003,-79.941,188.412,37.847,37.082,22.579,155.083,18
93.11,49.936,65.725,-27.13,63.361,1999.982,-6.369,36.937,65.461,58.148,25.826,25.0,42
49.976,70.286,99.457,-121.153,88.814,3542.921,-157.036,102.762,84.483,79.833,27.388,94.635,56
89.39,18.584,63.161,-95.743,52.788,3999.956,-117.531,67.133,69.858,39.39,22.386,59.387,31
6.445,64.799,64.024,1.321,62.702,149.947,-2.001,1.1,60.512,62.765,26.384,0.423,20
12.108,18.414,19.839,0.843,19.374,250.003,-2.001,1.099,27.181,19.116,23.156,0.136,13
125.102,65.054,100.322,-40.157,90.152,5249.937,-99.066,18.375,92.816,78.73,29.14,14.941,20
119.573,18.656,26.385,-0.677,27.112,2499.971,-2.001,1.096,35.536,24.797,26.179,-0.845,9
44.58,18.631,22.402,-5.723,21.878,899.983,-2.979,15.774,30.642,19.851,19.851,10.923,36
83.471,18.453,78.883,-98.251,60.659,5749.939,-151.367,46.745,64.355,42.767,24.482,43.325,20
29.269,41.466,65.678,-76.155,56.964,1053.272,-138.262,263.567,48.822,50.949,23.886,217.621,72
131.993,18.639,29.598,-2.105,30.003,2999.968,-17.178,1.344,40.545,26.198,23.805,-0.594,14
13.704,18.533,38.945,-11.586,31.361,250.007,-43.512,132.618,26.183,26.383,23.137,103.834,13
54.336,33.076,53.74,-96.093,45.966,1599.826,-91.646,205.192,41.057,39.452,23.174,165.2,71
8.141,18.483,63.98,-7.609,45.986,100.023,-79.941,188.412,38.393,37.1,22.411,155.097,18
54.263,39.27,90.36,118.593,76.518,2931.72,-129.45,-136.919,72.25,60.819,27.415,-121.707,61
128.525,19.074,67.197,-8.92,56.75,5999.936,-114.138,0.294,75.832,40.715,26.38,-0.439,19
91.319,18.461,42.131,-44.509,38.621,1959.986,-13.557,64.153,47.048,32.189,22.255,46.417,30
87.401,18.653,72.124,-96.551,58.547,4999.944,-137.884,53.531,68.761,42.24,24.485,48.375,6
68.67,49.82,60.358,-37.224,57.932,1499.996,-15.499,70.795,60.508,54.154,25.31,50.0,42
4.018,19.154,42.745,-0.513,36.771,60.002,-2.982,15.774,28.398,32.575,19.585,10.889,36
10.778,42.637,65.452,2.85,52.815,224.953,-3.327,-0.858,53.066,43.483,25.91,-1.633,70
63.726,18.668,35.901,-63.906,29.834,1499.998,-43.514,132.617,28.036,25.056,19.851,103.703,8
49.452,49.675,104.791,-67.883,89.143,1296.803,-61.682,166.309,76.292,72.136,25.317,129.025,48
84.591,91.151,119.896,-82.654,109.166,2121.599,-37.97,118.482,91.08,100.063,28.951,88.454,58
119.598,18.683,26.389,-0.747,27.687,2499.975,-2.001,1.096,35.794,24.819,26.315,-0.836,9
70.537,19.284,36.241,-107.14,26.91,5999.949,-172.38,51.129,30.255,19.85,21.64,48.228,19
57.749,49.857,104.791,120.665,89.088,2125.769,-83.472,-199.317,77.496,72.117,25.855,-161.511,49
72.269,35.798,85.497,-109.89,68.909,2473.624,-99.799,139.771,51.123,55.823,25.748,117.719,58
122.595,70.53,80.21,-47.453,75.994,3999.959,-73.703,31.257,62.655,72.089,24.848,25.0,42
12.054,18.293,19.832,0.763,19.246,249.996,-2.0,1.098,26.192,19.126,22.926,0.103,13
126.888,61.222,89.063,19.692,79.477,2877.247,-8.699,-20.512,68.183,70.669,23.311,-15.377,62
49.808,18.679,22.568,-0.275,22.469,999.986,-2.001,1.097,32.76,19.852,22.893,0.12,5
130.856,49.861,63.668,-13.631,61.076,3982.658,-63.047,7.161,62.601,56.127,26.385,4.933,58
44.439,18.843,24.537,-5.715,23.555,899.987,-2.979,15.773,35.659,22.122,19.851,10.792,36
61.605,49.795,62.277,-21.232,59.879,1314.388,-7.779,43.412,68.416,56.068,25.178,29.653,48
58.643,52.638,96.757,117.157,83.235,3488.739,-135.531,-112.932,75.517,70.625,24.812,-102.156,54
68.477,19.356,59.332,112.983,45.986,2499.967,-91.378,-149.466,50.234,36.245,25.584,-127.908,6
83.365,18.377,46.853,-84.97,39.452,1999.983,-43.513,132.617,41.807,32.081,24.54,101.834,4
4.127,23.114,124.186,-130.671,91.826,3499.961,-220.702,114.132,94.616,63.86,23.316,111.368,23
24.489,35.798,86.907,-127.674,68.917,1944.738,-201.581,232.054,53.138,55.848,26.106,212.227,58
68.64,49.884,60.751,-37.294,58.284,1499.984,-15.499,70.794,60.722,54.257,25.215,50.0,42
131.287,19.334,42.764,-5.184,38.577,4499.954,-84.779,1.038,43.886,31.306,22.687,-0.593,21
71.386,62.447,97.052,-107.226,85.924,4272.37,-140.585,72.302,80.029,74.958,26.377,66.39,76
25.24,19.769,104.922,-128.814,75.427,2249.992,-199.607,193.09,51.019,52.571,19.851,181.925,32
86.466,49.214,95.508,-98.125,80.998,4999.946,-134.188,53.969,84.356,65.76,25.613,47.779,6
40.461,81.279,102.484,-124.624,85.543,2323.305,-159.397,178.361,67.718,78.673,27.164,160.663,58
129.044,91.075,104.791,-8.374,97.952,5499.953,-100.259,0.412,83.154,92.192,25.208,0.0,44
52.537,30.721,86.313,-86.503,70.543,1499.983,-79.938,188.412,71.029,55.861,23.329,150.0,41
107.802,35.798,73.617,-48.212,62.135,4900.02,-117.302,27.125,54.09,50.945,25.622,24.528,78
118.568,28.121,71.44,-52.845,57.354,4965.096,-109.129,27.601,47.093,44.116,24.879,23.803,63
20.628,90.407,104.791,-18.731,100.366,442.505,-39.695,124.679,84.577,95.107,25.058,93.368,73
90.895,39.445,78.706,92.047,67.271,4920.212,-128.336,-62.198,71.598,55.835,27.296,-57.473,53
24.406,19.329,117.135,-128.048,89.164,5849.934,-190.821,59.53,106.804,59.198,26.031,57.802,27
128.496,18.869,65.029,-8.841,54.203,5999.935,-115.29,0.316,69.774,39.449,25.593,-0.469,19
93.002,30.311,73.791,-92.328,61.709,2651.884,-67.569,104.64,52.697,49.711,24.972,83.826,79
8.115,18.65,50.552,-7.549,36.214,99.965,-79.94,188.412,25.122,28.717,23.735,155.593,18
57.562,32.257,104.971,-30.232,95.172,1251.647,-14.362,67.056,73.528,77.236,25.915,47.19,57
124.281,18.799,48.342,-42.919,42.986,4499.957,-91.041,24.531,56.701,33.612,24.854,20.078,20
7.677,18.968,38.583,-5.4,30.721,99.987,-43.512,132.618,26.998,26.375,21.77,103.517,3
24.993,18.068,28.254,-12.784,26.217,499.986,-15.494,70.796,50.566,23.476,25.761,51.611,6
130.202,19.334,62.807,-6.348,53.277,4999.947,-95.233,0.632,66.494,39.452,24.282,-0.541,17
89.759,70.001,116.464,-94.089,98.253,5324.025,-132.16,47.333,92.687,83.601,26.39,43.872,66
86.994,19.187,41.811,-99.197,34.629,2499.977,-75.397,123.567,31.539,28.05,23.345,101.135,9
127.77,62.457,98.237,14.807,85.581,5584.787,-103.734,-11.639,80.869,72.127,26.344,-10.828,76
5.098,19.15,121.166,-130.664,89.499,3499.961,-219.573,113.731,93.993,60.566,23.172,111.249,26
10.616,19.689,135.609,-15.687,90.738,149.997,-166.064,301.707,29.723,61.422,19.851,259.028,29
56.669,19.576,101.731,-116.915,78.779,5999.933,-167.974,52.431,95.996,53.291,25.702,49.476,19
119.425,18.541,27.203,-0.842,28.061,2499.971,-2.001,1.098,37.617,25.203,25.727,-0.83,9
122.717,49.878,51.156,-46.873,50.069,3999.278,-77.302,31.109,48.938,49.321,23.848,25.0,44
8.135,18.457,64.002,-7.612,45.986,100.03,-79.94,188.412,38.481,37.119,23.18,155.075,18
4.021,19.308,20.165,-0.525,19.851,59.987,-2.98,15.774,26.963,19.746,19.385,10.976,36
119.416,19.064,63.74,-51.946,52.668,5649.946,-119.117,22.698,64.532,38.682,22.244,20.025,31
33.504,25.076,64.699,59.607,50.955,1119.571,-68.666,-185.231,39.962,39.452,22.974,-147.206,62
8.158,18.521,63.783,-7.611,45.986,100.045,-79.941,188.412,36.921,36.999,23.152,155.102,18
27.481,18.887,104.791,-128.054,79.702,4499.958,-191.024,82.556,90.07,54.919,22.523,79.284,21
23.671,91.143,75.994,-0.022,78.578,499.986,-1.998,1.098,56.647,80.303,24.15,0.0,44
61.858,85.338,124.384,-104.389,104.791,1842.436,-81.733,190.11,70.32,96.353,26.165,151.737,57
118.563,50.039,78.924,-54.093,68.909,5363.66,-113.863,25.679,60.6,58.981,25.048,22.397,49
9.447,19.709,122.793,-130.123,91.856,5499.956,-203.316,65.702,108.639,60.701,22.079,64.135,24
73.493,18.227,23.717,-0.238,23.723,1499.983,-1.999,1.097,31.212,21.847,23.748,-0.021,8
30.9,90.959,104.75,31.581,98.257,889.881,-32.377,-112.948,88.291,94.81,24.754,-85.418,46
36.577,18.577,27.739,-18.662,25.357,749.989,-15.495,70.796,31.149,23.2,22.226,52.061,27
130.247,18.141,51.081,-6.132,44.657,4999.946,-97.242,0.592,56.898,34.09,24.717,-0.725,17
85.545,86.072,114.169,-98.584,101.719,4999.963,-132.144,54.302,88.98,92.467,25.396,50.0,45
5.613,18.614,134.053,-131.021,94.424,2459.981,-235.346,176.002,73.59,64.229,23.187,171.181,29
117.633,27.683,65.569,-55.721,54.165,5366.191,-117.815,26.744,49.205,42.771,25.703,23.474,67
67.958,73.677,95.463,-107.789,85.122,5494.288,-159.216,55.621,71.709,79.474,22.236,53.453,71
48.222,67.148,67.199,-0.778,65.831,999.997,-2.003,1.099,67.943,65.588,24.247,0.0,45
87.785,34.57,78.737,-67.966,64.485,1999.992,-28.707,102.574,42.939,52.629,22.476,75.0,43
42.488,26.478,61.954,123.907,52.851,4257.643,-174.389,-101.78,57.792,42.781,24.76,-96.604,73
86.741,18.651,65.842,-11.43,56.12,1799.984,-2.979,15.774,47.105,44.953,20.034,10.857,36
23.646,18.877,39.452,-22.012,32.522,500.007,-43.511,132.618,33.952,27.324,23.145,103.313,7
131.805,18.945,49.274,-4.097,45.663,3999.957,-63.903,1.093,69.387,36.2,24.836,-0.509,15
12.174,18.479,19.851,0.831,19.848,250.013,-2.001,1.096,29.259,19.602,22.513,0.161,13
119.217,62.422,52.352,-53.201,49.706,3668.266,-69.027,40.222,48.736,51.189,24.827,32.071,72
13.67,18.541,39.418,-11.628,31.791,250.001,-43.512,132.618,31.726,26.416,22.602,103.695,13
61.758,49.802,72.076,-64.369,65.324,1499.984,-43.51,132.618,60.302,58.77,25.307,100.0,42
89.839,75.427,103.57,-96.018,95.054,3379.439,-93.94,81.384,90.597,86.066,27.126,69.088,56
122.454,38.438,58.147,-47.583,54.308,3999.96,-75.888,31.167,61.387,46.561,25.681,25.0,44
55.432,89.468,111.31,-10.389,101.584,1220.147,-5.485,14.158,81.176,93.919,24.794,8.946,75
63.231,53.864,83.491,-109.7,72.013,5107.365,-164.272,62.112,62.467,63.935,26.383,59.529,68
115.549,29.738,45.969,-60.527,43.589,2499.976,-15.398,70.6,39.313,38.675,26.054,50.0,42
73.506,18.262,23.959,-0.356,23.954,1499.989,-2.002,1.098,32.454,22.148,23.363,0.037,8
4.214,18.572,19.459,1.469,18.623,99.994,-2.0,1.1,23.107,18.719,21.072,0.226,2
86.206,18.097,52.552,-99.713,42.782,2499.975,-75.598,123.461,41.789,33.414,23.777,100.761,9
99.581,18.941,77.008,-81.855,61.221,5969.942,-138.716,35.724,72.061,43.285,23.247,32.742,29
30.929,18.59,42.454,-27.103,35.424,674.99,-39.04,120.304,35.828,29.836,21.381,93.162,30
62.02,28.625,53.892,-63.832,48.378,1491.306,-42.075,130.31,62.975,41.241,26.385,97.997,56
8.147,18.501,63.948,-7.613,45.986,99.973,-79.941,188.411,38.113,37.012,22.473,155.073,18
48.947,18.841,23.934,13.658,23.35,1064.986,-4.251,-34.264,32.42,21.777,23.161,-25.398,10
79.199,27.074,66.461,60.596,59.722,1956.959,-22.71,-90.833,78.674,47.591,27.099,-67.702,74
127.82,39.637,88.564,-22.479,72.122,4731.912,-88.642,10.214,70.24,58.629,27.075,7.946,53
15.578,18.826,95.543,-2.124,75.175,300.005,-2.98,15.773,33.011,56.101,19.744,10.718,36
6.468,64.493,62.998,1.405,62.233,149.946,-2.001,1.099,59.003,62.284,26.518,0.432,20
31.008,18.659,58.891,-40.865,45.288,749.988,-65.979,172.999,46.736,35.565,23.558,139.128,16
119.14,27.093,86.103,-50.902,71.924,5786.274,-116.91,20.738,82.776,53.566,29.274,18.206,58
79.334,18.814,31.314,-38.415,29.664,1694.984,-13.557,64.154,43.189,25.723,22.373,46.639,29
24.839,19.661,110.178,-128.386,80.624,5499.957,-196.65,66.385,84.357,53.873,19.851,64.144,24
58.953,19.399,98.808,-115.011,75.801,5999.942,-168.229,52.187,87.783,51.841,24.48,49.03,19
19.61,52.592,112.778,-33.509,92.52,500.012,-99.213,216.05,74.649,78.42,24.109,175.0,41
31.516,19.181,80.271,-127.527,62.436,4229.955,-190.037,89.25,73.554,44.159,22.346,85.866,29
4.179,18.368,19.56,1.45,18.756,100.009,-2.002,1.097,24.391,18.732,22.496,0.442,18
100.212,49.705,75.418,-82.321,68.918,3055.858,-71.348,78.06,68.355,61.996,27.503,63.708,53
13.709,18.171,38.982,-11.58,31.395,250.019,-43.513,132.618,26.621,26.384,23.169,103.831,13
94.778,64.985,68.754,-82.75,65.059,2249.976,-35.475,114.44,47.3,63.116,25.423,84.874,20
31.655,18.924,102.383,-127.207,76.261,4749.955,-190.219,77.912,77.953,52.573,21.426,75.062,31
24.464,19.084,99.648,-128.209,73.991,5749.949,-197.368,62.493,83.848,49.666,22.774,60.893,27
128.918,28.842,68.774,18.713,57.477,3495.867,-46.142,-17.399,64.03,45.986,26.399,-14.645,53
62.19,68.081,95.476,64.272,80.422,1674.68,-36.024,-122.038,58.431,72.121,23.946,-92.847,75
23.484,19.73,133.918,-128.73,97.447,5084.958,-196.794,72.007,88.052,65.433,22.13,70.299,29
57.492,19.105,101.491,-116.191,78.707,5999.942,-167.789,52.33,94.58,53.018,24.784,49.18,19
87.099,49.747,95.224,-97.428,80.304,4999.944,-134.542,53.92,83.129,65.594,23.878,47.856,6
68.46,61.707,101.811,108.212,85.803,2174.963,-62.084,-166.387,75.265,74.812,27.814,-131.605,53
4.105,18.3,19.729,1.431,19.161,100.009,-2.001,1.097,28.742,19.065,23.136,0.475,18
125.237,78.644,104.791,38.531,95.69,4594.332,-83.575,-27.763,83.98,86.829,26.326,-24.631,65
4.185,18.402,19.621,1.459,19.094,100.017,-2.002,1.098,27.113,19.091,22.569,0.463,18
52.846,18.583,44.005,-35.846,38.41,1149.985,-23.014,90.021,50.77,31.522,23.808,67.084,27
69.411,18.748,66.252,-111.712,53.003,2999.972,-124.343,113.231,58.252,39.452,23.04,99.916,14
28.88,18.868,124.465,-127.696,92.51,4629.957,-192.463,80.294,79.552,64.058,21.88,77.53,29
37.047,18.174,21.481,-0.08,19.88,749.988,-2.0,1.097,29.296,19.851,23.501,0.186,16
2.098,54.746,69.993,12.261,64.003,243.708,-81.802,-202.936,60.187,59.782,26.381,-163.681,68
83.128,18.403,49.707,-85.31,42.035,1999.98,-43.514,132.617,47.024,33.249,23.463,101.82,12
13.664,18.758,39.437,-11.622,31.966,249.974,-43.512,132.619,31.813,26.453,23.323,103.685,13
4.101,18.688,19.85,1.519,19.546,100.041,-2.001,1.1,32.444,19.316,22.507,0.237,2
51.081,17.272,89.192,-121.125,70.547,3299.968,-153.724,109.099,86.094,50.446,27.536,100.255,20
102.01,28.733,76.338,-7.295,63.13,2182.433,-3.461,8.396,69.929,50.912,26.41,4.937,61
126.873,81.484,87.667,-12.857,86.053,2768.631,-3.027,12.11,81.74,83.604,28.701,7.582,58
27.607,91.376,114.25,-20.912,104.791,611.934,-24.297,90.335,88.844,97.466,25.985,65.579,66
128.126,49.786,64.422,-29.631,61.593,3613.14,-51.561,20.6,62.919,56.446,26.387,15.514,58
87.433,30.224,54.59,-68.664,49.759,1999.983,-28.708,102.574,52.507,42.84,25.251,75.0,44
86.068,18.02,52.515,-99.876,42.887,2499.977,-75.692,123.435,43.285,33.561,24.002,100.748,9
119.637,18.185,26.392,-0.647,27.889,2499.971,-2.0,1.097,35.906,24.8,26.328,-0.798,9
56.463,19.323,102.121,-117.263,78.904,5999.939,-168.162,52.554,96.247,53.335,25.525,49.554,19
97.165,18.315,25.181,-0.579,25.695,1999.981,-2.001,1.097,32.712,23.344,23.507,-0.103,12
24.525,18.502,21.454,0.256,19.934,499.984,-1.999,1.097,37.553,19.851,26.024,-0.071,4
123.224,62.237,99.522,36.457,85.593,4896.611,-94.154,-25.404,78.279,73.957,26.338,-23.065,76
12.099,18.493,19.719,0.817,19.108,249.986,-2.001,1.096,23.881,18.978,22.833,0.091,13
96.892,18.114,26.138,-0.597,26.385,1999.981,-2.001,1.097,36.611,23.982,23.197,-0.138,12
28.847,26.796,74.896,-31.873,59.596,660.076,-50.261,146.033,67.36,45.986,27.652,111.394,58
88.652,81.456,95.397,-16.929,91.721,1932.69,-3.866,22.704,85.601,86.908,28.834,14.869,58
131.797,18.085,37.304,-3.854,35.07,3999.955,-67.994,1.102,42.684,28.879,24.867,-0.592,15
72.477,18.392,42.77,110.328,35.332,2360.625,-75.708,-153.625,44.213,27.929,22.326,-128.717,10
131.779,18.684,35.2,-3.153,34.692,3499.963,-44.937,1.17,51.075,29.092,23.249,-0.546,26
83.145,19.235,49.553,-85.263,41.9,1999.978,-43.512,132.617,46.426,33.57,23.175,101.828,12
95.292,86.072,115.564,80.276,101.341,5587.262,-130.596,-50.286,79.452,91.135,26.387,-46.97,74
111.244,86.088,88.657,-60.54,86.083,2499.985,-15.407,70.613,68.533,84.516,24.887,50.0,45
89.095,64.27,80.458,-89.792,72.013,5308.857,-140.078,46.685,64.745,67.185,24.213,44.043,71
38.928,49.571,83.594,44.523,72.122,1101.373,-37.806,-128.374,73.186,64.059,27.312,-97.784,56
6.171,18.723,120.451,-130.419,89.263,3499.962,-217.634,113.255,95.149,60.668,23.383,110.573,26
13.712,18.178,35.916,-11.53,28.473,250.009,-43.513,132.618,22.896,24.84,23.206,103.737,13
94.895,65.809,63.684,-82.632,61.201,2249.976,-35.475,114.442,45.671,60.719,25.224,84.954,20
57.104,19.07,101.58,-116.756,78.711,5999.934,-167.846,52.492,95.569,53.196,25.919,49.404,19
51.992,49.973,87.822,98.376,70.846,1784.073,-74.32,-191.376,66.795,61.538,25.592,-153.248,66
127.603,88.311,104.649,-25.513,93.87,4892.325,-89.417,11.516,75.095,87.744,26.156,9.114,79
71.368,19.171,34.334,-24.483,32.55,1499.987,-7.817,43.903,55.351,28.005,22.78,30.961,10
51.198,18.326,52.946,-59.281,43.287,1249.99,-50.733,146.703,58.847,34.439,24.696,114.821,20
119.065,19.364,63.801,-52.291,52.571,5749.954,-122.098,22.52,58.563,37.931,19.923,19.849,29
8.144,18.348,63.997,-7.608,45.986,99.991,-79.94,188.412,38.439,37.012,22.951,155.075,18
24.691,19.156,39.419,-12.995,35.32,500.014,-15.498,70.796,66.608,30.18,25.74,51.061,6
82.528,91.505,119.559,-100.996,104.101,4925.815,-136.228,57.487,77.31,96.655,26.385,53.261,60
70.763,80.454,104.209,110.179,91.78,4143.058,-131.501,-88.882,81.437,83.988,26.701,-80.979,51
122.375,38.404,58.496,-47.712,54.806,3999.967,-75.777,31.157,62.305,46.956,24.806,25.0,44
34.222,19.321,98.188,-126.435,72.122,4749.961,-189.47,77.891,69.417,50.13,21.636,75.023,31
40.014,34.494,70.454,86.013,60.586,1480.944,-83.434,-205.963,66.298,50.404,25.779,-166.344,55
52.686,40.909,83.687,30.886,72.199,1271.921,-15.138,-69.193,76.929,62.001,26.356,-50.982,74
131.134,66.225,92.312,8.84,86.157,4341.401,-70.672,-8.495,85.788,78.707,29.436,-7.963,58
38.021,65.031,83.612,-19.454,77.073,821.588,-11.789,57.434,66.992,71.08,26.384,42.79,20
87.21,19.09,72.152,-96.299,58.304,4999.95,-138.364,53.399,68.619,41.925,24.05,48.601,17
38.237,79.694,84.829,-122.436,79.454,4171.088,-182.119,88.935,66.476,77.068,27.072,88.385,74
103.748,34.674,91.43,-55.284,72.316,2379.784,-20.597,67.413,68.916,56.193,23.314,50.001,43
44.562,18.741,22.703,-5.692,22.303,899.995,-2.98,15.775,31.269,19.851,19.851,10.903,36
49.959,18.81,22.198,-0.326,22.03,999.991,-2.001,1.098,29.993,19.851,23.325,0.179,5
100.164,77.701,95.186,84.748,86.828,4454.428,-108.149,-62.394,69.382,81.249,26.382,-55.919,57
83.153,18.687,49.578,-85.246,41.986,1999.979,-43.511,132.618,46.599,33.4,23.217,101.835,12
16.208,19.291,113.036,-129.924,84.671,3999.957,-203.092,96.411,93.668,57.71,24.88,93.405,15
67.49,65.25,100.021,-109.174,90.182,2346.206,-97.707,146.872,74.908,80.277,26.441,123.642,68
6.518,64.851,63.983,1.36,62.687,149.929,-2.0,1.1,60.302,62.694,26.383,0.441,20
50.863,50.29,89.816,120.266,75.3,2948.284,-135.373,-140.5,63.182,62.684,25.202,-125.399,64
4.353,29.575,84.741,-0.222,69.678,79.294,-2.087,1.103,65.911,53.21,26.385,0.003,68
87.951,18.42,71.984,-95.744,57.481,4999.939,-138.455,53.385,64.795,41.185,22.691,48.281,6
131.808,18.738,32.308,-2.995,31.823,3499.964,-46.424,1.172,39.694,26.39,23.61,-0.536,26
8.942,18.065,124.814,-8.864,81.71,60.004,-166.065,301.704,25.703,54.497,19.461,259.766,36
96.219,18.891,28.931,-0.971,29.49,1999.98,-2.002,1.097,50.117,25.812,23.765,-0.277,4
93.809,18.513,38.932,-91.958,32.997,3499.972,-105.341,77.127,30.344,26.378,21.469,67.022,20
-0.482,27.291,80.484,17.847,60.703,294.736,-132.546,-267.522,75.128,45.986,26.433,-223.461,74
2.417,18.744,42.741,0.083,35.492,27.432,-10.348,32.964,41.646,29.303,23.02,18.926,11
49.964,19.174,22.325,-0.331,21.974,999.996,-2.001,1.098,29.733,19.851,23.314,0.176,5
31.149,18.328,58.117,-40.736,44.541,749.993,-65.981,173.0,41.747,35.178,24.748,139.292,16
95.612,69.511,99.755,-88.773,90.184,4728.775,-119.07,51.137,86.294,80.193,28.051,46.113,57
5.782,18.807,134.047,-131.057,94.686,2459.974,-235.113,176.034,73.591,64.149,23.175,171.162,29
61.522,49.809,65.644,-21.327,63.446,1314.382,-7.777,43.411,69.879,58.279,26.102,29.653,48
8.163,18.395,63.78,-7.615,45.986,99.988,-79.939,188.413,36.312,37.021,23.085,155.125,18
90.341,61.186,93.181,90.709,82.411,4834.609,-124.972,-62.3,79.239,72.013,27.97,-57.358,53
4.707,18.343,31.671,-1.812,27.633,50.018,-15.496,70.795,34.85,24.906,21.193,52.5,30
31.35,18.551,29.998,-40.321,23.499,749.989,-65.98,173.0,24.73,19.851,24.695,140.207,16
43.491,19.204,42.761,-43.073,34.624,999.996,-43.513,132.617,35.757,29.019,21.973,103.151,5
36.57,18.195,50.845,-18.666,42.834,749.999,-15.496,70.795,31.088,35.646,21.843,51.989,27
72.95,18.606,33.662,-109.499,26.769,2999.968,-123.576,113.324,26.599,22.778,20.574,100.486,14
82.052,61.222,90.311,-101.925,79.476,2478.885,-76.364,127.341,67.248,70.9,24.816,103.55,73
11.517,20.567,94.427,-130.672,65.572,3499.967,-222.115,118.952,44.49,45.638,21.624,116.016,23
28.821,18.639,103.809,-128.075,78.092,4499.967,-191.699,83.272,81.99,53.05,20.755,79.799,21
5.232,58.119,91.239,16.252,81.745,328.213,-73.18,-190.802,83.614,71.827,26.384,-152.486,65
13.678,18.784,39.398,-11.641,31.827,249.992,-43.512,132.618,31.542,26.464,23.213,103.667,13
4.11,18.44,19.85,1.506,19.572,99.99,-2.001,1.098,33.259,19.167,22.5,0.248,2
126.918,81.487,88.528,34.087,86.012,3384.815,-37.67,-30.133,79.97,83.17,28.926,-24.165,58
4.696,18.343,24.831,-1.809,22.324,49.966,-15.495,70.795,29.016,19.851,21.441,52.514,30
4.168,18.48,19.733,1.47,19.103,100.02,-2.001,1.1,28.028,19.043,23.118,0.489,18
106.241,43.953,71.701,-70.338,64.816,2833.376,-50.242,75.286,64.638,56.533,25.121,58.789,63
61.784,65.246,86.061,9.739,80.913,1361.338,-3.865,-11.679,81.27,74.655,25.921,-9.17,69
97.187,19.018,25.047,-0.495,25.675,1999.979,-2.0,1.098,32.744,23.344,23.353,-0.086,12
42.322,42.464,83.595,69.43,72.122,1366.408,-61.336,-171.296,73.904,62.847,26.385,-135.033,54
3.693,22.72,124.391,-130.676,91.813,3499.961,-222.005,114.512,92.219,63.609,23.192,111.748,23
104.968,49.955,83.881,-72.692,74.75,2493.853,-29.979,86.462,68.113,64.402,25.135,63.887,64
13.687,19.069,39.292,-11.597,31.572,249.992,-43.512,132.618,28.744,26.409,22.982,103.733,13
69.515,68.057,92.851,53.662,81.126,1746.261,-24.844,-94.094,58.848,72.122,23.996,-70.388,75
44.473,18.523,23.292,-5.692,23.16,899.995,-2.98,15.773,34.397,21.441,19.851,10.783,36
95.609,18.523,49.841,-90.232,42.77,3403.968,-96.6,76.258,48.747,33.444,21.952,65.137,32
122.546,91.051,114.035,-50.145,104.791,2822.309,-14.348,49.659,91.605,98.257,24.483,36.308,46
4.769,18.993,131.18,-130.919,94.981,2703.97,-230.603,155.655,83.773,64.481,23.622,151.703,32
60.84,91.179,124.904,-116.496,110.925,2958.397,-127.353,120.4,90.545,100.322,29.089,106.434,58
27.878,19.271,104.778,-127.944,79.007,4499.961,-191.396,82.966,87.809,54.159,21.11,79.453,21
47.784,18.822,84.36,-121.274,64.015,5119.954,-177.737,67.64,70.378,44.337,23.193,64.583,31
71.647,33.278,39.406,66.325,37.081,1819.16,-33.039,-114.845,31.97,35.412,23.162,-86.931,71
44.581,18.463,22.435,-5.728,22.132,899.994,-2.98,15.774,30.651,19.851,19.851,10.928,36
8.141,18.307,63.98,-7.615,45.986,100.017,-79.94,188.412,38.255,37.106,22.457,155.096,18
56.706,80.9,67.129,50.341,65.584,1487.104,-30.468,-105.989,62.444,67.756,25.858,-80.005,55
29.444,18.777,103.201,-71.262,70.765,994.988,-131.78,253.598,45.812,50.88,21.696,215.845,30
24.637,28.305,57.077,128.582,49.482,3578.566,-192.69,-128.859,49.112,41.109,24.847,-123.413,63
112.413,66.14,71.578,-29.456,66.935,2425.944,-6.335,33.586,61.46,63.657,25.8,22.759,76
119.347,18.927,63.428,-51.837,52.587,5649.942,-119.305,22.663,64.031,38.646,23.047,20.013,31
49.938,54.856,102.504,93.92,88.491,1709.432,-69.886,-188.807,83.146,75.396,28.006,-150.17,56
36.947,18.42,31.879,-0.179,29.638,750.001,-2.002,1.098,43.804,26.37,23.795,0.213,16
24.435,18.83,21.848,0.252,21.153,499.998,-2.002,1.097,39.373,19.851,25.4,-0.073,4
29.659,19.051,96.775,-127.819,71.723,3842.965,-191.783,100.44,69.265,49.739,23.267,96.47,32
52.769,70.5,103.612,-52.915,93.491,1287.283,-39.985,124.913,86.431,83.538,28.084,93.658,53
129.602,39.689,70.476,-14.515,61.783,5119.872,-98.413,4.66,60.951,52.565,25.696,3.354,50
24.719,18.995,24.556,0.095,23.67,500.009,-2.002,1.097,48.37,22.359,25.353,0.042,4
21.702,55.432,123.025,1.018,101.049,476.698,-2.404,1.12,91.55,80.289,28.044,0.021,74
83.089,18.545,49.558,-85.354,41.976,1999.976,-43.511,132.618,47.566,33.303,23.441,101.832,12
91.766,56.105,72.122,-93.91,69.264,2539.279,-60.205,112.194,65.604,64.999,26.353,88.773,70
48.754,39.713,80.52,-119.371,69.752,3931.585,-168.103,90.932,69.458,57.533,26.682,85.731,53
124.211,19.134,31.114,-28.489,31.381,2599.972,-4.811,29.926,46.659,26.385,22.323,20.02,32
40.476,18.043,70.308,-124.057,49.002,5499.96,-192.746,66.309,42.321,31.705,19.357,63.739,24
43.098,53.895,113.345,-122.466,98.15,2757.136,-158.577,139.241,85.116,83.105,25.366,127.033,73
36.952,18.319,26.199,-0.075,25.4,749.987,-2.001,1.096,41.454,23.363,24.774,0.21,16
69.42,29.227,41.839,-37.585,39.452,1499.989,-15.497,70.795,54.061,35.946,24.912,50.0,45
73.748,70.463,111.229,108.375,93.452,2473.074,-71.081,-145.382,76.385,82.021,26.385,-117.73,60
50.722,40.939,82.133,-118.787,70.7,5506.835,-175.96,60.411,76.754,57.641,26.379,57.799,74
79.307,18.629,31.347,-38.381,29.711,1694.984,-13.558,64.154,43.805,25.884,22.307,46.592,29
27.954,19.071,104.695,-128.132,78.724,4749.955,-192.582,77.771,84.296,53.358,23.193,75.283,27
75.441,49.493,91.404,-100.815,79.134,1999.988,-58.721,161.582,72.204,67.282,25.606,125.0,42
122.952,42.627,75.983,-43.719,63.267,5308.512,-106.912,19.51,71.056,49.451,26.385,16.431,74
128.223,18.258,60.533,-8.594,49.355,5999.932,-118.552,0.225,52.799,36.215,23.277,-0.721,4
85.92,18.906,52.803,-100.003,43.63,2499.974,-75.625,123.447,45.473,34.387,24.053,100.648,9
96.945,18.204,25.587,-0.66,26.065,1999.977,-2.001,1.097,33.855,23.477,23.905,-0.282,4
46.157,18.631,92.367,-122.155,70.298,5119.956,-177.862,67.772,75.819,47.803,23.127,64.724,31
104.536,70.454,104.863,-79.33,95.051,2923.98,-52.408,78.921,86.998,82.384,28.207,61.45,53
93.709,65.014,82.248,-83.608,75.679,2249.975,-35.443,114.408,62.539,70.549,25.862,84.243,20
81.721,28.638,86.959,-101.987,70.044,4180.1,-129.166,68.38,71.237,52.639,26.384,62.184,66
18.54,34.526,120.385,-43.9,88.837,564.751,-144.293,271.38,58.039,67.218,23.115,225.0,43
109.773,19.08,32.405,10.356,26.375,2525.282,-21.047,-12.012,27.359,23.207,23.151,-4.689,11
123.91,19.127,64.992,-44.021,56.23,4499.959,-87.68,24.675,76.598,42.831,23.839,20.037,20
17.458,54.935,99.831,-129.582,80.398,2960.868,-207.151,139.286,74.561,68.727,27.906,133.852,74
45.501,77.765,116.481,123.337,97.594,2979.615,-143.304,-144.267,73.811,85.738,26.381,-130.048,66
96.334,85.959,97.573,89.436,92.501,3125.282,-64.885,-88.975,85.756,88.056,26.385,-72.569,56
25.254,34.634,30.461,16.775,29.286,630.292,-18.074,-80.897,28.232,30.25,24.679,-59.729,57
130.031,18.809,68.393,-8.497,59.097,5499.946,-102.335,0.763,86.559,43.549,23.98,-0.244,24
129.899,19.381,56.249,-8.222,46.768,5499.945,-107.668,0.693,58.761,36.19,23.218,-0.337,24
8.175,18.183,63.708,-7.622,45.986,99.986,-79.94,188.411,35.035,36.96,22.789,155.206,18
127.738,50.2,76.266,29.075,68.906,4897.008,-93.455,-20.695,65.804,59.86,25.307,-18.705,49
22.068,55.459,124.007,-129.342,98.252,3890.894,-196.57,100.047,85.192,78.708,28.01,98.751,74
62.894,49.87,68.615,-70.372,62.158,1553.975,-46.466,140.671,66.595,56.257,26.185,106.548,49
15.917,65.948,104.791,64.334,85.806,988.905,-121.873,-253.438,68.777,74.411,26.271,-210.851,51
25.657,61.286,80.716,128.082,66.365,3506.561,-184.96,-130.46,68.609,58.321,26.276,-124.358,63
13.679,18.26,39.426,-11.641,31.949,249.983,-43.512,132.618,31.599,26.468,23.162,103.68,13
114.886,49.846,98.574,-63.591,84.404,2801.832,-31.652,64.529,74.881,70.054,27.768,47.927,53
30.11,18.688,26.648,-3.927,25.626,599.988,-2.98,15.773,35.467,23.756,19.851,10.891,36
103.131,29.815,34.569,-81.669,33.278,2499.926,-41.654,99.16,34.703,31.329,23.77,74.997,44
75.143,18.882,52.519,-108.021,43.26,2569.97,-99.912,130.199,48.791,33.721,22.424,110.887,32
57.062,18.73,101.349,-116.582,78.712,5999.943,-167.846,52.415,95.539,53.21,26.112,49.279,19
12.082,18.379,19.827,0.764,19.315,249.997,-2.0,1.098,26.373,19.127,23.176,0.127,13
85.588,18.631,53.847,-100.279,45.099,2499.966,-75.717,123.379,49.761,35.359,25.175,100.499,9
8.143,18.561,63.956,-7.609,45.986,99.992,-79.939,188.413,38.377,37.076,23.33,155.08,18
95.414,18.584,63.27,-89.477,52.571,4499.946,-122.509,55.177,61.182,38.513,25.346,48.962,4
91.639,18.523,31.933,-44.334,30.419,1959.977,-13.558,64.153,41.157,26.335,22.119,46.609,30
131.629,49.927,63.843,-3.828,61.9,3191.164,-23.774,1.973,65.233,57.458,26.385,0.539,58
60.211,34.751,83.455,-115.65,65.66,3656.04,-149.321,94.343,61.954,52.57,24.425,86.661,55
4.981,19.137,121.522,-130.526,89.312,3499.967,-220.222,113.892,91.838,60.702,23.128,111.371,26
21.298,18.212,37.473,-2.881,33.737,419.995,-2.98,15.773,48.835,29.806,21.73,10.732,30
73.471,18.61,23.698,-0.293,23.761,1499.984,-2.001,1.098,31.808,22.289,23.339,0.001,8
121.196,39.285,87.256,-21.9,71.497,5238.741,-106.866,8.757,71.233,57.503,27.064,7.638,53
46.386,54.919,90.248,-40.3,76.332,1071.079,-34.43,111.508,68.286,65.588,26.385,82.625,68
21.316,24.348,71.116,-45.32,53.937,635.67,-121.231,240.208,69.385,42.741,26.372,197.996,52
40.828,74.741,64.694,-7.531,63.798,857.431,-4.049,22.295,62.823,64.379,25.802,14.63,55
23.642,54.88,72.177,-128.108,59.129,2477.957,-199.269,171.345,62.689,52.592,26.384,161.282,54
128.725,50.033,81.343,-1.156,69.564,3677.965,-53.316,-0.496,62.213,59.519,25.422,-1.271,66
36.088,61.224,95.045,126.636,81.932,2281.254,-142.296,-200.202,75.443,71.418,23.502,-176.55,62
131.254,18.565,42.831,-5.255,38.59,4499.957,-84.74,1.045,45.434,31.316,22.185,-0.586,21
4.021,19.305,25.151,-0.54,23.53,59.995,-2.98,15.774,27.774,23.004,19.726,10.907,36
118.208,68.783,95.948,53.816,84.786,5047.179,-103.428,-35.91,72.296,76.812,25.813,-32.53,79
100.0,59.674,76.335,83.573,65.588,3406.958,-77.727,-76.752,62.214,58.341,25.715,-64.796,76
131.696,23.074,36.613,-2.988,36.248,3499.97,-45.477,1.171,46.039,31.439,23.447,-0.567,23
2.194,21.025,116.82,-131.005,82.783,3499.97,-231.063,118.157,64.999,57.23,21.751,115.825,23
24.463,18.867,21.799,0.365,20.398,499.999,-2.0,1.098,32.341,19.851,23.205,0.036,7
119.147,63.373,72.202,-53.535,65.755,3093.293,-42.302,48.796,61.811,60.727,25.785,37.236,76
96.824,18.41,26.32,-0.743,26.385,1999.981,-2.001,1.097,37.892,23.998,23.366,-0.14,12
33.565,18.742,82.114,-117.069,51.327,1499.983,-166.063,301.706,38.314,34.65,19.878,256.304,36
40.081,49.875,62.913,-28.62,58.867,881.795,-25.088,93.748,67.575,54.753,25.79,68.02,49
23.629,19.335,39.452,-21.961,32.325,499.988,-43.511,132.618,32.82,27.047,23.17,103.255,7
64.853,28.884,80.312,114.348,64.303,2435.209,-90.933,-156.166,67.093,49.824,26.386,-130.25,53
63.157,19.109,45.942,-64.343,38.496,1499.984,-43.512,132.617,42.236,31.386,22.343,102.957,8
87.252,18.627,28.753,-98.925,24.967,2499.972,-75.652,123.479,26.853,21.454,23.178,101.247,9
78.761,27.381,65.236,-103.867,54.712,4501.75,-140.277,65.372,62.143,43.213,26.627,60.586,58
131.988,19.269,29.535,-2.075,30.069,2999.966,-17.14,1.347,40.236,26.199,23.764,-0.599,14
131.17,18.79,27.996,-0.741,29.126,2749.972,-1.993,1.071,37.655,25.703,23.484,-0.802,20
95.352,18.833,90.853,-89.504,69.11,4499.952,-122.231,55.213,62.297,50.027,25.406,48.769,4
23.539,91.045,83.727,0.008,82.966,499.983,-2.0,1.098,57.86,84.195,24.147,0.0,44
115.084,49.808,69.129,63.692,64.108,3344.955,-54.921,-57.095,64.313,57.502,25.182,-46.452,48
131.133,18.454,49.686,-6.459,43.293,4999.947,-97.728,0.938,52.19,33.641,24.89,-0.406,17
129.343,69.317,95.45,0.058,86.005,5521.5,-101.261,-4.139,81.487,77.311,26.39,-4.078,57
85.451,18.582,53.917,-100.415,45.102,2499.974,-75.714,123.392,50.674,35.143,24.904,100.533,9
63.122,18.418,45.986,-64.332,38.818,1499.979,-43.512,132.618,43.458,31.469,23.225,102.922,8
28.33,19.551,109.959,-94.522,70.254,1199.992,-166.065,301.706,38.292,45.986,19.873,256.943,36
24.941,18.702,116.995,-127.75,88.988,5849.944,-190.577,59.42,105.763,59.058,25.574,57.68,27
23.642,18.818,39.561,-22.057,33.002,500.002,-43.513,132.618,35.585,27.661,23.525,103.252,7
21.316,18.347,32.365,-2.828,29.887,419.996,-2.979,15.773,47.608,26.385,22.392,10.724,30
91.234,70.175,114.711,93.802,100.768,4500.321,-117.831,-69.015,78.521,88.627,26.385,-62.484,60
17.583,19.223,113.435,-129.955,84.477,4499.954,-201.315,84.283,92.265,57.469,23.182,81.68,20
66.353,41.58,72.062,25.355,60.703,1710.217,-28.097,-33.483,50.5,52.607,24.02,-29.925,72
31.086,19.228,100.929,-127.405,75.438,4749.955,-190.99,77.856,77.32,51.405,23.445,75.159,27
88.044,17.575,72.1,-95.749,57.473,4999.945,-138.471,53.387,65.157,40.108,23.042,48.408,6
102.163,88.12,126.624,-80.591,104.791,4459.82,-106.737,49.58,80.413,96.611,26.267,43.436,65
131.263,18.993,42.738,-5.289,38.35,4499.96,-84.84,1.037,45.67,30.731,22.281,-0.571,21
35.825,19.152,84.104,-126.246,62.142,4749.949,-189.547,77.87,63.221,42.75,24.854,75.087,27
48.965,18.658,23.796,13.663,23.187,1064.992,-4.252,-34.263,31.685,21.501,22.998,-25.412,10
110.121,29.411,69.67,-71.318,59.563,4224.562,-98.168,45.504,61.839,45.987,26.385,38.691,53
113.296,26.246,55.905,66.977,51.431,3286.712,-56.057,-60.632,62.096,42.774,26.385,-49.289,65
122.217,38.473,59.812,-48.067,56.182,3999.966,-75.305,31.176,66.828,49.29,24.681,25.0,44
122.578,49.885,62.306,-47.149,58.745,3999.963,-76.185,31.16,53.703,54.112,23.558,25.0,44
23.716,18.852,39.21,-22.001,31.42,499.998,-43.513,132.617,29.183,26.385,21.468,103.558,7
71.108,18.716,60.721,-110.557,45.986,2999.972,-123.851,113.182,42.404,36.211,21.808,100.099,14
35.721,18.728,85.086,-125.744,61.791,5499.945,-193.18,66.351,58.72,41.555,23.08,63.93,20
87.88,18.227,72.012,-95.927,57.046,4999.947,-138.489,53.379,63.685,39.518,23.624,48.36,6
29.834,18.659,103.689,-127.582,78.587,4749.957,-191.434,77.838,81.068,52.725,19.961,75.197,31
24.042,39.639,94.148,81.171,75.113,1253.246,-115.327,-244.345,74.121,59.946,26.384,-202.791,54
12.042,39.367,76.143,30.373,63.262,554.361,-80.699,-202.708,67.925,53.827,26.481,-163.238,53
131.794,18.59,37.937,-3.856,35.506,3999.957,-67.727,1.103,44.594,29.193,24.253,-0.586,15
59.077,29.366,64.519,115.966,54.223,3359.078,-136.521,-116.002,58.664,44.384,26.398,-104.986,53
44.572,90.353,96.444,122.742,85.309,4268.922,-167.141,-102.164,66.612,81.202,25.193,-96.237,79
49.971,18.619,22.089,-0.331,21.856,999.994,-2.001,1.098,30.162,19.851,23.151,0.177,5
37.018,18.277,21.433,-0.112,19.856,749.992,-2.001,1.097,29.774,19.851,23.835,0.199,16
4.141,18.33,19.85,1.448,19.734,100.031,-2.001,1.097,31.786,19.326,22.958,0.484,18
119.447,18.673,63.535,-51.928,52.6,5649.952,-119.262,22.701,64.015,38.648,22.392,19.994,31
59.587,49.834,84.344,117.215,71.426,2858.655,-118.818,-137.843,67.037,61.155,24.853,-120.675,48
123.825,19.129,67.399,-44.191,58.387,4499.958,-87.352,24.688,78.246,44.399,23.651,20.068,20
97.1,18.242,25.025,-0.518,25.598,1999.979,-2.001,1.097,32.682,23.178,23.319,-0.112,12
49.981,18.298,22.073,-0.307,21.79,999.997,-2.002,1.097,29.543,19.851,23.211,0.183,5
88.281,29.769,72.122,97.355,58.451,3046.186,-84.854,-103.829,33.938,45.986,24.827,-87.409,79
24.584,26.501,71.224,-25.332,58.346,538.345,-45.899,139.868,66.988,45.986,27.154,105.823,58
24.698,19.339,39.472,-12.949,35.972,499.981,-15.493,70.795,67.15,30.969,26.261,51.019,6
36.728,18.705,85.937,-125.235,61.962,4499.962,-190.152,83.772,50.783,42.903,19.851,79.989,21
40.815,56.105,116.56,124.701,95.046,4070.863,-165.669,-106.249,85.78,77.092,28.099,-99.743,58
30.317,30.724,80.257,-68.791,62.609,998.092,-117.638,236.405,72.357,50.296,26.384,194.387,74
93.412,18.707,51.079,-92.577,44.417,2249.982,-40.237,126.118,58.947,34.745,24.879,95.543,27
71.335,18.882,35.92,-24.413,33.688,1499.982,-7.819,43.902,56.716,28.651,22.547,30.925,10
31.028,18.702,58.929,-40.848,45.2,749.992,-65.979,173.0,46.347,35.418,24.815,139.167,16
10.03,18.501,79.34,-11.729,57.119,150.026,-99.216,216.05,30.663,43.137,21.016,181.57,30
59.747,23.869,57.483,-113.575,45.908,1834.074,-94.795,211.084,57.025,37.387,25.995,170.509,50
27.538,18.745,104.791,-128.022,79.392,4499.957,-191.29,82.839,88.486,54.508,22.802,79.374,21
28.141,35.798,87.09,-126.394,64.07,2204.787,-193.24,195.29,47.285,50.915,25.544,180.942,58
83.384,18.266,48.677,-84.973,39.452,1999.979,-43.511,132.618,42.315,32.526,23.46,101.947,12
86.743,18.657,72.124,-96.924,58.557,4999.948,-137.874,53.493,69.383,42.71,24.163,48.607,17
41.532,49.867,114.503,124.42,91.49,3180.341,-154.634,-135.417,77.317,72.122,26.298,-124.047,49
17.224,19.101,113.296,-129.913,84.343,4499.957,-202.014,84.569,91.372,57.365,24.754,81.895,20
37.367,18.713,22.251,-0.161,21.6,749.989,-2.001,1.097,33.751,19.851,23.768,0.335,16
93.43,18.197,45.974,-92.307,38.438,3499.971,-105.039,77.167,35.482,30.313,22.346,66.953,20
27.094,19.288,101.859,-128.511,76.016,3779.966,-193.588,102.589,75.935,52.763,19.852,98.338,32
21.345,18.581,23.742,-2.912,23.181,420.007,-2.98,15.773,42.327,21.492,22.111,10.856,30
13.699,18.435,39.283,-11.585,31.629,250.012,-43.512,132.618,27.484,26.387,23.129,103.772,13
4.149,18.537,19.559,1.503,18.896,100.029,-2.001,1.099,24.351,18.727,22.253,0.234,2
90.398,91.018,111.139,-95.388,103.645,2373.65,-46.304,123.377,90.001,97.144,28.453,94.39,58
131.792,23.219,36.021,-2.981,35.472,3499.962,-45.807,1.171,42.879,31.319,23.481,-0.575,23
131.331,18.781,42.778,-5.269,38.46,4499.955,-84.73,1.047,45.581,31.102,22.283,-0.571,21
58.75,18.651,24.445,-7.607,23.966,1199.989,-2.979,15.774,35.28,22.383,19.851,10.843,36
131.359,90.722,88.255,1.168,86.606,4178.579,-66.173,-3.217,74.653,86.809,25.371,-3.511,56
4.785,18.488,24.265,-1.519,23.026,60.017,-9.127,50.765,48.641,19.913,22.933,36.584,27
12.391,39.576,72.043,33.148,63.522,588.262,-83.712,-205.87,68.657,54.154,26.479,-166.33,61
39.595,49.785,80.148,124.422,70.481,3986.853,-171.831,-109.696,69.611,60.496,27.879,-103.543,53
118.598,41.903,65.59,46.764,55.609,4300.343,-89.838,-35.267,53.947,45.986,25.053,-31.333,64
83.091,18.549,49.718,-85.341,42.068,1999.979,-43.513,132.618,47.646,33.315,23.508,101.81,12
102.789,49.795,65.525,81.52,60.853,4710.83,-114.443,-56.516,62.153,55.138,25.067,-51.345,48
93.072,18.749,53.93,-93.079,45.986,2249.978,-40.172,126.095,66.4,36.416,24.98,95.162,27
88.245,50.82,85.608,-90.644,72.106,5522.61,-140.244,44.107,76.672,60.639,24.639,41.313,80
17.462,18.797,41.82,-48.996,25.789,599.984,-166.064,301.707,29.454,19.908,19.851,259.454,36
131.428,91.046,95.133,-4.679,92.467,3999.968,-57.704,1.108,81.496,90.131,24.699,0.0,44
43.388,18.438,43.084,-43.086,35.582,999.981,-43.512,132.618,39.716,29.409,23.253,103.045,5
61.132,49.813,59.115,8.122,57.474,1352.657,-3.524,-16.005,65.982,54.02,26.355,-12.173,48
55.655,19.015,62.393,-77.54,49.278,1449.991,-65.981,173.0,46.422,37.903,21.926,138.908,30
4.719,18.528,37.079,-1.811,31.341,49.982,-15.496,70.797,35.42,26.384,21.369,52.456,30
37.287,24.864,78.508,-125.32,62.111,3497.289,-179.296,109.593,66.914,45.986,25.865,104.475,65
120.852,34.624,118.801,-44.2,89.484,3502.044,-58.995,33.917,58.19,67.325,23.144,26.941,43
122.54,70.53,80.146,-47.405,75.89,3999.961,-73.664,31.251,62.944,72.074,25.579,25.0,42
10.459,19.543,122.986,-129.198,93.039,5499.945,-200.993,64.72,113.17,61.831,25.281,63.135,24
78.564,81.465,97.463,-22.402,92.576,1716.863,-5.505,34.59,85.902,87.764,29.014,23.279,58
52.108,34.601,67.33,-23.895,60.071,1156.643,-13.263,49.375,65.204,50.934,24.013,35.157,43
13.662,18.617,39.421,-11.628,31.719,249.984,-43.511,132.618,31.825,26.385,23.253,103.745,13
120.924,19.343,85.659,-29.659,72.135,2599.981,-4.822,29.961,84.643,53.341,22.34,19.573,32
-0.468,19.374,119.501,-131.15,85.175,3499.957,-231.446,116.532,78.138,57.584,26.382,114.588,6
55.975,18.453,58.821,-77.196,45.441,1449.99,-65.982,173.0,38.161,35.479,21.558,139.25,30
112.686,49.811,64.029,-67.755,60.717,2999.972,-49.787,64.663,62.348,55.944,25.654,50.0,42
94.985,70.029,110.281,89.876,93.38,5481.65,-127.65,-55.212,87.507,80.202,27.934,-51.244,57
22.773,24.286,59.148,-32.039,50.936,547.602,-73.987,182.854,70.341,41.299,26.361,144.336,52
105.633,75.442,100.156,-78.229,91.801,3830.884,-86.179,56.207,85.958,83.828,26.403,47.035,56
50.064,35.798,85.977,-121.506,67.16,2542.922,-148.75,154.199,48.582,53.803,25.495,138.247,58
50.129,18.744,62.095,-61.376,51.012,1249.988,-52.044,150.341,79.475,39.273,23.368,116.842,27
60.826,70.808,109.682,-113.256,91.999,3582.064,-141.976,93.617,87.138,81.259,26.278,85.178,61
131.808,18.829,37.612,-3.84,34.901,3999.955,-67.965,1.108,42.978,28.922,24.509,-0.587,15
82.022,87.195,112.585,104.542,98.618,2416.819,-48.293,-140.52,76.227,90.652,24.366,-109.039,80
124.097,18.979,52.76,-43.482,45.986,4499.956,-89.672,24.581,65.631,36.198,25.398,20.086,20
8.146,18.545,63.949,-7.616,45.986,99.963,-79.94,188.413,38.081,36.967,23.154,155.088,18
88.797,18.803,64.191,-96.32,53.773,3999.962,-117.665,67.145,72.727,39.452,23.015,59.487,31
93.415,18.908,51.772,-92.601,44.645,2249.977,-40.165,126.134,60.205,35.158,24.851,95.435,27
73.46,18.709,23.68,-0.259,23.775,1499.983,-2.001,1.098,31.382,22.281,23.86,-0.017,8
28.254,46.952,60.618,-34.082,54.134,671.878,-58.43,155.919,64.142,47.239,23.967,120.81,80
127.951,18.768,67.611,-18.314,57.129,5811.82,-113.122,4.988,66.596,41.237,26.02,4.006,63
4.06,18.545,25.873,1.593,24.809,99.995,-2.0,1.098,41.177,23.221,22.743,0.196,2
33.706,54.077,109.952,126.684,90.832,3518.032,-170.881,-126.561,81.156,74.67,27.793,-118.461,65
29.307,19.547,104.553,-127.325,76.434,5499.958,-195.184,66.405,74.487,51.003,19.851,63.998,24
91.352,18.519,39.449,-44.427,36.899,1959.989,-13.558,64.154,46.423,31.308,21.623,46.378,30
8.151,18.577,64.015,-7.617,45.986,100.016,-79.941,188.412,37.587,37.053,23.163,155.103,18
110.894,25.378,80.269,-68.394,69.009,5237.517,-116.168,33.33,78.587,52.74,28.983,29.74,58
29.86,43.324,113.028,-127.551,91.571,4096.96,-187.191,92.014,87.961,71.125,25.679,89.466,73
58.049,18.997,131.312,-8.067,87.78,1199.98,-3.468,17.006,43.426,59.42,19.851,11.752,36
59.896,24.126,60.951,-79.806,49.82,1546.05,-60.356,164.473,57.456,39.388,25.92,127.347,50
67.748,49.876,92.24,-110.799,78.724,5033.908,-154.439,61.979,77.956,65.146,25.286,58.347,48
131.013,91.092,101.664,-7.457,95.085,4999.956,-89.137,1.042,77.585,90.843,24.722,0.0,44
95.507,18.909,67.039,-89.392,54.58,4499.952,-122.204,55.223,62.135,39.452,25.723,48.853,4
67.435,39.71,101.895,113.013,80.234,2295.053,-74.967,-164.201,72.305,62.672,26.383,-132.938,50
118.984,35.697,70.093,-26.81,58.404,2523.436,-4.815,28.832,58.844,45.986,26.385,19.377,60
118.937,32.983,74.483,-45.659,60.693,3024.645,-40.693,42.946,52.553,46.037,26.082,33.214,54
131.984,18.133,28.529,-2.043,29.333,2999.967,-17.596,1.345,36.579,25.672,23.441,-0.57,14
128.938,41.593,62.592,25.288,60.483,3617.348,-50.675,-21.576,72.904,53.596,28.133,-18.165,58
49.091,18.971,104.831,-62.039,84.002,1249.99,-52.05,150.339,97.444,57.483,23.187,114.925,27
130.154,19.168,68.071,-8.542,58.904,5499.944,-102.332,0.77,86.269,43.511,24.532,-0.128,24
73.491,61.22,95.431,104.473,84.53,2311.674,-60.601,-147.39,75.387,75.455,27.526,-116.938,53
38.554,49.938,78.709,-121.861,70.541,3648.239,-179.709,102.668,68.209,62.407,25.622,97.639,66
24.841,53.088,77.075,11.936,72.122,595.394,-9.982,-34.994,63.959,68.952,26.363,-26.559,70
85.207,65.195,75.96,50.536,74.107,2024.516,-13.23,-71.7,82.323,70.503,27.783,-52.42,56
33.93,80.588,123.242,-43.46,104.791,851.775,-57.001,157.701,90.963,93.465,27.738,121.582,61
89.807,64.283,91.022,72.369,82.059,2272.843,-25.85,-96.113,70.185,74.604,25.768,-71.991,76
8.748,18.569,103.063,-9.808,72.119,99.985,-122.971,242.424,44.206,52.581,22.623,206.31,2
63.094,18.282,45.986,-64.396,38.921,1499.98,-43.511,132.617,43.883,31.537,23.723,102.881,8
117.744,28.982,69.156,49.678,58.741,3275.75,-50.693,-45.975,59.799,47.461,26.382,-37.986,53
24.503,19.215,117.145,-127.979,89.249,5849.935,-190.637,59.435,107.157,59.252,26.273,57.7,27
43.518,19.343,42.758,-42.988,34.648,999.986,-43.511,132.617,35.897,28.97,22.589,103.14,5
-2.69,18.782,65.629,-131.21,45.951,3499.956,-239.071,118.886,64.172,31.467,26.328,117.61,6
68.836,30.207,70.186,29.711,58.247,1559.687,-10.551,-53.61,40.607,46.011,24.857,-39.203,79
75.01,18.602,59.273,-108.12,46.514,2569.973,-99.909,130.184,50.575,36.674,21.361,110.814,32
125.264,56.105,68.092,40.348,65.58,3260.077,-36.972,-36.398,62.802,61.231,28.633,-28.931,58
8.985,54.237,121.539,31.988,98.257,550.052,-93.384,-220.744,88.948,81.232,27.632,-179.867,65
121.26,39.639,78.71,47.381,68.031,4942.423,-99.834,-31.968,71.524,55.833,27.668,-28.888,53
27.233,60.169,57.448,-4.188,55.806,561.179,-3.375,15.82,65.381,54.567,26.379,10.106,76
29.144,64.818,70.588,-11.159,67.638,599.985,-9.127,50.766,64.681,65.587,26.258,35.329,20
13.643,60.161,89.299,-9.731,80.524,251.391,-35.533,113.64,78.4,71.841,28.01,85.003,53
58.304,49.828,85.711,117.775,72.122,3275.399,-133.527,-121.316,68.002,62.443,24.577,-109.09,48
59.173,65.015,104.791,-115.871,89.401,5249.937,-164.935,63.281,75.948,75.957,27.286,58.306,20
39.967,81.49,90.782,17.245,86.797,954.719,-10.046,-52.324,69.833,84.18,26.097,-38.261,70
60.092,65.121,81.679,63.77,76.823,1640.833,-35.416,-121.667,80.489,70.806,27.992,-92.385,56
85.531,19.425,54.135,-100.338,45.245,2499.977,-75.668,123.39,50.927,35.648,25.4,100.479,9
122.411,18.869,49.945,-29.379,45.986,2599.979,-4.816,29.948,72.153,37.888,21.318,19.81,32
78.612,30.721,63.85,44.846,56.843,1847.378,-14.849,-69.778,69.513,47.613,26.384,-51.369,74
34.256,91.616,124.535,126.687,109.627,2613.717,-151.378,-175.147,80.367,98.256,25.777,-157.39,66
8.743,18.505,103.249,-9.806,72.122,100.026,-122.972,242.423,45.514,52.589,22.431,206.218,2
119.376,18.657,63.665,-51.787,52.63,5649.948,-119.193,22.663,64.519,38.691,22.146,19.94,31
58.726,18.51,26.129,-7.597,25.63,1199.989,-2.98,15.774,37.728,23.288,19.851,10.878,36
85.736,19.22,53.241,-100.147,44.415,2499.973,-75.631,123.437,47.66,34.602,24.652,100.598,9
83.113,17.906,49.696,-85.285,42.117,1999.973,-43.509,132.618,46.975,33.224,24.814,101.646,4
1.542,18.606,124.35,-130.907,90.137,3499.97,-228.014,115.756,80.77,60.655,21.073,113.58,26
27.684,18.627,104.791,-128.119,78.997,4749.957,-192.635,77.768,85.227,53.567,23.392,75.258,27
12.138,18.674,23.143,0.893,21.633,250.002,-1.999,1.099,30.536,19.877,23.195,0.159,13
129.577,35.802,79.954,6.46,68.908,5552.567,-104.766,-7.359,72.242,55.232,26.478,-6.938,65
107.696,25.178,61.626,-71.006,50.967,4328.09,-104.986,45.328,60.03,39.452,26.384,39.266,60
21.37,18.347,21.692,-2.865,20.426,419.992,-2.98,15.775,37.962,19.851,21.612,10.745,30
13.69,18.353,39.171,-11.598,31.485,250.015,-43.512,132.617,28.192,26.38,22.496,103.761,13
70.691,91.152,124.399,-110.79,110.522,3596.043,-125.963,90.565,89.59,99.725,28.703,80.839,58
53.779,61.446,97.453,118.899,85.993,3391.121,-138.641,-119.06,83.738,75.437,27.907,-107.813,68
12.131,18.844,19.838,0.751,19.326,249.998,-2.0,1.097,25.261,19.19,23.159,0.112,13
89.445,86.14,87.155,-48.736,84.727,1999.99,-15.498,70.794,65.283,83.658,24.9,50.0,45
127.332,18.665,69.397,28.045,53.422,5044.979,-100.284,-19.593,56.649,39.452,26.38,-17.894,53
19.607,50.518,113.705,-33.499,92.537,499.956,-99.21,216.053,74.645,75.971,24.065,175.0,41
96.985,18.457,25.556,-0.515,26.027,1999.976,-2.0,1.096,34.357,23.468,23.308,-0.15,12
63.25,29.543,45.538,-63.578,39.452,1499.981,-43.512,132.617,31.816,35.298,25.411,100.0,42
84.051,18.208,38.165,-84.232,32.386,1999.98,-43.512,132.617,29.625,26.382,23.234,102.437,12
130.287,56.105,69.181,-18.229,65.588,3998.248,-63.885,10.456,62.825,61.278,28.006,7.61,58
62.178,56.154,72.12,86.764,61.647,1900.683,-55.847,-150.014,57.662,54.496,23.187,-117.758,62
15.433,18.65,113.556,-130.075,84.557,3999.96,-204.541,97.027,92.102,57.565,24.556,93.879,15
70.96,17.979,49.895,-24.662,44.426,1499.993,-7.82,43.902,63.772,35.92,23.234,30.78,10
93.624,18.773,50.884,-92.391,43.867,2249.979,-40.175,126.146,56.401,34.524,24.527,95.664,27
130.111,50.008,78.707,-9.996,69.366,5073.278,-95.504,2.143,65.776,59.924,25.262,1.101,49
128.34,18.395,61.722,-8.685,50.589,5999.933,-117.862,0.237,56.268,36.811,24.062,-0.684,4
112.767,56.063,55.583,65.395,51.217,2831.552,-30.437,-68.399,52.439,49.459,25.93,-52.566,70
98.191,48.696,94.98,86.548,77.55,4706.011,-115.067,-59.822,77.57,62.756,27.077,-54.298,65
72.03,24.868,39.347,-106.552,33.051,4738.183,-156.945,65.885,30.192,27.011,22.426,62.657,62
83.027,34.639,81.969,101.828,68.48,2852.025,-76.944,-113.111,69.416,54.124,25.561,-93.472,55
96.919,18.413,25.628,-0.7,26.039,1999.979,-2.001,1.098,33.968,23.531,23.519,-0.282,4
24.246,34.53,38.299,-0.06,37.966,499.993,-2.0,1.097,50.67,36.333,23.503,0.0,43
4.189,19.053,25.467,1.517,23.677,100.002,-2.0,1.095,28.498,22.8,22.262,0.232,3
44.354,43.325,75.96,-118.943,69.195,4534.037,-175.049,75.993,81.379,58.667,25.697,74.492,73
76.949,39.634,101.097,106.754,83.746,2706.913,-80.194,-126.686,74.533,65.878,26.192,-104.804,50
53.433,65.115,115.436,-120.395,97.029,3299.959,-147.717,109.86,89.603,82.518,28.084,97.967,20
73.486,18.555,23.468,-0.24,23.565,1499.98,-2.0,1.097,30.791,21.731,24.078,-0.034,8
48.562,18.829,26.386,13.788,26.021,1064.985,-4.249,-34.264,45.458,23.501,23.182,-25.391,10
82.645,44.337,59.7,10.569,57.534,1815.107,-3.573,-15.5,63.223,52.809,26.746,-11.825,56
18.982,18.488,82.443,-130.031,59.773,4499.947,-206.264,86.411,68.052,39.452,26.32,83.938,6
127.569,59.015,59.847,-30.686,58.997,4311.323,-78.491,17.406,61.412,57.258,28.028,13.641,58
24.683,18.084,23.237,-0.008,23.169,500.009,-2.002,1.097,45.844,20.36,25.081,0.016,4
46.536,26.935,52.748,-62.827,45.724,1187.54,-64.176,169.663,47.719,38.721,24.054,132.128,73
62.89,65.708,111.429,114.973,93.538,2434.775,-91.124,-161.603,70.42,81.898,25.773,-134.261,51
30.353,30.035,82.116,-69.571,61.305,999.993,-122.974,242.424,55.079,46.612,24.893,200.0,44
126.654,77.766,88.678,-28.739,82.013,5240.537,-101.321,12.378,69.375,78.766,23.53,10.089,71
63.043,81.49,124.99,-114.688,109.419,3634.975,-138.514,93.179,85.194,96.796,26.377,84.417,59
8.146,18.622,63.939,-7.62,45.986,100.023,-79.941,188.413,38.047,37.131,22.395,155.096,18
78.895,59.391,82.633,-104.907,72.122,2400.709,-76.999,136.11,71.113,65.588,24.192,110.311,81
108.465,75.533,95.087,-74.378,89.255,3112.224,-56.717,67.928,84.893,82.712,26.611,53.461,56
86.342,18.09,52.379,-99.614,42.772,2499.971,-75.604,123.443,40.922,33.411,24.051,100.759,9
131.799,23.159,38.238,-3.026,37.884,3499.965,-44.553,1.172,52.082,32.467,23.469,-0.586,23
18.681,49.761,97.542,36.315,80.073,705.081,-65.323,-179.624,71.507,67.728,24.177,-142.198,48
15.756,19.26,113.722,-129.985,84.77,3999.955,-203.637,96.642,93.996,57.817,24.721,93.508,15
87.748,18.576,72.039,-95.723,57.472,4999.953,-138.814,53.309,64.431,40.96,23.11,48.588,17
29.462,18.793,97.696,-71.242,65.591,994.992,-131.785,253.598,44.127,45.986,21.841,216.12,30
91.775,18.556,31.308,-44.246,29.74,1959.977,-13.557,64.154,39.016,25.907,21.421,46.645,30
108.058,21.69,70.425,-61.935,57.922,5853.376,-131.648,26.161,65.386,44.825,26.774,24.548,61
24.611,18.381,19.853,0.356,19.851,499.979,-1.999,1.098,30.991,19.85,25.708,-0.046,4
59.008,23.478,42.828,-103.177,39.281,1731.445,-85.139,196.291,56.586,33.727,24.79,157.745,72
45.542,18.811,45.39,-123.204,33.977,2716.58,-166.116,147.425,27.89,26.384,19.851,136.405,10
113.925,89.509,114.127,-22.823,101.643,2540.459,-7.015,24.473,79.542,93.664,24.824,16.402,75
12.038,18.81,19.622,0.827,19.068,249.987,-2.001,1.096,23.383,19.04,23.134,0.092,13
93.812,18.465,50.05,-92.266,43.254,2249.976,-40.119,126.185,54.539,34.367,24.274,95.682,27
87.214,18.695,72.121,-96.462,58.122,4999.958,-138.321,53.454,67.719,41.838,23.164,48.526,17
95.319,19.13,81.236,-89.582,64.28,4499.952,-122.124,55.231,62.561,45.987,24.884,48.935,4
131.778,23.21,50.095,-3.184,46.27,3499.965,-41.464,1.161,71.906,39.418,23.882,-0.571,23
35.73,50.693,44.493,-17.365,43.117,739.251,-14.387,67.178,31.246,44.347,21.646,47.307,43
15.396,80.581,77.27,1.944,75.704,358.928,-3.193,-15.028,57.703,76.27,25.911,-11.451,66
15.135,44.133,80.295,-130.333,65.11,3103.646,-215.377,135.316,57.111,54.94,24.982,133.023,63
93.92,91.053,114.651,-85.448,104.791,2318.782,-34.129,111.456,91.71,98.256,24.356,82.842,46
112.187,45.911,74.946,-67.992,64.072,2827.962,-40.484,69.506,65.905,56.074,23.603,52.632,80
9.654,19.086,122.763,-130.9,85.166,2459.977,-229.658,176.854,62.632,58.463,21.577,171.48,29
8.752,18.785,95.073,-9.757,65.238,99.992,-122.972,242.423,28.423,45.986,22.022,207.236,2
30.924,18.467,37.876,-27.084,31.549,675.006,-39.042,120.304,35.614,26.385,21.527,93.194,30
114.844,18.714,58.35,-64.208,46.481,2621.665,-25.197,70.874,54.898,36.996,23.205,52.271,11
118.41,92.624,124.632,-42.859,104.791,5216.139,-105.406,20.886,77.941,96.685,25.762,18.158,66
125.941,33.285,34.816,-34.253,31.283,4832.494,-101.686,17.52,29.042,26.498,23.57,14.369,81
21.373,50.102,88.493,-128.643,75.505,2660.466,-200.156,159.182,71.347,63.24,25.707,150.559,66
126.642,27.333,89.12,17.487,72.131,5881.197,-110.775,-13.219,83.363,54.095,29.13,-11.899,58
31.13,18.403,58.475,-40.77,44.61,749.984,-65.98,172.999,42.834,34.858,24.461,139.289,16
130.593,19.424,50.616,-6.269,44.403,4999.946,-97.413,0.712,55.227,34.101,24.853,-0.441,17
87.289,18.518,28.982,-98.893,25.06,2499.975,-75.628,123.51,26.877,21.674,23.193,101.238,9
31.278,18.435,56.301,-40.581,42.782,749.995,-65.983,172.999,34.342,33.683,24.865,139.588,16
44.398,77.681,111.451,123.527,93.899,4352.116,-166.097,-99.816,75.239,83.689,26.334,-94.024,57
125.009,91.33,117.836,-24.976,103.39,5486.217,-103.436,9.351,80.474,95.042,27.325,7.908,76
5.526,19.157,120.927,-130.572,89.386,3499.96,-218.017,113.347,95.035,60.581,23.179,110.925,26
131.797,18.465,37.289,-3.837,34.987,3999.959,-67.99,1.101,42.582,28.977,24.125,-0.588,15
69.374,18.947,67.079,-111.931,53.251,2999.973,-124.297,113.211,58.912,39.452,23.513,99.975,14
30.921,18.543,38.68,-27.109,32.239,675.0,-39.04,120.303,35.737,27.395,21.182,93.193,30
91.069,15.576,70.114,-87.877,55.812,5265.669,-138.232,44.81,65.489,39.444,26.382,41.713,79
36.988,18.462,28.397,-0.073,26.418,749.994,-2.001,1.097,42.74,24.807,24.279,0.244,16
131.171,34.423,112.931,-6.209,88.184,4491.706,-81.195,1.065,58.461,67.365,22.818,0.005,43
21.103,50.602,68.836,-29.721,56.109,499.987,-79.942,188.411,47.458,50.366,25.866,150.0,42
131.705,23.225,36.254,-2.937,35.658,3499.962,-45.796,1.171,43.52,31.335,23.834,-0.56,23
61.432,23.383,42.813,-108.203,39.268,1825.441,-86.759,196.268,56.251,33.726,24.777,161.151,72
41.95,24.215,90.844,-124.266,71.682,3499.967,-172.12,107.179,72.061,52.976,24.022,100.0,41
131.801,18.471,37.525,-3.814,34.76,3999.959,-68.004,1.106,42.683,28.82,24.291,-0.611,15
0.653,24.816,71.79,20.334,57.265,329.87,-127.755,-260.978,65.978,43.611,25.758,-217.612,65
70.822,71.925,103.794,110.258,88.765,3060.254,-106.98,-120.705,58.736,80.077,23.367,-104.581,80
29.612,40.886,93.761,-0.245,79.563,650.305,-2.867,-1.259,77.811,65.082,26.368,-1.78,74
19.506,19.161,118.324,-129.435,88.637,5749.932,-196.824,62.256,99.854,58.788,24.934,60.572,20
47.876,87.17,127.738,-120.939,110.146,4689.79,-166.439,74.85,94.38,97.712,26.383,70.473,79
83.127,18.15,49.667,-85.312,41.995,1999.975,-43.512,132.618,47.111,33.286,23.342,101.831,12
120.461,18.615,72.145,-53.002,63.634,3103.971,-41.446,46.332,75.61,49.203,22.159,34.626,32
38.127,28.252,56.054,122.738,49.444,3808.374,-175.316,-113.241,49.007,41.183,24.883,-107.511,63
47.888,26.458,28.911,-46.735,25.521,1101.657,-42.615,131.907,25.175,24.844,23.516,99.274,73
130.847,18.326,29.027,-0.946,29.908,2749.969,-1.995,1.073,40.614,26.179,23.586,-0.782,20
4.122,18.796,19.838,1.525,19.513,100.037,-2.002,1.098,29.82,19.328,22.404,0.239,2
71.421,70.152,102.1,108.011,91.81,4465.778,-136.547,-81.661,87.29,82.052,27.339,-75.252,61
38.951,56.106,121.527,125.142,98.257,3376.027,-159.317,-128.569,90.572,80.28,28.358,-118.804,58
26.572,18.975,104.791,-128.415,80.603,4749.955,-192.71,77.781,89.688,55.047,24.84,75.146,27
25.296,19.238,69.016,38.783,55.847,818.492,-52.847,-154.926,70.684,39.589,26.437,-120.837,74
63.077,19.254,45.985,-64.458,38.642,1499.995,-43.512,132.618,43.628,31.39,23.517,102.888,8
24.561,18.674,20.324,0.323,19.851,499.99,-2.001,1.096,35.074,19.85,25.62,-0.044,4
27.117,40.932,88.976,78.241,71.644,1244.586,-102.645,-232.539,73.358,58.29,26.804,-190.892,54
129.187,49.991,76.425,23.14,68.922,4917.552,-92.601,-17.063,65.686,59.862,25.516,-15.518,49
130.746,49.927,64.101,-15.304,61.406,3821.38,-56.656,9.017,62.825,56.305,26.385,6.342,58
31.193,18.895,58.173,-40.678,44.454,750.0,-65.984,172.999,40.366,34.842,24.801,139.313,16
11.444,18.255,53.216,0.889,45.732,250.044,-2.0,1.097,73.382,37.633,26.357,-0.053,6
28.934,54.121,104.791,61.898,91.417,1110.663,-76.743,-195.659,83.503,77.071,26.954,-157.032,56
4.697,18.512,24.811,-1.806,22.226,49.994,-15.496,70.795,28.7,19.851,21.433,52.511,30
18.972,18.767,119.584,-129.312,90.017,5749.939,-196.451,62.157,102.86,59.487,25.966,60.358,20
23.648,18.723,39.452,-22.057,32.754,499.995,-43.511,132.617,34.601,27.394,22.316,103.358,7
96.54,69.485,88.676,88.676,78.68,3759.929,-93.551,-75.393,65.914,69.49,26.385,-65.411,60
83.242,18.917,49.107,-85.141,39.804,1999.979,-43.511,132.617,44.179,32.859,24.778,101.723,4
122.483,38.382,57.759,-47.547,54.143,3999.964,-76.063,31.162,60.158,45.986,24.782,25.0,44
132.019,18.565,28.678,-2.047,29.472,2999.968,-17.58,1.338,37.402,25.607,23.687,-0.574,14
23.7,18.997,39.451,-22.002,32.172,499.988,-43.512,132.619,30.759,26.439,22.19,103.515,7
35.874,54.659,109.977,126.219,87.481,3516.035,-167.971,-125.584,78.388,71.19,27.393,-117.262,65
131.743,18.648,32.506,-3.003,32.12,3499.963,-46.389,1.174,40.555,26.525,23.454,-0.561,26
119.398,18.722,27.015,-0.866,28.027,2499.976,-2.001,1.098,38.23,25.057,25.352,-0.843,9
44.886,58.519,88.343,123.306,75.734,4127.741,-165.38,-104.158,71.108,65.567,26.383,-97.84,76
75.225,81.49,124.372,-107.84,105.615,3005.35,-105.286,107.723,86.539,96.739,26.374,92.482,59
41.133,24.047,63.026,40.113,53.605,1102.893,-31.757,-110.601,66.152,42.715,26.356,-83.582,52
18.698,24.366,74.19,-46.404,55.005,600.669,-142.272,268.642,69.4,42.81,26.294,222.638,52
96.043,18.539,29.179,-0.992,29.7,1999.977,-2.0,1.098,51.339,26.032,23.923,-0.313,4
130.061,19.35,62.501,-8.328,54.194,5499.947,-103.975,0.745,78.459,39.452,25.022,-0.186,24
73.055,18.623,25.618,-9.497,25.587,1499.986,-2.981,15.774,37.059,23.222,19.968,10.832,36
129.766,81.49,80.804,23.44,78.707,2980.067,-12.529,-21.8,47.937,79.349,25.641,-16.772,59
120.654,34.245,71.101,-51.433,61.063,4499.963,-95.514,30.1,47.112,51.359,22.859,25.0,43
38.128,18.661,30.55,-18.626,28.597,795.006,-13.559,64.153,62.035,25.121,23.116,46.251,29
22.327,55.017,85.901,44.514,73.482,831.979,-72.034,-190.998,45.677,67.092,25.183,-152.355,57
131.171,18.651,43.38,-5.076,39.3,4499.958,-84.445,1.043,47.833,31.439,22.232,-0.676,21
131.504,91.069,95.171,-4.578,92.512,3999.968,-57.641,1.107,81.66,90.148,25.833,0.0,44
21.824,19.764,114.669,-128.963,86.734,5084.955,-196.03,71.683,95.612,58.7,24.595,69.884,29
24.39,86.582,83.751,-12.614,79.747,500.006,-15.497,70.795,62.479,79.485,24.411,50.0,45
15.658,19.13,22.944,-2.118,21.491,299.994,-2.98,15.775,31.018,19.851,19.841,10.728,36
129.943,59.133,58.784,-20.235,57.551,4087.241,-68.087,11.521,61.253,55.775,28.077,8.549,58
8.144,18.466,64.002,-7.611,45.986,100.033,-79.94,188.412,38.275,37.175,23.155,155.074,18
91.617,18.74,32.345,-44.293,30.931,1959.981,-13.555,64.153,41.817,26.383,21.43,46.483,30
107.985,45.904,97.373,74.725,82.434,3219.846,-55.962,-69.504,77.348,67.218,27.656,-56.265,74
37.386,18.521,22.261,-0.178,21.608,749.99,-2.0,1.097,34.081,19.851,24.142,0.345,16
85.803,18.572,52.923,-100.068,44.403,2499.973,-75.659,123.421,47.037,34.536,24.804,100.661,9
114.665,70.588,96.236,-62.408,87.704,3801.008,-74.389,44.112,77.779,79.772,28.016,36.073,53
121.083,18.982,37.564,-51.846,36.024,3103.97,-44.294,46.087,52.264,29.915,22.266,35.05,32
4.217,18.439,19.449,1.442,18.578,100.016,-2.001,1.096,23.256,18.608,23.007,0.429,18
119.836,49.806,64.51,53.495,60.602,4666.816,-96.62,-37.135,61.952,55.029,24.885,-33.324,48
3.952,18.625,49.489,1.554,42.861,100.006,-1.999,1.099,44.967,36.702,22.969,0.145,2
7.682,19.276,37.918,-5.391,30.023,99.968,-43.511,132.618,26.088,26.002,22.057,103.568,3
42.507,19.201,100.204,-123.52,76.469,5119.953,-178.337,67.902,87.774,52.572,23.5,64.951,31
122.331,38.495,58.375,-47.708,54.977,3999.962,-75.787,31.146,62.473,46.356,24.804,25.0,44
86.418,58.642,95.72,-97.975,81.176,4999.946,-133.821,53.963,84.501,68.046,24.965,47.779,6
18.644,18.558,46.481,-46.794,30.364,599.988,-147.947,277.546,47.729,23.737,23.442,237.438,27
115.166,49.792,82.882,-35.431,74.829,2499.477,-7.438,38.945,74.443,64.453,25.165,26.594,47
52.817,76.389,84.822,-119.962,74.522,2675.648,-140.551,142.441,69.83,69.603,26.385,127.053,74
2.579,50.056,86.271,18.185,72.122,321.056,-100.561,-229.23,67.853,62.485,25.436,-187.939,66
82.471,18.724,44.752,-100.98,39.082,2093.218,-57.613,156.927,49.808,31.943,23.341,121.513,11
27.538,18.825,104.791,-128.026,79.912,4499.964,-191.0,82.505,89.572,54.877,22.172,79.276,21
87.422,28.416,59.529,-94.272,52.539,5193.837,-140.601,49.716,68.153,41.81,25.378,46.589,75
4.169,18.396,19.459,1.484,18.767,99.999,-2.001,1.095,25.141,18.725,22.569,0.462,18
49.233,32.769,68.916,59.504,59.881,1387.164,-42.824,-136.962,68.251,49.428,26.417,-105.262,76
48.978,18.485,23.636,13.652,23.185,1064.995,-4.251,-34.263,31.442,20.945,23.003,-25.403,10
8.195,18.099,63.37,-7.613,45.986,99.973,-79.939,188.413,31.835,36.778,23.231,155.415,18
13.668,18.496,39.336,-11.604,31.677,250.012,-43.513,132.618,30.618,26.389,23.102,103.724,13
84.084,50.659,64.286,-100.527,57.642,3407.645,-110.277,86.441,60.476,53.291,26.344,75.423,70
88.049,49.819,83.663,-97.697,72.121,3021.937,-90.047,95.496,67.969,62.698,26.812,80.095,58
66.025,49.919,118.351,113.903,95.156,2482.506,-87.046,-152.173,80.141,75.731,26.209,-126.264,49
131.785,18.534,32.135,-2.987,31.727,3499.963,-46.479,1.171,39.508,26.386,23.523,-0.602,26
131.106,49.817,65.41,-12.792,63.005,3251.756,-27.819,9.303,68.168,57.492,24.963,6.192,48
4.678,18.811,121.552,-130.612,89.375,3499.974,-220.656,114.007,92.073,60.699,22.385,111.489,26
63.08,19.142,45.984,-64.408,38.725,1499.982,-43.514,132.617,44.0,31.389,24.091,102.897,8
8.786,18.617,101.862,-9.802,71.331,100.029,-122.973,242.423,36.346,52.34,21.85,206.722,2
19.097,18.318,79.979,-130.034,58.27,4499.954,-206.387,86.455,67.45,39.357,25.828,84.026,6
56.126,56.105,82.948,-118.092,65.088,2929.978,-142.031,125.28,62.973,56.36,26.385,112.591,54
125.167,39.656,78.707,-34.541,68.907,4349.274,-81.076,19.666,71.179,56.703,27.109,15.805,53
11.881,20.567,94.074,-130.696,65.532,3499.971,-221.67,118.986,47.183,45.573,21.744,115.981,23
60.668,15.438,23.639,-83.745,22.889,1656.449,-58.009,140.278,70.413,19.851,26.327,115.827,79
131.152,18.531,50.347,-6.615,44.364,4999.949,-97.267,0.96,55.057,34.257,25.034,-0.412,17
96.709,18.493,27.992,-0.82,28.017,1999.976,-1.998,1.098,40.959,24.964,23.361,-0.133,12
103.659,18.525,40.621,-49.115,34.442,2266.945,-17.535,63.449,46.205,28.529,23.205,47.467,11
96.843,27.789,20.67,-83.727,19.851,2249.774,-35.429,114.382,38.361,19.849,24.669,86.754,20
131.994,18.487,63.51,-2.299,52.716,2999.968,-14.043,1.325,58.533,39.45,23.356,-0.617,14
70.59,64.675,77.946,-94.651,67.44,1864.42,-59.804,163.669,64.08,62.229,26.798,126.624,58
69.826,27.204,64.643,113.185,49.798,2175.476,-66.82,-177.597,38.208,38.982,24.019,-141.038,73
125.134,65.298,92.882,-39.868,84.4,5249.932,-100.215,18.328,87.484,75.314,28.498,14.932,20
25.952,19.151,104.791,-128.506,81.157,4749.952,-193.114,77.746,90.417,55.349,25.701,75.221,27
-13.02,19.339,138.286,-130.268,96.959,2849.972,-259.242,147.037,86.398,64.564,22.085,146.388,29
112.819,39.66,72.122,66.611,62.729,5105.969,-112.537,-42.947,63.23,52.571,25.905,-39.249,50
9.613,19.361,93.186,-130.965,65.243,3299.973,-224.246,126.449,53.745,44.454,24.541,123.81,27
84.811,30.249,61.755,-100.484,53.865,2499.976,-75.557,123.335,54.113,44.812,24.634,100.0,44
36.903,49.707,90.139,-66.647,78.582,1081.113,-91.285,203.991,73.689,66.863,24.938,164.29,48
13.681,18.527,39.383,-11.643,31.668,249.984,-43.511,132.618,31.458,26.395,22.78,103.67,13
67.581,68.837,103.647,109.601,90.261,5008.84,-148.231,-75.261,81.314,78.914,26.268,-70.62,79
31.332,18.112,53.543,-40.505,39.452,749.987,-65.98,173.0,31.114,32.154,24.804,139.742,16
120.07,70.057,98.257,-49.504,87.157,5609.256,-112.203,21.714,79.424,78.645,26.384,18.913,66
95.625,18.767,49.885,-90.237,42.785,3403.97,-96.633,76.291,49.101,33.638,22.303,65.057,32
111.299,86.089,88.54,-60.48,86.007,2499.985,-15.403,70.597,68.099,84.442,25.07,50.0,45
9.786,30.721,77.234,-13.471,49.269,143.558,-139.338,264.907,26.853,37.801,24.795,219.447,79
38.695,55.133,85.571,45.257,73.932,1098.835,-41.28,-134.224,47.914,65.588,25.591,-102.855,57
122.407,32.689,42.923,-42.331,39.452,4416.743,-92.259,25.617,43.938,36.773,23.161,21.048,71
131.992,19.23,28.797,-2.095,29.37,2999.968,-17.518,1.345,36.957,25.869,23.273,-0.556,14
15.678,18.973,19.854,-2.116,19.847,299.984,-2.979,15.773,29.408,19.655,19.835,10.771,36
94.043,64.976,80.308,-83.358,73.696,2249.97,-35.45,114.419,57.893,69.167,25.6,84.446,20
120.659,43.739,72.11,15.172,62.927,3222.635,-34.292,-11.654,64.527,54.56,25.277,-11.571,63
15.645,19.041,29.86,-2.139,26.789,300.009,-2.98,15.773,32.581,25.397,19.742,10.71,36
70.524,68.892,75.772,46.442,67.235,1709.655,-18.202,-80.667,64.675,62.906,24.068,-59.589,80
37.334,18.478,22.214,-0.19,21.615,749.989,-2.0,1.097,33.821,19.851,23.965,0.335,16
62.951,70.31,95.069,-114.427,87.619,2999.858,-126.549,115.538,86.164,79.683,27.643,102.059,61
8.145,18.467,63.973,-7.62,45.986,100.002,-79.94,188.413,38.075,37.001,22.722,155.083,18
131.119,81.49,86.819,10.355,85.147,3936.382,-57.357,-9.724,78.671,82.29,28.687,-8.787,58
105.281,26.895,72.096,71.207,58.358,4752.866,-115.804,-51.725,55.052,44.809,24.411,-47.348,73
109.96,91.041,124.269,-69.124,104.791,4169.239,-87.671,44.817,89.431,96.769,24.357,37.605,46
4.168,18.734,19.731,1.507,19.152,99.975,-1.999,1.098,27.123,19.096,22.532,0.257,2
34.954,54.761,93.09,-124.69,79.991,4516.224,-185.958,81.006,76.458,68.878,23.552,81.004,71
109.969,54.179,96.367,-68.093,78.726,4337.48,-98.83,42.696,68.911,65.588,26.384,36.527,68
119.684,51.849,86.136,50.265,77.289,4216.486,-80.721,-37.627,79.115,65.588,24.786,-32.848,80
4.152,18.606,19.352,1.47,18.735,99.987,-2.0,1.096,24.336,18.679,21.52,0.18,3
15.925,18.418,113.762,-129.895,84.853,3999.956,-203.629,96.661,92.966,57.854,24.807,93.529,15
64.101,65.485,100.427,-114.357,90.069,2363.943,-106.958,154.577,74.759,80.235,26.466,131.014,68
38.161,51.912,84.471,125.214,72.122,2696.004,-150.317,-163.211,77.917,64.741,24.801,-147.264,80
43.196,39.542,93.176,122.882,75.4,3313.466,-155.572,-127.448,73.157,59.831,26.649,-117.646,53
8.788,18.603,101.852,-9.802,71.236,99.992,-122.972,242.423,36.094,52.329,22.482,206.745,2
94.59,34.617,82.545,-89.984,69.314,4499.96,-121.503,55.351,64.262,55.842,23.177,50.0,43
56.655,46.023,83.674,-69.177,64.24,1426.408,-54.35,153.266,61.499,52.578,26.376,117.7,68
96.9,18.521,25.962,-0.723,26.307,1999.979,-1.999,1.096,36.378,23.705,23.43,-0.271,4
120.175,50.416,81.059,50.455,70.545,3461.843,-54.175,-44.222,61.463,61.483,25.581,-36.352,65
4.688,18.948,131.22,-130.894,94.89,2703.981,-230.852,155.763,83.282,64.319,23.134,151.824,32
131.792,23.216,36.263,-2.976,35.781,3499.964,-45.628,1.172,44.121,31.339,23.592,-0.555,23
92.229,18.582,66.967,-93.917,56.901,2249.979,-39.954,126.087,79.227,43.341,25.178,94.56,27
119.397,18.77,27.137,-0.828,28.055,2499.972,-2.002,1.098,38.062,25.106,25.75,-0.847,9
116.836,81.49,104.435,59.621,97.86,3887.955,-69.977,-47.915,86.638,91.217,26.383,-40.492,59
128.369,18.362,61.509,-8.674,50.207,5999.929,-118.039,0.248,55.344,36.827,23.52,-0.598,4
44.449,18.804,23.849,-5.736,23.289,899.984,-2.979,15.774,35.111,21.72,19.851,10.788,36
25.01,18.368,28.032,-12.773,25.918,500.004,-15.494,70.794,49.233,23.291,25.906,51.647,6
87.85,19.652,71.786,-95.743,56.617,4999.958,-139.084,53.318,63.074,39.779,23.286,48.531,17
99.441,78.243,103.183,-66.46,94.354,5669.955,-130.18,27.412,83.788,85.792,26.364,25.77,65
35.768,19.315,110.425,-124.905,83.613,5999.942,-184.918,56.712,95.16,55.865,23.605,54.659,31
13.668,18.149,39.379,-11.612,31.744,250.003,-43.511,132.617,30.524,26.385,23.129,103.722,13
69.201,18.448,67.067,-112.01,53.447,2999.972,-124.34,113.101,59.152,39.452,23.315,99.932,14
39.961,30.093,84.723,-50.116,65.018,982.943,-59.032,160.541,52.917,50.893,24.937,124.202,79
32.311,54.927,104.791,66.959,91.041,1205.977,-75.126,-194.041,83.456,76.845,26.446,-155.413,56
123.876,18.975,67.062,-44.121,57.91,4499.956,-87.437,24.685,77.866,44.007,23.954,20.032,20
31.009,18.567,58.734,-40.85,45.362,749.994,-65.981,173.0,46.637,35.666,23.884,139.125,16
87.535,17.668,72.121,-96.34,57.995,4999.94,-138.096,53.462,67.293,41.529,23.559,48.42,6
83.712,81.49,86.823,42.688,84.492,1979.185,-12.027,-61.884,76.267,82.093,26.385,-45.252,79
126.994,49.987,78.707,-29.978,70.126,5321.291,-104.272,12.595,65.389,60.652,24.966,10.188,49
63.446,18.825,44.897,-63.943,37.046,1499.992,-43.514,132.618,36.261,30.259,21.511,103.133,8
124.607,35.826,65.627,40.566,57.453,4204.528,-80.837,-30.932,49.793,48.356,23.189,-27.26,80
9.378,19.685,123.004,-129.875,92.705,5499.946,-202.26,65.177,113.558,61.666,23.784,63.714,24
8.191,18.691,63.127,-7.612,45.986,100.023,-79.94,188.412,30.841,36.849,23.161,155.365,18
30.429,19.09,94.716,-127.713,70.469,3842.966,-191.396,100.471,66.791,49.132,23.594,96.476,32
7.665,18.689,38.821,-5.41,31.336,99.99,-43.512,132.618,28.236,26.384,21.658,103.496,3
24.525,18.198,21.284,0.391,19.851,500.0,-2.001,1.097,31.877,19.85,22.955,0.046,7
122.136,49.876,102.64,-42.567,84.069,5605.068,-111.356,17.845,76.552,67.318,25.654,15.358,48
12.085,18.216,19.786,0.806,19.189,249.981,-2.0,1.098,23.957,19.029,22.925,0.104,13
76.268,39.383,86.19,107.175,72.122,2667.279,-79.665,-129.198,73.79,59.798,26.385,-106.652,50
23.123,91.052,94.596,-0.158,92.023,500.039,-1.998,1.097,80.835,89.559,25.832,0.0,44
86.937,49.891,94.934,-97.207,79.469,4999.947,-134.378,53.825,80.218,65.583,25.934,47.766,6
1.516,38.255,86.218,2.842,77.074,52.718,-2.069,1.074,68.339,65.036,24.251,-0.021,71
45.498,33.352,36.723,70.748,31.486,1397.081,-61.867,-172.212,31.079,29.691,23.164,-135.842,71
12.027,18.797,19.689,0.85,19.079,250.019,-2.001,1.096,23.32,19.072,22.706,0.087,13
4.162,18.617,19.632,1.521,19.048,99.984,-2.002,1.097,24.984,19.009,22.211,0.232,2
83.099,18.383,49.647,-85.34,42.358,1999.983,-43.511,132.618,47.434,33.34,23.509,101.808,12
48.323,24.526,76.107,-35.826,59.387,1068.066,-27.47,98.366,50.321,45.431,22.953,71.802,62
50.894,29.247,48.386,13.302,43.78,1113.138,-3.92,-28.729,46.09,38.555,25.663,-21.078,69
31.018,18.304,59.028,-40.856,45.296,749.993,-65.983,172.999,46.543,35.551,24.586,139.145,16
12.104,18.199,19.809,0.848,19.19,250.002,-2.001,1.096,24.277,18.955,23.018,0.111,13
66.153,50.361,101.739,-110.103,81.855,2129.608,-90.144,168.444,66.131,66.491,26.351,137.475,51
87.47,30.232,52.552,-68.602,46.0,1999.987,-28.706,102.574,52.103,40.476,24.784,75.0,44
56.693,73.812,97.973,23.213,88.99,1346.192,-10.681,-51.543,80.162,81.315,26.184,-37.755,69
9.697,20.002,122.896,-129.685,92.553,5499.959,-202.23,65.178,111.592,61.458,23.188,63.641,24
87.044,19.87,72.122,-96.547,58.332,4999.952,-138.152,53.384,68.427,42.523,25.04,48.521,17
31.037,18.527,58.967,-40.751,45.363,749.99,-65.981,172.999,46.93,35.596,24.946,139.089,16
30.637,19.04,93.711,-127.682,69.277,3842.96,-191.246,100.507,66.128,48.017,23.427,96.526,32
43.425,19.3,42.982,-43.067,35.396,999.987,-43.512,132.618,38.45,29.535,23.154,103.073,5
109.151,18.698,49.327,-73.601,43.369,3749.967,-87.631,53.911,56.538,34.108,23.178,45.098,27
131.242,19.195,42.886,-5.221,38.672,4499.957,-84.73,1.043,46.139,31.34,22.005,-0.594,21
40.475,18.204,32.885,58.339,26.71,1210.078,-55.137,-159.822,43.461,23.607,22.089,-128.172,10
122.555,49.848,91.475,45.163,79.238,5679.536,-111.299,-27.77,77.161,65.589,25.442,-25.505,48
34.554,35.032,50.276,-126.621,39.444,1999.992,-177.619,222.238,31.154,36.224,23.121,200.0,45
73.006,81.483,69.386,-40.477,67.211,1611.378,-16.287,73.073,54.365,68.925,25.644,51.747,57
75.632,24.901,37.191,-107.226,36.319,3020.544,-113.555,106.069,58.087,31.451,26.384,92.29,60
3.79,19.234,104.429,131.373,73.559,3999.954,-216.63,-119.601,67.399,49.785,26.173,-115.445,6
124.955,36.31,65.508,39.737,57.247,4063.838,-75.759,-30.864,49.959,48.335,23.196,-26.939,80
8.141,18.571,63.981,-7.605,45.986,99.985,-79.94,188.411,38.466,37.078,23.201,155.077,18
127.7,50.366,64.967,-15.818,60.679,2846.307,-12.725,15.012,45.48,55.852,25.428,10.075,51
83.106,19.34,49.584,-85.289,41.95,1999.975,-43.511,132.617,46.923,33.533,23.205,101.827,12
24.035,80.492,90.905,-128.029,85.953,3744.181,-199.512,107.069,63.944,82.391,25.717,108.422,69
120.371,49.258,74.578,-49.899,68.888,3711.447,-65.931,35.566,71.047,59.881,25.02,28.362,80
95.872,41.914,113.087,-88.524,91.476,4430.487,-112.9,53.676,87.42,70.663,25.651,47.647,73
57.031,53.901,111.895,118.475,90.956,3284.384,-132.164,-121.207,80.488,73.155,27.794,-108.802,65
54.445,54.223,110.507,106.986,92.147,2543.479,-130.873,-151.088,86.03,75.496,27.971,-131.142,65
71.118,67.17,113.062,78.021,94.044,1939.906,-37.365,-127.648,69.89,81.921,26.019,-97.171,51
7.666,18.522,38.769,-5.41,31.334,99.975,-43.512,132.618,28.377,26.383,21.798,103.526,3
130.928,59.005,77.208,12.23,71.484,4132.205,-66.37,-10.742,74.251,64.94,27.519,-9.769,65
18.924,19.05,79.827,-46.975,51.218,599.995,-147.947,277.55,48.514,36.146,22.591,236.932,27
53.375,39.487,57.557,-13.243,54.542,1121.448,-5.034,31.009,67.146,49.386,26.379,20.743,50
44.489,19.33,57.194,-122.8,44.853,2259.726,-153.879,179.479,55.199,32.993,26.279,160.405,53
23.65,18.693,39.531,-22.046,32.863,500.006,-43.513,132.618,34.941,27.609,22.659,103.3,7
112.605,49.824,63.927,-67.871,60.734,2999.973,-49.691,64.68,62.682,55.963,25.972,50.0,42
85.168,28.177,68.855,-99.852,59.868,3251.006,-103.336,89.067,69.13,47.525,26.384,76.77,66
119.405,18.528,27.849,-0.789,28.688,2499.973,-2.002,1.098,39.477,25.245,25.542,-0.792,9
21.22,78.674,104.931,53.396,93.353,928.527,-86.211,-210.445,77.58,85.916,25.974,-170.354,69
117.273,81.445,116.1,49.576,100.818,4249.536,-82.573,-38.275,78.304,91.911,24.66,-33.691,79
61.85,49.814,59.747,-64.389,56.46,1499.989,-43.511,132.617,58.297,53.184,24.9,100.0,42
7.673,18.569,38.769,-5.403,31.326,100.034,-43.512,132.618,27.941,26.38,21.432,103.531,3
52.357,18.493,68.197,-120.644,50.048,1999.98,-128.076,204.568,49.89,36.931,25.387,176.924,4
127.004,61.222,95.924,-8.157,82.252,3882.355,-61.57,3.818,73.29,70.829,23.577,2.347,62
4.953,78.97,112.651,12.571,96.614,213.518,-23.949,-49.537,77.986,86.812,25.887,-41.254,69
63.86,15.635,24.806,-63.675,21.323,1499.997,-43.511,132.617,24.806,19.729,19.851,103.762,8
112.922,49.763,52.613,-66.903,49.27,3056.538,-53.833,64.132,34.303,45.986,22.251,50.001,43
37.046,18.57,23.617,-0.088,23.23,749.992,-2.0,1.097,38.895,21.409,24.24,0.236,16
4.779,18.538,33.992,-1.559,30.489,60.005,-9.127,50.765,58.31,26.396,23.319,36.323,27
96.837,19.137,25.705,-0.713,26.223,1999.98,-1.998,1.096,35.086,23.614,23.336,-0.292,4
129.64,18.572,65.825,-1.206,57.965,2749.969,-1.998,1.085,52.352,45.986,23.267,-0.77,20
103.99,45.741,88.592,80.713,78.707,2957.968,-47.966,-82.198,76.908,65.159,27.609,-64.956,74
55.972,65.023,121.495,-117.709,98.383,5249.931,-164.654,63.504,89.339,82.586,29.085,58.416,20
97.147,18.103,25.132,-0.522,25.611,1999.978,-2.001,1.098,32.672,23.212,23.513,-0.11,12
21.899,85.98,101.374,-26.38,92.052,500.028,-58.92,161.745,78.727,86.808,23.881,125.0,41
4.697,18.333,24.76,-1.801,22.079,49.974,-15.495,70.795,28.057,19.851,20.426,52.528,30
23.627,18.922,39.452,-21.978,32.537,500.003,-43.514,132.618,33.427,27.196,23.157,103.268,7
88.478,49.858,79.488,97.048,69.607,3817.724,-106.356,-81.635,70.415,60.575,24.818,-72.119,48
12.047,18.265,19.619,0.853,18.986,249.999,-2.0,1.095,23.4,18.825,23.115,0.091,13
5.092,18.636,121.171,-130.561,89.386,3499.968,-219.394,113.678,94.406,60.587,23.053,111.119,26
65.208,19.446,68.543,-58.66,55.146,1519.3,-35.271,115.484,57.327,39.598,26.384,85.797,53
13.687,18.487,39.386,-11.641,31.895,249.986,-43.511,132.618,31.254,26.492,23.022,103.767,13
75.218,49.807,77.129,-107.928,67.229,2681.401,-99.561,123.321,66.392,59.076,26.508,104.391,58
86.616,65.041,104.791,-98.107,91.81,4999.937,-132.736,54.147,89.865,78.866,25.786,47.54,6
78.342,81.104,98.281,-98.518,91.978,3012.171,-95.391,99.948,69.917,85.091,25.788,84.258,69
31.41,34.428,88.777,-42.299,72.097,775.369,-64.65,170.846,71.645,59.127,26.403,133.094,56
78.56,56.105,63.891,37.872,62.165,1818.223,-11.549,-59.272,61.19,59.289,28.827,-43.321,58
66.617,65.426,65.45,-0.29,61.89,1441.686,-3.327,-0.174,63.652,60.064,25.726,-1.054,55
43.732,68.029,71.537,123.352,68.891,3544.09,-160.853,-121.965,62.945,67.024,26.31,-113.138,70
91.649,18.648,31.793,-44.302,30.18,1959.984,-13.558,64.154,40.85,26.293,21.065,46.614,30
85.616,19.341,53.538,-100.257,44.572,2499.971,-75.758,123.394,48.858,34.809,24.916,100.549,9
8.194,18.213,62.517,-7.605,45.932,99.985,-79.941,188.412,29.098,36.187,22.73,155.426,18
4.105,18.485,19.786,1.506,19.206,99.988,-2.001,1.098,28.542,18.999,22.127,0.254,2
24.699,18.849,29.903,0.433,26.972,499.993,-2.0,1.097,34.989,24.919,23.453,0.12,7
9.95,39.538,73.488,21.547,64.905,432.468,-63.355,-175.856,68.552,55.662,27.139,-138.914,53
131.793,18.466,39.158,-3.91,37.065,3999.956,-67.008,1.105,49.913,30.304,24.787,-0.554,15
9.701,19.355,122.968,-129.703,92.677,5499.948,-202.101,65.15,112.011,61.72,24.839,63.61,24
-1.244,18.706,123.669,-130.926,88.126,3499.969,-234.35,117.272,71.845,59.422,19.903,115.389,26
71.475,19.436,32.156,-24.41,31.282,1499.989,-7.817,43.902,52.532,26.385,22.693,31.005,10
76.681,47.603,91.943,7.235,83.717,1702.025,-3.949,-11.489,78.733,72.065,27.916,-8.967,68
86.271,64.976,104.791,-98.557,92.643,4999.938,-132.538,54.205,93.086,79.373,26.384,47.574,6
41.358,23.74,92.31,-124.396,72.122,3499.968,-172.465,107.163,74.081,53.191,23.667,100.0,41
108.962,28.917,65.241,71.621,56.13,4832.377,-111.237,-47.998,62.244,45.071,26.4,-43.725,53
49.459,18.699,89.148,-61.816,71.547,1249.996,-52.051,150.34,93.851,52.574,23.586,115.626,27
110.922,19.091,53.562,-69.212,44.63,4749.946,-113.233,39.547,48.154,33.827,24.082,34.548,20
83.754,18.195,45.428,-84.572,38.142,1999.984,-43.512,132.617,35.149,31.039,23.204,102.21,12
20.488,72.857,103.857,50.89,91.616,894.95,-84.801,-205.945,81.907,82.789,26.317,-166.687,65
23.14,65.723,116.912,-128.742,96.679,4001.043,-197.25,97.62,77.22,82.03,26.384,97.676,51
87.349,29.603,58.035,95.623,50.264,5417.72,-144.686,-60.685,45.297,41.761,25.442,-57.221,69
73.354,45.879,98.147,78.063,78.741,1973.012,-36.344,-123.61,75.433,64.381,27.718,-94.04,74
4.787,18.612,26.295,-1.519,24.792,60.028,-9.126,50.765,53.288,22.936,22.347,36.561,27
8.14,18.531,64.014,-7.607,45.986,99.958,-79.94,188.412,38.405,37.082,23.195,155.09,18
73.067,18.574,25.303,-9.412,25.364,1499.99,-2.98,15.774,36.571,23.182,20.596,10.844,36
92.302,35.798,81.305,-93.685,69.038,2515.241,-59.232,112.503,62.178,56.872,26.176,88.416,58
4.175,18.772,19.495,1.487,18.752,99.977,-2.002,1.098,25.39,18.959,21.521,0.19,3
85.834,18.619,52.737,-100.073,43.412,2499.979,-75.709,123.418,45.065,34.145,24.129,100.69,9
4.729,49.925,100.941,18.061,81.923,341.852,-82.439,-203.15,71.732,68.159,25.053,-164.019,48
129.289,19.734,60.989,-2.171,49.719,4360.79,-80.184,-1.661,55.824,37.189,26.383,-2.349,53
53.681,34.837,84.467,118.912,68.15,3329.475,-141.385,-120.875,68.04,53.347,25.513,-109.721,55
51.066,40.928,80.23,-117.706,70.66,4541.575,-168.679,74.507,76.405,57.79,26.383,70.519,74
63.22,19.237,92.865,-112.018,69.271,5999.941,-168.75,51.707,71.093,45.986,22.689,48.593,19
25.065,35.197,88.693,-6.857,69.695,499.987,-6.371,36.936,40.509,54.186,23.182,25.0,45
69.59,19.008,65.726,-111.492,52.679,2999.969,-124.267,113.085,56.072,39.451,22.531,99.943,14
92.752,18.705,56.525,-93.433,49.304,2249.981,-40.239,126.054,70.586,38.045,24.028,94.967,27
3.935,23.045,124.287,-130.668,91.822,3499.965,-221.061,114.243,94.027,63.812,22.92,111.452,23
54.466,44.519,66.883,56.357,61.017,1460.052,-34.97,-120.777,64.614,54.583,26.447,-91.633,56
30.202,18.494,101.745,-127.699,75.461,4499.966,-191.865,83.725,75.334,52.547,19.851,80.056,21
35.626,40.115,75.45,-126.142,63.947,2997.806,-181.289,133.707,54.372,54.138,23.786,125.0,44
27.734,49.717,71.878,47.09,64.134,939.578,-60.854,-170.613,73.806,58.23,24.902,-134.426,47
53.145,18.359,33.337,-35.602,29.965,1149.988,-23.017,90.022,41.712,25.906,24.64,67.455,27
48.859,18.674,24.647,13.697,23.843,1064.994,-4.252,-34.263,35.961,22.098,22.408,-25.385,10
124.213,37.706,70.5,-42.769,63.289,3516.903,-53.74,31.806,67.854,53.201,26.308,24.526,66
108.36,17.588,62.379,-74.407,54.778,3637.693,-81.992,55.381,70.51,41.896,26.385,45.863,59
8.138,18.464,63.996,-7.609,45.986,100.025,-79.941,188.412,38.445,37.111,23.175,155.086,18
13.66,20.039,117.948,-130.43,88.307,5499.951,-201.956,66.204,100.752,58.684,21.12,64.582,24
58.898,29.933,59.177,-75.801,49.632,1499.993,-58.917,161.746,48.372,41.674,25.297,125.0,44
72.493,18.596,45.988,-9.5,41.871,1499.988,-2.981,15.774,45.291,35.192,19.851,10.694,36
126.233,91.096,123.165,33.751,109.725,4020.082,-62.786,-26.934,88.44,98.257,27.378,-22.974,61
55.627,18.457,62.845,-77.611,49.338,1449.976,-65.98,173.0,47.391,38.001,21.937,138.843,30
74.94,19.18,60.614,-108.198,49.25,2569.981,-99.959,130.177,51.69,37.822,22.424,110.706,32
86.919,18.417,72.122,-96.551,57.804,4999.951,-138.211,53.426,66.925,41.746,23.998,48.64,17
53.499,64.429,114.76,-120.331,96.779,3299.954,-147.71,109.823,89.149,82.337,28.055,97.933,20
127.972,32.881,71.438,-20.646,60.679,5003.193,-95.718,8.117,69.646,46.502,26.385,6.29,74
131.988,18.456,30.543,-2.167,31.338,2999.969,-16.769,1.349,43.709,26.385,23.502,-0.574,14
46.915,85.936,94.037,-1.023,90.814,999.978,-2.0,1.095,85.749,87.67,25.587,0.0,45
97.025,18.188,45.848,-82.018,37.871,2292.616,-38.212,110.315,42.026,30.978,23.108,84.443,11
68.828,65.78,104.791,-111.991,90.156,1999.991,-79.642,187.723,58.77,78.762,23.974,150.0,45
48.268,18.806,68.932,-119.053,53.866,5999.941,-183.576,55.633,64.876,38.741,22.499,53.541,31
13.684,18.505,39.402,-11.643,31.833,250.0,-43.513,132.617,31.283,26.39,22.506,103.699,13
23.71,18.513,39.381,-22.006,31.87,499.997,-43.512,132.619,29.562,26.385,22.337,103.563,7
19.95,28.82,58.716,-2.235,52.788,406.235,-3.246,13.518,67.297,45.078,27.296,8.544,61
24.524,18.602,21.437,0.212,19.91,499.981,-1.999,1.098,37.321,19.851,25.73,-0.056,4
43.905,18.624,87.247,-121.237,65.017,5999.956,-184.595,56.389,72.05,43.455,23.113,54.245,31
57.113,76.411,95.206,-118.139,79.69,2359.095,-123.403,162.778,66.41,72.119,26.4,140.869,58
8.168,18.632,63.678,-7.622,45.986,100.012,-79.941,188.411,35.511,37.031,23.167,155.166,18
83.518,18.65,45.461,-84.838,38.286,1999.974,-43.512,132.617,38.948,31.058,23.93,101.981,4
102.84,29.867,39.494,-81.878,37.812,2499.978,-41.618,99.164,36.539,33.725,23.32,75.0,44
28.188,62.06,83.086,127.556,68.362,3799.86,-183.874,-119.619,68.868,59.193,26.269,-114.11,63
8.136,18.49,63.971,-7.613,45.986,99.996,-79.941,188.412,38.507,37.052,22.718,155.088,18
86.743,18.299,45.281,-98.678,39.177,2701.789,-84.712,111.638,42.295,31.399,22.917,92.256,11
13.667,18.233,39.376,-11.608,31.607,250.004,-43.512,132.618,30.513,26.385,23.153,103.722,13
131.419,18.867,52.597,-5.411,45.986,4499.96,-81.095,1.04,68.613,37.051,22.113,-0.512,21
89.155,18.716,62.995,-95.879,52.625,3999.961,-117.839,67.11,69.352,39.378,23.181,59.558,31
37.597,48.626,78.672,-64.816,63.699,1073.815,-86.065,198.597,69.631,55.89,24.899,158.934,80
8.141,18.812,63.988,-7.617,45.986,99.969,-79.941,188.412,38.196,37.063,22.372,155.091,18
9.475,19.349,122.951,-129.787,92.96,5499.956,-202.016,65.054,113.015,61.725,23.204,63.591,24
106.091,44.407,104.791,-71.765,90.872,4590.76,-107.611,41.616,74.622,72.529,27.381,36.288,74
4.787,18.521,23.938,-1.521,22.562,60.0,-9.126,50.765,47.709,19.862,23.44,36.633,27
87.157,18.517,72.112,-96.348,57.717,4999.96,-138.443,53.411,67.062,41.34,23.641,48.72,17
131.707,23.179,36.415,-2.972,36.023,3499.964,-45.591,1.171,44.847,31.358,23.848,-0.54,23
8.753,18.295,103.043,-9.803,72.121,99.97,-122.971,242.424,43.555,52.577,22.537,206.343,2
31.37,18.406,37.931,-40.315,28.208,749.984,-65.981,172.999,25.722,23.86,24.821,140.056,16
94.373,27.808,61.231,-54.62,54.168,2074.114,-17.787,75.783,52.619,45.149,26.027,53.991,67
23.649,18.863,39.498,-22.067,32.989,499.989,-43.511,132.617,35.68,27.72,23.46,103.267,7
53.095,18.443,33.541,-35.649,30.392,1149.99,-23.016,90.022,43.313,26.212,25.039,67.416,27
24.596,18.451,19.929,0.358,19.851,500.005,-2.002,1.096,33.2,19.85,25.573,-0.045,4
30.928,79.549,109.357,-30.475,98.248,706.747,-42.305,130.717,69.614,90.502,26.385,98.341,58
30.092,18.766,22.31,-3.9,21.492,599.995,-2.98,15.774,32.47,19.851,19.851,10.737,36
27.354,19.437,104.791,-128.045,79.577,4499.964,-191.242,82.785,89.149,54.969,22.397,79.364,21
127.843,39.643,72.111,27.687,62.934,5256.737,-102.473,-18.979,60.575,52.608,26.007,-17.345,50
131.339,18.864,67.269,-5.45,58.659,4499.958,-79.018,1.04,77.454,44.718,22.214,-0.535,21
4.098,18.326,25.093,1.533,23.712,99.996,-2.001,1.098,36.059,22.824,23.386,0.458,18
4.171,18.658,19.503,1.463,18.832,99.977,-2.001,1.097,25.502,18.855,21.886,0.191,3
73.529,18.45,24.813,-0.455,24.832,1499.987,-2.001,1.096,35.836,22.809,23.405,0.07,8
58.707,56.106,74.086,-10.775,67.481,1232.425,-4.614,24.162,54.834,61.94,25.638,16.009,69
31.35,18.32,46.012,-40.407,35.517,749.995,-65.982,172.999,27.914,28.269,24.805,139.911,16
115.317,35.254,66.368,-57.223,55.909,4755.233,-105.15,31.495,60.986,45.984,26.279,27.273,70
131.81,18.973,38.198,-3.867,36.174,3999.956,-67.424,1.102,46.796,29.723,24.491,-0.584,15
32.886,58.433,92.974,11.583,83.714,780.377,-7.407,-40.543,83.86,72.122,26.384,-29.69,65
38.078,49.774,56.127,-4.026,54.989,789.665,-3.007,11.786,64.107,52.593,26.21,7.291,48
95.373,46.104,77.135,88.826,66.991,3990.549,-104.1,-71.558,66.396,57.531,23.529,-63.371,80
18.821,78.298,78.605,-129.118,71.758,2444.702,-207.139,176.358,68.4,70.857,26.127,167.235,79
4.187,18.315,19.472,1.432,18.71,99.975,-2.001,1.097,24.029,18.834,22.466,0.443,18
24.419,34.502,30.732,15.006,29.663,598.21,-14.366,-75.295,28.216,30.366,24.469,-55.169,57
110.236,27.652,65.549,62.005,55.565,5692.795,-125.802,-37.89,61.856,42.955,26.027,-35.343,67
8.151,18.501,63.983,-7.617,45.986,100.032,-79.941,188.411,37.663,37.037,23.192,155.096,18
4.206,18.563,19.48,1.46,18.801,99.989,-2.002,1.098,25.233,18.988,21.859,0.17,3
85.455,18.13,54.05,-100.404,44.97,2499.977,-75.84,123.365,50.402,35.147,24.806,100.587,9
73.446,18.569,23.799,-0.33,23.896,1499.983,-2.001,1.097,32.02,22.231,23.337,0.002,8
97.07,34.108,66.736,87.973,58.866,3337.678,-80.606,-82.503,61.799,49.31,26.344,-69.661,70
-0.55,33.881,63.975,-0.175,51.434,36.756,-2.378,2.12,59.377,42.821,26.245,0.792,70
89.04,39.561,68.417,-93.471,57.48,3487.955,-108.882,80.408,48.039,49.348,25.702,70.027,60
126.253,70.276,65.472,34.663,64.472,4551.422,-87.329,-25.498,57.8,65.238,26.37,-22.836,79
50.927,19.371,64.196,-13.361,53.271,1057.335,-6.057,34.887,56.985,39.452,26.287,23.564,53
86.148,18.137,52.491,-99.802,42.859,2499.977,-75.561,123.469,43.524,33.558,23.593,100.732,9
131.234,18.476,68.744,-6.649,57.166,4999.948,-94.539,1.027,68.363,41.902,23.993,-0.389,17
22.308,30.72,74.968,-28.364,62.476,512.164,-64.09,169.826,71.553,51.141,26.383,132.215,74
46.133,80.482,84.313,34.925,80.2,1184.309,-24.198,-90.687,60.796,78.844,26.011,-67.705,66
38.921,28.84,72.108,-124.214,58.615,3089.98,-174.774,125.305,60.814,45.985,26.409,117.363,53
43.08,80.556,113.564,-45.862,101.687,1050.923,-43.379,132.565,88.336,92.26,28.949,99.93,58
50.626,19.088,55.845,-60.899,45.865,1249.991,-52.045,150.341,67.711,35.982,23.915,117.532,27
63.271,50.234,95.182,115.251,75.72,2225.875,-82.352,-180.455,53.801,64.176,25.788,-146.907,51
8.145,18.826,63.986,-7.615,45.986,99.978,-79.94,188.412,38.022,37.029,23.188,155.08,18
115.204,28.919,62.526,56.387,52.993,4800.945,-104.98,-38.428,58.788,43.015,26.385,-34.988,53
73.559,18.428,24.102,-0.451,24.224,1499.982,-2.001,1.097,33.831,22.363,23.334,0.042,8
86.231,19.338,98.39,-99.181,79.641,3999.958,-114.776,67.585,98.15,55.875,23.218,59.114,31
74.204,81.462,98.376,-30.276,94.001,1636.371,-9.026,50.39,86.228,88.538,28.812,34.723,58
27.484,19.342,102.265,-128.424,76.145,3779.973,-193.254,102.428,74.915,52.72,19.851,98.293,32
43.377,39.688,84.448,124.299,68.929,2149.651,-121.156,-206.321,70.352,56.091,26.179,-176.5,50
57.967,19.367,100.768,-115.726,78.707,5999.944,-167.74,52.325,93.071,52.688,25.095,49.07,19
40.82,24.582,93.638,-124.691,72.122,3499.975,-172.605,107.158,76.874,53.957,24.889,100.0,41
69.316,18.252,66.312,-111.625,52.907,2999.967,-124.428,113.033,57.27,39.448,22.161,99.971,14
31.171,18.35,58.113,-40.707,44.484,749.992,-65.982,172.999,40.768,34.908,24.773,139.376,16
131.701,23.08,37.427,-2.931,36.979,3499.966,-44.991,1.173,48.812,31.778,23.262,-0.638,23
36.715,24.696,87.346,119.373,65.456,1817.765,-118.868,-245.999,66.43,47.853,25.78,-204.904,65
37.677,40.92,82.6,-124.615,70.641,5667.457,-188.525,61.927,76.554,57.676,26.379,60.019,74
85.636,54.891,93.323,81.424,84.723,2254.111,-31.486,-109.92,82.867,72.122,26.407,-83.016,56
102.408,47.723,45.982,-82.157,39.861,2716.169,-51.94,89.636,53.659,37.651,26.415,69.51,76
109.92,44.897,68.944,70.594,62.55,4086.437,-90.477,-54.619,65.06,55.784,25.455,-47.825,79
15.625,18.32,113.121,-130.027,84.495,3999.956,-204.539,97.032,91.178,57.599,24.095,93.897,15
63.786,17.251,29.638,-63.747,24.952,1499.99,-43.512,132.618,25.932,21.347,19.851,103.669,8
131.327,18.619,42.793,-5.22,38.545,4499.954,-84.788,1.046,45.373,30.919,21.892,-0.591,21
9.65,16.741,23.33,-11.52,18.457,149.983,-99.215,216.051,22.981,18.276,19.851,182.424,30
71.51,70.594,100.933,54.428,90.938,1810.402,-23.682,-90.499,75.762,81.517,26.39,-67.515,60
1.402,64.363,100.431,16.601,86.164,297.738,-104.519,-233.984,80.322,76.277,24.44,-192.445,80
32.04,77.66,91.407,127.743,80.955,2947.536,-167.601,-154.825,67.601,76.37,26.372,-142.914,66
130.886,18.802,49.546,-6.34,43.083,4999.947,-96.867,0.845,52.155,33.25,23.428,-0.56,17
83.113,19.295,49.47,-85.321,41.785,1999.98,-43.511,132.618,46.876,33.286,23.35,101.825,12
49.395,18.719,89.286,-60.965,72.042,1249.995,-50.734,146.703,99.615,52.861,25.358,112.194,20
20.709,39.169,92.794,-30.19,78.157,499.961,-79.937,188.412,73.041,64.262,24.626,150.0,41
78.233,54.885,98.198,106.038,86.711,2434.439,-59.305,-139.683,83.61,72.181,26.871,-110.792,56
131.246,18.676,42.785,-5.157,38.354,4499.958,-84.767,1.043,45.455,31.238,22.335,-0.587,21
125.174,78.999,101.411,-37.08,92.253,3821.059,-60.654,25.114,75.454,85.175,25.842,19.496,69
94.317,86.099,104.789,-90.665,96.322,4499.962,-116.339,55.92,82.634,89.446,24.574,50.0,45
51.2,18.369,52.914,-59.268,43.22,1249.987,-50.734,146.703,58.971,34.472,25.119,114.79,20
53.13,90.95,110.898,80.211,103.651,1681.526,-55.153,-159.239,89.455,97.238,24.867,-124.605,46
75.434,49.69,90.29,-100.879,78.723,1999.978,-58.719,161.58,72.331,66.834,25.471,125.0,42
99.004,17.271,19.108,-52.929,18.279,2462.37,-37.536,63.02,24.46,18.209,23.396,36.52,6
125.267,35.748,42.76,-11.291,37.111,4458.688,-91.377,5.321,30.447,34.75,26.294,3.37,68
4.595,23.378,124.116,-130.58,92.079,3499.965,-219.586,113.81,96.26,64.073,23.304,110.947,23
69.343,18.202,65.66,-111.641,52.631,2999.972,-124.428,113.097,56.129,39.445,22.955,99.95,14
55.573,18.682,62.693,-77.671,49.425,1449.989,-65.979,173.0,48.424,38.175,22.129,138.797,30
65.472,65.798,92.156,-6.468,83.62,1405.209,-3.126,11.507,72.114,75.244,26.386,7.122,68
69.242,51.445,72.117,108.929,61.002,2157.271,-63.028,-169.879,56.127,53.465,25.08,-134.386,64
117.853,19.187,58.046,-0.84,52.562,2499.971,-2.0,1.097,61.182,41.757,25.68,-0.838,6
4.17,18.487,19.304,1.459,18.588,99.99,-2.0,1.099,23.327,18.696,22.319,0.188,3
44.37,18.632,26.125,-5.704,25.124,899.997,-2.981,15.774,37.115,23.266,19.851,10.717,36
23.623,18.654,39.452,-21.993,32.573,499.999,-43.511,132.617,33.18,27.278,22.853,103.272,7
55.594,18.88,62.68,-77.665,49.356,1449.994,-65.98,172.999,47.92,38.066,20.978,138.866,30
69.443,18.215,65.758,-111.624,52.697,2999.973,-124.322,113.213,56.098,39.449,22.683,100.067,14
13.666,18.457,39.433,-11.63,31.873,249.986,-43.511,132.618,31.784,26.388,23.275,103.74,13
89.465,64.013,85.031,-49.434,80.327,1999.984,-15.494,70.795,75.617,72.18,23.232,50.0,41
95.276,49.921,69.402,-90.695,64.526,3235.481,-86.951,80.816,65.458,58.136,26.385,67.629,58
118.722,61.223,94.329,-53.33,81.964,4468.616,-90.522,31.057,72.765,70.549,23.522,25.75,62
119.94,81.49,103.211,45.728,93.325,3556.206,-53.219,-38.807,79.738,86.073,26.385,-32.53,79
34.13,20.197,95.025,-125.954,68.67,5499.959,-193.892,66.37,62.007,45.551,19.85,63.835,24
63.092,18.26,45.986,-64.444,38.844,1499.984,-43.512,132.618,43.404,31.534,23.251,102.908,8
41.096,24.837,45.824,123.769,37.935,1893.056,-117.942,-246.821,34.308,31.728,22.852,-205.175,62
130.501,29.44,76.533,-13.938,65.219,3821.617,-57.729,7.873,63.336,52.571,26.694,5.454,53
128.255,18.28,61.712,-8.69,50.837,5999.931,-117.906,0.225,56.121,36.852,23.791,-0.647,4
27.777,33.726,97.043,-32.289,79.276,643.29,-53.769,152.42,72.475,64.008,26.521,116.939,56
36.987,18.382,21.905,-0.163,21.486,749.991,-2.001,1.098,31.698,19.851,24.156,0.19,16
28.111,18.661,60.537,-94.266,37.082,1199.99,-166.064,301.707,32.596,26.319,19.851,258.132,36
48.993,18.141,23.784,13.66,23.182,1064.996,-4.25,-34.263,30.849,20.913,22.692,-25.409,10
43.571,19.195,41.195,-42.931,33.712,999.982,-43.511,132.618,33.137,28.027,22.119,103.226,5
61.815,49.876,69.89,-64.335,63.126,1499.986,-43.513,132.619,59.333,57.436,24.904,100.0,42
130.368,18.395,49.772,-6.081,43.165,4999.947,-97.99,0.611,52.233,33.248,23.796,-0.745,17
4.138,18.427,19.851,1.488,19.734,99.997,-2.002,1.099,31.994,19.349,23.179,0.48,18
37.781,32.09,68.464,125.526,57.709,4605.28,-179.401,-95.839,68.672,45.107,26.521,-91.701,76
117.214,35.772,68.939,-10.854,63.916,2491.328,-2.959,11.311,67.606,54.798,26.031,6.962,66
38.121,18.733,30.712,-18.625,28.812,795.006,-13.559,64.153,62.28,25.064,23.016,46.247,29
8.14,18.295,63.986,-7.61,45.986,99.99,-79.941,188.412,38.393,37.113,23.023,155.072,18
6.506,64.522,65.347,1.35,64.037,149.947,-2.002,1.098,61.432,63.683,26.839,0.428,20
55.874,18.534,60.453,-77.298,45.986,1449.984,-65.98,172.999,40.606,36.41,19.852,139.15,30
24.793,19.331,116.997,-127.817,88.867,5849.936,-190.744,59.495,105.615,59.103,25.926,57.735,27
131.754,23.201,36.527,-2.97,36.086,3499.964,-45.543,1.168,45.917,31.374,23.408,-0.557,23
71.702,80.903,131.048,-110.045,109.773,2770.122,-103.147,120.748,90.202,95.556,26.385,102.939,56
73.502,18.585,23.554,-0.247,23.62,1499.989,-2.001,1.097,30.885,21.809,24.592,-0.028,8
49.52,18.915,23.624,-0.23,23.307,999.992,-2.0,1.097,35.125,21.653,21.498,0.035,5
115.732,29.022,71.528,61.813,60.569,2920.199,-30.805,-60.607,62.732,46.051,26.385,-46.674,53
28.409,19.646,98.257,-128.148,72.297,4149.965,-193.524,92.085,72.998,51.122,20.647,88.553,29
114.137,39.638,84.485,65.028,72.659,3536.848,-64.114,-55.359,72.374,61.248,26.172,-45.946,50
4.239,18.692,19.568,1.471,19.093,100.026,-2.001,1.098,26.249,19.052,21.948,0.171,3
4.19,23.21,124.064,-130.681,92.04,3499.967,-220.583,114.098,94.962,63.991,23.906,111.276,23
48.767,18.631,24.965,13.717,24.78,1064.987,-4.251,-34.264,39.305,22.527,23.085,-25.355,10
131.354,19.333,42.768,-5.18,38.523,4499.957,-84.736,1.049,45.466,31.238,22.73,-0.604,21
85.85,19.35,64.63,-98.626,50.638,3813.111,-120.77,74.717,54.119,37.767,23.171,66.23,11
100.816,39.745,68.78,83.579,60.518,4945.096,-121.19,-55.69,61.331,51.094,26.184,-51.152,50
19.985,43.66,88.937,127.56,72.122,3871.617,-195.246,-119.558,65.962,59.838,25.167,-114.923,63
27.282,19.016,102.087,-128.276,77.113,4229.961,-192.753,89.069,82.397,52.929,23.035,86.161,29
76.441,80.605,85.244,-37.277,83.612,1698.277,-15.797,64.96,59.989,81.903,24.422,46.192,72
8.154,18.77,63.944,-7.615,45.986,100.028,-79.942,188.412,37.498,37.003,22.409,155.096,18
4.147,18.485,22.218,1.505,20.115,100.01,-2.002,1.097,34.796,19.851,23.015,0.496,18
60.623,80.665,119.906,-116.476,104.791,2789.95,-124.13,128.485,90.701,95.037,26.382,112.762,56
13.69,18.139,39.375,-11.64,31.745,249.977,-43.51,132.618,30.949,26.385,22.944,103.722,13
115.207,18.686,41.317,-61.725,35.807,2646.741,-27.518,67.799,45.981,29.415,22.513,50.965,11
100.883,27.037,63.412,-83.248,54.241,4373.125,-112.796,52.195,61.969,43.248,27.153,46.278,58
17.459,40.076,96.548,-129.611,74.613,4999.962,-206.531,76.705,73.635,56.873,23.172,75.0,41
22.287,85.215,70.552,-22.998,70.518,500.132,-48.021,138.523,81.396,72.102,23.982,105.858,41
32.885,34.424,82.339,-44.943,68.269,821.287,-65.41,172.151,70.65,56.038,26.385,134.233,56
48.834,18.328,24.786,13.699,23.914,1064.991,-4.25,-34.263,36.888,22.096,22.623,-25.382,10
26.825,49.95,104.791,128.102,88.202,3374.033,-180.9,-135.32,75.51,71.724,26.056,-127.486,49
51.409,18.812,52.571,-59.005,42.759,1249.978,-50.729,146.704,53.432,33.713,25.608,115.051,20
99.607,39.621,78.745,-80.463,67.862,5441.404,-131.462,39.171,71.579,55.854,27.43,36.257,53
14.746,18.956,80.659,-130.671,55.265,2459.98,-222.56,177.932,46.837,38.033,21.986,172.183,29
8.75,18.635,102.936,-9.808,72.116,99.98,-122.972,242.424,43.085,52.574,21.587,206.354,2
0.0,24.131,58.296,-0.0,51.606,2031.33,-0.003,0.003,63.142,40.641,26.384,-51.863,52
96.801,18.387,26.385,-0.804,26.429,1999.98,-2.001,1.098,38.93,24.358,23.225,-0.132,12
8.756,18.46,102.984,-9.808,72.091,100.014,-122.972,242.425,42.606,52.571,22.858,206.396,2
83.602,18.168,43.237,-84.758,36.726,1999.985,-43.514,132.617,37.51,29.779,23.917,102.06,4
130.395,80.192,100.35,-2.876,89.952,5018.874,-90.082,-2.015,78.17,81.929,26.385,-2.489,79
106.339,26.757,59.803,76.389,52.073,3008.51,-53.435,-77.874,45.55,41.954,25.451,-62.384,78
131.863,19.154,41.162,-3.985,39.334,3999.957,-65.866,1.1,57.335,31.856,23.696,-0.545,15
119.864,42.949,99.522,-50.344,90.177,4987.522,-100.964,25.507,79.815,78.79,26.379,21.56,74
63.215,29.611,49.217,-63.874,42.813,1499.989,-43.511,132.618,34.115,37.174,25.548,100.0,42
65.164,81.49,85.11,-113.737,80.438,3091.941,-131.228,114.613,53.216,80.097,25.682,102.053,59
4.159,18.555,21.938,1.467,19.851,99.995,-2.001,1.096,27.899,19.849,22.037,0.191,3
85.545,18.962,53.949,-100.316,44.684,2499.973,-75.675,123.413,49.568,34.673,24.831,100.568,9
4.671,23.207,124.123,-130.542,92.078,3499.963,-219.898,113.901,95.055,63.966,23.375,111.053,23
65.763,26.947,55.838,-113.713,46.158,2132.23,-97.376,175.458,47.886,39.45,24.183,144.668,73
42.957,18.771,60.687,-118.845,48.542,2608.711,-165.552,151.067,50.81,36.661,23.131,135.869,11
131.306,18.533,42.791,-5.174,38.346,4499.954,-84.739,1.042,45.838,30.924,22.346,-0.573,21
86.813,48.683,65.06,96.22,58.105,3497.736,-100.439,-88.508,64.496,52.887,23.542,-77.238,80
28.272,19.115,114.74,-127.462,85.905,5849.935,-192.692,60.195,90.203,58.253,23.998,58.625,27
72.703,18.2,35.861,-9.5,33.465,1499.991,-2.981,15.775,43.274,29.001,19.867,10.764,36
37.029,49.801,54.444,-22.967,52.571,791.331,-19.981,83.029,60.28,50.912,26.079,59.478,48
17.723,50.067,58.422,-128.363,52.986,2651.023,-210.641,158.862,62.479,49.101,26.376,152.442,54
124.964,72.2,80.854,-20.704,72.122,4784.722,-93.691,8.534,59.27,69.152,26.281,6.698,60
131.242,19.344,49.87,-6.398,43.072,4999.945,-97.474,0.967,52.486,33.528,24.874,-0.439,17
43.62,19.212,39.491,-42.926,33.362,999.988,-43.512,132.617,32.106,27.739,21.328,103.252,5
130.854,18.715,28.33,-0.903,29.697,2749.972,-1.994,1.075,39.07,25.955,23.747,-0.821,20
53.011,26.907,67.806,106.878,54.124,1856.712,-81.254,-202.351,48.293,42.591,24.103,-163.122,73
128.089,19.133,51.055,-8.552,40.783,5999.93,-121.021,0.16,39.837,31.002,23.239,-0.769,4
8.14,18.481,63.989,-7.611,45.986,100.05,-79.942,188.412,38.472,37.207,23.024,155.083,18
119.53,18.551,26.399,-0.675,27.861,2499.97,-2.001,1.098,36.069,24.851,26.18,-0.841,9
13.437,59.924,124.944,43.71,102.938,731.568,-97.848,-225.204,79.315,85.331,27.689,-184.344,56
8.156,18.535,63.96,-7.612,45.986,100.033,-79.941,188.412,37.253,37.011,22.666,155.101,18
87.201,49.431,93.952,-96.976,79.103,4999.956,-134.482,53.84,78.545,65.407,25.963,47.693,6
23.651,18.769,39.458,-22.044,32.857,499.992,-43.513,132.618,34.95,27.592,23.003,103.326,7
124.367,19.161,46.067,-42.701,42.582,4499.956,-91.416,24.52,54.015,33.016,25.56,20.055,20
116.624,18.581,63.409,-53.141,50.033,3552.352,-68.741,40.726,55.858,37.882,22.91,34.982,11
48.983,19.011,23.623,13.638,23.179,1064.984,-4.251,-34.264,31.065,21.475,23.032,-25.401,10
99.474,25.144,50.894,21.435,45.986,2163.225,-3.829,-25.451,56.851,39.428,26.385,-18.814,60
13.713,18.209,34.961,-11.537,27.957,249.994,-43.512,132.619,22.653,24.578,23.12,103.818,13
120.457,75.426,94.314,-52.261,88.815,3748.564,-63.275,36.69,86.35,82.396,26.385,28.989,56
88.697,70.22,103.662,-93.947,89.181,4433.092,-122.534,59.098,78.836,79.558,28.018,53.382,53
83.14,18.762,49.372,-85.255,41.595,1999.978,-43.51,132.616,46.178,33.1,24.875,101.672,4
128.19,18.538,59.929,-8.72,49.102,5999.928,-118.886,0.187,51.132,35.854,23.298,-0.604,4
68.44,65.777,110.362,-112.188,92.783,1999.991,-79.914,187.554,63.091,80.62,23.639,150.0,45
119.402,18.791,63.827,-51.962,52.716,5649.95,-119.033,22.714,65.216,38.784,22.73,19.994,31
4.184,18.362,19.503,1.423,18.725,100.001,-2.0,1.096,24.234,18.785,23.074,0.436,18
4.194,17.897,19.606,1.492,18.873,99.986,-1.999,1.098,23.086,18.688,21.937,0.183,3
124.504,29.667,45.396,-42.305,42.754,3499.963,-56.825,32.29,42.559,36.62,26.34,25.0,42
131.791,18.472,32.322,-3.069,31.791,3499.965,-46.415,1.174,39.779,26.432,23.314,-0.52,26
86.824,29.557,50.714,-97.809,42.212,3323.591,-108.419,87.419,34.754,36.019,25.708,75.933,69
17.924,32.778,54.946,-1.453,49.226,400.508,-2.643,3.299,42.92,43.638,23.165,1.644,71
16.423,39.868,110.071,43.831,83.68,756.736,-86.701,-211.039,78.305,64.994,26.331,-170.902,74
83.498,39.621,59.677,8.398,56.19,1808.969,-3.537,-12.45,63.224,49.875,26.446,-9.663,53
93.062,50.598,72.952,-27.129,70.533,1999.982,-6.374,36.937,66.719,62.402,25.613,25.0,42
23.631,18.53,39.502,-21.983,32.565,499.998,-43.512,132.618,33.602,27.439,23.188,103.271,7
37.314,18.466,22.428,-0.078,22.169,749.991,-2.001,1.098,35.138,19.851,23.406,0.346,16
80.262,46.981,75.207,-102.003,62.084,4111.562,-131.977,71.758,59.154,50.019,25.07,65.312,79
126.648,41.391,62.331,35.599,59.937,3351.615,-40.371,-31.367,72.603,53.309,28.096,-25.295,58
35.536,51.735,95.922,-80.333,76.951,1190.198,-114.754,232.817,77.62,64.323,24.696,191.156,80
8.158,18.191,63.966,-7.614,45.986,99.989,-79.941,188.412,36.771,36.95,23.085,155.126,18
123.935,18.875,32.198,-28.597,32.515,2599.977,-4.813,29.928,50.98,27.736,21.995,19.948,32
29.031,18.59,103.775,-127.966,77.522,4499.958,-191.69,83.315,81.067,52.967,19.852,79.822,21
16.27,18.956,112.982,-129.874,84.722,3999.951,-203.038,96.402,93.329,57.84,24.88,93.344,15
103.809,70.895,98.201,-76.773,82.482,5553.458,-124.951,36.193,81.882,71.636,27.029,33.335,57
34.907,18.837,111.489,-125.316,84.933,5999.945,-184.585,56.536,98.959,56.697,23.879,54.626,31
4.783,18.536,25.581,-1.525,23.662,59.996,-9.126,50.765,51.956,22.216,23.0,36.588,27
45.233,46.073,76.934,122.313,66.824,4233.465,-168.344,-100.965,66.543,57.634,23.597,-95.283,80
29.28,78.324,97.076,-127.996,81.786,2493.362,-185.987,169.57,66.379,74.121,26.395,157.378,58
73.278,34.46,76.168,-30.397,65.565,1579.743,-10.844,52.376,65.559,54.033,25.704,36.502,55
45.171,24.653,85.503,-123.197,64.955,2016.17,-144.02,206.428,61.885,49.332,26.456,180.256,56
13.691,18.639,39.193,-11.592,31.482,250.006,-43.512,132.617,28.414,26.4,22.471,103.778,13
30.109,18.868,21.678,-3.884,19.961,599.999,-2.98,15.773,31.57,19.851,19.851,10.733,36
129.653,40.875,96.208,14.899,78.707,4799.181,-88.935,-12.018,73.283,62.431,26.385,-11.116,54
118.538,65.723,95.008,52.449,85.84,4490.493,-89.206,-37.209,77.301,76.641,26.385,-33.101,51
123.402,49.813,78.707,44.901,69.694,3800.828,-64.225,-36.117,69.691,60.674,24.819,-30.584,48
131.793,18.795,32.437,-3.003,32.104,3499.962,-46.303,1.172,40.489,26.537,23.197,-0.513,26
48.15,28.976,78.716,64.815,63.401,1416.322,-49.013,-148.22,71.226,49.379,26.385,-114.993,59
4.414,32.094,81.677,12.811,64.867,270.255,-63.774,-176.257,63.064,52.618,26.139,-139.317,54
29.681,38.865,60.753,128.094,49.846,2920.191,-175.831,-156.706,52.569,39.452,25.888,-145.757,70
63.127,19.17,45.877,-64.052,38.16,1499.986,-43.512,132.618,40.754,31.326,20.611,102.849,8
93.807,18.607,49.622,-92.181,42.858,2249.977,-40.261,126.149,52.765,33.844,23.187,95.804,27
131.804,18.475,37.818,-3.827,35.452,3999.957,-67.854,1.102,43.661,29.323,24.181,-0.598,15
12.132,18.311,26.366,1.068,24.801,250.027,-2.001,1.096,31.197,23.183,23.167,0.14,13
105.694,64.947,53.146,-76.345,51.491,4360.648,-108.477,48.952,49.268,52.816,24.836,42.889,72
7.919,50.178,78.44,6.692,69.067,257.716,-21.991,-86.853,67.101,61.583,25.539,-64.708,66
131.78,18.33,39.452,-4.003,37.941,3999.955,-66.535,1.101,52.934,31.228,24.783,-0.544,15
131.802,23.508,118.735,-3.326,91.42,3499.962,-35.898,1.173,95.607,64.063,23.264,-0.458,23
125.351,41.386,110.384,26.238,90.883,5065.612,-94.984,-18.517,87.6,70.535,25.632,-17.011,73
30.966,18.504,54.671,-27.089,45.221,674.997,-39.041,120.303,35.382,37.154,21.476,93.049,30
96.714,18.363,26.352,-0.775,26.385,1999.976,-1.999,1.098,38.438,23.991,24.052,-0.285,4
12.89,19.569,104.79,-26.778,67.545,300.015,-166.067,301.702,29.268,45.762,19.314,259.147,36
48.043,49.957,49.324,-13.624,49.248,999.99,-6.372,36.936,49.156,48.414,24.535,25.0,44
107.922,54.877,78.435,76.434,70.726,2698.706,-25.866,-83.911,68.047,63.549,27.914,-63.092,74
23.549,81.214,96.545,128.34,87.023,3336.136,-183.928,-139.109,80.285,81.925,26.385,-131.24,51
24.641,18.661,19.852,0.37,19.851,499.984,-2.0,1.096,31.031,19.849,25.708,-0.03,4
20.317,18.711,116.81,-129.204,86.792,5749.942,-197.161,62.422,96.176,57.686,25.633,60.648,20
96.995,65.059,67.987,8.24,62.192,2114.615,-3.049,-10.437,63.804,59.036,25.766,-8.211,65
62.163,19.168,60.986,-115.914,45.921,1999.986,-101.861,193.591,48.072,34.404,20.484,162.376,32
36.572,18.618,27.291,-18.688,25.234,749.988,-15.495,70.795,31.098,23.172,22.405,52.043,27
131.401,18.959,85.348,-5.464,71.351,4499.957,-77.291,1.039,86.09,52.572,22.13,-0.507,21
79.431,18.638,30.736,-38.366,29.272,1694.984,-13.557,64.153,41.503,25.609,22.024,46.709,29
72.57,26.895,45.91,-7.582,41.989,1505.089,-3.367,11.946,46.905,36.495,24.326,7.519,73
44.724,19.286,62.593,-122.976,45.986,2535.566,-159.838,156.903,55.257,34.472,26.276,142.493,53
63.287,59.984,101.6,-70.157,81.857,1577.489,-46.394,138.52,70.814,70.783,25.098,105.008,80
83.103,18.177,49.79,-85.335,42.011,1999.972,-43.514,132.617,47.543,33.261,23.323,101.798,12
119.56,18.244,26.392,-0.696,27.876,2499.972,-2.001,1.097,36.08,24.851,25.977,-0.848,9
60.755,49.848,84.316,116.623,71.391,2864.682,-116.977,-136.542,66.999,61.131,24.85,-119.275,48
36.78,53.864,125.259,107.08,101.584,1683.224,-102.866,-234.084,91.59,81.42,27.702,-192.083,65
69.12,19.038,66.326,-111.777,53.138,2999.971,-124.494,113.069,58.185,39.452,23.159,99.952,14
53.547,54.878,102.655,92.512,88.077,1757.49,-64.349,-177.995,82.96,75.328,27.975,-140.739,56
119.282,89.466,104.791,30.201,97.901,2954.977,-19.696,-31.366,76.076,92.019,24.795,-22.977,75
29.288,18.71,33.009,-70.942,29.763,995.301,-131.687,253.469,37.812,25.694,21.539,217.204,30
131.259,18.595,43.788,-5.249,39.374,4499.958,-84.219,1.053,48.676,31.554,22.406,-0.575,21
123.03,41.49,70.622,-44.601,63.109,5092.906,-103.167,21.647,69.717,53.141,28.82,18.078,58
8.779,18.779,102.165,-9.805,71.636,99.98,-122.973,242.423,38.055,52.541,21.629,206.623,2
5.202,19.341,121.132,-130.607,89.304,3499.963,-219.424,113.693,93.878,60.405,22.969,111.166,26
30.944,18.769,45.958,-27.106,38.247,674.994,-39.04,120.304,35.712,32.255,20.723,93.138,30
69.318,18.797,66.599,-111.929,53.339,2999.974,-124.3,113.167,58.897,39.452,23.107,99.917,14
128.614,18.646,74.048,-9.224,62.43,5999.936,-112.262,0.384,84.307,45.234,26.321,-0.225,19
87.778,35.466,67.482,86.825,58.984,2287.821,-33.65,-116.647,66.316,49.415,24.06,-88.455,80
12.063,18.79,19.834,0.777,19.415,249.997,-2.001,1.095,26.873,19.15,22.52,0.118,13
26.498,19.182,83.409,-128.599,58.823,3999.956,-201.954,99.634,44.728,39.452,23.876,96.074,15
74.901,18.572,61.082,-108.259,49.371,2569.977,-99.921,130.161,52.348,37.853,21.779,110.675,32
4.565,23.282,124.023,-130.55,92.083,3499.968,-219.79,113.88,96.0,64.031,23.274,110.953,23
73.527,18.645,23.574,-0.254,23.59,1499.98,-2.0,1.097,31.007,21.737,24.217,-0.012,8
131.048,19.007,49.784,-6.383,43.263,4999.951,-96.566,0.909,52.686,33.694,24.923,-0.481,17
53.973,89.38,118.84,45.301,104.791,1431.267,-26.832,-97.748,87.596,98.052,24.929,-73.361,75
4.694,18.56,25.154,-1.808,22.671,50.015,-15.495,70.795,31.368,19.955,21.447,52.478,30
31.229,34.518,65.586,58.362,56.528,1083.6,-69.23,-186.134,65.173,47.859,25.301,-148.03,55
92.581,39.425,49.622,-38.335,46.514,1985.747,-10.137,53.898,54.625,44.464,26.385,37.328,56
130.302,41.412,71.474,16.844,64.145,4792.481,-88.276,-13.334,69.36,54.064,28.103,-12.221,58
131.249,18.465,27.979,-0.814,29.031,2749.97,-1.994,1.071,37.436,25.575,24.137,-0.754,20
9.755,19.325,62.581,12.144,50.355,335.358,-36.906,-123.062,54.22,37.898,23.168,-90.531,11
21.188,18.709,62.745,-2.885,53.36,419.981,-2.979,15.774,51.813,43.669,22.355,10.757,30
131.999,18.71,29.94,-2.141,30.811,2999.969,-17.011,1.34,41.997,26.376,23.888,-0.577,14
52.248,50.054,112.311,-119.891,91.362,4302.791,-161.618,80.403,86.499,72.106,25.16,74.979,48
19.591,90.531,124.704,-129.092,110.745,4464.438,-200.024,86.91,85.617,99.747,25.484,86.188,73
21.59,76.393,122.48,-37.667,98.231,565.347,-100.054,219.738,68.353,86.067,26.384,177.821,58
124.513,39.639,41.589,36.635,39.452,3375.636,-50.004,-33.237,36.391,39.431,25.6,-27.659,60
117.958,90.393,95.351,49.51,86.467,5509.2,-112.355,-31.997,68.806,83.614,26.106,-29.308,65
69.396,18.37,66.847,-111.953,53.323,2999.976,-124.346,113.225,58.997,39.452,23.217,99.928,14
31.13,18.27,58.489,-40.761,44.719,749.986,-65.979,173.0,42.67,35.134,24.171,139.291,16
118.262,18.526,42.893,-0.808,39.454,2499.972,-2.002,1.098,56.916,33.568,25.778,-0.853,6
57.827,49.828,78.707,115.786,69.659,3431.729,-138.226,-114.57,73.935,60.805,24.125,-104.105,47
130.277,50.229,75.75,-16.783,69.131,4428.717,-78.032,7.932,67.574,60.633,25.642,5.723,49
1.844,47.311,66.997,0.994,61.2,10.808,-2.286,2.166,66.657,55.833,26.2,0.796,70
60.389,43.686,86.983,-115.42,70.948,3239.401,-141.758,108.96,62.575,58.56,25.08,98.358,63
84.671,19.431,71.991,99.724,59.091,4526.507,-128.097,-71.654,69.588,43.587,26.207,-65.709,63
105.663,27.254,37.542,72.648,32.988,5489.923,-132.197,-45.728,30.507,28.79,25.644,-42.881,67
73.504,18.657,23.954,-0.376,24.189,1499.984,-2.001,1.097,32.848,22.525,23.351,0.041,8
28.191,19.008,104.445,-127.968,78.707,4499.958,-191.372,82.882,85.287,53.951,19.881,79.554,21
72.328,54.869,104.791,110.142,91.432,2421.472,-70.004,-148.362,84.087,76.971,26.706,-119.712,56
41.488,18.883,70.2,-123.812,50.576,4749.963,-188.095,77.693,41.94,34.711,19.884,74.939,31
102.853,29.772,42.442,-81.872,39.177,2499.984,-41.591,99.144,37.414,34.598,23.315,75.0,44
83.651,18.306,45.985,-84.661,39.02,1999.978,-43.514,132.617,36.942,31.354,23.296,102.225,12
8.773,18.307,102.498,-9.809,71.921,100.0,-122.972,242.423,39.522,52.571,22.468,206.543,2
95.662,18.519,62.445,-89.452,51.289,4499.95,-122.56,55.178,60.464,38.125,25.9,48.865,4
37.35,18.828,22.202,-0.165,21.604,749.989,-2.001,1.097,33.601,19.851,23.899,0.335,16
96.853,18.564,25.64,-0.699,26.127,1999.979,-1.998,1.095,35.36,23.629,23.812,-0.285,4
38.111,18.824,30.728,-18.624,28.753,795.004,-13.56,64.154,62.559,25.192,22.728,46.228,29
130.949,18.262,49.894,-6.488,43.369,4999.944,-97.577,0.859,53.434,33.429,25.521,-0.411,17
46.513,24.793,69.589,53.454,52.967,1279.653,-41.115,-133.98,39.767,39.452,22.894,-102.669,62
77.918,63.89,86.277,-104.113,72.121,4933.684,-142.434,58.75,78.375,64.586,26.614,54.725,57
131.701,18.575,35.27,-3.138,34.726,3499.965,-45.0,1.17,51.259,29.221,23.337,-0.556,26
83.2,18.811,49.31,-85.209,41.223,1999.984,-43.513,132.617,45.627,33.106,23.055,101.861,12
69.245,19.438,66.003,-111.639,52.848,2999.974,-124.341,113.065,57.074,39.449,22.152,99.977,14
79.744,35.402,67.913,105.363,59.861,2397.457,-58.246,-141.8,62.391,50.945,26.349,-112.127,70
130.95,28.643,60.315,9.216,52.571,4034.578,-68.812,-8.995,44.427,42.693,25.378,-8.373,78
86.849,19.238,86.957,-98.537,71.712,3999.96,-115.523,67.481,93.426,52.561,23.17,59.225,31
47.825,34.712,83.71,-120.248,68.804,5196.284,-177.813,66.014,69.394,54.142,25.214,63.74,55
24.577,18.495,19.876,0.367,19.851,499.993,-2.001,1.097,31.318,19.845,22.988,0.071,7
16.049,24.101,115.18,-34.148,83.952,435.87,-138.209,262.793,64.29,61.639,26.273,217.768,50
117.863,28.853,60.679,-53.911,51.064,5540.18,-120.503,24.266,50.149,41.351,25.918,21.422,70
12.084,18.585,19.837,0.853,19.343,249.982,-2.002,1.097,24.32,19.122,22.738,0.105,13
31.114,18.224,58.603,-40.783,44.769,749.998,-65.981,172.999,43.955,35.411,24.603,139.311,16
50.347,18.695,58.362,-61.158,48.211,1249.99,-52.048,150.34,74.534,37.53,21.962,117.16,27
8.146,18.564,64.021,-7.605,45.986,99.989,-79.94,188.412,38.328,36.986,22.525,155.089,18
78.633,18.789,30.517,-38.985,29.651,1694.992,-13.559,64.153,59.364,25.588,21.489,46.25,29
69.105,18.964,66.579,-111.81,53.037,2999.967,-124.503,113.124,58.097,39.451,22.816,99.962,14
130.485,91.275,110.834,0.839,98.257,4279.528,-69.036,-3.192,75.524,92.513,27.028,-3.555,76
58.533,39.855,74.217,-75.757,63.623,1499.987,-58.918,161.746,53.657,53.969,23.924,125.0,44
73.077,27.702,71.41,108.962,59.698,2750.063,-91.797,-128.537,63.797,45.986,26.149,-108.396,67
74.675,39.534,90.575,108.348,76.159,2606.217,-79.066,-134.268,74.836,61.51,26.085,-110.536,50
101.352,46.723,66.947,81.905,59.217,5057.822,-121.462,-53.794,65.718,51.096,25.809,-49.502,79
5.469,18.663,121.137,-130.56,89.435,3499.968,-218.807,113.546,94.582,60.705,22.904,110.971,26
4.694,18.557,24.817,-1.808,22.335,50.023,-15.496,70.795,29.002,19.851,21.256,52.5,30
111.487,27.414,61.819,-65.951,54.537,2533.111,-24.208,76.463,52.713,45.35,25.964,57.337,67
63.69,81.484,111.392,-70.626,100.488,1608.635,-44.283,135.363,87.512,91.614,28.649,102.175,58
48.86,18.975,32.794,-0.327,30.192,999.996,-2.0,1.098,38.813,26.382,23.353,-0.092,5
101.055,19.54,70.664,83.825,56.526,4999.951,-122.795,-54.223,61.215,41.732,23.312,-49.866,10
31.218,18.6,57.496,-40.633,43.566,749.994,-65.982,173.0,36.535,34.503,24.914,139.512,16
131.729,18.591,32.879,-3.066,32.412,3499.963,-46.203,1.17,42.051,27.361,23.818,-0.561,26
49.846,18.612,70.765,-61.589,57.562,1249.987,-52.044,150.341,86.402,43.883,23.177,116.358,27
122.246,38.535,60.52,-48.012,57.34,3999.975,-75.04,31.181,68.133,49.548,23.943,25.0,44
67.713,19.496,67.626,113.404,54.155,2499.97,-91.381,-149.466,59.183,39.52,25.733,-127.533,6
83.289,39.455,58.989,102.063,55.841,2360.745,-48.981,-138.193,63.167,49.542,27.063,-107.541,53
101.826,28.845,45.98,76.304,42.77,5157.442,-128.325,-50.447,40.978,37.043,25.895,-47.051,70
113.646,70.308,103.002,66.13,91.111,3074.454,-36.66,-62.501,80.372,80.91,28.016,-48.621,53
90.289,30.539,71.787,32.623,60.527,2408.547,-32.742,-33.059,66.877,46.087,26.385,-29.163,68
63.717,18.721,36.328,-63.908,30.236,1499.993,-43.513,132.618,28.207,25.448,19.908,103.736,8
23.654,18.432,39.555,-22.053,32.947,500.0,-43.511,132.617,35.35,27.141,22.988,103.306,7
13.664,18.472,39.431,-11.619,32.063,249.978,-43.512,132.619,31.82,26.482,23.215,103.708,13
4.192,18.313,19.559,1.442,18.896,100.031,-2.001,1.098,25.513,18.697,22.565,0.459,18
11.592,19.288,112.734,-131.029,78.706,2459.984,-226.881,177.288,57.15,53.407,22.315,171.704,29
30.137,50.38,88.783,78.006,71.993,1279.439,-97.18,-225.665,51.567,61.219,25.772,-184.455,51
105.993,34.142,75.888,-77.405,59.844,2833.866,-52.663,79.505,60.408,46.162,26.25,61.886,70
39.063,32.776,44.991,-124.012,39.448,5143.476,-193.562,71.312,43.521,36.974,23.18,73.475,71
4.782,18.497,25.338,-1.528,23.577,60.01,-9.126,50.765,51.541,21.963,23.172,36.57,27
128.63,19.101,71.871,-9.255,60.683,5999.94,-112.728,0.391,82.182,44.218,25.256,-0.232,19
48.946,19.021,23.988,13.652,23.357,1064.99,-4.251,-34.264,32.372,21.803,22.686,-25.408,10
49.941,18.563,22.401,-0.318,22.081,999.991,-2.001,1.097,30.586,19.851,23.268,0.168,5
95.557,18.627,62.434,-89.473,51.184,4499.946,-122.555,55.192,60.663,38.061,25.147,48.837,4
47.824,75.466,92.478,-119.101,80.263,3609.367,-165.741,101.504,58.113,75.372,24.968,95.168,72
33.919,90.602,124.393,-124.249,109.606,3558.32,-181.435,108.839,67.51,98.257,26.272,103.23,52
83.164,29.396,62.063,100.752,57.392,2965.501,-84.489,-108.1,71.006,45.986,26.382,-90.964,59
43.411,19.347,43.137,-43.071,35.397,999.982,-43.512,132.617,38.976,29.588,23.159,103.044,5
75.524,49.791,98.911,-100.758,83.795,1999.977,-58.72,161.588,71.107,70.532,25.627,125.0,42
131.425,19.134,49.321,-5.415,44.789,4499.958,-81.9,1.042,63.714,35.121,22.978,-0.507,21
38.508,33.75,86.383,-51.34,71.324,969.809,-61.662,166.076,71.395,58.296,27.004,128.843,56
13.683,18.307,39.325,-11.603,31.765,249.998,-43.512,132.618,29.342,26.385,22.683,103.762,13
40.203,64.341,103.199,-22.818,86.365,869.119,-16.933,73.592,70.71,75.57,25.772,52.321,76
8.194,19.159,61.686,-7.599,45.343,99.984,-79.94,188.411,28.211,35.785,23.097,155.442,18
31.397,34.278,98.022,-89.835,70.666,1210.169,-144.3,271.377,63.97,53.845,23.152,225.0,43
119.358,18.282,27.925,-0.892,28.703,2499.973,-2.0,1.097,39.486,25.205,25.471,-0.833,9
74.941,18.596,61.163,-108.237,49.339,2569.979,-99.859,130.191,52.395,37.878,22.817,110.691,32
84.028,18.128,37.172,-84.213,31.648,1999.98,-43.512,132.618,29.179,26.102,23.172,102.449,12
9.075,53.982,98.01,1.987,83.617,216.119,-2.225,1.095,75.389,69.212,23.621,-0.002,71
129.712,41.359,58.957,-20.901,57.472,4122.55,-69.16,11.608,69.261,51.061,29.663,8.652,58
99.285,29.209,68.741,81.25,57.469,5015.223,-124.779,-54.053,59.167,45.228,26.384,-50.032,53
15.464,64.097,70.11,7.186,65.588,396.593,-10.401,-55.145,64.052,64.605,23.893,-40.524,71
123.467,33.116,60.42,-17.056,49.624,4233.846,-84.819,9.078,39.567,39.46,25.635,7.413,54
129.413,49.785,69.369,24.454,65.757,3036.387,-16.514,-21.986,74.645,59.665,25.95,-16.945,48
83.114,18.757,49.571,-85.321,42.095,1999.982,-43.511,132.618,47.008,33.556,23.486,101.811,12
42.798,51.556,104.792,-120.622,93.813,4245.516,-172.661,83.26,89.129,78.758,28.0,82.563,61
28.595,19.812,95.724,-128.094,71.18,4149.957,-194.13,92.338,69.821,49.314,21.491,88.859,29
121.096,18.971,37.066,-51.8,35.567,3103.974,-44.396,46.083,51.279,29.707,22.247,35.094,32
129.68,66.214,90.433,-19.823,84.593,4716.872,-83.199,8.596,84.844,77.033,29.34,6.376,58
15.187,26.923,70.89,-130.166,57.091,3365.282,-213.17,121.413,63.42,44.449,26.385,123.889,58
60.351,18.363,61.025,60.025,49.317,1600.823,-37.625,-122.406,53.815,37.717,23.1,-89.89,11
97.21,18.872,25.102,-0.498,25.71,1999.977,-2.001,1.096,32.732,23.339,23.182,-0.071,12
119.584,18.557,26.384,-0.656,27.462,2499.972,-2.0,1.097,35.46,24.807,26.366,-0.827,9
90.968,50.196,88.869,5.425,78.707,1979.895,-3.305,-6.966,61.574,65.588,25.434,-5.834,65
24.635,18.393,19.861,0.345,19.851,500.014,-2.002,1.096,30.965,19.847,25.848,-0.032,4
63.113,19.09,45.982,-64.385,38.657,1499.982,-43.512,132.618,43.062,31.394,22.646,102.918,8
129.762,18.493,56.42,-8.054,46.511,5499.944,-107.733,0.637,59.141,35.997,23.153,-0.331,24
7.679,19.281,38.579,-5.393,30.827,100.019,-43.512,132.618,27.083,26.372,21.582,103.501,3
55.633,18.849,62.764,-77.614,49.37,1449.987,-65.981,173.0,47.366,38.022,21.504,138.867,30
31.117,18.637,58.572,-40.775,44.811,749.993,-65.982,173.0,43.809,35.406,24.011,139.303,16
57.236,19.327,101.691,-116.527,78.714,5999.938,-167.776,52.424,95.631,53.231,26.057,49.273,19
37.521,52.28,73.797,-10.937,68.195,783.448,-6.696,37.297,70.315,61.748,23.443,25.328,80
83.112,18.427,49.708,-85.326,42.107,1999.979,-43.512,132.618,47.431,33.239,23.268,101.823,12
117.541,49.815,69.521,-57.167,64.185,4821.395,-103.75,30.856,65.723,57.462,25.044,26.301,48
45.94,90.952,110.724,57.134,104.131,1361.08,-42.369,-135.88,89.577,97.602,24.816,-104.379,46
97.12,49.802,96.744,-87.35,84.205,4357.611,-110.891,54.453,85.884,70.03,25.618,48.15,48
16.959,19.36,110.518,-130.105,82.332,3999.969,-204.16,96.799,85.881,56.254,21.374,94.087,32
44.524,18.572,23.148,-5.685,22.427,899.996,-2.98,15.773,33.013,19.912,19.851,10.856,36
92.697,49.794,72.091,92.636,65.154,4742.626,-124.639,-64.586,64.575,57.66,23.736,-59.241,48
48.999,18.522,23.651,13.653,23.172,1064.991,-4.251,-34.264,30.47,21.4,22.801,-25.418,10
118.784,40.916,83.899,-15.005,70.632,3325.889,-50.185,7.477,72.147,58.769,27.212,5.183,54
4.185,18.352,19.379,1.449,18.656,99.98,-2.001,1.097,23.436,18.786,22.115,0.188,3
84.791,39.601,81.698,-95.278,70.624,4583.801,-134.734,58.872,57.439,60.218,25.697,54.001,69
71.837,19.68,60.707,109.442,49.057,4780.671,-149.066,-77.28,55.703,36.387,26.384,-72.455,53
95.698,18.876,45.728,-90.175,39.416,3403.973,-96.784,76.289,47.591,31.378,23.029,65.135,32
55.118,39.419,95.051,-117.447,77.786,3728.17,-155.312,93.202,72.778,60.803,27.615,86.517,61
130.476,50.131,77.394,13.28,68.963,4804.908,-88.587,-11.191,66.216,59.915,25.714,-10.391,49
34.604,29.404,71.578,126.665,61.59,2571.298,-156.526,-174.648,70.688,49.514,26.385,-158.009,59
31.419,18.679,84.125,-127.564,64.104,4229.953,-190.07,89.229,74.059,44.723,23.141,85.86,29
131.366,19.397,42.777,-5.249,38.517,4499.956,-84.754,1.041,44.663,31.31,22.685,-0.587,21
50.612,49.854,77.188,-97.347,65.588,1565.489,-95.719,211.284,66.444,59.014,25.845,170.664,49
18.537,20.122,98.356,-130.069,72.12,4499.947,-204.945,85.84,74.226,49.296,26.121,83.292,6
8.137,18.385,63.988,-7.61,45.986,100.02,-79.94,188.412,38.438,37.14,23.371,155.085,18
64.888,55.144,67.493,-33.347,64.002,1405.955,-14.478,67.468,53.847,60.035,25.642,47.502,57
130.269,91.096,101.174,-7.16,95.041,4999.957,-90.351,0.783,76.547,90.473,24.801,0.0,44
88.522,39.513,61.813,-19.255,57.291,1888.703,-5.194,26.212,63.611,50.312,26.465,17.557,53
76.977,49.923,74.855,106.474,67.236,4167.341,-129.365,-84.488,68.947,59.388,24.207,-76.928,48
127.671,70.003,95.491,3.116,85.946,5870.04,-108.855,-6.061,81.51,77.58,26.392,-5.462,57
112.344,49.825,78.799,-61.463,72.122,2499.978,-15.353,70.526,71.6,64.651,25.841,50.0,42
102.92,29.738,41.535,-81.911,38.738,2499.977,-41.44,99.188,37.163,34.444,23.867,75.0,44
12.09,18.362,19.657,0.816,19.099,249.976,-2.001,1.097,23.55,18.809,23.171,0.105,13
33.378,67.019,95.15,-125.87,78.562,4008.927,-188.731,96.491,62.264,69.428,25.704,94.973,78
62.897,35.798,83.69,115.162,69.479,4870.846,-155.187,-80.644,70.239,55.029,26.404,-75.929,65
67.221,35.798,106.009,-112.903,81.998,2521.953,-110.787,140.392,59.105,62.802,25.432,120.347,58
21.345,18.622,23.139,-2.956,22.303,420.012,-2.981,15.775,40.875,19.851,21.528,10.845,30
4.213,18.499,19.288,1.45,18.624,100.019,-2.001,1.097,23.313,18.659,22.103,0.183,3
89.852,19.193,58.577,-93.582,45.496,4999.959,-140.894,53.064,42.337,33.334,21.247,48.499,17
48.817,18.508,24.838,13.721,24.234,1064.988,-4.25,-34.264,37.506,22.414,23.121,-25.368,10
68.807,65.791,104.791,-112.039,90.183,1999.986,-79.612,187.728,58.951,78.819,23.8,150.0,45
62.309,91.077,104.776,113.792,96.683,3057.905,-115.917,-125.802,75.886,92.087,26.08,-110.216,55
63.293,18.809,45.393,-64.208,37.862,1499.983,-43.511,132.617,38.056,30.869,21.772,103.064,8
107.425,39.247,84.413,-67.634,71.076,5140.013,-118.601,34.549,70.916,57.249,27.432,31.253,53
87.824,17.953,72.043,-96.061,57.473,4999.947,-138.205,53.441,65.395,39.773,23.274,48.348,6
118.629,18.138,38.051,-0.738,36.974,2499.971,-2.0,1.095,54.556,31.322,25.696,-0.889,6
18.22,19.643,124.152,-49.508,80.256,599.99,-166.068,301.704,35.46,54.626,19.851,257.776,36
83.841,18.349,28.427,-84.548,26.384,1999.981,-43.512,132.617,33.905,23.618,23.319,102.223,4
130.273,18.921,49.703,-6.12,42.974,4999.948,-97.851,0.625,51.813,33.328,24.523,-0.56,17
48.496,18.319,28.06,13.849,26.425,1064.987,-4.25,-34.263,47.807,24.614,22.871,-25.319,10
85.026,18.379,62.928,-96.775,49.292,5749.94,-152.893,46.574,52.138,35.301,24.734,43.233,20
24.589,18.188,20.514,0.344,19.851,500.002,-2.0,1.097,34.014,19.851,25.445,-0.041,4
131.788,23.151,39.258,-3.185,38.806,3499.964,-44.151,1.17,55.265,33.126,24.818,-0.475,23
85.464,19.485,54.134,-100.408,45.241,2499.968,-75.653,123.4,50.929,35.513,25.508,100.456,9
132.006,18.429,28.97,-2.082,29.681,2999.968,-17.417,1.345,38.449,25.789,24.091,-0.567,14
121.575,41.749,69.848,-48.076,63.309,5208.016,-107.265,22.886,69.764,53.962,29.261,19.391,58
79.411,82.424,85.391,4.818,83.625,1734.932,-3.05,-8.046,59.887,81.957,24.31,-6.556,72
108.689,68.117,78.89,-73.209,75.112,3028.48,-56.703,70.293,59.419,71.044,24.021,55.233,75
79.011,18.628,32.113,-38.63,30.849,1694.987,-13.559,64.154,50.348,26.373,23.092,46.444,29
5.726,18.243,43.444,-3.467,36.545,71.97,-22.774,84.881,47.722,29.73,23.159,60.691,11
83.096,18.691,49.636,-85.336,41.943,1999.98,-43.513,132.618,47.462,33.268,22.601,101.819,12
103.896,87.15,112.697,-67.503,101.647,4386.455,-101.067,41.44,80.425,93.44,26.3,36.379,79
23.635,19.135,39.593,-22.067,32.979,499.997,-43.512,132.619,35.774,27.775,23.552,103.295,7
8.144,18.543,63.981,-7.608,45.986,99.947,-79.94,188.412,38.239,37.063,22.936,155.059,18
36.995,18.172,22.086,-0.21,21.573,749.989,-1.998,1.096,32.771,19.851,23.828,0.201,16
63.385,18.524,45.05,-64.077,37.154,1499.993,-43.514,132.617,36.691,30.417,21.407,103.161,8
130.358,90.392,99.494,14.39,94.96,3670.631,-45.583,-13.033,78.565,90.143,25.411,-11.264,73
107.379,81.508,80.327,59.56,78.705,2510.041,-14.052,-70.167,46.829,78.813,25.78,-51.452,59
8.784,18.213,98.232,-9.792,68.456,100.006,-122.972,242.424,30.383,49.41,21.966,207.197,2
54.802,27.14,97.379,-118.452,78.707,5092.171,-166.231,64.902,87.484,56.939,28.724,61.22,58
19.873,18.776,117.52,-129.377,87.223,5749.938,-197.208,62.448,97.283,58.148,26.145,60.696,20
30.923,18.403,39.21,-27.104,33.017,674.99,-39.042,120.304,35.809,27.98,20.012,93.18,30
129.089,91.125,104.791,-8.419,98.239,5499.952,-100.086,0.425,83.812,92.425,24.673,0.0,44
131.516,91.048,95.074,-4.612,92.305,3999.966,-57.72,1.109,81.244,90.122,23.853,0.0,44
85.623,19.361,53.608,-100.236,44.557,2499.968,-75.743,123.401,48.881,35.06,24.878,100.544,9
12.043,18.243,19.707,0.832,19.018,250.011,-2.001,1.097,23.35,18.835,22.628,0.084,13
15.893,18.593,112.909,-130.033,84.728,3999.956,-203.546,96.582,93.728,57.821,24.772,93.531,15
116.342,91.48,117.689,51.087,104.791,3702.361,-62.013,-42.922,89.003,97.294,26.11,-36.337,66
83.094,18.336,49.554,-85.269,42.208,1999.974,-43.51,132.618,46.868,33.382,24.838,101.62,4
114.168,85.704,88.511,32.349,87.782,2584.319,-4.355,-33.788,81.972,85.743,26.384,-24.673,56
4.983,19.071,120.778,-130.659,88.999,3499.971,-219.829,113.78,93.535,60.503,22.393,111.329,26
67.5,28.724,49.845,-57.355,45.795,1569.387,-33.049,108.51,60.516,39.433,26.396,80.161,56
91.388,66.198,61.029,-48.281,60.562,1999.991,-15.496,70.795,42.177,61.669,23.247,50.0,45
33.028,18.651,78.082,-127.333,57.359,3842.967,-190.475,100.732,57.167,39.452,22.268,96.731,32
112.805,49.834,63.794,-67.526,60.706,2999.973,-49.857,64.627,61.796,55.944,26.018,50.0,42
68.225,26.386,65.408,-62.843,53.847,1603.889,-36.75,116.555,56.772,43.518,24.761,86.793,73
130.4,49.795,68.11,17.275,63.247,4644.678,-85.172,-13.67,64.118,56.651,24.81,-12.499,48
69.201,18.733,66.85,-112.01,53.279,2999.967,-124.379,113.144,58.905,39.452,23.912,99.895,14
11.867,17.788,31.313,0.813,28.982,250.019,-2.0,1.098,65.31,25.83,25.704,0.124,6
118.859,29.913,67.653,-53.734,56.496,4839.103,-105.276,28.874,50.144,44.825,24.968,24.601,79
86.976,49.756,95.01,-97.533,80.215,4999.947,-134.346,53.887,81.894,65.588,25.177,47.774,6
93.378,18.382,45.986,-92.394,38.694,3499.971,-105.01,77.194,35.898,30.602,22.102,67.018,20
101.201,47.126,62.507,83.064,55.963,4676.679,-114.699,-57.713,66.443,48.685,26.32,-52.429,63
31.197,19.053,57.838,-40.69,44.403,749.986,-65.98,173.0,39.039,34.775,24.358,139.364,16
115.26,29.517,42.038,-60.55,39.452,2499.98,-15.392,70.587,41.46,36.265,26.328,50.0,42
73.495,19.029,24.011,-0.338,24.143,1499.981,-2.0,1.097,32.972,22.427,23.361,0.037,8
69.709,49.815,85.505,111.207,72.122,4771.384,-146.85,-79.006,69.755,61.904,24.663,-73.805,48
128.387,28.211,73.106,-10.809,59.867,4718.727,-90.351,3.864,57.863,45.986,25.717,2.437,76
72.199,30.724,68.976,109.378,60.101,2986.021,-103.007,-119.363,65.678,49.38,24.209,-102.849,71
31.017,18.515,59.01,-40.854,45.393,749.992,-65.98,172.999,46.412,35.718,24.674,139.144,16
5.36,19.211,121.082,-130.595,89.459,3499.969,-218.974,113.585,94.696,60.651,22.814,110.989,26
8.77,18.382,102.52,-9.811,71.812,100.01,-122.971,242.423,39.712,52.57,22.022,206.56,2
4.203,18.717,19.355,1.473,18.633,99.958,-2.001,1.098,24.533,18.702,22.227,0.19,3
31.02,18.184,59.058,-40.855,45.416,749.987,-65.98,172.999,46.449,35.632,24.526,139.152,16
53.37,64.978,115.436,-120.558,96.904,3299.957,-147.874,109.95,89.52,82.558,27.997,98.069,20
73.136,30.695,85.863,107.365,71.881,3394.642,-113.487,-102.555,77.466,55.858,26.385,-90.559,74
106.37,41.029,76.299,-75.661,69.143,3754.006,-86.684,54.827,74.82,58.911,26.372,46.046,74
92.898,59.935,118.497,71.979,100.107,5780.219,-136.25,-44.663,80.991,83.613,24.484,-42.174,80
125.509,50.129,87.645,27.722,75.386,5234.824,-101.308,-19.271,71.235,62.611,25.719,-17.727,66
16.304,19.121,113.151,-129.864,84.692,3999.951,-202.934,96.345,93.477,57.752,24.174,93.37,15
7.882,78.87,96.79,-1.025,91.158,184.236,-3.425,11.171,78.774,85.109,25.99,7.064,69
105.972,63.428,62.252,-74.995,58.341,4995.733,-119.872,40.657,61.39,57.168,26.341,36.674,70
59.044,55.799,67.277,-68.818,62.986,1482.197,-50.929,145.903,64.081,59.557,26.346,111.564,70
119.388,18.878,27.039,-0.85,28.02,2499.971,-2.001,1.099,37.624,25.182,25.774,-0.855,9
31.036,18.222,58.912,-40.858,45.232,749.996,-65.984,172.998,45.984,35.486,24.824,139.215,16
87.067,18.973,72.122,-96.732,58.477,4999.949,-137.77,53.495,68.801,42.11,23.76,48.341,6
24.575,18.466,19.906,0.388,19.851,499.997,-2.0,1.098,31.378,19.846,23.165,0.062,7
129.571,34.602,79.112,15.494,67.124,4971.212,-93.838,-12.176,65.522,53.387,25.204,-11.294,55
118.516,35.723,72.14,55.017,62.038,3609.271,-63.552,-46.331,63.192,51.003,26.32,-38.829,70
83.086,18.505,49.742,-85.34,42.369,1999.983,-43.514,132.618,47.702,33.522,23.654,101.815,12
24.596,18.686,19.933,0.342,19.851,499.985,-1.999,1.096,32.994,19.85,25.8,-0.051,4
31.255,18.641,57.048,-40.585,43.128,749.999,-65.982,172.999,35.341,34.245,24.428,139.552,16
73.156,18.728,37.066,-0.679,33.828,1499.984,-1.999,1.097,42.989,29.194,23.585,0.057,8
8.159,18.538,63.941,-7.613,45.986,99.989,-79.94,188.413,36.886,37.03,22.669,155.104,18
61.269,19.154,83.631,-116.24,62.938,1999.985,-102.363,193.316,58.323,45.984,22.709,161.482,32
37.73,19.002,39.024,-18.957,35.793,794.975,-13.554,64.153,77.21,30.155,22.95,45.829,29
51.729,16.784,84.019,-120.818,65.584,3299.958,-153.758,109.06,81.351,45.986,26.636,100.434,20
39.627,28.31,69.811,124.559,57.902,4154.874,-174.253,-105.028,69.055,45.172,25.227,-99.496,75
73.57,18.77,23.978,-0.419,24.217,1499.984,-2.0,1.097,33.223,22.393,23.316,0.052,8
8.758,18.769,102.892,-9.814,72.092,100.034,-122.972,242.423,41.903,52.572,22.224,206.418,2
125.2,65.187,91.93,-39.808,83.624,5249.94,-100.527,18.33,86.063,74.16,27.987,14.929,20
101.252,68.227,94.796,-79.052,82.03,4958.145,-120.351,43.418,67.818,72.125,24.378,39.26,75
122.726,49.878,53.275,-46.876,52.492,3999.967,-77.001,31.13,49.384,49.845,23.505,25.0,44
15.583,19.273,87.045,-2.176,69.815,300.012,-2.98,15.774,33.226,53.457,19.664,10.764,36
18.319,15.491,63.311,43.864,45.986,762.781,-82.072,-204.495,61.277,34.525,26.318,-164.865,79
128.964,39.582,78.712,-2.464,65.588,3520.218,-46.398,0.029,65.109,54.172,27.029,-0.871,53
66.578,49.753,74.357,-113.353,65.59,2784.109,-119.365,125.15,66.103,58.681,26.385,109.132,58
13.688,18.841,39.393,-11.632,31.779,249.998,-43.512,132.618,31.063,26.533,22.373,103.694,13
83.083,18.845,49.627,-85.342,42.16,1999.984,-43.512,132.618,47.613,33.563,23.758,101.785,12
51.04,18.357,53.646,-59.468,44.373,1249.982,-50.733,146.704,63.065,34.611,24.282,114.616,20
8.139,18.587,63.999,-7.611,45.986,100.027,-79.941,188.412,38.521,37.03,23.25,155.07,18
23.648,18.533,39.518,-22.056,32.914,499.997,-43.511,132.617,35.116,27.753,23.006,103.299,7
104.471,77.705,95.36,79.399,86.836,4508.173,-104.834,-57.48,70.159,81.215,26.384,-51.402,57
127.137,91.061,103.308,31.745,96.668,5335.551,-98.468,-21.289,82.249,91.543,26.357,-19.365,56
131.792,18.277,38.985,-3.96,36.899,3999.96,-67.054,1.103,49.45,30.078,24.39,-0.528,15
69.101,70.49,94.951,69.686,88.156,1863.146,-33.797,-117.2,76.495,80.199,26.384,-88.827,79
92.184,33.025,57.463,-1.04,46.644,2019.242,-6.956,1.253,40.012,39.451,23.162,0.125,71
26.797,50.222,86.938,31.896,72.122,792.421,-39.317,-130.406,64.812,62.762,25.552,-99.617,65
16.953,19.836,110.186,-130.078,82.093,3999.967,-204.39,96.878,84.893,56.094,21.331,94.177,32
72.293,39.587,45.986,-34.636,45.983,1556.876,-12.975,62.42,55.061,43.416,26.411,43.691,56
80.488,18.589,55.126,-14.944,45.21,1759.884,-12.752,25.758,50.221,35.654,23.294,17.372,11
78.04,39.632,49.336,-50.939,45.986,1730.576,-20.651,85.78,54.81,44.145,26.4,61.572,56
46.772,47.996,79.136,-119.576,70.012,5428.718,-179.413,62.332,75.445,60.212,24.685,62.683,80
8.137,18.54,63.979,-7.612,45.986,100.018,-79.94,188.412,38.447,37.05,23.331,155.09,18
129.128,90.656,103.195,-8.401,95.993,5499.949,-100.883,0.415,80.26,91.233,24.827,0.0,44
15.709,59.826,125.275,46.691,101.768,787.251,-93.691,-221.028,77.798,84.766,26.69,-180.157,56
96.172,49.564,76.317,-89.646,68.923,2604.642,-53.895,104.326,68.309,61.279,27.629,81.038,53
52.125,53.52,70.639,-116.306,59.82,5094.99,-174.02,65.998,64.425,51.642,23.977,63.278,71
42.777,23.92,43.592,-37.942,39.074,973.561,-35.838,115.429,60.189,33.694,26.385,85.779,50
73.502,19.022,23.549,-0.214,23.621,1499.984,-2.0,1.097,30.928,22.188,23.951,-0.022,8
16.867,39.686,72.726,0.603,64.043,360.8,-2.739,-1.929,69.173,53.536,27.597,-2.226,53
9.042,19.727,122.881,-130.195,92.009,5499.954,-203.479,65.725,108.891,60.714,23.132,64.196,24
117.129,43.26,81.297,-58.987,72.122,3813.375,-72.05,40.352,82.915,60.583,25.709,32.569,73
104.582,38.598,79.052,78.978,64.056,5366.07,-123.352,-48.969,66.617,50.04,26.422,-45.33,65
44.009,34.94,102.781,-120.072,76.712,1805.988,-136.686,234.685,63.64,57.891,24.835,197.965,55
31.24,18.47,57.964,-40.549,44.407,749.985,-65.98,172.999,39.466,34.759,24.386,139.272,16
8.16,18.847,63.93,-7.61,45.986,99.997,-79.94,188.412,36.759,37.018,23.13,155.125,18
126.602,67.947,94.59,-11.315,84.534,5238.435,-98.513,2.637,81.535,75.443,26.385,1.683,65
4.744,18.628,25.714,-1.491,24.562,59.935,-8.773,49.414,62.925,22.372,22.323,35.456,29
51.107,45.445,60.779,120.043,56.489,3552.054,-151.042,-115.574,68.701,52.571,26.12,-106.445,70
122.029,68.727,63.755,46.025,59.831,3891.452,-71.234,-37.547,53.643,58.757,25.911,-32.171,70
95.281,45.661,86.644,-88.879,75.478,4637.104,-120.675,52.303,76.773,63.267,26.385,47.206,57
17.101,18.023,105.243,-130.353,78.733,3999.952,-207.734,99.129,71.037,53.57,24.168,95.953,15
130.276,77.686,95.25,10.653,90.139,3264.598,-27.356,-10.567,81.88,84.382,26.334,-8.886,65
87.522,18.421,74.949,-97.623,62.372,3999.964,-116.446,67.382,85.744,45.746,23.132,59.48,31
58.802,29.623,75.808,-76.087,58.039,1509.273,-59.578,161.589,47.047,44.81,23.759,125.0,44
30.952,18.762,49.813,-27.103,40.278,674.987,-39.04,120.304,35.618,34.421,20.451,93.105,30
30.933,18.561,42.789,-27.099,35.767,674.991,-39.04,120.304,35.766,30.089,20.604,93.151,30
47.661,28.059,32.249,-86.128,31.198,1409.089,-92.678,206.373,49.859,29.333,24.8,166.357,72
50.782,18.825,54.689,-60.702,45.073,1249.985,-52.05,150.341,63.733,35.394,23.526,117.732,27
61.262,18.734,83.749,-116.259,63.038,1999.98,-102.353,193.327,58.575,45.984,22.588,161.481,32
14.088,16.727,25.577,-130.284,19.904,3499.94,-224.255,120.351,25.009,19.583,19.851,118.336,26
24.667,35.436,69.524,-32.669,60.685,591.399,-73.693,179.111,66.3,50.945,23.783,141.659,80
120.317,18.832,85.208,-53.254,72.102,3103.97,-41.05,46.38,78.563,54.894,23.207,34.584,32
36.564,18.509,28.034,-18.701,25.729,749.992,-15.495,70.795,31.218,23.435,21.187,52.043,27
69.262,18.544,67.08,-111.989,53.321,2999.971,-124.366,113.159,58.962,39.452,23.202,99.967,14
91.719,18.544,31.442,-44.281,29.899,1959.983,-13.557,64.153,39.822,26.071,22.1,46.603,30
115.413,29.582,43.86,-60.532,41.895,2499.978,-15.393,70.59,40.176,37.211,26.155,50.0,42
40.428,59.315,79.951,-44.347,71.181,973.765,-47.102,140.094,71.757,64.888,24.403,106.311,81
23.639,18.464,39.79,-22.084,32.994,499.999,-43.512,132.618,35.772,27.692,23.229,103.311,7
83.137,18.766,49.447,-85.229,41.716,1999.981,-43.51,132.617,46.459,33.181,24.925,101.675,4
130.245,27.486,59.414,-18.624,53.847,3436.928,-41.931,13.243,52.771,45.12,25.873,9.52,67
20.589,67.288,108.282,-127.501,91.706,3338.899,-197.177,118.298,87.071,81.082,24.984,113.116,61
4.162,23.058,124.187,-130.67,91.839,3499.968,-220.752,114.151,94.161,63.795,22.811,111.376,23
13.684,18.319,39.404,-11.637,31.873,249.985,-43.511,132.618,31.392,26.433,23.058,103.705,13
106.183,27.755,65.266,-75.595,55.103,4238.302,-104.86,49.494,50.785,43.113,25.701,42.874,67
58.719,18.551,25.032,-7.622,24.815,1199.991,-2.981,15.775,36.653,23.13,19.851,10.865,36
6.468,64.514,63.083,1.349,61.972,149.944,-2.0,1.099,58.535,62.275,26.385,0.428,20
81.536,49.841,78.407,-103.177,67.961,2422.828,-74.933,132.365,65.871,59.426,24.965,106.983,48
129.447,31.84,85.114,20.833,78.684,5146.427,-95.199,-15.189,79.615,64.023,28.878,-13.856,58
68.717,49.765,58.653,-37.197,56.368,1499.989,-15.494,70.795,58.818,53.255,25.291,50.0,42
58.34,65.034,112.43,-116.323,92.788,5249.937,-164.83,63.321,79.692,78.707,28.078,58.287,20
93.81,54.888,77.452,92.544,70.673,2742.753,-52.969,-104.756,68.249,63.516,27.891,-82.984,74
121.555,49.806,67.835,-50.323,64.345,2925.705,-29.528,48.464,66.995,58.365,24.95,35.546,48
45.731,70.088,95.179,-64.05,85.273,1221.42,-63.538,167.216,86.394,78.707,27.57,130.219,61
15.162,53.52,63.172,70.563,52.898,1042.667,-137.79,-272.246,47.791,47.869,25.651,-228.045,69
86.696,36.133,84.814,95.251,76.158,5116.378,-136.168,-63.856,68.045,68.072,24.289,-59.579,71
31.034,18.604,58.956,-40.754,45.288,749.997,-65.98,173.0,46.892,35.554,24.545,139.089,16
34.401,50.385,88.518,84.146,71.712,1395.015,-94.083,-221.664,51.357,60.746,25.764,-180.692,51
54.101,37.817,63.986,-27.77,57.487,1160.054,-14.662,67.3,55.944,49.358,25.641,47.473,78
130.351,49.797,71.358,15.258,66.822,3882.982,-59.058,-13.034,71.468,59.861,24.664,-11.526,48
46.093,26.33,56.426,-122.162,48.418,3616.801,-171.394,103.082,54.04,38.871,26.385,96.322,65
0.778,41.909,104.766,23.595,82.494,378.016,-133.324,-268.138,78.104,64.739,26.345,-224.147,74
106.665,35.798,70.134,-39.385,61.703,2293.615,-9.348,48.412,56.54,51.364,25.634,33.462,78
76.409,56.105,95.634,107.042,81.983,3547.021,-113.283,-98.715,71.526,69.94,28.886,-87.19,58
13.236,61.805,82.808,130.121,67.979,3765.075,-203.754,-126.27,68.941,59.067,26.268,-122.884,63
69.201,28.99,85.177,23.559,65.609,1554.209,-7.205,-41.99,60.881,50.955,26.385,-30.762,53
24.199,19.345,117.294,-128.145,89.461,5849.939,-190.703,59.461,107.929,59.407,26.141,57.755,27
96.968,18.819,25.489,-0.63,26.071,1999.979,-2.002,1.098,34.007,23.541,23.571,-0.266,4
85.83,39.807,72.122,-63.673,62.671,1962.543,-26.43,96.418,60.366,52.773,25.694,70.401,69
90.826,45.748,98.263,94.455,82.847,2974.017,-69.655,-99.069,77.413,67.235,27.683,-81.405,74
125.01,65.07,104.791,-40.338,94.016,5249.945,-98.538,18.389,95.107,81.261,29.456,14.938,20
22.441,39.624,39.32,12.62,37.909,558.334,-17.712,-75.304,35.577,38.157,25.718,-55.762,60
32.197,18.861,84.458,-127.412,62.485,3842.965,-190.609,100.631,60.254,43.651,23.263,96.599,32
13.756,19.153,67.764,130.796,49.139,3827.596,-208.596,-123.251,49.135,34.682,22.271,-120.306,10
131.765,18.532,34.144,-3.111,33.742,3499.964,-45.412,1.169,47.946,28.257,22.949,-0.526,26
12.409,19.326,60.487,-26.51,34.918,300.011,-166.067,301.703,26.956,25.161,19.716,259.856,36
131.987,19.11,29.49,-2.09,30.04,2999.965,-17.127,1.343,40.18,26.214,23.944,-0.589,14
71.131,70.233,94.963,109.865,87.125,2753.291,-90.014,-131.329,84.614,79.784,28.518,-110.356,53
124.984,65.036,113.945,-40.378,98.273,5249.938,-97.792,18.403,97.465,84.088,28.58,14.907,20
4.698,18.625,26.717,-1.81,24.44,50.0,-15.495,70.795,33.565,22.875,20.434,52.465,30
48.514,60.992,67.052,7.723,61.76,1075.772,-3.765,-20.603,64.119,58.28,25.709,-15.416,55
20.792,33.409,45.634,-18.278,42.757,436.761,-37.815,119.803,63.962,39.223,23.687,89.462,71
4.188,18.271,19.569,1.414,19.024,100.028,-2.001,1.097,25.884,18.83,22.424,0.438,18
76.255,26.969,68.333,-106.96,56.595,2173.725,-72.844,155.693,64.527,45.62,27.896,124.56,58
53.152,61.222,98.589,69.784,83.843,1565.283,-47.139,-145.043,74.569,72.037,23.446,-112.198,62
123.003,37.752,77.401,-44.557,64.835,4350.642,-84.109,25.93,68.785,52.59,26.291,21.051,66
127.069,50.266,92.729,32.82,78.801,4503.119,-83.752,-24.056,62.315,65.589,26.371,-21.445,51
48.904,19.303,33.038,-0.333,30.295,999.991,-2.002,1.097,38.844,26.385,23.435,-0.083,5
104.722,39.699,72.12,78.582,62.794,4909.594,-116.197,-52.395,63.447,52.573,25.879,-47.876,50
123.788,19.166,32.775,-28.731,33.105,2599.978,-4.81,29.928,52.753,28.054,22.109,20.012,32
103.319,48.431,80.118,79.053,68.471,5539.912,-128.821,-48.567,61.009,58.522,25.653,-45.233,78
106.234,61.216,104.619,-76.295,88.93,2765.452,-44.546,80.752,75.809,75.595,24.963,61.946,73
81.689,39.454,89.193,99.787,72.122,3577.222,-107.861,-90.001,73.456,59.807,26.612,-79.409,53
46.68,33.374,36.812,72.173,31.52,1428.312,-61.737,-171.771,30.979,29.701,23.164,-135.484,71
30.643,19.281,101.932,-127.442,76.174,4749.954,-191.116,77.851,79.053,52.571,24.559,75.087,27
33.214,39.602,78.162,127.057,63.312,2941.698,-167.839,-152.419,63.089,52.551,25.81,-140.861,50
29.442,19.48,102.94,-127.737,76.243,4499.963,-191.771,83.572,78.708,52.644,19.85,79.847,21
4.035,19.221,122.835,-130.916,89.764,3499.969,-222.439,114.405,88.249,60.728,21.509,112.205,26
113.055,49.802,63.265,-61.367,61.342,2499.984,-15.37,70.552,65.61,56.383,25.397,50.0,42
30.918,18.762,38.113,-27.108,31.946,674.987,-39.041,120.303,35.705,26.554,21.429,93.189,30
129.956,89.543,104.083,-0.566,96.574,5182.316,-93.016,-3.609,81.772,90.971,24.812,-3.687,75
78.896,49.866,103.756,-104.154,88.613,4508.075,-133.912,64.235,87.571,72.115,25.784,58.873,48
127.16,49.818,64.205,-33.369,62.091,3233.17,-35.53,27.272,67.473,57.309,24.71,20.064,48
55.543,18.622,62.97,-77.709,49.553,1449.984,-65.98,172.999,49.159,38.241,21.984,138.781,30
87.459,29.93,52.614,-68.605,48.229,1999.991,-28.704,102.575,52.267,41.435,24.202,75.0,44
96.908,18.678,25.722,-0.604,26.187,1999.98,-2.001,1.097,35.089,23.729,23.386,-0.154,12
35.046,19.221,88.84,-126.389,65.58,4749.95,-189.681,77.905,66.159,45.198,24.756,75.05,27
53.979,27.901,74.963,18.311,59.8,1214.663,-6.838,-41.603,53.734,45.986,25.855,-30.398,67
121.212,19.449,78.173,-29.616,66.952,2599.976,-4.82,29.958,82.68,50.893,22.231,19.638,32
45.108,73.88,101.732,25.482,89.372,1112.528,-15.409,-68.24,80.22,81.105,26.229,-50.394,69
87.071,18.922,37.838,-99.084,31.747,2499.975,-75.263,123.58,29.664,26.105,23.201,101.072,9
4.166,18.725,19.686,1.457,19.106,100.021,-2.001,1.098,26.589,19.092,22.027,0.18,3
93.555,38.535,72.109,-8.437,62.818,1999.327,-3.458,10.806,65.181,52.571,26.385,6.644,68
39.223,62.443,96.215,-122.692,82.469,4170.447,-177.725,87.047,77.15,72.122,26.301,84.497,76
87.472,29.788,62.571,98.097,52.574,2808.053,-73.242,-112.506,42.846,43.693,24.889,-92.467,79
87.413,18.195,72.122,-96.425,58.27,4999.948,-138.038,53.466,68.982,41.622,24.744,48.23,6
23.696,19.334,39.451,-22.008,32.245,499.994,-43.512,132.618,30.956,26.991,22.355,103.502,7
67.314,79.119,81.651,-112.582,72.118,2385.282,-101.213,150.691,68.494,71.516,26.086,126.632,79
40.699,24.104,94.072,-124.63,72.185,3499.972,-172.567,107.148,77.267,54.12,24.656,100.0,41
120.121,25.374,65.172,-52.988,57.629,3555.841,-62.74,39.464,63.098,45.956,26.445,31.156,58
6.44,19.187,59.373,7.939,47.277,220.306,-20.878,-76.091,50.7,36.991,23.418,-56.24,11
124.231,62.689,80.067,2.345,68.568,4785.595,-95.035,-4.917,58.28,61.467,23.174,-4.738,62
129.667,19.126,57.467,-8.141,49.304,5499.941,-107.246,0.612,62.404,36.774,22.985,-0.34,24
23.646,18.834,39.593,-22.063,32.889,499.998,-43.513,132.618,35.462,27.689,23.215,103.32,7
45.758,40.959,97.228,6.526,81.302,1018.874,-3.272,-17.412,78.098,65.524,26.343,-13.11,74
24.742,49.856,104.791,129.223,86.621,2239.041,-166.077,-213.433,77.24,70.518,26.197,-192.355,49
23.635,18.73,39.813,-22.08,33.011,500.001,-43.512,132.618,35.8,27.853,23.586,103.34,7
74.601,54.921,83.647,-107.523,75.452,2513.977,-92.065,132.299,71.847,67.447,27.903,110.371,74
38.743,86.043,96.427,-123.753,88.66,4664.865,-183.943,79.115,66.589,84.913,24.634,78.62,72
112.346,18.502,65.539,-68.043,56.428,4299.959,-95.603,41.553,76.769,42.773,23.732,35.247,31
86.023,78.819,79.313,96.86,75.371,2558.597,-53.483,-120.828,64.906,74.798,26.126,-95.417,76
111.173,18.629,45.615,-68.653,38.525,4749.954,-114.17,39.469,41.972,29.731,23.891,34.637,20
88.904,19.46,67.521,-94.6,52.784,4999.96,-139.921,53.188,52.929,38.621,21.631,48.607,17
131.474,26.365,58.936,-5.398,52.571,3897.407,-61.293,1.903,55.218,42.006,26.385,0.649,65
44.533,18.534,22.797,-5.678,22.351,899.996,-2.98,15.774,32.478,19.878,19.851,10.874,36
54.161,71.376,66.273,-30.766,63.416,1177.393,-17.21,75.575,53.887,62.715,25.766,53.672,57
11.496,61.222,78.825,-17.873,67.356,226.212,-119.84,240.075,64.999,62.92,24.833,197.43,73
93.438,28.389,45.983,-33.817,42.912,1994.444,-8.611,46.396,59.298,37.657,26.251,31.881,57
84.136,18.04,34.38,-84.212,29.673,1999.97,-43.513,132.618,27.963,24.805,23.305,102.602,12
58.872,30.147,59.242,-75.852,49.793,1499.991,-58.916,161.746,48.471,41.81,25.339,125.0,44
97.203,18.478,25.374,-0.445,25.748,1999.98,-2.001,1.097,33.688,23.284,23.486,-0.095,12
131.736,49.843,65.578,2.114,64.006,3163.848,-22.72,-3.023,72.268,58.058,25.968,-3.244,48
8.141,18.408,64.003,-7.609,45.986,100.022,-79.941,188.412,38.383,37.016,23.435,155.106,18
69.183,18.613,66.934,-112.013,53.352,2999.963,-124.355,113.069,59.104,39.452,23.298,99.906,14
43.11,43.762,84.354,-123.96,69.048,2786.414,-163.052,140.792,66.217,57.449,25.296,129.04,63
130.957,18.415,28.092,-0.835,29.589,2749.971,-1.994,1.074,38.806,25.824,23.556,-0.804,20
111.413,86.09,88.34,-60.447,85.612,2499.98,-15.409,70.616,66.933,84.085,24.195,50.0,45
93.945,18.609,35.952,-91.791,30.532,3499.967,-105.396,77.096,28.836,24.927,20.74,67.058,20
96.81,18.289,25.826,-0.734,26.301,1999.979,-2.001,1.099,35.866,23.788,23.567,-0.295,4
88.809,35.338,50.737,-92.043,41.556,4669.386,-137.373,56.633,32.976,37.252,26.273,52.278,68
96.724,18.683,27.323,-0.829,27.763,1999.979,-1.999,1.096,40.221,24.839,23.311,-0.13,12
6.473,64.53,63.474,1.37,62.437,149.929,-2.002,1.098,59.639,62.372,26.529,0.434,20
8.769,18.369,96.836,-9.771,66.543,99.946,-122.972,242.424,29.314,48.594,19.902,207.186,2
123.574,19.103,34.357,-28.833,34.541,2599.977,-4.812,29.934,56.524,29.335,21.403,19.928,32
131.372,19.034,50.066,-5.432,45.674,4499.958,-81.685,1.04,65.085,35.736,22.594,-0.479,21
44.084,46.48,70.894,121.571,64.286,2850.583,-144.593,-148.496,58.182,56.401,25.765,-133.448,78
52.013,45.912,82.029,108.222,72.122,1885.123,-81.748,-202.815,75.768,62.07,27.714,-163.602,74
100.035,19.082,58.328,-80.84,45.986,5969.955,-140.377,35.532,63.885,33.668,22.981,32.774,29
131.809,18.366,37.339,-3.858,34.658,3999.958,-68.017,1.109,42.53,28.802,24.513,-0.581,15
48.762,34.569,45.986,-0.618,44.5,999.991,-2.0,1.097,58.936,40.141,23.746,0.0,43
20.17,18.434,55.979,-128.297,44.286,3053.878,-210.594,138.662,41.826,34.297,23.254,130.7,11
49.167,24.464,91.08,122.878,67.817,2150.0,-108.404,-202.504,66.733,49.306,25.802,-170.009,65
4.017,18.362,29.07,1.48,26.385,99.964,-2.0,1.096,37.009,24.934,23.16,0.441,18
24.344,18.554,22.044,0.278,21.349,499.991,-2.001,1.096,40.563,19.851,25.478,-0.09,4
118.516,67.995,98.257,-52.787,86.421,4944.199,-100.134,27.133,82.724,76.019,26.385,23.084,65
43.415,18.686,43.15,-43.042,35.577,999.992,-43.513,132.618,39.334,29.008,23.288,103.073,5
12.287,18.98,111.056,-130.465,79.611,3299.966,-216.977,124.212,66.611,54.284,24.832,120.926,27
4.153,18.513,19.351,1.469,18.616,99.965,-2.001,1.097,23.431,18.717,22.105,0.191,3
60.069,19.269,97.511,-114.05,72.32,5999.951,-168.414,51.986,82.661,50.53,22.573,48.928,19
2.125,21.836,124.387,-131.12,90.286,3499.963,-226.994,116.109,81.024,62.111,22.163,113.632,23
19.271,18.595,24.121,-4.311,23.171,374.98,-4.823,29.998,43.897,21.387,23.901,20.929,20
85.564,18.54,54.103,-100.335,45.254,2499.969,-75.635,123.404,50.893,35.327,25.183,100.474,9
4.229,18.295,19.516,1.454,18.766,100.014,-2.001,1.098,24.518,18.627,23.114,0.453,18
66.975,80.328,114.264,111.917,103.559,3405.261,-117.764,-109.494,91.107,93.19,27.704,-96.902,61
87.582,18.558,72.122,-96.124,57.763,4999.938,-138.47,53.411,66.718,41.746,23.371,48.551,6
121.178,18.688,35.928,-51.599,34.453,3103.976,-44.719,46.059,47.761,28.95,22.437,35.113,32
87.272,19.626,72.12,-96.501,57.851,4999.949,-138.062,53.379,67.365,42.039,23.208,48.406,17
24.625,18.68,19.861,0.396,19.851,499.987,-2.0,1.098,31.114,19.844,23.22,0.078,7
71.591,70.46,110.412,-108.006,95.039,4416.089,-139.574,69.131,87.268,82.139,28.677,63.414,53
5.408,18.935,121.11,-130.481,89.375,3499.968,-218.849,113.549,94.466,60.671,22.709,110.961,26
15.664,19.119,22.123,-2.115,19.851,299.986,-2.98,15.775,30.771,19.851,19.821,10.736,36
27.321,18.603,104.791,-128.42,79.478,4749.958,-192.559,77.785,86.949,54.141,22.188,75.342,31
18.322,71.732,88.546,-129.054,79.885,3716.099,-207.389,108.987,67.606,75.478,23.375,110.573,80
30.035,19.242,103.152,-127.612,77.121,4749.953,-191.228,77.844,80.772,52.6,23.327,75.112,27
86.283,50.061,95.626,-98.197,81.037,4999.949,-134.226,53.955,84.41,66.073,25.026,47.794,6
116.118,49.855,70.529,-61.671,65.129,3179.365,-51.799,53.873,65.78,58.291,26.369,41.803,58
8.157,18.196,63.962,-7.611,45.986,100.025,-79.941,188.412,37.286,37.023,23.288,155.105,18
68.486,39.606,79.807,108.299,69.627,2128.571,-60.476,-168.66,72.503,57.951,26.384,-132.869,50
57.705,19.354,101.019,-115.907,78.707,5999.946,-167.98,52.348,93.049,52.814,24.831,49.156,19
58.696,28.888,78.672,-117.489,60.591,2021.605,-108.772,193.307,61.341,45.986,26.393,161.64,56
28.118,24.296,85.221,-55.633,64.893,827.191,-107.151,226.802,61.07,49.282,26.187,184.826,50
33.453,26.346,89.074,-126.76,67.653,4198.662,-188.809,90.149,64.925,49.383,26.385,91.394,65
31.423,69.912,121.111,-127.092,98.774,5289.536,-187.79,68.697,89.51,83.656,26.385,70.994,66
24.572,61.222,98.274,-128.175,86.758,3836.174,-196.48,102.296,76.629,75.437,25.179,105.126,73
86.761,40.915,60.698,-3.052,56.871,1849.057,-2.982,3.996,65.57,50.978,26.779,1.868,54
30.099,18.652,29.789,-3.917,26.937,599.987,-2.98,15.775,35.911,25.121,19.851,10.879,36
84.649,68.76,92.488,99.655,82.588,4923.067,-134.853,-68.731,70.099,75.686,25.803,-63.749,79
129.75,35.798,86.942,17.667,72.122,5336.124,-99.821,-13.321,73.904,56.613,26.393,-12.409,65
83.105,18.468,49.651,-85.319,42.166,1999.976,-43.512,132.617,47.296,33.446,23.148,101.793,12
12.131,18.66,23.175,0.871,21.875,250.012,-2.0,1.098,30.559,19.877,23.174,0.154,13
102.225,28.291,49.885,-73.811,46.169,2325.105,-24.639,93.053,64.271,40.781,25.848,67.524,57
65.291,65.772,92.346,-1.511,83.633,1404.494,-2.523,1.998,72.136,75.225,26.387,0.557,68
77.28,27.94,71.363,-105.711,60.446,3350.251,-120.565,93.732,53.188,49.257,25.801,82.841,67
4.56,19.357,62.471,6.164,50.256,172.655,-23.178,-78.514,54.201,37.904,23.168,-58.944,11
21.35,18.551,22.227,-2.871,21.469,420.002,-2.98,15.773,39.191,19.851,21.678,10.708,30
