Plate_ID,Steel_Type,Steel_Plate_Thickness,Pixels_Areas,X_Perimeter,Y_Perimeter,Sum_of_Luminosity,Minimum_of_Luminosity,Maximum_of_Luminosity,Edges_Index,Square_Index,Orientation_Index,Luminosity_Index,Length_of_Conveyer,Needs_Manual_Review
1,A300,80,267,17,44,24220,76,108,0.0498,0.1818,0.8182,-0.2913,1687,0
2,A300,80,108,10,30,11397,84,123,0.7647,0.2069,0.7931,-0.1756,1687,0
3,A300,100,71,8,19,7972,99,125,0.971,0.3333,0.6667,-0.1228,1623,0
4,A400,290,176,13,45,18996,99,126,0.7287,0.1556,0.8444,-0.1568,1353,0
5,A400,185,2409,60,260,246930,37,126,0.0695,0.0662,0.9338,-0.1992,1353,0
6,A400,40,630,20,87,62357,64,127,0.62,0.1264,0.8736,-0.2267,1387,0
7,A400,150,9052,230,432,1481991,23,199,0.4896,0.0795,0.9205,0.2791,1687,0
8,A400,150,132,11,20,20007,124,172,0.2253,0.5,0.5,0.1841,1687,0
9,A400,150,264,15,26,29748,53,148,0.3912,0.5,0.5,-0.1197,1687,0
10,A400,150,1506,46,167,180215,53,143,0.0877,0.0976,0.9024,-0.0651,1687,0
11,A400,150,442,13,48,50393,76,143,0.1257,0.25,0.75,-0.1093,1687,0
12,A400,150,284,42,69,31062,97,119,0.5987,0.1563,0.8438,-0.1455,1687,0
13,A400,150,480,15,54,61966,102,158,0.0545,0.2222,0.7778,0.0086,1687,0
14,A400,150,433,22,60,38917,62,111,0.6888,0.15,0.85,-0.2978,1687,0
15,A400,150,728,30,68,69258,36,133,0.5347,0.2308,0.7692,-0.2568,1687,0
16,A400,150,1097,59,133,119540,50,134,0.7931,0.1136,0.8864,-0.1487,1687,0
17,A400,150,5044,167,282,570911,11,143,0.1849,0.1343,0.8657,-0.1157,1687,0
18,A400,150,552,38,76,59750,79,134,0.1067,0.1918,0.8082,-0.1543,1687,0
19,A400,150,137,8,25,14907,92,126,0.0972,0.28,0.72,-0.1499,1687,0
20,A400,200,209,15,27,24807,96,141,0.0877,0.4444,0.5556,-0.0727,1687,0
21,A400,200,284,18,34,32604,87,141,0.0202,0.3235,0.6765,-0.1031,1687,0
22,A400,200,153,13,29,17753,101,134,0.051,0.3103,0.6897,-0.0935,1687,0
23,A400,200,106,10,19,13829,107,150,0.0747,0.4737,0.5263,0.0192,1687,0
24,A400,200,264,15,39,32175,92,141,0.0972,0.2564,0.7436,-0.0479,1687,0
25,A400,200,201,17,35,27349,123,148,0.0889,0.2727,0.7273,0.063,1687,0
26,A400,40,171,9,23,16645,77,111,0.0015,0.3913,0.6087,-0.2395,1373,0
27,A400,40,395,19,39,38722,75,118,0.0015,0.359,0.641,-0.2341,1373,0
28,A400,40,85,9,18,8948,97,119,0.2668,0.3333,0.6667,-0.1776,1627,0
29,A400,40,3214,92,253,368381,33,140,0.1034,0.0837,0.9163,-0.1045,1373,0
30,A400,40,386,15,38,36875,51,124,0.0714,0.3421,0.6579,-0.2537,1373,0
31,A400,40,182,9,33,20751,99,132,0.7808,0.2121,0.7879,-0.1093,1373,0
32,A400,40,527,19,63,48793,47,125,0.1312,0.2063,0.7936,-0.2767,1387,0
33,A400,40,158,9,24,16680,80,119,0.2322,0.2917,0.7083,-0.1752,1387,0
34,A400,50,214,10,28,19762,70,111,0.0707,0.3571,0.6429,-0.2785,1387,0
35,A400,50,994,29,62,68851,15,119,0.1629,0.371,0.629,-0.4588,1387,0
36,A400,50,367,16,43,35856,55,127,0.9257,0.2791,0.7209,-0.2367,1387,0
37,A400,70,320,15,39,32705,55,125,0.0177,0.3077,0.6923,-0.2015,1353,0
38,A400,70,378,34,72,43323,77,135,0.2395,0.1408,0.8591,-0.1046,1353,0
39,A400,40,210,36,48,17413,73,100,0.0,0.2083,0.7917,-0.3522,1333,0
40,A400,250,201,22,23,20993,79,126,0.0049,0.5217,0.4783,-0.184,1633,0
41,A400,200,386,35,54,44712,90,132,0.6224,0.1852,0.8148,-0.095,1687,0
42,A400,70,324,30,36,30269,65,124,0.1212,0.3333,0.6667,-0.2701,1353,0
43,A400,40,234,20,26,23207,66,124,0.086,0.4615,0.5385,-0.2252,1627,0
44,A400,40,340,30,50,34655,88,116,0.0455,0.2,0.8,-0.2037,1627,0
45,A300,60,98,16,21,10784,96,132,0.5325,0.381,0.6191,-0.1403,1690,0
46,A300,60,267,43,49,22785,67,110,0.0663,0.1837,0.8163,-0.3333,1690,0
47,A300,60,56,12,13,5587,85,116,0.2183,0.5385,0.4615,-0.2206,1686,0
48,A300,60,71,11,17,7502,91,124,0.8537,0.3529,0.6471,-0.1745,1682,0
49,A300,60,90,14,12,7525,67,100,0.1659,1.0,0.0,-0.3468,1688,0
50,A300,60,55,9,11,6124,95,125,0.9231,0.6364,0.3636,-0.1301,1690,0
51,A300,60,58,9,13,6567,100,132,0.6426,0.5385,0.4615,-0.1154,1690,0
52,A300,60,567,47,66,46365,51,109,0.0154,0.1667,0.8333,-0.3611,1690,0
53,A300,60,182,20,27,16337,72,109,0.013,0.3333,0.6667,-0.2987,1688,0
54,A300,69,154,20,24,13678,69,108,0.0618,0.4167,0.5833,-0.3061,1650,0
55,A300,69,188,20,34,20528,95,125,0.9284,0.2647,0.7353,-0.1469,1648,0
56,A300,69,146,20,27,15572,88,126,0.4484,0.3333,0.6667,-0.1667,1646,0
57,A300,69,51,14,7,6902,120,149,0.4036,0.4615,-0.5385,0.0573,1650,0
58,A300,100,184,25,30,18593,85,119,0.4254,0.4,0.6,-0.2106,1650,0
59,A300,100,67,10,12,7416,94,132,0.7181,0.6667,0.3333,-0.1353,1710,0
60,A300,100,64,10,15,7013,99,123,0.1456,0.4,0.6,-0.1439,1360,0
61,A300,100,53,10,10,5039,81,111,0.95,0.7,0.3,-0.2572,1360,0
62,A300,120,60,10,11,6863,100,132,0.2482,0.6364,0.3636,-0.1064,1362,0
63,A300,120,76,14,11,8063,84,126,0.9192,0.8182,0.1818,-0.1712,1362,0
64,A300,100,66,9,12,6625,87,118,0.1495,0.5833,0.4167,-0.2158,1632,0
65,A300,100,70,9,11,7846,99,127,0.5772,0.8182,0.1818,-0.1243,1632,0
66,A300,100,382,43,60,38206,77,118,0.1103,0.15,0.85,-0.2186,1632,0
67,A300,100,110,13,20,11126,84,116,0.9669,0.4,0.6,-0.2098,1630,0
68,A300,100,51,8,13,5369,95,116,0.0411,0.4615,0.5385,-0.1775,1654,0
69,A300,100,63,15,14,5232,73,94,0.0531,0.5714,0.4286,-0.3512,1656,0
70,A300,100,56,12,9,4674,71,101,0.0459,0.8889,0.1111,-0.3479,1656,0
71,A300,100,89,14,13,7804,77,100,0.0362,0.8461,0.1539,-0.315,1658,0
72,A300,100,190,21,28,18416,81,116,0.0607,0.3214,0.6786,-0.2428,1648,0
73,A300,100,81,15,20,8709,99,119,0.5821,0.4,0.6,-0.16,1656,0
74,A300,211,63,17,18,4616,58,93,0.7332,0.3333,0.6667,-0.4276,1694,0
75,A300,211,60,9,12,4585,62,92,0.7355,0.6667,0.3333,-0.403,1694,0
76,A300,143,30,8,6,3022,80,116,0.5272,0.8571,-0.1429,-0.213,1692,0
77,A300,143,209,24,31,24034,90,143,0.4433,0.2903,0.7097,-0.1016,1692,0
78,A300,80,156,20,23,18654,101,141,0.1849,0.3913,0.6087,-0.0658,1352,0
79,A400,40,2643,165,285,300024,64,140,0.1771,0.0569,0.9431,-0.1132,1400,0
80,A400,40,2145,134,201,228995,16,133,0.0594,0.0904,0.9096,-0.166,1380,0
81,A400,40,1421,142,185,141034,47,126,0.9808,0.1566,0.8434,-0.2246,1666,0
82,A400,40,103,13,17,11430,97,126,0.97,0.4706,0.5294,-0.133,1666,0
83,A400,60,40,11,7,4014,89,111,0.0425,0.875,-0.125,-0.216,1364,0
84,A400,60,10914,481,604,1096282,21,141,0.094,0.0519,0.9481,-0.2153,1362,0
85,A400,200,135,18,16,10915,55,97,0.0838,0.75,0.25,-0.3683,1360,0
86,A400,220,114,14,17,13173,94,140,0.6638,0.5625,0.4375,-0.0972,1392,0
87,A400,220,82,13,20,9671,106,128,0.7974,0.35,0.65,-0.0786,1392,0
88,A400,40,275,19,32,28986,78,127,0.2188,0.375,0.625,-0.1765,1362,0
89,A400,40,289,25,36,32134,92,132,0.1848,0.3056,0.6944,-0.1313,1364,0
90,A400,40,313,36,39,35005,68,135,0.5719,0.3846,0.6154,-0.1263,1364,0
91,A400,40,437,36,52,44883,63,132,0.4692,0.25,0.75,-0.1976,1364,0
92,A400,40,759,45,69,67978,44,124,0.0499,0.2464,0.7536,-0.3003,1362,0
93,A400,40,677,44,67,67597,72,124,0.2338,0.194,0.806,-0.2199,1360,0
94,A400,100,211,18,22,17820,49,109,0.1261,0.5909,0.4091,-0.3402,1364,0
95,A400,100,52,9,7,5049,87,109,0.0205,0.7778,-0.2222,-0.2414,1366,0
96,A400,40,261,28,29,28261,91,126,0.8203,0.4483,0.5517,-0.1541,1358,0
97,A400,70,135,18,26,15385,103,126,0.7385,0.3077,0.6923,-0.1097,1690,0
98,A400,70,181,29,43,20264,99,125,0.9231,0.1628,0.8372,-0.1253,1690,0
99,A400,70,109,15,19,12212,100,127,0.8442,0.4211,0.5789,-0.1247,1694,0
100,A400,70,102,11,16,11385,95,127,0.4421,0.5,0.5,-0.128,1692,0
101,A400,70,51,8,12,5999,111,135,0.7778,0.5833,0.4167,-0.081,1692,0
102,A400,70,134,13,21,13356,89,111,0.1491,0.4762,0.5238,-0.2213,1690,0
103,A400,120,266,23,28,24547,49,126,0.2202,0.5,0.5,-0.279,1626,0
104,A400,175,970,57,103,97514,66,133,0.5433,0.1165,0.8835,-0.2146,1362,0
105,A400,125,515,32,57,41622,46,108,0.049,0.2281,0.7719,-0.3686,1632,0
106,A400,125,116,17,15,11656,71,127,0.2754,0.6667,0.3333,-0.215,1634,0
107,A400,125,2490,146,197,283038,19,141,0.1812,0.1066,0.8934,-0.112,1634,0
108,A400,125,251,22,28,28050,89,140,0.3174,0.4643,0.5357,-0.1269,1632,0
109,A400,125,165,22,26,18742,87,134,0.5646,0.5,0.5,-0.1126,1626,0
110,A400,40,112,16,17,11439,84,127,0.0353,0.5294,0.4706,-0.2021,1358,0
111,A400,50,208,24,32,22478,84,126,0.117,0.3438,0.6563,-0.1557,1350,0
112,A400,50,337,26,35,33379,68,125,0.1418,0.3714,0.6286,-0.2262,1354,0
113,A400,90,167,24,28,9559,23,94,0.0024,0.3214,0.6786,-0.5528,1698,0
114,A400,90,200,24,32,21691,90,125,0.2123,0.2813,0.7188,-0.1527,1696,0
115,A400,90,359,29,84,19226,30,93,0.0024,0.0714,0.9286,-0.5816,1696,0
116,A400,90,349,33,70,24697,45,95,0.0071,0.1,0.9,-0.4471,1698,0
117,A400,90,140,12,30,9253,38,101,0.0047,0.2333,0.7667,-0.4836,1698,0
118,A400,90,379,35,45,37695,80,124,0.1376,0.2667,0.7333,-0.223,1700,0
119,A400,90,121,13,20,13345,89,134,0.8916,0.45,0.55,-0.1384,1698,0
120,A400,90,762,63,86,78455,88,124,0.1355,0.1765,0.8235,-0.1956,1698,0
121,A400,90,861,78,98,90154,91,126,0.1309,0.1429,0.8571,-0.182,1696,0
122,A400,90,335,37,42,32766,86,124,0.1262,0.3333,0.6667,-0.2359,1696,0
123,A400,90,242,24,33,24672,90,119,0.1272,0.3333,0.6667,-0.2035,1698,0
124,A400,90,264,26,30,25531,64,126,0.3408,0.4,0.6,-0.2445,1696,0
125,A400,90,134,20,27,14605,94,125,0.0059,0.2963,0.7037,-0.1485,1694,0
126,A400,90,372,56,70,37930,77,125,0.125,0.1739,0.8261,-0.2034,1696,0
127,A400,90,794,59,87,84410,62,127,0.1002,0.1839,0.8161,-0.1694,1696,0
128,A400,90,227,28,32,23706,77,127,0.0118,0.375,0.625,-0.1841,1698,0
129,A400,90,927,65,103,89508,68,127,0.106,0.1471,0.8529,-0.2456,1698,0
130,A400,90,227,22,31,21864,74,126,0.0106,0.2903,0.7097,-0.2475,1698,0
131,A400,90,271,35,45,28268,85,127,0.2188,0.2045,0.7954,-0.1851,1700,0
132,A400,90,771,50,89,76380,63,127,0.2474,0.2023,0.7977,-0.2261,1698,0
133,A400,90,471,37,54,43880,62,125,0.0495,0.2407,0.7593,-0.2722,1698,0
134,A400,90,285,24,32,29895,81,126,0.1508,0.4688,0.5313,-0.1805,1698,0
135,A300,70,120,17,23,12238,84,124,0.8969,0.3478,0.6522,-0.2033,1688,0
136,A300,70,4686,251,427,454421,30,133,0.154,0.0422,0.9578,-0.2424,1688,0
137,A400,40,70,15,18,8051,106,127,0.1475,0.2778,0.7222,-0.1015,1356,0
138,A400,40,180,18,26,19118,80,127,0.1219,0.3462,0.6539,-0.1702,1362,0
139,A400,60,170,18,23,18052,79,127,0.4417,0.4783,0.5217,-0.1704,1698,0
140,A400,60,83,14,20,9917,110,134,0.6533,0.3,0.7,-0.0666,1696,0
141,A300,80,2705,213,359,197957,28,126,0.6613,0.0393,0.9607,-0.4283,1364,0
142,A300,100,177,15,50,17388,65,126,0.0353,0.1,0.9,-0.2325,1360,0
143,A400,40,221,26,31,22508,66,125,0.2533,0.3548,0.6452,-0.2043,1358,0
144,A400,40,109,16,18,11573,89,126,0.0442,0.4444,0.5556,-0.1705,1358,0
145,A400,40,104,14,14,11748,84,135,0.5712,0.7143,0.2857,-0.1175,1362,0
146,A400,40,3319,221,357,363821,37,133,0.6618,0.0448,0.9552,-0.1436,1360,0
147,A400,40,501,33,53,46520,49,127,0.0604,0.2453,0.7547,-0.2746,1358,0
148,A400,40,291,20,33,28711,68,126,0.4345,0.3939,0.6061,-0.2292,1358,0
149,A400,40,444,43,61,45269,78,126,0.3941,0.1803,0.8197,-0.2035,1360,0
150,A400,40,258,27,31,26902,75,125,0.0912,0.3871,0.6129,-0.1854,1360,0
151,A300,70,168,24,28,20267,102,143,0.0265,0.2857,0.7143,-0.0575,1360,0
152,A300,70,136,19,19,16571,99,143,0.0236,0.5263,0.4737,-0.0481,1358,0
153,A300,70,119,26,26,14471,97,143,0.028,0.3462,0.6539,-0.05,1358,0
154,A300,70,257,21,34,31058,91,151,0.0236,0.2941,0.7059,-0.0559,1356,0
155,A300,70,265,47,56,34055,106,156,0.0206,0.1636,0.8364,0.004,1358,0
156,A300,70,105,18,24,13943,120,150,0.0192,0.3333,0.6667,0.0374,1358,0
157,A300,70,154,20,22,19711,103,156,0.0221,0.4091,0.5909,0.0,1358,0
158,A300,70,145,18,21,18695,101,156,0.025,0.4286,0.5714,0.0073,1358,0
159,A300,100,123,33,17,15858,116,143,0.6124,0.7368,-0.2632,0.0072,1708,0
160,A300,70,56,13,6,6632,108,132,0.0103,0.5,-0.5,-0.0748,1354,0
161,A300,70,226,33,31,25563,100,132,0.0547,0.64,0.36,-0.1163,1354,0
162,A300,70,436,41,56,39043,71,117,0.0576,0.2143,0.7857,-0.3004,1354,0
163,A300,70,84,19,11,9155,99,118,0.2851,0.9167,-0.0833,-0.1485,1354,0
164,A300,70,63,20,15,7752,109,140,0.2142,0.8571,-0.1429,-0.0387,1354,0
165,A300,70,1590,143,172,154035,80,116,0.0576,0.1243,0.8757,-0.2431,1354,0
166,A300,70,2267,201,161,248809,96,127,0.2083,0.2808,0.7192,-0.1426,1354,0
167,A300,70,521,90,54,62926,104,135,0.1004,0.7609,0.2391,-0.0564,1354,0
168,A300,70,395,54,59,41476,92,127,0.1195,0.2364,0.7636,-0.1797,1356,0
169,A300,70,353,53,56,32335,79,118,0.0,0.34,0.66,-0.2844,1352,0
170,A300,70,205,33,36,22913,98,125,0.1389,0.3429,0.6571,-0.1268,1354,0
171,A300,70,135,16,23,8781,46,86,0.0148,0.55,0.45,-0.4918,1356,0
172,A300,70,294,35,42,20642,47,95,0.0044,0.2857,0.7143,-0.4515,1356,0
173,A300,70,71,12,13,6820,86,110,0.0236,0.6154,0.3846,-0.2496,1356,0
174,A300,70,56,16,19,6593,109,126,0.2127,0.3333,0.6667,-0.0802,1354,0
175,A300,70,54,17,15,5912,97,132,0.0443,0.6429,0.3571,-0.1447,1354,0
176,A300,70,400,49,42,35427,78,101,0.0929,0.5588,0.4412,-0.3081,1356,0
177,A300,70,82,22,21,9467,105,127,0.2445,0.4444,0.5556,-0.098,1358,0
178,A300,70,69,14,14,7659,98,125,0.2327,0.7143,0.2857,-0.1328,1358,0
179,A300,70,114,38,21,13595,106,134,0.257,0.6,-0.4,-0.0683,1354,0
180,A300,70,158,28,19,15719,89,111,0.7577,0.8421,0.1579,-0.2228,1354,0
181,A300,70,57,15,12,4557,70,93,0.0369,1.0,0.0,-0.3754,1354,0
182,A300,70,74,15,11,4347,36,84,0.0133,0.8182,0.1818,-0.5411,1356,0
183,A300,70,75,23,12,8535,104,127,0.2729,0.8571,-0.1429,-0.1109,1356,0
184,A300,70,787,94,94,85268,94,124,0.1976,0.2529,0.7471,-0.1535,1356,0
185,A300,70,5027,748,403,611544,93,143,0.1193,0.8824,0.1177,-0.0496,1358,0
186,A300,70,353,65,40,34230,84,111,0.5678,0.7188,0.2813,-0.2424,1356,0
187,A300,70,59,13,12,5608,85,103,0.0502,0.6667,0.3333,-0.2574,1354,0
188,A300,70,74,19,13,8915,109,132,0.2866,0.9231,-0.0769,-0.0588,1354,0
189,A300,70,55,12,7,6106,101,124,0.3835,0.5833,-0.4167,-0.1327,1356,0
190,A300,70,397,50,56,21964,33,84,0.0015,0.283,0.717,-0.5678,1354,0
191,A300,70,123,28,16,13148,95,118,0.3319,0.5789,-0.4211,-0.1649,1356,0
192,A300,70,78,24,12,8388,95,119,0.5443,1.0,0.0,-0.1599,1356,0
193,A300,70,63,17,17,6374,90,116,0.6431,0.3529,0.6471,-0.2096,1356,0
194,A300,70,170,28,25,20000,105,126,0.7463,0.5417,0.4583,-0.0809,1356,0
195,A300,70,124,18,20,13549,97,124,0.1612,0.6,0.4,-0.1464,1352,0
196,A300,70,884,106,98,83716,77,118,0.0723,0.3188,0.6812,-0.2601,1356,0
197,A300,70,139,21,27,8233,40,78,0.0752,0.3704,0.6296,-0.5373,1356,0
198,A300,70,444,58,50,51661,97,134,0.5847,0.36,0.64,-0.091,1358,0
199,A300,70,112,23,17,11154,87,111,0.941,0.9375,0.0625,-0.222,1356,0
200,A300,70,71,15,10,8824,113,135,0.5965,0.8182,-0.1818,-0.0291,1358,0
201,A300,70,77,15,20,8235,97,124,0.1991,0.35,0.65,-0.1645,1356,0
202,A300,70,812,93,120,60260,51,93,0.0,0.1167,0.8833,-0.4202,1358,0
203,A300,70,2904,197,207,145129,22,86,0.0147,0.1569,0.8431,-0.6096,1358,0
204,A300,70,964,106,103,53750,29,84,0.0148,0.2292,0.7708,-0.5644,1356,0
205,A300,70,521,61,67,31515,43,78,0.0118,0.3594,0.6406,-0.5274,1358,0
206,A300,70,938,117,94,110127,102,133,0.3186,0.4533,0.5467,-0.0828,1356,0
207,A300,70,4315,470,380,479002,82,148,0.0502,0.3454,0.6546,-0.1328,1354,0
208,A300,70,995,70,90,110993,95,133,0.3338,0.2614,0.7386,-0.1285,1354,0
209,A300,70,585,101,56,63194,96,125,0.2574,0.3922,0.6078,-0.1561,1352,0
210,A300,70,7292,466,536,608995,43,108,0.0,0.0946,0.9054,-0.3475,1352,0
211,A300,70,1014,96,102,61231,40,79,0.003,0.2841,0.7159,-0.5282,1356,0
212,A300,70,1784,90,99,202537,95,135,0.2378,0.3441,0.6559,-0.113,1354,0
213,A300,70,573,67,62,60005,90,126,0.1817,0.3509,0.6491,-0.1819,1354,0
214,A300,70,2875,202,161,316233,82,133,0.0962,0.2932,0.7068,-0.1407,1352,0
215,A300,70,2483,107,129,198389,44,101,0.0399,0.2339,0.7661,-0.3758,1354,0
216,A300,70,709,84,55,83627,105,132,0.3609,0.7561,0.2439,-0.0785,1352,0
217,A300,70,1148,85,94,121595,89,132,0.2127,0.2353,0.7647,-0.1725,1354,0
218,A300,70,3811,235,230,365943,78,124,0.2032,0.246,0.754,-0.2498,1358,0
219,A300,70,613,95,77,63480,90,117,0.0974,0.5652,0.4348,-0.191,1356,0
220,A300,70,540,69,70,66181,110,135,0.2482,0.1884,0.8116,-0.0425,1354,0
221,A300,70,694,60,53,77691,94,127,0.2482,0.6471,0.3529,-0.1254,1354,0
222,A300,70,67,15,13,8477,113,140,0.2323,0.8333,0.1667,-0.0115,1352,0
223,A300,70,1348,98,100,126759,81,118,0.2788,0.2577,0.7423,-0.2654,1356,0
224,A300,70,265,47,40,26694,86,116,0.09,0.4857,0.5143,-0.213,1356,0
225,A300,70,138,30,16,17295,114,141,0.2596,0.8235,-0.1765,-0.0209,1356,0
226,A300,70,109,25,22,12602,102,132,0.208,0.5909,0.4091,-0.0968,1356,0
227,A300,70,74,19,20,8027,98,119,0.2541,0.35,0.65,-0.1525,1354,0
228,A300,70,7579,591,431,917886,95,141,0.6785,0.3333,0.6667,-0.0538,1356,0
229,A300,70,184,31,15,19460,96,118,0.2024,0.7895,-0.2105,-0.1737,1354,0
230,A300,70,252,55,36,19650,52,94,0.0206,0.6429,0.3571,-0.3908,1356,0
231,A300,70,62,14,14,6819,98,124,0.3131,0.7143,0.2857,-0.1408,1354,0
232,A300,70,60,14,8,6685,102,124,0.1684,0.5385,-0.4615,-0.1296,1354,0
233,A300,70,55,20,14,6483,109,127,0.3575,1.0,0.0,-0.0791,1354,0
234,A300,70,241,45,35,14875,42,85,0.056,0.76,-0.24,-0.5178,1356,0
235,A300,70,54,18,7,6135,102,124,0.1581,0.5385,-0.4615,-0.1124,1354,0
236,A300,70,128,22,30,15896,111,140,0.1755,0.2759,0.7241,-0.0298,1356,0
237,A300,70,51,17,14,4499,51,117,0.0162,0.4286,0.5714,-0.3108,1358,0
238,A300,70,61,12,14,5695,81,109,0.1108,0.5,0.5,-0.2706,1354,0
239,A300,70,780,106,83,84461,96,126,0.2876,0.3433,0.6567,-0.154,1356,0
240,A300,70,493,56,38,59901,105,141,0.6824,0.7059,0.2941,-0.0508,1354,0
241,A300,70,65,10,12,6757,95,115,0.8881,0.8182,0.1818,-0.1879,1358,0
242,A300,70,138,28,21,14757,93,118,0.324,0.7368,0.2632,-0.1646,1358,0
243,A300,70,85,23,16,8566,93,111,0.3314,0.8125,-0.1875,-0.2127,1358,0
244,A300,70,59,15,16,3095,41,71,0.0266,0.375,0.625,-0.5902,1356,0
245,A300,70,222,25,29,25660,104,125,0.433,0.5,0.5,-0.097,1358,0
246,A300,70,73,20,11,8327,103,126,0.1165,0.5,-0.5,-0.1088,1356,0
247,A300,70,286,54,33,30518,95,125,0.705,0.7353,-0.2647,-0.1664,1356,0
248,A300,70,390,30,36,38672,80,118,0.0957,0.4167,0.5833,-0.2253,1358,0
249,A300,70,52,17,13,5376,95,111,0.243,1.0,0.0,-0.1923,1358,0
250,A300,70,98,23,14,9733,89,113,0.1985,0.7857,0.2143,-0.2241,1360,0
251,A300,70,61,12,11,6834,102,124,0.1252,0.9091,-0.0909,-0.1247,1358,0
252,A300,70,75,19,16,7384,89,109,0.5243,0.7857,0.2143,-0.2308,1358,0
253,A300,70,705,76,76,63525,73,117,0.0722,0.2973,0.7027,-0.296,1358,0
254,A300,70,196,52,35,22534,104,127,0.7118,0.6207,-0.3793,-0.1018,1360,0
255,A300,70,64,16,13,7216,102,124,0.1593,0.9167,-0.0833,-0.1191,1356,0
256,A300,70,130,26,25,13185,90,117,0.5258,0.5909,0.4091,-0.2076,1358,0
257,A300,70,215,36,22,24463,103,125,0.2493,0.8095,0.1905,-0.1111,1356,0
258,A300,70,178,25,28,18774,92,116,0.0546,0.3929,0.6071,-0.176,1356,0
259,A300,70,155,24,27,16678,96,120,0.1711,0.3704,0.6296,-0.1594,1356,0
260,A300,70,1030,72,92,71852,49,84,0.0,0.1868,0.8132,-0.455,1354,0
261,A300,70,140,27,22,15545,99,125,0.7552,0.9524,0.0476,-0.1325,1356,0
262,A300,70,1470,84,82,132939,70,118,0.0782,0.5135,0.4865,-0.2935,1356,0
263,A300,70,69,20,19,7588,100,119,0.3658,0.8571,-0.1429,-0.1408,1356,0
264,A300,70,231,31,23,29896,117,143,0.1534,0.95,-0.05,0.0111,1356,0
265,A300,70,169,33,28,19591,105,127,0.1696,1.0,0.0,-0.0944,1356,0
266,A300,70,445,72,55,46236,91,118,0.0458,0.3726,0.6274,-0.1883,1354,0
267,A300,70,245,37,33,27599,100,124,0.3264,0.5556,0.4444,-0.1199,1354,0
268,A300,70,99,16,13,12056,111,132,0.2872,0.8571,-0.1429,-0.0486,1358,0
269,A300,70,55,19,17,6146,104,125,0.2121,0.5625,0.4375,-0.127,1358,0
270,A300,70,873,174,100,103898,106,133,0.6613,0.625,-0.375,-0.0702,1358,0
271,A300,70,64,16,13,7286,102,126,0.0811,0.8333,0.1667,-0.1106,1356,0
272,A300,70,60,20,11,6260,96,117,0.2088,0.7692,-0.2308,-0.1849,1360,0
273,A300,70,120,31,18,12834,90,125,0.0723,0.4231,-0.5769,-0.1645,1356,0
274,A300,70,314,84,50,38597,110,140,0.4749,1.0,0.0,-0.0397,1356,0
275,A300,70,61,17,11,7309,112,132,0.3097,0.7857,-0.2143,-0.0639,1356,0
276,A300,70,253,50,26,28728,86,135,0.0443,0.5,-0.5,-0.1129,1356,0
277,A300,70,509,73,60,49765,80,116,0.1296,0.9063,-0.0938,-0.2362,1358,0
278,A300,70,170,25,21,16633,84,116,0.0619,0.65,0.35,-0.2356,1356,0
279,A300,70,78,22,10,8246,95,117,0.0796,0.2727,-0.7273,-0.1741,1356,0
280,A300,70,77,17,13,6861,76,109,0.0428,0.7692,0.2308,-0.3039,1356,0
281,A300,70,83,18,12,10702,116,140,0.2552,0.7333,-0.2667,0.0073,1356,0
282,A300,70,61,12,10,6490,96,118,0.1224,0.9,-0.1,-0.1688,1356,0
283,A300,70,80,23,17,4931,41,84,0.0251,0.5882,0.4118,-0.5185,1356,0
284,A300,70,51,15,10,5546,99,124,0.1445,1.0,0.0,-0.1504,1356,0
285,A300,70,58,22,7,7050,111,135,0.2714,0.2381,-0.7619,-0.0504,1356,0
286,A300,70,58,13,11,7114,112,133,0.1711,0.9091,0.0909,-0.0418,1356,0
287,A300,70,130,38,25,16308,115,140,0.2625,0.6842,-0.3158,-0.02,1356,0
288,A300,70,117,22,14,11647,89,110,0.0605,0.8,-0.2,-0.2223,1356,0
289,A300,70,490,38,44,50867,86,118,0.1211,0.3721,0.6279,-0.189,1354,0
290,A300,70,318,36,33,31789,85,124,0.1078,0.6333,0.3667,-0.219,1354,0
291,A300,70,185,29,24,18517,88,119,0.0295,0.8095,0.1905,-0.218,1354,0
292,A300,70,59,13,11,5957,89,111,0.223,0.9091,-0.0909,-0.2112,1354,0
293,A300,70,119,20,18,11516,84,117,0.1021,0.6667,0.3333,-0.244,1352,0
294,A300,70,66,10,11,5652,75,101,0.1165,0.8182,0.1818,-0.331,1356,0
295,A300,70,268,28,25,26356,84,118,0.1254,0.6956,0.3043,-0.2317,1356,0
296,A300,70,99,29,17,11843,109,134,0.1093,0.5882,-0.4118,-0.0654,1354,0
297,A300,70,197,38,29,19139,86,109,0.0502,0.5185,0.4815,-0.241,1354,0
298,A300,70,91,12,14,8106,79,101,0.0192,0.5714,0.4286,-0.3041,1358,0
299,A300,70,142,30,29,12465,72,109,0.0473,0.4444,0.5556,-0.3142,1354,0
300,A300,70,60,13,11,6133,91,117,0.1195,0.8182,0.1818,-0.2014,1356,0
301,A300,70,60,15,13,5573,81,103,0.0325,0.6923,0.3077,-0.2743,1354,0
302,A300,70,149,27,17,15313,93,111,0.4136,0.4,-0.6,-0.1971,1354,0
303,A300,70,103,19,13,12424,112,132,0.1578,1.0,0.0,-0.0576,1356,0
304,A300,70,93,19,17,9214,90,108,0.0103,0.75,0.25,-0.226,1356,0
305,A300,70,115,22,17,11748,87,124,0.0619,0.7059,-0.2941,-0.2019,1356,0
306,A300,70,1203,68,89,96937,48,101,0.0118,0.236,0.764,-0.3705,1354,0
307,A300,70,109,22,20,11293,90,116,0.0118,0.5,0.5,-0.1906,1356,0
308,A300,70,1371,114,144,150413,85,132,0.0457,0.1329,0.8671,-0.1429,1356,0
309,A300,70,88,13,15,8123,81,110,0.0665,0.5333,0.4667,-0.2788,1354,0
310,A300,70,566,64,70,62326,89,132,0.0369,0.3443,0.6557,-0.1397,1356,0
311,A300,70,97,19,17,5940,47,77,0.0059,0.7647,0.2353,-0.5216,1358,0
312,A300,70,145,19,26,14997,91,117,0.0398,0.375,0.625,-0.192,1356,0
313,A300,70,205,24,21,26503,108,148,0.0384,0.7,0.3,0.01,1354,0
314,A300,70,60,12,10,3673,48,77,0.003,0.9,0.1,-0.5217,1358,0
315,A300,70,173,22,23,17100,85,111,0.0354,0.6364,0.3636,-0.2278,1356,0
316,A300,70,71,19,12,6886,84,111,0.0133,0.5625,-0.4375,-0.2423,1356,0
317,A300,70,578,73,68,52482,76,109,0.0782,0.5833,0.4167,-0.2906,1356,0
318,A300,70,53,13,9,5267,90,109,0.0192,0.9,-0.1,-0.2236,1354,0
319,A300,70,153,25,21,16865,90,125,0.071,0.6191,0.381,-0.1388,1352,0
320,A300,70,78,28,17,9208,105,132,0.0251,0.625,-0.375,-0.0777,1352,0
321,A300,70,94,24,16,10847,104,126,0.034,0.7059,-0.2941,-0.0985,1354,0
322,A300,70,376,40,43,36566,81,119,0.0399,0.3659,0.6342,-0.2402,1352,0
323,A300,70,111,20,21,6323,41,70,0.0,0.75,-0.25,-0.555,1356,0
324,A300,70,1543,150,151,160372,81,126,0.0355,0.2188,0.7813,-0.188,1352,0
325,A300,70,192,35,36,18361,80,118,0.0281,0.25,0.75,-0.2529,1354,0
326,A300,70,76,15,12,4643,43,86,0.0251,0.8333,0.1667,-0.5227,1354,0
327,A300,70,199,20,23,18720,80,110,0.0266,0.6087,0.3913,-0.2651,1352,0
328,A300,70,71,11,13,6657,81,108,0.0222,0.5385,0.4615,-0.2675,1350,0
329,A300,70,69,14,18,7151,92,118,0.0,0.3529,0.6471,-0.1903,1348,0
330,A300,100,52,11,13,5907,105,125,0.1281,0.5833,0.4167,-0.1125,1358,0
331,A400,40,339,70,35,42620,119,135,0.1853,0.84,-0.16,-0.0178,1360,0
332,A400,40,155,37,23,19453,120,134,0.1542,0.75,-0.25,-0.0195,1362,0
333,A400,40,618,109,59,78470,119,135,0.1747,0.3962,-0.6038,-0.008,1362,0
334,A400,40,142,25,15,17707,119,133,0.1513,0.6316,-0.3684,-0.0258,1362,0
335,A400,40,508,112,59,65223,120,142,0.2129,0.5961,-0.4038,0.0031,1362,0
336,A400,40,158,45,30,20312,122,140,0.3069,0.7619,-0.2381,0.0044,1362,0
337,A400,40,156,49,17,20131,122,140,0.3015,0.4,-0.6,0.0082,1360,0
338,A400,40,312,73,48,40573,122,141,0.2662,0.5306,-0.4694,0.0159,1360,0
339,A400,175,180,24,27,17505,87,111,0.2364,0.4231,0.5769,-0.2402,1362,0
340,A400,175,147,28,31,16908,105,133,0.2056,0.2667,0.7333,-0.1014,1362,0
341,A400,175,1733,206,294,185716,93,133,0.1953,0.0612,0.9388,-0.1628,1362,0
342,A400,175,120,35,39,15035,118,135,0.2173,0.1842,0.8158,-0.0212,1362,0
343,A400,175,1804,175,211,214243,101,135,0.2059,0.0962,0.9039,-0.0722,1360,0
344,A400,175,124,26,21,14323,107,126,0.239,0.5,0.5,-0.0976,1364,0
345,A400,175,119,24,20,13662,106,127,0.2185,0.6842,0.3158,-0.1031,1364,0
346,A400,175,130,21,26,15147,109,126,0.3559,0.36,0.64,-0.0897,1360,0
347,A400,175,3883,229,289,395668,78,127,0.21,0.1032,0.8968,-0.2039,1362,0
348,A400,175,295,42,56,32358,96,126,0.2273,0.1964,0.8036,-0.1431,1364,0
349,A400,40,72,13,12,13094,168,198,0.6691,0.9091,0.0909,0.4208,1387,0
350,A400,40,66,9,11,12872,178,207,0.7585,0.7273,0.2727,0.5237,1387,0
351,A400,40,61,10,12,10855,168,189,0.0,0.75,0.25,0.3902,1387,0
352,A400,40,75,8,11,14016,157,206,0.8118,0.7273,0.2727,0.46,1387,0
353,A400,40,443,56,60,79713,77,221,0.7844,0.2712,0.7288,0.4058,1387,0
354,A400,40,76,10,9,15483,195,213,0.4585,0.9,-0.1,0.5916,1387,0
355,A400,40,150,13,15,28697,172,212,0.3735,0.8667,0.1333,0.4946,1387,0
356,A400,40,892,59,104,181730,68,236,0.7426,0.1863,0.8137,0.5917,1387,0
357,A400,40,74,16,11,15069,196,210,0.8219,0.6,-0.4,0.5909,1387,0
358,A400,40,136,18,11,27180,192,207,0.9185,0.6111,-0.3889,0.5613,1387,0
359,A400,40,108,16,17,21840,195,212,0.4182,1.0,0.0,0.5799,1387,0
360,A400,40,74,12,12,13025,163,188,0.2408,0.6667,0.3333,0.3751,1387,0
361,A400,40,52,8,10,9968,178,207,0.7527,0.8,0.2,0.4976,1387,0
362,A400,40,69,8,11,13099,164,205,0.7599,0.7273,0.2727,0.4831,1387,0
363,A400,40,60,8,14,11189,178,198,0.2033,0.5,0.5,0.4569,1387,0
364,A400,40,68,8,11,12624,177,191,0.9575,0.6364,0.3636,0.4504,1387,0
365,A400,40,70,8,9,11255,143,174,0.2293,0.8889,0.1111,0.2561,1387,0
366,A400,40,504,24,27,69672,48,189,0.4831,0.8889,0.1111,0.08,1387,0
367,A400,40,140,12,15,20974,118,174,0.0058,0.8,0.2,0.1704,1387,0
368,A400,40,108,11,13,17174,123,181,0.734,0.8461,0.1539,0.2423,1387,0
369,A400,40,96,9,13,14369,128,164,0.1427,0.6923,0.3077,0.1693,1387,0
370,A400,40,81,11,10,13311,141,182,0.6143,1.0,0.0,0.2839,1387,0
371,A400,40,85,12,10,14041,139,181,0.6215,0.9091,-0.0909,0.2905,1387,0
372,A400,40,57,10,11,9848,161,183,0.7541,0.8889,0.1111,0.3498,1387,0
373,A400,40,75,9,11,12593,150,180,0.6532,0.8182,0.1818,0.3118,1387,0
374,A400,40,88,11,10,14538,134,183,0.659,0.9091,-0.0909,0.2907,1387,0
375,A400,40,88,10,13,14808,148,182,0.6619,0.75,0.25,0.3146,1387,0
376,A400,40,52,9,10,8857,161,182,0.6446,0.7,0.3,0.3307,1387,0
377,A400,40,52,9,11,8801,159,181,0.6417,0.5454,0.4545,0.3223,1387,0
378,A400,40,65,9,9,11132,161,182,0.6388,0.8889,0.1111,0.338,1387,0
379,A400,40,63,9,11,10518,156,180,0.6518,0.8182,0.1818,0.3043,1387,0
380,A400,40,101,11,11,16760,148,182,0.6921,0.9091,0.0909,0.2964,1387,0
381,A400,40,92,12,12,14703,128,175,0.6979,0.9167,0.0833,0.2486,1387,0
382,A400,40,53,9,8,9033,158,181,0.8003,1.0,0.0,0.3315,1387,0
383,A400,40,2358,104,101,233778,49,124,0.8565,0.8841,0.1159,-0.2254,1387,0
384,A400,40,2108,80,61,175110,6,119,0.5292,0.5616,-0.4384,-0.351,1387,0
385,A400,40,227,14,18,21216,36,127,0.6934,0.7778,0.2222,-0.2698,1373,0
386,A400,40,231,17,17,21639,33,127,0.7254,1.0,0.0,-0.2682,1373,0
387,A400,40,194,16,17,19202,68,124,0.3074,0.8824,0.1177,-0.2267,1373,0
388,A400,40,247,17,21,23671,43,129,0.7123,0.7143,0.2857,-0.2513,1373,0
389,A400,40,175,13,19,18625,61,126,0.3438,0.6842,0.3158,-0.1685,1373,0
390,A400,40,566,28,49,49867,70,103,0.0779,0.3958,0.6042,-0.3117,1387,0
391,A300,80,655,33,35,49303,54,93,0.0581,0.7059,0.2941,-0.4119,1687,0
392,A400,40,152655,10449,18152,11591414,0,156,0.0284,0.0083,0.9917,-0.4068,1336,0
393,A400,40,25323,1022,593,3037459,24,148,0.0,0.9087,-0.0913,-0.0629,1400,0
394,A400,40,21110,1138,597,2554885,21,148,0.0043,0.9227,-0.0773,-0.0545,1402,0
395,A400,40,25473,992,578,3061597,23,148,0.0,0.9289,-0.0711,-0.061,1400,0
396,A400,40,24365,1084,680,2935414,22,143,0.0,0.5367,-0.4633,-0.0588,1404,0
397,A400,40,20894,1169,712,2529140,18,143,0.0,0.8839,-0.1161,-0.0543,1398,0
398,A400,40,20726,1193,709,2499819,25,143,0.0,0.2452,-0.7548,-0.0577,1402,0
399,A400,40,22554,999,605,2712104,27,150,0.0014,0.9955,0.0045,-0.0606,1400,0
400,A400,40,21987,1050,684,2638402,21,143,0.0,0.9238,-0.0762,-0.0625,1398,0
401,A400,40,21036,1015,586,2519511,24,143,0.0,0.5703,-0.4297,-0.0643,1402,0
402,A400,40,16759,729,433,2020624,24,143,0.0585,0.962,0.038,-0.058,1402,0
403,A400,40,17977,796,513,2144244,24,143,0.0585,0.9282,0.0718,-0.0681,1402,0
404,A400,40,19629,788,534,2332320,22,143,0.0586,0.2594,-0.7406,-0.0717,1400,0
405,A400,40,17887,713,448,2156667,21,143,0.0586,0.8829,0.1171,-0.058,1400,0
406,A400,40,18517,1021,696,2230510,25,150,0.0529,0.9912,0.0088,-0.0589,1398,0
407,A400,40,17825,790,539,2155523,24,143,0.0586,0.8364,0.1636,-0.0553,1400,0
408,A400,40,16686,842,562,2013557,19,150,0.0585,0.4627,-0.5373,-0.0572,1402,0
409,A400,40,16521,926,591,1992604,21,149,0.0557,0.2892,-0.7108,-0.0577,1400,0
410,A400,40,17706,802,537,2147442,24,148,0.0584,0.8809,0.1191,-0.0525,1404,0
411,A400,40,18071,814,534,2160349,27,148,0.0557,0.9639,0.0361,-0.066,1400,0
412,A400,40,18908,853,535,2264960,24,143,0.0585,0.8621,0.1379,-0.0641,1402,0
413,A400,40,18896,768,507,2225392,22,142,0.0613,0.9626,-0.0374,-0.0799,1404,0
414,A400,40,20313,755,497,2400588,23,141,0.0586,0.9895,-0.0105,-0.0767,1400,0
415,A400,40,18203,696,480,2155986,25,143,0.0558,0.915,0.085,-0.0747,1398,0
416,A400,40,17357,794,495,2034432,27,142,0.0557,0.7936,0.2064,-0.0843,1400,0
417,A400,40,18954,749,482,2236201,25,143,0.0557,0.9444,0.0556,-0.0783,1400,0
418,A400,40,14949,720,469,1734628,27,142,0.0586,0.8079,-0.1921,-0.0935,1400,0
419,A400,40,16469,929,568,1939163,27,143,0.0558,0.2062,-0.7938,-0.0801,1398,0
420,A400,40,17810,763,456,2094532,25,142,0.0558,0.9538,0.0461,-0.0812,1398,0
421,A400,40,100,30,16,12817,123,140,0.0558,0.5789,-0.4211,0.0013,1398,0
422,A400,40,354,67,47,44478,120,134,0.2029,0.8621,0.1379,-0.0184,1400,0
423,A400,40,16821,670,425,1972773,29,141,0.0558,0.8268,-0.1732,-0.0838,1398,0
424,A400,40,15937,745,463,1847157,31,141,0.0558,0.8324,-0.1676,-0.0945,1398,0
425,A400,40,15896,756,469,1847464,22,143,0.0586,0.9558,-0.0442,-0.092,1400,0
426,A400,40,128,38,27,16028,120,134,0.0586,0.8235,-0.1765,-0.0217,1400,0
427,A400,40,16220,780,453,1877827,19,141,0.0586,0.9448,-0.0553,-0.0955,1400,0
428,A400,40,14963,779,468,1720418,22,141,0.0501,0.9771,-0.0229,-0.1017,1398,0
429,A400,40,15050,867,541,1751637,21,141,0.0586,0.9832,0.0168,-0.0907,1400,0
430,A400,40,13033,731,420,1508093,29,141,0.0558,0.9143,-0.0857,-0.096,1398,0
431,A400,40,16968,670,399,1976551,26,143,0.0586,0.9483,-0.0517,-0.09,1400,0
432,A400,40,16584,821,498,1936241,25,143,0.0587,0.9206,0.0794,-0.0879,1398,0
433,A400,40,14969,805,503,1758655,27,142,0.0614,0.9884,0.0116,-0.0821,1400,0
434,A400,40,13601,805,503,1579135,25,141,0.0557,0.9459,0.054,-0.0929,1400,0
435,A400,40,13387,763,425,1546189,29,141,0.0558,0.867,-0.1329,-0.0977,1398,0
436,A400,40,16164,861,522,1868220,23,141,0.0586,0.8762,0.1238,-0.097,1400,0
437,A400,40,935,143,98,117325,119,135,0.0558,0.6863,0.3137,-0.0197,1398,0
438,A400,40,15601,865,517,1835252,23,143,0.0586,0.9551,-0.0449,-0.081,1400,0
439,A400,40,11348,595,357,1302540,27,143,0.0586,0.7667,-0.2333,-0.1033,1400,0
440,A400,40,15414,796,478,1798470,24,142,0.0557,0.9358,0.0642,-0.0885,1400,0
441,A400,40,13975,795,441,1630309,29,140,0.0614,0.9942,-0.0058,-0.0886,1400,0
442,A400,40,11388,735,415,1315891,29,141,0.0558,0.409,-0.591,-0.0973,1398,0
443,A400,40,13553,708,424,1567858,30,141,0.0557,0.9314,-0.0686,-0.0962,1400,0
444,A400,40,15704,976,557,1814409,25,142,0.053,0.9945,-0.0055,-0.0974,1396,0
445,A400,40,12012,607,362,1381722,30,141,0.0558,0.9942,-0.0058,-0.1013,1398,0
446,A400,40,11875,657,387,1375431,32,143,0.0558,0.9942,-0.0058,-0.0951,1398,0
447,A400,40,11271,664,396,1297285,27,141,0.0585,0.9591,-0.0409,-0.1008,1402,0
448,A400,40,12212,617,372,1398637,27,141,0.0585,0.8871,-0.1129,-0.1052,1402,0
449,A400,40,539,94,63,68416,119,135,0.0556,0.9063,0.0938,-0.0083,1402,0
450,A400,40,677,114,79,86417,120,140,0.0557,0.9429,0.0571,-0.0028,1400,0
451,A400,40,10276,552,319,1187807,25,141,0.0557,0.7865,-0.2135,-0.097,1400,0
452,A400,40,11535,758,419,1327403,23,141,0.0586,0.8962,-0.1038,-0.101,1400,0
453,A400,40,794,131,91,101435,119,140,0.0556,0.5094,0.4906,-0.0019,1402,0
454,A400,40,11492,650,443,1339579,26,143,0.0556,0.9302,-0.0698,-0.0893,1402,0
455,A400,40,10904,617,334,1261668,28,141,0.0556,0.8106,-0.1893,-0.096,1402,0
456,A400,40,14069,675,452,1642086,26,141,0.0529,0.9643,0.0357,-0.0882,1400,0
457,A400,40,12388,631,374,1431766,29,143,0.0557,0.9102,0.0898,-0.0971,1400,0
458,A400,40,12108,614,359,1402972,34,141,0.0613,0.9321,0.0679,-0.0948,1402,0
459,A400,40,13946,589,406,1635177,33,142,0.0556,0.8895,0.1105,-0.084,1402,0
460,A400,40,13309,500,310,1550152,31,143,0.0556,0.9737,0.0263,-0.09,1402,0
461,A400,40,12729,634,404,1482862,29,143,0.0586,0.8516,0.1484,-0.0899,1400,0
462,A400,40,14309,793,469,1661835,31,141,0.0585,0.821,0.1789,-0.0927,1402,0
463,A400,40,14346,694,424,1691554,29,143,0.0557,0.8216,0.1784,-0.0788,1400,0
464,A400,40,12260,660,378,1424210,33,141,0.0585,0.9375,0.0625,-0.0924,1402,0
465,A400,40,13185,572,370,1529932,30,141,0.0557,0.9503,0.0497,-0.0935,1400,0
466,A400,40,13114,618,381,1507625,33,141,0.0557,0.9737,-0.0263,-0.1019,1400,0
467,A400,40,10796,572,363,1245388,38,141,0.0556,0.8633,-0.1366,-0.0988,1402,0
468,A400,40,11505,577,349,1320194,27,142,0.0556,0.9739,-0.0261,-0.1035,1402,0
469,A400,40,13612,579,357,1577022,30,141,0.0557,0.8869,0.1131,-0.0949,1400,0
470,A400,40,12477,560,331,1442027,36,141,0.0586,0.9867,-0.0133,-0.0971,1400,0
471,A400,40,12718,596,348,1459713,31,140,0.0613,0.9494,0.0506,-0.1033,1402,0
472,A400,40,13057,562,361,1507763,32,140,0.0613,0.962,0.038,-0.0979,1404,0
473,A400,40,13699,587,352,1585785,37,141,0.0585,0.9042,0.0958,-0.0956,1402,0
474,A400,40,12509,622,374,1456542,27,141,0.0557,0.9048,0.0952,-0.0903,1400,0
475,A400,40,11089,593,354,1270726,31,143,0.0585,0.9669,-0.0331,-0.1047,1402,0
476,A400,40,11711,538,348,1308444,30,135,0.0585,0.8935,0.1065,-0.1271,1402,0
477,A400,40,13041,616,365,1508999,37,141,0.0586,0.9182,0.0818,-0.096,1400,0
478,A400,40,10913,634,359,1248379,25,141,0.0585,0.9412,-0.0588,-0.1063,1402,0
479,A400,40,12051,631,390,1383987,33,140,0.0585,0.9167,0.0833,-0.1028,1402,0
480,A400,40,11355,639,388,1299720,31,141,0.0556,0.8389,0.1611,-0.1058,1402,0
481,A400,40,11388,705,420,1311391,36,140,0.0585,0.9197,0.0803,-0.1003,1402,0
482,A400,40,11813,591,367,1361903,27,141,0.0557,0.9286,0.0714,-0.0993,1400,0
483,A400,40,13203,608,375,1515722,35,141,0.0556,0.9012,0.0988,-0.1031,1402,0
484,A400,40,11809,621,400,1367596,36,141,0.0557,0.9745,0.0255,-0.0952,1400,0
485,A400,40,11211,639,387,1293558,35,141,0.0556,0.9623,0.0377,-0.0986,1402,0
486,A400,40,10880,649,409,1245114,33,141,0.0586,0.8706,0.1294,-0.1059,1400,0
487,A400,40,13037,623,387,1505833,35,143,0.0556,0.8125,0.1875,-0.0976,1402,0
488,A400,40,12489,700,462,1439221,31,141,0.0528,0.8722,0.1278,-0.0997,1402,0
489,A400,40,12515,626,397,1452456,37,141,0.0586,0.9371,0.0629,-0.0933,1400,0
490,A400,40,11510,699,429,1330937,40,141,0.0556,0.961,-0.039,-0.0966,1402,0
491,A400,40,12834,570,356,1487763,37,141,0.0557,0.9367,-0.0633,-0.0944,1400,0
492,A400,40,10429,578,382,1196792,33,141,0.0585,0.5511,-0.4489,-0.1035,1402,0
493,A400,40,9576,564,343,1098162,37,141,0.0585,0.9536,0.0464,-0.1041,1402,0
494,A400,40,10743,652,418,1239926,38,142,0.0585,0.9408,-0.0592,-0.0983,1402,0
495,A400,40,11411,801,433,1303229,40,141,0.0586,0.9341,0.0659,-0.1077,1400,0
496,A400,40,10941,685,407,1246740,40,140,0.0585,0.8837,0.1163,-0.1098,1402,0
497,A400,40,10821,754,454,1238454,36,140,0.0557,0.9576,0.0424,-0.1059,1400,0
498,A400,40,9349,659,387,1068391,38,140,0.0585,0.8849,0.1151,-0.1072,1402,0
499,A400,40,11542,757,441,1338028,42,140,0.0585,0.9535,0.0465,-0.0943,1402,0
500,A400,40,9927,625,418,1133850,39,140,0.0585,0.8909,0.1091,-0.1077,1402,0
501,A400,40,5519,319,173,582040,34,135,0.0556,0.4839,-0.5161,-0.1761,1402,0
502,A400,40,4881,239,110,513464,40,127,0.0584,0.3378,-0.6622,-0.1781,1404,0
503,A400,40,9484,655,382,1083941,41,141,0.0557,0.9484,0.0516,-0.1071,1400,0
504,A400,40,10986,755,444,1273434,44,142,0.0556,0.9398,0.0602,-0.0944,1404,0
505,A400,40,4995,232,124,527906,39,127,0.0585,0.3758,-0.6242,-0.1743,1402,0
506,A400,40,5702,214,118,601643,47,127,0.0556,0.3613,-0.6387,-0.1757,1402,0
507,A400,40,9518,743,453,1084425,41,141,0.0585,0.9394,0.0606,-0.1099,1402,0
508,A400,40,5957,289,166,637883,48,135,0.0556,0.5,-0.5,-0.1634,1404,0
509,A400,40,5617,268,152,598575,42,135,0.0556,0.483,-0.517,-0.1675,1404,0
510,A400,40,9582,611,384,1095577,39,140,0.0556,0.9427,0.0573,-0.1067,1404,0
511,A400,40,9183,602,355,1059263,40,141,0.0584,0.9,0.1,-0.0988,1404,0
512,A400,40,8726,653,398,1001426,41,141,0.0556,0.9551,-0.0449,-0.1034,1402,0
513,A400,40,9892,682,424,1130960,42,140,0.0613,0.8772,0.1228,-0.1068,1402,0
514,A400,40,8457,636,383,971036,38,141,0.0557,0.9744,0.0256,-0.103,1400,0
515,A400,40,2027,255,129,259127,118,141,0.1327,0.8974,-0.1026,-0.0013,1402,0
516,A400,40,5593,239,133,593650,42,127,0.0585,0.3608,-0.6392,-0.1708,1402,0
517,A400,40,8709,578,322,996980,47,141,0.0556,0.9398,0.0602,-0.1057,1402,0
518,A400,40,5576,235,133,598862,43,135,0.0557,0.5,-0.5,-0.1609,1400,0
519,A400,40,5357,181,90,764,123,134,0.0585,0.3681,-0.6319,-0.9989,1402,0
520,A400,40,4635,226,128,491662,38,127,0.0586,0.3571,-0.6429,-0.1713,1400,0
521,A400,40,8957,588,360,1025103,35,141,0.0557,0.993,0.007,-0.1059,1400,0
522,A400,40,5261,190,107,553974,46,127,0.0557,0.4014,-0.5986,-0.1774,1400,0
523,A400,40,5731,325,186,618954,41,135,0.0557,0.5786,-0.4214,-0.1562,1400,0
524,A400,40,1909,175,125,245067,120,140,0.1271,0.8857,0.1143,0.0029,1400,0
525,A400,40,2791,332,207,353617,114,140,0.1071,0.7822,0.2178,-0.0102,1400,0
526,A400,40,6381,280,166,678752,41,135,0.0557,0.6471,-0.3529,-0.169,1400,0
527,A400,40,8344,558,338,945879,52,141,0.0557,0.9054,0.0946,-0.1144,1400,0
528,A400,40,7998,558,343,889727,49,140,0.0557,0.858,0.142,-0.1309,1400,0
529,A400,40,5480,230,119,588758,53,135,0.0557,0.4927,-0.5073,-0.1606,1400,0
530,A400,40,6397,381,216,701931,55,141,0.0557,0.5743,-0.4257,-0.1427,1400,0
531,A400,40,4915,248,153,497404,33,124,0.0574,0.3399,-0.6601,-0.2094,1358,0
532,A400,40,5757,240,136,600689,38,133,0.0574,0.5133,-0.4867,-0.1848,1358,0
533,A400,40,4471,248,116,470165,39,135,0.0573,0.4336,-0.5664,-0.1785,1360,0
534,A400,40,384,70,42,47481,115,135,0.1856,0.4872,-0.5128,-0.034,1358,0
535,A400,40,276,39,26,33858,115,135,0.1894,0.6786,-0.3214,-0.0416,1362,0
536,A400,40,4115,179,108,427024,48,127,0.0676,0.3712,-0.6288,-0.1893,1360,0
537,A400,40,3918,172,88,408392,39,127,0.0631,0.3333,-0.6667,-0.1857,1362,0
538,A400,40,4223,198,83,439309,38,127,0.0573,0.3451,-0.6549,-0.1873,1360,0
539,A400,40,4403,215,115,457632,38,126,0.0632,0.3636,-0.6364,-0.188,1360,0
540,A400,40,2463,262,168,312375,116,140,0.1515,0.5273,0.4727,-0.0092,1360,0
541,A400,40,3912,226,105,407966,29,135,0.0734,0.4504,-0.5496,-0.1853,1362,0
542,A400,40,101,31,21,12531,118,135,0.1968,0.3636,-0.6364,-0.0307,1362,0
543,A400,40,4130,197,98,432500,37,132,0.0676,0.4091,-0.5909,-0.1819,1360,0
544,A400,40,4214,210,116,445047,42,126,0.0603,0.3521,-0.6479,-0.1749,1360,0
545,A400,40,4487,219,106,470618,40,127,0.0544,0.3333,-0.6667,-0.1806,1360,0
546,A400,40,3324,157,85,343029,42,125,0.0882,0.3884,-0.6116,-0.1938,1360,0
547,A400,40,3631,179,96,378154,45,125,0.0749,0.3952,-0.6048,-0.1864,1362,0
548,A400,40,3661,184,87,380538,43,127,0.0707,0.373,-0.627,-0.1879,1358,0
549,A400,40,3786,196,102,391378,40,126,0.069,0.3778,-0.6222,-0.1924,1362,0
550,A400,40,3703,187,94,384266,37,126,0.0764,0.3853,-0.6148,-0.1893,1362,0
551,A400,40,3936,182,93,407075,38,124,0.0602,0.3287,-0.6713,-0.192,1362,0
552,A400,40,3287,163,87,342248,50,125,0.0822,0.4017,-0.5983,-0.1866,1362,0
553,A400,40,3671,175,89,379850,46,124,0.075,0.3884,-0.6116,-0.1916,1360,0
554,A400,40,3437,163,82,354240,45,126,0.0809,0.395,-0.605,-0.1948,1360,0
555,A400,40,4123,177,90,426267,40,126,0.0573,0.3534,-0.6466,-0.1923,1360,0
556,A400,40,3666,161,78,379668,43,125,0.0735,0.3512,-0.6489,-0.1909,1360,0
557,A400,40,4331,178,108,450619,45,126,0.0603,0.3427,-0.6573,-0.1872,1360,0
558,A400,40,4048,178,96,421512,50,126,0.0632,0.3835,-0.6165,-0.1865,1360,0
559,A400,40,3985,166,99,413005,41,126,0.0705,0.3721,-0.6279,-0.1903,1362,0
560,A400,40,4019,191,102,417578,41,125,0.0618,0.3333,-0.6667,-0.1883,1360,0
561,A400,40,4409,191,102,456908,47,125,0.0602,0.3688,-0.6312,-0.1904,1362,0
562,A400,40,3920,166,88,407163,45,125,0.0573,0.3529,-0.6471,-0.1885,1360,0
563,A400,40,5003,196,91,522331,49,126,0.0573,0.363,-0.637,-0.1843,1360,0
564,A400,40,6376,200,110,659058,54,127,0.0603,0.414,-0.586,-0.1925,1360,0
565,A400,40,6213,210,123,649441,55,124,0.0575,0.414,-0.586,-0.1834,1356,0
566,A400,40,6170,228,137,645016,51,134,0.0604,0.4837,-0.5163,-0.1833,1358,0
567,A400,40,6232,250,130,648220,48,133,0.0605,0.5168,-0.4832,-0.1874,1356,0
568,A400,40,229,51,31,28034,116,135,0.1782,0.4211,-0.5789,-0.0436,1358,0
569,A400,40,5877,211,110,612067,47,126,0.0574,0.4,-0.6,-0.1864,1358,0
570,A400,40,5702,216,119,591835,45,126,0.0605,0.396,-0.604,-0.1891,1356,0
571,A400,40,5852,205,117,608466,42,126,0.0575,0.3701,-0.6299,-0.1877,1356,0
572,A400,40,207,40,23,25309,115,134,0.1873,0.3333,-0.6667,-0.0448,1356,0
573,A400,40,200,50,30,24389,114,134,0.1856,0.3784,-0.6216,-0.0473,1358,0
574,A400,40,5970,188,118,618937,43,125,0.0575,0.3846,-0.6154,-0.19,1356,0
575,A400,40,6057,209,138,627913,39,126,0.0604,0.4,-0.6,-0.1901,1358,0
576,A400,40,6143,198,119,637317,45,125,0.0574,0.4013,-0.5987,-0.1895,1358,0
577,A400,40,5786,202,106,600867,41,124,0.0574,0.3974,-0.6026,-0.1887,1358,0
578,A400,40,5941,207,117,618605,45,126,0.0575,0.3974,-0.6026,-0.1865,1356,0
579,A400,40,6277,192,109,651641,43,125,0.0604,0.414,-0.586,-0.189,1358,0
580,A400,40,6008,200,112,622760,45,125,0.0603,0.3758,-0.6242,-0.1902,1360,0
581,A400,40,6293,216,124,647587,47,124,0.0575,0.4387,-0.5613,-0.1961,1356,0
582,A400,40,6227,205,117,644765,38,124,0.0633,0.3807,-0.6194,-0.1911,1358,0
583,A400,40,6059,206,129,626256,45,125,0.0633,0.4076,-0.5924,-0.1925,1358,0
584,A400,40,6117,182,113,637707,49,127,0.0574,0.4351,-0.5649,-0.1855,1358,0
585,A400,40,6181,209,117,638448,44,127,0.0575,0.3913,-0.6087,-0.193,1356,0
586,A400,40,2406,231,168,301138,116,140,0.1414,0.9157,0.0843,-0.0222,1358,0
587,A400,40,5695,211,136,588714,40,126,0.0604,0.4314,-0.5686,-0.1924,1358,0
588,A400,40,2148,269,164,266914,113,135,0.1443,0.8831,0.1169,-0.0292,1358,0
589,A400,40,5817,212,131,598890,49,124,0.0574,0.3974,-0.6026,-0.1957,1358,0
590,A400,40,1961,220,142,246168,115,135,0.1534,0.8816,0.1184,-0.0193,1356,0
591,A400,40,1923,227,139,241083,116,140,0.1475,0.974,0.026,-0.0206,1356,0
592,A400,40,5993,214,130,589956,132,132,0.0604,0.3851,-0.6149,-0.2309,1358,0
593,A400,40,5885,249,136,610139,40,127,0.0574,0.3885,-0.6115,-0.19,1358,0
594,A400,40,2108,317,184,263590,115,135,0.137,0.9405,0.0595,-0.0231,1358,0
595,A400,40,6357,257,129,658914,41,124,0.0604,0.3815,-0.6185,-0.1902,1358,0
596,A400,40,6404,231,125,660910,38,124,0.0604,0.3931,-0.6069,-0.1937,1358,0
597,A400,40,6676,240,128,688430,37,125,0.0575,0.4,-0.6,-0.1944,1356,0
598,A400,40,6294,262,153,656298,45,125,0.0604,0.3728,-0.6272,-0.1854,1358,0
599,A400,40,6399,229,124,659350,39,119,0.0575,0.4035,-0.5965,-0.195,1356,0
600,A400,40,7017,274,156,723789,36,125,0.0604,0.3785,-0.6215,-0.1942,1358,0
601,A400,40,6337,344,174,654684,41,127,0.0604,0.3765,-0.6235,-0.1929,1358,0
602,A400,40,7250,268,141,746545,40,119,0.0575,0.3855,-0.6145,-0.1955,1356,0
603,A400,40,6494,315,145,671353,38,127,0.0605,0.3918,-0.6082,-0.1923,1356,0
604,A400,40,6999,285,165,732196,43,126,0.0574,0.4167,-0.5833,-0.1827,1358,0
605,A400,40,6661,247,133,686124,41,133,0.0575,0.3771,-0.6229,-0.1953,1356,0
606,A400,40,1834,242,128,227896,114,135,0.1605,0.975,-0.025,-0.0292,1358,0
607,A400,40,6562,255,125,677554,36,125,0.0604,0.3829,-0.6171,-0.1933,1358,0
608,A400,40,6210,293,153,645839,38,124,0.0546,0.375,-0.625,-0.1875,1356,0
609,A400,40,6353,260,120,657020,37,125,0.0604,0.3757,-0.6243,-0.192,1358,0
610,A400,40,6017,261,143,612746,38,119,0.0605,0.3918,-0.6082,-0.2044,1356,0
611,A400,40,6430,276,127,669161,46,126,0.0574,0.3864,-0.6136,-0.187,1358,0
612,A400,40,6276,279,154,647595,43,119,0.0605,0.4,-0.6,-0.1939,1356,0
613,A400,40,5706,266,139,590664,43,124,0.0605,0.3588,-0.6412,-0.1913,1356,0
614,A400,40,6206,257,128,641502,39,127,0.0605,0.3721,-0.6279,-0.1924,1356,0
615,A400,40,6501,257,115,672664,43,125,0.0605,0.3543,-0.6457,-0.1916,1356,0
616,A400,40,6828,297,152,705056,42,127,0.0574,0.4637,-0.5363,-0.1933,1358,0
617,A400,40,6422,278,138,670952,43,126,0.0604,0.3886,-0.6114,-0.1838,1358,0
618,A400,40,6519,331,159,674120,41,124,0.0605,0.3966,-0.6033,-0.1921,1356,0
619,A400,40,6679,288,156,691010,36,124,0.0574,0.3785,-0.6215,-0.1917,1358,0
620,A400,40,6625,351,173,686356,42,124,0.0604,0.382,-0.618,-0.1906,1358,0
621,A400,40,6596,316,170,685447,44,124,0.0574,0.3931,-0.6069,-0.1881,1358,0
622,A400,40,2,2,1,255,126,133,0.2802,0.5,-0.5,-0.0039,1356,0
623,A400,40,6855,238,142,701946,38,124,0.0604,0.3873,-0.6127,-0.2,1358,0
624,A400,40,6543,279,160,679238,39,125,0.0574,0.3743,-0.6257,-0.189,1358,0
625,A400,40,6776,259,133,700391,37,124,0.0633,0.3886,-0.6114,-0.1925,1358,0
626,A400,40,6686,273,132,687345,36,124,0.0605,0.4104,-0.5896,-0.1969,1356,0
627,A400,40,6662,266,131,685894,41,124,0.0604,0.3988,-0.6012,-0.1956,1358,0
628,A400,40,6816,333,162,699635,36,126,0.0574,0.4888,-0.5112,-0.1981,1358,0
629,A400,40,6525,278,134,674367,38,124,0.0574,0.3815,-0.6185,-0.1926,1358,0
630,A400,40,6605,310,151,684731,38,126,0.0546,0.3778,-0.6222,-0.1901,1356,0
631,A400,40,6644,252,113,689961,40,126,0.0574,0.3646,-0.6354,-0.1887,1358,0
632,A400,40,6484,223,117,666047,40,126,0.0604,0.4167,-0.5833,-0.1975,1358,0
633,A400,40,1843,171,85,230162,115,135,0.1608,0.75,-0.25,-0.0243,1356,0
634,A400,40,6432,276,134,666662,39,124,0.0604,0.4094,-0.5906,-0.1902,1358,0
635,A400,40,6490,282,140,669614,36,124,0.0605,0.35,-0.65,-0.1939,1356,0
636,A400,40,6878,247,128,709363,38,126,0.0574,0.3842,-0.6158,-0.1943,1358,0
637,A400,40,6615,244,131,684236,36,124,0.0574,0.3886,-0.6114,-0.1919,1358,0
638,A400,40,6493,293,135,676077,41,125,0.0604,0.3684,-0.6316,-0.1865,1358,0
639,A400,40,7038,262,133,735371,42,126,0.0574,0.3729,-0.6271,-0.1837,1358,0
640,A400,40,6987,251,123,725465,43,125,0.0605,0.3864,-0.6136,-0.1888,1356,0
641,A400,40,6603,271,138,688556,38,127,0.0604,0.3918,-0.6082,-0.1853,1358,0
642,A400,40,7327,234,119,750685,35,126,0.0633,0.4286,-0.5714,-0.1996,1358,0
643,A400,40,6998,280,143,724819,43,124,0.0574,0.4286,-0.5714,-0.1908,1358,0
644,A400,40,6944,256,113,723643,41,124,0.0604,0.3616,-0.6384,-0.1858,1358,0
645,A400,40,2795,312,171,349157,115,140,0.1443,0.8936,-0.1064,-0.024,1358,0
646,A400,40,6592,265,125,687299,44,124,0.0575,0.3771,-0.6229,-0.1855,1356,0
647,A400,40,6499,263,137,676562,43,125,0.0605,0.3941,-0.6059,-0.1867,1356,0
648,A400,40,6476,296,156,675748,43,124,0.0605,0.4235,-0.5765,-0.1848,1356,0
649,A400,40,6399,287,132,666455,41,126,0.0575,0.4046,-0.5954,-0.1863,1356,0
650,A400,40,6515,222,104,683149,39,127,0.0633,0.3714,-0.6286,-0.1808,1358,0
651,A400,40,6937,253,135,722716,39,127,0.0604,0.3955,-0.6045,-0.1861,1358,0
652,A400,40,6763,277,151,706929,42,124,0.0574,0.358,-0.6421,-0.1834,1358,0
653,A400,40,6025,283,147,624180,39,124,0.0603,0.343,-0.657,-0.1906,1360,0
654,A400,40,6277,286,147,647965,40,126,0.0604,0.3785,-0.6215,-0.1935,1358,0
655,A400,40,2,2,1,250,120,130,0.2872,0.5,-0.5,-0.0234,1358,0
656,A400,40,6010,257,123,626586,39,126,0.0604,0.3842,-0.6158,-0.1855,1358,0
657,A400,40,5933,312,167,614522,38,125,0.0575,0.3333,-0.6667,-0.1908,1356,0
658,A400,40,6249,263,137,649801,39,124,0.0574,0.3954,-0.6047,-0.1876,1358,0
659,A400,40,6281,265,132,654358,42,126,0.0546,0.3771,-0.6229,-0.1861,1356,0
660,A400,40,6310,290,151,658162,41,125,0.0575,0.3931,-0.6069,-0.1851,1356,0
661,A400,40,6827,276,141,711671,40,124,0.0574,0.422,-0.578,-0.1856,1358,0
662,A400,40,6176,307,140,639433,36,124,0.0605,0.3757,-0.6243,-0.1911,1356,0
663,A400,40,6185,313,158,640970,41,119,0.0574,0.3652,-0.6348,-0.1904,1358,0
664,A400,40,6454,310,145,675659,40,127,0.0604,0.3989,-0.6011,-0.1821,1358,0
665,A400,40,5753,291,160,602131,40,125,0.0604,0.3837,-0.6163,-0.1823,1358,0
666,A400,40,6279,306,149,648910,36,126,0.0633,0.3988,-0.6012,-0.1926,1358,0
667,A400,40,2160,259,149,269308,116,135,0.1885,0.7093,0.2907,-0.0259,1358,0
668,A400,40,5724,277,162,588321,37,124,0.0605,0.4157,-0.5843,-0.197,1356,0
669,A400,40,6472,243,129,673434,44,124,0.0575,0.3943,-0.6057,-0.1871,1356,0
670,A400,40,6381,293,142,674326,46,127,0.0574,0.3663,-0.6337,-0.1744,1358,0
671,A400,40,6239,263,135,648169,46,124,0.0574,0.3559,-0.6441,-0.1884,1358,0
672,A400,40,5544,295,159,579951,43,125,0.0604,0.3743,-0.6257,-0.1827,1358,0
673,A400,40,5816,273,132,618320,51,127,0.0574,0.3509,-0.6491,-0.1694,1358,0
674,A400,40,6234,219,125,649139,43,124,0.0604,0.3846,-0.6154,-0.1865,1358,0
675,A400,40,6075,242,131,633606,47,127,0.0604,0.3584,-0.6416,-0.1852,1358,0
676,A400,40,5962,251,125,626007,41,126,0.0604,0.3631,-0.6369,-0.1797,1358,0
677,A400,40,1685,181,101,208514,115,135,0.1915,0.9355,0.0645,-0.0332,1358,0
678,A400,40,6309,269,140,660758,45,127,0.0574,0.3785,-0.6215,-0.1818,1358,0
679,A400,40,6664,328,172,690169,33,124,0.0574,0.4068,-0.5932,-0.1909,1358,0
680,A400,40,6327,275,148,660291,40,126,0.0604,0.3503,-0.6497,-0.1847,1358,0
681,A400,40,6298,275,134,654634,42,126,0.0604,0.3486,-0.6514,-0.1879,1358,0
682,A400,40,6108,299,149,635284,40,125,0.0575,0.3873,-0.6127,-0.1874,1356,0
683,A400,40,6532,356,186,685717,43,134,0.0604,0.4651,-0.5349,-0.1799,1358,0
684,A400,40,6280,324,184,654471,40,124,0.0545,0.3829,-0.6171,-0.1858,1358,0
685,A400,40,251,41,25,30451,115,132,0.2165,0.4848,-0.5152,-0.0522,1358,0
686,A400,40,6172,263,143,648030,39,126,0.0574,0.3815,-0.6185,-0.1797,1358,0
687,A400,40,5969,300,154,622528,42,126,0.0574,0.3931,-0.6069,-0.1852,1358,0
688,A400,40,5846,323,149,608295,44,127,0.0574,0.339,-0.661,-0.1871,1358,0
689,A400,40,219,43,21,26683,109,134,0.2194,0.4118,-0.5882,-0.0481,1358,0
690,A400,40,6426,275,134,668126,37,119,0.0546,0.3943,-0.6057,-0.1877,1356,0
691,A400,40,6503,264,135,677593,40,124,0.0604,0.3785,-0.6215,-0.186,1358,0
692,A400,40,6450,276,143,669129,43,119,0.0574,0.4124,-0.5876,-0.1895,1358,0
693,A400,40,6282,330,175,659881,41,134,0.0575,0.4195,-0.5805,-0.1794,1356,0
694,A400,40,6182,295,138,635475,42,124,0.0575,0.3714,-0.6286,-0.1969,1356,0
695,A400,40,6509,274,139,682403,41,126,0.0604,0.3699,-0.6301,-0.1809,1358,0
696,A400,40,6882,274,131,723207,48,124,0.0604,0.3829,-0.6171,-0.179,1358,0
697,A400,40,6653,302,155,693100,42,124,0.0604,0.4,-0.6,-0.1861,1358,0
698,A400,40,170,28,14,20714,114,132,0.2168,0.52,-0.48,-0.0481,1356,0
699,A400,40,7003,252,138,734568,40,127,0.0605,0.3943,-0.6057,-0.1805,1356,0
700,A400,40,6570,274,141,685255,40,119,0.0575,0.3864,-0.6136,-0.1851,1356,0
701,A400,40,6137,284,145,649137,48,125,0.0605,0.4128,-0.5872,-0.1736,1356,0
702,A400,40,6294,289,160,661448,43,124,0.0604,0.3778,-0.6222,-0.179,1358,0
703,A400,40,6318,286,159,667465,46,126,0.0605,0.3882,-0.6118,-0.1746,1356,0
704,A400,40,5499,298,138,581466,43,125,0.0604,0.3373,-0.6627,-0.1739,1358,0
705,A400,40,5533,288,155,584291,43,126,0.0605,0.3452,-0.6548,-0.175,1356,0
706,A400,40,6175,266,144,652005,46,127,0.0604,0.345,-0.655,-0.1751,1358,0
707,A400,40,5688,303,154,598976,43,125,0.0605,0.3669,-0.6331,-0.1773,1356,0
708,A400,40,5828,296,169,618846,48,126,0.0604,0.3869,-0.6131,-0.1704,1358,0
709,A400,40,5814,262,137,617639,44,127,0.0604,0.3758,-0.6242,-0.17,1358,0
710,A400,40,5830,289,158,614756,44,125,0.0605,0.3823,-0.6176,-0.1762,1356,0
711,A400,40,4080,188,91,435821,64,127,0.1237,0.4,-0.6,-0.1655,1358,0
712,A400,40,4239,150,76,456305,65,127,0.1252,0.4355,-0.5645,-0.159,1358,0
713,A400,40,4788,257,136,516343,63,127,0.0603,0.3274,-0.6726,-0.1575,1360,0
714,A400,40,4417,176,89,477354,68,127,0.1164,0.3841,-0.6159,-0.1557,1358,0
715,A400,40,4071,177,99,439881,56,127,0.1177,0.4154,-0.5846,-0.1558,1360,0
716,A400,40,4346,163,89,473046,65,127,0.1265,0.3954,-0.6047,-0.1496,1360,0
717,A400,40,3961,175,99,431127,66,127,0.1309,0.3828,-0.6172,-0.1497,1360,0
718,A400,40,3455,157,86,373412,67,127,0.1221,0.4118,-0.5882,-0.1556,1360,0
719,A400,40,4396,179,100,474761,68,127,0.1001,0.3841,-0.6159,-0.1563,1358,0
720,A400,40,4364,185,108,479531,74,132,0.0941,0.4173,-0.5827,-0.1415,1360,0
721,A400,40,3824,157,95,417036,73,127,0.0896,0.3158,-0.6842,-0.148,1362,0
722,A400,40,3900,203,90,425840,71,127,0.1279,0.4193,-0.5806,-0.147,1360,0
723,A400,40,3876,185,102,419968,70,127,0.1075,0.3643,-0.6357,-0.1535,1358,0
724,A400,50,14386,851,424,1445817,27,124,0.0044,0.1591,-0.8409,-0.2148,1358,0
725,A400,50,16052,805,400,1594353,26,126,0.003,0.6027,-0.3973,-0.224,1358,0
726,A400,50,13349,740,356,1328712,29,124,0.0,0.558,-0.442,-0.2224,1358,0
727,A400,40,15650,943,539,1732196,23,140,0.0014,0.494,-0.506,-0.1353,1378,0
728,A400,40,15208,861,501,1741571,22,143,0.0189,0.1806,-0.8194,-0.1053,1378,0
729,A400,40,3333,173,87,246531,35,95,0.2437,0.3597,-0.6403,-0.4221,1666,0
730,A400,40,3288,191,114,260660,36,103,0.2861,0.431,-0.569,-0.3807,1664,0
731,A400,40,3340,169,93,265172,35,103,0.279,0.4286,-0.5714,-0.3797,1670,0
732,A400,40,3630,173,100,292575,35,108,0.2581,0.384,-0.616,-0.3703,1666,0
733,A400,40,5665,405,216,499944,36,118,0.2761,0.9273,0.0727,-0.3105,1666,0
734,A400,40,3228,166,89,260241,38,103,0.2695,0.405,-0.595,-0.3702,1670,0
735,A400,40,6114,320,197,633741,40,134,0.3001,0.9187,-0.0813,-0.1902,1666,0
736,A400,40,7639,462,260,819375,40,135,0.2917,0.9007,0.0993,-0.162,1666,0
737,A400,40,7080,492,293,773694,43,140,0.2893,0.8561,0.1439,-0.1463,1666,0
738,A400,40,5390,297,258,635678,9,143,0.7107,0.185,0.815,-0.0786,1362,0
739,A400,40,263,29,17,30104,87,134,0.6097,0.6667,-0.3333,-0.1058,1358,0
740,A300,100,62,31,9,7479,114,132,0.4897,0.28,-0.72,-0.0576,1360,0
741,A400,50,22,7,4,2871,116,148,0.3034,0.5714,-0.4286,0.0195,1358,0
742,A400,50,86,17,13,9819,100,125,0.8395,0.6923,0.3077,-0.108,1358,0
743,A400,50,42,14,7,5558,127,140,0.2485,0.5,-0.5,0.0338,1360,0
744,A400,50,17,6,4,2246,120,149,0.5882,0.8,-0.2,0.0322,1360,0
745,A400,50,18,9,5,2274,110,141,0.8532,0.5,-0.5,-0.013,1362,0
746,A400,50,12,4,4,1537,112,149,0.85,1.0,0.0,0.0007,1360,0
747,A400,50,12,5,6,1563,125,143,0.5552,0.6667,0.3333,0.0176,1358,0
748,A400,50,12,4,4,1543,110,140,0.8895,1.0,0.0,0.0046,1358,0
749,A400,50,12,5,5,1528,115,141,0.1458,1.0,0.0,-0.0052,1358,0
750,A400,50,12,5,4,1504,111,140,0.8177,0.8,-0.2,-0.0208,1360,0
751,A400,50,14,10,4,1808,122,136,0.2035,0.3333,-0.6667,0.0089,1356,0
752,A400,50,12,6,3,1541,111,142,0.5921,0.5,-0.5,0.0033,1358,0
753,A400,50,15,7,3,1923,123,141,0.8838,0.4286,-0.5714,0.0016,1360,0
754,A400,50,12,6,3,1539,113,141,0.9146,0.5,-0.5,0.0019,1358,0
755,A400,50,65,12,10,7104,89,126,0.9057,1.0,0.0,-0.1461,1358,0
756,A400,50,12,9,4,1509,112,143,0.1959,0.5,-0.5,-0.0176,1358,0
757,A400,50,12,6,4,1585,128,141,0.2312,0.8,-0.2,0.0319,1358,0
758,A400,50,11,5,3,1398,111,135,0.8557,0.6,-0.4,-0.0071,1358,0
759,A400,50,17,6,5,2181,122,132,0.6259,1.0,0.0,0.0023,1358,0
760,A400,50,15,6,4,1522,90,118,0.8601,0.6667,-0.3333,-0.2073,1358,0
761,A400,50,12,6,4,1335,99,127,0.7393,1.0,0.0,-0.1309,1358,0
762,A400,50,9,5,4,1063,107,126,0.4683,0.6,-0.4,-0.0773,1358,0
763,A400,50,8,3,4,958,108,135,0.2599,0.75,0.25,-0.0645,1362,0
764,A400,50,8,4,3,950,105,127,0.8118,0.75,-0.25,-0.0723,1360,0
765,A400,50,9,4,4,1059,107,132,0.7603,0.75,-0.25,-0.0807,1360,0
766,A400,50,6,3,3,718,107,140,0.1856,1.0,0.0,-0.0651,1358,0
767,A400,50,6,6,2,775,118,136,0.732,0.3333,-0.6667,0.0091,1358,0
768,A400,50,10,4,5,1233,119,132,0.0928,1.0,0.0,-0.0367,1358,0
769,A400,50,16,8,4,2121,114,148,0.8026,0.5,-0.5,0.0356,1358,0
770,A400,50,17,7,4,2183,121,135,0.4728,0.5714,-0.4286,0.0032,1358,0
771,A400,50,28,11,7,3576,120,135,0.4757,0.5454,-0.4545,-0.0022,1358,0
772,A400,50,16,7,4,2042,114,140,0.9087,0.5714,-0.4286,-0.0029,1358,0
773,A400,50,67,23,13,7595,92,132,0.9515,0.6,-0.4,-0.1144,1360,0
774,A400,50,16,6,4,2034,110,140,0.8073,0.6667,-0.3333,-0.0068,1360,0
775,A400,50,18,7,4,2319,112,140,0.6985,0.5714,-0.4286,0.0065,1360,0
776,A400,50,17,12,5,2193,121,140,0.4728,0.625,-0.375,0.0078,1358,0
777,A400,50,26,13,7,3330,120,140,0.9602,0.5,-0.5,0.0006,1358,0
778,A400,50,18,7,5,2318,122,141,0.1593,0.5714,-0.4286,0.0061,1356,0
779,A400,50,17,7,6,2267,129,142,0.2298,0.8333,-0.1667,0.0418,1358,0
780,A400,50,16,6,4,2020,106,141,0.7202,0.8,-0.2,-0.0137,1358,0
781,A400,50,17,7,4,2214,114,142,0.7227,0.8,-0.2,0.0175,1356,0
782,A400,50,16,9,8,2069,123,140,0.8645,1.0,0.0,0.0103,1358,0
783,A400,50,17,6,4,2157,113,141,0.8304,0.8,-0.2,-0.0087,1356,0
784,A400,50,18,8,6,2384,127,141,0.7894,1.0,0.0,0.0347,1358,0
785,A400,50,18,6,5,2280,113,140,0.9808,0.8333,-0.1667,-0.0104,1358,0
786,A400,50,18,6,4,2370,117,148,0.5567,0.6667,-0.3333,0.0287,1358,0
787,A400,50,17,9,7,2198,122,142,0.8612,1.0,0.0,0.0101,1354,0
788,A400,50,16,9,5,1967,115,133,0.4602,0.7143,-0.2857,-0.0395,1356,0
789,A400,50,16,5,6,1990,120,132,0.4381,0.8333,0.1667,-0.0283,1356,0
790,A400,50,32,16,8,4131,120,143,0.4498,0.4286,-0.5714,0.0085,1356,0
791,A400,50,16,5,4,2025,109,141,0.9144,0.8,-0.2,-0.0112,1356,0
792,A400,50,16,7,5,2001,119,134,0.4439,0.8333,-0.1667,-0.0229,1356,0
793,A400,50,16,6,5,2015,111,142,0.8778,0.8333,-0.1667,-0.0161,1358,0
794,A400,50,21,8,5,2633,120,134,0.4433,0.5,-0.5,-0.0205,1358,0
795,A400,50,17,8,5,2127,105,143,0.8468,0.8333,-0.1667,-0.0225,1358,0
796,A400,50,22,10,4,2926,127,140,0.215,0.4,-0.6,0.0391,1358,0
797,A400,50,49,19,12,6058,118,135,0.4521,0.6667,-0.3333,-0.0341,1358,0
798,A400,50,16,7,4,1961,102,141,0.9765,0.5714,-0.4286,-0.0425,1360,0
799,A400,50,17,7,7,2310,129,149,0.3809,0.8571,-0.1429,0.0616,1360,0
800,A400,50,18,9,8,2219,117,135,0.4456,0.625,-0.375,-0.0369,1360,0
801,A400,50,16,8,4,2062,109,140,0.7158,0.5714,-0.4286,0.0068,1358,0
802,A400,50,16,5,4,2046,109,149,0.8809,0.8,-0.2,-0.001,1360,0
803,A400,50,17,6,4,2167,109,144,0.1735,0.6667,-0.3333,-0.0041,1360,0
804,A400,50,19,7,6,2420,120,140,0.1723,0.8333,-0.1667,-0.0049,1358,0
805,A400,50,21,15,7,2683,120,141,0.4397,0.6,-0.4,-0.0019,1360,0
806,A400,50,26,9,8,3341,120,141,0.1134,1.0,0.0,0.0039,1358,0
807,A400,50,26,13,7,3431,123,143,0.3118,0.875,-0.125,0.031,1360,0
808,A400,50,19,10,7,2351,116,134,0.4397,0.4,-0.6,-0.0333,1360,0
809,A400,50,17,9,6,2240,115,150,0.3412,0.7143,-0.2857,0.0294,1360,0
810,A400,50,16,5,4,2028,111,143,0.7985,0.8,-0.2,-0.0098,1360,0
811,A400,50,16,9,6,2076,123,141,0.2047,0.8333,-0.1667,0.0137,1358,0
812,A400,120,268,29,31,25809,79,124,0.0207,0.4516,0.5484,-0.2476,1353,0
813,A400,120,370,48,62,39293,27,119,0.0015,0.2632,0.7368,-0.1703,1353,0
814,A400,120,330,48,61,33449,90,119,0.0296,0.1639,0.8361,-0.2081,1353,0
815,A400,120,207,25,39,21354,93,124,0.0296,0.2308,0.7692,-0.1941,1353,0
816,A400,120,594,55,81,61608,93,125,0.0266,0.1358,0.8642,-0.1897,1353,0
817,A400,120,578,73,90,67901,100,132,0.0739,0.2838,0.7162,-0.0822,1353,0
818,A400,50,788,78,127,83011,86,125,0.9816,0.063,0.937,-0.177,1687,0
819,A400,40,145,23,36,16920,108,127,0.0325,0.1667,0.8333,-0.0884,1352,0
820,A400,40,97,19,25,11608,111,133,0.0325,0.28,0.72,-0.0651,1354,0
821,A400,40,139,27,35,16441,110,132,0.031,0.2,0.8,-0.0759,1354,0
822,A400,40,175,30,38,21073,111,133,0.0325,0.1842,0.8158,-0.0592,1354,0
823,A400,40,144,20,47,17271,110,132,0.0325,0.1087,0.8913,-0.063,1354,0
824,A400,40,73,15,30,8549,109,127,0.0353,0.1333,0.8667,-0.0851,1358,0
825,A400,40,89,16,28,10584,110,134,0.0325,0.1786,0.8214,-0.0709,1356,0
826,A400,40,72,15,18,8542,111,132,0.0383,0.2778,0.7222,-0.0731,1358,0
827,A400,40,64,14,19,7486,111,126,0.0353,0.3333,0.6667,-0.0862,1358,0
828,A400,40,115,18,29,14260,115,135,0.0651,0.2069,0.7931,-0.0313,1352,0
829,A400,40,58,15,20,7385,116,141,0.0459,0.3,0.7,-0.0052,1352,0
830,A400,40,60,16,19,7112,110,127,0.0532,0.3333,0.6667,-0.074,1352,0
831,A300,69,134,47,13,17217,114,143,0.223,0.2222,-0.7778,0.0038,1650,0
832,A300,69,52,20,8,6616,116,143,0.3378,0.4375,-0.5625,-0.006,1652,0
833,A300,69,123,29,13,15711,117,141,0.2385,0.2857,-0.7143,-0.0021,1652,0
834,A300,69,81,28,9,10329,113,141,0.2448,0.1481,-0.8518,-0.0038,1650,0
835,A300,69,56,26,6,7143,116,140,0.2603,0.2,-0.8,-0.0035,1652,0
836,A300,69,68,24,9,8685,115,143,0.3091,0.2273,-0.7727,-0.0022,1650,0
837,A300,69,79,19,11,10188,116,140,0.2318,0.6923,-0.3077,0.0075,1648,0
838,A300,69,2028,129,157,188767,28,140,0.0743,0.1513,0.8487,-0.2728,1696,0
839,A300,143,78,15,17,11382,129,157,0.1484,0.5294,0.4706,0.14,1658,0
840,A400,100,127,19,31,13897,99,125,0.9164,0.1936,0.8065,-0.1451,1364,0
841,A400,100,540,57,88,60109,95,127,0.9164,0.1136,0.8864,-0.1304,1364,0
842,A400,100,716,74,103,80541,97,134,0.9164,0.1068,0.8932,-0.1212,1364,0
843,A400,100,571,68,95,64701,98,135,0.9164,0.1053,0.8947,-0.1147,1364,0
844,A400,100,1082,102,150,118721,94,132,0.9151,0.0733,0.9267,-0.1428,1366,0
845,A400,100,1004,99,134,125338,109,143,0.9148,0.1194,0.8806,-0.0247,1362,0
846,A400,100,477,82,107,53536,96,132,0.915,0.1028,0.8972,-0.1232,1364,0
847,A400,100,695,99,117,88065,111,141,0.9091,0.1478,0.8522,-0.0101,1364,0
848,A400,100,319,31,50,36546,101,133,0.9135,0.18,0.82,-0.105,1364,0
849,A400,100,585,91,105,65860,99,133,0.9106,0.1058,0.8942,-0.1205,1364,0
850,A400,100,495,67,90,56735,99,143,0.9106,0.1236,0.8764,-0.1046,1364,0
851,A400,100,492,59,83,55666,101,133,0.9135,0.1111,0.8889,-0.1161,1364,0
852,A400,100,969,124,163,103558,92,141,0.9106,0.0736,0.9264,-0.1651,1364,0
853,A400,100,733,75,112,81625,98,127,0.9106,0.0982,0.9018,-0.13,1364,0
854,A400,100,975,107,141,121633,108,140,0.9106,0.0863,0.9137,-0.0254,1364,0
855,A400,100,706,56,93,77840,96,127,0.9091,0.1183,0.8817,-0.1386,1364,0
856,A400,100,926,113,146,98616,92,126,0.9076,0.0759,0.9241,-0.168,1364,0
857,A400,100,653,90,110,71112,95,134,0.9063,0.1,0.9,-0.1492,1366,0
858,A400,100,104,25,26,11941,106,127,0.9047,0.2308,0.7692,-0.103,1364,0
859,A400,100,105,16,23,12094,106,125,0.9048,0.3182,0.6818,-0.1001,1366,0
860,A400,100,82,14,21,9584,109,126,0.9019,0.2857,0.7143,-0.0869,1366,0
861,A400,100,57,13,15,6560,107,127,0.9004,0.4667,0.5333,-0.1009,1366,0
862,A400,100,111,21,24,12919,106,127,0.9004,0.3333,0.6667,-0.0907,1366,0
863,A400,100,161,18,28,18877,108,134,0.9003,0.2857,0.7143,-0.084,1364,0
864,A400,100,68,13,14,7990,109,133,0.9003,0.5714,0.4286,-0.082,1364,0
865,A400,100,87,15,20,10196,109,127,0.9032,0.3,0.7,-0.0844,1364,0
866,A400,100,87,15,15,10024,106,127,0.8974,0.6667,0.3333,-0.0999,1364,0
867,A300,100,113,11,12,12652,93,130,0.0445,0.9167,0.0833,-0.1253,1707,0
868,A300,80,1812,119,135,196003,82,132,0.4019,0.7917,-0.2083,-0.1549,1687,0
869,A300,120,41,8,11,4533,100,123,0.4976,0.6364,0.3636,-0.1362,1467,0
870,A400,290,588,18,51,62182,73,135,0.2853,0.3333,0.6667,-0.1738,1353,0
871,A400,185,106,11,12,12792,100,134,0.2705,0.9167,0.0833,-0.0572,1353,0
872,A400,200,612,46,52,71337,103,127,0.4339,0.52,0.48,-0.0894,1687,0
873,A400,200,155,13,14,16093,55,134,0.9923,0.9286,0.0714,-0.1889,1687,0
874,A400,50,247,14,29,26419,88,126,0.5624,0.4138,0.5862,-0.1644,1387,0
875,A400,50,135,12,21,13096,89,109,0.0389,0.45,0.55,-0.2421,1387,0
876,A400,50,376,13,47,37703,91,117,0.0735,0.2391,0.7609,-0.2166,1387,0
877,A400,70,202,15,29,21408,85,122,0.2661,0.3103,0.6897,-0.172,1353,0
878,A400,40,132,32,20,14760,104,119,0.8835,0.4091,-0.5909,-0.1264,1227,0
879,A400,40,198,10,37,22581,101,127,0.5982,0.1892,0.8108,-0.109,1227,0
880,A400,50,128,12,16,13996,88,126,0.882,0.6875,0.3125,-0.1458,1687,0
881,A400,70,143,15,16,14742,76,125,0.7628,0.75,0.25,-0.1946,1353,0
882,A300,70,221,19,22,24230,97,124,0.4031,0.6818,0.3182,-0.1435,1687,0
883,A300,70,114,15,14,12221,80,125,0.5691,0.8571,0.1429,-0.1625,1687,0
884,A300,50,176,44,15,18466,90,119,0.9061,0.1951,-0.8049,-0.1803,1353,0
885,A300,50,176,21,19,19565,86,135,0.6371,0.6842,0.3158,-0.1315,1353,0
886,A400,50,513,42,29,62225,105,139,0.1419,0.7778,-0.2222,-0.0524,1353,0
887,A400,50,150,27,12,16873,96,129,0.6696,0.3704,-0.6296,-0.1212,1353,0
888,A400,50,181,16,20,19537,78,130,0.776,0.65,0.35,-0.1567,1353,0
889,A300,80,279,21,25,30271,61,135,0.1215,0.64,0.36,-0.1524,1366,0
890,A300,80,106,25,16,12782,108,134,0.1454,0.875,-0.125,-0.0579,1362,0
891,A300,60,127,19,15,13938,90,135,0.4538,0.8667,0.1333,-0.1426,1688,0
892,A300,60,50,10,10,5345,93,127,0.8842,0.8,0.2,-0.1648,1692,0
893,A300,60,88,14,19,9432,95,125,0.7979,0.3684,0.6316,-0.1626,1692,0
894,A300,60,34,10,6,3553,91,119,0.8617,0.75,-0.25,-0.1836,1692,0
895,A300,60,46,8,8,5226,97,133,0.4556,0.875,-0.125,-0.1124,1690,0
896,A300,60,38,12,10,4409,104,132,0.6698,0.8889,0.1111,-0.0935,1690,0
897,A300,60,35,9,9,4108,102,132,0.4468,0.875,0.125,-0.083,1692,0
898,A300,60,66,14,9,6760,84,127,0.8793,0.75,-0.25,-0.1998,1690,0
899,A300,60,39,9,7,4442,101,134,0.6686,1.0,0.0,-0.1102,1690,0
900,A300,60,38,11,8,4304,96,125,0.4402,0.8889,-0.1111,-0.1151,1690,0
901,A300,60,32,9,8,3094,85,110,0.0853,0.875,0.125,-0.2446,1688,0
902,A300,60,67,12,10,7367,87,134,0.8852,0.9,-0.1,-0.141,1690,0
903,A300,60,64,11,10,7736,103,145,0.2237,1.0,0.0,-0.0557,1690,0
904,A300,60,115,19,14,10923,71,118,0.1429,1.0,0.0,-0.258,1694,0
905,A300,60,134,20,13,13696,67,127,0.9031,0.8667,-0.1333,-0.2015,1692,0
906,A300,60,69,12,11,6235,77,109,0.0591,0.8182,0.1818,-0.294,1692,0
907,A300,60,101,12,14,11300,95,135,0.1572,0.6429,0.3571,-0.1259,1692,0
908,A300,60,617,53,43,65563,70,135,0.5936,0.8824,0.1177,-0.1698,1688,0
909,A300,60,93,14,11,9363,75,119,0.8331,0.8461,-0.1539,-0.2135,1690,0
910,A300,60,68,10,10,6567,83,109,0.0627,1.0,0.0,-0.2455,1690,0
911,A300,60,67,13,10,6947,84,119,0.845,0.9,0.1,-0.19,1690,0
912,A300,60,166,23,31,18674,91,132,0.6584,0.3,0.7,-0.1211,1692,0
913,A300,60,75,13,10,8457,93,135,0.6631,1.0,0.0,-0.1191,1692,0
914,A300,60,82,14,11,9124,93,127,0.4085,0.9091,0.0909,-0.1307,1694,0
915,A300,60,81,15,10,8996,91,133,0.3806,0.7692,-0.2308,-0.1323,1692,0
916,A300,60,55,11,8,6241,97,133,0.6052,0.8889,-0.1111,-0.1135,1692,0
917,A300,60,208,23,21,17619,61,109,0.0783,0.7,0.3,-0.3382,1686,0
918,A300,60,148,25,23,16061,91,127,0.6311,0.5454,0.4545,-0.1522,1686,0
919,A300,60,126,15,18,12598,84,124,0.3389,0.5,0.5,-0.2189,1688,0
920,A300,60,162,21,23,17124,85,124,0.8805,0.5909,0.4091,-0.1742,1690,0
921,A300,60,100,15,12,11247,85,132,0.7033,1.0,0.0,-0.1213,1692,0
922,A300,60,329,26,23,33217,58,127,0.7917,0.9565,-0.0435,-0.2112,1690,0
923,A300,60,52,11,12,5249,86,118,0.9196,0.5,0.5,-0.2114,1692,0
924,A300,60,138,17,16,15501,91,135,0.4355,0.8,0.2,-0.1225,1690,0
925,A300,60,87,15,12,8047,82,109,0.0638,0.8333,0.1667,-0.2774,1692,0
926,A300,60,87,16,11,9527,84,132,0.2518,0.9091,0.0909,-0.1445,1692,0
927,A300,60,56,10,12,6459,104,132,0.1385,0.5833,0.4167,-0.0989,1690,0
928,A300,60,659,50,34,61890,49,132,0.0758,0.8485,0.1515,-0.2663,1688,0
929,A300,60,66,14,10,7537,101,131,0.1532,0.9091,-0.0909,-0.1078,1684,0
930,A300,60,184,20,18,19728,77,133,0.1232,0.8889,0.1111,-0.1624,1688,0
931,A300,60,662,55,33,61753,44,126,0.0615,0.8056,-0.1944,-0.2712,1690,0
932,A300,60,184,23,21,20124,82,127,0.7385,0.7143,0.2857,-0.1455,1690,0
933,A300,60,70,9,11,7964,94,133,0.6386,0.7273,0.2727,-0.1112,1688,0
934,A300,60,107,15,12,10416,65,119,0.8639,0.9231,-0.0769,-0.2395,1690,0
935,A300,60,84,17,8,9571,99,133,0.6402,0.5333,-0.4667,-0.1098,1690,0
936,A300,60,126,22,21,13355,90,119,0.1396,0.4762,0.5238,-0.1719,1690,0
937,A300,60,90,12,15,10036,93,135,0.734,0.5333,0.4667,-0.1288,1692,0
938,A300,60,144,16,17,15517,84,134,0.706,0.7059,0.2941,-0.1582,1694,0
939,A300,60,67,13,15,6652,86,111,0.1765,0.5714,0.4286,-0.2244,1688,0
940,A300,60,94,13,14,8943,78,109,0.0284,0.6429,0.3571,-0.2567,1690,0
941,A300,60,163,18,19,18196,93,133,0.1837,0.6842,0.3158,-0.1279,1688,0
942,A300,60,204,30,17,22388,95,124,0.7811,0.52,-0.48,-0.1426,1690,0
943,A300,60,78,10,14,7387,79,110,0.0355,0.5714,0.4286,-0.2601,1692,0
944,A300,60,62,11,9,6294,80,118,0.9443,0.9,-0.1,-0.2069,1688,0
945,A300,60,110,15,11,11881,83,133,0.3314,0.9167,-0.0833,-0.1562,1690,0
946,A300,60,65,14,10,7394,103,127,0.5065,0.8333,-0.1667,-0.1113,1690,0
947,A300,60,58,11,9,6412,97,124,0.4326,1.0,0.0,-0.1363,1692,0
948,A300,60,68,11,10,7579,94,132,0.519,0.9,0.1,-0.1293,1688,0
949,A300,70,822,88,63,70737,71,101,0.013,0.9048,0.0952,-0.3277,1692,0
950,A300,70,68,10,10,3507,21,82,0.0036,0.9,0.1,-0.5971,1692,0
951,A300,70,59,14,12,4717,72,93,0.0095,0.8333,0.1667,-0.3754,1692,0
952,A300,70,71,11,12,3944,22,86,0.0036,0.75,0.25,-0.566,1690,0
953,A300,70,1130,102,101,99671,77,103,0.0319,0.2581,0.7419,-0.3109,1692,0
954,A300,70,1125,83,92,100842,76,111,0.0426,0.2528,0.7473,-0.2997,1692,0
955,A300,70,66,16,11,6385,88,109,0.0532,0.8182,0.1818,-0.2442,1692,0
956,A300,70,69,12,10,7774,95,132,0.805,0.9,0.1,-0.1198,1682,0
957,A300,70,255,25,26,23784,77,109,0.1116,0.5769,0.4231,-0.2713,1684,0
958,A300,70,78,13,8,8757,87,132,0.8566,0.7273,-0.2727,-0.1229,1688,0
959,A300,70,54,10,8,6028,90,127,0.8982,0.8889,-0.1111,-0.1279,1690,0
960,A300,70,74,11,10,8375,95,134,0.2227,1.0,0.0,-0.1158,1688,0
961,A300,70,250,20,20,25833,77,124,0.4007,0.8,0.2,-0.1927,1692,0
962,A300,70,51,10,8,5716,102,125,0.1688,1.0,0.0,-0.1244,1694,0
963,A300,70,86,11,10,8851,90,117,0.9585,0.9091,-0.0909,-0.196,1688,0
964,A300,70,55,10,8,6860,111,142,0.4686,1.0,0.0,-0.0256,1690,0
965,A300,70,110,13,14,12127,92,132,0.6026,0.7143,0.2857,-0.1387,1686,0
966,A300,70,375,32,23,34485,48,132,0.305,0.9565,0.0435,-0.2816,1364,0
967,A300,70,67,11,11,7550,99,125,0.368,0.8182,0.1818,-0.1196,1364,0
968,A400,40,126,15,18,14330,104,133,0.9764,0.6111,0.3889,-0.1115,1354,0
969,A400,40,76,13,21,9498,118,135,0.028,0.2381,0.7619,-0.0236,1358,0
970,A400,40,880,109,61,103662,101,134,0.2813,0.2892,-0.7108,-0.0797,1358,0
971,A400,40,52,9,9,5816,101,126,0.6333,0.8889,0.1111,-0.1262,1358,0
972,A400,40,112,21,28,13196,110,132,0.031,0.2143,0.7857,-0.0795,1356,0
973,A400,40,59,11,10,7052,107,134,0.0841,0.7,0.3,-0.0662,1356,0
974,A400,40,84,14,14,9767,105,132,0.3024,0.6429,0.3571,-0.0916,1356,0
975,A400,40,55,11,14,6074,102,124,0.0325,0.3571,0.6429,-0.1372,1354,0
976,A400,40,68,14,14,7747,105,127,0.712,0.5714,0.4286,-0.1099,1354,0
977,A400,40,78,12,16,9381,110,132,0.0414,0.4375,0.5625,-0.0604,1352,0
978,A400,40,122,16,29,14032,107,127,0.0251,0.2069,0.7931,-0.1014,1352,0
979,A400,40,67,13,11,8107,112,134,0.76,0.8182,0.1818,-0.0547,1350,0
980,A400,40,56,14,8,5857,87,124,0.9377,0.8889,-0.1111,-0.1829,1380,0
981,A400,40,101,15,15,11431,99,125,0.8619,0.6667,0.3333,-0.1158,1376,0
982,A400,40,67,12,11,7881,106,132,0.4622,0.8182,0.1818,-0.081,1376,0
983,A400,40,77,15,14,8558,104,119,0.0415,0.7143,0.2857,-0.1317,1350,0
984,A400,40,89,14,12,10504,108,127,0.679,0.9167,0.0833,-0.078,1352,0
985,A400,40,52,20,8,6999,130,141,0.7204,0.8,-0.2,0.0515,1352,0
986,A300,69,105,37,20,13505,100,148,0.2982,0.7727,-0.2273,0.0048,1368,0
987,A300,69,54,12,7,7555,123,159,0.6973,0.7,-0.3,0.093,1652,0
988,A300,69,193,25,30,18218,78,111,0.075,0.3333,0.6667,-0.2625,1654,0
989,A300,69,223,24,23,21349,63,124,0.8111,0.6522,0.3478,-0.2521,1652,0
990,A300,69,86,16,14,9848,100,133,0.431,0.6429,0.3571,-0.1054,1652,0
991,A300,69,110,20,24,12413,100,127,0.4327,0.3333,0.6667,-0.1184,1650,0
992,A300,69,81,16,13,9137,98,127,0.0693,0.7692,0.2308,-0.1187,1646,0
993,A300,69,116,18,10,12530,88,134,0.8667,0.5294,-0.4706,-0.1561,1650,0
994,A300,69,110,34,16,14087,113,140,0.3321,0.6111,-0.3889,0.0005,1650,0
995,A300,69,89,32,14,11922,123,150,0.2461,0.4737,-0.5263,0.0465,1650,0
996,A300,69,51,14,11,6525,120,141,0.3539,0.5385,-0.4615,-0.0005,1650,0
997,A300,69,76,24,7,10286,120,151,0.177,0.2174,-0.7826,0.0574,1650,0
998,A300,150,51,10,9,5779,92,134,0.3609,0.8889,0.1111,-0.1147,1690,0
999,A300,100,252,20,25,28061,92,135,0.7215,0.6,0.4,-0.1301,1652,0
1000,A300,100,102,24,15,13464,118,149,0.457,0.8571,0.1429,0.0313,1650,0
1001,A300,100,979,126,108,118187,106,141,0.2482,0.4783,0.5217,-0.0569,1660,0
1002,A300,100,52,10,8,4695,74,103,0.9795,0.8889,-0.1111,-0.2946,1662,0
1003,A300,100,290,28,22,26213,43,124,0.7871,0.9091,-0.0909,-0.2938,1710,0
1004,A300,100,56,10,9,5966,90,124,0.6316,0.8889,-0.1111,-0.1677,1710,0
1005,A300,100,56,19,11,7390,120,143,0.8818,0.6,-0.4,0.031,1658,0
1006,A300,100,226,23,44,24834,93,126,0.3004,0.2045,0.7954,-0.1415,1358,0
1007,A300,100,187,32,28,20916,101,126,0.0486,0.6923,0.3077,-0.1262,1358,0
1008,A300,100,171,23,28,17836,92,124,0.8191,0.3571,0.6429,-0.1851,1360,0
1009,A300,100,383,37,33,41476,97,125,0.1426,0.5454,0.4545,-0.154,1360,0
1010,A300,100,120,17,13,12847,83,132,0.1103,1.0,0.0,-0.1636,1360,0
1011,A300,100,425,28,26,37025,48,124,0.969,0.8077,0.1923,-0.3194,1356,0
1012,A300,100,111,14,12,11868,93,124,0.2441,1.0,0.0,-0.1647,1352,0
1013,A300,100,96,21,18,11447,108,134,0.0676,0.5294,0.4706,-0.0684,1362,0
1014,A300,100,133,14,14,14163,84,126,0.6289,0.8571,0.1429,-0.1681,1358,0
1015,A300,100,63,12,10,6884,89,126,0.472,0.9,0.1,-0.1463,1356,0
1016,A300,120,69,11,11,6811,78,116,0.9706,0.7273,0.2727,-0.2288,1362,0
1017,A300,100,165,16,15,16601,70,124,0.6777,0.9333,0.0667,-0.214,1632,0
1018,A300,80,245,20,23,23122,56,118,0.2101,0.6522,0.3478,-0.2627,1656,0
1019,A300,80,88,13,11,9120,88,118,0.8659,0.9091,0.0909,-0.1903,1656,0
1020,A300,80,106,11,13,11973,96,128,0.1995,0.8461,0.1539,-0.1176,1654,0
1021,A300,80,154,19,16,17564,93,132,0.3225,0.8125,0.1875,-0.109,1656,0
1022,A300,80,88,21,20,7182,67,94,0.0519,0.4,0.6,-0.3624,1656,0
1023,A300,80,169,20,19,14689,64,103,0.0629,0.7368,0.2632,-0.321,1654,0
1024,A300,80,80,12,13,8091,91,112,0.8277,0.6923,0.3077,-0.2099,1648,0
1025,A300,80,63,12,14,7202,104,127,0.301,0.5,0.5,-0.1069,1648,0
1026,A300,80,84,15,11,8532,83,118,0.9575,1.0,0.0,-0.2065,1646,0
1027,A300,80,79,12,15,8132,86,124,0.8311,0.6,0.4,-0.1958,1646,0
1028,A300,80,66,14,10,7519,97,132,0.6464,1.0,0.0,-0.11,1646,0
1029,A300,80,350,31,25,37664,78,134,0.307,0.8077,-0.1923,-0.1593,1648,0
1030,A300,80,85,11,12,9693,95,133,0.0765,0.8333,0.1667,-0.1091,1648,0
1031,A300,80,82,16,9,9431,100,127,0.4721,0.5333,-0.4667,-0.1015,1648,0
1032,A300,80,60,11,11,6887,102,127,0.699,0.6364,0.3636,-0.1033,1648,0
1033,A300,80,108,17,17,12886,102,135,0.1129,0.5882,0.4118,-0.0679,1648,0
1034,A300,80,57,10,8,6684,101,136,0.48,0.8889,-0.1111,-0.0839,1646,0
1035,A300,211,34,8,10,2588,61,95,0.0722,0.6,0.4,-0.4053,1690,0
1036,A300,211,51,25,11,4561,77,103,0.1471,0.25,-0.75,-0.3013,1686,0
1037,A300,143,116,18,14,11801,64,134,0.5638,0.7857,0.2143,-0.2052,1692,0
1038,A300,143,79,17,15,10188,115,149,0.8407,0.6667,0.3333,0.0075,1682,0
1039,A300,60,114,18,12,13680,101,141,0.242,0.7333,-0.2667,-0.0625,1694,0
1040,A300,100,38,9,7,3963,85,119,0.8903,0.875,-0.125,-0.1852,1696,0
1041,A300,100,32,9,8,3772,105,133,0.6561,0.75,0.25,-0.0791,1698,0
1042,A300,100,25,6,6,2918,105,133,0.6009,1.0,0.0,-0.0881,1694,0
1043,A300,100,45,10,7,4664,86,126,0.8371,0.7778,-0.2222,-0.1903,1694,0
1044,A300,70,223,31,32,25800,106,130,0.7515,0.4375,0.5625,-0.0961,1626,0
1045,A300,70,62,12,9,6582,91,124,0.2165,1.0,0.0,-0.1706,1626,0
1046,A300,70,84,13,12,9522,87,134,0.441,0.9167,0.0833,-0.1144,1628,0
1047,A300,70,137,16,13,14536,81,128,0.4785,1.0,0.0,-0.1711,1626,0
1048,A300,70,148,21,19,15761,96,117,0.8967,0.7222,0.2778,-0.168,1626,0
1049,A300,70,52,9,9,5483,91,119,0.9213,0.8889,0.1111,-0.1762,1626,0
1050,A300,70,68,14,10,7634,96,132,0.7438,0.9091,-0.0909,-0.1229,1624,0
1051,A300,70,60,12,10,6342,88,124,0.2512,1.0,0.0,-0.1742,1624,0
1052,A300,70,113,14,12,10683,75,110,0.1182,0.9231,-0.0769,-0.2614,1624,0
1053,A300,70,51,10,9,5795,100,133,0.4754,0.8889,0.1111,-0.1123,1624,0
1054,A300,70,70,12,10,7890,91,131,0.4261,0.9091,-0.0909,-0.1194,1624,0
1055,A300,70,66,13,10,7502,98,135,0.6761,1.0,0.0,-0.112,1624,0
1056,A300,70,104,16,13,12367,110,132,0.3911,0.8461,0.1539,-0.071,1626,0
1057,A300,70,140,18,14,15073,90,127,0.1244,0.9286,0.0714,-0.1589,1624,0
1058,A300,70,64,14,8,6913,94,121,0.8485,0.7273,-0.2727,-0.1561,1624,0
1059,A300,70,57,12,7,6528,103,126,0.7651,0.6364,-0.3636,-0.1053,1626,0
1060,A300,70,114,16,14,12284,79,126,0.7589,1.0,0.0,-0.1582,1626,0
1061,A300,70,58,10,8,6651,99,134,0.7789,0.8,-0.2,-0.1041,1628,0
1062,A300,70,767,42,37,55228,12,134,0.7217,0.8108,0.1892,-0.4375,1624,0
1063,A300,70,66,10,13,7467,101,123,0.4938,0.6154,0.3846,-0.1161,1624,0
1064,A300,70,59,8,8,6543,93,122,0.7694,1.0,0.0,-0.1336,1622,0
1065,A300,85,93,14,11,10797,91,134,0.5318,0.9167,-0.0833,-0.093,1696,0
1066,A300,85,84,11,12,10694,102,150,0.9835,0.75,0.25,-0.0054,1696,0
1067,A300,85,76,18,8,10680,130,150,0.6572,0.4706,-0.5294,0.0979,1698,0
1068,A300,85,63,16,12,9037,136,156,0.8502,0.9091,0.0909,0.1207,1696,0
1069,A300,80,52,10,8,5328,83,124,0.7944,0.8889,-0.1111,-0.1995,1352,0
1070,A300,80,84,12,10,8949,84,125,0.9083,0.8333,-0.1667,-0.1677,1352,0
1071,A300,80,121,14,18,12773,91,124,0.8479,0.5556,0.4444,-0.1753,1354,0
1072,A300,80,61,11,9,6682,92,133,0.6696,1.0,0.0,-0.1442,1356,0
1073,A300,80,75,15,11,8166,89,140,0.8269,0.9167,-0.0833,-0.1494,1352,0
1074,A300,80,72,14,10,7551,82,132,0.6313,0.9,0.1,-0.1807,1356,0
1075,A400,40,50,11,9,6005,112,127,0.6706,1.0,0.0,-0.0617,1360,0
1076,A400,40,88,13,12,9643,91,126,0.4595,0.8333,0.1667,-0.1439,1358,0
1077,A400,40,107,15,12,12374,104,126,0.2931,0.8571,-0.1429,-0.0965,1358,0
1078,A400,50,147,17,17,14809,78,118,0.9808,0.6471,0.3529,-0.213,1358,0
1079,A400,50,84,9,15,9968,107,133,0.8542,0.4667,0.5333,-0.0729,1358,0
1080,A400,50,32,6,7,3355,98,111,0.8792,0.8571,0.1429,-0.1809,1358,0
1081,A400,50,62,11,10,6884,93,127,0.9029,0.9091,-0.0909,-0.1326,1360,0
1082,A400,40,273,31,40,29865,93,125,0.4913,0.25,0.75,-0.1453,1376,0
1083,A400,40,1176,67,60,117153,56,124,0.5947,0.5741,0.4259,-0.2217,1668,0
1084,A400,40,2400,96,95,260185,69,132,0.4351,0.4624,0.5376,-0.153,1664,0
1085,A400,40,177,18,18,19435,91,126,0.8812,0.7222,0.2778,-0.1422,1666,0
1086,A400,40,61,10,10,6588,91,119,0.8789,0.7,0.3,-0.1563,1668,0
1087,A400,40,220,19,21,27851,115,140,0.6483,0.7619,0.2381,-0.011,1666,0
1088,A400,40,67,11,10,7391,96,125,0.4105,0.9,0.1,-0.1382,1374,0
1089,A400,40,341,39,43,44484,121,140,0.8399,0.2791,0.7209,0.0192,1362,0
1090,A400,40,57,8,14,6661,110,125,0.7665,0.4286,0.5714,-0.087,1362,0
1091,A400,40,80,12,12,9136,100,133,0.458,0.75,0.25,-0.1078,1358,0
1092,A400,40,111,15,11,11861,84,124,0.8443,0.9167,-0.0833,-0.1652,1362,0
1093,A400,200,98,14,11,10137,84,126,0.8012,1.0,0.0,-0.1919,1358,0
1094,A400,40,168,15,20,19901,105,135,0.301,0.6,0.4,-0.0745,1362,0
1095,A400,40,172,24,25,19549,105,125,0.5448,0.56,0.44,-0.112,1362,0
1096,A400,40,631,46,51,68349,91,133,0.5205,0.451,0.549,-0.1538,1364,0
1097,A400,40,1015,49,59,105560,76,132,0.5308,0.4561,0.5439,-0.1875,1364,0
1098,A400,40,561,57,50,60112,61,124,0.3348,0.5319,0.4681,-0.1629,1362,0
1099,A400,40,8391,609,343,991612,103,140,0.0704,0.068,-0.9319,-0.0768,1364,0
1100,A400,40,158,65,39,18480,111,126,0.5792,1.0,0.0,-0.0862,1364,0
1101,A400,185,60,13,14,5577,86,102,0.0293,0.5714,0.4286,-0.2738,1366,0
1102,A400,185,51,10,10,5141,93,116,0.0147,0.7,0.3,-0.2125,1364,0
1103,A400,175,90,17,11,9216,85,124,0.1909,1.0,0.0,-0.2,1362,0
1104,A400,175,212,38,32,23916,90,125,0.8763,0.4,0.6,-0.1187,1358,0
1105,A400,175,217,60,39,26032,108,133,0.0809,0.5517,0.4483,-0.0628,1360,0
1106,A400,175,81,17,17,10095,113,143,0.4978,0.4706,0.5294,-0.0263,1362,0
1107,A400,175,239,30,43,27364,100,126,0.9632,0.2857,0.7143,-0.1055,1360,0
1108,A400,175,59,15,11,7330,112,141,0.5412,0.7692,-0.2308,-0.0294,1360,0
1109,A400,175,63,9,12,7758,115,141,0.5926,0.5833,0.4167,-0.038,1360,0
1110,A400,175,215,28,39,25269,105,134,0.45,0.2564,0.7436,-0.0818,1360,0
1111,A400,100,350,107,39,46379,125,143,0.1437,0.197,-0.803,0.0353,1364,0
1112,A400,100,112,44,16,14403,120,141,0.3006,0.3214,-0.6786,0.0047,1364,0
1113,A400,100,170,39,20,22467,123,141,0.1836,0.5833,-0.4167,0.0325,1362,0
1114,A400,100,153,58,29,19616,118,143,0.1189,0.5357,-0.4643,0.0016,1362,0
1115,A400,100,140,43,13,17898,118,141,0.2309,0.5454,-0.4545,-0.0012,1360,0
1116,A400,100,168,53,30,21548,120,143,0.2335,0.4,-0.6,0.0021,1362,0
1117,A400,100,226,64,33,28906,120,141,0.3515,0.3488,-0.6512,-0.0008,1360,0
1118,A400,100,116,32,19,14912,121,142,0.4632,0.4615,-0.5385,0.0043,1360,0
1119,A400,100,104,18,12,11469,97,126,0.4485,0.8461,-0.1539,-0.1384,1360,0
1120,A400,100,156,17,20,15848,74,127,0.4537,0.55,0.45,-0.2063,1362,0
1121,A400,100,136,50,27,17433,119,143,0.2742,0.8421,0.1579,0.0014,1364,0
1122,A400,100,377,33,45,36933,59,132,0.456,0.2667,0.7333,-0.2346,1364,0
1123,A400,100,224,25,31,22017,77,126,0.0513,0.3548,0.6452,-0.2321,1364,0
1124,A400,50,163,18,20,16916,83,126,0.0852,0.55,0.45,-0.1892,1362,0
1125,A400,40,172,14,18,19457,91,134,0.8147,0.7059,0.2941,-0.1162,1360,0
1126,A400,120,184,42,22,22708,115,135,0.4865,0.9444,0.0556,-0.0358,1628,0
1127,A400,175,304,30,28,34001,85,133,0.7618,0.7407,0.2593,-0.1262,1360,0
1128,A400,40,140,22,19,16020,105,126,0.0898,0.7778,0.2222,-0.106,1358,0
1129,A400,40,262,21,19,29349,88,133,0.8706,1.0,0.0,-0.1248,1360,0
1130,A400,40,261,27,17,29526,88,132,0.3171,0.8095,-0.1905,-0.1162,1356,0
1131,A400,40,101,22,13,11601,108,125,0.2227,1.0,0.0,-0.1027,1356,0
1132,A400,40,144,17,19,15785,88,132,0.7345,0.5789,0.4211,-0.1436,1356,0
1133,A400,40,116,19,10,12174,82,126,0.5206,0.625,-0.375,-0.1801,1360,0
1134,A400,40,563,36,34,58906,83,133,0.6478,0.6765,0.3235,-0.1826,1306,0
1135,A400,40,3187,208,198,336567,87,127,0.8897,0.7172,0.2828,-0.175,1306,0
1136,A400,40,210,20,22,21547,70,127,0.1239,0.5909,0.4091,-0.1984,1308,0
1137,A400,40,112,13,14,12587,86,133,0.7305,0.7857,0.2143,-0.122,1306,0
1138,A400,40,114,14,15,11442,81,125,0.0291,0.6,0.4,-0.2159,1306,0
1139,A400,40,446,43,52,48231,96,127,0.1086,0.2885,0.7115,-0.1551,1308,0
1140,A300,120,139,15,16,14610,71,126,0.3101,0.75,0.25,-0.1788,1690,0
1141,A300,80,178,16,17,17274,69,125,0.1324,0.8824,0.1177,-0.2418,1692,0
1142,A300,80,128,17,15,14234,87,133,0.1395,0.9333,-0.0667,-0.1312,1692,0
1143,A300,80,460,52,41,54324,103,134,0.66,0.697,-0.303,-0.0774,1694,0
1144,A300,80,112,15,14,11998,87,126,0.2018,0.7143,0.2857,-0.1631,1794,0
1145,A300,80,102,15,11,9367,77,110,0.2241,0.9167,-0.0833,-0.2826,1696,0
1146,A300,80,260,24,20,21865,52,110,0.1608,0.85,0.15,-0.343,1692,0
1147,A300,80,106,16,14,10152,73,124,0.3962,0.9231,0.0769,-0.2518,1696,0
1148,A300,80,178,20,16,17592,50,126,0.9008,0.9412,-0.0588,-0.2279,1694,0
1149,A300,80,561,106,62,75006,120,150,0.2231,0.8605,-0.1395,0.0445,1694,0
1150,A300,80,186,35,18,19132,87,125,0.0354,0.6087,-0.3913,-0.1964,1694,0
1151,A300,80,131,22,17,16983,118,142,0.3613,1.0,0.0,0.0128,1694,0
1152,A300,80,3234,198,207,348957,75,141,0.1076,0.6304,0.3696,-0.157,1692,0
1153,A300,80,4663,709,425,606744,115,156,0.1901,0.6667,-0.3333,0.0166,1694,0
1154,A300,80,1095,192,134,142791,117,150,0.3353,0.7083,0.2917,0.0188,1694,0
1155,A300,80,505,83,41,56864,97,127,0.2054,0.4583,-0.5417,-0.1203,1694,0
1156,A300,80,571,58,43,62823,73,252,0.1064,0.8293,-0.1707,-0.1405,1692,0
1157,A300,80,790,103,83,104560,119,149,0.2305,0.5085,0.4915,0.034,1692,0
1158,A300,80,903,76,83,100112,91,134,0.0862,0.6727,0.3273,-0.1339,1694,0
1159,A300,80,551,44,27,53142,56,128,0.1123,0.8438,-0.1563,-0.2465,1692,0
1160,A300,80,328,69,41,37200,101,126,0.2057,0.9655,-0.0345,-0.1139,1692,0
1161,A300,80,270,31,25,31583,95,135,0.0673,0.8333,-0.1667,-0.0861,1694,0
1162,A300,80,210,41,29,27761,119,148,0.3459,0.75,0.25,0.0328,1694,0
1163,A300,80,231,25,20,23488,65,126,0.4569,0.8,0.2,-0.2056,1694,0
1164,A300,70,109,18,11,11425,71,133,0.5534,0.6667,-0.3333,-0.1811,1684,0
1165,A300,70,254,26,20,28955,89,135,0.7482,0.95,0.05,-0.1094,1684,0
1166,A300,70,105,15,11,10269,59,126,0.9324,0.9167,-0.0833,-0.2359,1686,0
1167,A300,70,166,17,16,16566,61,134,0.6643,0.9375,0.0625,-0.2203,1686,0
1168,A300,70,125,15,12,12560,61,125,0.4763,0.8571,-0.1429,-0.215,1688,0
1169,A300,70,335,39,31,35066,82,127,0.9846,0.8,0.2,-0.1822,1690,0
1170,A300,70,101,12,12,11471,81,140,0.7941,0.9167,0.0833,-0.1127,1690,0
1171,A300,70,143,15,12,14669,61,127,0.7094,0.8,-0.2,-0.1986,1686,0
1172,A300,70,114,17,11,11979,67,132,0.6552,0.7857,-0.2143,-0.1791,1688,0
1173,A300,70,110,16,11,11890,75,140,0.671,0.8461,-0.1539,-0.1555,1690,0
1174,A300,70,114,14,12,12063,79,127,0.5521,1.0,0.0,-0.1733,1688,0
1175,A300,70,115,15,12,11562,68,127,0.7618,0.8571,-0.1429,-0.2145,1688,0
1176,A300,70,124,17,13,13135,81,127,0.6465,1.0,0.0,-0.1724,1686,0
1177,A300,70,114,15,11,11778,71,132,0.7101,0.8461,-0.1539,-0.1928,1690,0
1178,A300,70,132,16,15,13800,68,140,0.7595,0.8667,0.1333,-0.1832,1688,0
1179,A300,70,282,37,33,33577,61,159,0.7156,0.5313,0.4688,-0.0698,1688,0
1180,A300,70,125,14,14,12047,73,125,0.0924,0.8571,0.1429,-0.2471,1688,0
1181,A300,70,263,25,23,24172,59,124,0.0699,0.7826,0.2174,-0.282,1688,0
1182,A300,70,192,24,32,19002,82,125,0.263,0.2813,0.7188,-0.2268,1688,0
1183,A300,70,121,18,14,12705,65,150,0.7228,1.0,0.0,-0.1797,1688,0
1184,A300,70,248,18,20,22134,53,124,0.065,0.9,0.1,-0.3027,1692,0
1185,A300,70,108,17,14,10704,69,127,0.271,0.8571,0.1429,-0.2257,1690,0
1186,A300,70,115,17,12,10115,67,116,0.0544,0.8571,-0.1429,-0.3128,1690,0
1187,A300,70,408,30,27,37889,57,125,0.0947,0.8148,0.1852,-0.2745,1690,0
1188,A400,40,463,37,24,53525,97,132,0.3785,0.7188,-0.2813,-0.0968,1358,0
1189,A400,40,121,12,20,14047,97,134,0.646,0.45,0.55,-0.093,1356,0
1190,A400,40,75,16,15,9062,104,132,0.6667,0.5333,0.4667,-0.056,1356,0
1191,A400,40,65,12,17,7974,113,135,0.6647,0.4706,0.5294,-0.0416,1354,0
1192,A400,40,108,14,11,11169,77,127,0.879,0.8461,-0.1539,-0.1921,1322,0
1193,A400,40,133,16,21,14874,105,125,0.1029,0.4286,0.5714,-0.1263,1322,0
1194,A400,40,63,21,19,7273,107,126,0.2303,0.4211,0.5789,-0.0981,1320,0
1195,A400,40,50,10,10,5867,105,132,0.8127,0.8,0.2,-0.0833,1324,0
1196,A400,40,62,13,15,7312,109,127,0.239,0.4667,0.5333,-0.0786,1322,0
1197,A400,60,204,27,21,21661,98,116,0.5613,1.0,0.0,-0.1705,1696,0
1198,A300,80,104,31,17,10675,89,124,0.8304,0.5454,-0.4545,-0.1981,1368,0
1199,A300,80,196,23,18,18986,82,118,0.1213,0.9444,0.0556,-0.2432,1368,0
1200,A300,80,181,83,34,23075,113,151,0.5504,0.2105,-0.7895,-0.004,1370,0
1201,A300,80,129,48,35,16308,112,150,0.5716,0.6207,-0.3793,-0.0124,1368,0
1202,A300,80,143,39,24,15000,93,119,0.9561,0.5909,-0.4091,-0.1805,1366,0
1203,A300,80,126,51,36,15951,112,148,0.3319,0.3793,-0.6207,-0.011,1368,0
1204,A300,80,110,32,17,13904,111,149,0.2544,0.1936,-0.8065,-0.0125,1368,0
1205,A300,80,101,16,12,10318,74,124,0.4589,0.9231,-0.0769,-0.2019,1364,0
1206,A300,80,181,38,25,17588,82,124,0.3965,0.7391,-0.2609,-0.2409,1362,0
1207,A300,80,122,31,23,11743,82,116,0.4047,0.7273,-0.2727,-0.248,1364,0
1208,A300,80,105,24,15,10605,90,124,0.4091,0.7647,-0.2353,-0.2109,1364,0
1209,A300,80,113,40,21,10613,82,116,0.4018,0.7143,-0.2857,-0.2663,1364,0
1210,A300,80,155,27,17,14896,83,126,0.412,0.8333,-0.1667,-0.2492,1364,0
1211,A300,80,107,27,11,10136,81,126,0.2478,0.5556,-0.4444,-0.2599,1364,0
1212,A300,80,118,32,21,12348,78,132,0.1906,0.7143,0.2857,-0.1825,1364,0
1213,A300,80,147,26,24,14121,85,124,0.4106,0.9474,-0.0526,-0.2495,1364,0
1214,A300,80,147,43,30,14312,84,124,0.4047,0.8696,-0.1304,-0.2394,1364,0
1215,A300,80,105,21,12,10284,85,111,0.4141,0.6667,-0.3333,-0.2348,1362,0
1216,A300,80,102,27,15,9714,84,116,0.4097,0.7,-0.3,-0.256,1362,0
1217,A300,80,161,44,39,15643,85,124,0.4067,0.875,-0.125,-0.2409,1362,0
1218,A300,80,168,44,26,16835,86,125,0.4106,0.6667,-0.3333,-0.2171,1364,0
1219,A300,80,125,29,20,11804,81,108,0.4164,0.8,-0.2,-0.2623,1364,0
1220,A300,80,118,28,16,11084,82,111,0.4158,0.5714,-0.4286,-0.2661,1366,0
1221,A300,80,196,38,27,19028,84,117,0.4106,0.8846,-0.1154,-0.2415,1364,0
1222,A300,80,308,44,44,29612,82,125,0.0616,0.4444,0.5556,-0.2489,1364,0
1223,A300,80,274,46,29,31551,101,133,0.4531,0.6061,-0.3939,-0.1004,1364,0
1224,A300,80,129,40,24,12571,84,124,0.4164,0.8095,-0.1905,-0.2387,1364,0
1225,A300,80,194,28,23,22254,101,132,0.3827,0.8421,0.1579,-0.1038,1364,0
1226,A300,80,313,72,35,37460,106,135,0.4217,0.5263,-0.4737,-0.065,1366,0
1227,A300,80,114,31,24,13292,104,132,0.4472,0.9,0.1,-0.0891,1364,0
1228,A300,80,152,37,35,17532,100,132,0.39,0.9091,0.0909,-0.0989,1364,0
1229,A300,80,117,23,17,11880,89,118,0.442,0.8333,-0.1667,-0.2067,1362,0
1230,A300,80,146,44,28,16861,102,134,0.4493,0.72,-0.28,-0.0978,1362,0
1231,A300,80,106,35,22,10747,89,116,0.4185,0.4762,-0.5238,-0.2079,1362,0
1232,A300,80,175,53,32,20658,104,134,0.3123,0.4,-0.6,-0.0778,1364,0
1233,A300,80,208,64,49,23267,96,133,0.4223,0.7576,-0.2424,-0.1261,1364,0
1234,A300,80,238,62,41,27036,96,134,0.3642,0.5152,0.4848,-0.1125,1362,0
1235,A300,80,385,72,37,45215,103,135,0.2889,0.197,-0.803,-0.0825,1364,0
1236,A300,80,289,57,33,33682,99,134,0.3573,0.7308,0.2692,-0.0895,1366,0
1237,A300,100,364,99,60,41956,99,133,0.3756,0.7222,-0.2778,-0.0995,1358,0
1238,A300,100,169,47,27,20262,107,135,0.972,0.5185,-0.4815,-0.0633,1356,0
1239,A400,40,102,16,14,12417,115,132,0.5369,0.7857,0.2143,-0.0489,1356,0
1240,A400,40,574,35,35,64288,89,126,0.3137,0.7353,0.2647,-0.125,1358,0
1241,A400,40,194,26,24,21649,99,126,0.8088,0.7083,0.2917,-0.1282,1360,0
1242,A400,40,780,47,45,84630,77,127,0.8473,0.6429,0.3571,-0.1523,1362,0
1243,A400,40,336,30,25,35912,79,127,0.931,0.9546,0.0454,-0.165,1362,0
1244,A400,40,129,15,13,15121,101,134,0.3877,1.0,0.0,-0.0842,1362,0
1245,A400,40,143,20,21,16538,104,134,0.3187,0.55,0.45,-0.0965,1362,0
1246,A400,40,141,15,16,15515,99,126,0.8471,0.75,0.25,-0.1403,1360,0
1247,A400,40,133,19,14,15524,107,127,0.2863,0.9333,-0.0667,-0.0881,1362,0
1248,A400,40,101,16,13,11579,101,127,0.8943,0.9231,0.0769,-0.1044,1362,0
1249,A400,40,147,20,13,16975,104,132,0.9456,0.8125,-0.1875,-0.0978,1360,0
1250,A400,40,163,21,16,18644,99,127,0.5074,0.9375,0.0625,-0.1064,1360,0
1251,A400,40,238,23,22,25516,78,127,0.9546,0.6818,0.3182,-0.1624,1364,0
1252,A400,40,699,38,32,79690,78,132,0.6456,0.9688,-0.0313,-0.1093,1360,0
1253,A400,40,571,37,25,58587,63,127,0.3495,0.8333,-0.1667,-0.1984,1362,0
1254,A300,70,176,25,32,21321,104,141,0.0088,0.2813,0.7188,-0.0536,1358,0
1255,A300,70,142,23,28,18238,100,151,0.0206,0.3571,0.6429,0.0034,1358,0
1256,A300,80,119,16,12,10350,56,111,0.3348,1.0,0.0,-0.3205,1362,0
1257,A300,80,123,20,19,11278,79,108,0.0441,0.6111,0.3889,-0.2837,1362,0
1258,A300,80,162,14,23,14626,73,124,0.2794,0.3913,0.6087,-0.2947,1360,0
1259,A300,200,349,27,28,30422,50,124,0.8766,0.6071,0.3929,-0.319,1362,0
1260,A300,200,122,13,15,10893,65,111,0.2258,0.8,0.2,-0.3025,1364,0
1261,A300,200,231,25,27,21300,67,124,0.195,0.5926,0.4074,-0.2796,1364,0
1262,A300,200,287,27,23,21603,27,110,0.0602,0.9048,0.0952,-0.4119,1362,0
1263,A300,200,143,15,15,12193,56,126,0.0997,0.8,0.2,-0.3339,1364,0
1264,A300,200,519,33,41,48309,65,124,0.325,0.5122,0.4878,-0.2728,1360,0
1265,A300,200,110,20,22,12351,100,127,0.3442,0.4545,0.5454,-0.1228,1354,0
1266,A300,200,140,25,28,16076,103,132,0.5162,0.3929,0.6071,-0.1029,1356,0
1267,A300,200,231,26,16,25096,56,141,0.5841,0.6818,-0.3182,-0.1512,1356,0
1268,A300,200,1035,67,55,97966,46,125,0.8909,0.7778,0.2222,-0.2605,1356,0
1269,A400,40,137,13,16,15672,85,133,0.3685,0.75,0.25,-0.1063,1373,1
1270,A400,70,525,16,106,57020,95,127,0.4922,0.0849,0.9151,-0.1515,1353,1
1271,A400,70,2463,188,212,296673,42,143,0.0843,0.1385,0.8615,-0.059,1353,1
1272,A400,70,4298,188,189,515942,6,148,0.3089,0.1913,0.8087,-0.0622,1353,1
1273,A400,70,2643,170,285,271889,44,125,0.0547,0.0821,0.9179,-0.1963,1353,1
1274,A400,70,269,22,29,26745,71,125,0.1316,0.4138,0.5862,-0.2233,1353,1
1275,A400,70,375,25,37,38401,48,134,0.4272,0.3514,0.6486,-0.2,1353,1
1276,A300,143,15,5,4,1826,110,135,0.3743,0.8,-0.2,-0.049,1694,1
1277,A400,40,5632,286,141,591111,45,125,0.0575,0.3432,-0.6568,-0.18,1356,1
1278,A400,40,5951,302,136,617708,38,124,0.0605,0.386,-0.614,-0.1891,1356,1
1279,A300,80,69,10,14,5361,63,93,0.0447,0.6154,0.3846,-0.393,1656,1
1280,A300,80,138,23,26,8720,48,84,0.0374,0.3462,0.6539,-0.5063,1656,1
1281,A300,80,116,17,19,9105,65,94,0.0434,0.4737,0.5263,-0.3868,1658,1
1282,A300,80,308,25,42,22991,55,94,0.0519,0.2381,0.7619,-0.4168,1656,1
1283,A300,80,116,17,18,9110,64,94,0.0856,0.6111,0.3889,-0.3864,1658,1
1284,A400,120,152,25,32,17101,101,125,0.8123,0.25,0.75,-0.121,1630,1
1285,A400,120,108,12,15,11491,87,126,0.6839,0.5333,0.4667,-0.1688,1626,1
1286,A400,175,352,41,53,39648,92,141,0.4353,0.2115,0.7885,-0.12,1360,1
1287,A400,175,190,22,31,21326,95,133,0.8076,0.2581,0.7419,-0.1231,1362,1
1288,A400,40,111,16,23,13374,110,134,0.8468,0.3478,0.6522,-0.0587,1358,1
1289,A400,40,211,26,28,23894,102,134,0.1456,0.64,0.36,-0.1153,1374,1
1290,A400,40,6652,359,392,716869,4,140,0.1106,0.0931,0.9069,-0.1581,1374,1
1291,A400,200,253,36,46,35308,127,151,0.0,0.3095,0.6905,0.0903,1687,1
1292,A400,200,1125,63,131,140521,101,151,0.0012,0.1318,0.8682,-0.0242,1687,1
1293,A400,200,110,12,20,10340,71,116,0.0024,0.45,0.55,-0.2656,1687,1
1294,A400,200,125,14,21,13987,97,141,0.0107,0.4286,0.5714,-0.1258,1687,1
1295,A400,200,150,12,22,17566,99,140,0.0166,0.4545,0.5454,-0.0851,1687,1
1296,A400,200,140,11,17,14533,76,125,0.0071,0.6471,0.3529,-0.189,1687,1
1297,A400,200,199,12,19,20323,74,127,0.0083,0.6316,0.3684,-0.2021,1687,1
1298,A400,200,110,11,19,12881,99,133,0.0107,0.4737,0.5263,-0.0852,1687,1
1299,A400,200,196,11,31,22532,97,134,0.0071,0.2581,0.7419,-0.1019,1687,1
1300,A400,200,145,13,24,17419,111,135,0.0071,0.4583,0.5417,-0.0615,1687,1
1301,A400,200,213,17,37,24476,96,134,0.0047,0.2432,0.7568,-0.1023,1687,1
1302,A400,200,161,13,29,18711,103,133,0.0024,0.2759,0.7241,-0.0921,1687,1
1303,A400,200,304,18,32,34142,90,133,0.0,0.375,0.625,-0.1226,1687,1
1304,A400,200,161,12,21,18047,96,133,0.0,0.5238,0.4762,-0.1243,1687,1
1305,A400,200,137,18,39,18013,121,143,0.0024,0.1539,0.8461,0.0272,1687,1
1306,A400,200,125,15,26,14353,102,126,0.0047,0.3077,0.6923,-0.1029,1687,1
1307,A400,200,189,18,35,21380,99,127,0.0,0.2286,0.7714,-0.1162,1687,1
1308,A300,100,124,16,22,14618,97,141,0.0338,0.3636,0.6364,-0.079,1658,1
1309,A300,100,91,15,17,10957,105,141,0.0302,0.4706,0.5294,-0.0593,1658,1
1310,A300,70,56,11,11,5729,90,117,0.0161,0.7273,0.2727,-0.2007,1362,1
1311,A300,70,83,18,31,7446,71,108,0.0,0.1333,0.8667,-0.2991,1360,1
1312,A400,90,131,16,23,12909,81,117,0.0024,0.3478,0.6522,-0.2301,1698,1
1313,A400,185,313,33,58,29386,86,103,0.1035,0.1818,0.8182,-0.2665,1353,1
1314,A400,185,891,36,155,76438,70,103,0.0369,0.0581,0.9419,-0.3298,1353,1
1315,A400,185,134,12,25,14838,100,119,0.2055,0.32,0.68,-0.1349,1353,1
1316,A400,185,230,22,50,23697,93,118,0.105,0.16,0.84,-0.1951,1353,1
1317,A400,40,120,26,17,15146,117,140,0.3119,0.8235,0.1765,-0.0139,1372,1
1318,A400,40,133,32,25,16759,114,134,0.809,0.52,0.48,-0.0156,1372,1
1319,A400,40,103,25,26,13299,122,142,0.7507,0.5454,0.4545,0.0087,1372,1
1320,A400,40,170,23,24,21545,118,141,0.8204,0.4167,0.5833,-0.0099,1370,1
1321,A400,40,168,37,33,21640,119,143,0.3945,0.4193,0.5806,0.0063,1374,1
1322,A400,40,125,35,18,16258,118,140,0.793,0.5909,-0.4091,0.0161,1372,1
1323,A400,40,201,38,35,26197,123,141,0.5802,0.3235,0.6765,0.0182,1372,1
1324,A400,40,169,25,26,17587,96,118,0.5641,0.3462,0.6539,-0.187,1372,1
1325,A400,40,150,47,28,19311,120,141,0.5604,0.6667,0.3333,0.0058,1374,1
1326,A400,40,103,24,17,13577,125,142,0.4927,0.9333,0.0667,0.0298,1372,1
1327,A400,40,146,36,29,18123,114,133,0.4621,0.9474,0.0526,-0.0302,1372,1
1328,A400,40,294,51,49,39987,127,157,0.4898,0.3192,0.6809,0.0626,1372,1
1329,A400,40,198,42,34,24783,118,134,0.5846,0.5385,0.4615,-0.0221,1372,1
1330,A400,40,192,34,32,24530,120,140,0.4061,0.4193,0.5806,-0.0019,1374,1
1331,A400,40,180,33,23,22591,119,135,0.4433,0.8571,-0.1429,-0.0195,1376,1
1332,A400,40,107,18,19,12543,110,132,0.5583,0.5263,0.4737,-0.0842,1372,1
1333,A400,40,182,29,30,22232,115,133,0.5051,0.3667,0.6333,-0.0457,1370,1
1334,A400,40,264,38,42,30966,106,132,0.5313,0.2857,0.7143,-0.0836,1374,1
1335,A400,40,213,42,39,20512,80,118,0.5196,0.5161,0.4839,-0.2476,1374,1
1336,A400,40,308,29,39,37264,113,132,0.5429,0.3333,0.6667,-0.0548,1374,1
1337,A400,40,265,39,46,26849,88,119,0.5321,0.1956,0.8044,-0.2085,1372,1
1338,A400,40,229,53,37,27597,111,134,0.5204,0.7241,0.2759,-0.0585,1372,1
1339,A400,40,270,34,38,28445,96,126,0.5088,0.3611,0.6389,-0.1769,1372,1
1340,A400,40,390,51,50,46226,110,127,0.5058,0.3542,0.6458,-0.074,1372,1
1341,A400,40,217,32,32,25231,107,126,0.4026,0.5172,0.4828,-0.0916,1376,1
1342,A400,40,56,11,11,6337,97,132,0.7699,0.6364,0.3636,-0.1159,1356,1
1343,A400,185,114,21,14,12693,90,140,0.4302,0.8571,0.1429,-0.1301,1362,1
1344,A400,175,99,15,15,10868,92,140,0.2485,0.6667,0.3333,-0.1424,1360,1
1345,A400,175,244,24,33,23009,66,124,0.0648,0.3636,0.6364,-0.2633,1358,1
1346,A400,100,56,9,10,5712,89,117,0.1127,0.8,0.2,-0.2031,1366,1
1347,A400,60,303,20,24,29885,54,133,0.3113,0.6667,0.3333,-0.2295,1696,1
1348,A400,60,308,30,35,31689,79,124,0.1602,0.4286,0.5714,-0.1962,1698,1
1349,A400,60,139,19,23,15080,89,126,0.2736,0.3913,0.6087,-0.1524,1696,1
1350,A300,200,187,20,21,13351,49,101,0.3994,0.5714,0.4286,-0.4422,1362,1
1351,A400,40,872,165,53,95600,103,119,0.3389,0.0491,-0.9509,-0.1435,1387,1
1352,A400,200,170,44,15,21321,118,134,0.6224,0.2105,-0.7895,-0.0202,1687,1
1353,A400,40,1753,249,132,202897,101,135,0.3181,0.4735,-0.5265,-0.0958,1358,1
1354,A400,50,49,9,7,6391,118,141,0.4212,0.7778,-0.2222,0.019,1358,1
1355,A400,40,383,81,59,39202,96,111,0.1119,0.5946,-0.4054,-0.2004,1376,1
1356,A400,40,162,46,27,17260,99,126,0.8015,0.2895,-0.7105,-0.1676,1360,1
1357,A400,70,1107,155,85,128883,107,126,0.6637,0.1439,-0.8561,-0.0904,1353,1
1358,A400,70,178,60,39,22761,120,135,0.816,1.0,0.0,-0.001,1353,1
1359,A400,40,131,68,3,16504,54,190,0.0782,0.0294,-0.9706,-0.0157,1227,1
1360,A300,80,660,153,61,89110,113,156,0.65,0.0533,-0.9467,0.0548,1360,1
1361,A400,50,29,18,6,3489,116,126,0.7437,0.2353,-0.7647,-0.0601,1358,1
1362,A400,40,1228,69,64,124716,55,126,0.3613,0.8478,0.1522,-0.2066,1666,1
1363,A400,40,536,118,52,61209,106,127,0.7689,0.1177,-0.8824,-0.1078,1670,1
1364,A400,40,1695,247,106,197365,103,132,0.6763,0.0591,-0.9409,-0.0903,1668,1
1365,A400,40,955,136,80,104555,99,119,0.6206,0.156,-0.844,-0.1447,1666,1
1366,A400,40,75,28,15,10500,134,149,0.738,0.5294,-0.4706,0.0938,1664,1
1367,A300,80,62,24,15,5744,82,109,0.9445,0.35,-0.65,-0.2762,1370,1
1368,A300,80,68,26,11,6013,79,101,0.8,0.1539,-0.8461,-0.3092,1370,1
1369,A300,80,78,29,18,9512,111,135,0.4599,0.6667,-0.3333,-0.0473,1370,1
1370,A300,80,49,17,5,5842,108,140,0.4846,0.3125,-0.6875,-0.0686,1366,1
1371,A300,80,57,25,8,5917,92,117,0.3431,0.16,-0.84,-0.189,1364,1
1372,A300,80,52,19,7,5111,89,110,0.6162,0.2105,-0.7895,-0.2321,1360,1
1373,A300,80,77,25,16,8170,95,119,0.2979,0.5294,-0.4706,-0.1711,1356,1
1374,A300,80,46,10,8,5003,95,127,0.5081,0.8889,-0.1111,-0.1503,1354,1
1375,A300,80,59,21,8,6318,97,118,0.3603,0.4706,-0.5294,-0.1634,1360,1
1376,A300,100,4307,361,123,361568,64,118,0.6544,0.0522,-0.9478,-0.3442,1360,1
1377,A300,100,11797,705,225,1290423,78,252,0.5302,0.0486,-0.9514,-0.1454,1358,1
1378,A300,100,10166,593,166,1096472,78,141,0.5794,0.0528,-0.9472,-0.1574,1360,1
1379,A300,100,359,79,49,50750,130,158,0.2279,0.4286,-0.5714,0.1044,1360,1
1380,A300,100,6670,501,171,724380,85,134,0.6401,0.0553,-0.9447,-0.1515,1356,1
1381,A300,100,981,187,105,111196,97,134,0.6427,0.1319,-0.8681,-0.1145,1360,1
1382,A300,100,1535,239,120,173468,97,132,0.6348,0.0913,-0.9086,-0.1171,1358,1
1383,A300,100,15775,1275,276,1689009,61,135,0.0872,0.0261,-0.9739,-0.1635,1354,1
1384,A300,100,1851,304,87,201109,91,132,0.6435,0.0408,-0.9592,-0.1512,1352,1
1385,A400,40,343,106,28,39231,105,127,0.6775,0.0842,-0.9158,-0.1064,1358,1
1386,A400,40,194,58,10,22315,105,134,0.4513,0.1053,-0.8947,-0.1014,1356,1
1387,A400,40,527,118,44,62384,110,134,0.5228,0.1038,-0.8962,-0.0752,1358,1
1388,A400,40,368,110,35,43968,111,133,0.6622,0.08,-0.92,-0.0666,1356,1
1389,A400,40,130,44,17,15364,109,127,0.7709,0.15,-0.85,-0.0767,1362,1
1390,A400,40,226,50,18,25843,106,126,0.5809,0.1458,-0.8542,-0.1066,1360,1
1391,A400,40,3256,417,106,345545,89,127,0.3112,0.0396,-0.9604,-0.1709,1356,1
1392,A400,40,202,73,17,24816,116,134,0.4177,0.0685,-0.9315,-0.0402,1360,1
1393,A400,40,122,58,13,14877,116,134,0.4144,0.0862,-0.9138,-0.0473,1356,1
1394,A400,40,119,30,12,14029,110,127,0.559,0.2963,-0.7037,-0.079,1356,1
1395,A400,40,111,45,19,12886,109,126,0.3373,0.1539,-0.8461,-0.0931,1358,1
1396,A400,40,55,10,14,11560,203,220,0.8436,0.5,0.5,0.6421,1387,1
1397,A400,40,1111,62,74,96340,50,108,0.8494,0.4658,0.5343,-0.3225,1627,1
1398,A400,40,665,41,42,63000,35,116,0.6995,0.6429,0.3571,-0.2599,1627,1
1399,A400,40,512,55,49,68556,127,141,0.6552,0.4884,0.5116,0.0461,1627,1
1400,A400,40,2243,241,195,297086,122,142,0.9256,0.6634,0.3366,0.0348,1627,1
1401,A400,40,181,27,20,17363,84,109,0.7814,0.7727,-0.2273,-0.2506,1354,1
1402,A300,80,144,20,16,14169,84,116,0.616,0.8824,-0.1177,-0.2313,1646,1
1403,A400,185,126,12,14,14727,103,127,0.2528,0.8571,0.1429,-0.0869,1353,1
1404,A400,185,197,14,17,22098,89,132,0.3622,0.8235,0.1765,-0.1236,1353,1
1405,A400,40,172,15,16,19997,101,127,0.8796,1.0,0.0,-0.0917,1387,1
1406,A300,80,66,10,10,7181,89,123,0.7848,0.8,0.2,-0.15,1687,1
1407,A300,80,68,13,9,6216,80,103,0.1494,0.8182,-0.1818,-0.2858,1687,1
1408,A300,80,64,12,8,7296,97,132,0.7516,0.8,-0.2,-0.1094,1687,1
1409,A300,70,60,12,11,6735,99,127,0.7232,1.0,0.0,-0.123,1687,1
1410,A300,70,48,8,9,5418,98,132,0.7101,0.8889,0.1111,-0.1182,1687,1
1411,A300,70,31,9,6,3476,99,121,0.9401,0.75,-0.25,-0.124,1687,1
1412,A300,70,69,11,10,7446,87,127,0.7718,0.9,0.1,-0.1569,1687,1
1413,A300,100,87,18,11,9260,81,127,0.6485,1.0,0.0,-0.1685,1687,1
1414,A300,100,70,12,11,7279,82,125,0.7445,0.9091,0.0909,-0.1876,1687,1
1415,A300,100,85,12,13,10892,115,140,0.3545,0.6154,0.3846,0.0011,1687,1
1416,A300,100,54,9,8,6942,116,143,0.1885,0.8889,-0.1111,0.0043,1687,1
1417,A300,100,41,12,7,4162,88,117,0.914,0.5454,-0.4545,-0.2069,1687,1
1418,A300,100,57,11,7,5464,82,108,0.0842,0.6364,-0.3636,-0.2511,1687,1
1419,A300,50,170,21,21,18503,82,127,0.51,0.5238,0.4762,-0.1497,1353,1
1420,A300,50,258,20,26,26729,77,122,0.2439,0.5769,0.4231,-0.1906,1353,1
1421,A400,50,198,21,18,18327,54,118,0.8234,1.0,0.0,-0.2769,1353,1
1422,A300,70,128,18,15,17802,132,150,0.4721,0.8667,0.1333,0.0865,1364,1
1423,A300,70,68,13,10,7457,91,125,0.5337,0.8182,-0.1818,-0.1433,1364,1
1424,A300,70,113,27,18,14982,125,142,0.2614,0.9333,0.0667,0.0358,1362,1
1425,A300,70,212,20,22,21031,77,118,0.8693,0.7273,0.2727,-0.225,1362,1
1426,A300,70,60,9,10,6750,92,134,0.6701,0.8,0.2,-0.1211,1364,1
1427,A300,70,99,18,11,9347,61,119,0.8664,0.9167,-0.0833,-0.2624,1362,1
1428,A300,70,74,15,11,8292,93,132,0.7507,0.9167,-0.0833,-0.1246,1364,1
1429,A300,70,101,27,17,13866,128,149,0.4144,0.9375,0.0625,0.0726,1366,1
1430,A300,70,216,27,30,22418,93,119,0.9897,0.4333,0.5667,-0.1892,1364,1
1431,A300,70,57,11,9,6135,89,127,0.4956,0.9,-0.1,-0.1591,1364,1
1432,A300,70,86,15,11,9203,91,124,0.7861,0.9167,-0.0833,-0.164,1356,1
1433,A300,69,210,18,17,20438,48,126,0.7939,1.0,0.0,-0.2397,1650,1
1434,A300,69,110,14,12,11674,73,133,0.5886,1.0,0.0,-0.1709,1648,1
1435,A300,150,66,12,8,7164,87,135,0.6166,0.8,-0.2,-0.152,1690,1
1436,A300,150,33,8,7,3806,102,134,0.3886,1.0,0.0,-0.099,1688,1
1437,A300,150,92,16,12,9704,71,132,0.4088,0.8333,0.1667,-0.176,1688,1
1438,A300,150,111,24,17,14697,118,143,0.7621,0.9286,-0.0714,0.0344,1690,1
1439,A300,150,140,21,14,13836,58,135,0.6627,0.9333,-0.0667,-0.2279,1690,1
1440,A300,100,74,13,11,7842,78,132,0.6937,0.8182,0.1818,-0.1721,1652,1
1441,A300,100,476,38,25,45968,40,141,0.6014,1.0,0.0,-0.2455,1666,1
1442,A300,100,59,11,10,6936,102,135,0.6304,0.8,0.2,-0.0816,1656,1
1443,A300,100,124,12,14,13351,85,125,0.3623,0.9231,0.0769,-0.1588,1656,1
1444,A300,100,119,16,13,13108,81,132,0.5235,0.9231,0.0769,-0.1394,1658,1
1445,A300,80,1222,77,54,112240,36,116,0.9383,0.8571,0.1429,-0.2824,1654,1
1446,A300,80,64,12,8,7197,91,134,0.7729,0.8,-0.2,-0.1215,1656,1
1447,A300,80,100,13,12,9458,77,110,0.1247,0.9167,0.0833,-0.2611,1652,1
1448,A300,80,155,19,14,14729,71,114,0.1596,0.8235,-0.1765,-0.2576,1654,1
1449,A300,80,1284,68,61,116623,42,117,0.1007,0.6333,0.3667,-0.2904,1648,1
1450,A300,100,82,13,11,8745,77,133,0.625,1.0,0.0,-0.1668,1696,1
1451,A300,100,69,12,9,8210,99,143,0.2026,0.8182,-0.1818,-0.0704,1688,1
1452,A300,70,68,10,11,8586,101,142,0.178,0.7273,0.2727,-0.0136,1618,1
1453,A400,40,191,17,18,22601,101,135,0.6194,0.7778,0.2222,-0.0755,1666,1
1454,A400,40,456,32,31,49848,92,124,0.1715,0.6452,0.3548,-0.146,1668,1
1455,A400,40,114,14,15,12808,102,124,0.3529,0.6667,0.3333,-0.1223,1666,1
1456,A400,175,55,10,9,6216,100,132,0.8297,0.8889,0.1111,-0.117,1362,1
1457,A400,120,85,14,11,10211,111,134,0.3352,1.0,0.0,-0.0615,1396,1
1458,A400,40,54,12,9,6100,101,126,0.8809,1.0,0.0,-0.1175,1360,1
1459,A400,40,118,16,13,14120,103,253,0.3358,0.9231,0.0769,-0.0652,1358,1
1460,A400,70,54,10,10,6091,104,124,0.26,0.9,0.1,-0.1188,1692,1
1461,A400,40,98,14,12,9016,82,102,0.7434,0.75,0.25,-0.2813,1356,1
1462,A400,40,183,19,21,19652,91,126,0.187,0.5714,0.4286,-0.161,1358,1
1463,A400,40,576,34,34,61342,84,133,0.8194,0.6471,0.3529,-0.168,1362,1
1464,A400,40,451,33,27,42862,25,132,0.2393,0.9615,0.0385,-0.2575,1354,1
1465,A300,80,194,17,17,21009,77,134,0.758,0.9412,0.0588,-0.154,1694,1
1466,A400,60,73,11,10,6734,70,109,0.6623,1.0,0.0,-0.2793,1694,1
1467,A400,60,86,15,10,7987,73,109,0.3294,0.9091,-0.0909,-0.2744,1694,1
1468,A400,60,137,15,15,16692,109,134,0.5627,1.0,0.0,-0.0481,1692,1
1469,A400,60,71,14,8,7768,96,126,0.8799,0.7273,-0.2727,-0.1452,1698,1
1470,A400,60,33,9,6,3751,105,126,0.9411,0.8571,-0.1429,-0.112,1698,1
1471,A400,60,75,11,12,8268,91,125,0.5719,0.6667,0.3333,-0.1388,1696,1
1472,A400,60,59,12,8,6638,95,127,0.73,0.8889,-0.1111,-0.121,1696,1
1473,A300,80,638,44,36,56456,53,126,0.5352,0.9688,0.0313,-0.3087,1364,1
1474,A400,40,106,12,16,12311,107,125,0.3564,0.625,0.375,-0.0926,1358,1
1475,A400,40,143,20,14,16288,96,127,0.3304,1.0,0.0,-0.1101,1362,1
1476,A400,40,178,19,16,20778,105,132,0.3206,0.8824,-0.1177,-0.088,1360,1
1477,A400,40,190,18,20,22158,102,132,0.7882,0.7,0.3,-0.0889,1360,1
1478,A400,40,305,33,27,34579,80,127,0.2912,0.7037,-0.2963,-0.1143,1360,1
1479,A300,200,125,17,13,14167,83,141,0.5678,0.8571,-0.1429,-0.1146,1356,1
1480,A400,300,479,61,67,43294,82,102,0.1549,0.3846,0.6154,-0.2939,1692,1
1481,A400,300,1695,145,133,159918,80,108,0.3002,0.4787,0.5213,-0.2629,1692,1
1482,A400,300,326,35,49,31251,87,109,0.1324,0.2708,0.7292,-0.2511,1692,1
1483,A400,300,204,28,37,16370,71,93,0.3061,0.2973,0.7027,-0.3731,1692,1
1484,A400,300,714,79,78,65282,80,103,0.2801,0.3623,0.6377,-0.2857,1692,1
1485,A400,300,297,48,42,28658,89,108,0.2778,0.4,0.6,-0.2462,1692,1
1486,A400,300,301,42,35,29002,89,103,0.2801,0.4286,0.5714,-0.2473,1692,1
1487,A400,300,218,36,32,23865,93,124,0.1265,0.5926,0.4074,-0.1447,1692,1
1488,A400,300,744,72,65,73055,77,111,0.292,0.4386,0.5614,-0.2329,1692,1
1489,A400,300,174,30,27,20469,106,127,0.1336,0.8,0.2,-0.0809,1692,1
1490,A400,300,168,36,29,18671,99,124,0.1182,0.5385,0.4615,-0.1317,1692,1
1491,A400,300,703,123,87,71130,63,111,0.2825,0.4754,0.5246,-0.2095,1692,1
1492,A400,300,460,49,44,46972,86,111,0.2884,0.3954,0.6047,-0.2022,1692,1
1493,A400,300,509,68,57,53843,49,124,0.1088,0.4038,0.5961,-0.1736,1692,1
1494,A400,300,192,44,28,24070,112,140,0.1277,0.5926,0.4074,-0.0206,1692,1
1495,A400,300,305,37,46,14320,7,86,0.2872,0.2391,0.7609,-0.6332,1692,1
1496,A400,300,323,51,53,33607,88,119,0.1064,0.3061,0.6939,-0.1871,1692,1
1497,A400,300,123,19,17,10646,77,103,0.1111,0.7059,0.2941,-0.3238,1692,1
1498,A400,300,200,30,25,18651,66,108,0.2991,0.48,0.52,-0.2715,1692,1
1499,A400,300,833,91,80,86329,85,117,0.3026,0.3429,0.6571,-0.1903,1692,1
1500,A400,300,196,29,27,19434,90,110,0.2991,0.72,0.28,-0.2254,1692,1
1501,A400,300,430,73,59,49094,93,127,0.2967,0.5854,0.4146,-0.108,1692,1
1502,A400,300,549,54,58,60860,94,124,0.2908,0.2807,0.7193,-0.1339,1692,1
1503,A400,300,1570,176,128,128770,29,111,0.0969,0.4419,0.5581,-0.3592,1692,1
1504,A400,300,2293,107,140,217759,82,116,0.3917,0.2286,0.7714,-0.2581,1353,1
1505,A400,300,4860,406,366,552220,96,133,0.4346,0.1437,0.8562,-0.1123,1353,1
1506,A400,300,6102,251,303,655912,87,133,0.4804,0.2083,0.7917,-0.1602,1353,1
1507,A400,120,122,30,28,13961,107,127,0.264,0.5652,0.4348,-0.106,1394,1
1508,A400,120,279,58,51,35410,118,141,0.2178,0.3333,0.6667,-0.0085,1396,1
1509,A400,120,461,64,60,54676,112,132,0.212,0.4706,0.5294,-0.0734,1396,1
1510,A400,70,87,33,19,10070,108,127,0.1053,0.75,0.25,-0.0957,1690,1
1511,A400,70,99,35,20,10357,97,116,0.1194,0.8889,-0.1111,-0.1827,1692,1
1512,A400,70,1421,239,204,162939,104,127,0.0827,0.1588,0.8412,-0.1042,1692,1
1513,A400,70,87,20,15,9275,99,124,0.1183,0.6667,0.3333,-0.1671,1690,1
1514,A400,70,137,32,25,15359,103,126,0.0768,0.6087,0.3913,-0.1241,1692,1
1515,A400,40,171,28,28,17727,95,117,0.1703,0.3214,0.6786,-0.1901,1362,1
1516,A400,40,229,25,23,25182,101,127,0.0323,0.7143,0.2857,-0.1409,1362,1
1517,A400,40,2962,231,284,342202,101,127,0.0896,0.1079,0.8921,-0.0974,1362,1
1518,A300,80,318,12,62,21582,19,99,0.0012,0.1129,0.8871,-0.4698,1687,1
1519,A400,50,353,13,38,27389,45,108,0.013,0.3514,0.6486,-0.3938,1387,1
1520,A400,50,115,9,19,9441,44,109,0.0188,0.4737,0.5263,-0.3586,1387,1
1521,A400,50,101,7,29,7514,44,95,0.013,0.2069,0.7931,-0.4188,1387,1
1522,A400,70,1934,82,246,178741,11,127,0.0,0.0537,0.9463,-0.278,1353,1
1523,A400,70,148,8,58,14298,61,121,0.0,0.0862,0.9138,-0.2453,1353,1
1524,A400,70,260,23,56,27344,46,127,0.0,0.25,0.75,-0.1784,1353,1
1525,A400,70,3325,117,257,326345,0,134,0.0,0.1435,0.8565,-0.2332,1353,1
1526,A400,70,309,13,59,27035,36,117,0.0,0.2034,0.7966,-0.3165,1353,1
1527,A400,70,247,46,61,31824,121,141,0.0,0.425,0.575,0.0066,1353,1
1528,A400,50,102,9,15,8359,70,95,0.0023,0.5333,0.4667,-0.3598,1715,1
1529,A400,70,297,59,43,34779,110,127,0.0754,0.3611,0.6389,-0.0852,1353,1
1530,A400,50,5323,245,395,460547,19,120,0.0035,0.16,0.84,-0.3241,1715,1
1531,A300,60,52,13,13,5448,87,126,0.0462,0.5385,0.4615,-0.1815,1688,1
1532,A300,60,200,23,24,18075,77,110,0.0024,0.5417,0.4583,-0.2939,1686,1
1533,A300,70,468,70,54,41524,80,101,0.0366,0.3469,0.6531,-0.3068,1692,1
1534,A300,70,652,49,48,56018,73,108,0.0261,0.5435,0.4565,-0.3288,1688,1
1535,A300,70,93,13,14,5606,42,84,0.0071,0.6429,0.3571,-0.5291,1692,1
1536,A300,70,6965,271,317,650853,68,124,0.2835,0.3284,0.6716,-0.27,1686,1
1537,A300,69,244,39,25,30769,113,140,0.2324,0.8846,-0.1154,-0.0148,1652,1
1538,A300,69,51,21,9,5843,102,127,0.109,0.2632,-0.7368,-0.1049,1652,1
1539,A300,143,80,24,12,9778,103,143,0.9846,0.3043,-0.6956,-0.0451,1692,1
1540,A400,180,121,18,17,15526,119,141,0.7456,0.9286,-0.0714,0.0025,1360,1
1541,A400,40,99,30,18,13131,125,143,0.8331,0.3333,-0.6667,0.0362,1378,1
1542,A400,40,252,21,23,27453,87,127,0.0508,0.7391,0.2609,-0.1489,1378,1
1543,A400,40,55,22,11,7553,132,143,0.4949,0.2632,-0.7368,0.0729,1374,1
1544,A400,40,3432,258,330,389429,92,143,0.2094,0.3667,0.6333,-0.1135,1366,1
1545,A400,40,271,56,26,32459,112,134,0.1504,0.4359,-0.5641,-0.0643,1370,1
1546,A400,40,89,14,13,11759,125,143,0.5927,0.8461,0.1539,0.0322,1370,1
1547,A400,40,131,16,15,13742,95,118,0.0609,1.0,0.0,-0.1805,1346,1
1548,A400,40,138,25,25,7331,21,79,0.0593,0.5652,0.4348,-0.585,1348,1
1549,A400,40,68,13,13,7873,102,134,0.1876,0.6923,0.3077,-0.0955,1354,1
1550,A400,40,90,13,16,11422,114,141,0.2171,0.5,0.5,-0.0085,1354,1
1551,A400,40,72,36,12,9217,120,140,0.3269,0.375,-0.625,0.0001,1352,1
1552,A400,40,57,12,12,6994,114,140,0.1391,0.5833,0.4167,-0.0414,1352,1
1553,A400,40,63,10,11,7769,111,140,0.0341,0.8182,0.1818,-0.0366,1350,1
1554,A400,40,105,14,36,12615,111,135,0.0325,0.1389,0.8611,-0.0614,1354,1
1555,A400,40,86,13,26,10024,108,126,0.0355,0.1923,0.8077,-0.0894,1352,1
1556,A400,40,74,12,33,8995,112,132,0.0296,0.0909,0.9091,-0.0504,1352,1
1557,A400,40,82,44,4,10361,58,188,0.5546,0.0454,-0.9546,-0.0129,1374,1
1558,A400,40,75,30,7,9556,104,149,0.1439,0.1333,-0.8667,-0.0046,1376,1
1559,A300,100,82,23,6,10827,123,141,0.2638,0.2174,-0.7826,0.0315,1630,1
1560,A300,100,126,32,24,16734,125,143,0.3436,0.5454,0.4545,0.0376,1630,1
1561,A300,100,18,4,5,2034,102,124,0.7167,0.8,0.2,-0.1172,1694,1
1562,A400,180,35,13,6,4606,125,143,0.091,0.3846,-0.6154,0.0281,1362,1
1563,A400,50,129,50,25,16937,123,141,0.2289,0.3438,-0.6563,0.0257,1354,1
1564,A300,50,90,28,20,9057,91,111,0.8588,0.6667,-0.3333,-0.2138,1353,1
1565,A300,80,824,100,61,93355,100,134,0.6517,0.7778,-0.2222,-0.1149,1694,1
1566,A300,80,1939,192,116,239860,109,247,0.6217,0.4333,-0.5667,-0.0336,1692,1
1567,A300,150,392,19,39,40498,77,127,0.8882,0.3846,0.6154,-0.1929,1360,1
1568,A300,150,836,38,101,86830,80,129,0.1941,0.16,0.84,-0.1886,1360,1
1569,A300,80,159,25,29,18514,105,128,0.4564,0.56,0.44,-0.0903,1687,1
1570,A300,80,113,12,12,11369,86,115,0.2537,1.0,0.0,-0.214,1687,1
1571,A300,80,114,10,15,11618,77,122,0.7777,0.6667,0.3333,-0.2038,1687,1
1572,A300,80,116,10,15,11910,75,123,0.6011,0.6667,0.3333,-0.1979,1687,1
1573,A300,80,169,9,24,18067,87,127,0.6283,0.3333,0.6667,-0.1648,1687,1
1574,A300,80,3583,130,314,349860,65,122,0.6568,0.0675,0.9325,-0.2371,1687,1
1575,A300,80,1613,104,172,144769,72,104,0.0,0.125,0.875,-0.2988,1687,1
1576,A300,80,745,42,125,55239,56,94,0.0,0.0968,0.9032,-0.4207,1687,1
1577,A300,80,1949,68,162,144252,56,99,0.0,0.1429,0.8571,-0.4218,1687,1
1578,A300,80,806,61,140,87496,83,132,0.7694,0.0876,0.9124,-0.1519,1687,1
1579,A300,80,709,39,108,68984,81,110,0.0,0.0833,0.9167,-0.2399,1687,1
1580,A300,80,949,43,118,76361,59,106,0.0,0.1197,0.8803,-0.3714,1687,1
1581,A300,80,1183,80,162,91488,57,101,0.0,0.0897,0.9103,-0.3958,1687,1
1582,A300,80,996,45,120,78978,59,106,0.0,0.1177,0.8824,-0.3805,1687,1
1583,A300,80,754,55,106,61497,63,106,0.0,0.1359,0.8641,-0.3628,1687,1
1584,A300,80,862,37,113,69375,63,101,0.0,0.125,0.875,-0.3712,1687,1
1585,A300,80,61,16,13,7145,105,127,0.4576,0.6667,-0.3333,-0.0849,1687,1
1586,A300,80,169,34,43,17673,85,120,0.0948,0.225,0.775,-0.183,1687,1
1587,A300,100,54,22,22,6470,110,129,0.2672,0.9231,-0.0769,-0.064,1467,1
1588,A300,100,333,28,27,35740,91,123,0.8651,0.9565,-0.0435,-0.1615,1623,1
1589,A400,150,369,18,34,41469,52,148,0.5169,0.5,0.5,-0.122,1687,1
1590,A400,200,360,52,48,45627,113,141,0.971,0.8,0.2,-0.0098,1687,1
1591,A400,200,185,15,31,20399,97,124,0.4967,0.2581,0.7419,-0.1386,1687,1
1592,A400,40,226,12,27,24102,84,133,0.9337,0.4074,0.5926,-0.1668,1373,1
1593,A400,40,37334,908,903,3918209,19,134,0.0216,0.3252,0.6748,-0.1801,1387,1
1594,A400,70,230,41,42,20570,82,101,0.0931,0.75,0.25,-0.3013,1353,1
1595,A400,70,1467,37,68,146487,83,124,0.2143,0.5714,0.4286,-0.2199,1353,1
1596,A400,70,1283,109,118,160146,110,136,0.2587,0.2653,0.7347,-0.0248,1353,1
1597,A400,70,107,13,26,10888,96,111,0.071,0.24,0.76,-0.205,1353,1
1598,A400,70,788,67,137,65200,61,96,0.0133,0.0992,0.9008,-0.3536,1353,1
1599,A400,70,419,40,60,44609,97,119,0.405,0.2632,0.7368,-0.1682,1353,1
1600,A400,70,184,21,24,16987,85,103,0.1227,0.5454,0.4545,-0.2787,1353,1
1601,A400,70,260,34,42,27974,96,119,0.2675,0.4857,0.5143,-0.1594,1353,1
1602,A300,100,747,62,72,76627,85,127,0.2344,0.2676,0.7324,-0.1986,1280,1
1603,A400,300,1002,97,64,99456,87,116,0.0894,0.5538,-0.4462,-0.2245,1633,1
1604,A400,250,138,17,25,16548,101,133,0.2241,0.4,0.6,-0.0632,1633,1
1605,A400,40,191,17,16,20590,67,133,0.3995,0.9375,0.0625,-0.1578,1627,1
1606,A300,80,1055,69,56,110262,72,125,0.6319,0.6727,0.3273,-0.1835,1687,1
1607,A300,60,64,14,15,6761,91,116,0.3621,0.5333,0.4667,-0.1747,1690,1
1608,A300,70,109,18,11,11746,100,119,0.104,0.6111,-0.3889,-0.1581,1692,1
1609,A300,70,63,10,10,6207,78,114,0.9905,0.9,0.1,-0.2303,1690,1
1610,A300,70,147,22,20,15513,91,127,0.4107,0.5,0.5,-0.1755,1690,1
1611,A300,70,77,11,15,8602,98,125,0.6785,0.5333,0.4667,-0.1272,1692,1
1612,A300,70,137,21,19,15397,95,131,0.9314,0.5789,0.4211,-0.122,1690,1
1613,A300,70,101,15,12,10160,66,133,0.8357,0.9167,0.0833,-0.2141,1692,1
1614,A300,70,2782,179,42,334869,66,159,0.1102,0.16,-0.84,-0.0596,1688,1
1615,A300,70,293,50,29,41492,133,151,0.6613,0.7241,-0.2759,0.1063,1364,1
1616,A300,70,78,20,13,10621,129,148,0.783,0.8461,0.1539,0.0638,1364,1
1617,A300,70,74,26,10,10476,129,151,0.7551,0.2727,-0.7273,0.106,1364,1
1618,A300,70,6019,211,119,541426,16,125,0.5191,0.8319,-0.1681,-0.2972,1364,1
1619,A300,70,83,14,10,9452,101,127,0.0521,0.75,-0.25,-0.1103,1650,1
1620,A300,70,72,13,10,8537,97,133,0.9236,0.9091,-0.0909,-0.0737,1650,1
1621,A300,70,73,14,12,7241,86,118,0.5738,1.0,0.0,-0.2251,1652,1
1622,A300,70,278,32,33,23817,68,103,0.6505,0.4839,0.5161,-0.3307,1654,1
1623,A300,70,80,25,11,8595,97,117,0.0787,0.2083,-0.7917,-0.1606,1652,1
1624,A300,70,83,15,14,9956,101,134,0.3632,0.8571,0.1429,-0.0629,1652,1
1625,A300,70,409,65,53,47513,103,132,0.1233,0.3617,0.6383,-0.0924,1654,1
1626,A300,70,102,15,13,10855,95,118,0.1673,1.0,0.0,-0.1686,1650,1
1627,A300,70,55,10,9,6243,96,127,0.7127,0.8889,0.1111,-0.1132,1650,1
1628,A300,70,155,28,17,17114,92,129,0.5685,0.7391,-0.2609,-0.1374,1650,1
1629,A300,70,57,11,10,6396,97,126,0.4146,0.8,0.2,-0.1234,1650,1
1630,A300,100,74,12,13,6557,76,102,0.9952,0.5385,0.4615,-0.3077,1652,1
1631,A300,100,145,16,21,13334,67,118,0.3915,0.4762,0.5238,-0.2816,1650,1
1632,A300,100,82,14,11,8485,90,116,0.7418,0.9091,0.0909,-0.1916,1712,1
1633,A300,100,53,20,12,6554,113,141,0.3614,0.4667,-0.5333,-0.0339,1710,1
1634,A300,120,71,21,15,9944,131,151,0.2786,0.9231,0.0769,0.0942,1364,1
1635,A300,80,78,13,12,8448,89,129,0.8136,0.75,0.25,-0.1539,1652,1
1636,A300,80,89,12,11,8193,78,103,0.0896,0.9091,0.0909,-0.2808,1652,1
1637,A300,80,149,16,16,16217,95,125,0.9203,0.75,0.25,-0.1497,1656,1
1638,A300,80,784,66,54,82565,67,133,0.0255,1.0,0.0,-0.1772,1648,1
1639,A300,70,52,8,7,6293,104,142,0.5543,0.875,-0.125,-0.0545,1620,1
1640,A300,70,88,17,11,10515,111,132,0.3913,0.625,-0.375,-0.0665,1692,1
1641,A400,40,150,17,24,17768,105,132,0.6794,0.4167,0.5833,-0.0746,1360,1
1642,A400,40,110,13,12,12304,100,124,0.8235,1.0,0.0,-0.1261,1360,1
1643,A400,40,42,10,12,4998,112,125,0.6941,0.5454,0.4545,-0.0703,1360,1
1644,A400,40,66,8,10,7605,97,134,0.7338,0.8,0.2,-0.0998,1360,1
1645,A400,40,49,9,13,5907,115,132,0.7265,0.5,0.5,-0.0582,1360,1
1646,A400,40,289,35,40,30229,75,124,0.9243,0.3,0.7,-0.1828,1374,1
1647,A400,40,657,53,62,73236,71,132,0.7467,0.3387,0.6613,-0.1291,1374,1
1648,A400,130,45,8,10,4552,93,118,0.5243,0.7,0.3,-0.2097,1358,1
1649,A400,130,25,7,7,2576,99,110,0.6162,0.7143,0.2857,-0.195,1360,1
1650,A400,130,81,11,15,9462,107,125,0.6,0.5333,0.4667,-0.0874,1360,1
1651,A400,130,68,11,13,7451,97,124,0.4838,0.5385,0.4615,-0.144,1360,1
1652,A400,130,366,34,29,37407,80,132,0.6662,0.6207,0.3793,-0.2015,1360,1
1653,A400,40,193,19,21,19028,66,125,0.1838,0.5714,0.4286,-0.2298,1360,1
1654,A400,40,415,29,37,45783,82,127,0.6441,0.4857,0.5143,-0.1381,1360,1
1655,A400,185,54,12,10,6634,114,133,0.4129,1.0,0.0,-0.0402,1366,1
1656,A400,175,73,15,20,8836,110,134,0.41,0.25,0.75,-0.0544,1356,1
1657,A400,70,224,34,30,26255,108,127,0.3503,0.4828,0.5172,-0.0843,1690,1
1658,A400,70,345,86,56,45673,123,143,0.8855,0.5185,-0.4815,0.0343,1694,1
1659,A400,70,263,31,31,28320,86,126,0.9266,0.4516,0.5484,-0.1587,1690,1
1660,A400,70,68,12,15,7836,107,127,0.9279,0.5333,0.4667,-0.0997,1692,1
1661,A400,40,121,17,12,11890,67,125,0.0133,0.8571,-0.1429,-0.2323,1356,1
1662,A300,80,103,14,11,11535,85,133,0.4014,0.9167,-0.0833,-0.1251,1694,1
1663,A400,40,139,14,25,16593,108,133,0.6637,0.28,0.72,-0.0674,1356,1
1664,A300,200,139,13,26,10685,61,94,0.9295,0.3077,0.6923,-0.3995,1362,1
1665,A300,200,161,17,17,11803,41,95,0.1085,0.7647,0.2353,-0.4273,1364,1
1666,A300,200,168,19,11,15757,61,124,0.4823,0.5789,-0.4211,-0.2673,1360,1
1667,A300,200,980,80,46,92750,24,133,0.3687,0.4444,-0.5556,-0.2606,1356,1
1668,A300,200,150,19,20,15635,81,126,0.8687,0.6,0.4,-0.1857,1356,1
1669,A300,200,19818,905,583,1966409,46,135,0.5184,0.7382,0.2618,-0.2248,1358,1
1670,A300,200,249,32,31,17250,49,87,0.9292,0.6333,0.3667,-0.4588,1356,1
1671,A300,200,206,41,21,25181,104,143,0.5919,0.5172,-0.4828,-0.045,1632,1
1672,A300,200,282,38,27,30746,77,126,0.9277,0.9565,0.0435,-0.1482,1356,1
1673,A300,200,206,27,28,22484,95,127,0.3928,0.7143,0.2857,-0.1473,1614,1
1674,A400,70,250,16,65,28818,106,125,0.7406,0.0769,0.9231,-0.0994,1353,1
1675,A400,40,170,28,33,16182,84,109,0.0345,0.2727,0.7273,-0.2563,1333,1
1676,A300,100,71,13,11,7264,84,118,0.5089,0.8461,-0.1539,-0.2007,1623,1
1677,A300,69,1241,183,102,22191,0,37,0.5867,0.7606,-0.2394,-0.8603,1650,1
1678,A300,69,60,26,4,7043,111,127,0.2817,0.1539,-0.8461,-0.0829,1654,1
1679,A300,69,65,15,11,7193,102,124,0.1201,0.9091,-0.0909,-0.1355,1648,1
1680,A400,70,265,74,46,32153,114,134,0.6324,0.3256,-0.6744,-0.0521,1692,1
1681,A300,100,1970,210,181,29002,0,39,0.0906,0.255,0.745,-0.885,1346,1
1682,A400,40,235,43,45,27135,106,127,0.4126,0.3659,0.6342,-0.0979,1362,1
1683,A400,40,91,16,16,9860,103,118,0.2243,0.6667,0.3333,-0.1535,1364,1
1684,A400,200,3042,198,284,262543,70,103,0.0485,0.2218,0.7782,-0.3257,1360,1
1685,A400,200,2691,204,209,275133,89,124,0.0826,0.2048,0.7952,-0.2012,1356,1
1686,A400,200,1126,88,115,118631,93,119,0.075,0.25,0.75,-0.1769,1360,1
1687,A400,200,51,15,13,6335,117,134,0.0736,0.7273,-0.2727,-0.0296,1358,1
1688,A400,200,69,19,13,8813,118,141,0.1075,0.6429,-0.3571,-0.0022,1358,1
1689,A400,200,2822,102,127,275539,79,124,0.0721,0.2619,0.7381,-0.2372,1360,1
1690,A400,200,62,24,14,7716,117,134,0.0662,0.4706,-0.5294,-0.0277,1360,1
1691,A400,200,8035,189,214,782154,80,134,0.1441,0.3483,0.6517,-0.2395,1360,1
1692,A400,200,64,21,9,6613,94,119,0.1294,0.3333,-0.6667,-0.1928,1360,1
1693,A400,200,1760,174,180,178588,87,124,0.0559,0.1477,0.8523,-0.2073,1360,1
1694,A400,200,1170,99,174,67967,29,93,0.0279,0.0532,0.9467,-0.5462,1362,1
1695,A400,200,6156,233,211,543449,69,109,0.1057,0.4867,0.5133,-0.3103,1362,1
1696,A400,200,104,29,18,11981,108,125,0.3025,0.9333,0.0667,-0.1,1362,1
1697,A400,200,414,57,78,36600,78,101,0.4368,0.1539,0.8461,-0.3093,1360,1
1698,A400,220,160,22,29,12173,70,86,0.7446,0.3333,0.6667,-0.4056,1394,1
1699,A400,220,938,102,112,80754,75,95,0.4095,0.2933,0.7067,-0.3274,1392,1
1700,A400,220,407,42,63,38223,84,108,0.7331,0.1936,0.8065,-0.2663,1394,1
1701,A400,220,500,83,76,49038,86,110,0.7831,0.1972,0.8028,-0.2338,1392,1
1702,A400,220,188,43,36,17560,86,101,0.2917,0.6539,0.3462,-0.2703,1392,1
1703,A400,220,532,75,73,54451,94,111,0.1638,0.3226,0.6774,-0.2004,1392,1
1704,A400,220,952,79,90,83708,77,103,0.2984,0.2299,0.7701,-0.3131,1394,1
1705,A400,220,1499,168,174,156200,90,119,0.1825,0.1274,0.8726,-0.1859,1392,1
1706,A400,220,1006,120,96,116653,104,127,0.7471,0.321,0.679,-0.0941,1392,1
1707,A400,220,1275,96,112,125462,84,117,0.6327,0.1963,0.8037,-0.2312,1394,1
1708,A400,220,1994,214,220,236010,104,135,0.208,0.1275,0.8726,-0.0753,1394,1
1709,A400,220,3297,367,270,414252,113,143,0.1621,0.227,0.773,-0.0184,1394,1
1710,A400,220,2281,365,268,287273,113,143,0.1621,0.2273,0.7727,-0.0161,1394,1
1711,A400,220,1058,142,151,132331,112,143,0.7736,0.1729,0.8271,-0.0228,1396,1
1712,A400,70,103,28,13,10477,95,111,0.3669,0.4737,-0.5263,-0.2053,1690,1
1713,A400,70,160,40,18,20199,117,140,0.458,0.2778,-0.7222,-0.0137,1690,1
1714,A400,140,182,22,18,14763,72,93,0.9411,0.9444,0.0556,-0.3663,1630,1
1715,A400,40,347,43,51,37960,95,127,0.069,0.2553,0.7447,-0.1453,1362,1
1716,A400,40,110,21,16,20245,178,197,0.7094,1.0,0.0,0.4379,1387,1
1717,A400,40,145,61,35,19450,128,143,0.7772,0.8182,-0.1818,0.0479,1387,1
1718,A400,40,146,38,22,19116,124,140,0.2278,0.8947,-0.1053,0.0229,1387,1
1719,A400,40,140,18,20,16070,103,126,0.013,0.8125,-0.1875,-0.1032,1387,1
1720,A400,40,205,14,34,21556,92,119,0.013,0.3448,0.6552,-0.1785,1387,1
1721,A400,40,226,23,27,23587,86,119,0.013,0.95,-0.05,-0.1846,1387,1
1722,A400,40,113,13,20,11635,94,116,0.0115,0.45,0.55,-0.1956,1387,1
1723,A400,40,151,21,18,16849,104,119,0.0216,1.0,0.0,-0.1283,1387,1
1724,A400,40,132,18,20,14926,105,124,0.0216,0.8947,0.1053,-0.1166,1387,1
1725,A400,40,230,17,24,26034,93,127,0.0188,0.625,0.375,-0.1157,1387,1
1726,A400,40,110,9,21,11570,93,118,0.0072,0.381,0.6191,-0.1783,1387,1
1727,A400,40,158,18,22,17923,106,125,0.0291,0.5,0.5,-0.1138,1373,1
1728,A400,40,166,17,22,18656,104,119,0.0218,0.6364,0.3636,-0.122,1373,1
1729,A400,40,133,18,14,14132,77,119,0.0072,0.7647,-0.2353,-0.1699,1387,1
1730,A400,40,128,17,21,14278,104,119,0.0218,0.7368,0.2632,-0.1285,1373,1
1731,A400,40,217,18,23,22124,53,125,0.0073,0.8,0.2,-0.2035,1373,1
1732,A400,40,127,15,19,14830,111,127,0.0189,0.6667,0.3333,-0.0877,1373,1
1733,A400,40,117,11,15,12317,86,124,0.0131,0.6667,0.3333,-0.1776,1373,1
1734,A400,40,114,16,15,13193,110,125,0.0277,0.9286,-0.0714,-0.0959,1373,1
1735,A400,40,140,13,23,14835,82,124,0.0131,0.5238,0.4762,-0.1722,1373,1
1736,A400,40,141,12,19,15646,105,124,0.0146,0.6667,0.3333,-0.1331,1373,1
1737,A400,40,130,13,17,12480,61,119,0.0073,0.75,0.25,-0.25,1373,1
1738,A400,40,128,12,42,11931,75,118,0.0131,0.1191,0.8809,-0.2718,1373,1
1739,A300,69,65,28,8,8344,118,143,0.9685,0.1852,-0.8148,0.0029,1648,1
1740,A300,100,106,19,15,8602,63,95,0.0931,0.7333,0.2667,-0.366,1654,1
1741,A400,40,243,43,34,27326,104,126,0.6005,0.8148,0.1852,-0.1215,1602,1
1742,A400,40,294,69,41,35659,116,128,0.4657,0.9546,-0.0454,-0.0524,1602,1
1743,A400,40,373,61,42,42582,107,127,0.6733,0.8214,0.1786,-0.1081,1604,1
1744,A400,40,203,40,31,26321,121,141,0.405,0.72,-0.28,0.013,1600,1
1745,A400,40,152,36,23,19464,121,140,0.4275,0.6956,-0.3043,0.0004,1600,1
1746,A300,300,359,71,43,31349,73,116,0.7,0.54,-0.46,-0.3178,1360,1
1747,A300,300,54,12,11,4761,79,102,0.6451,0.9,0.1,-0.3112,1358,1
1748,A300,100,162,37,34,18471,104,127,0.5373,0.5,-0.5,-0.1092,1623,1
1749,A400,40,2059,134,200,374117,169,199,0.4686,0.2,0.8,0.4195,1387,1
1750,A400,40,1981,219,206,230693,104,127,0.8724,0.9632,0.0368,-0.0902,1387,1
1751,A300,70,67,15,16,7882,107,127,0.1536,0.8333,-0.1667,-0.0809,1354,1
1752,A300,70,838,67,80,85442,90,119,0.0795,0.2763,0.7237,-0.2034,1358,1
1753,A300,70,59,11,9,5637,86,103,0.2227,0.9,-0.1,-0.2536,1356,1
1754,A300,70,624,72,67,61079,85,118,0.1047,0.3636,0.6364,-0.2353,1356,1
1755,A300,70,80,23,13,10030,113,140,0.1738,0.7059,-0.2941,-0.0205,1358,1
1756,A300,70,55,13,12,6782,114,135,0.1226,0.8182,0.1818,-0.0366,1354,1
1757,A300,70,62,13,14,6764,97,126,0.109,0.4286,0.5714,-0.1477,1358,1
1758,A300,70,70,19,14,8127,104,127,0.1431,0.9091,0.0909,-0.093,1356,1
1759,A300,70,77,25,10,6702,76,101,0.1359,0.3043,-0.6956,-0.32,1354,1
1760,A300,70,543,81,46,58157,93,119,0.6785,0.4426,-0.5574,-0.1633,1350,1
1761,A300,70,86,17,19,9690,102,123,0.117,0.3684,0.6316,-0.1197,1350,1
1762,A300,70,529,47,32,58088,91,133,0.7991,0.9063,-0.0938,-0.1421,1354,1
1763,A400,130,463,69,54,60518,118,141,0.1147,0.32,0.68,0.0212,1360,1
1764,A400,175,563,109,59,66987,107,135,0.1399,0.3514,-0.6486,-0.0705,1358,1
1765,A400,175,289,64,37,34165,109,133,0.19,0.6364,-0.3636,-0.0764,1358,1
1766,A400,175,366,59,42,42778,107,134,0.19,0.5227,-0.4773,-0.0869,1358,1
1767,A400,175,206,34,18,23642,101,127,0.2106,0.6522,-0.3478,-0.1034,1358,1
1768,A400,50,269,49,33,31538,109,127,0.6305,0.7941,-0.2059,-0.084,1364,1
1769,A400,50,236,52,32,28625,112,133,0.6994,0.8696,0.1304,-0.0524,1364,1
1770,A400,50,238,56,31,30361,118,140,0.6906,0.5172,-0.4828,-0.0034,1364,1
1771,A400,50,243,24,25,31245,118,140,0.7067,0.8636,0.1364,0.0045,1364,1
1772,A400,50,337,57,43,43551,119,143,0.7797,0.9412,-0.0588,0.0096,1362,1
1773,A400,50,254,42,25,31667,116,135,0.6535,0.4118,-0.5882,-0.026,1362,1
1774,A400,50,212,56,37,27232,119,142,0.7273,0.9032,-0.0968,0.0035,1364,1
1775,A400,50,361,51,35,46442,121,143,0.6417,0.9643,-0.0357,0.0051,1362,1
1776,A400,40,128,29,16,13352,96,116,0.4985,0.6316,-0.3684,-0.1851,1360,1
1777,A400,40,128,29,16,13352,96,116,0.5052,0.6316,-0.3684,-0.1851,1358,1
1778,A400,40,649,110,71,61937,85,117,0.1162,0.7708,0.2292,-0.2544,1360,1
1779,A400,40,288,62,34,27785,84,127,0.2183,0.6364,-0.3636,-0.2463,1356,1
1780,A400,40,434,76,51,47440,97,127,0.2371,0.8182,-0.1818,-0.146,1358,1
1781,A400,40,383,91,58,47204,114,140,0.2068,0.5952,-0.4048,-0.0371,1354,1
1782,A400,40,203,33,23,21098,96,118,0.223,0.95,-0.05,-0.188,1354,1
1783,A400,40,1666,186,121,182339,96,127,0.1209,0.4343,-0.5657,-0.1449,1356,1
1784,A400,40,617,125,83,75121,113,133,0.1374,0.3934,0.6066,-0.0488,1354,1
1785,A400,40,204,68,38,25491,114,141,0.2047,1.0,0.0,-0.0238,1358,1
1786,A400,40,160,55,32,19189,112,135,0.1195,0.9474,0.0526,-0.063,1356,1
1787,A400,40,146,25,18,16579,105,127,0.2935,0.7368,-0.2632,-0.1129,1356,1
1788,A400,40,235,36,23,23782,87,119,0.1313,0.9048,-0.0952,-0.2094,1356,1
1789,A400,40,106,12,13,12235,107,124,0.3115,1.0,0.0,-0.0983,1387,1
1790,A300,100,54,9,14,6167,106,127,0.0766,0.5,0.5,-0.1078,1358,1
1791,A300,100,56,16,8,7105,118,140,0.3132,0.5,-0.5,-0.0088,1360,1
1792,A300,100,1182,87,71,130201,96,127,0.3074,0.88,-0.12,-0.1394,1360,1
1793,A300,120,66,10,9,7683,101,130,0.4611,1.0,0.0,-0.0905,1362,1
1794,A300,120,4758,307,377,517021,42,143,0.8226,0.0638,0.9362,-0.1511,1364,1
1795,A300,120,84,13,16,9791,104,130,0.1586,0.5625,0.4375,-0.0894,1362,1
1796,A300,120,67,11,8,7164,92,124,0.2144,0.8,-0.2,-0.1646,1362,1
1797,A400,50,35,10,8,4277,117,127,0.6195,0.7778,-0.2222,-0.0453,1356,1
1798,A300,300,53,14,11,4834,79,116,0.4787,1.0,0.0,-0.2874,1358,1
1799,A300,300,59,20,15,5791,87,126,0.5515,1.0,0.0,-0.2332,1360,1
1800,A300,300,74,22,18,6859,80,116,0.539,0.7059,0.2941,-0.2759,1358,1
1801,A300,300,74,19,12,6481,79,103,0.2887,0.4375,-0.5625,-0.3158,1358,1
1802,A300,300,68,14,10,6049,77,101,0.3338,0.9091,-0.0909,-0.305,1360,1
1803,A300,300,73,12,16,6996,80,124,0.3853,0.6,0.4,-0.2513,1360,1
1804,A300,300,62,17,10,6165,87,111,0.4632,0.75,-0.25,-0.2232,1360,1
1805,A300,300,52,11,8,5035,81,126,0.4324,0.8889,-0.1111,-0.2435,1360,1
1806,A300,300,61,30,17,6116,86,124,0.45,0.6111,-0.3889,-0.2167,1360,1
1807,A300,300,96,25,16,9265,86,126,0.3756,0.5556,-0.4444,-0.246,1358,1
1808,A300,100,61,14,10,6886,102,123,0.3808,0.6154,-0.3846,-0.1181,1623,1
1809,A300,120,240,25,22,29699,107,140,0.0354,0.9091,0.0909,-0.0332,1356,1
1810,A300,143,220,18,24,20121,52,125,0.1684,0.5652,0.4348,-0.2855,1686,1
1811,A400,60,34,14,5,4385,121,143,0.2401,0.2857,-0.7143,0.0076,1366,1
1812,A400,175,148,19,24,16771,101,133,0.5609,0.375,0.625,-0.1147,1362,1
1813,A400,40,103,51,20,13657,124,141,0.9102,0.4063,-0.5938,0.0359,1358,1
1814,A400,40,55,13,13,6302,107,126,0.966,0.5385,0.4615,-0.1048,1354,1
1815,A300,100,365,39,40,39229,91,126,0.7322,0.4359,0.5641,-0.1603,1710,1
1816,A300,100,109,15,18,12587,103,135,0.644,0.4444,0.5556,-0.0978,1708,1
1817,A300,211,36,9,13,2765,64,93,0.0673,0.5385,0.4615,-0.4,1694,1
1818,A400,130,68,15,14,7859,106,127,0.2757,0.4286,0.5714,-0.0971,1364,1
1819,A400,175,85,12,18,8495,88,124,0.8975,0.3889,0.6111,-0.2192,1366,1
1820,A400,100,126,16,20,14429,103,132,0.7771,0.45,0.55,-0.1053,1364,1
1821,A400,70,101,27,27,11776,104,133,0.6576,0.2963,0.7037,-0.0891,1694,1
1822,A400,40,583,75,125,60497,89,126,0.0791,0.064,0.936,-0.1893,1366,1
1823,A300,300,92,12,13,4690,29,71,0.5074,0.8461,0.1539,-0.6017,1356,1
1824,A300,300,131,16,13,7119,33,78,0.4402,0.8571,-0.1429,-0.5754,1354,1
1825,A300,300,135,19,20,7015,36,71,0.0619,0.55,0.45,-0.594,1356,1
1826,A400,200,83,16,27,14187,161,181,0.5041,0.28,0.72,0.3354,1353,1
1827,A400,200,39,11,7,4642,110,134,0.0192,0.4545,-0.5454,-0.0701,1353,1
1828,A400,200,32,9,4,6356,191,207,0.2661,0.4444,-0.5556,0.5518,1353,1
1829,A400,200,42,12,10,8361,190,207,0.2779,0.6364,-0.3636,0.5552,1353,1
1830,A400,200,119,19,19,22198,179,197,0.1863,0.6111,0.3889,0.4573,1353,1
1831,A400,200,36,8,9,6430,172,189,0.2306,0.7778,0.2222,0.3954,1353,1
1832,A400,200,64,12,17,9996,147,166,0.0369,0.3529,0.6471,0.2202,1353,1
1833,A400,200,42,12,15,7658,175,190,0.1508,0.5833,0.4167,0.4245,1353,1
1834,A400,200,57,11,12,10612,179,197,0.9534,0.8182,0.1818,0.4545,1353,1
1835,A400,200,34,9,12,5942,167,182,0.1936,0.6364,0.3636,0.3654,1353,1
1836,A400,200,39,11,8,6999,172,189,0.1478,0.875,0.125,0.402,1353,1
1837,A400,200,301,38,46,51176,160,182,0.1183,0.7692,-0.2308,0.3283,1353,1
1838,A400,100,105,17,21,16675,151,172,0.1596,0.45,0.55,0.2407,1353,1
1839,A400,100,126,21,29,23023,173,196,0.235,0.7647,0.2353,0.4275,1353,1
1840,A400,100,102,17,10,17813,162,189,0.0591,0.625,-0.375,0.3643,1353,1
1841,A400,100,225,51,57,33183,133,165,0.0236,0.5161,0.4839,0.1522,1353,1
1842,A400,100,130,33,36,25944,192,212,0.507,0.3,-0.7,0.5591,1353,1
1843,A400,100,121,27,32,19974,151,175,0.1641,0.3103,0.6897,0.2896,1353,1
1844,A400,100,116,18,28,19935,162,181,0.1626,0.2593,0.7407,0.3426,1353,1
1845,A400,100,101,10,17,16669,153,175,0.1641,0.625,0.375,0.2894,1353,1
1846,A400,100,155,25,28,24156,145,167,0.1493,0.5454,0.4545,0.2175,1353,1
1847,A400,100,137,18,26,23072,161,175,0.5647,0.4,0.6,0.3157,1353,1
1848,A400,100,227,22,38,32920,135,158,0.3917,0.2895,0.7105,0.133,1353,1
1849,A400,100,145,18,39,20557,132,151,0.1818,0.25,0.75,0.1076,1353,1
1850,A400,100,111,14,27,16728,144,158,0.6031,0.2692,0.7308,0.1774,1353,1
1851,A400,100,117,19,24,16891,135,156,0.3208,0.3478,0.6522,0.1279,1353,1
1852,A400,100,108,20,22,16455,145,159,0.1523,0.45,0.55,0.1903,1353,1
1853,A400,100,116,33,32,18402,150,172,0.3237,0.4,-0.6,0.2394,1353,1
1854,A300,70,53,6,12,3202,40,86,0.0047,0.5,0.5,-0.528,1692,1
1855,A300,70,60,40,4,7750,102,164,0.7325,0.05,-0.95,0.0091,1690,1
1856,A300,70,98,12,19,5702,40,84,0.0024,0.3684,0.6316,-0.5454,1692,1
1857,A300,70,63,28,7,7045,80,156,0.0,0.1111,-0.8889,-0.1264,1690,1
1858,A300,70,52,21,4,5644,56,151,0.0,0.1429,-0.8571,-0.152,1690,1
1859,A300,70,92,42,15,10838,72,198,0.1657,0.0714,-0.9286,-0.0796,1690,1
1860,A300,70,86,23,18,6442,28,101,0.0059,0.7778,0.2222,-0.4148,1692,1
1861,A300,70,95,14,12,5714,24,93,0.0047,0.9167,0.0833,-0.5301,1692,1
1862,A300,70,81,14,12,4712,14,87,0.0047,0.9167,0.0833,-0.5455,1692,1
1863,A300,70,54,22,3,6479,87,158,0.0213,0.1364,-0.8636,-0.0626,1692,1
1864,A300,70,795,333,62,95390,77,167,0.0284,0.009,-0.991,-0.0626,1692,1
1865,A300,70,52,22,8,6105,80,159,0.8475,0.1364,-0.8636,-0.0828,1692,1
1866,A300,70,68,32,11,8808,95,166,0.0721,0.0938,-0.9063,0.012,1692,1
1867,A300,70,51,22,5,6299,99,148,0.0592,0.1364,-0.8636,-0.0351,1690,1
1868,A300,70,65,40,3,8355,85,165,0.0415,0.05,-0.95,0.0042,1688,1
1869,A300,70,86,34,7,11010,52,191,0.3112,0.0882,-0.9118,0.0002,1690,1
1870,A300,70,55,11,12,4727,80,93,0.0237,0.6667,0.3333,-0.3286,1690,1
1871,A300,70,173,68,11,21612,65,174,0.3345,0.0441,-0.9559,-0.024,1692,1
1872,A300,70,76,13,10,7943,79,125,0.5035,1.0,0.0,-0.1835,1688,1
1873,A300,70,56,12,9,6345,102,127,0.3794,0.9,-0.1,-0.1148,1692,1
1874,A300,70,58,29,10,7618,100,165,0.0746,0.1035,-0.8965,0.0261,1690,1
1875,A300,70,53,32,7,6578,84,159,0.129,0.0938,-0.9063,-0.0304,1690,1
1876,A300,70,59,42,8,7281,97,150,0.9361,0.0714,-0.9286,-0.0359,1690,1
1877,A300,70,64,32,7,9247,92,190,0.6773,0.0938,-0.9063,0.1288,1692,1
1878,A300,70,54,38,2,7498,101,180,0.0279,0.0526,-0.9474,0.0848,1362,1
1879,A300,69,209,62,37,28592,121,151,0.4672,0.6667,-0.3333,0.0688,1370,1
1880,A300,69,156,39,24,17756,101,127,0.5839,0.8095,-0.1905,-0.1108,1370,1
1881,A300,69,55,19,6,7484,122,150,0.3018,0.2778,-0.7222,0.0631,1372,1
1882,A300,69,74,32,12,9115,110,141,0.3002,0.4348,-0.5652,-0.0377,1366,1
1883,A300,69,51,12,9,6193,107,143,0.1202,0.7273,-0.2727,-0.0513,1364,1
1884,A300,69,77,18,11,9329,112,134,0.0509,0.3529,-0.6471,-0.0535,1650,1
1885,A300,69,83,26,13,10583,115,143,0.2206,0.45,-0.55,-0.0039,1650,1
1886,A300,150,91,14,17,7263,64,102,0.0107,0.5882,0.4118,-0.3765,1688,1
1887,A300,150,35,14,10,2388,51,87,0.0047,0.8,0.2,-0.467,1686,1
1888,A300,150,167,23,33,10526,35,84,0.0047,0.2727,0.7273,-0.5076,1688,1
1889,A300,150,194,40,33,12773,35,86,0.0047,0.3667,0.6333,-0.4856,1688,1
1890,A300,143,35,13,7,4538,118,140,0.895,0.3636,-0.6364,0.013,1658,1
1891,A300,143,133,35,20,17085,112,142,0.6972,0.8636,-0.1364,0.0036,1658,1
1892,A300,143,1973,134,80,240091,105,140,0.345,0.575,-0.425,-0.0493,1658,1
1893,A300,100,69,19,12,8701,113,142,0.1489,0.4706,-0.5294,-0.0148,1652,1
1894,A300,100,143,36,25,17042,109,135,0.1103,0.44,-0.56,-0.0689,1668,1
1895,A300,100,126,33,22,16498,116,148,0.3241,0.9412,-0.0588,0.0229,1666,1
1896,A300,100,207,34,23,26766,114,143,0.9269,0.4643,-0.5357,0.0102,1668,1
1897,A300,100,860,57,44,95173,91,132,0.6405,0.9512,-0.0488,-0.1354,1708,1
1898,A300,100,339,79,40,39556,104,132,0.1474,0.9259,-0.0741,-0.0884,1710,1
1899,A300,143,55,19,6,7211,114,150,0.8158,0.2105,-0.7895,0.0243,1694,1
1900,A300,143,381,91,47,48528,111,143,0.294,0.4043,-0.5957,-0.0049,1694,1
1901,A300,143,53,17,8,6697,110,143,0.9173,0.375,-0.625,-0.0128,1692,1
1902,A300,143,67,29,12,8140,102,141,0.9834,0.5625,-0.4375,-0.0508,1692,1
1903,A300,143,76,22,10,9934,109,148,0.7612,0.3333,-0.6667,0.0212,1692,1
1904,A300,143,73,28,14,9247,111,143,0.4634,0.2,-0.8,-0.0104,1692,1
1905,A300,143,102,42,22,12942,114,141,0.8135,0.7727,-0.2273,-0.0087,1694,1
1906,A400,130,24,10,5,3166,124,140,0.5484,0.625,-0.375,0.0306,1364,1
1907,A400,40,60,20,14,7508,117,135,0.2874,0.6923,-0.3077,-0.0224,1364,1
1908,A400,40,95,33,22,12566,124,143,0.1792,0.375,-0.625,0.0334,1362,1
1909,A400,40,63,20,14,8140,118,141,0.2771,0.9286,-0.0714,0.0094,1364,1
1910,A400,40,137,50,27,17621,120,140,0.3123,0.8889,0.1111,0.0049,1364,1
1911,A400,40,60,23,18,7914,124,143,0.5059,0.7059,-0.2941,0.0305,1364,1
1912,A400,40,149,49,29,19691,122,143,0.1779,0.4815,-0.5185,0.0325,1360,1
1913,A400,40,268,98,55,35565,125,143,0.2669,1.0,0.0,0.0368,1364,1
1914,A400,40,94,30,18,11877,117,143,0.3997,0.4,-0.6,-0.0129,1366,1
1915,A400,40,67,22,16,8596,120,143,0.5712,0.5294,-0.4706,0.0023,1362,1
1916,A400,40,54,23,16,7145,125,143,0.721,0.6,-0.4,0.0337,1362,1
1917,A400,40,83,28,20,10345,115,141,0.8429,0.6191,-0.381,-0.0263,1362,1
1918,A400,40,75,27,17,9948,125,143,0.2258,0.8,-0.2,0.0362,1364,1
1919,A400,40,318,39,32,39911,116,140,0.4032,0.7917,-0.2083,-0.0195,1364,1
1920,A400,40,204,38,22,23155,105,126,0.3979,0.95,-0.05,-0.1132,1362,1
1921,A400,40,209,66,46,27037,118,143,0.3142,0.4545,-0.5454,0.0106,1362,1
1922,A400,40,329,61,37,41053,115,140,0.3965,0.7097,-0.2903,-0.0251,1362,1
1923,A400,40,281,43,28,31838,104,126,0.0308,0.9231,-0.0769,-0.1148,1362,1
1924,A400,40,170,42,20,19738,107,125,0.0337,0.9,-0.1,-0.0929,1364,1
1925,A400,40,277,52,42,33476,113,128,0.0308,0.8276,0.1724,-0.0558,1362,1
1926,A400,40,201,46,28,23925,112,126,0.0308,0.7826,0.2174,-0.0701,1364,1
1927,A400,185,68,26,18,8717,120,141,0.4436,0.5556,0.4444,0.0015,1366,1
1928,A400,185,97,24,23,12775,123,142,0.2346,0.4545,0.5454,0.0289,1364,1
1929,A400,175,452,44,26,42686,65,117,0.0322,0.6098,-0.3902,-0.2622,1366,1
1930,A400,40,240,47,18,30130,118,140,0.1912,0.7391,-0.2609,-0.0192,1360,1
1931,A400,40,235,36,22,29911,119,142,0.3632,0.76,-0.24,-0.0056,1360,1
1932,A400,40,209,67,30,26833,119,141,0.7691,0.2727,-0.7273,0.003,1360,1
1933,A400,40,299,51,22,37820,116,140,0.3515,0.6,-0.4,-0.0118,1360,1
1934,A400,40,355,116,58,46882,123,143,0.5397,0.3273,-0.6727,0.0317,1360,1
1935,A400,40,304,59,26,35778,111,126,0.2015,0.5758,-0.4242,-0.0805,1360,1
1936,A400,40,671,91,39,86424,119,143,0.35,0.5714,-0.4286,0.0062,1360,1
1937,A400,40,273,54,22,35033,119,141,0.3662,0.5714,-0.4286,0.0026,1360,1
1938,A400,40,287,44,24,34599,112,133,0.2118,0.5484,-0.4516,-0.0582,1360,1
1939,A400,40,292,40,22,37572,120,140,0.2132,0.5172,-0.4828,0.0052,1360,1
1940,A400,40,419,97,47,52715,117,140,0.2015,0.9394,-0.0606,-0.0171,1360,1
1941,A300,80,103,26,22,11682,101,133,0.1162,0.8,-0.2,-0.1139,1360,1
