row_id,region,province,month,is_weekend,is_holiday,mean_temperature_c,population_thousands,industrial_index,demand_mwh
20240101_sevilla,andalucia,sevilla,1,0,1,10.2,1950,55,52629.2
20240101_malaga,andalucia,malaga,1,0,1,10.8,1700,40,43167.3
20240101_cadiz,andalucia,cadiz,1,0,1,7.0,1240,50,39541.5
20240101_cordoba,andalucia,cordoba,1,0,1,9.9,780,35,18818.0
20240101_granada,andalucia,granada,1,0,1,9.7,915,30,20805.3
20240101_jaen,andalucia,jaen,1,0,1,11.0,610,25,13245.8
20240101_almeria,andalucia,almeria,1,0,1,9.9,730,45,20738.4
20240101_huelva,andalucia,huelva,1,0,1,10.4,525,40,12489.1
20240101_barcelona,cataluna,barcelona,1,0,1,7.8,5700,85,223759.8
20240101_tarragona,cataluna,tarragona,1,0,1,8.5,830,70,29416.7
20240101_girona,cataluna,girona,1,0,1,7.0,780,55,26749.4
20240101_lleida,cataluna,lleida,1,0,1,9.0,430,45,12167.9
20240101_valencia,valenciana,valencia,1,0,1,9.1,2650,65,85407.0
20240101_alicante,valenciana,alicante,1,0,1,10.5,1950,55,55427.4
20240101_castellon,valenciana,castellon,1,0,1,10.3,580,60,17350.3
20240101_a_coruna,galicia,a_coruna,1,0,1,11.2,1120,40,26033.4
20240101_pontevedra,galicia,pontevedra,1,0,1,7.4,945,45,28789.5
20240101_lugo,galicia,lugo,1,0,1,9.0,320,25,8036.1
20240101_ourense,galicia,ourense,1,0,1,8.0,305,25,7454.2
20240101_valladolid,castilla_y_leon,valladolid,1,0,1,-0.4,520,45,30138.1
20240101_leon,castilla_y_leon,leon,1,0,1,1.8,440,30,18995.5
20240101_burgos,castilla_y_leon,burgos,1,0,1,-0.1,360,40,19288.1
20240101_salamanca,castilla_y_leon,salamanca,1,0,1,1.0,330,25,14240.3
20240101_palencia,castilla_y_leon,palencia,1,0,1,2.0,155,30,6499.8
20240101_zamora,castilla_y_leon,zamora,1,0,1,1.8,165,20,6346.9
20240101_avila,castilla_y_leon,avila,1,0,1,1.2,155,20,6380.8
20240101_segovia,castilla_y_leon,segovia,1,0,1,-1.2,150,20,7006.5
20240101_soria,castilla_y_leon,soria,1,0,1,0.1,90,20,3753.2
20240101_vizcaya,pais_vasco,vizcaya,1,0,1,6.3,1150,85,56676.6
20240101_guipuzcoa,pais_vasco,guipuzcoa,1,0,1,5.5,715,80,35353.0
20240101_alava,pais_vasco,alava,1,0,1,4.3,335,70,15815.5
20240101_toledo,castilla_la_mancha,toledo,1,0,1,3.5,730,30,27868.1
20240101_ciudad_real,castilla_la_mancha,ciudad_real,1,0,1,4.3,485,25,16846.9
20240101_albacete,castilla_la_mancha,albacete,1,0,1,2.8,385,25,14016.4
20240101_cuenca,castilla_la_mancha,cuenca,1,0,1,4.5,195,15,5727.5
20240101_guadalajara,castilla_la_mancha,guadalajara,1,0,1,1.5,255,30,10356.4
20240101_las_palmas,canarias,las_palmas,1,0,1,15.8,1150,20,18919.3
20240101_santa_cruz_tenerife,canarias,santa_cruz_tenerife,1,0,1,17.3,1020,20,16554.0
20240101_zaragoza,aragon,zaragoza,1,0,1,2.7,980,50,46251.8
20240101_huesca,aragon,huesca,1,0,1,4.2,220,30,7662.7
20240101_teruel,aragon,teruel,1,0,1,3.9,130,20,4104.0
20240101_badajoz,extremadura,badajoz,1,0,1,5.3,670,22,19804.3
20240101_caceres,extremadura,caceres,1,0,1,4.1,390,18,12595.7
20240101_asturias,asturias,asturias,1,0,1,7.0,1010,45,33104.6
20240101_baleares,baleares,baleares,1,0,1,11.4,1200,15,22590.5
20240101_cantabria,cantabria,cantabria,1,0,1,9.6,580,35,14489.0
20240101_madrid_prov,madrid,madrid_prov,1,0,1,3.7,6700,55,301537.4
20240101_murcia,murcia,murcia,1,0,1,7.9,1550,40,42551.2
20240101_navarra,navarra,navarra,1,0,1,1.4,660,55,33562.7
20240101_la_rioja,la_rioja,la_rioja,1,0,1,4.3,320,40,11695.0
20240103_sevilla,andalucia,sevilla,1,0,0,9.2,1950,55,74488.8
20240103_malaga,andalucia,malaga,1,0,0,9.2,1700,40,55844.7
20240103_cadiz,andalucia,cadiz,1,0,0,8.4,1240,50,44602.9
20240103_cordoba,andalucia,cordoba,1,0,0,8.4,780,35,24615.8
20240103_granada,andalucia,granada,1,0,0,10.9,915,30,21798.3
20240103_jaen,andalucia,jaen,1,0,0,10.3,610,25,15836.4
20240103_almeria,andalucia,almeria,1,0,0,8.9,730,45,22936.2
20240103_huelva,andalucia,huelva,1,0,0,9.8,525,40,15550.7
20240103_barcelona,cataluna,barcelona,1,0,0,7.5,5700,85,281583.6
20240103_tarragona,cataluna,tarragona,1,0,0,9.4,830,70,32123.5
20240103_girona,cataluna,girona,1,0,0,5.7,780,55,35977.2
20240103_lleida,cataluna,lleida,1,0,0,7.5,430,45,17122.7
20240103_valencia,valenciana,valencia,1,0,0,10.8,2650,65,93163.5
20240103_alicante,valenciana,alicante,1,0,0,11.7,1950,55,55993.1
20240103_castellon,valenciana,castellon,1,0,0,8.8,580,60,21127.4
20240103_a_coruna,galicia,a_coruna,1,0,0,7.6,1120,40,37080.9
20240103_pontevedra,galicia,pontevedra,1,0,0,9.0,945,45,31248.5
20240103_lugo,galicia,lugo,1,0,0,6.1,320,25,10499.3
20240103_ourense,galicia,ourense,1,0,0,8.6,305,25,9171.1
20240103_valladolid,castilla_y_leon,valladolid,1,0,0,3.5,520,45,29977.4
20240103_leon,castilla_y_leon,leon,1,0,0,1.3,440,30,21529.0
20240103_burgos,castilla_y_leon,burgos,1,0,0,-2.3,360,40,26379.3
20240103_salamanca,castilla_y_leon,salamanca,1,0,0,-0.4,330,25,17914.8
20240103_palencia,castilla_y_leon,palencia,1,0,0,-0.1,155,30,8772.8
20240103_zamora,castilla_y_leon,zamora,1,0,0,2.2,165,20,7251.6
20240103_avila,castilla_y_leon,avila,1,0,0,0.5,155,20,7267.5
20240103_segovia,castilla_y_leon,segovia,1,0,0,-1.6,150,20,8395.9
20240103_soria,castilla_y_leon,soria,1,0,0,0.6,90,20,4803.9
20240103_vizcaya,pais_vasco,vizcaya,1,0,0,6.8,1150,85,62593.3
20240103_guipuzcoa,pais_vasco,guipuzcoa,1,0,0,5.9,715,80,36100.1
20240103_alava,pais_vasco,alava,1,0,0,5.3,335,70,17004.3
20240103_toledo,castilla_la_mancha,toledo,1,0,0,6.2,730,30,25082.6
20240103_ciudad_real,castilla_la_mancha,ciudad_real,1,0,0,4.4,485,25,18081.3
20240103_albacete,castilla_la_mancha,albacete,1,0,0,4.5,385,25,15160.7
20240103_cuenca,castilla_la_mancha,cuenca,1,0,0,3.0,195,15,7588.9
20240103_guadalajara,castilla_la_mancha,guadalajara,1,0,0,2.3,255,30,12450.2
20240103_las_palmas,canarias,las_palmas,1,0,0,16.4,1150,20,20165.2
20240103_santa_cruz_tenerife,canarias,santa_cruz_tenerife,1,0,0,15.3,1020,20,19693.7
20240103_zaragoza,aragon,zaragoza,1,0,0,5.4,980,50,44466.7
20240103_huesca,aragon,huesca,1,0,0,3.1,220,30,10091.1
20240103_teruel,aragon,teruel,1,0,0,5.1,130,20,4647.5
20240103_badajoz,extremadura,badajoz,1,0,0,5.1,670,22,25373.8
20240103_caceres,extremadura,caceres,1,0,0,6.3,390,18,13276.9
20240103_asturias,asturias,asturias,1,0,0,7.9,1010,45,34384.2
20240103_baleares,baleares,baleares,1,0,0,8.7,1200,15,33477.2
20240103_cantabria,cantabria,cantabria,1,0,0,11.0,580,35,15483.6
20240103_madrid_prov,madrid,madrid_prov,1,0,0,3.7,6700,55,383847.3
20240103_murcia,murcia,murcia,1,0,0,8.6,1550,40,48810.0
20240103_navarra,navarra,navarra,1,0,0,4.1,660,55,33415.1
20240103_la_rioja,la_rioja,la_rioja,1,0,0,3.7,320,40,14971.7
20240105_sevilla,andalucia,sevilla,1,0,0,10.1,1950,55,70342.9
20240105_malaga,andalucia,malaga,1,0,0,9.8,1700,40,53511.5
20240105_cadiz,andalucia,cadiz,1,0,0,6.8,1240,50,50495.3
20240105_cordoba,andalucia,cordoba,1,0,0,8.5,780,35,23406.3
20240105_granada,andalucia,granada,1,0,0,8.4,915,30,27511.1
20240105_jaen,andalucia,jaen,1,0,0,10.9,610,25,14092.0
20240105_almeria,andalucia,almeria,1,0,0,9.7,730,45,22773.0
20240105_huelva,andalucia,huelva,1,0,0,9.2,525,40,17498.1
20240105_barcelona,cataluna,barcelona,1,0,0,7.9,5700,85,292815.5
20240105_tarragona,cataluna,tarragona,1,0,0,6.9,830,70,37477.1
20240105_girona,cataluna,girona,1,0,0,6.8,780,55,33378.1
20240105_lleida,cataluna,lleida,1,0,0,7.4,430,45,15280.3
20240105_valencia,valenciana,valencia,1,0,0,9.7,2650,65,99265.1
20240105_alicante,valenciana,alicante,1,0,0,13.1,1950,55,60589.5
20240105_castellon,valenciana,castellon,1,0,0,8.4,580,60,22352.3
20240105_a_coruna,galicia,a_coruna,1,0,0,6.0,1120,40,43141.0
20240105_pontevedra,galicia,pontevedra,1,0,0,8.5,945,45,34700.9
20240105_lugo,galicia,lugo,1,0,0,7.1,320,25,9934.6
20240105_ourense,galicia,ourense,1,0,0,5.1,305,25,11229.7
20240105_valladolid,castilla_y_leon,valladolid,1,0,0,-0.8,520,45,34578.3
20240105_leon,castilla_y_leon,leon,1,0,0,-0.6,440,30,25748.4
20240105_burgos,castilla_y_leon,burgos,1,0,0,-1.8,360,40,23441.5
20240105_salamanca,castilla_y_leon,salamanca,1,0,0,3.6,330,25,12778.6
20240105_palencia,castilla_y_leon,palencia,1,0,0,-0.9,155,30,10208.6
20240105_zamora,castilla_y_leon,zamora,1,0,0,4.7,165,20,5638.5
20240105_avila,castilla_y_leon,avila,1,0,0,0.1,155,20,7989.4
20240105_segovia,castilla_y_leon,segovia,1,0,0,3.1,150,20,5844.4
20240105_soria,castilla_y_leon,soria,1,0,0,0.3,90,20,4683.3
20240105_vizcaya,pais_vasco,vizcaya,1,0,0,7.2,1150,85,56885.8
20240105_guipuzcoa,pais_vasco,guipuzcoa,1,0,0,6.4,715,80,34553.7
20240105_alava,pais_vasco,alava,1,0,0,6.3,335,70,16194.3
20240105_toledo,castilla_la_mancha,toledo,1,0,0,3.5,730,30,31100.0
20240105_ciudad_real,castilla_la_mancha,ciudad_real,1,0,0,3.8,485,25,20780.6
20240105_albacete,castilla_la_mancha,albacete,1,0,0,3.4,385,25,16491.0
20240105_cuenca,castilla_la_mancha,cuenca,1,0,0,3.2,195,15,7480.5
20240105_guadalajara,castilla_la_mancha,guadalajara,1,0,0,2.2,255,30,12520.0
20240105_las_palmas,canarias,las_palmas,1,0,0,16.9,1150,20,23641.5
20240105_santa_cruz_tenerife,canarias,santa_cruz_tenerife,1,0,0,19.3,1020,20,19295.0
20240105_zaragoza,aragon,zaragoza,1,0,0,2.1,980,50,53433.1
20240105_huesca,aragon,huesca,1,0,0,4.8,220,30,8844.1
20240105_teruel,aragon,teruel,1,0,0,3.8,130,20,4613.1
20240105_badajoz,extremadura,badajoz,1,0,0,7.0,670,22,21505.6
20240105_caceres,extremadura,caceres,1,0,0,4.1,390,18,14154.9
20240105_asturias,asturias,asturias,1,0,0,8.0,1010,45,36450.6
20240105_baleares,baleares,baleares,1,0,0,10.2,1200,15,27808.2
20240105_cantabria,cantabria,cantabria,1,0,0,8.2,580,35,18945.2
20240105_madrid_prov,madrid,madrid_prov,1,0,0,6.2,6700,55,260269.3
20240105_murcia,murcia,murcia,1,0,0,9.8,1550,40,47578.5
20240105_navarra,navarra,navarra,1,0,0,3.6,660,55,34838.1
20240105_la_rioja,la_rioja,la_rioja,1,0,0,1.2,320,40,18450.5
20240107_sevilla,andalucia,sevilla,1,1,0,12.0,1950,55,48748.7
20240107_malaga,andalucia,malaga,1,1,0,10.8,1700,40,42938.4
20240107_cadiz,andalucia,cadiz,1,1,0,9.5,1240,50,35642.9
20240107_cordoba,andalucia,cordoba,1,1,0,9.1,780,35,22821.0
20240107_granada,andalucia,granada,1,1,0,10.4,915,30,24012.4
20240107_jaen,andalucia,jaen,1,1,0,11.2,610,25,13590.0
20240107_almeria,andalucia,almeria,1,1,0,12.0,730,45,18590.9
20240107_huelva,andalucia,huelva,1,1,0,10.7,525,40,13322.8
20240107_barcelona,cataluna,barcelona,1,1,0,7.2,5700,85,250412.7
20240107_tarragona,cataluna,tarragona,1,1,0,8.5,830,70,29457.7
20240107_girona,cataluna,girona,1,1,0,8.2,780,55,26653.0
20240107_lleida,cataluna,lleida,1,1,0,8.7,430,45,13702.2
20240107_valencia,valenciana,valencia,1,1,0,12.1,2650,65,79287.4
20240107_alicante,valenciana,alicante,1,1,0,7.4,1950,55,70990.9
20240107_castellon,valenciana,castellon,1,1,0,7.9,580,60,20584.1
20240107_a_coruna,galicia,a_coruna,1,1,0,10.2,1120,40,30885.9
20240107_pontevedra,galicia,pontevedra,1,1,0,7.1,945,45,30993.5
20240107_lugo,galicia,lugo,1,1,0,8.1,320,25,8069.8
20240107_ourense,galicia,ourense,1,1,0,7.1,305,25,8910.2
20240107_valladolid,castilla_y_leon,valladolid,1,1,0,2.2,520,45,26461.6
20240107_leon,castilla_y_leon,leon,1,1,0,-2.6,440,30,27219.9
20240107_burgos,castilla_y_leon,burgos,1,1,0,0.7,360,40,19423.6
20240107_salamanca,castilla_y_leon,salamanca,1,1,0,2.9,330,25,11714.0
20240107_palencia,castilla_y_leon,palencia,1,1,0,-0.2,155,30,8244.7
20240107_zamora,castilla_y_leon,zamora,1,1,0,-1.6,165,20,9164.6
20240107_avila,castilla_y_leon,avila,1,1,0,1.1,155,20,6875.2
20240107_segovia,castilla_y_leon,segovia,1,1,0,-0.2,150,20,7298.9
20240107_soria,castilla_y_leon,soria,1,1,0,2.1,90,20,3605.0
20240107_vizcaya,pais_vasco,vizcaya,1,1,0,6.9,1150,85,54112.4
20240107_guipuzcoa,pais_vasco,guipuzcoa,1,1,0,5.4,715,80,35749.8
20240107_alava,pais_vasco,alava,1,1,0,6.4,335,70,14965.0
20240107_toledo,castilla_la_mancha,toledo,1,1,0,4.5,730,30,25314.6
20240107_ciudad_real,castilla_la_mancha,ciudad_real,1,1,0,2.9,485,25,20453.1
20240107_albacete,castilla_la_mancha,albacete,1,1,0,2.1,385,25,15419.6
20240107_cuenca,castilla_la_mancha,cuenca,1,1,0,3.4,195,15,6945.1
20240107_guadalajara,castilla_la_mancha,guadalajara,1,1,0,3.1,255,30,11038.9
20240107_las_palmas,canarias,las_palmas,1,1,0,18.2,1150,20,19864.3
20240107_santa_cruz_tenerife,canarias,santa_cruz_tenerife,1,1,0,17.8,1020,20,18975.7
20240107_zaragoza,aragon,zaragoza,1,1,0,2.8,980,50,43609.2
20240107_huesca,aragon,huesca,1,1,0,5.3,220,30,7386.4
20240107_teruel,aragon,teruel,1,1,0,3.3,130,20,5047.6
20240107_badajoz,extremadura,badajoz,1,1,0,3.4,670,22,23178.0
20240107_caceres,extremadura,caceres,1,1,0,3.4,390,18,13244.4
20240107_asturias,asturias,asturias,1,1,0,8.2,1010,45,33075.8
20240107_baleares,baleares,baleares,1,1,0,11.0,1200,15,22353.3
20240107_cantabria,cantabria,cantabria,1,1,0,5.3,580,35,20962.3
20240107_madrid_prov,madrid,madrid_prov,1,1,0,3.4,6700,55,334657.1
20240107_murcia,murcia,murcia,1,1,0,11.1,1550,40,39434.0
20240107_navarra,navarra,navarra,1,1,0,4.2,660,55,30907.8
20240107_la_rioja,la_rioja,la_rioja,1,1,0,4.3,320,40,12509.7
20240109_sevilla,andalucia,sevilla,1,0,0,9.3,1950,55,69852.6
20240109_malaga,andalucia,malaga,1,0,0,10.7,1700,40,47842.8
20240109_cadiz,andalucia,cadiz,1,0,0,10.3,1240,50,39145.7
20240109_cordoba,andalucia,cordoba,1,0,0,9.4,780,35,24324.1
20240109_granada,andalucia,granada,1,0,0,6.8,915,30,29501.6
20240109_jaen,andalucia,jaen,1,0,0,7.5,610,25,16901.3
20240109_almeria,andalucia,almeria,1,0,0,8.6,730,45,26064.1
20240109_huelva,andalucia,huelva,1,0,0,9.1,525,40,16836.4
20240109_barcelona,cataluna,barcelona,1,0,0,8.6,5700,85,278757.1
20240109_tarragona,cataluna,tarragona,1,0,0,6.9,830,70,41402.7
20240109_girona,cataluna,girona,1,0,0,7.2,780,55,30802.4
20240109_lleida,cataluna,lleida,1,0,0,6.2,430,45,16301.6
20240109_valencia,valenciana,valencia,1,0,0,8.3,2650,65,106407.7
20240109_alicante,valenciana,alicante,1,0,0,10.7,1950,55,68948.2
20240109_castellon,valenciana,castellon,1,0,0,7.6,580,60,24503.3
20240109_a_coruna,galicia,a_coruna,1,0,0,6.6,1120,40,43732.5
20240109_pontevedra,galicia,pontevedra,1,0,0,7.8,945,45,31271.8
20240109_lugo,galicia,lugo,1,0,0,9.3,320,25,8489.6
20240109_ourense,galicia,ourense,1,0,0,7.3,305,25,9126.8
20240109_valladolid,castilla_y_leon,valladolid,1,0,0,-0.4,520,45,35086.0
20240109_leon,castilla_y_leon,leon,1,0,0,0.3,440,30,24734.4
20240109_burgos,castilla_y_leon,burgos,1,0,0,1.1,360,40,22000.3
20240109_salamanca,castilla_y_leon,salamanca,1,0,0,0.1,330,25,16406.7
20240109_palencia,castilla_y_leon,palencia,1,0,0,2.0,155,30,7422.8
20240109_zamora,castilla_y_leon,zamora,1,0,0,2.1,165,20,7387.5
20240109_avila,castilla_y_leon,avila,1,0,0,0.4,155,20,7860.4
20240109_segovia,castilla_y_leon,segovia,1,0,0,3.3,150,20,6706.1
20240109_soria,castilla_y_leon,soria,1,0,0,0.7,90,20,4431.2
20240109_vizcaya,pais_vasco,vizcaya,1,0,0,8.0,1150,85,52350.0
20240109_guipuzcoa,pais_vasco,guipuzcoa,1,0,0,7.0,715,80,35412.8
20240109_alava,pais_vasco,alava,1,0,0,7.0,335,70,14949.1
20240109_toledo,castilla_la_mancha,toledo,1,0,0,0.8,730,30,35004.1
20240109_ciudad_real,castilla_la_mancha,ciudad_real,1,0,0,1.5,485,25,22909.6
20240109_albacete,castilla_la_mancha,albacete,1,0,0,2.6,385,25,18841.5
20240109_cuenca,castilla_la_mancha,cuenca,1,0,0,4.6,195,15,6441.2
20240109_guadalajara,castilla_la_mancha,guadalajara,1,0,0,3.5,255,30,10897.7
20240109_las_palmas,canarias,las_palmas,1,0,0,16.6,1150,20,21575.8
20240109_santa_cruz_tenerife,canarias,santa_cruz_tenerife,1,0,0,17.9,1020,20,18449.6
20240109_zaragoza,aragon,zaragoza,1,0,0,4.5,980,50,44499.3
20240109_huesca,aragon,huesca,1,0,0,3.1,220,30,11321.1
20240109_teruel,aragon,teruel,1,0,0,3.4,130,20,5594.3
20240109_badajoz,extremadura,badajoz,1,0,0,5.7,670,22,23754.2
20240109_caceres,extremadura,caceres,1,0,0,5.5,390,18,12976.5
20240109_asturias,asturias,asturias,1,0,0,6.4,1010,45,41438.8
20240109_baleares,baleares,baleares,1,0,0,9.3,1200,15,30562.3
20240109_cantabria,cantabria,cantabria,1,0,0,10.0,580,35,16915.3
20240109_madrid_prov,madrid,madrid_prov,1,0,0,3.7,6700,55,365837.8
20240109_murcia,murcia,murcia,1,0,0,9.6,1550,40,49998.4
20240109_navarra,navarra,navarra,1,0,0,0.5,660,55,43665.1
20240109_la_rioja,la_rioja,la_rioja,1,0,0,0.8,320,40,17358.2
20240111_sevilla,andalucia,sevilla,1,0,0,11.4,1950,55,63180.8
20240111_malaga,andalucia,malaga,1,0,0,8.5,1700,40,52315.9
20240111_cadiz,andalucia,cadiz,1,0,0,5.4,1240,50,54571.9
20240111_cordoba,andalucia,cordoba,1,0,0,12.9,780,35,19346.9
20240111_granada,andalucia,granada,1,0,0,8.7,915,30,27973.3
20240111_jaen,andalucia,jaen,1,0,0,7.3,610,25,18898.2
20240111_almeria,andalucia,almeria,1,0,0,9.7,730,45,23254.2
20240111_huelva,andalucia,huelva,1,0,0,10.6,525,40,15395.9
20240111_barcelona,cataluna,barcelona,1,0,0,8.0,5700,85,263164.8
20240111_tarragona,cataluna,tarragona,1,0,0,8.3,830,70,38164.9
20240111_girona,cataluna,girona,1,0,0,5.7,780,55,34324.6
20240111_lleida,cataluna,lleida,1,0,0,8.9,430,45,14354.5
20240111_valencia,valenciana,valencia,1,0,0,11.5,2650,65,86124.1
20240111_alicante,valenciana,alicante,1,0,0,11.6,1950,55,60373.0
20240111_castellon,valenciana,castellon,1,0,0,9.9,580,60,22209.9
20240111_a_coruna,galicia,a_coruna,1,0,0,7.5,1120,40,38073.4
20240111_pontevedra,galicia,pontevedra,1,0,0,7.4,945,45,36230.8
20240111_lugo,galicia,lugo,1,0,0,5.8,320,25,11604.6
20240111_ourense,galicia,ourense,1,0,0,7.3,305,25,10214.0
20240111_valladolid,castilla_y_leon,valladolid,1,0,0,-2.8,520,45,39170.4
20240111_leon,castilla_y_leon,leon,1,0,0,-1.8,440,30,27110.1
20240111_burgos,castilla_y_leon,burgos,1,0,0,0.9,360,40,20694.1
20240111_salamanca,castilla_y_leon,salamanca,1,0,0,0.2,330,25,17406.8
20240111_palencia,castilla_y_leon,palencia,1,0,0,0.8,155,30,7852.0
20240111_zamora,castilla_y_leon,zamora,1,0,0,1.5,165,20,7827.5
20240111_avila,castilla_y_leon,avila,1,0,0,1.1,155,20,7557.0
20240111_segovia,castilla_y_leon,segovia,1,0,0,0.9,150,20,7945.3
20240111_soria,castilla_y_leon,soria,1,0,0,0.4,90,20,4407.2
20240111_vizcaya,pais_vasco,vizcaya,1,0,0,5.5,1150,85,62587.4
20240111_guipuzcoa,pais_vasco,guipuzcoa,1,0,0,4.8,715,80,39966.9
20240111_alava,pais_vasco,alava,1,0,0,6.4,335,70,16508.2
20240111_toledo,castilla_la_mancha,toledo,1,0,0,3.1,730,30,31674.0
20240111_ciudad_real,castilla_la_mancha,ciudad_real,1,0,0,4.3,485,25,19805.9
20240111_albacete,castilla_la_mancha,albacete,1,0,0,2.8,385,25,16365.7
20240111_cuenca,castilla_la_mancha,cuenca,1,0,0,3.8,195,15,7246.3
20240111_guadalajara,castilla_la_mancha,guadalajara,1,0,0,1.0,255,30,13356.4
20240111_las_palmas,canarias,las_palmas,1,0,0,17.4,1150,20,20268.3
20240111_santa_cruz_tenerife,canarias,santa_cruz_tenerife,1,0,0,17.3,1020,20,17498.0
20240111_zaragoza,aragon,zaragoza,1,0,0,4.9,980,50,48861.9
20240111_huesca,aragon,huesca,1,0,0,2.7,220,30,10422.2
20240111_teruel,aragon,teruel,1,0,0,-0.3,130,20,6436.8
20240111_badajoz,extremadura,badajoz,1,0,0,5.1,670,22,22812.8
20240111_caceres,extremadura,caceres,1,0,0,6.5,390,18,13387.4
20240111_asturias,asturias,asturias,1,0,0,5.9,1010,45,40565.2
20240111_baleares,baleares,baleares,1,0,0,10.8,1200,15,29080.1
20240111_cantabria,cantabria,cantabria,1,0,0,6.8,580,35,21081.5
20240111_madrid_prov,madrid,madrid_prov,1,0,0,6.6,6700,55,265361.2
20240111_murcia,murcia,murcia,1,0,0,8.2,1550,40,51373.2
20240111_navarra,navarra,navarra,1,0,0,2.3,660,55,40562.7
20240111_la_rioja,la_rioja,la_rioja,1,0,0,3.9,320,40,13643.6
20240113_sevilla,andalucia,sevilla,1,1,0,10.2,1950,55,56880.1
20240113_malaga,andalucia,malaga,1,1,0,11.3,1700,40,41054.3
20240113_cadiz,andalucia,cadiz,1,1,0,8.6,1240,50,41005.3
20240113_cordoba,andalucia,cordoba,1,1,0,10.6,780,35,19876.7
20240113_granada,andalucia,granada,1,1,0,7.1,915,30,28292.7
20240113_jaen,andalucia,jaen,1,1,0,8.1,610,25,16588.9
20240113_almeria,andalucia,almeria,1,1,0,7.5,730,45,24952.2
20240113_huelva,andalucia,huelva,1,1,0,8.4,525,40,14844.1
20240113_barcelona,cataluna,barcelona,1,1,0,8.0,5700,85,247267.1
20240113_tarragona,cataluna,tarragona,1,1,0,6.1,830,70,39710.6
20240113_girona,cataluna,girona,1,1,0,6.4,780,55,30661.9
20240113_lleida,cataluna,lleida,1,1,0,7.4,430,45,14066.6
20240113_valencia,valenciana,valencia,1,1,0,10.2,2650,65,83677.5
20240113_alicante,valenciana,alicante,1,1,0,8.9,1950,55,68333.4
20240113_castellon,valenciana,castellon,1,1,0,8.0,580,60,18574.0
20240113_a_coruna,galicia,a_coruna,1,1,0,10.3,1120,40,33786.3
20240113_pontevedra,galicia,pontevedra,1,1,0,7.4,945,45,28830.3
20240113_lugo,galicia,lugo,1,1,0,7.6,320,25,8779.2
20240113_ourense,galicia,ourense,1,1,0,7.7,305,25,7932.1
20240113_valladolid,castilla_y_leon,valladolid,1,1,0,1.3,520,45,28135.3
20240113_leon,castilla_y_leon,leon,1,1,0,-1.6,440,30,25881.3
20240113_burgos,castilla_y_leon,burgos,1,1,0,3.4,360,40,15778.1
20240113_salamanca,castilla_y_leon,salamanca,1,1,0,0.0,330,25,15832.5
20240113_palencia,castilla_y_leon,palencia,1,1,0,1.4,155,30,6546.7
20240113_zamora,castilla_y_leon,zamora,1,1,0,0.7,165,20,7070.3
20240113_avila,castilla_y_leon,avila,1,1,0,3.1,155,20,5653.2
20240113_segovia,castilla_y_leon,segovia,1,1,0,2.8,150,20,5320.3
20240113_soria,castilla_y_leon,soria,1,1,0,1.3,90,20,3828.6
20240113_vizcaya,pais_vasco,vizcaya,1,1,0,5.3,1150,85,60616.9
20240113_guipuzcoa,pais_vasco,guipuzcoa,1,1,0,8.2,715,80,28816.1
20240113_alava,pais_vasco,alava,1,1,0,4.1,335,70,17281.4
20240113_toledo,castilla_la_mancha,toledo,1,1,0,1.7,730,30,32158.7
20240113_ciudad_real,castilla_la_mancha,ciudad_real,1,1,0,2.9,485,25,17487.5
20240113_albacete,castilla_la_mancha,albacete,1,1,0,0.7,385,25,18111.4
20240113_cuenca,castilla_la_mancha,cuenca,1,1,0,2.3,195,15,6356.7
20240113_guadalajara,castilla_la_mancha,guadalajara,1,1,0,4.1,255,30,9734.7
20240113_las_palmas,canarias,las_palmas,1,1,0,16.0,1150,20,18217.8
20240113_santa_cruz_tenerife,canarias,santa_cruz_tenerife,1,1,0,18.2,1020,20,17187.9
20240113_zaragoza,aragon,zaragoza,1,1,0,6.3,980,50,37918.5
20240113_huesca,aragon,huesca,1,1,0,3.5,220,30,8561.7
20240113_teruel,aragon,teruel,1,1,0,4.1,130,20,4563.6
20240113_badajoz,extremadura,badajoz,1,1,0,7.3,670,22,18030.0
20240113_caceres,extremadura,caceres,1,1,0,4.9,390,18,12004.5
20240113_asturias,asturias,asturias,1,1,0,8.6,1010,45,33665.3
20240113_baleares,baleares,baleares,1,1,0,9.9,1200,15,25166.4
20240113_cantabria,cantabria,cantabria,1,1,0,8.9,580,35,15895.5
20240113_madrid_prov,madrid,madrid_prov,1,1,0,5.3,6700,55,253848.6
20240113_murcia,murcia,murcia,1,1,0,8.8,1550,40,43486.4
20240113_navarra,navarra,navarra,1,1,0,-0.2,660,55,40117.0
20240113_la_rioja,la_rioja,la_rioja,1,1,0,2.2,320,40,14988.1
20240115_sevilla,andalucia,sevilla,1,0,0,11.1,1950,55,61014.7
20240115_malaga,andalucia,malaga,1,0,0,8.1,1700,40,58075.0
20240115_cadiz,andalucia,cadiz,1,0,0,11.0,1240,50,36184.3
20240115_cordoba,andalucia,cordoba,1,0,0,8.2,780,35,25992.8
20240115_granada,andalucia,granada,1,0,0,9.2,915,30,27368.0
20240115_jaen,andalucia,jaen,1,0,0,9.5,610,25,17100.3
20240115_almeria,andalucia,almeria,1,0,0,8.1,730,45,26074.0
20240115_huelva,andalucia,huelva,1,0,0,9.2,525,40,15627.9
20240115_barcelona,cataluna,barcelona,1,0,0,4.8,5700,85,354728.4
20240115_tarragona,cataluna,tarragona,1,0,0,6.5,830,70,37964.4
20240115_girona,cataluna,girona,1,0,0,6.9,780,55,34754.0
20240115_lleida,cataluna,lleida,1,0,0,3.8,430,45,19462.9
20240115_valencia,valenciana,valencia,1,0,0,8.2,2650,65,117291.4
20240115_alicante,valenciana,alicante,1,0,0,9.9,1950,55,69063.7
20240115_castellon,valenciana,castellon,1,0,0,7.9,580,60,22242.9
20240115_a_coruna,galicia,a_coruna,1,0,0,8.6,1120,40,36972.5
20240115_pontevedra,galicia,pontevedra,1,0,0,8.8,945,45,31818.8
20240115_lugo,galicia,lugo,1,0,0,8.4,320,25,9409.2
20240115_ourense,galicia,ourense,1,0,0,9.1,305,25,8826.2
20240115_valladolid,castilla_y_leon,valladolid,1,0,0,-1.8,520,45,33868.0
20240115_leon,castilla_y_leon,leon,1,0,0,1.9,440,30,22980.7
20240115_burgos,castilla_y_leon,burgos,1,0,0,-0.9,360,40,21625.5
20240115_salamanca,castilla_y_leon,salamanca,1,0,0,0.6,330,25,17775.3
20240115_palencia,castilla_y_leon,palencia,1,0,0,3.0,155,30,7213.4
20240115_zamora,castilla_y_leon,zamora,1,0,0,-0.0,165,20,8087.3
20240115_avila,castilla_y_leon,avila,1,0,0,0.5,155,20,7531.8
20240115_segovia,castilla_y_leon,segovia,1,0,0,-0.9,150,20,9076.5
20240115_soria,castilla_y_leon,soria,1,0,0,3.0,90,20,3921.2
20240115_vizcaya,pais_vasco,vizcaya,1,0,0,5.2,1150,85,70069.8
20240115_guipuzcoa,pais_vasco,guipuzcoa,1,0,0,7.4,715,80,35238.2
20240115_alava,pais_vasco,alava,1,0,0,8.2,335,70,14685.8
20240115_toledo,castilla_la_mancha,toledo,1,0,0,4.0,730,30,31696.2
20240115_ciudad_real,castilla_la_mancha,ciudad_real,1,0,0,3.5,485,25,18537.0
20240115_albacete,castilla_la_mancha,albacete,1,0,0,3.1,385,25,16068.1
20240115_cuenca,castilla_la_mancha,cuenca,1,0,0,1.2,195,15,9439.6
20240115_guadalajara,castilla_la_mancha,guadalajara,1,0,0,5.4,255,30,10359.5
20240115_las_palmas,canarias,las_palmas,1,0,0,17.4,1150,20,22684.8
20240115_santa_cruz_tenerife,canarias,santa_cruz_tenerife,1,0,0,17.0,1020,20,19055.9
20240115_zaragoza,aragon,zaragoza,1,0,0,1.5,980,50,60275.5
20240115_huesca,aragon,huesca,1,0,0,3.1,220,30,9301.6
20240115_teruel,aragon,teruel,1,0,0,2.9,130,20,5357.9
20240115_badajoz,extremadura,badajoz,1,0,0,8.0,670,22,20366.1
20240115_caceres,extremadura,caceres,1,0,0,5.5,390,18,13212.6
20240115_asturias,asturias,asturias,1,0,0,7.6,1010,45,37000.9
20240115_baleares,baleares,baleares,1,0,0,9.0,1200,15,30067.6
20240115_cantabria,cantabria,cantabria,1,0,0,7.5,580,35,18652.3
20240115_madrid_prov,madrid,madrid_prov,1,0,0,4.7,6700,55,337121.2
20240115_murcia,murcia,murcia,1,0,0,7.5,1550,40,54923.0
20240115_navarra,navarra,navarra,1,0,0,4.4,660,55,35165.9
20240115_la_rioja,la_rioja,la_rioja,1,0,0,4.9,320,40,13794.0
20240117_sevilla,andalucia,sevilla,1,0,0,8.3,1950,55,70075.6
20240117_malaga,andalucia,malaga,1,0,0,10.0,1700,40,52024.0
20240117_cadiz,andalucia,cadiz,1,0,0,11.3,1240,50,39335.0
20240117_cordoba,andalucia,cordoba,1,0,0,9.3,780,35,22021.9
20240117_granada,andalucia,granada,1,0,0,9.1,915,30,27026.1
20240117_jaen,andalucia,jaen,1,0,0,9.2,610,25,16322.4
20240117_almeria,andalucia,almeria,1,0,0,9.9,730,45,22476.6
20240117_huelva,andalucia,huelva,1,0,0,8.6,525,40,17552.8
20240117_barcelona,cataluna,barcelona,1,0,0,6.4,5700,85,307613.1
20240117_tarragona,cataluna,tarragona,1,0,0,7.4,830,70,35406.7
20240117_girona,cataluna,girona,1,0,0,6.3,780,55,36702.1
20240117_lleida,cataluna,lleida,1,0,0,5.4,430,45,16794.6
20240117_valencia,valenciana,valencia,1,0,0,6.9,2650,65,119946.7
20240117_alicante,valenciana,alicante,1,0,0,9.5,1950,55,67610.9
20240117_castellon,valenciana,castellon,1,0,0,11.2,580,60,16536.8
20240117_a_coruna,galicia,a_coruna,1,0,0,8.6,1120,40,40051.3
20240117_pontevedra,galicia,pontevedra,1,0,0,6.4,945,45,37270.1
20240117_lugo,galicia,lugo,1,0,0,6.9,320,25,9895.7
20240117_ourense,galicia,ourense,1,0,0,7.5,305,25,10145.2
20240117_valladolid,castilla_y_leon,valladolid,1,0,0,3.1,520,45,26323.1
20240117_leon,castilla_y_leon,leon,1,0,0,3.2,440,30,19760.7
20240117_burgos,castilla_y_leon,burgos,1,0,0,3.0,360,40,17843.2
20240117_salamanca,castilla_y_leon,salamanca,1,0,0,0.7,330,25,17216.5
20240117_palencia,castilla_y_leon,palencia,1,0,0,5.0,155,30,6353.7
20240117_zamora,castilla_y_leon,zamora,1,0,0,-0.5,165,20,9172.9
20240117_avila,castilla_y_leon,avila,1,0,0,-0.0,155,20,7740.8
20240117_segovia,castilla_y_leon,segovia,1,0,0,1.8,150,20,6763.6
20240117_soria,castilla_y_leon,soria,1,0,0,0.9,90,20,4322.5
20240117_vizcaya,pais_vasco,vizcaya,1,0,0,7.0,1150,85,60235.6
20240117_guipuzcoa,pais_vasco,guipuzcoa,1,0,0,3.8,715,80,46461.0
20240117_alava,pais_vasco,alava,1,0,0,5.1,335,70,16611.0
20240117_toledo,castilla_la_mancha,toledo,1,0,0,2.9,730,30,33472.4
20240117_ciudad_real,castilla_la_mancha,ciudad_real,1,0,0,2.0,485,25,23490.0
20240117_albacete,castilla_la_mancha,albacete,1,0,0,1.1,385,25,18724.4
20240117_cuenca,castilla_la_mancha,cuenca,1,0,0,2.2,195,15,8061.9
20240117_guadalajara,castilla_la_mancha,guadalajara,1,0,0,3.4,255,30,10691.9
20240117_las_palmas,canarias,las_palmas,1,0,0,18.0,1150,20,21222.2
20240117_santa_cruz_tenerife,canarias,santa_cruz_tenerife,1,0,0,14.4,1020,20,18257.8
20240117_zaragoza,aragon,zaragoza,1,0,0,3.0,980,50,52285.5
20240117_huesca,aragon,huesca,1,0,0,2.9,220,30,10078.2
20240117_teruel,aragon,teruel,1,0,0,3.3,130,20,5478.8
20240117_badajoz,extremadura,badajoz,1,0,0,4.0,670,22,24743.0
20240117_caceres,extremadura,caceres,1,0,0,4.0,390,18,14840.2
20240117_asturias,asturias,asturias,1,0,0,9.2,1010,45,32514.1
20240117_baleares,baleares,baleares,1,0,0,7.0,1200,15,32017.6
20240117_cantabria,cantabria,cantabria,1,0,0,7.3,580,35,19475.5
20240117_madrid_prov,madrid,madrid_prov,1,0,0,3.4,6700,55,364215.6
20240117_murcia,murcia,murcia,1,0,0,9.6,1550,40,50425.0
20240117_navarra,navarra,navarra,1,0,0,2.1,660,55,37950.1
20240117_la_rioja,la_rioja,la_rioja,1,0,0,4.2,320,40,13489.0
20240119_sevilla,andalucia,sevilla,1,0,0,10.1,1950,55,66064.6
20240119_malaga,andalucia,malaga,1,0,0,9.3,1700,40,57789.9
20240119_cadiz,andalucia,cadiz,1,0,0,8.7,1240,50,49033.7
20240119_cordoba,andalucia,cordoba,1,0,0,9.2,780,35,22156.8
20240119_granada,andalucia,granada,1,0,0,9.6,915,30,24393.7
20240119_jaen,andalucia,jaen,1,0,0,8.5,610,25,18051.2
20240119_almeria,andalucia,almeria,1,0,0,10.3,730,45,21716.7
20240119_huelva,andalucia,huelva,1,0,0,10.9,525,40,15764.2
20240119_barcelona,cataluna,barcelona,1,0,0,9.0,5700,85,259462.4
20240119_tarragona,cataluna,tarragona,1,0,0,8.9,830,70,30602.6
20240119_girona,cataluna,girona,1,0,0,6.6,780,55,32128.2
20240119_lleida,cataluna,lleida,1,0,0,7.2,430,45,15889.0
20240119_valencia,valenciana,valencia,1,0,0,9.3,2650,65,111178.7
20240119_alicante,valenciana,alicante,1,0,0,9.3,1950,55,70686.9
20240119_castellon,valenciana,castellon,1,0,0,9.2,580,60,21583.6
20240119_a_coruna,galicia,a_coruna,1,0,0,8.0,1120,40,39338.8
20240119_pontevedra,galicia,pontevedra,1,0,0,9.6,945,45,32863.8
20240119_lugo,galicia,lugo,1,0,0,8.4,320,25,9576.0
20240119_ourense,galicia,ourense,1,0,0,6.4,305,25,10220.5
20240119_valladolid,castilla_y_leon,valladolid,1,0,0,1.8,520,45,30611.2
20240119_leon,castilla_y_leon,leon,1,0,0,0.8,440,30,24484.3
20240119_burgos,castilla_y_leon,burgos,1,0,0,1.2,360,40,21633.3
20240119_salamanca,castilla_y_leon,salamanca,1,0,0,0.9,330,25,16321.9
20240119_palencia,castilla_y_leon,palencia,1,0,0,1.0,155,30,7037.8
20240119_zamora,castilla_y_leon,zamora,1,0,0,1.1,165,20,6520.6
20240119_avila,castilla_y_leon,avila,1,0,0,-1.9,155,20,9261.2
20240119_segovia,castilla_y_leon,segovia,1,0,0,1.2,150,20,6648.4
20240119_soria,castilla_y_leon,soria,1,0,0,-0.5,90,20,5100.6
20240119_vizcaya,pais_vasco,vizcaya,1,0,0,5.8,1150,85,71697.2
20240119_guipuzcoa,pais_vasco,guipuzcoa,1,0,0,6.5,715,80,37505.5
20240119_alava,pais_vasco,alava,1,0,0,8.8,335,70,13799.5
20240119_toledo,castilla_la_mancha,toledo,1,0,0,1.6,730,30,36468.2
20240119_ciudad_real,castilla_la_mancha,ciudad_real,1,0,0,3.0,485,25,19642.7
20240119_albacete,castilla_la_mancha,albacete,1,0,0,2.7,385,25,16455.1
20240119_cuenca,castilla_la_mancha,cuenca,1,0,0,4.3,195,15,6915.8
20240119_guadalajara,castilla_la_mancha,guadalajara,1,0,0,2.6,255,30,11835.7
20240119_las_palmas,canarias,las_palmas,1,0,0,17.3,1150,20,21873.4
20240119_santa_cruz_tenerife,canarias,santa_cruz_tenerife,1,0,0,15.6,1020,20,18371.9
20240119_zaragoza,aragon,zaragoza,1,0,0,4.6,980,50,46063.3
20240119_huesca,aragon,huesca,1,0,0,1.0,220,30,11785.5
20240119_teruel,aragon,teruel,1,0,0,3.7,130,20,4716.0
20240119_badajoz,extremadura,badajoz,1,0,0,5.8,670,22,23654.1
20240119_caceres,extremadura,caceres,1,0,0,6.0,390,18,12948.7
20240119_asturias,asturias,asturias,1,0,0,5.5,1010,45,44030.0
20240119_baleares,baleares,baleares,1,0,0,10.1,1200,15,27464.8
20240119_cantabria,cantabria,cantabria,1,0,0,9.7,580,35,18256.5
20240119_madrid_prov,madrid,madrid_prov,1,0,0,6.5,6700,55,308641.1
20240119_murcia,murcia,murcia,1,0,0,9.9,1550,40,47751.5
20240119_navarra,navarra,navarra,1,0,0,4.1,660,55,34304.1
20240119_la_rioja,la_rioja,la_rioja,1,0,0,3.7,320,40,15716.4
20240121_sevilla,andalucia,sevilla,1,1,0,9.5,1950,55,59346.0
20240121_malaga,andalucia,malaga,1,1,0,9.0,1700,40,50773.2
20240121_cadiz,andalucia,cadiz,1,1,0,9.6,1240,50,38079.4
20240121_cordoba,andalucia,cordoba,1,1,0,10.5,780,35,19180.5
20240121_granada,andalucia,granada,1,1,0,10.6,915,30,22152.1
20240121_jaen,andalucia,jaen,1,1,0,7.8,610,25,17921.7
20240121_almeria,andalucia,almeria,1,1,0,8.8,730,45,20445.4
20240121_huelva,andalucia,huelva,1,1,0,8.1,525,40,15351.4
20240121_barcelona,cataluna,barcelona,1,1,0,7.1,5700,85,256798.5
20240121_tarragona,cataluna,tarragona,1,1,0,6.6,830,70,36915.5
20240121_girona,cataluna,girona,1,1,0,7.5,780,55,28642.2
20240121_lleida,cataluna,lleida,1,1,0,7.6,430,45,14709.9
20240121_valencia,valenciana,valencia,1,1,0,6.6,2650,65,108244.1
20240121_alicante,valenciana,alicante,1,1,0,6.5,1950,55,76097.9
20240121_castellon,valenciana,castellon,1,1,0,9.5,580,60,19925.6
20240121_a_coruna,galicia,a_coruna,1,1,0,9.7,1120,40,31176.2
20240121_pontevedra,galicia,pontevedra,1,1,0,7.3,945,45,32794.1
20240121_lugo,galicia,lugo,1,1,0,7.3,320,25,9085.4
20240121_ourense,galicia,ourense,1,1,0,9.4,305,25,7260.0
20240121_valladolid,castilla_y_leon,valladolid,1,1,0,1.7,520,45,27606.6
20240121_leon,castilla_y_leon,leon,1,1,0,-0.8,440,30,24805.7
20240121_burgos,castilla_y_leon,burgos,1,1,0,1.5,360,40,18004.0
20240121_salamanca,castilla_y_leon,salamanca,1,1,0,-0.5,330,25,15876.9
20240121_palencia,castilla_y_leon,palencia,1,1,0,-0.2,155,30,8206.5
20240121_zamora,castilla_y_leon,zamora,1,1,0,-0.8,165,20,8209.7
20240121_avila,castilla_y_leon,avila,1,1,0,-1.2,155,20,7681.1
20240121_segovia,castilla_y_leon,segovia,1,1,0,0.7,150,20,7421.0
20240121_soria,castilla_y_leon,soria,1,1,0,-1.4,90,20,4914.4
20240121_vizcaya,pais_vasco,vizcaya,1,1,0,6.7,1150,85,55083.0
20240121_guipuzcoa,pais_vasco,guipuzcoa,1,1,0,6.7,715,80,33352.6
20240121_alava,pais_vasco,alava,1,1,0,6.3,335,70,15823.4
20240121_toledo,castilla_la_mancha,toledo,1,1,0,2.4,730,30,32948.2
20240121_ciudad_real,castilla_la_mancha,ciudad_real,1,1,0,2.2,485,25,20041.6
20240121_albacete,castilla_la_mancha,albacete,1,1,0,1.6,385,25,17053.4
20240121_cuenca,castilla_la_mancha,cuenca,1,1,0,5.1,195,15,5849.7
20240121_guadalajara,castilla_la_mancha,guadalajara,1,1,0,2.8,255,30,10015.1
20240121_las_palmas,canarias,las_palmas,1,1,0,16.7,1150,20,17746.4
20240121_santa_cruz_tenerife,canarias,santa_cruz_tenerife,1,1,0,15.7,1020,20,17559.7
20240121_zaragoza,aragon,zaragoza,1,1,0,4.9,980,50,47521.5
20240121_huesca,aragon,huesca,1,1,0,2.2,220,30,10218.8
20240121_teruel,aragon,teruel,1,1,0,3.4,130,20,4641.4
20240121_badajoz,extremadura,badajoz,1,1,0,6.2,670,22,20110.9
20240121_caceres,extremadura,caceres,1,1,0,5.7,390,18,11342.8
20240121_asturias,asturias,asturias,1,1,0,5.6,1010,45,36015.1
20240121_baleares,baleares,baleares,1,1,0,11.5,1200,15,22966.6
20240121_cantabria,cantabria,cantabria,1,1,0,7.7,580,35,17576.6
20240121_madrid_prov,madrid,madrid_prov,1,1,0,5.2,6700,55,290311.6
20240121_murcia,murcia,murcia,1,1,0,9.1,1550,40,47177.6
20240121_navarra,navarra,navarra,1,1,0,5.3,660,55,28852.1
20240121_la_rioja,la_rioja,la_rioja,1,1,0,4.9,320,40,13206.3
20240123_sevilla,andalucia,sevilla,1,0,0,11.2,1950,55,63276.8
20240123_malaga,andalucia,malaga,1,0,0,10.4,1700,40,50946.3
20240123_cadiz,andalucia,cadiz,1,0,0,8.0,1240,50,47786.2
20240123_cordoba,andalucia,cordoba,1,0,0,7.7,780,35,25239.3
20240123_granada,andalucia,granada,1,0,0,11.4,915,30,23991.2
20240123_jaen,andalucia,jaen,1,0,0,11.7,610,25,14208.8
20240123_almeria,andalucia,almeria,1,0,0,8.0,730,45,25922.7
20240123_huelva,andalucia,huelva,1,0,0,9.7,525,40,16099.0
20240123_barcelona,cataluna,barcelona,1,0,0,8.7,5700,85,254454.5
20240123_tarragona,cataluna,tarragona,1,0,0,7.6,830,70,35201.3
20240123_girona,cataluna,girona,1,0,0,7.7,780,55,30907.2
20240123_lleida,cataluna,lleida,1,0,0,6.0,430,45,17582.8
20240123_valencia,valenciana,valencia,1,0,0,9.3,2650,65,99623.2
20240123_alicante,valenciana,alicante,1,0,0,12.1,1950,55,58029.2
20240123_castellon,valenciana,castellon,1,0,0,9.2,580,60,19308.3
20240123_a_coruna,galicia,a_coruna,1,0,0,6.8,1120,40,41453.8
20240123_pontevedra,galicia,pontevedra,1,0,0,7.1,945,45,38767.5
20240123_lugo,galicia,lugo,1,0,0,7.8,320,25,10364.7
20240123_ourense,galicia,ourense,1,0,0,8.1,305,25,9073.0
20240123_valladolid,castilla_y_leon,valladolid,1,0,0,0.5,520,45,32366.1
20240123_leon,castilla_y_leon,leon,1,0,0,3.0,440,30,17784.2
20240123_burgos,castilla_y_leon,burgos,1,0,0,-2.2,360,40,25229.0
20240123_salamanca,castilla_y_leon,salamanca,1,0,0,0.6,330,25,17586.6
20240123_palencia,castilla_y_leon,palencia,1,0,0,1.3,155,30,7840.7
20240123_zamora,castilla_y_leon,zamora,1,0,0,2.0,165,20,7680.9
20240123_avila,castilla_y_leon,avila,1,0,0,0.9,155,20,7828.1
20240123_segovia,castilla_y_leon,segovia,1,0,0,1.0,150,20,6957.2
20240123_soria,castilla_y_leon,soria,1,0,0,1.6,90,20,4134.7
20240123_vizcaya,pais_vasco,vizcaya,1,0,0,6.6,1150,85,65389.9
20240123_guipuzcoa,pais_vasco,guipuzcoa,1,0,0,3.1,715,80,43948.4
20240123_alava,pais_vasco,alava,1,0,0,4.9,335,70,17826.6
20240123_toledo,castilla_la_mancha,toledo,1,0,0,2.7,730,30,31318.4
20240123_ciudad_real,castilla_la_mancha,ciudad_real,1,0,0,1.7,485,25,22079.9
20240123_albacete,castilla_la_mancha,albacete,1,0,0,6.5,385,25,14032.3
20240123_cuenca,castilla_la_mancha,cuenca,1,0,0,2.5,195,15,7739.7
20240123_guadalajara,castilla_la_mancha,guadalajara,1,0,0,1.5,255,30,11752.0
20240123_las_palmas,canarias,las_palmas,1,0,0,16.9,1150,20,20267.3
20240123_santa_cruz_tenerife,canarias,santa_cruz_tenerife,1,0,0,16.9,1020,20,17433.4
20240123_zaragoza,aragon,zaragoza,1,0,0,2.0,980,50,57136.6
20240123_huesca,aragon,huesca,1,0,0,3.6,220,30,9749.5
20240123_teruel,aragon,teruel,1,0,0,1.3,130,20,6347.0
20240123_badajoz,extremadura,badajoz,1,0,0,4.5,670,22,26039.6
20240123_caceres,extremadura,caceres,1,0,0,5.6,390,18,12120.0
20240123_asturias,asturias,asturias,1,0,0,7.1,1010,45,39331.1
20240123_baleares,baleares,baleares,1,0,0,11.4,1200,15,25733.4
20240123_cantabria,cantabria,cantabria,1,0,0,10.7,580,35,16763.9
20240123_madrid_prov,madrid,madrid_prov,1,0,0,3.7,6700,55,368971.0
20240123_murcia,murcia,murcia,1,0,0,12.8,1550,40,43619.7
20240123_navarra,navarra,navarra,1,0,0,1.4,660,55,39774.6
20240123_la_rioja,la_rioja,la_rioja,1,0,0,5.7,320,40,12368.5
20240125_sevilla,andalucia,sevilla,1,0,0,7.8,1950,55,75021.8
20240125_malaga,andalucia,malaga,1,0,0,10.2,1700,40,50025.2
20240125_cadiz,andalucia,cadiz,1,0,0,8.7,1240,50,42555.1
20240125_cordoba,andalucia,cordoba,1,0,0,8.6,780,35,23504.5
20240125_granada,andalucia,granada,1,0,0,12.8,915,30,21621.1
20240125_jaen,andalucia,jaen,1,0,0,10.9,610,25,14731.2
20240125_almeria,andalucia,almeria,1,0,0,9.4,730,45,22974.2
20240125_huelva,andalucia,huelva,1,0,0,5.9,525,40,19602.7
20240125_barcelona,cataluna,barcelona,1,0,0,4.6,5700,85,311353.7
20240125_tarragona,cataluna,tarragona,1,0,0,5.5,830,70,46147.2
20240125_girona,cataluna,girona,1,0,0,7.1,780,55,34537.1
20240125_lleida,cataluna,lleida,1,0,0,7.7,430,45,16384.5
20240125_valencia,valenciana,valencia,1,0,0,8.4,2650,65,110755.8
20240125_alicante,valenciana,alicante,1,0,0,10.6,1950,55,61578.4
20240125_castellon,valenciana,castellon,1,0,0,10.4,580,60,20429.9
20240125_a_coruna,galicia,a_coruna,1,0,0,7.3,1120,40,38262.2
20240125_pontevedra,galicia,pontevedra,1,0,0,6.4,945,45,38151.9
20240125_lugo,galicia,lugo,1,0,0,8.5,320,25,8879.1
20240125_ourense,galicia,ourense,1,0,0,8.1,305,25,9331.4
20240125_valladolid,castilla_y_leon,valladolid,1,0,0,1.5,520,45,32428.2
20240125_leon,castilla_y_leon,leon,1,0,0,2.4,440,30,19799.2
20240125_burgos,castilla_y_leon,burgos,1,0,0,3.0,360,40,17391.9
20240125_salamanca,castilla_y_leon,salamanca,1,0,0,2.1,330,25,15292.3
20240125_palencia,castilla_y_leon,palencia,1,0,0,0.1,155,30,7950.4
20240125_zamora,castilla_y_leon,zamora,1,0,0,0.4,165,20,7583.0
20240125_avila,castilla_y_leon,avila,1,0,0,2.0,155,20,7402.1
20240125_segovia,castilla_y_leon,segovia,1,0,0,-0.5,150,20,8052.2
20240125_soria,castilla_y_leon,soria,1,0,0,-0.4,90,20,4579.2
20240125_vizcaya,pais_vasco,vizcaya,1,0,0,7.7,1150,85,55907.2
20240125_guipuzcoa,pais_vasco,guipuzcoa,1,0,0,9.0,715,80,29969.7
20240125_alava,pais_vasco,alava,1,0,0,8.0,335,70,14548.0
20240125_toledo,castilla_la_mancha,toledo,1,0,0,4.3,730,30,29493.5
20240125_ciudad_real,castilla_la_mancha,ciudad_real,1,0,0,3.1,485,25,20729.4
20240125_albacete,castilla_la_mancha,albacete,1,0,0,2.0,385,25,18549.0
20240125_cuenca,castilla_la_mancha,cuenca,1,0,0,4.1,195,15,7243.5
20240125_guadalajara,castilla_la_mancha,guadalajara,1,0,0,5.3,255,30,10488.7
20240125_las_palmas,canarias,las_palmas,1,0,0,16.5,1150,20,21811.0
20240125_santa_cruz_tenerife,canarias,santa_cruz_tenerife,1,0,0,16.2,1020,20,19128.6
20240125_zaragoza,aragon,zaragoza,1,0,0,2.3,980,50,60238.4
20240125_huesca,aragon,huesca,1,0,0,3.7,220,30,9408.2
20240125_teruel,aragon,teruel,1,0,0,4.8,130,20,4193.5
20240125_badajoz,extremadura,badajoz,1,0,0,2.8,670,22,29647.4
20240125_caceres,extremadura,caceres,1,0,0,5.7,390,18,12997.1
20240125_asturias,asturias,asturias,1,0,0,5.7,1010,45,42694.3
20240125_baleares,baleares,baleares,1,0,0,13.4,1200,15,24347.2
20240125_cantabria,cantabria,cantabria,1,0,0,8.8,580,35,17650.6
20240125_madrid_prov,madrid,madrid_prov,1,0,0,3.6,6700,55,322764.1
20240125_murcia,murcia,murcia,1,0,0,10.5,1550,40,47047.1
20240125_navarra,navarra,navarra,1,0,0,0.9,660,55,41598.0
20240125_la_rioja,la_rioja,la_rioja,1,0,0,2.0,320,40,16271.0
20240127_sevilla,andalucia,sevilla,1,1,0,9.8,1950,55,54358.8
20240127_malaga,andalucia,malaga,1,1,0,10.6,1700,40,46017.9
20240127_cadiz,andalucia,cadiz,1,1,0,9.3,1240,50,33545.0
20240127_cordoba,andalucia,cordoba,1,1,0,8.3,780,35,24075.3
20240127_granada,andalucia,granada,1,1,0,5.8,915,30,29865.3
20240127_jaen,andalucia,jaen,1,1,0,8.0,610,25,17089.9
20240127_almeria,andalucia,almeria,1,1,0,8.7,730,45,22821.0
20240127_huelva,andalucia,huelva,1,1,0,10.5,525,40,15066.4
20240127_barcelona,cataluna,barcelona,1,1,0,6.9,5700,85,269591.5
20240127_tarragona,cataluna,tarragona,1,1,0,5.1,830,70,42338.8
20240127_girona,cataluna,girona,1,1,0,6.1,780,55,30367.9
20240127_lleida,cataluna,lleida,1,1,0,7.1,430,45,13645.7
20240127_valencia,valenciana,valencia,1,1,0,10.0,2650,65,91222.5
20240127_alicante,valenciana,alicante,1,1,0,10.1,1950,55,54590.1
20240127_castellon,valenciana,castellon,1,1,0,9.5,580,60,19677.5
20240127_a_coruna,galicia,a_coruna,1,1,0,5.5,1120,40,39453.4
20240127_pontevedra,galicia,pontevedra,1,1,0,9.3,945,45,28170.0
20240127_lugo,galicia,lugo,1,1,0,8.7,320,25,9026.7
20240127_ourense,galicia,ourense,1,1,0,8.8,305,25,8057.6
20240127_valladolid,castilla_y_leon,valladolid,1,1,0,4.5,520,45,21426.5
20240127_leon,castilla_y_leon,leon,1,1,0,-0.4,440,30,23488.4
20240127_burgos,castilla_y_leon,burgos,1,1,0,1.3,360,40,17697.5
20240127_salamanca,castilla_y_leon,salamanca,1,1,0,-0.7,330,25,18881.7
20240127_palencia,castilla_y_leon,palencia,1,1,0,1.2,155,30,6975.7
20240127_zamora,castilla_y_leon,zamora,1,1,0,2.0,165,20,6539.9
20240127_avila,castilla_y_leon,avila,1,1,0,0.4,155,20,7152.0
20240127_segovia,castilla_y_leon,segovia,1,1,0,-1.1,150,20,7591.6
20240127_soria,castilla_y_leon,soria,1,1,0,3.4,90,20,3313.1
20240127_vizcaya,pais_vasco,vizcaya,1,1,0,6.1,1150,85,55077.4
20240127_guipuzcoa,pais_vasco,guipuzcoa,1,1,0,6.1,715,80,33727.5
20240127_alava,pais_vasco,alava,1,1,0,6.1,335,70,15634.4
20240127_toledo,castilla_la_mancha,toledo,1,1,0,0.8,730,30,36552.0
20240127_ciudad_real,castilla_la_mancha,ciudad_real,1,1,0,2.7,485,25,19680.5
20240127_albacete,castilla_la_mancha,albacete,1,1,0,1.7,385,25,17688.3
20240127_cuenca,castilla_la_mancha,cuenca,1,1,0,5.0,195,15,6208.8
20240127_guadalajara,castilla_la_mancha,guadalajara,1,1,0,1.1,255,30,12468.9
20240127_las_palmas,canarias,las_palmas,1,1,0,17.6,1150,20,17583.8
20240127_santa_cruz_tenerife,canarias,santa_cruz_tenerife,1,1,0,17.0,1020,20,17285.3
20240127_zaragoza,aragon,zaragoza,1,1,0,4.0,980,50,44540.4
20240127_huesca,aragon,huesca,1,1,0,3.6,220,30,9237.6
20240127_teruel,aragon,teruel,1,1,0,4.9,130,20,3614.5
20240127_badajoz,extremadura,badajoz,1,1,0,5.3,670,22,21223.7
20240127_caceres,extremadura,caceres,1,1,0,3.3,390,18,13935.7
20240127_asturias,asturias,asturias,1,1,0,9.4,1010,45,28093.1
20240127_baleares,baleares,baleares,1,1,0,11.1,1200,15,22685.9
20240127_cantabria,cantabria,cantabria,1,1,0,7.7,580,35,18952.1
20240127_madrid_prov,madrid,madrid_prov,1,1,0,3.5,6700,55,334097.2
20240127_murcia,murcia,murcia,1,1,0,7.6,1550,40,54386.7
20240127_navarra,navarra,navarra,1,1,0,4.0,660,55,30522.8
20240127_la_rioja,la_rioja,la_rioja,1,1,0,4.5,320,40,11920.1
20240129_sevilla,andalucia,sevilla,1,0,0,11.4,1950,55,59498.0
20240129_malaga,andalucia,malaga,1,0,0,9.5,1700,40,51527.2
20240129_cadiz,andalucia,cadiz,1,0,0,8.9,1240,50,44868.8
20240129_cordoba,andalucia,cordoba,1,0,0,10.1,780,35,22967.6
20240129_granada,andalucia,granada,1,0,0,9.7,915,30,26188.0
20240129_jaen,andalucia,jaen,1,0,0,9.2,610,25,18845.1
20240129_almeria,andalucia,almeria,1,0,0,7.6,730,45,28768.4
20240129_huelva,andalucia,huelva,1,0,0,11.7,525,40,13621.6
20240129_barcelona,cataluna,barcelona,1,0,0,10.4,5700,85,243128.7
20240129_tarragona,cataluna,tarragona,1,0,0,8.6,830,70,34430.0
20240129_girona,cataluna,girona,1,0,0,6.9,780,55,32327.0
20240129_lleida,cataluna,lleida,1,0,0,7.8,430,45,16789.4
20240129_valencia,valenciana,valencia,1,0,0,10.0,2650,65,92302.2
20240129_alicante,valenciana,alicante,1,0,0,10.9,1950,55,65362.4
20240129_castellon,valenciana,castellon,1,0,0,10.6,580,60,20297.4
20240129_a_coruna,galicia,a_coruna,1,0,0,7.8,1120,40,37358.8
20240129_pontevedra,galicia,pontevedra,1,0,0,6.9,945,45,33700.5
20240129_lugo,galicia,lugo,1,0,0,8.5,320,25,9230.7
20240129_ourense,galicia,ourense,1,0,0,7.5,305,25,8150.8
20240129_valladolid,castilla_y_leon,valladolid,1,0,0,-0.9,520,45,37845.5
20240129_leon,castilla_y_leon,leon,1,0,0,-0.1,440,30,25523.7
20240129_burgos,castilla_y_leon,burgos,1,0,0,-1.1,360,40,25889.7
20240129_salamanca,castilla_y_leon,salamanca,1,0,0,0.6,330,25,17260.9
20240129_palencia,castilla_y_leon,palencia,1,0,0,4.1,155,30,7020.5
20240129_zamora,castilla_y_leon,zamora,1,0,0,0.4,165,20,7981.7
20240129_avila,castilla_y_leon,avila,1,0,0,0.3,155,20,7938.2
20240129_segovia,castilla_y_leon,segovia,1,0,0,0.7,150,20,7181.6
20240129_soria,castilla_y_leon,soria,1,0,0,2.9,90,20,3722.4
20240129_vizcaya,pais_vasco,vizcaya,1,0,0,9.9,1150,85,48247.6
20240129_guipuzcoa,pais_vasco,guipuzcoa,1,0,0,9.2,715,80,30910.1
20240129_alava,pais_vasco,alava,1,0,0,8.1,335,70,13915.0
20240129_toledo,castilla_la_mancha,toledo,1,0,0,2.1,730,30,36178.3
20240129_ciudad_real,castilla_la_mancha,ciudad_real,1,0,0,4.7,485,25,18545.7
20240129_albacete,castilla_la_mancha,albacete,1,0,0,1.5,385,25,17356.2
20240129_cuenca,castilla_la_mancha,cuenca,1,0,0,1.3,195,15,7880.4
20240129_guadalajara,castilla_la_mancha,guadalajara,1,0,0,3.5,255,30,11830.5
20240129_las_palmas,canarias,las_palmas,1,0,0,17.1,1150,20,18982.1
20240129_santa_cruz_tenerife,canarias,santa_cruz_tenerife,1,0,0,16.8,1020,20,18751.0
20240129_zaragoza,aragon,zaragoza,1,0,0,6.2,980,50,38652.1
20240129_huesca,aragon,huesca,1,0,0,2.8,220,30,11076.4
20240129_teruel,aragon,teruel,1,0,0,3.9,130,20,5136.9
20240129_badajoz,extremadura,badajoz,1,0,0,6.0,670,22,22979.5
20240129_caceres,extremadura,caceres,1,0,0,6.9,390,18,11327.1
20240129_asturias,asturias,asturias,1,0,0,8.9,1010,45,31786.7
20240129_baleares,baleares,baleares,1,0,0,11.2,1200,15,26557.3
20240129_cantabria,cantabria,cantabria,1,0,0,7.8,580,35,19374.8
20240129_madrid_prov,madrid,madrid_prov,1,0,0,3.4,6700,55,344623.7
20240129_murcia,murcia,murcia,1,0,0,9.7,1550,40,44777.2
20240129_navarra,navarra,navarra,1,0,0,3.7,660,55,33086.0
20240129_la_rioja,la_rioja,la_rioja,1,0,0,4.8,320,40,13137.4
20240131_sevilla,andalucia,sevilla,1,0,0,9.0,1950,55,68193.2
20240131_malaga,andalucia,malaga,1,0,0,11.7,1700,40,46743.3
20240131_cadiz,andalucia,cadiz,1,0,0,9.5,1240,50,42674.9
20240131_cordoba,andalucia,cordoba,1,0,0,6.9,780,35,27760.9
20240131_granada,andalucia,granada,1,0,0,12.6,915,30,21651.1
20240131_jaen,andalucia,jaen,1,0,0,9.9,610,25,16468.4
20240131_almeria,andalucia,almeria,1,0,0,11.1,730,45,19298.9
20240131_huelva,andalucia,huelva,1,0,0,7.5,525,40,18935.8
20240131_barcelona,cataluna,barcelona,1,0,0,6.3,5700,85,327428.7
20240131_tarragona,cataluna,tarragona,1,0,0,6.9,830,70,35304.7
20240131_girona,cataluna,girona,1,0,0,5.5,780,55,31545.3
20240131_lleida,cataluna,lleida,1,0,0,7.0,430,45,16426.8
20240131_valencia,valenciana,valencia,1,0,0,9.2,2650,65,107378.0
20240131_alicante,valenciana,alicante,1,0,0,11.5,1950,55,59734.2
20240131_castellon,valenciana,castellon,1,0,0,6.8,580,60,26246.7
20240131_a_coruna,galicia,a_coruna,1,0,0,9.0,1120,40,36526.8
20240131_pontevedra,galicia,pontevedra,1,0,0,9.6,945,45,28673.5
20240131_lugo,galicia,lugo,1,0,0,11.0,320,25,7481.9
20240131_ourense,galicia,ourense,1,0,0,9.3,305,25,7703.3
20240131_valladolid,castilla_y_leon,valladolid,1,0,0,-0.4,520,45,37171.9
20240131_leon,castilla_y_leon,leon,1,0,0,0.5,440,30,24944.2
20240131_burgos,castilla_y_leon,burgos,1,0,0,1.2,360,40,20244.5
20240131_salamanca,castilla_y_leon,salamanca,1,0,0,2.8,330,25,14320.6
20240131_palencia,castilla_y_leon,palencia,1,0,0,-1.6,155,30,9404.9
20240131_zamora,castilla_y_leon,zamora,1,0,0,1.7,165,20,7638.5
20240131_avila,castilla_y_leon,avila,1,0,0,-1.3,155,20,8383.0
20240131_segovia,castilla_y_leon,segovia,1,0,0,0.1,150,20,7494.4
20240131_soria,castilla_y_leon,soria,1,0,0,-1.0,90,20,4800.5
20240131_vizcaya,pais_vasco,vizcaya,1,0,0,5.7,1150,85,67082.9
20240131_guipuzcoa,pais_vasco,guipuzcoa,1,0,0,7.9,715,80,33010.9
20240131_alava,pais_vasco,alava,1,0,0,6.2,335,70,16593.9
20240131_toledo,castilla_la_mancha,toledo,1,0,0,2.3,730,30,33024.4
20240131_ciudad_real,castilla_la_mancha,ciudad_real,1,0,0,2.1,485,25,21730.9
20240131_albacete,castilla_la_mancha,albacete,1,0,0,1.8,385,25,18366.1
20240131_cuenca,castilla_la_mancha,cuenca,1,0,0,4.4,195,15,6322.8
20240131_guadalajara,castilla_la_mancha,guadalajara,1,0,0,3.4,255,30,11078.7
20240131_las_palmas,canarias,las_palmas,1,0,0,17.6,1150,20,21159.4
20240131_santa_cruz_tenerife,canarias,santa_cruz_tenerife,1,0,0,15.1,1020,20,18432.8
20240131_zaragoza,aragon,zaragoza,1,0,0,3.4,980,50,53848.0
20240131_huesca,aragon,huesca,1,0,0,0.3,220,30,12373.8
20240131_teruel,aragon,teruel,1,0,0,5.1,130,20,4558.6
20240131_badajoz,extremadura,badajoz,1,0,0,6.7,670,22,20726.7
20240131_caceres,extremadura,caceres,1,0,0,5.7,390,18,11846.3
20240131_asturias,asturias,asturias,1,0,0,4.4,1010,45,49333.1
20240131_baleares,baleares,baleares,1,0,0,9.4,1200,15,28819.7
20240131_cantabria,cantabria,cantabria,1,0,0,6.7,580,35,19479.0
20240131_madrid_prov,madrid,madrid_prov,1,0,0,4.2,6700,55,332358.4
20240131_murcia,murcia,murcia,1,0,0,10.8,1550,40,45132.5
20240131_navarra,navarra,navarra,1,0,0,3.8,660,55,35253.7
20240131_la_rioja,la_rioja,la_rioja,1,0,0,6.1,320,40,12005.4
20240202_sevilla,andalucia,sevilla,2,0,0,9.9,1950,55,70542.6
20240202_malaga,andalucia,malaga,2,0,0,11.7,1700,40,42811.9
20240202_cadiz,andalucia,cadiz,2,0,0,9.5,1240,50,44702.6
20240202_cordoba,andalucia,cordoba,2,0,0,10.6,780,35,21718.1
20240202_granada,andalucia,granada,2,0,0,9.6,915,30,25246.3
20240202_jaen,andalucia,jaen,2,0,0,10.3,610,25,15421.2
20240202_almeria,andalucia,almeria,2,0,0,9.9,730,45,23127.2
20240202_huelva,andalucia,huelva,2,0,0,9.0,525,40,17320.6
20240202_barcelona,cataluna,barcelona,2,0,0,11.5,5700,85,197712.8
20240202_tarragona,cataluna,tarragona,2,0,0,7.9,830,70,34888.2
20240202_girona,cataluna,girona,2,0,0,8.2,780,55,29889.8
20240202_lleida,cataluna,lleida,2,0,0,8.5,430,45,15823.5
20240202_valencia,valenciana,valencia,2,0,0,10.1,2650,65,101143.3
20240202_alicante,valenciana,alicante,2,0,0,6.6,1950,55,90666.2
20240202_castellon,valenciana,castellon,2,0,0,10.4,580,60,20953.8
20240202_a_coruna,galicia,a_coruna,2,0,0,6.6,1120,40,41025.4
20240202_pontevedra,galicia,pontevedra,2,0,0,8.5,945,45,32773.3
20240202_lugo,galicia,lugo,2,0,0,8.7,320,25,9672.4
20240202_ourense,galicia,ourense,2,0,0,5.8,305,25,11273.8
20240202_valladolid,castilla_y_leon,valladolid,2,0,0,1.0,520,45,30820.0
20240202_leon,castilla_y_leon,leon,2,0,0,-1.1,440,30,27453.0
20240202_burgos,castilla_y_leon,burgos,2,0,0,-2.4,360,40,27104.8
20240202_salamanca,castilla_y_leon,salamanca,2,0,0,-1.1,330,25,19230.1
20240202_palencia,castilla_y_leon,palencia,2,0,0,0.8,155,30,8740.9
20240202_zamora,castilla_y_leon,zamora,2,0,0,0.7,165,20,7730.4
20240202_avila,castilla_y_leon,avila,2,0,0,0.3,155,20,8280.7
20240202_segovia,castilla_y_leon,segovia,2,0,0,1.8,150,20,6637.7
20240202_soria,castilla_y_leon,soria,2,0,0,0.7,90,20,4060.0
20240202_vizcaya,pais_vasco,vizcaya,2,0,0,7.4,1150,85,52455.3
20240202_guipuzcoa,pais_vasco,guipuzcoa,2,0,0,7.9,715,80,33492.8
20240202_alava,pais_vasco,alava,2,0,0,10.2,335,70,11819.7
20240202_toledo,castilla_la_mancha,toledo,2,0,0,3.4,730,30,35264.4
20240202_ciudad_real,castilla_la_mancha,ciudad_real,2,0,0,5.2,485,25,17238.1
20240202_albacete,castilla_la_mancha,albacete,2,0,0,3.8,385,25,15666.5
20240202_cuenca,castilla_la_mancha,cuenca,2,0,0,3.9,195,15,6868.7
20240202_guadalajara,castilla_la_mancha,guadalajara,2,0,0,3.4,255,30,10380.2
20240202_las_palmas,canarias,las_palmas,2,0,0,17.4,1150,20,21686.2
20240202_santa_cruz_tenerife,canarias,santa_cruz_tenerife,2,0,0,16.8,1020,20,17434.6
20240202_zaragoza,aragon,zaragoza,2,0,0,4.9,980,50,46792.9
20240202_huesca,aragon,huesca,2,0,0,2.5,220,30,10232.6
20240202_teruel,aragon,teruel,2,0,0,1.4,130,20,5715.9
20240202_badajoz,extremadura,badajoz,2,0,0,5.2,670,22,25343.1
20240202_caceres,extremadura,caceres,2,0,0,5.1,390,18,13890.9
20240202_asturias,asturias,asturias,2,0,0,7.0,1010,45,39389.7
20240202_baleares,baleares,baleares,2,0,0,10.6,1200,15,28395.5
20240202_cantabria,cantabria,cantabria,2,0,0,8.0,580,35,17667.1
20240202_madrid_prov,madrid,madrid_prov,2,0,0,2.6,6700,55,377420.4
20240202_murcia,murcia,murcia,2,0,0,8.6,1550,40,52058.2
20240202_navarra,navarra,navarra,2,0,0,2.8,660,55,42256.9
20240202_la_rioja,la_rioja,la_rioja,2,0,0,1.5,320,40,17891.7
20240204_sevilla,andalucia,sevilla,2,1,0,8.4,1950,55,64385.8
20240204_malaga,andalucia,malaga,2,1,0,10.2,1700,40,40275.6
20240204_cadiz,andalucia,cadiz,2,1,0,10.4,1240,50,39062.8
20240204_cordoba,andalucia,cordoba,2,1,0,9.4,780,35,21263.6
20240204_granada,andalucia,granada,2,1,0,11.5,915,30,20472.2
20240204_jaen,andalucia,jaen,2,1,0,9.2,610,25,13502.2
20240204_almeria,andalucia,almeria,2,1,0,10.9,730,45,19280.1
20240204_huelva,andalucia,huelva,2,1,0,8.6,525,40,15670.0
20240204_barcelona,cataluna,barcelona,2,1,0,6.7,5700,85,261749.5
20240204_tarragona,cataluna,tarragona,2,1,0,8.3,830,70,29467.2
20240204_girona,cataluna,girona,2,1,0,9.0,780,55,23751.0
20240204_lleida,cataluna,lleida,2,1,0,6.6,430,45,16943.4
20240204_valencia,valenciana,valencia,2,1,0,11.5,2650,65,79344.2
20240204_alicante,valenciana,alicante,2,1,0,8.7,1950,55,63363.9
20240204_castellon,valenciana,castellon,2,1,0,10.1,580,60,18290.3
20240204_a_coruna,galicia,a_coruna,2,1,0,8.2,1120,40,34144.7
20240204_pontevedra,galicia,pontevedra,2,1,0,8.0,945,45,28339.5
20240204_lugo,galicia,lugo,2,1,0,7.6,320,25,9302.0
20240204_ourense,galicia,ourense,2,1,0,6.4,305,25,9148.6
20240204_valladolid,castilla_y_leon,valladolid,2,1,0,-0.0,520,45,30367.0
20240204_leon,castilla_y_leon,leon,2,1,0,0.6,440,30,23108.3
20240204_burgos,castilla_y_leon,burgos,2,1,0,1.8,360,40,16423.9
20240204_salamanca,castilla_y_leon,salamanca,2,1,0,2.1,330,25,13256.0
20240204_palencia,castilla_y_leon,palencia,2,1,0,0.3,155,30,7826.8
20240204_zamora,castilla_y_leon,zamora,2,1,0,0.4,165,20,7708.3
20240204_avila,castilla_y_leon,avila,2,1,0,0.0,155,20,6906.5
20240204_segovia,castilla_y_leon,segovia,2,1,0,0.2,150,20,6622.9
20240204_soria,castilla_y_leon,soria,2,1,0,2.7,90,20,3529.3
20240204_vizcaya,pais_vasco,vizcaya,2,1,0,9.3,1150,85,50445.1
20240204_guipuzcoa,pais_vasco,guipuzcoa,2,1,0,5.5,715,80,35849.3
20240204_alava,pais_vasco,alava,2,1,0,5.3,335,70,15302.2
20240204_toledo,castilla_la_mancha,toledo,2,1,0,2.8,730,30,28796.5
20240204_ciudad_real,castilla_la_mancha,ciudad_real,2,1,0,2.2,485,25,19934.8
20240204_albacete,castilla_la_mancha,albacete,2,1,0,1.9,385,25,16907.5
20240204_cuenca,castilla_la_mancha,cuenca,2,1,0,2.4,195,15,8264.6
20240204_guadalajara,castilla_la_mancha,guadalajara,2,1,0,3.0,255,30,10448.9
20240204_las_palmas,canarias,las_palmas,2,1,0,15.4,1150,20,21511.2
20240204_santa_cruz_tenerife,canarias,santa_cruz_tenerife,2,1,0,18.8,1020,20,17196.4
20240204_zaragoza,aragon,zaragoza,2,1,0,1.7,980,50,52735.2
20240204_huesca,aragon,huesca,2,1,0,2.0,220,30,10375.4
20240204_teruel,aragon,teruel,2,1,0,4.7,130,20,4251.4
20240204_badajoz,extremadura,badajoz,2,1,0,2.7,670,22,24647.7
20240204_caceres,extremadura,caceres,2,1,0,7.1,390,18,11127.3
20240204_asturias,asturias,asturias,2,1,0,9.4,1010,45,27373.4
20240204_baleares,baleares,baleares,2,1,0,11.3,1200,15,24671.5
20240204_cantabria,cantabria,cantabria,2,1,0,6.5,580,35,19187.3
20240204_madrid_prov,madrid,madrid_prov,2,1,0,5.0,6700,55,287005.0
20240204_murcia,murcia,murcia,2,1,0,7.9,1550,40,47628.3
20240204_navarra,navarra,navarra,2,1,0,3.1,660,55,32794.1
20240204_la_rioja,la_rioja,la_rioja,2,1,0,3.3,320,40,13713.4
20240206_sevilla,andalucia,sevilla,2,0,0,10.1,1950,55,67134.3
20240206_malaga,andalucia,malaga,2,0,0,9.7,1700,40,50930.1
20240206_cadiz,andalucia,cadiz,2,0,0,10.3,1240,50,36062.9
20240206_cordoba,andalucia,cordoba,2,0,0,10.8,780,35,21287.1
20240206_granada,andalucia,granada,2,0,0,10.2,915,30,26014.8
20240206_jaen,andalucia,jaen,2,0,0,7.4,610,25,17294.9
20240206_almeria,andalucia,almeria,2,0,0,10.5,730,45,22083.2
20240206_huelva,andalucia,huelva,2,0,0,10.4,525,40,15025.1
20240206_barcelona,cataluna,barcelona,2,0,0,8.5,5700,85,274040.7
20240206_tarragona,cataluna,tarragona,2,0,0,8.3,830,70,34719.0
20240206_girona,cataluna,girona,2,0,0,4.7,780,55,40188.9
20240206_lleida,cataluna,lleida,2,0,0,9.3,430,45,14542.9
20240206_valencia,valenciana,valencia,2,0,0,8.8,2650,65,107939.7
20240206_alicante,valenciana,alicante,2,0,0,11.3,1950,55,65929.6
20240206_castellon,valenciana,castellon,2,0,0,8.8,580,60,21781.6
20240206_a_coruna,galicia,a_coruna,2,0,0,9.4,1120,40,34982.8
20240206_pontevedra,galicia,pontevedra,2,0,0,6.8,945,45,37661.2
20240206_lugo,galicia,lugo,2,0,0,9.2,320,25,8866.3
20240206_ourense,galicia,ourense,2,0,0,8.7,305,25,8597.0
20240206_valladolid,castilla_y_leon,valladolid,2,0,0,3.3,520,45,25151.8
20240206_leon,castilla_y_leon,leon,2,0,0,0.4,440,30,24119.5
20240206_burgos,castilla_y_leon,burgos,2,0,0,2.5,360,40,17241.4
20240206_salamanca,castilla_y_leon,salamanca,2,0,0,-0.6,330,25,16725.7
20240206_palencia,castilla_y_leon,palencia,2,0,0,1.3,155,30,7543.2
20240206_zamora,castilla_y_leon,zamora,2,0,0,0.7,165,20,8299.1
20240206_avila,castilla_y_leon,avila,2,0,0,0.3,155,20,7829.7
20240206_segovia,castilla_y_leon,segovia,2,0,0,0.8,150,20,7484.1
20240206_soria,castilla_y_leon,soria,2,0,0,1.9,90,20,3877.1
20240206_vizcaya,pais_vasco,vizcaya,2,0,0,6.8,1150,85,63113.9
20240206_guipuzcoa,pais_vasco,guipuzcoa,2,0,0,7.5,715,80,31795.4
20240206_alava,pais_vasco,alava,2,0,0,7.9,335,70,13800.3
20240206_toledo,castilla_la_mancha,toledo,2,0,0,5.8,730,30,28450.1
20240206_ciudad_real,castilla_la_mancha,ciudad_real,2,0,0,4.2,485,25,19383.8
20240206_albacete,castilla_la_mancha,albacete,2,0,0,3.5,385,25,16632.0
20240206_cuenca,castilla_la_mancha,cuenca,2,0,0,3.3,195,15,7556.5
20240206_guadalajara,castilla_la_mancha,guadalajara,2,0,0,5.0,255,30,9709.2
20240206_las_palmas,canarias,las_palmas,2,0,0,16.4,1150,20,20214.9
20240206_santa_cruz_tenerife,canarias,santa_cruz_tenerife,2,0,0,15.8,1020,20,17598.3
20240206_zaragoza,aragon,zaragoza,2,0,0,4.8,980,50,50741.2
20240206_huesca,aragon,huesca,2,0,0,5.7,220,30,7519.6
20240206_teruel,aragon,teruel,2,0,0,4.8,130,20,5044.2
20240206_badajoz,extremadura,badajoz,2,0,0,5.6,670,22,23330.1
20240206_caceres,extremadura,caceres,2,0,0,3.4,390,18,15432.4
20240206_asturias,asturias,asturias,2,0,0,6.4,1010,45,41077.2
20240206_baleares,baleares,baleares,2,0,0,8.8,1200,15,31505.9
20240206_cantabria,cantabria,cantabria,2,0,0,10.3,580,35,15723.2
20240206_madrid_prov,madrid,madrid_prov,2,0,0,3.2,6700,55,333264.3
20240206_murcia,murcia,murcia,2,0,0,10.2,1550,40,44611.7
20240206_navarra,navarra,navarra,2,0,0,1.5,660,55,42214.0
20240206_la_rioja,la_rioja,la_rioja,2,0,0,3.5,320,40,14466.1
20240208_sevilla,andalucia,sevilla,2,0,0,9.5,1950,55,72080.0
20240208_malaga,andalucia,malaga,2,0,0,11.1,1700,40,47295.9
20240208_cadiz,andalucia,cadiz,2,0,0,11.1,1240,50,35519.0
20240208_cordoba,andalucia,cordoba,2,0,0,10.3,780,35,22133.1
20240208_granada,andalucia,granada,2,0,0,9.6,915,30,26345.4
20240208_jaen,andalucia,jaen,2,0,0,9.2,610,25,17303.7
20240208_almeria,andalucia,almeria,2,0,0,11.0,730,45,18502.7
20240208_huelva,andalucia,huelva,2,0,0,11.9,525,40,12036.3
20240208_barcelona,cataluna,barcelona,2,0,0,6.9,5700,85,310437.6
20240208_tarragona,cataluna,tarragona,2,0,0,7.3,830,70,35129.7
20240208_girona,cataluna,girona,2,0,0,6.2,780,55,36349.7
20240208_lleida,cataluna,lleida,2,0,0,5.0,430,45,20278.5
20240208_valencia,valenciana,valencia,2,0,0,10.1,2650,65,90365.1
20240208_alicante,valenciana,alicante,2,0,0,9.4,1950,55,65475.8
20240208_castellon,valenciana,castellon,2,0,0,11.4,580,60,19398.3
20240208_a_coruna,galicia,a_coruna,2,0,0,6.1,1120,40,43473.0
20240208_pontevedra,galicia,pontevedra,2,0,0,7.3,945,45,38147.2
20240208_lugo,galicia,lugo,2,0,0,6.6,320,25,11525.3
20240208_ourense,galicia,ourense,2,0,0,8.4,305,25,8380.0
20240208_valladolid,castilla_y_leon,valladolid,2,0,0,0.4,520,45,31179.9
20240208_leon,castilla_y_leon,leon,2,0,0,-0.4,440,30,25682.1
20240208_burgos,castilla_y_leon,burgos,2,0,0,-0.3,360,40,20412.4
20240208_salamanca,castilla_y_leon,salamanca,2,0,0,0.9,330,25,15269.6
20240208_palencia,castilla_y_leon,palencia,2,0,0,0.3,155,30,8168.0
20240208_zamora,castilla_y_leon,zamora,2,0,0,0.2,165,20,9225.4
20240208_avila,castilla_y_leon,avila,2,0,0,1.5,155,20,7229.2
20240208_segovia,castilla_y_leon,segovia,2,0,0,-1.1,150,20,8031.8
20240208_soria,castilla_y_leon,soria,2,0,0,1.7,90,20,3876.1
20240208_vizcaya,pais_vasco,vizcaya,2,0,0,8.4,1150,85,50292.2
20240208_guipuzcoa,pais_vasco,guipuzcoa,2,0,0,6.7,715,80,35237.3
20240208_alava,pais_vasco,alava,2,0,0,7.3,335,70,14725.1
20240208_toledo,castilla_la_mancha,toledo,2,0,0,3.5,730,30,31466.0
20240208_ciudad_real,castilla_la_mancha,ciudad_real,2,0,0,2.9,485,25,21673.7
20240208_albacete,castilla_la_mancha,albacete,2,0,0,4.3,385,25,15116.3
20240208_cuenca,castilla_la_mancha,cuenca,2,0,0,3.3,195,15,7735.8
20240208_guadalajara,castilla_la_mancha,guadalajara,2,0,0,3.6,255,30,10913.1
20240208_las_palmas,canarias,las_palmas,2,0,0,17.4,1150,20,23067.9
20240208_santa_cruz_tenerife,canarias,santa_cruz_tenerife,2,0,0,15.4,1020,20,20215.5
20240208_zaragoza,aragon,zaragoza,2,0,0,1.2,980,50,60773.8
20240208_huesca,aragon,huesca,2,0,0,6.1,220,30,8146.0
20240208_teruel,aragon,teruel,2,0,0,4.1,130,20,4789.0
20240208_badajoz,extremadura,badajoz,2,0,0,6.4,670,22,21574.8
20240208_caceres,extremadura,caceres,2,0,0,5.3,390,18,13086.2
20240208_asturias,asturias,asturias,2,0,0,8.2,1010,45,34277.5
20240208_baleares,baleares,baleares,2,0,0,10.0,1200,15,26515.0
20240208_cantabria,cantabria,cantabria,2,0,0,9.5,580,35,17731.9
20240208_madrid_prov,madrid,madrid_prov,2,0,0,5.2,6700,55,334540.6
20240208_murcia,murcia,murcia,2,0,0,10.8,1550,40,45093.4
20240208_navarra,navarra,navarra,2,0,0,4.2,660,55,33621.8
20240208_la_rioja,la_rioja,la_rioja,2,0,0,3.6,320,40,17036.5
20240210_sevilla,andalucia,sevilla,2,1,0,9.8,1950,55,58405.9
20240210_malaga,andalucia,malaga,2,1,0,11.0,1700,40,43669.3
20240210_cadiz,andalucia,cadiz,2,1,0,8.4,1240,50,42795.0
20240210_cordoba,andalucia,cordoba,2,1,0,10.3,780,35,18762.8
20240210_granada,andalucia,granada,2,1,0,12.0,915,30,20601.1
20240210_jaen,andalucia,jaen,2,1,0,8.6,610,25,17230.3
20240210_almeria,andalucia,almeria,2,1,0,11.3,730,45,18939.2
20240210_huelva,andalucia,huelva,2,1,0,12.6,525,40,12257.4
20240210_barcelona,cataluna,barcelona,2,1,0,7.8,5700,85,239881.5
20240210_tarragona,cataluna,tarragona,2,1,0,8.7,830,70,31589.2
20240210_girona,cataluna,girona,2,1,0,7.9,780,55,26458.1
20240210_lleida,cataluna,lleida,2,1,0,8.0,430,45,13815.1
20240210_valencia,valenciana,valencia,2,1,0,8.4,2650,65,89814.4
20240210_alicante,valenciana,alicante,2,1,0,11.1,1950,55,48750.1
20240210_castellon,valenciana,castellon,2,1,0,10.6,580,60,17262.1
20240210_a_coruna,galicia,a_coruna,2,1,0,10.4,1120,40,28807.7
20240210_pontevedra,galicia,pontevedra,2,1,0,9.5,945,45,27026.5
20240210_lugo,galicia,lugo,2,1,0,8.7,320,25,8530.0
20240210_ourense,galicia,ourense,2,1,0,7.9,305,25,8717.1
20240210_valladolid,castilla_y_leon,valladolid,2,1,0,0.1,520,45,30269.0
20240210_leon,castilla_y_leon,leon,2,1,0,2.8,440,30,18826.7
20240210_burgos,castilla_y_leon,burgos,2,1,0,4.2,360,40,14153.4
20240210_salamanca,castilla_y_leon,salamanca,2,1,0,-0.4,330,25,15644.2
20240210_palencia,castilla_y_leon,palencia,2,1,0,2.5,155,30,6758.6
20240210_zamora,castilla_y_leon,zamora,2,1,0,1.7,165,20,6367.8
20240210_avila,castilla_y_leon,avila,2,1,0,2.6,155,20,5559.7
20240210_segovia,castilla_y_leon,segovia,2,1,0,3.2,150,20,6337.1
20240210_soria,castilla_y_leon,soria,2,1,0,2.0,90,20,3681.9
20240210_vizcaya,pais_vasco,vizcaya,2,1,0,6.5,1150,85,50196.1
20240210_guipuzcoa,pais_vasco,guipuzcoa,2,1,0,6.3,715,80,31705.1
20240210_alava,pais_vasco,alava,2,1,0,5.2,335,70,17469.6
20240210_toledo,castilla_la_mancha,toledo,2,1,0,4.5,730,30,27282.3
20240210_ciudad_real,castilla_la_mancha,ciudad_real,2,1,0,3.6,485,25,17853.5
20240210_albacete,castilla_la_mancha,albacete,2,1,0,5.4,385,25,12505.7
20240210_cuenca,castilla_la_mancha,cuenca,2,1,0,4.8,195,15,5926.8
20240210_guadalajara,castilla_la_mancha,guadalajara,2,1,0,3.6,255,30,9290.0
20240210_las_palmas,canarias,las_palmas,2,1,0,14.6,1150,20,20004.6
20240210_santa_cruz_tenerife,canarias,santa_cruz_tenerife,2,1,0,17.4,1020,20,15864.7
20240210_zaragoza,aragon,zaragoza,2,1,0,4.0,980,50,44321.5
20240210_huesca,aragon,huesca,2,1,0,1.0,220,30,9929.4
20240210_teruel,aragon,teruel,2,1,0,4.6,130,20,4360.6
20240210_badajoz,extremadura,badajoz,2,1,0,4.9,670,22,22153.7
20240210_caceres,extremadura,caceres,2,1,0,8.0,390,18,10216.1
20240210_asturias,asturias,asturias,2,1,0,7.9,1010,45,32060.3
20240210_baleares,baleares,baleares,2,1,0,10.3,1200,15,25566.4
20240210_cantabria,cantabria,cantabria,2,1,0,9.3,580,35,16245.6
20240210_madrid_prov,madrid,madrid_prov,2,1,0,5.2,6700,55,298649.2
20240210_murcia,murcia,murcia,2,1,0,10.9,1550,40,41074.7
20240210_navarra,navarra,navarra,2,1,0,5.2,660,55,27254.3
20240210_la_rioja,la_rioja,la_rioja,2,1,0,1.9,320,40,16743.1
20240212_sevilla,andalucia,sevilla,2,0,0,10.9,1950,55,57298.5
20240212_malaga,andalucia,malaga,2,0,0,9.5,1700,40,54702.1
20240212_cadiz,andalucia,cadiz,2,0,0,10.1,1240,50,39029.0
20240212_cordoba,andalucia,cordoba,2,0,0,12.5,780,35,18354.4
20240212_granada,andalucia,granada,2,0,0,9.4,915,30,26388.4
20240212_jaen,andalucia,jaen,2,0,0,11.1,610,25,15291.6
20240212_almeria,andalucia,almeria,2,0,0,11.8,730,45,20669.0
20240212_huelva,andalucia,huelva,2,0,0,11.2,525,40,14417.8
20240212_barcelona,cataluna,barcelona,2,0,0,8.1,5700,85,271929.6
20240212_tarragona,cataluna,tarragona,2,0,0,8.3,830,70,36587.9
20240212_girona,cataluna,girona,2,0,0,8.7,780,55,28796.2
20240212_lleida,cataluna,lleida,2,0,0,6.8,430,45,16830.6
20240212_valencia,valenciana,valencia,2,0,0,10.4,2650,65,95148.1
20240212_alicante,valenciana,alicante,2,0,0,13.5,1950,55,52862.9
20240212_castellon,valenciana,castellon,2,0,0,11.0,580,60,20183.6
20240212_a_coruna,galicia,a_coruna,2,0,0,8.8,1120,40,41047.2
20240212_pontevedra,galicia,pontevedra,2,0,0,8.1,945,45,34214.7
20240212_lugo,galicia,lugo,2,0,0,7.5,320,25,9765.6
20240212_ourense,galicia,ourense,2,0,0,9.0,305,25,8913.1
20240212_valladolid,castilla_y_leon,valladolid,2,0,0,2.1,520,45,30541.6
20240212_leon,castilla_y_leon,leon,2,0,0,1.6,440,30,21834.5
20240212_burgos,castilla_y_leon,burgos,2,0,0,5.5,360,40,15172.7
20240212_salamanca,castilla_y_leon,salamanca,2,0,0,0.7,330,25,16330.8
20240212_palencia,castilla_y_leon,palencia,2,0,0,0.4,155,30,8928.4
20240212_zamora,castilla_y_leon,zamora,2,0,0,1.2,165,20,7805.4
20240212_avila,castilla_y_leon,avila,2,0,0,1.6,155,20,7329.7
20240212_segovia,castilla_y_leon,segovia,2,0,0,0.5,150,20,7014.8
20240212_soria,castilla_y_leon,soria,2,0,0,2.0,90,20,4105.8
20240212_vizcaya,pais_vasco,vizcaya,2,0,0,7.8,1150,85,53507.9
20240212_guipuzcoa,pais_vasco,guipuzcoa,2,0,0,8.2,715,80,31257.0
20240212_alava,pais_vasco,alava,2,0,0,6.6,335,70,15318.4
20240212_toledo,castilla_la_mancha,toledo,2,0,0,6.1,730,30,27254.8
20240212_ciudad_real,castilla_la_mancha,ciudad_real,2,0,0,5.1,485,25,19127.9
20240212_albacete,castilla_la_mancha,albacete,2,0,0,8.2,385,25,10457.5
20240212_cuenca,castilla_la_mancha,cuenca,2,0,0,3.2,195,15,7263.7
20240212_guadalajara,castilla_la_mancha,guadalajara,2,0,0,3.1,255,30,10922.9
20240212_las_palmas,canarias,las_palmas,2,0,0,17.0,1150,20,20021.1
20240212_santa_cruz_tenerife,canarias,santa_cruz_tenerife,2,0,0,17.9,1020,20,18814.3
20240212_zaragoza,aragon,zaragoza,2,0,0,4.9,980,50,47182.3
20240212_huesca,aragon,huesca,2,0,0,5.0,220,30,8430.9
20240212_teruel,aragon,teruel,2,0,0,7.2,130,20,3982.2
20240212_badajoz,extremadura,badajoz,2,0,0,4.1,670,22,24702.6
20240212_caceres,extremadura,caceres,2,0,0,4.3,390,18,14336.7
20240212_asturias,asturias,asturias,2,0,0,8.0,1010,45,35501.3
20240212_baleares,baleares,baleares,2,0,0,14.1,1200,15,23308.4
20240212_cantabria,cantabria,cantabria,2,0,0,10.1,580,35,15812.3
20240212_madrid_prov,madrid,madrid_prov,2,0,0,3.8,6700,55,354572.6
20240212_murcia,murcia,murcia,2,0,0,11.2,1550,40,39433.2
20240212_navarra,navarra,navarra,2,0,0,3.8,660,55,34804.2
20240212_la_rioja,la_rioja,la_rioja,2,0,0,4.3,320,40,13878.0
20240214_sevilla,andalucia,sevilla,2,0,0,9.9,1950,55,65787.9
20240214_malaga,andalucia,malaga,2,0,0,10.8,1700,40,49973.8
20240214_cadiz,andalucia,cadiz,2,0,0,12.2,1240,50,34908.9
20240214_cordoba,andalucia,cordoba,2,0,0,10.0,780,35,22847.8
20240214_granada,andalucia,granada,2,0,0,11.5,915,30,22357.1
20240214_jaen,andalucia,jaen,2,0,0,11.8,610,25,15031.0
20240214_almeria,andalucia,almeria,2,0,0,12.5,730,45,21557.5
20240214_huelva,andalucia,huelva,2,0,0,9.5,525,40,16336.5
20240214_barcelona,cataluna,barcelona,2,0,0,8.1,5700,85,267857.6
20240214_tarragona,cataluna,tarragona,2,0,0,7.2,830,70,35278.8
20240214_girona,cataluna,girona,2,0,0,8.2,780,55,28647.5
20240214_lleida,cataluna,lleida,2,0,0,8.2,430,45,14586.6
20240214_valencia,valenciana,valencia,2,0,0,9.0,2650,65,104383.2
20240214_alicante,valenciana,alicante,2,0,0,10.8,1950,55,64778.3
20240214_castellon,valenciana,castellon,2,0,0,13.6,580,60,16909.3
20240214_a_coruna,galicia,a_coruna,2,0,0,9.4,1120,40,33141.8
20240214_pontevedra,galicia,pontevedra,2,0,0,6.9,945,45,39666.6
20240214_lugo,galicia,lugo,2,0,0,7.4,320,25,9490.5
20240214_ourense,galicia,ourense,2,0,0,8.7,305,25,8690.9
20240214_valladolid,castilla_y_leon,valladolid,2,0,0,0.6,520,45,31576.6
20240214_leon,castilla_y_leon,leon,2,0,0,3.6,440,30,18373.7
20240214_burgos,castilla_y_leon,burgos,2,0,0,-0.1,360,40,23437.3
20240214_salamanca,castilla_y_leon,salamanca,2,0,0,2.6,330,25,14306.9
20240214_palencia,castilla_y_leon,palencia,2,0,0,-0.3,155,30,8641.7
20240214_zamora,castilla_y_leon,zamora,2,0,0,1.8,165,20,7866.9
20240214_avila,castilla_y_leon,avila,2,0,0,0.4,155,20,7667.8
20240214_segovia,castilla_y_leon,segovia,2,0,0,2.8,150,20,5557.3
20240214_soria,castilla_y_leon,soria,2,0,0,3.3,90,20,3411.6
20240214_vizcaya,pais_vasco,vizcaya,2,0,0,7.9,1150,85,55950.7
20240214_guipuzcoa,pais_vasco,guipuzcoa,2,0,0,8.9,715,80,31794.6
20240214_alava,pais_vasco,alava,2,0,0,4.1,335,70,18550.2
20240214_toledo,castilla_la_mancha,toledo,2,0,0,4.6,730,30,29103.2
20240214_ciudad_real,castilla_la_mancha,ciudad_real,2,0,0,5.1,485,25,18691.2
20240214_albacete,castilla_la_mancha,albacete,2,0,0,5.3,385,25,13921.0
20240214_cuenca,castilla_la_mancha,cuenca,2,0,0,1.8,195,15,8097.5
20240214_guadalajara,castilla_la_mancha,guadalajara,2,0,0,5.0,255,30,9444.4
20240214_las_palmas,canarias,las_palmas,2,0,0,18.3,1150,20,22152.5
20240214_santa_cruz_tenerife,canarias,santa_cruz_tenerife,2,0,0,17.6,1020,20,16110.7
20240214_zaragoza,aragon,zaragoza,2,0,0,2.6,980,50,59878.7
20240214_huesca,aragon,huesca,2,0,0,3.6,220,30,8652.5
20240214_teruel,aragon,teruel,2,0,0,6.1,130,20,4257.9
20240214_badajoz,extremadura,badajoz,2,0,0,8.4,670,22,19201.0
20240214_caceres,extremadura,caceres,2,0,0,7.5,390,18,11485.9
20240214_asturias,asturias,asturias,2,0,0,9.2,1010,45,37365.0
20240214_baleares,baleares,baleares,2,0,0,12.8,1200,15,22255.0
20240214_cantabria,cantabria,cantabria,2,0,0,9.8,580,35,17896.4
20240214_madrid_prov,madrid,madrid_prov,2,0,0,7.1,6700,55,272493.5
20240214_murcia,murcia,murcia,2,0,0,12.7,1550,40,41654.6
20240214_navarra,navarra,navarra,2,0,0,7.8,660,55,24956.7
20240214_la_rioja,la_rioja,la_rioja,2,0,0,4.0,320,40,14503.7
20240216_sevilla,andalucia,sevilla,2,0,0,10.1,1950,55,62556.3
20240216_malaga,andalucia,malaga,2,0,0,7.0,1700,40,61653.4
20240216_cadiz,andalucia,cadiz,2,0,0,11.3,1240,50,36239.6
20240216_cordoba,andalucia,cordoba,2,0,0,13.5,780,35,18395.4
20240216_granada,andalucia,granada,2,0,0,12.6,915,30,21789.4
20240216_jaen,andalucia,jaen,2,0,0,12.0,610,25,14346.4
20240216_almeria,andalucia,almeria,2,0,0,12.7,730,45,19512.4
20240216_huelva,andalucia,huelva,2,0,0,11.5,525,40,14603.2
20240216_barcelona,cataluna,barcelona,2,0,0,7.9,5700,85,280010.7
20240216_tarragona,cataluna,tarragona,2,0,0,11.4,830,70,28332.1
20240216_girona,cataluna,girona,2,0,0,8.8,780,55,30389.9
20240216_lleida,cataluna,lleida,2,0,0,9.9,430,45,13592.0
20240216_valencia,valenciana,valencia,2,0,0,7.3,2650,65,118989.6
20240216_alicante,valenciana,alicante,2,0,0,7.6,1950,55,83963.8
20240216_castellon,valenciana,castellon,2,0,0,10.9,580,60,20215.3
20240216_a_coruna,galicia,a_coruna,2,0,0,7.5,1120,40,36813.2
20240216_pontevedra,galicia,pontevedra,2,0,0,9.2,945,45,31177.5
20240216_lugo,galicia,lugo,2,0,0,8.1,320,25,9551.3
20240216_ourense,galicia,ourense,2,0,0,12.7,305,25,7106.7
20240216_valladolid,castilla_y_leon,valladolid,2,0,0,3.5,520,45,27025.9
20240216_leon,castilla_y_leon,leon,2,0,0,4.1,440,30,18213.8
20240216_burgos,castilla_y_leon,burgos,2,0,0,-0.8,360,40,23340.4
20240216_salamanca,castilla_y_leon,salamanca,2,0,0,3.2,330,25,13420.7
20240216_palencia,castilla_y_leon,palencia,2,0,0,1.8,155,30,7422.4
20240216_zamora,castilla_y_leon,zamora,2,0,0,4.2,165,20,6474.0
20240216_avila,castilla_y_leon,avila,2,0,0,3.0,155,20,6599.2
20240216_segovia,castilla_y_leon,segovia,2,0,0,2.0,150,20,6711.1
20240216_soria,castilla_y_leon,soria,2,0,0,0.4,90,20,4015.1
20240216_vizcaya,pais_vasco,vizcaya,2,0,0,7.7,1150,85,56699.9
20240216_guipuzcoa,pais_vasco,guipuzcoa,2,0,0,9.2,715,80,32787.5
20240216_alava,pais_vasco,alava,2,0,0,9.7,335,70,12228.4
20240216_toledo,castilla_la_mancha,toledo,2,0,0,4.1,730,30,31226.5
20240216_ciudad_real,castilla_la_mancha,ciudad_real,2,0,0,8.2,485,25,15472.7
20240216_albacete,castilla_la_mancha,albacete,2,0,0,6.2,385,25,12906.4
20240216_cuenca,castilla_la_mancha,cuenca,2,0,0,3.4,195,15,7694.7
20240216_guadalajara,castilla_la_mancha,guadalajara,2,0,0,3.1,255,30,11371.1
20240216_las_palmas,canarias,las_palmas,2,0,0,17.4,1150,20,22961.5
20240216_santa_cruz_tenerife,canarias,santa_cruz_tenerife,2,0,0,17.0,1020,20,16697.1
20240216_zaragoza,aragon,zaragoza,2,0,0,5.3,980,50,43156.8
20240216_huesca,aragon,huesca,2,0,0,4.6,220,30,8828.4
20240216_teruel,aragon,teruel,2,0,0,4.2,130,20,5105.9
20240216_badajoz,extremadura,badajoz,2,0,0,4.9,670,22,23820.0
20240216_caceres,extremadura,caceres,2,0,0,8.0,390,18,10555.0
20240216_asturias,asturias,asturias,2,0,0,6.1,1010,45,43115.7
20240216_baleares,baleares,baleares,2,0,0,13.1,1200,15,23640.7
20240216_cantabria,cantabria,cantabria,2,0,0,6.5,580,35,22058.1
20240216_madrid_prov,madrid,madrid_prov,2,0,0,3.2,6700,55,374866.0
20240216_murcia,murcia,murcia,2,0,0,9.9,1550,40,44059.2
20240216_navarra,navarra,navarra,2,0,0,3.8,660,55,34574.3
20240216_la_rioja,la_rioja,la_rioja,2,0,0,4.0,320,40,15195.9
20240218_sevilla,andalucia,sevilla,2,1,0,10.4,1950,55,60922.0
20240218_malaga,andalucia,malaga,2,1,0,11.4,1700,40,40670.4
20240218_cadiz,andalucia,cadiz,2,1,0,9.8,1240,50,33951.3
20240218_cordoba,andalucia,cordoba,2,1,0,11.4,780,35,18157.3
20240218_granada,andalucia,granada,2,1,0,7.7,915,30,25810.4
20240218_jaen,andalucia,jaen,2,1,0,9.7,610,25,15808.7
20240218_almeria,andalucia,almeria,2,1,0,8.6,730,45,21003.7
20240218_huelva,andalucia,huelva,2,1,0,12.5,525,40,13055.0
20240218_barcelona,cataluna,barcelona,2,1,0,7.4,5700,85,247691.8
20240218_tarragona,cataluna,tarragona,2,1,0,9.3,830,70,26305.3
20240218_girona,cataluna,girona,2,1,0,5.8,780,55,31504.2
20240218_lleida,cataluna,lleida,2,1,0,10.6,430,45,11414.0
20240218_valencia,valenciana,valencia,2,1,0,11.0,2650,65,86467.4
20240218_alicante,valenciana,alicante,2,1,0,13.8,1950,55,46877.0
20240218_castellon,valenciana,castellon,2,1,0,10.8,580,60,19089.1
20240218_a_coruna,galicia,a_coruna,2,1,0,6.8,1120,40,39844.7
20240218_pontevedra,galicia,pontevedra,2,1,0,7.5,945,45,31804.2
20240218_lugo,galicia,lugo,2,1,0,8.6,320,25,7905.7
20240218_ourense,galicia,ourense,2,1,0,7.5,305,25,8625.4
20240218_valladolid,castilla_y_leon,valladolid,2,1,0,3.6,520,45,22964.9
20240218_leon,castilla_y_leon,leon,2,1,0,2.3,440,30,19417.8
20240218_burgos,castilla_y_leon,burgos,2,1,0,0.9,360,40,19481.4
20240218_salamanca,castilla_y_leon,salamanca,2,1,0,3.4,330,25,14224.6
20240218_palencia,castilla_y_leon,palencia,2,1,0,1.7,155,30,6800.9
20240218_zamora,castilla_y_leon,zamora,2,1,0,3.3,165,20,6218.4
20240218_avila,castilla_y_leon,avila,2,1,0,1.5,155,20,6282.7
20240218_segovia,castilla_y_leon,segovia,2,1,0,3.0,150,20,5330.4
20240218_soria,castilla_y_leon,soria,2,1,0,1.7,90,20,3691.9
20240218_vizcaya,pais_vasco,vizcaya,2,1,0,9.1,1150,85,44434.0
20240218_guipuzcoa,pais_vasco,guipuzcoa,2,1,0,5.1,715,80,33392.4
20240218_alava,pais_vasco,alava,2,1,0,5.9,335,70,14213.0
20240218_toledo,castilla_la_mancha,toledo,2,1,0,4.6,730,30,24949.1
20240218_ciudad_real,castilla_la_mancha,ciudad_real,2,1,0,3.8,485,25,17076.2
20240218_albacete,castilla_la_mancha,albacete,2,1,0,4.2,385,25,14649.4
20240218_cuenca,castilla_la_mancha,cuenca,2,1,0,5.8,195,15,5591.5
20240218_guadalajara,castilla_la_mancha,guadalajara,2,1,0,4.2,255,30,9343.2
20240218_las_palmas,canarias,las_palmas,2,1,0,18.0,1150,20,19604.4
20240218_santa_cruz_tenerife,canarias,santa_cruz_tenerife,2,1,0,16.3,1020,20,17183.8
20240218_zaragoza,aragon,zaragoza,2,1,0,1.9,980,50,52083.2
20240218_huesca,aragon,huesca,2,1,0,5.8,220,30,7199.4
20240218_teruel,aragon,teruel,2,1,0,7.3,130,20,3359.2
20240218_badajoz,extremadura,badajoz,2,1,0,7.5,670,22,18089.5
20240218_caceres,extremadura,caceres,2,1,0,7.1,390,18,10392.7
20240218_asturias,asturias,asturias,2,1,0,8.6,1010,45,32693.1
20240218_baleares,baleares,baleares,2,1,0,13.6,1200,15,20853.7
20240218_cantabria,cantabria,cantabria,2,1,0,10.5,580,35,14043.1
20240218_madrid_prov,madrid,madrid_prov,2,1,0,6.8,6700,55,245298.2
20240218_murcia,murcia,murcia,2,1,0,12.9,1550,40,39606.5
20240218_navarra,navarra,navarra,2,1,0,4.4,660,55,26871.7
20240218_la_rioja,la_rioja,la_rioja,2,1,0,4.3,320,40,13802.1
20240220_sevilla,andalucia,sevilla,2,0,0,11.9,1950,55,59404.2
20240220_malaga,andalucia,malaga,2,0,0,12.6,1700,40,44888.2
20240220_cadiz,andalucia,cadiz,2,0,0,12.9,1240,50,35793.1
20240220_cordoba,andalucia,cordoba,2,0,0,13.3,780,35,18917.5
20240220_granada,andalucia,granada,2,0,0,12.4,915,30,21396.5
20240220_jaen,andalucia,jaen,2,0,0,10.3,610,25,17010.7
20240220_almeria,andalucia,almeria,2,0,0,11.5,730,45,21706.0
20240220_huelva,andalucia,huelva,2,0,0,11.3,525,40,14070.4
20240220_barcelona,cataluna,barcelona,2,0,0,8.6,5700,85,279807.7
20240220_tarragona,cataluna,tarragona,2,0,0,9.4,830,70,29979.0
20240220_girona,cataluna,girona,2,0,0,8.3,780,55,32451.8
20240220_lleida,cataluna,lleida,2,0,0,8.3,430,45,13820.3
20240220_valencia,valenciana,valencia,2,0,0,13.6,2650,65,81597.4
20240220_alicante,valenciana,alicante,2,0,0,10.9,1950,55,61262.2
20240220_castellon,valenciana,castellon,2,0,0,12.5,580,60,17109.9
20240220_a_coruna,galicia,a_coruna,2,0,0,10.6,1120,40,33169.6
20240220_pontevedra,galicia,pontevedra,2,0,0,9.4,945,45,31063.7
20240220_lugo,galicia,lugo,2,0,0,8.8,320,25,9574.7
20240220_ourense,galicia,ourense,2,0,0,7.8,305,25,8547.8
20240220_valladolid,castilla_y_leon,valladolid,2,0,0,3.3,520,45,27158.9
20240220_leon,castilla_y_leon,leon,2,0,0,3.1,440,30,20207.8
20240220_burgos,castilla_y_leon,burgos,2,0,0,2.0,360,40,20008.7
20240220_salamanca,castilla_y_leon,salamanca,2,0,0,2.4,330,25,14584.1
20240220_palencia,castilla_y_leon,palencia,2,0,0,2.0,155,30,8371.7
20240220_zamora,castilla_y_leon,zamora,2,0,0,0.0,165,20,8645.1
20240220_avila,castilla_y_leon,avila,2,0,0,0.1,155,20,7834.2
20240220_segovia,castilla_y_leon,segovia,2,0,0,1.8,150,20,6055.9
20240220_soria,castilla_y_leon,soria,2,0,0,3.0,90,20,3636.2
20240220_vizcaya,pais_vasco,vizcaya,2,0,0,4.9,1150,85,71854.0
20240220_guipuzcoa,pais_vasco,guipuzcoa,2,0,0,9.8,715,80,31409.0
20240220_alava,pais_vasco,alava,2,0,0,8.3,335,70,14206.3
20240220_toledo,castilla_la_mancha,toledo,2,0,0,6.9,730,30,27030.6
20240220_ciudad_real,castilla_la_mancha,ciudad_real,2,0,0,6.6,485,25,15315.4
20240220_albacete,castilla_la_mancha,albacete,2,0,0,5.3,385,25,14340.8
20240220_cuenca,castilla_la_mancha,cuenca,2,0,0,2.5,195,15,8079.7
20240220_guadalajara,castilla_la_mancha,guadalajara,2,0,0,8.2,255,30,8151.3
20240220_las_palmas,canarias,las_palmas,2,0,0,19.7,1150,20,21694.2
20240220_santa_cruz_tenerife,canarias,santa_cruz_tenerife,2,0,0,17.5,1020,20,19146.6
20240220_zaragoza,aragon,zaragoza,2,0,0,3.8,980,50,47420.4
20240220_huesca,aragon,huesca,2,0,0,6.7,220,30,8126.5
20240220_teruel,aragon,teruel,2,0,0,3.6,130,20,5387.7
20240220_badajoz,extremadura,badajoz,2,0,0,7.3,670,22,20809.9
20240220_caceres,extremadura,caceres,2,0,0,8.1,390,18,11369.9
20240220_asturias,asturias,asturias,2,0,0,8.6,1010,45,37171.9
20240220_baleares,baleares,baleares,2,0,0,12.2,1200,15,25551.0
20240220_cantabria,cantabria,cantabria,2,0,0,8.3,580,35,20883.7
20240220_madrid_prov,madrid,madrid_prov,2,0,0,6.6,6700,55,297946.8
20240220_murcia,murcia,murcia,2,0,0,9.2,1550,40,46962.5
20240220_navarra,navarra,navarra,2,0,0,6.5,660,55,28964.4
20240220_la_rioja,la_rioja,la_rioja,2,0,0,2.6,320,40,17255.5
20240222_sevilla,andalucia,sevilla,2,0,0,10.6,1950,55,68201.7
20240222_malaga,andalucia,malaga,2,0,0,11.2,1700,40,47715.6
20240222_cadiz,andalucia,cadiz,2,0,0,13.0,1240,50,32478.5
20240222_cordoba,andalucia,cordoba,2,0,0,10.0,780,35,22233.0
20240222_granada,andalucia,granada,2,0,0,12.5,915,30,20250.0
20240222_jaen,andalucia,jaen,2,0,0,9.0,610,25,17750.2
20240222_almeria,andalucia,almeria,2,0,0,10.5,730,45,21674.3
20240222_huelva,andalucia,huelva,2,0,0,8.8,525,40,16555.0
20240222_barcelona,cataluna,barcelona,2,0,0,8.7,5700,85,270037.4
20240222_tarragona,cataluna,tarragona,2,0,0,7.7,830,70,39895.3
20240222_girona,cataluna,girona,2,0,0,7.8,780,55,29687.9
20240222_lleida,cataluna,lleida,2,0,0,10.9,430,45,12840.9
20240222_valencia,valenciana,valencia,2,0,0,10.4,2650,65,93473.1
20240222_alicante,valenciana,alicante,2,0,0,13.0,1950,55,59638.9
20240222_castellon,valenciana,castellon,2,0,0,10.0,580,60,20328.0
20240222_a_coruna,galicia,a_coruna,2,0,0,9.3,1120,40,33598.9
20240222_pontevedra,galicia,pontevedra,2,0,0,9.1,945,45,31498.3
20240222_lugo,galicia,lugo,2,0,0,10.7,320,25,8487.0
20240222_ourense,galicia,ourense,2,0,0,8.7,305,25,8630.5
20240222_valladolid,castilla_y_leon,valladolid,2,0,0,3.6,520,45,25024.3
20240222_leon,castilla_y_leon,leon,2,0,0,3.5,440,30,19186.6
20240222_burgos,castilla_y_leon,burgos,2,0,0,1.3,360,40,19287.4
20240222_salamanca,castilla_y_leon,salamanca,2,0,0,4.7,330,25,12505.3
20240222_palencia,castilla_y_leon,palencia,2,0,0,5.0,155,30,5932.6
20240222_zamora,castilla_y_leon,zamora,2,0,0,3.1,165,20,7613.9
20240222_avila,castilla_y_leon,avila,2,0,0,1.2,155,20,6626.3
20240222_segovia,castilla_y_leon,segovia,2,0,0,4.5,150,20,5315.0
20240222_soria,castilla_y_leon,soria,2,0,0,2.6,90,20,3695.4
20240222_vizcaya,pais_vasco,vizcaya,2,0,0,8.3,1150,85,51076.8
20240222_guipuzcoa,pais_vasco,guipuzcoa,2,0,0,7.7,715,80,34510.2
20240222_alava,pais_vasco,alava,2,0,0,6.5,335,70,15545.9
20240222_toledo,castilla_la_mancha,toledo,2,0,0,4.8,730,30,27048.8
20240222_ciudad_real,castilla_la_mancha,ciudad_real,2,0,0,4.7,485,25,18653.6
20240222_albacete,castilla_la_mancha,albacete,2,0,0,4.7,385,25,14486.8
20240222_cuenca,castilla_la_mancha,cuenca,2,0,0,5.2,195,15,6240.9
20240222_guadalajara,castilla_la_mancha,guadalajara,2,0,0,6.2,255,30,9792.9
20240222_las_palmas,canarias,las_palmas,2,0,0,17.1,1150,20,21777.7
20240222_santa_cruz_tenerife,canarias,santa_cruz_tenerife,2,0,0,17.4,1020,20,19149.6
20240222_zaragoza,aragon,zaragoza,2,0,0,7.4,980,50,39304.0
20240222_huesca,aragon,huesca,2,0,0,2.7,220,30,10461.4
20240222_teruel,aragon,teruel,2,0,0,6.9,130,20,3970.6
20240222_badajoz,extremadura,badajoz,2,0,0,9.1,670,22,17497.0
20240222_caceres,extremadura,caceres,2,0,0,5.6,390,18,13074.9
20240222_asturias,asturias,asturias,2,0,0,6.2,1010,45,40855.3
20240222_baleares,baleares,baleares,2,0,0,13.7,1200,15,20924.9
20240222_cantabria,cantabria,cantabria,2,0,0,7.7,580,35,18476.7
20240222_madrid_prov,madrid,madrid_prov,2,0,0,6.1,6700,55,293533.9
20240222_murcia,murcia,murcia,2,0,0,13.6,1550,40,39906.4
20240222_navarra,navarra,navarra,2,0,0,5.7,660,55,30606.6
20240222_la_rioja,la_rioja,la_rioja,2,0,0,6.0,320,40,12180.9
20240224_sevilla,andalucia,sevilla,2,1,0,12.7,1950,55,47872.9
20240224_malaga,andalucia,malaga,2,1,0,12.7,1700,40,41558.0
20240224_cadiz,andalucia,cadiz,2,1,0,11.8,1240,50,32204.6
20240224_cordoba,andalucia,cordoba,2,1,0,12.1,780,35,15392.1
20240224_granada,andalucia,granada,2,1,0,12.0,915,30,19939.8
20240224_jaen,andalucia,jaen,2,1,0,11.5,610,25,13577.1
20240224_almeria,andalucia,almeria,2,1,0,11.4,730,45,17756.8
20240224_huelva,andalucia,huelva,2,1,0,11.3,525,40,13080.3
20240224_barcelona,cataluna,barcelona,2,1,0,9.1,5700,85,228263.0
20240224_tarragona,cataluna,tarragona,2,1,0,10.4,830,70,26015.4
20240224_girona,cataluna,girona,2,1,0,9.2,780,55,26769.9
20240224_lleida,cataluna,lleida,2,1,0,6.5,430,45,15602.7
20240224_valencia,valenciana,valencia,2,1,0,10.5,2650,65,82571.3
20240224_alicante,valenciana,alicante,2,1,0,10.1,1950,55,58705.1
20240224_castellon,valenciana,castellon,2,1,0,13.9,580,60,13913.1
20240224_a_coruna,galicia,a_coruna,2,1,0,7.6,1120,40,33394.6
20240224_pontevedra,galicia,pontevedra,2,1,0,11.7,945,45,23470.1
20240224_lugo,galicia,lugo,2,1,0,9.2,320,25,7777.7
20240224_ourense,galicia,ourense,2,1,0,7.9,305,25,8175.6
20240224_valladolid,castilla_y_leon,valladolid,2,1,0,6.3,520,45,20306.4
20240224_leon,castilla_y_leon,leon,2,1,0,1.7,440,30,20438.2
20240224_burgos,castilla_y_leon,burgos,2,1,0,1.7,360,40,16163.6
20240224_salamanca,castilla_y_leon,salamanca,2,1,0,4.3,330,25,12358.6
20240224_palencia,castilla_y_leon,palencia,2,1,0,4.4,155,30,5597.5
20240224_zamora,castilla_y_leon,zamora,2,1,0,2.7,165,20,6508.9
20240224_avila,castilla_y_leon,avila,2,1,0,3.4,155,20,5451.1
20240224_segovia,castilla_y_leon,segovia,2,1,0,0.6,150,20,6645.9
20240224_soria,castilla_y_leon,soria,2,1,0,4.4,90,20,2831.2
20240224_vizcaya,pais_vasco,vizcaya,2,1,0,9.0,1150,85,46789.4
20240224_guipuzcoa,pais_vasco,guipuzcoa,2,1,0,9.1,715,80,28657.9
20240224_alava,pais_vasco,alava,2,1,0,7.1,335,70,12802.9
20240224_toledo,castilla_la_mancha,toledo,2,1,0,4.8,730,30,27386.6
20240224_ciudad_real,castilla_la_mancha,ciudad_real,2,1,0,4.7,485,25,16038.5
20240224_albacete,castilla_la_mancha,albacete,2,1,0,3.0,385,25,16428.4
20240224_cuenca,castilla_la_mancha,cuenca,2,1,0,6.7,195,15,5433.2
20240224_guadalajara,castilla_la_mancha,guadalajara,2,1,0,6.9,255,30,8067.0
20240224_las_palmas,canarias,las_palmas,2,1,0,17.5,1150,20,18915.5
20240224_santa_cruz_tenerife,canarias,santa_cruz_tenerife,2,1,0,17.2,1020,20,19333.6
20240224_zaragoza,aragon,zaragoza,2,1,0,6.2,980,50,36746.7
20240224_huesca,aragon,huesca,2,1,0,6.0,220,30,6825.1
20240224_teruel,aragon,teruel,2,1,0,7.5,130,20,3346.1
20240224_badajoz,extremadura,badajoz,2,1,0,8.6,670,22,17756.3
20240224_caceres,extremadura,caceres,2,1,0,8.4,390,18,9555.6
20240224_asturias,asturias,asturias,2,1,0,8.8,1010,45,30811.6
20240224_baleares,baleares,baleares,2,1,0,11.3,1200,15,22992.6
20240224_cantabria,cantabria,cantabria,2,1,0,11.7,580,35,13429.4
20240224_madrid_prov,madrid,madrid_prov,2,1,0,5.3,6700,55,277886.4
20240224_murcia,murcia,murcia,2,1,0,13.4,1550,40,35811.8
20240224_navarra,navarra,navarra,2,1,0,5.9,660,55,26416.4
20240224_la_rioja,la_rioja,la_rioja,2,1,0,6.5,320,40,10718.5
20240226_sevilla,andalucia,sevilla,2,0,0,11.4,1950,55,63586.2
20240226_malaga,andalucia,malaga,2,0,0,13.0,1700,40,40912.1
20240226_cadiz,andalucia,cadiz,2,0,0,10.6,1240,50,39200.6
20240226_cordoba,andalucia,cordoba,2,0,0,14.2,780,35,16273.9
20240226_granada,andalucia,granada,2,0,0,12.1,915,30,20610.2
20240226_jaen,andalucia,jaen,2,0,0,10.9,610,25,14835.8
20240226_almeria,andalucia,almeria,2,0,0,11.2,730,45,20680.6
20240226_huelva,andalucia,huelva,2,0,0,11.8,525,40,13773.3
20240226_barcelona,cataluna,barcelona,2,0,0,7.1,5700,85,301685.8
20240226_tarragona,cataluna,tarragona,2,0,0,10.2,830,70,32266.7
20240226_girona,cataluna,girona,2,0,0,7.0,780,55,33097.8
20240226_lleida,cataluna,lleida,2,0,0,10.1,430,45,12719.2
20240226_valencia,valenciana,valencia,2,0,0,11.5,2650,65,87401.9
20240226_alicante,valenciana,alicante,2,0,0,14.1,1950,55,58306.3
20240226_castellon,valenciana,castellon,2,0,0,9.2,580,60,24399.2
20240226_a_coruna,galicia,a_coruna,2,0,0,8.1,1120,40,40196.1
20240226_pontevedra,galicia,pontevedra,2,0,0,10.7,945,45,26849.6
20240226_lugo,galicia,lugo,2,0,0,10.1,320,25,8289.6
20240226_ourense,galicia,ourense,2,0,0,10.2,305,25,7991.5
20240226_valladolid,castilla_y_leon,valladolid,2,0,0,4.8,520,45,23657.1
20240226_leon,castilla_y_leon,leon,2,0,0,2.9,440,30,21279.3
20240226_burgos,castilla_y_leon,burgos,2,0,0,3.9,360,40,17302.0
20240226_salamanca,castilla_y_leon,salamanca,2,0,0,2.2,330,25,14385.0
20240226_palencia,castilla_y_leon,palencia,2,0,0,2.3,155,30,7168.5
20240226_zamora,castilla_y_leon,zamora,2,0,0,4.2,165,20,6513.8
20240226_avila,castilla_y_leon,avila,2,0,0,2.9,155,20,6900.7
20240226_segovia,castilla_y_leon,segovia,2,0,0,5.0,150,20,5373.8
20240226_soria,castilla_y_leon,soria,2,0,0,2.0,90,20,4322.1
20240226_vizcaya,pais_vasco,vizcaya,2,0,0,8.2,1150,85,54493.8
20240226_guipuzcoa,pais_vasco,guipuzcoa,2,0,0,7.8,715,80,32085.1
20240226_alava,pais_vasco,alava,2,0,0,6.2,335,70,17035.3
20240226_toledo,castilla_la_mancha,toledo,2,0,0,4.7,730,30,34181.6
20240226_ciudad_real,castilla_la_mancha,ciudad_real,2,0,0,4.2,485,25,18001.9
20240226_albacete,castilla_la_mancha,albacete,2,0,0,6.5,385,25,13925.7
20240226_cuenca,castilla_la_mancha,cuenca,2,0,0,5.8,195,15,6348.7
20240226_guadalajara,castilla_la_mancha,guadalajara,2,0,0,3.2,255,30,11056.0
20240226_las_palmas,canarias,las_palmas,2,0,0,16.4,1150,20,19523.6
20240226_santa_cruz_tenerife,canarias,santa_cruz_tenerife,2,0,0,18.0,1020,20,16773.5
20240226_zaragoza,aragon,zaragoza,2,0,0,3.8,980,50,48570.1
20240226_huesca,aragon,huesca,2,0,0,4.5,220,30,9146.3
20240226_teruel,aragon,teruel,2,0,0,6.1,130,20,4464.5
20240226_badajoz,extremadura,badajoz,2,0,0,9.2,670,22,19020.5
20240226_caceres,extremadura,caceres,2,0,0,8.1,390,18,10963.3
20240226_asturias,asturias,asturias,2,0,0,9.6,1010,45,32694.5
20240226_baleares,baleares,baleares,2,0,0,11.7,1200,15,25096.4
20240226_cantabria,cantabria,cantabria,2,0,0,8.6,580,35,18692.7
20240226_madrid_prov,madrid,madrid_prov,2,0,0,6.5,6700,55,280504.4
20240226_murcia,murcia,murcia,2,0,0,11.1,1550,40,40925.7
20240226_navarra,navarra,navarra,2,0,0,6.7,660,55,28152.1
20240226_la_rioja,la_rioja,la_rioja,2,0,0,4.7,320,40,14625.6
20240228_sevilla,andalucia,sevilla,2,0,0,11.2,1950,55,57177.6
20240228_malaga,andalucia,malaga,2,0,0,13.4,1700,40,41025.1
20240228_cadiz,andalucia,cadiz,2,0,0,11.4,1240,50,37137.5
20240228_cordoba,andalucia,cordoba,2,0,0,13.6,780,35,18387.0
20240228_granada,andalucia,granada,2,0,0,10.3,915,30,25337.8
20240228_jaen,andalucia,jaen,2,0,0,11.3,610,25,16191.3
20240228_almeria,andalucia,almeria,2,0,0,12.0,730,45,18142.2
20240228_huelva,andalucia,huelva,2,0,0,12.5,525,40,15009.9
20240228_barcelona,cataluna,barcelona,2,0,0,11.5,5700,85,236210.6
20240228_tarragona,cataluna,tarragona,2,0,0,7.9,830,70,37835.7
20240228_girona,cataluna,girona,2,0,0,8.3,780,55,29950.5
20240228_lleida,cataluna,lleida,2,0,0,7.5,430,45,15434.6
20240228_valencia,valenciana,valencia,2,0,0,10.7,2650,65,96322.2
20240228_alicante,valenciana,alicante,2,0,0,12.8,1950,55,56854.2
20240228_castellon,valenciana,castellon,2,0,0,9.8,580,60,20336.6
20240228_a_coruna,galicia,a_coruna,2,0,0,8.5,1120,40,38961.9
20240228_pontevedra,galicia,pontevedra,2,0,0,11.2,945,45,29002.1
20240228_lugo,galicia,lugo,2,0,0,8.4,320,25,8108.8
20240228_ourense,galicia,ourense,2,0,0,7.0,305,25,10529.4
20240228_valladolid,castilla_y_leon,valladolid,2,0,0,2.8,520,45,26307.7
20240228_leon,castilla_y_leon,leon,2,0,0,5.7,440,30,17470.8
20240228_burgos,castilla_y_leon,burgos,2,0,0,3.4,360,40,17101.3
20240228_salamanca,castilla_y_leon,salamanca,2,0,0,3.2,330,25,14254.4
20240228_palencia,castilla_y_leon,palencia,2,0,0,5.6,155,30,5926.6
20240228_zamora,castilla_y_leon,zamora,2,0,0,4.4,165,20,6499.8
20240228_avila,castilla_y_leon,avila,2,0,0,1.7,155,20,7272.5
20240228_segovia,castilla_y_leon,segovia,2,0,0,3.0,150,20,5462.6
20240228_soria,castilla_y_leon,soria,2,0,0,0.4,90,20,4258.0
20240228_vizcaya,pais_vasco,vizcaya,2,0,0,9.2,1150,85,50839.1
20240228_guipuzcoa,pais_vasco,guipuzcoa,2,0,0,8.7,715,80,34719.4
20240228_alava,pais_vasco,alava,2,0,0,6.6,335,70,15956.9
20240228_toledo,castilla_la_mancha,toledo,2,0,0,6.4,730,30,24793.0
20240228_ciudad_real,castilla_la_mancha,ciudad_real,2,0,0,6.0,485,25,15471.4
20240228_albacete,castilla_la_mancha,albacete,2,0,0,8.0,385,25,11175.3
20240228_cuenca,castilla_la_mancha,cuenca,2,0,0,8.8,195,15,4961.6
20240228_guadalajara,castilla_la_mancha,guadalajara,2,0,0,7.4,255,30,8325.1
20240228_las_palmas,canarias,las_palmas,2,0,0,17.9,1150,20,20547.4
20240228_santa_cruz_tenerife,canarias,santa_cruz_tenerife,2,0,0,18.1,1020,20,19066.2
20240228_zaragoza,aragon,zaragoza,2,0,0,4.8,980,50,46050.3
20240228_huesca,aragon,huesca,2,0,0,5.0,220,30,9655.2
20240228_teruel,aragon,teruel,2,0,0,5.7,130,20,4719.0
20240228_badajoz,extremadura,badajoz,2,0,0,8.1,670,22,19623.1
20240228_caceres,extremadura,caceres,2,0,0,6.5,390,18,11854.2
20240228_asturias,asturias,asturias,2,0,0,9.3,1010,45,35842.7
20240228_baleares,baleares,baleares,2,0,0,12.7,1200,15,25873.7
20240228_cantabria,cantabria,cantabria,2,0,0,10.8,580,35,17216.3
20240228_madrid_prov,madrid,madrid_prov,2,0,0,6.8,6700,55,319860.4
20240228_murcia,murcia,murcia,2,0,0,11.5,1550,40,40785.7
20240228_navarra,navarra,navarra,2,0,0,3.9,660,55,38873.1
20240228_la_rioja,la_rioja,la_rioja,2,0,0,7.2,320,40,11430.0
20240301_sevilla,andalucia,sevilla,3,0,0,13.9,1950,55,55155.3
20240301_malaga,andalucia,malaga,3,0,0,14.9,1700,40,36731.1
20240301_cadiz,andalucia,cadiz,3,0,0,11.8,1240,50,35355.3
20240301_cordoba,andalucia,cordoba,3,0,0,9.4,780,35,24561.3
20240301_granada,andalucia,granada,3,0,0,11.8,915,30,23348.6
20240301_jaen,andalucia,jaen,3,0,0,15.5,610,25,11999.6
20240301_almeria,andalucia,almeria,3,0,0,11.6,730,45,20840.7
20240301_huelva,andalucia,huelva,3,0,0,13.6,525,40,12555.5
20240301_barcelona,cataluna,barcelona,3,0,0,8.6,5700,85,273643.0
20240301_tarragona,cataluna,tarragona,3,0,0,10.1,830,70,28150.0
20240301_girona,cataluna,girona,3,0,0,7.8,780,55,33076.8
20240301_lleida,cataluna,lleida,3,0,0,10.1,430,45,12876.5
20240301_valencia,valenciana,valencia,3,0,0,11.6,2650,65,87331.0
20240301_alicante,valenciana,alicante,3,0,0,12.9,1950,55,52129.2
20240301_castellon,valenciana,castellon,3,0,0,10.7,580,60,19759.5
20240301_a_coruna,galicia,a_coruna,3,0,0,9.5,1120,40,35753.1
20240301_pontevedra,galicia,pontevedra,3,0,0,7.9,945,45,34721.3
20240301_lugo,galicia,lugo,3,0,0,11.2,320,25,7974.0
20240301_ourense,galicia,ourense,3,0,0,9.8,305,25,8028.4
20240301_valladolid,castilla_y_leon,valladolid,3,0,0,2.5,520,45,27934.6
20240301_leon,castilla_y_leon,leon,3,0,0,5.4,440,30,16648.0
20240301_burgos,castilla_y_leon,burgos,3,0,0,2.4,360,40,18263.4
20240301_salamanca,castilla_y_leon,salamanca,3,0,0,3.9,330,25,13116.4
20240301_palencia,castilla_y_leon,palencia,3,0,0,4.3,155,30,6562.6
20240301_zamora,castilla_y_leon,zamora,3,0,0,4.9,165,20,6352.5
20240301_avila,castilla_y_leon,avila,3,0,0,5.0,155,20,5245.4
20240301_segovia,castilla_y_leon,segovia,3,0,0,2.4,150,20,6449.9
20240301_soria,castilla_y_leon,soria,3,0,0,3.0,90,20,3502.7
20240301_vizcaya,pais_vasco,vizcaya,3,0,0,8.0,1150,85,53644.6
20240301_guipuzcoa,pais_vasco,guipuzcoa,3,0,0,7.6,715,80,33338.4
20240301_alava,pais_vasco,alava,3,0,0,10.2,335,70,12568.8
20240301_toledo,castilla_la_mancha,toledo,3,0,0,9.7,730,30,20563.9
20240301_ciudad_real,castilla_la_mancha,ciudad_real,3,0,0,5.9,485,25,16988.7
20240301_albacete,castilla_la_mancha,albacete,3,0,0,6.6,385,25,13026.6
20240301_cuenca,castilla_la_mancha,cuenca,3,0,0,9.2,195,15,4658.2
20240301_guadalajara,castilla_la_mancha,guadalajara,3,0,0,7.5,255,30,8417.5
20240301_las_palmas,canarias,las_palmas,3,0,0,15.8,1150,20,22550.6
20240301_santa_cruz_tenerife,canarias,santa_cruz_tenerife,3,0,0,19.8,1020,20,18302.2
20240301_zaragoza,aragon,zaragoza,3,0,0,6.1,980,50,38505.0
20240301_huesca,aragon,huesca,3,0,0,4.4,220,30,9521.3
20240301_teruel,aragon,teruel,3,0,0,5.5,130,20,4217.3
20240301_badajoz,extremadura,badajoz,3,0,0,8.9,670,22,17787.3
20240301_caceres,extremadura,caceres,3,0,0,8.0,390,18,11333.0
20240301_asturias,asturias,asturias,3,0,0,7.5,1010,45,35863.7
20240301_baleares,baleares,baleares,3,0,0,12.8,1200,15,25250.4
20240301_cantabria,cantabria,cantabria,3,0,0,11.7,580,35,14504.0
20240301_madrid_prov,madrid,madrid_prov,3,0,0,8.4,6700,55,242536.7
20240301_murcia,murcia,murcia,3,0,0,14.9,1550,40,34183.0
20240301_navarra,navarra,navarra,3,0,0,7.7,660,55,25355.7
20240301_la_rioja,la_rioja,la_rioja,3,0,0,9.1,320,40,10472.0
20240303_sevilla,andalucia,sevilla,3,1,0,11.0,1950,55,54429.9
20240303_malaga,andalucia,malaga,3,1,0,13.5,1700,40,39789.9
20240303_cadiz,andalucia,cadiz,3,1,0,12.3,1240,50,31761.5
20240303_cordoba,andalucia,cordoba,3,1,0,13.5,780,35,16713.3
20240303_granada,andalucia,granada,3,1,0,10.6,915,30,20896.5
20240303_jaen,andalucia,jaen,3,1,0,12.7,610,25,13011.8
20240303_almeria,andalucia,almeria,3,1,0,14.7,730,45,16777.8
20240303_huelva,andalucia,huelva,3,1,0,12.8,525,40,12504.7
20240303_barcelona,cataluna,barcelona,3,1,0,8.8,5700,85,229238.8
20240303_tarragona,cataluna,tarragona,3,1,0,8.6,830,70,29115.1
20240303_girona,cataluna,girona,3,1,0,10.2,780,55,23672.1
20240303_lleida,cataluna,lleida,3,1,0,10.7,430,45,11901.4
20240303_valencia,valenciana,valencia,3,1,0,12.4,2650,65,77388.7
20240303_alicante,valenciana,alicante,3,1,0,12.0,1950,55,53695.1
20240303_castellon,valenciana,castellon,3,1,0,11.1,580,60,17480.3
20240303_a_coruna,galicia,a_coruna,3,1,0,10.7,1120,40,27961.9
20240303_pontevedra,galicia,pontevedra,3,1,0,9.8,945,45,26057.9
20240303_lugo,galicia,lugo,3,1,0,9.0,320,25,7595.4
20240303_ourense,galicia,ourense,3,1,0,11.5,305,25,6885.2
20240303_valladolid,castilla_y_leon,valladolid,3,1,0,4.6,520,45,23698.1
20240303_leon,castilla_y_leon,leon,3,1,0,3.6,440,30,19994.1
20240303_burgos,castilla_y_leon,burgos,3,1,0,3.6,360,40,15631.9
20240303_salamanca,castilla_y_leon,salamanca,3,1,0,3.3,330,25,12787.7
20240303_palencia,castilla_y_leon,palencia,3,1,0,5.1,155,30,5411.1
20240303_zamora,castilla_y_leon,zamora,3,1,0,6.4,165,20,4822.0
20240303_avila,castilla_y_leon,avila,3,1,0,4.3,155,20,4998.7
20240303_segovia,castilla_y_leon,segovia,3,1,0,4.5,150,20,4951.9
20240303_soria,castilla_y_leon,soria,3,1,0,3.0,90,20,3200.2
20240303_vizcaya,pais_vasco,vizcaya,3,1,0,12.5,1150,85,36626.2
20240303_guipuzcoa,pais_vasco,guipuzcoa,3,1,0,6.7,715,80,31474.6
20240303_alava,pais_vasco,alava,3,1,0,8.7,335,70,12767.2
20240303_toledo,castilla_la_mancha,toledo,3,1,0,7.3,730,30,22446.9
20240303_ciudad_real,castilla_la_mancha,ciudad_real,3,1,0,5.6,485,25,15807.2
20240303_albacete,castilla_la_mancha,albacete,3,1,0,5.3,385,25,12249.6
20240303_cuenca,castilla_la_mancha,cuenca,3,1,0,5.3,195,15,5462.3
20240303_guadalajara,castilla_la_mancha,guadalajara,3,1,0,8.0,255,30,7455.3
20240303_las_palmas,canarias,las_palmas,3,1,0,19.5,1150,20,19311.6
20240303_santa_cruz_tenerife,canarias,santa_cruz_tenerife,3,1,0,19.2,1020,20,15589.4
20240303_zaragoza,aragon,zaragoza,3,1,0,7.6,980,50,34215.4
20240303_huesca,aragon,huesca,3,1,0,7.3,220,30,6694.1
20240303_teruel,aragon,teruel,3,1,0,5.0,130,20,3853.6
20240303_badajoz,extremadura,badajoz,3,1,0,7.9,670,22,18201.1
20240303_caceres,extremadura,caceres,3,1,0,9.8,390,18,8064.9
20240303_asturias,asturias,asturias,3,1,0,7.9,1010,45,31676.9
20240303_baleares,baleares,baleares,3,1,0,12.3,1200,15,20799.1
20240303_cantabria,cantabria,cantabria,3,1,0,8.1,580,35,16357.3
20240303_madrid_prov,madrid,madrid_prov,3,1,0,7.5,6700,55,228612.6
20240303_murcia,murcia,murcia,3,1,0,12.4,1550,40,38243.0
20240303_navarra,navarra,navarra,3,1,0,4.2,660,55,30058.1
20240303_la_rioja,la_rioja,la_rioja,3,1,0,8.0,320,40,9706.0
20240305_sevilla,andalucia,sevilla,3,0,0,11.8,1950,55,62601.2
20240305_malaga,andalucia,malaga,3,0,0,12.2,1700,40,47244.4
20240305_cadiz,andalucia,cadiz,3,0,0,13.2,1240,50,33039.4
20240305_cordoba,andalucia,cordoba,3,0,0,13.3,780,35,18882.4
20240305_granada,andalucia,granada,3,0,0,14.1,915,30,19610.8
20240305_jaen,andalucia,jaen,3,0,0,12.7,610,25,13590.9
20240305_almeria,andalucia,almeria,3,0,0,13.6,730,45,17746.3
20240305_huelva,andalucia,huelva,3,0,0,14.1,525,40,12947.7
20240305_barcelona,cataluna,barcelona,3,0,0,8.1,5700,85,286168.5
20240305_tarragona,cataluna,tarragona,3,0,0,13.1,830,70,27570.4
20240305_girona,cataluna,girona,3,0,0,12.0,780,55,23558.8
20240305_lleida,cataluna,lleida,3,0,0,7.6,430,45,14442.2
20240305_valencia,valenciana,valencia,3,0,0,12.6,2650,65,80258.4
20240305_alicante,valenciana,alicante,3,0,0,11.0,1950,55,61787.4
20240305_castellon,valenciana,castellon,3,0,0,13.1,580,60,15835.6
20240305_a_coruna,galicia,a_coruna,3,0,0,9.3,1120,40,38004.4
20240305_pontevedra,galicia,pontevedra,3,0,0,8.4,945,45,34401.3
20240305_lugo,galicia,lugo,3,0,0,9.2,320,25,9050.6
20240305_ourense,galicia,ourense,3,0,0,11.4,305,25,7568.5
20240305_valladolid,castilla_y_leon,valladolid,3,0,0,5.4,520,45,21242.9
20240305_leon,castilla_y_leon,leon,3,0,0,5.7,440,30,15665.6
20240305_burgos,castilla_y_leon,burgos,3,0,0,4.5,360,40,16188.6
20240305_salamanca,castilla_y_leon,salamanca,3,0,0,4.8,330,25,12686.2
20240305_palencia,castilla_y_leon,palencia,3,0,0,3.0,155,30,6593.9
20240305_zamora,castilla_y_leon,zamora,3,0,0,5.4,165,20,5750.9
20240305_avila,castilla_y_leon,avila,3,0,0,5.8,155,20,5189.5
20240305_segovia,castilla_y_leon,segovia,3,0,0,2.2,150,20,6880.7
20240305_soria,castilla_y_leon,soria,3,0,0,3.6,90,20,3596.5
20240305_vizcaya,pais_vasco,vizcaya,3,0,0,8.0,1150,85,59361.4
20240305_guipuzcoa,pais_vasco,guipuzcoa,3,0,0,7.7,715,80,33142.1
20240305_alava,pais_vasco,alava,3,0,0,9.1,335,70,12712.7
20240305_toledo,castilla_la_mancha,toledo,3,0,0,7.3,730,30,26194.4
20240305_ciudad_real,castilla_la_mancha,ciudad_real,3,0,0,6.1,485,25,16975.9
20240305_albacete,castilla_la_mancha,albacete,3,0,0,3.0,385,25,16662.8
20240305_cuenca,castilla_la_mancha,cuenca,3,0,0,6.4,195,15,5688.5
20240305_guadalajara,castilla_la_mancha,guadalajara,3,0,0,8.3,255,30,7705.2
20240305_las_palmas,canarias,las_palmas,3,0,0,18.0,1150,20,20760.3
20240305_santa_cruz_tenerife,canarias,santa_cruz_tenerife,3,0,0,15.5,1020,20,18324.8
20240305_zaragoza,aragon,zaragoza,3,0,0,8.0,980,50,32938.5
20240305_huesca,aragon,huesca,3,0,0,5.6,220,30,8090.7
20240305_teruel,aragon,teruel,3,0,0,9.1,130,20,3569.9
20240305_badajoz,extremadura,badajoz,3,0,0,8.4,670,22,20275.8
20240305_caceres,extremadura,caceres,3,0,0,8.1,390,18,11362.7
20240305_asturias,asturias,asturias,3,0,0,7.5,1010,45,39587.1
20240305_baleares,baleares,baleares,3,0,0,12.4,1200,15,23360.1
20240305_cantabria,cantabria,cantabria,3,0,0,9.9,580,35,16963.1
20240305_madrid_prov,madrid,madrid_prov,3,0,0,7.0,6700,55,288137.5
20240305_murcia,murcia,murcia,3,0,0,12.0,1550,40,42588.7
20240305_navarra,navarra,navarra,3,0,0,6.9,660,55,27596.3
20240305_la_rioja,la_rioja,la_rioja,3,0,0,6.2,320,40,12649.4
20240307_sevilla,andalucia,sevilla,3,0,0,13.6,1950,55,59794.2
20240307_malaga,andalucia,malaga,3,0,0,14.2,1700,40,42788.7
20240307_cadiz,andalucia,cadiz,3,0,0,17.2,1240,50,30762.6
20240307_cordoba,andalucia,cordoba,3,0,0,13.5,780,35,19036.3
20240307_granada,andalucia,granada,3,0,0,11.5,915,30,22441.0
20240307_jaen,andalucia,jaen,3,0,0,12.2,610,25,14476.5
20240307_almeria,andalucia,almeria,3,0,0,12.6,730,45,19714.8
20240307_huelva,andalucia,huelva,3,0,0,14.4,525,40,13036.8
20240307_barcelona,cataluna,barcelona,3,0,0,10.0,5700,85,229732.8
20240307_tarragona,cataluna,tarragona,3,0,0,11.8,830,70,29195.4
20240307_girona,cataluna,girona,3,0,0,7.9,780,55,29947.9
20240307_lleida,cataluna,lleida,3,0,0,10.4,430,45,13622.3
20240307_valencia,valenciana,valencia,3,0,0,13.8,2650,65,79538.9
20240307_alicante,valenciana,alicante,3,0,0,13.3,1950,55,54903.1
20240307_castellon,valenciana,castellon,3,0,0,11.5,580,60,18282.1
20240307_a_coruna,galicia,a_coruna,3,0,0,10.1,1120,40,33362.9
20240307_pontevedra,galicia,pontevedra,3,0,0,7.4,945,45,34641.6
20240307_lugo,galicia,lugo,3,0,0,10.1,320,25,8179.9
20240307_ourense,galicia,ourense,3,0,0,9.7,305,25,8330.1
20240307_valladolid,castilla_y_leon,valladolid,3,0,0,2.9,520,45,24970.8
20240307_leon,castilla_y_leon,leon,3,0,0,3.9,440,30,19362.7
20240307_burgos,castilla_y_leon,burgos,3,0,0,6.8,360,40,14048.9
20240307_salamanca,castilla_y_leon,salamanca,3,0,0,2.4,330,25,14785.8
20240307_palencia,castilla_y_leon,palencia,3,0,0,4.8,155,30,6220.8
20240307_zamora,castilla_y_leon,zamora,3,0,0,5.2,165,20,5518.8
20240307_avila,castilla_y_leon,avila,3,0,0,4.5,155,20,5822.5
20240307_segovia,castilla_y_leon,segovia,3,0,0,5.6,150,20,4897.6
20240307_soria,castilla_y_leon,soria,3,0,0,3.9,90,20,3017.7
20240307_vizcaya,pais_vasco,vizcaya,3,0,0,8.2,1150,85,52433.6
20240307_guipuzcoa,pais_vasco,guipuzcoa,3,0,0,7.7,715,80,34022.8
20240307_alava,pais_vasco,alava,3,0,0,9.0,335,70,12027.9
20240307_toledo,castilla_la_mancha,toledo,3,0,0,7.4,730,30,22854.7
20240307_ciudad_real,castilla_la_mancha,ciudad_real,3,0,0,7.8,485,25,13840.1
20240307_albacete,castilla_la_mancha,albacete,3,0,0,7.2,385,25,12091.3
20240307_cuenca,castilla_la_mancha,cuenca,3,0,0,7.5,195,15,5483.7
20240307_guadalajara,castilla_la_mancha,guadalajara,3,0,0,6.8,255,30,8123.5
20240307_las_palmas,canarias,las_palmas,3,0,0,16.2,1150,20,20896.2
20240307_santa_cruz_tenerife,canarias,santa_cruz_tenerife,3,0,0,18.3,1020,20,18210.7
20240307_zaragoza,aragon,zaragoza,3,0,0,7.8,980,50,36593.6
20240307_huesca,aragon,huesca,3,0,0,5.6,220,30,8140.3
20240307_teruel,aragon,teruel,3,0,0,7.2,130,20,3977.2
20240307_badajoz,extremadura,badajoz,3,0,0,12.1,670,22,14528.5
20240307_caceres,extremadura,caceres,3,0,0,9.3,390,18,10148.4
20240307_asturias,asturias,asturias,3,0,0,9.5,1010,45,31799.8
20240307_baleares,baleares,baleares,3,0,0,10.9,1200,15,25987.6
20240307_cantabria,cantabria,cantabria,3,0,0,8.9,580,35,16486.4
20240307_madrid_prov,madrid,madrid_prov,3,0,0,6.8,6700,55,268763.6
20240307_murcia,murcia,murcia,3,0,0,13.8,1550,40,38869.5
20240307_navarra,navarra,navarra,3,0,0,5.3,660,55,30808.4
20240307_la_rioja,la_rioja,la_rioja,3,0,0,4.5,320,40,13921.5
20240309_sevilla,andalucia,sevilla,3,1,0,13.7,1950,55,50515.3
20240309_malaga,andalucia,malaga,3,1,0,12.1,1700,40,42607.6
20240309_cadiz,andalucia,cadiz,3,1,0,11.0,1240,50,32085.6
20240309_cordoba,andalucia,cordoba,3,1,0,14.1,780,35,17564.7
20240309_granada,andalucia,granada,3,1,0,13.8,915,30,18294.6
20240309_jaen,andalucia,jaen,3,1,0,10.0,610,25,12945.3
20240309_almeria,andalucia,almeria,3,1,0,13.3,730,45,16753.7
20240309_huelva,andalucia,huelva,3,1,0,11.6,525,40,12917.1
20240309_barcelona,cataluna,barcelona,3,1,0,10.6,5700,85,215437.1
20240309_tarragona,cataluna,tarragona,3,1,0,10.6,830,70,28817.3
20240309_girona,cataluna,girona,3,1,0,10.4,780,55,22995.6
20240309_lleida,cataluna,lleida,3,1,0,11.9,430,45,10272.6
20240309_valencia,valenciana,valencia,3,1,0,16.7,2650,65,66117.0
20240309_alicante,valenciana,alicante,3,1,0,13.2,1950,55,50725.6
20240309_castellon,valenciana,castellon,3,1,0,15.3,580,60,14664.0
20240309_a_coruna,galicia,a_coruna,3,1,0,8.0,1120,40,37298.8
20240309_pontevedra,galicia,pontevedra,3,1,0,9.7,945,45,27230.4
20240309_lugo,galicia,lugo,3,1,0,8.4,320,25,8609.4
20240309_ourense,galicia,ourense,3,1,0,9.3,305,25,7561.0
20240309_valladolid,castilla_y_leon,valladolid,3,1,0,4.3,520,45,24204.7
20240309_leon,castilla_y_leon,leon,3,1,0,7.5,440,30,12949.9
20240309_burgos,castilla_y_leon,burgos,3,1,0,4.8,360,40,13816.9
20240309_salamanca,castilla_y_leon,salamanca,3,1,0,6.3,330,25,9934.5
20240309_palencia,castilla_y_leon,palencia,3,1,0,4.1,155,30,6121.4
20240309_zamora,castilla_y_leon,zamora,3,1,0,4.0,165,20,5682.8
20240309_avila,castilla_y_leon,avila,3,1,0,2.5,155,20,6170.7
20240309_segovia,castilla_y_leon,segovia,3,1,0,7.4,150,20,4156.5
20240309_soria,castilla_y_leon,soria,3,1,0,6.8,90,20,2420.8
20240309_vizcaya,pais_vasco,vizcaya,3,1,0,9.6,1150,85,42007.2
20240309_guipuzcoa,pais_vasco,guipuzcoa,3,1,0,9.0,715,80,28814.2
20240309_alava,pais_vasco,alava,3,1,0,9.5,335,70,10982.9
20240309_toledo,castilla_la_mancha,toledo,3,1,0,5.6,730,30,23011.9
20240309_ciudad_real,castilla_la_mancha,ciudad_real,3,1,0,8.1,485,25,14406.2
20240309_albacete,castilla_la_mancha,albacete,3,1,0,9.3,385,25,8622.1
20240309_cuenca,castilla_la_mancha,cuenca,3,1,0,9.4,195,15,4512.8
20240309_guadalajara,castilla_la_mancha,guadalajara,3,1,0,5.3,255,30,8688.3
20240309_las_palmas,canarias,las_palmas,3,1,0,19.9,1150,20,19975.6
20240309_santa_cruz_tenerife,canarias,santa_cruz_tenerife,3,1,0,16.6,1020,20,17606.5
20240309_zaragoza,aragon,zaragoza,3,1,0,4.2,980,50,42952.6
20240309_huesca,aragon,huesca,3,1,0,8.8,220,30,5891.4
20240309_teruel,aragon,teruel,3,1,0,6.5,130,20,3882.6
20240309_badajoz,extremadura,badajoz,3,1,0,11.1,670,22,15273.3
20240309_caceres,extremadura,caceres,3,1,0,10.9,390,18,8506.1
20240309_asturias,asturias,asturias,3,1,0,10.7,1010,45,27507.2
20240309_baleares,baleares,baleares,3,1,0,13.4,1200,15,20755.2
20240309_cantabria,cantabria,cantabria,3,1,0,8.8,580,35,15483.1
20240309_madrid_prov,madrid,madrid_prov,3,1,0,7.8,6700,55,239940.9
20240309_murcia,murcia,murcia,3,1,0,15.2,1550,40,32199.2
20240309_navarra,navarra,navarra,3,1,0,8.2,660,55,23960.5
20240309_la_rioja,la_rioja,la_rioja,3,1,0,7.0,320,40,10975.2
20240311_sevilla,andalucia,sevilla,3,0,0,13.0,1950,55,59272.3
20240311_malaga,andalucia,malaga,3,0,0,14.3,1700,40,38291.0
20240311_cadiz,andalucia,cadiz,3,0,0,13.6,1240,50,35908.6
20240311_cordoba,andalucia,cordoba,3,0,0,13.1,780,35,19173.9
20240311_granada,andalucia,granada,3,0,0,14.1,915,30,19085.5
20240311_jaen,andalucia,jaen,3,0,0,14.1,610,25,11937.2
20240311_almeria,andalucia,almeria,3,0,0,12.5,730,45,20806.2
20240311_huelva,andalucia,huelva,3,0,0,13.9,525,40,12555.2
20240311_barcelona,cataluna,barcelona,3,0,0,11.3,5700,85,218116.7
20240311_tarragona,cataluna,tarragona,3,0,0,10.7,830,70,30994.0
20240311_girona,cataluna,girona,3,0,0,9.6,780,55,27110.3
20240311_lleida,cataluna,lleida,3,0,0,10.2,430,45,12259.3
20240311_valencia,valenciana,valencia,3,0,0,11.6,2650,65,94354.2
20240311_alicante,valenciana,alicante,3,0,0,13.5,1950,55,50851.9
20240311_castellon,valenciana,castellon,3,0,0,10.8,580,60,19289.4
20240311_a_coruna,galicia,a_coruna,3,0,0,12.5,1120,40,28652.1
20240311_pontevedra,galicia,pontevedra,3,0,0,12.2,945,45,26387.9
20240311_lugo,galicia,lugo,3,0,0,11.0,320,25,7341.9
20240311_ourense,galicia,ourense,3,0,0,11.7,305,25,7079.6
20240311_valladolid,castilla_y_leon,valladolid,3,0,0,6.2,520,45,20378.4
20240311_leon,castilla_y_leon,leon,3,0,0,5.3,440,30,17207.4
20240311_burgos,castilla_y_leon,burgos,3,0,0,4.8,360,40,15975.5
20240311_salamanca,castilla_y_leon,salamanca,3,0,0,4.6,330,25,12252.5
20240311_palencia,castilla_y_leon,palencia,3,0,0,7.3,155,30,5420.2
20240311_zamora,castilla_y_leon,zamora,3,0,0,3.9,165,20,6517.4
20240311_avila,castilla_y_leon,avila,3,0,0,4.0,155,20,5598.1
20240311_segovia,castilla_y_leon,segovia,3,0,0,6.5,150,20,4392.0
20240311_soria,castilla_y_leon,soria,3,0,0,6.3,90,20,2864.8
20240311_vizcaya,pais_vasco,vizcaya,3,0,0,9.2,1150,85,51410.2
20240311_guipuzcoa,pais_vasco,guipuzcoa,3,0,0,10.3,715,80,27065.5
20240311_alava,pais_vasco,alava,3,0,0,10.5,335,70,12294.2
20240311_toledo,castilla_la_mancha,toledo,3,0,0,6.0,730,30,26395.3
20240311_ciudad_real,castilla_la_mancha,ciudad_real,3,0,0,9.7,485,25,14110.4
20240311_albacete,castilla_la_mancha,albacete,3,0,0,8.7,385,25,10337.3
20240311_cuenca,castilla_la_mancha,cuenca,3,0,0,8.4,195,15,5346.4
20240311_guadalajara,castilla_la_mancha,guadalajara,3,0,0,8.7,255,30,7921.8
20240311_las_palmas,canarias,las_palmas,3,0,0,19.0,1150,20,21197.4
20240311_santa_cruz_tenerife,canarias,santa_cruz_tenerife,3,0,0,17.7,1020,20,17076.6
20240311_zaragoza,aragon,zaragoza,3,0,0,8.0,980,50,36981.2
20240311_huesca,aragon,huesca,3,0,0,8.3,220,30,6342.5
20240311_teruel,aragon,teruel,3,0,0,8.4,130,20,3990.8
20240311_badajoz,extremadura,badajoz,3,0,0,10.1,670,22,16827.6
20240311_caceres,extremadura,caceres,3,0,0,10.4,390,18,10223.3
20240311_asturias,asturias,asturias,3,0,0,8.4,1010,45,35510.4
20240311_baleares,baleares,baleares,3,0,0,12.4,1200,15,23904.1
20240311_cantabria,cantabria,cantabria,3,0,0,10.6,580,35,17174.1
20240311_madrid_prov,madrid,madrid_prov,3,0,0,11.0,6700,55,217427.8
20240311_murcia,murcia,murcia,3,0,0,12.9,1550,40,44523.2
20240311_navarra,navarra,navarra,3,0,0,6.5,660,55,27785.2
20240311_la_rioja,la_rioja,la_rioja,3,0,0,5.1,320,40,14592.4
20240313_sevilla,andalucia,sevilla,3,0,0,15.0,1950,55,57872.0
20240313_malaga,andalucia,malaga,3,0,0,11.7,1700,40,49509.0
20240313_cadiz,andalucia,cadiz,3,0,0,13.7,1240,50,34235.9
20240313_cordoba,andalucia,cordoba,3,0,0,11.3,780,35,22216.6
20240313_granada,andalucia,granada,3,0,0,14.7,915,30,19628.7
20240313_jaen,andalucia,jaen,3,0,0,14.5,610,25,12112.4
20240313_almeria,andalucia,almeria,3,0,0,12.8,730,45,18952.3
20240313_huelva,andalucia,huelva,3,0,0,11.0,525,40,15417.3
20240313_barcelona,cataluna,barcelona,3,0,0,12.6,5700,85,196676.8
20240313_tarragona,cataluna,tarragona,3,0,0,11.4,830,70,28347.4
20240313_girona,cataluna,girona,3,0,0,11.4,780,55,23529.4
20240313_lleida,cataluna,lleida,3,0,0,9.7,430,45,14505.7
20240313_valencia,valenciana,valencia,3,0,0,13.1,2650,65,89522.5
20240313_alicante,valenciana,alicante,3,0,0,13.2,1950,55,52457.2
20240313_castellon,valenciana,castellon,3,0,0,14.9,580,60,16388.8
20240313_a_coruna,galicia,a_coruna,3,0,0,11.5,1120,40,32442.8
20240313_pontevedra,galicia,pontevedra,3,0,0,9.6,945,45,30154.4
20240313_lugo,galicia,lugo,3,0,0,10.3,320,25,7706.9
20240313_ourense,galicia,ourense,3,0,0,10.1,305,25,8446.5
20240313_valladolid,castilla_y_leon,valladolid,3,0,0,5.6,520,45,20704.1
20240313_leon,castilla_y_leon,leon,3,0,0,3.1,440,30,21508.5
20240313_burgos,castilla_y_leon,burgos,3,0,0,5.2,360,40,14725.8
20240313_salamanca,castilla_y_leon,salamanca,3,0,0,4.9,330,25,11505.8
20240313_palencia,castilla_y_leon,palencia,3,0,0,7.3,155,30,5026.8
20240313_zamora,castilla_y_leon,zamora,3,0,0,7.2,165,20,4987.8
20240313_avila,castilla_y_leon,avila,3,0,0,7.3,155,20,4704.1
20240313_segovia,castilla_y_leon,segovia,3,0,0,6.5,150,20,4940.5
20240313_soria,castilla_y_leon,soria,3,0,0,6.2,90,20,2979.4
20240313_vizcaya,pais_vasco,vizcaya,3,0,0,9.4,1150,85,54795.8
20240313_guipuzcoa,pais_vasco,guipuzcoa,3,0,0,8.4,715,80,32018.5
20240313_alava,pais_vasco,alava,3,0,0,9.7,335,70,13121.1
20240313_toledo,castilla_la_mancha,toledo,3,0,0,7.4,730,30,24289.5
20240313_ciudad_real,castilla_la_mancha,ciudad_real,3,0,0,7.8,485,25,13629.8
20240313_albacete,castilla_la_mancha,albacete,3,0,0,8.0,385,25,10888.0
20240313_cuenca,castilla_la_mancha,cuenca,3,0,0,5.6,195,15,6318.9
20240313_guadalajara,castilla_la_mancha,guadalajara,3,0,0,8.7,255,30,7830.2
20240313_las_palmas,canarias,las_palmas,3,0,0,19.4,1150,20,19412.8
20240313_santa_cruz_tenerife,canarias,santa_cruz_tenerife,3,0,0,16.7,1020,20,20903.3
20240313_zaragoza,aragon,zaragoza,3,0,0,6.3,980,50,42538.6
20240313_huesca,aragon,huesca,3,0,0,6.8,220,30,7550.2
20240313_teruel,aragon,teruel,3,0,0,6.9,130,20,4120.2
20240313_badajoz,extremadura,badajoz,3,0,0,10.5,670,22,16108.1
20240313_caceres,extremadura,caceres,3,0,0,8.8,390,18,10409.8
20240313_asturias,asturias,asturias,3,0,0,8.3,1010,45,36182.6
20240313_baleares,baleares,baleares,3,0,0,17.4,1200,15,22445.7
20240313_cantabria,cantabria,cantabria,3,0,0,11.8,580,35,14866.5
20240313_madrid_prov,madrid,madrid_prov,3,0,0,6.1,6700,55,279482.7
20240313_murcia,murcia,murcia,3,0,0,15.5,1550,40,34240.7
20240313_navarra,navarra,navarra,3,0,0,6.4,660,55,28581.5
20240313_la_rioja,la_rioja,la_rioja,3,0,0,6.4,320,40,11654.1
20240315_sevilla,andalucia,sevilla,3,0,0,13.8,1950,55,51200.9
20240315_malaga,andalucia,malaga,3,0,0,12.8,1700,40,41582.4
20240315_cadiz,andalucia,cadiz,3,0,0,14.6,1240,50,31388.2
20240315_cordoba,andalucia,cordoba,3,0,0,13.6,780,35,18862.0
20240315_granada,andalucia,granada,3,0,0,13.7,915,30,20188.3
20240315_jaen,andalucia,jaen,3,0,0,14.5,610,25,13003.9
20240315_almeria,andalucia,almeria,3,0,0,13.7,730,45,18704.3
20240315_huelva,andalucia,huelva,3,0,0,12.8,525,40,12827.0
20240315_barcelona,cataluna,barcelona,3,0,0,12.2,5700,85,212071.4
20240315_tarragona,cataluna,tarragona,3,0,0,11.8,830,70,28472.0
20240315_girona,cataluna,girona,3,0,0,11.2,780,55,25358.8
20240315_lleida,cataluna,lleida,3,0,0,12.4,430,45,12179.6
20240315_valencia,valenciana,valencia,3,0,0,13.3,2650,65,85983.1
20240315_alicante,valenciana,alicante,3,0,0,13.7,1950,55,55481.3
20240315_castellon,valenciana,castellon,3,0,0,13.8,580,60,16747.2
20240315_a_coruna,galicia,a_coruna,3,0,0,9.6,1120,40,35616.9
20240315_pontevedra,galicia,pontevedra,3,0,0,14.7,945,45,22777.5
20240315_lugo,galicia,lugo,3,0,0,10.8,320,25,7790.4
20240315_ourense,galicia,ourense,3,0,0,10.0,305,25,8620.1
20240315_valladolid,castilla_y_leon,valladolid,3,0,0,4.7,520,45,23233.3
20240315_leon,castilla_y_leon,leon,3,0,0,3.4,440,30,18689.0
20240315_burgos,castilla_y_leon,burgos,3,0,0,3.2,360,40,18149.6
20240315_salamanca,castilla_y_leon,salamanca,3,0,0,9.5,330,25,8739.1
20240315_palencia,castilla_y_leon,palencia,3,0,0,3.3,155,30,7211.4
20240315_zamora,castilla_y_leon,zamora,3,0,0,4.6,165,20,6439.8
20240315_avila,castilla_y_leon,avila,3,0,0,5.2,155,20,5244.9
20240315_segovia,castilla_y_leon,segovia,3,0,0,5.4,150,20,5382.5
20240315_soria,castilla_y_leon,soria,3,0,0,5.3,90,20,3048.8
20240315_vizcaya,pais_vasco,vizcaya,3,0,0,9.6,1150,85,45942.0
20240315_guipuzcoa,pais_vasco,guipuzcoa,3,0,0,10.5,715,80,25557.2
20240315_alava,pais_vasco,alava,3,0,0,9.3,335,70,13754.5
20240315_toledo,castilla_la_mancha,toledo,3,0,0,8.8,730,30,22390.1
20240315_ciudad_real,castilla_la_mancha,ciudad_real,3,0,0,8.3,485,25,15131.2
20240315_albacete,castilla_la_mancha,albacete,3,0,0,9.7,385,25,10535.0
20240315_cuenca,castilla_la_mancha,cuenca,3,0,0,9.7,195,15,4884.9
20240315_guadalajara,castilla_la_mancha,guadalajara,3,0,0,7.7,255,30,7639.0
20240315_las_palmas,canarias,las_palmas,3,0,0,19.3,1150,20,21940.9
20240315_santa_cruz_tenerife,canarias,santa_cruz_tenerife,3,0,0,20.2,1020,20,18396.0
20240315_zaragoza,aragon,zaragoza,3,0,0,6.8,980,50,40691.2
20240315_huesca,aragon,huesca,3,0,0,8.0,220,30,6291.3
20240315_teruel,aragon,teruel,3,0,0,8.6,130,20,3230.6
20240315_badajoz,extremadura,badajoz,3,0,0,9.3,670,22,19074.6
20240315_caceres,extremadura,caceres,3,0,0,13.2,390,18,7460.9
20240315_asturias,asturias,asturias,3,0,0,9.7,1010,45,32259.5
20240315_baleares,baleares,baleares,3,0,0,16.4,1200,15,20713.3
20240315_cantabria,cantabria,cantabria,3,0,0,10.3,580,35,17691.0
20240315_madrid_prov,madrid,madrid_prov,3,0,0,8.6,6700,55,258653.9
20240315_murcia,murcia,murcia,3,0,0,11.8,1550,40,41249.3
20240315_navarra,navarra,navarra,3,0,0,5.3,660,55,29575.4
20240315_la_rioja,la_rioja,la_rioja,3,0,0,9.3,320,40,10031.6
20240317_sevilla,andalucia,sevilla,3,1,0,13.7,1950,55,46623.5
20240317_malaga,andalucia,malaga,3,1,0,13.8,1700,40,37745.3
20240317_cadiz,andalucia,cadiz,3,1,0,15.5,1240,50,24370.0
20240317_cordoba,andalucia,cordoba,3,1,0,13.0,780,35,17109.1
20240317_granada,andalucia,granada,3,1,0,14.0,915,30,18543.3
20240317_jaen,andalucia,jaen,3,1,0,14.5,610,25,11153.9
20240317_almeria,andalucia,almeria,3,1,0,13.4,730,45,16755.3
20240317_huelva,andalucia,huelva,3,1,0,15.8,525,40,10387.9
20240317_barcelona,cataluna,barcelona,3,1,0,11.3,5700,85,198333.9
20240317_tarragona,cataluna,tarragona,3,1,0,13.6,830,70,22727.6
20240317_girona,cataluna,girona,3,1,0,12.7,780,55,21543.7
20240317_lleida,cataluna,lleida,3,1,0,11.3,430,45,11047.0
20240317_valencia,valenciana,valencia,3,1,0,13.2,2650,65,71552.7
20240317_alicante,valenciana,alicante,3,1,0,14.8,1950,55,46909.7
20240317_castellon,valenciana,castellon,3,1,0,14.0,580,60,13972.3
20240317_a_coruna,galicia,a_coruna,3,1,0,9.5,1120,40,34822.3
20240317_pontevedra,galicia,pontevedra,3,1,0,10.6,945,45,24645.6
20240317_lugo,galicia,lugo,3,1,0,12.8,320,25,6475.9
20240317_ourense,galicia,ourense,3,1,0,11.7,305,25,6442.5
20240317_valladolid,castilla_y_leon,valladolid,3,1,0,5.5,520,45,19995.3
20240317_leon,castilla_y_leon,leon,3,1,0,4.0,440,30,16637.4
20240317_burgos,castilla_y_leon,burgos,3,1,0,6.3,360,40,13783.5
20240317_salamanca,castilla_y_leon,salamanca,3,1,0,6.0,330,25,9129.8
20240317_palencia,castilla_y_leon,palencia,3,1,0,5.8,155,30,5906.4
20240317_zamora,castilla_y_leon,zamora,3,1,0,7.1,165,20,4324.9
20240317_avila,castilla_y_leon,avila,3,1,0,6.8,155,20,4192.7
20240317_segovia,castilla_y_leon,segovia,3,1,0,4.0,150,20,5059.6
20240317_soria,castilla_y_leon,soria,3,1,0,6.1,90,20,2421.8
20240317_vizcaya,pais_vasco,vizcaya,3,1,0,8.5,1150,85,47591.9
20240317_guipuzcoa,pais_vasco,guipuzcoa,3,1,0,9.5,715,80,27231.2
20240317_alava,pais_vasco,alava,3,1,0,8.4,335,70,13113.8
20240317_toledo,castilla_la_mancha,toledo,3,1,0,7.0,730,30,24058.2
20240317_ciudad_real,castilla_la_mancha,ciudad_real,3,1,0,6.3,485,25,14031.9
20240317_albacete,castilla_la_mancha,albacete,3,1,0,9.3,385,25,10338.4
20240317_cuenca,castilla_la_mancha,cuenca,3,1,0,9.1,195,15,4513.2
20240317_guadalajara,castilla_la_mancha,guadalajara,3,1,0,8.7,255,30,6524.7
20240317_las_palmas,canarias,las_palmas,3,1,0,18.1,1150,20,17921.9
20240317_santa_cruz_tenerife,canarias,santa_cruz_tenerife,3,1,0,17.0,1020,20,17321.4
20240317_zaragoza,aragon,zaragoza,3,1,0,6.9,980,50,36340.1
20240317_huesca,aragon,huesca,3,1,0,6.6,220,30,6991.0
20240317_teruel,aragon,teruel,3,1,0,7.7,130,20,3645.4
20240317_badajoz,extremadura,badajoz,3,1,0,11.4,670,22,14946.0
20240317_caceres,extremadura,caceres,3,1,0,9.9,390,18,8647.4
20240317_asturias,asturias,asturias,3,1,0,9.0,1010,45,29847.0
20240317_baleares,baleares,baleares,3,1,0,13.8,1200,15,19975.5
20240317_cantabria,cantabria,cantabria,3,1,0,9.4,580,35,14552.2
20240317_madrid_prov,madrid,madrid_prov,3,1,0,6.2,6700,55,253803.4
20240317_murcia,murcia,murcia,3,1,0,15.0,1550,40,29982.0
20240317_navarra,navarra,navarra,3,1,0,6.0,660,55,29160.8
20240317_la_rioja,la_rioja,la_rioja,3,1,0,7.5,320,40,10418.7
20240319_sevilla,andalucia,sevilla,3,0,0,15.3,1950,55,52457.6
20240319_malaga,andalucia,malaga,3,0,0,12.3,1700,40,43971.0
20240319_cadiz,andalucia,cadiz,3,0,0,12.2,1240,50,40091.1
20240319_cordoba,andalucia,cordoba,3,0,0,12.2,780,35,18640.5
20240319_granada,andalucia,granada,3,0,0,13.0,915,30,19629.3
20240319_jaen,andalucia,jaen,3,0,0,16.3,610,25,13526.9
20240319_almeria,andalucia,almeria,3,0,0,13.8,730,45,17377.8
20240319_huelva,andalucia,huelva,3,0,0,11.3,525,40,14356.5
20240319_barcelona,cataluna,barcelona,3,0,0,11.2,5700,85,212578.2
20240319_tarragona,cataluna,tarragona,3,0,0,12.0,830,70,28341.5
20240319_girona,cataluna,girona,3,0,0,12.1,780,55,22899.7
20240319_lleida,cataluna,lleida,3,0,0,10.1,430,45,13810.3
20240319_valencia,valenciana,valencia,3,0,0,13.9,2650,65,81539.6
20240319_alicante,valenciana,alicante,3,0,0,15.0,1950,55,47750.5
20240319_castellon,valenciana,castellon,3,0,0,11.9,580,60,17513.8
20240319_a_coruna,galicia,a_coruna,3,0,0,9.5,1120,40,35993.5
20240319_pontevedra,galicia,pontevedra,3,0,0,11.5,945,45,28469.6
20240319_lugo,galicia,lugo,3,0,0,11.6,320,25,7680.0
20240319_ourense,galicia,ourense,3,0,0,12.7,305,25,6977.3
20240319_valladolid,castilla_y_leon,valladolid,3,0,0,6.3,520,45,22644.6
20240319_leon,castilla_y_leon,leon,3,0,0,6.4,440,30,15294.8
20240319_burgos,castilla_y_leon,burgos,3,0,0,5.1,360,40,15880.1
20240319_salamanca,castilla_y_leon,salamanca,3,0,0,8.0,330,25,9885.4
20240319_palencia,castilla_y_leon,palencia,3,0,0,8.1,155,30,4394.1
20240319_zamora,castilla_y_leon,zamora,3,0,0,6.2,165,20,5361.5
20240319_avila,castilla_y_leon,avila,3,0,0,5.2,155,20,6094.2
20240319_segovia,castilla_y_leon,segovia,3,0,0,6.2,150,20,4790.6
20240319_soria,castilla_y_leon,soria,3,0,0,6.3,90,20,2629.0
20240319_vizcaya,pais_vasco,vizcaya,3,0,0,9.3,1150,85,52696.0
20240319_guipuzcoa,pais_vasco,guipuzcoa,3,0,0,9.5,715,80,28645.1
20240319_alava,pais_vasco,alava,3,0,0,12.2,335,70,11860.4
20240319_toledo,castilla_la_mancha,toledo,3,0,0,9.7,730,30,19910.7
20240319_ciudad_real,castilla_la_mancha,ciudad_real,3,0,0,8.7,485,25,13314.1
20240319_albacete,castilla_la_mancha,albacete,3,0,0,7.6,385,25,11252.1
20240319_cuenca,castilla_la_mancha,cuenca,3,0,0,8.2,195,15,4953.0
20240319_guadalajara,castilla_la_mancha,guadalajara,3,0,0,6.8,255,30,8822.0
20240319_las_palmas,canarias,las_palmas,3,0,0,19.2,1150,20,23229.1
20240319_santa_cruz_tenerife,canarias,santa_cruz_tenerife,3,0,0,18.0,1020,20,19043.8
20240319_zaragoza,aragon,zaragoza,3,0,0,9.2,980,50,33275.0
20240319_huesca,aragon,huesca,3,0,0,9.8,220,30,6362.4
20240319_teruel,aragon,teruel,3,0,0,9.2,130,20,3365.7
20240319_badajoz,extremadura,badajoz,3,0,0,10.7,670,22,15148.5
20240319_caceres,extremadura,caceres,3,0,0,10.1,390,18,9138.6
20240319_asturias,asturias,asturias,3,0,0,8.9,1010,45,34687.3
20240319_baleares,baleares,baleares,3,0,0,16.0,1200,15,20444.6
20240319_cantabria,cantabria,cantabria,3,0,0,11.6,580,35,14308.7
20240319_madrid_prov,madrid,madrid_prov,3,0,0,9.3,6700,55,229239.5
20240319_murcia,murcia,murcia,3,0,0,15.2,1550,40,34662.4
20240319_navarra,navarra,navarra,3,0,0,9.6,660,55,22636.0
20240319_la_rioja,la_rioja,la_rioja,3,0,0,7.8,320,40,10494.7
20240321_sevilla,andalucia,sevilla,3,0,0,15.1,1950,55,53491.6
20240321_malaga,andalucia,malaga,3,0,0,15.1,1700,40,44165.1
20240321_cadiz,andalucia,cadiz,3,0,0,16.7,1240,50,29686.9
20240321_cordoba,andalucia,cordoba,3,0,0,14.3,780,35,18269.3
20240321_granada,andalucia,granada,3,0,0,13.5,915,30,21846.7
20240321_jaen,andalucia,jaen,3,0,0,15.2,610,25,12464.5
20240321_almeria,andalucia,almeria,3,0,0,15.7,730,45,18964.5
20240321_huelva,andalucia,huelva,3,0,0,14.9,525,40,12180.6
20240321_barcelona,cataluna,barcelona,3,0,0,14.0,5700,85,199824.4
20240321_tarragona,cataluna,tarragona,3,0,0,11.5,830,70,28588.8
20240321_girona,cataluna,girona,3,0,0,12.2,780,55,23581.4
20240321_lleida,cataluna,lleida,3,0,0,10.0,430,45,12442.2
20240321_valencia,valenciana,valencia,3,0,0,12.9,2650,65,77816.5
20240321_alicante,valenciana,alicante,3,0,0,13.2,1950,55,56722.9
20240321_castellon,valenciana,castellon,3,0,0,13.9,580,60,16636.6
20240321_a_coruna,galicia,a_coruna,3,0,0,9.5,1120,40,34016.6
20240321_pontevedra,galicia,pontevedra,3,0,0,12.0,945,45,26985.9
20240321_lugo,galicia,lugo,3,0,0,10.2,320,25,8347.3
20240321_ourense,galicia,ourense,3,0,0,14.3,305,25,6348.9
20240321_valladolid,castilla_y_leon,valladolid,3,0,0,5.6,520,45,22016.6
20240321_leon,castilla_y_leon,leon,3,0,0,6.7,440,30,15085.9
20240321_burgos,castilla_y_leon,burgos,3,0,0,6.5,360,40,12813.8
20240321_salamanca,castilla_y_leon,salamanca,3,0,0,5.2,330,25,12025.4
20240321_palencia,castilla_y_leon,palencia,3,0,0,6.3,155,30,5344.4
20240321_zamora,castilla_y_leon,zamora,3,0,0,6.3,165,20,5327.8
20240321_avila,castilla_y_leon,avila,3,0,0,7.8,155,20,4455.7
20240321_segovia,castilla_y_leon,segovia,3,0,0,7.1,150,20,4431.1
20240321_soria,castilla_y_leon,soria,3,0,0,7.4,90,20,2735.1
20240321_vizcaya,pais_vasco,vizcaya,3,0,0,11.8,1150,85,44471.6
20240321_guipuzcoa,pais_vasco,guipuzcoa,3,0,0,11.4,715,80,26311.8
20240321_alava,pais_vasco,alava,3,0,0,10.9,335,70,12591.0
20240321_toledo,castilla_la_mancha,toledo,3,0,0,8.4,730,30,21561.9
20240321_ciudad_real,castilla_la_mancha,ciudad_real,3,0,0,9.6,485,25,13284.2
20240321_albacete,castilla_la_mancha,albacete,3,0,0,8.2,385,25,11334.3
20240321_cuenca,castilla_la_mancha,cuenca,3,0,0,9.2,195,15,4334.2
20240321_guadalajara,castilla_la_mancha,guadalajara,3,0,0,9.1,255,30,7395.1
20240321_las_palmas,canarias,las_palmas,3,0,0,18.8,1150,20,22787.2
20240321_santa_cruz_tenerife,canarias,santa_cruz_tenerife,3,0,0,17.3,1020,20,18051.6
20240321_zaragoza,aragon,zaragoza,3,0,0,5.4,980,50,43127.2
20240321_huesca,aragon,huesca,3,0,0,8.5,220,30,6504.8
20240321_teruel,aragon,teruel,3,0,0,10.6,130,20,3244.1
20240321_badajoz,extremadura,badajoz,3,0,0,11.7,670,22,15061.5
20240321_caceres,extremadura,caceres,3,0,0,13.0,390,18,7981.7
20240321_asturias,asturias,asturias,3,0,0,9.5,1010,45,29905.2
20240321_baleares,baleares,baleares,3,0,0,13.9,1200,15,23722.7
20240321_cantabria,cantabria,cantabria,3,0,0,14.6,580,35,13154.9
20240321_madrid_prov,madrid,madrid_prov,3,0,0,9.0,6700,55,228555.9
20240321_murcia,murcia,murcia,3,0,0,15.4,1550,40,32665.1
20240321_navarra,navarra,navarra,3,0,0,9.3,660,55,24442.6
20240321_la_rioja,la_rioja,la_rioja,3,0,0,9.6,320,40,9747.3
20240323_sevilla,andalucia,sevilla,3,1,0,15.8,1950,55,45524.6
20240323_malaga,andalucia,malaga,3,1,0,13.9,1700,40,40693.1
20240323_cadiz,andalucia,cadiz,3,1,0,14.5,1240,50,29836.8
20240323_cordoba,andalucia,cordoba,3,1,0,11.6,780,35,19475.6
20240323_granada,andalucia,granada,3,1,0,17.0,915,30,16821.4
20240323_jaen,andalucia,jaen,3,1,0,15.8,610,25,11220.1
20240323_almeria,andalucia,almeria,3,1,0,14.1,730,45,16941.3
20240323_huelva,andalucia,huelva,3,1,0,13.9,525,40,11132.7
20240323_barcelona,cataluna,barcelona,3,1,0,13.8,5700,85,181904.4
20240323_tarragona,cataluna,tarragona,3,1,0,11.2,830,70,25198.1
20240323_girona,cataluna,girona,3,1,0,11.3,780,55,22764.5
20240323_lleida,cataluna,lleida,3,1,0,10.8,430,45,11729.2
20240323_valencia,valenciana,valencia,3,1,0,15.4,2650,65,66298.8
20240323_alicante,valenciana,alicante,3,1,0,15.8,1950,55,44441.3
20240323_castellon,valenciana,castellon,3,1,0,14.1,580,60,14012.0
20240323_a_coruna,galicia,a_coruna,3,1,0,12.8,1120,40,24758.5
20240323_pontevedra,galicia,pontevedra,3,1,0,11.8,945,45,23700.7
20240323_lugo,galicia,lugo,3,1,0,9.9,320,25,7364.5
20240323_ourense,galicia,ourense,3,1,0,13.3,305,25,6018.8
20240323_valladolid,castilla_y_leon,valladolid,3,1,0,5.5,520,45,20464.5
20240323_leon,castilla_y_leon,leon,3,1,0,6.7,440,30,16263.3
20240323_burgos,castilla_y_leon,burgos,3,1,0,7.3,360,40,11496.7
20240323_salamanca,castilla_y_leon,salamanca,3,1,0,8.9,330,25,7632.6
20240323_palencia,castilla_y_leon,palencia,3,1,0,7.0,155,30,5196.9
20240323_zamora,castilla_y_leon,zamora,3,1,0,6.7,165,20,4252.3
20240323_avila,castilla_y_leon,avila,3,1,0,6.3,155,20,4821.1
20240323_segovia,castilla_y_leon,segovia,3,1,0,7.4,150,20,3845.5
20240323_soria,castilla_y_leon,soria,3,1,0,5.9,90,20,2607.7
20240323_vizcaya,pais_vasco,vizcaya,3,1,0,11.3,1150,85,42474.2
20240323_guipuzcoa,pais_vasco,guipuzcoa,3,1,0,12.2,715,80,23185.0
20240323_alava,pais_vasco,alava,3,1,0,8.9,335,70,11448.4
20240323_toledo,castilla_la_mancha,toledo,3,1,0,10.5,730,30,16371.3
20240323_ciudad_real,castilla_la_mancha,ciudad_real,3,1,0,9.4,485,25,12069.0
20240323_albacete,castilla_la_mancha,albacete,3,1,0,8.1,385,25,9792.1
20240323_cuenca,castilla_la_mancha,cuenca,3,1,0,9.6,195,15,4366.1
20240323_guadalajara,castilla_la_mancha,guadalajara,3,1,0,11.2,255,30,6024.8
20240323_las_palmas,canarias,las_palmas,3,1,0,19.2,1150,20,18496.9
20240323_santa_cruz_tenerife,canarias,santa_cruz_tenerife,3,1,0,17.6,1020,20,16473.7
20240323_zaragoza,aragon,zaragoza,3,1,0,10.0,980,50,29261.6
20240323_huesca,aragon,huesca,3,1,0,6.5,220,30,6692.5
20240323_teruel,aragon,teruel,3,1,0,11.1,130,20,2728.8
20240323_badajoz,extremadura,badajoz,3,1,0,9.9,670,22,17313.6
20240323_caceres,extremadura,caceres,3,1,0,11.9,390,18,7782.8
20240323_asturias,asturias,asturias,3,1,0,11.4,1010,45,25581.5
20240323_baleares,baleares,baleares,3,1,0,13.7,1200,15,23034.1
20240323_cantabria,cantabria,cantabria,3,1,0,13.0,580,35,13173.0
20240323_madrid_prov,madrid,madrid_prov,3,1,0,11.2,6700,55,180032.3
20240323_murcia,murcia,murcia,3,1,0,16.7,1550,40,29970.6
20240323_navarra,navarra,navarra,3,1,0,9.2,660,55,19554.7
20240323_la_rioja,la_rioja,la_rioja,3,1,0,6.4,320,40,11271.4
20240325_sevilla,andalucia,sevilla,3,0,0,14.1,1950,55,47824.0
20240325_malaga,andalucia,malaga,3,0,0,16.0,1700,40,42839.9
20240325_cadiz,andalucia,cadiz,3,0,0,17.2,1240,50,29588.6
20240325_cordoba,andalucia,cordoba,3,0,0,15.3,780,35,18023.2
20240325_granada,andalucia,granada,3,0,0,16.8,915,30,18386.8
20240325_jaen,andalucia,jaen,3,0,0,15.3,610,25,12451.8
20240325_almeria,andalucia,almeria,3,0,0,16.0,730,45,17132.1
20240325_huelva,andalucia,huelva,3,0,0,15.1,525,40,13058.1
20240325_barcelona,cataluna,barcelona,3,0,0,14.1,5700,85,194063.9
20240325_tarragona,cataluna,tarragona,3,0,0,14.9,830,70,23933.7
20240325_girona,cataluna,girona,3,0,0,14.7,780,55,21251.1
20240325_lleida,cataluna,lleida,3,0,0,17.0,430,45,9422.9
20240325_valencia,valenciana,valencia,3,0,0,13.7,2650,65,80420.1
20240325_alicante,valenciana,alicante,3,0,0,15.2,1950,55,56167.1
20240325_castellon,valenciana,castellon,3,0,0,13.7,580,60,17377.1
20240325_a_coruna,galicia,a_coruna,3,0,0,13.2,1120,40,29069.2
20240325_pontevedra,galicia,pontevedra,3,0,0,10.2,945,45,31348.4
20240325_lugo,galicia,lugo,3,0,0,13.2,320,25,7170.5
20240325_ourense,galicia,ourense,3,0,0,11.8,305,25,7223.0
20240325_valladolid,castilla_y_leon,valladolid,3,0,0,7.1,520,45,20505.9
20240325_leon,castilla_y_leon,leon,3,0,0,7.3,440,30,13968.2
20240325_burgos,castilla_y_leon,burgos,3,0,0,5.8,360,40,14026.0
20240325_salamanca,castilla_y_leon,salamanca,3,0,0,7.5,330,25,10206.5
20240325_palencia,castilla_y_leon,palencia,3,0,0,7.5,155,30,5167.1
20240325_zamora,castilla_y_leon,zamora,3,0,0,6.4,165,20,5700.9
20240325_avila,castilla_y_leon,avila,3,0,0,6.9,155,20,4694.3
20240325_segovia,castilla_y_leon,segovia,3,0,0,7.9,150,20,3926.5
20240325_soria,castilla_y_leon,soria,3,0,0,6.1,90,20,3086.5
20240325_vizcaya,pais_vasco,vizcaya,3,0,0,8.6,1150,85,55698.5
20240325_guipuzcoa,pais_vasco,guipuzcoa,3,0,0,13.1,715,80,23659.4
20240325_alava,pais_vasco,alava,3,0,0,11.4,335,70,12246.9
20240325_toledo,castilla_la_mancha,toledo,3,0,0,9.4,730,30,21760.2
20240325_ciudad_real,castilla_la_mancha,ciudad_real,3,0,0,9.1,485,25,13136.5
20240325_albacete,castilla_la_mancha,albacete,3,0,0,8.9,385,25,10998.7
20240325_cuenca,castilla_la_mancha,cuenca,3,0,0,11.7,195,15,4112.0
20240325_guadalajara,castilla_la_mancha,guadalajara,3,0,0,8.3,255,30,7451.2
20240325_las_palmas,canarias,las_palmas,3,0,0,19.8,1150,20,23611.2
20240325_santa_cruz_tenerife,canarias,santa_cruz_tenerife,3,0,0,19.8,1020,20,18731.1
20240325_zaragoza,aragon,zaragoza,3,0,0,10.8,980,50,29962.1
20240325_huesca,aragon,huesca,3,0,0,9.2,220,30,6065.7
20240325_teruel,aragon,teruel,3,0,0,11.7,130,20,2565.0
20240325_badajoz,extremadura,badajoz,3,0,0,13.4,670,22,13751.1
20240325_caceres,extremadura,caceres,3,0,0,11.7,390,18,9336.5
20240325_asturias,asturias,asturias,3,0,0,10.0,1010,45,30486.2
20240325_baleares,baleares,baleares,3,0,0,14.8,1200,15,22571.8
20240325_cantabria,cantabria,cantabria,3,0,0,11.1,580,35,14380.1
20240325_madrid_prov,madrid,madrid_prov,3,0,0,9.5,6700,55,249533.3
20240325_murcia,murcia,murcia,3,0,0,15.2,1550,40,36659.5
20240325_navarra,navarra,navarra,3,0,0,8.7,660,55,23549.3
20240325_la_rioja,la_rioja,la_rioja,3,0,0,11.9,320,40,8454.4
20240327_sevilla,andalucia,sevilla,3,0,0,14.9,1950,55,54226.0
20240327_malaga,andalucia,malaga,3,0,0,14.6,1700,40,39013.7
20240327_cadiz,andalucia,cadiz,3,0,0,15.6,1240,50,30834.9
20240327_cordoba,andalucia,cordoba,3,0,0,15.9,780,35,18830.6
20240327_granada,andalucia,granada,3,0,0,16.0,915,30,16837.3
20240327_jaen,andalucia,jaen,3,0,0,16.0,610,25,12077.4
20240327_almeria,andalucia,almeria,3,0,0,15.6,730,45,17632.3
20240327_huelva,andalucia,huelva,3,0,0,15.5,525,40,12011.8
20240327_barcelona,cataluna,barcelona,3,0,0,13.6,5700,85,188763.4
20240327_tarragona,cataluna,tarragona,3,0,0,11.4,830,70,33371.3
20240327_girona,cataluna,girona,3,0,0,11.7,780,55,23878.5
20240327_lleida,cataluna,lleida,3,0,0,10.6,430,45,12995.7
20240327_valencia,valenciana,valencia,3,0,0,13.6,2650,65,77308.7
20240327_alicante,valenciana,alicante,3,0,0,16.4,1950,55,50737.1
20240327_castellon,valenciana,castellon,3,0,0,15.7,580,60,14201.6
20240327_a_coruna,galicia,a_coruna,3,0,0,14.3,1120,40,25201.5
20240327_pontevedra,galicia,pontevedra,3,0,0,13.8,945,45,25198.2
20240327_lugo,galicia,lugo,3,0,0,12.5,320,25,6913.0
20240327_ourense,galicia,ourense,3,0,0,11.9,305,25,6935.2
20240327_valladolid,castilla_y_leon,valladolid,3,0,0,7.6,520,45,18931.5
20240327_leon,castilla_y_leon,leon,3,0,0,4.7,440,30,18603.4
20240327_burgos,castilla_y_leon,burgos,3,0,0,7.5,360,40,12560.5
20240327_salamanca,castilla_y_leon,salamanca,3,0,0,6.8,330,25,10990.5
20240327_palencia,castilla_y_leon,palencia,3,0,0,6.3,155,30,4917.1
20240327_zamora,castilla_y_leon,zamora,3,0,0,8.1,165,20,4779.0
20240327_avila,castilla_y_leon,avila,3,0,0,7.3,155,20,4388.9
20240327_segovia,castilla_y_leon,segovia,3,0,0,7.7,150,20,4061.0
20240327_soria,castilla_y_leon,soria,3,0,0,6.1,90,20,2828.9
20240327_vizcaya,pais_vasco,vizcaya,3,0,0,12.4,1150,85,40697.6
20240327_guipuzcoa,pais_vasco,guipuzcoa,3,0,0,10.6,715,80,30573.4
20240327_alava,pais_vasco,alava,3,0,0,11.7,335,70,11568.8
20240327_toledo,castilla_la_mancha,toledo,3,0,0,9.9,730,30,19574.9
20240327_ciudad_real,castilla_la_mancha,ciudad_real,3,0,0,7.4,485,25,15989.7
20240327_albacete,castilla_la_mancha,albacete,3,0,0,11.0,385,25,9348.0
20240327_cuenca,castilla_la_mancha,cuenca,3,0,0,10.2,195,15,4704.7
20240327_guadalajara,castilla_la_mancha,guadalajara,3,0,0,8.2,255,30,7659.3
20240327_las_palmas,canarias,las_palmas,3,0,0,17.8,1150,20,23121.6
20240327_santa_cruz_tenerife,canarias,santa_cruz_tenerife,3,0,0,20.6,1020,20,17424.5
20240327_zaragoza,aragon,zaragoza,3,0,0,8.0,980,50,36464.6
20240327_huesca,aragon,huesca,3,0,0,9.4,220,30,5872.8
20240327_teruel,aragon,teruel,3,0,0,12.8,130,20,2790.7
20240327_badajoz,extremadura,badajoz,3,0,0,13.2,670,22,13666.0
20240327_caceres,extremadura,caceres,3,0,0,13.6,390,18,7632.5
20240327_asturias,asturias,asturias,3,0,0,10.8,1010,45,30950.0
20240327_baleares,baleares,baleares,3,0,0,12.9,1200,15,25874.7
20240327_cantabria,cantabria,cantabria,3,0,0,12.1,580,35,15629.9
20240327_madrid_prov,madrid,madrid_prov,3,0,0,9.6,6700,55,222808.1
20240327_murcia,murcia,murcia,3,0,0,13.8,1550,40,38267.9
20240327_navarra,navarra,navarra,3,0,0,9.5,660,55,22571.7
20240327_la_rioja,la_rioja,la_rioja,3,0,0,8.5,320,40,9986.9
20240329_sevilla,andalucia,sevilla,3,0,0,15.8,1950,55,48982.5
20240329_malaga,andalucia,malaga,3,0,0,14.9,1700,40,42916.0
20240329_cadiz,andalucia,cadiz,3,0,0,15.7,1240,50,32721.2
20240329_cordoba,andalucia,cordoba,3,0,0,15.1,780,35,17542.7
20240329_granada,andalucia,granada,3,0,0,15.8,915,30,17519.7
20240329_jaen,andalucia,jaen,3,0,0,17.9,610,25,11722.3
20240329_almeria,andalucia,almeria,3,0,0,16.9,730,45,16377.0
20240329_huelva,andalucia,huelva,3,0,0,15.6,525,40,11501.8
20240329_barcelona,cataluna,barcelona,3,0,0,14.7,5700,85,188351.4
20240329_tarragona,cataluna,tarragona,3,0,0,13.5,830,70,27506.6
20240329_girona,cataluna,girona,3,0,0,14.6,780,55,21563.8
20240329_lleida,cataluna,lleida,3,0,0,11.0,430,45,12189.1
20240329_valencia,valenciana,valencia,3,0,0,13.7,2650,65,81391.8
20240329_alicante,valenciana,alicante,3,0,0,15.4,1950,55,47251.3
20240329_castellon,valenciana,castellon,3,0,0,14.9,580,60,14733.0
20240329_a_coruna,galicia,a_coruna,3,0,0,11.8,1120,40,27699.9
20240329_pontevedra,galicia,pontevedra,3,0,0,12.6,945,45,25824.6
20240329_lugo,galicia,lugo,3,0,0,14.6,320,25,6879.5
20240329_ourense,galicia,ourense,3,0,0,11.3,305,25,7666.8
20240329_valladolid,castilla_y_leon,valladolid,3,0,0,6.0,520,45,20607.8
20240329_leon,castilla_y_leon,leon,3,0,0,8.4,440,30,12091.5
20240329_burgos,castilla_y_leon,burgos,3,0,0,7.9,360,40,11879.2
20240329_salamanca,castilla_y_leon,salamanca,3,0,0,8.1,330,25,9335.6
20240329_palencia,castilla_y_leon,palencia,3,0,0,8.5,155,30,4707.3
20240329_zamora,castilla_y_leon,zamora,3,0,0,9.9,165,20,4137.6
20240329_avila,castilla_y_leon,avila,3,0,0,6.8,155,20,4744.7
20240329_segovia,castilla_y_leon,segovia,3,0,0,6.0,150,20,5032.5
20240329_soria,castilla_y_leon,soria,3,0,0,8.7,90,20,2755.7
20240329_vizcaya,pais_vasco,vizcaya,3,0,0,10.6,1150,85,45445.9
20240329_guipuzcoa,pais_vasco,guipuzcoa,3,0,0,10.6,715,80,27935.1
20240329_alava,pais_vasco,alava,3,0,0,12.0,335,70,11173.8
20240329_toledo,castilla_la_mancha,toledo,3,0,0,12.3,730,30,16937.7
20240329_ciudad_real,castilla_la_mancha,ciudad_real,3,0,0,12.2,485,25,11450.8
20240329_albacete,castilla_la_mancha,albacete,3,0,0,10.8,385,25,9447.8
20240329_cuenca,castilla_la_mancha,cuenca,3,0,0,14.2,195,15,3529.5
20240329_guadalajara,castilla_la_mancha,guadalajara,3,0,0,11.2,255,30,6256.1
20240329_las_palmas,canarias,las_palmas,3,0,0,22.0,1150,20,24034.3
20240329_santa_cruz_tenerife,canarias,santa_cruz_tenerife,3,0,0,18.5,1020,20,19280.0
20240329_zaragoza,aragon,zaragoza,3,0,0,10.8,980,50,29602.7
20240329_huesca,aragon,huesca,3,0,0,11.5,220,30,5616.7
20240329_teruel,aragon,teruel,3,0,0,10.7,130,20,3081.9
20240329_badajoz,extremadura,badajoz,3,0,0,13.5,670,22,14127.9
20240329_caceres,extremadura,caceres,3,0,0,13.0,390,18,7739.8
20240329_asturias,asturias,asturias,3,0,0,13.8,1010,45,24372.0
20240329_baleares,baleares,baleares,3,0,0,16.0,1200,15,21037.1
20240329_cantabria,cantabria,cantabria,3,0,0,14.5,580,35,12571.9
20240329_madrid_prov,madrid,madrid_prov,3,0,0,10.4,6700,55,210731.6
20240329_murcia,murcia,murcia,3,0,0,16.1,1550,40,32749.4
20240329_navarra,navarra,navarra,3,0,0,9.0,660,55,21388.5
20240329_la_rioja,la_rioja,la_rioja,3,0,0,10.5,320,40,9040.9
20240331_sevilla,andalucia,sevilla,3,1,0,14.1,1950,55,50329.0
20240331_malaga,andalucia,malaga,3,1,0,14.3,1700,40,37957.4
20240331_cadiz,andalucia,cadiz,3,1,0,15.2,1240,50,30404.1
20240331_cordoba,andalucia,cordoba,3,1,0,17.2,780,35,14228.8
20240331_granada,andalucia,granada,3,1,0,14.9,915,30,18152.4
20240331_jaen,andalucia,jaen,3,1,0,15.8,610,25,10813.9
20240331_almeria,andalucia,almeria,3,1,0,17.9,730,45,14645.3
20240331_huelva,andalucia,huelva,3,1,0,16.3,525,40,11176.4
20240331_barcelona,cataluna,barcelona,3,1,0,14.4,5700,85,167434.9
20240331_tarragona,cataluna,tarragona,3,1,0,12.9,830,70,21847.1
20240331_girona,cataluna,girona,3,1,0,11.8,780,55,21625.4
20240331_lleida,cataluna,lleida,3,1,0,13.1,430,45,10179.3
20240331_valencia,valenciana,valencia,3,1,0,16.9,2650,65,60965.5
20240331_alicante,valenciana,alicante,3,1,0,15.1,1950,55,46431.3
20240331_castellon,valenciana,castellon,3,1,0,14.4,580,60,15593.1
20240331_a_coruna,galicia,a_coruna,3,1,0,13.3,1120,40,25407.2
20240331_pontevedra,galicia,pontevedra,3,1,0,14.6,945,45,19435.1
20240331_lugo,galicia,lugo,3,1,0,12.1,320,25,6776.6
20240331_ourense,galicia,ourense,3,1,0,10.8,305,25,6932.9
20240331_valladolid,castilla_y_leon,valladolid,3,1,0,6.7,520,45,19060.1
20240331_leon,castilla_y_leon,leon,3,1,0,9.7,440,30,11198.4
20240331_burgos,castilla_y_leon,burgos,3,1,0,5.7,360,40,12577.4
20240331_salamanca,castilla_y_leon,salamanca,3,1,0,9.1,330,25,8281.7
20240331_palencia,castilla_y_leon,palencia,3,1,0,4.5,155,30,6034.7
20240331_zamora,castilla_y_leon,zamora,3,1,0,8.5,165,20,3935.5
20240331_avila,castilla_y_leon,avila,3,1,0,9.7,155,20,3430.0
20240331_segovia,castilla_y_leon,segovia,3,1,0,7.3,150,20,4119.8
20240331_soria,castilla_y_leon,soria,3,1,0,10.8,90,20,2082.1
20240331_vizcaya,pais_vasco,vizcaya,3,1,0,12.2,1150,85,38615.1
20240331_guipuzcoa,pais_vasco,guipuzcoa,3,1,0,12.8,715,80,20690.2
20240331_alava,pais_vasco,alava,3,1,0,12.6,335,70,9414.5
20240331_toledo,castilla_la_mancha,toledo,3,1,0,11.6,730,30,16169.1
20240331_ciudad_real,castilla_la_mancha,ciudad_real,3,1,0,11.8,485,25,10268.2
20240331_albacete,castilla_la_mancha,albacete,3,1,0,6.8,385,25,11401.4
20240331_cuenca,castilla_la_mancha,cuenca,3,1,0,12.0,195,15,3743.7
20240331_guadalajara,castilla_la_mancha,guadalajara,3,1,0,11.0,255,30,6421.7
20240331_las_palmas,canarias,las_palmas,3,1,0,20.0,1150,20,19899.9
20240331_santa_cruz_tenerife,canarias,santa_cruz_tenerife,3,1,0,21.1,1020,20,18076.9
20240331_zaragoza,aragon,zaragoza,3,1,0,9.5,980,50,26267.2
20240331_huesca,aragon,huesca,3,1,0,10.1,220,30,5607.5
20240331_teruel,aragon,teruel,3,1,0,10.3,130,20,2976.2
20240331_badajoz,extremadura,badajoz,3,1,0,13.5,670,22,13435.1
20240331_caceres,extremadura,caceres,3,1,0,12.9,390,18,7416.6
20240331_asturias,asturias,asturias,3,1,0,12.3,1010,45,26761.2
20240331_baleares,baleares,baleares,3,1,0,13.3,1200,15,20664.6
20240331_cantabria,cantabria,cantabria,3,1,0,13.4,580,35,13382.7
20240331_madrid_prov,madrid,madrid_prov,3,1,0,12.1,6700,55,177257.7
20240331_murcia,murcia,murcia,3,1,0,17.0,1550,40,32518.2
20240331_navarra,navarra,navarra,3,1,0,9.5,660,55,21097.2
20240331_la_rioja,la_rioja,la_rioja,3,1,0,12.2,320,40,8334.0
20240402_sevilla,andalucia,sevilla,4,0,0,17.5,1950,55,49002.1
20240402_malaga,andalucia,malaga,4,0,0,16.4,1700,40,39351.7
20240402_cadiz,andalucia,cadiz,4,0,0,16.3,1240,50,30638.4
20240402_cordoba,andalucia,cordoba,4,0,0,15.0,780,35,18569.0
20240402_granada,andalucia,granada,4,0,0,14.9,915,30,19157.1
20240402_jaen,andalucia,jaen,4,0,0,16.6,610,25,13177.5
20240402_almeria,andalucia,almeria,4,0,0,15.9,730,45,16749.2
20240402_huelva,andalucia,huelva,4,0,0,15.7,525,40,13031.3
20240402_barcelona,cataluna,barcelona,4,0,0,9.6,5700,85,230761.5
20240402_tarragona,cataluna,tarragona,4,0,0,17.4,830,70,23887.5
20240402_girona,cataluna,girona,4,0,0,12.0,780,55,23320.2
20240402_lleida,cataluna,lleida,4,0,0,13.7,430,45,11453.6
20240402_valencia,valenciana,valencia,4,0,0,18.3,2650,65,72810.3
20240402_alicante,valenciana,alicante,4,0,0,14.9,1950,55,53421.5
20240402_castellon,valenciana,castellon,4,0,0,14.7,580,60,15168.1
20240402_a_coruna,galicia,a_coruna,4,0,0,9.8,1120,40,31509.9
20240402_pontevedra,galicia,pontevedra,4,0,0,11.0,945,45,26179.8
20240402_lugo,galicia,lugo,4,0,0,12.7,320,25,6734.2
20240402_ourense,galicia,ourense,4,0,0,7.9,305,25,8773.1
20240402_valladolid,castilla_y_leon,valladolid,4,0,0,8.0,520,45,18152.4
20240402_leon,castilla_y_leon,leon,4,0,0,10.7,440,30,11167.4
20240402_burgos,castilla_y_leon,burgos,4,0,0,9.8,360,40,10897.6
20240402_salamanca,castilla_y_leon,salamanca,4,0,0,8.6,330,25,9125.4
20240402_palencia,castilla_y_leon,palencia,4,0,0,8.5,155,30,4519.5
20240402_zamora,castilla_y_leon,zamora,4,0,0,8.9,165,20,4379.6
20240402_avila,castilla_y_leon,avila,4,0,0,7.3,155,20,4885.3
20240402_segovia,castilla_y_leon,segovia,4,0,0,9.2,150,20,3843.9
20240402_soria,castilla_y_leon,soria,4,0,0,8.8,90,20,2412.9
20240402_vizcaya,pais_vasco,vizcaya,4,0,0,10.7,1150,85,45873.7
20240402_guipuzcoa,pais_vasco,guipuzcoa,4,0,0,11.0,715,80,25722.4
20240402_alava,pais_vasco,alava,4,0,0,9.6,335,70,12703.7
20240402_toledo,castilla_la_mancha,toledo,4,0,0,12.3,730,30,16868.8
20240402_ciudad_real,castilla_la_mancha,ciudad_real,4,0,0,15.0,485,25,10282.3
20240402_albacete,castilla_la_mancha,albacete,4,0,0,13.3,385,25,8680.0
20240402_cuenca,castilla_la_mancha,cuenca,4,0,0,14.1,195,15,3545.0
20240402_guadalajara,castilla_la_mancha,guadalajara,4,0,0,7.9,255,30,7890.2
20240402_las_palmas,canarias,las_palmas,4,0,0,20.5,1150,20,22041.4
20240402_santa_cruz_tenerife,canarias,santa_cruz_tenerife,4,0,0,20.1,1020,20,20527.1
20240402_zaragoza,aragon,zaragoza,4,0,0,11.7,980,50,30017.2
20240402_huesca,aragon,huesca,4,0,0,9.8,220,30,5789.5
20240402_teruel,aragon,teruel,4,0,0,13.4,130,20,2686.2
20240402_badajoz,extremadura,badajoz,4,0,0,12.7,670,22,14047.8
20240402_caceres,extremadura,caceres,4,0,0,12.7,390,18,7826.4
20240402_asturias,asturias,asturias,4,0,0,10.0,1010,45,29401.7
20240402_baleares,baleares,baleares,4,0,0,15.6,1200,15,20948.5
20240402_cantabria,cantabria,cantabria,4,0,0,13.9,580,35,13650.3
20240402_madrid_prov,madrid,madrid_prov,4,0,0,12.5,6700,55,188654.7
20240402_murcia,murcia,murcia,4,0,0,16.0,1550,40,35783.5
20240402_navarra,navarra,navarra,4,0,0,11.3,660,55,20453.7
20240402_la_rioja,la_rioja,la_rioja,4,0,0,12.4,320,40,8349.8
20240404_sevilla,andalucia,sevilla,4,0,0,17.9,1950,55,47649.2
20240404_malaga,andalucia,malaga,4,0,0,14.2,1700,40,41237.7
20240404_cadiz,andalucia,cadiz,4,0,0,17.8,1240,50,30752.0
20240404_cordoba,andalucia,cordoba,4,0,0,17.4,780,35,16321.0
20240404_granada,andalucia,granada,4,0,0,15.6,915,30,19678.0
20240404_jaen,andalucia,jaen,4,0,0,17.4,610,25,11500.2
20240404_almeria,andalucia,almeria,4,0,0,18.3,730,45,16172.1
20240404_huelva,andalucia,huelva,4,0,0,15.9,525,40,12938.5
20240404_barcelona,cataluna,barcelona,4,0,0,15.1,5700,85,180182.0
20240404_tarragona,cataluna,tarragona,4,0,0,14.3,830,70,25121.0
20240404_girona,cataluna,girona,4,0,0,10.0,780,55,25214.6
20240404_lleida,cataluna,lleida,4,0,0,13.8,430,45,10729.9
20240404_valencia,valenciana,valencia,4,0,0,16.3,2650,65,76732.4
20240404_alicante,valenciana,alicante,4,0,0,15.5,1950,55,47899.4
20240404_castellon,valenciana,castellon,4,0,0,16.4,580,60,15035.6
20240404_a_coruna,galicia,a_coruna,4,0,0,12.2,1120,40,28999.2
20240404_pontevedra,galicia,pontevedra,4,0,0,15.6,945,45,20182.8
20240404_lugo,galicia,lugo,4,0,0,11.9,320,25,7458.9
20240404_ourense,galicia,ourense,4,0,0,11.3,305,25,7676.1
20240404_valladolid,castilla_y_leon,valladolid,4,0,0,10.1,520,45,16116.8
20240404_leon,castilla_y_leon,leon,4,0,0,8.6,440,30,13203.4
20240404_burgos,castilla_y_leon,burgos,4,0,0,8.8,360,40,11644.0
20240404_salamanca,castilla_y_leon,salamanca,4,0,0,8.7,330,25,9536.1
20240404_palencia,castilla_y_leon,palencia,4,0,0,10.0,155,30,3992.8
20240404_zamora,castilla_y_leon,zamora,4,0,0,7.5,165,20,4468.2
20240404_avila,castilla_y_leon,avila,4,0,0,10.2,155,20,3857.8
20240404_segovia,castilla_y_leon,segovia,4,0,0,9.7,150,20,3547.9
20240404_soria,castilla_y_leon,soria,4,0,0,11.5,90,20,1982.8
20240404_vizcaya,pais_vasco,vizcaya,4,0,0,12.4,1150,85,43288.8
20240404_guipuzcoa,pais_vasco,guipuzcoa,4,0,0,10.8,715,80,26688.1
20240404_alava,pais_vasco,alava,4,0,0,12.4,335,70,12637.2
20240404_toledo,castilla_la_mancha,toledo,4,0,0,12.3,730,30,18927.9
20240404_ciudad_real,castilla_la_mancha,ciudad_real,4,0,0,13.6,485,25,10592.4
20240404_albacete,castilla_la_mancha,albacete,4,0,0,10.5,385,25,10290.5
20240404_cuenca,castilla_la_mancha,cuenca,4,0,0,9.8,195,15,5056.9
20240404_guadalajara,castilla_la_mancha,guadalajara,4,0,0,12.2,255,30,5385.1
20240404_las_palmas,canarias,las_palmas,4,0,0,19.3,1150,20,22076.5
20240404_santa_cruz_tenerife,canarias,santa_cruz_tenerife,4,0,0,19.5,1020,20,19684.8
20240404_zaragoza,aragon,zaragoza,4,0,0,10.3,980,50,29366.2
20240404_huesca,aragon,huesca,4,0,0,11.4,220,30,5553.0
20240404_teruel,aragon,teruel,4,0,0,11.0,130,20,3231.7
20240404_badajoz,extremadura,badajoz,4,0,0,12.8,670,22,14693.7
20240404_caceres,extremadura,caceres,4,0,0,14.1,390,18,7053.9
20240404_asturias,asturias,asturias,4,0,0,10.1,1010,45,31434.6
20240404_baleares,baleares,baleares,4,0,0,18.9,1200,15,21652.0
20240404_cantabria,cantabria,cantabria,4,0,0,10.1,580,35,14150.6
20240404_madrid_prov,madrid,madrid_prov,4,0,0,13.5,6700,55,185585.5
20240404_murcia,murcia,murcia,4,0,0,18.1,1550,40,32916.2
20240404_navarra,navarra,navarra,4,0,0,11.2,660,55,21684.9
20240404_la_rioja,la_rioja,la_rioja,4,0,0,10.5,320,40,9081.6
20240406_sevilla,andalucia,sevilla,4,1,0,17.1,1950,55,45353.4
20240406_malaga,andalucia,malaga,4,1,0,17.0,1700,40,35827.3
20240406_cadiz,andalucia,cadiz,4,1,0,16.4,1240,50,25503.2
20240406_cordoba,andalucia,cordoba,4,1,0,19.8,780,35,14735.6
20240406_granada,andalucia,granada,4,1,0,16.3,915,30,16931.9
20240406_jaen,andalucia,jaen,4,1,0,17.2,610,25,10457.6
20240406_almeria,andalucia,almeria,4,1,0,17.0,730,45,15250.4
20240406_huelva,andalucia,huelva,4,1,0,17.3,525,40,9344.3
20240406_barcelona,cataluna,barcelona,4,1,0,16.8,5700,85,157790.2
20240406_tarragona,cataluna,tarragona,4,1,0,15.0,830,70,20434.1
20240406_girona,cataluna,girona,4,1,0,13.5,780,55,18902.1
20240406_lleida,cataluna,lleida,4,1,0,16.2,430,45,8851.7
20240406_valencia,valenciana,valencia,4,1,0,17.3,2650,65,62363.8
20240406_alicante,valenciana,alicante,4,1,0,15.6,1950,55,44793.6
20240406_castellon,valenciana,castellon,4,1,0,18.0,580,60,12342.6
20240406_a_coruna,galicia,a_coruna,4,1,0,10.8,1120,40,26111.5
20240406_pontevedra,galicia,pontevedra,4,1,0,11.1,945,45,23847.2
20240406_lugo,galicia,lugo,4,1,0,10.4,320,25,7093.6
20240406_ourense,galicia,ourense,4,1,0,9.8,305,25,6912.1
20240406_valladolid,castilla_y_leon,valladolid,4,1,0,11.0,520,45,14024.1
20240406_leon,castilla_y_leon,leon,4,1,0,9.6,440,30,10618.5
20240406_burgos,castilla_y_leon,burgos,4,1,0,7.2,360,40,11169.9
20240406_salamanca,castilla_y_leon,salamanca,4,1,0,9.3,330,25,8518.6
20240406_palencia,castilla_y_leon,palencia,4,1,0,10.6,155,30,3804.4
20240406_zamora,castilla_y_leon,zamora,4,1,0,8.3,165,20,4152.8
20240406_avila,castilla_y_leon,avila,4,1,0,8.9,155,20,3704.0
20240406_segovia,castilla_y_leon,segovia,4,1,0,12.2,150,20,2698.1
20240406_soria,castilla_y_leon,soria,4,1,0,9.0,90,20,2289.0
20240406_vizcaya,pais_vasco,vizcaya,4,1,0,10.3,1150,85,40764.1
20240406_guipuzcoa,pais_vasco,guipuzcoa,4,1,0,11.6,715,80,23166.1
20240406_alava,pais_vasco,alava,4,1,0,10.1,335,70,11598.0
20240406_toledo,castilla_la_mancha,toledo,4,1,0,13.2,730,30,15425.3
20240406_ciudad_real,castilla_la_mancha,ciudad_real,4,1,0,11.0,485,25,10748.8
20240406_albacete,castilla_la_mancha,albacete,4,1,0,11.0,385,25,8376.2
20240406_cuenca,castilla_la_mancha,cuenca,4,1,0,15.3,195,15,3203.7
20240406_guadalajara,castilla_la_mancha,guadalajara,4,1,0,10.6,255,30,6121.7
20240406_las_palmas,canarias,las_palmas,4,1,0,18.0,1150,20,17932.2
20240406_santa_cruz_tenerife,canarias,santa_cruz_tenerife,4,1,0,18.5,1020,20,16537.8
20240406_zaragoza,aragon,zaragoza,4,1,0,13.1,980,50,24715.7
20240406_huesca,aragon,huesca,4,1,0,12.6,220,30,4423.1
20240406_teruel,aragon,teruel,4,1,0,11.1,130,20,2758.6
20240406_badajoz,extremadura,badajoz,4,1,0,13.4,670,22,12439.0
20240406_caceres,extremadura,caceres,4,1,0,14.9,390,18,6533.8
20240406_asturias,asturias,asturias,4,1,0,12.4,1010,45,26653.0
20240406_baleares,baleares,baleares,4,1,0,16.1,1200,15,20366.4
20240406_cantabria,cantabria,cantabria,4,1,0,13.5,580,35,11459.5
20240406_madrid_prov,madrid,madrid_prov,4,1,0,11.3,6700,55,180768.3
20240406_murcia,murcia,murcia,4,1,0,15.5,1550,40,31854.9
20240406_navarra,navarra,navarra,4,1,0,11.8,660,55,19136.1
20240406_la_rioja,la_rioja,la_rioja,4,1,0,11.9,320,40,7522.9
20240408_sevilla,andalucia,sevilla,4,0,0,14.5,1950,55,52384.0
20240408_malaga,andalucia,malaga,4,0,0,17.4,1700,40,38146.7
20240408_cadiz,andalucia,cadiz,4,0,0,20.3,1240,50,32723.8
20240408_cordoba,andalucia,cordoba,4,0,0,18.5,780,35,15810.5
20240408_granada,andalucia,granada,4,0,0,16.7,915,30,18665.7
20240408_jaen,andalucia,jaen,4,0,0,16.3,610,25,12295.1
20240408_almeria,andalucia,almeria,4,0,0,17.9,730,45,15999.7
20240408_huelva,andalucia,huelva,4,0,0,19.0,525,40,11781.1
20240408_barcelona,cataluna,barcelona,4,0,0,12.0,5700,85,209176.9
20240408_tarragona,cataluna,tarragona,4,0,0,14.8,830,70,25644.3
20240408_girona,cataluna,girona,4,0,0,14.0,780,55,22182.2
20240408_lleida,cataluna,lleida,4,0,0,14.7,430,45,9877.0
20240408_valencia,valenciana,valencia,4,0,0,14.5,2650,65,80547.6
20240408_alicante,valenciana,alicante,4,0,0,18.2,1950,55,49628.7
20240408_castellon,valenciana,castellon,4,0,0,18.6,580,60,15921.2
20240408_a_coruna,galicia,a_coruna,4,0,0,13.8,1120,40,26088.2
20240408_pontevedra,galicia,pontevedra,4,0,0,15.2,945,45,23407.8
20240408_lugo,galicia,lugo,4,0,0,12.3,320,25,7068.2
20240408_ourense,galicia,ourense,4,0,0,13.2,305,25,6123.8
20240408_valladolid,castilla_y_leon,valladolid,4,0,0,10.7,520,45,14870.7
20240408_leon,castilla_y_leon,leon,4,0,0,10.2,440,30,11609.4
20240408_burgos,castilla_y_leon,burgos,4,0,0,9.3,360,40,10885.6
20240408_salamanca,castilla_y_leon,salamanca,4,0,0,9.5,330,25,9832.8
20240408_palencia,castilla_y_leon,palencia,4,0,0,11.6,155,30,3918.2
20240408_zamora,castilla_y_leon,zamora,4,0,0,9.6,165,20,4381.2
20240408_avila,castilla_y_leon,avila,4,0,0,11.3,155,20,3418.0
20240408_segovia,castilla_y_leon,segovia,4,0,0,9.6,150,20,3502.8
20240408_soria,castilla_y_leon,soria,4,0,0,11.3,90,20,2295.1
20240408_vizcaya,pais_vasco,vizcaya,4,0,0,12.7,1150,85,36627.7
20240408_guipuzcoa,pais_vasco,guipuzcoa,4,0,0,13.5,715,80,22647.4
20240408_alava,pais_vasco,alava,4,0,0,11.7,335,70,11747.9
20240408_toledo,castilla_la_mancha,toledo,4,0,0,13.0,730,30,16464.2
20240408_ciudad_real,castilla_la_mancha,ciudad_real,4,0,0,11.7,485,25,11495.7
20240408_albacete,castilla_la_mancha,albacete,4,0,0,12.0,385,25,8419.5
20240408_cuenca,castilla_la_mancha,cuenca,4,0,0,12.2,195,15,4110.8
20240408_guadalajara,castilla_la_mancha,guadalajara,4,0,0,12.4,255,30,5662.3
20240408_las_palmas,canarias,las_palmas,4,0,0,21.4,1150,20,19652.6
20240408_santa_cruz_tenerife,canarias,santa_cruz_tenerife,4,0,0,19.4,1020,20,18397.3
20240408_zaragoza,aragon,zaragoza,4,0,0,12.4,980,50,28483.3
20240408_huesca,aragon,huesca,4,0,0,13.8,220,30,4734.4
20240408_teruel,aragon,teruel,4,0,0,13.0,130,20,2746.6
20240408_badajoz,extremadura,badajoz,4,0,0,12.3,670,22,16317.4
20240408_caceres,extremadura,caceres,4,0,0,12.7,390,18,8297.2
20240408_asturias,asturias,asturias,4,0,0,12.9,1010,45,27145.6
20240408_baleares,baleares,baleares,4,0,0,15.9,1200,15,22335.1
20240408_cantabria,cantabria,cantabria,4,0,0,10.7,580,35,15891.5
20240408_madrid_prov,madrid,madrid_prov,4,0,0,12.4,6700,55,190214.8
20240408_murcia,murcia,murcia,4,0,0,17.6,1550,40,36334.1
20240408_navarra,navarra,navarra,4,0,0,10.8,660,55,22045.5
20240408_la_rioja,la_rioja,la_rioja,4,0,0,11.9,320,40,8191.5
20240410_sevilla,andalucia,sevilla,4,0,0,17.3,1950,55,48223.6
20240410_malaga,andalucia,malaga,4,0,0,16.7,1700,40,38899.8
20240410_cadiz,andalucia,cadiz,4,0,0,18.0,1240,50,27587.9
20240410_cordoba,andalucia,cordoba,4,0,0,15.4,780,35,17570.7
20240410_granada,andalucia,granada,4,0,0,16.5,915,30,19073.4
20240410_jaen,andalucia,jaen,4,0,0,18.8,610,25,11110.2
20240410_almeria,andalucia,almeria,4,0,0,15.7,730,45,18901.4
20240410_huelva,andalucia,huelva,4,0,0,18.2,525,40,11410.9
20240410_barcelona,cataluna,barcelona,4,0,0,13.4,5700,85,190492.6
20240410_tarragona,cataluna,tarragona,4,0,0,13.1,830,70,27440.8
20240410_girona,cataluna,girona,4,0,0,13.6,780,55,22787.9
20240410_lleida,cataluna,lleida,4,0,0,14.2,430,45,10209.5
20240410_valencia,valenciana,valencia,4,0,0,16.2,2650,65,63754.7
20240410_alicante,valenciana,alicante,4,0,0,16.6,1950,55,48933.8
20240410_castellon,valenciana,castellon,4,0,0,17.9,580,60,13716.8
20240410_a_coruna,galicia,a_coruna,4,0,0,14.6,1120,40,27518.7
20240410_pontevedra,galicia,pontevedra,4,0,0,14.8,945,45,23077.0
20240410_lugo,galicia,lugo,4,0,0,14.4,320,25,6157.3
20240410_ourense,galicia,ourense,4,0,0,14.0,305,25,6177.6
20240410_valladolid,castilla_y_leon,valladolid,4,0,0,7.7,520,45,17974.9
20240410_leon,castilla_y_leon,leon,4,0,0,10.0,440,30,11547.8
20240410_burgos,castilla_y_leon,burgos,4,0,0,10.6,360,40,9515.6
20240410_salamanca,castilla_y_leon,salamanca,4,0,0,7.1,330,25,11334.8
20240410_palencia,castilla_y_leon,palencia,4,0,0,11.3,155,30,3720.2
20240410_zamora,castilla_y_leon,zamora,4,0,0,10.0,165,20,4307.9
20240410_avila,castilla_y_leon,avila,4,0,0,10.6,155,20,3731.1
20240410_segovia,castilla_y_leon,segovia,4,0,0,11.6,150,20,3264.4
20240410_soria,castilla_y_leon,soria,4,0,0,10.1,90,20,2224.1
20240410_vizcaya,pais_vasco,vizcaya,4,0,0,12.5,1150,85,40470.9
20240410_guipuzcoa,pais_vasco,guipuzcoa,4,0,0,13.0,715,80,24308.8
20240410_alava,pais_vasco,alava,4,0,0,11.4,335,70,12058.3
20240410_toledo,castilla_la_mancha,toledo,4,0,0,11.6,730,30,17925.0
20240410_ciudad_real,castilla_la_mancha,ciudad_real,4,0,0,12.6,485,25,11093.6
20240410_albacete,castilla_la_mancha,albacete,4,0,0,10.0,385,25,10508.0
20240410_cuenca,castilla_la_mancha,cuenca,4,0,0,12.0,195,15,4320.7
20240410_guadalajara,castilla_la_mancha,guadalajara,4,0,0,12.3,255,30,6076.2
20240410_las_palmas,canarias,las_palmas,4,0,0,22.9,1150,20,23574.3
20240410_santa_cruz_tenerife,canarias,santa_cruz_tenerife,4,0,0,21.9,1020,20,20385.5
20240410_zaragoza,aragon,zaragoza,4,0,0,13.1,980,50,26789.7
20240410_huesca,aragon,huesca,4,0,0,13.7,220,30,4747.1
20240410_teruel,aragon,teruel,4,0,0,11.2,130,20,2911.7
20240410_badajoz,extremadura,badajoz,4,0,0,15.2,670,22,12985.2
20240410_caceres,extremadura,caceres,4,0,0,16.0,390,18,7659.1
20240410_asturias,asturias,asturias,4,0,0,11.1,1010,45,28375.5
20240410_baleares,baleares,baleares,4,0,0,14.9,1200,15,24437.8
20240410_cantabria,cantabria,cantabria,4,0,0,13.5,580,35,14044.3
20240410_madrid_prov,madrid,madrid_prov,4,0,0,11.7,6700,55,204773.3
20240410_murcia,murcia,murcia,4,0,0,18.0,1550,40,33965.7
20240410_navarra,navarra,navarra,4,0,0,13.1,660,55,20961.6
20240410_la_rioja,la_rioja,la_rioja,4,0,0,10.8,320,40,8667.7
20240412_sevilla,andalucia,sevilla,4,0,0,16.8,1950,55,53357.5
20240412_malaga,andalucia,malaga,4,0,0,19.4,1700,40,37903.0
20240412_cadiz,andalucia,cadiz,4,0,0,18.0,1240,50,28676.8
20240412_cordoba,andalucia,cordoba,4,0,0,19.2,780,35,16393.8
20240412_granada,andalucia,granada,4,0,0,17.6,915,30,19157.9
20240412_jaen,andalucia,jaen,4,0,0,17.7,610,25,11667.5
20240412_almeria,andalucia,almeria,4,0,0,18.0,730,45,17578.3
20240412_huelva,andalucia,huelva,4,0,0,20.3,525,40,12343.7
20240412_barcelona,cataluna,barcelona,4,0,0,16.1,5700,85,176734.5
20240412_tarragona,cataluna,tarragona,4,0,0,14.0,830,70,25993.0
20240412_girona,cataluna,girona,4,0,0,15.3,780,55,18942.9
20240412_lleida,cataluna,lleida,4,0,0,14.6,430,45,10555.7
20240412_valencia,valenciana,valencia,4,0,0,16.3,2650,65,78051.9
20240412_alicante,valenciana,alicante,4,0,0,17.7,1950,55,52319.3
20240412_castellon,valenciana,castellon,4,0,0,17.4,580,60,15163.2
20240412_a_coruna,galicia,a_coruna,4,0,0,11.9,1120,40,30000.5
20240412_pontevedra,galicia,pontevedra,4,0,0,13.2,945,45,23006.0
20240412_lugo,galicia,lugo,4,0,0,12.4,320,25,7130.0
20240412_ourense,galicia,ourense,4,0,0,13.8,305,25,6633.3
20240412_valladolid,castilla_y_leon,valladolid,4,0,0,9.6,520,45,17112.9
20240412_leon,castilla_y_leon,leon,4,0,0,10.1,440,30,10359.6
20240412_burgos,castilla_y_leon,burgos,4,0,0,9.7,360,40,11608.8
20240412_salamanca,castilla_y_leon,salamanca,4,0,0,8.0,330,25,9917.4
20240412_palencia,castilla_y_leon,palencia,4,0,0,12.6,155,30,3510.0
20240412_zamora,castilla_y_leon,zamora,4,0,0,10.4,165,20,3746.0
20240412_avila,castilla_y_leon,avila,4,0,0,12.7,155,20,3281.5
20240412_segovia,castilla_y_leon,segovia,4,0,0,10.5,150,20,3874.2
20240412_soria,castilla_y_leon,soria,4,0,0,11.3,90,20,1972.7
20240412_vizcaya,pais_vasco,vizcaya,4,0,0,12.2,1150,85,42942.7
20240412_guipuzcoa,pais_vasco,guipuzcoa,4,0,0,12.2,715,80,22667.1
20240412_alava,pais_vasco,alava,4,0,0,13.0,335,70,9855.5
20240412_toledo,castilla_la_mancha,toledo,4,0,0,15.6,730,30,15405.4
20240412_ciudad_real,castilla_la_mancha,ciudad_real,4,0,0,12.1,485,25,10791.2
20240412_albacete,castilla_la_mancha,albacete,4,0,0,10.7,385,25,9099.6
20240412_cuenca,castilla_la_mancha,cuenca,4,0,0,14.8,195,15,4018.5
20240412_guadalajara,castilla_la_mancha,guadalajara,4,0,0,14.4,255,30,5520.3
20240412_las_palmas,canarias,las_palmas,4,0,0,19.7,1150,20,20486.5
20240412_santa_cruz_tenerife,canarias,santa_cruz_tenerife,4,0,0,23.2,1020,20,21335.4
20240412_zaragoza,aragon,zaragoza,4,0,0,15.9,980,50,25947.0
20240412_huesca,aragon,huesca,4,0,0,10.5,220,30,5667.0
20240412_teruel,aragon,teruel,4,0,0,12.0,130,20,2859.0
20240412_badajoz,extremadura,badajoz,4,0,0,15.3,670,22,15191.0
20240412_caceres,extremadura,caceres,4,0,0,13.9,390,18,7766.4
20240412_asturias,asturias,asturias,4,0,0,13.5,1010,45,25916.1
20240412_baleares,baleares,baleares,4,0,0,17.3,1200,15,19931.3
20240412_cantabria,cantabria,cantabria,4,0,0,13.4,580,35,14134.0
20240412_madrid_prov,madrid,madrid_prov,4,0,0,14.4,6700,55,185187.4
20240412_murcia,murcia,murcia,4,0,0,19.5,1550,40,36506.7
20240412_navarra,navarra,navarra,4,0,0,12.1,660,55,18611.1
20240412_la_rioja,la_rioja,la_rioja,4,0,0,11.6,320,40,8596.9
20240414_sevilla,andalucia,sevilla,4,1,0,18.7,1950,55,43004.7
20240414_malaga,andalucia,malaga,4,1,0,17.0,1700,40,32176.0
20240414_cadiz,andalucia,cadiz,4,1,0,16.0,1240,50,27163.7
20240414_cordoba,andalucia,cordoba,4,1,0,16.2,780,35,14426.8
20240414_granada,andalucia,granada,4,1,0,17.7,915,30,15637.9
20240414_jaen,andalucia,jaen,4,1,0,18.8,610,25,11062.4
20240414_almeria,andalucia,almeria,4,1,0,17.5,730,45,14893.3
20240414_huelva,andalucia,huelva,4,1,0,19.0,525,40,10179.2
20240414_barcelona,cataluna,barcelona,4,1,0,14.2,5700,85,180587.7
20240414_tarragona,cataluna,tarragona,4,1,0,16.5,830,70,21716.5
20240414_girona,cataluna,girona,4,1,0,16.6,780,55,16093.4
20240414_lleida,cataluna,lleida,4,1,0,17.2,430,45,9164.7
20240414_valencia,valenciana,valencia,4,1,0,18.7,2650,65,65694.9
20240414_alicante,valenciana,alicante,4,1,0,17.4,1950,55,43432.0
20240414_castellon,valenciana,castellon,4,1,0,17.8,580,60,13358.0
20240414_a_coruna,galicia,a_coruna,4,1,0,14.6,1120,40,21984.5
20240414_pontevedra,galicia,pontevedra,4,1,0,12.6,945,45,25273.7
20240414_lugo,galicia,lugo,4,1,0,12.5,320,25,6421.4
20240414_ourense,galicia,ourense,4,1,0,12.1,305,25,6420.0
20240414_valladolid,castilla_y_leon,valladolid,4,1,0,9.7,520,45,14764.0
20240414_leon,castilla_y_leon,leon,4,1,0,12.0,440,30,9322.1
20240414_burgos,castilla_y_leon,burgos,4,1,0,11.9,360,40,9041.9
20240414_salamanca,castilla_y_leon,salamanca,4,1,0,12.2,330,25,6841.8
20240414_palencia,castilla_y_leon,palencia,4,1,0,15.3,155,30,3103.9
20240414_zamora,castilla_y_leon,zamora,4,1,0,11.2,165,20,3276.3
20240414_avila,castilla_y_leon,avila,4,1,0,10.6,155,20,3579.9
20240414_segovia,castilla_y_leon,segovia,4,1,0,13.2,150,20,3019.0
20240414_soria,castilla_y_leon,soria,4,1,0,11.9,90,20,1689.4
20240414_vizcaya,pais_vasco,vizcaya,4,1,0,14.0,1150,85,32493.5
20240414_guipuzcoa,pais_vasco,guipuzcoa,4,1,0,11.3,715,80,24243.5
20240414_alava,pais_vasco,alava,4,1,0,14.1,335,70,9541.6
20240414_toledo,castilla_la_mancha,toledo,4,1,0,14.4,730,30,14642.6
20240414_ciudad_real,castilla_la_mancha,ciudad_real,4,1,0,12.4,485,25,9862.6
20240414_albacete,castilla_la_mancha,albacete,4,1,0,11.6,385,25,7412.5
20240414_cuenca,castilla_la_mancha,cuenca,4,1,0,14.8,195,15,3116.1
20240414_guadalajara,castilla_la_mancha,guadalajara,4,1,0,15.0,255,30,5170.9
20240414_las_palmas,canarias,las_palmas,4,1,0,19.6,1150,20,19870.7
20240414_santa_cruz_tenerife,canarias,santa_cruz_tenerife,4,1,0,19.5,1020,20,15588.1
20240414_zaragoza,aragon,zaragoza,4,1,0,13.4,980,50,23131.0
20240414_huesca,aragon,huesca,4,1,0,12.6,220,30,5134.4
20240414_teruel,aragon,teruel,4,1,0,11.1,130,20,2764.0
20240414_badajoz,extremadura,badajoz,4,1,0,14.4,670,22,12706.2
20240414_caceres,extremadura,caceres,4,1,0,16.2,390,18,6562.2
20240414_asturias,asturias,asturias,4,1,0,11.6,1010,45,24873.3
20240414_baleares,baleares,baleares,4,1,0,18.6,1200,15,20633.6
20240414_cantabria,cantabria,cantabria,4,1,0,14.1,580,35,11507.7
20240414_madrid_prov,madrid,madrid_prov,4,1,0,14.7,6700,55,180449.1
20240414_murcia,murcia,murcia,4,1,0,18.0,1550,40,33305.6
20240414_navarra,navarra,navarra,4,1,0,11.2,660,55,18562.2
20240414_la_rioja,la_rioja,la_rioja,4,1,0,13.7,320,40,7197.1
20240416_sevilla,andalucia,sevilla,4,0,0,17.5,1950,55,46945.4
20240416_malaga,andalucia,malaga,4,0,0,20.0,1700,40,40914.5
20240416_cadiz,andalucia,cadiz,4,0,0,20.7,1240,50,34024.8
20240416_cordoba,andalucia,cordoba,4,0,0,18.8,780,35,16370.4
20240416_granada,andalucia,granada,4,0,0,20.5,915,30,19903.3
20240416_jaen,andalucia,jaen,4,0,0,17.2,610,25,11242.5
20240416_almeria,andalucia,almeria,4,0,0,19.3,730,45,16898.3
20240416_huelva,andalucia,huelva,4,0,0,18.6,525,40,12314.6
20240416_barcelona,cataluna,barcelona,4,0,0,16.7,5700,85,189062.5
20240416_tarragona,cataluna,tarragona,4,0,0,12.9,830,70,26798.5
20240416_girona,cataluna,girona,4,0,0,16.6,780,55,18297.8
20240416_lleida,cataluna,lleida,4,0,0,14.7,430,45,10118.3
20240416_valencia,valenciana,valencia,4,0,0,17.6,2650,65,77496.0
20240416_alicante,valenciana,alicante,4,0,0,20.4,1950,55,48395.8
20240416_castellon,valenciana,castellon,4,0,0,18.3,580,60,15509.5
20240416_a_coruna,galicia,a_coruna,4,0,0,14.1,1120,40,27468.6
20240416_pontevedra,galicia,pontevedra,4,0,0,14.0,945,45,25897.6
20240416_lugo,galicia,lugo,4,0,0,15.1,320,25,6140.8
20240416_ourense,galicia,ourense,4,0,0,14.7,305,25,6543.7
20240416_valladolid,castilla_y_leon,valladolid,4,0,0,11.6,520,45,15633.7
20240416_leon,castilla_y_leon,leon,4,0,0,11.4,440,30,11188.4
20240416_burgos,castilla_y_leon,burgos,4,0,0,11.3,360,40,9008.6
20240416_salamanca,castilla_y_leon,salamanca,4,0,0,11.0,330,25,7832.5
20240416_palencia,castilla_y_leon,palencia,4,0,0,9.5,155,30,4733.9
20240416_zamora,castilla_y_leon,zamora,4,0,0,11.8,165,20,3665.4
20240416_avila,castilla_y_leon,avila,4,0,0,10.3,155,20,3829.4
20240416_segovia,castilla_y_leon,segovia,4,0,0,12.5,150,20,3086.2
20240416_soria,castilla_y_leon,soria,4,0,0,11.1,90,20,2179.6
20240416_vizcaya,pais_vasco,vizcaya,4,0,0,10.9,1150,85,45088.4
20240416_guipuzcoa,pais_vasco,guipuzcoa,4,0,0,13.0,715,80,24083.4
20240416_alava,pais_vasco,alava,4,0,0,12.9,335,70,10762.2
20240416_toledo,castilla_la_mancha,toledo,4,0,0,16.8,730,30,14687.6
20240416_ciudad_real,castilla_la_mancha,ciudad_real,4,0,0,14.5,485,25,11049.5
20240416_albacete,castilla_la_mancha,albacete,4,0,0,13.4,385,25,9120.9
20240416_cuenca,castilla_la_mancha,cuenca,4,0,0,14.1,195,15,4024.4
20240416_guadalajara,castilla_la_mancha,guadalajara,4,0,0,15.2,255,30,5484.8
20240416_las_palmas,canarias,las_palmas,4,0,0,20.4,1150,20,21182.2
20240416_santa_cruz_tenerife,canarias,santa_cruz_tenerife,4,0,0,20.6,1020,20,20381.6
20240416_zaragoza,aragon,zaragoza,4,0,0,13.6,980,50,25705.2
20240416_huesca,aragon,huesca,4,0,0,13.3,220,30,5268.4
20240416_teruel,aragon,teruel,4,0,0,15.3,130,20,2403.1
20240416_badajoz,extremadura,badajoz,4,0,0,15.2,670,22,13378.0
20240416_caceres,extremadura,caceres,4,0,0,18.3,390,18,7443.6
20240416_asturias,asturias,asturias,4,0,0,11.3,1010,45,28739.5
20240416_baleares,baleares,baleares,4,0,0,16.3,1200,15,20994.4
20240416_cantabria,cantabria,cantabria,4,0,0,15.8,580,35,11779.0
20240416_madrid_prov,madrid,madrid_prov,4,0,0,12.4,6700,55,189134.9
20240416_murcia,murcia,murcia,4,0,0,18.5,1550,40,35530.1
20240416_navarra,navarra,navarra,4,0,0,13.2,660,55,19724.4
20240416_la_rioja,la_rioja,la_rioja,4,0,0,10.6,320,40,9779.0
20240418_sevilla,andalucia,sevilla,4,0,0,18.5,1950,55,50708.8
20240418_malaga,andalucia,malaga,4,0,0,17.1,1700,40,37917.9
20240418_cadiz,andalucia,cadiz,4,0,0,19.2,1240,50,31919.2
20240418_cordoba,andalucia,cordoba,4,0,0,16.7,780,35,16750.1
20240418_granada,andalucia,granada,4,0,0,17.4,915,30,19082.5
20240418_jaen,andalucia,jaen,4,0,0,20.0,610,25,12862.9
20240418_almeria,andalucia,almeria,4,0,0,18.2,730,45,17697.3
20240418_huelva,andalucia,huelva,4,0,0,20.8,525,40,11201.6
20240418_barcelona,cataluna,barcelona,4,0,0,16.8,5700,85,185357.1
20240418_tarragona,cataluna,tarragona,4,0,0,15.5,830,70,22516.4
20240418_girona,cataluna,girona,4,0,0,17.2,780,55,18456.2
20240418_lleida,cataluna,lleida,4,0,0,15.6,430,45,10234.1
20240418_valencia,valenciana,valencia,4,0,0,18.9,2650,65,69470.2
20240418_alicante,valenciana,alicante,4,0,0,16.9,1950,55,49388.0
20240418_castellon,valenciana,castellon,4,0,0,19.3,580,60,17051.4
20240418_a_coruna,galicia,a_coruna,4,0,0,11.6,1120,40,30860.9
20240418_pontevedra,galicia,pontevedra,4,0,0,12.2,945,45,27220.2
20240418_lugo,galicia,lugo,4,0,0,12.4,320,25,7002.6
20240418_ourense,galicia,ourense,4,0,0,12.9,305,25,6709.0
20240418_valladolid,castilla_y_leon,valladolid,4,0,0,11.9,520,45,14819.7
20240418_leon,castilla_y_leon,leon,4,0,0,11.5,440,30,10310.0
20240418_burgos,castilla_y_leon,burgos,4,0,0,12.5,360,40,9291.7
20240418_salamanca,castilla_y_leon,salamanca,4,0,0,13.1,330,25,6971.7
20240418_palencia,castilla_y_leon,palencia,4,0,0,9.2,155,30,4464.9
20240418_zamora,castilla_y_leon,zamora,4,0,0,13.3,165,20,3431.7
20240418_avila,castilla_y_leon,avila,4,0,0,11.2,155,20,3423.1
20240418_segovia,castilla_y_leon,segovia,4,0,0,13.9,150,20,2857.8
20240418_soria,castilla_y_leon,soria,4,0,0,10.5,90,20,2234.8
20240418_vizcaya,pais_vasco,vizcaya,4,0,0,11.2,1150,85,47178.0
20240418_guipuzcoa,pais_vasco,guipuzcoa,4,0,0,14.7,715,80,23611.2
20240418_alava,pais_vasco,alava,4,0,0,14.6,335,70,9854.4
20240418_toledo,castilla_la_mancha,toledo,4,0,0,13.0,730,30,16717.9
20240418_ciudad_real,castilla_la_mancha,ciudad_real,4,0,0,13.1,485,25,10860.5
20240418_albacete,castilla_la_mancha,albacete,4,0,0,15.6,385,25,8264.7
20240418_cuenca,castilla_la_mancha,cuenca,4,0,0,15.0,195,15,3736.1
20240418_guadalajara,castilla_la_mancha,guadalajara,4,0,0,14.1,255,30,5477.0
20240418_las_palmas,canarias,las_palmas,4,0,0,21.3,1150,20,22012.2
20240418_santa_cruz_tenerife,canarias,santa_cruz_tenerife,4,0,0,21.0,1020,20,18697.9
20240418_zaragoza,aragon,zaragoza,4,0,0,12.8,980,50,28063.3
20240418_huesca,aragon,huesca,4,0,0,15.2,220,30,4429.8
20240418_teruel,aragon,teruel,4,0,0,14.9,130,20,2449.8
20240418_badajoz,extremadura,badajoz,4,0,0,16.5,670,22,13668.5
20240418_caceres,extremadura,caceres,4,0,0,17.6,390,18,7317.6
20240418_asturias,asturias,asturias,4,0,0,15.9,1010,45,23097.7
20240418_baleares,baleares,baleares,4,0,0,16.4,1200,15,20463.1
20240418_cantabria,cantabria,cantabria,4,0,0,13.4,580,35,12241.2
20240418_madrid_prov,madrid,madrid_prov,4,0,0,14.7,6700,55,173063.7
20240418_murcia,murcia,murcia,4,0,0,19.5,1550,40,35423.5
20240418_navarra,navarra,navarra,4,0,0,12.1,660,55,20281.3
20240418_la_rioja,la_rioja,la_rioja,4,0,0,14.5,320,40,7307.0
20240420_sevilla,andalucia,sevilla,4,1,0,18.5,1950,55,39378.0
20240420_malaga,andalucia,malaga,4,1,0,17.7,1700,40,32732.8
20240420_cadiz,andalucia,cadiz,4,1,0,19.3,1240,50,25892.2
20240420_cordoba,andalucia,cordoba,4,1,0,18.5,780,35,14046.1
20240420_granada,andalucia,granada,4,1,0,19.5,915,30,17273.0
20240420_jaen,andalucia,jaen,4,1,0,19.8,610,25,10813.9
20240420_almeria,andalucia,almeria,4,1,0,17.1,730,45,14810.1
20240420_huelva,andalucia,huelva,4,1,0,18.7,525,40,10300.6
20240420_barcelona,cataluna,barcelona,4,1,0,16.3,5700,85,172032.1
20240420_tarragona,cataluna,tarragona,4,1,0,17.3,830,70,19877.5
20240420_girona,cataluna,girona,4,1,0,17.1,780,55,18224.0
20240420_lleida,cataluna,lleida,4,1,0,15.1,430,45,9789.2
20240420_valencia,valenciana,valencia,4,1,0,17.9,2650,65,59873.7
20240420_alicante,valenciana,alicante,4,1,0,18.8,1950,55,44572.0
20240420_castellon,valenciana,castellon,4,1,0,17.8,580,60,13542.6
20240420_a_coruna,galicia,a_coruna,4,1,0,12.9,1120,40,26314.9
20240420_pontevedra,galicia,pontevedra,4,1,0,13.9,945,45,21696.7
20240420_lugo,galicia,lugo,4,1,0,14.4,320,25,5624.8
20240420_ourense,galicia,ourense,4,1,0,12.7,305,25,5491.8
20240420_valladolid,castilla_y_leon,valladolid,4,1,0,12.6,520,45,11805.9
20240420_leon,castilla_y_leon,leon,4,1,0,12.0,440,30,9791.0
20240420_burgos,castilla_y_leon,burgos,4,1,0,12.7,360,40,7820.4
20240420_salamanca,castilla_y_leon,salamanca,4,1,0,11.8,330,25,7585.8
20240420_palencia,castilla_y_leon,palencia,4,1,0,14.2,155,30,3204.8
20240420_zamora,castilla_y_leon,zamora,4,1,0,12.3,165,20,3059.2
20240420_avila,castilla_y_leon,avila,4,1,0,12.9,155,20,2917.2
20240420_segovia,castilla_y_leon,segovia,4,1,0,12.6,150,20,2787.7
20240420_soria,castilla_y_leon,soria,4,1,0,11.6,90,20,1840.4
20240420_vizcaya,pais_vasco,vizcaya,4,1,0,14.4,1150,85,34916.5
20240420_guipuzcoa,pais_vasco,guipuzcoa,4,1,0,13.3,715,80,20142.1
20240420_alava,pais_vasco,alava,4,1,0,16.3,335,70,9666.5
20240420_toledo,castilla_la_mancha,toledo,4,1,0,15.5,730,30,12903.8
20240420_ciudad_real,castilla_la_mancha,ciudad_real,4,1,0,13.8,485,25,9500.7
20240420_albacete,castilla_la_mancha,albacete,4,1,0,16.8,385,25,6361.7
20240420_cuenca,castilla_la_mancha,cuenca,4,1,0,14.7,195,15,3276.0
20240420_guadalajara,castilla_la_mancha,guadalajara,4,1,0,16.1,255,30,4669.4
20240420_las_palmas,canarias,las_palmas,4,1,0,18.6,1150,20,19678.4
20240420_santa_cruz_tenerife,canarias,santa_cruz_tenerife,4,1,0,22.4,1020,20,18573.6
20240420_zaragoza,aragon,zaragoza,4,1,0,14.9,980,50,21836.7
20240420_huesca,aragon,huesca,4,1,0,13.2,220,30,4774.4
20240420_teruel,aragon,teruel,4,1,0,14.9,130,20,2323.2
20240420_badajoz,extremadura,badajoz,4,1,0,18.9,670,22,10793.2
20240420_caceres,extremadura,caceres,4,1,0,16.1,390,18,6504.1
20240420_asturias,asturias,asturias,4,1,0,12.7,1010,45,25315.0
20240420_baleares,baleares,baleares,4,1,0,17.8,1200,15,17934.4
20240420_cantabria,cantabria,cantabria,4,1,0,14.0,580,35,12170.4
20240420_madrid_prov,madrid,madrid_prov,4,1,0,16.7,6700,55,155516.1
20240420_murcia,murcia,murcia,4,1,0,19.3,1550,40,31745.5
20240420_navarra,navarra,navarra,4,1,0,13.0,660,55,16321.7
20240420_la_rioja,la_rioja,la_rioja,4,1,0,14.2,320,40,6793.0
20240422_sevilla,andalucia,sevilla,4,0,0,21.9,1950,55,56580.6
20240422_malaga,andalucia,malaga,4,0,0,20.4,1700,40,39684.5
20240422_cadiz,andalucia,cadiz,4,0,0,19.4,1240,50,28352.8
20240422_cordoba,andalucia,cordoba,4,0,0,19.2,780,35,16792.4
20240422_granada,andalucia,granada,4,0,0,19.9,915,30,19369.6
20240422_jaen,andalucia,jaen,4,0,0,20.8,610,25,11898.7
20240422_almeria,andalucia,almeria,4,0,0,18.6,730,45,18197.2
20240422_huelva,andalucia,huelva,4,0,0,20.6,525,40,11854.2
20240422_barcelona,cataluna,barcelona,4,0,0,16.3,5700,85,176968.1
20240422_tarragona,cataluna,tarragona,4,0,0,16.5,830,70,23984.5
20240422_girona,cataluna,girona,4,0,0,20.0,780,55,20161.1
20240422_lleida,cataluna,lleida,4,0,0,17.4,430,45,9163.9
20240422_valencia,valenciana,valencia,4,0,0,17.7,2650,65,75934.8
20240422_alicante,valenciana,alicante,4,0,0,19.0,1950,55,39412.9
20240422_castellon,valenciana,castellon,4,0,0,19.4,580,60,16759.5
20240422_a_coruna,galicia,a_coruna,4,0,0,11.3,1120,40,33364.7
20240422_pontevedra,galicia,pontevedra,4,0,0,10.3,945,45,30488.1
20240422_lugo,galicia,lugo,4,0,0,14.1,320,25,5960.1
20240422_ourense,galicia,ourense,4,0,0,14.8,305,25,6611.4
20240422_valladolid,castilla_y_leon,valladolid,4,0,0,12.7,520,45,14294.0
20240422_leon,castilla_y_leon,leon,4,0,0,11.6,440,30,9952.1
20240422_burgos,castilla_y_leon,burgos,4,0,0,13.2,360,40,9836.6
20240422_salamanca,castilla_y_leon,salamanca,4,0,0,13.8,330,25,6344.2
20240422_palencia,castilla_y_leon,palencia,4,0,0,10.1,155,30,4054.4
20240422_zamora,castilla_y_leon,zamora,4,0,0,10.0,165,20,4119.5
20240422_avila,castilla_y_leon,avila,4,0,0,12.8,155,20,3056.1
20240422_segovia,castilla_y_leon,segovia,4,0,0,13.3,150,20,3190.1
20240422_soria,castilla_y_leon,soria,4,0,0,11.4,90,20,2030.2
20240422_vizcaya,pais_vasco,vizcaya,4,0,0,11.6,1150,85,42655.8
20240422_guipuzcoa,pais_vasco,guipuzcoa,4,0,0,14.3,715,80,23080.9
20240422_alava,pais_vasco,alava,4,0,0,14.8,335,70,9977.9
20240422_toledo,castilla_la_mancha,toledo,4,0,0,14.9,730,30,15826.3
20240422_ciudad_real,castilla_la_mancha,ciudad_real,4,0,0,16.7,485,25,9429.1
20240422_albacete,castilla_la_mancha,albacete,4,0,0,15.7,385,25,7592.1
20240422_cuenca,castilla_la_mancha,cuenca,4,0,0,14.4,195,15,3747.2
20240422_guadalajara,castilla_la_mancha,guadalajara,4,0,0,14.5,255,30,5634.3
20240422_las_palmas,canarias,las_palmas,4,0,0,20.9,1150,20,21827.8
20240422_santa_cruz_tenerife,canarias,santa_cruz_tenerife,4,0,0,20.4,1020,20,18893.4
20240422_zaragoza,aragon,zaragoza,4,0,0,12.4,980,50,28213.5
20240422_huesca,aragon,huesca,4,0,0,15.0,220,30,4884.5
20240422_teruel,aragon,teruel,4,0,0,14.0,130,20,2865.1
20240422_badajoz,extremadura,badajoz,4,0,0,16.7,670,22,12157.6
20240422_caceres,extremadura,caceres,4,0,0,15.8,390,18,6612.2
20240422_asturias,asturias,asturias,4,0,0,15.8,1010,45,25711.2
20240422_baleares,baleares,baleares,4,0,0,19.1,1200,15,20163.3
20240422_cantabria,cantabria,cantabria,4,0,0,16.6,580,35,12234.9
20240422_madrid_prov,madrid,madrid_prov,4,0,0,15.3,6700,55,187335.9
20240422_murcia,murcia,murcia,4,0,0,19.8,1550,40,39115.0
20240422_navarra,navarra,navarra,4,0,0,13.9,660,55,17670.6
20240422_la_rioja,la_rioja,la_rioja,4,0,0,13.2,320,40,7283.9
20240424_sevilla,andalucia,sevilla,4,0,0,19.4,1950,55,52299.7
20240424_malaga,andalucia,malaga,4,0,0,20.7,1700,40,39254.8
20240424_cadiz,andalucia,cadiz,4,0,0,18.4,1240,50,30245.6
20240424_cordoba,andalucia,cordoba,4,0,0,21.3,780,35,17918.6
20240424_granada,andalucia,granada,4,0,0,20.1,915,30,18265.5
20240424_jaen,andalucia,jaen,4,0,0,21.1,610,25,10607.6
20240424_almeria,andalucia,almeria,4,0,0,20.4,730,45,19806.1
20240424_huelva,andalucia,huelva,4,0,0,17.7,525,40,11515.7
20240424_barcelona,cataluna,barcelona,4,0,0,16.8,5700,85,172633.3
20240424_tarragona,cataluna,tarragona,4,0,0,18.2,830,70,23704.8
20240424_girona,cataluna,girona,4,0,0,17.0,780,55,20441.3
20240424_lleida,cataluna,lleida,4,0,0,16.8,430,45,11759.5
20240424_valencia,valenciana,valencia,4,0,0,18.9,2650,65,72406.7
20240424_alicante,valenciana,alicante,4,0,0,16.3,1950,55,48275.6
20240424_castellon,valenciana,castellon,4,0,0,20.3,580,60,14508.8
20240424_a_coruna,galicia,a_coruna,4,0,0,11.3,1120,40,31044.8
20240424_pontevedra,galicia,pontevedra,4,0,0,16.2,945,45,22288.9
20240424_lugo,galicia,lugo,4,0,0,13.8,320,25,6175.9
20240424_ourense,galicia,ourense,4,0,0,15.0,305,25,6410.2
20240424_valladolid,castilla_y_leon,valladolid,4,0,0,10.1,520,45,17141.7
20240424_leon,castilla_y_leon,leon,4,0,0,13.6,440,30,10439.6
20240424_burgos,castilla_y_leon,burgos,4,0,0,13.4,360,40,9223.5
20240424_salamanca,castilla_y_leon,salamanca,4,0,0,13.3,330,25,7479.8
20240424_palencia,castilla_y_leon,palencia,4,0,0,10.0,155,30,3940.9
20240424_zamora,castilla_y_leon,zamora,4,0,0,11.5,165,20,3709.4
20240424_avila,castilla_y_leon,avila,4,0,0,13.1,155,20,3279.7
20240424_segovia,castilla_y_leon,segovia,4,0,0,14.1,150,20,3163.6
20240424_soria,castilla_y_leon,soria,4,0,0,11.3,90,20,2084.0
20240424_vizcaya,pais_vasco,vizcaya,4,0,0,13.4,1150,85,39166.2
20240424_guipuzcoa,pais_vasco,guipuzcoa,4,0,0,15.0,715,80,18851.7
20240424_alava,pais_vasco,alava,4,0,0,17.9,335,70,9610.5
20240424_toledo,castilla_la_mancha,toledo,4,0,0,14.8,730,30,17229.9
20240424_ciudad_real,castilla_la_mancha,ciudad_real,4,0,0,15.2,485,25,9866.2
20240424_albacete,castilla_la_mancha,albacete,4,0,0,15.0,385,25,8501.4
20240424_cuenca,castilla_la_mancha,cuenca,4,0,0,15.5,195,15,3546.4
20240424_guadalajara,castilla_la_mancha,guadalajara,4,0,0,17.3,255,30,5342.0
20240424_las_palmas,canarias,las_palmas,4,0,0,20.9,1150,20,23429.9
20240424_santa_cruz_tenerife,canarias,santa_cruz_tenerife,4,0,0,24.6,1020,20,23596.9
20240424_zaragoza,aragon,zaragoza,4,0,0,15.2,980,50,24817.6
20240424_huesca,aragon,huesca,4,0,0,16.9,220,30,4361.8
20240424_teruel,aragon,teruel,4,0,0,14.7,130,20,2349.3
20240424_badajoz,extremadura,badajoz,4,0,0,15.9,670,22,12553.8
20240424_caceres,extremadura,caceres,4,0,0,17.5,390,18,7687.4
20240424_asturias,asturias,asturias,4,0,0,14.6,1010,45,23776.0
20240424_baleares,baleares,baleares,4,0,0,17.5,1200,15,22454.2
20240424_cantabria,cantabria,cantabria,4,0,0,15.8,580,35,12660.3
20240424_madrid_prov,madrid,madrid_prov,4,0,0,15.4,6700,55,183845.5
20240424_murcia,murcia,murcia,4,0,0,17.8,1550,40,35086.2
20240424_navarra,navarra,navarra,4,0,0,17.1,660,55,16771.3
20240424_la_rioja,la_rioja,la_rioja,4,0,0,13.3,320,40,8118.6
20240426_sevilla,andalucia,sevilla,4,0,0,19.5,1950,55,46092.6
20240426_malaga,andalucia,malaga,4,0,0,21.1,1700,40,42040.3
20240426_cadiz,andalucia,cadiz,4,0,0,19.7,1240,50,29784.9
20240426_cordoba,andalucia,cordoba,4,0,0,18.8,780,35,16503.6
20240426_granada,andalucia,granada,4,0,0,19.4,915,30,17832.7
20240426_jaen,andalucia,jaen,4,0,0,22.8,610,25,13606.0
20240426_almeria,andalucia,almeria,4,0,0,20.9,730,45,18499.0
20240426_huelva,andalucia,huelva,4,0,0,21.2,525,40,12065.4
20240426_barcelona,cataluna,barcelona,4,0,0,17.4,5700,85,173140.4
20240426_tarragona,cataluna,tarragona,4,0,0,17.7,830,70,23558.5
20240426_girona,cataluna,girona,4,0,0,16.5,780,55,18495.2
20240426_lleida,cataluna,lleida,4,0,0,17.3,430,45,9879.3
20240426_valencia,valenciana,valencia,4,0,0,16.3,2650,65,74360.1
20240426_alicante,valenciana,alicante,4,0,0,20.3,1950,55,57037.4
20240426_castellon,valenciana,castellon,4,0,0,18.4,580,60,14686.3
20240426_a_coruna,galicia,a_coruna,4,0,0,13.0,1120,40,28635.3
20240426_pontevedra,galicia,pontevedra,4,0,0,14.8,945,45,22189.9
20240426_lugo,galicia,lugo,4,0,0,14.3,320,25,6038.5
20240426_ourense,galicia,ourense,4,0,0,15.8,305,25,5828.0
20240426_valladolid,castilla_y_leon,valladolid,4,0,0,12.9,520,45,12826.0
20240426_leon,castilla_y_leon,leon,4,0,0,12.1,440,30,10488.8
20240426_burgos,castilla_y_leon,burgos,4,0,0,12.9,360,40,9352.0
20240426_salamanca,castilla_y_leon,salamanca,4,0,0,14.9,330,25,6964.4
20240426_palencia,castilla_y_leon,palencia,4,0,0,14.3,155,30,3640.7
20240426_zamora,castilla_y_leon,zamora,4,0,0,13.7,165,20,3335.4
20240426_avila,castilla_y_leon,avila,4,0,0,14.3,155,20,3231.1
20240426_segovia,castilla_y_leon,segovia,4,0,0,13.8,150,20,2811.5
20240426_soria,castilla_y_leon,soria,4,0,0,11.7,90,20,1984.8
20240426_vizcaya,pais_vasco,vizcaya,4,0,0,15.9,1150,85,36185.2
20240426_guipuzcoa,pais_vasco,guipuzcoa,4,0,0,16.4,715,80,23074.9
20240426_alava,pais_vasco,alava,4,0,0,16.5,335,70,10051.9
20240426_toledo,castilla_la_mancha,toledo,4,0,0,14.6,730,30,16164.7
20240426_ciudad_real,castilla_la_mancha,ciudad_real,4,0,0,15.2,485,25,9022.9
20240426_albacete,castilla_la_mancha,albacete,4,0,0,15.6,385,25,8208.2
20240426_cuenca,castilla_la_mancha,cuenca,4,0,0,16.7,195,15,3800.7
20240426_guadalajara,castilla_la_mancha,guadalajara,4,0,0,16.3,255,30,5946.2
20240426_las_palmas,canarias,las_palmas,4,0,0,21.4,1150,20,22516.6
20240426_santa_cruz_tenerife,canarias,santa_cruz_tenerife,4,0,0,19.3,1020,20,20033.8
20240426_zaragoza,aragon,zaragoza,4,0,0,14.7,980,50,24211.9
20240426_huesca,aragon,huesca,4,0,0,17.2,220,30,4747.0
20240426_teruel,aragon,teruel,4,0,0,17.0,130,20,2361.4
20240426_badajoz,extremadura,badajoz,4,0,0,17.8,670,22,12543.7
20240426_caceres,extremadura,caceres,4,0,0,19.0,390,18,7637.0
20240426_asturias,asturias,asturias,4,0,0,14.5,1010,45,27515.6
20240426_baleares,baleares,baleares,4,0,0,20.0,1200,15,21163.7
20240426_cantabria,cantabria,cantabria,4,0,0,15.6,580,35,13852.2
20240426_madrid_prov,madrid,madrid_prov,4,0,0,19.2,6700,55,179468.9
20240426_murcia,murcia,murcia,4,0,0,19.5,1550,40,34447.2
20240426_navarra,navarra,navarra,4,0,0,15.0,660,55,18832.4
20240426_la_rioja,la_rioja,la_rioja,4,0,0,15.3,320,40,7546.5
20240428_sevilla,andalucia,sevilla,4,1,0,20.5,1950,55,44739.6
20240428_malaga,andalucia,malaga,4,1,0,20.2,1700,40,35112.5
20240428_cadiz,andalucia,cadiz,4,1,0,22.9,1240,50,30006.6
20240428_cordoba,andalucia,cordoba,4,1,0,20.5,780,35,14780.8
20240428_granada,andalucia,granada,4,1,0,21.5,915,30,19066.8
20240428_jaen,andalucia,jaen,4,1,0,22.7,610,25,12045.3
20240428_almeria,andalucia,almeria,4,1,0,21.3,730,45,15965.4
20240428_huelva,andalucia,huelva,4,1,0,21.2,525,40,11247.0
20240428_barcelona,cataluna,barcelona,4,1,0,17.4,5700,85,159041.6
20240428_tarragona,cataluna,tarragona,4,1,0,18.0,830,70,20526.8
20240428_girona,cataluna,girona,4,1,0,17.0,780,55,19248.9
20240428_lleida,cataluna,lleida,4,1,0,21.1,430,45,8888.1
20240428_valencia,valenciana,valencia,4,1,0,17.5,2650,65,61337.5
20240428_alicante,valenciana,alicante,4,1,0,19.1,1950,55,46255.4
20240428_castellon,valenciana,castellon,4,1,0,20.1,580,60,14002.3
20240428_a_coruna,galicia,a_coruna,4,1,0,15.4,1120,40,22392.8
20240428_pontevedra,galicia,pontevedra,4,1,0,14.3,945,45,21103.0
20240428_lugo,galicia,lugo,4,1,0,12.5,320,25,6140.3
20240428_ourense,galicia,ourense,4,1,0,13.1,305,25,6239.4
20240428_valladolid,castilla_y_leon,valladolid,4,1,0,13.6,520,45,12345.8
20240428_leon,castilla_y_leon,leon,4,1,0,10.7,440,30,9650.1
20240428_burgos,castilla_y_leon,burgos,4,1,0,14.2,360,40,6754.0
20240428_salamanca,castilla_y_leon,salamanca,4,1,0,15.0,330,25,5506.5
20240428_palencia,castilla_y_leon,palencia,4,1,0,14.5,155,30,2895.2
20240428_zamora,castilla_y_leon,zamora,4,1,0,14.7,165,20,3394.3
20240428_avila,castilla_y_leon,avila,4,1,0,10.1,155,20,3571.1
20240428_segovia,castilla_y_leon,segovia,4,1,0,10.7,150,20,3272.1
20240428_soria,castilla_y_leon,soria,4,1,0,13.0,90,20,1707.3
20240428_vizcaya,pais_vasco,vizcaya,4,1,0,13.7,1150,85,36376.9
20240428_guipuzcoa,pais_vasco,guipuzcoa,4,1,0,13.0,715,80,23211.2
20240428_alava,pais_vasco,alava,4,1,0,14.4,335,70,8383.7
20240428_toledo,castilla_la_mancha,toledo,4,1,0,18.6,730,30,13316.0
20240428_ciudad_real,castilla_la_mancha,ciudad_real,4,1,0,19.1,485,25,9030.5
20240428_albacete,castilla_la_mancha,albacete,4,1,0,15.3,385,25,6949.3
20240428_cuenca,castilla_la_mancha,cuenca,4,1,0,16.6,195,15,3342.9
20240428_guadalajara,castilla_la_mancha,guadalajara,4,1,0,17.0,255,30,4724.8
20240428_las_palmas,canarias,las_palmas,4,1,0,21.0,1150,20,19918.2
20240428_santa_cruz_tenerife,canarias,santa_cruz_tenerife,4,1,0,23.1,1020,20,19292.1
20240428_zaragoza,aragon,zaragoza,4,1,0,15.2,980,50,21533.7
20240428_huesca,aragon,huesca,4,1,0,15.0,220,30,3931.8
20240428_teruel,aragon,teruel,4,1,0,14.7,130,20,2456.8
20240428_badajoz,extremadura,badajoz,4,1,0,18.0,670,22,11727.6
20240428_caceres,extremadura,caceres,4,1,0,14.8,390,18,6871.7
20240428_asturias,asturias,asturias,4,1,0,14.0,1010,45,22373.7
20240428_baleares,baleares,baleares,4,1,0,19.3,1200,15,18544.2
20240428_cantabria,cantabria,cantabria,4,1,0,11.6,580,35,14220.6
20240428_madrid_prov,madrid,madrid_prov,4,1,0,17.1,6700,55,149275.7
20240428_murcia,murcia,murcia,4,1,0,18.4,1550,40,28787.0
20240428_navarra,navarra,navarra,4,1,0,14.9,660,55,16991.2
20240428_la_rioja,la_rioja,la_rioja,4,1,0,15.3,320,40,6196.2
20240430_sevilla,andalucia,sevilla,4,0,0,21.1,1950,55,51212.0
20240430_malaga,andalucia,malaga,4,0,0,22.0,1700,40,42241.6
20240430_cadiz,andalucia,cadiz,4,0,0,16.6,1240,50,31042.6
20240430_cordoba,andalucia,cordoba,4,0,0,19.3,780,35,15586.1
20240430_granada,andalucia,granada,4,0,0,20.5,915,30,19598.8
20240430_jaen,andalucia,jaen,4,0,0,18.5,610,25,12237.4
20240430_almeria,andalucia,almeria,4,0,0,21.8,730,45,18290.6
20240430_huelva,andalucia,huelva,4,0,0,19.5,525,40,11237.8
20240430_barcelona,cataluna,barcelona,4,0,0,19.1,5700,85,163435.1
20240430_tarragona,cataluna,tarragona,4,0,0,19.1,830,70,23112.0
20240430_girona,cataluna,girona,4,0,0,17.5,780,55,17957.3
20240430_lleida,cataluna,lleida,4,0,0,17.4,430,45,10279.7
20240430_valencia,valenciana,valencia,4,0,0,17.6,2650,65,73240.6
20240430_alicante,valenciana,alicante,4,0,0,19.6,1950,55,47965.7
20240430_castellon,valenciana,castellon,4,0,0,20.7,580,60,14041.3
20240430_a_coruna,galicia,a_coruna,4,0,0,15.4,1120,40,27984.2
20240430_pontevedra,galicia,pontevedra,4,0,0,16.9,945,45,22449.5
20240430_lugo,galicia,lugo,4,0,0,14.5,320,25,6411.8
20240430_ourense,galicia,ourense,4,0,0,14.5,305,25,6482.9
20240430_valladolid,castilla_y_leon,valladolid,4,0,0,12.5,520,45,14581.1
20240430_leon,castilla_y_leon,leon,4,0,0,16.6,440,30,8996.2
20240430_burgos,castilla_y_leon,burgos,4,0,0,11.7,360,40,9078.2
20240430_salamanca,castilla_y_leon,salamanca,4,0,0,14.7,330,25,6743.3
20240430_palencia,castilla_y_leon,palencia,4,0,0,14.9,155,30,3229.6
20240430_zamora,castilla_y_leon,zamora,4,0,0,14.8,165,20,3182.3
20240430_avila,castilla_y_leon,avila,4,0,0,12.6,155,20,3243.1
20240430_segovia,castilla_y_leon,segovia,4,0,0,11.9,150,20,3661.8
20240430_soria,castilla_y_leon,soria,4,0,0,13.5,90,20,1901.2
20240430_vizcaya,pais_vasco,vizcaya,4,0,0,14.5,1150,85,35793.6
20240430_guipuzcoa,pais_vasco,guipuzcoa,4,0,0,14.9,715,80,23673.1
20240430_alava,pais_vasco,alava,4,0,0,14.5,335,70,9539.4
20240430_toledo,castilla_la_mancha,toledo,4,0,0,17.0,730,30,15278.0
20240430_ciudad_real,castilla_la_mancha,ciudad_real,4,0,0,19.0,485,25,9607.6
20240430_albacete,castilla_la_mancha,albacete,4,0,0,17.7,385,25,7725.7
20240430_cuenca,castilla_la_mancha,cuenca,4,0,0,15.1,195,15,3388.5
20240430_guadalajara,castilla_la_mancha,guadalajara,4,0,0,15.2,255,30,5045.5
20240430_las_palmas,canarias,las_palmas,4,0,0,22.5,1150,20,23842.9
20240430_santa_cruz_tenerife,canarias,santa_cruz_tenerife,4,0,0,21.5,1020,20,17584.3
20240430_zaragoza,aragon,zaragoza,4,0,0,19.0,980,50,22700.6
20240430_huesca,aragon,huesca,4,0,0,19.0,220,30,4175.3
20240430_teruel,aragon,teruel,4,0,0,15.0,130,20,2249.0
20240430_badajoz,extremadura,badajoz,4,0,0,19.1,670,22,11989.6
20240430_caceres,extremadura,caceres,4,0,0,17.1,390,18,6588.2
20240430_asturias,asturias,asturias,4,0,0,15.5,1010,45,25076.0
20240430_baleares,baleares,baleares,4,0,0,21.8,1200,15,21826.3
20240430_cantabria,cantabria,cantabria,4,0,0,15.1,580,35,12102.3
20240430_madrid_prov,madrid,madrid_prov,4,0,0,16.7,6700,55,165089.8
20240430_murcia,murcia,murcia,4,0,0,20.7,1550,40,37589.9
20240430_navarra,navarra,navarra,4,0,0,16.3,660,55,16106.9
20240430_la_rioja,la_rioja,la_rioja,4,0,0,16.8,320,40,7144.5
20240502_sevilla,andalucia,sevilla,5,0,0,20.6,1950,55,48870.5
20240502_malaga,andalucia,malaga,5,0,0,20.3,1700,40,42321.1
20240502_cadiz,andalucia,cadiz,5,0,0,21.5,1240,50,32139.1
20240502_cordoba,andalucia,cordoba,5,0,0,20.7,780,35,19465.4
20240502_granada,andalucia,granada,5,0,0,22.9,915,30,20252.9
20240502_jaen,andalucia,jaen,5,0,0,20.7,610,25,12130.8
20240502_almeria,andalucia,almeria,5,0,0,21.3,730,45,17259.9
20240502_huelva,andalucia,huelva,5,0,0,21.7,525,40,13452.5
20240502_barcelona,cataluna,barcelona,5,0,0,16.1,5700,85,168970.8
20240502_tarragona,cataluna,tarragona,5,0,0,17.2,830,70,22719.2
20240502_girona,cataluna,girona,5,0,0,20.7,780,55,21359.6
20240502_lleida,cataluna,lleida,5,0,0,19.2,430,45,9901.5
20240502_valencia,valenciana,valencia,5,0,0,19.4,2650,65,67064.8
20240502_alicante,valenciana,alicante,5,0,0,20.9,1950,55,52290.2
20240502_castellon,valenciana,castellon,5,0,0,21.6,580,60,15957.8
20240502_a_coruna,galicia,a_coruna,5,0,0,14.9,1120,40,26427.7
20240502_pontevedra,galicia,pontevedra,5,0,0,16.3,945,45,20639.1
20240502_lugo,galicia,lugo,5,0,0,16.1,320,25,6308.4
20240502_ourense,galicia,ourense,5,0,0,13.6,305,25,5888.7
20240502_valladolid,castilla_y_leon,valladolid,5,0,0,13.8,520,45,14202.6
20240502_leon,castilla_y_leon,leon,5,0,0,16.3,440,30,9231.0
20240502_burgos,castilla_y_leon,burgos,5,0,0,16.7,360,40,8043.8
20240502_salamanca,castilla_y_leon,salamanca,5,0,0,15.3,330,25,6490.3
20240502_palencia,castilla_y_leon,palencia,5,0,0,13.3,155,30,3417.7
20240502_zamora,castilla_y_leon,zamora,5,0,0,11.1,165,20,4087.6
20240502_avila,castilla_y_leon,avila,5,0,0,13.1,155,20,3104.9
20240502_segovia,castilla_y_leon,segovia,5,0,0,12.3,150,20,3215.8
20240502_soria,castilla_y_leon,soria,5,0,0,16.4,90,20,1862.9
20240502_vizcaya,pais_vasco,vizcaya,5,0,0,13.2,1150,85,39201.7
20240502_guipuzcoa,pais_vasco,guipuzcoa,5,0,0,14.0,715,80,24310.1
20240502_alava,pais_vasco,alava,5,0,0,15.9,335,70,9272.2
20240502_toledo,castilla_la_mancha,toledo,5,0,0,17.2,730,30,14514.1
20240502_ciudad_real,castilla_la_mancha,ciudad_real,5,0,0,19.4,485,25,9742.6
20240502_albacete,castilla_la_mancha,albacete,5,0,0,18.1,385,25,6518.2
20240502_cuenca,castilla_la_mancha,cuenca,5,0,0,17.0,195,15,3795.6
20240502_guadalajara,castilla_la_mancha,guadalajara,5,0,0,19.0,255,30,4742.9
20240502_las_palmas,canarias,las_palmas,5,0,0,21.1,1150,20,20942.6
20240502_santa_cruz_tenerife,canarias,santa_cruz_tenerife,5,0,0,23.9,1020,20,22614.5
20240502_zaragoza,aragon,zaragoza,5,0,0,15.4,980,50,24529.1
20240502_huesca,aragon,huesca,5,0,0,12.8,220,30,4852.4
20240502_teruel,aragon,teruel,5,0,0,16.5,130,20,2524.7
20240502_badajoz,extremadura,badajoz,5,0,0,16.3,670,22,12548.9
20240502_caceres,extremadura,caceres,5,0,0,20.4,390,18,6739.2
20240502_asturias,asturias,asturias,5,0,0,14.9,1010,45,24706.6
20240502_baleares,baleares,baleares,5,0,0,21.9,1200,15,22412.4
20240502_cantabria,cantabria,cantabria,5,0,0,14.7,580,35,13640.7
20240502_madrid_prov,madrid,madrid_prov,5,0,0,15.6,6700,55,171104.9
20240502_murcia,murcia,murcia,5,0,0,19.6,1550,40,34656.9
20240502_navarra,navarra,navarra,5,0,0,16.4,660,55,17236.0
20240502_la_rioja,la_rioja,la_rioja,5,0,0,14.6,320,40,7593.7
20240504_sevilla,andalucia,sevilla,5,1,0,23.4,1950,55,48991.0
20240504_malaga,andalucia,malaga,5,1,0,21.5,1700,40,35954.2
20240504_cadiz,andalucia,cadiz,5,1,0,21.3,1240,50,26223.8
20240504_cordoba,andalucia,cordoba,5,1,0,23.3,780,35,16578.4
20240504_granada,andalucia,granada,5,1,0,22.8,915,30,18236.9
20240504_jaen,andalucia,jaen,5,1,0,20.5,610,25,11662.6
20240504_almeria,andalucia,almeria,5,1,0,22.7,730,45,17257.6
20240504_huelva,andalucia,huelva,5,1,0,22.4,525,40,11440.7
20240504_barcelona,cataluna,barcelona,5,1,0,18.2,5700,85,152555.4
20240504_tarragona,cataluna,tarragona,5,1,0,19.5,830,70,20354.1
20240504_girona,cataluna,girona,5,1,0,20.3,780,55,17790.1
20240504_lleida,cataluna,lleida,5,1,0,18.2,430,45,9304.2
20240504_valencia,valenciana,valencia,5,1,0,20.1,2650,65,64773.8
20240504_alicante,valenciana,alicante,5,1,0,20.0,1950,55,46948.4
20240504_castellon,valenciana,castellon,5,1,0,19.1,580,60,13570.0
20240504_a_coruna,galicia,a_coruna,5,1,0,15.3,1120,40,24327.7
20240504_pontevedra,galicia,pontevedra,5,1,0,15.1,945,45,22541.7
20240504_lugo,galicia,lugo,5,1,0,15.0,320,25,5774.7
20240504_ourense,galicia,ourense,5,1,0,15.0,305,25,5218.3
20240504_valladolid,castilla_y_leon,valladolid,5,1,0,12.9,520,45,12075.2
20240504_leon,castilla_y_leon,leon,5,1,0,15.9,440,30,8216.3
20240504_burgos,castilla_y_leon,burgos,5,1,0,13.6,360,40,8444.6
20240504_salamanca,castilla_y_leon,salamanca,5,1,0,16.5,330,25,6194.5
20240504_palencia,castilla_y_leon,palencia,5,1,0,13.1,155,30,3123.0
20240504_zamora,castilla_y_leon,zamora,5,1,0,16.9,165,20,2784.8
20240504_avila,castilla_y_leon,avila,5,1,0,13.9,155,20,2900.9
20240504_segovia,castilla_y_leon,segovia,5,1,0,15.7,150,20,2482.0
20240504_soria,castilla_y_leon,soria,5,1,0,14.6,90,20,1658.5
20240504_vizcaya,pais_vasco,vizcaya,5,1,0,14.1,1150,85,34508.2
20240504_guipuzcoa,pais_vasco,guipuzcoa,5,1,0,14.2,715,80,19732.5
20240504_alava,pais_vasco,alava,5,1,0,14.9,335,70,9058.9
20240504_toledo,castilla_la_mancha,toledo,5,1,0,17.0,730,30,12975.3
20240504_ciudad_real,castilla_la_mancha,ciudad_real,5,1,0,17.5,485,25,7982.4
20240504_albacete,castilla_la_mancha,albacete,5,1,0,18.1,385,25,7093.4
20240504_cuenca,castilla_la_mancha,cuenca,5,1,0,17.4,195,15,3037.8
20240504_guadalajara,castilla_la_mancha,guadalajara,5,1,0,18.0,255,30,4208.3
20240504_las_palmas,canarias,las_palmas,5,1,0,22.4,1150,20,24556.0
20240504_santa_cruz_tenerife,canarias,santa_cruz_tenerife,5,1,0,21.4,1020,20,17876.1
20240504_zaragoza,aragon,zaragoza,5,1,0,17.9,980,50,23071.8
20240504_huesca,aragon,huesca,5,1,0,18.2,220,30,3608.3
20240504_teruel,aragon,teruel,5,1,0,17.6,130,20,2449.8
20240504_badajoz,extremadura,badajoz,5,1,0,20.2,670,22,10968.2
20240504_caceres,extremadura,caceres,5,1,0,19.7,390,18,6027.1
20240504_asturias,asturias,asturias,5,1,0,16.5,1010,45,20313.8
20240504_baleares,baleares,baleares,5,1,0,19.8,1200,15,18379.0
20240504_cantabria,cantabria,cantabria,5,1,0,14.3,580,35,12836.4
20240504_madrid_prov,madrid,madrid_prov,5,1,0,18.0,6700,55,146823.2
20240504_murcia,murcia,murcia,5,1,0,18.9,1550,40,28324.6
20240504_navarra,navarra,navarra,5,1,0,13.7,660,55,16442.6
20240504_la_rioja,la_rioja,la_rioja,5,1,0,17.4,320,40,6228.1
20240506_sevilla,andalucia,sevilla,5,0,0,23.8,1950,55,55924.8
20240506_malaga,andalucia,malaga,5,0,0,21.3,1700,40,37888.1
20240506_cadiz,andalucia,cadiz,5,0,0,23.0,1240,50,37777.7
20240506_cordoba,andalucia,cordoba,5,0,0,19.2,780,35,16407.7
20240506_granada,andalucia,granada,5,0,0,23.4,915,30,20049.8
20240506_jaen,andalucia,jaen,5,0,0,22.4,610,25,13896.9
20240506_almeria,andalucia,almeria,5,0,0,21.7,730,45,18703.7
20240506_huelva,andalucia,huelva,5,0,0,24.1,525,40,15472.2
20240506_barcelona,cataluna,barcelona,5,0,0,18.4,5700,85,170708.3
20240506_tarragona,cataluna,tarragona,5,0,0,17.2,830,70,24395.4
20240506_girona,cataluna,girona,5,0,0,16.5,780,55,19511.1
20240506_lleida,cataluna,lleida,5,0,0,18.6,430,45,9723.0
20240506_valencia,valenciana,valencia,5,0,0,20.7,2650,65,84352.3
20240506_alicante,valenciana,alicante,5,0,0,20.1,1950,55,48952.2
20240506_castellon,valenciana,castellon,5,0,0,21.7,580,60,16408.7
20240506_a_coruna,galicia,a_coruna,5,0,0,17.4,1120,40,25105.1
20240506_pontevedra,galicia,pontevedra,5,0,0,15.1,945,45,20947.8
20240506_lugo,galicia,lugo,5,0,0,13.1,320,25,6378.6
20240506_ourense,galicia,ourense,5,0,0,15.9,305,25,5639.5
20240506_valladolid,castilla_y_leon,valladolid,5,0,0,16.4,520,45,12217.8
20240506_leon,castilla_y_leon,leon,5,0,0,14.3,440,30,9199.3
20240506_burgos,castilla_y_leon,burgos,5,0,0,15.5,360,40,7931.8
20240506_salamanca,castilla_y_leon,salamanca,5,0,0,13.3,330,25,7605.2
20240506_palencia,castilla_y_leon,palencia,5,0,0,15.2,155,30,3247.3
20240506_zamora,castilla_y_leon,zamora,5,0,0,15.6,165,20,3136.4
20240506_avila,castilla_y_leon,avila,5,0,0,15.2,155,20,2855.8
20240506_segovia,castilla_y_leon,segovia,5,0,0,17.6,150,20,2683.5
20240506_soria,castilla_y_leon,soria,5,0,0,16.8,90,20,1652.3
20240506_vizcaya,pais_vasco,vizcaya,5,0,0,17.1,1150,85,36839.4
20240506_guipuzcoa,pais_vasco,guipuzcoa,5,0,0,17.5,715,80,20442.3
20240506_alava,pais_vasco,alava,5,0,0,17.4,335,70,10262.7
20240506_toledo,castilla_la_mancha,toledo,5,0,0,17.5,730,30,14863.2
20240506_ciudad_real,castilla_la_mancha,ciudad_real,5,0,0,17.1,485,25,9262.3
20240506_albacete,castilla_la_mancha,albacete,5,0,0,20.2,385,25,7276.6
20240506_cuenca,castilla_la_mancha,cuenca,5,0,0,16.5,195,15,3732.3
20240506_guadalajara,castilla_la_mancha,guadalajara,5,0,0,18.7,255,30,5769.6
20240506_las_palmas,canarias,las_palmas,5,0,0,21.1,1150,20,22406.6
20240506_santa_cruz_tenerife,canarias,santa_cruz_tenerife,5,0,0,20.8,1020,20,19710.6
20240506_zaragoza,aragon,zaragoza,5,0,0,14.7,980,50,25916.6
20240506_huesca,aragon,huesca,5,0,0,17.6,220,30,4455.6
20240506_teruel,aragon,teruel,5,0,0,16.6,130,20,2311.1
20240506_badajoz,extremadura,badajoz,5,0,0,20.7,670,22,12331.9
20240506_caceres,extremadura,caceres,5,0,0,20.4,390,18,8036.1
20240506_asturias,asturias,asturias,5,0,0,17.0,1010,45,21798.2
20240506_baleares,baleares,baleares,5,0,0,19.2,1200,15,21548.1
20240506_cantabria,cantabria,cantabria,5,0,0,15.1,580,35,12003.8
20240506_madrid_prov,madrid,madrid_prov,5,0,0,18.7,6700,55,168126.3
20240506_murcia,murcia,murcia,5,0,0,23.5,1550,40,39548.8
20240506_navarra,navarra,navarra,5,0,0,17.4,660,55,15537.5
20240506_la_rioja,la_rioja,la_rioja,5,0,0,14.9,320,40,7758.9
20240508_sevilla,andalucia,sevilla,5,0,0,23.4,1950,55,54123.0
20240508_malaga,andalucia,malaga,5,0,0,22.0,1700,40,38241.5
20240508_cadiz,andalucia,cadiz,5,0,0,21.7,1240,50,33456.0
20240508_cordoba,andalucia,cordoba,5,0,0,21.3,780,35,17353.6
20240508_granada,andalucia,granada,5,0,0,20.3,915,30,18519.1
20240508_jaen,andalucia,jaen,5,0,0,24.4,610,25,14499.5
20240508_almeria,andalucia,almeria,5,0,0,20.5,730,45,17210.3
20240508_huelva,andalucia,huelva,5,0,0,19.7,525,40,11248.2
20240508_barcelona,cataluna,barcelona,5,0,0,20.6,5700,85,180593.2
20240508_tarragona,cataluna,tarragona,5,0,0,21.4,830,70,24483.4
20240508_girona,cataluna,girona,5,0,0,18.7,780,55,20218.2
20240508_lleida,cataluna,lleida,5,0,0,15.0,430,45,10553.3
20240508_valencia,valenciana,valencia,5,0,0,20.5,2650,65,79479.4
20240508_alicante,valenciana,alicante,5,0,0,21.9,1950,55,49983.2
20240508_castellon,valenciana,castellon,5,0,0,22.3,580,60,16377.3
20240508_a_coruna,galicia,a_coruna,5,0,0,14.3,1120,40,26964.5
20240508_pontevedra,galicia,pontevedra,5,0,0,15.3,945,45,24557.7
20240508_lugo,galicia,lugo,5,0,0,16.1,320,25,6382.6
20240508_ourense,galicia,ourense,5,0,0,16.9,305,25,6276.7
20240508_valladolid,castilla_y_leon,valladolid,5,0,0,16.1,520,45,13177.1
20240508_leon,castilla_y_leon,leon,5,0,0,15.8,440,30,9234.1
20240508_burgos,castilla_y_leon,burgos,5,0,0,16.7,360,40,8023.5
20240508_salamanca,castilla_y_leon,salamanca,5,0,0,15.0,330,25,7292.7
20240508_palencia,castilla_y_leon,palencia,5,0,0,17.3,155,30,3153.6
20240508_zamora,castilla_y_leon,zamora,5,0,0,14.4,165,20,3503.7
20240508_avila,castilla_y_leon,avila,5,0,0,16.1,155,20,2953.3
20240508_segovia,castilla_y_leon,segovia,5,0,0,14.5,150,20,2989.8
20240508_soria,castilla_y_leon,soria,5,0,0,15.0,90,20,1682.7
20240508_vizcaya,pais_vasco,vizcaya,5,0,0,16.3,1150,85,36355.5
20240508_guipuzcoa,pais_vasco,guipuzcoa,5,0,0,15.6,715,80,22963.9
20240508_alava,pais_vasco,alava,5,0,0,18.0,335,70,9806.1
20240508_toledo,castilla_la_mancha,toledo,5,0,0,17.8,730,30,15388.6
20240508_ciudad_real,castilla_la_mancha,ciudad_real,5,0,0,18.3,485,25,8824.4
20240508_albacete,castilla_la_mancha,albacete,5,0,0,19.1,385,25,7554.8
20240508_cuenca,castilla_la_mancha,cuenca,5,0,0,21.8,195,15,3952.4
20240508_guadalajara,castilla_la_mancha,guadalajara,5,0,0,19.2,255,30,5280.0
20240508_las_palmas,canarias,las_palmas,5,0,0,22.1,1150,20,21944.7
20240508_santa_cruz_tenerife,canarias,santa_cruz_tenerife,5,0,0,19.4,1020,20,18155.7
20240508_zaragoza,aragon,zaragoza,5,0,0,17.4,980,50,21287.4
20240508_huesca,aragon,huesca,5,0,0,16.7,220,30,4448.7
20240508_teruel,aragon,teruel,5,0,0,17.2,130,20,2321.9
20240508_badajoz,extremadura,badajoz,5,0,0,19.5,670,22,13885.5
20240508_caceres,extremadura,caceres,5,0,0,20.9,390,18,7153.1
20240508_asturias,asturias,asturias,5,0,0,15.0,1010,45,24497.1
20240508_baleares,baleares,baleares,5,0,0,19.1,1200,15,20277.7
20240508_cantabria,cantabria,cantabria,5,0,0,16.8,580,35,12157.9
20240508_madrid_prov,madrid,madrid_prov,5,0,0,17.0,6700,55,168391.6
20240508_murcia,murcia,murcia,5,0,0,21.2,1550,40,32931.7
20240508_navarra,navarra,navarra,5,0,0,16.1,660,55,17617.0
20240508_la_rioja,la_rioja,la_rioja,5,0,0,17.2,320,40,7963.8
20240510_sevilla,andalucia,sevilla,5,0,0,24.0,1950,55,62749.9
20240510_malaga,andalucia,malaga,5,0,0,26.1,1700,40,53423.1
20240510_cadiz,andalucia,cadiz,5,0,0,22.4,1240,50,34757.2
20240510_cordoba,andalucia,cordoba,5,0,0,21.4,780,35,17734.0
20240510_granada,andalucia,granada,5,0,0,21.3,915,30,20077.8
20240510_jaen,andalucia,jaen,5,0,0,21.3,610,25,12083.1
20240510_almeria,andalucia,almeria,5,0,0,22.8,730,45,18891.6
20240510_huelva,andalucia,huelva,5,0,0,19.5,525,40,10968.8
20240510_barcelona,cataluna,barcelona,5,0,0,17.4,5700,85,167948.7
20240510_tarragona,cataluna,tarragona,5,0,0,19.6,830,70,23722.4
20240510_girona,cataluna,girona,5,0,0,20.5,780,55,20973.1
20240510_lleida,cataluna,lleida,5,0,0,20.5,430,45,10611.4
20240510_valencia,valenciana,valencia,5,0,0,21.1,2650,65,79376.7
20240510_alicante,valenciana,alicante,5,0,0,22.1,1950,55,54315.7
20240510_castellon,valenciana,castellon,5,0,0,22.6,580,60,14948.5
20240510_a_coruna,galicia,a_coruna,5,0,0,15.4,1120,40,25416.5
20240510_pontevedra,galicia,pontevedra,5,0,0,17.4,945,45,23705.8
20240510_lugo,galicia,lugo,5,0,0,13.7,320,25,7307.3
20240510_ourense,galicia,ourense,5,0,0,14.1,305,25,6033.0
20240510_valladolid,castilla_y_leon,valladolid,5,0,0,15.0,520,45,12430.3
20240510_leon,castilla_y_leon,leon,5,0,0,13.1,440,30,10420.3
20240510_burgos,castilla_y_leon,burgos,5,0,0,16.3,360,40,8558.9
20240510_salamanca,castilla_y_leon,salamanca,5,0,0,14.7,330,25,6748.3
20240510_palencia,castilla_y_leon,palencia,5,0,0,15.3,155,30,3561.5
20240510_zamora,castilla_y_leon,zamora,5,0,0,11.4,165,20,3595.5
20240510_avila,castilla_y_leon,avila,5,0,0,15.3,155,20,2806.3
20240510_segovia,castilla_y_leon,segovia,5,0,0,15.0,150,20,2881.0
20240510_soria,castilla_y_leon,soria,5,0,0,14.4,90,20,1779.0
20240510_vizcaya,pais_vasco,vizcaya,5,0,0,17.3,1150,85,35032.1
20240510_guipuzcoa,pais_vasco,guipuzcoa,5,0,0,15.7,715,80,21708.0
20240510_alava,pais_vasco,alava,5,0,0,16.4,335,70,8687.8
20240510_toledo,castilla_la_mancha,toledo,5,0,0,19.2,730,30,14594.9
20240510_ciudad_real,castilla_la_mancha,ciudad_real,5,0,0,20.3,485,25,9944.5
20240510_albacete,castilla_la_mancha,albacete,5,0,0,20.2,385,25,7264.2
20240510_cuenca,castilla_la_mancha,cuenca,5,0,0,18.0,195,15,3197.2
20240510_guadalajara,castilla_la_mancha,guadalajara,5,0,0,17.5,255,30,5515.6
20240510_las_palmas,canarias,las_palmas,5,0,0,24.0,1150,20,23962.7
20240510_santa_cruz_tenerife,canarias,santa_cruz_tenerife,5,0,0,21.3,1020,20,19812.5
20240510_zaragoza,aragon,zaragoza,5,0,0,18.6,980,50,21669.3
20240510_huesca,aragon,huesca,5,0,0,15.6,220,30,4722.4
20240510_teruel,aragon,teruel,5,0,0,15.1,130,20,2447.0
20240510_badajoz,extremadura,badajoz,5,0,0,20.6,670,22,13304.4
20240510_caceres,extremadura,caceres,5,0,0,20.1,390,18,7070.9
20240510_asturias,asturias,asturias,5,0,0,16.4,1010,45,24021.9
20240510_baleares,baleares,baleares,5,0,0,19.5,1200,15,21228.1
20240510_cantabria,cantabria,cantabria,5,0,0,16.1,580,35,13693.8
20240510_madrid_prov,madrid,madrid_prov,5,0,0,19.9,6700,55,181906.3
20240510_murcia,murcia,murcia,5,0,0,20.4,1550,40,34606.3
20240510_navarra,navarra,navarra,5,0,0,16.1,660,55,16738.5
20240510_la_rioja,la_rioja,la_rioja,5,0,0,15.5,320,40,7824.9
20240512_sevilla,andalucia,sevilla,5,1,0,23.7,1950,55,51078.0
20240512_malaga,andalucia,malaga,5,1,0,23.4,1700,40,39813.5
20240512_cadiz,andalucia,cadiz,5,1,0,23.5,1240,50,29312.8
20240512_cordoba,andalucia,cordoba,5,1,0,22.3,780,35,16370.5
20240512_granada,andalucia,granada,5,1,0,23.4,915,30,18755.4
20240512_jaen,andalucia,jaen,5,1,0,19.0,610,25,10115.3
20240512_almeria,andalucia,almeria,5,1,0,22.4,730,45,16878.4
20240512_huelva,andalucia,huelva,5,1,0,24.8,525,40,13578.1
20240512_barcelona,cataluna,barcelona,5,1,0,19.4,5700,85,159055.7
20240512_tarragona,cataluna,tarragona,5,1,0,20.8,830,70,21105.1
20240512_girona,cataluna,girona,5,1,0,19.1,780,55,16750.5
20240512_lleida,cataluna,lleida,5,1,0,21.3,430,45,9664.6
20240512_valencia,valenciana,valencia,5,1,0,20.1,2650,65,65361.1
20240512_alicante,valenciana,alicante,5,1,0,21.8,1950,55,46767.8
20240512_castellon,valenciana,castellon,5,1,0,20.3,580,60,13510.1
20240512_a_coruna,galicia,a_coruna,5,1,0,16.4,1120,40,22277.5
20240512_pontevedra,galicia,pontevedra,5,1,0,15.3,945,45,19146.7
20240512_lugo,galicia,lugo,5,1,0,16.0,320,25,5637.1
20240512_ourense,galicia,ourense,5,1,0,15.5,305,25,5549.5
20240512_valladolid,castilla_y_leon,valladolid,5,1,0,16.7,520,45,11320.9
20240512_leon,castilla_y_leon,leon,5,1,0,16.4,440,30,8048.4
20240512_burgos,castilla_y_leon,burgos,5,1,0,14.9,360,40,7194.8
20240512_salamanca,castilla_y_leon,salamanca,5,1,0,14.8,330,25,6070.5
20240512_palencia,castilla_y_leon,palencia,5,1,0,14.6,155,30,3030.6
20240512_zamora,castilla_y_leon,zamora,5,1,0,14.3,165,20,2703.3
20240512_avila,castilla_y_leon,avila,5,1,0,16.8,155,20,2525.9
20240512_segovia,castilla_y_leon,segovia,5,1,0,14.5,150,20,2511.4
20240512_soria,castilla_y_leon,soria,5,1,0,16.2,90,20,1623.1
20240512_vizcaya,pais_vasco,vizcaya,5,1,0,16.0,1150,85,32134.1
20240512_guipuzcoa,pais_vasco,guipuzcoa,5,1,0,18.1,715,80,17508.3
20240512_alava,pais_vasco,alava,5,1,0,19.4,335,70,9596.5
20240512_toledo,castilla_la_mancha,toledo,5,1,0,15.1,730,30,13888.2
20240512_ciudad_real,castilla_la_mancha,ciudad_real,5,1,0,17.9,485,25,8333.8
20240512_albacete,castilla_la_mancha,albacete,5,1,0,18.3,385,25,6983.9
20240512_cuenca,castilla_la_mancha,cuenca,5,1,0,18.7,195,15,2933.9
20240512_guadalajara,castilla_la_mancha,guadalajara,5,1,0,18.6,255,30,4789.5
20240512_las_palmas,canarias,las_palmas,5,1,0,20.4,1150,20,18088.1
20240512_santa_cruz_tenerife,canarias,santa_cruz_tenerife,5,1,0,24.8,1020,20,20562.8
20240512_zaragoza,aragon,zaragoza,5,1,0,18.0,980,50,20829.1
20240512_huesca,aragon,huesca,5,1,0,18.9,220,30,4411.1
20240512_teruel,aragon,teruel,5,1,0,19.0,130,20,2005.2
20240512_badajoz,extremadura,badajoz,5,1,0,18.7,670,22,11129.3
20240512_caceres,extremadura,caceres,5,1,0,20.3,390,18,5967.6
20240512_asturias,asturias,asturias,5,1,0,16.6,1010,45,20142.7
20240512_baleares,baleares,baleares,5,1,0,22.7,1200,15,23138.1
20240512_cantabria,cantabria,cantabria,5,1,0,15.4,580,35,11766.8
20240512_madrid_prov,madrid,madrid_prov,5,1,0,17.4,6700,55,156047.8
20240512_murcia,murcia,murcia,5,1,0,20.8,1550,40,30627.5
20240512_navarra,navarra,navarra,5,1,0,16.3,660,55,14760.5
20240512_la_rioja,la_rioja,la_rioja,5,1,0,16.8,320,40,6759.3
20240514_sevilla,andalucia,sevilla,5,0,0,21.7,1950,55,57182.6
20240514_malaga,andalucia,malaga,5,0,0,20.9,1700,40,42802.7
20240514_cadiz,andalucia,cadiz,5,0,0,21.3,1240,50,31703.1
20240514_cordoba,andalucia,cordoba,5,0,0,22.1,780,35,17776.2
20240514_granada,andalucia,granada,5,0,0,23.9,915,30,23827.9
20240514_jaen,andalucia,jaen,5,0,0,24.4,610,25,14193.7
20240514_almeria,andalucia,almeria,5,0,0,23.0,730,45,18497.9
20240514_huelva,andalucia,huelva,5,0,0,21.4,525,40,11691.1
20240514_barcelona,cataluna,barcelona,5,0,0,18.9,5700,85,178192.9
20240514_tarragona,cataluna,tarragona,5,0,0,16.8,830,70,23259.8
20240514_girona,cataluna,girona,5,0,0,21.6,780,55,22170.1
20240514_lleida,cataluna,lleida,5,0,0,18.7,430,45,9304.9
20240514_valencia,valenciana,valencia,5,0,0,21.9,2650,65,68982.7
20240514_alicante,valenciana,alicante,5,0,0,22.8,1950,55,54541.3
20240514_castellon,valenciana,castellon,5,0,0,23.9,580,60,16431.6
20240514_a_coruna,galicia,a_coruna,5,0,0,17.4,1120,40,24780.9
20240514_pontevedra,galicia,pontevedra,5,0,0,15.6,945,45,21045.1
20240514_lugo,galicia,lugo,5,0,0,16.9,320,25,6442.9
20240514_ourense,galicia,ourense,5,0,0,18.6,305,25,6217.7
20240514_valladolid,castilla_y_leon,valladolid,5,0,0,15.1,520,45,11958.2
20240514_leon,castilla_y_leon,leon,5,0,0,14.1,440,30,10433.4
20240514_burgos,castilla_y_leon,burgos,5,0,0,14.9,360,40,9062.1
20240514_salamanca,castilla_y_leon,salamanca,5,0,0,16.7,330,25,6549.5
20240514_palencia,castilla_y_leon,palencia,5,0,0,15.5,155,30,3359.0
20240514_zamora,castilla_y_leon,zamora,5,0,0,16.0,165,20,3048.5
20240514_avila,castilla_y_leon,avila,5,0,0,16.9,155,20,2848.1
20240514_segovia,castilla_y_leon,segovia,5,0,0,14.9,150,20,2998.0
20240514_soria,castilla_y_leon,soria,5,0,0,15.9,90,20,1738.4
20240514_vizcaya,pais_vasco,vizcaya,5,0,0,16.2,1150,85,33875.3
20240514_guipuzcoa,pais_vasco,guipuzcoa,5,0,0,19.2,715,80,23203.9
20240514_alava,pais_vasco,alava,5,0,0,18.1,335,70,9162.6
20240514_toledo,castilla_la_mancha,toledo,5,0,0,18.8,730,30,15929.3
20240514_ciudad_real,castilla_la_mancha,ciudad_real,5,0,0,18.7,485,25,9115.8
20240514_albacete,castilla_la_mancha,albacete,5,0,0,21.8,385,25,8030.1
20240514_cuenca,castilla_la_mancha,cuenca,5,0,0,21.7,195,15,3409.5
20240514_guadalajara,castilla_la_mancha,guadalajara,5,0,0,19.9,255,30,5857.9
20240514_las_palmas,canarias,las_palmas,5,0,0,22.2,1150,20,22903.2
20240514_santa_cruz_tenerife,canarias,santa_cruz_tenerife,5,0,0,20.5,1020,20,20500.9
20240514_zaragoza,aragon,zaragoza,5,0,0,17.4,980,50,23543.7
20240514_huesca,aragon,huesca,5,0,0,16.7,220,30,4867.9
20240514_teruel,aragon,teruel,5,0,0,20.1,130,20,2445.1
20240514_badajoz,extremadura,badajoz,5,0,0,19.4,670,22,13721.6
20240514_caceres,extremadura,caceres,5,0,0,20.5,390,18,6870.2
20240514_asturias,asturias,asturias,5,0,0,13.1,1010,45,25571.3
20240514_baleares,baleares,baleares,5,0,0,18.8,1200,15,20362.3
20240514_cantabria,cantabria,cantabria,5,0,0,16.9,580,35,12170.7
20240514_madrid_prov,madrid,madrid_prov,5,0,0,20.0,6700,55,165262.6
20240514_murcia,murcia,murcia,5,0,0,21.9,1550,40,41001.8
20240514_navarra,navarra,navarra,5,0,0,16.5,660,55,17051.5
20240514_la_rioja,la_rioja,la_rioja,5,0,0,15.3,320,40,7967.5
20240516_sevilla,andalucia,sevilla,5,0,0,22.4,1950,55,56852.8
20240516_malaga,andalucia,malaga,5,0,0,22.9,1700,40,43953.1
20240516_cadiz,andalucia,cadiz,5,0,0,24.0,1240,50,34933.6
20240516_cordoba,andalucia,cordoba,5,0,0,24.6,780,35,19730.7
20240516_granada,andalucia,granada,5,0,0,24.1,915,30,21964.7
20240516_jaen,andalucia,jaen,5,0,0,23.5,610,25,13465.4
20240516_almeria,andalucia,almeria,5,0,0,23.1,730,45,18302.4
20240516_huelva,andalucia,huelva,5,0,0,23.4,525,40,13535.5
20240516_barcelona,cataluna,barcelona,5,0,0,19.0,5700,85,175707.0
20240516_tarragona,cataluna,tarragona,5,0,0,20.0,830,70,22921.6
20240516_girona,cataluna,girona,5,0,0,19.6,780,55,18834.7
20240516_lleida,cataluna,lleida,5,0,0,23.1,430,45,11972.5
20240516_valencia,valenciana,valencia,5,0,0,21.9,2650,65,82062.8
20240516_alicante,valenciana,alicante,5,0,0,18.8,1950,55,43100.8
20240516_castellon,valenciana,castellon,5,0,0,21.0,580,60,14752.0
20240516_a_coruna,galicia,a_coruna,5,0,0,15.9,1120,40,25698.5
20240516_pontevedra,galicia,pontevedra,5,0,0,17.6,945,45,20680.5
20240516_lugo,galicia,lugo,5,0,0,16.8,320,25,6241.5
20240516_ourense,galicia,ourense,5,0,0,16.8,305,25,5797.7
20240516_valladolid,castilla_y_leon,valladolid,5,0,0,18.2,520,45,11974.5
20240516_leon,castilla_y_leon,leon,5,0,0,18.8,440,30,8611.6
20240516_burgos,castilla_y_leon,burgos,5,0,0,17.3,360,40,7985.0
20240516_salamanca,castilla_y_leon,salamanca,5,0,0,15.8,330,25,6759.5
20240516_palencia,castilla_y_leon,palencia,5,0,0,15.9,155,30,2822.3
20240516_zamora,castilla_y_leon,zamora,5,0,0,12.0,165,20,3875.0
20240516_avila,castilla_y_leon,avila,5,0,0,18.0,155,20,3133.6
20240516_segovia,castilla_y_leon,segovia,5,0,0,16.3,150,20,2629.5
20240516_soria,castilla_y_leon,soria,5,0,0,15.7,90,20,1704.7
20240516_vizcaya,pais_vasco,vizcaya,5,0,0,15.6,1150,85,39579.2
20240516_guipuzcoa,pais_vasco,guipuzcoa,5,0,0,20.2,715,80,22371.3
20240516_alava,pais_vasco,alava,5,0,0,17.0,335,70,8803.2
20240516_toledo,castilla_la_mancha,toledo,5,0,0,21.7,730,30,15994.6
20240516_ciudad_real,castilla_la_mancha,ciudad_real,5,0,0,19.1,485,25,9679.0
20240516_albacete,castilla_la_mancha,albacete,5,0,0,18.7,385,25,7524.2
20240516_cuenca,castilla_la_mancha,cuenca,5,0,0,17.5,195,15,3596.7
20240516_guadalajara,castilla_la_mancha,guadalajara,5,0,0,19.4,255,30,5542.3
20240516_las_palmas,canarias,las_palmas,5,0,0,22.0,1150,20,22843.7
20240516_santa_cruz_tenerife,canarias,santa_cruz_tenerife,5,0,0,20.6,1020,20,20196.1
20240516_zaragoza,aragon,zaragoza,5,0,0,17.6,980,50,23065.2
20240516_huesca,aragon,huesca,5,0,0,18.8,220,30,4507.3
20240516_teruel,aragon,teruel,5,0,0,16.4,130,20,2397.3
20240516_badajoz,extremadura,badajoz,5,0,0,22.4,670,22,13659.7
20240516_caceres,extremadura,caceres,5,0,0,21.0,390,18,7428.4
20240516_asturias,asturias,asturias,5,0,0,15.6,1010,45,22905.3
20240516_baleares,baleares,baleares,5,0,0,21.0,1200,15,23074.5
20240516_cantabria,cantabria,cantabria,5,0,0,14.5,580,35,12885.4
20240516_madrid_prov,madrid,madrid_prov,5,0,0,17.9,6700,55,175866.9
20240516_murcia,murcia,murcia,5,0,0,21.9,1550,40,35724.4
20240516_navarra,navarra,navarra,5,0,0,17.4,660,55,15589.9
20240516_la_rioja,la_rioja,la_rioja,5,0,0,16.3,320,40,6701.7
20240518_sevilla,andalucia,sevilla,5,1,0,21.8,1950,55,50773.7
20240518_malaga,andalucia,malaga,5,1,0,22.3,1700,40,38242.8
20240518_cadiz,andalucia,cadiz,5,1,0,22.1,1240,50,30541.5
20240518_cordoba,andalucia,cordoba,5,1,0,21.9,780,35,16167.4
20240518_granada,andalucia,granada,5,1,0,23.4,915,30,21755.2
20240518_jaen,andalucia,jaen,5,1,0,24.2,610,25,12476.5
20240518_almeria,andalucia,almeria,5,1,0,24.3,730,45,20562.6
20240518_huelva,andalucia,huelva,5,1,0,21.0,525,40,10556.4
20240518_barcelona,cataluna,barcelona,5,1,0,19.7,5700,85,156860.7
20240518_tarragona,cataluna,tarragona,5,1,0,19.6,830,70,19778.9
20240518_girona,cataluna,girona,5,1,0,22.0,780,55,17809.1
20240518_lleida,cataluna,lleida,5,1,0,19.8,430,45,9595.5
20240518_valencia,valenciana,valencia,5,1,0,21.7,2650,65,65837.7
20240518_alicante,valenciana,alicante,5,1,0,19.9,1950,55,44282.7
20240518_castellon,valenciana,castellon,5,1,0,20.7,580,60,14257.3
20240518_a_coruna,galicia,a_coruna,5,1,0,14.5,1120,40,24894.1
20240518_pontevedra,galicia,pontevedra,5,1,0,16.6,945,45,20085.1
20240518_lugo,galicia,lugo,5,1,0,18.4,320,25,5456.8
20240518_ourense,galicia,ourense,5,1,0,15.4,305,25,5356.5
20240518_valladolid,castilla_y_leon,valladolid,5,1,0,16.3,520,45,10946.5
20240518_leon,castilla_y_leon,leon,5,1,0,15.4,440,30,7526.1
20240518_burgos,castilla_y_leon,burgos,5,1,0,15.8,360,40,7513.4
20240518_salamanca,castilla_y_leon,salamanca,5,1,0,16.8,330,25,6149.8
20240518_palencia,castilla_y_leon,palencia,5,1,0,19.3,155,30,2969.4
20240518_zamora,castilla_y_leon,zamora,5,1,0,18.5,165,20,2843.0
20240518_avila,castilla_y_leon,avila,5,1,0,19.0,155,20,2830.3
20240518_segovia,castilla_y_leon,segovia,5,1,0,17.9,150,20,2572.8
20240518_soria,castilla_y_leon,soria,5,1,0,16.3,90,20,1510.3
20240518_vizcaya,pais_vasco,vizcaya,5,1,0,16.8,1150,85,33090.2
20240518_guipuzcoa,pais_vasco,guipuzcoa,5,1,0,16.2,715,80,19313.3
20240518_alava,pais_vasco,alava,5,1,0,13.9,335,70,9997.1
20240518_toledo,castilla_la_mancha,toledo,5,1,0,19.6,730,30,13822.0
20240518_ciudad_real,castilla_la_mancha,ciudad_real,5,1,0,21.9,485,25,9290.9
20240518_albacete,castilla_la_mancha,albacete,5,1,0,21.9,385,25,6822.9
20240518_cuenca,castilla_la_mancha,cuenca,5,1,0,23.2,195,15,3717.7
20240518_guadalajara,castilla_la_mancha,guadalajara,5,1,0,20.2,255,30,5129.5
20240518_las_palmas,canarias,las_palmas,5,1,0,20.7,1150,20,19536.3
20240518_santa_cruz_tenerife,canarias,santa_cruz_tenerife,5,1,0,24.4,1020,20,18834.7
20240518_zaragoza,aragon,zaragoza,5,1,0,19.9,980,50,22245.7
20240518_huesca,aragon,huesca,5,1,0,21.9,220,30,4015.9
20240518_teruel,aragon,teruel,5,1,0,21.4,130,20,2222.3
20240518_badajoz,extremadura,badajoz,5,1,0,21.0,670,22,11168.1
20240518_caceres,extremadura,caceres,5,1,0,20.1,390,18,6605.4
20240518_asturias,asturias,asturias,5,1,0,14.4,1010,45,23406.0
20240518_baleares,baleares,baleares,5,1,0,20.3,1200,15,18251.6
20240518_cantabria,cantabria,cantabria,5,1,0,15.4,580,35,11687.8
20240518_madrid_prov,madrid,madrid_prov,5,1,0,19.7,6700,55,153675.0
20240518_murcia,murcia,murcia,5,1,0,23.2,1550,40,37614.2
20240518_navarra,navarra,navarra,5,1,0,17.1,660,55,14175.2
20240518_la_rioja,la_rioja,la_rioja,5,1,0,18.2,320,40,6544.5
20240520_sevilla,andalucia,sevilla,5,0,0,21.5,1950,55,49868.0
20240520_malaga,andalucia,malaga,5,0,0,22.6,1700,40,41588.5
20240520_cadiz,andalucia,cadiz,5,0,0,22.5,1240,50,34380.7
20240520_cordoba,andalucia,cordoba,5,0,0,21.3,780,35,16233.8
20240520_granada,andalucia,granada,5,0,0,23.1,915,30,21029.3
20240520_jaen,andalucia,jaen,5,0,0,21.5,610,25,12228.3
20240520_almeria,andalucia,almeria,5,0,0,23.0,730,45,18837.7
20240520_huelva,andalucia,huelva,5,0,0,23.8,525,40,13335.6
20240520_barcelona,cataluna,barcelona,5,0,0,22.3,5700,85,198148.6
20240520_tarragona,cataluna,tarragona,5,0,0,19.1,830,70,23423.1
20240520_girona,cataluna,girona,5,0,0,20.4,780,55,21438.5
20240520_lleida,cataluna,lleida,5,0,0,19.4,430,45,10457.1
20240520_valencia,valenciana,valencia,5,0,0,22.1,2650,65,83862.2
20240520_alicante,valenciana,alicante,5,0,0,23.8,1950,55,58440.8
20240520_castellon,valenciana,castellon,5,0,0,21.6,580,60,16579.0
20240520_a_coruna,galicia,a_coruna,5,0,0,16.3,1120,40,27444.2
20240520_pontevedra,galicia,pontevedra,5,0,0,16.7,945,45,21628.2
20240520_lugo,galicia,lugo,5,0,0,15.9,320,25,5961.1
20240520_ourense,galicia,ourense,5,0,0,17.4,305,25,5675.6
20240520_valladolid,castilla_y_leon,valladolid,5,0,0,18.4,520,45,11291.9
20240520_leon,castilla_y_leon,leon,5,0,0,17.1,440,30,9502.1
20240520_burgos,castilla_y_leon,burgos,5,0,0,13.9,360,40,9659.6
20240520_salamanca,castilla_y_leon,salamanca,5,0,0,16.3,330,25,6530.7
20240520_palencia,castilla_y_leon,palencia,5,0,0,17.7,155,30,3263.5
20240520_zamora,castilla_y_leon,zamora,5,0,0,17.3,165,20,3199.6
20240520_avila,castilla_y_leon,avila,5,0,0,17.6,155,20,3116.2
20240520_segovia,castilla_y_leon,segovia,5,0,0,17.6,150,20,3046.5
20240520_soria,castilla_y_leon,soria,5,0,0,18.2,90,20,1512.9
20240520_vizcaya,pais_vasco,vizcaya,5,0,0,21.1,1150,85,36144.8
20240520_guipuzcoa,pais_vasco,guipuzcoa,5,0,0,19.5,715,80,21597.7
20240520_alava,pais_vasco,alava,5,0,0,18.9,335,70,9067.6
20240520_toledo,castilla_la_mancha,toledo,5,0,0,21.1,730,30,15380.2
20240520_ciudad_real,castilla_la_mancha,ciudad_real,5,0,0,22.4,485,25,10607.7
20240520_albacete,castilla_la_mancha,albacete,5,0,0,21.5,385,25,7132.2
20240520_cuenca,castilla_la_mancha,cuenca,5,0,0,20.1,195,15,3553.9
20240520_guadalajara,castilla_la_mancha,guadalajara,5,0,0,20.5,255,30,5615.5
20240520_las_palmas,canarias,las_palmas,5,0,0,22.0,1150,20,23031.0
20240520_santa_cruz_tenerife,canarias,santa_cruz_tenerife,5,0,0,24.1,1020,20,20193.0
20240520_zaragoza,aragon,zaragoza,5,0,0,20.2,980,50,23849.7
20240520_huesca,aragon,huesca,5,0,0,18.1,220,30,4540.8
20240520_teruel,aragon,teruel,5,0,0,21.1,130,20,2653.8
20240520_badajoz,extremadura,badajoz,5,0,0,21.7,670,22,14138.2
20240520_caceres,extremadura,caceres,5,0,0,23.1,390,18,8002.6
20240520_asturias,asturias,asturias,5,0,0,15.1,1010,45,23674.4
20240520_baleares,baleares,baleares,5,0,0,22.6,1200,15,23330.6
20240520_cantabria,cantabria,cantabria,5,0,0,14.8,580,35,11945.6
20240520_madrid_prov,madrid,madrid_prov,5,0,0,21.6,6700,55,174645.9
20240520_murcia,murcia,murcia,5,0,0,23.0,1550,40,41545.0
20240520_navarra,navarra,navarra,5,0,0,16.0,660,55,16849.1
20240520_la_rioja,la_rioja,la_rioja,5,0,0,18.1,320,40,7238.0
20240522_sevilla,andalucia,sevilla,5,0,0,25.5,1950,55,59991.0
20240522_malaga,andalucia,malaga,5,0,0,24.6,1700,40,49263.6
20240522_cadiz,andalucia,cadiz,5,0,0,23.5,1240,50,34692.1
20240522_cordoba,andalucia,cordoba,5,0,0,24.4,780,35,20650.9
20240522_granada,andalucia,granada,5,0,0,24.6,915,30,23708.6
20240522_jaen,andalucia,jaen,5,0,0,22.4,610,25,13741.2
20240522_almeria,andalucia,almeria,5,0,0,25.4,730,45,22247.3
20240522_huelva,andalucia,huelva,5,0,0,21.7,525,40,12465.2
20240522_barcelona,cataluna,barcelona,5,0,0,20.8,5700,85,172504.3
20240522_tarragona,cataluna,tarragona,5,0,0,20.0,830,70,22050.4
20240522_girona,cataluna,girona,5,0,0,21.4,780,55,20920.0
20240522_lleida,cataluna,lleida,5,0,0,18.2,430,45,10129.5
20240522_valencia,valenciana,valencia,5,0,0,22.1,2650,65,80159.5
20240522_alicante,valenciana,alicante,5,0,0,21.7,1950,55,50387.2
20240522_castellon,valenciana,castellon,5,0,0,21.1,580,60,15469.1
20240522_a_coruna,galicia,a_coruna,5,0,0,16.8,1120,40,25247.4
20240522_pontevedra,galicia,pontevedra,5,0,0,16.5,945,45,21682.9
20240522_lugo,galicia,lugo,5,0,0,16.3,320,25,7135.1
20240522_ourense,galicia,ourense,5,0,0,15.7,305,25,5909.8
20240522_valladolid,castilla_y_leon,valladolid,5,0,0,21.8,520,45,13268.9
20240522_leon,castilla_y_leon,leon,5,0,0,15.3,440,30,9697.2
20240522_burgos,castilla_y_leon,burgos,5,0,0,15.9,360,40,8559.3
20240522_salamanca,castilla_y_leon,salamanca,5,0,0,16.9,330,25,6286.6
20240522_palencia,castilla_y_leon,palencia,5,0,0,19.4,155,30,3273.3
20240522_zamora,castilla_y_leon,zamora,5,0,0,18.6,165,20,3107.4
20240522_avila,castilla_y_leon,avila,5,0,0,16.6,155,20,2972.8
20240522_segovia,castilla_y_leon,segovia,5,0,0,18.9,150,20,2790.1
20240522_soria,castilla_y_leon,soria,5,0,0,19.7,90,20,1755.6
20240522_vizcaya,pais_vasco,vizcaya,5,0,0,17.9,1150,85,35791.2
20240522_guipuzcoa,pais_vasco,guipuzcoa,5,0,0,17.8,715,80,20007.6
20240522_alava,pais_vasco,alava,5,0,0,17.5,335,70,9458.5
20240522_toledo,castilla_la_mancha,toledo,5,0,0,19.9,730,30,15368.5
20240522_ciudad_real,castilla_la_mancha,ciudad_real,5,0,0,20.5,485,25,10093.1
20240522_albacete,castilla_la_mancha,albacete,5,0,0,21.4,385,25,7993.1
20240522_cuenca,castilla_la_mancha,cuenca,5,0,0,18.6,195,15,3727.6
20240522_guadalajara,castilla_la_mancha,guadalajara,5,0,0,20.3,255,30,5303.0
20240522_las_palmas,canarias,las_palmas,5,0,0,22.1,1150,20,22540.4
20240522_santa_cruz_tenerife,canarias,santa_cruz_tenerife,5,0,0,24.7,1020,20,25115.4
20240522_zaragoza,aragon,zaragoza,5,0,0,20.3,980,50,24175.4
20240522_huesca,aragon,huesca,5,0,0,20.6,220,30,4643.0
20240522_teruel,aragon,teruel,5,0,0,19.4,130,20,2459.6
20240522_badajoz,extremadura,badajoz,5,0,0,21.6,670,22,13636.2
20240522_caceres,extremadura,caceres,5,0,0,22.5,390,18,8041.3
20240522_asturias,asturias,asturias,5,0,0,15.4,1010,45,25132.6
20240522_baleares,baleares,baleares,5,0,0,20.4,1200,15,20969.5
20240522_cantabria,cantabria,cantabria,5,0,0,15.7,580,35,12014.8
20240522_madrid_prov,madrid,madrid_prov,5,0,0,22.1,6700,55,174729.0
20240522_murcia,murcia,murcia,5,0,0,21.7,1550,40,39446.5
20240522_navarra,navarra,navarra,5,0,0,17.3,660,55,16414.3
20240522_la_rioja,la_rioja,la_rioja,5,0,0,17.2,320,40,7430.3
20240524_sevilla,andalucia,sevilla,5,0,0,25.2,1950,55,65280.6
20240524_malaga,andalucia,malaga,5,0,0,24.8,1700,40,47523.0
20240524_cadiz,andalucia,cadiz,5,0,0,23.3,1240,50,33148.3
20240524_cordoba,andalucia,cordoba,5,0,0,25.9,780,35,23069.6
20240524_granada,andalucia,granada,5,0,0,23.1,915,30,21253.7
20240524_jaen,andalucia,jaen,5,0,0,23.6,610,25,13102.4
20240524_almeria,andalucia,almeria,5,0,0,24.3,730,45,20164.2
20240524_huelva,andalucia,huelva,5,0,0,22.7,525,40,12148.1
20240524_barcelona,cataluna,barcelona,5,0,0,18.6,5700,85,172250.5
20240524_tarragona,cataluna,tarragona,5,0,0,20.6,830,70,22996.7
20240524_girona,cataluna,girona,5,0,0,21.7,780,55,20900.3
20240524_lleida,cataluna,lleida,5,0,0,21.6,430,45,10545.8
20240524_valencia,valenciana,valencia,5,0,0,21.3,2650,65,76190.5
20240524_alicante,valenciana,alicante,5,0,0,20.7,1950,55,52130.6
20240524_castellon,valenciana,castellon,5,0,0,21.1,580,60,16630.3
20240524_a_coruna,galicia,a_coruna,5,0,0,16.4,1120,40,26570.1
20240524_pontevedra,galicia,pontevedra,5,0,0,15.3,945,45,21971.9
20240524_lugo,galicia,lugo,5,0,0,17.4,320,25,6575.3
20240524_ourense,galicia,ourense,5,0,0,19.2,305,25,5961.6
20240524_valladolid,castilla_y_leon,valladolid,5,0,0,20.1,520,45,12136.1
20240524_leon,castilla_y_leon,leon,5,0,0,19.0,440,30,8567.4
20240524_burgos,castilla_y_leon,burgos,5,0,0,18.1,360,40,7106.6
20240524_salamanca,castilla_y_leon,salamanca,5,0,0,15.9,330,25,6691.1
20240524_palencia,castilla_y_leon,palencia,5,0,0,15.6,155,30,3311.4
20240524_zamora,castilla_y_leon,zamora,5,0,0,18.8,165,20,2969.4
20240524_avila,castilla_y_leon,avila,5,0,0,16.1,155,20,2838.3
20240524_segovia,castilla_y_leon,segovia,5,0,0,16.1,150,20,2798.2
20240524_soria,castilla_y_leon,soria,5,0,0,17.6,90,20,1631.8
20240524_vizcaya,pais_vasco,vizcaya,5,0,0,20.2,1150,85,34974.3
20240524_guipuzcoa,pais_vasco,guipuzcoa,5,0,0,19.8,715,80,20563.7
20240524_alava,pais_vasco,alava,5,0,0,17.9,335,70,9911.4
20240524_toledo,castilla_la_mancha,toledo,5,0,0,22.4,730,30,16034.5
20240524_ciudad_real,castilla_la_mancha,ciudad_real,5,0,0,21.6,485,25,10253.4
20240524_albacete,castilla_la_mancha,albacete,5,0,0,20.0,385,25,7855.9
20240524_cuenca,castilla_la_mancha,cuenca,5,0,0,23.4,195,15,4041.9
20240524_guadalajara,castilla_la_mancha,guadalajara,5,0,0,21.6,255,30,5730.2
20240524_las_palmas,canarias,las_palmas,5,0,0,20.6,1150,20,22462.5
20240524_santa_cruz_tenerife,canarias,santa_cruz_tenerife,5,0,0,21.2,1020,20,19268.9
20240524_zaragoza,aragon,zaragoza,5,0,0,23.0,980,50,26529.4
20240524_huesca,aragon,huesca,5,0,0,18.9,220,30,4752.9
20240524_teruel,aragon,teruel,5,0,0,18.7,130,20,2344.1
20240524_badajoz,extremadura,badajoz,5,0,0,24.2,670,22,15299.5
20240524_caceres,extremadura,caceres,5,0,0,20.3,390,18,7429.7
20240524_asturias,asturias,asturias,5,0,0,15.8,1010,45,25890.1
20240524_baleares,baleares,baleares,5,0,0,21.0,1200,15,23139.4
20240524_cantabria,cantabria,cantabria,5,0,0,19.1,580,35,11882.5
20240524_madrid_prov,madrid,madrid_prov,5,0,0,20.7,6700,55,177977.1
20240524_murcia,murcia,murcia,5,0,0,21.7,1550,40,37547.1
20240524_navarra,navarra,navarra,5,0,0,18.1,660,55,16324.7
20240524_la_rioja,la_rioja,la_rioja,5,0,0,18.9,320,40,7161.0
20240526_sevilla,andalucia,sevilla,5,1,0,24.5,1950,55,52639.5
20240526_malaga,andalucia,malaga,5,1,0,23.5,1700,40,39410.0
20240526_cadiz,andalucia,cadiz,5,1,0,24.2,1240,50,31924.0
20240526_cordoba,andalucia,cordoba,5,1,0,24.8,780,35,17032.8
20240526_granada,andalucia,granada,5,1,0,23.3,915,30,19001.7
20240526_jaen,andalucia,jaen,5,1,0,23.1,610,25,13169.3
20240526_almeria,andalucia,almeria,5,1,0,24.3,730,45,18712.3
20240526_huelva,andalucia,huelva,5,1,0,23.6,525,40,12298.1
20240526_barcelona,cataluna,barcelona,5,1,0,19.3,5700,85,157722.8
20240526_tarragona,cataluna,tarragona,5,1,0,19.7,830,70,20856.6
20240526_girona,cataluna,girona,5,1,0,17.4,780,55,16647.3
20240526_lleida,cataluna,lleida,5,1,0,23.0,430,45,10631.6
20240526_valencia,valenciana,valencia,5,1,0,24.5,2650,65,84861.9
20240526_alicante,valenciana,alicante,5,1,0,23.6,1950,55,50357.2
20240526_castellon,valenciana,castellon,5,1,0,21.2,580,60,15176.0
20240526_a_coruna,galicia,a_coruna,5,1,0,17.1,1120,40,25445.1
20240526_pontevedra,galicia,pontevedra,5,1,0,16.5,945,45,21979.4
20240526_lugo,galicia,lugo,5,1,0,16.8,320,25,6001.6
20240526_ourense,galicia,ourense,5,1,0,19.4,305,25,5101.2
20240526_valladolid,castilla_y_leon,valladolid,5,1,0,17.1,520,45,10332.2
20240526_leon,castilla_y_leon,leon,5,1,0,16.0,440,30,8484.2
20240526_burgos,castilla_y_leon,burgos,5,1,0,17.5,360,40,7219.4
20240526_salamanca,castilla_y_leon,salamanca,5,1,0,18.5,330,25,5244.4
20240526_palencia,castilla_y_leon,palencia,5,1,0,19.6,155,30,2819.5
20240526_zamora,castilla_y_leon,zamora,5,1,0,18.5,165,20,2821.9
20240526_avila,castilla_y_leon,avila,5,1,0,19.7,155,20,2592.6
20240526_segovia,castilla_y_leon,segovia,5,1,0,14.8,150,20,2631.7
20240526_soria,castilla_y_leon,soria,5,1,0,18.0,90,20,1415.0
20240526_vizcaya,pais_vasco,vizcaya,5,1,0,18.2,1150,85,31247.6
20240526_guipuzcoa,pais_vasco,guipuzcoa,5,1,0,16.1,715,80,20201.9
20240526_alava,pais_vasco,alava,5,1,0,17.2,335,70,8266.1
20240526_toledo,castilla_la_mancha,toledo,5,1,0,20.4,730,30,14646.5
20240526_ciudad_real,castilla_la_mancha,ciudad_real,5,1,0,21.0,485,25,8905.2
20240526_albacete,castilla_la_mancha,albacete,5,1,0,20.5,385,25,7090.0
20240526_cuenca,castilla_la_mancha,cuenca,5,1,0,23.0,195,15,3593.3
20240526_guadalajara,castilla_la_mancha,guadalajara,5,1,0,22.0,255,30,5233.3
20240526_las_palmas,canarias,las_palmas,5,1,0,20.8,1150,20,19022.1
20240526_santa_cruz_tenerife,canarias,santa_cruz_tenerife,5,1,0,22.5,1020,20,18073.4
20240526_zaragoza,aragon,zaragoza,5,1,0,18.8,980,50,19412.3
20240526_huesca,aragon,huesca,5,1,0,18.4,220,30,3970.1
20240526_teruel,aragon,teruel,5,1,0,20.2,130,20,2122.1
20240526_badajoz,extremadura,badajoz,5,1,0,22.9,670,22,12526.4
20240526_caceres,extremadura,caceres,5,1,0,24.3,390,18,7638.1
20240526_asturias,asturias,asturias,5,1,0,17.5,1010,45,21277.2
20240526_baleares,baleares,baleares,5,1,0,20.0,1200,15,19189.5
20240526_cantabria,cantabria,cantabria,5,1,0,15.0,580,35,11578.3
20240526_madrid_prov,madrid,madrid_prov,5,1,0,20.2,6700,55,158069.8
20240526_murcia,murcia,murcia,5,1,0,21.3,1550,40,32807.0
20240526_navarra,navarra,navarra,5,1,0,19.4,660,55,15736.5
20240526_la_rioja,la_rioja,la_rioja,5,1,0,18.0,320,40,6397.1
20240528_sevilla,andalucia,sevilla,5,0,0,24.8,1950,55,66124.2
20240528_malaga,andalucia,malaga,5,0,0,22.5,1700,40,39984.5
20240528_cadiz,andalucia,cadiz,5,0,0,28.5,1240,50,47188.3
20240528_cordoba,andalucia,cordoba,5,0,0,21.9,780,35,17428.8
20240528_granada,andalucia,granada,5,0,0,20.7,915,30,19522.3
20240528_jaen,andalucia,jaen,5,0,0,25.7,610,25,14917.4
20240528_almeria,andalucia,almeria,5,0,0,23.9,730,45,21046.2
20240528_huelva,andalucia,huelva,5,0,0,22.1,525,40,11904.5
20240528_barcelona,cataluna,barcelona,5,0,0,20.9,5700,85,176388.1
20240528_tarragona,cataluna,tarragona,5,0,0,20.8,830,70,22654.6
20240528_girona,cataluna,girona,5,0,0,21.5,780,55,20688.2
20240528_lleida,cataluna,lleida,5,0,0,22.0,430,45,10919.7
20240528_valencia,valenciana,valencia,5,0,0,23.2,2650,65,76090.0
20240528_alicante,valenciana,alicante,5,0,0,23.6,1950,55,56162.0
20240528_castellon,valenciana,castellon,5,0,0,22.6,580,60,17754.9
20240528_a_coruna,galicia,a_coruna,5,0,0,16.2,1120,40,27077.6
20240528_pontevedra,galicia,pontevedra,5,0,0,19.2,945,45,22889.2
20240528_lugo,galicia,lugo,5,0,0,15.8,320,25,5695.4
20240528_ourense,galicia,ourense,5,0,0,18.7,305,25,5949.0
20240528_valladolid,castilla_y_leon,valladolid,5,0,0,17.0,520,45,12831.8
20240528_leon,castilla_y_leon,leon,5,0,0,16.8,440,30,8807.8
20240528_burgos,castilla_y_leon,burgos,5,0,0,18.8,360,40,7581.1
20240528_salamanca,castilla_y_leon,salamanca,5,0,0,17.9,330,25,6741.6
20240528_palencia,castilla_y_leon,palencia,5,0,0,18.3,155,30,3350.0
20240528_zamora,castilla_y_leon,zamora,5,0,0,19.6,165,20,3080.5
20240528_avila,castilla_y_leon,avila,5,0,0,14.8,155,20,2853.4
20240528_segovia,castilla_y_leon,segovia,5,0,0,19.1,150,20,2570.7
20240528_soria,castilla_y_leon,soria,5,0,0,17.6,90,20,1685.5
20240528_vizcaya,pais_vasco,vizcaya,5,0,0,20.2,1150,85,35295.8
20240528_guipuzcoa,pais_vasco,guipuzcoa,5,0,0,17.3,715,80,21298.7
20240528_alava,pais_vasco,alava,5,0,0,18.7,335,70,9293.7
20240528_toledo,castilla_la_mancha,toledo,5,0,0,22.8,730,30,16068.3
20240528_ciudad_real,castilla_la_mancha,ciudad_real,5,0,0,21.5,485,25,10254.4
20240528_albacete,castilla_la_mancha,albacete,5,0,0,20.8,385,25,8104.7
20240528_cuenca,castilla_la_mancha,cuenca,5,0,0,21.6,195,15,3788.4
20240528_guadalajara,castilla_la_mancha,guadalajara,5,0,0,21.6,255,30,5658.1
20240528_las_palmas,canarias,las_palmas,5,0,0,22.0,1150,20,22266.5
20240528_santa_cruz_tenerife,canarias,santa_cruz_tenerife,5,0,0,24.6,1020,20,23953.5
20240528_zaragoza,aragon,zaragoza,5,0,0,19.1,980,50,23982.3
20240528_huesca,aragon,huesca,5,0,0,17.2,220,30,4353.2
20240528_teruel,aragon,teruel,5,0,0,21.9,130,20,2573.5
20240528_badajoz,extremadura,badajoz,5,0,0,23.2,670,22,12428.1
20240528_caceres,extremadura,caceres,5,0,0,22.5,390,18,7937.5
20240528_asturias,asturias,asturias,5,0,0,17.3,1010,45,24583.8
20240528_baleares,baleares,baleares,5,0,0,21.9,1200,15,22497.4
20240528_cantabria,cantabria,cantabria,5,0,0,15.0,580,35,12805.1
20240528_madrid_prov,madrid,madrid_prov,5,0,0,19.8,6700,55,155590.5
20240528_murcia,murcia,murcia,5,0,0,21.8,1550,40,40103.3
20240528_navarra,navarra,navarra,5,0,0,18.5,660,55,16730.2
20240528_la_rioja,la_rioja,la_rioja,5,0,0,18.6,320,40,6508.2
20240530_sevilla,andalucia,sevilla,5,0,0,26.1,1950,55,59480.4
20240530_malaga,andalucia,malaga,5,0,0,24.0,1700,40,45024.2
20240530_cadiz,andalucia,cadiz,5,0,0,25.1,1240,50,36747.1
20240530_cordoba,andalucia,cordoba,5,0,0,22.2,780,35,17451.6
20240530_granada,andalucia,granada,5,0,0,23.7,915,30,21067.1
20240530_jaen,andalucia,jaen,5,0,0,26.1,610,25,15128.2
20240530_almeria,andalucia,almeria,5,0,0,25.2,730,45,21852.9
20240530_huelva,andalucia,huelva,5,0,0,26.1,525,40,15751.6
20240530_barcelona,cataluna,barcelona,5,0,0,22.5,5700,85,193165.7
20240530_tarragona,cataluna,tarragona,5,0,0,22.0,830,70,23375.8
20240530_girona,cataluna,girona,5,0,0,17.7,780,55,19911.4
20240530_lleida,cataluna,lleida,5,0,0,22.0,430,45,11092.6
20240530_valencia,valenciana,valencia,5,0,0,22.3,2650,65,84821.9
20240530_alicante,valenciana,alicante,5,0,0,22.4,1950,55,55217.5
20240530_castellon,valenciana,castellon,5,0,0,23.9,580,60,19564.4
20240530_a_coruna,galicia,a_coruna,5,0,0,16.9,1120,40,24222.4
20240530_pontevedra,galicia,pontevedra,5,0,0,15.2,945,45,24633.2
20240530_lugo,galicia,lugo,5,0,0,17.9,320,25,6332.5
20240530_ourense,galicia,ourense,5,0,0,21.7,305,25,6445.3
20240530_valladolid,castilla_y_leon,valladolid,5,0,0,16.5,520,45,12068.1
20240530_leon,castilla_y_leon,leon,5,0,0,16.9,440,30,8808.9
20240530_burgos,castilla_y_leon,burgos,5,0,0,17.7,360,40,7761.0
20240530_salamanca,castilla_y_leon,salamanca,5,0,0,16.3,330,25,7016.6
20240530_palencia,castilla_y_leon,palencia,5,0,0,18.7,155,30,3119.1
20240530_zamora,castilla_y_leon,zamora,5,0,0,19.4,165,20,3139.3
20240530_avila,castilla_y_leon,avila,5,0,0,18.7,155,20,2958.4
20240530_segovia,castilla_y_leon,segovia,5,0,0,18.5,150,20,2857.2
20240530_soria,castilla_y_leon,soria,5,0,0,19.4,90,20,1686.0
20240530_vizcaya,pais_vasco,vizcaya,5,0,0,18.1,1150,85,38154.3
20240530_guipuzcoa,pais_vasco,guipuzcoa,5,0,0,17.7,715,80,21727.3
20240530_alava,pais_vasco,alava,5,0,0,18.9,335,70,9106.0
20240530_toledo,castilla_la_mancha,toledo,5,0,0,20.5,730,30,15061.8
20240530_ciudad_real,castilla_la_mancha,ciudad_real,5,0,0,21.0,485,25,9142.5
20240530_albacete,castilla_la_mancha,albacete,5,0,0,20.7,385,25,7858.2
20240530_cuenca,castilla_la_mancha,cuenca,5,0,0,23.4,195,15,4062.9
20240530_guadalajara,castilla_la_mancha,guadalajara,5,0,0,18.0,255,30,5343.6
20240530_las_palmas,canarias,las_palmas,5,0,0,22.2,1150,20,23691.8
20240530_santa_cruz_tenerife,canarias,santa_cruz_tenerife,5,0,0,22.9,1020,20,21051.7
20240530_zaragoza,aragon,zaragoza,5,0,0,20.7,980,50,24497.2
20240530_huesca,aragon,huesca,5,0,0,22.7,220,30,4998.1
20240530_teruel,aragon,teruel,5,0,0,22.3,130,20,2763.8
20240530_badajoz,extremadura,badajoz,5,0,0,24.2,670,22,13963.5
20240530_caceres,extremadura,caceres,5,0,0,24.9,390,18,8646.4
20240530_asturias,asturias,asturias,5,0,0,17.8,1010,45,22266.8
20240530_baleares,baleares,baleares,5,0,0,20.7,1200,15,24042.8
20240530_cantabria,cantabria,cantabria,5,0,0,15.6,580,35,13448.5
20240530_madrid_prov,madrid,madrid_prov,5,0,0,22.0,6700,55,178483.0
20240530_murcia,murcia,murcia,5,0,0,23.5,1550,40,37591.7
20240530_navarra,navarra,navarra,5,0,0,19.1,660,55,15756.3
20240530_la_rioja,la_rioja,la_rioja,5,0,0,19.1,320,40,7482.9
20240601_sevilla,andalucia,sevilla,6,1,0,25.3,1950,55,52868.4
20240601_malaga,andalucia,malaga,6,1,0,26.2,1700,40,46396.1
20240601_cadiz,andalucia,cadiz,6,1,0,24.2,1240,50,33839.2
20240601_cordoba,andalucia,cordoba,6,1,0,24.7,780,35,17585.1
20240601_granada,andalucia,granada,6,1,0,27.6,915,30,25095.9
20240601_jaen,andalucia,jaen,6,1,0,24.9,610,25,13102.7
20240601_almeria,andalucia,almeria,6,1,0,26.6,730,45,20873.2
20240601_huelva,andalucia,huelva,6,1,0,22.8,525,40,11427.2
20240601_barcelona,cataluna,barcelona,6,1,0,23.5,5700,85,191441.3
20240601_tarragona,cataluna,tarragona,6,1,0,21.3,830,70,23614.8
20240601_girona,cataluna,girona,6,1,0,22.7,780,55,19419.1
20240601_lleida,cataluna,lleida,6,1,0,21.4,430,45,9677.6
20240601_valencia,valenciana,valencia,6,1,0,22.1,2650,65,70176.2
20240601_alicante,valenciana,alicante,6,1,0,23.7,1950,55,47576.4
20240601_castellon,valenciana,castellon,6,1,0,23.0,580,60,15192.5
20240601_a_coruna,galicia,a_coruna,6,1,0,18.9,1120,40,20489.0
20240601_pontevedra,galicia,pontevedra,6,1,0,16.9,945,45,19335.5
20240601_lugo,galicia,lugo,6,1,0,18.8,320,25,5578.9
20240601_ourense,galicia,ourense,6,1,0,20.0,305,25,5606.4
20240601_valladolid,castilla_y_leon,valladolid,6,1,0,18.0,520,45,10960.6
20240601_leon,castilla_y_leon,leon,6,1,0,18.1,440,30,8389.4
20240601_burgos,castilla_y_leon,burgos,6,1,0,16.7,360,40,6965.2
20240601_salamanca,castilla_y_leon,salamanca,6,1,0,19.2,330,25,6156.4
20240601_palencia,castilla_y_leon,palencia,6,1,0,15.5,155,30,3139.0
20240601_zamora,castilla_y_leon,zamora,6,1,0,18.4,165,20,2488.0
20240601_avila,castilla_y_leon,avila,6,1,0,14.4,155,20,2551.3
20240601_segovia,castilla_y_leon,segovia,6,1,0,18.5,150,20,2479.1
20240601_soria,castilla_y_leon,soria,6,1,0,19.4,90,20,1466.3
20240601_vizcaya,pais_vasco,vizcaya,6,1,0,17.0,1150,85,31334.8
20240601_guipuzcoa,pais_vasco,guipuzcoa,6,1,0,18.6,715,80,19424.8
20240601_alava,pais_vasco,alava,6,1,0,17.4,335,70,8810.9
20240601_toledo,castilla_la_mancha,toledo,6,1,0,21.0,730,30,13416.8
20240601_ciudad_real,castilla_la_mancha,ciudad_real,6,1,0,21.2,485,25,9398.3
20240601_albacete,castilla_la_mancha,albacete,6,1,0,21.7,385,25,6969.4
20240601_cuenca,castilla_la_mancha,cuenca,6,1,0,23.2,195,15,3917.3
20240601_guadalajara,castilla_la_mancha,guadalajara,6,1,0,22.2,255,30,5436.4
20240601_las_palmas,canarias,las_palmas,6,1,0,24.5,1150,20,22723.4
20240601_santa_cruz_tenerife,canarias,santa_cruz_tenerife,6,1,0,23.1,1020,20,18065.1
20240601_zaragoza,aragon,zaragoza,6,1,0,20.8,980,50,21460.4
20240601_huesca,aragon,huesca,6,1,0,20.5,220,30,4002.4
20240601_teruel,aragon,teruel,6,1,0,20.7,130,20,2296.0
20240601_badajoz,extremadura,badajoz,6,1,0,23.4,670,22,11960.7
20240601_caceres,extremadura,caceres,6,1,0,22.5,390,18,6517.0
20240601_asturias,asturias,asturias,6,1,0,17.3,1010,45,21629.5
20240601_baleares,baleares,baleares,6,1,0,22.9,1200,15,20503.6
20240601_cantabria,cantabria,cantabria,6,1,0,17.4,580,35,10849.7
20240601_madrid_prov,madrid,madrid_prov,6,1,0,20.5,6700,55,161913.6
20240601_murcia,murcia,murcia,6,1,0,24.9,1550,40,40966.2
20240601_navarra,navarra,navarra,6,1,0,18.5,660,55,15796.9
20240601_la_rioja,la_rioja,la_rioja,6,1,0,19.1,320,40,6651.2
20240603_sevilla,andalucia,sevilla,6,0,0,24.5,1950,55,59404.5
20240603_malaga,andalucia,malaga,6,0,0,21.8,1700,40,40108.4
20240603_cadiz,andalucia,cadiz,6,0,0,25.3,1240,50,37877.1
20240603_cordoba,andalucia,cordoba,6,0,0,27.6,780,35,23634.0
20240603_granada,andalucia,granada,6,0,0,24.4,915,30,21743.3
20240603_jaen,andalucia,jaen,6,0,0,24.4,610,25,15222.1
20240603_almeria,andalucia,almeria,6,0,0,27.3,730,45,23997.6
20240603_huelva,andalucia,huelva,6,0,0,24.2,525,40,13301.7
20240603_barcelona,cataluna,barcelona,6,0,0,23.6,5700,85,217741.6
20240603_tarragona,cataluna,tarragona,6,0,0,21.7,830,70,23181.3
20240603_girona,cataluna,girona,6,0,0,20.0,780,55,20125.1
20240603_lleida,cataluna,lleida,6,0,0,22.6,430,45,10011.4
20240603_valencia,valenciana,valencia,6,0,0,23.0,2650,65,88016.7
20240603_alicante,valenciana,alicante,6,0,0,23.1,1950,55,60243.5
20240603_castellon,valenciana,castellon,6,0,0,24.4,580,60,17446.7
20240603_a_coruna,galicia,a_coruna,6,0,0,17.2,1120,40,24787.7
20240603_pontevedra,galicia,pontevedra,6,0,0,16.3,945,45,21182.8
20240603_lugo,galicia,lugo,6,0,0,19.7,320,25,5988.4
20240603_ourense,galicia,ourense,6,0,0,19.1,305,25,5811.0
20240603_valladolid,castilla_y_leon,valladolid,6,0,0,18.8,520,45,12416.1
20240603_leon,castilla_y_leon,leon,6,0,0,18.0,440,30,9186.6
20240603_burgos,castilla_y_leon,burgos,6,0,0,15.9,360,40,8358.0
20240603_salamanca,castilla_y_leon,salamanca,6,0,0,15.3,330,25,6556.5
20240603_palencia,castilla_y_leon,palencia,6,0,0,20.0,155,30,3316.2
20240603_zamora,castilla_y_leon,zamora,6,0,0,17.0,165,20,2879.2
20240603_avila,castilla_y_leon,avila,6,0,0,17.8,155,20,2878.5
20240603_segovia,castilla_y_leon,segovia,6,0,0,16.0,150,20,2820.9
20240603_soria,castilla_y_leon,soria,6,0,0,19.2,90,20,1646.1
20240603_vizcaya,pais_vasco,vizcaya,6,0,0,19.4,1150,85,36146.1
20240603_guipuzcoa,pais_vasco,guipuzcoa,6,0,0,17.9,715,80,19330.9
20240603_alava,pais_vasco,alava,6,0,0,18.9,335,70,8945.7
20240603_toledo,castilla_la_mancha,toledo,6,0,0,21.4,730,30,16117.9
20240603_ciudad_real,castilla_la_mancha,ciudad_real,6,0,0,24.2,485,25,11317.1
20240603_albacete,castilla_la_mancha,albacete,6,0,0,22.9,385,25,7862.2
20240603_cuenca,castilla_la_mancha,cuenca,6,0,0,22.5,195,15,3772.6
20240603_guadalajara,castilla_la_mancha,guadalajara,6,0,0,23.9,255,30,5999.4
20240603_las_palmas,canarias,las_palmas,6,0,0,22.8,1150,20,25087.8
20240603_santa_cruz_tenerife,canarias,santa_cruz_tenerife,6,0,0,23.0,1020,20,20165.2
20240603_zaragoza,aragon,zaragoza,6,0,0,24.9,980,50,28181.7
20240603_huesca,aragon,huesca,6,0,0,21.2,220,30,4800.3
20240603_teruel,aragon,teruel,6,0,0,21.7,130,20,2545.0
20240603_badajoz,extremadura,badajoz,6,0,0,23.5,670,22,14533.6
20240603_caceres,extremadura,caceres,6,0,0,22.2,390,18,8597.2
20240603_asturias,asturias,asturias,6,0,0,16.8,1010,45,24278.1
20240603_baleares,baleares,baleares,6,0,0,22.2,1200,15,22594.8
20240603_cantabria,cantabria,cantabria,6,0,0,16.6,580,35,11529.1
20240603_madrid_prov,madrid,madrid_prov,6,0,0,22.1,6700,55,179407.0
20240603_murcia,murcia,murcia,6,0,0,25.6,1550,40,42649.6
20240603_navarra,navarra,navarra,6,0,0,18.8,660,55,15848.7
20240603_la_rioja,la_rioja,la_rioja,6,0,0,22.1,320,40,7421.3
20240605_sevilla,andalucia,sevilla,6,0,0,26.2,1950,55,70103.2
20240605_malaga,andalucia,malaga,6,0,0,25.2,1700,40,45217.7
20240605_cadiz,andalucia,cadiz,6,0,0,23.5,1240,50,36335.1
20240605_cordoba,andalucia,cordoba,6,0,0,23.6,780,35,19838.5
20240605_granada,andalucia,granada,6,0,0,25.6,915,30,24855.5
20240605_jaen,andalucia,jaen,6,0,0,26.1,610,25,15276.7
20240605_almeria,andalucia,almeria,6,0,0,24.0,730,45,21002.6
20240605_huelva,andalucia,huelva,6,0,0,24.5,525,40,12520.2
20240605_barcelona,cataluna,barcelona,6,0,0,22.9,5700,85,188438.9
20240605_tarragona,cataluna,tarragona,6,0,0,22.7,830,70,27780.3
20240605_girona,cataluna,girona,6,0,0,22.0,780,55,22361.9
20240605_lleida,cataluna,lleida,6,0,0,22.2,430,45,11829.1
20240605_valencia,valenciana,valencia,6,0,0,22.1,2650,65,78072.7
20240605_alicante,valenciana,alicante,6,0,0,24.6,1950,55,59835.1
20240605_castellon,valenciana,castellon,6,0,0,25.2,580,60,19001.0
20240605_a_coruna,galicia,a_coruna,6,0,0,20.6,1120,40,28671.2
20240605_pontevedra,galicia,pontevedra,6,0,0,18.1,945,45,22482.3
20240605_lugo,galicia,lugo,6,0,0,19.4,320,25,5894.7
20240605_ourense,galicia,ourense,6,0,0,15.9,305,25,6439.0
20240605_valladolid,castilla_y_leon,valladolid,6,0,0,19.4,520,45,12030.2
20240605_leon,castilla_y_leon,leon,6,0,0,19.1,440,30,7973.6
20240605_burgos,castilla_y_leon,burgos,6,0,0,18.8,360,40,7719.1
20240605_salamanca,castilla_y_leon,salamanca,6,0,0,20.3,330,25,6908.8
20240605_palencia,castilla_y_leon,palencia,6,0,0,19.8,155,30,3268.5
20240605_zamora,castilla_y_leon,zamora,6,0,0,16.9,165,20,3145.6
20240605_avila,castilla_y_leon,avila,6,0,0,19.9,155,20,3096.1
20240605_segovia,castilla_y_leon,segovia,6,0,0,22.0,150,20,2759.1
20240605_soria,castilla_y_leon,soria,6,0,0,18.5,90,20,1597.5
20240605_vizcaya,pais_vasco,vizcaya,6,0,0,19.1,1150,85,35602.3
20240605_guipuzcoa,pais_vasco,guipuzcoa,6,0,0,18.5,715,80,22453.1
20240605_alava,pais_vasco,alava,6,0,0,17.3,335,70,8890.7
20240605_toledo,castilla_la_mancha,toledo,6,0,0,21.0,730,30,15264.3
20240605_ciudad_real,castilla_la_mancha,ciudad_real,6,0,0,20.7,485,25,9735.2
20240605_albacete,castilla_la_mancha,albacete,6,0,0,22.2,385,25,7851.9
20240605_cuenca,castilla_la_mancha,cuenca,6,0,0,23.6,195,15,3986.5
20240605_guadalajara,castilla_la_mancha,guadalajara,6,0,0,23.9,255,30,6108.9
20240605_las_palmas,canarias,las_palmas,6,0,0,23.1,1150,20,23563.7
20240605_santa_cruz_tenerife,canarias,santa_cruz_tenerife,6,0,0,23.2,1020,20,22302.3
20240605_zaragoza,aragon,zaragoza,6,0,0,21.0,980,50,25397.8
20240605_huesca,aragon,huesca,6,0,0,20.4,220,30,4784.4
20240605_teruel,aragon,teruel,6,0,0,20.7,130,20,2597.6
20240605_badajoz,extremadura,badajoz,6,0,0,24.1,670,22,16373.4
20240605_caceres,extremadura,caceres,6,0,0,22.4,390,18,7228.7
20240605_asturias,asturias,asturias,6,0,0,16.3,1010,45,22136.4
20240605_baleares,baleares,baleares,6,0,0,20.9,1200,15,22612.3
20240605_cantabria,cantabria,cantabria,6,0,0,17.3,580,35,12059.4
20240605_madrid_prov,madrid,madrid_prov,6,0,0,22.0,6700,55,177132.0
20240605_murcia,murcia,murcia,6,0,0,26.4,1550,40,46130.6
20240605_navarra,navarra,navarra,6,0,0,17.9,660,55,17197.3
20240605_la_rioja,la_rioja,la_rioja,6,0,0,20.0,320,40,8031.5
20240607_sevilla,andalucia,sevilla,6,0,0,24.8,1950,55,64075.6
20240607_malaga,andalucia,malaga,6,0,0,27.1,1700,40,53497.8
20240607_cadiz,andalucia,cadiz,6,0,0,24.5,1240,50,38303.9
20240607_cordoba,andalucia,cordoba,6,0,0,26.4,780,35,21419.6
20240607_granada,andalucia,granada,6,0,0,24.0,915,30,19602.0
20240607_jaen,andalucia,jaen,6,0,0,26.4,610,25,16187.3
20240607_almeria,andalucia,almeria,6,0,0,25.4,730,45,20145.7
20240607_huelva,andalucia,huelva,6,0,0,24.0,525,40,13664.2
20240607_barcelona,cataluna,barcelona,6,0,0,21.3,5700,85,186453.0
20240607_tarragona,cataluna,tarragona,6,0,0,23.0,830,70,29503.9
20240607_girona,cataluna,girona,6,0,0,22.2,780,55,22619.6
20240607_lleida,cataluna,lleida,6,0,0,21.0,430,45,9613.2
20240607_valencia,valenciana,valencia,6,0,0,23.3,2650,65,76102.6
20240607_alicante,valenciana,alicante,6,0,0,23.8,1950,55,55701.4
20240607_castellon,valenciana,castellon,6,0,0,21.1,580,60,17287.7
20240607_a_coruna,galicia,a_coruna,6,0,0,17.1,1120,40,23008.2
20240607_pontevedra,galicia,pontevedra,6,0,0,19.1,945,45,21223.0
20240607_lugo,galicia,lugo,6,0,0,19.4,320,25,6027.9
20240607_ourense,galicia,ourense,6,0,0,17.1,305,25,6031.2
20240607_valladolid,castilla_y_leon,valladolid,6,0,0,20.1,520,45,12807.0
20240607_leon,castilla_y_leon,leon,6,0,0,19.1,440,30,9234.1
20240607_burgos,castilla_y_leon,burgos,6,0,0,20.3,360,40,8306.5
20240607_salamanca,castilla_y_leon,salamanca,6,0,0,19.1,330,25,5975.9
20240607_palencia,castilla_y_leon,palencia,6,0,0,20.1,155,30,3229.0
20240607_zamora,castilla_y_leon,zamora,6,0,0,18.7,165,20,3244.0
20240607_avila,castilla_y_leon,avila,6,0,0,17.3,155,20,3104.8
20240607_segovia,castilla_y_leon,segovia,6,0,0,19.2,150,20,2827.1
20240607_soria,castilla_y_leon,soria,6,0,0,18.7,90,20,1527.5
20240607_vizcaya,pais_vasco,vizcaya,6,0,0,18.8,1150,85,36070.9
20240607_guipuzcoa,pais_vasco,guipuzcoa,6,0,0,20.0,715,80,21530.1
20240607_alava,pais_vasco,alava,6,0,0,15.9,335,70,8850.4
20240607_toledo,castilla_la_mancha,toledo,6,0,0,25.5,730,30,18404.6
20240607_ciudad_real,castilla_la_mancha,ciudad_real,6,0,0,24.7,485,25,11137.1
20240607_albacete,castilla_la_mancha,albacete,6,0,0,22.4,385,25,8504.2
20240607_cuenca,castilla_la_mancha,cuenca,6,0,0,21.5,195,15,3933.9
20240607_guadalajara,castilla_la_mancha,guadalajara,6,0,0,22.8,255,30,5957.2
20240607_las_palmas,canarias,las_palmas,6,0,0,22.9,1150,20,24728.4
20240607_santa_cruz_tenerife,canarias,santa_cruz_tenerife,6,0,0,25.5,1020,20,24355.7
20240607_zaragoza,aragon,zaragoza,6,0,0,24.2,980,50,27719.1
20240607_huesca,aragon,huesca,6,0,0,22.8,220,30,5163.7
20240607_teruel,aragon,teruel,6,0,0,20.3,130,20,2485.7
20240607_badajoz,extremadura,badajoz,6,0,0,24.3,670,22,14666.1
20240607_caceres,extremadura,caceres,6,0,0,24.8,390,18,8860.8
20240607_asturias,asturias,asturias,6,0,0,17.2,1010,45,23368.7
20240607_baleares,baleares,baleares,6,0,0,22.9,1200,15,23252.6
20240607_cantabria,cantabria,cantabria,6,0,0,17.6,580,35,11939.5
20240607_madrid_prov,madrid,madrid_prov,6,0,0,26.5,6700,55,218266.9
20240607_murcia,murcia,murcia,6,0,0,23.5,1550,40,39077.1
20240607_navarra,navarra,navarra,6,0,0,22.8,660,55,17459.8
20240607_la_rioja,la_rioja,la_rioja,6,0,0,21.1,320,40,7564.2
20240609_sevilla,andalucia,sevilla,6,1,0,26.2,1950,55,64198.3
20240609_malaga,andalucia,malaga,6,1,0,27.5,1700,40,49585.4
20240609_cadiz,andalucia,cadiz,6,1,0,26.0,1240,50,33207.4
20240609_cordoba,andalucia,cordoba,6,1,0,25.9,780,35,19265.2
20240609_granada,andalucia,granada,6,1,0,25.5,915,30,20128.1
20240609_jaen,andalucia,jaen,6,1,0,26.3,610,25,13488.1
20240609_almeria,andalucia,almeria,6,1,0,26.0,730,45,19307.0
20240609_huelva,andalucia,huelva,6,1,0,24.6,525,40,13756.4
20240609_barcelona,cataluna,barcelona,6,1,0,23.2,5700,85,191734.1
20240609_tarragona,cataluna,tarragona,6,1,0,24.6,830,70,24772.7
20240609_girona,cataluna,girona,6,1,0,24.5,780,55,20092.5
20240609_lleida,cataluna,lleida,6,1,0,23.4,430,45,10145.2
20240609_valencia,valenciana,valencia,6,1,0,22.7,2650,65,74167.2
20240609_alicante,valenciana,alicante,6,1,0,25.3,1950,55,59435.8
20240609_castellon,valenciana,castellon,6,1,0,24.3,580,60,16603.3
20240609_a_coruna,galicia,a_coruna,6,1,0,18.7,1120,40,22769.9
20240609_pontevedra,galicia,pontevedra,6,1,0,18.7,945,45,19937.1
20240609_lugo,galicia,lugo,6,1,0,19.1,320,25,5171.7
20240609_ourense,galicia,ourense,6,1,0,17.8,305,25,4956.8
20240609_valladolid,castilla_y_leon,valladolid,6,1,0,19.9,520,45,11983.1
20240609_leon,castilla_y_leon,leon,6,1,0,18.8,440,30,8117.7
20240609_burgos,castilla_y_leon,burgos,6,1,0,20.5,360,40,6714.6
20240609_salamanca,castilla_y_leon,salamanca,6,1,0,18.8,330,25,5869.4
20240609_palencia,castilla_y_leon,palencia,6,1,0,15.4,155,30,2794.1
20240609_zamora,castilla_y_leon,zamora,6,1,0,21.0,165,20,3016.9
20240609_avila,castilla_y_leon,avila,6,1,0,20.0,155,20,2741.5
20240609_segovia,castilla_y_leon,segovia,6,1,0,19.8,150,20,2598.1
20240609_soria,castilla_y_leon,soria,6,1,0,19.0,90,20,1507.7
20240609_vizcaya,pais_vasco,vizcaya,6,1,0,18.3,1150,85,33896.6
20240609_guipuzcoa,pais_vasco,guipuzcoa,6,1,0,21.3,715,80,21754.8
20240609_alava,pais_vasco,alava,6,1,0,18.6,335,70,8031.2
20240609_toledo,castilla_la_mancha,toledo,6,1,0,24.7,730,30,17059.0
20240609_ciudad_real,castilla_la_mancha,ciudad_real,6,1,0,23.3,485,25,9467.7
20240609_albacete,castilla_la_mancha,albacete,6,1,0,23.5,385,25,7399.2
20240609_cuenca,castilla_la_mancha,cuenca,6,1,0,23.8,195,15,3882.4
20240609_guadalajara,castilla_la_mancha,guadalajara,6,1,0,25.2,255,30,6190.4
20240609_las_palmas,canarias,las_palmas,6,1,0,21.4,1150,20,20446.3
20240609_santa_cruz_tenerife,canarias,santa_cruz_tenerife,6,1,0,26.3,1020,20,22331.3
20240609_zaragoza,aragon,zaragoza,6,1,0,21.9,980,50,24712.2
20240609_huesca,aragon,huesca,6,1,0,22.8,220,30,5136.7
20240609_teruel,aragon,teruel,6,1,0,21.0,130,20,2147.0
20240609_badajoz,extremadura,badajoz,6,1,0,26.2,670,22,14606.4
20240609_caceres,extremadura,caceres,6,1,0,24.2,390,18,7639.3
20240609_asturias,asturias,asturias,6,1,0,18.9,1010,45,21786.7
20240609_baleares,baleares,baleares,6,1,0,23.8,1200,15,21879.4
20240609_cantabria,cantabria,cantabria,6,1,0,19.2,580,35,13676.3
20240609_madrid_prov,madrid,madrid_prov,6,1,0,24.0,6700,55,181303.6
20240609_murcia,murcia,murcia,6,1,0,22.6,1550,40,33548.2
20240609_navarra,navarra,navarra,6,1,0,19.9,660,55,14761.4
20240609_la_rioja,la_rioja,la_rioja,6,1,0,20.7,320,40,7256.0
20240611_sevilla,andalucia,sevilla,6,0,0,27.7,1950,55,73487.4
20240611_malaga,andalucia,malaga,6,0,0,24.3,1700,40,49024.9
20240611_cadiz,andalucia,cadiz,6,0,0,25.9,1240,50,36762.6
20240611_cordoba,andalucia,cordoba,6,0,0,26.9,780,35,25121.3
20240611_granada,andalucia,granada,6,0,0,22.6,915,30,19851.4
20240611_jaen,andalucia,jaen,6,0,0,25.8,610,25,16333.5
20240611_almeria,andalucia,almeria,6,0,0,25.2,730,45,20860.8
20240611_huelva,andalucia,huelva,6,0,0,27.0,525,40,16415.7
20240611_barcelona,cataluna,barcelona,6,0,0,23.3,5700,85,191261.9
20240611_tarragona,cataluna,tarragona,6,0,0,20.6,830,70,24959.6
20240611_girona,cataluna,girona,6,0,0,22.9,780,55,23141.9
20240611_lleida,cataluna,lleida,6,0,0,21.8,430,45,10318.5
20240611_valencia,valenciana,valencia,6,0,0,26.0,2650,65,89593.2
20240611_alicante,valenciana,alicante,6,0,0,25.9,1950,55,69946.4
20240611_castellon,valenciana,castellon,6,0,0,25.3,580,60,18863.0
20240611_a_coruna,galicia,a_coruna,6,0,0,16.9,1120,40,24756.2
20240611_pontevedra,galicia,pontevedra,6,0,0,16.2,945,45,21196.8
20240611_lugo,galicia,lugo,6,0,0,19.0,320,25,6426.8
20240611_ourense,galicia,ourense,6,0,0,16.6,305,25,6170.5
20240611_valladolid,castilla_y_leon,valladolid,6,0,0,20.3,520,45,13363.7
20240611_leon,castilla_y_leon,leon,6,0,0,20.5,440,30,9735.4
20240611_burgos,castilla_y_leon,burgos,6,0,0,20.4,360,40,8647.3
20240611_salamanca,castilla_y_leon,salamanca,6,0,0,17.9,330,25,6345.5
20240611_palencia,castilla_y_leon,palencia,6,0,0,19.6,155,30,3153.3
20240611_zamora,castilla_y_leon,zamora,6,0,0,20.3,165,20,3225.4
20240611_avila,castilla_y_leon,avila,6,0,0,20.2,155,20,2904.3
20240611_segovia,castilla_y_leon,segovia,6,0,0,18.7,150,20,2922.0
20240611_soria,castilla_y_leon,soria,6,0,0,20.2,90,20,1614.6
20240611_vizcaya,pais_vasco,vizcaya,6,0,0,19.0,1150,85,32579.3
20240611_guipuzcoa,pais_vasco,guipuzcoa,6,0,0,19.3,715,80,21294.9
20240611_alava,pais_vasco,alava,6,0,0,18.5,335,70,10125.4
20240611_toledo,castilla_la_mancha,toledo,6,0,0,21.5,730,30,16373.6
20240611_ciudad_real,castilla_la_mancha,ciudad_real,6,0,0,26.2,485,25,13534.0
20240611_albacete,castilla_la_mancha,albacete,6,0,0,23.1,385,25,8028.9
20240611_cuenca,castilla_la_mancha,cuenca,6,0,0,21.2,195,15,3520.4
20240611_guadalajara,castilla_la_mancha,guadalajara,6,0,0,22.1,255,30,5463.6
20240611_las_palmas,canarias,las_palmas,6,0,0,22.9,1150,20,23873.0
20240611_santa_cruz_tenerife,canarias,santa_cruz_tenerife,6,0,0,24.1,1020,20,21219.8
20240611_zaragoza,aragon,zaragoza,6,0,0,21.2,980,50,24769.9
20240611_huesca,aragon,huesca,6,0,0,21.9,220,30,5307.3
20240611_teruel,aragon,teruel,6,0,0,22.5,130,20,2453.7
20240611_badajoz,extremadura,badajoz,6,0,0,25.3,670,22,16693.1
20240611_caceres,extremadura,caceres,6,0,0,24.5,390,18,8157.3
20240611_asturias,asturias,asturias,6,0,0,20.0,1010,45,22649.3
20240611_baleares,baleares,baleares,6,0,0,24.2,1200,15,25646.1
20240611_cantabria,cantabria,cantabria,6,0,0,18.5,580,35,13435.6
20240611_madrid_prov,madrid,madrid_prov,6,0,0,24.0,6700,55,195206.6
20240611_murcia,murcia,murcia,6,0,0,26.2,1550,40,45567.1
20240611_navarra,navarra,navarra,6,0,0,20.6,660,55,16064.0
20240611_la_rioja,la_rioja,la_rioja,6,0,0,19.4,320,40,7198.4
20240613_sevilla,andalucia,sevilla,6,0,0,26.6,1950,55,63230.4
20240613_malaga,andalucia,malaga,6,0,0,26.8,1700,40,51690.1
20240613_cadiz,andalucia,cadiz,6,0,0,27.9,1240,50,45207.2
20240613_cordoba,andalucia,cordoba,6,0,0,24.5,780,35,20552.7
20240613_granada,andalucia,granada,6,0,0,24.8,915,30,24871.6
20240613_jaen,andalucia,jaen,6,0,0,26.1,610,25,15958.4
20240613_almeria,andalucia,almeria,6,0,0,26.9,730,45,23139.5
20240613_huelva,andalucia,huelva,6,0,0,24.3,525,40,14498.9
20240613_barcelona,cataluna,barcelona,6,0,0,21.2,5700,85,174889.7
20240613_tarragona,cataluna,tarragona,6,0,0,23.9,830,70,28260.4
20240613_girona,cataluna,girona,6,0,0,20.9,780,55,19835.7
20240613_lleida,cataluna,lleida,6,0,0,21.4,430,45,11578.9
20240613_valencia,valenciana,valencia,6,0,0,25.5,2650,65,91759.4
20240613_alicante,valenciana,alicante,6,0,0,25.1,1950,55,58201.7
20240613_castellon,valenciana,castellon,6,0,0,23.3,580,60,17520.8
20240613_a_coruna,galicia,a_coruna,6,0,0,18.8,1120,40,24819.0
20240613_pontevedra,galicia,pontevedra,6,0,0,18.5,945,45,21984.7
20240613_lugo,galicia,lugo,6,0,0,17.9,320,25,6099.6
20240613_ourense,galicia,ourense,6,0,0,17.6,305,25,5975.4
20240613_valladolid,castilla_y_leon,valladolid,6,0,0,20.5,520,45,12559.2
20240613_leon,castilla_y_leon,leon,6,0,0,18.2,440,30,8497.0
20240613_burgos,castilla_y_leon,burgos,6,0,0,20.4,360,40,8882.5
20240613_salamanca,castilla_y_leon,salamanca,6,0,0,20.1,330,25,6405.9
20240613_palencia,castilla_y_leon,palencia,6,0,0,20.2,155,30,3051.1
20240613_zamora,castilla_y_leon,zamora,6,0,0,21.7,165,20,3297.2
20240613_avila,castilla_y_leon,avila,6,0,0,19.0,155,20,2841.8
20240613_segovia,castilla_y_leon,segovia,6,0,0,19.2,150,20,2967.9
20240613_soria,castilla_y_leon,soria,6,0,0,19.6,90,20,1692.2
20240613_vizcaya,pais_vasco,vizcaya,6,0,0,20.2,1150,85,34988.9
20240613_guipuzcoa,pais_vasco,guipuzcoa,6,0,0,19.7,715,80,21931.9
20240613_alava,pais_vasco,alava,6,0,0,17.3,335,70,9489.8
20240613_toledo,castilla_la_mancha,toledo,6,0,0,23.2,730,30,17170.4
20240613_ciudad_real,castilla_la_mancha,ciudad_real,6,0,0,23.4,485,25,11008.0
20240613_albacete,castilla_la_mancha,albacete,6,0,0,25.2,385,25,9014.8
20240613_cuenca,castilla_la_mancha,cuenca,6,0,0,22.8,195,15,3969.5
20240613_guadalajara,castilla_la_mancha,guadalajara,6,0,0,24.0,255,30,6338.8
20240613_las_palmas,canarias,las_palmas,6,0,0,27.3,1150,20,32232.9
20240613_santa_cruz_tenerife,canarias,santa_cruz_tenerife,6,0,0,25.0,1020,20,23524.1
20240613_zaragoza,aragon,zaragoza,6,0,0,21.0,980,50,24389.9
20240613_huesca,aragon,huesca,6,0,0,23.4,220,30,5283.4
20240613_teruel,aragon,teruel,6,0,0,23.0,130,20,2685.3
20240613_badajoz,extremadura,badajoz,6,0,0,24.4,670,22,15245.8
20240613_caceres,extremadura,caceres,6,0,0,25.9,390,18,9845.7
20240613_asturias,asturias,asturias,6,0,0,16.2,1010,45,24690.6
20240613_baleares,baleares,baleares,6,0,0,22.5,1200,15,23836.3
20240613_cantabria,cantabria,cantabria,6,0,0,17.5,580,35,13345.3
20240613_madrid_prov,madrid,madrid_prov,6,0,0,22.8,6700,55,190751.5
20240613_murcia,murcia,murcia,6,0,0,25.6,1550,40,43447.8
20240613_navarra,navarra,navarra,6,0,0,20.4,660,55,16841.2
20240613_la_rioja,la_rioja,la_rioja,6,0,0,20.3,320,40,7153.3
20240615_sevilla,andalucia,sevilla,6,1,0,27.8,1950,55,65343.3
20240615_malaga,andalucia,malaga,6,1,0,27.1,1700,40,50107.3
20240615_cadiz,andalucia,cadiz,6,1,0,24.3,1240,50,33660.3
20240615_cordoba,andalucia,cordoba,6,1,0,24.3,780,35,18748.3
20240615_granada,andalucia,granada,6,1,0,25.6,915,30,21988.0
20240615_jaen,andalucia,jaen,6,1,0,24.5,610,25,13144.0
20240615_almeria,andalucia,almeria,6,1,0,27.6,730,45,21969.3
20240615_huelva,andalucia,huelva,6,1,0,25.4,525,40,13983.4
20240615_barcelona,cataluna,barcelona,6,1,0,23.5,5700,85,162978.4
20240615_tarragona,cataluna,tarragona,6,1,0,25.7,830,70,28307.5
20240615_girona,cataluna,girona,6,1,0,23.8,780,55,20706.4
20240615_lleida,cataluna,lleida,6,1,0,20.2,430,45,9520.8
20240615_valencia,valenciana,valencia,6,1,0,23.6,2650,65,77500.2
20240615_alicante,valenciana,alicante,6,1,0,24.1,1950,55,53597.2
20240615_castellon,valenciana,castellon,6,1,0,23.3,580,60,16378.4
20240615_a_coruna,galicia,a_coruna,6,1,0,16.6,1120,40,25301.0
20240615_pontevedra,galicia,pontevedra,6,1,0,21.4,945,45,22703.2
20240615_lugo,galicia,lugo,6,1,0,20.0,320,25,5674.8
20240615_ourense,galicia,ourense,6,1,0,19.9,305,25,5388.3
20240615_valladolid,castilla_y_leon,valladolid,6,1,0,17.9,520,45,11676.0
20240615_leon,castilla_y_leon,leon,6,1,0,21.7,440,30,8613.9
20240615_burgos,castilla_y_leon,burgos,6,1,0,18.4,360,40,6987.5
20240615_salamanca,castilla_y_leon,salamanca,6,1,0,17.5,330,25,6030.9
20240615_palencia,castilla_y_leon,palencia,6,1,0,17.8,155,30,2872.4
20240615_zamora,castilla_y_leon,zamora,6,1,0,18.9,165,20,2554.9
20240615_avila,castilla_y_leon,avila,6,1,0,20.4,155,20,2604.4
20240615_segovia,castilla_y_leon,segovia,6,1,0,21.2,150,20,2466.3
20240615_soria,castilla_y_leon,soria,6,1,0,19.0,90,20,1329.9
20240615_vizcaya,pais_vasco,vizcaya,6,1,0,16.5,1150,85,35235.9
20240615_guipuzcoa,pais_vasco,guipuzcoa,6,1,0,22.5,715,80,21369.1
20240615_alava,pais_vasco,alava,6,1,0,18.4,335,70,8290.3
20240615_toledo,castilla_la_mancha,toledo,6,1,0,24.7,730,30,16233.1
20240615_ciudad_real,castilla_la_mancha,ciudad_real,6,1,0,23.8,485,25,10022.3
20240615_albacete,castilla_la_mancha,albacete,6,1,0,22.7,385,25,7326.3
20240615_cuenca,castilla_la_mancha,cuenca,6,1,0,23.9,195,15,3477.9
20240615_guadalajara,castilla_la_mancha,guadalajara,6,1,0,24.1,255,30,5492.4
20240615_las_palmas,canarias,las_palmas,6,1,0,23.7,1150,20,24054.9
20240615_santa_cruz_tenerife,canarias,santa_cruz_tenerife,6,1,0,23.3,1020,20,20403.8
20240615_zaragoza,aragon,zaragoza,6,1,0,20.1,980,50,21241.4
20240615_huesca,aragon,huesca,6,1,0,22.6,220,30,4942.0
20240615_teruel,aragon,teruel,6,1,0,19.8,130,20,2181.6
20240615_badajoz,extremadura,badajoz,6,1,0,27.1,670,22,15861.0
20240615_caceres,extremadura,caceres,6,1,0,24.8,390,18,8054.3
20240615_asturias,asturias,asturias,6,1,0,18.0,1010,45,22748.2
20240615_baleares,baleares,baleares,6,1,0,24.2,1200,15,24364.2
20240615_cantabria,cantabria,cantabria,6,1,0,17.3,580,35,10713.1
20240615_madrid_prov,madrid,madrid_prov,6,1,0,23.3,6700,55,164167.8
20240615_murcia,murcia,murcia,6,1,0,25.6,1550,40,39993.2
20240615_navarra,navarra,navarra,6,1,0,19.8,660,55,15511.8
20240615_la_rioja,la_rioja,la_rioja,6,1,0,19.6,320,40,6737.1
20240617_sevilla,andalucia,sevilla,6,0,0,25.8,1950,55,68879.9
20240617_malaga,andalucia,malaga,6,0,0,25.9,1700,40,52238.3
20240617_cadiz,andalucia,cadiz,6,0,0,26.7,1240,50,43857.2
20240617_cordoba,andalucia,cordoba,6,0,0,26.6,780,35,21427.3
20240617_granada,andalucia,granada,6,0,0,27.8,915,30,28339.4
20240617_jaen,andalucia,jaen,6,0,0,27.5,610,25,18324.1
20240617_almeria,andalucia,almeria,6,0,0,25.3,730,45,20930.1
20240617_huelva,andalucia,huelva,6,0,0,27.3,525,40,16991.1
20240617_barcelona,cataluna,barcelona,6,0,0,24.3,5700,85,211539.1
20240617_tarragona,cataluna,tarragona,6,0,0,24.4,830,70,29004.4
20240617_girona,cataluna,girona,6,0,0,23.4,780,55,22235.2
20240617_lleida,cataluna,lleida,6,0,0,23.3,430,45,12203.5
20240617_valencia,valenciana,valencia,6,0,0,24.5,2650,65,90200.5
20240617_alicante,valenciana,alicante,6,0,0,24.6,1950,55,60953.6
20240617_castellon,valenciana,castellon,6,0,0,27.0,580,60,23077.8
20240617_a_coruna,galicia,a_coruna,6,0,0,18.5,1120,40,25151.9
20240617_pontevedra,galicia,pontevedra,6,0,0,17.4,945,45,21728.2
20240617_lugo,galicia,lugo,6,0,0,18.8,320,25,6481.0
20240617_ourense,galicia,ourense,6,0,0,19.4,305,25,5641.7
20240617_valladolid,castilla_y_leon,valladolid,6,0,0,21.6,520,45,12843.6
20240617_leon,castilla_y_leon,leon,6,0,0,18.9,440,30,9586.2
20240617_burgos,castilla_y_leon,burgos,6,0,0,22.3,360,40,8918.8
20240617_salamanca,castilla_y_leon,salamanca,6,0,0,21.2,330,25,7017.7
20240617_palencia,castilla_y_leon,palencia,6,0,0,22.2,155,30,3579.7
20240617_zamora,castilla_y_leon,zamora,6,0,0,18.4,165,20,3359.1
20240617_avila,castilla_y_leon,avila,6,0,0,21.7,155,20,2994.0
20240617_segovia,castilla_y_leon,segovia,6,0,0,18.8,150,20,2840.2
20240617_soria,castilla_y_leon,soria,6,0,0,19.9,90,20,1715.3
20240617_vizcaya,pais_vasco,vizcaya,6,0,0,20.7,1150,85,35742.8
20240617_guipuzcoa,pais_vasco,guipuzcoa,6,0,0,18.1,715,80,21711.7
20240617_alava,pais_vasco,alava,6,0,0,18.9,335,70,9454.3
20240617_toledo,castilla_la_mancha,toledo,6,0,0,21.8,730,30,15798.5
20240617_ciudad_real,castilla_la_mancha,ciudad_real,6,0,0,24.7,485,25,12054.4
20240617_albacete,castilla_la_mancha,albacete,6,0,0,22.6,385,25,7839.1
20240617_cuenca,castilla_la_mancha,cuenca,6,0,0,23.7,195,15,4127.5
20240617_guadalajara,castilla_la_mancha,guadalajara,6,0,0,24.3,255,30,6131.4
20240617_las_palmas,canarias,las_palmas,6,0,0,24.0,1150,20,27323.0
20240617_santa_cruz_tenerife,canarias,santa_cruz_tenerife,6,0,0,23.9,1020,20,20571.3
20240617_zaragoza,aragon,zaragoza,6,0,0,23.0,980,50,29797.3
20240617_huesca,aragon,huesca,6,0,0,21.0,220,30,4685.4
20240617_teruel,aragon,teruel,6,0,0,22.4,130,20,2663.0
20240617_badajoz,extremadura,badajoz,6,0,0,25.5,670,22,17464.5
20240617_caceres,extremadura,caceres,6,0,0,25.4,390,18,9728.0
20240617_asturias,asturias,asturias,6,0,0,17.7,1010,45,22979.6
20240617_baleares,baleares,baleares,6,0,0,22.7,1200,15,21472.1
20240617_cantabria,cantabria,cantabria,6,0,0,18.3,580,35,13660.0
20240617_madrid_prov,madrid,madrid_prov,6,0,0,24.4,6700,55,212662.6
20240617_murcia,murcia,murcia,6,0,0,24.5,1550,40,41806.4
20240617_navarra,navarra,navarra,6,0,0,22.2,660,55,20086.7
20240617_la_rioja,la_rioja,la_rioja,6,0,0,23.5,320,40,8602.9
20240619_sevilla,andalucia,sevilla,6,0,0,26.6,1950,55,69512.5
20240619_malaga,andalucia,malaga,6,0,0,25.5,1700,40,45998.3
20240619_cadiz,andalucia,cadiz,6,0,0,25.0,1240,50,38004.7
20240619_cordoba,andalucia,cordoba,6,0,0,26.2,780,35,21039.0
20240619_granada,andalucia,granada,6,0,0,26.5,915,30,25572.5
20240619_jaen,andalucia,jaen,6,0,0,24.9,610,25,14644.2
20240619_almeria,andalucia,almeria,6,0,0,26.1,730,45,22324.6
20240619_huelva,andalucia,huelva,6,0,0,27.9,525,40,16268.9
20240619_barcelona,cataluna,barcelona,6,0,0,20.3,5700,85,180500.6
20240619_tarragona,cataluna,tarragona,6,0,0,23.3,830,70,27209.9
20240619_girona,cataluna,girona,6,0,0,22.4,780,55,20613.1
20240619_lleida,cataluna,lleida,6,0,0,23.1,430,45,11133.2
20240619_valencia,valenciana,valencia,6,0,0,26.8,2650,65,100469.8
20240619_alicante,valenciana,alicante,6,0,0,24.6,1950,55,68502.2
20240619_castellon,valenciana,castellon,6,0,0,24.4,580,60,18992.5
20240619_a_coruna,galicia,a_coruna,6,0,0,19.3,1120,40,26034.6
20240619_pontevedra,galicia,pontevedra,6,0,0,18.8,945,45,22166.6
20240619_lugo,galicia,lugo,6,0,0,18.6,320,25,6025.5
20240619_ourense,galicia,ourense,6,0,0,18.9,305,25,6558.5
20240619_valladolid,castilla_y_leon,valladolid,6,0,0,22.1,520,45,13354.2
20240619_leon,castilla_y_leon,leon,6,0,0,21.6,440,30,9164.4
20240619_burgos,castilla_y_leon,burgos,6,0,0,20.1,360,40,8571.1
20240619_salamanca,castilla_y_leon,salamanca,6,0,0,22.5,330,25,6826.5
20240619_palencia,castilla_y_leon,palencia,6,0,0,19.7,155,30,3566.5
20240619_zamora,castilla_y_leon,zamora,6,0,0,20.6,165,20,3444.2
20240619_avila,castilla_y_leon,avila,6,0,0,20.7,155,20,3003.1
20240619_segovia,castilla_y_leon,segovia,6,0,0,20.0,150,20,2955.6
20240619_soria,castilla_y_leon,soria,6,0,0,22.3,90,20,1733.4
20240619_vizcaya,pais_vasco,vizcaya,6,0,0,19.3,1150,85,37333.6
20240619_guipuzcoa,pais_vasco,guipuzcoa,6,0,0,19.6,715,80,21068.1
20240619_alava,pais_vasco,alava,6,0,0,21.2,335,70,10424.9
20240619_toledo,castilla_la_mancha,toledo,6,0,0,23.2,730,30,17231.1
20240619_ciudad_real,castilla_la_mancha,ciudad_real,6,0,0,22.2,485,25,9831.3
20240619_albacete,castilla_la_mancha,albacete,6,0,0,24.0,385,25,8956.3
20240619_cuenca,castilla_la_mancha,cuenca,6,0,0,22.5,195,15,3650.2
20240619_guadalajara,castilla_la_mancha,guadalajara,6,0,0,22.4,255,30,5851.4
20240619_las_palmas,canarias,las_palmas,6,0,0,20.9,1150,20,21032.4
20240619_santa_cruz_tenerife,canarias,santa_cruz_tenerife,6,0,0,21.0,1020,20,20129.5
20240619_zaragoza,aragon,zaragoza,6,0,0,20.4,980,50,24391.0
20240619_huesca,aragon,huesca,6,0,0,25.2,220,30,6243.4
20240619_teruel,aragon,teruel,6,0,0,20.4,130,20,2503.7
20240619_badajoz,extremadura,badajoz,6,0,0,24.0,670,22,14223.7
20240619_caceres,extremadura,caceres,6,0,0,25.3,390,18,9636.7
20240619_asturias,asturias,asturias,6,0,0,18.8,1010,45,22625.5
20240619_baleares,baleares,baleares,6,0,0,24.8,1200,15,23426.0
20240619_cantabria,cantabria,cantabria,6,0,0,16.9,580,35,11898.1
20240619_madrid_prov,madrid,madrid_prov,6,0,0,24.0,6700,55,199251.5
20240619_murcia,murcia,murcia,6,0,0,25.0,1550,40,43228.7
20240619_navarra,navarra,navarra,6,0,0,21.1,660,55,17848.1
20240619_la_rioja,la_rioja,la_rioja,6,0,0,21.7,320,40,7536.9
20240621_sevilla,andalucia,sevilla,6,0,0,27.3,1950,55,74919.1
20240621_malaga,andalucia,malaga,6,0,0,25.9,1700,40,50611.2
20240621_cadiz,andalucia,cadiz,6,0,0,28.3,1240,50,44864.0
20240621_cordoba,andalucia,cordoba,6,0,0,29.2,780,35,26247.1
20240621_granada,andalucia,granada,6,0,0,26.2,915,30,24289.6
20240621_jaen,andalucia,jaen,6,0,0,29.8,610,25,20271.3
20240621_almeria,andalucia,almeria,6,0,0,26.0,730,45,22424.6
20240621_huelva,andalucia,huelva,6,0,0,26.8,525,40,16385.1
20240621_barcelona,cataluna,barcelona,6,0,0,23.1,5700,85,167539.5
20240621_tarragona,cataluna,tarragona,6,0,0,23.3,830,70,26783.9
20240621_girona,cataluna,girona,6,0,0,24.7,780,55,26003.8
20240621_lleida,cataluna,lleida,6,0,0,23.0,430,45,11782.3
20240621_valencia,valenciana,valencia,6,0,0,23.3,2650,65,85422.5
20240621_alicante,valenciana,alicante,6,0,0,24.0,1950,55,55103.3
20240621_castellon,valenciana,castellon,6,0,0,24.5,580,60,19961.3
20240621_a_coruna,galicia,a_coruna,6,0,0,18.8,1120,40,26872.9
20240621_pontevedra,galicia,pontevedra,6,0,0,17.5,945,45,23080.7
20240621_lugo,galicia,lugo,6,0,0,17.6,320,25,6266.0
20240621_ourense,galicia,ourense,6,0,0,18.8,305,25,6121.0
20240621_valladolid,castilla_y_leon,valladolid,6,0,0,20.9,520,45,12141.6
20240621_leon,castilla_y_leon,leon,6,0,0,21.8,440,30,10512.0
20240621_burgos,castilla_y_leon,burgos,6,0,0,19.8,360,40,7412.1
20240621_salamanca,castilla_y_leon,salamanca,6,0,0,21.3,330,25,6648.5
20240621_palencia,castilla_y_leon,palencia,6,0,0,20.4,155,30,3335.7
20240621_zamora,castilla_y_leon,zamora,6,0,0,19.9,165,20,3056.4
20240621_avila,castilla_y_leon,avila,6,0,0,20.4,155,20,3168.6
20240621_segovia,castilla_y_leon,segovia,6,0,0,20.6,150,20,2691.6
20240621_soria,castilla_y_leon,soria,6,0,0,18.9,90,20,1674.6
20240621_vizcaya,pais_vasco,vizcaya,6,0,0,18.3,1150,85,32703.4
20240621_guipuzcoa,pais_vasco,guipuzcoa,6,0,0,20.8,715,80,22967.7
20240621_alava,pais_vasco,alava,6,0,0,19.4,335,70,9577.3
20240621_toledo,castilla_la_mancha,toledo,6,0,0,24.3,730,30,18591.1
20240621_ciudad_real,castilla_la_mancha,ciudad_real,6,0,0,24.9,485,25,10376.9
20240621_albacete,castilla_la_mancha,albacete,6,0,0,23.7,385,25,9004.7
20240621_cuenca,castilla_la_mancha,cuenca,6,0,0,23.5,195,15,3965.8
20240621_guadalajara,castilla_la_mancha,guadalajara,6,0,0,25.1,255,30,6627.9
20240621_las_palmas,canarias,las_palmas,6,0,0,25.8,1150,20,29874.4
20240621_santa_cruz_tenerife,canarias,santa_cruz_tenerife,6,0,0,23.5,1020,20,21697.9
20240621_zaragoza,aragon,zaragoza,6,0,0,19.1,980,50,23375.3
20240621_huesca,aragon,huesca,6,0,0,21.2,220,30,4765.0
20240621_teruel,aragon,teruel,6,0,0,23.3,130,20,2856.7
20240621_badajoz,extremadura,badajoz,6,0,0,27.5,670,22,18835.0
20240621_caceres,extremadura,caceres,6,0,0,28.8,390,18,11638.9
20240621_asturias,asturias,asturias,6,0,0,16.2,1010,45,23138.9
20240621_baleares,baleares,baleares,6,0,0,23.4,1200,15,24972.4
20240621_cantabria,cantabria,cantabria,6,0,0,16.7,580,35,12246.1
20240621_madrid_prov,madrid,madrid_prov,6,0,0,23.8,6700,55,194883.9
20240621_murcia,murcia,murcia,6,0,0,26.4,1550,40,49397.4
20240621_navarra,navarra,navarra,6,0,0,22.8,660,55,18308.7
20240621_la_rioja,la_rioja,la_rioja,6,0,0,23.3,320,40,7675.1
20240623_sevilla,andalucia,sevilla,6,1,0,24.9,1950,55,52132.3
20240623_malaga,andalucia,malaga,6,1,0,26.8,1700,40,51554.5
20240623_cadiz,andalucia,cadiz,6,1,0,26.0,1240,50,35454.5
20240623_cordoba,andalucia,cordoba,6,1,0,26.5,780,35,21479.1
20240623_granada,andalucia,granada,6,1,0,26.2,915,30,22228.9
20240623_jaen,andalucia,jaen,6,1,0,24.9,610,25,13057.8
20240623_almeria,andalucia,almeria,6,1,0,28.5,730,45,24490.6
20240623_huelva,andalucia,huelva,6,1,0,25.8,525,40,14878.2
20240623_barcelona,cataluna,barcelona,6,1,0,22.5,5700,85,188491.0
20240623_tarragona,cataluna,tarragona,6,1,0,25.3,830,70,27061.1
20240623_girona,cataluna,girona,6,1,0,21.3,780,55,20865.8
20240623_lleida,cataluna,lleida,6,1,0,23.9,430,45,10502.5
20240623_valencia,valenciana,valencia,6,1,0,26.2,2650,65,91391.2
20240623_alicante,valenciana,alicante,6,1,0,26.7,1950,55,60360.4
20240623_castellon,valenciana,castellon,6,1,0,25.3,580,60,16580.9
20240623_a_coruna,galicia,a_coruna,6,1,0,19.5,1120,40,22628.4
20240623_pontevedra,galicia,pontevedra,6,1,0,19.0,945,45,19641.6
20240623_lugo,galicia,lugo,6,1,0,18.2,320,25,5336.3
20240623_ourense,galicia,ourense,6,1,0,19.7,305,25,5811.3
20240623_valladolid,castilla_y_leon,valladolid,6,1,0,19.9,520,45,11363.3
20240623_leon,castilla_y_leon,leon,6,1,0,21.3,440,30,8527.0
20240623_burgos,castilla_y_leon,burgos,6,1,0,18.6,360,40,6749.5
20240623_salamanca,castilla_y_leon,salamanca,6,1,0,19.6,330,25,5237.3
20240623_palencia,castilla_y_leon,palencia,6,1,0,22.7,155,30,3231.8
20240623_zamora,castilla_y_leon,zamora,6,1,0,20.7,165,20,2544.6
20240623_avila,castilla_y_leon,avila,6,1,0,18.2,155,20,2566.3
20240623_segovia,castilla_y_leon,segovia,6,1,0,23.5,150,20,2793.4
20240623_soria,castilla_y_leon,soria,6,1,0,21.9,90,20,1577.9
20240623_vizcaya,pais_vasco,vizcaya,6,1,0,20.1,1150,85,34584.6
20240623_guipuzcoa,pais_vasco,guipuzcoa,6,1,0,19.5,715,80,18742.7
20240623_alava,pais_vasco,alava,6,1,0,22.0,335,70,9154.3
20240623_toledo,castilla_la_mancha,toledo,6,1,0,25.7,730,30,17091.0
20240623_ciudad_real,castilla_la_mancha,ciudad_real,6,1,0,26.1,485,25,11685.2
20240623_albacete,castilla_la_mancha,albacete,6,1,0,24.8,385,25,8456.2
20240623_cuenca,castilla_la_mancha,cuenca,6,1,0,23.5,195,15,3565.5
20240623_guadalajara,castilla_la_mancha,guadalajara,6,1,0,23.6,255,30,5716.5
20240623_las_palmas,canarias,las_palmas,6,1,0,23.5,1150,20,20557.6
20240623_santa_cruz_tenerife,canarias,santa_cruz_tenerife,6,1,0,21.4,1020,20,16468.1
20240623_zaragoza,aragon,zaragoza,6,1,0,24.1,980,50,24136.7
20240623_huesca,aragon,huesca,6,1,0,23.6,220,30,4752.3
20240623_teruel,aragon,teruel,6,1,0,23.1,130,20,2517.7
20240623_badajoz,extremadura,badajoz,6,1,0,25.9,670,22,13312.2
20240623_caceres,extremadura,caceres,6,1,0,25.3,390,18,8333.0
20240623_asturias,asturias,asturias,6,1,0,20.4,1010,45,23601.9
20240623_baleares,baleares,baleares,6,1,0,22.1,1200,15,20201.5
20240623_cantabria,cantabria,cantabria,6,1,0,15.9,580,35,12245.4
20240623_madrid_prov,madrid,madrid_prov,6,1,0,25.6,6700,55,202889.5
20240623_murcia,murcia,murcia,6,1,0,25.6,1550,40,43803.1
20240623_navarra,navarra,navarra,6,1,0,23.0,660,55,17914.1
20240623_la_rioja,la_rioja,la_rioja,6,1,0,22.4,320,40,6958.2
20240625_sevilla,andalucia,sevilla,6,0,0,28.0,1950,55,78907.3
20240625_malaga,andalucia,malaga,6,0,0,26.7,1700,40,52404.3
20240625_cadiz,andalucia,cadiz,6,0,0,28.5,1240,50,52246.3
20240625_cordoba,andalucia,cordoba,6,0,0,25.9,780,35,21952.1
20240625_granada,andalucia,granada,6,0,0,27.4,915,30,28333.3
20240625_jaen,andalucia,jaen,6,0,0,26.2,610,25,17770.3
20240625_almeria,andalucia,almeria,6,0,0,27.5,730,45,26013.9
20240625_huelva,andalucia,huelva,6,0,0,29.4,525,40,19537.7
20240625_barcelona,cataluna,barcelona,6,0,0,23.3,5700,85,190408.2
20240625_tarragona,cataluna,tarragona,6,0,0,23.2,830,70,24716.2
20240625_girona,cataluna,girona,6,0,0,24.5,780,55,24604.7
20240625_lleida,cataluna,lleida,6,0,0,23.1,430,45,11307.6
20240625_valencia,valenciana,valencia,6,0,0,26.1,2650,65,91585.8
20240625_alicante,valenciana,alicante,6,0,0,25.3,1950,55,65333.6
20240625_castellon,valenciana,castellon,6,0,0,22.5,580,60,17340.5
20240625_a_coruna,galicia,a_coruna,6,0,0,16.3,1120,40,25095.8
20240625_pontevedra,galicia,pontevedra,6,0,0,17.0,945,45,23612.4
20240625_lugo,galicia,lugo,6,0,0,17.0,320,25,5729.2
20240625_ourense,galicia,ourense,6,0,0,18.8,305,25,5802.1
20240625_valladolid,castilla_y_leon,valladolid,6,0,0,18.7,520,45,12391.0
20240625_leon,castilla_y_leon,leon,6,0,0,18.1,440,30,8478.6
20240625_burgos,castilla_y_leon,burgos,6,0,0,20.0,360,40,8506.6
20240625_salamanca,castilla_y_leon,salamanca,6,0,0,22.7,330,25,7551.3
20240625_palencia,castilla_y_leon,palencia,6,0,0,20.6,155,30,2892.2
20240625_zamora,castilla_y_leon,zamora,6,0,0,21.4,165,20,3473.8
20240625_avila,castilla_y_leon,avila,6,0,0,22.6,155,20,3253.8
20240625_segovia,castilla_y_leon,segovia,6,0,0,19.2,150,20,2708.5
20240625_soria,castilla_y_leon,soria,6,0,0,23.6,90,20,1804.0
20240625_vizcaya,pais_vasco,vizcaya,6,0,0,18.5,1150,85,37091.0
20240625_guipuzcoa,pais_vasco,guipuzcoa,6,0,0,19.5,715,80,20309.2
20240625_alava,pais_vasco,alava,6,0,0,22.2,335,70,10488.5
20240625_toledo,castilla_la_mancha,toledo,6,0,0,23.8,730,30,16560.6
20240625_ciudad_real,castilla_la_mancha,ciudad_real,6,0,0,27.2,485,25,13715.4
20240625_albacete,castilla_la_mancha,albacete,6,0,0,26.3,385,25,10718.6
20240625_cuenca,castilla_la_mancha,cuenca,6,0,0,23.6,195,15,3885.0
20240625_guadalajara,castilla_la_mancha,guadalajara,6,0,0,26.3,255,30,7697.3
20240625_las_palmas,canarias,las_palmas,6,0,0,21.2,1150,20,22935.0
20240625_santa_cruz_tenerife,canarias,santa_cruz_tenerife,6,0,0,23.6,1020,20,20906.0
20240625_zaragoza,aragon,zaragoza,6,0,0,23.7,980,50,26028.3
20240625_huesca,aragon,huesca,6,0,0,22.7,220,30,4809.6
20240625_teruel,aragon,teruel,6,0,0,22.6,130,20,2665.9
20240625_badajoz,extremadura,badajoz,6,0,0,24.4,670,22,16698.2
20240625_caceres,extremadura,caceres,6,0,0,26.5,390,18,10766.6
20240625_asturias,asturias,asturias,6,0,0,17.9,1010,45,22740.4
20240625_baleares,baleares,baleares,6,0,0,26.5,1200,15,28471.6
20240625_cantabria,cantabria,cantabria,6,0,0,17.9,580,35,12772.9
20240625_madrid_prov,madrid,madrid_prov,6,0,0,22.6,6700,55,194182.3
20240625_murcia,murcia,murcia,6,0,0,26.3,1550,40,50600.2
20240625_navarra,navarra,navarra,6,0,0,22.7,660,55,19736.8
20240625_la_rioja,la_rioja,la_rioja,6,0,0,21.8,320,40,7328.7
20240627_sevilla,andalucia,sevilla,6,0,0,30.0,1950,55,81041.8
20240627_malaga,andalucia,malaga,6,0,0,25.0,1700,40,49400.8
20240627_cadiz,andalucia,cadiz,6,0,0,29.3,1240,50,51398.2
20240627_cordoba,andalucia,cordoba,6,0,0,28.4,780,35,23987.2
20240627_granada,andalucia,granada,6,0,0,26.3,915,30,23380.6
20240627_jaen,andalucia,jaen,6,0,0,28.1,610,25,17091.8
20240627_almeria,andalucia,almeria,6,0,0,25.3,730,45,22347.7
20240627_huelva,andalucia,huelva,6,0,0,28.5,525,40,18605.6
20240627_barcelona,cataluna,barcelona,6,0,0,24.4,5700,85,220058.6
20240627_tarragona,cataluna,tarragona,6,0,0,23.3,830,70,25254.4
20240627_girona,cataluna,girona,6,0,0,24.4,780,55,24616.2
20240627_lleida,cataluna,lleida,6,0,0,24.8,430,45,12692.0
20240627_valencia,valenciana,valencia,6,0,0,23.5,2650,65,85991.9
20240627_alicante,valenciana,alicante,6,0,0,25.1,1950,55,60842.4
20240627_castellon,valenciana,castellon,6,0,0,24.7,580,60,18135.9
20240627_a_coruna,galicia,a_coruna,6,0,0,20.0,1120,40,23645.2
20240627_pontevedra,galicia,pontevedra,6,0,0,17.3,945,45,21564.9
20240627_lugo,galicia,lugo,6,0,0,21.0,320,25,6844.1
20240627_ourense,galicia,ourense,6,0,0,16.4,305,25,6399.0
20240627_valladolid,castilla_y_leon,valladolid,6,0,0,22.9,520,45,12818.3
20240627_leon,castilla_y_leon,leon,6,0,0,17.4,440,30,8912.8
20240627_burgos,castilla_y_leon,burgos,6,0,0,22.5,360,40,9630.1
20240627_salamanca,castilla_y_leon,salamanca,6,0,0,19.7,330,25,7085.2
20240627_palencia,castilla_y_leon,palencia,6,0,0,17.8,155,30,3088.6
20240627_zamora,castilla_y_leon,zamora,6,0,0,20.4,165,20,3315.7
20240627_avila,castilla_y_leon,avila,6,0,0,22.8,155,20,3367.1
20240627_segovia,castilla_y_leon,segovia,6,0,0,19.1,150,20,2899.3
20240627_soria,castilla_y_leon,soria,6,0,0,21.7,90,20,1636.2
20240627_vizcaya,pais_vasco,vizcaya,6,0,0,17.2,1150,85,37340.8
20240627_guipuzcoa,pais_vasco,guipuzcoa,6,0,0,19.9,715,80,20363.2
20240627_alava,pais_vasco,alava,6,0,0,19.9,335,70,9692.9
20240627_toledo,castilla_la_mancha,toledo,6,0,0,24.3,730,30,16724.0
20240627_ciudad_real,castilla_la_mancha,ciudad_real,6,0,0,27.1,485,25,14339.0
20240627_albacete,castilla_la_mancha,albacete,6,0,0,24.0,385,25,8777.7
20240627_cuenca,castilla_la_mancha,cuenca,6,0,0,24.9,195,15,4067.9
20240627_guadalajara,castilla_la_mancha,guadalajara,6,0,0,24.9,255,30,6106.8
20240627_las_palmas,canarias,las_palmas,6,0,0,23.7,1150,20,23549.6
20240627_santa_cruz_tenerife,canarias,santa_cruz_tenerife,6,0,0,22.3,1020,20,22403.5
20240627_zaragoza,aragon,zaragoza,6,0,0,23.5,980,50,27893.5
20240627_huesca,aragon,huesca,6,0,0,20.6,220,30,4500.7
20240627_teruel,aragon,teruel,6,0,0,24.1,130,20,2910.9
20240627_badajoz,extremadura,badajoz,6,0,0,23.0,670,22,14423.6
20240627_caceres,extremadura,caceres,6,0,0,26.5,390,18,10454.6
20240627_asturias,asturias,asturias,6,0,0,17.3,1010,45,20949.7
20240627_baleares,baleares,baleares,6,0,0,22.7,1200,15,22276.5
20240627_cantabria,cantabria,cantabria,6,0,0,19.3,580,35,10852.5
20240627_madrid_prov,madrid,madrid_prov,6,0,0,23.8,6700,55,213928.2
20240627_murcia,murcia,murcia,6,0,0,25.6,1550,40,47411.5
20240627_navarra,navarra,navarra,6,0,0,19.2,660,55,15378.1
20240627_la_rioja,la_rioja,la_rioja,6,0,0,24.0,320,40,8564.2
20240629_sevilla,andalucia,sevilla,6,1,0,27.3,1950,55,61232.1
20240629_malaga,andalucia,malaga,6,1,0,27.3,1700,40,47235.1
20240629_cadiz,andalucia,cadiz,6,1,0,28.8,1240,50,50565.9
20240629_cordoba,andalucia,cordoba,6,1,0,27.8,780,35,22096.2
20240629_granada,andalucia,granada,6,1,0,23.6,915,30,17999.9
20240629_jaen,andalucia,jaen,6,1,0,29.3,610,25,17186.4
20240629_almeria,andalucia,almeria,6,1,0,26.6,730,45,22123.3
20240629_huelva,andalucia,huelva,6,1,0,29.2,525,40,17556.4
20240629_barcelona,cataluna,barcelona,6,1,0,23.1,5700,85,180756.5
20240629_tarragona,cataluna,tarragona,6,1,0,22.8,830,70,22781.2
20240629_girona,cataluna,girona,6,1,0,24.2,780,55,21529.9
20240629_lleida,cataluna,lleida,6,1,0,26.6,430,45,12911.9
20240629_valencia,valenciana,valencia,6,1,0,26.8,2650,65,86751.5
20240629_alicante,valenciana,alicante,6,1,0,25.9,1950,55,56969.5
20240629_castellon,valenciana,castellon,6,1,0,25.7,580,60,18653.7
20240629_a_coruna,galicia,a_coruna,6,1,0,18.8,1120,40,25330.2
20240629_pontevedra,galicia,pontevedra,6,1,0,20.8,945,45,21759.3
20240629_lugo,galicia,lugo,6,1,0,19.8,320,25,6199.0
20240629_ourense,galicia,ourense,6,1,0,16.8,305,25,5734.5
20240629_valladolid,castilla_y_leon,valladolid,6,1,0,19.7,520,45,10693.2
20240629_leon,castilla_y_leon,leon,6,1,0,21.9,440,30,9247.8
20240629_burgos,castilla_y_leon,burgos,6,1,0,19.5,360,40,7090.3
20240629_salamanca,castilla_y_leon,salamanca,6,1,0,21.2,330,25,6014.8
20240629_palencia,castilla_y_leon,palencia,6,1,0,22.3,155,30,3698.6
20240629_zamora,castilla_y_leon,zamora,6,1,0,21.7,165,20,2827.3
20240629_avila,castilla_y_leon,avila,6,1,0,19.3,155,20,2546.8
20240629_segovia,castilla_y_leon,segovia,6,1,0,19.8,150,20,2585.4
20240629_soria,castilla_y_leon,soria,6,1,0,21.7,90,20,1566.0
20240629_vizcaya,pais_vasco,vizcaya,6,1,0,23.0,1150,85,34866.9
20240629_guipuzcoa,pais_vasco,guipuzcoa,6,1,0,20.0,715,80,20245.1
20240629_alava,pais_vasco,alava,6,1,0,21.5,335,70,9553.9
20240629_toledo,castilla_la_mancha,toledo,6,1,0,25.2,730,30,18007.1
20240629_ciudad_real,castilla_la_mancha,ciudad_real,6,1,0,23.6,485,25,10377.6
20240629_albacete,castilla_la_mancha,albacete,6,1,0,25.8,385,25,9661.3
20240629_cuenca,castilla_la_mancha,cuenca,6,1,0,22.2,195,15,3212.4
20240629_guadalajara,castilla_la_mancha,guadalajara,6,1,0,25.7,255,30,5411.4
20240629_las_palmas,canarias,las_palmas,6,1,0,24.5,1150,20,24808.4
20240629_santa_cruz_tenerife,canarias,santa_cruz_tenerife,6,1,0,23.1,1020,20,18847.3
20240629_zaragoza,aragon,zaragoza,6,1,0,22.1,980,50,22586.2
20240629_huesca,aragon,huesca,6,1,0,22.9,220,30,4392.8
20240629_teruel,aragon,teruel,6,1,0,22.5,130,20,2364.2
20240629_badajoz,extremadura,badajoz,6,1,0,25.7,670,22,16464.5
20240629_caceres,extremadura,caceres,6,1,0,25.5,390,18,8435.4
20240629_asturias,asturias,asturias,6,1,0,17.5,1010,45,20455.8
20240629_baleares,baleares,baleares,6,1,0,21.8,1200,15,18824.0
20240629_cantabria,cantabria,cantabria,6,1,0,16.6,580,35,11310.6
20240629_madrid_prov,madrid,madrid_prov,6,1,0,26.1,6700,55,187665.9
20240629_murcia,murcia,murcia,6,1,0,24.9,1550,40,36497.6
20240629_navarra,navarra,navarra,6,1,0,21.2,660,55,16603.6
20240629_la_rioja,la_rioja,la_rioja,6,1,0,21.5,320,40,6802.9
20240701_sevilla,andalucia,sevilla,7,0,0,29.3,1950,55,84756.1
20240701_malaga,andalucia,malaga,7,0,0,26.2,1700,40,51928.3
20240701_cadiz,andalucia,cadiz,7,0,0,26.1,1240,50,41401.0
20240701_cordoba,andalucia,cordoba,7,0,0,27.9,780,35,23880.9
20240701_granada,andalucia,granada,7,0,0,27.5,915,30,27549.9
20240701_jaen,andalucia,jaen,7,0,0,28.0,610,25,19038.9
20240701_almeria,andalucia,almeria,7,0,0,27.9,730,45,25581.0
20240701_huelva,andalucia,huelva,7,0,0,28.5,525,40,17946.2
20240701_barcelona,cataluna,barcelona,7,0,0,21.9,5700,85,161698.5
20240701_tarragona,cataluna,tarragona,7,0,0,23.6,830,70,26092.3
20240701_girona,cataluna,girona,7,0,0,24.3,780,55,21547.4
20240701_lleida,cataluna,lleida,7,0,0,22.8,430,45,11492.5
20240701_valencia,valenciana,valencia,7,0,0,23.8,2650,65,86368.8
20240701_alicante,valenciana,alicante,7,0,0,24.5,1950,55,59963.2
20240701_castellon,valenciana,castellon,7,0,0,26.1,580,60,21486.9
20240701_a_coruna,galicia,a_coruna,7,0,0,19.0,1120,40,23983.8
20240701_pontevedra,galicia,pontevedra,7,0,0,18.2,945,45,22580.2
20240701_lugo,galicia,lugo,7,0,0,17.4,320,25,6147.8
20240701_ourense,galicia,ourense,7,0,0,18.3,305,25,5872.5
20240701_valladolid,castilla_y_leon,valladolid,7,0,0,19.8,520,45,11155.2
20240701_leon,castilla_y_leon,leon,7,0,0,21.9,440,30,10153.6
20240701_burgos,castilla_y_leon,burgos,7,0,0,18.7,360,40,8157.4
20240701_salamanca,castilla_y_leon,salamanca,7,0,0,22.7,330,25,7371.2
20240701_palencia,castilla_y_leon,palencia,7,0,0,20.6,155,30,3111.0
20240701_zamora,castilla_y_leon,zamora,7,0,0,21.3,165,20,3255.3
20240701_avila,castilla_y_leon,avila,7,0,0,21.3,155,20,2995.4
20240701_segovia,castilla_y_leon,segovia,7,0,0,19.7,150,20,2860.7
20240701_soria,castilla_y_leon,soria,7,0,0,21.8,90,20,1807.2
20240701_vizcaya,pais_vasco,vizcaya,7,0,0,20.4,1150,85,39692.1
20240701_guipuzcoa,pais_vasco,guipuzcoa,7,0,0,19.4,715,80,22951.3
20240701_alava,pais_vasco,alava,7,0,0,19.3,335,70,9959.5
20240701_toledo,castilla_la_mancha,toledo,7,0,0,26.4,730,30,20238.4
20240701_ciudad_real,castilla_la_mancha,ciudad_real,7,0,0,27.0,485,25,13864.1
20240701_albacete,castilla_la_mancha,albacete,7,0,0,23.4,385,25,8493.2
20240701_cuenca,castilla_la_mancha,cuenca,7,0,0,26.2,195,15,4893.2
20240701_guadalajara,castilla_la_mancha,guadalajara,7,0,0,23.2,255,30,5895.3
20240701_las_palmas,canarias,las_palmas,7,0,0,24.2,1150,20,24950.4
20240701_santa_cruz_tenerife,canarias,santa_cruz_tenerife,7,0,0,27.2,1020,20,27804.3
20240701_zaragoza,aragon,zaragoza,7,0,0,23.6,980,50,29352.0
20240701_huesca,aragon,huesca,7,0,0,23.2,220,30,5382.4
20240701_teruel,aragon,teruel,7,0,0,21.3,130,20,2480.8
20240701_badajoz,extremadura,badajoz,7,0,0,27.6,670,22,20559.2
20240701_caceres,extremadura,caceres,7,0,0,25.1,390,18,8577.1
20240701_asturias,asturias,asturias,7,0,0,19.1,1010,45,22812.2
20240701_baleares,baleares,baleares,7,0,0,23.9,1200,15,26067.3
20240701_cantabria,cantabria,cantabria,7,0,0,17.6,580,35,11178.5
20240701_madrid_prov,madrid,madrid_prov,7,0,0,22.8,6700,55,189541.0
20240701_murcia,murcia,murcia,7,0,0,23.1,1550,40,38813.6
20240701_navarra,navarra,navarra,7,0,0,19.8,660,55,18240.7
20240701_la_rioja,la_rioja,la_rioja,7,0,0,25.2,320,40,8673.1
20240703_sevilla,andalucia,sevilla,7,0,0,27.6,1950,55,70362.1
20240703_malaga,andalucia,malaga,7,0,0,26.9,1700,40,59093.8
20240703_cadiz,andalucia,cadiz,7,0,0,26.6,1240,50,41524.3
20240703_cordoba,andalucia,cordoba,7,0,0,26.0,780,35,23675.7
20240703_granada,andalucia,granada,7,0,0,22.7,915,30,20387.9
20240703_jaen,andalucia,jaen,7,0,0,27.2,610,25,16759.7
20240703_almeria,andalucia,almeria,7,0,0,28.5,730,45,28812.2
20240703_huelva,andalucia,huelva,7,0,0,25.3,525,40,16740.3
20240703_barcelona,cataluna,barcelona,7,0,0,21.8,5700,85,201735.9
20240703_tarragona,cataluna,tarragona,7,0,0,24.0,830,70,27053.6
20240703_girona,cataluna,girona,7,0,0,23.2,780,55,22427.9
20240703_lleida,cataluna,lleida,7,0,0,24.1,430,45,11443.0
20240703_valencia,valenciana,valencia,7,0,0,25.0,2650,65,87113.7
20240703_alicante,valenciana,alicante,7,0,0,23.6,1950,55,54987.1
20240703_castellon,valenciana,castellon,7,0,0,23.7,580,60,17399.1
20240703_a_coruna,galicia,a_coruna,7,0,0,19.5,1120,40,25305.2
20240703_pontevedra,galicia,pontevedra,7,0,0,21.6,945,45,21002.9
20240703_lugo,galicia,lugo,7,0,0,19.5,320,25,6271.9
20240703_ourense,galicia,ourense,7,0,0,20.0,305,25,6251.7
20240703_valladolid,castilla_y_leon,valladolid,7,0,0,21.0,520,45,12747.4
20240703_leon,castilla_y_leon,leon,7,0,0,20.2,440,30,9455.3
20240703_burgos,castilla_y_leon,burgos,7,0,0,18.6,360,40,8323.3
20240703_salamanca,castilla_y_leon,salamanca,7,0,0,21.2,330,25,6585.7
20240703_palencia,castilla_y_leon,palencia,7,0,0,20.9,155,30,3267.8
20240703_zamora,castilla_y_leon,zamora,7,0,0,23.1,165,20,4072.3
20240703_avila,castilla_y_leon,avila,7,0,0,23.0,155,20,3147.2
20240703_segovia,castilla_y_leon,segovia,7,0,0,22.1,150,20,3122.3
20240703_soria,castilla_y_leon,soria,7,0,0,20.0,90,20,1587.3
20240703_vizcaya,pais_vasco,vizcaya,7,0,0,20.2,1150,85,37821.4
20240703_guipuzcoa,pais_vasco,guipuzcoa,7,0,0,18.1,715,80,20542.3
20240703_alava,pais_vasco,alava,7,0,0,21.1,335,70,9868.1
20240703_toledo,castilla_la_mancha,toledo,7,0,0,26.7,730,30,19584.5
20240703_ciudad_real,castilla_la_mancha,ciudad_real,7,0,0,28.0,485,25,13499.4
20240703_albacete,castilla_la_mancha,albacete,7,0,0,21.9,385,25,8047.4
20240703_cuenca,castilla_la_mancha,cuenca,7,0,0,23.2,195,15,3891.6
20240703_guadalajara,castilla_la_mancha,guadalajara,7,0,0,24.6,255,30,6366.6
20240703_las_palmas,canarias,las_palmas,7,0,0,22.7,1150,20,24287.6
20240703_santa_cruz_tenerife,canarias,santa_cruz_tenerife,7,0,0,23.5,1020,20,23095.7
20240703_zaragoza,aragon,zaragoza,7,0,0,23.5,980,50,26240.5
20240703_huesca,aragon,huesca,7,0,0,21.4,220,30,4706.3
20240703_teruel,aragon,teruel,7,0,0,22.0,130,20,2429.8
20240703_badajoz,extremadura,badajoz,7,0,0,27.0,670,22,16628.0
20240703_caceres,extremadura,caceres,7,0,0,28.2,390,18,11159.8
20240703_asturias,asturias,asturias,7,0,0,18.3,1010,45,22205.6
20240703_baleares,baleares,baleares,7,0,0,25.4,1200,15,27247.8
20240703_cantabria,cantabria,cantabria,7,0,0,17.4,580,35,12467.5
20240703_madrid_prov,madrid,madrid_prov,7,0,0,22.4,6700,55,171031.5
20240703_murcia,murcia,murcia,7,0,0,24.2,1550,40,42509.5
20240703_navarra,navarra,navarra,7,0,0,21.8,660,55,18778.7
20240703_la_rioja,la_rioja,la_rioja,7,0,0,21.0,320,40,7667.5
20240705_sevilla,andalucia,sevilla,7,0,0,27.2,1950,55,68215.9
20240705_malaga,andalucia,malaga,7,0,0,27.9,1700,40,57828.8
20240705_cadiz,andalucia,cadiz,7,0,0,26.5,1240,50,41743.9
20240705_cordoba,andalucia,cordoba,7,0,0,27.2,780,35,24045.2
20240705_granada,andalucia,granada,7,0,0,26.8,915,30,24759.2
20240705_jaen,andalucia,jaen,7,0,0,27.5,610,25,16909.8
20240705_almeria,andalucia,almeria,7,0,0,25.9,730,45,22451.5
20240705_huelva,andalucia,huelva,7,0,0,28.4,525,40,18724.9
20240705_barcelona,cataluna,barcelona,7,0,0,23.1,5700,85,194740.6
20240705_tarragona,cataluna,tarragona,7,0,0,24.7,830,70,25674.3
20240705_girona,cataluna,girona,7,0,0,25.0,780,55,22541.6
20240705_lleida,cataluna,lleida,7,0,0,21.9,430,45,10499.7
20240705_valencia,valenciana,valencia,7,0,0,28.4,2650,65,123851.4
20240705_alicante,valenciana,alicante,7,0,0,26.4,1950,55,68791.2
20240705_castellon,valenciana,castellon,7,0,0,22.8,580,60,17084.4
20240705_a_coruna,galicia,a_coruna,7,0,0,18.1,1120,40,23863.1
20240705_pontevedra,galicia,pontevedra,7,0,0,19.1,945,45,21507.9
20240705_lugo,galicia,lugo,7,0,0,20.1,320,25,5758.9
20240705_ourense,galicia,ourense,7,0,0,19.0,305,25,5678.4
20240705_valladolid,castilla_y_leon,valladolid,7,0,0,20.8,520,45,12726.8
20240705_leon,castilla_y_leon,leon,7,0,0,19.8,440,30,9156.5
20240705_burgos,castilla_y_leon,burgos,7,0,0,21.0,360,40,8119.3
20240705_salamanca,castilla_y_leon,salamanca,7,0,0,20.7,330,25,6582.4
20240705_palencia,castilla_y_leon,palencia,7,0,0,20.3,155,30,3234.3
20240705_zamora,castilla_y_leon,zamora,7,0,0,20.9,165,20,3083.5
20240705_avila,castilla_y_leon,avila,7,0,0,23.6,155,20,3404.6
20240705_segovia,castilla_y_leon,segovia,7,0,0,20.8,150,20,2898.5
20240705_soria,castilla_y_leon,soria,7,0,0,19.9,90,20,1651.6
20240705_vizcaya,pais_vasco,vizcaya,7,0,0,19.9,1150,85,33891.0
20240705_guipuzcoa,pais_vasco,guipuzcoa,7,0,0,20.9,715,80,21741.5
20240705_alava,pais_vasco,alava,7,0,0,19.9,335,70,9257.5
20240705_toledo,castilla_la_mancha,toledo,7,0,0,29.0,730,30,23799.6
20240705_ciudad_real,castilla_la_mancha,ciudad_real,7,0,0,21.9,485,25,9393.2
20240705_albacete,castilla_la_mancha,albacete,7,0,0,25.9,385,25,10681.7
20240705_cuenca,castilla_la_mancha,cuenca,7,0,0,23.9,195,15,4312.4
20240705_guadalajara,castilla_la_mancha,guadalajara,7,0,0,25.9,255,30,6865.8
20240705_las_palmas,canarias,las_palmas,7,0,0,23.6,1150,20,24999.5
20240705_santa_cruz_tenerife,canarias,santa_cruz_tenerife,7,0,0,25.2,1020,20,24552.5
20240705_zaragoza,aragon,zaragoza,7,0,0,22.9,980,50,26465.8
20240705_huesca,aragon,huesca,7,0,0,26.6,220,30,6359.7
20240705_teruel,aragon,teruel,7,0,0,25.0,130,20,3127.1
20240705_badajoz,extremadura,badajoz,7,0,0,26.7,670,22,17923.0
20240705_caceres,extremadura,caceres,7,0,0,27.6,390,18,10961.0
20240705_asturias,asturias,asturias,7,0,0,18.8,1010,45,22650.7
20240705_baleares,baleares,baleares,7,0,0,24.9,1200,15,26367.1
20240705_cantabria,cantabria,cantabria,7,0,0,18.0,580,35,14086.8
20240705_madrid_prov,madrid,madrid_prov,7,0,0,22.7,6700,55,197111.7
20240705_murcia,murcia,murcia,7,0,0,24.7,1550,40,43068.2
20240705_navarra,navarra,navarra,7,0,0,25.4,660,55,20541.3
20240705_la_rioja,la_rioja,la_rioja,7,0,0,21.3,320,40,7527.5
20240707_sevilla,andalucia,sevilla,7,1,0,26.2,1950,55,62977.3
20240707_malaga,andalucia,malaga,7,1,0,26.7,1700,40,49528.9
20240707_cadiz,andalucia,cadiz,7,1,0,25.5,1240,50,32242.8
20240707_cordoba,andalucia,cordoba,7,1,0,27.1,780,35,20040.6
20240707_granada,andalucia,granada,7,1,0,29.5,915,30,26794.6
20240707_jaen,andalucia,jaen,7,1,0,25.9,610,25,14609.7
20240707_almeria,andalucia,almeria,7,1,0,26.6,730,45,19798.1
20240707_huelva,andalucia,huelva,7,1,0,30.3,525,40,18214.6
20240707_barcelona,cataluna,barcelona,7,1,0,23.6,5700,85,183237.1
20240707_tarragona,cataluna,tarragona,7,1,0,24.9,830,70,26901.9
20240707_girona,cataluna,girona,7,1,0,22.7,780,55,19438.5
20240707_lleida,cataluna,lleida,7,1,0,23.6,430,45,10894.6
20240707_valencia,valenciana,valencia,7,1,0,23.8,2650,65,84107.8
20240707_alicante,valenciana,alicante,7,1,0,24.3,1950,55,53663.2
20240707_castellon,valenciana,castellon,7,1,0,23.8,580,60,15055.7
20240707_a_coruna,galicia,a_coruna,7,1,0,17.7,1120,40,21319.4
20240707_pontevedra,galicia,pontevedra,7,1,0,18.4,945,45,18754.6
20240707_lugo,galicia,lugo,7,1,0,19.9,320,25,5465.3
20240707_ourense,galicia,ourense,7,1,0,17.7,305,25,5209.7
20240707_valladolid,castilla_y_leon,valladolid,7,1,0,22.8,520,45,12319.5
20240707_leon,castilla_y_leon,leon,7,1,0,21.2,440,30,7914.0
20240707_burgos,castilla_y_leon,burgos,7,1,0,19.8,360,40,6863.2
20240707_salamanca,castilla_y_leon,salamanca,7,1,0,23.2,330,25,6782.2
20240707_palencia,castilla_y_leon,palencia,7,1,0,20.2,155,30,2824.1
20240707_zamora,castilla_y_leon,zamora,7,1,0,20.2,165,20,2684.9
20240707_avila,castilla_y_leon,avila,7,1,0,22.0,155,20,2755.5
20240707_segovia,castilla_y_leon,segovia,7,1,0,24.3,150,20,3220.5
20240707_soria,castilla_y_leon,soria,7,1,0,23.2,90,20,1771.7
20240707_vizcaya,pais_vasco,vizcaya,7,1,0,19.8,1150,85,33378.3
20240707_guipuzcoa,pais_vasco,guipuzcoa,7,1,0,19.9,715,80,21221.8
20240707_alava,pais_vasco,alava,7,1,0,21.0,335,70,8937.3
20240707_toledo,castilla_la_mancha,toledo,7,1,0,25.1,730,30,18529.4
20240707_ciudad_real,castilla_la_mancha,ciudad_real,7,1,0,22.9,485,25,10465.5
20240707_albacete,castilla_la_mancha,albacete,7,1,0,24.6,385,25,7753.3
20240707_cuenca,castilla_la_mancha,cuenca,7,1,0,23.8,195,15,3345.7
20240707_guadalajara,castilla_la_mancha,guadalajara,7,1,0,25.8,255,30,5899.3
20240707_las_palmas,canarias,las_palmas,7,1,0,24.2,1150,20,24407.9
20240707_santa_cruz_tenerife,canarias,santa_cruz_tenerife,7,1,0,23.0,1020,20,18972.8
20240707_zaragoza,aragon,zaragoza,7,1,0,22.1,980,50,22728.0
20240707_huesca,aragon,huesca,7,1,0,27.5,220,30,6246.1
20240707_teruel,aragon,teruel,7,1,0,23.5,130,20,2436.6
20240707_badajoz,extremadura,badajoz,7,1,0,26.3,670,22,15739.3
20240707_caceres,extremadura,caceres,7,1,0,25.8,390,18,8665.3
20240707_asturias,asturias,asturias,7,1,0,17.1,1010,45,20139.3
20240707_baleares,baleares,baleares,7,1,0,24.9,1200,15,22483.3
20240707_cantabria,cantabria,cantabria,7,1,0,19.5,580,35,11211.9
20240707_madrid_prov,madrid,madrid_prov,7,1,0,22.3,6700,55,167436.9
20240707_murcia,murcia,murcia,7,1,0,23.6,1550,40,37485.3
20240707_navarra,navarra,navarra,7,1,0,21.5,660,55,17444.7
20240707_la_rioja,la_rioja,la_rioja,7,1,0,23.9,320,40,7219.8
20240709_sevilla,andalucia,sevilla,7,0,0,24.6,1950,55,58324.3
20240709_malaga,andalucia,malaga,7,0,0,25.7,1700,40,54922.5
20240709_cadiz,andalucia,cadiz,7,0,0,27.4,1240,50,46597.4
20240709_cordoba,andalucia,cordoba,7,0,0,27.0,780,35,23806.4
20240709_granada,andalucia,granada,7,0,0,27.4,915,30,29154.6
20240709_jaen,andalucia,jaen,7,0,0,27.9,610,25,17199.4
20240709_almeria,andalucia,almeria,7,0,0,29.7,730,45,29209.3
20240709_huelva,andalucia,huelva,7,0,0,26.8,525,40,14425.3
20240709_barcelona,cataluna,barcelona,7,0,0,24.8,5700,85,221277.9
20240709_tarragona,cataluna,tarragona,7,0,0,24.1,830,70,27303.1
20240709_girona,cataluna,girona,7,0,0,23.1,780,55,21958.3
20240709_lleida,cataluna,lleida,7,0,0,24.6,430,45,12730.1
20240709_valencia,valenciana,valencia,7,0,0,25.1,2650,65,95749.0
20240709_alicante,valenciana,alicante,7,0,0,25.3,1950,55,61708.7
20240709_castellon,valenciana,castellon,7,0,0,25.7,580,60,18705.8
20240709_a_coruna,galicia,a_coruna,7,0,0,19.3,1120,40,23221.2
20240709_pontevedra,galicia,pontevedra,7,0,0,17.5,945,45,19793.2
20240709_lugo,galicia,lugo,7,0,0,18.7,320,25,6728.3
20240709_ourense,galicia,ourense,7,0,0,18.8,305,25,6114.6
20240709_valladolid,castilla_y_leon,valladolid,7,0,0,24.7,520,45,15333.3
20240709_leon,castilla_y_leon,leon,7,0,0,20.4,440,30,8918.7
20240709_burgos,castilla_y_leon,burgos,7,0,0,21.4,360,40,8241.9
20240709_salamanca,castilla_y_leon,salamanca,7,0,0,20.7,330,25,6965.3
20240709_palencia,castilla_y_leon,palencia,7,0,0,22.9,155,30,3274.6
20240709_zamora,castilla_y_leon,zamora,7,0,0,20.3,165,20,3051.0
20240709_avila,castilla_y_leon,avila,7,0,0,22.3,155,20,3321.9
20240709_segovia,castilla_y_leon,segovia,7,0,0,25.2,150,20,3467.7
20240709_soria,castilla_y_leon,soria,7,0,0,20.8,90,20,1781.3
20240709_vizcaya,pais_vasco,vizcaya,7,0,0,19.5,1150,85,35528.7
20240709_guipuzcoa,pais_vasco,guipuzcoa,7,0,0,19.9,715,80,19039.9
20240709_alava,pais_vasco,alava,7,0,0,20.6,335,70,9608.4
20240709_toledo,castilla_la_mancha,toledo,7,0,0,26.7,730,30,20999.5
20240709_ciudad_real,castilla_la_mancha,ciudad_real,7,0,0,23.2,485,25,10624.7
20240709_albacete,castilla_la_mancha,albacete,7,0,0,22.0,385,25,7627.5
20240709_cuenca,castilla_la_mancha,cuenca,7,0,0,25.8,195,15,4490.1
20240709_guadalajara,castilla_la_mancha,guadalajara,7,0,0,26.2,255,30,6433.4
20240709_las_palmas,canarias,las_palmas,7,0,0,23.6,1150,20,24269.8
20240709_santa_cruz_tenerife,canarias,santa_cruz_tenerife,7,0,0,25.3,1020,20,25117.7
20240709_zaragoza,aragon,zaragoza,7,0,0,24.8,980,50,32044.1
20240709_huesca,aragon,huesca,7,0,0,23.4,220,30,5543.1
20240709_teruel,aragon,teruel,7,0,0,22.5,130,20,2514.7
20240709_badajoz,extremadura,badajoz,7,0,0,27.5,670,22,17442.2
20240709_caceres,extremadura,caceres,7,0,0,27.2,390,18,10373.8
20240709_asturias,asturias,asturias,7,0,0,20.0,1010,45,23797.9
20240709_baleares,baleares,baleares,7,0,0,24.5,1200,15,26517.8
20240709_cantabria,cantabria,cantabria,7,0,0,17.5,580,35,11907.3
20240709_madrid_prov,madrid,madrid_prov,7,0,0,25.6,6700,55,220677.4
20240709_murcia,murcia,murcia,7,0,0,25.4,1550,40,44511.0
20240709_navarra,navarra,navarra,7,0,0,24.2,660,55,19548.9
20240709_la_rioja,la_rioja,la_rioja,7,0,0,21.8,320,40,7032.1
20240711_sevilla,andalucia,sevilla,7,0,0,27.4,1950,55,75041.0
20240711_malaga,andalucia,malaga,7,0,0,28.6,1700,40,61558.8
20240711_cadiz,andalucia,cadiz,7,0,0,28.8,1240,50,50896.5
20240711_cordoba,andalucia,cordoba,7,0,0,29.0,780,35,29051.3
20240711_granada,andalucia,granada,7,0,0,29.7,915,30,32202.3
20240711_jaen,andalucia,jaen,7,0,0,25.6,610,25,16087.8
20240711_almeria,andalucia,almeria,7,0,0,28.6,730,45,29488.5
20240711_huelva,andalucia,huelva,7,0,0,29.3,525,40,21804.0
20240711_barcelona,cataluna,barcelona,7,0,0,24.8,5700,85,222801.5
20240711_tarragona,cataluna,tarragona,7,0,0,22.0,830,70,25608.6
20240711_girona,cataluna,girona,7,0,0,23.2,780,55,22673.1
20240711_lleida,cataluna,lleida,7,0,0,24.0,430,45,12238.7
20240711_valencia,valenciana,valencia,7,0,0,25.3,2650,65,96954.3
20240711_alicante,valenciana,alicante,7,0,0,21.7,1950,55,52928.2
20240711_castellon,valenciana,castellon,7,0,0,27.2,580,60,24185.1
20240711_a_coruna,galicia,a_coruna,7,0,0,20.0,1120,40,27638.9
20240711_pontevedra,galicia,pontevedra,7,0,0,19.2,945,45,22050.2
20240711_lugo,galicia,lugo,7,0,0,19.7,320,25,6290.6
20240711_ourense,galicia,ourense,7,0,0,17.9,305,25,5750.6
20240711_valladolid,castilla_y_leon,valladolid,7,0,0,19.9,520,45,12603.3
20240711_leon,castilla_y_leon,leon,7,0,0,21.5,440,30,9355.0
20240711_burgos,castilla_y_leon,burgos,7,0,0,20.7,360,40,8515.5
20240711_salamanca,castilla_y_leon,salamanca,7,0,0,22.6,330,25,6722.8
20240711_palencia,castilla_y_leon,palencia,7,0,0,19.7,155,30,3349.6
20240711_zamora,castilla_y_leon,zamora,7,0,0,19.5,165,20,3160.4
20240711_avila,castilla_y_leon,avila,7,0,0,23.7,155,20,3650.3
20240711_segovia,castilla_y_leon,segovia,7,0,0,22.5,150,20,3177.3
20240711_soria,castilla_y_leon,soria,7,0,0,24.6,90,20,1828.3
20240711_vizcaya,pais_vasco,vizcaya,7,0,0,19.8,1150,85,37552.2
20240711_guipuzcoa,pais_vasco,guipuzcoa,7,0,0,20.0,715,80,23158.7
20240711_alava,pais_vasco,alava,7,0,0,20.4,335,70,9707.1
20240711_toledo,castilla_la_mancha,toledo,7,0,0,24.6,730,30,17870.1
20240711_ciudad_real,castilla_la_mancha,ciudad_real,7,0,0,24.2,485,25,11520.6
20240711_albacete,castilla_la_mancha,albacete,7,0,0,23.9,385,25,9297.2
20240711_cuenca,castilla_la_mancha,cuenca,7,0,0,25.9,195,15,4821.9
20240711_guadalajara,castilla_la_mancha,guadalajara,7,0,0,23.4,255,30,5511.4
20240711_las_palmas,canarias,las_palmas,7,0,0,24.0,1150,20,29269.8
20240711_santa_cruz_tenerife,canarias,santa_cruz_tenerife,7,0,0,25.8,1020,20,24298.0
20240711_zaragoza,aragon,zaragoza,7,0,0,24.6,980,50,30279.5
20240711_huesca,aragon,huesca,7,0,0,22.1,220,30,5212.7
20240711_teruel,aragon,teruel,7,0,0,23.7,130,20,2810.9
20240711_badajoz,extremadura,badajoz,7,0,0,26.5,670,22,18613.9
20240711_caceres,extremadura,caceres,7,0,0,25.4,390,18,8399.7
20240711_asturias,asturias,asturias,7,0,0,18.9,1010,45,21203.5
20240711_baleares,baleares,baleares,7,0,0,24.1,1200,15,26698.3
20240711_cantabria,cantabria,cantabria,7,0,0,19.3,580,35,13099.8
20240711_madrid_prov,madrid,madrid_prov,7,0,0,25.8,6700,55,253148.4
20240711_murcia,murcia,murcia,7,0,0,25.2,1550,40,44958.6
20240711_navarra,navarra,navarra,7,0,0,21.4,660,55,18409.8
20240711_la_rioja,la_rioja,la_rioja,7,0,0,22.4,320,40,8556.7
20240713_sevilla,andalucia,sevilla,7,1,0,26.7,1950,55,66989.1
20240713_malaga,andalucia,malaga,7,1,0,28.3,1700,40,53760.0
20240713_cadiz,andalucia,cadiz,7,1,0,28.3,1240,50,42978.0
20240713_cordoba,andalucia,cordoba,7,1,0,28.0,780,35,22859.1
20240713_granada,andalucia,granada,7,1,0,26.5,915,30,22978.3
20240713_jaen,andalucia,jaen,7,1,0,25.1,610,25,14178.1
20240713_almeria,andalucia,almeria,7,1,0,25.8,730,45,20022.0
20240713_huelva,andalucia,huelva,7,1,0,28.4,525,40,17437.9
20240713_barcelona,cataluna,barcelona,7,1,0,21.5,5700,85,167552.9
20240713_tarragona,cataluna,tarragona,7,1,0,24.6,830,70,25941.9
20240713_girona,cataluna,girona,7,1,0,25.9,780,55,22620.9
20240713_lleida,cataluna,lleida,7,1,0,21.1,430,45,9826.0
20240713_valencia,valenciana,valencia,7,1,0,24.7,2650,65,73537.3
20240713_alicante,valenciana,alicante,7,1,0,25.3,1950,55,60316.4
20240713_castellon,valenciana,castellon,7,1,0,23.7,580,60,17993.2
20240713_a_coruna,galicia,a_coruna,7,1,0,17.8,1120,40,22471.0
20240713_pontevedra,galicia,pontevedra,7,1,0,17.3,945,45,19777.5
20240713_lugo,galicia,lugo,7,1,0,18.8,320,25,5190.0
20240713_ourense,galicia,ourense,7,1,0,23.0,305,25,5878.6
20240713_valladolid,castilla_y_leon,valladolid,7,1,0,20.8,520,45,11856.8
20240713_leon,castilla_y_leon,leon,7,1,0,24.0,440,30,10201.9
20240713_burgos,castilla_y_leon,burgos,7,1,0,19.8,360,40,7398.1
20240713_salamanca,castilla_y_leon,salamanca,7,1,0,18.9,330,25,6034.6
20240713_palencia,castilla_y_leon,palencia,7,1,0,19.2,155,30,2741.1
20240713_zamora,castilla_y_leon,zamora,7,1,0,21.5,165,20,2979.8
20240713_avila,castilla_y_leon,avila,7,1,0,21.1,155,20,2917.4
20240713_segovia,castilla_y_leon,segovia,7,1,0,22.5,150,20,2850.7
20240713_soria,castilla_y_leon,soria,7,1,0,19.8,90,20,1650.1
20240713_vizcaya,pais_vasco,vizcaya,7,1,0,19.4,1150,85,35053.1
20240713_guipuzcoa,pais_vasco,guipuzcoa,7,1,0,23.3,715,80,22729.1
20240713_alava,pais_vasco,alava,7,1,0,21.9,335,70,7821.1
20240713_toledo,castilla_la_mancha,toledo,7,1,0,24.7,730,30,17583.3
20240713_ciudad_real,castilla_la_mancha,ciudad_real,7,1,0,26.3,485,25,10942.4
20240713_albacete,castilla_la_mancha,albacete,7,1,0,24.6,385,25,7309.7
20240713_cuenca,castilla_la_mancha,cuenca,7,1,0,25.6,195,15,3664.4
20240713_guadalajara,castilla_la_mancha,guadalajara,7,1,0,26.6,255,30,6937.9
20240713_las_palmas,canarias,las_palmas,7,1,0,23.3,1150,20,22598.8
20240713_santa_cruz_tenerife,canarias,santa_cruz_tenerife,7,1,0,23.7,1020,20,20139.4
20240713_zaragoza,aragon,zaragoza,7,1,0,22.4,980,50,24235.2
20240713_huesca,aragon,huesca,7,1,0,21.7,220,30,3941.7
20240713_teruel,aragon,teruel,7,1,0,23.8,130,20,2526.3
20240713_badajoz,extremadura,badajoz,7,1,0,26.9,670,22,15703.1
20240713_caceres,extremadura,caceres,7,1,0,29.1,390,18,10717.4
20240713_asturias,asturias,asturias,7,1,0,18.8,1010,45,21322.3
20240713_baleares,baleares,baleares,7,1,0,25.9,1200,15,26045.0
20240713_cantabria,cantabria,cantabria,7,1,0,19.1,580,35,11583.0
20240713_madrid_prov,madrid,madrid_prov,7,1,0,22.4,6700,55,153017.4
20240713_murcia,murcia,murcia,7,1,0,25.9,1550,40,41136.3
20240713_navarra,navarra,navarra,7,1,0,22.8,660,55,16776.3
20240713_la_rioja,la_rioja,la_rioja,7,1,0,23.3,320,40,6934.9
20240715_sevilla,andalucia,sevilla,7,0,0,27.5,1950,55,68249.5
20240715_malaga,andalucia,malaga,7,0,0,28.0,1700,40,53389.7
20240715_cadiz,andalucia,cadiz,7,0,0,28.0,1240,50,42982.7
20240715_cordoba,andalucia,cordoba,7,0,0,27.0,780,35,24983.2
20240715_granada,andalucia,granada,7,0,0,27.8,915,30,26168.9
20240715_jaen,andalucia,jaen,7,0,0,26.6,610,25,15356.8
20240715_almeria,andalucia,almeria,7,0,0,25.1,730,45,21739.5
20240715_huelva,andalucia,huelva,7,0,0,28.3,525,40,18838.2
20240715_barcelona,cataluna,barcelona,7,0,0,24.8,5700,85,220165.9
20240715_tarragona,cataluna,tarragona,7,0,0,23.6,830,70,25742.5
20240715_girona,cataluna,girona,7,0,0,23.4,780,55,21195.8
20240715_lleida,cataluna,lleida,7,0,0,22.8,430,45,11270.1
20240715_valencia,valenciana,valencia,7,0,0,25.3,2650,65,107822.6
20240715_alicante,valenciana,alicante,7,0,0,23.6,1950,55,56936.8
20240715_castellon,valenciana,castellon,7,0,0,23.5,580,60,17248.9
20240715_a_coruna,galicia,a_coruna,7,0,0,18.5,1120,40,25965.1
20240715_pontevedra,galicia,pontevedra,7,0,0,18.4,945,45,21676.4
20240715_lugo,galicia,lugo,7,0,0,18.4,320,25,5776.6
20240715_ourense,galicia,ourense,7,0,0,18.1,305,25,5788.9
20240715_valladolid,castilla_y_leon,valladolid,7,0,0,21.6,520,45,13257.8
20240715_leon,castilla_y_leon,leon,7,0,0,21.2,440,30,9305.1
20240715_burgos,castilla_y_leon,burgos,7,0,0,19.1,360,40,8261.3
20240715_salamanca,castilla_y_leon,salamanca,7,0,0,20.5,330,25,6859.2
20240715_palencia,castilla_y_leon,palencia,7,0,0,23.3,155,30,3605.3
20240715_zamora,castilla_y_leon,zamora,7,0,0,20.1,165,20,3104.1
20240715_avila,castilla_y_leon,avila,7,0,0,22.0,155,20,3052.2
20240715_segovia,castilla_y_leon,segovia,7,0,0,20.7,150,20,2952.9
20240715_soria,castilla_y_leon,soria,7,0,0,22.2,90,20,1784.8
20240715_vizcaya,pais_vasco,vizcaya,7,0,0,18.2,1150,85,36165.4
20240715_guipuzcoa,pais_vasco,guipuzcoa,7,0,0,19.4,715,80,21765.5
20240715_alava,pais_vasco,alava,7,0,0,20.7,335,70,8843.5
20240715_toledo,castilla_la_mancha,toledo,7,0,0,25.1,730,30,19430.5
20240715_ciudad_real,castilla_la_mancha,ciudad_real,7,0,0,25.9,485,25,12670.0
20240715_albacete,castilla_la_mancha,albacete,7,0,0,22.2,385,25,8720.7
20240715_cuenca,castilla_la_mancha,cuenca,7,0,0,25.6,195,15,4214.5
20240715_guadalajara,castilla_la_mancha,guadalajara,7,0,0,23.9,255,30,6236.3
20240715_las_palmas,canarias,las_palmas,7,0,0,25.0,1150,20,26132.6
20240715_santa_cruz_tenerife,canarias,santa_cruz_tenerife,7,0,0,25.2,1020,20,21986.2
20240715_zaragoza,aragon,zaragoza,7,0,0,22.5,980,50,23706.7
20240715_huesca,aragon,huesca,7,0,0,22.7,220,30,5410.0
20240715_teruel,aragon,teruel,7,0,0,26.9,130,20,3469.2
20240715_badajoz,extremadura,badajoz,7,0,0,25.6,670,22,16399.1
20240715_caceres,extremadura,caceres,7,0,0,27.2,390,18,9498.3
20240715_asturias,asturias,asturias,7,0,0,17.7,1010,45,25123.5
20240715_baleares,baleares,baleares,7,0,0,23.0,1200,15,22979.4
20240715_cantabria,cantabria,cantabria,7,0,0,18.5,580,35,12515.1
20240715_madrid_prov,madrid,madrid_prov,7,0,0,24.1,6700,55,203149.8
20240715_murcia,murcia,murcia,7,0,0,26.9,1550,40,54288.9
20240715_navarra,navarra,navarra,7,0,0,21.8,660,55,17817.1
20240715_la_rioja,la_rioja,la_rioja,7,0,0,24.6,320,40,8583.4
20240717_sevilla,andalucia,sevilla,7,0,0,25.6,1950,55,65327.0
20240717_malaga,andalucia,malaga,7,0,0,29.0,1700,40,63997.1
20240717_cadiz,andalucia,cadiz,7,0,0,27.4,1240,50,41177.7
20240717_cordoba,andalucia,cordoba,7,0,0,27.4,780,35,26216.7
20240717_granada,andalucia,granada,7,0,0,25.8,915,30,24433.6
20240717_jaen,andalucia,jaen,7,0,0,27.0,610,25,16422.1
20240717_almeria,andalucia,almeria,7,0,0,27.8,730,45,26477.9
20240717_huelva,andalucia,huelva,7,0,0,28.1,525,40,17324.8
20240717_barcelona,cataluna,barcelona,7,0,0,21.7,5700,85,190806.9
20240717_tarragona,cataluna,tarragona,7,0,0,23.3,830,70,29278.0
20240717_girona,cataluna,girona,7,0,0,26.6,780,55,30423.9
20240717_lleida,cataluna,lleida,7,0,0,22.7,430,45,11472.1
20240717_valencia,valenciana,valencia,7,0,0,26.7,2650,65,105127.9
20240717_alicante,valenciana,alicante,7,0,0,25.0,1950,55,66085.1
20240717_castellon,valenciana,castellon,7,0,0,25.5,580,60,19861.1
20240717_a_coruna,galicia,a_coruna,7,0,0,16.8,1120,40,25857.6
20240717_pontevedra,galicia,pontevedra,7,0,0,18.6,945,45,22431.9
20240717_lugo,galicia,lugo,7,0,0,19.3,320,25,6307.2
20240717_ourense,galicia,ourense,7,0,0,18.9,305,25,6166.4
20240717_valladolid,castilla_y_leon,valladolid,7,0,0,21.2,520,45,11826.4
20240717_leon,castilla_y_leon,leon,7,0,0,22.3,440,30,9444.9
20240717_burgos,castilla_y_leon,burgos,7,0,0,19.6,360,40,7703.8
20240717_salamanca,castilla_y_leon,salamanca,7,0,0,21.9,330,25,6882.9
20240717_palencia,castilla_y_leon,palencia,7,0,0,18.5,155,30,3090.2
20240717_zamora,castilla_y_leon,zamora,7,0,0,23.1,165,20,3397.8
20240717_avila,castilla_y_leon,avila,7,0,0,21.3,155,20,3180.2
20240717_segovia,castilla_y_leon,segovia,7,0,0,22.6,150,20,3243.6
20240717_soria,castilla_y_leon,soria,7,0,0,17.6,90,20,1807.0
20240717_vizcaya,pais_vasco,vizcaya,7,0,0,21.4,1150,85,42496.7
20240717_guipuzcoa,pais_vasco,guipuzcoa,7,0,0,19.4,715,80,19709.3
20240717_alava,pais_vasco,alava,7,0,0,20.5,335,70,9532.9
20240717_toledo,castilla_la_mancha,toledo,7,0,0,25.9,730,30,21015.0
20240717_ciudad_real,castilla_la_mancha,ciudad_real,7,0,0,24.9,485,25,11679.7
20240717_albacete,castilla_la_mancha,albacete,7,0,0,25.7,385,25,9768.7
20240717_cuenca,castilla_la_mancha,cuenca,7,0,0,24.5,195,15,4421.3
20240717_guadalajara,castilla_la_mancha,guadalajara,7,0,0,26.8,255,30,7769.3
20240717_las_palmas,canarias,las_palmas,7,0,0,23.8,1150,20,22481.8
20240717_santa_cruz_tenerife,canarias,santa_cruz_tenerife,7,0,0,23.8,1020,20,21398.9
20240717_zaragoza,aragon,zaragoza,7,0,0,23.8,980,50,27075.6
20240717_huesca,aragon,huesca,7,0,0,24.0,220,30,5068.9
20240717_teruel,aragon,teruel,7,0,0,22.2,130,20,2789.4
20240717_badajoz,extremadura,badajoz,7,0,0,25.1,670,22,16106.6
20240717_caceres,extremadura,caceres,7,0,0,27.8,390,18,11266.7
20240717_asturias,asturias,asturias,7,0,0,19.6,1010,45,24067.9
20240717_baleares,baleares,baleares,7,0,0,25.5,1200,15,29383.3
20240717_cantabria,cantabria,cantabria,7,0,0,19.1,580,35,11313.5
20240717_madrid_prov,madrid,madrid_prov,7,0,0,24.3,6700,55,211109.9
20240717_murcia,murcia,murcia,7,0,0,25.1,1550,40,47699.4
20240717_navarra,navarra,navarra,7,0,0,21.9,660,55,17991.0
20240717_la_rioja,la_rioja,la_rioja,7,0,0,24.1,320,40,8463.7
20240719_sevilla,andalucia,sevilla,7,0,0,27.7,1950,55,77672.9
20240719_malaga,andalucia,malaga,7,0,0,25.4,1700,40,48465.3
20240719_cadiz,andalucia,cadiz,7,0,0,28.6,1240,50,48650.3
20240719_cordoba,andalucia,cordoba,7,0,0,29.5,780,35,26529.0
20240719_granada,andalucia,granada,7,0,0,25.1,915,30,24676.3
20240719_jaen,andalucia,jaen,7,0,0,28.7,610,25,19042.0
20240719_almeria,andalucia,almeria,7,0,0,28.0,730,45,27265.8
20240719_huelva,andalucia,huelva,7,0,0,26.3,525,40,15554.1
20240719_barcelona,cataluna,barcelona,7,0,0,24.3,5700,85,222671.2
20240719_tarragona,cataluna,tarragona,7,0,0,22.4,830,70,25306.2
20240719_girona,cataluna,girona,7,0,0,23.6,780,55,23436.6
20240719_lleida,cataluna,lleida,7,0,0,24.0,430,45,11583.0
20240719_valencia,valenciana,valencia,7,0,0,27.2,2650,65,102073.4
20240719_alicante,valenciana,alicante,7,0,0,25.1,1950,55,57514.3
20240719_castellon,valenciana,castellon,7,0,0,24.5,580,60,19047.3
20240719_a_coruna,galicia,a_coruna,7,0,0,19.4,1120,40,25903.3
20240719_pontevedra,galicia,pontevedra,7,0,0,19.8,945,45,24688.9
20240719_lugo,galicia,lugo,7,0,0,17.9,320,25,5709.0
20240719_ourense,galicia,ourense,7,0,0,17.5,305,25,5703.5
20240719_valladolid,castilla_y_leon,valladolid,7,0,0,20.1,520,45,12388.2
20240719_leon,castilla_y_leon,leon,7,0,0,23.2,440,30,11098.1
20240719_burgos,castilla_y_leon,burgos,7,0,0,22.2,360,40,9749.8
20240719_salamanca,castilla_y_leon,salamanca,7,0,0,21.0,330,25,6171.5
20240719_palencia,castilla_y_leon,palencia,7,0,0,23.0,155,30,3257.0
20240719_zamora,castilla_y_leon,zamora,7,0,0,20.4,165,20,3216.1
20240719_avila,castilla_y_leon,avila,7,0,0,21.3,155,20,2997.5
20240719_segovia,castilla_y_leon,segovia,7,0,0,19.8,150,20,2808.7
20240719_soria,castilla_y_leon,soria,7,0,0,22.9,90,20,1875.0
20240719_vizcaya,pais_vasco,vizcaya,7,0,0,19.3,1150,85,33526.8
20240719_guipuzcoa,pais_vasco,guipuzcoa,7,0,0,19.4,715,80,21936.7
20240719_alava,pais_vasco,alava,7,0,0,21.0,335,70,9410.5
20240719_toledo,castilla_la_mancha,toledo,7,0,0,21.9,730,30,16385.8
20240719_ciudad_real,castilla_la_mancha,ciudad_real,7,0,0,23.7,485,25,11461.6
20240719_albacete,castilla_la_mancha,albacete,7,0,0,23.9,385,25,8456.6
20240719_cuenca,castilla_la_mancha,cuenca,7,0,0,25.2,195,15,4918.0
20240719_guadalajara,castilla_la_mancha,guadalajara,7,0,0,26.0,255,30,7058.2
20240719_las_palmas,canarias,las_palmas,7,0,0,24.5,1150,20,23880.9
20240719_santa_cruz_tenerife,canarias,santa_cruz_tenerife,7,0,0,22.4,1020,20,18330.6
20240719_zaragoza,aragon,zaragoza,7,0,0,26.4,980,50,35380.5
20240719_huesca,aragon,huesca,7,0,0,24.5,220,30,5549.8
20240719_teruel,aragon,teruel,7,0,0,21.8,130,20,2554.3
20240719_badajoz,extremadura,badajoz,7,0,0,29.0,670,22,21076.8
20240719_caceres,extremadura,caceres,7,0,0,25.7,390,18,8529.1
20240719_asturias,asturias,asturias,7,0,0,20.4,1010,45,24042.8
20240719_baleares,baleares,baleares,7,0,0,22.0,1200,15,21775.5
20240719_cantabria,cantabria,cantabria,7,0,0,16.7,580,35,12353.3
20240719_madrid_prov,madrid,madrid_prov,7,0,0,25.3,6700,55,211181.7
20240719_murcia,murcia,murcia,7,0,0,27.1,1550,40,50173.4
20240719_navarra,navarra,navarra,7,0,0,23.5,660,55,18905.8
20240719_la_rioja,la_rioja,la_rioja,7,0,0,26.7,320,40,9809.3
20240721_sevilla,andalucia,sevilla,7,1,0,26.2,1950,55,57171.9
20240721_malaga,andalucia,malaga,7,1,0,27.2,1700,40,45554.2
20240721_cadiz,andalucia,cadiz,7,1,0,27.9,1240,50,37547.5
20240721_cordoba,andalucia,cordoba,7,1,0,27.7,780,35,21133.4
20240721_granada,andalucia,granada,7,1,0,26.9,915,30,24776.0
20240721_jaen,andalucia,jaen,7,1,0,30.7,610,25,18972.1
20240721_almeria,andalucia,almeria,7,1,0,27.3,730,45,21565.4
20240721_huelva,andalucia,huelva,7,1,0,26.2,525,40,13899.2
20240721_barcelona,cataluna,barcelona,7,1,0,25.1,5700,85,196727.0
20240721_tarragona,cataluna,tarragona,7,1,0,27.1,830,70,30982.7
20240721_girona,cataluna,girona,7,1,0,22.5,780,55,19222.8
20240721_lleida,cataluna,lleida,7,1,0,22.8,430,45,10522.6
20240721_valencia,valenciana,valencia,7,1,0,23.2,2650,65,68915.8
20240721_alicante,valenciana,alicante,7,1,0,24.6,1950,55,56488.3
20240721_castellon,valenciana,castellon,7,1,0,27.2,580,60,21290.0
20240721_a_coruna,galicia,a_coruna,7,1,0,19.7,1120,40,22638.7
20240721_pontevedra,galicia,pontevedra,7,1,0,20.1,945,45,19032.9
20240721_lugo,galicia,lugo,7,1,0,16.4,320,25,5775.1
20240721_ourense,galicia,ourense,7,1,0,17.6,305,25,5298.3
20240721_valladolid,castilla_y_leon,valladolid,7,1,0,21.6,520,45,11756.6
20240721_leon,castilla_y_leon,leon,7,1,0,22.8,440,30,9425.4
20240721_burgos,castilla_y_leon,burgos,7,1,0,21.7,360,40,7570.7
20240721_salamanca,castilla_y_leon,salamanca,7,1,0,21.6,330,25,5975.6
20240721_palencia,castilla_y_leon,palencia,7,1,0,21.2,155,30,3406.5
20240721_zamora,castilla_y_leon,zamora,7,1,0,21.7,165,20,3005.5
20240721_avila,castilla_y_leon,avila,7,1,0,20.5,155,20,2791.0
20240721_segovia,castilla_y_leon,segovia,7,1,0,22.5,150,20,2870.5
20240721_soria,castilla_y_leon,soria,7,1,0,21.8,90,20,1690.9
20240721_vizcaya,pais_vasco,vizcaya,7,1,0,22.3,1150,85,35467.8
20240721_guipuzcoa,pais_vasco,guipuzcoa,7,1,0,20.3,715,80,20630.8
20240721_alava,pais_vasco,alava,7,1,0,19.2,335,70,8175.9
20240721_toledo,castilla_la_mancha,toledo,7,1,0,24.9,730,30,15401.6
20240721_ciudad_real,castilla_la_mancha,ciudad_real,7,1,0,26.1,485,25,10959.4
20240721_albacete,castilla_la_mancha,albacete,7,1,0,24.3,385,25,8076.4
20240721_cuenca,castilla_la_mancha,cuenca,7,1,0,25.0,195,15,3822.8
20240721_guadalajara,castilla_la_mancha,guadalajara,7,1,0,24.9,255,30,5845.0
20240721_las_palmas,canarias,las_palmas,7,1,0,23.4,1150,20,21211.4
20240721_santa_cruz_tenerife,canarias,santa_cruz_tenerife,7,1,0,25.5,1020,20,19902.6
20240721_zaragoza,aragon,zaragoza,7,1,0,23.7,980,50,24421.2
20240721_huesca,aragon,huesca,7,1,0,24.5,220,30,4615.8
20240721_teruel,aragon,teruel,7,1,0,23.3,130,20,2466.6
20240721_badajoz,extremadura,badajoz,7,1,0,28.0,670,22,17783.5
20240721_caceres,extremadura,caceres,7,1,0,24.8,390,18,7740.2
20240721_asturias,asturias,asturias,7,1,0,19.7,1010,45,20130.6
20240721_baleares,baleares,baleares,7,1,0,24.4,1200,15,23024.3
20240721_cantabria,cantabria,cantabria,7,1,0,17.9,580,35,12689.2
20240721_madrid_prov,madrid,madrid_prov,7,1,0,24.4,6700,55,188960.5
20240721_murcia,murcia,murcia,7,1,0,24.9,1550,40,40092.0
20240721_navarra,navarra,navarra,7,1,0,23.2,660,55,16572.4
20240721_la_rioja,la_rioja,la_rioja,7,1,0,22.4,320,40,6757.2
20240723_sevilla,andalucia,sevilla,7,0,0,25.8,1950,55,68744.1
20240723_malaga,andalucia,malaga,7,0,0,26.7,1700,40,47204.5
20240723_cadiz,andalucia,cadiz,7,0,0,29.9,1240,50,51045.2
20240723_cordoba,andalucia,cordoba,7,0,0,27.1,780,35,26147.2
20240723_granada,andalucia,granada,7,0,0,27.2,915,30,27046.5
20240723_jaen,andalucia,jaen,7,0,0,25.7,610,25,14427.8
20240723_almeria,andalucia,almeria,7,0,0,27.2,730,45,25201.0
20240723_huelva,andalucia,huelva,7,0,0,27.9,525,40,17449.8
20240723_barcelona,cataluna,barcelona,7,0,0,24.0,5700,85,191024.2
20240723_tarragona,cataluna,tarragona,7,0,0,24.6,830,70,28882.3
20240723_girona,cataluna,girona,7,0,0,26.7,780,55,27661.5
20240723_lleida,cataluna,lleida,7,0,0,22.6,430,45,11086.6
20240723_valencia,valenciana,valencia,7,0,0,25.0,2650,65,92481.8
20240723_alicante,valenciana,alicante,7,0,0,25.5,1950,55,59927.7
20240723_castellon,valenciana,castellon,7,0,0,23.1,580,60,17496.6
20240723_a_coruna,galicia,a_coruna,7,0,0,20.9,1120,40,26101.9
20240723_pontevedra,galicia,pontevedra,7,0,0,20.1,945,45,23559.2
20240723_lugo,galicia,lugo,7,0,0,19.3,320,25,6001.1
20240723_ourense,galicia,ourense,7,0,0,19.2,305,25,6319.4
20240723_valladolid,castilla_y_leon,valladolid,7,0,0,22.2,520,45,13679.6
20240723_leon,castilla_y_leon,leon,7,0,0,20.8,440,30,9212.0
20240723_burgos,castilla_y_leon,burgos,7,0,0,21.2,360,40,8431.4
20240723_salamanca,castilla_y_leon,salamanca,7,0,0,23.1,330,25,6473.4
20240723_palencia,castilla_y_leon,palencia,7,0,0,21.5,155,30,3339.2
20240723_zamora,castilla_y_leon,zamora,7,0,0,19.5,165,20,3177.6
20240723_avila,castilla_y_leon,avila,7,0,0,20.4,155,20,2889.8
20240723_segovia,castilla_y_leon,segovia,7,0,0,24.0,150,20,3477.7
20240723_soria,castilla_y_leon,soria,7,0,0,22.2,90,20,1852.7
20240723_vizcaya,pais_vasco,vizcaya,7,0,0,20.2,1150,85,40111.0
20240723_guipuzcoa,pais_vasco,guipuzcoa,7,0,0,21.6,715,80,21947.5
20240723_alava,pais_vasco,alava,7,0,0,18.5,335,70,9622.7
20240723_toledo,castilla_la_mancha,toledo,7,0,0,24.8,730,30,17335.5
20240723_ciudad_real,castilla_la_mancha,ciudad_real,7,0,0,25.5,485,25,12129.7
20240723_albacete,castilla_la_mancha,albacete,7,0,0,25.7,385,25,10067.9
20240723_cuenca,castilla_la_mancha,cuenca,7,0,0,24.1,195,15,4220.8
20240723_guadalajara,castilla_la_mancha,guadalajara,7,0,0,24.2,255,30,6139.9
20240723_las_palmas,canarias,las_palmas,7,0,0,23.2,1150,20,25749.7
20240723_santa_cruz_tenerife,canarias,santa_cruz_tenerife,7,0,0,23.6,1020,20,23537.2
20240723_zaragoza,aragon,zaragoza,7,0,0,26.4,980,50,31608.0
20240723_huesca,aragon,huesca,7,0,0,19.8,220,30,4790.3
20240723_teruel,aragon,teruel,7,0,0,23.4,130,20,2662.4
20240723_badajoz,extremadura,badajoz,7,0,0,25.6,670,22,16226.9
20240723_caceres,extremadura,caceres,7,0,0,28.2,390,18,11160.9
20240723_asturias,asturias,asturias,7,0,0,20.3,1010,45,24625.9
20240723_baleares,baleares,baleares,7,0,0,24.0,1200,15,24611.7
20240723_cantabria,cantabria,cantabria,7,0,0,19.2,580,35,12946.5
20240723_madrid_prov,madrid,madrid_prov,7,0,0,26.3,6700,55,228488.1
20240723_murcia,murcia,murcia,7,0,0,26.2,1550,40,48454.1
20240723_navarra,navarra,navarra,7,0,0,21.4,660,55,16598.7
20240723_la_rioja,la_rioja,la_rioja,7,0,0,21.3,320,40,7435.3
20240725_sevilla,andalucia,sevilla,7,0,0,28.3,1950,55,82399.9
20240725_malaga,andalucia,malaga,7,0,0,25.5,1700,40,47898.4
20240725_cadiz,andalucia,cadiz,7,0,0,26.9,1240,50,44569.6
20240725_cordoba,andalucia,cordoba,7,0,0,26.6,780,35,22881.7
20240725_granada,andalucia,granada,7,0,0,25.4,915,30,24762.7
20240725_jaen,andalucia,jaen,7,0,0,27.2,610,25,16688.1
20240725_almeria,andalucia,almeria,7,0,0,27.0,730,45,25869.5
20240725_huelva,andalucia,huelva,7,0,0,26.0,525,40,15079.6
20240725_barcelona,cataluna,barcelona,7,0,0,25.6,5700,85,232336.7
20240725_tarragona,cataluna,tarragona,7,0,0,24.8,830,70,29669.2
20240725_girona,cataluna,girona,7,0,0,23.8,780,55,22793.8
20240725_lleida,cataluna,lleida,7,0,0,25.1,430,45,13432.2
20240725_valencia,valenciana,valencia,7,0,0,26.9,2650,65,96676.1
20240725_alicante,valenciana,alicante,7,0,0,27.2,1950,55,70398.4
20240725_castellon,valenciana,castellon,7,0,0,24.3,580,60,18249.3
20240725_a_coruna,galicia,a_coruna,7,0,0,20.1,1120,40,26150.6
20240725_pontevedra,galicia,pontevedra,7,0,0,18.6,945,45,22844.5
20240725_lugo,galicia,lugo,7,0,0,19.1,320,25,6057.4
20240725_ourense,galicia,ourense,7,0,0,17.9,305,25,6022.6
20240725_valladolid,castilla_y_leon,valladolid,7,0,0,21.2,520,45,11885.4
20240725_leon,castilla_y_leon,leon,7,0,0,22.5,440,30,9710.0
20240725_burgos,castilla_y_leon,burgos,7,0,0,23.6,360,40,8729.2
20240725_salamanca,castilla_y_leon,salamanca,7,0,0,21.1,330,25,6492.4
20240725_palencia,castilla_y_leon,palencia,7,0,0,20.0,155,30,3137.3
20240725_zamora,castilla_y_leon,zamora,7,0,0,23.8,165,20,3631.1
20240725_avila,castilla_y_leon,avila,7,0,0,20.3,155,20,2675.0
20240725_segovia,castilla_y_leon,segovia,7,0,0,19.0,150,20,2699.8
20240725_soria,castilla_y_leon,soria,7,0,0,20.5,90,20,1692.4
20240725_vizcaya,pais_vasco,vizcaya,7,0,0,17.2,1150,85,35296.6
20240725_guipuzcoa,pais_vasco,guipuzcoa,7,0,0,21.8,715,80,24976.4
20240725_alava,pais_vasco,alava,7,0,0,17.8,335,70,8977.8
20240725_toledo,castilla_la_mancha,toledo,7,0,0,23.7,730,30,17553.6
20240725_ciudad_real,castilla_la_mancha,ciudad_real,7,0,0,23.1,485,25,11694.1
20240725_albacete,castilla_la_mancha,albacete,7,0,0,24.9,385,25,9350.6
20240725_cuenca,castilla_la_mancha,cuenca,7,0,0,27.1,195,15,4943.3
20240725_guadalajara,castilla_la_mancha,guadalajara,7,0,0,25.4,255,30,6492.7
20240725_las_palmas,canarias,las_palmas,7,0,0,22.0,1150,20,22357.8
20240725_santa_cruz_tenerife,canarias,santa_cruz_tenerife,7,0,0,27.0,1020,20,28026.8
20240725_zaragoza,aragon,zaragoza,7,0,0,24.2,980,50,27310.8
20240725_huesca,aragon,huesca,7,0,0,25.1,220,30,5341.2
20240725_teruel,aragon,teruel,7,0,0,21.7,130,20,2497.8
20240725_badajoz,extremadura,badajoz,7,0,0,29.1,670,22,23205.2
20240725_caceres,extremadura,caceres,7,0,0,25.7,390,18,9027.3
20240725_asturias,asturias,asturias,7,0,0,16.1,1010,45,23914.0
20240725_baleares,baleares,baleares,7,0,0,24.6,1200,15,27054.4
20240725_cantabria,cantabria,cantabria,7,0,0,19.7,580,35,12396.1
20240725_madrid_prov,madrid,madrid_prov,7,0,0,25.6,6700,55,214018.7
20240725_murcia,murcia,murcia,7,0,0,26.6,1550,40,47330.9
20240725_navarra,navarra,navarra,7,0,0,22.5,660,55,18733.9
20240725_la_rioja,la_rioja,la_rioja,7,0,0,22.5,320,40,8202.4
20240727_sevilla,andalucia,sevilla,7,1,0,25.1,1950,55,53313.4
20240727_malaga,andalucia,malaga,7,1,0,27.0,1700,40,45507.7
20240727_cadiz,andalucia,cadiz,7,1,0,26.8,1240,50,37518.3
20240727_cordoba,andalucia,cordoba,7,1,0,29.2,780,35,25310.8
20240727_granada,andalucia,granada,7,1,0,28.8,915,30,27788.7
20240727_jaen,andalucia,jaen,7,1,0,26.6,610,25,15018.9
20240727_almeria,andalucia,almeria,7,1,0,28.3,730,45,25645.8
20240727_huelva,andalucia,huelva,7,1,0,27.1,525,40,14096.4
20240727_barcelona,cataluna,barcelona,7,1,0,21.4,5700,85,165161.4
20240727_tarragona,cataluna,tarragona,7,1,0,20.6,830,70,23611.4
20240727_girona,cataluna,girona,7,1,0,24.7,780,55,21198.3
20240727_lleida,cataluna,lleida,7,1,0,22.3,430,45,10379.8
20240727_valencia,valenciana,valencia,7,1,0,23.8,2650,65,72306.6
20240727_alicante,valenciana,alicante,7,1,0,24.3,1950,55,53765.9
20240727_castellon,valenciana,castellon,7,1,0,26.2,580,60,19745.9
20240727_a_coruna,galicia,a_coruna,7,1,0,20.4,1120,40,23054.5
20240727_pontevedra,galicia,pontevedra,7,1,0,20.3,945,45,19597.3
20240727_lugo,galicia,lugo,7,1,0,16.3,320,25,5468.6
20240727_ourense,galicia,ourense,7,1,0,17.8,305,25,5146.6
20240727_valladolid,castilla_y_leon,valladolid,7,1,0,20.0,520,45,10806.0
20240727_leon,castilla_y_leon,leon,7,1,0,22.2,440,30,9592.5
20240727_burgos,castilla_y_leon,burgos,7,1,0,18.9,360,40,6770.8
20240727_salamanca,castilla_y_leon,salamanca,7,1,0,20.2,330,25,6127.4
20240727_palencia,castilla_y_leon,palencia,7,1,0,21.0,155,30,2866.6
20240727_zamora,castilla_y_leon,zamora,7,1,0,22.3,165,20,3157.4
20240727_avila,castilla_y_leon,avila,7,1,0,21.3,155,20,2608.8
20240727_segovia,castilla_y_leon,segovia,7,1,0,21.7,150,20,2637.3
20240727_soria,castilla_y_leon,soria,7,1,0,21.0,90,20,1522.5
20240727_vizcaya,pais_vasco,vizcaya,7,1,0,21.7,1150,85,34583.4
20240727_guipuzcoa,pais_vasco,guipuzcoa,7,1,0,21.8,715,80,22131.8
20240727_alava,pais_vasco,alava,7,1,0,21.0,335,70,8605.6
20240727_toledo,castilla_la_mancha,toledo,7,1,0,26.2,730,30,18751.7
20240727_ciudad_real,castilla_la_mancha,ciudad_real,7,1,0,28.4,485,25,13711.9
20240727_albacete,castilla_la_mancha,albacete,7,1,0,25.8,385,25,9057.6
20240727_cuenca,castilla_la_mancha,cuenca,7,1,0,24.7,195,15,3758.0
20240727_guadalajara,castilla_la_mancha,guadalajara,7,1,0,25.2,255,30,6144.2
20240727_las_palmas,canarias,las_palmas,7,1,0,25.5,1150,20,25397.3
20240727_santa_cruz_tenerife,canarias,santa_cruz_tenerife,7,1,0,23.3,1020,20,19166.2
20240727_zaragoza,aragon,zaragoza,7,1,0,21.9,980,50,25066.3
20240727_huesca,aragon,huesca,7,1,0,23.0,220,30,4807.0
20240727_teruel,aragon,teruel,7,1,0,24.2,130,20,2645.3
20240727_badajoz,extremadura,badajoz,7,1,0,26.1,670,22,14846.3
20240727_caceres,extremadura,caceres,7,1,0,24.9,390,18,8722.9
20240727_asturias,asturias,asturias,7,1,0,18.6,1010,45,22290.2
20240727_baleares,baleares,baleares,7,1,0,26.3,1200,15,25462.8
20240727_cantabria,cantabria,cantabria,7,1,0,19.0,580,35,11174.6
20240727_madrid_prov,madrid,madrid_prov,7,1,0,23.2,6700,55,171663.7
20240727_murcia,murcia,murcia,7,1,0,26.7,1550,40,42678.0
20240727_navarra,navarra,navarra,7,1,0,21.4,660,55,15662.5
20240727_la_rioja,la_rioja,la_rioja,7,1,0,25.3,320,40,7528.6
20240729_sevilla,andalucia,sevilla,7,0,0,28.0,1950,55,74543.2
20240729_malaga,andalucia,malaga,7,0,0,26.4,1700,40,51527.8
20240729_cadiz,andalucia,cadiz,7,0,0,28.2,1240,50,48687.4
20240729_cordoba,andalucia,cordoba,7,0,0,27.5,780,35,26229.2
20240729_granada,andalucia,granada,7,0,0,29.0,915,30,32307.1
20240729_jaen,andalucia,jaen,7,0,0,26.5,610,25,16900.3
20240729_almeria,andalucia,almeria,7,0,0,28.0,730,45,25069.5
20240729_huelva,andalucia,huelva,7,0,0,25.1,525,40,13421.4
20240729_barcelona,cataluna,barcelona,7,0,0,23.9,5700,85,211548.8
20240729_tarragona,cataluna,tarragona,7,0,0,22.1,830,70,26666.7
20240729_girona,cataluna,girona,7,0,0,24.0,780,55,25015.6
20240729_lleida,cataluna,lleida,7,0,0,24.3,430,45,11490.0
20240729_valencia,valenciana,valencia,7,0,0,25.9,2650,65,99350.6
20240729_alicante,valenciana,alicante,7,0,0,24.5,1950,55,56059.3
20240729_castellon,valenciana,castellon,7,0,0,25.4,580,60,18690.0
20240729_a_coruna,galicia,a_coruna,7,0,0,20.4,1120,40,25141.4
20240729_pontevedra,galicia,pontevedra,7,0,0,21.3,945,45,20820.9
20240729_lugo,galicia,lugo,7,0,0,19.0,320,25,6688.9
20240729_ourense,galicia,ourense,7,0,0,17.6,305,25,5858.4
20240729_valladolid,castilla_y_leon,valladolid,7,0,0,20.7,520,45,12081.1
20240729_leon,castilla_y_leon,leon,7,0,0,21.6,440,30,8954.6
20240729_burgos,castilla_y_leon,burgos,7,0,0,21.1,360,40,8622.3
20240729_salamanca,castilla_y_leon,salamanca,7,0,0,20.9,330,25,6357.6
20240729_palencia,castilla_y_leon,palencia,7,0,0,22.7,155,30,3653.1
20240729_zamora,castilla_y_leon,zamora,7,0,0,19.8,165,20,2893.9
20240729_avila,castilla_y_leon,avila,7,0,0,19.9,155,20,2987.8
20240729_segovia,castilla_y_leon,segovia,7,0,0,21.6,150,20,3076.2
20240729_soria,castilla_y_leon,soria,7,0,0,20.8,90,20,1647.4
20240729_vizcaya,pais_vasco,vizcaya,7,0,0,21.6,1150,85,36831.4
20240729_guipuzcoa,pais_vasco,guipuzcoa,7,0,0,20.6,715,80,20427.2
20240729_alava,pais_vasco,alava,7,0,0,19.5,335,70,9949.9
20240729_toledo,castilla_la_mancha,toledo,7,0,0,23.7,730,30,18194.8
20240729_ciudad_real,castilla_la_mancha,ciudad_real,7,0,0,21.4,485,25,9719.7
20240729_albacete,castilla_la_mancha,albacete,7,0,0,24.5,385,25,9996.8
20240729_cuenca,castilla_la_mancha,cuenca,7,0,0,23.1,195,15,4016.3
20240729_guadalajara,castilla_la_mancha,guadalajara,7,0,0,26.2,255,30,6833.0
20240729_las_palmas,canarias,las_palmas,7,0,0,23.4,1150,20,24703.6
20240729_santa_cruz_tenerife,canarias,santa_cruz_tenerife,7,0,0,21.8,1020,20,19824.4
20240729_zaragoza,aragon,zaragoza,7,0,0,25.5,980,50,31750.2
20240729_huesca,aragon,huesca,7,0,0,23.5,220,30,5238.1
20240729_teruel,aragon,teruel,7,0,0,24.5,130,20,3069.8
20240729_badajoz,extremadura,badajoz,7,0,0,25.4,670,22,17723.0
20240729_caceres,extremadura,caceres,7,0,0,28.1,390,18,11319.1
20240729_asturias,asturias,asturias,7,0,0,17.2,1010,45,22293.2
20240729_baleares,baleares,baleares,7,0,0,23.9,1200,15,24964.0
20240729_cantabria,cantabria,cantabria,7,0,0,15.9,580,35,12938.1
20240729_madrid_prov,madrid,madrid_prov,7,0,0,26.5,6700,55,241697.1
20240729_murcia,murcia,murcia,7,0,0,24.8,1550,40,41571.4
20240729_navarra,navarra,navarra,7,0,0,22.2,660,55,17967.6
20240729_la_rioja,la_rioja,la_rioja,7,0,0,22.9,320,40,8272.9
20240731_sevilla,andalucia,sevilla,7,0,0,28.7,1950,55,75277.7
20240731_malaga,andalucia,malaga,7,0,0,27.5,1700,40,55425.7
20240731_cadiz,andalucia,cadiz,7,0,0,27.0,1240,50,45238.1
20240731_cordoba,andalucia,cordoba,7,0,0,28.5,780,35,28646.3
20240731_granada,andalucia,granada,7,0,0,27.8,915,30,28187.8
20240731_jaen,andalucia,jaen,7,0,0,26.8,610,25,15463.1
20240731_almeria,andalucia,almeria,7,0,0,29.1,730,45,27812.4
20240731_huelva,andalucia,huelva,7,0,0,27.9,525,40,18544.3
20240731_barcelona,cataluna,barcelona,7,0,0,22.0,5700,85,181708.8
20240731_tarragona,cataluna,tarragona,7,0,0,25.9,830,70,31484.3
20240731_girona,cataluna,girona,7,0,0,22.9,780,55,21961.5
20240731_lleida,cataluna,lleida,7,0,0,25.2,430,45,13420.1
20240731_valencia,valenciana,valencia,7,0,0,23.2,2650,65,88845.4
20240731_alicante,valenciana,alicante,7,0,0,26.6,1950,55,68048.8
20240731_castellon,valenciana,castellon,7,0,0,23.6,580,60,18583.8
20240731_a_coruna,galicia,a_coruna,7,0,0,19.5,1120,40,23384.6
20240731_pontevedra,galicia,pontevedra,7,0,0,18.5,945,45,25601.0
20240731_lugo,galicia,lugo,7,0,0,18.8,320,25,5987.7
20240731_ourense,galicia,ourense,7,0,0,17.4,305,25,6459.8
20240731_valladolid,castilla_y_leon,valladolid,7,0,0,22.3,520,45,14236.9
20240731_leon,castilla_y_leon,leon,7,0,0,21.5,440,30,10141.3
20240731_burgos,castilla_y_leon,burgos,7,0,0,19.9,360,40,8222.3
20240731_salamanca,castilla_y_leon,salamanca,7,0,0,21.5,330,25,7311.3
20240731_palencia,castilla_y_leon,palencia,7,0,0,21.6,155,30,3263.8
20240731_zamora,castilla_y_leon,zamora,7,0,0,21.2,165,20,2950.9
20240731_avila,castilla_y_leon,avila,7,0,0,17.9,155,20,2972.6
20240731_segovia,castilla_y_leon,segovia,7,0,0,20.6,150,20,2825.6
20240731_soria,castilla_y_leon,soria,7,0,0,22.3,90,20,1955.8
20240731_vizcaya,pais_vasco,vizcaya,7,0,0,21.0,1150,85,40852.6
20240731_guipuzcoa,pais_vasco,guipuzcoa,7,0,0,21.0,715,80,22661.9
20240731_alava,pais_vasco,alava,7,0,0,20.6,335,70,9084.2
20240731_toledo,castilla_la_mancha,toledo,7,0,0,26.0,730,30,17673.4
20240731_ciudad_real,castilla_la_mancha,ciudad_real,7,0,0,23.8,485,25,11129.0
20240731_albacete,castilla_la_mancha,albacete,7,0,0,23.5,385,25,8498.2
20240731_cuenca,castilla_la_mancha,cuenca,7,0,0,27.2,195,15,5266.2
20240731_guadalajara,castilla_la_mancha,guadalajara,7,0,0,23.7,255,30,5944.7
20240731_las_palmas,canarias,las_palmas,7,0,0,22.1,1150,20,23931.1
20240731_santa_cruz_tenerife,canarias,santa_cruz_tenerife,7,0,0,23.5,1020,20,19865.9
20240731_zaragoza,aragon,zaragoza,7,0,0,23.8,980,50,28560.1
20240731_huesca,aragon,huesca,7,0,0,25.0,220,30,5641.4
20240731_teruel,aragon,teruel,7,0,0,23.1,130,20,3021.0
20240731_badajoz,extremadura,badajoz,7,0,0,26.1,670,22,17797.6
20240731_caceres,extremadura,caceres,7,0,0,25.4,390,18,9451.4
20240731_asturias,asturias,asturias,7,0,0,16.3,1010,45,23214.2
20240731_baleares,baleares,baleares,7,0,0,22.6,1200,15,22640.7
20240731_cantabria,cantabria,cantabria,7,0,0,20.1,580,35,12232.9
20240731_madrid_prov,madrid,madrid_prov,7,0,0,25.6,6700,55,239091.7
20240731_murcia,murcia,murcia,7,0,0,25.7,1550,40,47886.9
20240731_navarra,navarra,navarra,7,0,0,22.4,660,55,18402.8
20240731_la_rioja,la_rioja,la_rioja,7,0,0,23.2,320,40,8952.6
20240802_sevilla,andalucia,sevilla,8,0,0,26.2,1950,55,63787.8
20240802_malaga,andalucia,malaga,8,0,0,25.7,1700,40,52498.3
20240802_cadiz,andalucia,cadiz,8,0,0,28.7,1240,50,47330.5
20240802_cordoba,andalucia,cordoba,8,0,0,24.1,780,35,19309.7
20240802_granada,andalucia,granada,8,0,0,27.9,915,30,28419.1
20240802_jaen,andalucia,jaen,8,0,0,27.4,610,25,17027.1
20240802_almeria,andalucia,almeria,8,0,0,28.5,730,45,27647.2
20240802_huelva,andalucia,huelva,8,0,0,27.9,525,40,18102.6
20240802_barcelona,cataluna,barcelona,8,0,0,24.4,5700,85,219082.9
20240802_tarragona,cataluna,tarragona,8,0,0,22.3,830,70,26005.9
20240802_girona,cataluna,girona,8,0,0,24.7,780,55,25848.1
20240802_lleida,cataluna,lleida,8,0,0,24.2,430,45,11490.1
20240802_valencia,valenciana,valencia,8,0,0,24.0,2650,65,83720.0
20240802_alicante,valenciana,alicante,8,0,0,25.4,1950,55,63186.1
20240802_castellon,valenciana,castellon,8,0,0,23.6,580,60,16677.8
20240802_a_coruna,galicia,a_coruna,8,0,0,15.8,1120,40,21822.3
20240802_pontevedra,galicia,pontevedra,8,0,0,18.6,945,45,24602.4
20240802_lugo,galicia,lugo,8,0,0,21.3,320,25,6241.9
20240802_ourense,galicia,ourense,8,0,0,19.0,305,25,5511.7
20240802_valladolid,castilla_y_leon,valladolid,8,0,0,19.2,520,45,11423.4
20240802_leon,castilla_y_leon,leon,8,0,0,20.7,440,30,9208.0
20240802_burgos,castilla_y_leon,burgos,8,0,0,21.4,360,40,8779.9
20240802_salamanca,castilla_y_leon,salamanca,8,0,0,20.6,330,25,6626.4
20240802_palencia,castilla_y_leon,palencia,8,0,0,19.5,155,30,2977.6
20240802_zamora,castilla_y_leon,zamora,8,0,0,18.9,165,20,3150.6
20240802_avila,castilla_y_leon,avila,8,0,0,20.6,155,20,2690.4
20240802_segovia,castilla_y_leon,segovia,8,0,0,20.9,150,20,2716.1
20240802_soria,castilla_y_leon,soria,8,0,0,23.4,90,20,1862.5
20240802_vizcaya,pais_vasco,vizcaya,8,0,0,21.1,1150,85,39349.3
20240802_guipuzcoa,pais_vasco,guipuzcoa,8,0,0,18.9,715,80,21462.2
20240802_alava,pais_vasco,alava,8,0,0,21.0,335,70,9850.1
20240802_toledo,castilla_la_mancha,toledo,8,0,0,25.0,730,30,17616.6
20240802_ciudad_real,castilla_la_mancha,ciudad_real,8,0,0,25.3,485,25,11832.0
20240802_albacete,castilla_la_mancha,albacete,8,0,0,25.0,385,25,9901.0
20240802_cuenca,castilla_la_mancha,cuenca,8,0,0,25.4,195,15,4518.4
20240802_guadalajara,castilla_la_mancha,guadalajara,8,0,0,25.4,255,30,6974.3
20240802_las_palmas,canarias,las_palmas,8,0,0,25.9,1150,20,28439.6
20240802_santa_cruz_tenerife,canarias,santa_cruz_tenerife,8,0,0,24.1,1020,20,23648.7
20240802_zaragoza,aragon,zaragoza,8,0,0,22.8,980,50,24938.1
20240802_huesca,aragon,huesca,8,0,0,24.2,220,30,5360.7
20240802_teruel,aragon,teruel,8,0,0,21.8,130,20,2651.4
20240802_badajoz,extremadura,badajoz,8,0,0,28.0,670,22,18021.2
20240802_caceres,extremadura,caceres,8,0,0,27.5,390,18,9239.4
20240802_asturias,asturias,asturias,8,0,0,17.7,1010,45,25638.4
20240802_baleares,baleares,baleares,8,0,0,23.7,1200,15,24828.5
20240802_cantabria,cantabria,cantabria,8,0,0,19.3,580,35,11420.3
20240802_madrid_prov,madrid,madrid_prov,8,0,0,24.6,6700,55,209056.0
20240802_murcia,murcia,murcia,8,0,0,28.3,1550,40,51031.4
20240802_navarra,navarra,navarra,8,0,0,21.0,660,55,16580.5
20240802_la_rioja,la_rioja,la_rioja,8,0,0,20.6,320,40,7799.2
20240804_sevilla,andalucia,sevilla,8,1,0,27.0,1950,55,61958.3
20240804_malaga,andalucia,malaga,8,1,0,26.3,1700,40,45457.6
20240804_cadiz,andalucia,cadiz,8,1,0,26.3,1240,50,34895.3
20240804_cordoba,andalucia,cordoba,8,1,0,26.6,780,35,20664.3
20240804_granada,andalucia,granada,8,1,0,25.9,915,30,22687.6
20240804_jaen,andalucia,jaen,8,1,0,27.3,610,25,15285.2
20240804_almeria,andalucia,almeria,8,1,0,26.8,730,45,24154.8
20240804_huelva,andalucia,huelva,8,1,0,30.0,525,40,17790.7
20240804_barcelona,cataluna,barcelona,8,1,0,22.3,5700,85,164394.9
20240804_tarragona,cataluna,tarragona,8,1,0,25.0,830,70,25942.1
20240804_girona,cataluna,girona,8,1,0,23.9,780,55,23101.2
20240804_lleida,cataluna,lleida,8,1,0,23.5,430,45,10830.9
20240804_valencia,valenciana,valencia,8,1,0,25.8,2650,65,83194.9
20240804_alicante,valenciana,alicante,8,1,0,26.5,1950,55,59019.4
20240804_castellon,valenciana,castellon,8,1,0,26.9,580,60,18958.0
20240804_a_coruna,galicia,a_coruna,8,1,0,18.0,1120,40,21184.7
20240804_pontevedra,galicia,pontevedra,8,1,0,17.4,945,45,19303.6
20240804_lugo,galicia,lugo,8,1,0,15.3,320,25,5728.6
20240804_ourense,galicia,ourense,8,1,0,18.0,305,25,5524.2
20240804_valladolid,castilla_y_leon,valladolid,8,1,0,21.5,520,45,11163.6
20240804_leon,castilla_y_leon,leon,8,1,0,20.3,440,30,8169.8
20240804_burgos,castilla_y_leon,burgos,8,1,0,23.0,360,40,7850.4
20240804_salamanca,castilla_y_leon,salamanca,8,1,0,19.9,330,25,5539.7
20240804_palencia,castilla_y_leon,palencia,8,1,0,18.8,155,30,2886.2
20240804_zamora,castilla_y_leon,zamora,8,1,0,21.2,165,20,3077.4
20240804_avila,castilla_y_leon,avila,8,1,0,22.4,155,20,3198.3
20240804_segovia,castilla_y_leon,segovia,8,1,0,20.8,150,20,2558.4
20240804_soria,castilla_y_leon,soria,8,1,0,19.1,90,20,1553.2
20240804_vizcaya,pais_vasco,vizcaya,8,1,0,20.3,1150,85,33801.7
20240804_guipuzcoa,pais_vasco,guipuzcoa,8,1,0,18.5,715,80,19534.9
20240804_alava,pais_vasco,alava,8,1,0,20.4,335,70,8735.0
20240804_toledo,castilla_la_mancha,toledo,8,1,0,23.4,730,30,16451.6
20240804_ciudad_real,castilla_la_mancha,ciudad_real,8,1,0,27.3,485,25,11759.5
20240804_albacete,castilla_la_mancha,albacete,8,1,0,25.4,385,25,7554.5
20240804_cuenca,castilla_la_mancha,cuenca,8,1,0,25.3,195,15,3612.8
20240804_guadalajara,castilla_la_mancha,guadalajara,8,1,0,23.7,255,30,5129.9
20240804_las_palmas,canarias,las_palmas,8,1,0,23.5,1150,20,23165.5
20240804_santa_cruz_tenerife,canarias,santa_cruz_tenerife,8,1,0,21.2,1020,20,17525.0
20240804_zaragoza,aragon,zaragoza,8,1,0,22.7,980,50,25793.1
20240804_huesca,aragon,huesca,8,1,0,24.0,220,30,4545.3
20240804_teruel,aragon,teruel,8,1,0,22.8,130,20,2616.7
20240804_badajoz,extremadura,badajoz,8,1,0,26.9,670,22,15548.3
20240804_caceres,extremadura,caceres,8,1,0,25.5,390,18,8208.4
20240804_asturias,asturias,asturias,8,1,0,17.4,1010,45,19344.0
20240804_baleares,baleares,baleares,8,1,0,23.2,1200,15,23162.9
20240804_cantabria,cantabria,cantabria,8,1,0,17.7,580,35,11037.5
20240804_madrid_prov,madrid,madrid_prov,8,1,0,24.6,6700,55,209342.1
20240804_murcia,murcia,murcia,8,1,0,25.6,1550,40,43010.0
20240804_navarra,navarra,navarra,8,1,0,20.6,660,55,15244.2
20240804_la_rioja,la_rioja,la_rioja,8,1,0,22.0,320,40,6688.3
20240806_sevilla,andalucia,sevilla,8,0,0,26.6,1950,55,71869.9
20240806_malaga,andalucia,malaga,8,0,0,25.8,1700,40,50279.2
20240806_cadiz,andalucia,cadiz,8,0,0,27.9,1240,50,44088.1
20240806_cordoba,andalucia,cordoba,8,0,0,28.4,780,35,26583.8
20240806_granada,andalucia,granada,8,0,0,26.7,915,30,23734.2
20240806_jaen,andalucia,jaen,8,0,0,26.4,610,25,16659.8
20240806_almeria,andalucia,almeria,8,0,0,29.3,730,45,29675.6
20240806_huelva,andalucia,huelva,8,0,0,28.5,525,40,17586.1
20240806_barcelona,cataluna,barcelona,8,0,0,23.3,5700,85,214476.8
20240806_tarragona,cataluna,tarragona,8,0,0,22.2,830,70,26634.1
20240806_girona,cataluna,girona,8,0,0,24.5,780,55,24343.1
20240806_lleida,cataluna,lleida,8,0,0,23.0,430,45,10759.5
20240806_valencia,valenciana,valencia,8,0,0,27.5,2650,65,109866.4
20240806_alicante,valenciana,alicante,8,0,0,25.4,1950,55,62397.9
20240806_castellon,valenciana,castellon,8,0,0,25.0,580,60,19314.9
20240806_a_coruna,galicia,a_coruna,8,0,0,19.2,1120,40,25986.2
20240806_pontevedra,galicia,pontevedra,8,0,0,17.5,945,45,20346.0
20240806_lugo,galicia,lugo,8,0,0,18.8,320,25,5690.1
20240806_ourense,galicia,ourense,8,0,0,18.2,305,25,5752.9
20240806_valladolid,castilla_y_leon,valladolid,8,0,0,21.5,520,45,14175.7
20240806_leon,castilla_y_leon,leon,8,0,0,18.1,440,30,10005.0
20240806_burgos,castilla_y_leon,burgos,8,0,0,20.5,360,40,8402.5
20240806_salamanca,castilla_y_leon,salamanca,8,0,0,18.8,330,25,6734.8
20240806_palencia,castilla_y_leon,palencia,8,0,0,20.9,155,30,3276.6
20240806_zamora,castilla_y_leon,zamora,8,0,0,18.1,165,20,3046.7
20240806_avila,castilla_y_leon,avila,8,0,0,22.0,155,20,3063.7
20240806_segovia,castilla_y_leon,segovia,8,0,0,22.4,150,20,3237.1
20240806_soria,castilla_y_leon,soria,8,0,0,19.9,90,20,1828.7
20240806_vizcaya,pais_vasco,vizcaya,8,0,0,20.1,1150,85,36286.7
20240806_guipuzcoa,pais_vasco,guipuzcoa,8,0,0,20.2,715,80,21923.3
20240806_alava,pais_vasco,alava,8,0,0,16.3,335,70,9394.2
20240806_toledo,castilla_la_mancha,toledo,8,0,0,22.4,730,30,17746.1
20240806_ciudad_real,castilla_la_mancha,ciudad_real,8,0,0,26.5,485,25,13667.7
20240806_albacete,castilla_la_mancha,albacete,8,0,0,23.9,385,25,8451.8
20240806_cuenca,castilla_la_mancha,cuenca,8,0,0,23.3,195,15,4338.1
20240806_guadalajara,castilla_la_mancha,guadalajara,8,0,0,23.3,255,30,5309.5
20240806_las_palmas,canarias,las_palmas,8,0,0,25.2,1150,20,29320.4
20240806_santa_cruz_tenerife,canarias,santa_cruz_tenerife,8,0,0,26.1,1020,20,26876.3
20240806_zaragoza,aragon,zaragoza,8,0,0,25.0,980,50,30014.1
20240806_huesca,aragon,huesca,8,0,0,20.4,220,30,4611.5
20240806_teruel,aragon,teruel,8,0,0,24.2,130,20,2872.4
20240806_badajoz,extremadura,badajoz,8,0,0,25.5,670,22,15740.9
20240806_caceres,extremadura,caceres,8,0,0,24.4,390,18,9435.7
20240806_asturias,asturias,asturias,8,0,0,20.8,1010,45,24345.9
20240806_baleares,baleares,baleares,8,0,0,24.4,1200,15,24462.1
20240806_cantabria,cantabria,cantabria,8,0,0,19.1,580,35,13538.1
20240806_madrid_prov,madrid,madrid_prov,8,0,0,22.2,6700,55,188018.3
20240806_murcia,murcia,murcia,8,0,0,26.2,1550,40,48441.5
20240806_navarra,navarra,navarra,8,0,0,23.7,660,55,21526.1
20240806_la_rioja,la_rioja,la_rioja,8,0,0,21.5,320,40,7850.2
20240808_sevilla,andalucia,sevilla,8,0,0,26.9,1950,55,67916.9
20240808_malaga,andalucia,malaga,8,0,0,27.2,1700,40,57024.1
20240808_cadiz,andalucia,cadiz,8,0,0,27.1,1240,50,41562.3
20240808_cordoba,andalucia,cordoba,8,0,0,26.1,780,35,22088.5
20240808_granada,andalucia,granada,8,0,0,25.6,915,30,24858.9
20240808_jaen,andalucia,jaen,8,0,0,27.4,610,25,18373.8
20240808_almeria,andalucia,almeria,8,0,0,25.6,730,45,21600.6
20240808_huelva,andalucia,huelva,8,0,0,29.0,525,40,19187.6
20240808_barcelona,cataluna,barcelona,8,0,0,23.4,5700,85,201133.3
20240808_tarragona,cataluna,tarragona,8,0,0,24.9,830,70,30983.9
20240808_girona,cataluna,girona,8,0,0,24.9,780,55,24648.4
20240808_lleida,cataluna,lleida,8,0,0,22.1,430,45,11969.4
20240808_valencia,valenciana,valencia,8,0,0,26.1,2650,65,94705.6
20240808_alicante,valenciana,alicante,8,0,0,26.9,1950,55,68037.3
20240808_castellon,valenciana,castellon,8,0,0,26.8,580,60,23199.9
20240808_a_coruna,galicia,a_coruna,8,0,0,17.3,1120,40,25663.4
20240808_pontevedra,galicia,pontevedra,8,0,0,19.7,945,45,25298.8
20240808_lugo,galicia,lugo,8,0,0,17.5,320,25,6658.4
20240808_ourense,galicia,ourense,8,0,0,18.6,305,25,5555.6
20240808_valladolid,castilla_y_leon,valladolid,8,0,0,20.5,520,45,12446.7
20240808_leon,castilla_y_leon,leon,8,0,0,19.2,440,30,9139.3
20240808_burgos,castilla_y_leon,burgos,8,0,0,22.0,360,40,8797.5
20240808_salamanca,castilla_y_leon,salamanca,8,0,0,19.9,330,25,6463.0
20240808_palencia,castilla_y_leon,palencia,8,0,0,20.7,155,30,3303.3
20240808_zamora,castilla_y_leon,zamora,8,0,0,22.2,165,20,3377.7
20240808_avila,castilla_y_leon,avila,8,0,0,18.7,155,20,2779.8
20240808_segovia,castilla_y_leon,segovia,8,0,0,20.9,150,20,3053.5
20240808_soria,castilla_y_leon,soria,8,0,0,22.5,90,20,2008.9
20240808_vizcaya,pais_vasco,vizcaya,8,0,0,20.1,1150,85,37629.4
20240808_guipuzcoa,pais_vasco,guipuzcoa,8,0,0,17.9,715,80,21759.3
20240808_alava,pais_vasco,alava,8,0,0,18.4,335,70,9322.4
20240808_toledo,castilla_la_mancha,toledo,8,0,0,28.4,730,30,23927.7
20240808_ciudad_real,castilla_la_mancha,ciudad_real,8,0,0,22.9,485,25,10847.0
20240808_albacete,castilla_la_mancha,albacete,8,0,0,23.4,385,25,8236.4
20240808_cuenca,castilla_la_mancha,cuenca,8,0,0,27.1,195,15,5211.2
20240808_guadalajara,castilla_la_mancha,guadalajara,8,0,0,24.6,255,30,6292.7
20240808_las_palmas,canarias,las_palmas,8,0,0,23.3,1150,20,26363.0
20240808_santa_cruz_tenerife,canarias,santa_cruz_tenerife,8,0,0,24.2,1020,20,19429.3
20240808_zaragoza,aragon,zaragoza,8,0,0,26.6,980,50,33408.6
20240808_huesca,aragon,huesca,8,0,0,23.6,220,30,5539.6
20240808_teruel,aragon,teruel,8,0,0,23.8,130,20,2944.0
20240808_badajoz,extremadura,badajoz,8,0,0,25.1,670,22,15080.9
20240808_caceres,extremadura,caceres,8,0,0,26.1,390,18,10241.2
20240808_asturias,asturias,asturias,8,0,0,17.2,1010,45,22625.6
20240808_baleares,baleares,baleares,8,0,0,25.7,1200,15,27051.6
20240808_cantabria,cantabria,cantabria,8,0,0,17.5,580,35,12108.1
20240808_madrid_prov,madrid,madrid_prov,8,0,0,24.1,6700,55,186507.3
20240808_murcia,murcia,murcia,8,0,0,24.6,1550,40,43149.8
20240808_navarra,navarra,navarra,8,0,0,21.6,660,55,18727.8
20240808_la_rioja,la_rioja,la_rioja,8,0,0,24.3,320,40,9340.6
20240810_sevilla,andalucia,sevilla,8,1,0,27.9,1950,55,67304.5
20240810_malaga,andalucia,malaga,8,1,0,25.8,1700,40,45308.7
20240810_cadiz,andalucia,cadiz,8,1,0,27.5,1240,50,41846.5
20240810_cordoba,andalucia,cordoba,8,1,0,27.5,780,35,22224.1
20240810_granada,andalucia,granada,8,1,0,27.8,915,30,27120.7
20240810_jaen,andalucia,jaen,8,1,0,27.9,610,25,16305.8
20240810_almeria,andalucia,almeria,8,1,0,25.5,730,45,19058.1
20240810_huelva,andalucia,huelva,8,1,0,25.7,525,40,14087.1
20240810_barcelona,cataluna,barcelona,8,1,0,23.9,5700,85,175311.8
20240810_tarragona,cataluna,tarragona,8,1,0,22.5,830,70,23431.5
20240810_girona,cataluna,girona,8,1,0,21.9,780,55,19499.2
20240810_lleida,cataluna,lleida,8,1,0,22.8,430,45,9719.5
20240810_valencia,valenciana,valencia,8,1,0,24.8,2650,65,82299.2
20240810_alicante,valenciana,alicante,8,1,0,23.6,1950,55,50800.1
20240810_castellon,valenciana,castellon,8,1,0,25.4,580,60,16996.4
20240810_a_coruna,galicia,a_coruna,8,1,0,16.2,1120,40,21099.6
20240810_pontevedra,galicia,pontevedra,8,1,0,17.9,945,45,18426.9
20240810_lugo,galicia,lugo,8,1,0,18.0,320,25,6055.0
20240810_ourense,galicia,ourense,8,1,0,16.6,305,25,5295.9
20240810_valladolid,castilla_y_leon,valladolid,8,1,0,23.5,520,45,12892.7
20240810_leon,castilla_y_leon,leon,8,1,0,20.0,440,30,8149.2
20240810_burgos,castilla_y_leon,burgos,8,1,0,21.1,360,40,8244.5
20240810_salamanca,castilla_y_leon,salamanca,8,1,0,19.8,330,25,5627.5
20240810_palencia,castilla_y_leon,palencia,8,1,0,18.6,155,30,2851.0
20240810_zamora,castilla_y_leon,zamora,8,1,0,18.5,165,20,2673.6
20240810_avila,castilla_y_leon,avila,8,1,0,19.2,155,20,2730.9
20240810_segovia,castilla_y_leon,segovia,8,1,0,19.8,150,20,2578.6
20240810_soria,castilla_y_leon,soria,8,1,0,18.3,90,20,1500.5
20240810_vizcaya,pais_vasco,vizcaya,8,1,0,18.2,1150,85,31143.2
20240810_guipuzcoa,pais_vasco,guipuzcoa,8,1,0,22.9,715,80,22774.9
20240810_alava,pais_vasco,alava,8,1,0,19.7,335,70,10016.1
20240810_toledo,castilla_la_mancha,toledo,8,1,0,22.7,730,30,15840.9
20240810_ciudad_real,castilla_la_mancha,ciudad_real,8,1,0,21.8,485,25,9012.2
20240810_albacete,castilla_la_mancha,albacete,8,1,0,22.1,385,25,7412.0
20240810_cuenca,castilla_la_mancha,cuenca,8,1,0,24.0,195,15,3621.6
20240810_guadalajara,castilla_la_mancha,guadalajara,8,1,0,25.5,255,30,5926.9
20240810_las_palmas,canarias,las_palmas,8,1,0,24.1,1150,20,23936.3
20240810_santa_cruz_tenerife,canarias,santa_cruz_tenerife,8,1,0,21.6,1020,20,17423.8
20240810_zaragoza,aragon,zaragoza,8,1,0,23.1,980,50,25053.1
20240810_huesca,aragon,huesca,8,1,0,25.0,220,30,5047.9
20240810_teruel,aragon,teruel,8,1,0,22.6,130,20,2297.4
20240810_badajoz,extremadura,badajoz,8,1,0,26.0,670,22,15059.1
20240810_caceres,extremadura,caceres,8,1,0,25.1,390,18,8054.9
20240810_asturias,asturias,asturias,8,1,0,18.8,1010,45,20514.9
20240810_baleares,baleares,baleares,8,1,0,22.8,1200,15,21655.9
20240810_cantabria,cantabria,cantabria,8,1,0,13.8,580,35,11805.4
20240810_madrid_prov,madrid,madrid_prov,8,1,0,22.4,6700,55,177449.5
20240810_murcia,murcia,murcia,8,1,0,24.6,1550,40,37385.1
20240810_navarra,navarra,navarra,8,1,0,21.0,660,55,15171.3
20240810_la_rioja,la_rioja,la_rioja,8,1,0,21.0,320,40,6750.0
20240812_sevilla,andalucia,sevilla,8,0,0,25.9,1950,55,64316.1
20240812_malaga,andalucia,malaga,8,0,0,25.1,1700,40,45502.2
20240812_cadiz,andalucia,cadiz,8,0,0,26.6,1240,50,42687.1
20240812_cordoba,andalucia,cordoba,8,0,0,24.5,780,35,21236.5
20240812_granada,andalucia,granada,8,0,0,27.6,915,30,29358.2
20240812_jaen,andalucia,jaen,8,0,0,26.9,610,25,17537.8
20240812_almeria,andalucia,almeria,8,0,0,29.6,730,45,28911.5
20240812_huelva,andalucia,huelva,8,0,0,25.1,525,40,13745.7
20240812_barcelona,cataluna,barcelona,8,0,0,25.5,5700,85,251101.7
20240812_tarragona,cataluna,tarragona,8,0,0,21.8,830,70,24073.1
20240812_girona,cataluna,girona,8,0,0,22.6,780,55,23202.0
20240812_lleida,cataluna,lleida,8,0,0,21.3,430,45,9550.0
20240812_valencia,valenciana,valencia,8,0,0,27.7,2650,65,109748.6
20240812_alicante,valenciana,alicante,8,0,0,25.3,1950,55,62358.6
20240812_castellon,valenciana,castellon,8,0,0,25.3,580,60,18048.8
20240812_a_coruna,galicia,a_coruna,8,0,0,17.2,1120,40,25068.8
20240812_pontevedra,galicia,pontevedra,8,0,0,15.2,945,45,22454.2
20240812_lugo,galicia,lugo,8,0,0,17.9,320,25,6097.8
20240812_ourense,galicia,ourense,8,0,0,17.6,305,25,5617.9
20240812_valladolid,castilla_y_leon,valladolid,8,0,0,17.8,520,45,12123.2
20240812_leon,castilla_y_leon,leon,8,0,0,19.9,440,30,8508.0
20240812_burgos,castilla_y_leon,burgos,8,0,0,20.4,360,40,8130.9
20240812_salamanca,castilla_y_leon,salamanca,8,0,0,19.7,330,25,5823.6
20240812_palencia,castilla_y_leon,palencia,8,0,0,21.3,155,30,3136.0
20240812_zamora,castilla_y_leon,zamora,8,0,0,20.4,165,20,3011.0
20240812_avila,castilla_y_leon,avila,8,0,0,19.8,155,20,3075.1
20240812_segovia,castilla_y_leon,segovia,8,0,0,21.1,150,20,3074.3
20240812_soria,castilla_y_leon,soria,8,0,0,20.8,90,20,1762.6
20240812_vizcaya,pais_vasco,vizcaya,8,0,0,17.2,1150,85,34895.5
20240812_guipuzcoa,pais_vasco,guipuzcoa,8,0,0,19.4,715,80,22891.4
20240812_alava,pais_vasco,alava,8,0,0,19.0,335,70,9521.5
20240812_toledo,castilla_la_mancha,toledo,8,0,0,24.1,730,30,18929.8
20240812_ciudad_real,castilla_la_mancha,ciudad_real,8,0,0,23.6,485,25,11474.8
20240812_albacete,castilla_la_mancha,albacete,8,0,0,21.4,385,25,7311.3
20240812_cuenca,castilla_la_mancha,cuenca,8,0,0,20.6,195,15,3670.7
20240812_guadalajara,castilla_la_mancha,guadalajara,8,0,0,24.7,255,30,6766.9
20240812_las_palmas,canarias,las_palmas,8,0,0,22.7,1150,20,23035.5
20240812_santa_cruz_tenerife,canarias,santa_cruz_tenerife,8,0,0,23.4,1020,20,23462.8
20240812_zaragoza,aragon,zaragoza,8,0,0,25.2,980,50,31623.3
20240812_huesca,aragon,huesca,8,0,0,23.3,220,30,5516.1
20240812_teruel,aragon,teruel,8,0,0,22.5,130,20,2606.3
20240812_badajoz,extremadura,badajoz,8,0,0,25.2,670,22,15372.0
20240812_caceres,extremadura,caceres,8,0,0,25.1,390,18,8493.1
20240812_asturias,asturias,asturias,8,0,0,19.3,1010,45,24252.4
20240812_baleares,baleares,baleares,8,0,0,25.7,1200,15,25656.2
20240812_cantabria,cantabria,cantabria,8,0,0,20.6,580,35,11818.7
20240812_madrid_prov,madrid,madrid_prov,8,0,0,22.2,6700,55,178258.7
20240812_murcia,murcia,murcia,8,0,0,27.0,1550,40,50148.4
20240812_navarra,navarra,navarra,8,0,0,20.6,660,55,16485.4
20240812_la_rioja,la_rioja,la_rioja,8,0,0,19.5,320,40,7613.2
20240814_sevilla,andalucia,sevilla,8,0,0,27.5,1950,55,78136.9
20240814_malaga,andalucia,malaga,8,0,0,26.9,1700,40,47559.1
20240814_cadiz,andalucia,cadiz,8,0,0,24.6,1240,50,37971.9
20240814_cordoba,andalucia,cordoba,8,0,0,25.9,780,35,21584.6
20240814_granada,andalucia,granada,8,0,0,24.8,915,30,24466.3
20240814_jaen,andalucia,jaen,8,0,0,27.0,610,25,17507.0
20240814_almeria,andalucia,almeria,8,0,0,25.5,730,45,22298.3
20240814_huelva,andalucia,huelva,8,0,0,24.5,525,40,14267.2
20240814_barcelona,cataluna,barcelona,8,0,0,19.4,5700,85,163710.2
20240814_tarragona,cataluna,tarragona,8,0,0,22.5,830,70,28949.3
20240814_girona,cataluna,girona,8,0,0,20.4,780,55,18942.5
20240814_lleida,cataluna,lleida,8,0,0,23.2,430,45,12513.5
20240814_valencia,valenciana,valencia,8,0,0,24.8,2650,65,92643.6
20240814_alicante,valenciana,alicante,8,0,0,24.0,1950,55,57105.7
20240814_castellon,valenciana,castellon,8,0,0,24.6,580,60,18095.4
20240814_a_coruna,galicia,a_coruna,8,0,0,19.3,1120,40,23158.9
20240814_pontevedra,galicia,pontevedra,8,0,0,19.6,945,45,22204.0
20240814_lugo,galicia,lugo,8,0,0,18.0,320,25,5702.2
20240814_ourense,galicia,ourense,8,0,0,16.9,305,25,6303.3
20240814_valladolid,castilla_y_leon,valladolid,8,0,0,19.9,520,45,12443.2
20240814_leon,castilla_y_leon,leon,8,0,0,19.0,440,30,8961.3
20240814_burgos,castilla_y_leon,burgos,8,0,0,18.3,360,40,8032.3
20240814_salamanca,castilla_y_leon,salamanca,8,0,0,20.7,330,25,6748.4
20240814_palencia,castilla_y_leon,palencia,8,0,0,18.9,155,30,3106.7
20240814_zamora,castilla_y_leon,zamora,8,0,0,20.9,165,20,3146.2
20240814_avila,castilla_y_leon,avila,8,0,0,19.8,155,20,3191.1
20240814_segovia,castilla_y_leon,segovia,8,0,0,18.9,150,20,2924.3
20240814_soria,castilla_y_leon,soria,8,0,0,18.6,90,20,1713.8
20240814_vizcaya,pais_vasco,vizcaya,8,0,0,20.6,1150,85,35749.8
20240814_guipuzcoa,pais_vasco,guipuzcoa,8,0,0,17.9,715,80,19298.2
20240814_alava,pais_vasco,alava,8,0,0,18.8,335,70,9621.7
20240814_toledo,castilla_la_mancha,toledo,8,0,0,22.1,730,30,16274.1
20240814_ciudad_real,castilla_la_mancha,ciudad_real,8,0,0,21.6,485,25,9919.0
20240814_albacete,castilla_la_mancha,albacete,8,0,0,22.0,385,25,8078.0
20240814_cuenca,castilla_la_mancha,cuenca,8,0,0,22.9,195,15,3633.0
20240814_guadalajara,castilla_la_mancha,guadalajara,8,0,0,22.7,255,30,5539.6
20240814_las_palmas,canarias,las_palmas,8,0,0,21.7,1150,20,24034.8
20240814_santa_cruz_tenerife,canarias,santa_cruz_tenerife,8,0,0,23.1,1020,20,19172.7
20240814_zaragoza,aragon,zaragoza,8,0,0,21.8,980,50,26691.4
20240814_huesca,aragon,huesca,8,0,0,21.6,220,30,5159.0
20240814_teruel,aragon,teruel,8,0,0,21.5,130,20,2616.6
20240814_badajoz,extremadura,badajoz,8,0,0,26.6,670,22,18147.2
20240814_caceres,extremadura,caceres,8,0,0,23.3,390,18,7724.3
20240814_asturias,asturias,asturias,8,0,0,19.5,1010,45,22710.7
20240814_baleares,baleares,baleares,8,0,0,25.0,1200,15,25999.0
20240814_cantabria,cantabria,cantabria,8,0,0,18.1,580,35,11496.3
20240814_madrid_prov,madrid,madrid_prov,8,0,0,22.8,6700,55,181233.3
20240814_murcia,murcia,murcia,8,0,0,25.3,1550,40,44731.5
20240814_navarra,navarra,navarra,8,0,0,21.5,660,55,17187.4
20240814_la_rioja,la_rioja,la_rioja,8,0,0,20.0,320,40,7325.9
20240816_sevilla,andalucia,sevilla,8,0,0,24.8,1950,55,64556.5
20240816_malaga,andalucia,malaga,8,0,0,26.1,1700,40,50378.8
20240816_cadiz,andalucia,cadiz,8,0,0,26.9,1240,50,42627.9
20240816_cordoba,andalucia,cordoba,8,0,0,23.9,780,35,18720.8
20240816_granada,andalucia,granada,8,0,0,27.7,915,30,28299.7
20240816_jaen,andalucia,jaen,8,0,0,23.9,610,25,14283.4
20240816_almeria,andalucia,almeria,8,0,0,25.4,730,45,21090.1
20240816_huelva,andalucia,huelva,8,0,0,24.6,525,40,15198.4
20240816_barcelona,cataluna,barcelona,8,0,0,20.0,5700,85,171839.0
20240816_tarragona,cataluna,tarragona,8,0,0,23.0,830,70,28434.8
20240816_girona,cataluna,girona,8,0,0,23.6,780,55,21912.8
20240816_lleida,cataluna,lleida,8,0,0,24.9,430,45,11756.9
20240816_valencia,valenciana,valencia,8,0,0,24.7,2650,65,91389.9
20240816_alicante,valenciana,alicante,8,0,0,23.1,1950,55,57875.0
20240816_castellon,valenciana,castellon,8,0,0,23.6,580,60,18339.7
20240816_a_coruna,galicia,a_coruna,8,0,0,15.6,1120,40,26047.3
20240816_pontevedra,galicia,pontevedra,8,0,0,17.6,945,45,23178.6
20240816_lugo,galicia,lugo,8,0,0,18.2,320,25,6590.3
20240816_ourense,galicia,ourense,8,0,0,18.9,305,25,5890.5
20240816_valladolid,castilla_y_leon,valladolid,8,0,0,21.1,520,45,13186.8
20240816_leon,castilla_y_leon,leon,8,0,0,20.7,440,30,8274.1
20240816_burgos,castilla_y_leon,burgos,8,0,0,18.6,360,40,8580.4
20240816_salamanca,castilla_y_leon,salamanca,8,0,0,18.2,330,25,6674.1
20240816_palencia,castilla_y_leon,palencia,8,0,0,21.0,155,30,3183.3
20240816_zamora,castilla_y_leon,zamora,8,0,0,17.2,165,20,2960.2
20240816_avila,castilla_y_leon,avila,8,0,0,22.9,155,20,3094.0
20240816_segovia,castilla_y_leon,segovia,8,0,0,18.9,150,20,2636.7
20240816_soria,castilla_y_leon,soria,8,0,0,21.7,90,20,1759.4
20240816_vizcaya,pais_vasco,vizcaya,8,0,0,18.6,1150,85,38013.6
20240816_guipuzcoa,pais_vasco,guipuzcoa,8,0,0,20.3,715,80,20939.0
20240816_alava,pais_vasco,alava,8,0,0,17.8,335,70,9901.1
20240816_toledo,castilla_la_mancha,toledo,8,0,0,23.5,730,30,15958.4
20240816_ciudad_real,castilla_la_mancha,ciudad_real,8,0,0,20.9,485,25,9294.9
20240816_albacete,castilla_la_mancha,albacete,8,0,0,21.7,385,25,7230.1
20240816_cuenca,castilla_la_mancha,cuenca,8,0,0,21.9,195,15,3520.8
20240816_guadalajara,castilla_la_mancha,guadalajara,8,0,0,22.8,255,30,6342.4
20240816_las_palmas,canarias,las_palmas,8,0,0,23.1,1150,20,24014.1
20240816_santa_cruz_tenerife,canarias,santa_cruz_tenerife,8,0,0,24.2,1020,20,22482.4
20240816_zaragoza,aragon,zaragoza,8,0,0,23.1,980,50,27323.4
20240816_huesca,aragon,huesca,8,0,0,22.7,220,30,5744.4
20240816_teruel,aragon,teruel,8,0,0,23.8,130,20,2682.3
20240816_badajoz,extremadura,badajoz,8,0,0,25.5,670,22,15857.9
20240816_caceres,extremadura,caceres,8,0,0,25.6,390,18,8661.0
20240816_asturias,asturias,asturias,8,0,0,16.2,1010,45,24217.0
20240816_baleares,baleares,baleares,8,0,0,24.9,1200,15,27093.8
20240816_cantabria,cantabria,cantabria,8,0,0,19.0,580,35,12620.4
20240816_madrid_prov,madrid,madrid_prov,8,0,0,23.7,6700,55,193325.5
20240816_murcia,murcia,murcia,8,0,0,26.0,1550,40,48954.0
20240816_navarra,navarra,navarra,8,0,0,20.6,660,55,17022.2
20240816_la_rioja,la_rioja,la_rioja,8,0,0,23.4,320,40,8222.5
20240818_sevilla,andalucia,sevilla,8,1,0,26.2,1950,55,61519.6
20240818_malaga,andalucia,malaga,8,1,0,25.9,1700,40,43832.5
20240818_cadiz,andalucia,cadiz,8,1,0,26.6,1240,50,37712.1
20240818_cordoba,andalucia,cordoba,8,1,0,28.6,780,35,25163.9
20240818_granada,andalucia,granada,8,1,0,25.2,915,30,22306.5
20240818_jaen,andalucia,jaen,8,1,0,26.5,610,25,15832.1
20240818_almeria,andalucia,almeria,8,1,0,25.3,730,45,19874.2
20240818_huelva,andalucia,huelva,8,1,0,25.9,525,40,14142.9
20240818_barcelona,cataluna,barcelona,8,1,0,21.4,5700,85,172570.2
20240818_tarragona,cataluna,tarragona,8,1,0,23.2,830,70,25545.4
20240818_girona,cataluna,girona,8,1,0,22.6,780,55,19243.3
20240818_lleida,cataluna,lleida,8,1,0,23.7,430,45,10167.8
20240818_valencia,valenciana,valencia,8,1,0,25.7,2650,65,90143.4
20240818_alicante,valenciana,alicante,8,1,0,26.0,1950,55,60452.4
20240818_castellon,valenciana,castellon,8,1,0,23.5,580,60,15939.3
20240818_a_coruna,galicia,a_coruna,8,1,0,18.7,1120,40,21802.3
20240818_pontevedra,galicia,pontevedra,8,1,0,20.0,945,45,20699.5
20240818_lugo,galicia,lugo,8,1,0,16.9,320,25,6164.4
20240818_ourense,galicia,ourense,8,1,0,18.3,305,25,5029.3
20240818_valladolid,castilla_y_leon,valladolid,8,1,0,18.7,520,45,11693.8
20240818_leon,castilla_y_leon,leon,8,1,0,22.4,440,30,9340.8
20240818_burgos,castilla_y_leon,burgos,8,1,0,21.7,360,40,8205.2
20240818_salamanca,castilla_y_leon,salamanca,8,1,0,20.6,330,25,6057.3
20240818_palencia,castilla_y_leon,palencia,8,1,0,20.6,155,30,3044.0
20240818_zamora,castilla_y_leon,zamora,8,1,0,18.8,165,20,2843.1
20240818_avila,castilla_y_leon,avila,8,1,0,21.9,155,20,2747.9
20240818_segovia,castilla_y_leon,segovia,8,1,0,19.4,150,20,2569.9
20240818_soria,castilla_y_leon,soria,8,1,0,18.9,90,20,1401.4
20240818_vizcaya,pais_vasco,vizcaya,8,1,0,21.0,1150,85,32623.0
20240818_guipuzcoa,pais_vasco,guipuzcoa,8,1,0,19.4,715,80,18791.5
20240818_alava,pais_vasco,alava,8,1,0,21.2,335,70,9257.5
20240818_toledo,castilla_la_mancha,toledo,8,1,0,22.9,730,30,14228.7
20240818_ciudad_real,castilla_la_mancha,ciudad_real,8,1,0,22.8,485,25,9766.7
20240818_albacete,castilla_la_mancha,albacete,8,1,0,23.5,385,25,7861.2
20240818_cuenca,castilla_la_mancha,cuenca,8,1,0,23.5,195,15,3715.8
20240818_guadalajara,castilla_la_mancha,guadalajara,8,1,0,23.2,255,30,5465.8
20240818_las_palmas,canarias,las_palmas,8,1,0,22.1,1150,20,23591.7
20240818_santa_cruz_tenerife,canarias,santa_cruz_tenerife,8,1,0,23.0,1020,20,19445.1
20240818_zaragoza,aragon,zaragoza,8,1,0,23.1,980,50,23804.3
20240818_huesca,aragon,huesca,8,1,0,22.3,220,30,4431.1
20240818_teruel,aragon,teruel,8,1,0,21.0,130,20,2311.6
20240818_badajoz,extremadura,badajoz,8,1,0,22.5,670,22,13739.7
20240818_caceres,extremadura,caceres,8,1,0,25.9,390,18,8785.4
20240818_asturias,asturias,asturias,8,1,0,15.2,1010,45,21097.9
20240818_baleares,baleares,baleares,8,1,0,25.3,1200,15,30028.4
20240818_cantabria,cantabria,cantabria,8,1,0,19.4,580,35,11799.7
20240818_madrid_prov,madrid,madrid_prov,8,1,0,24.1,6700,55,173869.1
20240818_murcia,murcia,murcia,8,1,0,26.1,1550,40,39899.8
20240818_navarra,navarra,navarra,8,1,0,18.8,660,55,14002.6
20240818_la_rioja,la_rioja,la_rioja,8,1,0,22.3,320,40,7034.0
20240820_sevilla,andalucia,sevilla,8,0,0,26.0,1950,55,66072.0
20240820_malaga,andalucia,malaga,8,0,0,24.3,1700,40,44467.2
20240820_cadiz,andalucia,cadiz,8,0,0,25.0,1240,50,35382.8
20240820_cordoba,andalucia,cordoba,8,0,0,25.2,780,35,20146.4
20240820_granada,andalucia,granada,8,0,0,26.7,915,30,27170.2
20240820_jaen,andalucia,jaen,8,0,0,24.1,610,25,13985.4
20240820_almeria,andalucia,almeria,8,0,0,28.5,730,45,25805.9
20240820_huelva,andalucia,huelva,8,0,0,26.5,525,40,16346.6
20240820_barcelona,cataluna,barcelona,8,0,0,24.0,5700,85,213035.7
20240820_tarragona,cataluna,tarragona,8,0,0,21.9,830,70,25136.0
20240820_girona,cataluna,girona,8,0,0,22.6,780,55,21691.9
20240820_lleida,cataluna,lleida,8,0,0,20.6,430,45,10990.8
20240820_valencia,valenciana,valencia,8,0,0,25.6,2650,65,89031.7
20240820_alicante,valenciana,alicante,8,0,0,23.6,1950,55,56734.9
20240820_castellon,valenciana,castellon,8,0,0,22.4,580,60,15221.6
20240820_a_coruna,galicia,a_coruna,8,0,0,17.1,1120,40,24531.2
20240820_pontevedra,galicia,pontevedra,8,0,0,16.0,945,45,22550.4
20240820_lugo,galicia,lugo,8,0,0,19.6,320,25,6552.2
20240820_ourense,galicia,ourense,8,0,0,17.8,305,25,5382.3
20240820_valladolid,castilla_y_leon,valladolid,8,0,0,20.6,520,45,12578.4
20240820_leon,castilla_y_leon,leon,8,0,0,20.2,440,30,10101.0
20240820_burgos,castilla_y_leon,burgos,8,0,0,18.5,360,40,6927.5
20240820_salamanca,castilla_y_leon,salamanca,8,0,0,18.1,330,25,6541.6
20240820_palencia,castilla_y_leon,palencia,8,0,0,19.7,155,30,3004.5
20240820_zamora,castilla_y_leon,zamora,8,0,0,17.6,165,20,2984.3
20240820_avila,castilla_y_leon,avila,8,0,0,17.9,155,20,2926.9
20240820_segovia,castilla_y_leon,segovia,8,0,0,19.0,150,20,2690.1
20240820_soria,castilla_y_leon,soria,8,0,0,18.6,90,20,1680.4
20240820_vizcaya,pais_vasco,vizcaya,8,0,0,19.3,1150,85,36035.1
20240820_guipuzcoa,pais_vasco,guipuzcoa,8,0,0,19.5,715,80,21479.9
20240820_alava,pais_vasco,alava,8,0,0,17.8,335,70,9008.9
20240820_toledo,castilla_la_mancha,toledo,8,0,0,22.5,730,30,18233.6
20240820_ciudad_real,castilla_la_mancha,ciudad_real,8,0,0,21.1,485,25,9685.1
20240820_albacete,castilla_la_mancha,albacete,8,0,0,23.2,385,25,8411.2
20240820_cuenca,castilla_la_mancha,cuenca,8,0,0,24.5,195,15,4135.5
20240820_guadalajara,castilla_la_mancha,guadalajara,8,0,0,22.7,255,30,6044.1
20240820_las_palmas,canarias,las_palmas,8,0,0,25.9,1150,20,30502.2
20240820_santa_cruz_tenerife,canarias,santa_cruz_tenerife,8,0,0,23.2,1020,20,21480.2
20240820_zaragoza,aragon,zaragoza,8,0,0,22.2,980,50,26068.4
20240820_huesca,aragon,huesca,8,0,0,20.9,220,30,4899.5
20240820_teruel,aragon,teruel,8,0,0,22.4,130,20,2640.7
20240820_badajoz,extremadura,badajoz,8,0,0,22.8,670,22,14241.7
20240820_caceres,extremadura,caceres,8,0,0,22.0,390,18,7415.0
20240820_asturias,asturias,asturias,8,0,0,16.7,1010,45,23922.4
20240820_baleares,baleares,baleares,8,0,0,25.9,1200,15,28892.3
20240820_cantabria,cantabria,cantabria,8,0,0,19.6,580,35,12910.9
20240820_madrid_prov,madrid,madrid_prov,8,0,0,24.7,6700,55,229401.7
20240820_murcia,murcia,murcia,8,0,0,23.5,1550,40,38631.8
20240820_navarra,navarra,navarra,8,0,0,21.2,660,55,17471.3
20240820_la_rioja,la_rioja,la_rioja,8,0,0,21.1,320,40,7385.1
20240822_sevilla,andalucia,sevilla,8,0,0,24.9,1950,55,66684.9
20240822_malaga,andalucia,malaga,8,0,0,24.2,1700,40,47200.6
20240822_cadiz,andalucia,cadiz,8,0,0,26.4,1240,50,38410.9
20240822_cordoba,andalucia,cordoba,8,0,0,24.5,780,35,19800.3
20240822_granada,andalucia,granada,8,0,0,26.5,915,30,25464.9
20240822_jaen,andalucia,jaen,8,0,0,25.6,610,25,14440.9
20240822_almeria,andalucia,almeria,8,0,0,29.0,730,45,28152.2
20240822_huelva,andalucia,huelva,8,0,0,26.4,525,40,15742.6
20240822_barcelona,cataluna,barcelona,8,0,0,21.4,5700,85,204936.1
20240822_tarragona,cataluna,tarragona,8,0,0,19.6,830,70,23808.6
20240822_girona,cataluna,girona,8,0,0,20.6,780,55,19854.2
20240822_lleida,cataluna,lleida,8,0,0,21.4,430,45,10077.6
20240822_valencia,valenciana,valencia,8,0,0,24.0,2650,65,75015.3
20240822_alicante,valenciana,alicante,8,0,0,23.5,1950,55,56578.7
20240822_castellon,valenciana,castellon,8,0,0,22.0,580,60,17688.2
20240822_a_coruna,galicia,a_coruna,8,0,0,17.1,1120,40,24678.6
20240822_pontevedra,galicia,pontevedra,8,0,0,17.1,945,45,21882.2
20240822_lugo,galicia,lugo,8,0,0,19.7,320,25,7120.9
20240822_ourense,galicia,ourense,8,0,0,18.9,305,25,6260.7
20240822_valladolid,castilla_y_leon,valladolid,8,0,0,21.8,520,45,13155.0
20240822_leon,castilla_y_leon,leon,8,0,0,21.6,440,30,9953.1
20240822_burgos,castilla_y_leon,burgos,8,0,0,19.6,360,40,8245.5
20240822_salamanca,castilla_y_leon,salamanca,8,0,0,16.9,330,25,6524.6
20240822_palencia,castilla_y_leon,palencia,8,0,0,17.2,155,30,2909.2
20240822_zamora,castilla_y_leon,zamora,8,0,0,19.7,165,20,2915.1
20240822_avila,castilla_y_leon,avila,8,0,0,19.4,155,20,2901.9
20240822_segovia,castilla_y_leon,segovia,8,0,0,19.7,150,20,2677.4
20240822_soria,castilla_y_leon,soria,8,0,0,20.7,90,20,1712.5
20240822_vizcaya,pais_vasco,vizcaya,8,0,0,19.7,1150,85,33832.3
20240822_guipuzcoa,pais_vasco,guipuzcoa,8,0,0,18.9,715,80,22586.5
20240822_alava,pais_vasco,alava,8,0,0,20.5,335,70,9275.7
20240822_toledo,castilla_la_mancha,toledo,8,0,0,22.0,730,30,15365.8
20240822_ciudad_real,castilla_la_mancha,ciudad_real,8,0,0,21.9,485,25,9474.6
20240822_albacete,castilla_la_mancha,albacete,8,0,0,22.6,385,25,8586.0
20240822_cuenca,castilla_la_mancha,cuenca,8,0,0,21.7,195,15,3642.4
20240822_guadalajara,castilla_la_mancha,guadalajara,8,0,0,22.5,255,30,6061.5
20240822_las_palmas,canarias,las_palmas,8,0,0,22.4,1150,20,22789.3
20240822_santa_cruz_tenerife,canarias,santa_cruz_tenerife,8,0,0,22.1,1020,20,19378.8
20240822_zaragoza,aragon,zaragoza,8,0,0,22.6,980,50,26231.2
20240822_huesca,aragon,huesca,8,0,0,22.0,220,30,5173.1
20240822_teruel,aragon,teruel,8,0,0,23.8,130,20,2605.6
20240822_badajoz,extremadura,badajoz,8,0,0,25.3,670,22,16462.0
20240822_caceres,extremadura,caceres,8,0,0,23.8,390,18,8444.6
20240822_asturias,asturias,asturias,8,0,0,15.0,1010,45,26403.0
20240822_baleares,baleares,baleares,8,0,0,23.8,1200,15,23789.5
20240822_cantabria,cantabria,cantabria,8,0,0,16.7,580,35,11423.2
20240822_madrid_prov,madrid,madrid_prov,8,0,0,22.5,6700,55,181708.7
20240822_murcia,murcia,murcia,8,0,0,22.5,1550,40,39827.0
20240822_navarra,navarra,navarra,8,0,0,21.9,660,55,17877.1
20240822_la_rioja,la_rioja,la_rioja,8,0,0,20.2,320,40,7446.5
20240824_sevilla,andalucia,sevilla,8,1,0,25.5,1950,55,54458.6
20240824_malaga,andalucia,malaga,8,1,0,24.6,1700,40,41467.7
20240824_cadiz,andalucia,cadiz,8,1,0,25.9,1240,50,36037.7
20240824_cordoba,andalucia,cordoba,8,1,0,25.8,780,35,18450.7
20240824_granada,andalucia,granada,8,1,0,26.4,915,30,23270.6
20240824_jaen,andalucia,jaen,8,1,0,29.1,610,25,17458.8
20240824_almeria,andalucia,almeria,8,1,0,26.0,730,45,23626.5
20240824_huelva,andalucia,huelva,8,1,0,25.8,525,40,13933.7
20240824_barcelona,cataluna,barcelona,8,1,0,20.7,5700,85,177216.4
20240824_tarragona,cataluna,tarragona,8,1,0,20.5,830,70,22012.5
20240824_girona,cataluna,girona,8,1,0,21.5,780,55,18558.6
20240824_lleida,cataluna,lleida,8,1,0,20.1,430,45,9816.6
20240824_valencia,valenciana,valencia,8,1,0,23.3,2650,65,69957.5
20240824_alicante,valenciana,alicante,8,1,0,25.5,1950,55,56062.7
20240824_castellon,valenciana,castellon,8,1,0,24.2,580,60,17142.2
20240824_a_coruna,galicia,a_coruna,8,1,0,18.4,1120,40,20065.0
20240824_pontevedra,galicia,pontevedra,8,1,0,18.8,945,45,19644.8
20240824_lugo,galicia,lugo,8,1,0,17.3,320,25,5554.9
20240824_ourense,galicia,ourense,8,1,0,15.5,305,25,5541.1
20240824_valladolid,castilla_y_leon,valladolid,8,1,0,17.3,520,45,10707.4
20240824_leon,castilla_y_leon,leon,8,1,0,19.4,440,30,8571.3
20240824_burgos,castilla_y_leon,burgos,8,1,0,18.0,360,40,7731.5
20240824_salamanca,castilla_y_leon,salamanca,8,1,0,20.5,330,25,5817.9
20240824_palencia,castilla_y_leon,palencia,8,1,0,17.6,155,30,2635.8
20240824_zamora,castilla_y_leon,zamora,8,1,0,19.6,165,20,2668.3
20240824_avila,castilla_y_leon,avila,8,1,0,20.9,155,20,2592.2
20240824_segovia,castilla_y_leon,segovia,8,1,0,17.9,150,20,2512.7
20240824_soria,castilla_y_leon,soria,8,1,0,18.2,90,20,1491.1
20240824_vizcaya,pais_vasco,vizcaya,8,1,0,20.3,1150,85,32955.2
20240824_guipuzcoa,pais_vasco,guipuzcoa,8,1,0,19.1,715,80,19498.2
20240824_alava,pais_vasco,alava,8,1,0,16.6,335,70,8668.5
20240824_toledo,castilla_la_mancha,toledo,8,1,0,22.8,730,30,15705.3
20240824_ciudad_real,castilla_la_mancha,ciudad_real,8,1,0,23.4,485,25,9709.7
20240824_albacete,castilla_la_mancha,albacete,8,1,0,24.0,385,25,7921.0
20240824_cuenca,castilla_la_mancha,cuenca,8,1,0,22.9,195,15,3415.7
20240824_guadalajara,castilla_la_mancha,guadalajara,8,1,0,23.2,255,30,5255.1
20240824_las_palmas,canarias,las_palmas,8,1,0,25.5,1150,20,27635.2
20240824_santa_cruz_tenerife,canarias,santa_cruz_tenerife,8,1,0,24.5,1020,20,22415.2
20240824_zaragoza,aragon,zaragoza,8,1,0,19.5,980,50,20043.6
20240824_huesca,aragon,huesca,8,1,0,21.2,220,30,4257.8
20240824_teruel,aragon,teruel,8,1,0,21.4,130,20,2109.1
20240824_badajoz,extremadura,badajoz,8,1,0,25.8,670,22,16822.3
20240824_caceres,extremadura,caceres,8,1,0,26.0,390,18,9012.2
20240824_asturias,asturias,asturias,8,1,0,17.6,1010,45,20184.5
20240824_baleares,baleares,baleares,8,1,0,23.1,1200,15,23878.3
20240824_cantabria,cantabria,cantabria,8,1,0,16.9,580,35,10911.1
20240824_madrid_prov,madrid,madrid_prov,8,1,0,24.2,6700,55,194314.3
20240824_murcia,murcia,murcia,8,1,0,23.0,1550,40,34836.2
20240824_navarra,navarra,navarra,8,1,0,19.2,660,55,15043.3
20240824_la_rioja,la_rioja,la_rioja,8,1,0,21.9,320,40,6665.8
20240826_sevilla,andalucia,sevilla,8,0,0,26.8,1950,55,70169.7
20240826_malaga,andalucia,malaga,8,0,0,28.6,1700,40,61894.9
20240826_cadiz,andalucia,cadiz,8,0,0,25.2,1240,50,39457.4
20240826_cordoba,andalucia,cordoba,8,0,0,24.8,780,35,19048.0
20240826_granada,andalucia,granada,8,0,0,25.0,915,30,23242.5
20240826_jaen,andalucia,jaen,8,0,0,23.1,610,25,13430.0
20240826_almeria,andalucia,almeria,8,0,0,22.4,730,45,18386.5
20240826_huelva,andalucia,huelva,8,0,0,25.7,525,40,15481.7
20240826_barcelona,cataluna,barcelona,8,0,0,21.4,5700,85,185267.0
20240826_tarragona,cataluna,tarragona,8,0,0,20.8,830,70,24184.2
20240826_girona,cataluna,girona,8,0,0,22.0,780,55,20328.4
20240826_lleida,cataluna,lleida,8,0,0,22.3,430,45,11112.1
20240826_valencia,valenciana,valencia,8,0,0,23.3,2650,65,93134.4
20240826_alicante,valenciana,alicante,8,0,0,23.4,1950,55,55759.5
20240826_castellon,valenciana,castellon,8,0,0,23.0,580,60,16306.7
20240826_a_coruna,galicia,a_coruna,8,0,0,18.6,1120,40,24068.3
20240826_pontevedra,galicia,pontevedra,8,0,0,16.9,945,45,21437.2
20240826_lugo,galicia,lugo,8,0,0,16.3,320,25,5763.1
20240826_ourense,galicia,ourense,8,0,0,17.0,305,25,6196.4
20240826_valladolid,castilla_y_leon,valladolid,8,0,0,19.2,520,45,13117.5
20240826_leon,castilla_y_leon,leon,8,0,0,20.0,440,30,9368.5
20240826_burgos,castilla_y_leon,burgos,8,0,0,21.6,360,40,8512.9
20240826_salamanca,castilla_y_leon,salamanca,8,0,0,19.0,330,25,6418.1
20240826_palencia,castilla_y_leon,palencia,8,0,0,21.1,155,30,3313.5
20240826_zamora,castilla_y_leon,zamora,8,0,0,18.0,165,20,3125.9
20240826_avila,castilla_y_leon,avila,8,0,0,17.8,155,20,2929.1
20240826_segovia,castilla_y_leon,segovia,8,0,0,19.5,150,20,2768.6
20240826_soria,castilla_y_leon,soria,8,0,0,19.7,90,20,1562.6
20240826_vizcaya,pais_vasco,vizcaya,8,0,0,19.0,1150,85,34735.6
20240826_guipuzcoa,pais_vasco,guipuzcoa,8,0,0,22.8,715,80,24190.5
20240826_alava,pais_vasco,alava,8,0,0,18.0,335,70,8719.8
20240826_toledo,castilla_la_mancha,toledo,8,0,0,24.2,730,30,17592.8
20240826_ciudad_real,castilla_la_mancha,ciudad_real,8,0,0,21.2,485,25,10086.0
20240826_albacete,castilla_la_mancha,albacete,8,0,0,23.2,385,25,8848.2
20240826_cuenca,castilla_la_mancha,cuenca,8,0,0,22.4,195,15,3787.4
20240826_guadalajara,castilla_la_mancha,guadalajara,8,0,0,22.7,255,30,5889.8
20240826_las_palmas,canarias,las_palmas,8,0,0,23.7,1150,20,26401.8
20240826_santa_cruz_tenerife,canarias,santa_cruz_tenerife,8,0,0,23.2,1020,20,20722.2
20240826_zaragoza,aragon,zaragoza,8,0,0,21.2,980,50,25938.1
20240826_huesca,aragon,huesca,8,0,0,18.9,220,30,4104.6
20240826_teruel,aragon,teruel,8,0,0,22.7,130,20,2898.7
20240826_badajoz,extremadura,badajoz,8,0,0,22.2,670,22,13857.7
20240826_caceres,extremadura,caceres,8,0,0,23.4,390,18,8044.1
20240826_asturias,asturias,asturias,8,0,0,17.6,1010,45,21929.3
20240826_baleares,baleares,baleares,8,0,0,21.3,1200,15,21821.8
20240826_cantabria,cantabria,cantabria,8,0,0,17.1,580,35,11700.4
20240826_madrid_prov,madrid,madrid_prov,8,0,0,23.6,6700,55,192192.3
20240826_murcia,murcia,murcia,8,0,0,23.5,1550,40,40622.6
20240826_navarra,navarra,navarra,8,0,0,19.5,660,55,17449.4
20240826_la_rioja,la_rioja,la_rioja,8,0,0,18.9,320,40,6650.8
20240828_sevilla,andalucia,sevilla,8,0,0,24.7,1950,55,60974.7
20240828_malaga,andalucia,malaga,8,0,0,23.4,1700,40,40783.3
20240828_cadiz,andalucia,cadiz,8,0,0,25.4,1240,50,37339.0
20240828_cordoba,andalucia,cordoba,8,0,0,23.1,780,35,19852.4
20240828_granada,andalucia,granada,8,0,0,24.2,915,30,23858.6
20240828_jaen,andalucia,jaen,8,0,0,25.1,610,25,15341.6
20240828_almeria,andalucia,almeria,8,0,0,24.8,730,45,18568.8
20240828_huelva,andalucia,huelva,8,0,0,23.5,525,40,13516.1
20240828_barcelona,cataluna,barcelona,8,0,0,22.3,5700,85,176113.2
20240828_tarragona,cataluna,tarragona,8,0,0,21.7,830,70,23500.4
20240828_girona,cataluna,girona,8,0,0,22.1,780,55,21289.2
20240828_lleida,cataluna,lleida,8,0,0,22.8,430,45,11816.2
20240828_valencia,valenciana,valencia,8,0,0,24.0,2650,65,89359.9
20240828_alicante,valenciana,alicante,8,0,0,22.9,1950,55,63605.0
20240828_castellon,valenciana,castellon,8,0,0,21.7,580,60,15766.9
20240828_a_coruna,galicia,a_coruna,8,0,0,18.8,1120,40,25899.3
20240828_pontevedra,galicia,pontevedra,8,0,0,18.2,945,45,22625.3
20240828_lugo,galicia,lugo,8,0,0,14.6,320,25,7123.1
20240828_ourense,galicia,ourense,8,0,0,17.3,305,25,6298.7
20240828_valladolid,castilla_y_leon,valladolid,8,0,0,15.9,520,45,12494.8
20240828_leon,castilla_y_leon,leon,8,0,0,17.9,440,30,9188.8
20240828_burgos,castilla_y_leon,burgos,8,0,0,19.2,360,40,8196.3
20240828_salamanca,castilla_y_leon,salamanca,8,0,0,17.2,330,25,6386.6
20240828_palencia,castilla_y_leon,palencia,8,0,0,18.5,155,30,3228.2
20240828_zamora,castilla_y_leon,zamora,8,0,0,20.1,165,20,3132.1
20240828_avila,castilla_y_leon,avila,8,0,0,16.9,155,20,2885.0
20240828_segovia,castilla_y_leon,segovia,8,0,0,22.4,150,20,3310.2
20240828_soria,castilla_y_leon,soria,8,0,0,14.5,90,20,1769.9
20240828_vizcaya,pais_vasco,vizcaya,8,0,0,19.9,1150,85,35751.0
20240828_guipuzcoa,pais_vasco,guipuzcoa,8,0,0,18.0,715,80,21013.2
20240828_alava,pais_vasco,alava,8,0,0,19.4,335,70,8917.4
20240828_toledo,castilla_la_mancha,toledo,8,0,0,23.7,730,30,17451.7
20240828_ciudad_real,castilla_la_mancha,ciudad_real,8,0,0,20.8,485,25,10343.2
20240828_albacete,castilla_la_mancha,albacete,8,0,0,19.9,385,25,7389.9
20240828_cuenca,castilla_la_mancha,cuenca,8,0,0,21.3,195,15,4010.8
20240828_guadalajara,castilla_la_mancha,guadalajara,8,0,0,21.1,255,30,4894.9
20240828_las_palmas,canarias,las_palmas,8,0,0,22.3,1150,20,23798.5
20240828_santa_cruz_tenerife,canarias,santa_cruz_tenerife,8,0,0,24.2,1020,20,25425.3
20240828_zaragoza,aragon,zaragoza,8,0,0,23.2,980,50,27347.8
20240828_huesca,aragon,huesca,8,0,0,20.0,220,30,4944.9
20240828_teruel,aragon,teruel,8,0,0,20.7,130,20,2406.4
20240828_badajoz,extremadura,badajoz,8,0,0,23.1,670,22,13524.0
20240828_caceres,extremadura,caceres,8,0,0,23.1,390,18,7922.6
20240828_asturias,asturias,asturias,8,0,0,18.1,1010,45,22923.7
20240828_baleares,baleares,baleares,8,0,0,20.9,1200,15,20195.9
20240828_cantabria,cantabria,cantabria,8,0,0,17.5,580,35,12385.2
20240828_madrid_prov,madrid,madrid_prov,8,0,0,21.4,6700,55,174516.0
20240828_murcia,murcia,murcia,8,0,0,24.4,1550,40,45228.9
20240828_navarra,navarra,navarra,8,0,0,18.4,660,55,16612.8
20240828_la_rioja,la_rioja,la_rioja,8,0,0,21.3,320,40,7244.6
20240830_sevilla,andalucia,sevilla,8,0,0,24.9,1950,55,61394.0
20240830_malaga,andalucia,malaga,8,0,0,23.1,1700,40,43400.7
20240830_cadiz,andalucia,cadiz,8,0,0,24.9,1240,50,38845.2
20240830_cordoba,andalucia,cordoba,8,0,0,23.2,780,35,19074.7
20240830_granada,andalucia,granada,8,0,0,26.8,915,30,29434.4
20240830_jaen,andalucia,jaen,8,0,0,26.7,610,25,15743.7
20240830_almeria,andalucia,almeria,8,0,0,25.5,730,45,21626.9
20240830_huelva,andalucia,huelva,8,0,0,25.3,525,40,14487.9
20240830_barcelona,cataluna,barcelona,8,0,0,19.1,5700,85,173418.3
20240830_tarragona,cataluna,tarragona,8,0,0,22.6,830,70,26156.0
20240830_girona,cataluna,girona,8,0,0,22.1,780,55,21571.3
20240830_lleida,cataluna,lleida,8,0,0,22.1,430,45,11164.9
20240830_valencia,valenciana,valencia,8,0,0,22.8,2650,65,80761.2
20240830_alicante,valenciana,alicante,8,0,0,25.6,1950,55,64897.4
20240830_castellon,valenciana,castellon,8,0,0,23.2,580,60,17442.1
20240830_a_coruna,galicia,a_coruna,8,0,0,17.1,1120,40,24427.5
20240830_pontevedra,galicia,pontevedra,8,0,0,17.7,945,45,21332.8
20240830_lugo,galicia,lugo,8,0,0,17.2,320,25,5971.2
20240830_ourense,galicia,ourense,8,0,0,17.6,305,25,6081.6
20240830_valladolid,castilla_y_leon,valladolid,8,0,0,18.2,520,45,10885.2
20240830_leon,castilla_y_leon,leon,8,0,0,19.3,440,30,9065.0
20240830_burgos,castilla_y_leon,burgos,8,0,0,17.1,360,40,8343.6
20240830_salamanca,castilla_y_leon,salamanca,8,0,0,16.5,330,25,6809.4
20240830_palencia,castilla_y_leon,palencia,8,0,0,18.4,155,30,2810.5
20240830_zamora,castilla_y_leon,zamora,8,0,0,18.7,165,20,2982.6
20240830_avila,castilla_y_leon,avila,8,0,0,17.7,155,20,2749.7
20240830_segovia,castilla_y_leon,segovia,8,0,0,18.3,150,20,2694.4
20240830_soria,castilla_y_leon,soria,8,0,0,15.9,90,20,1808.8
20240830_vizcaya,pais_vasco,vizcaya,8,0,0,18.1,1150,85,34076.1
20240830_guipuzcoa,pais_vasco,guipuzcoa,8,0,0,16.9,715,80,22281.2
20240830_alava,pais_vasco,alava,8,0,0,16.7,335,70,9498.1
20240830_toledo,castilla_la_mancha,toledo,8,0,0,21.0,730,30,15144.1
20240830_ciudad_real,castilla_la_mancha,ciudad_real,8,0,0,20.3,485,25,9353.7
20240830_albacete,castilla_la_mancha,albacete,8,0,0,21.8,385,25,8143.3
20240830_cuenca,castilla_la_mancha,cuenca,8,0,0,20.7,195,15,3524.1
20240830_guadalajara,castilla_la_mancha,guadalajara,8,0,0,23.1,255,30,5432.7
20240830_las_palmas,canarias,las_palmas,8,0,0,23.0,1150,20,22922.7
20240830_santa_cruz_tenerife,canarias,santa_cruz_tenerife,8,0,0,21.5,1020,20,20300.8
20240830_zaragoza,aragon,zaragoza,8,0,0,20.2,980,50,22804.5
20240830_huesca,aragon,huesca,8,0,0,22.8,220,30,5270.8
20240830_teruel,aragon,teruel,8,0,0,18.3,130,20,2222.3
20240830_badajoz,extremadura,badajoz,8,0,0,24.3,670,22,15101.5
20240830_caceres,extremadura,caceres,8,0,0,25.6,390,18,9524.9
20240830_asturias,asturias,asturias,8,0,0,17.3,1010,45,22263.5
20240830_baleares,baleares,baleares,8,0,0,23.2,1200,15,22520.9
20240830_cantabria,cantabria,cantabria,8,0,0,18.9,580,35,12637.4
20240830_madrid_prov,madrid,madrid_prov,8,0,0,20.8,6700,55,182210.1
20240830_murcia,murcia,murcia,8,0,0,26.8,1550,40,48590.9
20240830_navarra,navarra,navarra,8,0,0,20.0,660,55,16535.9
20240830_la_rioja,la_rioja,la_rioja,8,0,0,19.9,320,40,6712.5
20240901_sevilla,andalucia,sevilla,9,1,0,24.7,1950,55,54822.7
20240901_malaga,andalucia,malaga,9,1,0,27.2,1700,40,45462.3
20240901_cadiz,andalucia,cadiz,9,1,0,24.3,1240,50,34892.0
20240901_cordoba,andalucia,cordoba,9,1,0,24.3,780,35,18048.5
20240901_granada,andalucia,granada,9,1,0,23.5,915,30,18610.8
20240901_jaen,andalucia,jaen,9,1,0,22.1,610,25,11250.8
20240901_almeria,andalucia,almeria,9,1,0,23.3,730,45,17645.7
20240901_huelva,andalucia,huelva,9,1,0,23.6,525,40,11984.3
20240901_barcelona,cataluna,barcelona,9,1,0,20.7,5700,85,163573.3
20240901_tarragona,cataluna,tarragona,9,1,0,20.6,830,70,20482.7
20240901_girona,cataluna,girona,9,1,0,21.5,780,55,19754.9
20240901_lleida,cataluna,lleida,9,1,0,21.5,430,45,9275.2
20240901_valencia,valenciana,valencia,9,1,0,22.8,2650,65,65377.0
20240901_alicante,valenciana,alicante,9,1,0,22.8,1950,55,48512.5
20240901_castellon,valenciana,castellon,9,1,0,21.7,580,60,14038.4
20240901_a_coruna,galicia,a_coruna,9,1,0,16.7,1120,40,23726.7
20240901_pontevedra,galicia,pontevedra,9,1,0,18.8,945,45,18855.3
20240901_lugo,galicia,lugo,9,1,0,16.5,320,25,5498.9
20240901_ourense,galicia,ourense,9,1,0,18.4,305,25,5353.8
20240901_valladolid,castilla_y_leon,valladolid,9,1,0,18.3,520,45,11131.0
20240901_leon,castilla_y_leon,leon,9,1,0,17.4,440,30,8622.5
20240901_burgos,castilla_y_leon,burgos,9,1,0,18.2,360,40,6890.5
20240901_salamanca,castilla_y_leon,salamanca,9,1,0,17.9,330,25,6111.0
20240901_palencia,castilla_y_leon,palencia,9,1,0,17.6,155,30,2971.2
20240901_zamora,castilla_y_leon,zamora,9,1,0,17.3,165,20,2635.8
20240901_avila,castilla_y_leon,avila,9,1,0,19.1,155,20,2473.6
20240901_segovia,castilla_y_leon,segovia,9,1,0,19.4,150,20,2553.0
20240901_soria,castilla_y_leon,soria,9,1,0,17.0,90,20,1493.3
20240901_vizcaya,pais_vasco,vizcaya,9,1,0,17.5,1150,85,32407.4
20240901_guipuzcoa,pais_vasco,guipuzcoa,9,1,0,20.9,715,80,19711.0
20240901_alava,pais_vasco,alava,9,1,0,19.0,335,70,8468.8
20240901_toledo,castilla_la_mancha,toledo,9,1,0,21.6,730,30,14154.8
20240901_ciudad_real,castilla_la_mancha,ciudad_real,9,1,0,20.3,485,25,8846.4
20240901_albacete,castilla_la_mancha,albacete,9,1,0,21.1,385,25,6754.1
20240901_cuenca,castilla_la_mancha,cuenca,9,1,0,23.0,195,15,3494.3
20240901_guadalajara,castilla_la_mancha,guadalajara,9,1,0,21.2,255,30,5265.2
20240901_las_palmas,canarias,las_palmas,9,1,0,20.3,1150,20,20896.9
20240901_santa_cruz_tenerife,canarias,santa_cruz_tenerife,9,1,0,21.7,1020,20,18330.3
20240901_zaragoza,aragon,zaragoza,9,1,0,19.9,980,50,20682.9
20240901_huesca,aragon,huesca,9,1,0,22.5,220,30,4909.1
20240901_teruel,aragon,teruel,9,1,0,20.4,130,20,2257.6
20240901_badajoz,extremadura,badajoz,9,1,0,23.3,670,22,14239.0
20240901_caceres,extremadura,caceres,9,1,0,20.2,390,18,6622.5
20240901_asturias,asturias,asturias,9,1,0,15.8,1010,45,19216.2
20240901_baleares,baleares,baleares,9,1,0,21.8,1200,15,22305.2
20240901_cantabria,cantabria,cantabria,9,1,0,16.0,580,35,11787.1
20240901_madrid_prov,madrid,madrid_prov,9,1,0,23.4,6700,55,174910.3
20240901_murcia,murcia,murcia,9,1,0,23.7,1550,40,33410.6
20240901_navarra,navarra,navarra,9,1,0,18.0,660,55,15563.2
20240901_la_rioja,la_rioja,la_rioja,9,1,0,19.6,320,40,6601.5
20240903_sevilla,andalucia,sevilla,9,0,0,24.6,1950,55,67655.4
20240903_malaga,andalucia,malaga,9,0,0,23.8,1700,40,48551.4
20240903_cadiz,andalucia,cadiz,9,0,0,24.6,1240,50,40375.0
20240903_cordoba,andalucia,cordoba,9,0,0,22.7,780,35,18780.3
20240903_granada,andalucia,granada,9,0,0,23.9,915,30,22270.4
20240903_jaen,andalucia,jaen,9,0,0,26.2,610,25,16425.4
20240903_almeria,andalucia,almeria,9,0,0,26.2,730,45,22308.1
20240903_huelva,andalucia,huelva,9,0,0,23.3,525,40,13456.3
20240903_barcelona,cataluna,barcelona,9,0,0,21.1,5700,85,182494.5
20240903_tarragona,cataluna,tarragona,9,0,0,19.8,830,70,24999.3
20240903_girona,cataluna,girona,9,0,0,20.6,780,55,21757.2
20240903_lleida,cataluna,lleida,9,0,0,21.1,430,45,10833.0
20240903_valencia,valenciana,valencia,9,0,0,23.6,2650,65,80166.4
20240903_alicante,valenciana,alicante,9,0,0,23.3,1950,55,62067.9
20240903_castellon,valenciana,castellon,9,0,0,23.1,580,60,18055.4
20240903_a_coruna,galicia,a_coruna,9,0,0,18.1,1120,40,25241.0
20240903_pontevedra,galicia,pontevedra,9,0,0,17.4,945,45,22520.4
20240903_lugo,galicia,lugo,9,0,0,18.2,320,25,5787.0
20240903_ourense,galicia,ourense,9,0,0,17.5,305,25,5854.9
20240903_valladolid,castilla_y_leon,valladolid,9,0,0,17.4,520,45,12865.4
20240903_leon,castilla_y_leon,leon,9,0,0,16.9,440,30,8382.4
20240903_burgos,castilla_y_leon,burgos,9,0,0,19.0,360,40,7486.4
20240903_salamanca,castilla_y_leon,salamanca,9,0,0,15.2,330,25,6961.2
20240903_palencia,castilla_y_leon,palencia,9,0,0,18.2,155,30,3221.2
20240903_zamora,castilla_y_leon,zamora,9,0,0,17.3,165,20,2839.6
20240903_avila,castilla_y_leon,avila,9,0,0,16.3,155,20,2858.9
20240903_segovia,castilla_y_leon,segovia,9,0,0,16.2,150,20,2854.6
20240903_soria,castilla_y_leon,soria,9,0,0,17.3,90,20,1675.7
20240903_vizcaya,pais_vasco,vizcaya,9,0,0,18.3,1150,85,36056.1
20240903_guipuzcoa,pais_vasco,guipuzcoa,9,0,0,18.8,715,80,21010.4
20240903_alava,pais_vasco,alava,9,0,0,18.4,335,70,9460.2
20240903_toledo,castilla_la_mancha,toledo,9,0,0,17.9,730,30,15302.9
20240903_ciudad_real,castilla_la_mancha,ciudad_real,9,0,0,21.5,485,25,10291.6
20240903_albacete,castilla_la_mancha,albacete,9,0,0,19.5,385,25,7417.5
20240903_cuenca,castilla_la_mancha,cuenca,9,0,0,19.7,195,15,3589.8
20240903_guadalajara,castilla_la_mancha,guadalajara,9,0,0,19.3,255,30,4985.9
20240903_las_palmas,canarias,las_palmas,9,0,0,23.6,1150,20,23985.1
20240903_santa_cruz_tenerife,canarias,santa_cruz_tenerife,9,0,0,21.5,1020,20,20966.0
20240903_zaragoza,aragon,zaragoza,9,0,0,21.8,980,50,26380.9
20240903_huesca,aragon,huesca,9,0,0,21.6,220,30,4731.9
20240903_teruel,aragon,teruel,9,0,0,20.1,130,20,2374.0
20240903_badajoz,extremadura,badajoz,9,0,0,23.2,670,22,14052.8
20240903_caceres,extremadura,caceres,9,0,0,22.3,390,18,7986.4
20240903_asturias,asturias,asturias,9,0,0,18.3,1010,45,23853.6
20240903_baleares,baleares,baleares,9,0,0,24.6,1200,15,25104.7
20240903_cantabria,cantabria,cantabria,9,0,0,14.2,580,35,13767.8
20240903_madrid_prov,madrid,madrid_prov,9,0,0,20.4,6700,55,170525.6
20240903_murcia,murcia,murcia,9,0,0,20.8,1550,40,34309.4
20240903_navarra,navarra,navarra,9,0,0,16.7,660,55,16327.8
20240903_la_rioja,la_rioja,la_rioja,9,0,0,18.7,320,40,7153.9
20240905_sevilla,andalucia,sevilla,9,0,0,25.9,1950,55,68036.1
20240905_malaga,andalucia,malaga,9,0,0,21.9,1700,40,42206.5
20240905_cadiz,andalucia,cadiz,9,0,0,24.4,1240,50,36348.6
20240905_cordoba,andalucia,cordoba,9,0,0,24.2,780,35,20252.1
20240905_granada,andalucia,granada,9,0,0,23.2,915,30,21178.7
20240905_jaen,andalucia,jaen,9,0,0,25.9,610,25,15268.9
20240905_almeria,andalucia,almeria,9,0,0,22.8,730,45,18945.1
20240905_huelva,andalucia,huelva,9,0,0,22.6,525,40,11947.0
20240905_barcelona,cataluna,barcelona,9,0,0,20.4,5700,85,194347.4
20240905_tarragona,cataluna,tarragona,9,0,0,20.8,830,70,24386.7
20240905_girona,cataluna,girona,9,0,0,17.9,780,55,19963.9
20240905_lleida,cataluna,lleida,9,0,0,21.0,430,45,10108.6
20240905_valencia,valenciana,valencia,9,0,0,22.8,2650,65,81214.7
20240905_alicante,valenciana,alicante,9,0,0,21.1,1950,55,52251.0
20240905_castellon,valenciana,castellon,9,0,0,24.2,580,60,18103.8
20240905_a_coruna,galicia,a_coruna,9,0,0,15.8,1120,40,25306.9
20240905_pontevedra,galicia,pontevedra,9,0,0,18.2,945,45,20571.5
20240905_lugo,galicia,lugo,9,0,0,17.8,320,25,5985.4
20240905_ourense,galicia,ourense,9,0,0,17.3,305,25,5750.3
20240905_valladolid,castilla_y_leon,valladolid,9,0,0,16.9,520,45,13077.4
20240905_leon,castilla_y_leon,leon,9,0,0,15.7,440,30,9418.0
20240905_burgos,castilla_y_leon,burgos,9,0,0,20.1,360,40,8465.1
20240905_salamanca,castilla_y_leon,salamanca,9,0,0,15.8,330,25,6147.6
20240905_palencia,castilla_y_leon,palencia,9,0,0,16.6,155,30,3204.3
20240905_zamora,castilla_y_leon,zamora,9,0,0,18.0,165,20,2848.4
20240905_avila,castilla_y_leon,avila,9,0,0,16.4,155,20,2774.8
20240905_segovia,castilla_y_leon,segovia,9,0,0,17.4,150,20,3053.2
20240905_soria,castilla_y_leon,soria,9,0,0,16.4,90,20,1600.2
20240905_vizcaya,pais_vasco,vizcaya,9,0,0,16.4,1150,85,37028.2
20240905_guipuzcoa,pais_vasco,guipuzcoa,9,0,0,17.9,715,80,20363.9
20240905_alava,pais_vasco,alava,9,0,0,17.4,335,70,8995.3
20240905_toledo,castilla_la_mancha,toledo,9,0,0,21.4,730,30,18014.1
20240905_ciudad_real,castilla_la_mancha,ciudad_real,9,0,0,21.7,485,25,10060.3
20240905_albacete,castilla_la_mancha,albacete,9,0,0,20.0,385,25,7124.3
20240905_cuenca,castilla_la_mancha,cuenca,9,0,0,22.0,195,15,3830.0
20240905_guadalajara,castilla_la_mancha,guadalajara,9,0,0,20.3,255,30,5662.0
20240905_las_palmas,canarias,las_palmas,9,0,0,22.7,1150,20,24719.2
20240905_santa_cruz_tenerife,canarias,santa_cruz_tenerife,9,0,0,23.1,1020,20,21295.2
20240905_zaragoza,aragon,zaragoza,9,0,0,18.8,980,50,23524.3
20240905_huesca,aragon,huesca,9,0,0,21.3,220,30,4619.5
20240905_teruel,aragon,teruel,9,0,0,20.8,130,20,2361.4
20240905_badajoz,extremadura,badajoz,9,0,0,23.8,670,22,15102.9
20240905_caceres,extremadura,caceres,9,0,0,21.0,390,18,7286.7
20240905_asturias,asturias,asturias,9,0,0,17.8,1010,45,21951.6
20240905_baleares,baleares,baleares,9,0,0,20.4,1200,15,21547.1
20240905_cantabria,cantabria,cantabria,9,0,0,19.7,580,35,12093.6
20240905_madrid_prov,madrid,madrid_prov,9,0,0,21.9,6700,55,183833.9
20240905_murcia,murcia,murcia,9,0,0,22.2,1550,40,38118.4
20240905_navarra,navarra,navarra,9,0,0,17.9,660,55,16233.6
20240905_la_rioja,la_rioja,la_rioja,9,0,0,16.7,320,40,7158.7
20240907_sevilla,andalucia,sevilla,9,1,0,25.2,1950,55,56719.4
20240907_malaga,andalucia,malaga,9,1,0,25.5,1700,40,45744.4
20240907_cadiz,andalucia,cadiz,9,1,0,23.9,1240,50,31011.2
20240907_cordoba,andalucia,cordoba,9,1,0,23.3,780,35,15983.7
20240907_granada,andalucia,granada,9,1,0,23.6,915,30,19729.4
20240907_jaen,andalucia,jaen,9,1,0,26.4,610,25,15103.4
20240907_almeria,andalucia,almeria,9,1,0,22.8,730,45,15907.0
20240907_huelva,andalucia,huelva,9,1,0,23.7,525,40,12855.2
20240907_barcelona,cataluna,barcelona,9,1,0,20.4,5700,85,166923.7
20240907_tarragona,cataluna,tarragona,9,1,0,20.4,830,70,22279.9
20240907_girona,cataluna,girona,9,1,0,18.4,780,55,19064.3
20240907_lleida,cataluna,lleida,9,1,0,19.1,430,45,9380.6
20240907_valencia,valenciana,valencia,9,1,0,22.0,2650,65,69430.4
20240907_alicante,valenciana,alicante,9,1,0,22.0,1950,55,48465.9
20240907_castellon,valenciana,castellon,9,1,0,23.0,580,60,16268.6
20240907_a_coruna,galicia,a_coruna,9,1,0,18.8,1120,40,22826.1
20240907_pontevedra,galicia,pontevedra,9,1,0,19.2,945,45,19940.1
20240907_lugo,galicia,lugo,9,1,0,18.3,320,25,5695.9
20240907_ourense,galicia,ourense,9,1,0,16.1,305,25,5468.2
20240907_valladolid,castilla_y_leon,valladolid,9,1,0,18.1,520,45,10813.0
20240907_leon,castilla_y_leon,leon,9,1,0,18.0,440,30,8391.9
20240907_burgos,castilla_y_leon,burgos,9,1,0,17.3,360,40,6220.8
20240907_salamanca,castilla_y_leon,salamanca,9,1,0,19.7,330,25,5753.3
20240907_palencia,castilla_y_leon,palencia,9,1,0,16.2,155,30,2722.7
20240907_zamora,castilla_y_leon,zamora,9,1,0,16.9,165,20,2673.5
20240907_avila,castilla_y_leon,avila,9,1,0,16.3,155,20,2517.6
20240907_segovia,castilla_y_leon,segovia,9,1,0,18.1,150,20,2749.0
20240907_soria,castilla_y_leon,soria,9,1,0,18.5,90,20,1578.5
20240907_vizcaya,pais_vasco,vizcaya,9,1,0,17.2,1150,85,32081.9
20240907_guipuzcoa,pais_vasco,guipuzcoa,9,1,0,18.3,715,80,18556.6
20240907_alava,pais_vasco,alava,9,1,0,17.2,335,70,8809.1
20240907_toledo,castilla_la_mancha,toledo,9,1,0,22.2,730,30,14680.1
20240907_ciudad_real,castilla_la_mancha,ciudad_real,9,1,0,19.0,485,25,8366.6
20240907_albacete,castilla_la_mancha,albacete,9,1,0,18.7,385,25,6744.5
20240907_cuenca,castilla_la_mancha,cuenca,9,1,0,21.0,195,15,3174.1
20240907_guadalajara,castilla_la_mancha,guadalajara,9,1,0,21.0,255,30,4993.9
20240907_las_palmas,canarias,las_palmas,9,1,0,23.0,1150,20,20380.3
20240907_santa_cruz_tenerife,canarias,santa_cruz_tenerife,9,1,0,22.3,1020,20,18966.4
20240907_zaragoza,aragon,zaragoza,9,1,0,22.1,980,50,22885.6
20240907_huesca,aragon,huesca,9,1,0,20.6,220,30,4360.4
20240907_teruel,aragon,teruel,9,1,0,19.6,130,20,2311.7
20240907_badajoz,extremadura,badajoz,9,1,0,24.1,670,22,14580.3
20240907_caceres,extremadura,caceres,9,1,0,23.0,390,18,8101.3
20240907_asturias,asturias,asturias,9,1,0,15.5,1010,45,24210.1
20240907_baleares,baleares,baleares,9,1,0,22.8,1200,15,22730.4
20240907_cantabria,cantabria,cantabria,9,1,0,16.1,580,35,11799.6
20240907_madrid_prov,madrid,madrid_prov,9,1,0,22.9,6700,55,161679.6
20240907_murcia,murcia,murcia,9,1,0,22.6,1550,40,31093.4
20240907_navarra,navarra,navarra,9,1,0,18.0,660,55,14278.6
20240907_la_rioja,la_rioja,la_rioja,9,1,0,18.5,320,40,7406.1
20240909_sevilla,andalucia,sevilla,9,0,0,26.1,1950,55,61916.7
20240909_malaga,andalucia,malaga,9,0,0,24.5,1700,40,48371.8
20240909_cadiz,andalucia,cadiz,9,0,0,23.2,1240,50,34696.1
20240909_cordoba,andalucia,cordoba,9,0,0,24.1,780,35,18663.6
20240909_granada,andalucia,granada,9,0,0,22.3,915,30,20610.0
20240909_jaen,andalucia,jaen,9,0,0,23.9,610,25,13537.5
20240909_almeria,andalucia,almeria,9,0,0,22.6,730,45,18777.9
20240909_huelva,andalucia,huelva,9,0,0,25.0,525,40,14695.8
20240909_barcelona,cataluna,barcelona,9,0,0,22.7,5700,85,189728.5
20240909_tarragona,cataluna,tarragona,9,0,0,20.7,830,70,23648.5
20240909_girona,cataluna,girona,9,0,0,21.2,780,55,19872.7
20240909_lleida,cataluna,lleida,9,0,0,23.1,430,45,10464.9
20240909_valencia,valenciana,valencia,9,0,0,24.5,2650,65,88564.4
20240909_alicante,valenciana,alicante,9,0,0,22.9,1950,55,59116.1
20240909_castellon,valenciana,castellon,9,0,0,23.3,580,60,16809.8
20240909_a_coruna,galicia,a_coruna,9,0,0,17.5,1120,40,27321.1
20240909_pontevedra,galicia,pontevedra,9,0,0,15.4,945,45,25184.2
20240909_lugo,galicia,lugo,9,0,0,17.2,320,25,6077.6
20240909_ourense,galicia,ourense,9,0,0,15.4,305,25,6045.5
20240909_valladolid,castilla_y_leon,valladolid,9,0,0,14.3,520,45,12650.5
20240909_leon,castilla_y_leon,leon,9,0,0,16.7,440,30,8538.9
20240909_burgos,castilla_y_leon,burgos,9,0,0,18.1,360,40,7903.0
20240909_salamanca,castilla_y_leon,salamanca,9,0,0,16.2,330,25,6393.3
20240909_palencia,castilla_y_leon,palencia,9,0,0,17.6,155,30,3160.1
20240909_zamora,castilla_y_leon,zamora,9,0,0,16.1,165,20,3114.8
20240909_avila,castilla_y_leon,avila,9,0,0,17.0,155,20,2707.9
20240909_segovia,castilla_y_leon,segovia,9,0,0,16.7,150,20,2867.7
20240909_soria,castilla_y_leon,soria,9,0,0,17.9,90,20,1636.8
20240909_vizcaya,pais_vasco,vizcaya,9,0,0,18.5,1150,85,33700.1
20240909_guipuzcoa,pais_vasco,guipuzcoa,9,0,0,16.2,715,80,21392.7
20240909_alava,pais_vasco,alava,9,0,0,19.7,335,70,9560.0
20240909_toledo,castilla_la_mancha,toledo,9,0,0,20.0,730,30,16352.2
20240909_ciudad_real,castilla_la_mancha,ciudad_real,9,0,0,20.0,485,25,10716.3
20240909_albacete,castilla_la_mancha,albacete,9,0,0,19.7,385,25,7187.7
20240909_cuenca,castilla_la_mancha,cuenca,9,0,0,20.1,195,15,3444.9
20240909_guadalajara,castilla_la_mancha,guadalajara,9,0,0,19.2,255,30,5944.2
20240909_las_palmas,canarias,las_palmas,9,0,0,23.0,1150,20,24599.2
20240909_santa_cruz_tenerife,canarias,santa_cruz_tenerife,9,0,0,21.9,1020,20,19740.6
20240909_zaragoza,aragon,zaragoza,9,0,0,21.0,980,50,22800.7
20240909_huesca,aragon,huesca,9,0,0,18.0,220,30,4409.8
20240909_teruel,aragon,teruel,9,0,0,21.5,130,20,2503.2
20240909_badajoz,extremadura,badajoz,9,0,0,22.7,670,22,14106.9
20240909_caceres,extremadura,caceres,9,0,0,23.9,390,18,7734.0
20240909_asturias,asturias,asturias,9,0,0,17.2,1010,45,23219.0
20240909_baleares,baleares,baleares,9,0,0,22.9,1200,15,22698.0
20240909_cantabria,cantabria,cantabria,9,0,0,16.4,580,35,12423.7
20240909_madrid_prov,madrid,madrid_prov,9,0,0,19.2,6700,55,158567.2
20240909_murcia,murcia,murcia,9,0,0,21.8,1550,40,37406.4
20240909_navarra,navarra,navarra,9,0,0,16.9,660,55,16354.5
20240909_la_rioja,la_rioja,la_rioja,9,0,0,15.9,320,40,7145.7
20240911_sevilla,andalucia,sevilla,9,0,0,24.9,1950,55,63799.0
20240911_malaga,andalucia,malaga,9,0,0,23.3,1700,40,44176.3
20240911_cadiz,andalucia,cadiz,9,0,0,22.3,1240,50,35695.9
20240911_cordoba,andalucia,cordoba,9,0,0,26.4,780,35,23122.0
20240911_granada,andalucia,granada,9,0,0,27.1,915,30,26100.8
20240911_jaen,andalucia,jaen,9,0,0,21.7,610,25,12251.0
20240911_almeria,andalucia,almeria,9,0,0,23.2,730,45,21733.2
20240911_huelva,andalucia,huelva,9,0,0,23.1,525,40,12736.8
20240911_barcelona,cataluna,barcelona,9,0,0,18.9,5700,85,186330.8
20240911_tarragona,cataluna,tarragona,9,0,0,21.6,830,70,24184.0
20240911_girona,cataluna,girona,9,0,0,17.6,780,55,18478.6
20240911_lleida,cataluna,lleida,9,0,0,22.6,430,45,11495.3
20240911_valencia,valenciana,valencia,9,0,0,22.0,2650,65,85276.2
20240911_alicante,valenciana,alicante,9,0,0,24.7,1950,55,60597.3
20240911_castellon,valenciana,castellon,9,0,0,21.9,580,60,15856.1
20240911_a_coruna,galicia,a_coruna,9,0,0,16.1,1120,40,23517.2
20240911_pontevedra,galicia,pontevedra,9,0,0,14.4,945,45,21458.0
20240911_lugo,galicia,lugo,9,0,0,18.0,320,25,5725.6
20240911_ourense,galicia,ourense,9,0,0,19.3,305,25,5738.4
20240911_valladolid,castilla_y_leon,valladolid,9,0,0,19.2,520,45,11912.4
20240911_leon,castilla_y_leon,leon,9,0,0,14.6,440,30,10128.5
20240911_burgos,castilla_y_leon,burgos,9,0,0,18.8,360,40,7658.9
20240911_salamanca,castilla_y_leon,salamanca,9,0,0,16.3,330,25,6195.5
20240911_palencia,castilla_y_leon,palencia,9,0,0,16.6,155,30,3195.8
20240911_zamora,castilla_y_leon,zamora,9,0,0,16.3,165,20,2815.7
20240911_avila,castilla_y_leon,avila,9,0,0,16.0,155,20,3020.1
20240911_segovia,castilla_y_leon,segovia,9,0,0,16.5,150,20,2748.4
20240911_soria,castilla_y_leon,soria,9,0,0,15.5,90,20,1661.8
20240911_vizcaya,pais_vasco,vizcaya,9,0,0,19.3,1150,85,33710.4
20240911_guipuzcoa,pais_vasco,guipuzcoa,9,0,0,18.4,715,80,21361.6
20240911_alava,pais_vasco,alava,9,0,0,17.7,335,70,9010.3
20240911_toledo,castilla_la_mancha,toledo,9,0,0,19.6,730,30,15011.4
20240911_ciudad_real,castilla_la_mancha,ciudad_real,9,0,0,19.3,485,25,9632.5
20240911_albacete,castilla_la_mancha,albacete,9,0,0,20.7,385,25,8636.3
20240911_cuenca,castilla_la_mancha,cuenca,9,0,0,20.5,195,15,3194.2
20240911_guadalajara,castilla_la_mancha,guadalajara,9,0,0,21.7,255,30,5506.4
20240911_las_palmas,canarias,las_palmas,9,0,0,25.2,1150,20,29345.2
20240911_santa_cruz_tenerife,canarias,santa_cruz_tenerife,9,0,0,21.7,1020,20,20935.7
20240911_zaragoza,aragon,zaragoza,9,0,0,18.5,980,50,23638.4
20240911_huesca,aragon,huesca,9,0,0,20.2,220,30,4849.8
20240911_teruel,aragon,teruel,9,0,0,20.5,130,20,2485.7
20240911_badajoz,extremadura,badajoz,9,0,0,25.3,670,22,15937.3
20240911_caceres,extremadura,caceres,9,0,0,19.5,390,18,6631.7
20240911_asturias,asturias,asturias,9,0,0,18.1,1010,45,23284.2
20240911_baleares,baleares,baleares,9,0,0,21.6,1200,15,21813.3
20240911_cantabria,cantabria,cantabria,9,0,0,15.6,580,35,12213.8
20240911_madrid_prov,madrid,madrid_prov,9,0,0,20.9,6700,55,174922.3
20240911_murcia,murcia,murcia,9,0,0,23.0,1550,40,39832.9
20240911_navarra,navarra,navarra,9,0,0,17.1,660,55,15425.8
20240911_la_rioja,la_rioja,la_rioja,9,0,0,16.1,320,40,8430.5
20240913_sevilla,andalucia,sevilla,9,0,0,25.3,1950,55,67382.9
20240913_malaga,andalucia,malaga,9,0,0,22.3,1700,40,41503.1
20240913_cadiz,andalucia,cadiz,9,0,0,22.1,1240,50,30508.6
20240913_cordoba,andalucia,cordoba,9,0,0,22.4,780,35,19569.7
20240913_granada,andalucia,granada,9,0,0,24.4,915,30,21646.0
20240913_jaen,andalucia,jaen,9,0,0,22.8,610,25,13776.8
20240913_almeria,andalucia,almeria,9,0,0,22.4,730,45,18766.4
20240913_huelva,andalucia,huelva,9,0,0,23.8,525,40,14050.4
20240913_barcelona,cataluna,barcelona,9,0,0,20.3,5700,85,174453.5
20240913_tarragona,cataluna,tarragona,9,0,0,19.2,830,70,22033.8
20240913_girona,cataluna,girona,9,0,0,17.8,780,55,19425.2
20240913_lleida,cataluna,lleida,9,0,0,21.1,430,45,9772.0
20240913_valencia,valenciana,valencia,9,0,0,22.1,2650,65,80968.3
20240913_alicante,valenciana,alicante,9,0,0,19.1,1950,55,48494.0
20240913_castellon,valenciana,castellon,9,0,0,24.0,580,60,18544.5
20240913_a_coruna,galicia,a_coruna,9,0,0,13.8,1120,40,28234.6
20240913_pontevedra,galicia,pontevedra,9,0,0,15.3,945,45,23528.2
20240913_lugo,galicia,lugo,9,0,0,15.4,320,25,6402.5
20240913_ourense,galicia,ourense,9,0,0,15.6,305,25,6085.1
20240913_valladolid,castilla_y_leon,valladolid,9,0,0,15.7,520,45,12249.2
20240913_leon,castilla_y_leon,leon,9,0,0,14.8,440,30,9654.7
20240913_burgos,castilla_y_leon,burgos,9,0,0,16.7,360,40,7434.3
20240913_salamanca,castilla_y_leon,salamanca,9,0,0,17.9,330,25,6328.4
20240913_palencia,castilla_y_leon,palencia,9,0,0,16.7,155,30,3298.1
20240913_zamora,castilla_y_leon,zamora,9,0,0,16.9,165,20,3237.2
20240913_avila,castilla_y_leon,avila,9,0,0,16.1,155,20,3064.1
20240913_segovia,castilla_y_leon,segovia,9,0,0,16.7,150,20,2858.5
20240913_soria,castilla_y_leon,soria,9,0,0,17.0,90,20,1770.4
20240913_vizcaya,pais_vasco,vizcaya,9,0,0,18.2,1150,85,34574.0
20240913_guipuzcoa,pais_vasco,guipuzcoa,9,0,0,16.3,715,80,21597.4
20240913_alava,pais_vasco,alava,9,0,0,16.1,335,70,9040.7
20240913_toledo,castilla_la_mancha,toledo,9,0,0,16.8,730,30,13825.4
20240913_ciudad_real,castilla_la_mancha,ciudad_real,9,0,0,22.5,485,25,10101.2
20240913_albacete,castilla_la_mancha,albacete,9,0,0,22.4,385,25,8411.9
20240913_cuenca,castilla_la_mancha,cuenca,9,0,0,19.7,195,15,3204.9
20240913_guadalajara,castilla_la_mancha,guadalajara,9,0,0,19.8,255,30,5784.3
20240913_las_palmas,canarias,las_palmas,9,0,0,24.5,1150,20,26444.1
20240913_santa_cruz_tenerife,canarias,santa_cruz_tenerife,9,0,0,20.7,1020,20,18614.6
20240913_zaragoza,aragon,zaragoza,9,0,0,17.8,980,50,25172.3
20240913_huesca,aragon,huesca,9,0,0,21.3,220,30,4773.3
20240913_teruel,aragon,teruel,9,0,0,18.6,130,20,2588.5
20240913_badajoz,extremadura,badajoz,9,0,0,20.1,670,22,12922.0
20240913_caceres,extremadura,caceres,9,0,0,22.1,390,18,7361.4
20240913_asturias,asturias,asturias,9,0,0,15.0,1010,45,23683.1
20240913_baleares,baleares,baleares,9,0,0,23.1,1200,15,26385.5
20240913_cantabria,cantabria,cantabria,9,0,0,16.3,580,35,12356.6
20240913_madrid_prov,madrid,madrid_prov,9,0,0,19.1,6700,55,168981.7
20240913_murcia,murcia,murcia,9,0,0,21.4,1550,40,36416.7
20240913_navarra,navarra,navarra,9,0,0,18.0,660,55,16194.3
20240913_la_rioja,la_rioja,la_rioja,9,0,0,17.7,320,40,7039.5
20240915_sevilla,andalucia,sevilla,9,1,0,22.5,1950,55,47746.4
20240915_malaga,andalucia,malaga,9,1,0,24.0,1700,40,37229.8
20240915_cadiz,andalucia,cadiz,9,1,0,25.1,1240,50,34649.7
20240915_cordoba,andalucia,cordoba,9,1,0,23.8,780,35,18311.1
20240915_granada,andalucia,granada,9,1,0,21.9,915,30,17329.4
20240915_jaen,andalucia,jaen,9,1,0,21.5,610,25,11191.8
20240915_almeria,andalucia,almeria,9,1,0,23.9,730,45,17604.6
20240915_huelva,andalucia,huelva,9,1,0,23.8,525,40,11028.8
20240915_barcelona,cataluna,barcelona,9,1,0,19.1,5700,85,168343.4
20240915_tarragona,cataluna,tarragona,9,1,0,19.4,830,70,20215.1
20240915_girona,cataluna,girona,9,1,0,18.8,780,55,15156.7
20240915_lleida,cataluna,lleida,9,1,0,18.3,430,45,9445.5
20240915_valencia,valenciana,valencia,9,1,0,20.6,2650,65,65147.9
20240915_alicante,valenciana,alicante,9,1,0,18.2,1950,55,40509.3
20240915_castellon,valenciana,castellon,9,1,0,23.1,580,60,15997.4
20240915_a_coruna,galicia,a_coruna,9,1,0,14.4,1120,40,23226.7
20240915_pontevedra,galicia,pontevedra,9,1,0,16.2,945,45,18881.0
20240915_lugo,galicia,lugo,9,1,0,13.4,320,25,6169.6
20240915_ourense,galicia,ourense,9,1,0,17.0,305,25,5499.1
20240915_valladolid,castilla_y_leon,valladolid,9,1,0,17.4,520,45,10040.6
20240915_leon,castilla_y_leon,leon,9,1,0,16.3,440,30,8062.4
20240915_burgos,castilla_y_leon,burgos,9,1,0,16.0,360,40,7263.3
20240915_salamanca,castilla_y_leon,salamanca,9,1,0,15.2,330,25,5146.7
20240915_palencia,castilla_y_leon,palencia,9,1,0,17.8,155,30,2878.8
20240915_zamora,castilla_y_leon,zamora,9,1,0,14.1,165,20,3032.0
20240915_avila,castilla_y_leon,avila,9,1,0,15.5,155,20,2596.3
20240915_segovia,castilla_y_leon,segovia,9,1,0,15.1,150,20,2669.4
20240915_soria,castilla_y_leon,soria,9,1,0,15.1,90,20,1478.0
20240915_vizcaya,pais_vasco,vizcaya,9,1,0,18.5,1150,85,31574.5
20240915_guipuzcoa,pais_vasco,guipuzcoa,9,1,0,16.7,715,80,20014.1
20240915_alava,pais_vasco,alava,9,1,0,16.0,335,70,8391.4
20240915_toledo,castilla_la_mancha,toledo,9,1,0,19.8,730,30,12575.5
20240915_ciudad_real,castilla_la_mancha,ciudad_real,9,1,0,19.7,485,25,8264.4
20240915_albacete,castilla_la_mancha,albacete,9,1,0,20.6,385,25,7148.0
20240915_cuenca,castilla_la_mancha,cuenca,9,1,0,20.0,195,15,2887.6
20240915_guadalajara,castilla_la_mancha,guadalajara,9,1,0,19.3,255,30,4430.4
20240915_las_palmas,canarias,las_palmas,9,1,0,22.2,1150,20,18582.2
20240915_santa_cruz_tenerife,canarias,santa_cruz_tenerife,9,1,0,20.1,1020,20,18343.0
20240915_zaragoza,aragon,zaragoza,9,1,0,19.2,980,50,21036.9
20240915_huesca,aragon,huesca,9,1,0,17.4,220,30,3813.7
20240915_teruel,aragon,teruel,9,1,0,19.0,130,20,2126.2
20240915_badajoz,extremadura,badajoz,9,1,0,23.3,670,22,12974.9
20240915_caceres,extremadura,caceres,9,1,0,21.3,390,18,6243.2
20240915_asturias,asturias,asturias,9,1,0,15.2,1010,45,22134.7
20240915_baleares,baleares,baleares,9,1,0,20.4,1200,15,18986.0
20240915_cantabria,cantabria,cantabria,9,1,0,16.4,580,35,12125.5
20240915_madrid_prov,madrid,madrid_prov,9,1,0,19.9,6700,55,162964.6
20240915_murcia,murcia,murcia,9,1,0,22.8,1550,40,36842.3
20240915_navarra,navarra,navarra,9,1,0,16.3,660,55,14947.1
20240915_la_rioja,la_rioja,la_rioja,9,1,0,17.4,320,40,6581.5
20240917_sevilla,andalucia,sevilla,9,0,0,23.8,1950,55,58129.3
20240917_malaga,andalucia,malaga,9,0,0,23.9,1700,40,43672.7
20240917_cadiz,andalucia,cadiz,9,0,0,23.9,1240,50,37445.6
20240917_cordoba,andalucia,cordoba,9,0,0,23.6,780,35,19567.7
20240917_granada,andalucia,granada,9,0,0,23.7,915,30,20885.3
20240917_jaen,andalucia,jaen,9,0,0,22.9,610,25,13585.9
20240917_almeria,andalucia,almeria,9,0,0,20.8,730,45,18044.2
20240917_huelva,andalucia,huelva,9,0,0,20.9,525,40,11936.2
20240917_barcelona,cataluna,barcelona,9,0,0,19.5,5700,85,170942.3
20240917_tarragona,cataluna,tarragona,9,0,0,19.5,830,70,23527.5
20240917_girona,cataluna,girona,9,0,0,18.3,780,55,20101.8
20240917_lleida,cataluna,lleida,9,0,0,18.4,430,45,11164.6
20240917_valencia,valenciana,valencia,9,0,0,21.0,2650,65,70756.2
20240917_alicante,valenciana,alicante,9,0,0,19.8,1950,55,52652.0
20240917_castellon,valenciana,castellon,9,0,0,20.6,580,60,14613.3
20240917_a_coruna,galicia,a_coruna,9,0,0,17.2,1120,40,24421.7
20240917_pontevedra,galicia,pontevedra,9,0,0,17.0,945,45,23052.5
20240917_lugo,galicia,lugo,9,0,0,16.4,320,25,7073.2
20240917_ourense,galicia,ourense,9,0,0,13.6,305,25,6259.2
20240917_valladolid,castilla_y_leon,valladolid,9,0,0,15.5,520,45,13938.4
20240917_leon,castilla_y_leon,leon,9,0,0,18.4,440,30,9530.9
20240917_burgos,castilla_y_leon,burgos,9,0,0,14.7,360,40,8173.8
20240917_salamanca,castilla_y_leon,salamanca,9,0,0,14.7,330,25,6507.6
20240917_palencia,castilla_y_leon,palencia,9,0,0,17.9,155,30,3107.5
20240917_zamora,castilla_y_leon,zamora,9,0,0,15.7,165,20,3247.1
20240917_avila,castilla_y_leon,avila,9,0,0,13.5,155,20,3173.7
20240917_segovia,castilla_y_leon,segovia,9,0,0,14.3,150,20,2921.8
20240917_soria,castilla_y_leon,soria,9,0,0,15.0,90,20,1681.3
20240917_vizcaya,pais_vasco,vizcaya,9,0,0,17.1,1150,85,35912.7
20240917_guipuzcoa,pais_vasco,guipuzcoa,9,0,0,16.4,715,80,21988.6
20240917_alava,pais_vasco,alava,9,0,0,15.5,335,70,9992.6
20240917_toledo,castilla_la_mancha,toledo,9,0,0,18.8,730,30,14511.1
20240917_ciudad_real,castilla_la_mancha,ciudad_real,9,0,0,18.0,485,25,9269.8
20240917_albacete,castilla_la_mancha,albacete,9,0,0,21.7,385,25,7984.6
20240917_cuenca,castilla_la_mancha,cuenca,9,0,0,17.5,195,15,3567.3
20240917_guadalajara,castilla_la_mancha,guadalajara,9,0,0,18.4,255,30,5254.1
20240917_las_palmas,canarias,las_palmas,9,0,0,21.3,1150,20,23881.0
20240917_santa_cruz_tenerife,canarias,santa_cruz_tenerife,9,0,0,21.3,1020,20,21321.0
20240917_zaragoza,aragon,zaragoza,9,0,0,16.9,980,50,23424.0
20240917_huesca,aragon,huesca,9,0,0,20.3,220,30,4635.0
20240917_teruel,aragon,teruel,9,0,0,21.5,130,20,2521.6
20240917_badajoz,extremadura,badajoz,9,0,0,21.2,670,22,14623.0
20240917_caceres,extremadura,caceres,9,0,0,18.7,390,18,6493.2
20240917_asturias,asturias,asturias,9,0,0,14.4,1010,45,26049.9
20240917_baleares,baleares,baleares,9,0,0,18.5,1200,15,21598.4
20240917_cantabria,cantabria,cantabria,9,0,0,16.5,580,35,13784.4
20240917_madrid_prov,madrid,madrid_prov,9,0,0,20.8,6700,55,178304.1
20240917_murcia,murcia,murcia,9,0,0,23.6,1550,40,41434.7
20240917_navarra,navarra,navarra,9,0,0,16.2,660,55,15870.1
20240917_la_rioja,la_rioja,la_rioja,9,0,0,16.6,320,40,7164.2
20240919_sevilla,andalucia,sevilla,9,0,0,22.6,1950,55,49053.1
20240919_malaga,andalucia,malaga,9,0,0,22.1,1700,40,41233.2
20240919_cadiz,andalucia,cadiz,9,0,0,23.2,1240,50,37130.2
20240919_cordoba,andalucia,cordoba,9,0,0,22.6,780,35,17710.7
20240919_granada,andalucia,granada,9,0,0,19.8,915,30,19575.2
20240919_jaen,andalucia,jaen,9,0,0,21.2,610,25,13003.0
20240919_almeria,andalucia,almeria,9,0,0,24.3,730,45,19095.1
20240919_huelva,andalucia,huelva,9,0,0,23.2,525,40,14248.2
20240919_barcelona,cataluna,barcelona,9,0,0,20.6,5700,85,163586.6
20240919_tarragona,cataluna,tarragona,9,0,0,18.0,830,70,21710.4
20240919_girona,cataluna,girona,9,0,0,19.9,780,55,20334.5
20240919_lleida,cataluna,lleida,9,0,0,15.4,430,45,10169.1
20240919_valencia,valenciana,valencia,9,0,0,22.1,2650,65,78475.4
20240919_alicante,valenciana,alicante,9,0,0,21.2,1950,55,50571.2
20240919_castellon,valenciana,castellon,9,0,0,19.5,580,60,15239.1
20240919_a_coruna,galicia,a_coruna,9,0,0,15.9,1120,40,26226.1
20240919_pontevedra,galicia,pontevedra,9,0,0,16.8,945,45,22122.5
20240919_lugo,galicia,lugo,9,0,0,17.4,320,25,6087.2
20240919_ourense,galicia,ourense,9,0,0,13.9,305,25,6614.5
20240919_valladolid,castilla_y_leon,valladolid,9,0,0,15.7,520,45,12692.5
20240919_leon,castilla_y_leon,leon,9,0,0,13.8,440,30,10731.0
20240919_burgos,castilla_y_leon,burgos,9,0,0,16.5,360,40,7969.0
20240919_salamanca,castilla_y_leon,salamanca,9,0,0,14.2,330,25,7266.1
20240919_palencia,castilla_y_leon,palencia,9,0,0,14.0,155,30,3833.8
20240919_zamora,castilla_y_leon,zamora,9,0,0,14.7,165,20,3509.5
20240919_avila,castilla_y_leon,avila,9,0,0,15.3,155,20,3212.1
20240919_segovia,castilla_y_leon,segovia,9,0,0,14.5,150,20,2947.9
20240919_soria,castilla_y_leon,soria,9,0,0,16.7,90,20,1728.3
20240919_vizcaya,pais_vasco,vizcaya,9,0,0,18.1,1150,85,34492.7
20240919_guipuzcoa,pais_vasco,guipuzcoa,9,0,0,16.6,715,80,22898.0
20240919_alava,pais_vasco,alava,9,0,0,15.5,335,70,9934.8
20240919_toledo,castilla_la_mancha,toledo,9,0,0,18.4,730,30,14983.8
20240919_ciudad_real,castilla_la_mancha,ciudad_real,9,0,0,18.9,485,25,9056.9
20240919_albacete,castilla_la_mancha,albacete,9,0,0,18.4,385,25,7508.0
20240919_cuenca,castilla_la_mancha,cuenca,9,0,0,18.6,195,15,3687.9
20240919_guadalajara,castilla_la_mancha,guadalajara,9,0,0,20.2,255,30,5385.4
20240919_las_palmas,canarias,las_palmas,9,0,0,20.9,1150,20,21267.9
20240919_santa_cruz_tenerife,canarias,santa_cruz_tenerife,9,0,0,24.8,1020,20,22342.0
20240919_zaragoza,aragon,zaragoza,9,0,0,18.2,980,50,24042.9
20240919_huesca,aragon,huesca,9,0,0,17.6,220,30,4250.3
20240919_teruel,aragon,teruel,9,0,0,16.9,130,20,2341.6
20240919_badajoz,extremadura,badajoz,9,0,0,19.5,670,22,13618.0
20240919_caceres,extremadura,caceres,9,0,0,20.5,390,18,7083.5
20240919_asturias,asturias,asturias,9,0,0,15.5,1010,45,24981.6
20240919_baleares,baleares,baleares,9,0,0,20.0,1200,15,22402.7
20240919_cantabria,cantabria,cantabria,9,0,0,13.9,580,35,14284.9
20240919_madrid_prov,madrid,madrid_prov,9,0,0,19.0,6700,55,168314.0
20240919_murcia,murcia,murcia,9,0,0,20.5,1550,40,33445.4
20240919_navarra,navarra,navarra,9,0,0,14.3,660,55,17127.1
20240919_la_rioja,la_rioja,la_rioja,9,0,0,17.9,320,40,6768.4
20240921_sevilla,andalucia,sevilla,9,1,0,19.9,1950,55,42854.9
20240921_malaga,andalucia,malaga,9,1,0,21.6,1700,40,35702.9
20240921_cadiz,andalucia,cadiz,9,1,0,21.9,1240,50,30703.6
20240921_cordoba,andalucia,cordoba,9,1,0,23.9,780,35,19589.6
20240921_granada,andalucia,granada,9,1,0,19.8,915,30,16306.1
20240921_jaen,andalucia,jaen,9,1,0,23.1,610,25,11855.6
20240921_almeria,andalucia,almeria,9,1,0,23.3,730,45,17741.8
20240921_huelva,andalucia,huelva,9,1,0,24.3,525,40,13468.4
20240921_barcelona,cataluna,barcelona,9,1,0,20.4,5700,85,159288.7
20240921_tarragona,cataluna,tarragona,9,1,0,18.8,830,70,20581.5
20240921_girona,cataluna,girona,9,1,0,16.8,780,55,19071.0
20240921_lleida,cataluna,lleida,9,1,0,19.9,430,45,8985.7
20240921_valencia,valenciana,valencia,9,1,0,22.5,2650,65,69272.4
20240921_alicante,valenciana,alicante,9,1,0,18.1,1950,55,46217.7
20240921_castellon,valenciana,castellon,9,1,0,18.9,580,60,13495.0
20240921_a_coruna,galicia,a_coruna,9,1,0,16.0,1120,40,23311.6
20240921_pontevedra,galicia,pontevedra,9,1,0,16.9,945,45,20398.9
20240921_lugo,galicia,lugo,9,1,0,16.5,320,25,5424.2
20240921_ourense,galicia,ourense,9,1,0,16.1,305,25,5021.6
20240921_valladolid,castilla_y_leon,valladolid,9,1,0,17.4,520,45,10117.2
20240921_leon,castilla_y_leon,leon,9,1,0,14.7,440,30,7969.4
20240921_burgos,castilla_y_leon,burgos,9,1,0,14.2,360,40,7772.4
20240921_salamanca,castilla_y_leon,salamanca,9,1,0,14.5,330,25,6502.5
20240921_palencia,castilla_y_leon,palencia,9,1,0,15.5,155,30,2859.8
20240921_zamora,castilla_y_leon,zamora,9,1,0,15.0,165,20,3045.8
20240921_avila,castilla_y_leon,avila,9,1,0,16.5,155,20,2455.2
20240921_segovia,castilla_y_leon,segovia,9,1,0,14.2,150,20,2739.9
20240921_soria,castilla_y_leon,soria,9,1,0,15.7,90,20,1455.1
20240921_vizcaya,pais_vasco,vizcaya,9,1,0,17.4,1150,85,30493.5
20240921_guipuzcoa,pais_vasco,guipuzcoa,9,1,0,18.1,715,80,19681.9
20240921_alava,pais_vasco,alava,9,1,0,14.7,335,70,8673.5
20240921_toledo,castilla_la_mancha,toledo,9,1,0,17.6,730,30,13449.9
20240921_ciudad_real,castilla_la_mancha,ciudad_real,9,1,0,18.1,485,25,7974.7
20240921_albacete,castilla_la_mancha,albacete,9,1,0,16.5,385,25,6980.6
20240921_cuenca,castilla_la_mancha,cuenca,9,1,0,18.8,195,15,3089.1
20240921_guadalajara,castilla_la_mancha,guadalajara,9,1,0,18.8,255,30,4530.7
20240921_las_palmas,canarias,las_palmas,9,1,0,22.2,1150,20,23672.5
20240921_santa_cruz_tenerife,canarias,santa_cruz_tenerife,9,1,0,23.5,1020,20,19460.9
20240921_zaragoza,aragon,zaragoza,9,1,0,17.0,980,50,18523.3
20240921_huesca,aragon,huesca,9,1,0,19.2,220,30,4212.4
20240921_teruel,aragon,teruel,9,1,0,16.9,130,20,2016.0
20240921_badajoz,extremadura,badajoz,9,1,0,18.6,670,22,11597.9
20240921_caceres,extremadura,caceres,9,1,0,20.1,390,18,6701.6
20240921_asturias,asturias,asturias,9,1,0,15.3,1010,45,22947.5
20240921_baleares,baleares,baleares,9,1,0,20.8,1200,15,20498.5
20240921_cantabria,cantabria,cantabria,9,1,0,12.6,580,35,12112.3
20240921_madrid_prov,madrid,madrid_prov,9,1,0,18.2,6700,55,159391.6
20240921_murcia,murcia,murcia,9,1,0,23.8,1550,40,36453.8
20240921_navarra,navarra,navarra,9,1,0,15.4,660,55,13972.0
20240921_la_rioja,la_rioja,la_rioja,9,1,0,18.0,320,40,6217.9
20240923_sevilla,andalucia,sevilla,9,0,0,26.0,1950,55,63443.5
20240923_malaga,andalucia,malaga,9,0,0,24.8,1700,40,49019.3
20240923_cadiz,andalucia,cadiz,9,0,0,20.4,1240,50,31159.3
20240923_cordoba,andalucia,cordoba,9,0,0,22.9,780,35,18544.3
20240923_granada,andalucia,granada,9,0,0,23.0,915,30,21990.7
20240923_jaen,andalucia,jaen,9,0,0,22.7,610,25,13193.7
20240923_almeria,andalucia,almeria,9,0,0,20.2,730,45,17264.6
20240923_huelva,andalucia,huelva,9,0,0,22.1,525,40,11570.7
20240923_barcelona,cataluna,barcelona,9,0,0,18.9,5700,85,175056.4
20240923_tarragona,cataluna,tarragona,9,0,0,16.8,830,70,22938.5
20240923_girona,cataluna,girona,9,0,0,18.2,780,55,21513.7
20240923_lleida,cataluna,lleida,9,0,0,18.9,430,45,10530.6
20240923_valencia,valenciana,valencia,9,0,0,20.3,2650,65,66861.7
20240923_alicante,valenciana,alicante,9,0,0,21.4,1950,55,50230.1
20240923_castellon,valenciana,castellon,9,0,0,20.0,580,60,14607.7
20240923_a_coruna,galicia,a_coruna,9,0,0,15.6,1120,40,27025.5
20240923_pontevedra,galicia,pontevedra,9,0,0,16.8,945,45,23850.7
20240923_lugo,galicia,lugo,9,0,0,17.9,320,25,5588.6
20240923_ourense,galicia,ourense,9,0,0,13.9,305,25,5899.4
20240923_valladolid,castilla_y_leon,valladolid,9,0,0,15.8,520,45,11946.0
20240923_leon,castilla_y_leon,leon,9,0,0,14.2,440,30,9540.5
20240923_burgos,castilla_y_leon,burgos,9,0,0,15.4,360,40,7692.1
20240923_salamanca,castilla_y_leon,salamanca,9,0,0,13.1,330,25,7225.0
20240923_palencia,castilla_y_leon,palencia,9,0,0,16.5,155,30,3178.0
20240923_zamora,castilla_y_leon,zamora,9,0,0,13.8,165,20,2995.7
20240923_avila,castilla_y_leon,avila,9,0,0,16.2,155,20,2797.2
20240923_segovia,castilla_y_leon,segovia,9,0,0,13.3,150,20,2845.2
20240923_soria,castilla_y_leon,soria,9,0,0,12.9,90,20,1807.7
20240923_vizcaya,pais_vasco,vizcaya,9,0,0,15.7,1150,85,34200.7
20240923_guipuzcoa,pais_vasco,guipuzcoa,9,0,0,16.3,715,80,21353.8
20240923_alava,pais_vasco,alava,9,0,0,19.2,335,70,8645.5
20240923_toledo,castilla_la_mancha,toledo,9,0,0,18.3,730,30,14950.5
20240923_ciudad_real,castilla_la_mancha,ciudad_real,9,0,0,16.6,485,25,9527.2
20240923_albacete,castilla_la_mancha,albacete,9,0,0,19.1,385,25,7536.5
20240923_cuenca,castilla_la_mancha,cuenca,9,0,0,20.0,195,15,3117.7
20240923_guadalajara,castilla_la_mancha,guadalajara,9,0,0,16.9,255,30,5609.9
20240923_las_palmas,canarias,las_palmas,9,0,0,23.1,1150,20,24803.5
20240923_santa_cruz_tenerife,canarias,santa_cruz_tenerife,9,0,0,23.5,1020,20,19902.6
20240923_zaragoza,aragon,zaragoza,9,0,0,18.5,980,50,24930.6
20240923_huesca,aragon,huesca,9,0,0,16.4,220,30,5159.5
20240923_teruel,aragon,teruel,9,0,0,17.6,130,20,2144.6
20240923_badajoz,extremadura,badajoz,9,0,0,20.4,670,22,12520.3
20240923_caceres,extremadura,caceres,9,0,0,21.5,390,18,7708.1
20240923_asturias,asturias,asturias,9,0,0,14.2,1010,45,27207.9
20240923_baleares,baleares,baleares,9,0,0,21.4,1200,15,21360.5
20240923_cantabria,cantabria,cantabria,9,0,0,15.1,580,35,13216.5
20240923_madrid_prov,madrid,madrid_prov,9,0,0,17.9,6700,55,164997.7
20240923_murcia,murcia,murcia,9,0,0,21.0,1550,40,34226.1
20240923_navarra,navarra,navarra,9,0,0,12.9,660,55,19140.8
20240923_la_rioja,la_rioja,la_rioja,9,0,0,13.7,320,40,7439.5
20240925_sevilla,andalucia,sevilla,9,0,0,19.0,1950,55,45233.9
20240925_malaga,andalucia,malaga,9,0,0,22.1,1700,40,40798.5
20240925_cadiz,andalucia,cadiz,9,0,0,21.2,1240,50,29510.3
20240925_cordoba,andalucia,cordoba,9,0,0,20.6,780,35,17516.2
20240925_granada,andalucia,granada,9,0,0,21.5,915,30,20618.1
20240925_jaen,andalucia,jaen,9,0,0,22.9,610,25,13177.4
20240925_almeria,andalucia,almeria,9,0,0,18.9,730,45,16343.7
20240925_huelva,andalucia,huelva,9,0,0,21.4,525,40,11915.4
20240925_barcelona,cataluna,barcelona,9,0,0,16.9,5700,85,176998.6
20240925_tarragona,cataluna,tarragona,9,0,0,21.8,830,70,24344.4
20240925_girona,cataluna,girona,9,0,0,18.4,780,55,18303.0
20240925_lleida,cataluna,lleida,9,0,0,20.1,430,45,10647.5
20240925_valencia,valenciana,valencia,9,0,0,21.3,2650,65,81032.4
20240925_alicante,valenciana,alicante,9,0,0,19.6,1950,55,48763.7
20240925_castellon,valenciana,castellon,9,0,0,22.6,580,60,17355.6
20240925_a_coruna,galicia,a_coruna,9,0,0,12.2,1120,40,30062.2
20240925_pontevedra,galicia,pontevedra,9,0,0,14.5,945,45,24382.9
20240925_lugo,galicia,lugo,9,0,0,15.9,320,25,5809.3
20240925_ourense,galicia,ourense,9,0,0,15.7,305,25,6132.3
20240925_valladolid,castilla_y_leon,valladolid,9,0,0,15.0,520,45,12981.5
20240925_leon,castilla_y_leon,leon,9,0,0,16.6,440,30,9210.8
20240925_burgos,castilla_y_leon,burgos,9,0,0,14.6,360,40,9010.8
20240925_salamanca,castilla_y_leon,salamanca,9,0,0,17.7,330,25,6686.7
20240925_palencia,castilla_y_leon,palencia,9,0,0,14.8,155,30,3393.1
20240925_zamora,castilla_y_leon,zamora,9,0,0,14.9,165,20,3199.8
20240925_avila,castilla_y_leon,avila,9,0,0,17.6,155,20,2749.5
20240925_segovia,castilla_y_leon,segovia,9,0,0,16.1,150,20,2793.8
20240925_soria,castilla_y_leon,soria,9,0,0,12.5,90,20,1917.1
20240925_vizcaya,pais_vasco,vizcaya,9,0,0,15.1,1150,85,38074.5
20240925_guipuzcoa,pais_vasco,guipuzcoa,9,0,0,16.0,715,80,20687.9
20240925_alava,pais_vasco,alava,9,0,0,17.9,335,70,9865.5
20240925_toledo,castilla_la_mancha,toledo,9,0,0,19.9,730,30,15295.0
20240925_ciudad_real,castilla_la_mancha,ciudad_real,9,0,0,17.6,485,25,9724.8
20240925_albacete,castilla_la_mancha,albacete,9,0,0,16.9,385,25,7547.2
20240925_cuenca,castilla_la_mancha,cuenca,9,0,0,17.5,195,15,3167.7
20240925_guadalajara,castilla_la_mancha,guadalajara,9,0,0,17.9,255,30,5062.5
20240925_las_palmas,canarias,las_palmas,9,0,0,21.3,1150,20,22863.5
20240925_santa_cruz_tenerife,canarias,santa_cruz_tenerife,9,0,0,23.5,1020,20,20931.5
20240925_zaragoza,aragon,zaragoza,9,0,0,16.6,980,50,22981.3
20240925_huesca,aragon,huesca,9,0,0,15.9,220,30,4442.2
20240925_teruel,aragon,teruel,9,0,0,16.8,130,20,2483.5
20240925_badajoz,extremadura,badajoz,9,0,0,20.0,670,22,12189.4
20240925_caceres,extremadura,caceres,9,0,0,21.3,390,18,7818.9
20240925_asturias,asturias,asturias,9,0,0,13.6,1010,45,27507.9
20240925_baleares,baleares,baleares,9,0,0,20.3,1200,15,21383.8
20240925_cantabria,cantabria,cantabria,9,0,0,15.7,580,35,12668.5
20240925_madrid_prov,madrid,madrid_prov,9,0,0,18.8,6700,55,169927.3
20240925_murcia,murcia,murcia,9,0,0,20.2,1550,40,31925.1
20240925_navarra,navarra,navarra,9,0,0,16.4,660,55,16439.0
20240925_la_rioja,la_rioja,la_rioja,9,0,0,17.3,320,40,7295.1
20240927_sevilla,andalucia,sevilla,9,0,0,20.7,1950,55,53520.5
20240927_malaga,andalucia,malaga,9,0,0,21.5,1700,40,40628.5
20240927_cadiz,andalucia,cadiz,9,0,0,21.0,1240,50,34146.6
20240927_cordoba,andalucia,cordoba,9,0,0,20.2,780,35,16752.2
20240927_granada,andalucia,granada,9,0,0,19.5,915,30,19494.8
20240927_jaen,andalucia,jaen,9,0,0,20.4,610,25,11897.1
20240927_almeria,andalucia,almeria,9,0,0,20.5,730,45,17533.0
20240927_huelva,andalucia,huelva,9,0,0,19.5,525,40,10540.5
20240927_barcelona,cataluna,barcelona,9,0,0,18.7,5700,85,158062.4
20240927_tarragona,cataluna,tarragona,9,0,0,19.3,830,70,25245.6
20240927_girona,cataluna,girona,9,0,0,17.9,780,55,20844.1
20240927_lleida,cataluna,lleida,9,0,0,18.0,430,45,10779.1
20240927_valencia,valenciana,valencia,9,0,0,19.3,2650,65,64003.6
20240927_alicante,valenciana,alicante,9,0,0,19.8,1950,55,54145.3
20240927_castellon,valenciana,castellon,9,0,0,20.7,580,60,15269.3
20240927_a_coruna,galicia,a_coruna,9,0,0,15.6,1120,40,26897.2
20240927_pontevedra,galicia,pontevedra,9,0,0,15.1,945,45,26130.3
20240927_lugo,galicia,lugo,9,0,0,14.4,320,25,6960.8
20240927_ourense,galicia,ourense,9,0,0,16.2,305,25,5794.7
20240927_valladolid,castilla_y_leon,valladolid,9,0,0,13.6,520,45,14013.3
20240927_leon,castilla_y_leon,leon,9,0,0,14.4,440,30,9732.0
20240927_burgos,castilla_y_leon,burgos,9,0,0,11.9,360,40,9945.9
20240927_salamanca,castilla_y_leon,salamanca,9,0,0,14.6,330,25,6770.2
20240927_palencia,castilla_y_leon,palencia,9,0,0,14.7,155,30,3267.1
20240927_zamora,castilla_y_leon,zamora,9,0,0,13.4,165,20,3353.9
20240927_avila,castilla_y_leon,avila,9,0,0,13.5,155,20,3527.9
20240927_segovia,castilla_y_leon,segovia,9,0,0,15.5,150,20,2721.9
20240927_soria,castilla_y_leon,soria,9,0,0,17.0,90,20,1628.4
20240927_vizcaya,pais_vasco,vizcaya,9,0,0,15.7,1150,85,38071.4
20240927_guipuzcoa,pais_vasco,guipuzcoa,9,0,0,12.9,715,80,24093.3
20240927_alava,pais_vasco,alava,9,0,0,14.8,335,70,9962.0
20240927_toledo,castilla_la_mancha,toledo,9,0,0,17.9,730,30,14759.1
20240927_ciudad_real,castilla_la_mancha,ciudad_real,9,0,0,17.2,485,25,9933.3
20240927_albacete,castilla_la_mancha,albacete,9,0,0,17.8,385,25,7465.6
20240927_cuenca,castilla_la_mancha,cuenca,9,0,0,17.5,195,15,3733.4
20240927_guadalajara,castilla_la_mancha,guadalajara,9,0,0,17.6,255,30,5048.4
20240927_las_palmas,canarias,las_palmas,9,0,0,18.9,1150,20,19777.6
20240927_santa_cruz_tenerife,canarias,santa_cruz_tenerife,9,0,0,20.9,1020,20,19531.2
20240927_zaragoza,aragon,zaragoza,9,0,0,15.9,980,50,24603.1
20240927_huesca,aragon,huesca,9,0,0,15.9,220,30,4369.3
20240927_teruel,aragon,teruel,9,0,0,17.5,130,20,2563.9
20240927_badajoz,extremadura,badajoz,9,0,0,17.6,670,22,12743.0
20240927_caceres,extremadura,caceres,9,0,0,16.5,390,18,6605.4
20240927_asturias,asturias,asturias,9,0,0,13.8,1010,45,27084.7
20240927_baleares,baleares,baleares,9,0,0,18.5,1200,15,20131.0
20240927_cantabria,cantabria,cantabria,9,0,0,15.1,580,35,12927.0
20240927_madrid_prov,madrid,madrid_prov,9,0,0,16.6,6700,55,187304.3
20240927_murcia,murcia,murcia,9,0,0,20.1,1550,40,35399.4
20240927_navarra,navarra,navarra,9,0,0,14.8,660,55,17831.3
20240927_la_rioja,la_rioja,la_rioja,9,0,0,17.6,320,40,7723.7
20240929_sevilla,andalucia,sevilla,9,1,0,19.9,1950,55,47322.4
20240929_malaga,andalucia,malaga,9,1,0,21.7,1700,40,38342.4
20240929_cadiz,andalucia,cadiz,9,1,0,20.8,1240,50,27789.3
20240929_cordoba,andalucia,cordoba,9,1,0,22.2,780,35,17193.2
20240929_granada,andalucia,granada,9,1,0,23.1,915,30,19320.7
20240929_jaen,andalucia,jaen,9,1,0,20.8,610,25,9792.5
20240929_almeria,andalucia,almeria,9,1,0,18.7,730,45,14944.9
20240929_huelva,andalucia,huelva,9,1,0,19.4,525,40,11038.3
20240929_barcelona,cataluna,barcelona,9,1,0,16.0,5700,85,157251.9
20240929_tarragona,cataluna,tarragona,9,1,0,17.2,830,70,22211.2
20240929_girona,cataluna,girona,9,1,0,16.9,780,55,18088.6
20240929_lleida,cataluna,lleida,9,1,0,18.1,430,45,9369.6
20240929_valencia,valenciana,valencia,9,1,0,20.9,2650,65,67015.2
20240929_alicante,valenciana,alicante,9,1,0,17.3,1950,55,43557.3
20240929_castellon,valenciana,castellon,9,1,0,19.6,580,60,13964.2
20240929_a_coruna,galicia,a_coruna,9,1,0,14.0,1120,40,25812.4
20240929_pontevedra,galicia,pontevedra,9,1,0,15.0,945,45,19721.5
20240929_lugo,galicia,lugo,9,1,0,14.3,320,25,6585.5
20240929_ourense,galicia,ourense,9,1,0,15.9,305,25,5729.3
20240929_valladolid,castilla_y_leon,valladolid,9,1,0,12.4,520,45,12278.0
20240929_leon,castilla_y_leon,leon,9,1,0,12.9,440,30,9276.3
20240929_burgos,castilla_y_leon,burgos,9,1,0,13.6,360,40,7763.7
20240929_salamanca,castilla_y_leon,salamanca,9,1,0,13.3,330,25,6183.3
20240929_palencia,castilla_y_leon,palencia,9,1,0,13.6,155,30,3313.1
20240929_zamora,castilla_y_leon,zamora,9,1,0,11.7,165,20,3381.6
20240929_avila,castilla_y_leon,avila,9,1,0,15.8,155,20,2612.1
20240929_segovia,castilla_y_leon,segovia,9,1,0,13.1,150,20,2944.1
20240929_soria,castilla_y_leon,soria,9,1,0,12.5,90,20,1739.2
20240929_vizcaya,pais_vasco,vizcaya,9,1,0,13.9,1150,85,31596.3
20240929_guipuzcoa,pais_vasco,guipuzcoa,9,1,0,15.2,715,80,18778.4
20240929_alava,pais_vasco,alava,9,1,0,15.4,335,70,9225.6
20240929_toledo,castilla_la_mancha,toledo,9,1,0,19.6,730,30,13578.2
20240929_ciudad_real,castilla_la_mancha,ciudad_real,9,1,0,18.4,485,25,8622.0
20240929_albacete,castilla_la_mancha,albacete,9,1,0,16.4,385,25,6169.3
20240929_cuenca,castilla_la_mancha,cuenca,9,1,0,19.3,195,15,2930.7
20240929_guadalajara,castilla_la_mancha,guadalajara,9,1,0,18.9,255,30,4806.2
20240929_las_palmas,canarias,las_palmas,9,1,0,20.1,1150,20,19799.9
20240929_santa_cruz_tenerife,canarias,santa_cruz_tenerife,9,1,0,24.4,1020,20,22386.7
20240929_zaragoza,aragon,zaragoza,9,1,0,15.6,980,50,21140.4
20240929_huesca,aragon,huesca,9,1,0,16.5,220,30,4035.5
20240929_teruel,aragon,teruel,9,1,0,18.0,130,20,2233.4
20240929_badajoz,extremadura,badajoz,9,1,0,16.5,670,22,11732.8
20240929_caceres,extremadura,caceres,9,1,0,18.6,390,18,6347.7
20240929_asturias,asturias,asturias,9,1,0,14.8,1010,45,23563.0
20240929_baleares,baleares,baleares,9,1,0,20.8,1200,15,18912.1
20240929_cantabria,cantabria,cantabria,9,1,0,14.8,580,35,11464.5
20240929_madrid_prov,madrid,madrid_prov,9,1,0,15.0,6700,55,157653.3
20240929_murcia,murcia,murcia,9,1,0,22.7,1550,40,31942.4
20240929_navarra,navarra,navarra,9,1,0,15.0,660,55,15547.0
20240929_la_rioja,la_rioja,la_rioja,9,1,0,16.0,320,40,6228.3
20241001_sevilla,andalucia,sevilla,10,0,0,18.6,1950,55,45677.2
20241001_malaga,andalucia,malaga,10,0,0,22.5,1700,40,39918.8
20241001_cadiz,andalucia,cadiz,10,0,0,19.9,1240,50,33871.8
20241001_cordoba,andalucia,cordoba,10,0,0,19.6,780,35,17095.7
20241001_granada,andalucia,granada,10,0,0,22.1,915,30,21366.1
20241001_jaen,andalucia,jaen,10,0,0,18.8,610,25,11424.4
20241001_almeria,andalucia,almeria,10,0,0,21.1,730,45,19561.8
20241001_huelva,andalucia,huelva,10,0,0,19.6,525,40,11521.1
20241001_barcelona,cataluna,barcelona,10,0,0,18.1,5700,85,180701.7
20241001_tarragona,cataluna,tarragona,10,0,0,18.5,830,70,22213.4
20241001_girona,cataluna,girona,10,0,0,16.8,780,55,19905.3
20241001_lleida,cataluna,lleida,10,0,0,19.3,430,45,9922.1
20241001_valencia,valenciana,valencia,10,0,0,19.4,2650,65,68512.2
20241001_alicante,valenciana,alicante,10,0,0,22.0,1950,55,53552.0
20241001_castellon,valenciana,castellon,10,0,0,20.9,580,60,15798.0
20241001_a_coruna,galicia,a_coruna,10,0,0,14.9,1120,40,24257.6
20241001_pontevedra,galicia,pontevedra,10,0,0,11.8,945,45,28210.8
20241001_lugo,galicia,lugo,10,0,0,14.9,320,25,6581.9
20241001_ourense,galicia,ourense,10,0,0,13.1,305,25,6397.5
20241001_valladolid,castilla_y_leon,valladolid,10,0,0,15.0,520,45,13785.4
20241001_leon,castilla_y_leon,leon,10,0,0,12.6,440,30,10702.3
20241001_burgos,castilla_y_leon,burgos,10,0,0,13.8,360,40,8726.5
20241001_salamanca,castilla_y_leon,salamanca,10,0,0,16.1,330,25,6366.5
20241001_palencia,castilla_y_leon,palencia,10,0,0,15.2,155,30,3341.4
20241001_zamora,castilla_y_leon,zamora,10,0,0,13.5,165,20,3617.8
20241001_avila,castilla_y_leon,avila,10,0,0,13.9,155,20,3100.1
20241001_segovia,castilla_y_leon,segovia,10,0,0,15.4,150,20,3044.4
20241001_soria,castilla_y_leon,soria,10,0,0,15.2,90,20,1422.9
20241001_vizcaya,pais_vasco,vizcaya,10,0,0,15.8,1150,85,36689.3
20241001_guipuzcoa,pais_vasco,guipuzcoa,10,0,0,15.1,715,80,22960.9
20241001_alava,pais_vasco,alava,10,0,0,15.5,335,70,9988.9
20241001_toledo,castilla_la_mancha,toledo,10,0,0,16.2,730,30,16239.9
20241001_ciudad_real,castilla_la_mancha,ciudad_real,10,0,0,17.7,485,25,9645.0
20241001_albacete,castilla_la_mancha,albacete,10,0,0,17.3,385,25,7912.6
20241001_cuenca,castilla_la_mancha,cuenca,10,0,0,18.0,195,15,3383.1
20241001_guadalajara,castilla_la_mancha,guadalajara,10,0,0,18.0,255,30,5220.2
20241001_las_palmas,canarias,las_palmas,10,0,0,24.0,1150,20,26796.0
20241001_santa_cruz_tenerife,canarias,santa_cruz_tenerife,10,0,0,20.5,1020,20,21782.1
20241001_zaragoza,aragon,zaragoza,10,0,0,13.1,980,50,27656.5
20241001_huesca,aragon,huesca,10,0,0,15.0,220,30,5145.0
20241001_teruel,aragon,teruel,10,0,0,16.3,130,20,2332.9
20241001_badajoz,extremadura,badajoz,10,0,0,18.1,670,22,12139.5
20241001_caceres,extremadura,caceres,10,0,0,18.1,390,18,6912.0
20241001_asturias,asturias,asturias,10,0,0,13.3,1010,45,26624.4
20241001_baleares,baleares,baleares,10,0,0,19.7,1200,15,20239.3
20241001_cantabria,cantabria,cantabria,10,0,0,12.4,580,35,14698.9
20241001_madrid_prov,madrid,madrid_prov,10,0,0,17.7,6700,55,174065.2
20241001_murcia,murcia,murcia,10,0,0,20.7,1550,40,38672.2
20241001_navarra,navarra,navarra,10,0,0,16.2,660,55,19250.2
20241001_la_rioja,la_rioja,la_rioja,10,0,0,19.6,320,40,6595.1
20241003_sevilla,andalucia,sevilla,10,0,0,17.3,1950,55,48955.3
20241003_malaga,andalucia,malaga,10,0,0,21.0,1700,40,39495.3
20241003_cadiz,andalucia,cadiz,10,0,0,21.3,1240,50,31257.5
20241003_cordoba,andalucia,cordoba,10,0,0,19.4,780,35,16290.8
20241003_granada,andalucia,granada,10,0,0,20.1,915,30,19818.8
20241003_jaen,andalucia,jaen,10,0,0,19.7,610,25,11806.1
20241003_almeria,andalucia,almeria,10,0,0,21.1,730,45,17629.1
20241003_huelva,andalucia,huelva,10,0,0,21.9,525,40,12057.5
20241003_barcelona,cataluna,barcelona,10,0,0,15.6,5700,85,183304.4
20241003_tarragona,cataluna,tarragona,10,0,0,17.8,830,70,22170.6
20241003_girona,cataluna,girona,10,0,0,19.1,780,55,21650.4
20241003_lleida,cataluna,lleida,10,0,0,16.4,430,45,10878.5
20241003_valencia,valenciana,valencia,10,0,0,15.8,2650,65,77341.0
20241003_alicante,valenciana,alicante,10,0,0,17.9,1950,55,51269.4
20241003_castellon,valenciana,castellon,10,0,0,17.8,580,60,15025.3
20241003_a_coruna,galicia,a_coruna,10,0,0,13.5,1120,40,27344.8
20241003_pontevedra,galicia,pontevedra,10,0,0,17.2,945,45,21830.3
20241003_lugo,galicia,lugo,10,0,0,17.6,320,25,6078.1
20241003_ourense,galicia,ourense,10,0,0,16.7,305,25,5489.4
20241003_valladolid,castilla_y_leon,valladolid,10,0,0,12.7,520,45,13497.8
20241003_leon,castilla_y_leon,leon,10,0,0,15.3,440,30,9375.4
20241003_burgos,castilla_y_leon,burgos,10,0,0,10.2,360,40,9975.0
20241003_salamanca,castilla_y_leon,salamanca,10,0,0,11.7,330,25,8138.4
20241003_palencia,castilla_y_leon,palencia,10,0,0,14.3,155,30,3336.0
20241003_zamora,castilla_y_leon,zamora,10,0,0,12.4,165,20,3693.9
20241003_avila,castilla_y_leon,avila,10,0,0,11.6,155,20,3582.9
20241003_segovia,castilla_y_leon,segovia,10,0,0,13.7,150,20,3003.4
20241003_soria,castilla_y_leon,soria,10,0,0,13.7,90,20,1833.5
20241003_vizcaya,pais_vasco,vizcaya,10,0,0,15.6,1150,85,34089.1
20241003_guipuzcoa,pais_vasco,guipuzcoa,10,0,0,15.8,715,80,23020.6
20241003_alava,pais_vasco,alava,10,0,0,15.4,335,70,9991.3
20241003_toledo,castilla_la_mancha,toledo,10,0,0,16.1,730,30,15800.9
20241003_ciudad_real,castilla_la_mancha,ciudad_real,10,0,0,16.3,485,25,8994.1
20241003_albacete,castilla_la_mancha,albacete,10,0,0,17.4,385,25,6877.5
20241003_cuenca,castilla_la_mancha,cuenca,10,0,0,16.6,195,15,3371.4
20241003_guadalajara,castilla_la_mancha,guadalajara,10,0,0,15.6,255,30,5382.9
20241003_las_palmas,canarias,las_palmas,10,0,0,20.2,1150,20,22292.9
20241003_santa_cruz_tenerife,canarias,santa_cruz_tenerife,10,0,0,21.3,1020,20,19278.9
20241003_zaragoza,aragon,zaragoza,10,0,0,17.5,980,50,23882.1
20241003_huesca,aragon,huesca,10,0,0,16.5,220,30,4849.8
20241003_teruel,aragon,teruel,10,0,0,17.6,130,20,2464.0
20241003_badajoz,extremadura,badajoz,10,0,0,17.7,670,22,11716.9
20241003_caceres,extremadura,caceres,10,0,0,18.4,390,18,7429.2
20241003_asturias,asturias,asturias,10,0,0,14.6,1010,45,20912.6
20241003_baleares,baleares,baleares,10,0,0,20.1,1200,15,22489.9
20241003_cantabria,cantabria,cantabria,10,0,0,14.1,580,35,14029.2
20241003_madrid_prov,madrid,madrid_prov,10,0,0,17.5,6700,55,162313.9
20241003_murcia,murcia,murcia,10,0,0,21.4,1550,40,34351.5
20241003_navarra,navarra,navarra,10,0,0,14.4,660,55,17593.3
20241003_la_rioja,la_rioja,la_rioja,10,0,0,13.8,320,40,7915.8
20241005_sevilla,andalucia,sevilla,10,1,0,21.9,1950,55,50616.2
20241005_malaga,andalucia,malaga,10,1,0,21.0,1700,40,32783.2
20241005_cadiz,andalucia,cadiz,10,1,0,18.2,1240,50,27112.6
20241005_cordoba,andalucia,cordoba,10,1,0,20.0,780,35,14860.4
20241005_granada,andalucia,granada,10,1,0,22.7,915,30,18840.7
20241005_jaen,andalucia,jaen,10,1,0,20.8,610,25,11636.0
20241005_almeria,andalucia,almeria,10,1,0,20.1,730,45,17729.6
20241005_huelva,andalucia,huelva,10,1,0,18.7,525,40,10201.3
20241005_barcelona,cataluna,barcelona,10,1,0,15.6,5700,85,175756.8
20241005_tarragona,cataluna,tarragona,10,1,0,18.1,830,70,20272.3
20241005_girona,cataluna,girona,10,1,0,15.7,780,55,19368.4
20241005_lleida,cataluna,lleida,10,1,0,17.5,430,45,9625.8
20241005_valencia,valenciana,valencia,10,1,0,18.8,2650,65,66127.8
20241005_alicante,valenciana,alicante,10,1,0,19.3,1950,55,42977.9
20241005_castellon,valenciana,castellon,10,1,0,18.7,580,60,12816.3
20241005_a_coruna,galicia,a_coruna,10,1,0,15.1,1120,40,24292.0
20241005_pontevedra,galicia,pontevedra,10,1,0,15.8,945,45,20879.4
20241005_lugo,galicia,lugo,10,1,0,14.3,320,25,6485.1
20241005_ourense,galicia,ourense,10,1,0,15.7,305,25,5859.8
20241005_valladolid,castilla_y_leon,valladolid,10,1,0,14.8,520,45,11361.5
20241005_leon,castilla_y_leon,leon,10,1,0,13.3,440,30,9356.1
20241005_burgos,castilla_y_leon,burgos,10,1,0,11.2,360,40,8536.2
20241005_salamanca,castilla_y_leon,salamanca,10,1,0,11.0,330,25,7269.0
20241005_palencia,castilla_y_leon,palencia,10,1,0,12.3,155,30,3102.5
20241005_zamora,castilla_y_leon,zamora,10,1,0,13.0,165,20,3093.3
20241005_avila,castilla_y_leon,avila,10,1,0,14.4,155,20,3035.6
20241005_segovia,castilla_y_leon,segovia,10,1,0,13.4,150,20,2674.5
20241005_soria,castilla_y_leon,soria,10,1,0,13.7,90,20,1643.0
20241005_vizcaya,pais_vasco,vizcaya,10,1,0,14.4,1150,85,32694.2
20241005_guipuzcoa,pais_vasco,guipuzcoa,10,1,0,14.0,715,80,20634.0
20241005_alava,pais_vasco,alava,10,1,0,15.8,335,70,8851.4
20241005_toledo,castilla_la_mancha,toledo,10,1,0,18.4,730,30,13804.2
20241005_ciudad_real,castilla_la_mancha,ciudad_real,10,1,0,16.5,485,25,8423.5
20241005_albacete,castilla_la_mancha,albacete,10,1,0,14.4,385,25,6974.3
20241005_cuenca,castilla_la_mancha,cuenca,10,1,0,14.9,195,15,2837.1
20241005_guadalajara,castilla_la_mancha,guadalajara,10,1,0,14.5,255,30,5393.9
20241005_las_palmas,canarias,las_palmas,10,1,0,21.6,1150,20,20025.1
20241005_santa_cruz_tenerife,canarias,santa_cruz_tenerife,10,1,0,21.7,1020,20,16440.4
20241005_zaragoza,aragon,zaragoza,10,1,0,15.7,980,50,23318.6
20241005_huesca,aragon,huesca,10,1,0,15.1,220,30,3845.7
20241005_teruel,aragon,teruel,10,1,0,14.7,130,20,2431.4
20241005_badajoz,extremadura,badajoz,10,1,0,18.1,670,22,10547.9
20241005_caceres,extremadura,caceres,10,1,0,21.1,390,18,6253.6
20241005_asturias,asturias,asturias,10,1,0,13.6,1010,45,22102.8
20241005_baleares,baleares,baleares,10,1,0,17.2,1200,15,18480.0
20241005_cantabria,cantabria,cantabria,10,1,0,15.2,580,35,12323.1
20241005_madrid_prov,madrid,madrid_prov,10,1,0,15.7,6700,55,147561.3
20241005_murcia,murcia,murcia,10,1,0,20.0,1550,40,32474.6
20241005_navarra,navarra,navarra,10,1,0,14.5,660,55,16123.3
20241005_la_rioja,la_rioja,la_rioja,10,1,0,14.5,320,40,6865.8
20241007_sevilla,andalucia,sevilla,10,0,0,19.5,1950,55,52122.8
20241007_malaga,andalucia,malaga,10,0,0,22.8,1700,40,42981.4
20241007_cadiz,andalucia,cadiz,10,0,0,19.7,1240,50,30746.2
20241007_cordoba,andalucia,cordoba,10,0,0,18.8,780,35,17276.8
20241007_granada,andalucia,granada,10,0,0,20.3,915,30,18731.6
20241007_jaen,andalucia,jaen,10,0,0,21.0,610,25,12391.7
20241007_almeria,andalucia,almeria,10,0,0,18.4,730,45,17205.3
20241007_huelva,andalucia,huelva,10,0,0,20.1,525,40,12508.4
20241007_barcelona,cataluna,barcelona,10,0,0,17.8,5700,85,174254.6
20241007_tarragona,cataluna,tarragona,10,0,0,16.0,830,70,23658.6
20241007_girona,cataluna,girona,10,0,0,17.2,780,55,20085.2
20241007_lleida,cataluna,lleida,10,0,0,17.1,430,45,9951.8
20241007_valencia,valenciana,valencia,10,0,0,20.0,2650,65,70511.4
20241007_alicante,valenciana,alicante,10,0,0,22.1,1950,55,55323.9
20241007_castellon,valenciana,castellon,10,0,0,17.0,580,60,15295.2
20241007_a_coruna,galicia,a_coruna,10,0,0,15.3,1120,40,25382.0
20241007_pontevedra,galicia,pontevedra,10,0,0,12.2,945,45,24661.6
20241007_lugo,galicia,lugo,10,0,0,15.0,320,25,5949.7
20241007_ourense,galicia,ourense,10,0,0,12.2,305,25,7174.5
20241007_valladolid,castilla_y_leon,valladolid,10,0,0,12.1,520,45,13833.6
20241007_leon,castilla_y_leon,leon,10,0,0,11.7,440,30,10086.3
20241007_burgos,castilla_y_leon,burgos,10,0,0,13.1,360,40,8683.6
20241007_salamanca,castilla_y_leon,salamanca,10,0,0,11.7,330,25,7922.8
20241007_palencia,castilla_y_leon,palencia,10,0,0,12.1,155,30,3624.0
20241007_zamora,castilla_y_leon,zamora,10,0,0,9.6,165,20,4278.9
20241007_avila,castilla_y_leon,avila,10,0,0,12.5,155,20,3234.2
20241007_segovia,castilla_y_leon,segovia,10,0,0,11.0,150,20,3510.2
20241007_soria,castilla_y_leon,soria,10,0,0,13.1,90,20,1883.3
20241007_vizcaya,pais_vasco,vizcaya,10,0,0,16.7,1150,85,36927.2
20241007_guipuzcoa,pais_vasco,guipuzcoa,10,0,0,14.3,715,80,23757.7
20241007_alava,pais_vasco,alava,10,0,0,14.5,335,70,9986.2
20241007_toledo,castilla_la_mancha,toledo,10,0,0,17.3,730,30,14201.0
20241007_ciudad_real,castilla_la_mancha,ciudad_real,10,0,0,15.5,485,25,10291.5
20241007_albacete,castilla_la_mancha,albacete,10,0,0,15.9,385,25,7484.0
20241007_cuenca,castilla_la_mancha,cuenca,10,0,0,13.1,195,15,3436.7
20241007_guadalajara,castilla_la_mancha,guadalajara,10,0,0,18.4,255,30,5260.1
20241007_las_palmas,canarias,las_palmas,10,0,0,20.2,1150,20,22080.1
20241007_santa_cruz_tenerife,canarias,santa_cruz_tenerife,10,0,0,19.6,1020,20,18732.0
20241007_zaragoza,aragon,zaragoza,10,0,0,13.6,980,50,24327.1
20241007_huesca,aragon,huesca,10,0,0,12.0,220,30,4942.9
20241007_teruel,aragon,teruel,10,0,0,16.4,130,20,2310.1
20241007_badajoz,extremadura,badajoz,10,0,0,18.2,670,22,13198.3
20241007_caceres,extremadura,caceres,10,0,0,17.5,390,18,6933.7
20241007_asturias,asturias,asturias,10,0,0,13.9,1010,45,24971.1
20241007_baleares,baleares,baleares,10,0,0,20.1,1200,15,23574.2
20241007_cantabria,cantabria,cantabria,10,0,0,16.2,580,35,11259.2
20241007_madrid_prov,madrid,madrid_prov,10,0,0,15.3,6700,55,174437.4
20241007_murcia,murcia,murcia,10,0,0,19.7,1550,40,32075.2
20241007_navarra,navarra,navarra,10,0,0,11.4,660,55,21929.4
20241007_la_rioja,la_rioja,la_rioja,10,0,0,13.5,320,40,7323.3
20241009_sevilla,andalucia,sevilla,10,0,0,17.9,1950,55,49793.1
20241009_malaga,andalucia,malaga,10,0,0,18.3,1700,40,38199.8
20241009_cadiz,andalucia,cadiz,10,0,0,18.0,1240,50,27377.2
20241009_cordoba,andalucia,cordoba,10,0,0,21.4,780,35,17984.9
20241009_granada,andalucia,granada,10,0,0,19.0,915,30,18181.1
20241009_jaen,andalucia,jaen,10,0,0,21.5,610,25,12958.9
20241009_almeria,andalucia,almeria,10,0,0,21.0,730,45,17231.8
20241009_huelva,andalucia,huelva,10,0,0,19.5,525,40,12032.3
20241009_barcelona,cataluna,barcelona,10,0,0,15.6,5700,85,179882.3
20241009_tarragona,cataluna,tarragona,10,0,0,15.5,830,70,24391.6
20241009_girona,cataluna,girona,10,0,0,14.5,780,55,21438.2
20241009_lleida,cataluna,lleida,10,0,0,16.8,430,45,9927.8
20241009_valencia,valenciana,valencia,10,0,0,18.9,2650,65,70436.6
20241009_alicante,valenciana,alicante,10,0,0,17.4,1950,55,50278.6
20241009_castellon,valenciana,castellon,10,0,0,19.1,580,60,14800.1
20241009_a_coruna,galicia,a_coruna,10,0,0,13.2,1120,40,27710.1
20241009_pontevedra,galicia,pontevedra,10,0,0,13.3,945,45,26483.2
20241009_lugo,galicia,lugo,10,0,0,14.5,320,25,6611.4
20241009_ourense,galicia,ourense,10,0,0,12.8,305,25,7048.7
20241009_valladolid,castilla_y_leon,valladolid,10,0,0,11.2,520,45,14596.5
20241009_leon,castilla_y_leon,leon,10,0,0,13.2,440,30,10280.7
20241009_burgos,castilla_y_leon,burgos,10,0,0,8.6,360,40,11806.5
20241009_salamanca,castilla_y_leon,salamanca,10,0,0,12.2,330,25,7419.1
20241009_palencia,castilla_y_leon,palencia,10,0,0,12.3,155,30,3387.8
20241009_zamora,castilla_y_leon,zamora,10,0,0,8.1,165,20,4446.9
20241009_avila,castilla_y_leon,avila,10,0,0,12.5,155,20,2835.6
20241009_segovia,castilla_y_leon,segovia,10,0,0,10.9,150,20,3203.4
20241009_soria,castilla_y_leon,soria,10,0,0,11.7,90,20,2220.6
20241009_vizcaya,pais_vasco,vizcaya,10,0,0,13.9,1150,85,38388.3
20241009_guipuzcoa,pais_vasco,guipuzcoa,10,0,0,15.4,715,80,22117.8
20241009_alava,pais_vasco,alava,10,0,0,13.9,335,70,10683.9
20241009_toledo,castilla_la_mancha,toledo,10,0,0,15.8,730,30,15436.6
20241009_ciudad_real,castilla_la_mancha,ciudad_real,10,0,0,14.9,485,25,9700.2
20241009_albacete,castilla_la_mancha,albacete,10,0,0,16.4,385,25,7426.0
20241009_cuenca,castilla_la_mancha,cuenca,10,0,0,16.8,195,15,3252.3
20241009_guadalajara,castilla_la_mancha,guadalajara,10,0,0,17.1,255,30,5320.7
20241009_las_palmas,canarias,las_palmas,10,0,0,19.5,1150,20,21969.6
20241009_santa_cruz_tenerife,canarias,santa_cruz_tenerife,10,0,0,19.9,1020,20,19187.0
20241009_zaragoza,aragon,zaragoza,10,0,0,13.9,980,50,25631.4
20241009_huesca,aragon,huesca,10,0,0,15.9,220,30,4694.3
20241009_teruel,aragon,teruel,10,0,0,13.0,130,20,2579.5
20241009_badajoz,extremadura,badajoz,10,0,0,17.4,670,22,12818.7
20241009_caceres,extremadura,caceres,10,0,0,16.1,390,18,7755.2
20241009_asturias,asturias,asturias,10,0,0,14.7,1010,45,24009.7
20241009_baleares,baleares,baleares,10,0,0,17.2,1200,15,20771.7
20241009_cantabria,cantabria,cantabria,10,0,0,13.5,580,35,14551.6
20241009_madrid_prov,madrid,madrid_prov,10,0,0,16.9,6700,55,169076.8
20241009_murcia,murcia,murcia,10,0,0,19.8,1550,40,36456.5
20241009_navarra,navarra,navarra,10,0,0,13.6,660,55,18698.1
20241009_la_rioja,la_rioja,la_rioja,10,0,0,14.8,320,40,7686.4
20241011_sevilla,andalucia,sevilla,10,0,0,18.0,1950,55,47199.4
20241011_malaga,andalucia,malaga,10,0,0,18.7,1700,40,36516.3
20241011_cadiz,andalucia,cadiz,10,0,0,17.0,1240,50,31052.8
20241011_cordoba,andalucia,cordoba,10,0,0,19.6,780,35,15712.8
20241011_granada,andalucia,granada,10,0,0,18.8,915,30,18459.0
20241011_jaen,andalucia,jaen,10,0,0,19.4,610,25,11293.4
20241011_almeria,andalucia,almeria,10,0,0,17.2,730,45,17396.6
20241011_huelva,andalucia,huelva,10,0,0,17.0,525,40,11584.3
20241011_barcelona,cataluna,barcelona,10,0,0,15.6,5700,85,179531.1
20241011_tarragona,cataluna,tarragona,10,0,0,16.4,830,70,25411.6
20241011_girona,cataluna,girona,10,0,0,13.8,780,55,22351.4
20241011_lleida,cataluna,lleida,10,0,0,12.6,430,45,12406.4
20241011_valencia,valenciana,valencia,10,0,0,15.2,2650,65,84153.8
20241011_alicante,valenciana,alicante,10,0,0,17.5,1950,55,52152.9
20241011_castellon,valenciana,castellon,10,0,0,19.6,580,60,14944.9
20241011_a_coruna,galicia,a_coruna,10,0,0,13.4,1120,40,26648.2
20241011_pontevedra,galicia,pontevedra,10,0,0,15.0,945,45,22487.9
20241011_lugo,galicia,lugo,10,0,0,12.7,320,25,7331.9
20241011_ourense,galicia,ourense,10,0,0,12.6,305,25,6729.2
20241011_valladolid,castilla_y_leon,valladolid,10,0,0,11.9,520,45,14068.7
20241011_leon,castilla_y_leon,leon,10,0,0,11.0,440,30,12223.4
20241011_burgos,castilla_y_leon,burgos,10,0,0,11.4,360,40,9712.6
20241011_salamanca,castilla_y_leon,salamanca,10,0,0,11.5,330,25,8064.3
20241011_palencia,castilla_y_leon,palencia,10,0,0,10.3,155,30,4271.4
20241011_zamora,castilla_y_leon,zamora,10,0,0,12.1,165,20,3312.7
20241011_avila,castilla_y_leon,avila,10,0,0,14.2,155,20,3308.2
20241011_segovia,castilla_y_leon,segovia,10,0,0,10.6,150,20,3396.7
20241011_soria,castilla_y_leon,soria,10,0,0,12.0,90,20,1843.9
20241011_vizcaya,pais_vasco,vizcaya,10,0,0,15.9,1150,85,35375.1
20241011_guipuzcoa,pais_vasco,guipuzcoa,10,0,0,16.2,715,80,20782.1
20241011_alava,pais_vasco,alava,10,0,0,13.8,335,70,10910.8
20241011_toledo,castilla_la_mancha,toledo,10,0,0,14.3,730,30,16153.2
20241011_ciudad_real,castilla_la_mancha,ciudad_real,10,0,0,16.3,485,25,9274.5
20241011_albacete,castilla_la_mancha,albacete,10,0,0,13.0,385,25,7884.4
20241011_cuenca,castilla_la_mancha,cuenca,10,0,0,15.6,195,15,3582.4
20241011_guadalajara,castilla_la_mancha,guadalajara,10,0,0,16.2,255,30,5192.4
20241011_las_palmas,canarias,las_palmas,10,0,0,18.7,1150,20,18863.2
20241011_santa_cruz_tenerife,canarias,santa_cruz_tenerife,10,0,0,24.8,1020,20,24095.4
20241011_zaragoza,aragon,zaragoza,10,0,0,14.4,980,50,25643.7
20241011_huesca,aragon,huesca,10,0,0,12.2,220,30,5082.7
20241011_teruel,aragon,teruel,10,0,0,16.7,130,20,2496.2
20241011_badajoz,extremadura,badajoz,10,0,0,15.6,670,22,12193.1
20241011_caceres,extremadura,caceres,10,0,0,16.0,390,18,7070.3
20241011_asturias,asturias,asturias,10,0,0,16.2,1010,45,23547.4
20241011_baleares,baleares,baleares,10,0,0,16.3,1200,15,21203.7
20241011_cantabria,cantabria,cantabria,10,0,0,14.2,580,35,12470.5
20241011_madrid_prov,madrid,madrid_prov,10,0,0,15.8,6700,55,183072.7
20241011_murcia,murcia,murcia,10,0,0,18.7,1550,40,33152.1
20241011_navarra,navarra,navarra,10,0,0,12.4,660,55,17831.4
20241011_la_rioja,la_rioja,la_rioja,10,0,0,13.5,320,40,8031.9
20241013_sevilla,andalucia,sevilla,10,1,0,17.5,1950,55,48474.0
20241013_malaga,andalucia,malaga,10,1,0,19.9,1700,40,31664.9
20241013_cadiz,andalucia,cadiz,10,1,0,16.3,1240,50,25991.6
20241013_cordoba,andalucia,cordoba,10,1,0,21.0,780,35,16364.9
20241013_granada,andalucia,granada,10,1,0,21.1,915,30,17589.1
20241013_jaen,andalucia,jaen,10,1,0,18.5,610,25,9992.3
20241013_almeria,andalucia,almeria,10,1,0,19.3,730,45,15192.9
20241013_huelva,andalucia,huelva,10,1,0,18.5,525,40,11383.2
20241013_barcelona,cataluna,barcelona,10,1,0,15.6,5700,85,173819.5
20241013_tarragona,cataluna,tarragona,10,1,0,13.6,830,70,26411.1
20241013_girona,cataluna,girona,10,1,0,15.3,780,55,18961.6
20241013_lleida,cataluna,lleida,10,1,0,17.0,430,45,8784.0
20241013_valencia,valenciana,valencia,10,1,0,18.9,2650,65,67412.2
20241013_alicante,valenciana,alicante,10,1,0,16.8,1950,55,42783.4
20241013_castellon,valenciana,castellon,10,1,0,17.8,580,60,13489.8
20241013_a_coruna,galicia,a_coruna,10,1,0,15.6,1120,40,23883.0
20241013_pontevedra,galicia,pontevedra,10,1,0,13.6,945,45,22462.2
20241013_lugo,galicia,lugo,10,1,0,10.8,320,25,6935.3
20241013_ourense,galicia,ourense,10,1,0,14.1,305,25,6087.8
20241013_valladolid,castilla_y_leon,valladolid,10,1,0,11.6,520,45,14249.2
20241013_leon,castilla_y_leon,leon,10,1,0,12.6,440,30,9116.7
20241013_burgos,castilla_y_leon,burgos,10,1,0,11.2,360,40,9230.3
20241013_salamanca,castilla_y_leon,salamanca,10,1,0,10.7,330,25,8009.8
20241013_palencia,castilla_y_leon,palencia,10,1,0,9.8,155,30,3940.4
20241013_zamora,castilla_y_leon,zamora,10,1,0,12.4,165,20,3156.6
20241013_avila,castilla_y_leon,avila,10,1,0,10.6,155,20,3327.4
20241013_segovia,castilla_y_leon,segovia,10,1,0,12.5,150,20,2827.1
20241013_soria,castilla_y_leon,soria,10,1,0,9.9,90,20,2154.4
20241013_vizcaya,pais_vasco,vizcaya,10,1,0,14.3,1150,85,35982.0
20241013_guipuzcoa,pais_vasco,guipuzcoa,10,1,0,14.8,715,80,22579.6
20241013_alava,pais_vasco,alava,10,1,0,15.3,335,70,8435.2
20241013_toledo,castilla_la_mancha,toledo,10,1,0,15.0,730,30,13597.9
20241013_ciudad_real,castilla_la_mancha,ciudad_real,10,1,0,13.7,485,25,8657.1
20241013_albacete,castilla_la_mancha,albacete,10,1,0,14.0,385,25,7504.7
20241013_cuenca,castilla_la_mancha,cuenca,10,1,0,14.3,195,15,3119.5
20241013_guadalajara,castilla_la_mancha,guadalajara,10,1,0,12.2,255,30,6122.6
20241013_las_palmas,canarias,las_palmas,10,1,0,21.1,1150,20,19219.6
20241013_santa_cruz_tenerife,canarias,santa_cruz_tenerife,10,1,0,21.3,1020,20,19944.4
20241013_zaragoza,aragon,zaragoza,10,1,0,14.7,980,50,19578.2
20241013_huesca,aragon,huesca,10,1,0,17.6,220,30,3667.2
20241013_teruel,aragon,teruel,10,1,0,13.6,130,20,2254.1
20241013_badajoz,extremadura,badajoz,10,1,0,15.3,670,22,11939.6
20241013_caceres,extremadura,caceres,10,1,0,13.5,390,18,7011.9
20241013_asturias,asturias,asturias,10,1,0,14.8,1010,45,21309.9
20241013_baleares,baleares,baleares,10,1,0,15.8,1200,15,19216.0
20241013_cantabria,cantabria,cantabria,10,1,0,13.2,580,35,12131.7
20241013_madrid_prov,madrid,madrid_prov,10,1,0,13.2,6700,55,174704.9
20241013_murcia,murcia,murcia,10,1,0,19.1,1550,40,29546.8
20241013_navarra,navarra,navarra,10,1,0,11.5,660,55,18435.1
20241013_la_rioja,la_rioja,la_rioja,10,1,0,12.0,320,40,7740.2
20241015_sevilla,andalucia,sevilla,10,0,0,20.5,1950,55,50415.2
20241015_malaga,andalucia,malaga,10,0,0,16.8,1700,40,38782.5
20241015_cadiz,andalucia,cadiz,10,0,0,18.2,1240,50,29657.7
20241015_cordoba,andalucia,cordoba,10,0,0,19.2,780,35,17278.1
20241015_granada,andalucia,granada,10,0,0,18.5,915,30,18542.5
20241015_jaen,andalucia,jaen,10,0,0,21.4,610,25,13317.5
20241015_almeria,andalucia,almeria,10,0,0,19.7,730,45,17261.0
20241015_huelva,andalucia,huelva,10,0,0,17.1,525,40,12383.5
20241015_barcelona,cataluna,barcelona,10,0,0,15.7,5700,85,175177.5
20241015_tarragona,cataluna,tarragona,10,0,0,15.2,830,70,23038.7
20241015_girona,cataluna,girona,10,0,0,17.0,780,55,20326.6
20241015_lleida,cataluna,lleida,10,0,0,15.7,430,45,10207.0
20241015_valencia,valenciana,valencia,10,0,0,16.5,2650,65,64925.3
20241015_alicante,valenciana,alicante,10,0,0,15.5,1950,55,48646.3
20241015_castellon,valenciana,castellon,10,0,0,16.2,580,60,15552.9
20241015_a_coruna,galicia,a_coruna,10,0,0,14.6,1120,40,26238.4
20241015_pontevedra,galicia,pontevedra,10,0,0,15.5,945,45,21771.1
20241015_lugo,galicia,lugo,10,0,0,13.3,320,25,6923.4
20241015_ourense,galicia,ourense,10,0,0,15.0,305,25,6220.6
20241015_valladolid,castilla_y_leon,valladolid,10,0,0,11.2,520,45,13915.2
20241015_leon,castilla_y_leon,leon,10,0,0,9.7,440,30,12981.4
20241015_burgos,castilla_y_leon,burgos,10,0,0,8.1,360,40,13165.3
20241015_salamanca,castilla_y_leon,salamanca,10,0,0,11.7,330,25,7497.1
20241015_palencia,castilla_y_leon,palencia,10,0,0,9.8,155,30,4729.9
20241015_zamora,castilla_y_leon,zamora,10,0,0,13.0,165,20,3438.0
20241015_avila,castilla_y_leon,avila,10,0,0,11.2,155,20,3467.6
20241015_segovia,castilla_y_leon,segovia,10,0,0,11.2,150,20,3351.0
20241015_soria,castilla_y_leon,soria,10,0,0,10.9,90,20,2318.0
20241015_vizcaya,pais_vasco,vizcaya,10,0,0,13.4,1150,85,37512.4
20241015_guipuzcoa,pais_vasco,guipuzcoa,10,0,0,11.6,715,80,26290.3
20241015_alava,pais_vasco,alava,10,0,0,12.4,335,70,11073.2
20241015_toledo,castilla_la_mancha,toledo,10,0,0,11.7,730,30,18660.2
20241015_ciudad_real,castilla_la_mancha,ciudad_real,10,0,0,12.5,485,25,10966.4
20241015_albacete,castilla_la_mancha,albacete,10,0,0,13.5,385,25,9014.1
20241015_cuenca,castilla_la_mancha,cuenca,10,0,0,14.2,195,15,4043.1
20241015_guadalajara,castilla_la_mancha,guadalajara,10,0,0,14.8,255,30,5875.5
20241015_las_palmas,canarias,las_palmas,10,0,0,20.2,1150,20,22099.1
20241015_santa_cruz_tenerife,canarias,santa_cruz_tenerife,10,0,0,22.2,1020,20,21539.3
20241015_zaragoza,aragon,zaragoza,10,0,0,14.2,980,50,25037.7
20241015_huesca,aragon,huesca,10,0,0,13.3,220,30,5308.4
20241015_teruel,aragon,teruel,10,0,0,15.4,130,20,2409.8
20241015_badajoz,extremadura,badajoz,10,0,0,14.9,670,22,12639.8
20241015_caceres,extremadura,caceres,10,0,0,17.2,390,18,6734.0
20241015_asturias,asturias,asturias,10,0,0,14.1,1010,45,25988.5
20241015_baleares,baleares,baleares,10,0,0,16.7,1200,15,22840.2
20241015_cantabria,cantabria,cantabria,10,0,0,11.4,580,35,16548.2
20241015_madrid_prov,madrid,madrid_prov,10,0,0,14.9,6700,55,159053.7
20241015_murcia,murcia,murcia,10,0,0,20.2,1550,40,37089.9
20241015_navarra,navarra,navarra,10,0,0,11.9,660,55,18980.6
20241015_la_rioja,la_rioja,la_rioja,10,0,0,10.8,320,40,10302.1
20241017_sevilla,andalucia,sevilla,10,0,0,16.9,1950,55,46148.4
20241017_malaga,andalucia,malaga,10,0,0,18.6,1700,40,34819.0
20241017_cadiz,andalucia,cadiz,10,0,0,16.8,1240,50,31641.2
20241017_cordoba,andalucia,cordoba,10,0,0,18.8,780,35,16314.2
20241017_granada,andalucia,granada,10,0,0,18.2,915,30,18167.0
20241017_jaen,andalucia,jaen,10,0,0,18.1,610,25,11360.0
20241017_almeria,andalucia,almeria,10,0,0,17.4,730,45,16420.9
20241017_huelva,andalucia,huelva,10,0,0,17.2,525,40,12322.2
20241017_barcelona,cataluna,barcelona,10,0,0,16.3,5700,85,169930.2
20241017_tarragona,cataluna,tarragona,10,0,0,13.5,830,70,25491.9
20241017_girona,cataluna,girona,10,0,0,18.2,780,55,18556.9
20241017_lleida,cataluna,lleida,10,0,0,15.0,430,45,10498.6
20241017_valencia,valenciana,valencia,10,0,0,17.1,2650,65,70102.3
20241017_alicante,valenciana,alicante,10,0,0,18.8,1950,55,50139.0
20241017_castellon,valenciana,castellon,10,0,0,18.4,580,60,15537.5
20241017_a_coruna,galicia,a_coruna,10,0,0,14.6,1120,40,28658.8
20241017_pontevedra,galicia,pontevedra,10,0,0,15.2,945,45,25647.1
20241017_lugo,galicia,lugo,10,0,0,15.0,320,25,6281.1
20241017_ourense,galicia,ourense,10,0,0,14.5,305,25,6527.6
20241017_valladolid,castilla_y_leon,valladolid,10,0,0,13.3,520,45,12848.8
20241017_leon,castilla_y_leon,leon,10,0,0,11.4,440,30,10692.6
20241017_burgos,castilla_y_leon,burgos,10,0,0,11.3,360,40,9829.0
20241017_salamanca,castilla_y_leon,salamanca,10,0,0,11.3,330,25,7418.5
20241017_palencia,castilla_y_leon,palencia,10,0,0,11.7,155,30,3863.6
20241017_zamora,castilla_y_leon,zamora,10,0,0,10.8,165,20,4289.6
20241017_avila,castilla_y_leon,avila,10,0,0,10.1,155,20,3898.2
20241017_segovia,castilla_y_leon,segovia,10,0,0,10.8,150,20,3588.5
20241017_soria,castilla_y_leon,soria,10,0,0,13.7,90,20,1826.9
20241017_vizcaya,pais_vasco,vizcaya,10,0,0,12.5,1150,85,45365.7
20241017_guipuzcoa,pais_vasco,guipuzcoa,10,0,0,12.8,715,80,22552.5
20241017_alava,pais_vasco,alava,10,0,0,12.2,335,70,10393.2
20241017_toledo,castilla_la_mancha,toledo,10,0,0,11.1,730,30,18368.9
20241017_ciudad_real,castilla_la_mancha,ciudad_real,10,0,0,13.5,485,25,11055.6
20241017_albacete,castilla_la_mancha,albacete,10,0,0,14.5,385,25,8187.8
20241017_cuenca,castilla_la_mancha,cuenca,10,0,0,12.4,195,15,4178.4
20241017_guadalajara,castilla_la_mancha,guadalajara,10,0,0,15.6,255,30,5451.3
20241017_las_palmas,canarias,las_palmas,10,0,0,21.0,1150,20,20820.8
20241017_santa_cruz_tenerife,canarias,santa_cruz_tenerife,10,0,0,21.9,1020,20,22185.3
20241017_zaragoza,aragon,zaragoza,10,0,0,13.6,980,50,25379.7
20241017_huesca,aragon,huesca,10,0,0,12.9,220,30,4997.0
20241017_teruel,aragon,teruel,10,0,0,12.6,130,20,2863.1
20241017_badajoz,extremadura,badajoz,10,0,0,16.0,670,22,13512.8
20241017_caceres,extremadura,caceres,10,0,0,16.1,390,18,6856.4
20241017_asturias,asturias,asturias,10,0,0,12.1,1010,45,27068.6
20241017_baleares,baleares,baleares,10,0,0,17.0,1200,15,23030.3
20241017_cantabria,cantabria,cantabria,10,0,0,16.1,580,35,13113.3
20241017_madrid_prov,madrid,madrid_prov,10,0,0,14.3,6700,55,168559.6
20241017_murcia,murcia,murcia,10,0,0,18.0,1550,40,33065.5
20241017_navarra,navarra,navarra,10,0,0,14.4,660,55,16310.1
20241017_la_rioja,la_rioja,la_rioja,10,0,0,13.2,320,40,7658.7
20241019_sevilla,andalucia,sevilla,10,1,0,17.9,1950,55,45436.6
20241019_malaga,andalucia,malaga,10,1,0,19.3,1700,40,34166.6
20241019_cadiz,andalucia,cadiz,10,1,0,18.9,1240,50,26134.2
20241019_cordoba,andalucia,cordoba,10,1,0,18.2,780,35,15682.9
20241019_granada,andalucia,granada,10,1,0,18.3,915,30,16285.7
20241019_jaen,andalucia,jaen,10,1,0,17.5,610,25,11190.2
20241019_almeria,andalucia,almeria,10,1,0,16.3,730,45,14721.5
20241019_huelva,andalucia,huelva,10,1,0,18.7,525,40,10286.7
20241019_barcelona,cataluna,barcelona,10,1,0,12.9,5700,85,193070.7
20241019_tarragona,cataluna,tarragona,10,1,0,13.4,830,70,23058.9
20241019_girona,cataluna,girona,10,1,0,14.0,780,55,18812.0
20241019_lleida,cataluna,lleida,10,1,0,13.7,430,45,10239.1
20241019_valencia,valenciana,valencia,10,1,0,17.1,2650,65,67786.4
20241019_alicante,valenciana,alicante,10,1,0,16.1,1950,55,49871.5
20241019_castellon,valenciana,castellon,10,1,0,14.3,580,60,13488.5
20241019_a_coruna,galicia,a_coruna,10,1,0,15.6,1120,40,23649.8
20241019_pontevedra,galicia,pontevedra,10,1,0,13.6,945,45,22257.7
20241019_lugo,galicia,lugo,10,1,0,13.9,320,25,6174.4
20241019_ourense,galicia,ourense,10,1,0,11.8,305,25,6715.3
20241019_valladolid,castilla_y_leon,valladolid,10,1,0,11.2,520,45,14597.1
20241019_leon,castilla_y_leon,leon,10,1,0,12.7,440,30,9415.2
20241019_burgos,castilla_y_leon,burgos,10,1,0,8.5,360,40,11716.8
20241019_salamanca,castilla_y_leon,salamanca,10,1,0,8.8,330,25,8539.2
20241019_palencia,castilla_y_leon,palencia,10,1,0,9.9,155,30,3768.7
20241019_zamora,castilla_y_leon,zamora,10,1,0,11.3,165,20,3440.7
20241019_avila,castilla_y_leon,avila,10,1,0,11.0,155,20,3130.4
20241019_segovia,castilla_y_leon,segovia,10,1,0,10.0,150,20,3226.0
20241019_soria,castilla_y_leon,soria,10,1,0,10.0,90,20,2004.2
20241019_vizcaya,pais_vasco,vizcaya,10,1,0,15.6,1150,85,32399.1
20241019_guipuzcoa,pais_vasco,guipuzcoa,10,1,0,10.0,715,80,27720.7
20241019_alava,pais_vasco,alava,10,1,0,13.6,335,70,9226.0
20241019_toledo,castilla_la_mancha,toledo,10,1,0,12.6,730,30,14741.2
20241019_ciudad_real,castilla_la_mancha,ciudad_real,10,1,0,15.9,485,25,8662.6
20241019_albacete,castilla_la_mancha,albacete,10,1,0,10.8,385,25,8757.1
20241019_cuenca,castilla_la_mancha,cuenca,10,1,0,14.9,195,15,3246.9
20241019_guadalajara,castilla_la_mancha,guadalajara,10,1,0,12.0,255,30,5318.8
20241019_las_palmas,canarias,las_palmas,10,1,0,19.0,1150,20,20651.6
20241019_santa_cruz_tenerife,canarias,santa_cruz_tenerife,10,1,0,20.2,1020,20,15924.6
20241019_zaragoza,aragon,zaragoza,10,1,0,13.3,980,50,23992.4
20241019_huesca,aragon,huesca,10,1,0,12.1,220,30,4539.9
20241019_teruel,aragon,teruel,10,1,0,11.3,130,20,2837.4
20241019_badajoz,extremadura,badajoz,10,1,0,15.6,670,22,11959.2
20241019_caceres,extremadura,caceres,10,1,0,15.6,390,18,6630.3
20241019_asturias,asturias,asturias,10,1,0,12.0,1010,45,24997.0
20241019_baleares,baleares,baleares,10,1,0,18.6,1200,15,20269.6
20241019_cantabria,cantabria,cantabria,10,1,0,11.4,580,35,13571.4
20241019_madrid_prov,madrid,madrid_prov,10,1,0,14.9,6700,55,174416.4
20241019_murcia,murcia,murcia,10,1,0,19.9,1550,40,30363.6
20241019_navarra,navarra,navarra,10,1,0,13.6,660,55,16489.6
20241019_la_rioja,la_rioja,la_rioja,10,1,0,13.8,320,40,7293.6
20241021_sevilla,andalucia,sevilla,10,0,0,15.8,1950,55,51531.2
20241021_malaga,andalucia,malaga,10,0,0,19.0,1700,40,37883.9
20241021_cadiz,andalucia,cadiz,10,0,0,17.2,1240,50,27706.9
20241021_cordoba,andalucia,cordoba,10,0,0,18.5,780,35,16768.3
20241021_granada,andalucia,granada,10,0,0,16.3,915,30,18569.0
20241021_jaen,andalucia,jaen,10,0,0,17.8,610,25,11478.5
20241021_almeria,andalucia,almeria,10,0,0,17.6,730,45,15493.6
20241021_huelva,andalucia,huelva,10,0,0,19.5,525,40,11795.3
20241021_barcelona,cataluna,barcelona,10,0,0,13.1,5700,85,175562.4
20241021_tarragona,cataluna,tarragona,10,0,0,16.1,830,70,24295.1
20241021_girona,cataluna,girona,10,0,0,14.9,780,55,21463.1
20241021_lleida,cataluna,lleida,10,0,0,15.8,430,45,10310.4
20241021_valencia,valenciana,valencia,10,0,0,16.3,2650,65,71006.1
20241021_alicante,valenciana,alicante,10,0,0,17.3,1950,55,52517.7
20241021_castellon,valenciana,castellon,10,0,0,16.5,580,60,16422.6
20241021_a_coruna,galicia,a_coruna,10,0,0,13.4,1120,40,28217.3
20241021_pontevedra,galicia,pontevedra,10,0,0,16.3,945,45,24132.0
20241021_lugo,galicia,lugo,10,0,0,15.3,320,25,6190.9
20241021_ourense,galicia,ourense,10,0,0,16.0,305,25,6005.7
20241021_valladolid,castilla_y_leon,valladolid,10,0,0,9.6,520,45,15005.4
20241021_leon,castilla_y_leon,leon,10,0,0,10.4,440,30,11171.3
20241021_burgos,castilla_y_leon,burgos,10,0,0,10.5,360,40,9883.9
20241021_salamanca,castilla_y_leon,salamanca,10,0,0,12.4,330,25,7684.7
20241021_palencia,castilla_y_leon,palencia,10,0,0,13.1,155,30,3383.6
20241021_zamora,castilla_y_leon,zamora,10,0,0,12.1,165,20,3309.1
20241021_avila,castilla_y_leon,avila,10,0,0,10.2,155,20,3687.6
20241021_segovia,castilla_y_leon,segovia,10,0,0,9.3,150,20,3813.7
20241021_soria,castilla_y_leon,soria,10,0,0,8.6,90,20,2305.8
20241021_vizcaya,pais_vasco,vizcaya,10,0,0,12.2,1150,85,42235.3
20241021_guipuzcoa,pais_vasco,guipuzcoa,10,0,0,14.4,715,80,23152.5
20241021_alava,pais_vasco,alava,10,0,0,14.4,335,70,9293.2
20241021_toledo,castilla_la_mancha,toledo,10,0,0,12.2,730,30,18143.4
20241021_ciudad_real,castilla_la_mancha,ciudad_real,10,0,0,13.3,485,25,10062.4
20241021_albacete,castilla_la_mancha,albacete,10,0,0,14.2,385,25,7840.0
20241021_cuenca,castilla_la_mancha,cuenca,10,0,0,11.8,195,15,4231.0
20241021_guadalajara,castilla_la_mancha,guadalajara,10,0,0,12.9,255,30,5773.0
20241021_las_palmas,canarias,las_palmas,10,0,0,19.4,1150,20,20256.3
20241021_santa_cruz_tenerife,canarias,santa_cruz_tenerife,10,0,0,19.6,1020,20,20097.6
20241021_zaragoza,aragon,zaragoza,10,0,0,12.7,980,50,28522.8
20241021_huesca,aragon,huesca,10,0,0,13.1,220,30,4895.0
20241021_teruel,aragon,teruel,10,0,0,10.1,130,20,3067.3
20241021_badajoz,extremadura,badajoz,10,0,0,14.0,670,22,13201.4
20241021_caceres,extremadura,caceres,10,0,0,16.3,390,18,7495.8
20241021_asturias,asturias,asturias,10,0,0,15.5,1010,45,23255.2
20241021_baleares,baleares,baleares,10,0,0,19.0,1200,15,22796.8
20241021_cantabria,cantabria,cantabria,10,0,0,12.7,580,35,14599.0
20241021_madrid_prov,madrid,madrid_prov,10,0,0,15.1,6700,55,174771.9
20241021_murcia,murcia,murcia,10,0,0,17.0,1550,40,33527.6
20241021_navarra,navarra,navarra,10,0,0,8.2,660,55,25331.6
20241021_la_rioja,la_rioja,la_rioja,10,0,0,11.0,320,40,8534.4
20241023_sevilla,andalucia,sevilla,10,0,0,17.8,1950,55,45414.3
20241023_malaga,andalucia,malaga,10,0,0,18.4,1700,40,38681.1
20241023_cadiz,andalucia,cadiz,10,0,0,16.7,1240,50,30055.9
20241023_cordoba,andalucia,cordoba,10,0,0,15.6,780,35,17752.8
20241023_granada,andalucia,granada,10,0,0,17.5,915,30,18837.8
20241023_jaen,andalucia,jaen,10,0,0,18.0,610,25,11427.5
20241023_almeria,andalucia,almeria,10,0,0,15.1,730,45,18524.5
20241023_huelva,andalucia,huelva,10,0,0,18.2,525,40,11346.1
20241023_barcelona,cataluna,barcelona,10,0,0,14.9,5700,85,196425.7
20241023_tarragona,cataluna,tarragona,10,0,0,15.9,830,70,23037.1
20241023_girona,cataluna,girona,10,0,0,12.2,780,55,21621.6
20241023_lleida,cataluna,lleida,10,0,0,13.9,430,45,11700.8
20241023_valencia,valenciana,valencia,10,0,0,15.4,2650,65,71913.6
20241023_alicante,valenciana,alicante,10,0,0,15.5,1950,55,49140.0
20241023_castellon,valenciana,castellon,10,0,0,16.4,580,60,14343.1
20241023_a_coruna,galicia,a_coruna,10,0,0,14.3,1120,40,26576.4
20241023_pontevedra,galicia,pontevedra,10,0,0,16.2,945,45,20985.2
20241023_lugo,galicia,lugo,10,0,0,15.0,320,25,6972.5
20241023_ourense,galicia,ourense,10,0,0,12.2,305,25,6868.7
20241023_valladolid,castilla_y_leon,valladolid,10,0,0,8.3,520,45,17499.4
20241023_leon,castilla_y_leon,leon,10,0,0,9.5,440,30,12451.0
20241023_burgos,castilla_y_leon,burgos,10,0,0,7.3,360,40,14596.5
20241023_salamanca,castilla_y_leon,salamanca,10,0,0,9.2,330,25,9142.0
20241023_palencia,castilla_y_leon,palencia,10,0,0,8.7,155,30,4589.4
20241023_zamora,castilla_y_leon,zamora,10,0,0,9.0,165,20,4372.8
20241023_avila,castilla_y_leon,avila,10,0,0,9.5,155,20,4140.3
20241023_segovia,castilla_y_leon,segovia,10,0,0,9.9,150,20,3898.3
20241023_soria,castilla_y_leon,soria,10,0,0,9.5,90,20,2335.0
20241023_vizcaya,pais_vasco,vizcaya,10,0,0,12.2,1150,85,44049.5
20241023_guipuzcoa,pais_vasco,guipuzcoa,10,0,0,13.0,715,80,24051.7
20241023_alava,pais_vasco,alava,10,0,0,12.3,335,70,10969.2
20241023_toledo,castilla_la_mancha,toledo,10,0,0,12.5,730,30,17211.3
20241023_ciudad_real,castilla_la_mancha,ciudad_real,10,0,0,11.7,485,25,11878.2
20241023_albacete,castilla_la_mancha,albacete,10,0,0,13.6,385,25,8994.5
20241023_cuenca,castilla_la_mancha,cuenca,10,0,0,11.6,195,15,4301.4
20241023_guadalajara,castilla_la_mancha,guadalajara,10,0,0,9.8,255,30,7385.7
20241023_las_palmas,canarias,las_palmas,10,0,0,18.0,1150,20,20139.5
20241023_santa_cruz_tenerife,canarias,santa_cruz_tenerife,10,0,0,20.5,1020,20,18805.7
20241023_zaragoza,aragon,zaragoza,10,0,0,11.0,980,50,29276.5
20241023_huesca,aragon,huesca,10,0,0,13.1,220,30,4830.9
20241023_teruel,aragon,teruel,10,0,0,12.0,130,20,2815.5
20241023_badajoz,extremadura,badajoz,10,0,0,15.7,670,22,13507.6
20241023_caceres,extremadura,caceres,10,0,0,12.0,390,18,8879.5
20241023_asturias,asturias,asturias,10,0,0,11.4,1010,45,29342.8
20241023_baleares,baleares,baleares,10,0,0,15.2,1200,15,22236.6
20241023_cantabria,cantabria,cantabria,10,0,0,16.4,580,35,12578.4
20241023_madrid_prov,madrid,madrid_prov,10,0,0,12.4,6700,55,194379.9
20241023_murcia,murcia,murcia,10,0,0,14.8,1550,40,39016.6
20241023_navarra,navarra,navarra,10,0,0,11.6,660,55,19186.9
20241023_la_rioja,la_rioja,la_rioja,10,0,0,10.3,320,40,9446.2
20241025_sevilla,andalucia,sevilla,10,0,0,18.3,1950,55,46111.9
20241025_malaga,andalucia,malaga,10,0,0,18.5,1700,40,37607.4
20241025_cadiz,andalucia,cadiz,10,0,0,15.6,1240,50,30069.4
20241025_cordoba,andalucia,cordoba,10,0,0,19.4,780,35,15624.6
20241025_granada,andalucia,granada,10,0,0,15.9,915,30,19935.9
20241025_jaen,andalucia,jaen,10,0,0,17.3,610,25,11377.5
20241025_almeria,andalucia,almeria,10,0,0,18.3,730,45,17778.8
20241025_huelva,andalucia,huelva,10,0,0,17.4,525,40,11320.8
20241025_barcelona,cataluna,barcelona,10,0,0,13.4,5700,85,198419.6
20241025_tarragona,cataluna,tarragona,10,0,0,12.2,830,70,29311.6
20241025_girona,cataluna,girona,10,0,0,16.4,780,55,19567.6
20241025_lleida,cataluna,lleida,10,0,0,14.5,430,45,11255.8
20241025_valencia,valenciana,valencia,10,0,0,18.9,2650,65,77476.0
20241025_alicante,valenciana,alicante,10,0,0,13.7,1950,55,52966.8
20241025_castellon,valenciana,castellon,10,0,0,16.8,580,60,14817.2
20241025_a_coruna,galicia,a_coruna,10,0,0,15.0,1120,40,28256.6
20241025_pontevedra,galicia,pontevedra,10,0,0,11.4,945,45,26871.9
20241025_lugo,galicia,lugo,10,0,0,11.5,320,25,7553.4
20241025_ourense,galicia,ourense,10,0,0,12.2,305,25,7319.0
20241025_valladolid,castilla_y_leon,valladolid,10,0,0,7.9,520,45,16425.1
20241025_leon,castilla_y_leon,leon,10,0,0,6.9,440,30,14183.0
20241025_burgos,castilla_y_leon,burgos,10,0,0,8.3,360,40,12260.2
20241025_salamanca,castilla_y_leon,salamanca,10,0,0,7.7,330,25,9528.6
20241025_palencia,castilla_y_leon,palencia,10,0,0,7.9,155,30,4647.2
20241025_zamora,castilla_y_leon,zamora,10,0,0,8.4,165,20,4434.6
20241025_avila,castilla_y_leon,avila,10,0,0,10.2,155,20,3632.0
20241025_segovia,castilla_y_leon,segovia,10,0,0,8.7,150,20,3965.1
20241025_soria,castilla_y_leon,soria,10,0,0,10.3,90,20,2175.3
20241025_vizcaya,pais_vasco,vizcaya,10,0,0,13.8,1150,85,36654.8
20241025_guipuzcoa,pais_vasco,guipuzcoa,10,0,0,12.2,715,80,24486.1
20241025_alava,pais_vasco,alava,10,0,0,10.6,335,70,12131.2
20241025_toledo,castilla_la_mancha,toledo,10,0,0,14.5,730,30,15135.5
20241025_ciudad_real,castilla_la_mancha,ciudad_real,10,0,0,11.9,485,25,10568.8
20241025_albacete,castilla_la_mancha,albacete,10,0,0,10.1,385,25,9641.6
20241025_cuenca,castilla_la_mancha,cuenca,10,0,0,11.5,195,15,4114.4
20241025_guadalajara,castilla_la_mancha,guadalajara,10,0,0,11.8,255,30,5776.7
20241025_las_palmas,canarias,las_palmas,10,0,0,19.0,1150,20,21817.2
20241025_santa_cruz_tenerife,canarias,santa_cruz_tenerife,10,0,0,18.0,1020,20,18433.7
20241025_zaragoza,aragon,zaragoza,10,0,0,12.1,980,50,27047.0
20241025_huesca,aragon,huesca,10,0,0,12.2,220,30,4911.3
20241025_teruel,aragon,teruel,10,0,0,12.9,130,20,2779.2
20241025_badajoz,extremadura,badajoz,10,0,0,14.3,670,22,14326.0
20241025_caceres,extremadura,caceres,10,0,0,13.7,390,18,7495.7
20241025_asturias,asturias,asturias,10,0,0,14.0,1010,45,27909.8
20241025_baleares,baleares,baleares,10,0,0,15.3,1200,15,21637.9
20241025_cantabria,cantabria,cantabria,10,0,0,14.1,580,35,13298.6
20241025_madrid_prov,madrid,madrid_prov,10,0,0,13.5,6700,55,193658.5
20241025_murcia,murcia,murcia,10,0,0,15.8,1550,40,36032.0
20241025_navarra,navarra,navarra,10,0,0,10.9,660,55,19916.3
20241025_la_rioja,la_rioja,la_rioja,10,0,0,10.0,320,40,9306.2
20241027_sevilla,andalucia,sevilla,10,1,0,17.9,1950,55,46108.0
20241027_malaga,andalucia,malaga,10,1,0,17.7,1700,40,34726.9
20241027_cadiz,andalucia,cadiz,10,1,0,17.2,1240,50,27350.5
20241027_cordoba,andalucia,cordoba,10,1,0,17.2,780,35,15322.8
20241027_granada,andalucia,granada,10,1,0,14.7,915,30,17038.7
20241027_jaen,andalucia,jaen,10,1,0,15.2,610,25,11707.1
20241027_almeria,andalucia,almeria,10,1,0,19.0,730,45,13710.4
20241027_huelva,andalucia,huelva,10,1,0,18.8,525,40,10571.8
20241027_barcelona,cataluna,barcelona,10,1,0,15.2,5700,85,168843.5
20241027_tarragona,cataluna,tarragona,10,1,0,15.8,830,70,21628.6
20241027_girona,cataluna,girona,10,1,0,11.8,780,55,21133.8
20241027_lleida,cataluna,lleida,10,1,0,14.5,430,45,9466.3
20241027_valencia,valenciana,valencia,10,1,0,16.8,2650,65,64564.6
20241027_alicante,valenciana,alicante,10,1,0,15.0,1950,55,43656.4
20241027_castellon,valenciana,castellon,10,1,0,15.3,580,60,14253.4
20241027_a_coruna,galicia,a_coruna,10,1,0,9.6,1120,40,29815.8
20241027_pontevedra,galicia,pontevedra,10,1,0,9.6,945,45,26539.6
20241027_lugo,galicia,lugo,10,1,0,14.0,320,25,5702.7
20241027_ourense,galicia,ourense,10,1,0,13.4,305,25,6850.9
20241027_valladolid,castilla_y_leon,valladolid,10,1,0,10.9,520,45,13949.4
20241027_leon,castilla_y_leon,leon,10,1,0,10.0,440,30,10120.6
20241027_burgos,castilla_y_leon,burgos,10,1,0,6.6,360,40,12316.7
20241027_salamanca,castilla_y_leon,salamanca,10,1,0,9.4,330,25,8540.2
20241027_palencia,castilla_y_leon,palencia,10,1,0,8.0,155,30,4418.0
20241027_zamora,castilla_y_leon,zamora,10,1,0,9.1,165,20,3907.0
20241027_avila,castilla_y_leon,avila,10,1,0,8.7,155,20,3619.7
20241027_segovia,castilla_y_leon,segovia,10,1,0,9.2,150,20,3569.0
20241027_soria,castilla_y_leon,soria,10,1,0,8.2,90,20,2350.8
20241027_vizcaya,pais_vasco,vizcaya,10,1,0,13.5,1150,85,36574.3
20241027_guipuzcoa,pais_vasco,guipuzcoa,10,1,0,10.6,715,80,25065.4
20241027_alava,pais_vasco,alava,10,1,0,10.8,335,70,10869.2
20241027_toledo,castilla_la_mancha,toledo,10,1,0,10.5,730,30,18652.5
20241027_ciudad_real,castilla_la_mancha,ciudad_real,10,1,0,12.8,485,25,10260.0
20241027_albacete,castilla_la_mancha,albacete,10,1,0,13.2,385,25,7448.8
20241027_cuenca,castilla_la_mancha,cuenca,10,1,0,11.1,195,15,4205.7
20241027_guadalajara,castilla_la_mancha,guadalajara,10,1,0,11.5,255,30,5363.1
20241027_las_palmas,canarias,las_palmas,10,1,0,21.2,1150,20,20250.1
20241027_santa_cruz_tenerife,canarias,santa_cruz_tenerife,10,1,0,21.9,1020,20,18514.6
20241027_zaragoza,aragon,zaragoza,10,1,0,11.3,980,50,28579.1
20241027_huesca,aragon,huesca,10,1,0,9.2,220,30,5570.8
20241027_teruel,aragon,teruel,10,1,0,10.1,130,20,2591.5
20241027_badajoz,extremadura,badajoz,10,1,0,15.1,670,22,11534.2
20241027_caceres,extremadura,caceres,10,1,0,15.1,390,18,6745.3
20241027_asturias,asturias,asturias,10,1,0,12.7,1010,45,23718.1
20241027_baleares,baleares,baleares,10,1,0,15.0,1200,15,19872.0
20241027_cantabria,cantabria,cantabria,10,1,0,13.8,580,35,12156.3
20241027_madrid_prov,madrid,madrid_prov,10,1,0,11.4,6700,55,176743.1
20241027_murcia,murcia,murcia,10,1,0,16.6,1550,40,30419.3
20241027_navarra,navarra,navarra,10,1,0,10.4,660,55,19313.5
20241027_la_rioja,la_rioja,la_rioja,10,1,0,10.4,320,40,8535.1
20241029_sevilla,andalucia,sevilla,10,0,0,17.1,1950,55,54096.8
20241029_malaga,andalucia,malaga,10,0,0,17.4,1700,40,40935.1
20241029_cadiz,andalucia,cadiz,10,0,0,15.2,1240,50,28764.4
20241029_cordoba,andalucia,cordoba,10,0,0,16.3,780,35,17563.1
20241029_granada,andalucia,granada,10,0,0,17.3,915,30,19777.8
20241029_jaen,andalucia,jaen,10,0,0,12.8,610,25,14437.0
20241029_almeria,andalucia,almeria,10,0,0,16.8,730,45,15758.9
20241029_huelva,andalucia,huelva,10,0,0,17.4,525,40,11776.7
20241029_barcelona,cataluna,barcelona,10,0,0,14.0,5700,85,200377.1
20241029_tarragona,cataluna,tarragona,10,0,0,14.1,830,70,23332.3
20241029_girona,cataluna,girona,10,0,0,13.3,780,55,20235.5
20241029_lleida,cataluna,lleida,10,0,0,14.4,430,45,11443.4
20241029_valencia,valenciana,valencia,10,0,0,13.8,2650,65,75578.8
20241029_alicante,valenciana,alicante,10,0,0,14.3,1950,55,51231.2
20241029_castellon,valenciana,castellon,10,0,0,16.2,580,60,15017.0
20241029_a_coruna,galicia,a_coruna,10,0,0,13.1,1120,40,29682.4
20241029_pontevedra,galicia,pontevedra,10,0,0,13.7,945,45,22757.8
20241029_lugo,galicia,lugo,10,0,0,14.1,320,25,7212.0
20241029_ourense,galicia,ourense,10,0,0,14.4,305,25,6281.3
20241029_valladolid,castilla_y_leon,valladolid,10,0,0,7.4,520,45,18491.9
20241029_leon,castilla_y_leon,leon,10,0,0,6.9,440,30,14943.2
20241029_burgos,castilla_y_leon,burgos,10,0,0,9.7,360,40,11782.0
20241029_salamanca,castilla_y_leon,salamanca,10,0,0,7.8,330,25,10013.9
20241029_palencia,castilla_y_leon,palencia,10,0,0,8.3,155,30,4611.6
20241029_zamora,castilla_y_leon,zamora,10,0,0,9.5,165,20,4314.9
20241029_avila,castilla_y_leon,avila,10,0,0,8.7,155,20,4288.8
20241029_segovia,castilla_y_leon,segovia,10,0,0,9.3,150,20,4015.7
20241029_soria,castilla_y_leon,soria,10,0,0,7.3,90,20,2819.7
20241029_vizcaya,pais_vasco,vizcaya,10,0,0,12.2,1150,85,41024.6
20241029_guipuzcoa,pais_vasco,guipuzcoa,10,0,0,12.2,715,80,25742.1
20241029_alava,pais_vasco,alava,10,0,0,13.3,335,70,9925.7
20241029_toledo,castilla_la_mancha,toledo,10,0,0,13.2,730,30,16695.8
20241029_ciudad_real,castilla_la_mancha,ciudad_real,10,0,0,10.7,485,25,11843.1
20241029_albacete,castilla_la_mancha,albacete,10,0,0,10.0,385,25,9252.3
20241029_cuenca,castilla_la_mancha,cuenca,10,0,0,12.3,195,15,4424.5
20241029_guadalajara,castilla_la_mancha,guadalajara,10,0,0,9.1,255,30,7084.6
20241029_las_palmas,canarias,las_palmas,10,0,0,20.7,1150,20,21962.1
20241029_santa_cruz_tenerife,canarias,santa_cruz_tenerife,10,0,0,20.8,1020,20,19490.9
20241029_zaragoza,aragon,zaragoza,10,0,0,10.2,980,50,31210.8
20241029_huesca,aragon,huesca,10,0,0,7.6,220,30,6701.0
20241029_teruel,aragon,teruel,10,0,0,12.3,130,20,2990.0
20241029_badajoz,extremadura,badajoz,10,0,0,15.5,670,22,13318.8
20241029_caceres,extremadura,caceres,10,0,0,10.3,390,18,9011.4
20241029_asturias,asturias,asturias,10,0,0,13.5,1010,45,28125.2
20241029_baleares,baleares,baleares,10,0,0,17.7,1200,15,20698.8
20241029_cantabria,cantabria,cantabria,10,0,0,10.5,580,35,16127.4
20241029_madrid_prov,madrid,madrid_prov,10,0,0,12.0,6700,55,217277.9
20241029_murcia,murcia,murcia,10,0,0,16.4,1550,40,34909.5
20241029_navarra,navarra,navarra,10,0,0,10.3,660,55,22318.6
20241029_la_rioja,la_rioja,la_rioja,10,0,0,11.6,320,40,8391.1
20241031_sevilla,andalucia,sevilla,10,0,0,14.6,1950,55,55684.6
20241031_malaga,andalucia,malaga,10,0,0,13.7,1700,40,45018.7
20241031_cadiz,andalucia,cadiz,10,0,0,13.4,1240,50,32432.1
20241031_cordoba,andalucia,cordoba,10,0,0,17.4,780,35,16602.1
20241031_granada,andalucia,granada,10,0,0,14.2,915,30,20474.4
20241031_jaen,andalucia,jaen,10,0,0,16.1,610,25,11896.1
20241031_almeria,andalucia,almeria,10,0,0,15.2,730,45,17605.9
20241031_huelva,andalucia,huelva,10,0,0,15.2,525,40,13714.3
20241031_barcelona,cataluna,barcelona,10,0,0,12.8,5700,85,197063.5
20241031_tarragona,cataluna,tarragona,10,0,0,12.4,830,70,29623.5
20241031_girona,cataluna,girona,10,0,0,10.9,780,55,25418.8
20241031_lleida,cataluna,lleida,10,0,0,12.8,430,45,10620.9
20241031_valencia,valenciana,valencia,10,0,0,14.2,2650,65,78372.0
20241031_alicante,valenciana,alicante,10,0,0,14.1,1950,55,53586.2
20241031_castellon,valenciana,castellon,10,0,0,17.7,580,60,15207.9
20241031_a_coruna,galicia,a_coruna,10,0,0,10.0,1120,40,32285.3
20241031_pontevedra,galicia,pontevedra,10,0,0,11.6,945,45,26327.0
20241031_lugo,galicia,lugo,10,0,0,12.2,320,25,7446.3
20241031_ourense,galicia,ourense,10,0,0,14.4,305,25,6314.4
20241031_valladolid,castilla_y_leon,valladolid,10,0,0,6.5,520,45,21984.4
20241031_leon,castilla_y_leon,leon,10,0,0,9.9,440,30,12290.6
20241031_burgos,castilla_y_leon,burgos,10,0,0,7.8,360,40,12966.5
20241031_salamanca,castilla_y_leon,salamanca,10,0,0,7.8,330,25,9030.6
20241031_palencia,castilla_y_leon,palencia,10,0,0,8.9,155,30,4779.1
20241031_zamora,castilla_y_leon,zamora,10,0,0,10.2,165,20,3917.5
20241031_avila,castilla_y_leon,avila,10,0,0,8.5,155,20,4334.4
20241031_segovia,castilla_y_leon,segovia,10,0,0,8.3,150,20,4224.8
20241031_soria,castilla_y_leon,soria,10,0,0,8.2,90,20,2559.4
20241031_vizcaya,pais_vasco,vizcaya,10,0,0,12.6,1150,85,43530.7
20241031_guipuzcoa,pais_vasco,guipuzcoa,10,0,0,10.5,715,80,27590.0
20241031_alava,pais_vasco,alava,10,0,0,11.0,335,70,11529.6
20241031_toledo,castilla_la_mancha,toledo,10,0,0,8.7,730,30,21832.9
20241031_ciudad_real,castilla_la_mancha,ciudad_real,10,0,0,11.7,485,25,11361.5
20241031_albacete,castilla_la_mancha,albacete,10,0,0,11.0,385,25,9662.8
20241031_cuenca,castilla_la_mancha,cuenca,10,0,0,13.0,195,15,3794.2
20241031_guadalajara,castilla_la_mancha,guadalajara,10,0,0,9.4,255,30,7267.3
20241031_las_palmas,canarias,las_palmas,10,0,0,22.2,1150,20,21882.7
20241031_santa_cruz_tenerife,canarias,santa_cruz_tenerife,10,0,0,20.5,1020,20,20541.6
20241031_zaragoza,aragon,zaragoza,10,0,0,7.3,980,50,39204.2
20241031_huesca,aragon,huesca,10,0,0,11.5,220,30,5435.3
20241031_teruel,aragon,teruel,10,0,0,9.7,130,20,3195.2
20241031_badajoz,extremadura,badajoz,10,0,0,12.7,670,22,14323.2
20241031_caceres,extremadura,caceres,10,0,0,12.4,390,18,8077.1
20241031_asturias,asturias,asturias,10,0,0,13.2,1010,45,24821.6
20241031_baleares,baleares,baleares,10,0,0,13.1,1200,15,25125.6
20241031_cantabria,cantabria,cantabria,10,0,0,11.9,580,35,14583.9
20241031_madrid_prov,madrid,madrid_prov,10,0,0,11.5,6700,55,209165.0
20241031_murcia,murcia,murcia,10,0,0,15.1,1550,40,36928.9
20241031_navarra,navarra,navarra,10,0,0,8.6,660,55,24254.7
20241031_la_rioja,la_rioja,la_rioja,10,0,0,7.3,320,40,12264.9
20241102_sevilla,andalucia,sevilla,11,1,0,15.5,1950,55,47000.5
20241102_malaga,andalucia,malaga,11,1,0,16.4,1700,40,35382.0
20241102_cadiz,andalucia,cadiz,11,1,0,15.7,1240,50,28183.2
20241102_cordoba,andalucia,cordoba,11,1,0,14.4,780,35,15065.5
20241102_granada,andalucia,granada,11,1,0,15.6,915,30,16662.5
20241102_jaen,andalucia,jaen,11,1,0,17.7,610,25,10825.4
20241102_almeria,andalucia,almeria,11,1,0,14.7,730,45,15872.5
20241102_huelva,andalucia,huelva,11,1,0,15.9,525,40,10695.3
20241102_barcelona,cataluna,barcelona,11,1,0,13.3,5700,85,177573.8
20241102_tarragona,cataluna,tarragona,11,1,0,11.0,830,70,23814.4
20241102_girona,cataluna,girona,11,1,0,12.4,780,55,21219.3
20241102_lleida,cataluna,lleida,11,1,0,12.4,430,45,11173.5
20241102_valencia,valenciana,valencia,11,1,0,15.0,2650,65,72185.5
20241102_alicante,valenciana,alicante,11,1,0,16.7,1950,55,46767.9
20241102_castellon,valenciana,castellon,11,1,0,13.4,580,60,15178.8
20241102_a_coruna,galicia,a_coruna,11,1,0,13.5,1120,40,25167.9
20241102_pontevedra,galicia,pontevedra,11,1,0,12.6,945,45,21312.8
20241102_lugo,galicia,lugo,11,1,0,14.5,320,25,5715.0
20241102_ourense,galicia,ourense,11,1,0,9.0,305,25,7528.8
20241102_valladolid,castilla_y_leon,valladolid,11,1,0,4.4,520,45,20749.9
20241102_leon,castilla_y_leon,leon,11,1,0,11.4,440,30,9790.6
20241102_burgos,castilla_y_leon,burgos,11,1,0,5.8,360,40,13101.7
20241102_salamanca,castilla_y_leon,salamanca,11,1,0,6.5,330,25,10338.1
20241102_palencia,castilla_y_leon,palencia,11,1,0,6.5,155,30,4940.8
20241102_zamora,castilla_y_leon,zamora,11,1,0,6.2,165,20,5499.8
20241102_avila,castilla_y_leon,avila,11,1,0,8.5,155,20,3813.6
20241102_segovia,castilla_y_leon,segovia,11,1,0,7.4,150,20,3914.3
20241102_soria,castilla_y_leon,soria,11,1,0,6.7,90,20,2434.2
20241102_vizcaya,pais_vasco,vizcaya,11,1,0,13.7,1150,85,34074.6
20241102_guipuzcoa,pais_vasco,guipuzcoa,11,1,0,8.4,715,80,27286.2
20241102_alava,pais_vasco,alava,11,1,0,12.7,335,70,9605.0
20241102_toledo,castilla_la_mancha,toledo,11,1,0,10.4,730,30,18569.2
20241102_ciudad_real,castilla_la_mancha,ciudad_real,11,1,0,9.5,485,25,12139.0
20241102_albacete,castilla_la_mancha,albacete,11,1,0,9.7,385,25,9511.7
20241102_cuenca,castilla_la_mancha,cuenca,11,1,0,10.1,195,15,4066.4
20241102_guadalajara,castilla_la_mancha,guadalajara,11,1,0,11.8,255,30,5862.1
20241102_las_palmas,canarias,las_palmas,11,1,0,19.2,1150,20,18743.0
20241102_santa_cruz_tenerife,canarias,santa_cruz_tenerife,11,1,0,21.7,1020,20,18680.1
20241102_zaragoza,aragon,zaragoza,11,1,0,9.7,980,50,28277.8
20241102_huesca,aragon,huesca,11,1,0,11.7,220,30,4916.8
20241102_teruel,aragon,teruel,11,1,0,10.1,130,20,2915.2
20241102_badajoz,extremadura,badajoz,11,1,0,13.3,670,22,12683.2
20241102_caceres,extremadura,caceres,11,1,0,14.5,390,18,7195.0
20241102_asturias,asturias,asturias,11,1,0,12.1,1010,45,26899.9
20241102_baleares,baleares,baleares,11,1,0,15.4,1200,15,20245.6
20241102_cantabria,cantabria,cantabria,11,1,0,13.4,580,35,13039.8
20241102_madrid_prov,madrid,madrid_prov,11,1,0,12.6,6700,55,181076.5
20241102_murcia,murcia,murcia,11,1,0,18.3,1550,40,30147.9
20241102_navarra,navarra,navarra,11,1,0,9.4,660,55,20730.5
20241102_la_rioja,la_rioja,la_rioja,11,1,0,9.6,320,40,8042.5
20241104_sevilla,andalucia,sevilla,11,0,0,17.4,1950,55,46482.4
20241104_malaga,andalucia,malaga,11,0,0,15.7,1700,40,36166.1
20241104_cadiz,andalucia,cadiz,11,0,0,16.3,1240,50,29164.9
20241104_cordoba,andalucia,cordoba,11,0,0,13.9,780,35,18304.9
20241104_granada,andalucia,granada,11,0,0,14.5,915,30,19277.2
20241104_jaen,andalucia,jaen,11,0,0,15.7,610,25,12640.7
20241104_almeria,andalucia,almeria,11,0,0,14.3,730,45,17280.4
20241104_huelva,andalucia,huelva,11,0,0,15.5,525,40,12384.6
20241104_barcelona,cataluna,barcelona,11,0,0,14.7,5700,85,176154.7
20241104_tarragona,cataluna,tarragona,11,0,0,12.2,830,70,29121.2
20241104_girona,cataluna,girona,11,0,0,15.4,780,55,19282.4
20241104_lleida,cataluna,lleida,11,0,0,11.6,430,45,12434.0
20241104_valencia,valenciana,valencia,11,0,0,14.0,2650,65,74818.2
20241104_alicante,valenciana,alicante,11,0,0,15.1,1950,55,55139.6
20241104_castellon,valenciana,castellon,11,0,0,13.0,580,60,18515.1
20241104_a_coruna,galicia,a_coruna,11,0,0,10.8,1120,40,32429.6
20241104_pontevedra,galicia,pontevedra,11,0,0,13.9,945,45,24315.6
20241104_lugo,galicia,lugo,11,0,0,11.2,320,25,8037.7
20241104_ourense,galicia,ourense,11,0,0,11.4,305,25,7508.3
20241104_valladolid,castilla_y_leon,valladolid,11,0,0,7.2,520,45,20680.1
20241104_leon,castilla_y_leon,leon,11,0,0,5.5,440,30,15787.5
20241104_burgos,castilla_y_leon,burgos,11,0,0,5.5,360,40,14840.1
20241104_salamanca,castilla_y_leon,salamanca,11,0,0,5.3,330,25,11631.9
20241104_palencia,castilla_y_leon,palencia,11,0,0,5.9,155,30,6115.9
20241104_zamora,castilla_y_leon,zamora,11,0,0,6.1,165,20,5077.7
20241104_avila,castilla_y_leon,avila,11,0,0,7.8,155,20,4879.1
20241104_segovia,castilla_y_leon,segovia,11,0,0,7.3,150,20,4493.1
20241104_soria,castilla_y_leon,soria,11,0,0,9.3,90,20,2457.6
20241104_vizcaya,pais_vasco,vizcaya,11,0,0,11.7,1150,85,41757.5
20241104_guipuzcoa,pais_vasco,guipuzcoa,11,0,0,11.8,715,80,24141.6
20241104_alava,pais_vasco,alava,11,0,0,10.3,335,70,13342.5
20241104_toledo,castilla_la_mancha,toledo,11,0,0,12.1,730,30,18040.0
20241104_ciudad_real,castilla_la_mancha,ciudad_real,11,0,0,7.6,485,25,14109.3
20241104_albacete,castilla_la_mancha,albacete,11,0,0,9.3,385,25,10438.9
20241104_cuenca,castilla_la_mancha,cuenca,11,0,0,8.5,195,15,5018.8
20241104_guadalajara,castilla_la_mancha,guadalajara,11,0,0,12.8,255,30,6079.3
20241104_las_palmas,canarias,las_palmas,11,0,0,19.6,1150,20,20397.0
20241104_santa_cruz_tenerife,canarias,santa_cruz_tenerife,11,0,0,17.0,1020,20,17739.3
20241104_zaragoza,aragon,zaragoza,11,0,0,7.6,980,50,37803.1
20241104_huesca,aragon,huesca,11,0,0,10.5,220,30,5575.7
20241104_teruel,aragon,teruel,11,0,0,10.2,130,20,3445.0
20241104_badajoz,extremadura,badajoz,11,0,0,15.2,670,22,13642.1
20241104_caceres,extremadura,caceres,11,0,0,12.2,390,18,8638.1
20241104_asturias,asturias,asturias,11,0,0,13.0,1010,45,24010.5
20241104_baleares,baleares,baleares,11,0,0,17.2,1200,15,20444.5
20241104_cantabria,cantabria,cantabria,11,0,0,11.1,580,35,15311.1
20241104_madrid_prov,madrid,madrid_prov,11,0,0,11.4,6700,55,196762.3
20241104_murcia,murcia,murcia,11,0,0,14.9,1550,40,37185.8
20241104_navarra,navarra,navarra,11,0,0,9.6,660,55,23392.4
20241104_la_rioja,la_rioja,la_rioja,11,0,0,9.3,320,40,10389.9
20241106_sevilla,andalucia,sevilla,11,0,0,16.6,1950,55,51838.8
20241106_malaga,andalucia,malaga,11,0,0,15.8,1700,40,40626.7
20241106_cadiz,andalucia,cadiz,11,0,0,16.4,1240,50,34638.8
20241106_cordoba,andalucia,cordoba,11,0,0,16.9,780,35,16611.8
20241106_granada,andalucia,granada,11,0,0,13.9,915,30,20031.5
20241106_jaen,andalucia,jaen,11,0,0,14.7,610,25,12830.7
20241106_almeria,andalucia,almeria,11,0,0,14.2,730,45,19365.6
20241106_huelva,andalucia,huelva,11,0,0,13.2,525,40,12086.8
20241106_barcelona,cataluna,barcelona,11,0,0,12.2,5700,85,199437.2
20241106_tarragona,cataluna,tarragona,11,0,0,10.6,830,70,29191.5
20241106_girona,cataluna,girona,11,0,0,11.3,780,55,24386.6
20241106_lleida,cataluna,lleida,11,0,0,11.5,430,45,11949.1
20241106_valencia,valenciana,valencia,11,0,0,14.5,2650,65,80071.6
20241106_alicante,valenciana,alicante,11,0,0,16.6,1950,55,49722.0
20241106_castellon,valenciana,castellon,11,0,0,14.9,580,60,15749.7
20241106_a_coruna,galicia,a_coruna,11,0,0,12.1,1120,40,30137.9
20241106_pontevedra,galicia,pontevedra,11,0,0,13.3,945,45,22296.1
20241106_lugo,galicia,lugo,11,0,0,11.1,320,25,7928.8
20241106_ourense,galicia,ourense,11,0,0,11.4,305,25,6967.9
20241106_valladolid,castilla_y_leon,valladolid,11,0,0,5.3,520,45,23658.3
20241106_leon,castilla_y_leon,leon,11,0,0,6.1,440,30,14603.1
20241106_burgos,castilla_y_leon,burgos,11,0,0,8.3,360,40,12396.9
20241106_salamanca,castilla_y_leon,salamanca,11,0,0,6.9,330,25,10195.7
20241106_palencia,castilla_y_leon,palencia,11,0,0,7.0,155,30,5587.1
20241106_zamora,castilla_y_leon,zamora,11,0,0,4.8,165,20,5477.0
20241106_avila,castilla_y_leon,avila,11,0,0,6.2,155,20,5016.9
20241106_segovia,castilla_y_leon,segovia,11,0,0,6.4,150,20,4952.9
20241106_soria,castilla_y_leon,soria,11,0,0,8.6,90,20,2488.8
20241106_vizcaya,pais_vasco,vizcaya,11,0,0,11.7,1150,85,43669.7
20241106_guipuzcoa,pais_vasco,guipuzcoa,11,0,0,10.9,715,80,25465.3
20241106_alava,pais_vasco,alava,11,0,0,9.5,335,70,12228.0
20241106_toledo,castilla_la_mancha,toledo,11,0,0,9.7,730,30,20643.5
20241106_ciudad_real,castilla_la_mancha,ciudad_real,11,0,0,7.9,485,25,14704.1
20241106_albacete,castilla_la_mancha,albacete,11,0,0,8.7,385,25,10419.0
20241106_cuenca,castilla_la_mancha,cuenca,11,0,0,9.0,195,15,4634.3
20241106_guadalajara,castilla_la_mancha,guadalajara,11,0,0,10.8,255,30,6605.4
20241106_las_palmas,canarias,las_palmas,11,0,0,20.3,1150,20,21317.0
20241106_santa_cruz_tenerife,canarias,santa_cruz_tenerife,11,0,0,18.6,1020,20,20652.2
20241106_zaragoza,aragon,zaragoza,11,0,0,7.3,980,50,40914.9
20241106_huesca,aragon,huesca,11,0,0,11.9,220,30,5580.2
20241106_teruel,aragon,teruel,11,0,0,9.1,130,20,3675.4
20241106_badajoz,extremadura,badajoz,11,0,0,11.7,670,22,14828.5
20241106_caceres,extremadura,caceres,11,0,0,11.6,390,18,8383.5
20241106_asturias,asturias,asturias,11,0,0,9.6,1010,45,34209.8
20241106_baleares,baleares,baleares,11,0,0,13.8,1200,15,22910.7
20241106_cantabria,cantabria,cantabria,11,0,0,9.6,580,35,17098.9
20241106_madrid_prov,madrid,madrid_prov,11,0,0,9.0,6700,55,228730.9
20241106_murcia,murcia,murcia,11,0,0,14.9,1550,40,38202.0
20241106_navarra,navarra,navarra,11,0,0,9.6,660,55,23535.2
20241106_la_rioja,la_rioja,la_rioja,11,0,0,9.3,320,40,9891.3
20241108_sevilla,andalucia,sevilla,11,0,0,16.0,1950,55,48527.6
20241108_malaga,andalucia,malaga,11,0,0,16.0,1700,40,40972.1
20241108_cadiz,andalucia,cadiz,11,0,0,13.7,1240,50,31783.4
20241108_cordoba,andalucia,cordoba,11,0,0,14.1,780,35,16675.2
20241108_granada,andalucia,granada,11,0,0,14.2,915,30,21372.5
20241108_jaen,andalucia,jaen,11,0,0,13.4,610,25,14065.9
20241108_almeria,andalucia,almeria,11,0,0,14.3,730,45,20210.6
20241108_huelva,andalucia,huelva,11,0,0,13.9,525,40,12623.4
20241108_barcelona,cataluna,barcelona,11,0,0,10.8,5700,85,217422.7
20241108_tarragona,cataluna,tarragona,11,0,0,14.0,830,70,25834.4
20241108_girona,cataluna,girona,11,0,0,13.5,780,55,20304.3
20241108_lleida,cataluna,lleida,11,0,0,13.0,430,45,10783.3
20241108_valencia,valenciana,valencia,11,0,0,12.4,2650,65,84655.7
20241108_alicante,valenciana,alicante,11,0,0,14.6,1950,55,52065.0
20241108_castellon,valenciana,castellon,11,0,0,15.3,580,60,16383.5
20241108_a_coruna,galicia,a_coruna,11,0,0,13.3,1120,40,26209.4
20241108_pontevedra,galicia,pontevedra,11,0,0,13.4,945,45,26833.9
20241108_lugo,galicia,lugo,11,0,0,10.8,320,25,7329.9
20241108_ourense,galicia,ourense,11,0,0,9.4,305,25,8137.7
20241108_valladolid,castilla_y_leon,valladolid,11,0,0,9.6,520,45,16721.3
20241108_leon,castilla_y_leon,leon,11,0,0,5.9,440,30,15562.1
20241108_burgos,castilla_y_leon,burgos,11,0,0,4.9,360,40,16193.9
20241108_salamanca,castilla_y_leon,salamanca,11,0,0,6.6,330,25,12116.3
20241108_palencia,castilla_y_leon,palencia,11,0,0,7.7,155,30,5208.3
20241108_zamora,castilla_y_leon,zamora,11,0,0,6.4,165,20,4987.5
20241108_avila,castilla_y_leon,avila,11,0,0,5.6,155,20,4931.3
20241108_segovia,castilla_y_leon,segovia,11,0,0,8.1,150,20,4180.3
20241108_soria,castilla_y_leon,soria,11,0,0,8.1,90,20,2563.6
20241108_vizcaya,pais_vasco,vizcaya,11,0,0,10.3,1150,85,44277.8
20241108_guipuzcoa,pais_vasco,guipuzcoa,11,0,0,11.1,715,80,26568.9
20241108_alava,pais_vasco,alava,11,0,0,11.9,335,70,10829.6
20241108_toledo,castilla_la_mancha,toledo,11,0,0,10.4,730,30,21138.8
20241108_ciudad_real,castilla_la_mancha,ciudad_real,11,0,0,10.0,485,25,13229.7
20241108_albacete,castilla_la_mancha,albacete,11,0,0,10.4,385,25,10807.1
20241108_cuenca,castilla_la_mancha,cuenca,11,0,0,10.1,195,15,4734.0
20241108_guadalajara,castilla_la_mancha,guadalajara,11,0,0,9.5,255,30,6945.2
20241108_las_palmas,canarias,las_palmas,11,0,0,17.4,1150,20,22583.4
20241108_santa_cruz_tenerife,canarias,santa_cruz_tenerife,11,0,0,17.7,1020,20,19487.8
20241108_zaragoza,aragon,zaragoza,11,0,0,9.9,980,50,33726.1
20241108_huesca,aragon,huesca,11,0,0,8.6,220,30,6396.7
20241108_teruel,aragon,teruel,11,0,0,9.8,130,20,3227.0
20241108_badajoz,extremadura,badajoz,11,0,0,10.1,670,22,18673.9
20241108_caceres,extremadura,caceres,11,0,0,10.7,390,18,8662.2
20241108_asturias,asturias,asturias,11,0,0,10.4,1010,45,32687.0
20241108_baleares,baleares,baleares,11,0,0,11.7,1200,15,27118.8
20241108_cantabria,cantabria,cantabria,11,0,0,10.2,580,35,16648.9
20241108_madrid_prov,madrid,madrid_prov,11,0,0,9.3,6700,55,261944.6
20241108_murcia,murcia,murcia,11,0,0,15.0,1550,40,34892.2
20241108_navarra,navarra,navarra,11,0,0,8.3,660,55,25265.9
20241108_la_rioja,la_rioja,la_rioja,11,0,0,9.4,320,40,10192.7
20241110_sevilla,andalucia,sevilla,11,1,0,14.6,1950,55,43632.3
20241110_malaga,andalucia,malaga,11,1,0,14.1,1700,40,37893.8
20241110_cadiz,andalucia,cadiz,11,1,0,13.7,1240,50,30683.3
20241110_cordoba,andalucia,cordoba,11,1,0,14.6,780,35,15665.3
20241110_granada,andalucia,granada,11,1,0,16.3,915,30,15573.1
20241110_jaen,andalucia,jaen,11,1,0,13.7,610,25,12469.2
20241110_almeria,andalucia,almeria,11,1,0,17.2,730,45,17110.6
20241110_huelva,andalucia,huelva,11,1,0,14.7,525,40,11383.2
20241110_barcelona,cataluna,barcelona,11,1,0,13.0,5700,85,191516.4
20241110_tarragona,cataluna,tarragona,11,1,0,12.3,830,70,25780.3
20241110_girona,cataluna,girona,11,1,0,12.5,780,55,21088.9
20241110_lleida,cataluna,lleida,11,1,0,10.5,430,45,11513.1
20241110_valencia,valenciana,valencia,11,1,0,13.3,2650,65,67890.8
20241110_alicante,valenciana,alicante,11,1,0,11.7,1950,55,52354.5
20241110_castellon,valenciana,castellon,11,1,0,13.7,580,60,15048.1
20241110_a_coruna,galicia,a_coruna,11,1,0,11.9,1120,40,27211.4
20241110_pontevedra,galicia,pontevedra,11,1,0,10.8,945,45,24227.1
20241110_lugo,galicia,lugo,11,1,0,12.3,320,25,6518.4
20241110_ourense,galicia,ourense,11,1,0,10.5,305,25,6884.8
20241110_valladolid,castilla_y_leon,valladolid,11,1,0,5.4,520,45,19722.1
20241110_leon,castilla_y_leon,leon,11,1,0,5.7,440,30,14555.2
20241110_burgos,castilla_y_leon,burgos,11,1,0,7.4,360,40,11901.4
20241110_salamanca,castilla_y_leon,salamanca,11,1,0,8.6,330,25,9062.1
20241110_palencia,castilla_y_leon,palencia,11,1,0,9.2,155,30,4154.8
20241110_zamora,castilla_y_leon,zamora,11,1,0,7.2,165,20,4373.5
20241110_avila,castilla_y_leon,avila,11,1,0,7.6,155,20,3959.3
20241110_segovia,castilla_y_leon,segovia,11,1,0,4.4,150,20,5411.2
20241110_soria,castilla_y_leon,soria,11,1,0,4.7,90,20,3005.0
20241110_vizcaya,pais_vasco,vizcaya,11,1,0,9.2,1150,85,47876.9
20241110_guipuzcoa,pais_vasco,guipuzcoa,11,1,0,12.2,715,80,23278.7
20241110_alava,pais_vasco,alava,11,1,0,12.2,335,70,9961.2
20241110_toledo,castilla_la_mancha,toledo,11,1,0,12.4,730,30,16261.6
20241110_ciudad_real,castilla_la_mancha,ciudad_real,11,1,0,8.0,485,25,13161.0
20241110_albacete,castilla_la_mancha,albacete,11,1,0,9.0,385,25,9556.7
20241110_cuenca,castilla_la_mancha,cuenca,11,1,0,6.9,195,15,5232.7
20241110_guadalajara,castilla_la_mancha,guadalajara,11,1,0,7.3,255,30,6693.8
20241110_las_palmas,canarias,las_palmas,11,1,0,18.5,1150,20,18359.0
20241110_santa_cruz_tenerife,canarias,santa_cruz_tenerife,11,1,0,17.8,1020,20,14464.5
20241110_zaragoza,aragon,zaragoza,11,1,0,7.8,980,50,33217.7
20241110_huesca,aragon,huesca,11,1,0,8.1,220,30,6322.7
20241110_teruel,aragon,teruel,11,1,0,10.9,130,20,2821.3
20241110_badajoz,extremadura,badajoz,11,1,0,12.9,670,22,13689.0
20241110_caceres,extremadura,caceres,11,1,0,10.0,390,18,8726.9
20241110_asturias,asturias,asturias,11,1,0,12.0,1010,45,24644.4
20241110_baleares,baleares,baleares,11,1,0,13.4,1200,15,21641.5
20241110_cantabria,cantabria,cantabria,11,1,0,9.3,580,35,14915.5
20241110_madrid_prov,madrid,madrid_prov,11,1,0,9.0,6700,55,222990.1
20241110_murcia,murcia,murcia,11,1,0,14.8,1550,40,34389.5
20241110_navarra,navarra,navarra,11,1,0,7.1,660,55,23436.0
20241110_la_rioja,la_rioja,la_rioja,11,1,0,9.6,320,40,8515.5
20241112_sevilla,andalucia,sevilla,11,0,0,13.5,1950,55,49503.4
20241112_malaga,andalucia,malaga,11,0,0,14.7,1700,40,43146.2
20241112_cadiz,andalucia,cadiz,11,0,0,12.9,1240,50,35967.9
20241112_cordoba,andalucia,cordoba,11,0,0,14.2,780,35,16349.8
20241112_granada,andalucia,granada,11,0,0,13.1,915,30,20068.7
20241112_jaen,andalucia,jaen,11,0,0,13.9,610,25,13176.2
20241112_almeria,andalucia,almeria,11,0,0,16.9,730,45,15829.0
20241112_huelva,andalucia,huelva,11,0,0,13.6,525,40,12303.3
20241112_barcelona,cataluna,barcelona,11,0,0,9.8,5700,85,241443.6
20241112_tarragona,cataluna,tarragona,11,0,0,11.6,830,70,25966.1
20241112_girona,cataluna,girona,11,0,0,11.6,780,55,22557.0
20241112_lleida,cataluna,lleida,11,0,0,11.6,430,45,13013.2
20241112_valencia,valenciana,valencia,11,0,0,14.4,2650,65,77054.8
20241112_alicante,valenciana,alicante,11,0,0,13.0,1950,55,55602.1
20241112_castellon,valenciana,castellon,11,0,0,14.6,580,60,16422.3
20241112_a_coruna,galicia,a_coruna,11,0,0,10.8,1120,40,32275.0
20241112_pontevedra,galicia,pontevedra,11,0,0,9.1,945,45,30255.9
20241112_lugo,galicia,lugo,11,0,0,11.9,320,25,7761.8
20241112_ourense,galicia,ourense,11,0,0,11.1,305,25,8027.3
20241112_valladolid,castilla_y_leon,valladolid,11,0,0,6.8,520,45,20045.5
20241112_leon,castilla_y_leon,leon,11,0,0,4.4,440,30,19330.5
20241112_burgos,castilla_y_leon,burgos,11,0,0,7.2,360,40,14343.7
20241112_salamanca,castilla_y_leon,salamanca,11,0,0,9.2,330,25,8559.2
20241112_palencia,castilla_y_leon,palencia,11,0,0,4.3,155,30,5528.7
20241112_zamora,castilla_y_leon,zamora,11,0,0,7.4,165,20,5070.8
20241112_avila,castilla_y_leon,avila,11,0,0,6.3,155,20,4713.9
20241112_segovia,castilla_y_leon,segovia,11,0,0,6.0,150,20,4990.3
20241112_soria,castilla_y_leon,soria,11,0,0,7.2,90,20,2750.8
20241112_vizcaya,pais_vasco,vizcaya,11,0,0,11.2,1150,85,44110.1
20241112_guipuzcoa,pais_vasco,guipuzcoa,11,0,0,11.9,715,80,26470.3
20241112_alava,pais_vasco,alava,11,0,0,8.6,335,70,14891.8
20241112_toledo,castilla_la_mancha,toledo,11,0,0,10.6,730,30,19718.7
20241112_ciudad_real,castilla_la_mancha,ciudad_real,11,0,0,9.3,485,25,14450.1
20241112_albacete,castilla_la_mancha,albacete,11,0,0,6.6,385,25,13582.1
20241112_cuenca,castilla_la_mancha,cuenca,11,0,0,8.2,195,15,5481.5
20241112_guadalajara,castilla_la_mancha,guadalajara,11,0,0,9.1,255,30,6999.8
20241112_las_palmas,canarias,las_palmas,11,0,0,18.2,1150,20,22268.2
20241112_santa_cruz_tenerife,canarias,santa_cruz_tenerife,11,0,0,18.6,1020,20,18223.6
20241112_zaragoza,aragon,zaragoza,11,0,0,7.7,980,50,38475.7
20241112_huesca,aragon,huesca,11,0,0,11.1,220,30,5069.0
20241112_teruel,aragon,teruel,11,0,0,12.5,130,20,2811.1
20241112_badajoz,extremadura,badajoz,11,0,0,11.9,670,22,14795.8
20241112_caceres,extremadura,caceres,11,0,0,11.1,390,18,8940.8
20241112_asturias,asturias,asturias,11,0,0,9.0,1010,45,32499.6
20241112_baleares,baleares,baleares,11,0,0,15.9,1200,15,19838.7
20241112_cantabria,cantabria,cantabria,11,0,0,11.8,580,35,14654.8
20241112_madrid_prov,madrid,madrid_prov,11,0,0,8.3,6700,55,281336.1
20241112_murcia,murcia,murcia,11,0,0,13.0,1550,40,37067.5
20241112_navarra,navarra,navarra,11,0,0,7.8,660,55,24952.3
20241112_la_rioja,la_rioja,la_rioja,11,0,0,8.6,320,40,10635.7
20241114_sevilla,andalucia,sevilla,11,0,0,14.4,1950,55,52024.0
20241114_malaga,andalucia,malaga,11,0,0,13.1,1700,40,44173.4
20241114_cadiz,andalucia,cadiz,11,0,0,13.9,1240,50,31842.5
20241114_cordoba,andalucia,cordoba,11,0,0,16.1,780,35,16788.7
20241114_granada,andalucia,granada,11,0,0,15.6,915,30,20380.1
20241114_jaen,andalucia,jaen,11,0,0,15.9,610,25,12525.0
20241114_almeria,andalucia,almeria,11,0,0,14.0,730,45,18284.3
20241114_huelva,andalucia,huelva,11,0,0,13.7,525,40,11513.4
20241114_barcelona,cataluna,barcelona,11,0,0,12.3,5700,85,208977.5
20241114_tarragona,cataluna,tarragona,11,0,0,12.5,830,70,26904.0
20241114_girona,cataluna,girona,11,0,0,12.2,780,55,21570.7
20241114_lleida,cataluna,lleida,11,0,0,9.7,430,45,12154.7
20241114_valencia,valenciana,valencia,11,0,0,13.4,2650,65,76822.4
20241114_alicante,valenciana,alicante,11,0,0,12.3,1950,55,58584.3
20241114_castellon,valenciana,castellon,11,0,0,12.9,580,60,15999.5
20241114_a_coruna,galicia,a_coruna,11,0,0,14.3,1120,40,26633.5
20241114_pontevedra,galicia,pontevedra,11,0,0,9.3,945,45,30024.0
20241114_lugo,galicia,lugo,11,0,0,10.5,320,25,8015.5
20241114_ourense,galicia,ourense,11,0,0,12.6,305,25,6818.0
20241114_valladolid,castilla_y_leon,valladolid,11,0,0,8.4,520,45,17737.4
20241114_leon,castilla_y_leon,leon,11,0,0,6.4,440,30,16345.5
20241114_burgos,castilla_y_leon,burgos,11,0,0,7.5,360,40,13721.3
20241114_salamanca,castilla_y_leon,salamanca,11,0,0,5.4,330,25,11930.1
20241114_palencia,castilla_y_leon,palencia,11,0,0,2.3,155,30,7317.5
20241114_zamora,castilla_y_leon,zamora,11,0,0,7.3,165,20,5159.9
20241114_avila,castilla_y_leon,avila,11,0,0,5.7,155,20,5692.4
20241114_segovia,castilla_y_leon,segovia,11,0,0,5.3,150,20,5034.8
20241114_soria,castilla_y_leon,soria,11,0,0,5.2,90,20,2986.1
20241114_vizcaya,pais_vasco,vizcaya,11,0,0,10.9,1150,85,45768.3
20241114_guipuzcoa,pais_vasco,guipuzcoa,11,0,0,10.9,715,80,26653.3
20241114_alava,pais_vasco,alava,11,0,0,10.0,335,70,11357.9
20241114_toledo,castilla_la_mancha,toledo,11,0,0,9.1,730,30,21391.1
20241114_ciudad_real,castilla_la_mancha,ciudad_real,11,0,0,7.0,485,25,15521.2
20241114_albacete,castilla_la_mancha,albacete,11,0,0,8.2,385,25,12431.1
20241114_cuenca,castilla_la_mancha,cuenca,11,0,0,7.1,195,15,5729.3
20241114_guadalajara,castilla_la_mancha,guadalajara,11,0,0,7.0,255,30,8360.9
20241114_las_palmas,canarias,las_palmas,11,0,0,19.2,1150,20,21087.2
20241114_santa_cruz_tenerife,canarias,santa_cruz_tenerife,11,0,0,18.8,1020,20,19139.5
20241114_zaragoza,aragon,zaragoza,11,0,0,7.6,980,50,39304.4
20241114_huesca,aragon,huesca,11,0,0,7.9,220,30,6945.0
20241114_teruel,aragon,teruel,11,0,0,8.8,130,20,3541.2
20241114_badajoz,extremadura,badajoz,11,0,0,11.7,670,22,15561.1
20241114_caceres,extremadura,caceres,11,0,0,11.5,390,18,8536.6
20241114_asturias,asturias,asturias,11,0,0,8.8,1010,45,31927.1
20241114_baleares,baleares,baleares,11,0,0,11.7,1200,15,27856.5
20241114_cantabria,cantabria,cantabria,11,0,0,7.9,580,35,20372.9
20241114_madrid_prov,madrid,madrid_prov,11,0,0,8.2,6700,55,272822.9
20241114_murcia,murcia,murcia,11,0,0,11.0,1550,40,43259.3
20241114_navarra,navarra,navarra,11,0,0,9.8,660,55,23399.3
20241114_la_rioja,la_rioja,la_rioja,11,0,0,7.8,320,40,10109.0
20241116_sevilla,andalucia,sevilla,11,1,0,11.9,1950,55,56642.0
20241116_malaga,andalucia,malaga,11,1,0,13.3,1700,40,37948.8
20241116_cadiz,andalucia,cadiz,11,1,0,14.2,1240,50,27209.7
20241116_cordoba,andalucia,cordoba,11,1,0,14.4,780,35,15670.6
20241116_granada,andalucia,granada,11,1,0,14.2,915,30,17528.8
20241116_jaen,andalucia,jaen,11,1,0,11.6,610,25,12751.4
20241116_almeria,andalucia,almeria,11,1,0,14.7,730,45,16445.6
20241116_huelva,andalucia,huelva,11,1,0,13.8,525,40,12017.6
20241116_barcelona,cataluna,barcelona,11,1,0,10.8,5700,85,203674.5
20241116_tarragona,cataluna,tarragona,11,1,0,10.4,830,70,28840.3
20241116_girona,cataluna,girona,11,1,0,11.5,780,55,21123.4
20241116_lleida,cataluna,lleida,11,1,0,9.0,430,45,13717.0
20241116_valencia,valenciana,valencia,11,1,0,12.3,2650,65,76135.2
20241116_alicante,valenciana,alicante,11,1,0,16.6,1950,55,46232.2
20241116_castellon,valenciana,castellon,11,1,0,15.6,580,60,13636.8
20241116_a_coruna,galicia,a_coruna,11,1,0,12.1,1120,40,26662.7
20241116_pontevedra,galicia,pontevedra,11,1,0,11.1,945,45,27425.6
20241116_lugo,galicia,lugo,11,1,0,10.2,320,25,7429.5
20241116_ourense,galicia,ourense,11,1,0,9.4,305,25,7834.1
20241116_valladolid,castilla_y_leon,valladolid,11,1,0,4.7,520,45,22465.7
20241116_leon,castilla_y_leon,leon,11,1,0,3.2,440,30,18227.0
20241116_burgos,castilla_y_leon,burgos,11,1,0,4.6,360,40,14826.4
20241116_salamanca,castilla_y_leon,salamanca,11,1,0,5.5,330,25,10417.1
20241116_palencia,castilla_y_leon,palencia,11,1,0,5.0,155,30,5251.9
20241116_zamora,castilla_y_leon,zamora,11,1,0,6.7,165,20,4422.2
20241116_avila,castilla_y_leon,avila,11,1,0,5.1,155,20,4991.7
20241116_segovia,castilla_y_leon,segovia,11,1,0,7.8,150,20,3914.8
20241116_soria,castilla_y_leon,soria,11,1,0,5.2,90,20,2880.7
20241116_vizcaya,pais_vasco,vizcaya,11,1,0,6.9,1150,85,50153.5
20241116_guipuzcoa,pais_vasco,guipuzcoa,11,1,0,9.3,715,80,26182.7
20241116_alava,pais_vasco,alava,11,1,0,7.6,335,70,14006.1
20241116_toledo,castilla_la_mancha,toledo,11,1,0,8.6,730,30,19952.9
20241116_ciudad_real,castilla_la_mancha,ciudad_real,11,1,0,7.3,485,25,13851.7
20241116_albacete,castilla_la_mancha,albacete,11,1,0,9.0,385,25,9590.6
20241116_cuenca,castilla_la_mancha,cuenca,11,1,0,8.9,195,15,4294.9
20241116_guadalajara,castilla_la_mancha,guadalajara,11,1,0,8.4,255,30,7445.3
20241116_las_palmas,canarias,las_palmas,11,1,0,20.4,1150,20,20986.2
20241116_santa_cruz_tenerife,canarias,santa_cruz_tenerife,11,1,0,19.1,1020,20,17019.9
20241116_zaragoza,aragon,zaragoza,11,1,0,7.4,980,50,31476.2
20241116_huesca,aragon,huesca,11,1,0,6.1,220,30,7080.2
20241116_teruel,aragon,teruel,11,1,0,7.8,130,20,3619.6
20241116_badajoz,extremadura,badajoz,11,1,0,12.3,670,22,12868.1
20241116_caceres,extremadura,caceres,11,1,0,11.6,390,18,7546.9
20241116_asturias,asturias,asturias,11,1,0,11.1,1010,45,27678.9
20241116_baleares,baleares,baleares,11,1,0,15.6,1200,15,18980.9
20241116_cantabria,cantabria,cantabria,11,1,0,12.3,580,35,11902.0
20241116_madrid_prov,madrid,madrid_prov,11,1,0,10.8,6700,55,193641.2
20241116_murcia,murcia,murcia,11,1,0,13.8,1550,40,30668.6
20241116_navarra,navarra,navarra,11,1,0,7.0,660,55,26551.2
20241116_la_rioja,la_rioja,la_rioja,11,1,0,7.4,320,40,10697.6
20241118_sevilla,andalucia,sevilla,11,0,0,13.6,1950,55,57044.7
20241118_malaga,andalucia,malaga,11,0,0,13.8,1700,40,39517.4
20241118_cadiz,andalucia,cadiz,11,0,0,13.6,1240,50,35804.1
20241118_cordoba,andalucia,cordoba,11,0,0,14.2,780,35,17768.1
20241118_granada,andalucia,granada,11,0,0,16.7,915,30,19865.4
20241118_jaen,andalucia,jaen,11,0,0,14.7,610,25,12721.9
20241118_almeria,andalucia,almeria,11,0,0,14.5,730,45,18701.5
20241118_huelva,andalucia,huelva,11,0,0,10.5,525,40,15591.8
20241118_barcelona,cataluna,barcelona,11,0,0,10.6,5700,85,222669.7
20241118_tarragona,cataluna,tarragona,11,0,0,10.5,830,70,27992.1
20241118_girona,cataluna,girona,11,0,0,8.3,780,55,31603.1
20241118_lleida,cataluna,lleida,11,0,0,11.4,430,45,10903.0
20241118_valencia,valenciana,valencia,11,0,0,12.3,2650,65,88071.0
20241118_alicante,valenciana,alicante,11,0,0,12.7,1950,55,60038.5
20241118_castellon,valenciana,castellon,11,0,0,14.5,580,60,15008.8
20241118_a_coruna,galicia,a_coruna,11,0,0,10.3,1120,40,32316.9
20241118_pontevedra,galicia,pontevedra,11,0,0,8.5,945,45,30399.3
20241118_lugo,galicia,lugo,11,0,0,9.3,320,25,8473.7
20241118_ourense,galicia,ourense,11,0,0,10.9,305,25,7961.9
20241118_valladolid,castilla_y_leon,valladolid,11,0,0,5.9,520,45,22532.7
20241118_leon,castilla_y_leon,leon,11,0,0,4.8,440,30,17994.7
20241118_burgos,castilla_y_leon,burgos,11,0,0,5.0,360,40,15094.3
20241118_salamanca,castilla_y_leon,salamanca,11,0,0,7.8,330,25,8901.4
20241118_palencia,castilla_y_leon,palencia,11,0,0,2.6,155,30,7404.4
20241118_zamora,castilla_y_leon,zamora,11,0,0,4.8,165,20,5522.8
20241118_avila,castilla_y_leon,avila,11,0,0,3.7,155,20,5777.4
20241118_segovia,castilla_y_leon,segovia,11,0,0,6.4,150,20,5085.7
20241118_soria,castilla_y_leon,soria,11,0,0,7.5,90,20,2458.4
20241118_vizcaya,pais_vasco,vizcaya,11,0,0,7.7,1150,85,52032.9
20241118_guipuzcoa,pais_vasco,guipuzcoa,11,0,0,11.4,715,80,26901.4
20241118_alava,pais_vasco,alava,11,0,0,9.7,335,70,12994.6
20241118_toledo,castilla_la_mancha,toledo,11,0,0,7.8,730,30,21963.2
20241118_ciudad_real,castilla_la_mancha,ciudad_real,11,0,0,8.6,485,25,13778.8
20241118_albacete,castilla_la_mancha,albacete,11,0,0,6.2,385,25,13498.3
20241118_cuenca,castilla_la_mancha,cuenca,11,0,0,7.3,195,15,5599.4
20241118_guadalajara,castilla_la_mancha,guadalajara,11,0,0,7.7,255,30,8542.3
20241118_las_palmas,canarias,las_palmas,11,0,0,18.9,1150,20,20325.8
20241118_santa_cruz_tenerife,canarias,santa_cruz_tenerife,11,0,0,19.0,1020,20,19207.9
20241118_zaragoza,aragon,zaragoza,11,0,0,8.4,980,50,37441.2
20241118_huesca,aragon,huesca,11,0,0,6.8,220,30,7783.5
20241118_teruel,aragon,teruel,11,0,0,5.3,130,20,4493.0
20241118_badajoz,extremadura,badajoz,11,0,0,9.8,670,22,18514.6
20241118_caceres,extremadura,caceres,11,0,0,10.0,390,18,9809.1
20241118_asturias,asturias,asturias,11,0,0,7.5,1010,45,36911.5
20241118_baleares,baleares,baleares,11,0,0,12.4,1200,15,27717.8
20241118_cantabria,cantabria,cantabria,11,0,0,9.8,580,35,16937.8
20241118_madrid_prov,madrid,madrid_prov,11,0,0,8.9,6700,55,225969.7
20241118_murcia,murcia,murcia,11,0,0,12.8,1550,40,40241.9
20241118_navarra,navarra,navarra,11,0,0,7.4,660,55,23890.7
20241118_la_rioja,la_rioja,la_rioja,11,0,0,7.0,320,40,12489.6
20241120_sevilla,andalucia,sevilla,11,0,0,14.1,1950,55,56251.9
20241120_malaga,andalucia,malaga,11,0,0,11.9,1700,40,48485.4
20241120_cadiz,andalucia,cadiz,11,0,0,13.2,1240,50,36435.9
20241120_cordoba,andalucia,cordoba,11,0,0,13.3,780,35,16795.6
20241120_granada,andalucia,granada,11,0,0,14.5,915,30,19415.7
20241120_jaen,andalucia,jaen,11,0,0,12.7,610,25,12642.5
20241120_almeria,andalucia,almeria,11,0,0,15.5,730,45,17006.7
20241120_huelva,andalucia,huelva,11,0,0,15.5,525,40,11802.7
20241120_barcelona,cataluna,barcelona,11,0,0,9.3,5700,85,265745.6
20241120_tarragona,cataluna,tarragona,11,0,0,10.5,830,70,30293.8
20241120_girona,cataluna,girona,11,0,0,8.8,780,55,28043.6
20241120_lleida,cataluna,lleida,11,0,0,11.2,430,45,11725.1
20241120_valencia,valenciana,valencia,11,0,0,12.1,2650,65,83304.8
20241120_alicante,valenciana,alicante,11,0,0,12.9,1950,55,59971.7
20241120_castellon,valenciana,castellon,11,0,0,12.4,580,60,17046.8
20241120_a_coruna,galicia,a_coruna,11,0,0,14.1,1120,40,26307.8
20241120_pontevedra,galicia,pontevedra,11,0,0,10.0,945,45,28974.1
20241120_lugo,galicia,lugo,11,0,0,9.9,320,25,8448.6
20241120_ourense,galicia,ourense,11,0,0,11.6,305,25,7380.4
20241120_valladolid,castilla_y_leon,valladolid,11,0,0,6.4,520,45,22054.6
20241120_leon,castilla_y_leon,leon,11,0,0,5.2,440,30,17313.6
20241120_burgos,castilla_y_leon,burgos,11,0,0,6.4,360,40,13103.9
20241120_salamanca,castilla_y_leon,salamanca,11,0,0,8.4,330,25,9380.5
20241120_palencia,castilla_y_leon,palencia,11,0,0,4.4,155,30,5970.3
20241120_zamora,castilla_y_leon,zamora,11,0,0,3.2,165,20,7004.8
20241120_avila,castilla_y_leon,avila,11,0,0,8.1,155,20,4273.5
20241120_segovia,castilla_y_leon,segovia,11,0,0,5.4,150,20,5232.9
20241120_soria,castilla_y_leon,soria,11,0,0,6.3,90,20,3243.5
20241120_vizcaya,pais_vasco,vizcaya,11,0,0,11.6,1150,85,42889.8
20241120_guipuzcoa,pais_vasco,guipuzcoa,11,0,0,10.2,715,80,29383.0
20241120_alava,pais_vasco,alava,11,0,0,9.4,335,70,12439.0
20241120_toledo,castilla_la_mancha,toledo,11,0,0,6.5,730,30,27128.1
20241120_ciudad_real,castilla_la_mancha,ciudad_real,11,0,0,9.4,485,25,13100.3
20241120_albacete,castilla_la_mancha,albacete,11,0,0,8.0,385,25,12281.7
20241120_cuenca,castilla_la_mancha,cuenca,11,0,0,5.2,195,15,6316.1
20241120_guadalajara,castilla_la_mancha,guadalajara,11,0,0,10.4,255,30,6908.5
20241120_las_palmas,canarias,las_palmas,11,0,0,16.9,1150,20,21425.5
20241120_santa_cruz_tenerife,canarias,santa_cruz_tenerife,11,0,0,19.9,1020,20,16847.0
20241120_zaragoza,aragon,zaragoza,11,0,0,7.6,980,50,36844.3
20241120_huesca,aragon,huesca,11,0,0,5.1,220,30,8587.9
20241120_teruel,aragon,teruel,11,0,0,7.2,130,20,3919.5
20241120_badajoz,extremadura,badajoz,11,0,0,9.4,670,22,16806.2
20241120_caceres,extremadura,caceres,11,0,0,7.9,390,18,10627.0
20241120_asturias,asturias,asturias,11,0,0,11.0,1010,45,30008.8
20241120_baleares,baleares,baleares,11,0,0,13.3,1200,15,22255.9
20241120_cantabria,cantabria,cantabria,11,0,0,10.1,580,35,17205.1
20241120_madrid_prov,madrid,madrid_prov,11,0,0,9.1,6700,55,235125.0
20241120_murcia,murcia,murcia,11,0,0,9.7,1550,40,45877.0
20241120_navarra,navarra,navarra,11,0,0,6.3,660,55,27680.2
20241120_la_rioja,la_rioja,la_rioja,11,0,0,6.9,320,40,12411.2
20241122_sevilla,andalucia,sevilla,11,0,0,13.0,1950,55,58450.5
20241122_malaga,andalucia,malaga,11,0,0,10.9,1700,40,47435.0
20241122_cadiz,andalucia,cadiz,11,0,0,10.3,1240,50,38765.3
20241122_cordoba,andalucia,cordoba,11,0,0,11.6,780,35,21701.3
20241122_granada,andalucia,granada,11,0,0,13.6,915,30,21622.5
20241122_jaen,andalucia,jaen,11,0,0,12.4,610,25,13135.5
20241122_almeria,andalucia,almeria,11,0,0,11.5,730,45,21039.2
20241122_huelva,andalucia,huelva,11,0,0,15.6,525,40,12285.1
20241122_barcelona,cataluna,barcelona,11,0,0,9.8,5700,85,237723.2
20241122_tarragona,cataluna,tarragona,11,0,0,10.3,830,70,34009.9
20241122_girona,cataluna,girona,11,0,0,12.1,780,55,23637.5
20241122_lleida,cataluna,lleida,11,0,0,10.5,430,45,13244.5
20241122_valencia,valenciana,valencia,11,0,0,13.3,2650,65,78345.9
20241122_alicante,valenciana,alicante,11,0,0,11.4,1950,55,63556.6
20241122_castellon,valenciana,castellon,11,0,0,12.7,580,60,18285.1
20241122_a_coruna,galicia,a_coruna,11,0,0,12.5,1120,40,29824.2
20241122_pontevedra,galicia,pontevedra,11,0,0,10.7,945,45,33282.6
20241122_lugo,galicia,lugo,11,0,0,10.4,320,25,7704.3
20241122_ourense,galicia,ourense,11,0,0,9.8,305,25,8759.1
20241122_valladolid,castilla_y_leon,valladolid,11,0,0,2.8,520,45,26327.1
20241122_leon,castilla_y_leon,leon,11,0,0,6.2,440,30,15606.8
20241122_burgos,castilla_y_leon,burgos,11,0,0,4.5,360,40,16940.1
20241122_salamanca,castilla_y_leon,salamanca,11,0,0,3.6,330,25,12695.0
20241122_palencia,castilla_y_leon,palencia,11,0,0,2.7,155,30,7429.0
20241122_zamora,castilla_y_leon,zamora,11,0,0,5.0,165,20,5670.6
20241122_avila,castilla_y_leon,avila,11,0,0,3.0,155,20,6301.9
20241122_segovia,castilla_y_leon,segovia,11,0,0,6.2,150,20,4683.9
20241122_soria,castilla_y_leon,soria,11,0,0,3.7,90,20,3319.8
20241122_vizcaya,pais_vasco,vizcaya,11,0,0,8.7,1150,85,52960.8
20241122_guipuzcoa,pais_vasco,guipuzcoa,11,0,0,12.2,715,80,25514.1
20241122_alava,pais_vasco,alava,11,0,0,9.2,335,70,13943.9
20241122_toledo,castilla_la_mancha,toledo,11,0,0,8.3,730,30,21878.0
20241122_ciudad_real,castilla_la_mancha,ciudad_real,11,0,0,10.5,485,25,12251.4
20241122_albacete,castilla_la_mancha,albacete,11,0,0,7.6,385,25,12182.2
20241122_cuenca,castilla_la_mancha,cuenca,11,0,0,7.8,195,15,5778.9
20241122_guadalajara,castilla_la_mancha,guadalajara,11,0,0,6.5,255,30,9313.0
20241122_las_palmas,canarias,las_palmas,11,0,0,18.6,1150,20,22264.7
20241122_santa_cruz_tenerife,canarias,santa_cruz_tenerife,11,0,0,18.1,1020,20,18438.5
20241122_zaragoza,aragon,zaragoza,11,0,0,8.1,980,50,36910.4
20241122_huesca,aragon,huesca,11,0,0,6.0,220,30,8584.5
20241122_teruel,aragon,teruel,11,0,0,8.1,130,20,3658.9
20241122_badajoz,extremadura,badajoz,11,0,0,9.0,670,22,18581.3
20241122_caceres,extremadura,caceres,11,0,0,10.5,390,18,8479.1
20241122_asturias,asturias,asturias,11,0,0,10.2,1010,45,32276.4
20241122_baleares,baleares,baleares,11,0,0,9.9,1200,15,28690.1
20241122_cantabria,cantabria,cantabria,11,0,0,11.4,580,35,15697.5
20241122_madrid_prov,madrid,madrid_prov,11,0,0,9.2,6700,55,234862.6
20241122_murcia,murcia,murcia,11,0,0,11.7,1550,40,38360.5
20241122_navarra,navarra,navarra,11,0,0,8.2,660,55,26077.8
20241122_la_rioja,la_rioja,la_rioja,11,0,0,8.9,320,40,10001.7
20241124_sevilla,andalucia,sevilla,11,1,0,13.9,1950,55,44527.3
20241124_malaga,andalucia,malaga,11,1,0,11.6,1700,40,41963.2
20241124_cadiz,andalucia,cadiz,11,1,0,13.7,1240,50,32204.8
20241124_cordoba,andalucia,cordoba,11,1,0,12.4,780,35,16708.2
20241124_granada,andalucia,granada,11,1,0,11.5,915,30,19907.5
20241124_jaen,andalucia,jaen,11,1,0,15.9,610,25,11301.0
20241124_almeria,andalucia,almeria,11,1,0,14.3,730,45,16133.2
20241124_huelva,andalucia,huelva,11,1,0,12.8,525,40,12489.6
20241124_barcelona,cataluna,barcelona,11,1,0,9.4,5700,85,218781.2
20241124_tarragona,cataluna,tarragona,11,1,0,9.2,830,70,29144.2
20241124_girona,cataluna,girona,11,1,0,10.2,780,55,22567.9
20241124_lleida,cataluna,lleida,11,1,0,10.5,430,45,11897.8
20241124_valencia,valenciana,valencia,11,1,0,12.2,2650,65,73196.3
20241124_alicante,valenciana,alicante,11,1,0,12.6,1950,55,49822.7
20241124_castellon,valenciana,castellon,11,1,0,12.5,580,60,16734.9
20241124_a_coruna,galicia,a_coruna,11,1,0,8.2,1120,40,37980.1
20241124_pontevedra,galicia,pontevedra,11,1,0,9.9,945,45,27339.0
20241124_lugo,galicia,lugo,11,1,0,8.9,320,25,8556.8
20241124_ourense,galicia,ourense,11,1,0,9.8,305,25,7119.6
20241124_valladolid,castilla_y_leon,valladolid,11,1,0,3.5,520,45,23012.6
20241124_leon,castilla_y_leon,leon,11,1,0,4.9,440,30,15747.0
20241124_burgos,castilla_y_leon,burgos,11,1,0,4.3,360,40,14136.2
20241124_salamanca,castilla_y_leon,salamanca,11,1,0,3.2,330,25,12336.4
20241124_palencia,castilla_y_leon,palencia,11,1,0,5.0,155,30,5660.0
20241124_zamora,castilla_y_leon,zamora,11,1,0,5.4,165,20,5102.1
20241124_avila,castilla_y_leon,avila,11,1,0,4.9,155,20,4961.2
20241124_segovia,castilla_y_leon,segovia,11,1,0,1.9,150,20,5966.4
20241124_soria,castilla_y_leon,soria,11,1,0,3.8,90,20,2984.0
20241124_vizcaya,pais_vasco,vizcaya,11,1,0,8.3,1150,85,48752.9
20241124_guipuzcoa,pais_vasco,guipuzcoa,11,1,0,7.5,715,80,29793.8
20241124_alava,pais_vasco,alava,11,1,0,11.2,335,70,9724.6
20241124_toledo,castilla_la_mancha,toledo,11,1,0,6.7,730,30,21335.3
20241124_ciudad_real,castilla_la_mancha,ciudad_real,11,1,0,6.0,485,25,15035.1
20241124_albacete,castilla_la_mancha,albacete,11,1,0,5.6,385,25,12710.7
20241124_cuenca,castilla_la_mancha,cuenca,11,1,0,8.9,195,15,4649.1
20241124_guadalajara,castilla_la_mancha,guadalajara,11,1,0,8.4,255,30,6532.3
20241124_las_palmas,canarias,las_palmas,11,1,0,17.9,1150,20,19490.5
20241124_santa_cruz_tenerife,canarias,santa_cruz_tenerife,11,1,0,19.5,1020,20,18661.2
20241124_zaragoza,aragon,zaragoza,11,1,0,8.3,980,50,33674.2
20241124_huesca,aragon,huesca,11,1,0,10.5,220,30,5283.4
20241124_teruel,aragon,teruel,11,1,0,6.4,130,20,3773.5
20241124_badajoz,extremadura,badajoz,11,1,0,8.0,670,22,17555.7
20241124_caceres,extremadura,caceres,11,1,0,6.9,390,18,10327.8
20241124_asturias,asturias,asturias,11,1,0,9.3,1010,45,31154.2
20241124_baleares,baleares,baleares,11,1,0,14.6,1200,15,19095.2
20241124_cantabria,cantabria,cantabria,11,1,0,13.2,580,35,12571.2
20241124_madrid_prov,madrid,madrid_prov,11,1,0,8.2,6700,55,213425.0
20241124_murcia,murcia,murcia,11,1,0,12.0,1550,40,38990.3
20241124_navarra,navarra,navarra,11,1,0,6.7,660,55,25461.6
20241124_la_rioja,la_rioja,la_rioja,11,1,0,7.3,320,40,9706.8
20241126_sevilla,andalucia,sevilla,11,0,0,12.4,1950,55,61404.3
20241126_malaga,andalucia,malaga,11,0,0,14.1,1700,40,40687.5
20241126_cadiz,andalucia,cadiz,11,0,0,14.7,1240,50,29698.1
20241126_cordoba,andalucia,cordoba,11,0,0,11.2,780,35,22839.1
20241126_granada,andalucia,granada,11,0,0,13.4,915,30,20478.8
20241126_jaen,andalucia,jaen,11,0,0,12.5,610,25,13244.5
20241126_almeria,andalucia,almeria,11,0,0,12.9,730,45,19473.8
20241126_huelva,andalucia,huelva,11,0,0,12.6,525,40,12777.9
20241126_barcelona,cataluna,barcelona,11,0,0,10.2,5700,85,227058.9
20241126_tarragona,cataluna,tarragona,11,0,0,8.5,830,70,36919.3
20241126_girona,cataluna,girona,11,0,0,12.9,780,55,24589.4
20241126_lleida,cataluna,lleida,11,0,0,10.8,430,45,12632.6
20241126_valencia,valenciana,valencia,11,0,0,12.1,2650,65,86768.7
20241126_alicante,valenciana,alicante,11,0,0,11.6,1950,55,63848.1
20241126_castellon,valenciana,castellon,11,0,0,9.4,580,60,20958.8
20241126_a_coruna,galicia,a_coruna,11,0,0,11.0,1120,40,30284.4
20241126_pontevedra,galicia,pontevedra,11,0,0,9.5,945,45,31431.6
20241126_lugo,galicia,lugo,11,0,0,12.0,320,25,6957.6
20241126_ourense,galicia,ourense,11,0,0,7.9,305,25,8758.0
20241126_valladolid,castilla_y_leon,valladolid,11,0,0,1.9,520,45,27133.7
20241126_leon,castilla_y_leon,leon,11,0,0,2.7,440,30,21746.8
20241126_burgos,castilla_y_leon,burgos,11,0,0,3.6,360,40,17113.0
20241126_salamanca,castilla_y_leon,salamanca,11,0,0,2.7,330,25,15061.2
20241126_palencia,castilla_y_leon,palencia,11,0,0,6.7,155,30,5131.8
20241126_zamora,castilla_y_leon,zamora,11,0,0,6.5,165,20,5354.1
20241126_avila,castilla_y_leon,avila,11,0,0,4.1,155,20,6012.8
20241126_segovia,castilla_y_leon,segovia,11,0,0,4.6,150,20,6020.4
20241126_soria,castilla_y_leon,soria,11,0,0,4.8,90,20,3337.0
20241126_vizcaya,pais_vasco,vizcaya,11,0,0,8.3,1150,85,56027.5
20241126_guipuzcoa,pais_vasco,guipuzcoa,11,0,0,7.5,715,80,34331.6
20241126_alava,pais_vasco,alava,11,0,0,12.9,335,70,9420.5
20241126_toledo,castilla_la_mancha,toledo,11,0,0,7.0,730,30,24932.0
20241126_ciudad_real,castilla_la_mancha,ciudad_real,11,0,0,6.4,485,25,16162.4
20241126_albacete,castilla_la_mancha,albacete,11,0,0,6.8,385,25,12387.8
20241126_cuenca,castilla_la_mancha,cuenca,11,0,0,7.0,195,15,5518.6
20241126_guadalajara,castilla_la_mancha,guadalajara,11,0,0,9.5,255,30,7117.7
20241126_las_palmas,canarias,las_palmas,11,0,0,19.0,1150,20,20567.5
20241126_santa_cruz_tenerife,canarias,santa_cruz_tenerife,11,0,0,19.5,1020,20,19702.2
20241126_zaragoza,aragon,zaragoza,11,0,0,7.1,980,50,36986.0
20241126_huesca,aragon,huesca,11,0,0,5.5,220,30,9035.2
20241126_teruel,aragon,teruel,11,0,0,5.5,130,20,4598.5
20241126_badajoz,extremadura,badajoz,11,0,0,7.7,670,22,20911.4
20241126_caceres,extremadura,caceres,11,0,0,8.1,390,18,10314.8
20241126_asturias,asturias,asturias,11,0,0,8.4,1010,45,34350.6
20241126_baleares,baleares,baleares,11,0,0,13.4,1200,15,23420.2
20241126_cantabria,cantabria,cantabria,11,0,0,8.7,580,35,18211.5
20241126_madrid_prov,madrid,madrid_prov,11,0,0,5.9,6700,55,311665.4
20241126_murcia,murcia,murcia,11,0,0,13.9,1550,40,37593.4
20241126_navarra,navarra,navarra,11,0,0,6.6,660,55,30953.7
20241126_la_rioja,la_rioja,la_rioja,11,0,0,6.5,320,40,11710.0
20241128_sevilla,andalucia,sevilla,11,0,0,13.1,1950,55,52171.5
20241128_malaga,andalucia,malaga,11,0,0,12.0,1700,40,43819.0
20241128_cadiz,andalucia,cadiz,11,0,0,11.3,1240,50,36718.1
20241128_cordoba,andalucia,cordoba,11,0,0,13.6,780,35,19399.1
20241128_granada,andalucia,granada,11,0,0,13.6,915,30,20886.0
20241128_jaen,andalucia,jaen,11,0,0,12.0,610,25,12598.1
20241128_almeria,andalucia,almeria,11,0,0,12.8,730,45,17291.3
20241128_huelva,andalucia,huelva,11,0,0,9.6,525,40,16020.5
20241128_barcelona,cataluna,barcelona,11,0,0,10.0,5700,85,231152.2
20241128_tarragona,cataluna,tarragona,11,0,0,11.8,830,70,28683.9
20241128_girona,cataluna,girona,11,0,0,9.3,780,55,29631.3
20241128_lleida,cataluna,lleida,11,0,0,11.8,430,45,12334.2
20241128_valencia,valenciana,valencia,11,0,0,10.9,2650,65,88618.9
20241128_alicante,valenciana,alicante,11,0,0,10.0,1950,55,65980.7
20241128_castellon,valenciana,castellon,11,0,0,10.5,580,60,19377.2
20241128_a_coruna,galicia,a_coruna,11,0,0,10.1,1120,40,30265.8
20241128_pontevedra,galicia,pontevedra,11,0,0,7.9,945,45,33165.7
20241128_lugo,galicia,lugo,11,0,0,9.6,320,25,8357.9
20241128_ourense,galicia,ourense,11,0,0,9.3,305,25,8044.7
20241128_valladolid,castilla_y_leon,valladolid,11,0,0,1.8,520,45,28726.0
20241128_leon,castilla_y_leon,leon,11,0,0,3.5,440,30,18982.0
20241128_burgos,castilla_y_leon,burgos,11,0,0,3.9,360,40,17030.6
20241128_salamanca,castilla_y_leon,salamanca,11,0,0,4.7,330,25,12169.3
20241128_palencia,castilla_y_leon,palencia,11,0,0,1.6,155,30,8325.5
20241128_zamora,castilla_y_leon,zamora,11,0,0,4.3,165,20,5871.9
20241128_avila,castilla_y_leon,avila,11,0,0,4.2,155,20,6171.7
20241128_segovia,castilla_y_leon,segovia,11,0,0,6.2,150,20,4933.1
20241128_soria,castilla_y_leon,soria,11,0,0,5.3,90,20,2948.6
20241128_vizcaya,pais_vasco,vizcaya,11,0,0,8.6,1150,85,51511.9
20241128_guipuzcoa,pais_vasco,guipuzcoa,11,0,0,9.2,715,80,32986.2
20241128_alava,pais_vasco,alava,11,0,0,9.0,335,70,12851.9
20241128_toledo,castilla_la_mancha,toledo,11,0,0,4.7,730,30,31807.2
20241128_ciudad_real,castilla_la_mancha,ciudad_real,11,0,0,7.2,485,25,15799.0
20241128_albacete,castilla_la_mancha,albacete,11,0,0,6.0,385,25,13569.6
20241128_cuenca,castilla_la_mancha,cuenca,11,0,0,5.1,195,15,6665.0
20241128_guadalajara,castilla_la_mancha,guadalajara,11,0,0,4.8,255,30,9958.9
20241128_las_palmas,canarias,las_palmas,11,0,0,17.2,1150,20,18040.1
20241128_santa_cruz_tenerife,canarias,santa_cruz_tenerife,11,0,0,17.6,1020,20,17954.4
20241128_zaragoza,aragon,zaragoza,11,0,0,6.0,980,50,42349.6
20241128_huesca,aragon,huesca,11,0,0,8.8,220,30,6663.4
20241128_teruel,aragon,teruel,11,0,0,6.7,130,20,4158.1
20241128_badajoz,extremadura,badajoz,11,0,0,10.0,670,22,17395.9
20241128_caceres,extremadura,caceres,11,0,0,9.2,390,18,10398.7
20241128_asturias,asturias,asturias,11,0,0,5.8,1010,45,47110.0
20241128_baleares,baleares,baleares,11,0,0,14.9,1200,15,22273.9
20241128_cantabria,cantabria,cantabria,11,0,0,8.1,580,35,20167.7
20241128_madrid_prov,madrid,madrid_prov,11,0,0,6.3,6700,55,301795.2
20241128_murcia,murcia,murcia,11,0,0,10.7,1550,40,49703.7
20241128_navarra,navarra,navarra,11,0,0,4.0,660,55,34586.9
20241128_la_rioja,la_rioja,la_rioja,11,0,0,3.5,320,40,15284.0
20241130_sevilla,andalucia,sevilla,11,1,0,11.5,1950,55,57335.5
20241130_malaga,andalucia,malaga,11,1,0,11.5,1700,40,44304.9
20241130_cadiz,andalucia,cadiz,11,1,0,10.7,1240,50,34367.2
20241130_cordoba,andalucia,cordoba,11,1,0,11.7,780,35,18597.3
20241130_granada,andalucia,granada,11,1,0,12.6,915,30,20097.8
20241130_jaen,andalucia,jaen,11,1,0,12.5,610,25,12826.9
20241130_almeria,andalucia,almeria,11,1,0,10.8,730,45,19879.5
20241130_huelva,andalucia,huelva,11,1,0,14.3,525,40,10350.0
20241130_barcelona,cataluna,barcelona,11,1,0,10.1,5700,85,218609.5
20241130_tarragona,cataluna,tarragona,11,1,0,11.5,830,70,26630.7
20241130_girona,cataluna,girona,11,1,0,9.6,780,55,24948.8
20241130_lleida,cataluna,lleida,11,1,0,8.4,430,45,13218.4
20241130_valencia,valenciana,valencia,11,1,0,9.9,2650,65,93968.1
20241130_alicante,valenciana,alicante,11,1,0,12.4,1950,55,49128.4
20241130_castellon,valenciana,castellon,11,1,0,12.2,580,60,17050.1
20241130_a_coruna,galicia,a_coruna,11,1,0,11.0,1120,40,27154.3
20241130_pontevedra,galicia,pontevedra,11,1,0,5.2,945,45,38173.8
20241130_lugo,galicia,lugo,11,1,0,8.3,320,25,8695.9
20241130_ourense,galicia,ourense,11,1,0,10.9,305,25,7164.6
20241130_valladolid,castilla_y_leon,valladolid,11,1,0,6.0,520,45,20696.2
20241130_leon,castilla_y_leon,leon,11,1,0,6.0,440,30,15460.0
20241130_burgos,castilla_y_leon,burgos,11,1,0,5.6,360,40,13266.9
20241130_salamanca,castilla_y_leon,salamanca,11,1,0,1.7,330,25,15988.3
20241130_palencia,castilla_y_leon,palencia,11,1,0,3.6,155,30,6438.1
20241130_zamora,castilla_y_leon,zamora,11,1,0,2.8,165,20,6531.9
20241130_avila,castilla_y_leon,avila,11,1,0,0.1,155,20,6944.3
20241130_segovia,castilla_y_leon,segovia,11,1,0,3.4,150,20,5527.0
20241130_soria,castilla_y_leon,soria,11,1,0,5.0,90,20,2717.1
20241130_vizcaya,pais_vasco,vizcaya,11,1,0,9.4,1150,85,47451.4
20241130_guipuzcoa,pais_vasco,guipuzcoa,11,1,0,11.8,715,80,24053.0
20241130_alava,pais_vasco,alava,11,1,0,7.9,335,70,12340.3
20241130_toledo,castilla_la_mancha,toledo,11,1,0,8.7,730,30,20374.3
20241130_ciudad_real,castilla_la_mancha,ciudad_real,11,1,0,6.1,485,25,13814.7
20241130_albacete,castilla_la_mancha,albacete,11,1,0,4.9,385,25,13483.5
20241130_cuenca,castilla_la_mancha,cuenca,11,1,0,6.7,195,15,4741.8
20241130_guadalajara,castilla_la_mancha,guadalajara,11,1,0,7.1,255,30,7144.2
20241130_las_palmas,canarias,las_palmas,11,1,0,19.9,1150,20,19622.9
20241130_santa_cruz_tenerife,canarias,santa_cruz_tenerife,11,1,0,17.4,1020,20,17784.7
20241130_zaragoza,aragon,zaragoza,11,1,0,6.5,980,50,39162.6
20241130_huesca,aragon,huesca,11,1,0,6.1,220,30,7178.4
20241130_teruel,aragon,teruel,11,1,0,5.6,130,20,4017.9
20241130_badajoz,extremadura,badajoz,11,1,0,10.9,670,22,14101.0
20241130_caceres,extremadura,caceres,11,1,0,9.4,390,18,8495.4
20241130_asturias,asturias,asturias,11,1,0,6.2,1010,45,37558.1
20241130_baleares,baleares,baleares,11,1,0,13.0,1200,15,21280.7
20241130_cantabria,cantabria,cantabria,11,1,0,7.8,580,35,17644.1
20241130_madrid_prov,madrid,madrid_prov,11,1,0,7.4,6700,55,233731.3
20241130_murcia,murcia,murcia,11,1,0,10.4,1550,40,40258.3
20241130_navarra,navarra,navarra,11,1,0,6.6,660,55,25946.5
20241130_la_rioja,la_rioja,la_rioja,11,1,0,5.0,320,40,12414.4
20241202_sevilla,andalucia,sevilla,12,0,0,13.1,1950,55,52076.2
20241202_malaga,andalucia,malaga,12,0,0,12.0,1700,40,48416.5
20241202_cadiz,andalucia,cadiz,12,0,0,10.1,1240,50,42530.4
20241202_cordoba,andalucia,cordoba,12,0,0,14.1,780,35,17725.8
20241202_granada,andalucia,granada,12,0,0,11.4,915,30,24240.9
20241202_jaen,andalucia,jaen,12,0,0,11.6,610,25,12841.0
20241202_almeria,andalucia,almeria,12,0,0,11.7,730,45,21022.8
20241202_huelva,andalucia,huelva,12,0,0,12.9,525,40,12734.9
20241202_barcelona,cataluna,barcelona,12,0,0,8.9,5700,85,268311.5
20241202_tarragona,cataluna,tarragona,12,0,0,9.2,830,70,30653.8
20241202_girona,cataluna,girona,12,0,0,11.0,780,55,24561.6
20241202_lleida,cataluna,lleida,12,0,0,10.8,430,45,11945.3
20241202_valencia,valenciana,valencia,12,0,0,11.4,2650,65,90533.3
20241202_alicante,valenciana,alicante,12,0,0,11.5,1950,55,56742.7
20241202_castellon,valenciana,castellon,12,0,0,8.3,580,60,24731.4
20241202_a_coruna,galicia,a_coruna,12,0,0,9.8,1120,40,36091.0
20241202_pontevedra,galicia,pontevedra,12,0,0,10.8,945,45,29038.0
20241202_lugo,galicia,lugo,12,0,0,9.0,320,25,9167.9
20241202_ourense,galicia,ourense,12,0,0,11.5,305,25,7319.0
20241202_valladolid,castilla_y_leon,valladolid,12,0,0,5.9,520,45,20099.4
20241202_leon,castilla_y_leon,leon,12,0,0,1.0,440,30,24250.1
20241202_burgos,castilla_y_leon,burgos,12,0,0,2.1,360,40,21108.2
20241202_salamanca,castilla_y_leon,salamanca,12,0,0,5.1,330,25,13191.0
20241202_palencia,castilla_y_leon,palencia,12,0,0,4.5,155,30,6009.3
20241202_zamora,castilla_y_leon,zamora,12,0,0,1.0,165,20,8499.9
20241202_avila,castilla_y_leon,avila,12,0,0,1.2,155,20,7892.0
20241202_segovia,castilla_y_leon,segovia,12,0,0,4.2,150,20,5623.2
20241202_soria,castilla_y_leon,soria,12,0,0,3.9,90,20,3549.3
20241202_vizcaya,pais_vasco,vizcaya,12,0,0,8.1,1150,85,58553.4
20241202_guipuzcoa,pais_vasco,guipuzcoa,12,0,0,10.3,715,80,28464.9
20241202_alava,pais_vasco,alava,12,0,0,7.5,335,70,16007.9
20241202_toledo,castilla_la_mancha,toledo,12,0,0,3.1,730,30,33704.6
20241202_ciudad_real,castilla_la_mancha,ciudad_real,12,0,0,6.9,485,25,15055.6
20241202_albacete,castilla_la_mancha,albacete,12,0,0,7.3,385,25,12148.1
20241202_cuenca,castilla_la_mancha,cuenca,12,0,0,5.1,195,15,6815.9
20241202_guadalajara,castilla_la_mancha,guadalajara,12,0,0,4.4,255,30,10913.9
20241202_las_palmas,canarias,las_palmas,12,0,0,15.1,1150,20,22418.8
20241202_santa_cruz_tenerife,canarias,santa_cruz_tenerife,12,0,0,18.0,1020,20,18264.4
20241202_zaragoza,aragon,zaragoza,12,0,0,6.3,980,50,41158.0
20241202_huesca,aragon,huesca,12,0,0,7.3,220,30,7509.2
20241202_teruel,aragon,teruel,12,0,0,6.4,130,20,4220.0
20241202_badajoz,extremadura,badajoz,12,0,0,7.6,670,22,19743.5
20241202_caceres,extremadura,caceres,12,0,0,8.6,390,18,10335.1
20241202_asturias,asturias,asturias,12,0,0,10.5,1010,45,30728.5
20241202_baleares,baleares,baleares,12,0,0,12.9,1200,15,22336.9
20241202_cantabria,cantabria,cantabria,12,0,0,11.1,580,35,15064.2
20241202_madrid_prov,madrid,madrid_prov,12,0,0,5.3,6700,55,343365.6
20241202_murcia,murcia,murcia,12,0,0,13.1,1550,40,40908.0
20241202_navarra,navarra,navarra,12,0,0,6.1,660,55,29160.3
20241202_la_rioja,la_rioja,la_rioja,12,0,0,5.6,320,40,13608.7
20241204_sevilla,andalucia,sevilla,12,0,0,13.3,1950,55,54678.1
20241204_malaga,andalucia,malaga,12,0,0,14.6,1700,40,39767.6
20241204_cadiz,andalucia,cadiz,12,0,0,9.7,1240,50,37740.7
20241204_cordoba,andalucia,cordoba,12,0,0,9.3,780,35,22972.0
20241204_granada,andalucia,granada,12,0,0,11.3,915,30,23890.4
20241204_jaen,andalucia,jaen,12,0,0,11.6,610,25,15053.6
20241204_almeria,andalucia,almeria,12,0,0,11.7,730,45,20553.3
20241204_huelva,andalucia,huelva,12,0,0,10.9,525,40,16013.5
20241204_barcelona,cataluna,barcelona,12,0,0,6.9,5700,85,298183.9
20241204_tarragona,cataluna,tarragona,12,0,0,8.8,830,70,35278.5
20241204_girona,cataluna,girona,12,0,0,9.0,780,55,28199.9
20241204_lleida,cataluna,lleida,12,0,0,8.7,430,45,15767.1
20241204_valencia,valenciana,valencia,12,0,0,11.4,2650,65,97446.6
20241204_alicante,valenciana,alicante,12,0,0,11.8,1950,55,59172.7
20241204_castellon,valenciana,castellon,12,0,0,11.2,580,60,19415.5
20241204_a_coruna,galicia,a_coruna,12,0,0,8.5,1120,40,37454.5
20241204_pontevedra,galicia,pontevedra,12,0,0,9.3,945,45,31397.0
20241204_lugo,galicia,lugo,12,0,0,9.8,320,25,8641.9
20241204_ourense,galicia,ourense,12,0,0,9.5,305,25,8941.3
20241204_valladolid,castilla_y_leon,valladolid,12,0,0,3.6,520,45,29285.1
20241204_leon,castilla_y_leon,leon,12,0,0,3.1,440,30,20800.1
20241204_burgos,castilla_y_leon,burgos,12,0,0,2.0,360,40,20606.4
20241204_salamanca,castilla_y_leon,salamanca,12,0,0,2.0,330,25,15671.1
20241204_palencia,castilla_y_leon,palencia,12,0,0,2.7,155,30,7379.3
20241204_zamora,castilla_y_leon,zamora,12,0,0,2.7,165,20,6671.8
20241204_avila,castilla_y_leon,avila,12,0,0,2.7,155,20,7068.9
20241204_segovia,castilla_y_leon,segovia,12,0,0,3.7,150,20,5501.6
20241204_soria,castilla_y_leon,soria,12,0,0,4.6,90,20,3154.7
20241204_vizcaya,pais_vasco,vizcaya,12,0,0,9.2,1150,85,51703.0
20241204_guipuzcoa,pais_vasco,guipuzcoa,12,0,0,9.1,715,80,33650.3
20241204_alava,pais_vasco,alava,12,0,0,7.0,335,70,16006.9
20241204_toledo,castilla_la_mancha,toledo,12,0,0,7.4,730,30,23179.9
20241204_ciudad_real,castilla_la_mancha,ciudad_real,12,0,0,4.6,485,25,18367.1
20241204_albacete,castilla_la_mancha,albacete,12,0,0,6.1,385,25,12337.6
20241204_cuenca,castilla_la_mancha,cuenca,12,0,0,6.4,195,15,5506.5
20241204_guadalajara,castilla_la_mancha,guadalajara,12,0,0,7.5,255,30,8550.3
20241204_las_palmas,canarias,las_palmas,12,0,0,20.5,1150,20,22640.8
20241204_santa_cruz_tenerife,canarias,santa_cruz_tenerife,12,0,0,17.4,1020,20,18062.9
20241204_zaragoza,aragon,zaragoza,12,0,0,5.9,980,50,42652.1
20241204_huesca,aragon,huesca,12,0,0,7.2,220,30,6998.9
20241204_teruel,aragon,teruel,12,0,0,8.4,130,20,3850.6
20241204_badajoz,extremadura,badajoz,12,0,0,7.7,670,22,21716.3
20241204_caceres,extremadura,caceres,12,0,0,6.9,390,18,11876.7
20241204_asturias,asturias,asturias,12,0,0,7.0,1010,45,42566.5
20241204_baleares,baleares,baleares,12,0,0,9.9,1200,15,26540.6
20241204_cantabria,cantabria,cantabria,12,0,0,8.8,580,35,19266.4
20241204_madrid_prov,madrid,madrid_prov,12,0,0,7.9,6700,55,264027.6
20241204_murcia,murcia,murcia,12,0,0,13.4,1550,40,38253.7
20241204_navarra,navarra,navarra,12,0,0,5.9,660,55,32438.7
20241204_la_rioja,la_rioja,la_rioja,12,0,0,5.4,320,40,12757.0
20241206_sevilla,andalucia,sevilla,12,0,1,12.1,1950,55,51219.8
20241206_malaga,andalucia,malaga,12,0,1,11.6,1700,40,41243.6
20241206_cadiz,andalucia,cadiz,12,0,1,11.2,1240,50,32065.5
20241206_cordoba,andalucia,cordoba,12,0,1,12.0,780,35,17117.8
20241206_granada,andalucia,granada,12,0,1,13.7,915,30,17687.8
20241206_jaen,andalucia,jaen,12,0,1,11.0,610,25,13035.3
20241206_almeria,andalucia,almeria,12,0,1,12.9,730,45,17071.7
20241206_huelva,andalucia,huelva,12,0,1,12.5,525,40,10727.8
20241206_barcelona,cataluna,barcelona,12,0,1,5.4,5700,85,297822.4
20241206_tarragona,cataluna,tarragona,12,0,1,9.5,830,70,27499.6
20241206_girona,cataluna,girona,12,0,1,9.8,780,55,24979.6
20241206_lleida,cataluna,lleida,12,0,1,10.8,430,45,11374.5
20241206_valencia,valenciana,valencia,12,0,1,10.0,2650,65,78915.9
20241206_alicante,valenciana,alicante,12,0,1,7.9,1950,55,66803.9
20241206_castellon,valenciana,castellon,12,0,1,12.8,580,60,15614.2
20241206_a_coruna,galicia,a_coruna,12,0,1,10.2,1120,40,28065.8
20241206_pontevedra,galicia,pontevedra,12,0,1,8.4,945,45,26845.9
20241206_lugo,galicia,lugo,12,0,1,9.0,320,25,7254.0
20241206_ourense,galicia,ourense,12,0,1,11.7,305,25,5736.2
20241206_valladolid,castilla_y_leon,valladolid,12,0,1,2.5,520,45,21508.6
20241206_leon,castilla_y_leon,leon,12,0,1,3.2,440,30,16708.2
20241206_burgos,castilla_y_leon,burgos,12,0,1,2.3,360,40,15263.1
20241206_salamanca,castilla_y_leon,salamanca,12,0,1,2.8,330,25,11984.2
20241206_palencia,castilla_y_leon,palencia,12,0,1,2.6,155,30,6788.7
20241206_zamora,castilla_y_leon,zamora,12,0,1,3.0,165,20,5909.1
20241206_avila,castilla_y_leon,avila,12,0,1,2.2,155,20,5549.0
20241206_segovia,castilla_y_leon,segovia,12,0,1,2.8,150,20,6048.9
20241206_soria,castilla_y_leon,soria,12,0,1,2.4,90,20,3350.6
20241206_vizcaya,pais_vasco,vizcaya,12,0,1,6.9,1150,85,43989.4
20241206_guipuzcoa,pais_vasco,guipuzcoa,12,0,1,6.9,715,80,34131.4
20241206_alava,pais_vasco,alava,12,0,1,8.9,335,70,12571.7
20241206_toledo,castilla_la_mancha,toledo,12,0,1,4.9,730,30,21713.7
20241206_ciudad_real,castilla_la_mancha,ciudad_real,12,0,1,3.9,485,25,17078.8
20241206_albacete,castilla_la_mancha,albacete,12,0,1,5.7,385,25,11552.8
20241206_cuenca,castilla_la_mancha,cuenca,12,0,1,4.7,195,15,5992.5
20241206_guadalajara,castilla_la_mancha,guadalajara,12,0,1,4.7,255,30,8805.2
20241206_las_palmas,canarias,las_palmas,12,0,1,18.0,1150,20,17654.0
20241206_santa_cruz_tenerife,canarias,santa_cruz_tenerife,12,0,1,16.5,1020,20,15796.7
20241206_zaragoza,aragon,zaragoza,12,0,1,7.9,980,50,33054.0
20241206_huesca,aragon,huesca,12,0,1,6.7,220,30,6196.4
20241206_teruel,aragon,teruel,12,0,1,3.3,130,20,4702.5
20241206_badajoz,extremadura,badajoz,12,0,1,9.1,670,22,15487.9
20241206_caceres,extremadura,caceres,12,0,1,7.3,390,18,9056.0
20241206_asturias,asturias,asturias,12,0,1,9.9,1010,45,28647.7
20241206_baleares,baleares,baleares,12,0,1,11.1,1200,15,21635.1
20241206_cantabria,cantabria,cantabria,12,0,1,11.3,580,35,12620.3
20241206_madrid_prov,madrid,madrid_prov,12,0,1,8.8,6700,55,207920.9
20241206_murcia,murcia,murcia,12,0,1,11.2,1550,40,36725.6
20241206_navarra,navarra,navarra,12,0,1,4.5,660,55,29661.3
20241206_la_rioja,la_rioja,la_rioja,12,0,1,6.8,320,40,10751.8
20241208_sevilla,andalucia,sevilla,12,1,1,11.5,1950,55,44879.4
20241208_malaga,andalucia,malaga,12,1,1,11.3,1700,40,35285.4
20241208_cadiz,andalucia,cadiz,12,1,1,13.3,1240,50,26897.4
20241208_cordoba,andalucia,cordoba,12,1,1,11.2,780,35,15218.5
20241208_granada,andalucia,granada,12,1,1,13.4,915,30,15936.6
20241208_jaen,andalucia,jaen,12,1,1,11.1,610,25,12306.6
20241208_almeria,andalucia,almeria,12,1,1,10.6,730,45,16578.9
20241208_huelva,andalucia,huelva,12,1,1,11.0,525,40,10618.3
20241208_barcelona,cataluna,barcelona,12,1,1,9.1,5700,85,184842.5
20241208_tarragona,cataluna,tarragona,12,1,1,7.9,830,70,26708.1
20241208_girona,cataluna,girona,12,1,1,7.9,780,55,22422.2
20241208_lleida,cataluna,lleida,12,1,1,9.0,430,45,10894.1
20241208_valencia,valenciana,valencia,12,1,1,11.2,2650,65,77261.8
20241208_alicante,valenciana,alicante,12,1,1,10.9,1950,55,49265.8
20241208_castellon,valenciana,castellon,12,1,1,12.1,580,60,13700.4
20241208_a_coruna,galicia,a_coruna,12,1,1,9.5,1120,40,26643.0
20241208_pontevedra,galicia,pontevedra,12,1,1,9.4,945,45,22893.2
20241208_lugo,galicia,lugo,12,1,1,8.4,320,25,7142.5
20241208_ourense,galicia,ourense,12,1,1,6.3,305,25,8507.5
20241208_valladolid,castilla_y_leon,valladolid,12,1,1,5.6,520,45,17125.4
20241208_leon,castilla_y_leon,leon,12,1,1,3.5,440,30,15531.4
20241208_burgos,castilla_y_leon,burgos,12,1,1,0.7,360,40,16905.8
20241208_salamanca,castilla_y_leon,salamanca,12,1,1,2.0,330,25,13200.5
20241208_palencia,castilla_y_leon,palencia,12,1,1,2.3,155,30,5923.6
20241208_zamora,castilla_y_leon,zamora,12,1,1,2.3,165,20,6090.2
20241208_avila,castilla_y_leon,avila,12,1,1,1.9,155,20,5622.6
20241208_segovia,castilla_y_leon,segovia,12,1,1,3.5,150,20,4658.6
20241208_soria,castilla_y_leon,soria,12,1,1,2.9,90,20,2760.5
20241208_vizcaya,pais_vasco,vizcaya,12,1,1,4.3,1150,85,58117.5
20241208_guipuzcoa,pais_vasco,guipuzcoa,12,1,1,7.2,715,80,28343.9
20241208_alava,pais_vasco,alava,12,1,1,8.4,335,70,11450.2
20241208_toledo,castilla_la_mancha,toledo,12,1,1,6.3,730,30,17556.4
20241208_ciudad_real,castilla_la_mancha,ciudad_real,12,1,1,6.0,485,25,12602.9
20241208_albacete,castilla_la_mancha,albacete,12,1,1,6.8,385,25,9907.8
20241208_cuenca,castilla_la_mancha,cuenca,12,1,1,6.0,195,15,4592.0
20241208_guadalajara,castilla_la_mancha,guadalajara,12,1,1,3.9,255,30,8107.5
20241208_las_palmas,canarias,las_palmas,12,1,1,15.2,1150,20,16403.1
20241208_santa_cruz_tenerife,canarias,santa_cruz_tenerife,12,1,1,15.6,1020,20,13766.4
20241208_zaragoza,aragon,zaragoza,12,1,1,5.2,980,50,35143.9
20241208_huesca,aragon,huesca,12,1,1,5.0,220,30,6409.6
20241208_teruel,aragon,teruel,12,1,1,3.8,130,20,3809.9
20241208_badajoz,extremadura,badajoz,12,1,1,6.4,670,22,16654.1
20241208_caceres,extremadura,caceres,12,1,1,5.5,390,18,10387.4
20241208_asturias,asturias,asturias,12,1,1,7.8,1010,45,28650.7
20241208_baleares,baleares,baleares,12,1,1,13.1,1200,15,18404.2
20241208_cantabria,cantabria,cantabria,12,1,1,10.6,580,35,11052.9
20241208_madrid_prov,madrid,madrid_prov,12,1,1,5.4,6700,55,254162.9
20241208_murcia,murcia,murcia,12,1,1,12.3,1550,40,34019.8
20241208_navarra,navarra,navarra,12,1,1,7.3,660,55,20958.2
20241208_la_rioja,la_rioja,la_rioja,12,1,1,5.0,320,40,9968.2
20241210_sevilla,andalucia,sevilla,12,0,0,10.4,1950,55,62883.8
20241210_malaga,andalucia,malaga,12,0,0,10.3,1700,40,47863.0
20241210_cadiz,andalucia,cadiz,12,0,0,11.7,1240,50,39689.4
20241210_cordoba,andalucia,cordoba,12,0,0,12.4,780,35,19105.6
20241210_granada,andalucia,granada,12,0,0,12.5,915,30,22009.5
20241210_jaen,andalucia,jaen,12,0,0,11.0,610,25,14860.8
20241210_almeria,andalucia,almeria,12,0,0,10.8,730,45,22393.8
20241210_huelva,andalucia,huelva,12,0,0,11.3,525,40,14007.6
20241210_barcelona,cataluna,barcelona,12,0,0,7.4,5700,85,287226.4
20241210_tarragona,cataluna,tarragona,12,0,0,9.1,830,70,32677.9
20241210_girona,cataluna,girona,12,0,0,6.9,780,55,34802.5
20241210_lleida,cataluna,lleida,12,0,0,10.0,430,45,12204.9
20241210_valencia,valenciana,valencia,12,0,0,12.8,2650,65,81139.9
20241210_alicante,valenciana,alicante,12,0,0,11.2,1950,55,64859.9
20241210_castellon,valenciana,castellon,12,0,0,13.2,580,60,17823.2
20241210_a_coruna,galicia,a_coruna,12,0,0,9.3,1120,40,32822.2
20241210_pontevedra,galicia,pontevedra,12,0,0,6.1,945,45,40515.6
20241210_lugo,galicia,lugo,12,0,0,10.9,320,25,7610.0
20241210_ourense,galicia,ourense,12,0,0,8.6,305,25,8525.0
20241210_valladolid,castilla_y_leon,valladolid,12,0,0,1.6,520,45,31585.6
20241210_leon,castilla_y_leon,leon,12,0,0,2.7,440,30,20226.3
20241210_burgos,castilla_y_leon,burgos,12,0,0,6.1,360,40,13235.2
20241210_salamanca,castilla_y_leon,salamanca,12,0,0,3.1,330,25,13415.6
20241210_palencia,castilla_y_leon,palencia,12,0,0,2.2,155,30,7546.9
20241210_zamora,castilla_y_leon,zamora,12,0,0,3.6,165,20,6434.4
20241210_avila,castilla_y_leon,avila,12,0,0,1.9,155,20,6841.4
20241210_segovia,castilla_y_leon,segovia,12,0,0,0.9,150,20,7449.8
20241210_soria,castilla_y_leon,soria,12,0,0,2.8,90,20,3851.9
20241210_vizcaya,pais_vasco,vizcaya,12,0,0,7.7,1150,85,55624.5
20241210_guipuzcoa,pais_vasco,guipuzcoa,12,0,0,9.4,715,80,31541.5
20241210_alava,pais_vasco,alava,12,0,0,9.7,335,70,13098.7
20241210_toledo,castilla_la_mancha,toledo,12,0,0,6.9,730,30,24422.2
20241210_ciudad_real,castilla_la_mancha,ciudad_real,12,0,0,4.7,485,25,19679.4
20241210_albacete,castilla_la_mancha,albacete,12,0,0,6.1,385,25,13017.4
20241210_cuenca,castilla_la_mancha,cuenca,12,0,0,3.5,195,15,7263.8
20241210_guadalajara,castilla_la_mancha,guadalajara,12,0,0,4.0,255,30,11719.9
20241210_las_palmas,canarias,las_palmas,12,0,0,18.7,1150,20,20413.6
20241210_santa_cruz_tenerife,canarias,santa_cruz_tenerife,12,0,0,16.2,1020,20,18383.4
20241210_zaragoza,aragon,zaragoza,12,0,0,4.1,980,50,48328.4
20241210_huesca,aragon,huesca,12,0,0,6.4,220,30,7384.8
20241210_teruel,aragon,teruel,12,0,0,8.1,130,20,3516.7
20241210_badajoz,extremadura,badajoz,12,0,0,5.4,670,22,25640.7
20241210_caceres,extremadura,caceres,12,0,0,9.2,390,18,9913.5
20241210_asturias,asturias,asturias,12,0,0,9.0,1010,45,34444.6
20241210_baleares,baleares,baleares,12,0,0,11.9,1200,15,23586.4
20241210_cantabria,cantabria,cantabria,12,0,0,5.9,580,35,21296.4
20241210_madrid_prov,madrid,madrid_prov,12,0,0,8.4,6700,55,277086.4
20241210_murcia,murcia,murcia,12,0,0,11.1,1550,40,41475.3
20241210_navarra,navarra,navarra,12,0,0,5.1,660,55,32393.9
20241210_la_rioja,la_rioja,la_rioja,12,0,0,6.0,320,40,11186.6
20241212_sevilla,andalucia,sevilla,12,0,0,15.4,1950,55,53661.2
20241212_malaga,andalucia,malaga,12,0,0,10.7,1700,40,47192.8
20241212_cadiz,andalucia,cadiz,12,0,0,12.3,1240,50,36064.2
20241212_cordoba,andalucia,cordoba,12,0,0,11.1,780,35,21442.7
20241212_granada,andalucia,granada,12,0,0,10.8,915,30,24385.7
20241212_jaen,andalucia,jaen,12,0,0,11.9,610,25,14421.9
20241212_almeria,andalucia,almeria,12,0,0,11.3,730,45,22529.9
20241212_huelva,andalucia,huelva,12,0,0,8.7,525,40,16524.6
20241212_barcelona,cataluna,barcelona,12,0,0,8.4,5700,85,254689.0
20241212_tarragona,cataluna,tarragona,12,0,0,7.8,830,70,38813.9
20241212_girona,cataluna,girona,12,0,0,8.1,780,55,27345.3
20241212_lleida,cataluna,lleida,12,0,0,7.8,430,45,15734.7
20241212_valencia,valenciana,valencia,12,0,0,10.8,2650,65,94154.2
20241212_alicante,valenciana,alicante,12,0,0,11.4,1950,55,59973.5
20241212_castellon,valenciana,castellon,12,0,0,9.1,580,60,21163.1
20241212_a_coruna,galicia,a_coruna,12,0,0,8.0,1120,40,37970.5
20241212_pontevedra,galicia,pontevedra,12,0,0,9.8,945,45,30480.5
20241212_lugo,galicia,lugo,12,0,0,10.0,320,25,8194.7
20241212_ourense,galicia,ourense,12,0,0,11.0,305,25,7752.7
20241212_valladolid,castilla_y_leon,valladolid,12,0,0,2.3,520,45,29154.2
20241212_leon,castilla_y_leon,leon,12,0,0,1.2,440,30,20472.5
20241212_burgos,castilla_y_leon,burgos,12,0,0,1.3,360,40,20981.1
20241212_salamanca,castilla_y_leon,salamanca,12,0,0,2.3,330,25,14953.9
20241212_palencia,castilla_y_leon,palencia,12,0,0,1.0,155,30,7395.0
20241212_zamora,castilla_y_leon,zamora,12,0,0,4.2,165,20,6165.8
20241212_avila,castilla_y_leon,avila,12,0,0,1.6,155,20,6850.9
20241212_segovia,castilla_y_leon,segovia,12,0,0,3.9,150,20,6024.6
20241212_soria,castilla_y_leon,soria,12,0,0,0.8,90,20,4604.7
20241212_vizcaya,pais_vasco,vizcaya,12,0,0,7.4,1150,85,55420.6
20241212_guipuzcoa,pais_vasco,guipuzcoa,12,0,0,7.2,715,80,33606.9
20241212_alava,pais_vasco,alava,12,0,0,5.8,335,70,17707.2
20241212_toledo,castilla_la_mancha,toledo,12,0,0,4.4,730,30,30726.3
20241212_ciudad_real,castilla_la_mancha,ciudad_real,12,0,0,5.2,485,25,18396.9
20241212_albacete,castilla_la_mancha,albacete,12,0,0,1.9,385,25,17316.7
20241212_cuenca,castilla_la_mancha,cuenca,12,0,0,5.5,195,15,5914.2
20241212_guadalajara,castilla_la_mancha,guadalajara,12,0,0,5.3,255,30,9127.8
20241212_las_palmas,canarias,las_palmas,12,0,0,17.6,1150,20,22951.1
20241212_santa_cruz_tenerife,canarias,santa_cruz_tenerife,12,0,0,18.6,1020,20,17144.2
20241212_zaragoza,aragon,zaragoza,12,0,0,5.9,980,50,46825.7
20241212_huesca,aragon,huesca,12,0,0,8.6,220,30,6800.0
20241212_teruel,aragon,teruel,12,0,0,2.8,130,20,5565.6
20241212_badajoz,extremadura,badajoz,12,0,0,9.4,670,22,17525.3
20241212_caceres,extremadura,caceres,12,0,0,8.6,390,18,9989.8
20241212_asturias,asturias,asturias,12,0,0,8.9,1010,45,30042.7
20241212_baleares,baleares,baleares,12,0,0,10.3,1200,15,27784.1
20241212_cantabria,cantabria,cantabria,12,0,0,8.8,580,35,16934.7
20241212_madrid_prov,madrid,madrid_prov,12,0,0,5.0,6700,55,329764.5
20241212_murcia,murcia,murcia,12,0,0,11.2,1550,40,43399.9
20241212_navarra,navarra,navarra,12,0,0,5.5,660,55,30122.6
20241212_la_rioja,la_rioja,la_rioja,12,0,0,6.9,320,40,11326.5
20241214_sevilla,andalucia,sevilla,12,1,0,13.5,1950,55,51705.0
20241214_malaga,andalucia,malaga,12,1,0,10.3,1700,40,44461.5
20241214_cadiz,andalucia,cadiz,12,1,0,11.1,1240,50,35041.9
20241214_cordoba,andalucia,cordoba,12,1,0,12.3,780,35,16436.2
20241214_granada,andalucia,granada,12,1,0,11.4,915,30,18655.6
20241214_jaen,andalucia,jaen,12,1,0,10.5,610,25,14934.7
20241214_almeria,andalucia,almeria,12,1,0,8.8,730,45,20590.6
20241214_huelva,andalucia,huelva,12,1,0,11.1,525,40,14200.3
20241214_barcelona,cataluna,barcelona,12,1,0,8.7,5700,85,212194.0
20241214_tarragona,cataluna,tarragona,12,1,0,5.8,830,70,37949.7
20241214_girona,cataluna,girona,12,1,0,6.5,780,55,30463.8
20241214_lleida,cataluna,lleida,12,1,0,8.5,430,45,13101.1
20241214_valencia,valenciana,valencia,12,1,0,13.2,2650,65,74663.3
20241214_alicante,valenciana,alicante,12,1,0,12.3,1950,55,54164.9
20241214_castellon,valenciana,castellon,12,1,0,10.4,580,60,17681.8
20241214_a_coruna,galicia,a_coruna,12,1,0,8.4,1120,40,34976.1
20241214_pontevedra,galicia,pontevedra,12,1,0,7.9,945,45,33574.4
20241214_lugo,galicia,lugo,12,1,0,7.7,320,25,8897.2
20241214_ourense,galicia,ourense,12,1,0,8.5,305,25,7793.4
20241214_valladolid,castilla_y_leon,valladolid,12,1,0,5.0,520,45,20409.0
20241214_leon,castilla_y_leon,leon,12,1,0,1.6,440,30,19337.8
20241214_burgos,castilla_y_leon,burgos,12,1,0,2.0,360,40,17178.2
20241214_salamanca,castilla_y_leon,salamanca,12,1,0,0.4,330,25,15192.5
20241214_palencia,castilla_y_leon,palencia,12,1,0,2.8,155,30,6750.0
20241214_zamora,castilla_y_leon,zamora,12,1,0,2.0,165,20,6590.6
20241214_avila,castilla_y_leon,avila,12,1,0,1.5,155,20,6261.0
20241214_segovia,castilla_y_leon,segovia,12,1,0,0.7,150,20,6082.2
20241214_soria,castilla_y_leon,soria,12,1,0,1.0,90,20,4037.7
20241214_vizcaya,pais_vasco,vizcaya,12,1,0,6.9,1150,85,52474.8
20241214_guipuzcoa,pais_vasco,guipuzcoa,12,1,0,7.0,715,80,34030.9
20241214_alava,pais_vasco,alava,12,1,0,6.2,335,70,15067.2
20241214_toledo,castilla_la_mancha,toledo,12,1,0,4.5,730,30,26877.0
20241214_ciudad_real,castilla_la_mancha,ciudad_real,12,1,0,4.9,485,25,16468.9
20241214_albacete,castilla_la_mancha,albacete,12,1,0,5.7,385,25,12297.3
20241214_cuenca,castilla_la_mancha,cuenca,12,1,0,7.0,195,15,5113.4
20241214_guadalajara,castilla_la_mancha,guadalajara,12,1,0,2.2,255,30,11438.6
20241214_las_palmas,canarias,las_palmas,12,1,0,18.0,1150,20,19071.1
20241214_santa_cruz_tenerife,canarias,santa_cruz_tenerife,12,1,0,17.1,1020,20,15256.4
20241214_zaragoza,aragon,zaragoza,12,1,0,1.8,980,50,56557.6
20241214_huesca,aragon,huesca,12,1,0,3.7,220,30,8985.5
20241214_teruel,aragon,teruel,12,1,0,2.2,130,20,4834.0
20241214_badajoz,extremadura,badajoz,12,1,0,7.9,670,22,17544.6
20241214_caceres,extremadura,caceres,12,1,0,7.7,390,18,9982.7
20241214_asturias,asturias,asturias,12,1,0,8.0,1010,45,31548.1
20241214_baleares,baleares,baleares,12,1,0,9.8,1200,15,27657.8
20241214_cantabria,cantabria,cantabria,12,1,0,11.4,580,35,13050.3
20241214_madrid_prov,madrid,madrid_prov,12,1,0,3.9,6700,55,309820.9
20241214_murcia,murcia,murcia,12,1,0,11.6,1550,40,37578.0
20241214_navarra,navarra,navarra,12,1,0,5.0,660,55,28544.0
20241214_la_rioja,la_rioja,la_rioja,12,1,0,4.7,320,40,14248.0
20241216_sevilla,andalucia,sevilla,12,0,0,9.9,1950,55,72216.8
20241216_malaga,andalucia,malaga,12,0,0,12.6,1700,40,44800.3
20241216_cadiz,andalucia,cadiz,12,0,0,7.9,1240,50,46640.9
20241216_cordoba,andalucia,cordoba,12,0,0,9.9,780,35,22578.9
20241216_granada,andalucia,granada,12,0,0,9.1,915,30,27634.5
20241216_jaen,andalucia,jaen,12,0,0,12.0,610,25,14993.2
20241216_almeria,andalucia,almeria,12,0,0,10.1,730,45,21548.1
20241216_huelva,andalucia,huelva,12,0,0,11.1,525,40,16043.3
20241216_barcelona,cataluna,barcelona,12,0,0,8.2,5700,85,274789.5
20241216_tarragona,cataluna,tarragona,12,0,0,7.7,830,70,35676.6
20241216_girona,cataluna,girona,12,0,0,9.0,780,55,28129.9
20241216_lleida,cataluna,lleida,12,0,0,8.6,430,45,15147.0
20241216_valencia,valenciana,valencia,12,0,0,11.0,2650,65,93308.2
20241216_alicante,valenciana,alicante,12,0,0,9.3,1950,55,66074.8
20241216_castellon,valenciana,castellon,12,0,0,10.4,580,60,19803.0
20241216_a_coruna,galicia,a_coruna,12,0,0,8.0,1120,40,39129.9
20241216_pontevedra,galicia,pontevedra,12,0,0,10.0,945,45,31470.4
20241216_lugo,galicia,lugo,12,0,0,10.7,320,25,7514.7
20241216_ourense,galicia,ourense,12,0,0,7.1,305,25,9648.0
20241216_valladolid,castilla_y_leon,valladolid,12,0,0,1.9,520,45,28813.8
20241216_leon,castilla_y_leon,leon,12,0,0,1.0,440,30,22727.8
20241216_burgos,castilla_y_leon,burgos,12,0,0,2.5,360,40,17380.9
20241216_salamanca,castilla_y_leon,salamanca,12,0,0,5.1,330,25,12255.8
20241216_palencia,castilla_y_leon,palencia,12,0,0,3.3,155,30,6700.9
20241216_zamora,castilla_y_leon,zamora,12,0,0,2.6,165,20,7026.8
20241216_avila,castilla_y_leon,avila,12,0,0,3.0,155,20,6316.5
20241216_segovia,castilla_y_leon,segovia,12,0,0,4.0,150,20,5332.3
20241216_soria,castilla_y_leon,soria,12,0,0,3.1,90,20,3690.8
20241216_vizcaya,pais_vasco,vizcaya,12,0,0,5.9,1150,85,70127.3
20241216_guipuzcoa,pais_vasco,guipuzcoa,12,0,0,10.0,715,80,26030.6
20241216_alava,pais_vasco,alava,12,0,0,7.6,335,70,15417.4
20241216_toledo,castilla_la_mancha,toledo,12,0,0,5.0,730,30,30876.8
20241216_ciudad_real,castilla_la_mancha,ciudad_real,12,0,0,6.2,485,25,16796.0
20241216_albacete,castilla_la_mancha,albacete,12,0,0,7.6,385,25,12491.6
20241216_cuenca,castilla_la_mancha,cuenca,12,0,0,3.9,195,15,6943.0
20241216_guadalajara,castilla_la_mancha,guadalajara,12,0,0,6.1,255,30,8845.1
20241216_las_palmas,canarias,las_palmas,12,0,0,16.9,1150,20,21052.9
20241216_santa_cruz_tenerife,canarias,santa_cruz_tenerife,12,0,0,17.9,1020,20,18583.8
20241216_zaragoza,aragon,zaragoza,12,0,0,2.5,980,50,58263.1
20241216_huesca,aragon,huesca,12,0,0,3.7,220,30,10466.9
20241216_teruel,aragon,teruel,12,0,0,4.7,130,20,5016.7
20241216_badajoz,extremadura,badajoz,12,0,0,7.7,670,22,21297.1
20241216_caceres,extremadura,caceres,12,0,0,7.6,390,18,11338.9
20241216_asturias,asturias,asturias,12,0,0,9.7,1010,45,36464.1
20241216_baleares,baleares,baleares,12,0,0,11.0,1200,15,27673.4
20241216_cantabria,cantabria,cantabria,12,0,0,9.1,580,35,18126.6
20241216_madrid_prov,madrid,madrid_prov,12,0,0,5.4,6700,55,282936.3
20241216_murcia,murcia,murcia,12,0,0,10.7,1550,40,46726.1
20241216_navarra,navarra,navarra,12,0,0,3.1,660,55,38416.8
20241216_la_rioja,la_rioja,la_rioja,12,0,0,4.9,320,40,13637.7
20241218_sevilla,andalucia,sevilla,12,0,0,11.7,1950,55,61408.8
20241218_malaga,andalucia,malaga,12,0,0,11.1,1700,40,50207.8
20241218_cadiz,andalucia,cadiz,12,0,0,10.8,1240,50,35456.0
20241218_cordoba,andalucia,cordoba,12,0,0,9.9,780,35,20547.6
20241218_granada,andalucia,granada,12,0,0,11.4,915,30,24085.1
20241218_jaen,andalucia,jaen,12,0,0,11.8,610,25,14658.1
20241218_almeria,andalucia,almeria,12,0,0,11.8,730,45,18885.6
20241218_huelva,andalucia,huelva,12,0,0,10.3,525,40,14376.2
20241218_barcelona,cataluna,barcelona,12,0,0,7.4,5700,85,306952.9
20241218_tarragona,cataluna,tarragona,12,0,0,9.4,830,70,33549.6
20241218_girona,cataluna,girona,12,0,0,7.7,780,55,29506.2
20241218_lleida,cataluna,lleida,12,0,0,8.2,430,45,16099.2
20241218_valencia,valenciana,valencia,12,0,0,10.9,2650,65,84035.7
20241218_alicante,valenciana,alicante,12,0,0,10.5,1950,55,58064.4
20241218_castellon,valenciana,castellon,12,0,0,11.5,580,60,17954.6
20241218_a_coruna,galicia,a_coruna,12,0,0,6.9,1120,40,43499.2
20241218_pontevedra,galicia,pontevedra,12,0,0,9.4,945,45,31172.8
20241218_lugo,galicia,lugo,12,0,0,11.7,320,25,7802.0
20241218_ourense,galicia,ourense,12,0,0,7.7,305,25,9595.3
20241218_valladolid,castilla_y_leon,valladolid,12,0,0,1.2,520,45,32645.0
20241218_leon,castilla_y_leon,leon,12,0,0,2.0,440,30,21872.6
20241218_burgos,castilla_y_leon,burgos,12,0,0,-0.4,360,40,22914.1
20241218_salamanca,castilla_y_leon,salamanca,12,0,0,1.6,330,25,15087.7
20241218_palencia,castilla_y_leon,palencia,12,0,0,1.3,155,30,8132.8
20241218_zamora,castilla_y_leon,zamora,12,0,0,1.6,165,20,6998.9
20241218_avila,castilla_y_leon,avila,12,0,0,1.3,155,20,7083.5
20241218_segovia,castilla_y_leon,segovia,12,0,0,1.9,150,20,6720.3
20241218_soria,castilla_y_leon,soria,12,0,0,1.1,90,20,4174.7
20241218_vizcaya,pais_vasco,vizcaya,12,0,0,7.3,1150,85,60225.0
20241218_guipuzcoa,pais_vasco,guipuzcoa,12,0,0,7.6,715,80,36350.6
20241218_alava,pais_vasco,alava,12,0,0,8.8,335,70,14712.2
20241218_toledo,castilla_la_mancha,toledo,12,0,0,6.1,730,30,28489.5
20241218_ciudad_real,castilla_la_mancha,ciudad_real,12,0,0,2.6,485,25,22377.4
20241218_albacete,castilla_la_mancha,albacete,12,0,0,5.9,385,25,14427.6
20241218_cuenca,castilla_la_mancha,cuenca,12,0,0,3.1,195,15,7804.5
20241218_guadalajara,castilla_la_mancha,guadalajara,12,0,0,4.3,255,30,11541.5
20241218_las_palmas,canarias,las_palmas,12,0,0,15.4,1150,20,21093.6
20241218_santa_cruz_tenerife,canarias,santa_cruz_tenerife,12,0,0,14.8,1020,20,19936.3
20241218_zaragoza,aragon,zaragoza,12,0,0,7.3,980,50,38383.3
20241218_huesca,aragon,huesca,12,0,0,4.3,220,30,9344.6
20241218_teruel,aragon,teruel,12,0,0,4.0,130,20,5072.6
20241218_badajoz,extremadura,badajoz,12,0,0,7.2,670,22,19821.1
20241218_caceres,extremadura,caceres,12,0,0,6.5,390,18,12595.0
20241218_asturias,asturias,asturias,12,0,0,9.4,1010,45,35101.2
20241218_baleares,baleares,baleares,12,0,0,11.7,1200,15,25928.1
20241218_cantabria,cantabria,cantabria,12,0,0,10.1,580,35,16076.0
20241218_madrid_prov,madrid,madrid_prov,12,0,0,4.2,6700,55,340265.3
20241218_murcia,murcia,murcia,12,0,0,9.1,1550,40,50473.9
20241218_navarra,navarra,navarra,12,0,0,5.5,660,55,29670.0
20241218_la_rioja,la_rioja,la_rioja,12,0,0,5.1,320,40,13146.7
20241220_sevilla,andalucia,sevilla,12,0,0,8.9,1950,55,78688.6
20241220_malaga,andalucia,malaga,12,0,0,8.9,1700,40,51391.4
20241220_cadiz,andalucia,cadiz,12,0,0,10.6,1240,50,39304.3
20241220_cordoba,andalucia,cordoba,12,0,0,11.3,780,35,22875.5
20241220_granada,andalucia,granada,12,0,0,9.2,915,30,25639.9
20241220_jaen,andalucia,jaen,12,0,0,12.6,610,25,14360.1
20241220_almeria,andalucia,almeria,12,0,0,11.5,730,45,20265.3
20241220_huelva,andalucia,huelva,12,0,0,11.9,525,40,14600.6
20241220_barcelona,cataluna,barcelona,12,0,0,8.1,5700,85,262679.6
20241220_tarragona,cataluna,tarragona,12,0,0,7.9,830,70,39127.6
20241220_girona,cataluna,girona,12,0,0,6.3,780,55,32994.9
20241220_lleida,cataluna,lleida,12,0,0,6.9,430,45,16341.9
20241220_valencia,valenciana,valencia,12,0,0,10.2,2650,65,99812.7
20241220_alicante,valenciana,alicante,12,0,0,10.9,1950,55,62595.9
20241220_castellon,valenciana,castellon,12,0,0,10.6,580,60,20195.5
20241220_a_coruna,galicia,a_coruna,12,0,0,6.2,1120,40,46454.1
20241220_pontevedra,galicia,pontevedra,12,0,0,7.4,945,45,34722.0
20241220_lugo,galicia,lugo,12,0,0,9.0,320,25,8922.3
20241220_ourense,galicia,ourense,12,0,0,9.2,305,25,8477.5
20241220_valladolid,castilla_y_leon,valladolid,12,0,0,1.1,520,45,33465.9
20241220_leon,castilla_y_leon,leon,12,0,0,2.5,440,30,21096.0
20241220_burgos,castilla_y_leon,burgos,12,0,0,2.4,360,40,17976.1
20241220_salamanca,castilla_y_leon,salamanca,12,0,0,4.5,330,25,12088.6
20241220_palencia,castilla_y_leon,palencia,12,0,0,1.6,155,30,7669.1
20241220_zamora,castilla_y_leon,zamora,12,0,0,1.0,165,20,7671.9
20241220_avila,castilla_y_leon,avila,12,0,0,0.4,155,20,8184.3
20241220_segovia,castilla_y_leon,segovia,12,0,0,-0.2,150,20,8185.7
20241220_soria,castilla_y_leon,soria,12,0,0,2.4,90,20,3803.4
20241220_vizcaya,pais_vasco,vizcaya,12,0,0,7.9,1150,85,54755.3
20241220_guipuzcoa,pais_vasco,guipuzcoa,12,0,0,5.6,715,80,37195.5
20241220_alava,pais_vasco,alava,12,0,0,8.1,335,70,14852.0
20241220_toledo,castilla_la_mancha,toledo,12,0,0,4.4,730,30,29392.3
20241220_ciudad_real,castilla_la_mancha,ciudad_real,12,0,0,3.8,485,25,19533.2
20241220_albacete,castilla_la_mancha,albacete,12,0,0,1.6,385,25,18554.6
20241220_cuenca,castilla_la_mancha,cuenca,12,0,0,4.8,195,15,6708.5
20241220_guadalajara,castilla_la_mancha,guadalajara,12,0,0,6.5,255,30,8502.3
20241220_las_palmas,canarias,las_palmas,12,0,0,16.4,1150,20,21596.6
20241220_santa_cruz_tenerife,canarias,santa_cruz_tenerife,12,0,0,17.7,1020,20,17072.8
20241220_zaragoza,aragon,zaragoza,12,0,0,4.8,980,50,46744.7
20241220_huesca,aragon,huesca,12,0,0,1.0,220,30,11487.5
20241220_teruel,aragon,teruel,12,0,0,2.8,130,20,5291.9
20241220_badajoz,extremadura,badajoz,12,0,0,4.6,670,22,25525.6
20241220_caceres,extremadura,caceres,12,0,0,8.9,390,18,10333.5
20241220_asturias,asturias,asturias,12,0,0,5.0,1010,45,45787.7
20241220_baleares,baleares,baleares,12,0,0,10.9,1200,15,25343.6
20241220_cantabria,cantabria,cantabria,12,0,0,9.5,580,35,18040.2
20241220_madrid_prov,madrid,madrid_prov,12,0,0,4.0,6700,55,320172.5
20241220_murcia,murcia,murcia,12,0,0,7.9,1550,40,51840.7
20241220_navarra,navarra,navarra,12,0,0,3.7,660,55,34307.9
20241220_la_rioja,la_rioja,la_rioja,12,0,0,3.4,320,40,15841.4
20241222_sevilla,andalucia,sevilla,12,1,0,10.9,1950,55,56835.0
20241222_malaga,andalucia,malaga,12,1,0,11.4,1700,40,40841.3
20241222_cadiz,andalucia,cadiz,12,1,0,8.7,1240,50,38709.8
20241222_cordoba,andalucia,cordoba,12,1,0,9.4,780,35,18956.1
20241222_granada,andalucia,granada,12,1,0,9.4,915,30,24768.1
20241222_jaen,andalucia,jaen,12,1,0,11.3,610,25,13569.6
20241222_almeria,andalucia,almeria,12,1,0,10.4,730,45,21546.2
20241222_huelva,andalucia,huelva,12,1,0,8.7,525,40,14718.4
20241222_barcelona,cataluna,barcelona,12,1,0,9.2,5700,85,224437.8
20241222_tarragona,cataluna,tarragona,12,1,0,6.7,830,70,36369.5
20241222_girona,cataluna,girona,12,1,0,7.1,780,55,27958.6
20241222_lleida,cataluna,lleida,12,1,0,6.5,430,45,15767.2
20241222_valencia,valenciana,valencia,12,1,0,10.4,2650,65,91210.7
20241222_alicante,valenciana,alicante,12,1,0,9.7,1950,55,59570.3
20241222_castellon,valenciana,castellon,12,1,0,12.1,580,60,16936.3
20241222_a_coruna,galicia,a_coruna,12,1,0,8.6,1120,40,30666.0
20241222_pontevedra,galicia,pontevedra,12,1,0,7.3,945,45,30433.6
20241222_lugo,galicia,lugo,12,1,0,8.5,320,25,8136.1
20241222_ourense,galicia,ourense,12,1,0,10.7,305,25,6356.4
20241222_valladolid,castilla_y_leon,valladolid,12,1,0,-0.3,520,45,31150.3
20241222_leon,castilla_y_leon,leon,12,1,0,2.1,440,30,16930.8
20241222_burgos,castilla_y_leon,burgos,12,1,0,-1.1,360,40,21335.3
20241222_salamanca,castilla_y_leon,salamanca,12,1,0,3.2,330,25,13893.1
20241222_palencia,castilla_y_leon,palencia,12,1,0,0.7,155,30,7401.7
20241222_zamora,castilla_y_leon,zamora,12,1,0,0.2,165,20,7757.0
20241222_avila,castilla_y_leon,avila,12,1,0,3.5,155,20,5906.1
20241222_segovia,castilla_y_leon,segovia,12,1,0,1.3,150,20,6039.7
20241222_soria,castilla_y_leon,soria,12,1,0,1.3,90,20,4033.8
20241222_vizcaya,pais_vasco,vizcaya,12,1,0,6.5,1150,85,50208.1
20241222_guipuzcoa,pais_vasco,guipuzcoa,12,1,0,6.5,715,80,32532.6
20241222_alava,pais_vasco,alava,12,1,0,4.5,335,70,17028.4
20241222_toledo,castilla_la_mancha,toledo,12,1,0,4.6,730,30,29134.0
20241222_ciudad_real,castilla_la_mancha,ciudad_real,12,1,0,2.0,485,25,21085.5
20241222_albacete,castilla_la_mancha,albacete,12,1,0,5.2,385,25,13057.7
20241222_cuenca,castilla_la_mancha,cuenca,12,1,0,2.5,195,15,6759.9
20241222_guadalajara,castilla_la_mancha,guadalajara,12,1,0,4.0,255,30,9718.9
20241222_las_palmas,canarias,las_palmas,12,1,0,16.5,1150,20,20563.7
20241222_santa_cruz_tenerife,canarias,santa_cruz_tenerife,12,1,0,16.7,1020,20,15501.4
20241222_zaragoza,aragon,zaragoza,12,1,0,3.5,980,50,46878.8
20241222_huesca,aragon,huesca,12,1,0,4.3,220,30,8299.2
20241222_teruel,aragon,teruel,12,1,0,5.9,130,20,3669.4
20241222_badajoz,extremadura,badajoz,12,1,0,5.7,670,22,22349.7
20241222_caceres,extremadura,caceres,12,1,0,3.6,390,18,13525.2
20241222_asturias,asturias,asturias,12,1,0,9.7,1010,45,30913.4
20241222_baleares,baleares,baleares,12,1,0,12.0,1200,15,23390.8
20241222_cantabria,cantabria,cantabria,12,1,0,7.4,580,35,19165.3
20241222_madrid_prov,madrid,madrid_prov,12,1,0,3.1,6700,55,315625.6
20241222_murcia,murcia,murcia,12,1,0,11.2,1550,40,37943.5
20241222_navarra,navarra,navarra,12,1,0,4.0,660,55,31487.9
20241222_la_rioja,la_rioja,la_rioja,12,1,0,6.7,320,40,11086.7
20241224_sevilla,andalucia,sevilla,12,0,0,9.2,1950,55,71877.1
20241224_malaga,andalucia,malaga,12,0,0,8.9,1700,40,57355.0
20241224_cadiz,andalucia,cadiz,12,0,0,10.2,1240,50,40712.6
20241224_cordoba,andalucia,cordoba,12,0,0,7.6,780,35,23610.8
20241224_granada,andalucia,granada,12,0,0,8.0,915,30,31423.6
20241224_jaen,andalucia,jaen,12,0,0,8.5,610,25,18332.8
20241224_almeria,andalucia,almeria,12,0,0,9.2,730,45,23807.1
20241224_huelva,andalucia,huelva,12,0,0,10.0,525,40,17065.6
20241224_barcelona,cataluna,barcelona,12,0,0,8.4,5700,85,269482.4
20241224_tarragona,cataluna,tarragona,12,0,0,9.4,830,70,31594.6
20241224_girona,cataluna,girona,12,0,0,9.1,780,55,29417.0
20241224_lleida,cataluna,lleida,12,0,0,8.8,430,45,14462.8
20241224_valencia,valenciana,valencia,12,0,0,9.4,2650,65,96040.9
20241224_alicante,valenciana,alicante,12,0,0,8.9,1950,55,67886.2
20241224_castellon,valenciana,castellon,12,0,0,10.5,580,60,19460.5
20241224_a_coruna,galicia,a_coruna,12,0,0,9.0,1120,40,36897.6
20241224_pontevedra,galicia,pontevedra,12,0,0,6.9,945,45,34793.1
20241224_lugo,galicia,lugo,12,0,0,8.0,320,25,9202.1
20241224_ourense,galicia,ourense,12,0,0,7.1,305,25,10595.3
20241224_valladolid,castilla_y_leon,valladolid,12,0,0,-1.0,520,45,39618.8
20241224_leon,castilla_y_leon,leon,12,0,0,1.6,440,30,23260.5
20241224_burgos,castilla_y_leon,burgos,12,0,0,2.4,360,40,19254.4
20241224_salamanca,castilla_y_leon,salamanca,12,0,0,3.5,330,25,13021.2
20241224_palencia,castilla_y_leon,palencia,12,0,0,1.0,155,30,7819.6
20241224_zamora,castilla_y_leon,zamora,12,0,0,-1.2,165,20,8878.8
20241224_avila,castilla_y_leon,avila,12,0,0,3.8,155,20,5954.9
20241224_segovia,castilla_y_leon,segovia,12,0,0,4.0,150,20,6378.2
20241224_soria,castilla_y_leon,soria,12,0,0,5.4,90,20,3414.6
20241224_vizcaya,pais_vasco,vizcaya,12,0,0,10.3,1150,85,47746.4
20241224_guipuzcoa,pais_vasco,guipuzcoa,12,0,0,7.3,715,80,35266.1
20241224_alava,pais_vasco,alava,12,0,0,7.0,335,70,15718.3
20241224_toledo,castilla_la_mancha,toledo,12,0,0,4.8,730,30,28386.2
20241224_ciudad_real,castilla_la_mancha,ciudad_real,12,0,0,1.8,485,25,23348.8
20241224_albacete,castilla_la_mancha,albacete,12,0,0,2.8,385,25,16473.1
20241224_cuenca,castilla_la_mancha,cuenca,12,0,0,3.5,195,15,7186.8
20241224_guadalajara,castilla_la_mancha,guadalajara,12,0,0,5.3,255,30,9698.3
20241224_las_palmas,canarias,las_palmas,12,0,0,18.9,1150,20,21460.6
20241224_santa_cruz_tenerife,canarias,santa_cruz_tenerife,12,0,0,17.1,1020,20,18995.8
20241224_zaragoza,aragon,zaragoza,12,0,0,1.9,980,50,58303.3
20241224_huesca,aragon,huesca,12,0,0,4.9,220,30,9131.2
20241224_teruel,aragon,teruel,12,0,0,1.8,130,20,5415.7
20241224_badajoz,extremadura,badajoz,12,0,0,5.4,670,22,25174.4
20241224_caceres,extremadura,caceres,12,0,0,6.5,390,18,11673.4
20241224_asturias,asturias,asturias,12,0,0,5.8,1010,45,40987.8
20241224_baleares,baleares,baleares,12,0,0,9.9,1200,15,29835.7
20241224_cantabria,cantabria,cantabria,12,0,0,10.2,580,35,15554.9
20241224_madrid_prov,madrid,madrid_prov,12,0,0,5.7,6700,55,316391.7
20241224_murcia,murcia,murcia,12,0,0,8.9,1550,40,49933.6
20241224_navarra,navarra,navarra,12,0,0,4.1,660,55,34353.9
20241224_la_rioja,la_rioja,la_rioja,12,0,0,1.7,320,40,17551.6
20241226_sevilla,andalucia,sevilla,12,0,0,10.9,1950,55,67572.2
20241226_malaga,andalucia,malaga,12,0,0,9.1,1700,40,52875.5
20241226_cadiz,andalucia,cadiz,12,0,0,9.7,1240,50,41803.5
20241226_cordoba,andalucia,cordoba,12,0,0,10.1,780,35,22903.2
20241226_granada,andalucia,granada,12,0,0,8.4,915,30,28514.6
20241226_jaen,andalucia,jaen,12,0,0,8.9,610,25,16994.1
20241226_almeria,andalucia,almeria,12,0,0,12.4,730,45,18488.5
20241226_huelva,andalucia,huelva,12,0,0,9.6,525,40,15176.0
20241226_barcelona,cataluna,barcelona,12,0,0,7.7,5700,85,292820.5
20241226_tarragona,cataluna,tarragona,12,0,0,7.7,830,70,36439.1
20241226_girona,cataluna,girona,12,0,0,9.3,780,55,28080.8
20241226_lleida,cataluna,lleida,12,0,0,8.6,430,45,15315.0
20241226_valencia,valenciana,valencia,12,0,0,5.9,2650,65,128296.8
20241226_alicante,valenciana,alicante,12,0,0,8.4,1950,55,70461.4
20241226_castellon,valenciana,castellon,12,0,0,12.0,580,60,17723.2
20241226_a_coruna,galicia,a_coruna,12,0,0,10.9,1120,40,29501.3
20241226_pontevedra,galicia,pontevedra,12,0,0,6.8,945,45,38442.8
20241226_lugo,galicia,lugo,12,0,0,7.8,320,25,9868.7
20241226_ourense,galicia,ourense,12,0,0,8.1,305,25,8989.8
20241226_valladolid,castilla_y_leon,valladolid,12,0,0,0.6,520,45,32256.7
20241226_leon,castilla_y_leon,leon,12,0,0,2.0,440,30,23362.8
20241226_burgos,castilla_y_leon,burgos,12,0,0,0.8,360,40,20598.7
20241226_salamanca,castilla_y_leon,salamanca,12,0,0,0.3,330,25,18657.3
20241226_palencia,castilla_y_leon,palencia,12,0,0,2.0,155,30,6869.8
20241226_zamora,castilla_y_leon,zamora,12,0,0,-1.6,165,20,9095.9
20241226_avila,castilla_y_leon,avila,12,0,0,1.4,155,20,7164.7
20241226_segovia,castilla_y_leon,segovia,12,0,0,1.8,150,20,6687.8
20241226_soria,castilla_y_leon,soria,12,0,0,3.0,90,20,3842.7
20241226_vizcaya,pais_vasco,vizcaya,12,0,0,7.0,1150,85,62383.2
20241226_guipuzcoa,pais_vasco,guipuzcoa,12,0,0,4.6,715,80,42235.1
20241226_alava,pais_vasco,alava,12,0,0,7.1,335,70,15949.7
20241226_toledo,castilla_la_mancha,toledo,12,0,0,1.2,730,30,37332.3
20241226_ciudad_real,castilla_la_mancha,ciudad_real,12,0,0,4.2,485,25,19734.3
20241226_albacete,castilla_la_mancha,albacete,12,0,0,5.3,385,25,14645.5
20241226_cuenca,castilla_la_mancha,cuenca,12,0,0,3.5,195,15,7581.2
20241226_guadalajara,castilla_la_mancha,guadalajara,12,0,0,3.3,255,30,11395.6
20241226_las_palmas,canarias,las_palmas,12,0,0,18.3,1150,20,21118.2
20241226_santa_cruz_tenerife,canarias,santa_cruz_tenerife,12,0,0,17.7,1020,20,19697.8
20241226_zaragoza,aragon,zaragoza,12,0,0,4.6,980,50,50028.7
20241226_huesca,aragon,huesca,12,0,0,6.8,220,30,7797.6
20241226_teruel,aragon,teruel,12,0,0,2.9,130,20,5520.2
20241226_badajoz,extremadura,badajoz,12,0,0,6.7,670,22,22038.2
20241226_caceres,extremadura,caceres,12,0,0,8.2,390,18,9896.2
20241226_asturias,asturias,asturias,12,0,0,9.9,1010,45,34848.2
20241226_baleares,baleares,baleares,12,0,0,11.7,1200,15,26309.7
20241226_cantabria,cantabria,cantabria,12,0,0,8.4,580,35,18528.7
20241226_madrid_prov,madrid,madrid_prov,12,0,0,5.5,6700,55,320839.5
20241226_murcia,murcia,murcia,12,0,0,11.4,1550,40,43883.7
20241226_navarra,navarra,navarra,12,0,0,4.8,660,55,33726.2
20241226_la_rioja,la_rioja,la_rioja,12,0,0,2.6,320,40,17082.3
20241228_sevilla,andalucia,sevilla,12,1,0,12.5,1950,55,51198.6
20241228_malaga,andalucia,malaga,12,1,0,12.0,1700,40,38868.9
20241228_cadiz,andalucia,cadiz,12,1,0,9.9,1240,50,35544.0
20241228_cordoba,andalucia,cordoba,12,1,0,11.8,780,35,19582.9
20241228_granada,andalucia,granada,12,1,0,9.8,915,30,24346.0
20241228_jaen,andalucia,jaen,12,1,0,12.2,610,25,12561.8
20241228_almeria,andalucia,almeria,12,1,0,10.1,730,45,21219.7
20241228_huelva,andalucia,huelva,12,1,0,8.7,525,40,15544.3
20241228_barcelona,cataluna,barcelona,12,1,0,10.4,5700,85,202984.7
20241228_tarragona,cataluna,tarragona,12,1,0,8.6,830,70,31849.0
20241228_girona,cataluna,girona,12,1,0,7.1,780,55,29297.5
20241228_lleida,cataluna,lleida,12,1,0,9.8,430,45,12591.0
20241228_valencia,valenciana,valencia,12,1,0,10.8,2650,65,89204.0
20241228_alicante,valenciana,alicante,12,1,0,9.4,1950,55,58491.1
20241228_castellon,valenciana,castellon,12,1,0,12.3,580,60,16077.7
20241228_a_coruna,galicia,a_coruna,12,1,0,9.5,1120,40,30106.9
20241228_pontevedra,galicia,pontevedra,12,1,0,8.8,945,45,27333.7
20241228_lugo,galicia,lugo,12,1,0,8.3,320,25,8168.0
20241228_ourense,galicia,ourense,12,1,0,7.0,305,25,8703.7
20241228_valladolid,castilla_y_leon,valladolid,12,1,0,-2.3,520,45,33273.0
20241228_leon,castilla_y_leon,leon,12,1,0,2.1,440,30,19613.0
20241228_burgos,castilla_y_leon,burgos,12,1,0,-0.5,360,40,21368.1
20241228_salamanca,castilla_y_leon,salamanca,12,1,0,-0.3,330,25,16892.9
20241228_palencia,castilla_y_leon,palencia,12,1,0,0.8,155,30,7319.1
20241228_zamora,castilla_y_leon,zamora,12,1,0,0.8,165,20,8138.2
20241228_avila,castilla_y_leon,avila,12,1,0,-0.1,155,20,7273.9
20241228_segovia,castilla_y_leon,segovia,12,1,0,2.1,150,20,5677.2
20241228_soria,castilla_y_leon,soria,12,1,0,-1.3,90,20,4400.0
20241228_vizcaya,pais_vasco,vizcaya,12,1,0,7.9,1150,85,48920.4
20241228_guipuzcoa,pais_vasco,guipuzcoa,12,1,0,6.5,715,80,34694.1
20241228_alava,pais_vasco,alava,12,1,0,5.7,335,70,15361.4
20241228_toledo,castilla_la_mancha,toledo,12,1,0,1.4,730,30,34178.5
20241228_ciudad_real,castilla_la_mancha,ciudad_real,12,1,0,3.8,485,25,18528.6
20241228_albacete,castilla_la_mancha,albacete,12,1,0,1.9,385,25,16130.6
20241228_cuenca,castilla_la_mancha,cuenca,12,1,0,1.7,195,15,7449.1
20241228_guadalajara,castilla_la_mancha,guadalajara,12,1,0,5.6,255,30,8487.5
20241228_las_palmas,canarias,las_palmas,12,1,0,15.2,1150,20,19174.2
20241228_santa_cruz_tenerife,canarias,santa_cruz_tenerife,12,1,0,14.9,1020,20,16666.0
20241228_zaragoza,aragon,zaragoza,12,1,0,4.4,980,50,39876.9
20241228_huesca,aragon,huesca,12,1,0,3.9,220,30,8425.2
20241228_teruel,aragon,teruel,12,1,0,2.7,130,20,4974.3
20241228_badajoz,extremadura,badajoz,12,1,0,4.6,670,22,23388.7
20241228_caceres,extremadura,caceres,12,1,0,5.0,390,18,11984.9
20241228_asturias,asturias,asturias,12,1,0,7.0,1010,45,36176.4
20241228_baleares,baleares,baleares,12,1,0,11.6,1200,15,20288.3
20241228_cantabria,cantabria,cantabria,12,1,0,9.1,580,35,14615.4
20241228_madrid_prov,madrid,madrid_prov,12,1,0,4.0,6700,55,312493.1
20241228_murcia,murcia,murcia,12,1,0,9.9,1550,40,43320.0
20241228_navarra,navarra,navarra,12,1,0,4.4,660,55,28815.3
20241228_la_rioja,la_rioja,la_rioja,12,1,0,2.8,320,40,14506.5
20241230_sevilla,andalucia,sevilla,12,0,0,7.6,1950,55,75782.4
20241230_malaga,andalucia,malaga,12,0,0,11.7,1700,40,42639.0
20241230_cadiz,andalucia,cadiz,12,0,0,9.3,1240,50,40984.5
20241230_cordoba,andalucia,cordoba,12,0,0,12.6,780,35,18702.1
20241230_granada,andalucia,granada,12,0,0,9.1,915,30,25257.2
20241230_jaen,andalucia,jaen,12,0,0,9.8,610,25,16361.7
20241230_almeria,andalucia,almeria,12,0,0,8.6,730,45,26434.0
20241230_huelva,andalucia,huelva,12,0,0,10.2,525,40,16239.2
20241230_barcelona,cataluna,barcelona,12,0,0,6.8,5700,85,298973.0
20241230_tarragona,cataluna,tarragona,12,0,0,7.0,830,70,41485.8
20241230_girona,cataluna,girona,12,0,0,7.5,780,55,31491.9
20241230_lleida,cataluna,lleida,12,0,0,6.6,430,45,16568.8
20241230_valencia,valenciana,valencia,12,0,0,10.1,2650,65,99854.5
20241230_alicante,valenciana,alicante,12,0,0,8.8,1950,55,71933.7
20241230_castellon,valenciana,castellon,12,0,0,10.0,580,60,20704.7
20241230_a_coruna,galicia,a_coruna,12,0,0,5.8,1120,40,43166.9
20241230_pontevedra,galicia,pontevedra,12,0,0,6.3,945,45,38463.6
20241230_lugo,galicia,lugo,12,0,0,6.9,320,25,10111.1
20241230_ourense,galicia,ourense,12,0,0,6.5,305,25,9976.6
20241230_valladolid,castilla_y_leon,valladolid,12,0,0,-0.7,520,45,36572.9
20241230_leon,castilla_y_leon,leon,12,0,0,1.5,440,30,22418.9
20241230_burgos,castilla_y_leon,burgos,12,0,0,0.4,360,40,19456.8
20241230_salamanca,castilla_y_leon,salamanca,12,0,0,0.2,330,25,16833.1
20241230_palencia,castilla_y_leon,palencia,12,0,0,1.2,155,30,8277.9
20241230_zamora,castilla_y_leon,zamora,12,0,0,1.3,165,20,8184.5
20241230_avila,castilla_y_leon,avila,12,0,0,0.1,155,20,7659.6
20241230_segovia,castilla_y_leon,segovia,12,0,0,2.3,150,20,6548.7
20241230_soria,castilla_y_leon,soria,12,0,0,0.5,90,20,4869.5
20241230_vizcaya,pais_vasco,vizcaya,12,0,0,7.5,1150,85,56040.8
20241230_guipuzcoa,pais_vasco,guipuzcoa,12,0,0,5.8,715,80,41448.0
20241230_alava,pais_vasco,alava,12,0,0,7.0,335,70,15544.8
20241230_toledo,castilla_la_mancha,toledo,12,0,0,4.3,730,30,31408.2
20241230_ciudad_real,castilla_la_mancha,ciudad_real,12,0,0,4.1,485,25,20157.9
20241230_albacete,castilla_la_mancha,albacete,12,0,0,4.0,385,25,15902.2
20241230_cuenca,castilla_la_mancha,cuenca,12,0,0,2.4,195,15,8740.3
20241230_guadalajara,castilla_la_mancha,guadalajara,12,0,0,1.6,255,30,12983.6
20241230_las_palmas,canarias,las_palmas,12,0,0,15.2,1150,20,21928.6
20241230_santa_cruz_tenerife,canarias,santa_cruz_tenerife,12,0,0,16.3,1020,20,19185.0
20241230_zaragoza,aragon,zaragoza,12,0,0,3.8,980,50,47333.0
20241230_huesca,aragon,huesca,12,0,0,3.3,220,30,10462.1
20241230_teruel,aragon,teruel,12,0,0,1.5,130,20,5713.6
20241230_badajoz,extremadura,badajoz,12,0,0,7.1,670,22,20934.8
20241230_caceres,extremadura,caceres,12,0,0,6.1,390,18,13182.7
20241230_asturias,asturias,asturias,12,0,0,6.6,1010,45,39118.5
20241230_baleares,baleares,baleares,12,0,0,9.8,1200,15,28110.4
20241230_cantabria,cantabria,cantabria,12,0,0,10.5,580,35,14774.1
20241230_madrid_prov,madrid,madrid_prov,12,0,0,2.7,6700,55,358757.6
20241230_murcia,murcia,murcia,12,0,0,12.2,1550,40,39452.1
20241230_navarra,navarra,navarra,12,0,0,2.9,660,55,34442.8
20241230_la_rioja,la_rioja,la_rioja,12,0,0,3.5,320,40,16041.5
