RecordID,weekly_sales,size,cpi,unemployment,temperature,fuel_price,dept,store,type,month
1,4524.05,202505,211.99,7.09,65.68,2.81,37,6,A,4
2,30175.46,126512,126.44,9.77,54.34,2.96,3,10,B,2
3,453.0,203750,211.0,8.2,87.01,2.65,54,31,A,6
4,19695.72,93188,129.9,6.62,21.07,3.28,74,17,B,12
5,16062.3,70713,191.92,8.82,17.3,3.05,46,7,B,2
6,17355.76,202307,211.26,8.1,88.7,2.66,25,2,A,8
7,111.65,39910,130.98,5.41,68.55,3.75,18,44,C,9
8,1029.6,151315,211.41,7.84,52.33,2.89,60,1,A,12
9,14749.31,196321,199.15,6.2,49.56,3.75,11,41,A,10
10,1758.86,203819,132.22,8.19,57.53,3.1,52,19,A,5
11,2060.28,42988,219.9,7.06,46.52,3.41,67,30,C,2
12,6915.46,196321,190.97,7.51,33.9,2.73,21,41,A,12
13,63686.12,196321,189.42,7.36,54.9,2.67,90,41,A,6
14,2616.45,158114,126.15,9.82,78.53,2.62,44,34,A,7
15,1451.0,37392,218.89,7.57,84.41,3.79,35,3,B,5
16,24264.4,112238,130.74,12.19,54.54,4.25,34,12,B,3
17,53511.32,152513,135.27,7.82,56.94,3.85,90,26,A,6
18,26681.21,203819,138.28,8.95,68.13,4.0,80,24,A,8
19,9978.34,206302,129.11,13.5,89.9,3.7,26,28,A,7
20,29.58,39910,126.15,7.8,71.33,2.8,85,44,C,7
21,48.0,37392,223.92,6.83,52.39,3.51,54,3,B,2
22,2520.37,57197,192.01,6.61,31.77,3.23,26,16,B,3
23,805.48,34875,221.8,5.94,63.55,3.73,31,5,B,3
24,28139.83,204184,136.63,8.02,70.19,2.84,81,27,A,10
25,15038.68,155083,138.12,4.12,55.78,3.75,82,40,A,6
26,22249.7,203750,221.68,6.56,85.55,3.57,10,31,A,8
27,9642.39,203742,204.67,7.86,67.32,2.81,3,20,A,6
28,466.4,205863,129.09,5.64,84.54,3.5,60,4,A,7
29,3753.29,200898,183.18,8.55,24.05,3.24,18,14,A,1
30,14.4,39690,126.1,9.5,90.82,3.09,9,33,A,9
31,25616.09,203750,217.33,7.44,65.46,3.37,1,31,A,10
32,6307.24,204184,135.52,8.24,36.0,2.91,32,27,A,2
33,1914.71,118221,187.26,8.62,70.66,3.64,52,45,B,9
34,7211.18,39910,210.13,8.36,81.88,2.6,97,36,A,7
35,65680.5,120653,131.86,9.2,47.55,2.83,2,18,B,3
36,12860.58,119557,136.46,8.43,76.35,2.79,81,22,B,7
37,3538.78,39690,130.89,7.4,90.94,4.1,82,33,A,6
38,17756.09,37392,214.55,7.35,82.2,2.67,40,3,B,7
39,25757.3,103681,141.55,8.74,49.6,3.86,34,35,B,3
40,17542.1,93188,131.12,6.24,47.69,3.84,16,17,B,4
41,3367.67,70713,196.17,8.51,12.19,3.17,71,7,B,12
42,1379.04,39910,210.18,8.48,52.88,2.94,5,37,C,12
43,21305.01,184109,219.32,7.24,61.1,3.56,5,39,A,2
44,23597.71,204184,140.53,7.91,41.59,3.59,11,27,A,12
45,14.74,39910,220.05,7.24,70.48,3.84,27,37,C,3
46,45644.04,202505,224.2,5.67,76.41,3.72,8,6,A,9
47,2494.65,152513,133.37,7.91,19.63,3.26,42,26,A,2
48,880.93,34875,216.3,6.53,89.18,3.52,21,5,B,8
49,32596.76,103681,136.69,8.76,52.82,2.92,13,35,B,10
50,1216.5,203819,133.74,8.25,39.51,3.75,50,24,A,3
51,7848.75,203742,214.65,7.14,74.15,3.51,20,20,A,6
52,4200.0,207499,218.68,7.57,76.64,3.74,36,11,A,4
53,2850.0,203819,138.83,8.69,60.35,4.15,58,24,A,10
54,1193.49,140167,215.45,7.85,91.94,3.53,19,21,B,9
55,9381.49,42988,215.51,7.85,78.87,3.55,8,30,C,9
56,5462.22,70713,189.66,8.96,41.89,2.76,12,7,B,4
57,709.0,155078,225.3,5.68,64.16,3.63,36,8,A,5
58,6329.51,39910,126.19,7.8,68.22,2.87,97,44,C,9
59,23168.9,39690,128.0,14.02,53.35,3.43,91,38,C,2
60,27961.11,207499,214.7,7.56,55.03,2.94,96,11,A,12
61,45127.78,219622,126.06,7.95,74.93,2.84,93,13,A,8
62,793.63,41062,210.31,10.15,47.49,3.17,16,43,C,12
63,16253.97,39910,214.17,8.18,83.31,3.65,2,37,C,7
64,8722.73,155078,222.47,6.12,30.51,3.16,17,8,A,12
65,1792.84,39910,214.3,8.18,86.71,3.68,67,37,C,8
66,3230.31,93188,130.07,6.62,26.73,3.12,33,17,B,12
67,120731.3,206302,126.98,14.31,52.02,3.24,72,28,A,12
68,33986.81,158114,130.68,9.28,74.02,3.22,40,34,A,7
69,21272.4,114533,135.45,4.58,65.65,3.82,90,23,B,7
70,29383.18,184109,215.45,8.18,81.51,3.36,46,39,A,9
71,2281.17,119557,140.59,7.71,36.28,3.4,36,22,B,12
72,1535.46,119557,141.63,7.5,54.68,3.89,19,22,B,3
73,7690.26,158114,129.08,10.58,61.47,3.88,98,34,A,5
74,365.26,37392,223.19,6.83,52.42,3.16,91,3,B,1
75,5801.56,39690,126.11,9.5,91.77,2.96,4,33,A,9
76,20813.9,203819,136.31,7.81,62.76,3.94,7,19,A,9
77,5020.32,219622,126.44,8.32,31.53,2.67,85,13,A,2
78,16777.53,202505,217.18,6.86,75.27,3.81,82,6,A,4
79,32670.15,206302,128.96,13.74,72.12,4.13,8,28,A,4
80,1147.57,39690,128.72,13.74,63.63,3.77,14,38,C,4
81,3464.92,112238,131.15,10.2,68.66,4.45,21,12,B,10
82,40924.31,200898,189.06,8.52,37.79,3.39,5,14,A,12
83,4045.32,158114,129.61,10.64,69.44,3.37,26,34,A,9
84,23303.48,103681,136.42,8.86,78.26,2.78,8,35,B,7
85,1646.7,41062,208.16,10.64,78.98,3.47,21,43,C,9
86,6877.12,203750,211.03,8.1,83.59,2.64,71,31,A,7
87,8765.94,70713,193.19,8.62,59.08,3.54,3,7,B,7
88,34259.73,155083,138.11,4.12,64.75,3.8,8,40,A,6
89,4968.43,203742,214.65,7.14,74.15,3.51,85,20,A,6
90,36661.45,219622,127.19,7.47,16.94,2.89,46,13,A,1
91,1265.59,37392,225.25,6.66,81.55,3.5,21,3,B,6
92,5736.23,39690,131.04,7.4,70.75,4.28,97,33,A,4
93,4503.58,93188,126.6,6.64,34.05,2.88,6,17,B,4
94,13299.01,123737,138.11,8.15,67.61,3.92,10,15,B,6
95,3303.07,128107,208.9,7.27,66.8,3.7,37,25,B,8
96,607.88,203742,204.39,8.19,22.12,2.77,28,20,A,2
97,822.5,125833,215.02,6.38,83.75,2.67,31,9,B,6
98,12116.03,151315,215.73,7.96,87.96,3.52,7,1,A,8
99,28548.55,125833,225.94,5.28,77.9,3.62,40,9,B,8
100,359.09,37392,214.7,7.56,57.16,2.89,56,3,B,12
101,307.62,39910,211.33,8.4,46.68,2.99,7,37,C,2
102,4738.19,203750,215.15,7.93,76.86,3.79,71,31,A,5
103,69315.67,119557,137.05,8.46,26.39,3.24,38,22,B,2
104,68.96,103681,142.25,8.84,78.95,3.52,94,35,B,7
105,56501.71,126512,129.0,8.49,73.38,4.15,13,10,B,4
106,39511.75,203742,210.55,7.08,53.69,3.57,80,20,A,10
107,4772.16,119557,137.05,8.46,26.39,3.24,20,22,B,2
108,2175.52,125833,214.93,6.56,49.7,2.87,52,9,B,12
109,15753.45,39690,129.82,7.87,55.28,3.68,4,42,C,11
110,34009.5,57197,196.95,6.16,26.21,3.13,40,16,B,2
111,30362.92,70713,194.11,8.62,54.56,3.54,92,7,B,8
112,24481.79,39910,218.05,7.72,55.41,3.1,93,36,A,12
113,2226.1,206302,126.15,14.18,90.37,3.1,52,28,A,7
114,13852.31,39690,126.98,9.0,57.06,3.24,13,42,C,12
115,57545.25,203750,211.61,8.16,58.71,2.69,94,31,A,11
116,22078.86,203819,132.63,8.1,72.71,2.92,80,19,A,8
117,11786.43,114533,132.75,5.29,50.75,2.78,55,23,B,10
118,6732.16,196321,192.01,7.24,34.99,3.23,67,41,A,3
119,2000.19,206302,129.04,13.74,86.84,3.94,85,28,A,6
120,34190.16,184109,210.24,8.48,50.81,2.84,79,39,A,12
121,4780.3,155078,224.84,5.82,52.9,3.79,33,8,A,3
122,6113.74,140167,214.93,7.85,89.16,3.48,32,21,B,7
123,5522.95,123737,132.98,8.07,39.63,3.06,90,15,B,11
124,5319.18,203007,195.18,8.51,48.87,3.55,71,32,A,10
125,247.0,39910,210.18,8.48,56.73,2.87,28,37,C,12
126,10597.84,158114,130.9,9.65,47.93,3.76,23,34,A,3
127,2348.56,151315,219.36,7.87,47.96,3.11,37,1,A,12
128,1798.0,202505,213.48,7.01,59.9,2.69,36,6,A,11
129,56075.28,155083,137.26,4.26,25.56,3.7,72,40,A,2
130,3899.77,140167,221.56,6.56,82.51,3.26,67,21,B,7
131,6240.01,37392,213.91,7.34,68.0,2.77,56,3,B,4
132,7940.92,119557,137.63,8.46,41.42,3.6,25,22,B,3
133,67805.67,202505,212.74,7.26,56.55,2.72,40,6,A,3
134,2238.0,123737,132.76,8.1,62.53,2.84,50,15,B,9
135,32642.16,155083,131.69,5.89,33.32,2.75,8,40,A,2
136,28563.53,123737,134.86,7.66,69.8,4.07,11,15,B,6
137,13819.74,39690,130.89,7.4,90.94,4.1,91,33,A,6
138,40.92,202505,222.24,6.13,59.17,3.56,54,6,A,2
139,263.94,114533,132.61,5.33,70.03,2.79,83,23,B,8
140,3586.0,103681,137.05,8.55,28.7,3.23,36,35,B,2
141,36087.9,202505,219.79,6.55,63.89,3.31,4,6,A,11
142,314.64,39910,126.67,7.61,28.22,2.83,3,44,C,11
143,19466.73,203742,214.02,6.96,53.73,3.86,25,20,A,3
144,20896.43,203819,132.72,8.1,74.69,2.86,34,19,A,9
145,16638.07,200898,186.51,8.62,72.98,3.75,98,14,A,8
146,163.5,70713,192.83,8.6,36.61,3.77,98,7,B,5
147,719.32,39690,129.33,13.5,93.66,3.8,87,38,C,9
148,296.93,39690,126.73,9.0,51.17,3.04,74,42,C,12
149,3167.91,57197,190.99,6.99,23.68,2.71,42,16,B,12
150,6205.0,207499,225.25,6.66,82.1,3.45,36,11,A,6
151,27114.1,93638,134.36,9.97,47.76,3.92,95,29,B,4
152,3897.51,125833,214.66,6.44,78.51,2.64,22,9,B,7
153,19.96,114533,132.72,5.33,72.91,2.74,45,23,B,9
154,2783.54,203007,193.31,8.62,70.55,3.53,30,32,A,7
155,409.48,39910,221.46,6.62,75.98,3.71,7,36,A,9
156,63505.0,203007,196.87,8.26,35.89,3.03,38,32,A,2
157,101503.1,103681,137.63,8.55,43.64,3.58,72,35,B,3
158,14145.72,128107,204.63,7.48,21.6,3.14,3,25,B,12
159,506.46,158114,130.83,9.58,76.48,3.37,31,34,A,6
160,11632.74,140167,210.68,8.32,51.66,2.73,82,21,B,3
161,2923.99,93188,128.26,6.87,24.21,3.23,20,17,B,3
162,4029.63,203007,189.49,9.02,74.74,2.73,24,32,A,7
163,33725.68,119557,142.94,7.54,54.18,4.03,4,22,B,10
164,45522.98,205863,126.55,7.13,52.65,2.74,7,4,A,11
165,26240.27,203819,132.11,8.19,62.54,3.1,23,19,A,5
166,2194.82,123737,133.03,7.77,21.84,3.39,30,15,B,1
167,43730.97,203819,132.76,8.12,64.3,2.84,40,24,A,9
168,11289.52,203819,138.83,8.69,52.59,4.15,18,24,A,10
169,21594.62,112238,129.15,13.5,91.17,3.79,5,12,B,7
170,33720.04,118221,191.17,8.68,79.97,3.52,8,45,B,7
171,5005.0,126512,131.11,6.94,76.03,4.47,48,10,B,10
172,46828.48,114533,136.05,4.58,69.53,3.9,23,23,B,8
173,8707.85,200898,188.5,8.52,50.19,3.45,42,14,A,12
174,7458.4,93638,131.59,10.06,28.14,2.77,82,29,B,2
175,26987.84,184109,219.97,7.24,67.91,3.79,96,39,A,3
176,457.39,39690,130.76,7.17,90.78,3.81,10,42,C,8
177,12419.92,205863,129.83,5.14,50.44,3.29,33,4,A,11
178,18425.62,206302,130.83,11.63,85.94,4.14,82,28,A,6
179,6075.14,207499,218.89,7.57,85.61,3.79,21,11,A,5
180,796.0,125833,214.76,6.42,53.15,2.72,27,9,B,3
181,151.0,119557,136.35,8.35,74.37,2.81,54,22,B,6
182,3262.43,203750,211.66,8.16,60.95,2.73,37,31,A,11
183,922.04,37392,218.46,7.57,72.55,3.62,18,3,B,4
184,32431.7,205863,131.15,4.31,67.64,3.68,16,4,A,5
185,40187.84,202505,225.07,5.33,72.34,3.51,87,6,A,10
186,2400.16,39690,129.05,8.69,82.93,3.89,1,33,A,6
187,8632.0,39690,130.35,12.19,50.58,3.7,1,38,C,2
188,1901.87,155078,223.24,5.82,43.47,3.16,52,8,A,1
189,1239.21,34875,222.63,5.6,87.52,3.57,20,5,B,8
190,246.5,39910,210.77,8.48,61.97,2.7,26,36,A,11
191,434.0,93188,129.79,6.62,41.89,3.57,48,17,B,10
192,14782.23,128107,214.73,7.28,74.32,3.57,1,25,B,7
193,3247.31,125833,225.63,5.28,84.15,3.23,21,9,B,7
194,430.0,39910,213.81,8.3,69.39,3.64,5,36,A,4
195,333.0,39910,131.15,5.22,52.06,3.78,60,44,C,10
196,10186.64,93638,132.82,10.52,50.24,2.92,46,29,B,10
197,130.86,155083,138.91,4.14,47.35,4.03,59,40,A,10
198,2337.61,126512,126.49,9.0,71.04,3.01,28,10,B,11
199,98.0,200898,182.78,8.72,46.15,3.04,19,14,A,11
200,13346.73,125833,214.78,6.44,78.55,2.67,79,9,B,7
201,21298.43,203742,208.96,7.29,62.26,4.07,14,20,A,5
202,3499.95,118221,185.53,8.52,53.69,3.82,18,45,B,4
203,23607.73,151315,215.8,7.68,64.61,3.91,11,1,A,5
204,2700.66,205863,131.15,3.88,64.46,3.61,31,4,A,10
205,11870.34,202307,218.36,7.44,48.74,3.17,26,2,A,12
206,8319.46,57197,195.03,6.23,39.97,3.49,74,16,B,10
207,8406.9,207499,219.02,7.57,89.51,3.55,32,11,A,8
208,184.5,37392,214.68,7.37,53.04,2.62,36,3,B,3
209,10106.48,206302,126.61,14.31,58.18,3.16,87,28,A,11
210,1673.95,34875,216.05,6.53,89.42,3.68,32,5,B,7
211,3972.59,203007,190.36,9.02,70.2,2.77,44,32,A,9
212,29058.28,202505,217.18,6.86,75.27,3.81,23,6,A,4
213,7456.43,39910,127.44,7.22,34.8,2.93,81,44,C,1
214,9485.01,206302,129.9,12.89,43.29,3.6,49,28,A,12
215,472.67,206302,129.07,13.74,88.95,3.9,28,28,A,6
216,13224.92,203750,223.08,6.17,70.5,3.51,87,31,A,10
217,771.0,151315,211.35,8.11,46.5,2.62,48,1,A,3
218,17824.37,151315,211.34,7.81,84.34,2.65,82,1,A,6
219,11517.66,151315,221.92,6.91,77.12,3.26,98,1,A,7
220,29.95,155083,138.03,4.12,44.47,3.99,18,40,A,5
221,135.03,39690,126.6,13.98,50.11,2.92,85,38,C,3
222,5704.38,155078,215.55,6.26,39.26,3.01,22,8,A,1
223,153.33,103681,136.97,8.55,23.64,3.24,56,35,B,1
224,3440.84,34875,218.09,6.3,66.9,3.35,34,5,B,10
225,8249.68,140167,220.07,7.06,45.03,3.51,33,21,B,2
226,237.6,34875,210.94,6.46,67.53,2.78,60,5,B,4
227,15909.44,202505,213.33,7.01,68.93,2.72,82,6,A,10
228,10752.35,93188,126.88,6.88,25.13,2.84,26,17,B,12
229,81.48,114533,132.98,5.29,35.59,2.96,80,23,B,11
230,33434.52,155083,137.98,4.12,47.51,4.02,40,40,A,4
231,11836.32,151315,211.22,8.11,54.58,2.72,56,1,A,3
232,19363.9,155083,133.18,5.11,13.29,3.24,5,40,A,2
233,133.44,39910,126.15,7.8,71.33,2.8,10,44,C,7
234,3832.99,202307,215.28,7.93,69.21,3.81,52,2,A,4
235,3831.87,203819,132.88,8.25,30.72,3.35,32,24,A,1
236,68.91,41062,206.94,10.58,88.3,3.59,52,43,C,6
237,11943.48,205863,126.55,8.62,41.36,2.59,16,4,A,2
238,35344.91,158114,126.23,10.21,70.13,2.62,2,34,A,10
239,513.22,140167,217.33,7.44,65.46,3.37,56,21,B,10
240,55985.5,39910,214.36,8.3,76.1,3.81,92,37,C,4
241,2766.48,119557,142.94,7.54,54.18,4.03,93,22,B,10
242,17680.17,41062,213.93,9.28,73.03,3.72,40,43,C,9
243,612.74,37392,214.7,7.55,53.35,2.98,87,3,B,1
244,574.47,155078,223.8,5.82,35.71,3.41,41,8,A,2
245,62895.24,155083,136.21,4.58,65.01,3.8,90,40,A,8
246,25502.01,39910,126.49,7.61,49.96,2.83,95,44,C,11
247,1413.0,93638,131.69,10.06,35.98,2.75,27,29,B,2
248,1194.84,39690,129.69,7.87,75.01,3.83,14,42,C,10
249,77093.57,219622,126.53,8.32,35.7,2.65,38,13,A,2
250,12281.79,126512,126.33,9.0,75.48,3.08,67,10,B,10
251,27.83,39910,126.29,7.97,44.42,2.95,32,44,C,5
252,1968.5,118221,186.8,8.62,69.17,3.74,31,45,B,9
253,9910.9,93188,127.86,6.87,14.19,3.03,87,17,B,2
254,6719.35,203819,136.47,7.87,48.21,3.72,42,19,A,11
255,38358.6,205863,129.37,5.64,73.34,3.55,10,4,A,9
256,354.24,118221,182.92,8.55,30.55,3.23,59,45,B,1
257,9220.69,112238,129.52,13.5,82.95,3.79,17,12,B,9
258,12537.73,196321,190.33,7.34,70.59,2.73,16,41,A,8
259,2350.72,203819,138.13,8.15,68.19,3.79,37,19,A,6
260,6780.95,203750,214.94,7.93,71.01,3.74,49,31,A,4
261,10347.25,207499,214.56,7.35,84.57,2.61,25,11,A,7
262,8804.18,128107,214.57,7.14,68.34,3.62,17,25,B,6
263,48126.77,140167,221.59,6.56,91.57,3.42,2,21,B,8
264,16280.71,125833,214.93,6.56,49.7,2.87,82,9,B,12
265,7471.54,118221,191.16,8.68,76.58,3.65,25,45,B,8
266,10028.46,203742,208.56,7.29,69.12,3.98,3,20,A,5
267,10498.09,203742,216.15,7.29,60.04,3.88,32,20,A,10
268,226.0,103681,135.52,9.26,36.0,2.75,54,35,B,2
269,11607.19,204184,136.08,8.06,63.31,3.1,20,27,A,5
270,1645.8,202307,210.48,8.2,63.27,2.72,41,2,A,4
271,8391.08,37392,218.55,7.57,85.1,3.52,8,3,B,7
272,590.5,155078,224.84,5.82,52.9,3.79,41,8,A,3
273,18268.78,151315,211.35,8.11,46.5,2.62,14,1,A,3
274,24284.65,93638,133.26,10.26,28.89,3.26,1,29,B,2
275,8778.65,114533,132.15,5.44,45.33,2.98,44,23,B,5
276,1804.28,37392,225.18,6.66,79.51,3.75,21,3,B,5
277,15369.07,126512,129.05,8.49,81.87,3.89,26,10,B,6
278,6422.71,112238,129.17,13.5,93.29,3.8,42,12,B,7
279,15190.84,158114,126.33,10.21,59.57,2.73,10,34,A,10
280,6031.86,202307,222.82,6.17,70.27,3.62,33,2,A,10
281,988.51,202505,224.06,5.67,86.33,3.73,56,6,A,9
282,38543.67,203819,133.61,8.25,31.36,3.6,5,24,A,3
283,11268.57,126512,129.83,7.87,58.97,3.67,67,10,B,11
284,26668.99,158114,126.88,10.21,42.64,2.88,82,34,A,12
285,12074.83,207499,224.13,6.83,61.11,3.56,49,11,A,2
286,142.06,57197,198.59,6.06,51.4,3.79,96,16,B,9
287,5391.24,41062,209.87,10.15,57.75,3.31,1,43,C,11
288,458.18,39910,220.63,6.62,85.56,3.4,67,36,A,8
289,32338.92,126512,129.33,8.26,91.61,3.8,11,10,B,9
290,10.1,219622,130.93,5.76,70.65,3.69,99,13,A,9
291,10760.88,152513,138.13,7.49,57.84,3.68,56,26,A,6
292,60586.61,205863,129.07,5.95,81.85,3.57,93,4,A,6
293,4722.52,93638,134.94,9.97,69.53,3.92,26,29,B,6
294,11984.14,184109,214.79,8.18,83.11,3.53,80,39,A,9
295,70354.84,152513,132.22,8.51,50.81,2.96,95,26,A,5
296,52724.84,196321,199.22,6.2,41.8,3.69,38,41,A,10
297,1649.06,203007,197.66,8.09,61.76,3.93,19,32,A,4
298,158419.86,203742,215.22,7.28,76.36,3.91,95,20,A,9
299,2884.08,120653,134.28,8.98,49.91,3.82,19,18,B,4
300,1874.74,155083,133.85,5.11,35.76,3.63,71,40,A,3
301,19147.78,202505,215.36,6.86,60.45,3.29,11,6,A,3
302,20866.43,114533,138.03,4.12,45.88,3.99,11,23,B,5
303,21741.23,120653,136.5,8.47,55.83,3.62,46,18,B,10
304,4290.0,203819,138.26,8.95,75.36,3.69,36,24,A,7
305,2872.65,37392,214.2,7.34,78.6,2.76,42,3,B,5
306,7642.79,42988,211.01,8.32,48.61,2.62,46,30,C,3
307,63138.69,200898,190.69,8.57,49.73,4.0,13,14,A,4
308,10563.34,37392,216.27,7.55,43.57,3.02,13,3,B,2
309,5596.49,203007,197.55,8.09,55.4,3.87,49,32,A,5
310,2741.33,120653,132.6,9.34,75.79,2.79,52,18,B,7
311,395.34,155078,218.83,6.42,85.46,3.65,27,8,A,7
312,25130.29,202307,210.89,8.1,87.66,2.61,80,2,A,7
313,68504.51,93188,126.44,6.88,39.87,2.84,38,17,B,10
314,26.5,39690,130.96,7.38,80.06,4.28,28,42,C,6
315,34651.29,203742,212.4,7.08,36.35,3.39,79,20,A,12
316,7881.68,203819,136.5,8.45,42.3,3.63,29,24,A,12
317,71347.16,125833,215.16,6.44,86.3,2.66,38,9,B,8
318,2864.27,42988,214.49,7.93,56.36,3.52,98,30,C,4
319,31185.34,202307,211.3,8.1,89.05,2.69,23,2,A,8
320,12010.86,39910,216.72,7.72,63.5,3.25,2,36,A,11
321,3623.04,158114,130.74,9.28,78.93,3.37,32,34,A,8
322,132.0,37392,214.57,7.37,47.93,2.55,60,3,B,2
323,1591.26,70713,198.1,7.87,59.27,3.56,93,7,B,8
324,31070.98,204184,140.43,7.91,44.46,3.74,7,27,A,11
325,7904.13,203742,204.53,8.19,43.82,2.82,24,20,A,3
326,39198.76,119557,138.86,8.25,69.53,3.92,72,22,B,6
327,43116.15,184109,209.94,8.46,79.83,2.7,46,39,A,6
328,46693.91,203819,136.47,8.45,53.87,3.78,72,24,A,10
329,23227.31,203007,198.13,7.87,64.05,3.66,8,32,A,9
330,3484.59,70713,196.55,8.26,18.67,3.1,44,7,B,1
331,21998.21,205863,131.13,4.31,76.47,3.81,80,4,A,4
332,25499.98,118221,191.03,8.57,71.93,3.62,4,45,B,6
333,245.96,57197,192.34,6.34,38.04,3.53,28,16,B,4
334,3.67,39690,128.62,14.02,54.4,3.91,44,38,C,3
335,5.97,207499,223.56,6.83,58.36,3.29,45,11,A,1
336,183304.88,202307,212.22,8.03,38.25,2.99,92,2,A,2
337,1026.0,219622,130.72,5.76,79.23,3.63,60,13,A,7
338,49711.13,219622,126.61,8.32,42.49,2.78,1,13,A,3
339,45.05,41062,211.07,10.15,41.83,3.13,25,43,C,12
340,29167.33,203819,137.87,8.15,44.42,4.19,13,19,A,4
341,3419.32,34875,212.2,6.5,87.41,2.69,42,5,B,8
342,8547.71,37392,224.87,6.83,69.36,3.84,4,3,B,3
343,1920.0,203819,132.44,8.19,61.64,2.97,58,19,A,6
344,236.12,39910,210.21,8.46,82.3,2.62,21,36,A,6
345,44302.87,206302,130.83,11.63,85.94,4.14,40,28,A,6
346,12388.66,39910,209.79,8.55,55.76,2.71,13,36,A,3
347,7571.59,219622,130.89,5.76,79.18,3.62,12,13,A,8
348,27824.48,151315,211.96,7.84,58.74,2.69,96,1,A,11
349,13606.45,200898,181.76,8.9,65.45,2.87,83,14,A,4
350,66.06,41062,203.48,9.82,80.32,2.62,72,43,C,8
351,28179.72,219622,126.28,7.8,63.03,2.84,18,13,A,10
352,7527.21,203750,215.45,7.85,91.94,3.53,83,31,A,9
353,5573.94,158114,126.44,9.52,35.44,2.6,32,34,A,2
354,2090.0,200898,192.33,8.67,56.47,3.97,50,14,A,10
355,5193.21,202307,210.56,8.2,81.13,2.76,37,2,A,5
356,5534.38,126512,126.28,9.0,77.04,2.92,97,10,B,10
357,24490.83,114533,132.11,5.44,61.04,2.98,1,23,B,5
358,10952.9,203819,136.18,7.81,71.14,3.94,67,19,A,8
359,26.52,57197,197.62,6.17,58.97,3.76,98,16,B,6
360,13388.87,120653,132.68,9.33,25.64,3.13,67,18,B,12
361,1159.65,39690,130.31,7.54,53.59,3.68,21,42,C,1
362,19849.01,57197,193.91,6.34,63.96,3.55,46,16,B,8
363,17345.59,184109,209.12,8.46,74.86,2.84,82,39,A,5
364,8975.4,39690,128.0,14.02,53.35,3.43,97,38,C,2
365,11205.09,118221,182.08,8.99,34.89,2.75,82,45,B,2
366,2564.45,152513,132.92,8.15,36.73,3.03,6,26,A,11
367,4383.34,196321,190.26,7.34,70.24,2.72,29,41,A,8
368,56478.84,203819,132.76,8.07,51.32,3.0,91,19,A,10
369,10419.34,39910,211.7,8.4,41.16,3.01,4,36,A,2
370,36591.28,39690,129.81,7.87,68.57,3.83,38,42,C,11
371,65509.59,118221,185.75,8.52,76.38,3.92,95,45,B,6
372,35979.45,219622,130.68,5.76,83.68,3.6,1,13,A,7
373,91393.45,203819,134.07,7.66,30.68,3.81,95,19,A,4
374,67.72,39690,130.93,10.93,88.52,4.12,28,38,C,9
375,2132.62,70713,198.59,7.87,50.64,3.79,41,7,B,9
376,12829.58,184109,217.88,7.72,58.58,3.16,80,39,A,12
377,88.0,204184,140.48,7.91,64.78,3.74,60,27,A,10
378,611.61,37392,225.18,6.66,79.51,3.75,19,3,B,5
379,7443.76,37392,225.35,6.66,86.42,3.29,79,3,B,6
380,715.0,155078,225.49,5.4,79.94,3.31,58,8,A,7
381,55.88,123737,136.47,7.87,46.53,3.72,80,15,B,11
382,15702.13,39690,126.15,9.2,91.8,2.97,8,42,C,7
383,5710.07,203750,212.59,8.03,34.61,3.02,33,31,A,2
384,12485.24,155078,214.83,6.29,78.79,2.64,82,8,A,6
385,54985.59,203819,131.86,8.35,39.07,2.96,5,19,A,3
386,6441.02,206302,131.08,10.2,81.61,3.97,33,28,A,10
387,21067.08,184109,214.42,8.18,87.93,3.55,81,39,A,8
388,73524.79,200898,185.94,8.52,58.21,4.05,40,14,A,5
389,2269.15,204184,140.33,7.85,63.61,3.9,56,27,A,9
390,1868.35,125833,217.4,6.42,60.67,3.29,33,9,B,3
391,4912.37,125833,227.23,4.95,69.52,3.51,17,9,B,10
392,20889.9,93188,126.38,6.64,43.82,2.94,16,17,B,4
393,35092.67,203007,196.78,8.26,36.86,3.06,72,32,A,1
394,59039.88,39690,130.76,7.38,91.36,3.88,95,42,C,6
395,2197.52,112238,127.86,14.02,51.3,3.38,97,12,B,2
396,25.92,39910,210.44,8.48,74.66,2.57,9,36,A,10
397,13726.46,207499,224.72,6.83,64.21,3.73,26,11,A,3
398,27907.39,155078,218.73,6.3,63.55,3.74,93,8,A,4
399,17433.16,112238,130.74,10.93,88.16,3.76,14,12,B,8
400,4565.58,184109,220.43,6.99,72.36,3.63,30,39,A,5
401,5757.72,207499,215.51,7.55,51.04,3.01,33,11,A,1
402,4108.87,203742,204.61,7.53,76.03,2.78,83,20,A,7
403,49448.06,126512,126.61,9.77,60.05,2.98,16,10,B,3
404,4318.6,37392,220.09,7.57,82.58,3.36,3,3,B,9
405,770.27,93638,133.03,10.26,26.8,3.23,52,29,B,1
406,12245.53,152513,132.55,8.44,71.08,2.81,46,26,A,7
407,3021.0,103681,135.96,9.05,69.02,2.97,58,35,B,5
408,4939.08,39910,219.97,7.24,69.18,3.79,98,37,C,3
409,16578.33,114533,136.42,4.58,64.76,3.68,96,23,B,9
410,268.37,39690,130.83,11.63,85.94,4.14,74,38,C,6
411,178.0,203819,132.15,8.21,51.31,3.11,54,24,A,5
412,10869.72,93188,126.15,6.7,58.53,2.88,87,17,B,9
413,29238.49,119557,140.44,7.71,49.31,3.6,5,22,B,10
414,15265.93,219622,131.11,5.62,55.1,3.8,67,13,A,10
415,18534.4,151315,210.44,7.81,64.84,2.8,7,1,A,4
416,4426.77,203819,136.49,8.45,47.21,3.67,71,24,A,12
417,9926.76,123737,136.21,7.81,69.19,3.91,82,15,B,8
418,8793.47,207499,213.67,7.34,71.13,2.78,29,11,A,4
419,324.0,39690,130.96,11.63,78.11,4.28,60,38,C,6
420,2240.87,125833,214.91,6.42,48.43,2.62,81,9,B,3
421,220.22,42988,211.27,8.16,50.43,2.71,10,30,C,12
422,6993.82,202307,220.28,7.06,54.63,3.56,44,2,A,2
423,3872.61,93188,126.58,6.55,31.58,2.68,24,17,B,3
424,27448.1,200898,182.03,8.99,31.27,2.74,55,14,A,2
425,7730.97,204184,142.19,8.24,75.22,3.82,55,27,A,8
426,77269.72,203742,214.74,7.28,74.6,3.65,8,20,A,7
427,15693.64,118221,182.99,8.72,46.14,2.93,81,45,B,11
428,8216.17,93638,132.82,10.52,50.24,2.92,82,29,B,10
429,6214.84,41062,206.23,10.4,68.98,3.49,1,43,C,3
430,3407.11,39910,126.23,7.61,68.74,2.85,82,44,C,10
431,61264.96,126512,126.29,9.52,71.06,3.13,23,10,B,5
432,2417.24,184109,220.43,6.99,80.33,3.5,31,39,A,6
433,12045.94,184109,209.22,8.46,67.64,2.8,56,39,A,4
434,23715.41,203819,138.83,8.69,52.59,4.15,81,24,A,10
435,15796.63,70713,195.98,8.51,15.2,3.27,13,7,B,12
436,18052.75,219622,130.74,6.1,38.24,3.38,34,13,A,3
437,24695.49,70713,192.85,8.6,53.3,3.74,92,7,B,6
438,1703.34,39690,129.04,8.49,87.96,3.94,67,42,C,6
439,9748.5,200898,182.16,8.99,45.8,2.82,30,14,A,3
440,4017.0,204184,135.71,8.24,52.34,2.96,35,27,A,3
441,26291.65,203742,208.32,7.29,55.0,3.82,82,20,A,4
442,58301.62,207499,225.25,6.66,81.67,3.5,72,11,A,6
443,7653.56,34875,217.61,6.3,71.64,3.28,5,5,B,10
444,3.0,41062,203.06,9.82,81.52,2.64,31,43,C,7
445,29614.68,39910,219.74,7.24,63.19,3.65,90,36,A,3
446,7902.75,219622,129.83,6.39,40.65,3.49,42,13,A,11
447,1319.65,37392,225.25,6.66,78.58,3.56,21,3,B,5
448,12305.43,118221,185.97,8.52,62.28,4.06,79,45,B,5
449,2741.47,158114,130.72,9.28,77.95,3.19,6,34,A,7
450,2190.14,120653,133.03,9.13,22.55,3.23,52,18,B,1
451,38209.59,204184,142.86,8.0,56.53,4.15,1,27,A,10
452,1715.0,158114,126.28,10.21,65.21,2.64,58,34,A,10
453,125.9,41062,202.84,9.59,62.19,2.72,12,43,C,4
454,13835.51,39910,210.21,8.46,84.37,2.57,13,36,A,6
455,23895.71,202505,212.98,7.09,83.89,2.64,34,6,A,6
456,8968.9,203007,189.67,9.01,37.72,2.62,22,32,A,3
457,4760.64,118221,190.81,8.57,63.13,4.03,67,45,B,4
458,39.76,39910,210.18,8.48,56.73,2.85,20,36,A,12
459,278.56,39910,210.65,8.48,56.73,2.74,3,36,A,11
460,22935.77,155083,138.13,4.12,63.39,3.68,10,40,A,6
461,12727.32,200898,182.67,8.74,68.59,2.71,18,14,A,9
462,3689.77,39910,128.96,6.91,47.55,3.66,98,44,C,4
463,56014.72,112238,129.43,13.5,76.36,3.92,38,12,B,9
464,15456.03,39910,126.11,7.8,65.74,2.87,40,44,C,9
465,4088.4,196321,196.87,6.59,31.65,3.03,44,41,A,2
466,33852.2,155083,138.19,4.16,69.41,3.84,38,40,A,8
467,4580.39,123737,138.11,8.15,58.84,4.03,26,15,B,5
468,5237.5,206302,129.81,12.89,59.77,3.83,58,28,A,11
469,19845.93,203742,213.27,6.96,31.11,3.7,34,20,A,2
470,59574.0,42988,215.14,7.85,91.56,3.68,38,30,C,7
471,13634.24,200898,182.67,8.72,40.93,3.05,67,14,A,12
472,16063.01,39690,129.0,13.74,68.27,4.15,40,38,C,4
473,8688.15,155083,137.26,4.26,25.56,3.7,22,40,A,2
474,7412.34,196321,189.38,7.54,30.27,2.58,98,41,A,2
475,65012.25,158114,126.33,10.21,59.57,2.73,95,34,A,10
476,107360.49,126512,128.91,8.49,61.05,4.09,2,10,B,4
477,7089.08,123737,137.34,7.94,33.18,3.92,3,15,B,2
478,3314.23,34875,222.55,5.6,86.96,3.49,42,5,B,8
479,15700.06,203819,138.11,8.98,71.79,3.92,25,24,A,6
480,105780.82,202505,221.13,6.55,46.8,3.13,72,6,A,12
481,13185.55,120653,137.98,8.3,50.43,4.02,81,18,B,4
482,13056.58,204184,137.96,7.72,37.27,3.81,55,27,A,4
483,2399.71,205863,129.2,5.64,82.98,3.62,27,4,A,8
484,2372.67,207499,217.72,7.55,70.17,3.49,27,11,A,3
485,52895.53,203819,134.86,8.21,73.12,4.07,11,24,A,6
486,4958.09,204184,136.83,8.02,45.9,3.06,16,27,A,11
487,65.63,39690,129.18,8.44,96.93,3.8,24,33,A,8
488,4089.94,103681,138.5,8.51,60.07,4.07,35,35,B,5
489,334.4,112238,127.3,14.02,43.15,3.31,60,12,B,1
490,9002.5,125833,224.37,5.67,53.67,3.56,46,9,B,2
491,8459.66,151315,211.6,7.79,86.65,2.66,31,1,A,8
492,2561.23,155078,214.59,6.32,74.78,2.67,37,8,A,7
493,38662.79,203750,211.0,8.2,87.01,2.65,72,31,A,6
494,12647.1,196321,191.0,7.51,46.74,2.73,11,41,A,11
495,5370.72,93638,134.59,9.97,57.71,4.09,22,29,B,5
496,3637.85,39910,210.39,8.36,86.06,2.64,8,36,A,8
497,10178.1,155078,214.98,6.32,79.36,2.66,24,8,A,8
498,10780.49,41062,207.25,10.64,88.58,3.65,79,43,C,7
499,230.33,57197,191.86,6.61,15.02,3.04,56,16,B,2
500,1318.75,93188,126.16,6.64,48.19,2.91,27,17,B,5
501,25704.37,119557,137.38,8.46,30.23,3.28,5,22,B,2
502,6550.74,120653,138.83,8.24,51.96,4.0,55,18,B,10
503,25.0,41062,203.52,9.82,77.42,2.62,32,43,C,9
504,10048.27,57197,196.17,6.23,20.79,3.17,85,16,B,12
505,5435.86,203007,196.96,8.26,39.9,3.29,71,32,A,3
506,122.91,70713,198.1,7.87,59.66,3.54,35,7,B,8
507,4550.72,70713,190.33,9.02,57.57,2.73,25,7,B,8
508,1291.76,158114,126.11,9.82,72.26,2.65,31,34,A,7
509,6951.86,39910,216.56,7.72,58.97,3.29,91,36,A,11
510,2978.01,205863,131.11,3.88,57.11,3.6,27,4,A,10
511,301.65,203819,133.11,8.25,17.91,3.4,56,24,A,1
512,16627.73,203007,190.29,9.02,71.46,2.73,23,32,A,8
513,10534.81,206302,126.38,14.31,68.85,3.01,98,28,A,10
514,517.6,196321,198.08,6.43,71.73,3.51,59,41,A,8
515,1368.0,70713,189.47,8.96,46.6,2.78,33,7,B,5
516,10595.34,93638,132.61,10.41,74.37,2.79,90,29,B,8
517,406.5,119557,140.44,7.71,45.35,3.47,98,22,B,12
518,461.53,155083,136.96,4.26,22.91,3.57,56,40,A,1
519,871.2,219622,126.14,8.11,59.85,2.87,60,13,A,6
520,2294.9,103681,140.44,8.74,51.81,3.57,83,35,B,10
521,1625.85,37392,218.68,7.57,75.88,3.74,18,3,B,4
522,4114.13,118221,182.05,8.9,69.27,2.9,21,45,B,5
523,29774.75,202307,215.32,7.85,89.86,3.55,79,2,A,8
524,6565.06,207499,214.98,7.56,75.11,2.6,29,11,A,10
525,226.41,203819,136.24,8.36,68.14,3.88,59,24,A,9
526,214.18,128107,214.73,7.28,74.32,3.57,83,25,B,7
527,17733.28,93188,126.15,6.7,62.41,2.8,10,17,B,7
528,15824.24,206302,126.1,14.18,83.12,3.09,1,28,A,9
529,188.87,41062,203.05,9.82,84.17,2.62,42,43,C,7
530,12525.38,39690,131.12,7.38,67.75,4.11,79,42,C,4
531,6942.8,203819,131.94,8.21,62.06,2.99,32,24,A,4
532,3741.83,196321,189.38,7.54,30.27,2.58,42,41,A,2
533,17791.32,112238,126.06,14.18,87.01,3.16,25,12,B,8
534,411.62,41062,203.78,10.21,69.46,2.72,74,43,C,10
535,12453.03,204184,137.14,7.83,30.45,3.42,55,27,A,2
536,7788.63,37392,215.89,7.55,45.95,2.99,55,3,B,2
537,4315.08,128107,208.8,7.29,49.5,4.05,55,25,B,5
538,1672.84,42988,211.49,8.03,42.72,3.02,21,30,C,1
539,9327.63,203750,215.26,7.85,92.32,3.64,87,31,A,8
540,78383.1,41062,213.8,9.28,84.99,3.73,95,43,C,9
541,35255.0,119557,136.29,8.35,65.01,2.83,23,22,B,6
542,61207.75,155078,224.4,5.82,50.95,3.63,92,8,A,3
543,6714.4,140167,217.49,7.44,56.01,3.33,17,21,B,11
544,7908.95,126512,129.9,7.87,50.53,3.49,59,10,B,12
545,2731.26,155078,214.75,6.43,45.03,2.87,27,8,A,12
546,22581.41,152513,136.18,7.77,60.58,3.82,80,26,A,8
547,1056.34,39910,210.24,8.48,51.83,2.84,18,37,C,12
548,6421.34,203750,214.7,7.93,84.71,3.65,32,31,A,6
549,12492.55,155078,216.63,6.26,50.64,3.04,18,8,A,2
550,36347.07,152513,138.65,7.4,52.68,4.06,94,26,A,9
551,17371.72,39910,221.66,6.62,79.49,3.67,4,37,C,9
552,8514.83,203007,198.08,7.87,75.93,3.51,22,32,A,8
553,556.63,39910,219.74,7.24,63.19,3.67,7,37,C,3
554,1078.6,125833,225.7,5.28,86.41,3.41,41,9,B,7
555,15490.31,93638,134.94,9.97,69.53,3.92,9,29,B,6
556,15.0,39690,130.83,7.38,88.58,4.14,32,42,C,6
557,14203.33,42988,211.06,8.16,47.19,2.94,4,30,C,12
558,8975.09,206302,131.15,11.63,77.27,4.19,3,28,A,5
559,1095.0,203007,192.06,8.82,36.51,3.37,41,32,A,3
560,128044.23,204184,139.18,7.72,72.02,3.96,95,27,A,6
561,8247.45,112238,130.93,10.93,88.52,4.12,32,12,B,9
562,5.88,37392,226.32,6.33,72.78,3.72,54,3,B,9
563,80391.14,203742,208.59,7.27,78.89,3.81,2,20,A,7
564,6653.37,203819,132.02,8.19,46.87,3.02,49,19,A,4
565,3057.32,34875,222.63,5.6,87.52,3.57,81,5,B,8
566,110.0,114533,131.9,5.44,40.5,2.83,98,23,B,4
567,617.07,39910,129.0,6.91,43.85,3.68,7,44,C,4
568,606.38,34875,218.79,6.3,64.33,3.31,97,5,B,11
569,2958.19,118221,191.02,8.57,64.3,3.69,44,45,B,6
570,40285.43,203819,135.08,8.21,64.34,3.99,2,24,A,6
571,361.5,34875,220.57,5.94,54.65,3.27,41,5,B,1
572,2504.63,125833,223.71,5.67,51.56,3.27,67,9,B,1
573,3651.05,140167,210.1,8.2,64.21,2.8,81,21,B,4
574,24514.33,204184,142.08,8.25,58.97,4.05,56,27,A,5
575,16318.67,103681,135.47,9.26,32.44,2.74,11,35,B,2
576,131101.8,202307,214.49,7.93,55.43,3.52,95,2,A,4
577,9753.62,39690,129.78,12.89,73.05,3.84,97,38,C,10
578,24722.89,70713,190.91,9.14,36.84,2.76,95,7,B,10
579,165.92,155078,215.11,6.43,62.94,2.63,54,8,A,10
580,14169.06,39690,131.1,7.38,85.19,4.31,80,42,C,5
581,2322.07,123737,138.26,8.19,72.62,3.69,6,15,B,7
582,3104.76,93188,127.72,6.87,11.29,2.97,71,17,B,2
583,24079.83,155083,138.74,4.16,50.98,4.02,87,40,A,9
584,12511.12,126512,126.55,9.0,61.24,3.13,91,10,B,11
585,13114.44,203007,195.72,8.51,42.61,3.48,17,32,A,11
586,9307.85,207499,223.66,6.83,60.24,3.36,98,11,A,2
587,32334.82,39910,218.41,7.24,57.18,3.16,40,37,C,1
588,14609.24,140167,211.86,8.03,44.04,3.01,5,21,B,1
589,46630.88,70713,197.88,7.87,64.21,3.61,95,7,B,7
590,16323.43,93638,138.23,9.42,76.57,3.61,4,29,B,7
591,210.5,39910,127.3,7.22,20.6,2.9,85,44,C,1
592,59168.18,203742,204.53,8.19,43.82,2.82,94,20,A,3
593,2958.97,155083,132.69,5.33,62.57,2.77,71,40,A,8
594,2186.8,158114,129.86,10.15,24.69,3.15,71,34,A,12
595,15571.49,128107,208.96,7.29,60.1,4.07,9,25,B,5
596,45871.88,114533,132.22,5.44,57.94,2.96,23,23,B,5
597,2528.46,152513,132.75,8.15,46.81,2.78,32,26,A,10
598,6972.92,206302,126.6,14.1,59.84,3.09,24,28,A,4
599,82638.1,184109,214.49,8.18,86.49,3.52,3,39,A,8
600,4609.68,93638,136.86,8.99,29.16,3.54,22,29,B,1
601,30436.01,219622,126.49,7.8,49.96,2.83,82,13,A,11
602,6067.26,103681,136.63,8.86,64.5,2.71,30,35,B,9
603,6853.46,39910,210.18,8.48,59.1,2.86,97,36,A,12
604,1624.84,119557,142.21,7.75,73.52,3.7,83,22,B,7
605,4564.01,128107,212.83,6.96,23.87,3.53,42,25,B,1
606,64.72,205863,130.24,4.61,34.41,3.26,54,4,A,1
607,34406.84,207499,225.25,6.66,72.53,3.63,93,11,A,5
608,22052.67,203007,196.36,8.51,32.99,3.12,1,32,A,12
609,24676.3,158114,129.0,10.58,57.73,3.78,8,34,A,4
610,4240.36,140167,219.18,7.44,45.16,3.13,44,21,B,12
611,17065.08,125833,214.93,6.56,49.7,2.87,11,9,B,12
612,1352.44,152513,136.49,7.6,36.74,3.5,41,26,A,12
613,7.22,39690,129.04,8.49,73.56,4.19,18,42,C,5
614,6113.97,202505,212.91,7.01,49.14,2.94,59,6,A,12
615,16819.45,126512,126.09,9.2,86.13,3.12,20,10,B,8
616,4185.97,204184,142.23,8.24,78.64,3.73,35,27,A,7
617,10383.54,39910,212.29,8.4,67.73,3.06,1,37,C,2
618,9566.56,202307,221.59,6.56,90.22,3.42,42,2,A,8
619,1049.02,158114,126.98,10.21,42.74,2.89,52,34,A,12
620,8122.76,202307,219.81,7.06,55.21,3.36,44,2,A,2
621,32325.71,123737,137.42,7.94,33.24,3.98,40,15,B,3
622,30341.03,206302,131.04,11.63,64.05,4.12,96,28,A,4
623,7529.66,120653,135.45,8.89,69.75,3.82,30,18,B,7
624,5245.52,140167,215.2,7.85,94.22,3.68,30,21,B,8
625,604.32,39910,127.19,7.22,16.94,2.89,3,44,C,1
626,14188.57,196321,198.13,6.43,59.39,3.66,3,41,A,9
627,4847.43,151315,221.84,7.14,84.88,3.29,20,1,A,6
628,139894.34,202307,211.03,8.1,83.49,2.64,95,2,A,7
629,21065.33,126512,126.6,9.77,52.33,3.03,82,10,B,3
630,5800.56,203750,211.19,8.1,82.57,2.58,26,31,A,9
631,17730.86,203819,132.75,8.07,26.05,3.31,21,19,A,12
632,14.88,203007,197.59,8.09,59.74,3.8,54,32,A,5
633,16284.53,39910,210.11,8.55,51.33,2.62,8,37,C,3
634,5423.68,155078,214.59,6.32,74.78,2.67,42,8,A,7
635,0.88,114533,133.49,5.11,17.0,3.28,94,23,B,2
636,48147.74,203819,132.84,8.07,42.62,3.19,40,19,A,11
637,103397.79,205863,128.96,5.95,68.8,3.78,2,4,A,4
638,18469.73,206302,129.81,12.89,59.77,3.83,34,28,A,11
639,13154.84,123737,138.57,8.19,65.44,4.09,7,15,B,9
640,98.49,39690,129.43,13.5,76.36,3.92,42,38,C,9
641,34892.73,158114,126.16,9.59,68.68,2.76,2,34,A,5
642,47321.62,205863,131.19,3.88,63.64,3.51,7,4,A,10
643,19814.81,204184,140.91,8.01,36.96,3.74,1,27,A,1
644,3574.44,103681,142.31,8.84,72.93,3.83,21,35,B,8
645,6054.75,93638,132.5,10.16,74.37,2.81,56,29,B,6
646,14703.26,202307,221.57,6.56,83.23,3.31,34,2,A,7
647,46297.96,126512,131.12,7.38,67.75,4.11,4,10,B,4
648,50945.14,219622,126.98,7.8,34.9,2.85,4,13,A,12
649,10646.78,203819,132.88,8.25,30.72,3.35,1,24,A,1
650,3253.91,155078,220.13,6.42,72.2,3.36,20,8,A,9
651,2297.0,205863,126.58,8.62,43.49,2.65,27,4,A,3
652,5049.49,114533,138.65,4.16,56.8,4.06,12,23,B,9
653,7008.95,203750,211.11,8.2,83.51,2.67,17,31,A,6
654,10101.93,203819,132.6,8.12,75.91,2.93,67,24,A,7
655,1677.19,206302,130.31,12.19,50.43,3.68,18,28,A,1
656,1694.92,155078,219.44,6.42,69.09,3.53,35,8,A,9
657,6016.59,155083,132.77,5.33,55.34,2.72,21,40,A,9
658,147527.52,203742,208.8,7.29,53.41,4.05,95,20,A,5
659,44.55,125833,221.88,6.05,58.8,3.31,49,9,B,11
660,508.63,103681,141.3,8.74,41.74,3.74,56,35,B,2
661,58269.01,114533,137.73,4.26,36.71,3.92,40,23,B,3
662,25879.24,114533,132.57,5.33,73.94,2.8,1,23,B,7
663,16505.46,93638,138.26,9.42,75.81,3.56,4,29,B,7
664,4124.82,151315,211.22,7.79,80.91,2.67,30,1,A,7
665,20285.29,140167,210.83,8.2,82.68,2.7,11,21,B,6
666,1943.86,158114,131.14,9.58,65.04,3.75,35,34,A,5
667,858.77,34875,222.1,5.8,70.56,3.89,97,5,B,4
668,6419.58,57197,189.77,6.87,70.67,2.69,79,16,B,7
669,5330.96,39690,126.67,14.31,47.66,3.16,1,38,C,11
670,7234.16,123737,135.45,7.81,67.43,3.92,3,15,B,7
671,1312.31,93188,130.31,6.4,29.99,3.06,18,17,B,1
672,3277.05,203007,196.83,8.26,36.67,3.04,83,32,A,1
673,1415.19,34875,212.42,6.77,70.96,2.72,17,5,B,10
674,12003.1,140167,219.72,7.06,50.79,3.29,90,21,B,1
675,11385.35,114533,136.46,4.42,44.04,3.57,20,23,B,11
676,11418.07,42988,221.31,6.89,77.53,3.75,81,30,C,5
677,19940.52,202505,216.14,6.86,70.83,3.47,74,6,A,3
678,2040.01,203819,138.12,8.98,59.93,3.87,36,24,A,6
679,22648.92,152513,135.87,7.77,69.52,3.88,80,26,A,7
680,2977.8,202307,223.06,6.17,68.08,3.59,41,2,A,10
681,10978.91,93188,128.91,6.77,39.98,3.62,81,17,B,4
682,1464.51,39910,218.68,7.24,58.9,3.27,14,37,C,1
683,6318.38,151315,217.68,7.87,66.57,3.37,33,1,A,10
684,12638.89,203819,132.15,8.21,51.31,3.11,32,24,A,5
685,6934.03,120653,134.07,8.98,35.06,3.64,33,18,B,4
686,9007.27,205863,130.96,4.31,77.41,3.48,56,4,A,6
687,34346.25,202307,210.0,8.2,73.31,2.85,10,2,A,5
688,18554.75,203750,219.72,7.06,50.79,3.29,80,31,A,1
689,2462.29,37392,225.44,6.33,81.38,3.31,26,3,B,7
690,18196.78,70713,192.34,8.6,30.64,3.53,9,7,B,4
691,6683.27,37392,225.24,6.66,75.19,3.69,55,3,B,5
692,9146.76,203742,204.49,8.19,31.75,2.78,24,20,A,3
693,1469.56,158114,130.31,9.65,39.81,3.29,52,34,A,1
694,70042.76,202505,223.55,5.67,85.78,3.41,38,6,A,7
695,11270.14,118221,183.44,8.55,28.73,3.23,82,45,B,2
696,5724.65,119557,140.2,8.02,69.16,3.78,20,22,B,9
697,10.88,118221,182.9,8.72,61.3,2.92,51,45,B,10
698,12200.64,103681,140.13,8.68,72.97,3.75,25,35,B,8
699,281.36,39690,129.09,8.26,95.36,3.84,9,42,C,7
700,55.53,42988,211.11,8.2,86.18,2.64,12,30,C,6
701,5719.0,203819,133.96,8.25,36.88,3.79,42,24,A,3
702,3376.0,57197,191.57,6.61,28.6,2.97,44,16,B,1
703,22195.53,93188,131.03,6.24,55.69,3.8,7,17,B,5
704,14247.13,203819,138.12,8.98,59.93,3.87,11,24,A,6
705,60122.18,203819,136.5,8.45,42.3,3.63,91,24,A,12
706,15566.27,158114,130.31,9.65,39.81,3.29,46,34,A,1
707,10464.53,219622,130.65,6.1,32.36,3.24,49,13,A,3
708,5588.05,202307,221.94,6.56,82.64,3.64,20,2,A,8
709,487.13,125833,214.93,6.42,55.76,2.67,91,9,B,3
710,25.47,39690,126.61,10.12,64.6,3.05,10,33,A,3
711,48454.81,204184,140.33,7.85,63.61,3.9,93,27,A,9
712,6775.43,93188,130.83,6.4,43.69,3.53,22,17,B,3
713,60006.95,120653,138.11,8.3,65.48,3.85,95,18,B,5
714,8.94,39690,126.21,9.52,73.88,3.14,56,42,C,5
715,18322.75,120653,132.02,9.27,50.3,2.9,25,18,B,4
716,4046.24,70713,197.59,8.09,50.6,3.8,55,7,B,5
717,7740.61,93188,130.55,6.4,30.01,3.14,44,17,B,2
718,4255.0,203819,135.27,7.66,68.4,3.96,58,19,A,6
719,44432.26,39690,126.6,10.12,55.61,3.03,94,33,A,3
720,5309.52,70713,191.0,9.14,49.44,2.73,25,7,B,11
721,504.0,39690,131.14,11.63,76.03,4.17,60,38,C,5
722,61.0,206302,126.23,14.31,85.2,3.0,56,28,A,10
723,12484.99,70713,189.58,8.96,38.99,2.77,5,7,B,4
724,8878.75,123737,134.68,7.66,57.19,4.2,82,15,B,5
725,7563.94,205863,131.11,4.31,68.69,3.88,12,4,A,4
726,367.56,39690,130.79,7.4,95.75,4.01,16,33,A,6
727,38172.54,119557,142.11,7.67,70.01,3.8,23,22,B,6
728,4302.03,103681,141.84,8.88,52.22,4.04,67,35,B,4
729,66.91,39910,221.66,6.62,79.49,3.66,9,36,A,9
730,1807.3,203819,138.16,8.98,72.29,3.72,31,24,A,6
731,12404.29,114533,132.76,5.33,57.75,2.72,3,23,B,9
732,6224.29,202505,212.85,7.26,47.1,2.56,44,6,A,2
733,28082.95,203007,190.47,9.02,67.17,2.8,4,32,A,9
734,1423.54,200898,191.7,8.68,67.87,3.95,19,14,A,9
735,14.96,34875,215.84,6.53,86.64,3.48,59,5,B,7
736,21280.4,151315,214.11,7.74,53.56,3.46,1,1,A,3
737,14266.79,103681,135.67,9.26,49.04,2.84,24,35,B,3
738,8744.6,203007,195.03,8.51,50.15,3.49,26,32,A,10
739,1312.86,184109,221.26,6.62,76.71,3.72,35,39,A,9
740,80493.1,202307,219.72,7.06,50.5,3.29,38,2,A,1
741,8336.25,205863,129.79,5.14,55.31,3.36,12,4,A,10
742,22790.65,119557,137.25,8.46,35.34,3.26,91,22,B,2
743,6589.14,140167,212.59,8.03,34.61,3.02,87,21,B,2
744,2685.0,204184,142.59,8.24,68.72,4.09,50,27,A,9
745,14146.91,207499,214.56,7.35,84.57,2.61,87,11,A,7
746,899.94,126512,126.06,9.2,88.37,3.05,59,10,B,8
747,1006.74,39690,129.83,8.01,63.35,3.67,14,33,A,11
748,43859.76,202505,212.9,7.26,58.82,2.67,8,6,A,3
749,11368.02,203007,197.74,8.09,74.85,3.74,67,32,A,6
750,81511.5,205863,129.24,5.64,82.77,3.55,38,4,A,8
751,12813.29,184109,210.18,8.48,52.45,2.94,1,39,A,12
752,1068.54,34875,222.54,5.6,86.91,3.42,30,5,B,8
753,79554.86,219622,131.13,5.96,64.8,3.84,94,13,A,4
754,18749.5,103681,136.83,8.76,45.9,2.93,8,35,B,11
755,229.46,42988,221.48,6.89,88.05,3.29,10,30,C,6
756,5458.62,204184,136.32,8.06,70.0,2.94,85,27,A,6
757,2508.0,123737,136.7,7.94,30.24,3.58,50,15,B,1
758,3242.69,203819,138.74,8.95,58.86,4.16,49,24,A,9
759,4018.27,123737,136.96,7.94,30.87,3.74,67,15,B,1
760,403.22,34875,222.51,5.6,80.78,3.26,6,5,B,7
761,44570.82,202505,213.03,6.97,86.61,2.63,94,6,A,8
762,10190.57,203742,214.37,7.14,60.11,4.03,26,20,A,4
763,18896.75,123737,132.63,8.1,72.17,2.92,8,15,B,8
764,2728.96,152513,136.75,7.47,25.55,3.52,49,26,A,1
765,1043.53,39910,210.29,8.36,82.1,2.58,3,37,C,9
766,5900.16,103681,139.8,8.68,82.28,3.81,30,35,B,7
767,4283.15,206302,130.7,10.93,85.53,3.73,21,28,A,7
768,7480.83,39690,128.51,8.95,72.72,3.89,98,33,A,3
769,18065.31,34875,220.48,5.94,48.86,3.26,95,5,B,1
770,1289.75,128107,203.69,7.86,46.12,2.9,27,25,B,4
771,16388.76,125833,222.66,6.05,37.65,3.16,87,9,B,12
772,1540.0,34875,222.51,5.6,80.78,3.26,17,5,B,7
773,90.0,57197,197.41,6.16,48.29,3.75,60,16,B,3
774,15155.24,202505,217.02,6.92,90.22,3.68,34,6,A,7
775,103662.39,126512,130.9,7.54,56.54,4.29,72,10,B,3
776,3810.68,196321,189.73,7.54,36.7,2.69,44,41,A,3
777,123826.73,103681,136.53,8.76,31.62,3.14,7,35,B,12
778,11676.39,128107,210.98,7.08,44.81,3.53,74,25,B,11
779,1513.5,200898,186.3,8.62,81.31,3.83,56,14,A,7
780,1138.52,39690,129.04,13.74,86.84,3.94,11,38,C,6
781,121.28,39910,127.86,7.22,30.83,3.03,10,44,C,2
782,48675.59,219622,131.04,5.96,48.85,3.79,13,13,A,4
783,10851.21,196321,193.51,6.9,74.11,3.54,22,41,A,7
784,12008.0,196321,190.33,7.34,70.59,2.73,34,41,A,8
785,5086.16,203750,217.65,7.44,59.8,3.3,42,31,A,11
786,1352.5,204184,140.7,8.01,41.3,3.67,41,27,A,1
787,9512.09,203819,138.11,8.15,67.79,3.98,22,19,A,5
788,6347.6,114533,132.61,5.33,70.03,2.79,85,23,B,8
789,1230.69,123737,138.73,7.99,55.75,4.07,36,15,B,10
790,167.2,128107,208.59,7.27,78.1,3.81,60,25,B,7
791,4053.3,37392,219.2,7.57,69.45,3.91,3,3,B,5
792,49.5,93188,129.18,6.74,65.71,3.6,41,17,B,8
793,2451.02,152513,132.66,8.44,62.68,2.8,85,26,A,8
794,6748.11,219622,127.09,7.8,26.79,2.87,21,13,A,12
795,3216.93,93638,138.11,9.14,62.39,3.85,12,29,B,5
796,20809.33,126512,129.09,8.26,95.36,3.84,49,10,B,7
797,158.3,34875,211.79,6.5,83.66,2.61,28,5,B,7
798,21895.04,196321,192.9,6.93,62.3,3.7,97,41,A,6
799,15611.86,205863,129.07,5.95,81.85,3.57,25,4,A,6
800,14920.63,200898,185.36,8.52,48.71,3.72,87,14,A,4
801,794.21,118221,187.69,8.52,63.82,3.54,28,45,B,10
802,7151.62,202307,215.69,7.85,78.85,3.53,12,2,A,9
803,15109.21,206302,128.62,14.02,54.4,3.91,14,28,A,3
804,56.97,120653,132.84,9.33,40.81,3.07,80,18,B,11
805,8963.58,37392,225.26,6.66,84.66,3.39,92,3,B,6
806,5551.98,140167,221.81,6.56,77.72,3.62,29,21,B,8
807,46269.46,123737,135.27,7.66,69.96,3.96,38,15,B,6
808,133.09,39910,130.72,5.41,79.23,3.63,26,44,C,7
809,135.73,42988,210.89,8.1,87.17,2.61,59,30,C,7
810,149.66,39910,214.24,8.3,81.28,3.79,42,37,C,5
811,1695.37,125833,220.66,6.05,72.62,3.28,33,9,B,10
812,39985.27,202505,213.09,6.97,85.71,2.62,91,6,A,8
813,183.63,203819,138.28,8.19,66.66,4.0,59,19,A,8
814,12795.2,41062,203.82,10.21,54.96,2.77,98,43,C,11
815,249.77,39910,219.11,7.24,54.38,3.51,10,37,C,2
816,3951.94,219622,127.44,7.47,34.8,2.93,18,13,A,1
817,24831.8,93638,138.03,9.14,50.75,3.99,2,29,B,5
818,2242.49,203007,197.72,8.09,49.15,3.94,35,32,A,4
819,12871.9,207499,218.55,7.57,86.43,3.52,17,11,A,7
820,13557.28,152513,132.63,8.44,61.58,2.81,79,26,A,8
821,7155.75,114533,138.03,4.12,45.88,3.99,24,23,B,5
822,17907.74,93188,130.72,5.94,68.91,3.63,87,17,B,7
823,42793.13,202307,210.56,8.2,81.13,2.76,9,2,A,5
824,74060.9,39910,214.47,8.3,73.02,3.91,38,37,C,5
825,82.78,39690,127.72,14.02,45.14,3.35,59,38,C,2
826,5690.91,118221,183.94,8.55,40.7,3.24,20,45,B,2
827,15.0,155078,214.46,6.32,77.49,2.62,47,8,A,7
828,1817.76,204184,142.22,8.24,82.08,3.65,27,27,A,7
829,24367.4,155078,214.75,6.43,45.67,2.89,10,8,A,12
830,2567.58,37392,220.75,7.2,73.75,3.27,6,3,B,10
831,3427.33,128107,212.07,7.08,33.09,3.41,37,25,B,12
832,4393.76,196321,190.36,7.34,64.13,2.77,44,41,A,9
833,20090.15,205863,126.08,7.37,78.83,2.67,24,4,A,8
834,23454.17,204184,135.96,8.06,69.02,3.1,96,27,A,5
835,52908.85,203819,137.66,7.94,56.72,4.05,72,19,A,3
836,23955.93,202307,210.87,8.32,54.52,2.72,23,2,A,3
837,40818.88,203742,204.38,8.19,47.32,2.84,79,20,A,3
838,19458.95,103681,136.35,9.05,78.02,2.81,10,35,B,6
839,15971.35,155078,218.5,6.3,83.94,3.59,23,8,A,6
840,49711.3,203742,211.87,7.08,41.64,3.42,82,20,A,12
841,17669.85,93638,134.86,9.97,70.09,3.97,11,29,B,6
842,150160.7,202307,211.18,8.1,82.05,2.58,95,2,A,9
843,22381.87,206302,130.83,11.63,85.94,4.14,46,28,A,6
844,43092.57,112238,126.53,13.98,54.83,2.92,8,12,B,2
845,30790.7,158114,129.43,10.64,64.94,3.53,72,34,A,9
846,10367.01,93638,132.57,10.41,76.3,2.8,74,29,B,7
847,1834.83,118221,183.18,8.55,24.05,3.24,6,45,B,1
848,261.0,93188,130.55,6.4,30.01,3.14,60,17,B,2
849,4505.0,151315,211.24,8.11,38.51,2.55,58,1,A,2
850,10525.67,204184,137.25,7.83,39.32,3.42,20,27,A,2
851,18967.27,119557,140.16,8.02,72.22,3.8,17,22,B,8
852,747.97,118221,189.84,8.42,36.85,3.7,28,45,B,2
853,1783.5,103681,137.96,8.51,37.27,3.64,41,35,B,4
854,53972.59,123737,133.26,7.77,21.64,3.42,38,15,B,2
855,1975.49,204184,142.02,8.25,53.68,4.12,27,27,A,5
856,31788.08,39910,220.05,7.24,70.48,3.84,94,37,C,3
857,185.72,120653,132.75,9.33,28.16,3.15,98,18,B,12
858,8727.03,200898,181.69,8.9,54.28,2.9,6,14,A,4
859,20705.28,120653,132.72,9.34,75.42,2.74,9,18,B,9
860,17677.44,196321,195.72,6.76,36.64,3.48,23,41,A,11
861,15065.52,37392,214.89,7.35,86.15,2.62,3,3,B,8
862,36352.86,206302,129.69,12.89,70.44,3.83,8,28,A,10
863,55185.25,118221,182.54,8.72,30.59,3.14,95,45,B,12
864,1850.16,203750,215.2,7.85,94.22,3.68,44,31,A,8
865,86.52,39690,129.17,13.5,93.29,3.8,72,38,C,7
866,15898.65,203819,136.31,7.81,62.76,3.94,34,19,A,9
867,66324.33,120653,132.69,9.34,67.05,2.77,40,18,B,8
868,4.16,103681,140.46,8.74,59.62,3.57,51,35,B,10
869,5648.92,120653,132.36,9.27,70.28,2.86,21,18,B,6
870,10827.81,118221,190.46,8.42,50.56,3.86,14,45,B,3
871,1585.42,184109,220.64,6.62,83.47,3.49,35,39,A,8
872,63885.51,203742,205.16,7.48,42.78,2.92,13,20,A,11
873,3219.98,204184,140.27,7.85,69.65,3.94,44,27,A,9
874,2891.25,207499,218.9,7.57,90.04,3.68,35,11,A,8
875,5289.15,203819,131.64,8.35,28.57,2.91,83,19,A,2
876,7541.58,151315,222.58,6.91,74.97,3.72,25,1,A,9
877,6978.96,140167,210.05,8.2,66.93,2.78,32,21,B,4
878,16135.93,204184,140.53,7.91,41.59,3.59,83,27,A,12
879,88.0,41062,207.25,10.64,88.58,3.65,60,43,C,7
880,3413.37,57197,197.6,6.17,48.93,3.85,67,16,B,4
881,30854.32,202307,211.18,8.1,82.05,2.58,79,2,A,9
882,2122.78,39690,126.6,9.52,65.29,3.0,14,42,C,4
883,4592.96,202307,211.04,8.32,57.56,2.67,37,2,A,3
884,7863.7,205863,126.23,7.13,63.96,2.62,29,4,A,10
885,3484.4,196321,198.1,6.43,69.07,3.56,30,41,A,8
886,6603.0,200898,181.69,8.9,54.28,2.9,58,14,A,4
887,6096.15,196321,189.49,7.36,40.23,2.79,87,41,A,5
888,163.51,39690,129.04,8.49,87.96,3.94,25,42,C,6
889,27.16,103681,142.59,8.84,68.72,3.95,94,35,B,9
890,22056.9,203742,205.05,7.34,27.43,3.23,11,20,A,1
891,2391.68,119557,136.32,8.35,67.13,2.8,93,22,B,6
892,9340.43,155083,138.28,4.16,63.91,3.87,11,40,A,8
893,8125.09,120653,132.76,9.34,64.82,2.72,29,18,B,9
894,27988.05,196321,190.78,7.51,57.1,2.74,4,41,A,10
895,2824.57,37392,219.37,7.57,79.87,3.9,17,3,B,5
896,25205.85,202307,215.15,7.93,76.42,3.79,80,2,A,5
897,23678.01,114533,133.26,5.11,21.52,3.26,90,23,B,2
898,1103.71,152513,133.96,7.91,22.99,3.62,19,26,A,3
899,6937.94,120653,132.76,9.33,67.76,2.72,42,18,B,10
900,8782.44,128107,215.93,7.29,57.58,3.98,3,25,B,10
901,11878.49,140167,210.98,8.32,45.31,2.56,26,21,B,2
902,15008.43,120653,138.83,8.24,59.68,4.03,17,18,B,10
903,7966.05,119557,142.94,7.54,54.18,4.03,42,22,B,10
904,6161.03,140167,221.38,6.89,79.49,3.56,81,21,B,5
905,22809.43,93188,130.74,5.94,72.94,3.51,3,17,B,8
906,5917.91,57197,189.61,6.87,67.68,2.7,55,16,B,7
907,940.0,112238,129.82,12.89,48.76,3.82,58,12,B,11
908,15.62,42988,214.25,8.03,70.33,3.47,6,30,C,3
909,990.0,203819,136.14,8.36,72.52,4.0,58,24,A,8
910,15382.5,152513,133.96,7.91,22.99,3.62,79,26,A,3
911,10344.41,93638,132.76,10.41,68.6,2.72,9,29,B,9
912,14377.95,140167,211.4,8.16,65.76,2.63,9,21,B,10
913,3713.34,158114,126.11,9.59,80.84,2.67,42,34,A,6
914,39.06,39690,127.19,14.02,37.64,3.29,6,38,C,1
915,12836.89,120653,131.53,9.2,21.33,2.79,33,18,B,2
916,2702.52,204184,142.76,8.0,58.99,4.07,31,27,A,10
917,29698.84,203007,196.87,8.26,35.89,3.03,4,32,A,2
918,46042.26,202307,211.47,8.16,65.8,2.72,13,2,A,10
919,950.83,205863,126.38,7.9,53.04,2.79,28,4,A,4
920,61475.42,205863,130.74,4.61,53.63,3.67,79,4,A,3
921,7635.93,206302,126.55,13.98,50.23,2.82,21,28,A,2
922,3217.28,70713,190.36,9.02,49.84,2.77,20,7,B,9
923,3008.29,119557,138.59,8.25,58.56,4.1,94,22,B,5
924,21644.29,126512,126.28,9.0,77.04,2.92,3,10,B,10
925,23570.19,202307,211.61,8.16,57.85,2.69,82,2,A,11
926,3337.43,205863,130.79,4.31,81.63,3.33,85,4,A,6
927,41966.08,219622,126.15,7.95,77.79,2.79,4,13,A,7
928,3964.5,70713,198.36,7.87,51.77,3.76,34,7,B,9
929,2360.5,206302,128.13,14.02,48.45,3.53,41,28,A,2
930,5642.38,203750,211.47,8.16,68.61,2.72,32,31,A,10
931,65456.45,184109,210.18,8.48,58.86,2.89,40,39,A,12
932,93726.77,202505,217.14,6.92,90.49,3.64,92,6,A,8
933,593.28,39910,210.6,8.4,51.18,2.98,67,36,A,1
934,99.0,204184,142.11,8.25,73.4,3.92,60,27,A,6
935,11792.98,155083,136.14,4.58,68.3,3.88,3,40,A,8
936,11011.78,203819,136.96,8.66,31.92,3.74,74,24,A,1
937,19319.54,103681,140.44,8.74,51.81,3.57,5,35,B,10
938,158.92,126512,129.52,8.26,82.51,3.79,83,10,B,9
939,49423.13,39910,209.59,8.46,63.43,2.72,95,37,C,4
940,13581.74,206302,127.58,14.02,50.74,3.34,87,28,A,1
941,8897.25,205863,126.15,7.37,80.35,2.64,83,4,A,7
942,4145.14,120653,138.38,8.54,70.09,3.88,44,18,B,8
943,3730.32,39690,130.83,7.4,92.44,4.14,82,33,A,6
944,27343.47,152513,138.13,7.49,57.84,3.68,2,26,A,6
945,81643.49,203742,208.48,7.29,52.56,3.89,7,20,A,4
946,10.18,39910,130.97,5.77,53.2,3.73,9,44,C,3
947,13926.15,207499,218.96,7.57,90.3,3.64,17,11,A,8
948,2886.26,151315,221.74,7.14,77.22,3.56,71,1,A,5
949,9986.24,39690,126.19,14.18,81.77,2.94,13,38,C,9
950,2841.92,155078,225.52,5.4,83.74,3.49,44,8,A,8
951,24498.52,103681,138.59,8.51,60.22,4.06,34,35,B,5
952,3046.07,152513,138.14,7.4,67.01,3.77,26,26,A,8
953,47718.12,158114,126.61,10.21,40.93,2.78,65,34,A,11
954,42855.08,128107,214.75,7.28,71.93,3.72,2,25,B,8
955,68431.0,184109,214.69,8.3,77.39,3.9,94,39,A,5
956,4706.7,128107,204.03,7.86,47.2,2.85,44,25,B,4
957,27972.09,126512,129.83,7.87,58.97,3.67,17,10,B,11
958,36420.73,114533,138.09,4.12,52.9,3.95,56,23,B,5
959,6932.23,155083,137.06,4.26,27.86,3.63,98,40,A,2
960,30.92,103681,142.68,8.84,66.1,4.04,54,35,B,9
961,1508.77,70713,191.86,8.82,10.24,3.04,21,7,B,2
962,6595.97,206302,128.82,13.74,64.47,4.0,33,28,A,4
963,4330.0,151315,215.09,7.68,83.58,3.59,58,1,A,6
964,9974.03,151315,211.52,7.79,82.11,2.58,12,1,A,9
965,124741.33,151315,222.31,6.91,80.49,3.64,95,1,A,8
966,4530.92,128107,212.57,6.96,30.23,3.42,42,25,B,1
967,9419.69,119557,140.41,7.71,47.8,3.57,26,22,B,11
968,9836.32,202505,216.9,6.92,88.93,3.58,20,6,A,7
969,619.13,203819,136.31,8.36,65.56,3.94,28,24,A,9
970,13622.17,119557,138.41,8.25,53.63,4.08,81,22,B,5
971,66.9,39910,129.98,6.08,24.76,3.19,59,44,C,12
972,34900.92,39690,129.81,7.87,68.57,3.83,94,42,C,11
973,6592.24,203819,132.76,8.1,63.36,2.84,20,19,A,9
974,34568.87,140167,215.14,7.85,91.56,3.68,23,21,B,7
975,40181.25,203819,134.28,7.66,48.67,3.98,94,19,A,4
976,25153.0,203819,136.5,8.45,42.3,3.63,14,24,A,12
977,3494.79,93188,129.15,6.74,69.82,3.56,21,17,B,7
978,12094.03,184109,219.11,7.24,52.75,3.51,17,39,A,2
979,1114.21,34875,210.89,6.46,74.79,2.85,24,5,B,5
980,43282.39,204184,136.46,7.98,79.78,2.93,3,27,A,7
981,6.47,57197,192.9,6.34,58.34,3.7,45,16,B,6
982,193.22,112238,128.82,13.74,64.47,4.0,83,12,B,4
983,2506.89,114533,138.03,4.12,45.88,3.99,27,23,B,5
984,1868.0,184109,210.72,8.48,61.62,2.69,36,39,A,11
985,10292.44,70713,193.09,8.62,58.54,3.6,14,7,B,7
986,6453.08,203750,210.83,8.2,82.68,2.7,55,31,A,6
987,2578.65,103681,139.36,8.68,73.76,3.75,12,35,B,7
988,13062.19,37392,220.91,7.2,69.03,3.35,9,3,B,10
989,4095.52,57197,189.73,7.04,33.45,2.69,21,16,B,3
990,4304.14,202307,221.56,6.56,80.17,3.26,30,2,A,7
991,35065.12,203750,211.66,8.16,60.95,2.73,79,31,A,11
992,140.0,39690,126.55,14.31,57.79,3.13,85,38,C,11
993,28543.74,140167,211.06,8.16,48.63,2.87,13,21,B,12
994,7716.16,151315,211.4,7.74,48.27,2.98,21,1,A,1
995,5654.28,155078,214.88,6.32,80.37,2.63,98,8,A,8
996,22488.29,125833,214.81,6.42,37.08,2.55,2,9,B,2
997,60020.14,204184,142.5,8.24,76.0,4.08,13,27,A,9
998,150.13,39690,129.09,8.44,98.43,3.84,20,33,A,7
999,12663.17,184109,218.41,7.24,55.83,3.16,49,39,A,1
1000,11507.56,206302,130.84,10.93,85.32,4.05,11,28,A,8
1001,1586.12,184109,221.26,6.62,76.71,3.72,27,39,A,9
1002,36667.7,39690,126.58,10.12,59.17,2.88,93,33,A,3
1003,19986.71,34875,217.61,6.3,71.64,3.28,40,5,B,10
1004,3748.75,219622,126.11,8.11,58.41,2.82,37,13,A,6
1005,2026.52,34875,211.94,6.57,58.5,2.67,90,5,B,3
1006,6853.55,203819,136.46,7.87,48.22,3.72,29,19,A,11
1007,1547.0,203750,211.15,8.1,79.3,2.56,35,31,A,9
1008,158924.05,205863,129.04,5.95,83.51,3.62,92,4,A,6
1009,42786.0,207499,224.94,6.66,74.19,3.89,94,11,A,4
1010,11864.08,39690,126.5,10.12,55.47,2.83,79,33,A,2
1011,58024.25,114533,135.78,4.58,69.8,3.83,40,23,B,7
1012,4860.42,119557,138.68,8.25,62.59,4.03,97,22,B,5
1013,10427.59,204184,138.16,7.72,52.24,3.98,3,27,A,4
1014,72.0,204184,136.56,7.98,70.31,2.88,19,27,A,8
1015,4160.42,203819,133.03,7.77,22.8,3.39,83,19,A,1
1016,31926.42,41062,205.71,10.4,60.26,3.29,91,43,C,3
1017,7487.06,103681,142.22,8.84,82.08,3.48,32,35,B,7
1018,29882.61,196321,189.47,7.36,50.59,2.78,8,41,A,5
1019,19490.95,140167,221.26,6.89,69.21,3.81,9,21,B,4
1020,4768.22,118221,182.32,8.74,76.61,2.82,55,45,B,7
1021,29981.92,128107,205.06,7.48,46.73,2.92,8,25,B,10
1022,20269.54,158114,129.9,10.15,32.31,3.15,4,34,A,12
1023,1923.5,120653,133.61,9.13,28.49,3.44,36,18,B,3
1024,15848.34,128107,212.4,7.08,32.42,3.39,14,25,B,12
1025,20794.68,39910,213.58,8.3,67.31,3.53,79,36,A,4
1026,20252.99,128107,208.66,7.27,74.72,3.83,4,25,B,7
1027,249.37,140167,216.7,7.44,71.64,3.28,98,21,B,10
1028,102807.9,200898,182.62,8.74,76.01,2.78,38,14,A,8
1029,13226.23,203750,219.0,7.44,46.54,3.11,26,31,A,12
1030,8173.14,128107,208.72,7.27,74.0,3.84,91,25,B,8
1031,65.94,37392,222.42,7.2,49.26,3.16,98,3,B,12
1032,3794.23,202505,218.6,6.55,74.1,3.28,24,6,A,10
1033,6358.28,120653,136.48,8.47,38.29,3.59,3,18,B,11
1034,1477.72,93638,138.2,9.42,73.52,3.7,93,29,B,7
1035,21302.79,203819,133.11,8.25,17.91,3.4,79,24,A,1
1036,9799.07,196321,192.52,6.93,42.86,3.64,17,41,A,4
1037,10764.22,204184,136.73,7.83,34.42,3.35,25,27,A,1
1038,316.8,39690,129.79,7.87,72.79,3.84,60,42,C,10
1039,14209.48,203007,190.36,9.02,70.2,2.77,23,32,A,9
1040,42242.19,207499,213.62,7.34,75.57,2.84,91,11,A,5
1041,34561.05,219622,129.11,6.88,77.3,3.56,1,13,A,7
1042,98.15,39690,128.96,13.74,72.12,4.13,72,38,C,4
1043,112750.32,203819,132.95,7.77,21.68,3.37,92,19,A,1
1044,3345.0,219622,126.49,7.8,49.96,2.83,35,13,A,11
1045,79276.24,205863,126.15,7.37,80.35,2.64,90,4,A,7
1046,7591.38,42988,211.49,8.03,42.72,3.02,46,30,C,1
1047,3623.54,151315,215.73,7.68,67.63,3.91,29,1,A,5
1048,1867.59,120653,138.65,8.54,60.23,4.06,98,18,B,9
1049,347.2,203007,193.91,8.62,74.83,3.55,28,32,A,8
1050,10672.71,128107,213.27,6.96,32.23,3.7,7,25,B,2
1051,8388.07,204184,138.86,7.72,73.26,4.02,24,27,A,6
1052,11698.76,42988,211.19,8.1,82.57,2.58,8,30,C,9
1053,49780.34,205863,129.86,5.14,31.64,3.15,46,4,A,12
1054,5.88,155078,225.3,5.68,74.28,3.45,54,8,A,6
1055,4671.97,158114,126.14,9.59,72.17,2.7,3,34,A,6
1056,805.58,140167,222.07,6.56,88.4,3.73,93,21,B,9
1057,8557.09,206302,126.49,14.31,65.49,3.13,32,28,A,11
1058,21252.78,203819,132.66,8.1,72.22,2.91,81,19,A,8
1059,24577.3,203819,134.68,8.21,59.84,4.2,81,24,A,5
1060,8066.04,39690,126.38,9.27,74.2,3.01,81,33,A,10
1061,1692.29,118221,182.16,8.99,45.8,2.82,52,45,B,3
1062,9153.33,112238,128.72,13.74,63.63,3.77,71,12,B,4
1063,523.55,128107,204.14,7.86,69.31,2.9,28,25,B,5
1064,3707.61,202505,212.62,7.26,40.43,2.57,19,6,A,2
1065,36918.07,151315,221.75,7.14,77.95,3.5,97,1,A,6
1066,3360.45,206302,130.16,12.19,50.43,3.6,6,28,A,1
1067,17543.17,206302,130.55,12.19,53.13,3.95,80,28,A,2
1068,92936.1,206302,126.23,14.31,85.2,3.0,92,28,A,10
1069,51878.14,39910,210.52,8.48,67.73,2.74,38,37,C,11
1070,48.78,203750,218.36,7.44,48.72,3.17,19,31,A,12
1071,2611.5,152513,132.47,8.51,53.62,2.8,71,26,A,6
1072,16225.4,123737,132.6,8.1,72.04,2.93,3,15,B,7
1073,275.95,93188,129.2,6.74,64.79,3.61,94,17,B,8
1074,1440.24,128107,214.96,7.28,64.53,3.83,98,25,B,8
1075,34305.11,203750,212.59,8.03,34.61,3.02,4,31,A,2
1076,34546.29,219622,130.72,5.76,80.42,3.54,81,13,A,7
1077,27179.76,155083,136.52,4.42,53.9,3.58,93,40,A,10
1078,5269.25,112238,127.3,14.02,43.15,3.31,42,12,B,1
1079,3303.18,219622,126.15,7.95,77.79,2.79,31,13,A,7
1080,381.29,39910,126.11,7.8,78.94,2.8,11,44,C,7
1081,85.0,39690,130.31,7.6,56.33,3.68,5,33,A,1
1082,10473.14,204184,140.38,7.85,70.92,3.86,98,27,A,9
1083,51577.37,114533,132.84,5.29,34.95,3.07,40,23,B,11
1084,15187.72,140167,211.0,8.2,87.01,2.65,10,21,B,6
1085,15025.51,202307,213.76,8.03,52.7,3.46,25,2,A,3
1086,948.74,152513,136.47,7.6,37.78,3.57,27,26,A,11
1087,200.88,151315,215.73,7.68,67.63,3.91,59,1,A,5
1088,8408.53,119557,141.9,7.67,58.81,4.05,67,22,B,4
1089,34162.43,204184,135.35,8.24,27.19,2.95,81,27,A,2
1090,1234.26,158114,129.07,10.58,77.16,3.57,52,34,A,6
1091,11479.67,207499,217.72,7.55,70.17,3.49,25,11,A,3
1092,13993.55,203750,216.36,7.85,78.91,3.36,23,31,A,9
1093,59622.42,126512,128.51,8.74,70.12,3.89,46,10,B,3
1094,4604.97,128107,204.49,8.19,29.45,2.78,42,25,B,3
1095,1380.24,123737,136.86,7.94,21.39,3.7,52,15,B,1
1096,83.16,39690,131.04,11.63,64.05,4.12,12,38,C,4
1097,22937.09,206302,126.44,14.31,61.09,3.02,5,28,A,10
1098,1410.72,202307,216.03,7.85,75.58,3.47,27,2,A,9
1099,10866.98,203819,133.03,7.77,22.8,3.39,55,19,A,1
1100,1293.43,119557,141.7,7.5,46.4,3.92,19,22,B,3
1101,18035.33,219622,126.53,8.32,35.7,2.65,3,13,A,2
1102,25665.46,123737,138.13,8.15,67.7,3.79,11,15,B,6
1103,730.25,41062,212.12,9.65,53.53,3.56,17,43,C,2
1104,2212.79,203750,215.51,7.85,78.87,3.55,44,31,A,9
1105,4125.44,123737,131.9,8.19,45.27,2.96,29,15,B,4
1106,18846.51,112238,130.79,10.93,94.87,4.0,24,12,B,8
1107,5784.76,140167,215.32,7.85,90.11,3.55,32,21,B,8
1108,198.88,126512,129.24,8.26,87.4,3.74,83,10,B,8
1109,22778.91,125833,218.78,6.4,89.14,3.52,72,9,B,7
1110,12594.27,206302,130.45,12.19,51.8,3.78,11,28,A,2
1111,20433.09,103681,136.52,8.86,75.16,2.78,5,35,B,8
1112,3482.52,120653,132.76,9.33,52.02,2.88,31,18,B,10
1113,16335.62,155083,132.58,5.33,71.79,2.78,1,40,A,7
1114,10535.38,112238,126.11,14.1,90.84,2.95,71,12,B,6
1115,8185.3,203007,196.78,8.26,36.86,3.06,22,32,A,1
1116,86890.17,219622,129.09,7.19,52.4,3.77,38,13,A,5
1117,39204.93,219622,130.31,6.1,34.32,3.06,4,13,A,1
1118,2048.72,39910,209.98,8.55,59.56,2.72,83,37,C,3
1119,8040.99,120653,131.69,9.2,35.42,2.75,32,18,B,2
1120,1293.91,203819,132.76,8.07,59.91,2.84,28,19,A,10
1121,410.95,39910,210.51,8.48,66.34,2.63,10,37,C,10
1122,11241.34,41062,207.03,10.64,91.36,3.52,79,43,C,7
1123,4127.26,196321,198.1,6.43,71.56,3.56,29,41,A,8
1124,409.21,206302,131.01,10.93,82.97,4.12,28,28,A,9
1125,105.29,39910,131.15,5.62,56.47,3.81,26,44,C,5
1126,152.42,112238,126.11,14.1,81.06,3.04,83,12,B,6
1127,6258.0,118221,184.99,8.55,41.76,3.62,87,45,B,3
1128,18064.26,155078,215.25,6.43,43.86,2.77,7,8,A,11
1129,22048.25,196321,197.59,6.55,54.89,3.8,82,41,A,5
1130,41263.85,158114,130.96,9.58,70.41,3.48,38,34,A,6
1131,32237.33,205863,129.78,5.14,64.79,3.36,81,4,A,10
1132,13016.89,158114,129.37,10.64,70.05,3.55,7,34,A,9
1133,2285.0,204184,136.35,8.06,78.02,2.96,50,27,A,6
1134,1910.36,204184,142.31,8.24,72.93,4.0,19,27,A,8
1135,10225.35,203819,133.37,7.77,34.74,3.42,25,19,A,2
1136,34858.73,204184,140.46,7.91,59.62,3.76,46,27,A,10
1137,4888.47,203007,189.74,9.01,39.88,2.68,21,32,A,3
1138,24724.53,203007,195.03,8.51,50.15,3.49,46,32,A,10
1139,7294.69,203007,195.77,8.51,40.22,3.42,87,32,A,11
1140,10871.98,204184,137.74,7.83,46.65,3.8,71,27,A,3
1141,18435.18,103681,137.5,8.55,36.99,3.43,7,35,B,3
1142,855.7,126512,130.98,7.17,78.47,3.97,56,10,B,9
1143,7387.5,140167,217.33,7.44,65.46,3.37,41,21,B,10
1144,9855.96,206302,126.19,14.18,81.77,2.94,55,28,A,9
1145,5707.05,184109,220.61,6.62,78.16,3.26,24,39,A,7
1146,12256.42,203819,133.96,8.25,36.88,3.79,74,24,A,3
1147,5163.91,203750,212.9,8.03,59.87,3.04,21,31,A,2
1148,4324.85,125833,227.21,4.95,68.01,3.59,44,9,B,10
1149,14159.67,151315,218.22,7.87,62.25,3.31,18,1,A,11
1150,1129.29,158114,128.62,10.4,53.11,3.48,52,34,A,3
1151,3654.23,205863,129.52,5.64,69.23,3.47,35,4,A,9
1152,49207.62,158114,126.38,10.21,58.11,2.74,65,34,A,10
1153,11546.92,112238,126.11,14.1,81.06,3.04,1,12,B,6
1154,1510.0,118221,182.92,8.55,30.55,3.23,35,45,B,1
1155,72344.46,204184,140.47,7.91,40.68,3.61,40,27,A,12
1156,21191.0,196321,196.17,6.76,25.59,3.17,80,41,A,12
1157,9361.44,202505,212.62,6.97,83.75,2.62,67,6,A,7
1158,32993.46,120653,136.48,8.47,38.29,3.59,1,18,B,11
1159,3597.66,125833,214.14,6.38,71.5,2.83,26,9,B,5
1160,7004.84,203819,131.64,8.35,28.57,2.91,49,19,A,2
1161,11985.42,128107,214.69,7.28,75.52,3.48,90,25,B,7
1162,31018.41,42988,215.39,7.85,92.07,3.52,91,30,C,8
1163,34847.48,204184,140.42,7.91,47.88,3.69,82,27,A,11
1164,80927.12,126512,130.74,7.17,84.76,3.6,38,10,B,8
1165,17733.57,152513,137.42,7.47,22.49,3.83,81,26,A,3
1166,167.2,128107,208.76,7.29,56.56,4.06,60,25,B,5
1167,31358.45,120653,136.21,8.89,70.32,3.8,4,18,B,8
1168,1514.0,158114,126.13,9.82,79.58,2.61,35,34,A,7
1169,85.0,155083,138.13,4.12,63.39,3.68,99,40,A,6
1170,79735.65,203750,211.11,8.2,83.51,2.67,90,31,A,6
1171,1682.88,202307,211.52,8.16,68.5,2.72,27,2,A,10
1172,4786.85,93638,132.87,10.52,57.73,2.94,24,29,B,10
1173,1781.17,125833,218.91,6.38,71.9,3.74,33,9,B,4
1174,45.92,203819,134.44,8.21,60.48,4.12,54,24,A,4
1175,1514.0,205863,129.2,5.64,82.98,3.62,48,4,A,8
1176,4419.68,57197,190.95,6.99,35.76,2.75,32,16,B,10
1177,2343.5,206302,131.13,11.63,77.99,4.19,36,28,A,4
1178,152.44,140167,215.38,7.93,68.36,3.91,98,21,B,5
1179,4307.42,196321,193.91,6.9,72.19,3.55,29,41,A,8
1180,1284.15,120653,137.17,8.08,32.83,3.66,28,18,B,2
1181,27.24,151315,210.62,7.81,65.86,2.77,51,1,A,4
1182,692.22,39910,210.21,8.46,82.3,2.62,67,36,A,6
1183,14.96,39910,129.43,6.56,67.54,3.64,25,44,C,9
1184,26072.44,204184,135.52,8.24,36.0,2.91,46,27,A,2
1185,7867.33,152513,131.59,8.49,18.14,2.77,10,26,A,2
1186,4003.2,103681,140.42,8.74,47.88,3.49,21,35,B,11
1187,5271.19,203819,137.58,8.66,48.68,4.02,33,24,A,3
1188,748.0,39910,209.98,8.36,81.85,2.67,60,37,C,7
1189,127.46,39910,213.84,8.3,83.95,3.59,31,37,C,6
1190,101959.02,200898,186.3,8.62,81.31,3.83,90,14,A,7
1191,21803.32,204184,142.08,8.25,58.97,4.05,1,27,A,5
1192,4085.87,203819,137.92,8.98,61.05,4.17,33,24,A,4
1193,25632.2,93188,129.13,6.74,67.93,3.55,4,17,B,7
1194,6298.0,140167,210.68,8.32,51.66,2.73,71,21,B,3
1195,3722.88,123737,136.75,7.94,36.26,3.67,91,15,B,1
1196,68332.53,200898,182.38,8.9,79.32,2.81,7,14,A,6
1197,64347.82,126512,126.47,9.52,66.42,3.05,13,10,B,4
1198,1803.59,205863,131.11,4.31,68.69,3.88,52,4,A,4
1199,1216.18,93638,135.63,9.86,74.22,3.78,85,29,B,7
1200,16467.96,184109,210.08,8.55,49.79,2.56,16,39,A,2
1201,49678.01,196321,189.58,7.36,40.2,2.77,40,41,A,4
1202,3606.55,93188,129.11,6.74,70.6,3.56,85,17,B,7
1203,7483.34,39910,126.11,7.8,65.74,2.87,81,44,C,9
1204,3865.08,219622,129.2,6.88,75.95,3.61,19,13,A,8
1205,3095.83,125833,215.02,6.38,83.75,2.67,42,9,B,6
1206,37764.32,39690,128.0,8.74,61.77,3.43,38,42,C,2
1207,504.62,196321,192.83,6.93,50.29,3.77,59,41,A,5
1208,13872.35,57197,197.93,6.06,68.43,3.58,8,16,B,7
1209,1006.0,93188,126.58,6.55,31.58,2.68,36,17,B,3
1210,5787.5,126512,129.43,8.26,77.49,3.78,31,10,B,9
1211,50375.88,203819,138.12,8.98,59.93,3.87,93,24,A,6
1212,44843.82,204184,136.63,8.02,57.78,2.9,8,27,A,10
1213,15573.2,200898,189.42,8.42,31.85,3.53,87,14,A,1
1214,3527.02,103681,142.19,8.84,75.22,3.65,21,35,B,8
1215,4.0,123737,132.5,8.19,72.79,2.96,51,15,B,6
1216,5940.79,39910,126.67,7.61,28.22,2.83,97,44,C,11
1217,11731.35,70713,194.81,8.62,43.67,3.58,5,7,B,9
1218,71013.56,151315,212.94,7.74,36.39,3.02,72,1,A,2
1219,26859.39,204184,140.59,7.91,37.85,3.57,1,27,A,12
1220,15864.69,206302,126.6,14.1,59.84,3.09,49,28,A,4
1221,7910.63,203007,196.96,8.26,33.4,3.19,55,32,A,3
1222,6654.52,125833,225.11,5.67,67.87,3.84,55,9,B,3
1223,19050.64,41062,207.52,10.58,74.21,3.91,13,43,C,5
1224,76374.46,205863,129.06,5.95,73.65,3.77,40,4,A,5
1225,25292.02,114533,132.76,5.33,63.21,2.72,87,23,B,9
1226,55781.92,151315,210.44,7.81,64.84,2.8,93,1,A,4
1227,5476.33,103681,140.47,8.74,40.68,3.41,85,35,B,12
1228,22724.6,123737,132.92,8.07,40.29,3.05,8,15,B,11
1229,66.41,42988,221.2,6.89,66.97,3.88,12,30,C,4
1230,316.53,155083,136.49,4.42,38.51,3.5,28,40,A,12
1231,3563.77,120653,136.49,8.47,46.25,3.5,19,18,B,12
1232,7329.09,57197,196.96,6.16,23.4,3.19,82,16,B,3
1233,3427.64,128107,208.44,7.27,71.64,3.71,32,25,B,7
1234,9371.33,93188,130.83,6.4,43.69,3.53,17,17,B,3
1235,32365.74,203819,131.64,8.35,28.57,2.91,1,19,A,2
1236,2990.99,203007,192.62,8.6,44.86,3.66,49,32,A,4
1237,4678.2,57197,192.27,6.34,35.75,3.46,16,16,B,4
1238,4089.61,126512,129.81,7.87,68.57,3.83,37,10,B,11
1239,1337.88,37392,213.67,7.34,70.24,2.78,29,3,B,4
1240,39220.03,202505,212.76,6.97,83.9,2.61,93,6,A,7
1241,222.08,203819,137.66,7.94,56.72,4.05,59,19,A,3
1242,13042.95,206302,130.76,10.93,95.91,3.81,14,28,A,8
1243,2098.08,114533,136.05,4.58,69.53,3.9,27,23,B,8
1244,5723.84,196321,189.94,7.34,70.07,2.69,24,41,A,7
1245,4944.25,203819,132.52,8.1,66.25,2.96,33,19,A,7
1246,26879.78,140167,217.65,7.44,59.8,3.3,7,21,B,11
1247,8253.13,34875,218.41,6.3,56.71,3.33,23,5,B,11
1248,38550.27,200898,185.97,8.52,62.28,4.06,80,14,A,5
1249,9442.32,93638,136.46,9.36,47.8,3.57,34,29,B,11
1250,101103.17,200898,188.65,8.52,46.57,3.42,91,14,A,12
1251,16696.86,200898,187.48,8.52,55.82,3.58,87,14,A,10
1252,8747.47,39690,126.44,10.12,58.4,2.96,98,33,A,2
1253,9554.91,158114,129.37,10.64,70.05,3.55,55,34,A,9
1254,51.93,42988,221.56,6.56,82.51,3.26,28,30,C,7
1255,114532.74,155083,136.46,4.42,40.75,3.57,92,40,A,11
1256,36905.54,119557,136.56,8.43,68.99,2.77,8,22,B,8
1257,10366.85,151315,211.02,8.11,51.45,2.73,3,1,A,3
1258,176.0,158114,126.33,10.21,59.57,2.73,41,34,A,10
1259,59336.46,203819,138.11,8.15,68.18,3.92,90,19,A,6
1260,8692.61,158114,130.24,9.65,33.99,3.26,3,34,A,1
1261,77046.6,204184,135.87,8.06,53.91,3.02,40,27,A,4
1262,13160.6,206302,129.98,12.89,45.4,3.54,6,28,A,12
1263,66722.58,155078,225.3,5.68,74.28,3.45,95,8,A,6
1264,4287.05,151315,214.11,7.74,53.56,3.46,20,1,A,3
1265,108795.61,152513,132.22,8.51,50.81,2.96,38,26,A,5
1266,34776.29,155083,134.86,4.78,66.16,3.97,38,40,A,6
1267,7231.65,202307,210.75,8.32,40.19,2.57,20,2,A,2
1268,128626.08,151315,210.49,7.81,66.32,2.81,92,1,A,4
1269,6269.61,39910,127.58,7.22,31.64,2.96,13,44,C,1
1270,13880.97,203819,136.42,8.36,68.0,3.86,34,24,A,9
1271,2600.58,120653,132.06,9.27,51.12,2.94,31,18,B,4
1272,18939.91,202307,210.68,8.32,51.26,2.73,14,2,A,3
1273,105715.89,206302,126.79,14.31,50.01,3.2,92,28,A,12
1274,35.67,39690,129.33,8.44,99.2,3.8,52,33,A,9
1275,6241.9,34875,216.03,6.49,74.34,3.81,92,5,B,4
1276,4884.64,93188,126.61,6.55,35.59,2.82,6,17,B,3
1277,15490.02,203750,221.38,6.89,72.42,3.63,9,31,A,5
1278,10134.91,203742,208.44,7.27,74.69,3.71,12,20,A,7
1279,2979.5,219622,126.53,8.32,35.7,2.65,27,13,A,2
1280,23669.23,126512,129.82,7.87,55.28,3.68,87,10,B,11
1281,10345.52,200898,182.62,8.74,66.55,2.71,32,14,A,9
1282,130.0,203819,132.6,8.12,75.91,2.93,19,24,A,7
1283,20.51,39910,218.05,7.72,55.41,3.11,27,37,C,12
1284,1704.03,70713,193.19,8.62,59.08,3.54,26,7,B,7
1285,3844.97,119557,136.63,8.57,69.31,2.72,58,22,B,10
1286,1316.23,39690,126.16,9.52,76.67,3.06,67,42,C,5
1287,6665.96,70713,196.96,8.26,30.1,3.29,22,7,B,3
1288,483.36,39690,129.69,12.89,70.44,3.83,3,38,C,10
1289,28246.4,207499,214.57,7.37,48.01,2.55,46,11,A,2
1290,15654.98,93188,129.43,6.74,61.48,3.64,87,17,B,9
1291,3003.5,202307,211.18,8.1,82.05,2.58,35,2,A,9
1292,32117.52,184109,210.77,8.48,62.21,2.73,38,39,A,11
1293,3294.52,118221,185.18,8.52,37.27,3.64,12,45,B,4
1294,24013.34,57197,189.45,6.84,62.37,2.72,2,16,B,6
1295,23143.55,200898,182.78,8.72,46.15,3.04,26,14,A,11
1296,7447.6,202307,221.6,6.56,88.55,3.49,55,2,A,8
1297,466.2,128107,212.57,6.96,30.23,3.42,56,25,B,1
1298,33191.18,196321,192.9,6.93,62.3,3.7,46,41,A,6
1299,29243.45,125833,215.44,6.56,49.96,2.77,72,9,B,11
1300,64352.08,219622,126.06,7.95,74.93,2.84,72,13,A,8
1301,2071.5,57197,191.26,6.99,19.66,2.83,31,16,B,12
1302,38.85,93188,131.04,5.94,57.77,3.82,45,17,B,9
1303,16068.54,57197,191.76,6.61,13.64,3.01,11,16,B,2
1304,17974.67,128107,204.82,7.48,32.41,3.05,46,25,B,12
1305,2543.89,93188,131.08,5.53,52.81,3.82,16,17,B,10
1306,32369.54,70713,195.48,8.51,23.41,3.53,38,7,B,11
1307,11261.1,118221,184.39,8.55,38.65,3.43,14,45,B,3
1308,13128.14,219622,130.97,6.1,53.2,3.73,22,13,A,3
1309,41.96,39910,213.34,8.4,71.07,3.47,31,37,C,3
1310,45.0,39690,126.6,9.85,68.43,3.0,9,33,A,4
1311,6943.73,206302,129.69,12.89,70.44,3.83,32,28,A,10
1312,1316.63,57197,198.1,6.06,62.07,3.54,29,16,B,8
1313,7207.43,140167,218.82,7.44,50.56,3.16,44,21,B,12
1314,1765.0,158114,126.47,9.59,55.04,2.8,35,34,A,4
1315,4803.7,114533,134.51,4.78,50.07,4.08,85,23,B,5
1316,52243.98,205863,126.11,7.37,80.7,2.65,4,4,A,7
1317,457.82,126512,130.93,7.17,83.07,4.12,80,10,B,9
1318,1839.54,93638,132.88,10.26,32.56,3.19,33,29,B,1
1319,18549.25,196321,192.12,7.24,40.19,3.41,81,41,A,3
1320,820.0,123737,136.27,7.81,67.59,3.93,58,15,B,9
1321,686.4,39910,210.24,8.48,51.83,2.81,60,36,A,12
1322,2052.14,200898,190.34,8.42,45.52,3.85,19,14,A,3
1323,22644.05,155078,226.77,5.12,61.41,3.62,10,8,A,10
1324,7809.84,120653,138.09,8.3,57.44,3.95,97,18,B,5
1325,28.0,39690,130.74,7.17,84.76,3.6,20,42,C,8
1326,4095.55,112238,126.09,14.18,92.95,3.12,21,12,B,8
1327,43876.12,200898,191.46,8.68,75.09,3.87,4,14,A,8
1328,18710.93,39910,209.98,8.55,59.56,2.72,96,37,C,3
1329,151.16,203819,136.59,7.87,36.09,3.59,54,19,A,12
1330,1543.96,184109,220.12,6.99,73.49,3.89,27,39,A,4
1331,1780.65,126512,126.44,9.77,54.34,2.96,56,10,B,2
1332,7416.18,57197,197.05,6.16,38.02,3.49,74,16,B,3
1333,568.47,39910,130.9,5.77,47.83,3.67,3,44,C,3
1334,40156.49,39910,214.23,8.18,84.99,3.66,92,36,A,7
1335,6546.26,41062,212.96,9.58,70.18,3.89,46,43,C,4
1336,25480.05,205863,127.09,7.13,38.09,2.96,11,4,A,12
1337,76856.93,200898,183.44,8.55,28.73,3.23,40,14,A,2
1338,45554.02,93188,128.72,6.77,39.38,3.49,40,17,B,4
1339,915.0,112238,130.7,10.93,85.53,3.73,58,12,B,7
1340,12913.32,207499,216.88,7.55,68.74,3.06,80,11,A,2
1341,1024.0,93638,137.87,9.14,49.89,4.02,41,29,B,4
1342,19565.57,202505,214.78,6.86,59.61,3.04,16,6,A,2
1343,27195.86,207499,214.42,7.35,84.9,2.62,46,11,A,7
1344,7339.63,39690,129.17,8.44,95.28,3.69,2,33,A,7
1345,506.25,202505,213.71,6.86,44.98,3.01,59,6,A,1
1346,1224.87,200898,185.94,8.52,58.21,4.05,28,14,A,5
1347,7702.59,203750,210.88,8.1,82.29,2.67,20,31,A,7
1348,7341.03,155078,224.84,5.82,52.9,3.79,12,8,A,3
1349,31571.2,202307,211.04,8.32,57.56,2.67,9,2,A,3
1350,1977.76,37392,214.42,7.37,45.71,2.57,30,3,B,2
1351,4708.46,34875,212.2,6.5,87.41,2.69,5,5,B,8
1352,7479.08,120653,138.26,8.54,75.09,3.56,97,18,B,7
1353,980.99,93188,131.04,6.24,43.92,3.79,48,17,B,4
1354,11655.7,93638,138.38,9.42,71.93,3.88,90,29,B,8
1355,21.38,152513,137.42,7.47,22.49,3.83,54,26,A,3
1356,12959.44,219622,126.49,7.8,49.96,2.83,25,13,A,11
1357,1217.1,39690,127.58,8.74,53.03,3.23,21,42,C,1
1358,16357.59,123737,136.24,7.81,67.63,3.88,4,15,B,9
1359,6333.92,103681,142.02,8.88,53.68,3.95,67,35,B,5
1360,4991.42,93638,138.14,9.42,76.74,3.77,91,29,B,8
1361,35502.18,39910,214.19,8.3,74.57,3.8,90,36,A,4
1362,20518.44,70713,189.7,8.96,38.26,2.72,1,7,B,4
1363,20965.47,202505,221.49,6.13,48.33,3.26,79,6,A,1
1364,5100.01,128107,210.98,7.08,44.81,3.53,16,25,B,11
1365,34629.84,206302,128.96,13.74,72.12,4.13,7,28,A,4
1366,6156.67,126512,131.19,6.94,70.5,4.3,35,10,B,10
1367,434.28,202307,214.93,7.85,87.7,3.48,59,2,A,7
1368,20936.44,203819,136.24,7.81,69.27,3.88,5,19,A,9
1369,80368.71,219622,131.11,5.96,51.7,3.83,94,13,A,4
1370,5405.55,155078,217.22,6.26,53.18,3.29,19,8,A,3
1371,74537.9,202307,215.15,7.93,76.42,3.79,91,2,A,5
1372,657.65,34875,216.23,6.53,89.35,3.55,97,5,B,8
1373,6.4,203750,221.38,6.89,72.42,3.63,18,31,A,5
1374,42187.62,128107,204.73,7.53,61.14,2.7,40,25,B,9
1375,35537.65,203007,189.77,9.02,75.69,2.69,72,32,A,7
1376,32933.08,203742,204.96,7.48,46.66,3.04,87,20,A,11
1377,5003.73,37392,215.18,7.56,71.64,2.72,42,3,B,10
1378,83471.57,219622,126.79,7.8,36.78,2.82,38,13,A,12
1379,62174.28,119557,136.6,8.57,29.76,3.15,92,22,B,12
1380,24946.72,93188,131.13,6.24,59.11,3.84,13,17,B,4
1381,25558.42,203007,189.45,8.96,64.69,2.74,8,32,A,5
1382,1878.85,34875,222.53,5.6,85.06,3.41,91,5,B,7
1383,36128.06,152513,132.95,7.91,16.7,3.22,94,26,A,1
1384,44039.36,126512,130.07,7.87,48.92,3.43,74,10,B,12
1385,1628.44,184109,211.33,8.4,45.96,2.99,35,39,A,2
1386,6425.1,39910,126.79,7.61,36.78,2.82,4,44,C,12
1387,9732.08,120653,137.26,8.08,32.87,3.7,26,18,B,2
1388,891.0,151315,214.84,7.68,59.17,3.52,36,1,A,4
1389,59139.71,203742,203.69,7.86,50.65,2.9,94,20,A,4
1390,40.01,41062,203.34,9.52,53.67,2.67,32,43,C,3
1391,17455.41,204184,140.65,8.01,35.8,3.58,1,27,A,1
1392,891.69,39690,127.86,14.02,51.3,3.38,21,38,C,2
1393,10.0,202505,216.62,6.86,70.35,3.62,54,6,A,4
1394,22013.96,203819,138.26,8.19,73.17,3.69,80,19,A,7
1395,21503.95,196321,190.4,7.34,63.3,2.78,97,41,A,9
1396,1009.93,39690,130.76,11.63,90.47,3.88,21,38,C,6
1397,5670.48,119557,137.05,8.46,26.39,3.24,42,22,B,2
1398,37592.27,39910,126.19,7.8,68.22,2.87,38,44,C,9
1399,796.92,42988,219.72,7.06,50.79,3.29,16,30,C,1
1400,480.26,39690,126.08,9.5,96.46,3.04,67,33,A,8
1401,6182.6,39690,129.61,8.44,89.1,3.88,98,33,A,9
1402,37923.91,204184,141.63,8.01,57.3,4.05,10,27,A,3
1403,29151.11,112238,129.77,12.89,67.31,3.8,46,12,B,10
1404,45.92,203819,138.17,8.95,73.26,3.82,54,24,A,8
1405,184.8,39910,214.24,8.3,81.28,3.79,60,36,A,5
1406,255.38,39690,130.76,11.63,90.47,3.88,3,38,C,6
1407,16976.49,206302,129.9,12.89,43.29,3.6,55,28,A,12
1408,1788.0,118221,181.87,8.99,27.31,2.78,27,45,B,2
1409,10.0,39690,127.09,14.31,45.64,3.15,34,38,C,12
1410,8.96,155083,131.74,5.89,34.78,2.77,51,40,A,3
1411,12473.09,152513,132.87,8.15,40.3,2.94,82,26,A,10
1412,50399.44,203819,136.46,7.87,48.22,3.72,2,19,A,11
1413,19231.96,203819,136.27,7.81,68.28,3.93,34,19,A,9
1414,49893.24,200898,192.01,8.68,64.88,4.0,13,14,A,9
1415,45480.2,103681,135.87,9.05,53.91,2.9,13,35,B,4
1416,9539.11,123737,138.38,8.19,71.42,4.03,82,15,B,8
1417,17263.32,203742,208.96,7.29,62.26,4.07,17,20,A,5
1418,50540.08,203819,136.46,8.45,46.78,3.72,8,24,A,11
1419,151134.88,200898,182.62,8.74,66.55,2.71,95,14,A,9
1420,42759.16,39690,130.72,7.17,86.87,3.67,93,42,C,7
1421,16335.42,103681,135.87,9.05,53.91,2.9,26,35,B,4
1422,48.0,39910,216.94,7.72,66.28,3.31,31,37,C,11
1423,5155.93,196321,198.1,6.43,65.77,3.54,6,41,A,8
1424,91238.47,203007,191.14,9.14,30.72,2.78,95,32,A,12
1425,17286.03,206302,127.19,14.02,37.64,3.29,96,28,A,1
1426,37820.95,39690,128.26,14.02,51.72,3.67,90,38,C,3
1427,23241.13,39690,126.5,13.98,47.87,2.95,91,38,C,2
1428,731.96,41062,209.08,10.15,68.09,3.27,67,43,C,10
1429,33009.86,203819,138.13,8.98,68.28,3.79,7,24,A,6
1430,1022.86,203750,217.16,7.44,65.16,3.35,36,31,A,10
1431,8.0,42988,210.68,8.32,51.66,2.73,23,30,C,3
1432,3811.36,202307,211.57,8.16,66.24,2.72,31,2,A,10
1433,74162.46,204184,136.77,8.02,50.81,3.14,2,27,A,11
1434,75564.94,207499,218.85,7.57,78.31,3.81,95,11,A,4
1435,50482.07,203819,138.83,8.69,52.59,4.15,72,24,A,10
1436,2167.72,152513,132.11,8.51,54.72,2.98,85,26,A,5
1437,7266.32,155078,225.36,5.68,78.85,3.35,12,8,A,6
1438,135.5,203819,132.66,8.12,72.17,2.91,19,24,A,8
1439,4866.86,93638,134.28,9.97,48.88,3.82,81,29,B,4
1440,1234.38,155083,136.46,4.42,40.75,3.57,31,40,A,11
1441,8635.99,93638,133.18,10.26,26.39,3.24,82,29,B,2
1442,10448.4,207499,219.4,7.57,85.11,3.53,26,11,A,9
1443,6446.23,202505,213.38,7.01,70.97,2.72,44,6,A,10
1444,16075.91,70713,191.03,9.14,20.74,2.78,1,7,B,12
1445,8530.75,93638,133.85,10.26,43.38,3.63,74,29,B,3
1446,3074.77,57197,197.05,6.16,38.02,3.49,67,16,B,3
1447,1920.54,155078,214.67,6.3,39.1,2.51,19,8,A,2
1448,4306.14,118221,184.81,8.55,46.66,3.63,87,45,B,3
1449,57411.69,152513,133.37,7.91,19.63,3.26,72,26,A,2
1450,34018.01,39910,130.83,5.77,52.5,3.53,90,44,C,3
1451,21717.8,140167,218.61,7.44,41.44,3.16,11,21,B,12
1452,1573.33,103681,136.63,8.76,70.19,2.71,52,35,B,10
1453,3607.46,155083,138.12,4.12,55.78,3.75,30,40,A,6
1454,28967.27,114533,133.85,5.11,37.28,3.63,91,23,B,3
1455,30352.74,203819,131.94,8.21,62.06,2.99,5,24,A,4
1456,20925.69,204184,140.42,7.91,47.88,3.69,11,27,A,11
1457,46229.56,57197,189.58,6.84,37.75,2.77,38,16,B,4
1458,3880.48,203819,136.48,7.87,44.97,3.74,30,19,A,11
1459,12420.47,39690,126.88,9.0,59.15,3.12,1,42,C,12
1460,7952.11,219622,131.11,5.96,51.7,3.83,49,13,A,4
1461,2432.49,152513,132.84,8.15,28.11,3.07,42,26,A,11
1462,25918.94,155078,219.79,6.42,68.72,3.47,13,8,A,9
1463,27577.07,202505,220.29,6.55,51.18,3.17,46,6,A,12
1464,150298.33,205863,129.77,5.14,63.75,3.28,95,4,A,10
1465,1438.95,203750,210.0,8.2,70.87,2.84,85,31,A,5
1466,18455.81,207499,215.06,7.56,69.9,2.74,26,11,A,11
1467,3454.29,93188,126.47,6.64,52.25,2.94,19,17,B,4
1468,2989.5,57197,190.95,6.99,35.76,2.75,36,16,B,10
1469,3045.16,219622,130.31,6.1,34.32,3.06,31,13,A,1
1470,13816.66,70713,195.77,8.51,27.6,3.42,8,7,B,11
1471,3460.76,202307,214.94,7.93,69.48,3.74,52,2,A,4
1472,20777.36,57197,193.0,6.34,54.36,3.66,92,16,B,6
1473,40662.22,39910,209.98,8.36,81.85,2.67,90,37,C,7
1474,2750.47,125833,226.36,5.28,73.55,3.72,33,9,B,9
1475,17278.55,93638,134.94,9.97,69.53,3.92,34,29,B,6
1476,161605.8,203742,208.8,7.29,53.41,4.05,92,20,A,5
1477,522.9,119557,142.41,7.75,71.93,3.88,28,22,B,8
1478,1.5,203819,135.63,8.36,72.56,3.89,51,24,A,7
1479,14249.92,37392,225.56,6.33,87.36,3.57,10,3,B,8
1480,57194.3,114533,133.85,5.11,37.28,3.63,92,23,B,3
1481,359.85,70713,193.71,8.62,56.66,3.55,35,7,B,7
1482,184.36,140167,210.15,8.2,67.87,2.81,18,21,B,4
1483,27585.27,151315,211.6,7.79,80.94,2.62,9,1,A,9
1484,7095.48,118221,189.06,8.52,37.79,3.39,6,45,B,12
1485,2080.62,184109,220.49,6.99,79.84,3.35,31,39,A,6
1486,12325.46,206302,130.16,12.19,50.43,3.6,83,28,A,1
1487,6334.56,125833,220.32,6.4,78.45,3.36,12,9,B,9
1488,227.0,152513,138.65,7.4,52.68,4.06,48,26,A,9
1489,1.0,93188,129.37,6.74,61.94,3.62,41,17,B,9
1490,41646.0,203819,132.87,8.27,57.29,3.06,94,24,A,10
1491,77035.86,204184,140.53,7.91,41.59,3.59,14,27,A,12
1492,66451.14,203750,220.7,7.06,57.16,3.67,94,31,A,3
1493,7142.9,151315,212.57,7.74,42.27,2.99,26,1,A,2
1494,3096.53,207499,214.7,7.56,54.63,2.87,83,11,A,12
1495,5017.24,203819,138.11,8.15,68.18,3.92,44,19,A,6
1496,10294.86,203750,220.7,7.06,57.16,3.67,83,31,A,3
1497,21248.98,219622,126.88,7.8,35.21,2.84,6,13,A,12
1498,34182.25,57197,189.67,7.04,27.92,2.62,40,16,B,3
1499,26921.88,204184,136.44,7.98,81.56,2.92,96,27,A,7
1500,20114.58,202505,211.84,7.09,74.95,2.85,74,6,A,5
1501,10931.2,57197,196.87,6.16,25.53,3.03,46,16,B,2
1502,16065.75,93188,127.09,6.88,20.79,2.87,18,17,B,12
1503,15449.27,103681,140.2,8.68,71.44,3.7,8,35,B,9
1504,3756.9,118221,182.43,8.9,69.71,2.81,29,45,B,6
1505,20353.85,158114,126.6,9.59,50.07,2.74,4,34,A,4
1506,15717.41,202505,224.8,5.33,70.84,3.62,34,6,A,10
1507,2711.7,93638,132.76,10.52,69.31,2.72,71,29,B,10
1508,6244.19,140167,215.15,7.93,76.86,3.79,24,21,B,5
1509,36497.02,207499,218.85,7.57,78.31,3.81,23,11,A,4
1510,6606.56,203819,136.59,8.45,36.93,3.59,85,24,A,12
1511,35922.95,114533,137.26,4.26,27.01,3.7,13,23,B,2
1512,49328.29,196321,193.71,6.9,71.3,3.55,2,41,A,7
1513,12404.6,114533,132.36,5.44,64.94,2.86,29,23,B,6
1514,19856.79,103681,135.79,9.05,62.62,2.87,46,35,B,4
1515,35549.79,203750,215.2,7.85,94.22,3.68,4,31,A,8
1516,3940.45,70713,189.47,8.96,46.6,2.78,25,7,B,5
1517,41578.37,114533,132.76,5.33,57.75,2.72,9,23,B,9
1518,2158.0,196321,191.37,7.24,23.76,2.88,85,41,A,1
1519,62771.22,200898,190.17,8.42,41.55,3.82,13,14,A,3
1520,4127.31,93638,132.92,10.52,44.34,2.94,29,29,B,11
1521,114098.81,126512,126.11,9.52,89.67,3.06,72,10,B,6
1522,14502.09,203750,221.38,6.89,72.42,3.63,67,31,A,5
1523,1345.36,152513,138.83,7.14,54.07,4.03,52,26,A,10
1524,1578.59,140167,210.75,8.32,39.05,2.57,85,21,B,2
1525,18572.27,203742,209.81,7.27,63.44,3.64,98,20,A,9
1526,38071.15,126512,129.13,8.26,86.01,3.78,16,10,B,7
1527,138318.16,203742,205.1,7.48,45.88,3.0,95,20,A,11
1528,11404.93,155083,135.96,4.58,67.45,3.9,14,40,A,7
1529,24212.45,126512,129.52,8.26,82.51,3.79,17,10,B,9
1530,74016.81,203742,204.67,7.86,72.62,2.78,72,20,A,6
1531,5364.0,203750,214.94,7.93,71.01,3.74,42,31,A,4
1532,26756.31,93188,130.7,5.94,70.59,3.56,46,17,B,7
1533,3156.85,125833,219.12,6.38,80.42,3.79,21,9,B,5
1534,6623.89,207499,225.31,6.66,83.26,3.35,33,11,A,6
1535,87.76,39690,131.15,11.63,77.27,4.19,32,38,C,5
1536,1490.19,37392,213.91,7.34,75.81,2.83,20,3,B,5
1537,17793.5,203742,204.82,7.53,69.37,2.71,34,20,A,9
1538,9647.56,57197,196.95,6.16,26.21,3.13,1,16,B,2
1539,60199.53,120653,136.5,8.47,55.83,3.62,40,18,B,10
1540,6658.31,120653,136.31,8.89,66.23,3.81,42,18,B,9
1541,28186.55,39910,218.23,7.72,48.26,3.13,95,36,A,12
1542,10849.12,103681,142.08,8.88,58.97,3.89,20,35,B,5
1543,2054.26,57197,198.82,5.85,50.46,3.78,33,16,B,10
1544,44.0,39910,130.84,5.41,77.37,3.58,20,44,C,8
1545,14144.79,128107,204.73,7.53,61.14,2.7,46,25,B,9
1546,407.98,93188,131.15,6.24,49.96,3.81,59,17,B,5
1547,1115.34,112238,131.03,11.63,83.84,4.29,56,12,B,5
1548,102721.47,200898,182.9,8.72,50.02,3.0,38,14,A,11
1549,2320.48,112238,130.65,12.19,52.27,4.18,97,12,B,3
1550,5781.41,203750,219.53,7.06,45.0,3.26,55,31,A,1
1551,2004.82,203750,210.88,8.1,82.29,2.67,44,31,A,7
1552,7259.05,112238,129.11,13.5,89.9,3.7,71,12,B,7
1553,16549.98,119557,136.53,8.57,30.46,3.14,11,22,B,12
1554,77712.53,203742,214.61,7.14,76.51,3.56,8,20,A,6
1555,779.76,41062,213.18,9.58,87.75,3.39,7,43,C,6
1556,16976.68,70713,191.14,9.14,26.04,2.78,13,7,B,12
1557,4506.74,203007,197.41,8.26,56.09,3.75,71,32,A,3
1558,18347.58,200898,184.81,8.55,46.66,3.63,22,14,A,3
1559,3667.4,207499,214.42,7.37,46.04,2.57,12,11,A,2
1560,822.5,70713,190.78,9.14,44.13,2.74,36,7,B,10
1561,8798.92,203007,198.13,7.87,64.05,3.66,22,32,A,9
1562,16139.02,140167,215.07,7.85,90.27,3.65,5,21,B,7
1563,3369.9,120653,136.14,8.89,73.57,3.88,35,18,B,8
1564,10643.55,112238,129.2,13.5,91.04,3.7,33,12,B,8
1565,6908.93,39690,131.11,6.9,79.64,4.47,98,33,A,10
1566,10.0,39690,126.53,9.77,58.22,2.92,32,42,C,2
1567,8100.54,140167,219.53,7.06,45.0,3.26,87,21,B,1
1568,0.1,39690,131.03,7.38,86.03,4.13,18,42,C,5
1569,22957.5,203007,189.38,9.01,34.43,2.58,46,32,A,2
1570,30867.06,119557,136.8,8.46,24.76,3.22,4,22,B,1
1571,14933.99,103681,138.86,8.51,73.26,3.88,26,35,B,6
1572,3496.12,93638,138.16,9.14,70.61,3.63,21,29,B,6
1573,13870.31,103681,138.06,8.51,46.87,3.72,25,35,B,4
1574,15099.8,119557,136.59,8.43,75.85,2.74,81,22,B,9
1575,45237.99,196321,192.9,6.93,62.3,3.7,72,41,A,6
1576,52759.41,39910,127.3,7.22,20.6,2.9,38,44,C,1
1577,1166.0,103681,142.08,8.88,58.97,3.89,41,35,B,5
1578,50979.77,140167,210.15,8.2,67.87,2.81,38,21,B,4
1579,48361.46,120653,133.61,9.13,28.49,3.44,13,18,B,3
1580,26477.69,207499,215.33,7.56,63.74,2.73,4,11,A,11
1581,14.88,103681,142.08,8.88,58.97,3.89,54,35,B,5
1582,13964.25,39690,130.97,7.54,67.92,4.29,80,42,C,3
1583,12037.38,114533,132.06,5.44,45.47,2.94,26,23,B,4
1584,4217.44,37392,225.83,6.33,85.18,3.64,25,3,B,8
1585,187.08,103681,140.7,8.74,41.3,3.51,59,35,B,1
1586,31035.56,204184,139.8,7.85,82.28,3.97,81,27,A,7
1587,27913.12,128107,203.69,7.86,46.12,2.9,13,25,B,4
1588,5559.78,205863,131.08,3.88,63.07,3.62,30,4,A,10
1589,8709.8,155083,133.74,5.11,30.53,3.6,23,40,A,3
1590,4250.55,57197,197.61,6.17,51.34,3.9,67,16,B,5
1591,10347.56,34875,220.76,5.94,57.35,3.36,72,5,B,2
1592,873.7,205863,129.37,5.64,73.34,3.55,28,4,A,9
1593,19658.47,119557,135.87,8.35,51.04,2.9,90,22,B,4
1594,16125.12,203750,221.39,6.89,79.47,3.45,5,31,A,6
1595,22004.16,93638,136.52,9.36,62.63,3.58,2,29,B,10
1596,14960.54,202505,222.03,6.13,49.03,3.51,81,6,A,2
1597,7.74,125833,225.55,5.54,81.05,3.35,59,9,B,6
1598,6158.12,151315,221.93,6.91,80.42,3.31,83,1,A,7
1599,22267.08,219622,131.15,5.96,56.47,3.81,34,13,A,5
1600,44506.97,203750,221.0,7.06,67.87,3.84,13,31,A,3
1601,1874.27,204184,142.31,8.24,72.93,4.0,41,27,A,8
1602,9412.9,205863,130.7,4.08,79.14,3.26,29,4,A,7
1603,57.74,34875,210.99,6.46,65.13,2.8,59,5,B,4
1604,117213.66,200898,191.23,8.68,75.71,3.81,95,14,A,8
1605,198.0,114533,137.17,4.26,26.6,3.66,77,23,B,2
1606,67717.74,203819,132.55,8.12,79.05,2.94,94,24,A,7
1607,14695.06,140167,210.88,8.1,82.29,2.67,11,21,B,7
1608,3216.64,140167,217.0,7.44,69.79,3.27,52,21,B,10
1609,15107.2,155078,219.79,6.42,68.72,3.47,5,8,A,9
1610,68603.24,184109,215.78,7.72,71.68,3.28,2,39,A,10
1611,7792.63,203007,198.1,7.87,70.75,3.54,42,32,A,8
1612,477.55,103681,142.41,8.84,75.0,3.87,28,35,B,8
1613,3531.51,206302,126.15,14.18,90.37,3.1,44,28,A,7
1614,5593.71,118221,184.16,8.55,35.78,3.27,55,45,B,2
1615,9.32,120653,131.98,9.27,50.26,2.88,98,18,B,4
1616,25.5,42988,219.18,7.44,45.16,3.13,17,30,C,12
1617,22813.16,155083,132.52,5.33,65.47,2.82,7,40,A,7
1618,872.25,203750,221.2,6.89,66.97,3.88,41,31,A,4
1619,19903.26,204184,136.69,8.02,52.82,3.05,11,27,A,10
1620,8961.71,200898,182.9,8.72,61.3,2.92,20,14,A,10
1621,45755.43,128107,212.07,7.08,33.09,3.41,40,25,B,12
1622,911.01,39910,220.61,6.62,81.76,3.31,3,37,C,7
1623,18604.9,155078,213.67,6.29,62.68,2.84,97,8,A,5
1624,76805.97,219622,126.1,7.95,65.71,2.87,72,13,A,9
1625,4051.52,155083,136.48,4.42,32.76,3.54,20,40,A,11
1626,9338.57,204184,141.63,8.01,57.3,4.05,71,27,A,3
1627,19117.88,126512,130.97,7.54,67.92,4.29,32,10,B,3
1628,46400.17,41062,203.37,9.59,88.12,2.67,91,43,C,6
1629,61972.74,200898,182.6,8.55,34.32,3.19,94,14,A,1
1630,52265.27,200898,186.51,8.62,72.98,3.75,4,14,A,8
1631,5565.83,203750,211.18,8.1,83.03,2.58,32,31,A,9
1632,19405.8,126512,126.6,9.52,63.66,3.09,32,10,B,4
1633,8217.18,39690,129.07,8.69,94.11,3.81,80,33,A,6
1634,4888.97,203819,138.2,8.19,74.43,3.82,85,19,A,7
1635,14251.24,200898,183.18,8.55,24.05,3.24,22,14,A,1
1636,10924.44,203819,132.76,8.27,37.08,3.2,26,24,A,12
1637,31.1,39910,129.2,6.56,75.95,3.61,6,44,C,8
1638,48.26,39690,130.31,7.6,56.33,3.68,22,33,A,1
1639,52573.33,114533,132.82,5.29,19.05,3.18,2,23,B,12
1640,24278.1,203750,221.68,6.56,85.55,3.57,8,31,A,8
1641,62083.97,152513,136.48,7.6,31.7,3.59,95,26,A,11
1642,3324.41,123737,132.75,8.07,52.19,2.9,91,15,B,10
1643,24686.46,206302,131.15,10.2,68.66,4.45,4,28,A,10
1644,704.54,34875,216.17,6.53,90.16,3.64,30,5,B,8
1645,31.5,39690,130.76,10.93,95.91,3.81,31,38,C,8
1646,3932.88,202505,224.8,5.33,70.84,3.62,37,6,A,10
1647,1655.34,125833,218.88,6.4,89.04,3.48,19,9,B,7
1648,55142.29,196321,196.94,6.59,22.52,3.11,91,41,A,2
1649,27654.61,155078,226.02,5.4,80.87,3.73,13,8,A,9
1650,2195.76,196321,192.01,7.24,34.99,3.23,35,41,A,3
1651,9421.62,114533,137.06,4.26,29.71,3.63,29,23,B,2
1652,38552.6,152513,133.85,7.91,31.76,3.63,94,26,A,3
1653,16737.2,152513,132.55,8.44,71.08,2.81,87,26,A,7
1654,16648.95,203742,211.87,7.08,41.64,3.42,21,20,A,12
1655,40734.79,93188,126.61,6.88,36.31,2.84,72,17,B,11
1656,4298.92,118221,188.65,8.52,46.57,3.42,44,45,B,12
1657,16.19,39690,129.52,8.26,82.51,3.79,59,42,C,9
1658,15169.56,34875,222.02,5.8,70.4,3.89,8,5,B,4
1659,44694.34,200898,182.24,8.9,75.93,2.85,79,14,A,6
1660,10029.72,196321,196.55,6.59,37.21,3.1,55,41,A,1
1661,5054.72,118221,181.85,8.9,62.62,2.96,87,45,B,5
1662,3.98,140167,211.18,8.1,83.03,2.58,80,21,B,9
1663,2201.93,37392,214.83,7.35,82.36,2.58,12,3,B,9
1664,51511.98,203007,191.0,9.14,49.2,2.73,38,32,A,11
1665,10769.76,207499,214.7,7.35,83.26,2.64,71,11,A,7
1666,63324.22,219622,129.77,6.39,51.74,3.57,72,13,A,10
1667,14231.71,39690,126.47,9.52,66.42,3.05,81,42,C,4
1668,1461.63,119557,142.31,7.75,70.42,3.87,80,22,B,8
1669,10.0,39690,126.88,9.0,59.15,3.12,32,42,C,12
1670,15686.57,93188,129.98,6.62,18.76,3.19,6,17,B,12
1671,60250.68,196321,189.6,7.54,21.84,2.59,90,41,A,2
1672,12404.8,207499,225.39,6.33,83.44,3.23,32,11,A,7
1673,4941.92,140167,211.61,8.16,58.71,2.69,71,21,B,11
1674,7585.11,120653,136.53,8.47,35.52,3.44,97,18,B,12
1675,24395.18,155083,136.27,4.58,64.83,3.81,87,40,A,9
1676,5801.69,203819,138.47,8.19,72.2,4.08,42,19,A,9
1677,16486.77,39910,220.64,6.62,84.41,3.49,2,37,C,8
1678,1944.19,93638,132.92,10.52,48.62,3.03,97,29,B,11
1679,2445.0,125833,225.49,5.54,78.91,3.45,6,9,B,6
1680,538.8,123737,132.6,8.1,72.04,2.93,83,15,B,7
1681,1365.15,204184,138.33,7.72,61.71,4.12,52,27,A,4
1682,95665.56,204184,141.47,8.01,44.32,4.02,90,27,A,3
1683,11551.12,151315,211.4,7.84,48.43,2.94,22,1,A,12
1684,34004.41,219622,126.13,7.95,82.27,2.8,3,13,A,7
1685,38227.62,39690,126.11,9.2,84.04,2.96,94,42,C,9
1686,1975.16,70713,191.26,9.14,13.76,2.83,85,7,B,12
1687,12078.11,203819,132.47,8.19,66.25,2.94,22,19,A,6
1688,2202.0,93188,129.05,6.77,49.61,3.75,36,17,B,6
1689,1464.37,203819,138.65,8.95,61.25,4.2,85,24,A,9
1690,3327.08,34875,216.17,6.53,90.16,3.64,90,5,B,8
1691,7325.5,158114,126.14,9.82,73.66,2.67,34,34,A,7
1692,310.96,41062,203.82,10.21,54.96,2.77,18,43,C,11
1693,29322.6,155078,218.73,6.3,63.55,3.74,72,8,A,4
1694,690.37,39690,126.11,14.18,96.31,3.02,74,38,C,7
1695,28124.06,203819,137.66,8.66,59.51,4.05,10,24,A,3
1696,5344.06,128107,209.81,7.27,60.7,3.64,42,25,B,9
1697,607.2,203007,194.11,8.62,74.2,3.54,60,32,A,8
1698,13648.77,93188,126.61,6.88,36.31,2.84,3,17,B,11
1699,19127.52,93638,137.8,9.14,46.38,3.96,23,29,B,4
1700,1675.88,112238,129.07,13.74,88.95,3.9,27,12,B,6
1701,15474.79,203819,137.06,7.94,36.22,3.8,9,19,A,2
1702,5595.62,204184,136.35,8.06,78.02,2.96,30,27,A,6
1703,8881.85,196321,197.79,6.55,76.54,3.69,25,41,A,6
1704,145530.89,203819,132.75,8.27,27.74,3.31,92,24,A,12
1705,13250.26,123737,132.82,8.07,47.1,3.05,11,15,B,10
1706,351.43,125833,219.32,6.4,88.95,3.52,36,9,B,8
1707,48.48,39690,126.38,9.0,68.12,3.01,85,42,C,10
1708,144125.16,204184,138.77,7.72,74.17,4.07,92,27,A,6
1709,2475.97,118221,185.18,8.52,37.27,3.64,56,45,B,4
1710,19758.1,202505,212.41,7.09,78.89,2.76,1,6,A,5
1711,19175.84,39690,130.97,7.54,67.92,4.29,8,42,C,3
1712,14991.85,203007,193.09,8.62,72.86,3.6,5,32,A,7
1713,52335.98,203742,208.64,7.29,62.97,3.96,7,20,A,4
1714,26225.4,207499,213.67,7.34,71.13,2.78,93,11,A,4
1715,50190.62,152513,133.26,7.91,15.12,3.26,91,26,A,2
1716,52447.04,57197,190.67,6.99,59.39,2.76,38,16,B,10
1717,50998.7,118221,188.8,8.52,39.93,3.41,38,45,B,12
1718,20.94,39690,131.04,7.17,82.52,3.97,49,42,C,9
1719,26.0,203750,223.02,6.17,61.53,3.6,54,31,A,10
1720,2358.52,39910,210.58,8.48,71.57,2.72,83,37,C,10
1721,7600.12,112238,129.79,12.89,67.41,3.73,32,12,B,10
1722,12737.84,155083,138.47,4.16,65.06,3.92,5,40,A,9
1723,31865.02,200898,185.8,8.52,66.18,3.96,34,14,A,4
1724,50235.94,184109,221.12,6.62,83.71,3.73,4,39,A,9
1725,7965.96,70713,197.93,7.87,62.87,3.58,81,7,B,7
1726,62931.75,140167,221.81,6.56,77.72,3.62,3,21,B,8
1727,810.96,118221,182.81,8.72,58.61,2.87,28,45,B,10
1728,67668.72,120653,134.51,8.98,54.17,4.08,40,18,B,5
1729,1659.69,140167,221.48,6.89,88.05,3.29,19,21,B,6
1730,13307.98,203007,197.62,8.09,62.84,3.76,5,32,A,6
1731,16052.51,202505,212.89,6.97,81.37,2.64,81,6,A,7
1732,898.03,39690,130.79,7.4,95.75,4.01,67,33,A,6
1733,17521.66,39910,216.09,7.72,74.16,3.27,2,37,C,10
1734,29097.62,114533,136.49,4.42,42.57,3.6,49,23,B,10
1735,18421.62,39690,126.11,9.52,89.67,3.06,40,42,C,6
1736,21337.55,118221,182.52,8.72,30.51,3.14,55,45,B,12
1737,10830.0,200898,182.62,8.74,76.01,2.78,58,14,A,8
1738,86329.0,203750,219.18,7.44,45.16,3.13,95,31,A,12
1739,15630.14,155083,138.73,4.14,49.65,3.92,80,40,A,10
1740,72.55,39910,130.89,5.62,68.4,3.78,10,44,C,6
1741,27437.66,203742,214.61,7.14,76.51,3.56,34,20,A,6
1742,6059.84,196321,190.99,7.51,33.0,2.71,44,41,A,12
1743,1818.91,158114,129.86,10.15,24.69,3.15,37,34,A,12
1744,1958.93,93638,135.08,9.97,63.97,3.87,85,29,B,6
1745,11431.28,118221,186.51,8.62,72.98,3.75,34,45,B,8
1746,10886.51,39690,126.06,9.5,95.57,3.05,91,33,A,8
1747,106.41,204184,137.5,7.83,36.99,3.6,19,27,A,3
1748,21.6,39910,126.5,8.12,33.16,2.67,9,44,C,2
1749,20930.82,158114,128.91,10.58,53.3,3.72,5,34,A,4
1750,1748.32,42988,221.57,6.56,84.25,3.31,83,30,C,7
1751,20128.47,39690,129.13,8.26,86.01,3.78,97,42,C,7
1752,9870.86,219622,130.83,6.1,52.5,3.53,21,13,A,3
1753,9364.0,93188,126.98,6.88,26.58,2.85,34,17,B,12
1754,13203.68,203819,132.06,8.19,49.89,3.04,56,19,A,4
1755,3754.2,140167,214.65,7.93,87.54,3.64,6,21,B,6
1756,1637.26,128107,203.73,7.86,52.16,2.9,6,25,B,4
1757,7581.4,203750,215.38,7.93,68.36,3.91,3,31,A,5
1758,6905.38,203819,138.26,8.95,75.36,3.69,32,24,A,7
1759,11756.39,204184,142.1,8.25,65.15,4.03,32,27,A,5
1760,278.68,93638,136.24,9.86,69.16,3.78,28,29,B,9
1761,38648.06,93188,126.55,6.55,15.64,2.67,2,17,B,2
1762,4518.2,219622,129.61,6.88,68.28,3.62,52,13,A,9
1763,62959.58,204184,136.69,8.02,46.67,3.19,93,27,A,11
1764,9111.65,140167,220.28,7.06,54.81,3.56,55,21,B,2
1765,11118.73,200898,182.92,8.55,30.55,3.23,83,14,A,1
1766,113021.23,151315,219.99,7.35,54.11,3.27,95,1,A,1
1767,19820.2,203742,214.74,7.28,74.73,3.65,11,20,A,8
1768,9083.44,126512,127.3,8.74,49.98,3.31,24,10,B,1
1769,5136.07,118221,182.44,8.9,72.62,2.78,24,45,B,6
1770,3926.42,140167,221.4,6.89,81.51,3.39,6,21,B,6
1771,2437.28,126512,129.17,8.26,86.75,3.69,85,10,B,7
1772,8667.97,206302,130.31,12.19,50.43,3.68,22,28,A,1
1773,423.0,126512,130.65,7.54,57.62,3.88,60,10,B,3
1774,11349.31,126512,130.76,7.38,91.36,3.88,42,10,B,6
1775,54.61,42988,220.7,7.06,57.16,3.67,72,30,C,3
1776,2984.86,158114,129.86,10.15,24.69,3.15,42,34,A,12
1777,44649.9,112238,126.58,13.98,53.77,2.99,8,12,B,3
1778,79.2,123737,136.7,7.94,30.24,3.58,60,15,B,1
1779,50390.11,203007,192.34,8.6,48.81,3.53,91,32,A,4
1780,29.12,39910,129.79,6.08,47.41,3.57,32,44,C,10
1781,76816.36,203007,191.0,9.14,49.2,2.73,95,32,A,11
1782,16562.49,151315,211.24,8.11,38.51,2.55,9,1,A,2
1783,18611.8,202505,223.56,5.67,87.55,3.42,22,6,A,8
1784,3686.01,34875,218.25,6.3,69.27,3.37,82,5,B,10
1785,4516.23,203819,132.95,7.77,21.68,3.37,29,19,A,1
1786,920.87,155083,138.11,4.12,64.75,3.8,31,40,A,6
1787,27.5,39690,130.72,7.15,93.95,3.77,22,33,A,7
1788,36113.5,219622,131.01,5.76,67.96,3.82,8,13,A,9
1789,366.8,114533,132.15,5.44,45.33,2.98,83,23,B,5
1790,17365.46,41062,213.34,9.28,85.06,3.42,13,43,C,8
1791,1370.0,70713,195.82,8.51,20.38,3.38,58,7,B,12
1792,39662.73,203750,211.86,8.03,44.04,3.01,13,31,A,1
1793,17712.25,206302,129.0,13.74,68.27,4.15,97,28,A,4
1794,3220.56,128107,208.84,7.27,68.09,3.75,6,25,B,8
1795,13.88,203007,192.84,8.6,55.13,3.8,54,32,A,5
1796,29969.5,151315,215.67,7.96,89.94,3.55,96,1,A,8
1797,5264.66,203742,205.01,7.48,59.17,2.87,71,20,A,10
1798,118.8,57197,193.51,6.34,65.36,3.54,49,16,B,7
1799,35670.64,206302,128.96,13.74,72.12,4.13,13,28,A,4
1800,562.73,39690,129.83,8.01,63.35,3.67,67,33,A,11
1801,793.51,155083,137.8,4.12,36.54,3.96,36,40,A,4
1802,2565.0,126512,129.37,8.26,89.06,3.77,58,10,B,9
1803,2462.04,128107,214.55,7.14,69.54,3.74,30,25,B,6
1804,79285.98,219622,130.38,6.1,33.73,3.12,94,13,A,2
1805,42915.51,103681,138.16,8.51,52.24,3.82,95,35,B,4
1806,2743.06,207499,225.43,6.33,82.46,3.26,52,11,A,7
1807,15568.5,219622,126.38,8.11,48.33,2.94,25,13,A,4
1808,1296.56,39910,210.08,8.55,50.87,2.56,3,37,C,2
1809,8403.92,219622,129.2,6.88,75.95,3.61,42,13,A,8
1810,27292.96,206302,129.79,12.89,67.41,3.73,4,28,A,10
1811,1195.17,39690,128.62,8.74,62.53,3.72,21,42,C,3
1812,3252.85,57197,190.36,6.87,58.02,2.77,44,16,B,9
1813,539.86,151315,219.89,7.35,48.53,3.26,28,1,A,1
1814,13680.4,155083,131.69,5.89,33.32,2.75,10,40,A,2
1815,402.94,39910,128.72,6.91,42.49,3.49,3,44,C,4
1816,67677.85,151315,223.38,6.57,62.99,3.6,91,1,A,10
1817,130.06,34875,216.23,6.53,89.35,3.55,28,5,B,8
1818,10245.58,203007,192.83,8.6,45.71,3.83,17,32,A,5
1819,1615.0,203819,132.55,8.12,79.05,2.94,27,24,A,7
1820,71501.75,200898,191.13,8.68,82.99,3.48,2,14,A,7
1821,489.87,140167,211.03,8.1,83.59,2.64,59,21,B,7
1822,14846.32,37392,213.77,7.34,66.98,2.81,2,3,B,4
1823,989.58,37392,223.56,6.83,58.06,3.29,85,3,B,1
1824,1726.42,203819,135.87,8.36,79.29,3.97,85,24,A,7
1825,13605.12,128107,211.41,7.08,43.49,3.49,90,25,B,11
1826,6169.67,123737,137.51,7.94,36.97,4.02,25,15,B,3
1827,9671.71,203819,137.06,8.66,38.61,3.8,9,24,A,2
1828,72921.8,219622,129.04,7.19,47.75,3.74,72,13,A,5
1829,35479.05,39910,210.05,8.55,45.66,2.51,94,37,C,2
1830,497.0,203742,208.76,7.29,59.01,4.06,48,20,A,5
1831,5847.26,112238,127.3,14.02,43.15,3.31,22,12,B,1
1832,360.8,39690,127.44,8.74,56.75,3.34,60,42,C,1
1833,519.0,70713,189.42,8.96,53.63,2.7,35,7,B,6
1834,33113.3,114533,137.8,4.12,37.43,3.96,74,23,B,4
1835,30068.85,202505,212.87,7.26,49.63,2.62,79,6,A,3
1836,3310.72,128107,204.61,7.53,71.99,2.78,30,25,B,7
1837,1602.66,203819,136.18,7.81,71.14,3.94,27,19,A,8
1838,8663.27,93638,131.69,10.06,35.98,2.75,74,29,B,2
1839,2660.67,155078,225.61,5.4,81.21,3.57,49,8,A,8
1840,12936.07,57197,194.25,6.34,68.83,3.5,10,16,B,8
1841,46479.57,93638,133.85,10.26,43.38,3.63,38,29,B,3
1842,112.46,41062,211.24,9.65,47.59,3.16,72,43,C,1
1843,7773.75,203742,204.7,7.34,20.39,3.2,29,20,A,1
1844,18665.47,203750,211.12,8.16,46.35,2.84,14,31,A,12
1845,32214.98,219622,130.79,5.76,79.4,3.54,97,13,A,8
1846,6343.6,118221,182.08,8.99,34.89,2.75,97,45,B,2
1847,4689.84,34875,212.45,6.77,52.52,2.77,14,5,B,11
1848,54225.66,196321,195.64,6.76,32.87,3.5,91,41,A,11
1849,5625.58,39690,126.38,9.0,68.12,3.01,46,42,C,10
1850,7112.59,204184,136.15,8.06,67.88,3.05,21,27,A,5
1851,19528.16,41062,207.73,10.58,76.03,3.9,81,43,C,5
1852,33.0,42988,221.52,6.56,85.26,3.23,56,30,C,7
1853,25.14,42988,219.18,7.44,45.16,3.13,52,30,C,12
1854,90.64,203819,136.53,8.45,36.0,3.61,54,24,A,12
1855,15829.24,39690,126.5,9.77,49.96,2.83,81,42,C,2
1856,12886.25,42988,220.7,7.06,57.16,3.67,4,30,C,3
1857,10535.02,126512,129.08,8.49,72.62,3.99,24,10,B,5
1858,32894.89,39690,129.98,7.87,48.36,3.54,94,42,C,12
1859,965.7,203007,196.83,8.26,36.67,3.04,36,32,A,1
1860,7713.66,206302,129.04,13.74,78.72,3.98,3,28,A,6
1861,401.81,158114,130.72,9.28,77.3,3.36,41,34,A,7
1862,6023.42,57197,192.2,6.61,32.61,3.41,79,16,B,3
1863,4376.19,158114,131.13,9.58,66.49,3.81,42,34,A,4
1864,505.0,93638,136.86,8.99,29.16,3.54,41,29,B,1
1865,2302.0,128107,207.66,7.34,38.51,3.62,50,25,B,3
1866,4281.09,203007,197.56,8.09,57.46,3.84,71,32,A,5
1867,113008.71,203750,221.48,6.89,88.05,3.29,95,31,A,6
1868,7625.76,119557,141.02,7.5,40.58,3.63,26,22,B,2
1869,105.76,39690,131.15,11.63,77.27,4.19,25,38,C,5
1870,3629.85,120653,134.51,8.98,54.17,4.08,31,18,B,5
1871,444.27,196321,197.69,6.55,64.92,3.72,28,41,A,6
1872,6616.05,155078,214.54,6.29,75.71,2.7,22,8,A,6
1873,5699.02,158114,130.9,9.65,47.93,3.76,3,34,A,3
1874,4050.67,119557,136.74,8.57,57.73,2.94,12,22,B,10
1875,2693.0,114533,132.11,5.44,61.04,2.98,36,23,B,5
1876,1280.64,42988,220.7,7.06,57.16,3.67,16,30,C,3
1877,64149.1,120653,135.87,8.89,78.68,3.88,2,18,B,7
1878,2611.12,112238,129.05,13.74,71.81,4.03,97,12,B,6
1879,8864.13,39910,210.08,8.55,50.87,2.56,79,37,C,2
1880,25630.9,57197,193.0,6.34,54.36,3.66,56,16,B,6
1881,8723.98,125833,213.9,6.38,66.07,2.78,1,9,B,4
1882,118526.13,184109,219.9,7.24,65.81,3.73,92,39,A,3
1883,1514.37,125833,216.12,6.42,31.82,2.99,29,9,B,2
1884,4628.74,203742,214.24,7.14,50.06,4.0,41,20,A,4
1885,2111.31,93638,138.65,9.42,63.38,4.06,35,29,B,9
1886,22816.52,203819,136.47,8.45,48.17,3.72,81,24,A,11
1887,1731.73,57197,192.12,6.61,36.5,3.41,52,16,B,3
1888,71572.64,200898,185.75,8.52,76.38,3.92,93,14,A,6
1889,2636.43,203742,214.55,7.14,62.01,3.69,41,20,A,6
1890,3773.27,140167,221.38,6.89,72.42,3.63,94,21,B,5
1891,42.14,39910,126.53,8.12,35.7,2.65,12,44,C,2
1892,4833.84,158114,126.15,9.82,70.71,2.59,25,34,A,9
1893,107983.59,184109,214.36,8.18,88.27,3.64,92,39,A,8
1894,7549.36,120653,138.19,8.54,73.25,3.84,32,18,B,8
1895,5922.98,219622,126.58,8.32,40.65,2.68,29,13,A,3
1896,9470.48,125833,215.29,6.56,65.35,2.63,82,9,B,10
1897,34407.77,184109,212.29,8.4,67.77,3.06,79,39,A,2
1898,97.15,39690,130.96,7.38,80.06,4.28,12,42,C,6
1899,52553.85,118221,181.66,8.9,54.26,2.98,95,45,B,5
1900,396.42,39690,127.19,8.74,43.43,3.29,74,42,C,1
1901,1350.96,203742,204.53,8.19,43.82,2.82,28,20,A,3
1902,6785.23,219622,130.16,6.1,33.8,3.08,32,13,A,1
1903,10818.03,184109,209.98,8.36,81.35,2.67,80,39,A,7
1904,633.83,120653,132.06,9.27,51.12,2.94,59,18,B,4
1905,1468.01,140167,212.59,8.03,34.61,3.02,85,21,B,2
1906,41140.16,204184,139.54,7.85,76.87,3.89,96,27,A,7
1907,15712.7,155083,133.18,5.11,13.29,3.24,80,40,A,2
1908,1511.72,112238,131.04,10.93,81.22,3.97,27,12,B,9
1909,21497.97,203819,131.64,8.35,28.57,2.91,67,19,A,2
1910,20073.11,203819,134.36,7.66,41.66,4.06,46,19,A,4
1911,9059.6,203742,207.43,7.34,44.8,3.63,71,20,A,3
1912,3610.0,219622,129.04,7.19,61.39,3.73,36,13,A,6
1913,17643.43,93638,131.86,10.06,48.56,2.83,13,29,B,3
1914,56386.37,151315,223.43,6.57,67.97,3.59,40,1,A,10
1915,4958.45,70713,189.49,8.96,41.41,2.79,3,7,B,5
1916,9530.78,34875,212.01,6.63,37.74,2.98,87,5,B,1
1917,1708.5,184109,214.49,8.18,86.49,3.52,41,39,A,8
1918,11078.58,118221,186.37,8.62,78.22,3.84,14,45,B,8
1919,4243.62,34875,212.16,6.77,51.31,2.71,14,5,B,12
1920,65298.03,41062,202.54,9.59,69.46,2.81,90,43,C,4
1921,9836.4,126512,129.9,7.87,50.53,3.49,30,10,B,12
1922,2808.49,155078,225.88,5.4,75.33,3.64,6,8,A,8
1923,30877.66,39910,222.11,6.23,74.39,3.51,91,37,C,10
1924,57162.24,202505,212.74,7.26,56.55,2.72,90,6,A,3
1925,2639.21,34875,219.54,6.3,44.12,3.16,44,5,B,12
1926,5190.38,70713,189.62,8.96,43.07,2.78,12,7,B,4
1927,25642.33,114533,136.47,4.42,45.48,3.57,4,23,B,11
1928,6959.79,93188,130.76,6.24,71.14,3.68,32,17,B,6
1929,17602.33,123737,132.15,8.19,47.13,3.11,92,15,B,5
1930,4357.11,205863,129.04,5.95,80.05,3.64,44,4,A,6
1931,4421.0,200898,182.67,8.72,40.93,3.05,35,14,A,12
1932,35716.78,204184,140.46,7.91,59.62,3.76,10,27,A,10
1933,6070.31,119557,142.22,7.75,74.92,3.84,71,22,B,8
1934,12757.01,206302,130.35,12.19,50.58,3.7,55,28,A,2
1935,9152.63,34875,216.37,6.49,66.27,3.91,72,5,B,5
1936,6251.76,120653,138.65,8.54,60.23,4.06,71,18,B,9
1937,5335.01,205863,129.98,5.14,35.92,3.1,85,4,A,12
1938,34.41,202505,217.05,6.86,80.83,3.79,45,6,A,5
1939,20443.89,219622,130.84,5.76,77.37,3.58,34,13,A,8
1940,29740.04,103681,142.08,8.88,58.97,3.89,14,35,B,5
1941,286.24,184109,214.42,8.18,87.93,3.55,28,39,A,8
1942,6382.0,155083,131.59,5.89,20.84,2.77,34,40,A,2
1943,2058.09,123737,136.7,7.94,30.24,3.58,35,15,B,1
1944,693.52,39690,126.79,9.0,60.51,3.09,16,42,C,12
1945,9206.17,57197,197.83,6.06,70.49,3.65,22,16,B,7
1946,2354.11,125833,219.36,6.38,70.49,3.91,42,9,B,5
1947,6.0,155083,134.44,4.78,52.68,3.99,51,40,A,4
1948,2531.83,206302,130.55,12.19,53.13,3.95,35,28,A,2
1949,8518.1,205863,130.72,4.08,80.37,3.19,21,4,A,7
1950,3907.25,155078,216.31,6.26,28.26,3.02,44,8,A,2
1951,41834.4,196321,192.85,6.93,61.1,3.74,7,41,A,6
1952,4306.32,202307,215.69,7.85,78.85,3.53,20,2,A,9
1953,93677.66,205863,126.1,7.37,76.8,2.58,2,4,A,9
1954,1003.0,70713,190.57,9.02,47.55,2.79,36,7,B,9
1955,14162.36,112238,130.74,12.19,54.54,4.25,22,12,B,3
1956,25283.52,114533,137.58,4.26,41.19,3.87,87,23,B,3
1957,2440.32,70713,194.38,8.62,57.6,3.48,21,7,B,8
1958,20628.37,41062,211.41,9.65,43.68,3.26,97,43,C,1
1959,29324.04,140167,211.01,8.32,48.61,2.62,23,21,B,3
1960,18517.99,206302,129.43,13.5,76.36,3.92,80,28,A,9
1961,79214.72,152513,132.76,8.15,39.93,2.88,92,26,A,10
1962,43774.03,219622,130.07,6.39,31.53,3.12,79,13,A,12
1963,7836.15,41062,203.48,10.4,43.45,2.98,82,43,C,1
1964,24181.58,184109,214.11,8.18,85.96,3.58,82,39,A,7
1965,85516.83,202505,212.9,7.26,58.82,2.67,95,6,A,3
1966,33553.78,207499,225.47,6.33,86.21,3.49,23,11,A,8
1967,41690.3,126512,130.76,7.17,90.78,3.81,7,10,B,8
1968,9939.49,203742,214.55,7.14,73.67,3.74,21,20,A,6
1969,149907.12,203007,191.14,9.14,30.72,2.78,7,32,A,12
1970,9576.15,152513,137.51,7.47,29.03,3.88,46,26,A,3
1971,4219.08,123737,131.82,8.35,44.69,2.96,20,15,B,3
1972,3561.91,70713,190.47,9.02,48.56,2.8,67,7,B,9
1973,18592.07,140167,211.22,8.1,86.2,2.62,7,21,B,8
1974,9300.25,200898,182.55,8.72,30.54,3.11,71,14,A,12
1975,278.76,204184,140.43,7.91,44.46,3.74,59,27,A,11
1976,10579.48,93188,130.55,6.4,30.01,3.14,7,17,B,2
1977,2590.79,203819,133.96,7.77,33.26,3.79,18,19,A,3
1978,23184.9,202307,210.95,8.32,39.69,2.51,82,2,A,2
1979,40.76,202307,219.72,7.06,50.5,3.29,54,2,A,1
1980,18192.44,155083,132.02,5.44,45.85,2.9,16,40,A,4
1981,17949.14,202505,211.89,7.09,68.91,2.78,97,6,A,4
1982,1340.76,151315,214.36,7.74,62.76,3.49,27,1,A,3
1983,149.92,203742,206.92,7.34,37.33,3.43,54,20,A,3
1984,39350.62,39910,127.86,7.22,30.83,3.03,92,44,C,2
1985,10451.35,203007,192.12,8.82,45.25,3.41,3,32,A,3
1986,15201.94,155078,225.52,5.4,83.74,3.49,5,8,A,8
1987,9999.88,155078,225.5,5.4,81.71,3.41,74,8,A,7
1988,60293.7,41062,207.41,10.58,71.34,3.81,90,43,C,4
1989,3728.58,128107,215.09,7.28,68.55,3.87,55,25,B,8
1990,15313.9,39910,221.46,6.62,75.98,3.71,93,36,A,9
1991,3290.03,205863,126.55,8.62,41.36,2.59,19,4,A,2
1992,2086.97,203819,133.61,8.25,31.36,3.6,35,24,A,3
1993,5728.38,123737,133.74,7.77,34.27,3.75,55,15,B,3
1994,13526.37,203750,211.26,8.1,80.79,2.62,7,31,A,9
1995,6621.03,37392,216.58,7.55,61.58,3.04,46,3,B,2
1996,3555.92,206302,131.03,11.63,83.84,4.29,30,28,A,5
1997,96.8,39690,129.82,8.01,58.75,3.68,60,33,A,11
1998,157.74,155083,136.86,4.26,14.02,3.54,28,40,A,1
1999,35.39,39910,210.38,8.48,54.44,2.71,52,37,C,12
2000,12167.48,184109,216.72,7.72,63.11,3.3,80,39,A,11
2001,13924.04,196321,197.55,6.55,50.22,3.87,87,41,A,5
2002,394.59,203742,205.39,7.34,23.21,3.24,56,20,A,1
2003,29254.32,158114,129.18,10.64,76.71,3.66,72,34,A,8
2004,5186.27,125833,225.55,5.54,81.05,3.35,34,9,B,6
2005,2646.67,34875,212.16,6.77,51.31,2.71,26,5,B,12
2006,5500.0,200898,187.48,8.52,55.82,3.58,58,14,A,10
2007,10168.62,140167,218.61,7.44,41.44,3.16,74,21,B,12
2008,14706.09,37392,223.92,6.83,52.39,3.51,10,3,B,2
2009,20.0,39910,126.1,7.8,65.71,2.87,20,44,C,9
2010,1188.0,151315,212.57,7.74,42.27,2.99,60,1,A,2
2011,2570.23,152513,132.84,8.15,28.11,3.07,16,26,A,11
2012,16754.0,196321,189.74,7.54,33.4,2.68,9,41,A,3
2013,26534.36,204184,140.48,7.91,64.78,3.74,80,27,A,10
2014,1184.13,152513,137.17,7.47,23.89,3.66,36,26,A,2
2015,35155.68,42988,215.44,7.93,61.87,3.91,90,30,C,5
2016,78323.2,103681,141.55,8.74,49.6,3.86,72,35,B,3
2017,53.12,39690,131.19,10.2,65.95,4.3,23,38,C,10
2018,9868.18,203750,211.86,8.03,44.04,3.01,3,31,A,1
2019,6979.19,120653,132.76,9.34,64.82,2.72,67,18,B,9
2020,22214.34,203819,133.61,7.77,29.28,3.6,46,19,A,3
2021,45907.41,112238,126.15,14.18,97.18,3.09,38,12,B,7
2022,13030.86,70713,197.23,8.26,35.06,3.66,8,7,B,3
2023,27043.18,126512,126.29,9.52,71.06,3.13,17,10,B,5
2024,1683.24,119557,136.74,8.57,57.73,2.94,52,22,B,10
2025,9001.43,202505,223.23,5.96,71.5,3.81,98,6,A,4
2026,962.26,125833,215.2,6.44,86.85,2.69,56,9,B,8
2027,7181.72,204184,142.59,8.24,68.72,4.09,33,27,A,9
2028,15827.99,202505,217.29,6.86,72.01,3.91,82,6,A,5
2029,17656.25,128107,214.75,7.28,71.93,3.72,16,25,B,8
2030,11499.98,204184,137.63,7.83,43.64,3.75,49,27,A,3
2031,29853.77,203819,132.75,8.27,54.82,2.9,23,24,A,10
2032,20991.09,119557,136.46,8.43,76.35,2.79,7,22,B,7
2033,992.09,205863,126.44,7.13,56.94,2.72,59,4,A,10
2034,49393.44,112238,129.06,13.74,76.67,4.09,72,12,B,5
2035,107033.94,203819,132.87,8.07,56.11,3.06,92,19,A,10
2036,6712.35,203819,132.69,8.12,67.0,2.88,29,24,A,8
2037,15561.9,203750,213.19,8.03,61.27,3.06,82,31,A,2
2038,4961.5,158114,131.01,9.28,66.08,3.72,25,34,A,9
2039,14168.31,206302,126.08,14.18,92.81,3.04,74,28,A,8
2040,7481.03,206302,129.81,12.89,59.77,3.83,3,28,A,11
2041,4008.0,203819,132.61,8.12,74.54,2.94,58,24,A,8
2042,10316.69,126512,129.17,8.26,86.75,3.69,12,10,B,7
2043,3178.35,42988,221.2,6.89,66.97,3.88,98,30,C,4
2044,91945.02,207499,225.39,6.33,83.44,3.23,95,11,A,7
2045,4288.19,125833,215.44,6.56,49.96,2.77,17,9,B,11
2046,2160.14,118221,189.19,8.42,35.88,3.42,16,45,B,1
2047,770.98,93188,129.18,6.74,65.71,3.6,80,17,B,8
2048,18076.54,203742,204.82,7.53,75.34,2.78,17,20,A,8
2049,3368.0,204184,135.67,8.24,49.04,2.96,36,27,A,3
2050,57336.53,203007,189.58,8.96,47.51,2.77,40,32,A,4
2051,4787.47,39690,131.08,6.9,85.18,4.13,8,33,A,10
2052,24518.62,203819,132.75,8.27,54.82,2.9,87,24,A,10
2053,18464.41,205863,129.09,5.95,70.65,3.87,80,4,A,5
2054,45414.94,203819,135.45,7.81,67.64,3.92,9,19,A,7
2055,357.97,39910,220.05,7.24,70.48,3.89,7,36,A,3
2056,55493.53,114533,136.18,4.58,67.09,3.82,95,23,B,8
2057,2601.98,93188,127.72,6.87,11.29,2.97,6,17,B,2
2058,27937.77,114533,137.8,4.12,37.43,3.96,34,23,B,4
2059,74.68,203819,138.11,8.98,63.1,4.03,54,24,A,5
2060,505.38,140167,215.14,7.85,91.56,3.68,28,21,B,7
2061,4038.31,207499,220.91,7.2,70.91,3.35,52,11,A,10
2062,19117.6,152513,133.74,7.91,28.13,3.6,80,26,A,3
2063,701.54,34875,223.97,5.42,66.24,3.6,30,5,B,10
2064,31793.27,203819,138.11,8.98,65.79,3.98,10,24,A,5
2065,9386.02,184109,210.08,8.55,49.79,2.56,17,39,A,2
2066,25008.77,184109,214.3,8.18,87.73,3.68,11,39,A,8
2067,105.6,39690,129.11,8.44,96.44,3.79,60,33,A,7
2068,3970.69,202307,210.77,8.1,82.59,2.64,85,2,A,7
2069,1058.76,184109,220.05,7.24,69.11,3.84,85,39,A,3
2070,4579.91,57197,197.74,6.17,70.41,3.74,67,16,B,6
2071,1968.53,93638,136.47,9.36,50.62,3.57,44,29,B,11
2072,5340.67,203819,138.14,8.95,75.53,3.86,6,24,A,8
2073,3549.4,128107,208.76,7.29,56.56,4.06,29,25,B,5
2074,12527.22,93188,130.74,5.94,72.94,3.51,91,17,B,8
2075,25938.45,128107,209.19,7.27,62.05,3.74,13,25,B,9
2076,3981.39,37392,214.56,7.35,83.32,2.61,14,3,B,7
2077,69576.28,205863,127.44,6.51,38.34,3.02,13,4,A,1
2078,9.0,158114,127.58,10.4,34.68,3.02,19,34,A,1
2079,3777.13,37392,213.91,7.34,68.0,2.77,42,3,B,4
2080,17028.66,206302,129.85,12.89,52.5,3.7,82,28,A,12
2081,22824.12,158114,127.09,10.21,34.11,2.96,13,34,A,12
2082,12197.85,123737,131.86,8.35,39.53,2.96,14,15,B,3
2083,573.48,202307,213.48,8.03,57.77,3.29,59,2,A,3
2084,15757.52,70713,197.62,8.09,55.06,3.76,46,7,B,6
2085,16.44,119557,135.87,8.35,51.04,2.9,51,22,B,4
2086,2310.0,203819,136.59,8.45,36.93,3.59,58,24,A,12
2087,2323.38,155078,225.61,5.4,81.21,3.57,71,8,A,8
2088,13302.15,103681,142.02,8.88,53.68,3.95,11,35,B,5
2089,13237.77,200898,186.67,8.62,71.48,3.74,20,14,A,9
2090,18051.93,123737,133.11,7.77,19.61,3.4,8,15,B,1
2091,4173.88,203819,134.44,8.21,60.48,4.12,12,24,A,4
2092,1882.3,41062,213.18,9.58,87.75,3.39,14,43,C,6
2093,84516.07,205863,127.58,6.51,40.6,3.02,2,4,A,1
2094,36082.81,203750,210.76,8.1,85.61,2.62,4,31,A,7
2095,18259.76,155078,224.91,5.82,66.69,3.84,56,8,A,3
2096,19436.99,203007,196.55,8.26,36.75,3.1,10,32,A,1
2097,34422.01,203819,138.23,8.19,76.17,3.73,9,19,A,7
2098,15.5,126512,128.4,8.74,64.22,3.63,98,10,B,3
2099,7144.7,37392,215.33,7.56,62.79,2.73,4,3,B,11
2100,6781.3,114533,132.68,5.29,20.12,3.13,30,23,B,12
2101,1139.6,203819,138.74,8.95,58.86,4.16,36,24,A,9
2102,1492.0,155083,132.82,5.29,19.29,3.18,35,40,A,12
2103,15174.78,93188,128.0,6.87,26.86,3.06,9,17,B,2
2104,31318.06,202307,219.9,7.06,46.98,3.41,7,2,A,2
2105,861.77,41062,209.37,10.15,66.82,3.37,67,43,C,10
2106,12053.67,125833,225.49,5.54,78.91,3.45,79,9,B,6
2107,9627.62,70713,192.01,8.82,21.84,3.23,82,7,B,3
2108,5749.31,37392,214.89,7.35,86.15,2.62,16,3,B,8
2109,357.74,184109,213.84,8.3,84.06,3.59,28,39,A,6
2110,30800.56,93188,126.49,6.88,42.54,2.83,5,17,B,11
2111,1390.5,202505,224.4,5.67,70.81,3.72,27,6,A,9
2112,21740.3,126512,128.26,8.74,56.96,3.67,32,10,B,3
2113,460.0,203007,198.82,7.56,55.34,3.78,99,32,A,10
2114,0.1,203007,193.51,8.62,76.0,3.54,18,32,A,7
2115,9676.96,204184,137.25,7.83,39.32,3.42,83,27,A,2
2116,3168.21,125833,215.51,6.56,58.69,2.69,96,9,B,11
2117,8359.27,112238,129.86,12.89,42.17,3.64,36,12,B,12
2118,118739.16,219622,128.91,7.19,41.72,3.62,90,13,A,4
2119,9653.77,200898,187.26,8.62,70.66,3.64,55,14,A,9
2120,32691.45,219622,126.98,7.8,34.9,2.85,74,13,A,12
2121,9469.63,39910,129.37,6.56,70.19,3.62,2,44,C,9
2122,3164.25,39690,131.13,7.38,80.11,4.09,83,42,C,4
2123,26788.69,114533,134.51,4.78,50.07,4.08,91,23,B,5
2124,1361.75,152513,137.73,7.47,33.33,3.92,85,26,A,3
2125,906.26,203750,211.03,8.1,83.59,2.64,27,31,A,7
2126,257.84,123737,138.03,8.15,51.04,4.12,94,15,B,5
2127,5225.91,34875,210.99,6.46,65.13,2.8,96,5,B,4
2128,17006.98,206302,126.1,14.18,83.12,3.09,33,28,A,9
2129,9385.51,202307,219.9,7.06,46.98,3.41,42,2,A,2
2130,5928.66,39910,128.26,7.22,34.23,3.23,97,44,C,3
2131,8.0,120653,138.74,8.54,58.24,4.02,54,18,B,9
2132,27309.28,119557,142.19,7.67,70.99,3.58,11,22,B,6
2133,4887.84,200898,191.17,8.68,77.2,3.65,12,14,A,7
2134,25356.98,114533,135.08,4.78,61.06,3.87,17,23,B,6
2135,4632.5,70713,199.15,7.56,43.01,3.75,12,7,B,10
2136,5394.31,39690,129.52,8.26,82.51,3.79,46,42,C,9
2137,10730.58,140167,211.52,8.16,70.72,2.72,49,21,B,10
2138,38387.63,203750,219.36,7.06,48.1,3.16,4,31,A,1
2139,68187.34,158114,131.11,9.58,59.12,3.88,92,34,A,4
2140,2061.79,41062,210.09,10.15,55.7,3.24,21,43,C,11
2141,54427.18,119557,138.06,8.25,44.42,3.72,92,22,B,4
2142,1392.26,41062,204.87,10.4,40.65,3.02,21,43,C,2
2143,9869.54,34875,216.2,6.49,74.75,3.81,10,5,B,4
2144,4641.77,93188,130.89,6.24,60.51,3.78,93,17,B,6
2145,2898.3,152513,136.48,7.6,31.07,3.54,49,26,A,11
2146,42733.74,203007,191.03,9.14,36.07,2.78,1,32,A,12
2147,10865.64,114533,134.07,4.78,29.44,3.64,25,23,B,4
2148,12168.83,126512,126.79,9.0,60.51,3.09,21,10,B,12
2149,41659.74,70713,192.12,8.82,27.69,3.41,40,7,B,3
2150,3274.12,203007,198.08,7.87,75.93,3.51,83,32,A,8
2151,38638.6,151315,211.18,7.81,80.69,2.7,72,1,A,6
2152,12866.44,93638,136.48,9.36,42.81,3.59,87,29,B,11
2153,1604.16,203742,204.7,7.34,20.39,3.2,18,20,A,1
2154,6713.17,114533,132.6,5.33,69.71,2.79,85,23,B,7
2155,207.22,39910,210.21,8.46,84.37,2.64,56,37,C,6
2156,4907.92,158114,129.83,10.15,46.0,3.29,26,34,A,11
2157,9304.88,202307,210.83,8.2,81.81,2.7,12,2,A,6
2158,15903.96,184109,214.3,8.18,87.73,3.68,34,39,A,8
2159,8348.5,155078,215.02,6.32,80.11,2.69,12,8,A,8
2160,29908.04,203742,204.38,8.19,47.32,2.84,46,20,A,3
2161,2174.49,203007,198.1,7.87,76.12,3.56,96,32,A,8
2162,15136.91,205863,126.14,7.37,73.66,2.67,22,4,A,7
2163,12913.77,202505,219.07,6.55,68.53,3.35,81,6,A,10
2164,11606.76,37392,213.67,7.34,70.24,2.78,16,3,B,4
2165,36817.44,112238,130.7,10.93,85.53,3.73,23,12,B,7
2166,70676.6,114533,136.47,4.42,49.0,3.63,2,23,B,10
2167,8770.32,128107,214.09,6.96,62.7,3.9,17,25,B,3
2168,8669.85,70713,191.37,8.82,10.09,2.88,32,7,B,1
2169,7460.73,118221,185.18,8.52,37.27,3.64,22,45,B,4
2170,10290.05,125833,213.95,6.38,61.26,2.8,92,9,B,4
2171,5237.4,203742,204.43,8.19,25.43,2.74,12,20,A,2
2172,25.41,219622,126.53,8.32,35.7,2.65,45,13,A,2
2173,2440.01,57197,197.6,6.17,48.93,3.85,20,16,B,4
2174,4049.14,120653,132.92,9.33,42.05,2.94,12,18,B,11
2175,5982.99,158114,130.89,9.58,75.35,3.43,17,34,A,6
2176,20334.81,39910,214.62,8.18,77.94,3.55,96,37,C,9
2177,3801.65,152513,132.11,8.51,54.72,2.98,44,26,A,5
2178,50680.4,206302,126.14,14.1,81.39,2.94,72,28,A,6
2179,8082.1,203819,136.46,8.45,46.78,3.72,3,24,A,11
2180,8929.44,39690,129.04,8.69,77.92,4.19,81,33,A,5
2181,400.0,203750,213.48,8.03,59.52,3.29,58,31,A,3
2182,387.5,34875,211.91,6.57,48.89,2.62,71,5,B,3
2183,853.14,39910,220.61,6.62,81.76,3.31,74,37,C,7
2184,3961.94,93188,128.62,6.87,36.71,3.44,24,17,B,3
2185,74.24,202307,218.82,7.44,50.13,3.16,54,2,A,12
2186,66210.46,155078,219.24,6.3,58.92,3.91,95,8,A,5
2187,6878.29,219622,126.61,7.8,42.0,2.84,71,13,A,11
2188,1434.66,140167,211.55,8.16,51.71,2.77,28,21,B,11
2189,11909.38,114533,138.83,4.14,47.89,4.0,24,23,B,10
2190,3921.55,34875,211.88,6.57,46.7,2.56,7,5,B,2
2191,14004.68,203007,189.52,9.02,67.55,2.71,14,32,A,7
2192,22478.42,203750,215.32,7.85,90.11,3.55,23,31,A,8
2193,18904.6,152513,136.27,7.77,60.98,3.81,9,26,A,9
2194,35371.27,204184,135.67,8.24,49.04,2.96,7,27,A,3
2195,27.92,39910,128.91,6.91,41.72,3.62,85,44,C,4
2196,3199.52,207499,226.52,6.33,77.67,3.67,35,11,A,9
2197,15145.3,120653,132.68,9.33,25.64,3.13,24,18,B,12
2198,466.42,39690,129.04,13.74,68.4,4.19,3,38,C,5
2199,2528.15,152513,138.28,7.4,62.08,3.87,71,26,A,8
2200,13107.0,206302,126.61,13.98,60.06,3.08,49,28,A,3
2201,14700.74,203819,132.87,8.27,57.29,3.06,97,24,A,10
2202,33786.06,112238,131.1,11.63,84.51,4.11,7,12,B,5
2203,56.22,39910,210.44,8.48,74.66,2.6,31,37,C,10
2204,15988.42,196321,193.31,6.9,68.18,3.53,14,41,A,7
2205,2.0,39910,220.72,6.62,85.89,3.57,25,36,A,8
2206,9624.73,202307,211.26,8.1,81.79,2.62,55,2,A,9
2207,8543.22,39910,210.18,8.48,52.88,2.94,80,37,C,12
2208,15457.57,184109,213.93,8.18,84.93,3.52,10,39,A,7
2209,1814.94,119557,142.1,7.67,61.9,3.9,27,22,B,5
2210,5225.29,203819,132.92,8.07,44.22,3.14,12,19,A,11
2211,90.9,203819,138.74,8.95,58.86,4.16,59,24,A,9
2212,40.5,39910,126.11,7.97,65.24,2.84,32,44,C,6
2213,28144.72,93638,132.5,10.16,74.37,2.81,2,29,B,6
2214,10.0,114533,137.06,4.26,29.71,3.63,54,23,B,2
2215,3605.23,42988,215.11,7.93,70.79,3.81,98,30,C,4
2216,2185.0,196321,189.94,7.34,70.07,2.69,35,41,A,7
2217,5126.65,206302,130.9,12.19,56.26,4.04,20,28,A,3
2218,53.27,39910,218.23,7.72,48.26,3.13,9,37,C,12
2219,94.92,42988,221.07,6.89,69.02,3.89,12,30,C,4
2220,1770.67,203819,136.5,7.87,40.18,3.63,59,19,A,12
2221,1928.93,203007,198.82,7.56,55.34,3.78,36,32,A,10
2222,23483.5,120653,131.64,9.2,30.91,2.75,14,18,B,2
2223,5911.66,219622,126.14,7.95,78.82,2.81,30,13,A,7
2224,5674.08,203007,196.96,8.26,39.9,3.29,26,32,A,3
2225,41898.21,39690,130.24,7.54,51.0,3.48,93,42,C,1
2226,4417.7,112238,126.16,14.1,67.84,3.06,21,12,B,5
2227,35190.32,200898,190.81,8.57,63.13,4.03,46,14,A,4
2228,14976.59,203742,204.46,8.19,32.32,2.75,21,20,A,2
2229,20041.53,202505,222.03,6.13,49.03,3.51,97,6,A,2
2230,249.84,112238,126.21,14.1,68.44,3.14,83,12,B,5
2231,30123.07,120653,136.05,8.89,74.58,3.9,8,18,B,8
2232,46.54,39690,130.76,7.17,90.78,3.81,22,42,C,8
2233,97234.31,207499,222.64,7.2,59.69,3.16,92,11,A,12
2234,129.86,39690,129.04,13.74,68.4,4.19,9,38,C,5
2235,1395.98,118221,190.87,8.57,53.2,4.0,85,45,B,4
2236,5169.35,151315,215.42,7.96,85.77,3.65,67,1,A,7
2237,37940.57,39910,126.44,8.12,31.53,2.67,92,44,C,2
2238,5302.87,203819,138.11,8.15,58.81,4.03,29,19,A,5
2239,12273.1,203742,214.75,7.28,75.4,3.72,21,20,A,8
2240,3610.84,37392,226.92,6.03,70.31,3.6,22,3,B,10
2241,780.48,93188,130.38,6.4,23.63,3.12,80,17,B,2
2242,13569.62,57197,189.45,6.84,62.37,2.72,10,16,B,6
2243,207.0,202505,222.45,6.13,60.32,3.63,60,6,A,3
2244,5633.92,203819,131.69,8.35,30.33,2.91,83,19,A,2
2245,171.41,41062,202.37,9.59,72.14,2.85,42,43,C,5
2246,19563.95,93188,129.84,6.62,32.81,3.44,23,17,B,11
2247,37025.07,202307,216.7,7.44,69.92,3.28,79,2,A,10
2248,60380.97,112238,128.51,14.02,64.21,3.69,72,12,B,3
2249,2296.0,155078,213.67,6.29,62.68,2.84,35,8,A,5
2250,3964.77,118221,186.56,8.62,72.55,3.7,71,45,B,8
2251,3557.7,203742,213.87,6.96,41.14,3.85,85,20,A,3
2252,30490.07,203819,138.09,8.15,55.33,4.05,4,19,A,5
2253,82.0,152513,131.86,8.49,35.26,2.83,47,26,A,3
2254,12.0,39690,126.88,9.27,61.12,3.12,20,33,A,12
2255,1992.91,155078,219.44,6.42,69.09,3.53,52,8,A,9
2256,5484.62,203750,211.06,8.16,47.19,2.94,32,31,A,12
2257,55356.74,203742,210.69,7.08,49.36,3.57,94,20,A,10
2258,1512.6,39690,126.09,9.2,86.13,3.12,14,42,C,8
2259,2598.9,37392,219.21,7.57,81.72,3.55,26,3,B,9
2260,964.92,39690,127.58,8.74,53.03,3.23,87,42,C,1
2261,7926.56,207499,216.27,7.55,44.61,3.02,25,11,A,2
2262,6886.53,200898,188.93,8.52,42.27,3.39,49,14,A,12
2263,5429.67,158114,130.31,9.65,39.81,3.29,87,34,A,1
2264,25839.06,203750,210.98,8.32,45.31,2.56,46,31,A,2
2265,69155.26,219622,127.72,7.47,23.35,2.97,94,13,A,2
2266,4380.86,123737,134.44,7.66,55.46,4.12,81,15,B,4
2267,1958.51,158114,129.0,10.58,57.73,3.78,85,34,A,4
2268,62505.04,205863,129.83,5.14,50.44,3.29,7,4,A,11
2269,78276.17,112238,126.58,13.98,53.77,2.99,2,12,B,3
2270,1854.98,41062,203.4,10.21,56.51,2.87,67,43,C,12
2271,2456.4,125833,218.45,6.38,56.12,3.52,96,9,B,4
2272,15659.63,204184,138.77,7.72,74.17,4.07,17,27,A,6
2273,9624.28,202307,214.49,7.93,55.43,3.52,21,2,A,4
2274,6999.15,206302,126.56,14.1,64.95,3.11,20,28,A,4
2275,6699.9,206302,129.24,13.5,91.74,3.74,16,28,A,8
2276,17016.51,203007,191.48,8.82,21.69,2.91,82,32,A,1
2277,12477.84,118221,189.84,8.42,36.85,3.7,17,45,B,2
2278,6678.31,203750,211.55,8.16,51.71,2.77,3,31,A,11
2279,990.0,112238,126.98,14.31,52.02,3.24,56,12,B,12
2280,1254.13,126512,127.44,8.74,56.75,3.34,93,10,B,1
2281,175.0,39910,209.67,8.46,80.87,2.76,25,37,C,5
2282,4380.38,57197,189.45,6.84,52.08,2.74,79,16,B,5
2283,73308.03,126512,129.13,8.26,86.01,3.78,95,10,B,7
2284,9681.5,34875,223.97,5.42,66.24,3.6,4,5,B,10
2285,52503.37,205863,130.89,4.08,76.47,3.65,9,4,A,8
2286,4311.79,158114,127.44,10.4,39.57,3.02,21,34,A,1
2287,1184.35,34875,211.66,6.5,83.98,2.62,44,5,B,7
2288,3.92,93638,132.52,10.41,72.88,2.82,94,29,B,7
2289,2316.67,158114,130.45,9.65,37.25,3.49,30,34,A,2
2290,3131.86,123737,132.92,8.07,44.1,3.14,85,15,B,11
2291,5242.17,123737,134.28,7.66,48.63,3.98,24,15,B,4
2292,7302.12,200898,185.36,8.52,48.71,3.72,33,14,A,4
2293,23835.6,112238,126.67,14.31,47.66,3.16,24,12,B,11
2294,79686.53,204184,142.16,8.25,73.23,3.72,94,27,A,6
2295,36267.45,202505,212.91,7.01,49.14,2.94,93,6,A,12
2296,240.0,204184,135.67,8.24,49.04,2.96,54,27,A,3
2297,1329.56,39910,127.86,7.22,30.83,3.03,67,44,C,2
2298,7.97,39690,130.72,10.93,93.47,3.77,27,38,C,7
2299,1319.07,120653,136.05,8.89,74.58,3.9,56,18,B,8
2300,4920.07,196321,195.64,6.76,32.87,3.5,42,41,A,11
2301,3.1,204184,142.11,8.25,73.4,3.92,18,27,A,6
2302,4369.3,152513,131.78,8.49,31.1,2.8,26,26,A,3
2303,2077.48,103681,142.17,8.84,78.44,3.72,93,35,B,8
2304,29026.9,207499,226.52,6.33,77.67,3.67,93,11,A,9
2305,3834.27,203819,138.28,8.95,68.13,4.0,31,24,A,8
2306,4355.49,93638,138.14,9.42,76.74,3.77,29,29,B,8
2307,364.8,128107,214.75,7.28,71.93,3.72,36,25,B,8
2308,2600.99,151315,211.91,7.84,69.64,2.72,19,1,A,10
2309,704.0,42988,217.49,7.44,56.01,3.33,60,30,C,11
2310,5685.41,196321,198.1,6.43,67.41,3.6,71,41,A,9
2311,6182.82,140167,221.4,6.89,81.51,3.39,67,21,B,6
2312,2935.02,39690,126.23,9.27,91.45,3.0,8,33,A,10
2313,43411.77,206302,126.53,13.98,54.83,2.92,13,28,A,2
2314,20269.91,204184,136.67,8.02,29.59,3.34,1,27,A,12
2315,36224.8,155078,214.88,6.32,75.32,2.58,91,8,A,9
2316,12511.7,93188,129.04,6.77,45.66,3.74,87,17,B,5
2317,27293.09,120653,136.86,8.08,24.2,3.54,91,18,B,1
2318,100235.49,152513,138.11,7.49,58.2,3.85,38,26,A,5
2319,1157.01,57197,189.49,6.84,41.26,2.79,91,16,B,5
2320,16343.27,155083,138.23,4.16,70.45,3.61,7,40,A,7
2321,6995.16,93188,129.11,6.74,70.6,3.56,26,17,B,7
2322,23642.34,152513,134.68,7.82,48.86,4.1,4,26,A,5
2323,19750.81,128107,210.4,7.08,58.95,3.54,4,25,B,10
2324,9449.27,200898,183.18,8.55,24.05,3.24,83,14,A,1
2325,10714.45,207499,214.42,7.35,84.9,2.62,20,11,A,7
2326,1192.08,34875,213.12,6.63,41.67,2.99,21,5,B,2
2327,703.75,184109,210.21,8.46,81.78,2.67,59,39,A,6
2328,6607.5,206302,131.14,11.63,76.03,4.17,42,28,A,5
2329,14888.35,119557,137.96,8.25,36.04,3.64,17,22,B,4
2330,12446.93,151315,211.41,7.84,52.33,2.89,21,1,A,12
2331,1245.6,155083,136.96,4.26,22.91,3.57,33,40,A,1
2332,31330.1,196321,195.82,6.76,34.53,3.38,93,41,A,12
2333,13768.78,118221,191.16,8.68,78.65,3.72,7,45,B,8
2334,2338.81,205863,131.14,4.31,80.14,3.75,31,4,A,5
2335,31926.14,114533,132.88,5.11,27.81,3.19,91,23,B,1
2336,17284.46,207499,213.67,7.34,71.13,2.78,82,11,A,4
2337,72556.4,203742,204.82,7.53,75.34,2.78,91,20,A,8
2338,75752.76,203007,198.82,7.56,55.34,3.78,38,32,A,10
2339,3473.47,155078,225.49,5.4,79.94,3.31,21,8,A,7
2340,8321.04,203750,219.18,7.44,45.16,3.13,3,31,A,12
2341,42.68,34875,223.03,5.6,86.3,3.73,94,5,B,9
2342,4511.43,70713,197.79,8.09,68.84,3.69,32,7,B,6
2343,8692.52,152513,136.27,7.77,60.98,3.81,98,26,A,9
2344,33563.43,184109,218.05,7.72,54.62,3.11,11,39,A,12
2345,4625.48,155083,137.66,4.26,52.27,3.89,12,40,A,3
2346,150.41,118221,190.87,8.57,53.2,4.0,59,45,B,4
2347,91.73,41062,203.82,10.21,65.88,2.72,9,43,C,10
2348,45803.72,202307,222.22,6.56,75.88,3.72,13,2,A,9
2349,100.14,42988,211.01,8.32,48.61,2.62,85,30,C,3
2350,11755.74,42988,210.68,8.32,51.66,2.73,13,30,C,3
2351,6862.08,93638,132.5,10.16,74.37,2.81,17,29,B,6
2352,21025.64,120653,137.8,8.3,43.8,3.96,34,18,B,4
2353,3461.95,123737,131.86,8.35,39.53,2.96,12,15,B,3
2354,1170.0,34875,211.93,6.5,82.46,2.64,58,5,B,7
2355,535.0,34875,222.9,5.6,84.25,3.64,58,5,B,8
2356,38380.68,103681,142.31,8.84,72.93,3.83,40,35,B,8
2357,12671.81,202505,217.08,6.92,91.46,3.68,49,6,A,8
2358,30993.03,57197,192.2,6.61,32.61,3.41,72,16,B,3
2359,48.04,203819,136.46,8.45,46.78,3.72,54,24,A,11
2360,8529.29,204184,140.44,7.91,46.28,3.63,21,27,A,12
2361,474.5,207499,216.27,7.55,44.61,3.02,36,11,A,2
2362,527.33,128107,204.69,7.48,22.65,3.11,94,25,B,12
2363,329.75,39690,129.11,13.5,89.9,3.7,3,38,C,7
2364,495.0,126512,130.45,7.54,54.12,3.78,60,10,B,2
2365,5329.71,203742,208.11,7.29,47.09,3.72,56,20,A,4
2366,124.74,39690,131.01,7.15,86.53,4.12,10,33,A,9
2367,866.46,93188,129.52,6.74,56.96,3.65,80,17,B,9
2368,3383.78,203750,221.48,6.89,88.05,3.29,30,31,A,6
2369,18439.86,41062,213.17,9.58,80.89,3.5,97,43,C,6
2370,11094.22,151315,221.93,6.91,80.42,3.31,34,1,A,7
2371,11271.59,125833,221.15,6.05,65.46,3.35,23,9,B,10
2372,7658.07,202505,213.71,6.86,44.98,3.01,25,6,A,1
2373,3216.98,151315,221.74,7.14,70.33,3.63,52,1,A,5
2374,553.2,112238,130.55,12.19,53.13,3.95,59,12,B,2
2375,20.71,39690,129.2,13.5,91.04,3.7,23,38,C,8
2376,94163.4,219622,130.7,5.76,75.69,3.56,94,13,A,7
2377,46321.18,155078,214.6,6.32,78.29,2.61,38,8,A,7
2378,40712.85,203742,208.66,7.27,77.47,3.83,87,20,A,7
2379,92.0,203750,210.28,8.2,74.24,2.83,54,31,A,5
2380,123.2,103681,136.69,8.76,52.82,2.92,60,35,B,10
2381,2534.97,203819,136.52,8.45,60.21,3.74,58,24,A,10
2382,40.92,120653,138.83,8.24,51.96,4.0,54,18,B,10
2383,123.2,125833,223.43,5.67,47.54,3.16,60,9,B,1
2384,18583.06,41062,203.82,10.21,54.96,2.77,2,43,C,11
2385,1752.0,158114,126.67,10.21,41.13,2.75,48,34,A,11
2386,53388.87,200898,182.03,8.99,31.27,2.74,4,14,A,2
2387,3108.66,203819,137.8,8.98,45.25,4.14,6,24,A,4
2388,11927.95,207499,214.43,7.35,83.01,2.64,55,11,A,7
2389,20672.91,202307,211.04,8.32,57.56,2.67,11,2,A,3
2390,27291.8,114533,138.23,4.16,71.13,3.61,79,23,B,7
2391,2280.29,37392,214.83,7.35,85.13,2.63,17,3,B,8
2392,35804.26,155078,224.84,5.82,52.9,3.79,2,8,A,3
2393,10134.79,128107,212.93,6.96,32.24,3.57,3,25,B,1
2394,452.57,203007,191.14,9.14,30.72,2.78,54,32,A,12
2395,2738.72,34875,220.3,5.94,50.21,3.16,16,5,B,1
2396,11804.36,123737,137.51,7.94,36.97,4.02,46,15,B,3
2397,8768.57,128107,207.88,7.29,28.5,3.64,11,25,B,4
2398,12159.36,203742,214.73,7.28,78.27,3.52,22,20,A,7
2399,4085.0,155083,136.05,4.58,68.1,3.9,58,40,A,8
2400,76.0,114533,137.73,4.26,36.71,3.92,54,23,B,3
2401,25881.17,203007,191.01,9.14,29.97,2.74,8,32,A,11
2402,18.8,39690,131.03,7.4,88.89,4.13,20,33,A,5
2403,66892.71,158114,126.29,9.59,57.39,2.84,95,34,A,5
2404,610.7,155083,137.87,4.12,40.65,4.02,52,40,A,4
2405,4843.67,206302,126.47,14.1,64.55,3.05,6,28,A,4
2406,1572.3,151315,214.11,7.74,53.56,3.46,19,1,A,3
2407,31893.42,202505,225.01,5.33,65.43,3.6,23,6,A,10
2408,48237.2,41062,208.16,10.64,78.98,3.47,94,43,C,9
2409,6442.13,158114,131.15,8.84,58.47,3.61,55,34,A,10
2410,58559.47,203819,133.37,8.25,34.04,3.42,38,24,A,2
2411,17975.92,120653,138.38,8.54,70.09,3.88,34,18,B,8
2412,45531.17,103681,136.4,8.86,82.69,2.79,7,35,B,7
2413,85856.74,207499,226.72,6.03,73.37,3.62,72,11,A,10
2414,1826.04,57197,192.73,6.34,38.64,3.74,33,16,B,5
2415,5274.44,70713,189.4,8.96,63.59,2.68,34,7,B,6
2416,2500.0,112238,131.08,10.2,81.61,3.97,58,12,B,10
2417,10550.8,93638,132.61,10.41,74.37,2.79,87,29,B,8
2418,71736.01,158114,129.52,10.64,66.23,3.47,95,34,A,9
2419,2109.17,93638,138.2,9.42,73.52,3.7,55,29,B,7
2420,12490.89,155083,132.92,5.29,40.52,3.03,96,40,A,11
2421,37049.43,207499,222.16,7.2,56.89,3.17,23,11,A,12
2422,4942.86,203819,132.6,8.12,75.91,2.93,6,24,A,7
2423,13496.34,128107,212.57,6.96,30.23,3.42,90,25,B,1
2424,2466.68,203819,135.78,7.81,73.7,3.92,37,19,A,7
2425,59267.83,207499,215.06,7.56,69.9,2.74,38,11,A,11
2426,11.0,126512,126.58,9.77,55.92,2.88,98,10,B,3
2427,155704.45,219622,130.74,5.76,81.99,3.51,95,13,A,8
2428,10348.22,34875,221.01,5.94,48.25,3.51,13,5,B,2
2429,4146.8,123737,136.5,7.87,38.53,3.63,6,15,B,12
2430,52946.64,126512,126.21,9.52,73.88,3.14,46,10,B,5
2431,49904.56,203819,132.52,8.12,71.12,2.96,16,24,A,7
2432,32.39,39690,129.78,8.01,81.74,3.84,20,33,A,10
2433,19762.63,34875,222.15,5.8,67.33,3.88,95,5,B,4
2434,53159.15,196321,191.96,7.24,26.1,3.1,40,41,A,2
2435,1390.86,37392,218.84,7.57,88.07,3.68,81,3,B,7
2436,10334.34,128107,212.74,6.96,34.6,3.51,11,25,B,1
2437,14.96,39910,126.67,7.61,28.22,2.83,23,44,C,11
2438,86607.58,202307,219.36,7.06,46.75,3.16,40,2,A,1
2439,8880.81,219622,130.72,5.76,79.23,3.63,49,13,A,7
2440,14224.79,219622,131.14,5.96,54.41,3.83,22,13,A,5
2441,2498.46,203750,215.11,7.93,70.79,3.81,44,31,A,4
2442,15767.49,114533,132.63,5.33,67.43,2.81,33,23,B,8
2443,5109.56,123737,132.22,8.19,59.09,3.1,90,15,B,5
2444,4871.0,103681,135.63,9.26,45.98,2.82,35,35,B,3
2445,9816.35,39690,126.13,9.85,93.66,3.08,96,33,A,6
2446,8437.61,202505,224.2,5.67,76.41,3.72,55,6,A,9
2447,572.0,203742,204.25,8.19,25.92,2.78,60,20,A,2
2448,11479.55,118221,189.52,8.42,37.93,3.57,5,45,B,1
2449,36286.62,200898,188.8,8.52,39.93,3.41,80,14,A,12
2450,1602.85,39910,218.68,7.24,58.9,3.27,3,37,C,1
2451,34701.17,119557,136.08,8.35,59.99,2.96,13,22,B,5
2452,106108.25,203742,213.47,6.96,39.79,3.74,72,20,A,2
2453,114178.37,152513,136.14,7.77,62.99,3.88,38,26,A,8
2454,10126.62,207499,214.5,7.34,79.66,2.7,29,11,A,6
2455,46433.13,39910,218.96,7.24,54.49,3.41,90,37,C,2
2456,3399.97,119557,136.63,8.57,56.32,2.78,85,22,B,10
2457,59.76,57197,197.83,6.06,70.49,3.65,99,16,B,7
2458,28034.96,203819,132.36,8.21,71.99,3.01,81,24,A,6
2459,16940.06,158114,128.96,10.58,63.83,3.78,11,34,A,4
2460,30138.56,114533,132.55,5.33,77.16,2.81,79,23,B,7
2461,36484.52,120653,132.52,9.34,71.22,2.82,8,18,B,7
2462,23.0,151315,211.57,7.79,85.22,2.62,18,1,A,8
2463,2049.44,158114,129.2,10.64,80.23,3.62,30,34,A,8
2464,16973.35,39910,210.39,8.36,86.06,2.69,13,37,C,8
2465,3348.6,103681,136.97,8.55,23.64,3.24,30,35,B,1
2466,56339.61,200898,182.44,8.74,79.78,2.78,8,14,A,7
2467,4341.15,112238,128.62,14.02,54.4,3.91,21,12,B,3
2468,333.32,42988,210.9,8.32,37.77,2.55,7,30,C,2
2469,950.0,125833,222.4,6.05,46.84,3.17,48,9,B,12
2470,28950.35,118221,182.43,8.9,69.71,2.81,13,45,B,6
2471,28348.0,200898,182.62,8.74,78.44,2.8,5,14,A,8
2472,14337.45,202307,211.26,8.1,88.7,2.66,17,2,A,8
2473,5284.28,93638,133.18,10.26,26.39,3.24,55,29,B,2
2474,4717.04,93638,137.17,8.99,35.68,3.66,25,29,B,2
2475,20843.09,155078,224.99,5.68,62.18,3.89,7,8,A,4
2476,535.53,200898,186.62,8.62,70.63,3.7,28,14,A,9
2477,9118.26,204184,140.7,8.01,41.3,3.67,98,27,A,1
2478,35064.84,206302,126.29,14.1,70.15,3.13,97,28,A,5
2479,60808.76,184109,209.94,8.46,79.83,2.7,91,39,A,6
2480,19915.89,219622,129.04,7.19,63.35,3.7,80,13,A,6
2481,31582.36,128107,204.48,7.53,75.37,2.77,72,25,B,7
2482,2207.75,205863,129.06,5.95,73.65,3.77,19,4,A,5
2483,705.0,70713,189.62,8.96,43.07,2.78,35,7,B,4
2484,14438.9,203750,211.19,8.1,82.57,2.58,82,31,A,9
2485,85833.13,200898,190.81,8.57,63.13,4.03,91,14,A,4
2486,4272.61,155078,222.87,6.12,38.16,3.11,59,8,A,12
2487,46.61,39690,131.15,6.94,72.71,4.45,28,42,C,10
2488,1972.47,39910,218.58,7.24,56.28,3.25,46,36,A,1
2489,30129.42,203819,136.46,8.45,46.78,3.72,13,24,A,11
2490,998.42,39910,130.89,5.62,68.4,3.78,83,44,C,6
2491,11120.76,184109,220.72,6.62,84.72,3.57,20,39,A,8
2492,10053.22,123737,136.48,7.87,41.1,3.69,24,15,B,11
2493,2806.54,39910,210.18,8.48,59.1,2.86,46,36,A,12
2494,47244.25,196321,191.01,7.51,25.3,2.74,40,41,A,11
2495,211.0,93188,126.58,6.55,31.58,2.68,54,17,B,3
2496,70.92,123737,138.28,8.19,66.98,4.0,80,15,B,8
2497,3344.98,202307,221.2,6.89,65.69,3.88,85,2,A,4
2498,231.84,151315,217.52,7.87,63.71,3.35,59,1,A,10
2499,3994.23,123737,132.88,7.77,30.53,3.35,81,15,B,1
2500,16794.46,202307,215.51,7.85,77.97,3.55,16,2,A,9
2501,10331.13,151315,211.41,7.84,49.84,2.87,74,1,A,12
2502,57.84,42988,222.62,6.56,80.38,3.67,74,30,C,9
2503,19929.69,103681,136.47,8.86,77.45,2.78,46,35,B,8
2504,56692.11,204184,140.47,7.91,40.68,3.61,94,27,A,12
2505,3459.92,206302,131.11,11.63,64.28,4.25,6,28,A,4
2506,2722.02,119557,136.47,8.43,74.37,2.79,93,22,B,8
2507,2721.66,118221,186.67,8.62,71.48,3.74,35,45,B,9
2508,11125.16,204184,140.44,7.91,51.81,3.76,24,27,A,10
2509,18742.0,120653,132.76,9.34,67.09,2.72,17,18,B,9
2510,153.12,39910,213.84,8.3,83.95,3.59,56,37,C,6
2511,4670.69,70713,190.57,9.02,47.55,2.79,25,7,B,9
2512,572.0,203742,204.79,7.53,70.51,2.76,36,20,A,8
2513,420.3,140167,210.87,8.32,54.68,2.72,83,21,B,3
2514,4348.0,120653,131.53,9.2,21.33,2.79,35,18,B,2
2515,1554.7,57197,190.86,6.99,45.0,2.76,97,16,B,10
2516,111548.54,203750,215.28,7.93,70.19,3.81,92,31,A,4
2517,13325.77,93188,131.11,6.24,46.94,3.83,10,17,B,4
2518,44695.18,205863,131.15,4.31,67.64,3.68,7,4,A,5
2519,12187.74,203819,134.86,8.21,73.12,4.07,22,24,A,6
2520,4349.97,206302,130.89,11.63,84.83,4.1,58,28,A,6
2521,384.0,155083,132.06,5.44,46.5,2.94,48,40,A,4
2522,10385.73,93638,138.65,9.42,63.38,4.06,5,29,B,9
2523,2818.5,203742,208.11,7.29,47.09,3.72,36,20,A,4
2524,59.0,219622,127.3,7.47,20.6,2.9,56,13,A,1
2525,2233.92,57197,195.03,6.23,39.97,3.49,33,16,B,10
2526,48096.9,206302,129.86,12.89,42.17,3.64,40,28,A,12
2527,13245.5,114533,138.47,4.16,66.74,3.92,67,23,B,9
2528,167.0,196321,193.91,6.9,72.19,3.55,48,41,A,8
2529,1794.64,219622,126.6,8.11,42.15,2.84,28,13,A,4
2530,3538.36,203819,137.06,7.94,36.22,3.8,6,19,A,2
2531,46004.99,202505,217.21,6.92,89.26,3.55,9,6,A,8
2532,3789.33,202307,213.76,8.03,52.7,3.46,31,2,A,3
2533,1422.77,37392,218.46,7.57,72.55,3.62,90,3,B,4
2534,7950.62,202505,212.91,6.86,47.78,2.98,42,6,A,1
2535,5461.3,42988,219.72,7.06,50.79,3.29,46,30,C,1
2536,12784.65,37392,225.26,6.66,84.66,3.39,16,3,B,6
2537,17084.63,158114,128.62,10.4,53.11,3.48,46,34,A,3
2538,1785.91,103681,142.13,8.88,69.52,3.62,41,35,B,6
2539,14868.17,128107,214.42,7.14,44.2,4.0,16,25,B,4
2540,39311.93,151315,223.18,6.57,68.55,3.62,4,1,A,10
2541,10167.81,200898,191.01,8.57,74.48,3.74,55,14,A,6
2542,1944.89,204184,140.2,7.85,71.44,3.88,52,27,A,9
2543,1515.16,70713,197.66,8.09,63.07,3.74,33,7,B,6
2544,5659.45,57197,191.92,6.61,27.18,3.05,22,16,B,2
2545,359.05,155083,132.29,5.44,67.88,2.91,59,40,A,5
2546,379.33,39690,126.13,14.18,99.22,3.11,10,38,C,7
2547,3204.08,118221,184.16,8.55,35.78,3.27,29,45,B,2
2548,13439.21,123737,132.22,8.19,59.09,3.1,4,15,B,5
2549,26289.94,206302,129.09,13.5,89.85,3.84,97,28,A,7
2550,229.53,39910,218.68,7.24,58.9,3.28,18,36,A,1
2551,5815.93,93638,136.47,9.36,56.44,3.63,24,29,B,10
2552,186.97,158114,126.21,9.59,60.74,2.84,54,34,A,5
2553,10498.14,158114,127.19,10.4,24.5,2.98,74,34,A,1
2554,911.1,39910,130.72,5.41,80.42,3.54,7,44,C,7
2555,69242.31,158114,130.55,9.65,39.89,3.54,95,34,A,2
2556,4422.98,125833,218.68,6.38,86.74,3.59,3,9,B,6
2557,20412.76,204184,136.79,8.02,45.91,3.05,9,27,A,11
2558,2728.95,93188,129.79,6.62,41.89,3.57,94,17,B,10
2559,9.94,155078,219.13,6.42,84.69,3.52,18,8,A,8
2560,541.26,41062,211.5,9.65,52.72,3.27,74,43,C,1
2561,789.92,39690,130.9,7.54,56.54,4.29,87,42,C,3
2562,2092.66,120653,136.64,8.47,32.36,3.4,35,18,B,12
2563,157.41,93188,129.69,6.62,54.4,3.59,49,17,B,10
2564,57960.52,203007,190.33,9.02,74.95,2.73,38,32,A,8
2565,660.32,93638,133.74,10.26,41.42,3.6,28,29,B,3
2566,1263.25,202505,217.01,6.86,74.24,3.81,27,6,A,4
2567,93956.62,202505,217.05,6.86,80.83,3.79,95,6,A,5
2568,1112.0,37392,214.7,7.56,52.2,2.87,36,3,B,12
2569,2373.48,70713,192.85,8.6,53.3,3.74,44,7,B,6
2570,59361.85,184109,217.88,7.72,58.58,3.16,5,39,A,12
2571,38666.51,119557,135.83,8.35,51.14,2.88,16,22,B,4
2572,5940.46,155078,215.11,6.43,62.94,2.63,42,8,A,10
2573,6001.58,128107,204.79,7.53,67.15,2.76,67,25,B,8
2574,7227.7,125833,214.9,6.38,85.02,2.65,12,9,B,6
2575,8571.12,158114,129.13,10.64,78.09,3.56,3,34,A,7
2576,772.46,39690,129.37,8.44,96.22,3.77,14,33,A,9
2577,23421.81,112238,130.97,12.19,64.36,4.29,9,12,B,3
2578,668.8,205863,129.9,5.14,36.44,3.15,60,4,A,12
2579,19856.77,207499,213.62,7.34,75.57,2.84,96,11,A,5
2580,385.98,125833,219.36,6.38,70.49,3.91,27,9,B,5
2581,2504.68,125833,214.66,6.42,38.01,2.57,42,9,B,2
2582,1614.45,119557,136.63,8.43,62.49,2.72,52,22,B,9
2583,3144.59,206302,130.38,12.19,52.27,3.72,52,28,A,2
2584,88.55,39910,129.04,6.91,63.35,3.7,72,44,C,6
2585,8781.28,120653,131.69,9.2,35.42,2.75,29,18,B,2
2586,0.02,120653,132.55,9.34,79.75,2.81,18,18,B,7
2587,22912.55,114533,137.66,4.26,57.82,3.89,4,23,B,3
2588,868.61,140167,211.52,8.16,70.72,2.72,28,21,B,10
2589,30152.27,155078,218.4,6.3,84.73,3.64,7,8,A,6
2590,3931.46,202505,218.26,6.92,82.51,3.36,37,6,A,9
2591,4347.25,112238,131.01,10.93,82.97,4.12,6,12,B,9
2592,2193.78,196321,196.94,6.59,22.52,3.11,27,41,A,2
2593,64343.46,203819,133.18,7.77,21.02,3.4,91,19,A,2
2594,358.67,203007,197.72,8.09,49.15,3.94,59,32,A,4
2595,8845.4,206302,129.07,13.74,88.95,3.9,98,28,A,6
2596,5269.02,203007,199.15,7.56,53.57,3.75,71,32,A,10
2597,472.18,34875,222.33,5.8,79.72,3.5,31,5,B,6
2598,4889.47,34875,216.53,6.49,77.38,3.9,23,5,B,5
2599,50508.87,39910,210.58,8.48,71.57,2.72,95,37,C,10
2600,19939.16,219622,126.11,8.11,58.41,2.82,34,13,A,6
2601,14642.65,103681,136.46,8.86,79.78,2.78,25,35,B,7
2602,1151.5,184109,209.12,8.46,74.86,2.84,36,39,A,5
2603,4179.99,202307,219.36,7.06,46.75,3.16,26,2,A,1
2604,2823.99,39910,126.38,7.97,48.33,2.94,82,44,C,4
2605,18820.14,41062,210.31,10.15,47.49,3.17,2,43,C,12
2606,18139.0,202505,223.37,5.96,82.1,3.39,67,6,A,6
2607,5170.67,196321,195.87,6.76,17.05,3.33,6,41,A,12
2608,390.95,39910,212.29,8.4,67.73,3.06,10,37,C,2
2609,8130.95,206302,131.14,11.63,76.03,4.17,32,28,A,5
2610,38687.52,126512,126.21,9.52,73.88,3.14,74,10,B,5
2611,40472.76,128107,213.87,6.96,37.44,3.85,95,25,B,3
2612,54889.5,203819,136.86,7.94,23.44,3.7,40,19,A,1
2613,2332.42,114533,135.78,4.58,69.8,3.83,27,23,B,7
2614,42831.51,184109,214.03,8.3,73.19,3.74,72,39,A,4
2615,10790.1,39690,130.89,10.93,89.78,4.09,8,38,C,8
2616,8591.97,155083,132.69,5.33,62.57,2.77,98,40,A,8
2617,59934.73,155078,218.69,6.42,83.57,3.48,92,8,A,7
2618,10026.17,103681,135.41,9.26,29.81,2.77,81,35,B,2
2619,25.0,151315,221.94,6.91,82.66,3.41,47,1,A,7
2620,19937.54,155078,226.57,5.4,71.1,3.67,79,8,A,9
2621,39.66,39910,128.62,7.22,42.38,3.44,52,44,C,3
2622,34.0,125833,214.93,6.56,45.92,2.94,47,9,B,12
2623,2363.75,204184,141.77,8.25,48.73,4.14,27,27,A,4
2624,16381.71,70713,196.96,8.26,30.1,3.29,46,7,B,3
2625,22143.61,114533,138.74,4.16,53.71,4.02,82,23,B,9
2626,5074.89,39690,126.38,9.27,74.2,3.01,40,33,A,10
2627,17798.54,118221,182.26,8.74,77.84,2.78,7,45,B,7
2628,37882.86,184109,214.55,8.18,88.65,3.53,8,39,A,9
2629,1432.95,93638,132.76,10.41,65.14,2.72,52,29,B,9
2630,12901.98,126512,131.01,7.17,81.93,4.12,55,10,B,9
2631,48.25,39910,209.12,8.46,75.56,2.79,20,36,A,5
2632,10344.47,204184,136.32,8.06,70.0,2.94,32,27,A,6
2633,1788.6,151315,219.71,7.35,49.01,3.16,27,1,A,1
2634,948.29,93188,126.28,6.88,58.06,2.84,56,17,B,10
2635,29824.06,219622,126.15,7.95,77.79,2.79,97,13,A,7
2636,1466.39,114533,136.21,4.58,67.04,3.8,19,23,B,8
2637,5661.0,103681,136.53,8.76,31.62,3.14,36,35,B,12
2638,3411.24,37392,214.68,7.37,53.04,2.62,56,3,B,3
2639,16374.5,39910,209.12,8.46,75.56,2.84,2,37,C,5
2640,5052.24,93638,136.37,9.86,62.36,3.76,81,29,B,9
2641,1645.22,120653,137.92,8.3,60.88,4.05,85,18,B,4
2642,15972.17,118221,186.07,8.52,60.38,4.07,34,45,B,5
2643,7946.35,41062,210.54,10.15,34.23,3.16,1,43,C,12
2644,6258.57,34875,216.2,6.49,74.75,3.81,96,5,B,4
2645,5854.41,151315,223.43,6.57,67.97,3.59,83,1,A,10
2646,1972.54,34875,222.34,5.8,81.02,3.45,20,5,B,6
2647,2088.41,118221,190.98,8.57,61.24,3.89,35,45,B,5
2648,25091.01,206302,129.18,13.5,90.61,3.8,80,28,A,8
2649,5180.98,158114,128.26,10.4,46.21,3.3,67,34,A,3
2650,4838.08,152513,136.48,7.6,31.7,3.59,49,26,A,11
2651,15596.68,120653,133.49,9.13,26.15,3.28,82,18,B,2
2652,6775.46,203750,219.53,7.06,45.0,3.26,17,31,A,1
2653,9983.27,152513,138.73,7.14,46.95,3.92,14,26,A,10
2654,33028.37,112238,127.09,14.31,45.64,3.15,79,12,B,12
2655,60936.44,204184,136.37,7.98,76.25,2.96,72,27,A,7
2656,21946.36,206302,129.28,13.5,94.61,3.74,10,28,A,8
2657,125396.47,205863,126.53,8.62,36.45,2.54,95,4,A,2
2658,7736.89,155083,136.21,4.58,65.01,3.8,34,40,A,8
2659,2429.22,158114,128.82,10.58,58.59,3.6,30,34,A,4
2660,5036.44,202307,215.14,7.85,90.07,3.68,6,2,A,7
2661,19314.11,207499,214.7,7.35,83.26,2.64,11,11,A,7
2662,7585.87,119557,140.43,7.71,56.44,3.63,33,22,B,10
2663,185.85,125833,221.32,6.05,63.96,3.37,28,9,B,10
2664,10.0,39690,130.84,7.15,89.62,4.05,41,33,A,8
2665,3359.66,70713,191.48,8.82,11.32,2.91,16,7,B,1
2666,7978.08,93638,132.6,10.41,76.35,2.79,79,29,B,7
2667,1439.64,207499,214.53,7.37,61.51,2.72,41,11,A,3
2668,20589.9,204184,136.6,8.02,31.34,3.31,98,27,A,12
2669,5943.02,196321,190.99,7.51,33.0,2.71,25,41,A,12
2670,4689.91,118221,185.67,8.52,69.32,3.84,33,45,B,6
2671,7622.34,57197,194.74,6.34,53.68,3.6,14,16,B,9
2672,97.62,93188,131.03,6.24,55.69,3.8,94,17,B,5
2673,3573.79,93188,126.6,6.55,29.71,2.73,24,17,B,3
2674,18610.17,128107,208.96,7.29,60.1,4.07,10,25,B,5
2675,436.37,204184,139.7,7.85,77.83,3.92,59,27,A,7
2676,1484.0,93638,132.75,10.52,56.32,2.78,36,29,B,10
2677,10315.7,204184,136.47,7.98,77.45,2.94,32,27,A,8
2678,317.81,119557,142.08,7.67,56.72,3.95,59,22,B,5
2679,47545.12,202505,221.49,6.13,48.33,3.26,91,6,A,1
2680,195.57,39910,210.51,8.48,66.34,2.6,10,36,A,10
2681,4989.05,42988,211.52,8.16,70.72,2.72,79,30,C,10
2682,5919.76,151315,211.96,7.84,58.74,2.69,67,1,A,11
2683,23030.65,158114,130.72,9.28,77.95,3.19,4,34,A,7
2684,6403.11,158114,126.06,9.82,76.72,2.7,33,34,A,8
2685,2819.46,126512,129.09,8.26,95.36,3.84,19,10,B,7
2686,10789.0,93188,126.5,6.55,18.36,2.67,14,17,B,2
2687,296.11,112238,127.72,14.02,45.14,3.35,83,12,B,2
2688,5003.92,103681,135.35,9.26,27.19,2.78,31,35,B,2
2689,21278.83,206302,126.67,14.31,47.66,3.16,46,28,A,11
2690,2581.88,203742,214.73,7.28,78.27,3.52,52,20,A,7
2691,131.43,39690,130.72,10.93,89.13,3.76,42,38,C,7
2692,9348.31,184109,210.58,8.48,69.96,2.72,67,39,A,10
2693,44.5,41062,203.45,9.82,80.43,2.58,25,43,C,9
2694,3498.15,158114,131.03,9.58,72.42,3.55,26,34,A,5
2695,2135.7,125833,225.49,5.54,69.52,3.63,19,9,B,5
2696,10445.56,219622,129.0,7.19,43.85,3.68,32,13,A,4
2697,16166.09,207499,223.75,6.83,52.23,3.41,17,11,A,2
2698,10379.93,112238,128.91,13.74,57.63,3.87,24,12,B,4
2699,30859.37,203007,195.33,8.51,42.76,3.55,93,32,A,10
2700,3422.19,151315,211.67,7.84,71.89,2.6,85,1,A,10
2701,28.0,39910,210.77,8.48,61.97,2.7,24,36,A,11
2702,9541.51,112238,129.78,12.89,73.05,3.84,24,12,B,10
2703,2597.65,42988,211.49,8.03,42.72,3.02,83,30,C,1
2704,3579.24,204184,136.46,7.98,79.78,2.93,31,27,A,7
2705,16472.54,158114,130.98,9.28,64.28,3.71,81,34,A,9
2706,8330.2,128107,214.31,7.14,42.46,4.04,81,25,B,4
2707,3723.6,126512,126.13,9.2,88.44,3.11,27,10,B,7
2708,26999.13,93188,130.83,6.4,43.69,3.53,79,17,B,3
2709,3484.0,118221,182.03,8.99,31.27,2.74,30,45,B,2
2710,24357.43,155083,132.76,5.33,55.63,2.72,2,40,A,9
2711,9412.93,103681,137.14,8.55,30.45,3.24,20,35,B,2
2712,10022.22,206302,129.24,13.5,91.74,3.74,26,28,A,8
2713,2828.54,70713,191.37,8.82,10.09,2.88,71,7,B,1
2714,565.19,39690,130.74,12.19,54.54,4.25,3,38,C,3
2715,13839.91,205863,126.19,7.37,60.96,2.64,98,4,A,9
2716,15930.7,203819,132.02,8.19,46.87,3.02,96,19,A,4
2717,4613.85,114533,136.48,4.42,39.18,3.59,12,23,B,11
2718,4284.5,39910,210.21,8.46,84.37,2.64,98,37,C,6
2719,22574.81,155083,137.26,4.26,25.56,3.7,93,40,A,2
2720,2381.46,39910,130.79,5.62,72.89,3.74,67,44,C,6
2721,0.97,39690,130.65,7.54,57.62,3.88,44,42,C,3
2722,1.25,204184,136.44,7.98,81.56,2.92,18,27,A,7
2723,95925.69,203007,197.66,8.09,61.76,3.93,92,32,A,4
2724,89.56,140167,219.81,7.06,55.83,3.36,83,21,B,2
2725,35166.77,207499,226.52,6.33,77.67,3.67,94,11,A,9
2726,11476.03,158114,126.6,9.59,50.07,2.74,23,34,A,4
2727,81.42,41062,203.41,10.21,57.15,2.89,12,43,C,12
2728,22644.99,118221,185.53,8.52,53.69,3.82,90,45,B,4
2729,30120.96,126512,131.04,7.38,65.99,4.28,18,10,B,4
2730,4955.25,184109,209.59,8.46,63.31,2.72,29,39,A,4
2731,7791.08,57197,197.61,6.17,51.34,3.9,87,16,B,5
2732,33032.71,206302,130.24,12.19,48.07,3.66,94,28,A,1
2733,16652.63,204184,140.43,7.91,44.46,3.74,87,27,A,11
2734,3279.35,203007,197.98,7.87,77.56,3.57,29,32,A,7
2735,9.97,203819,138.16,8.98,72.29,3.72,18,24,A,6
2736,180.98,42988,214.49,7.93,56.36,3.52,10,30,C,4
2737,2019.31,125833,215.51,6.56,58.69,2.69,81,9,B,11
2738,16098.47,93638,134.59,9.97,57.71,4.09,13,29,B,5
2739,36293.03,103681,142.77,8.84,64.92,4.0,95,35,B,9
2740,36392.15,119557,136.63,8.57,69.31,2.72,8,22,B,10
2741,17333.36,128107,207.66,7.34,38.51,3.62,46,25,B,3
2742,53355.15,203007,197.88,7.87,71.57,3.61,2,32,A,7
2743,12.0,151315,210.49,7.81,66.32,2.81,78,1,A,4
2744,36696.55,120653,132.87,9.33,55.85,2.94,8,18,B,10
2745,1908.47,119557,138.33,8.25,57.2,3.99,93,22,B,4
2746,7895.39,152513,131.98,8.51,36.6,2.88,14,26,A,4
2747,2087.59,34875,219.76,6.3,54.42,3.16,33,5,B,12
2748,52482.22,203819,138.57,8.19,65.08,4.09,91,19,A,9
2749,867.84,93638,138.83,9.15,55.28,4.0,56,29,B,10
2750,5312.57,203819,131.94,8.21,62.06,2.99,20,24,A,4
2751,37436.57,126512,130.76,7.38,91.36,3.88,16,10,B,6
2752,11774.93,202505,217.52,6.86,76.95,3.9,49,6,A,5
2753,50.96,42988,211.57,8.16,67.51,2.72,42,30,C,10
2754,29165.35,93638,136.24,9.86,69.16,3.78,72,29,B,9
2755,10455.6,203819,138.09,8.98,58.7,4.05,98,24,A,5
2756,14851.81,203750,217.87,7.44,61.9,3.31,1,31,A,11
2757,56105.96,123737,131.59,8.35,22.0,2.94,38,15,B,2
2758,7110.77,205863,131.15,4.31,67.64,3.68,71,4,A,5
2759,4508.1,70713,189.42,8.96,52.7,2.67,25,7,B,6
2760,3563.47,158114,126.11,9.82,72.26,2.65,33,34,A,7
2761,592.9,34875,212.45,6.77,52.52,2.77,97,5,B,11
2762,12628.14,184109,214.49,8.18,86.49,3.52,33,39,A,8
2763,1.0,203750,215.15,7.93,76.86,3.79,45,31,A,5
2764,47852.85,158114,130.9,9.65,47.93,3.76,65,34,A,3
2765,12083.6,203750,210.68,8.32,51.66,2.73,82,31,A,3
2766,71909.04,207499,214.85,7.35,84.94,2.58,92,11,A,9
2767,9676.0,200898,181.65,8.9,70.75,2.97,6,14,A,5
2768,6800.47,206302,130.83,12.19,64.44,4.27,42,28,A,3
2769,2686.43,203819,137.17,7.94,32.61,3.83,36,19,A,2
2770,18182.53,119557,137.5,8.46,33.52,3.44,14,22,B,3
2771,1049.05,206302,130.24,12.19,48.07,3.66,35,28,A,1
2772,2600.76,155083,132.77,5.33,55.34,2.72,30,40,A,9
2773,21354.28,202307,214.84,7.85,85.69,3.52,5,2,A,7
2774,3358.63,203819,136.52,8.45,60.21,3.74,6,24,A,10
2775,2604.46,204184,136.53,8.02,30.83,3.26,37,27,A,12
2776,305.08,126512,130.45,7.54,54.12,3.78,83,10,B,2
2777,7962.83,202505,220.29,6.55,51.18,3.17,29,6,A,12
2778,1581.5,203007,190.57,9.02,64.19,2.79,19,32,A,9
2779,9744.21,114533,137.73,4.26,36.71,3.92,33,23,B,3
2780,72689.94,200898,181.66,8.9,53.15,2.92,94,14,A,4
2781,42783.38,158114,127.72,10.4,23.82,3.0,65,34,A,2
2782,3136.17,125833,215.16,6.44,86.3,2.66,31,9,B,8
2783,814.82,118221,187.26,8.62,70.66,3.64,80,45,B,9
2784,12215.86,70713,194.11,8.62,54.56,3.54,5,7,B,8
2785,22006.37,202307,217.65,7.44,59.33,3.3,14,2,A,11
2786,60587.03,207499,225.46,6.33,86.94,3.42,2,11,A,8
2787,52832.4,202307,211.3,8.1,89.05,2.69,8,2,A,8
2788,1761.56,34875,215.84,6.53,86.64,3.48,22,5,B,7
2789,211.2,202307,215.51,7.85,77.97,3.55,60,2,A,9
2790,29.0,39690,126.6,13.98,50.11,2.92,33,38,C,3
2791,36018.27,155078,225.06,5.68,65.19,3.89,40,8,A,4
2792,21954.67,202307,215.38,7.93,67.14,3.91,80,2,A,5
2793,3296.59,34875,210.89,6.46,71.53,2.84,3,5,B,5
2794,12309.5,39910,129.11,6.56,77.3,3.56,93,44,C,7
2795,290.8,39910,210.38,8.48,54.44,2.69,3,36,A,12
2796,9026.91,126512,130.83,7.54,62.11,4.27,6,10,B,3
2797,52255.47,203007,191.57,8.82,34.54,2.97,91,32,A,1
2798,3312.5,155078,218.93,6.3,73.14,3.79,85,8,A,5
2799,266.44,39690,126.6,13.98,50.11,2.92,10,38,C,3
2800,21456.29,39910,214.11,8.18,85.63,3.58,93,37,C,7
2801,5871.31,93188,131.19,5.53,39.94,3.76,22,17,B,10
2802,4747.79,34875,210.99,6.46,65.13,2.8,46,5,B,4
2803,53458.23,42988,222.07,6.56,88.4,3.73,92,30,C,9
2804,18549.42,205863,126.73,7.13,46.4,2.73,80,4,A,12
2805,9587.91,205863,127.58,6.51,40.6,3.02,32,4,A,1
2806,4237.3,158114,127.19,10.4,24.5,2.98,67,34,A,1
2807,32221.92,184109,214.62,8.18,79.15,3.55,46,39,A,9
2808,7671.8,39910,217.42,7.72,53.57,3.17,46,37,C,12
2809,1263.22,152513,136.5,7.6,34.24,3.47,36,26,A,12
2810,1627.5,207499,213.91,7.34,76.97,2.83,27,11,A,5
2811,21645.06,126512,130.98,7.17,78.47,3.97,16,10,B,9
2812,1087.97,203819,132.58,8.1,74.68,2.92,41,19,A,7
2813,5932.56,184109,210.26,8.36,84.92,2.63,6,39,A,8
2814,25835.12,93638,133.03,10.26,26.8,3.23,92,29,B,1
2815,205.0,120653,135.96,8.89,73.85,3.9,36,18,B,7
2816,2041.0,118221,189.71,8.42,37.0,3.64,41,45,B,2
2817,12674.87,203742,210.12,7.08,52.42,3.58,21,20,A,10
2818,12809.61,203007,189.67,9.01,37.72,2.62,14,32,A,3
2819,9499.39,151315,210.44,7.81,64.84,2.8,74,1,A,4
2820,11858.74,140167,211.15,8.1,79.3,2.56,5,21,B,9
2821,6352.92,206302,131.14,11.63,76.03,4.17,55,28,A,5
2822,4494.97,206302,131.04,10.93,81.22,3.97,29,28,A,9
2823,1719.14,203742,208.56,7.29,69.12,3.98,27,20,A,5
2824,114344.21,203750,211.57,8.16,67.51,2.72,92,31,A,10
2825,11424.21,103681,136.01,9.05,53.82,2.98,82,35,B,5
2826,1.0,118221,186.45,8.62,77.0,3.81,51,45,B,8
2827,74734.81,202307,210.89,8.1,87.66,2.61,38,2,A,7
2828,2549.07,34875,212.01,6.46,80.7,2.67,42,5,B,6
2829,4223.59,140167,221.07,6.89,69.02,3.89,67,21,B,4
2830,15507.31,203742,204.73,7.53,65.02,2.7,25,20,A,9
2831,15310.61,119557,142.1,7.67,62.39,3.85,87,22,B,5
2832,54786.13,219622,128.82,7.19,42.75,3.55,79,13,A,4
2833,22953.4,203742,205.05,7.34,27.43,3.23,49,20,A,1
2834,4190.76,155078,219.01,6.42,86.05,3.64,20,8,A,8
2835,50569.23,219622,129.61,6.88,68.28,3.62,79,13,A,9
2836,23.88,39910,220.43,6.99,80.74,3.5,20,37,C,6
2837,7047.82,112238,128.91,13.74,57.63,3.87,32,12,B,4
2838,3868.05,123737,133.85,7.77,40.23,3.8,20,15,B,3
2839,1122.41,70713,191.48,8.82,11.32,2.91,93,7,B,1
2840,17135.92,200898,192.33,8.67,56.47,3.97,17,14,A,10
2841,10798.38,123737,138.74,8.19,57.13,4.16,1,15,B,9
2842,57.08,39910,221.66,6.62,79.49,3.67,25,37,C,9
2843,6042.75,39690,129.81,12.89,59.77,3.83,98,38,C,11
2844,15390.63,196321,190.36,7.34,64.13,2.77,10,41,A,9
2845,10143.31,57197,197.05,6.16,38.02,3.49,10,16,B,3
2846,1651.05,118221,186.67,8.62,71.48,3.74,6,45,B,9
2847,12608.55,207499,214.85,7.35,84.94,2.58,81,11,A,9
2848,23956.27,207499,225.43,6.33,82.46,3.26,14,11,A,7
2849,14937.79,123737,131.98,8.19,49.63,3.01,74,15,B,4
2850,5370.0,202505,220.29,6.55,51.18,3.17,58,6,A,12
2851,8213.47,203742,208.56,7.29,69.12,3.98,42,20,A,5
2852,18044.29,203750,222.42,6.56,71.54,3.72,23,31,A,9
2853,3553.84,103681,142.13,8.88,69.52,3.62,97,35,B,6
2854,8888.64,126512,130.84,7.17,82.5,4.05,12,10,B,8
2855,2176.0,219622,129.0,7.19,43.85,3.68,36,13,A,4
2856,6.25,39910,210.26,8.36,80.58,2.51,25,36,A,9
2857,49289.42,203819,135.45,8.36,70.27,3.92,91,24,A,7
2858,3041.5,126512,130.7,7.17,84.45,3.59,85,10,B,7
2859,635.66,39910,129.78,6.08,54.66,3.58,14,44,C,10
2860,4931.53,184109,220.99,6.62,83.72,3.64,12,39,A,8
2861,13874.24,119557,142.31,7.75,70.42,3.87,22,22,B,8
2862,3591.47,34875,216.11,6.53,91.07,3.68,82,5,B,8
2863,8.0,39910,129.15,6.56,78.5,3.56,25,44,C,7
2864,32057.75,155083,133.96,5.11,28.89,3.62,8,40,A,3
2865,7028.5,128107,214.37,7.14,57.1,4.03,11,25,B,4
2866,24241.09,93188,126.61,6.88,36.31,2.84,90,17,B,11
2867,12238.6,42988,211.06,8.03,44.24,2.98,8,30,C,1
2868,610.74,93188,130.72,5.94,68.91,3.63,83,17,B,7
2869,22309.34,155078,222.69,6.12,39.79,3.16,13,8,A,12
2870,1317.65,34875,222.33,5.8,70.45,3.63,21,5,B,5
2871,6128.64,39690,130.83,12.19,64.44,4.27,82,38,C,3
2872,10954.38,39910,217.88,7.72,58.31,3.16,82,37,C,12
2873,12464.81,203819,132.84,8.07,42.62,3.19,24,19,A,11
2874,33855.83,120653,137.98,8.3,50.43,4.02,23,18,B,4
2875,7046.49,39910,126.18,7.97,57.71,2.95,13,44,C,5
2876,2346.57,151315,211.83,7.74,44.04,3.02,37,1,A,1
2877,35.47,118221,185.67,8.52,69.32,3.84,54,45,B,6
2878,698.52,203819,134.86,7.66,66.01,4.07,28,19,A,6
2879,5992.97,184109,221.66,6.62,78.04,3.67,44,39,A,9
2880,18398.42,39690,126.14,14.18,91.98,3.1,93,38,C,7
2881,9178.85,120653,137.51,8.08,38.1,3.88,32,18,B,3
2882,492.0,204184,136.79,8.02,45.91,3.05,19,27,A,11
2883,3618.24,155078,221.46,6.12,50.56,3.3,20,8,A,11
2884,11705.6,112238,129.04,13.74,68.4,4.19,16,12,B,5
2885,1242.4,196321,189.94,7.34,70.07,2.69,41,41,A,7
2886,38490.49,207499,218.46,7.57,73.57,3.62,94,11,A,4
2887,3348.48,155083,135.45,4.58,65.25,3.82,26,40,A,7
2888,54071.45,200898,181.76,8.9,65.45,2.87,8,14,A,4
2889,6903.15,184109,209.87,8.36,81.1,2.64,71,39,A,7
2890,88.31,204184,138.68,7.72,66.43,4.13,18,27,A,5
2891,35836.91,70713,196.92,8.26,18.79,3.1,40,7,B,2
2892,15046.33,57197,191.37,6.61,12.39,2.88,46,16,B,1
2893,25560.56,152513,134.86,7.82,60.49,3.97,4,26,A,6
2894,16652.1,158114,131.19,8.84,57.95,3.51,10,34,A,10
2895,13533.94,155083,135.78,4.58,68.9,3.83,23,40,A,7
2896,62961.92,126512,126.56,9.52,69.74,3.11,23,10,B,4
2897,978.77,203750,211.3,8.1,89.65,2.69,27,31,A,8
2898,3614.68,118221,182.26,8.74,82.45,2.79,30,45,B,7
2899,41333.36,112238,130.55,12.19,53.13,3.95,95,12,B,2
2900,14979.56,152513,138.11,7.49,58.51,3.8,23,26,A,6
2901,16938.06,196321,197.66,6.55,57.66,3.93,82,41,A,4
2902,44395.8,41062,210.91,10.15,42.63,3.11,94,43,C,12
2903,28359.1,203007,190.67,9.14,66.14,2.76,93,32,A,10
2904,10871.06,128107,214.02,6.96,50.64,3.86,74,25,B,3
2905,5.97,196321,197.98,6.43,73.31,3.57,45,41,A,7
2906,64672.74,184109,212.86,8.4,58.35,3.46,2,39,A,3
2907,4852.41,203750,221.68,6.56,85.55,3.57,42,31,A,8
2908,37473.81,196321,198.82,6.2,50.14,3.78,13,41,A,10
2909,62.37,70713,196.94,8.26,27.03,3.11,49,7,B,2
2910,150462.8,219622,126.11,8.11,65.24,2.84,95,13,A,6
2911,11385.66,202505,223.12,5.96,71.29,3.89,49,6,A,4
2912,401.14,202505,223.33,5.96,72.66,3.69,28,6,A,5
2913,18463.67,203819,138.73,7.99,56.49,4.07,46,19,A,10
2914,4193.6,57197,192.84,6.34,54.08,3.76,81,16,B,6
2915,25900.45,203819,132.72,8.12,73.52,2.86,10,24,A,9
2916,6905.28,155078,213.96,6.29,59.25,2.77,3,8,A,4
2917,6097.25,140167,210.68,8.32,51.66,2.73,16,21,B,3
2918,5456.6,203819,138.74,8.95,58.86,4.16,42,24,A,9
2919,41917.8,155083,135.27,4.78,62.59,3.85,94,40,A,6
2920,34.0,93638,132.82,10.52,28.49,3.18,19,29,B,12
2921,2875.36,114533,136.49,4.42,43.6,3.5,52,23,B,12
2922,2085.69,202307,221.94,6.56,82.64,3.64,27,2,A,8
2923,2957.14,151315,221.88,6.91,81.57,3.23,71,1,A,7
2924,163.42,39690,126.33,9.27,80.49,3.08,18,33,A,10
2925,11059.57,103681,139.89,8.68,79.41,3.83,25,35,B,7
2926,47006.64,206302,126.73,14.31,43.33,3.04,40,28,A,12
2927,5400.11,112238,129.9,12.89,43.29,3.6,21,12,B,12
2928,3227.47,203007,190.1,9.02,72.95,2.69,29,32,A,8
2929,40889.68,207499,214.5,7.34,79.66,2.7,94,11,A,6
2930,591.66,37392,225.56,6.33,87.36,3.57,97,3,B,8
2931,5050.49,103681,142.23,8.84,78.64,3.57,6,35,B,7
2932,1114.01,203007,199.15,7.56,53.57,3.75,28,32,A,10
2933,25.92,203007,191.76,8.82,15.47,3.01,54,32,A,2
2934,779.4,203007,189.74,9.01,39.88,2.68,59,32,A,3
2935,550.0,204184,136.63,8.02,70.19,2.84,58,27,A,10
2936,11477.65,120653,135.63,8.89,73.12,3.78,32,18,B,7
2937,20516.35,123737,132.75,8.07,52.19,2.9,8,15,B,10
2938,61974.62,152513,133.74,7.91,28.13,3.6,90,26,A,3
2939,8159.82,184109,213.34,8.4,71.17,3.47,98,39,A,3
2940,28710.5,155078,226.77,5.12,61.41,3.62,13,8,A,10
2941,7568.83,158114,126.56,9.59,59.18,2.81,55,34,A,4
2942,790.2,93188,131.14,6.24,48.86,3.83,96,17,B,5
2943,1813.8,123737,138.83,7.99,52.89,4.15,30,15,B,10
2944,13779.52,155078,219.01,6.42,86.05,3.64,16,8,A,8
2945,12110.37,93188,126.29,6.64,40.26,2.95,11,17,B,5
2946,17477.41,112238,126.61,13.98,60.06,3.08,1,12,B,3
2947,2605.59,125833,223.81,5.67,49.38,3.29,16,9,B,1
2948,4443.18,152513,138.13,7.49,57.84,3.68,32,26,A,6
2949,12322.48,207499,214.2,7.34,79.69,2.76,81,11,A,5
2950,15481.09,202505,220.55,6.55,43.64,3.16,26,6,A,12
2951,31230.79,205863,128.96,5.95,68.8,3.78,81,4,A,4
2952,3300.85,93638,138.26,9.42,75.81,3.56,32,29,B,7
2953,35962.0,203742,214.48,7.14,62.74,3.95,81,20,A,5
2954,12545.04,205863,130.24,4.61,34.41,3.26,98,4,A,1
2955,8678.62,57197,197.69,6.17,65.36,3.72,1,16,B,6
2956,3692.3,34875,212.06,6.5,86.1,2.63,82,5,B,8
2957,37977.45,203742,207.43,7.34,44.8,3.63,5,20,A,3
2958,8966.64,118221,190.76,8.57,51.83,4.04,25,45,B,4
2959,171.46,39910,214.52,8.3,69.56,3.92,10,36,A,5
2960,4404.72,158114,131.03,9.58,72.42,3.55,6,34,A,5
2961,28447.62,103681,135.79,9.05,62.62,2.87,11,35,B,4
2962,22283.34,203007,193.0,8.6,65.06,3.66,23,32,A,6
2963,31882.98,151315,222.58,6.91,74.97,3.72,9,1,A,9
2964,1150.13,57197,192.84,6.34,54.08,3.76,91,16,B,6
2965,508.37,118221,192.01,8.68,64.88,4.0,98,45,B,9
2966,883.16,158114,129.81,10.15,48.04,3.32,27,34,A,11
2967,4271.16,200898,188.35,8.52,48.71,3.49,12,14,A,11
2968,15084.9,155078,225.61,5.4,81.21,3.57,11,8,A,8
2969,8749.78,93638,137.73,8.99,46.4,3.92,74,29,B,3
2970,1508.49,39690,131.04,7.4,70.75,4.28,18,33,A,4
2971,19635.36,70713,189.47,8.96,46.6,2.78,95,7,B,5
2972,78540.21,202307,222.42,6.56,71.09,3.72,91,2,A,9
2973,23787.86,203819,133.49,7.77,23.24,3.45,10,19,A,2
2974,8760.23,219622,129.13,6.88,75.59,3.55,20,13,A,7
2975,34596.36,202505,213.38,7.01,70.97,2.72,87,6,A,10
2976,3381.65,70713,197.05,8.26,37.29,3.49,71,7,B,3
2977,16276.09,120653,132.68,9.33,25.64,3.13,3,18,B,12
2978,11012.69,204184,136.79,8.02,45.91,3.05,20,27,A,11
2979,35828.7,219622,126.16,8.11,53.11,2.91,8,13,A,5
2980,16374.53,39910,212.86,8.4,59.15,3.46,4,37,C,3
2981,2595.74,34875,211.57,6.57,52.47,2.73,74,5,B,3
2982,47159.1,128107,204.25,8.19,21.1,2.78,38,25,B,2
2983,16643.54,203007,197.88,7.87,71.57,3.61,97,32,A,7
2984,6121.03,203819,137.17,7.94,32.61,3.83,33,19,A,2
2985,63262.54,41062,213.18,9.58,87.75,3.39,90,43,C,6
2986,19635.24,155078,224.18,5.82,46.33,3.56,46,8,A,2
2987,29383.02,151315,211.89,7.84,51.41,2.77,81,1,A,11
2988,3824.74,196321,192.42,6.93,39.94,3.61,29,41,A,4
2989,4393.89,70713,199.15,7.56,43.01,3.75,79,7,B,10
2990,22.41,39690,129.0,8.49,73.38,4.15,27,42,C,4
2991,20035.87,203819,131.86,8.33,48.87,2.96,16,24,A,3
2992,81463.24,200898,191.0,8.57,67.21,3.8,91,14,A,5
2993,3475.04,202505,224.4,5.67,70.81,3.72,30,6,A,9
2994,655.02,128107,211.87,7.08,38.69,3.42,93,25,B,12
2995,95.59,39910,131.15,5.62,56.47,3.81,28,44,C,5
2996,481.73,39910,212.01,8.4,57.48,3.02,74,36,A,2
2997,499.58,140167,215.14,7.85,91.56,3.68,56,21,B,7
2998,10795.39,152513,136.52,7.6,53.91,3.58,11,26,A,10
2999,13973.62,128107,215.55,7.28,57.6,4.04,9,25,B,9
3000,181.04,39910,129.78,6.08,54.66,3.58,10,44,C,10
3001,5181.1,39910,215.45,8.18,81.52,3.36,98,37,C,9
3002,137.02,39690,129.18,8.44,96.93,3.8,20,33,A,8
3003,3228.14,93638,137.26,8.99,36.25,3.7,33,29,B,2
3004,89688.4,203750,215.39,7.85,92.07,3.52,90,31,A,8
3005,30341.64,196321,190.47,7.34,62.4,2.8,8,41,A,9
3006,224.0,205863,126.29,7.9,56.77,2.84,54,4,A,5
3007,7452.65,37392,225.46,6.33,86.55,3.42,16,3,B,8
3008,13215.27,151315,211.46,7.74,35.4,2.98,9,1,A,1
3009,115.0,42988,211.66,8.16,60.95,2.73,18,30,C,11
3010,9171.7,57197,197.69,6.17,65.36,3.72,82,16,B,6
3011,6602.19,119557,136.73,8.46,32.56,3.19,42,22,B,1
3012,9139.54,184109,210.97,8.4,47.94,3.01,22,39,A,1
3013,27519.32,155078,215.55,6.26,39.26,3.01,91,8,A,1
3014,8478.45,158114,130.96,9.58,70.41,3.48,34,34,A,6
3015,61053.52,202307,221.44,6.89,81.04,3.35,8,2,A,6
3016,51449.69,200898,191.06,8.57,74.22,3.56,7,14,A,6
3017,2334.66,196321,190.99,7.51,33.0,2.71,52,41,A,12
3018,928.57,119557,141.39,7.5,37.47,3.83,28,22,B,3
3019,36627.2,158114,126.06,9.82,76.72,2.7,2,34,A,8
3020,3312.3,93188,129.15,6.74,69.82,3.56,19,17,B,7
3021,712.0,126512,126.15,9.2,91.03,3.1,48,10,B,7
3022,1817.0,57197,191.57,6.61,28.6,2.97,36,16,B,1
3023,16857.87,118221,191.17,8.68,78.89,3.57,7,45,B,7
3024,2912.13,151315,221.36,7.35,67.61,3.84,71,1,A,3
3025,105.6,118221,182.62,8.74,76.01,2.78,60,45,B,8
3026,3902.49,125833,215.06,6.44,87.09,2.63,34,9,B,8
3027,7161.09,57197,194.25,6.34,68.83,3.5,16,16,B,8
3028,19158.62,41062,203.06,9.52,47.31,2.57,97,43,C,2
3029,9770.65,204184,141.3,8.01,41.74,3.92,25,27,A,2
3030,7076.76,126512,129.11,8.26,88.57,3.79,44,10,B,7
3031,69687.19,158114,130.74,9.65,42.7,3.67,95,34,A,3
3032,3643.87,118221,192.33,8.67,54.47,4.0,21,45,B,10
3033,38261.9,204184,141.39,8.01,40.07,3.98,8,27,A,3
3034,4325.36,158114,129.78,10.15,58.93,3.36,44,34,A,10
3035,1470.47,203750,221.31,6.89,77.53,3.75,35,31,A,5
3036,7436.28,205863,131.11,4.31,68.69,3.88,6,4,A,4
3037,2809.69,158114,129.28,10.64,77.27,3.52,83,34,A,8
3038,39587.8,207499,226.52,6.33,77.67,3.67,13,11,A,9
3039,37422.95,114533,136.24,4.58,65.33,3.78,14,23,B,9
3040,20.94,206302,126.55,14.31,57.79,3.13,45,28,A,11
3041,12689.43,158114,126.38,10.21,58.11,2.74,11,34,A,10
3042,7915.0,196321,197.74,6.55,66.88,3.74,58,41,A,6
3043,18171.29,203007,190.4,9.02,68.44,2.78,9,32,A,9
3044,1413.89,203750,221.31,6.89,77.53,3.75,85,31,A,5
3045,1379.0,114533,132.57,5.33,73.94,2.8,41,23,B,7
3046,3539.51,114533,136.64,4.42,22.3,3.4,36,23,B,12
3047,6274.29,206302,130.45,12.19,51.8,3.78,6,28,A,2
3048,11049.68,57197,190.29,6.87,63.59,2.73,23,16,B,8
3049,36071.33,203742,208.76,7.29,59.01,4.06,87,20,A,5
3050,13277.65,184109,214.24,8.3,82.1,3.79,10,39,A,5
3051,91939.72,207499,214.7,7.37,64.1,2.67,38,11,A,3
3052,5280.53,57197,199.05,5.85,43.26,3.76,6,16,B,10
3053,14735.13,112238,127.44,14.02,53.53,3.22,34,12,B,1
3054,2631.86,118221,185.36,8.52,48.71,3.72,30,45,B,4
3055,18963.75,203750,211.26,8.1,80.79,2.62,10,31,A,9
3056,5.0,158114,130.55,9.65,39.89,3.54,19,34,A,2
3057,793.72,39690,126.18,9.52,78.32,3.12,11,42,C,5
3058,16819.28,155078,227.02,5.12,62.99,3.59,46,8,A,10
3059,19738.9,112238,126.29,14.1,70.15,3.13,14,12,B,5
3060,5924.21,203819,136.24,8.36,68.14,3.88,21,24,A,9
3061,18021.9,42988,219.63,7.06,52.21,3.27,96,30,C,1
3062,33914.67,158114,129.43,10.64,64.94,3.53,65,34,A,9
3063,34342.64,151315,211.38,8.11,57.79,2.67,8,1,A,3
3064,20485.13,119557,138.68,8.25,62.59,4.03,10,22,B,5
3065,12139.58,126512,126.1,9.2,83.8,3.09,30,10,B,9
3066,50953.42,42988,211.26,8.1,89.58,2.66,92,30,C,8
3067,8279.43,70713,190.57,9.02,47.55,2.79,14,7,B,9
3068,12047.83,202505,216.96,6.92,88.06,3.65,49,6,A,7
3069,3940.51,205863,126.09,7.37,74.44,2.62,52,4,A,8
3070,3246.28,34875,212.3,6.77,64.99,2.63,82,5,B,10
3071,34605.54,155078,225.3,5.68,76.11,3.56,16,8,A,5
3072,9934.28,118221,185.36,8.52,48.71,3.72,17,45,B,4
3073,41658.0,93188,130.45,6.4,30.76,3.12,2,17,B,2
3074,9455.56,57197,194.38,6.34,67.51,3.48,7,16,B,8
3075,2967.69,203750,211.06,8.03,44.24,2.98,33,31,A,1
3076,1584.04,34875,223.37,5.6,71.09,3.72,26,5,B,9
3077,14122.88,219622,129.52,6.88,63.6,3.65,98,13,A,9
3078,1679.54,207499,225.01,6.66,72.74,3.89,31,11,A,4
3079,54.36,39690,126.98,14.31,52.02,3.24,59,38,C,12
3080,3879.36,120653,132.6,9.34,75.79,2.79,19,18,B,7
3081,1628.63,140167,214.02,8.03,63.26,3.49,27,21,B,3
3082,6653.98,206302,131.12,11.63,66.73,4.22,33,28,A,4
3083,14.52,39910,126.19,7.8,68.22,2.87,6,44,C,9
3084,24006.36,119557,142.08,7.67,56.72,3.95,67,22,B,5
3085,58509.29,155078,225.36,5.68,78.85,3.35,38,8,A,6
3086,1870.48,103681,138.41,8.51,56.48,4.05,52,35,B,5
3087,21237.95,39690,129.84,12.89,53.25,3.62,94,38,C,11
3088,2930.5,120653,132.22,9.27,60.27,2.96,19,18,B,5
3089,2660.79,158114,128.51,10.4,55.58,3.5,44,34,A,3
3090,47899.04,203742,215.93,7.29,60.77,3.98,9,20,A,10
3091,42.55,39690,129.06,8.69,82.32,3.93,20,33,A,5
3092,5508.32,200898,185.94,8.52,58.21,4.05,12,14,A,5
3093,783.0,128107,204.82,7.53,71.81,2.78,58,25,B,8
3094,2320.0,203819,131.82,8.33,46.09,2.96,50,24,A,3
3095,7100.54,151315,215.04,7.68,83.13,3.65,21,1,A,6
3096,3800.61,123737,135.78,7.81,73.34,3.92,55,15,B,7
3097,8660.73,203750,220.07,7.06,45.03,3.51,87,31,A,2
3098,1310.0,219622,126.6,8.11,42.15,2.84,41,13,A,4
3099,292.16,202307,214.93,7.93,83.07,3.7,59,2,A,6
3100,16758.49,151315,219.71,7.35,49.01,3.16,46,1,A,1
3101,90778.91,202505,224.6,5.67,77.82,3.67,92,6,A,9
3102,98712.88,200898,186.67,8.62,71.48,3.74,38,14,A,9
3103,81.0,39910,218.86,7.24,61.33,3.42,31,36,A,2
3104,13746.2,34875,213.81,6.63,58.83,3.04,8,5,B,2
3105,6534.25,184109,215.45,8.18,81.51,3.36,55,39,A,9
3106,17573.68,114533,134.07,4.78,29.44,3.64,11,23,B,4
3107,201.8,93638,137.73,8.99,46.4,3.92,98,29,B,3
3108,3074.41,39910,217.66,7.72,50.64,3.15,8,36,A,12
3109,7202.56,120653,131.64,9.2,30.91,2.75,6,18,B,2
3110,16828.65,200898,191.7,8.68,67.87,3.95,10,14,A,9
3111,101731.54,203819,132.22,8.19,57.53,3.1,92,19,A,5
3112,395.48,39690,130.68,7.15,97.6,3.72,7,33,A,7
3113,15154.06,203819,132.68,8.07,26.83,3.3,74,19,A,12
3114,39974.87,202505,220.04,6.55,62.78,3.24,23,6,A,11
3115,2218.4,70713,196.95,8.26,24.41,3.13,96,7,B,2
3116,2607.02,155078,214.69,6.3,37.91,2.56,52,8,A,2
3117,982.63,70713,196.73,8.26,7.46,3.08,52,7,B,1
3118,19660.53,203007,195.82,8.51,33.8,3.38,23,32,A,12
3119,6919.28,202505,217.92,6.92,78.49,3.47,26,6,A,9
3120,17944.43,202307,215.61,7.93,74.61,3.9,34,2,A,5
3121,12905.64,103681,142.19,8.88,73.94,3.51,90,35,B,6
3122,5058.1,140167,223.08,6.17,70.5,3.51,29,21,B,10
3123,4177.82,140167,211.57,8.16,67.51,2.72,6,21,B,10
3124,7709.6,37392,218.45,7.57,84.94,3.59,8,3,B,6
3125,28800.09,155078,224.99,5.68,62.18,3.89,87,8,A,4
3126,19185.93,155083,134.51,4.78,50.81,4.08,9,40,A,5
3127,60676.16,203007,189.38,9.01,34.43,2.58,40,32,A,2
3128,5600.68,155083,132.76,5.33,55.63,2.72,16,40,A,9
3129,2614.08,126512,126.13,9.2,88.44,3.11,19,10,B,7
3130,49394.71,207499,214.79,7.34,84.13,2.64,40,11,A,6
3131,17880.66,203007,189.38,9.01,34.43,2.58,81,32,A,2
3132,3164.5,119557,136.29,8.35,65.01,2.83,36,22,B,6
3133,81041.07,152513,136.5,7.6,45.23,3.62,92,26,A,10
3134,138582.28,200898,182.52,8.72,30.51,3.14,95,14,A,12
3135,34050.47,203819,138.2,8.98,70.4,3.67,9,24,A,6
3136,2047.42,151315,222.98,6.91,76.08,3.67,30,1,A,9
3137,7.98,125833,225.31,5.54,68.04,3.88,59,9,B,4
3138,68315.26,219622,131.14,5.96,54.41,3.83,72,13,A,5
3139,8345.54,57197,198.1,6.06,62.07,3.54,17,16,B,8
3140,12276.28,57197,198.59,6.06,51.4,3.79,87,16,B,9
3141,10120.39,184109,209.39,8.46,76.67,2.83,3,39,A,5
3142,910.08,103681,141.55,8.74,49.6,3.86,85,35,B,3
3143,9599.6,128107,209.81,7.27,60.7,3.64,5,25,B,9
3144,2184.7,203819,132.77,8.1,58.68,2.85,27,19,A,9
3145,20558.45,155078,219.26,6.42,69.01,3.55,79,8,A,9
3146,35303.69,123737,138.74,8.19,57.13,4.16,72,15,B,9
3147,7305.56,93188,130.65,6.4,26.28,3.24,26,17,B,3
3148,1970.68,39690,131.08,6.9,85.18,4.13,83,33,A,10
3149,16689.1,57197,196.94,6.16,31.19,3.11,5,16,B,2
3150,11566.94,103681,136.74,8.76,61.02,2.92,33,35,B,10
3151,69.31,42988,221.38,6.89,79.49,3.56,42,30,C,5
3152,19287.45,152513,138.57,7.4,57.69,3.99,96,26,A,9
3153,349.1,128107,203.73,7.86,52.16,2.9,83,25,B,4
3154,305.75,37392,218.45,7.57,84.94,3.59,27,3,B,6
3155,10858.31,207499,225.25,6.66,72.53,3.63,26,11,A,5
3156,5064.81,93638,136.14,9.86,74.69,3.88,22,29,B,8
3157,31945.79,112238,131.03,11.63,83.84,4.29,7,12,B,5
3158,18615.53,200898,182.54,8.72,30.59,3.14,83,14,A,12
3159,21835.26,196321,193.19,6.9,68.49,3.54,79,41,A,7
3160,8405.58,204184,136.97,7.83,23.64,3.4,83,27,A,1
3161,16331.16,120653,135.78,8.89,74.36,3.83,10,18,B,7
3162,1656.06,103681,138.59,8.51,60.22,4.06,52,35,B,5
3163,20496.95,206302,129.98,12.89,45.4,3.54,25,28,A,12
3164,20009.31,202505,217.33,6.92,91.22,3.53,14,6,A,9
3165,6031.21,152513,131.64,8.49,22.62,2.75,6,26,A,2
3166,14117.46,184109,210.0,8.55,44.58,2.55,23,39,A,2
3167,62893.91,203742,205.1,7.48,45.88,3.0,93,20,A,11
3168,10203.37,39910,128.4,7.22,41.28,3.35,93,44,C,3
3169,14365.88,202505,213.03,6.97,86.61,2.63,80,6,A,8
3170,923.99,219622,126.09,7.95,81.24,2.8,28,13,A,8
3171,10311.41,120653,134.28,8.98,49.91,3.82,26,18,B,4
3172,8377.63,39910,126.06,7.8,74.93,2.84,2,44,C,8
3173,7.44,42988,212.59,8.03,34.61,3.02,6,30,C,2
3174,20942.34,158114,129.06,10.58,65.99,3.77,13,34,A,5
3175,5238.16,203750,221.2,6.89,66.97,3.88,29,31,A,4
3176,10887.1,39690,129.69,8.01,81.16,3.83,91,33,A,10
3177,25925.83,126512,131.03,7.38,86.03,4.13,17,10,B,5
3178,45630.2,207499,225.25,6.66,82.1,3.45,91,11,A,6
3179,50.49,93188,130.83,6.4,43.69,3.53,49,17,B,3
3180,17190.31,200898,185.67,8.52,69.32,3.84,22,14,A,6
3181,33541.36,151315,221.29,7.35,65.93,3.79,9,1,A,3
3182,12631.67,202505,219.07,6.55,68.53,3.35,80,6,A,10
3183,16750.54,57197,189.4,6.84,62.63,2.68,92,16,B,6
3184,10.47,205863,130.84,4.08,75.76,3.61,45,4,A,8
3185,12592.38,155083,138.09,4.12,52.06,3.95,82,40,A,5
3186,6094.1,128107,209.02,7.27,67.51,3.74,41,25,B,9
3187,7559.19,41062,208.79,10.15,74.17,3.28,82,43,C,10
3188,1149.98,39690,131.11,6.94,76.03,4.47,87,42,C,10
3189,5485.25,206302,129.06,13.74,76.67,4.09,20,28,A,5
3190,2496.0,203742,204.89,7.48,61.08,2.71,58,20,A,10
3191,4219.72,203750,217.87,7.44,61.9,3.31,71,31,A,11
3192,12679.0,207499,224.35,6.83,62.61,3.63,20,11,A,3
3193,21270.44,93638,138.38,9.42,71.93,3.88,13,29,B,8
3194,9599.26,158114,126.38,10.21,58.11,2.74,55,34,A,10
3195,24883.7,118221,185.91,8.62,74.04,3.75,23,45,B,7
3196,48398.48,202307,211.0,8.2,86.26,2.65,13,2,A,6
3197,4591.41,119557,138.77,8.25,70.09,3.97,21,22,B,6
3198,53702.81,205863,126.09,7.37,76.53,2.64,79,4,A,8
3199,12179.96,112238,126.19,14.18,81.77,2.94,11,12,B,9
3200,10212.7,207499,218.68,7.57,76.64,3.74,26,11,A,4
3201,117.53,42988,210.28,8.2,65.74,2.77,12,30,C,4
3202,15.0,57197,193.09,6.34,63.59,3.6,54,16,B,7
3203,5459.77,140167,221.44,6.89,81.78,3.35,55,21,B,6
3204,1190.56,119557,142.23,7.75,76.57,3.61,19,22,B,7
3205,11.76,57197,197.69,6.17,65.36,3.72,54,16,B,6
3206,133260.84,151315,215.67,7.96,89.94,3.55,95,1,A,8
3207,16918.32,203007,197.83,7.87,78.68,3.65,74,32,A,7
3208,35282.32,206302,129.04,13.74,68.4,4.19,97,28,A,5
3209,0.06,152513,138.23,7.4,66.75,3.61,99,26,A,7
3210,30.45,39910,210.72,8.48,62.72,2.66,12,36,A,11
3211,4969.5,203750,211.15,8.1,79.3,2.56,42,31,A,9
3212,175.0,39910,220.99,6.62,84.79,3.64,72,37,C,8
3213,19443.48,203750,210.75,8.32,39.05,2.57,34,31,A,2
3214,50541.12,39910,210.39,8.36,86.06,2.69,95,37,C,8
3215,10496.29,39910,222.1,6.23,74.06,3.57,13,36,A,10
3216,21424.49,202505,217.05,6.86,80.83,3.79,97,6,A,5
3217,650.35,93188,129.84,6.62,32.81,3.44,80,17,B,11
3218,59731.17,126512,129.0,8.49,73.38,4.15,7,10,B,4
3219,1.0,123737,132.52,8.1,66.13,2.96,18,15,B,7
3220,31735.03,205863,127.09,7.13,38.09,2.96,14,4,A,12
3221,54.24,200898,188.5,8.52,50.19,3.45,54,14,A,12
3222,10.04,203819,138.14,8.19,74.45,3.86,99,19,A,8
3223,544.58,70713,197.78,8.09,41.43,3.9,18,7,B,4
3224,1154.0,34875,210.99,6.46,65.13,2.8,35,5,B,4
3225,3715.14,184109,213.58,8.3,66.57,3.52,18,39,A,4
3226,8238.3,202307,211.22,8.1,87.12,2.62,42,2,A,8
3227,17889.78,203007,197.74,8.09,74.85,3.74,80,32,A,6
3228,1784.05,152513,131.74,8.49,28.6,2.77,85,26,A,3
3229,7605.19,57197,196.92,6.16,23.69,3.1,82,16,B,2
3230,7418.63,114533,137.51,4.26,33.11,3.88,44,23,B,3
3231,13466.63,203819,132.76,8.1,63.43,2.84,16,19,A,9
3232,29.96,219622,129.04,7.19,47.75,3.74,51,13,A,5
3233,2668.99,125833,215.74,6.42,43.9,3.01,90,9,B,1
3234,48218.0,219622,126.11,8.11,65.24,2.84,13,13,A,6
3235,91011.68,200898,189.42,8.42,31.85,3.53,91,14,A,1
3236,27662.16,206302,126.14,14.1,81.39,2.94,96,28,A,6
3237,18366.75,203742,210.55,7.08,53.69,3.57,34,20,A,10
3238,5312.42,152513,138.14,7.4,67.01,3.77,6,26,A,8
3239,971.4,118221,188.2,8.52,51.34,3.53,28,45,B,11
3240,27934.47,151315,222.98,6.91,76.08,3.67,81,1,A,9
3241,12493.5,34875,222.26,5.8,77.1,3.75,87,5,B,5
3242,4770.48,112238,126.15,14.18,90.37,3.1,12,12,B,7
3243,5246.98,206302,126.21,14.1,68.44,3.14,20,28,A,5
3244,26638.46,125833,218.88,6.38,85.8,3.7,72,9,B,6
3245,1200.0,203819,132.22,8.21,60.44,3.1,50,24,A,5
3246,34884.87,203750,215.32,7.85,90.11,3.55,97,31,A,8
3247,10833.92,93638,134.18,9.97,44.42,3.72,9,29,B,4
3248,22196.59,203819,136.47,7.87,48.21,3.72,80,19,A,11
3249,12925.82,200898,189.84,8.42,36.85,3.7,71,14,A,2
3250,63597.23,202307,211.47,8.16,65.8,2.72,2,2,A,10
3251,2394.5,123737,131.86,8.35,39.53,2.96,31,15,B,3
3252,32313.79,204184,135.35,8.24,27.19,2.95,1,27,A,2
3253,114.92,39690,126.61,9.27,61.95,3.05,5,33,A,11
3254,10382.74,103681,142.22,8.84,82.08,3.48,33,35,B,7
3255,2899.0,204184,136.22,8.06,74.29,3.01,50,27,A,6
3256,411.68,203750,221.48,6.89,88.05,3.29,28,31,A,6
3257,10689.97,151315,214.11,7.74,53.56,3.46,3,1,A,3
3258,5640.72,151315,222.04,6.91,84.85,3.57,67,1,A,8
3259,20935.43,120653,137.58,8.08,45.84,3.87,74,18,B,3
3260,8135.33,152513,132.76,8.44,54.82,2.72,34,26,A,9
3261,14616.32,123737,132.68,8.07,23.97,3.26,17,15,B,12
3262,325.6,119557,138.06,8.25,44.42,3.72,60,22,B,4
3263,48132.76,118221,189.19,8.42,35.88,3.42,95,45,B,1
3264,382.45,39910,209.98,8.36,81.85,2.61,11,36,A,7
3265,81.68,42988,215.28,7.93,70.19,3.81,28,30,C,4
3266,12370.71,120653,132.95,9.13,22.69,3.22,3,18,B,1
3267,12857.82,204184,135.57,8.24,38.07,2.92,11,27,A,3
3268,871.5,155078,214.74,6.32,76.02,2.64,36,8,A,7
3269,2274.1,155078,218.69,6.42,83.57,3.48,35,8,A,7
3270,318.0,206302,129.84,12.89,53.25,3.62,77,28,A,11
3271,2.0,39910,128.51,7.22,44.69,3.41,32,44,C,3
3272,23089.25,112238,126.11,14.1,90.84,2.95,25,12,B,6
3273,7454.82,205863,126.6,7.9,48.77,2.74,58,4,A,4
3274,53635.06,203819,131.53,8.33,22.43,2.95,8,24,A,2
3275,3374.62,152513,132.29,8.51,61.65,2.91,30,26,A,5
3276,2235.5,207499,214.68,7.37,53.96,2.62,36,11,A,3
3277,34501.52,205863,126.13,7.9,81.1,2.65,5,4,A,6
3278,3055.04,126512,130.96,7.38,80.06,4.28,27,10,B,6
3279,7515.54,34875,210.89,6.46,71.53,2.84,1,5,B,5
3280,6224.35,103681,136.97,8.55,23.64,3.24,81,35,B,1
3281,12570.93,120653,138.12,8.3,59.1,3.75,49,18,B,6
3282,22696.26,57197,189.72,7.04,29.88,2.72,2,16,B,3
3283,6672.18,219622,130.16,6.1,33.8,3.08,33,13,A,1
3284,838.31,42988,215.51,7.85,78.87,3.55,14,30,C,9
3285,2566.58,151315,211.38,8.11,57.79,2.67,71,1,A,3
3286,9225.27,184109,213.58,8.3,66.57,3.52,17,39,A,4
3287,34.01,39910,214.02,8.3,82.96,3.7,52,37,C,6
3288,19.16,39910,130.89,5.62,68.4,3.78,52,44,C,6
3289,3768.6,202307,217.16,7.44,64.53,3.35,37,2,A,10
3290,11053.5,93188,126.28,6.88,58.06,2.84,17,17,B,10
3291,367.14,41062,207.5,10.64,82.08,3.55,5,43,C,8
3292,7122.16,196321,190.47,7.34,62.4,2.8,49,41,A,9
3293,15199.48,152513,137.98,7.49,43.6,4.02,96,26,A,4
3294,21070.41,140167,214.93,7.93,83.82,3.7,8,21,B,6
3295,11260.17,114533,138.26,4.16,69.19,3.56,32,23,B,7
3296,63.56,123737,138.03,8.15,51.04,4.12,80,15,B,5
3297,15770.03,37392,213.62,7.34,73.47,2.84,95,3,B,5
3298,104569.08,206302,130.35,12.19,50.58,3.7,95,28,A,2
3299,24.88,158114,130.28,9.65,39.28,3.27,54,34,A,1
3300,9003.22,70713,189.47,8.96,46.6,2.78,7,7,B,5
3301,1585.07,155083,136.48,4.42,32.76,3.54,52,40,A,11
3302,989.96,41062,213.33,9.28,82.01,3.41,67,43,C,7
3303,7853.42,152513,137.58,7.47,35.06,3.87,34,26,A,3
3304,33078.23,207499,214.75,7.55,45.34,2.98,8,11,A,1
3305,61750.02,219622,126.33,7.8,54.12,2.84,72,13,A,10
3306,99683.24,203007,191.14,9.14,30.72,2.78,5,32,A,12
3307,7117.62,200898,191.0,8.57,66.3,3.85,30,14,A,5
3308,20244.29,203819,138.16,8.98,72.29,3.72,67,24,A,6
3309,38207.8,203742,208.44,7.27,74.69,3.71,79,20,A,7
3310,22296.45,118221,185.53,8.52,53.69,3.82,9,45,B,4
3311,2173.0,203750,211.06,8.03,44.24,2.98,30,31,A,1
3312,13152.32,125833,215.29,6.56,65.35,2.63,1,9,B,10
3313,2413.67,219622,130.89,5.76,79.18,3.62,35,13,A,8
3314,5123.79,202307,211.26,8.1,81.79,2.62,18,2,A,9
3315,6428.18,155078,218.59,6.42,87.26,3.52,22,8,A,7
3316,842.9,203819,137.17,8.66,33.82,3.83,85,24,A,2
3317,1311.33,39690,127.09,9.27,52.91,3.15,83,33,A,12
3318,51757.93,114533,136.18,4.58,67.09,3.82,23,23,B,8
3319,5528.09,200898,182.9,8.72,50.02,3.0,44,14,A,11
3320,10675.47,152513,138.47,7.4,61.58,3.92,14,26,A,9
3321,7138.62,39690,126.15,9.5,100.14,2.97,13,33,A,7
3322,1120.0,184109,214.19,8.3,74.98,3.81,58,39,A,4
3323,6454.48,70713,195.03,8.51,32.65,3.49,17,7,B,10
3324,609.61,39690,126.38,9.85,73.29,3.1,67,33,A,4
3325,1762.32,39910,220.35,6.99,77.17,3.75,21,37,C,5
3326,3652.7,151315,215.8,7.96,87.83,3.53,29,1,A,9
3327,42347.82,39690,130.89,7.38,86.87,4.1,94,42,C,6
3328,10383.1,118221,181.69,8.9,54.28,2.9,17,45,B,4
3329,14617.01,119557,140.46,7.71,59.3,3.62,18,22,B,10
3330,260.5,39690,130.84,7.15,89.62,4.05,17,33,A,8
3331,4750.37,140167,223.02,6.17,61.53,3.6,87,21,B,10
3332,467.59,196321,192.52,6.93,42.86,3.64,28,41,A,4
3333,7502.94,123737,133.03,7.77,21.84,3.39,79,15,B,1
3334,9723.8,202307,211.66,8.16,59.69,2.73,33,2,A,11
3335,1505.2,125833,215.21,6.56,69.08,2.6,24,9,B,10
3336,325.0,39910,214.19,8.3,74.57,3.8,5,36,A,4
3337,12655.32,184109,210.08,8.55,49.79,2.56,9,39,A,2
3338,1413.12,37392,223.92,6.83,52.39,3.51,87,3,B,2
3339,42365.79,120653,137.06,8.08,37.62,3.63,13,18,B,2
3340,23982.15,207499,219.2,7.57,71.39,3.91,82,11,A,5
3341,45.05,39690,129.18,8.44,96.93,3.8,42,33,A,8
3342,46.4,39690,131.11,10.2,71.74,4.47,6,38,C,10
3343,27026.53,203007,192.52,8.6,48.69,3.64,4,32,A,4
3344,5687.94,203819,132.29,8.21,69.59,3.05,30,24,A,5
3345,22959.63,123737,138.2,8.15,68.91,3.67,23,15,B,6
3346,11.82,39690,131.19,10.2,65.95,4.3,29,38,C,10
3347,38513.1,152513,133.37,7.91,19.63,3.26,40,26,A,2
3348,7640.2,158114,129.9,10.15,32.31,3.15,74,34,A,12
3349,1295.55,70713,196.96,8.26,21.64,3.19,94,7,B,3
3350,14280.35,219622,131.04,5.76,64.8,3.82,22,13,A,9
3351,22436.41,112238,127.72,14.02,45.14,3.35,74,12,B,2
3352,31028.33,155083,132.84,5.29,32.94,3.07,14,40,A,11
3353,2243.44,155078,214.74,6.26,35.77,2.98,16,8,A,1
3354,70.4,123737,134.86,7.66,69.8,4.07,60,15,B,6
3355,5135.55,196321,197.55,6.55,50.22,3.87,20,41,A,5
3356,4858.91,57197,189.69,6.84,34.21,2.75,90,16,B,4
3357,15042.64,119557,142.86,7.54,55.28,4.0,74,22,B,10
3358,11282.86,184109,210.08,8.55,49.79,2.56,3,39,A,2
3359,40237.36,128107,212.74,6.96,34.6,3.51,92,25,B,1
3360,8925.06,140167,221.15,6.89,69.03,3.89,49,21,B,4
3361,3508.22,202505,221.31,6.13,50.82,3.16,6,6,A,1
3362,31811.65,219622,129.69,6.39,60.62,3.59,74,13,A,10
3363,19917.42,200898,187.69,8.52,63.82,3.54,17,14,A,10
3364,6731.26,119557,141.47,7.5,41.72,3.88,29,22,B,3
3365,6043.65,203819,131.69,8.35,30.33,2.91,32,19,A,2
3366,9722.89,205863,129.24,5.64,82.77,3.55,83,4,A,8
3367,13721.01,70713,196.96,8.26,21.64,3.19,8,7,B,3
3368,39038.15,114533,132.36,5.44,64.94,2.86,46,23,B,6
3369,58.8,126512,131.11,7.38,70.28,4.25,54,10,B,4
3370,8371.44,34875,215.16,6.63,70.71,3.47,9,5,B,3
3371,2887.87,34875,216.3,6.49,71.37,3.91,3,5,B,5
3372,18.72,158114,126.21,9.59,60.74,2.84,51,34,A,5
3373,7957.12,204184,142.19,8.25,73.94,3.67,83,27,A,6
3374,7471.86,203742,208.36,7.29,73.51,3.92,24,20,A,6
3375,149.6,140167,215.39,7.85,92.07,3.52,60,21,B,8
3376,36364.31,151315,211.47,7.84,46.33,2.84,4,1,A,12
3377,10.0,39910,210.0,8.36,82.6,2.54,5,36,A,7
3378,9931.18,207499,214.53,7.37,61.51,2.72,20,11,A,3
3379,4809.45,37392,215.06,7.56,66.99,2.63,96,3,B,10
3380,297.0,205863,130.68,4.08,76.86,3.22,60,4,A,7
3381,132252.89,203742,214.74,7.28,74.73,3.65,38,20,A,8
3382,1436.5,155083,132.76,5.29,33.6,3.06,27,40,A,12
3383,4511.21,140167,211.19,8.1,82.57,2.58,29,21,B,9
3384,1050.0,203819,136.47,8.45,48.17,3.72,58,24,A,11
3385,557.95,39690,126.1,9.5,90.82,3.09,17,33,A,9
3386,1911.6,206302,128.82,13.74,64.47,4.0,31,28,A,4
3387,2775.0,206302,128.82,13.74,64.47,4.0,58,28,A,4
3388,8.91,37392,226.97,6.03,73.44,3.59,49,3,B,10
3389,56913.22,34875,224.04,5.42,71.7,3.51,38,5,B,10
3390,32030.09,114533,138.26,4.16,69.19,3.56,10,23,B,7
3391,944.77,39690,131.04,7.38,65.99,4.28,7,42,C,4
3392,18546.99,120653,137.8,8.3,43.8,3.96,25,18,B,4
3393,43425.89,39910,209.87,8.36,81.74,2.6,93,36,A,7
3394,140.21,41062,202.38,9.59,67.16,2.84,42,43,C,5
3395,1025.28,57197,195.64,6.23,29.56,3.5,41,16,B,11
3396,14103.06,158114,128.96,10.58,63.83,3.78,82,34,A,4
3397,23832.84,203007,191.37,8.82,23.78,2.88,10,32,A,1
3398,6965.13,119557,136.97,8.46,20.61,3.24,55,22,B,1
3399,11.92,39690,129.09,8.69,78.24,4.2,59,33,A,5
3400,10.05,42988,215.01,7.85,91.05,3.58,52,30,C,7
3401,437.54,202307,210.77,8.1,82.59,2.64,28,2,A,7
3402,4764.79,184109,214.36,8.18,88.27,3.64,6,39,A,8
3403,6.28,70713,192.83,8.6,36.61,3.77,59,7,B,5
3404,7817.48,39690,129.82,7.87,55.28,3.68,82,42,C,11
3405,20445.01,155083,133.85,5.11,35.76,3.63,4,40,A,3
3406,15669.51,206302,129.24,13.5,91.74,3.74,49,28,A,8
3407,17049.37,207499,224.13,6.83,61.11,3.56,87,11,A,2
3408,4380.01,203750,219.0,7.44,46.54,3.11,99,31,A,12
3409,44430.68,200898,191.23,8.68,75.71,3.81,4,14,A,8
3410,2884.14,114533,137.58,4.26,41.19,3.87,52,23,B,3
3411,65.23,57197,192.06,6.61,29.36,3.37,59,16,B,3
3412,876.52,155078,221.46,6.12,50.56,3.3,19,8,A,11
3413,2481.15,93638,134.51,9.97,53.63,4.08,85,29,B,5
3414,10501.88,140167,211.55,8.16,51.71,2.77,33,21,B,11
3415,10526.26,152513,137.73,7.47,33.33,3.92,11,26,A,3
3416,11851.81,152513,136.27,7.77,60.98,3.81,11,26,A,9
3417,8791.49,152513,132.98,8.15,37.51,2.96,46,26,A,11
3418,7965.04,203007,197.62,8.09,62.84,3.76,22,32,A,6
3419,73667.94,203742,214.37,7.14,60.11,4.03,91,20,A,4
3420,10470.04,57197,195.64,6.23,29.56,3.5,23,16,B,11
3421,2112.3,118221,189.52,8.42,37.93,3.57,33,45,B,1
3422,19760.51,57197,191.03,6.99,27.26,2.76,92,16,B,11
3423,48404.43,158114,131.08,8.84,65.41,3.62,90,34,A,10
3424,33716.66,203742,204.95,7.48,51.5,2.76,7,20,A,10
3425,2027.96,140167,211.19,8.1,82.57,2.58,19,21,B,9
3426,28.32,39910,128.82,6.91,42.75,3.55,12,44,C,4
3427,11375.49,120653,137.92,8.3,60.88,4.05,82,18,B,4
3428,53227.38,204184,135.71,8.24,52.34,2.96,13,27,A,3
3429,13742.09,203007,197.61,8.09,58.29,3.9,5,32,A,5
3430,19244.38,202505,223.04,5.96,71.6,3.89,22,6,A,4
3431,39601.3,70713,197.74,8.09,63.69,3.74,72,7,B,6
3432,2884.04,152513,138.83,7.14,43.51,4.0,32,26,A,10
3433,34527.98,128107,213.02,6.96,34.98,3.62,2,25,B,2
3434,413.0,152513,133.11,7.91,5.54,3.24,41,26,A,1
3435,12702.86,126512,130.79,7.17,88.83,4.0,42,10,B,8
3436,39270.36,128107,214.31,7.14,42.46,4.04,95,25,B,4
3437,47356.23,219622,131.12,5.96,50.24,3.84,13,13,A,4
3438,2364.59,203750,213.19,8.03,61.27,3.06,12,31,A,2
3439,661.66,206302,130.74,10.93,88.16,3.76,41,28,A,8
3440,38184.68,123737,132.55,8.1,77.33,2.94,16,15,B,7
3441,18514.35,202307,221.39,6.89,78.69,3.45,74,2,A,6
3442,8089.26,123737,137.06,7.94,35.3,3.8,34,15,B,2
3443,189.0,202307,221.39,6.89,78.38,3.5,60,2,A,6
3444,7247.27,203819,138.91,8.69,51.64,4.19,24,24,A,10
3445,20381.25,184109,212.29,8.4,67.77,3.06,96,39,A,2
3446,17536.94,120653,138.83,8.24,59.68,4.03,25,18,B,10
3447,347.91,140167,210.98,8.32,45.31,2.56,83,21,B,2
3448,30339.17,151315,221.74,7.14,70.33,3.63,10,1,A,5
3449,1640.6,93188,129.86,6.62,17.56,3.34,36,17,B,12
3450,2354.11,34875,211.17,6.46,75.2,2.83,17,5,B,5
3451,8455.97,203750,221.57,6.56,84.25,3.31,22,31,A,7
3452,34590.91,204184,140.65,8.01,35.8,3.58,38,27,A,1
3453,10340.49,196321,198.36,6.43,59.81,3.76,34,41,A,9
3454,3859.87,151315,211.67,7.84,71.89,2.6,20,1,A,10
3455,579.79,155078,214.75,6.3,49.76,2.67,59,8,A,3
3456,7867.2,152513,133.74,7.91,28.13,3.6,14,26,A,3
3457,27940.25,114533,138.47,4.16,66.74,3.92,90,23,B,9
3458,60527.31,219622,130.07,6.39,31.53,3.12,94,13,A,12
3459,5737.49,93188,130.84,5.94,68.89,3.58,44,17,B,8
3460,14835.66,202505,223.12,5.96,71.29,3.89,22,6,A,4
3461,2228.66,93638,134.18,9.97,44.42,3.72,18,29,B,4
3462,11496.92,152513,132.75,8.15,21.81,3.15,21,26,A,12
3463,11793.66,140167,219.53,7.06,45.0,3.26,25,21,B,1
3464,9502.7,93188,126.47,6.64,52.25,2.94,20,17,B,4
3465,79913.3,151315,214.11,7.74,53.56,3.46,90,1,A,3
3466,4540.0,126512,129.09,8.49,74.04,4.2,50,10,B,5
3467,7383.05,152513,138.09,7.49,47.11,3.95,98,26,A,5
3468,99287.43,200898,185.97,8.52,62.28,4.06,38,14,A,5
3469,630999.2,126512,129.84,7.87,60.68,3.76,72,10,B,11
3470,15947.87,152513,136.18,7.77,60.58,3.82,97,26,A,8
3471,76377.08,152513,135.08,7.82,54.5,3.87,92,26,A,6
3472,2862.33,158114,128.0,10.4,45.12,3.06,83,34,A,2
3473,3876.15,70713,195.03,8.51,32.65,3.49,6,7,B,10
3474,5471.84,155083,136.31,4.58,58.28,3.81,16,40,A,9
3475,80951.03,205863,126.15,7.37,78.53,2.62,90,4,A,7
3476,19866.83,203750,217.49,7.44,56.01,3.33,7,31,A,11
3477,2644.81,103681,136.22,9.05,74.29,2.85,44,35,B,6
3478,6017.66,203750,214.94,7.93,71.01,3.74,20,31,A,4
3479,1108.0,39690,131.04,11.63,64.05,4.12,21,38,C,4
3480,56216.34,114533,138.11,4.12,58.42,3.9,9,23,B,5
3481,772.89,203750,210.98,8.32,45.31,2.56,56,31,A,2
3482,5542.05,103681,142.94,8.66,55.4,4.0,67,35,B,10
3483,3529.85,118221,191.23,8.68,75.71,3.81,21,45,B,8
3484,4915.25,196321,189.66,7.36,46.79,2.76,25,41,A,4
3485,63.4,93638,137.42,8.99,37.47,3.83,80,29,B,3
3486,6703.0,206302,129.24,13.5,91.74,3.74,32,28,A,8
3487,1110.3,125833,222.14,6.05,54.32,3.24,27,9,B,11
3488,3248.45,93188,129.04,6.77,56.61,3.7,71,17,B,6
3489,32362.95,203742,204.25,8.19,25.92,2.78,55,20,A,2
3490,243.0,34875,223.77,5.42,71.17,3.62,60,5,B,10
3491,2727.4,126512,126.08,9.2,89.88,3.04,85,10,B,8
3492,6020.49,206302,126.6,14.1,59.25,3.09,21,28,A,4
3493,17913.72,155083,131.86,5.89,39.51,2.83,81,40,A,3
3494,1533.87,39690,130.74,7.15,92.13,3.6,83,33,A,8
3495,13.5,39910,220.49,6.99,80.4,3.36,55,36,A,6
3496,11830.86,152513,133.03,7.91,12.98,3.23,97,26,A,1
3497,264.0,34875,211.17,6.46,65.19,2.77,60,5,B,4
3498,85567.38,204184,140.09,7.85,76.67,4.0,2,27,A,8
3499,15208.91,152513,136.7,7.47,22.94,3.44,96,26,A,1
3500,247.61,39690,129.82,8.01,58.75,3.68,17,33,A,11
3501,297.5,34875,211.66,6.5,83.98,2.62,71,5,B,7
3502,23037.86,200898,182.26,8.74,77.84,2.78,82,14,A,7
3503,58124.72,126512,126.44,9.77,54.34,2.96,9,10,B,2
3504,12.0,93638,132.69,10.41,68.99,2.77,98,29,B,8
3505,19702.86,114533,136.48,4.42,35.23,3.54,33,23,B,11
3506,1842.5,37392,213.91,7.34,68.0,2.77,30,3,B,4
3507,29806.04,158114,126.47,9.59,55.04,2.8,72,34,A,4
3508,4785.83,202505,223.41,5.96,81.2,3.35,52,6,A,6
3509,13965.93,70713,197.23,8.26,35.06,3.66,91,7,B,3
3510,4311.6,184109,210.08,8.55,49.79,2.56,32,39,A,2
3511,1063.55,103681,141.3,8.74,41.74,3.74,85,35,B,2
3512,26741.36,203007,197.56,8.09,57.46,3.84,4,32,A,5
3513,52.82,103681,136.69,8.76,52.82,2.92,56,35,B,10
3514,21691.68,119557,135.57,8.28,36.82,2.77,46,22,B,3
3515,40907.77,196321,194.11,6.9,67.65,3.54,38,41,A,8
3516,53.46,57197,195.64,6.23,29.56,3.5,49,16,B,11
3517,9943.6,205863,129.37,5.64,73.34,3.55,33,4,A,9
3518,37397.09,184109,214.69,8.3,77.39,3.9,79,39,A,5
3519,1096.0,34875,216.42,6.53,79.04,3.55,41,5,B,9
3520,10474.53,202307,210.15,8.2,68.07,2.81,22,2,A,4
3521,47414.0,126512,126.61,9.77,60.05,2.98,4,10,B,3
3522,2507.48,112238,130.35,12.19,50.58,3.7,19,12,B,2
3523,55.6,37392,219.02,7.57,78.69,3.81,59,3,B,4
3524,1107.68,37392,226.99,6.03,74.66,3.51,71,3,B,10
3525,4310.55,155078,215.37,6.43,54.89,2.73,44,8,A,11
3526,944.2,41062,202.66,9.59,64.37,2.77,3,43,C,4
3527,4741.31,203007,193.91,8.62,74.83,3.55,21,32,A,8
3528,20340.24,34875,211.79,6.5,83.66,2.61,95,5,B,7
3529,47901.63,112238,126.21,14.1,68.44,3.14,40,12,B,5
3530,42.0,42988,211.41,8.16,62.96,2.74,56,30,C,11
3531,6522.35,128107,214.16,6.96,47.92,3.95,3,25,B,3
3532,3437.42,125833,218.69,6.38,71.4,3.62,32,9,B,4
3533,84507.16,203750,222.62,6.56,80.38,3.67,90,31,A,9
3534,21418.66,184109,210.13,8.36,80.99,2.64,97,39,A,7
3535,47923.67,158114,126.38,10.21,58.11,2.74,38,34,A,10
3536,9132.15,151315,216.04,7.96,79.94,3.53,55,1,A,9
3537,8200.83,119557,136.62,8.43,68.6,2.72,26,22,B,9
3538,6116.76,123737,131.74,8.35,31.79,2.92,26,15,B,3
3539,23683.21,203819,132.58,8.1,74.68,2.92,79,19,A,7
3540,20.94,203750,214.93,7.93,83.82,3.7,45,31,A,6
3541,157.15,158114,130.89,9.28,75.89,3.65,28,34,A,8
3542,27249.3,219622,130.83,5.96,65.97,3.76,14,13,A,6
3543,47266.04,207499,225.39,6.33,83.44,3.23,94,11,A,7
3544,55.14,219622,126.61,8.32,42.49,2.78,45,13,A,3
3545,5012.28,57197,198.82,5.85,50.46,3.78,55,16,B,10
3546,18576.58,123737,137.51,7.94,36.97,4.02,23,15,B,3
3547,2400.61,37392,225.31,6.66,82.7,3.35,67,3,B,6
3548,3921.23,93638,136.5,9.36,59.3,3.62,29,29,B,10
3549,3415.88,152513,132.57,8.44,67.66,2.8,30,26,A,7
3550,24981.34,203742,214.42,7.14,47.64,4.0,5,20,A,4
3551,10844.03,93638,136.47,9.36,50.62,3.57,46,29,B,11
3552,36476.4,151315,211.24,8.11,38.51,2.55,13,1,A,2
3553,3944.67,203750,215.07,7.85,90.27,3.65,30,31,A,7
3554,7428.52,57197,199.22,5.85,40.99,3.69,25,16,B,10
3555,1512.88,158114,131.15,8.84,58.47,3.61,35,34,A,10
3556,8744.04,155078,224.61,5.82,49.59,3.67,22,8,A,3
3557,9714.19,203819,133.18,8.25,23.83,3.4,22,24,A,2
3558,17460.06,41062,208.48,10.64,78.97,3.36,81,43,C,9
3559,2690.39,128107,212.83,6.96,23.87,3.53,71,25,B,1
3560,2196.6,207499,214.83,7.35,86.54,2.63,85,11,A,8
3561,50432.4,203819,134.36,7.66,41.66,4.06,2,19,A,4
3562,11205.98,152513,134.68,7.82,48.86,4.1,11,26,A,5
3563,23942.68,114533,138.47,4.16,66.74,3.92,11,23,B,9
3564,21527.45,196321,197.62,6.55,57.29,3.76,82,41,A,6
3565,73453.17,158114,129.05,10.58,74.64,3.68,95,34,A,6
3566,2046.46,206302,129.69,12.89,70.44,3.83,19,28,A,10
3567,942.62,93188,126.6,6.64,36.94,2.84,59,17,B,4
3568,20395.84,152513,133.11,7.91,5.54,3.24,93,26,A,1
3569,3853.8,203819,136.7,8.66,32.86,3.58,32,24,A,1
3570,38198.94,205863,131.15,3.88,64.46,3.61,23,4,A,10
3571,3053.0,203819,132.95,7.77,21.68,3.37,24,19,A,1
3572,19249.08,184109,217.42,7.72,53.14,3.17,74,39,A,12
3573,21248.28,200898,191.1,8.57,75.22,3.51,11,14,A,6
3574,4344.49,39910,129.9,6.08,27.85,3.28,98,44,C,12
3575,108.76,140167,211.47,8.16,68.61,2.72,54,21,B,10
3576,47476.98,103681,136.4,8.86,82.69,2.79,40,35,B,7
3577,4223.87,202307,217.0,7.44,71.67,3.27,19,2,A,10
3578,426.89,39690,131.15,6.94,72.71,4.45,10,42,C,10
3579,12631.79,155083,137.8,4.12,36.54,3.96,16,40,A,4
3580,5965.35,184109,210.39,8.36,85.66,2.69,25,39,A,8
3581,203.32,93638,136.14,9.86,74.69,3.88,28,29,B,8
3582,37058.55,158114,130.74,9.28,78.93,3.37,40,34,A,8
3583,64177.97,126512,130.7,7.17,84.45,3.59,9,10,B,7
3584,258.15,39910,209.98,8.36,81.85,2.61,55,36,A,7
3585,5625.28,203819,133.74,7.77,35.59,3.75,21,19,A,3
3586,20108.9,140167,221.48,6.89,88.05,3.29,25,21,B,6
3587,20637.7,203819,137.34,7.94,33.91,3.92,74,19,A,2
3588,505.99,37392,219.2,7.57,69.45,3.91,87,3,B,5
3589,342.57,39690,129.15,13.5,91.17,3.79,10,38,C,7
3590,4326.48,70713,189.42,8.96,53.63,2.7,34,7,B,6
3591,19180.13,158114,126.53,9.52,38.36,2.54,4,34,A,2
3592,1192.06,158114,130.79,9.28,77.78,3.55,6,34,A,8
3593,27862.13,202505,211.99,7.09,65.68,2.81,46,6,A,4
3594,8625.02,203750,217.33,7.44,65.46,3.37,87,31,A,10
3595,8573.79,202505,212.98,7.01,48.46,2.84,42,6,A,12
3596,7329.83,158114,129.05,10.58,74.64,3.68,74,34,A,6
3597,9710.74,202307,215.2,7.85,93.34,3.68,32,2,A,8
3598,14164.16,155078,225.23,5.68,73.96,3.75,5,8,A,5
3599,847.91,39910,131.03,5.62,62.39,3.8,21,44,C,5
3600,21387.42,202307,215.15,7.93,76.42,3.79,5,2,A,5
3601,30876.12,39690,130.7,7.15,91.49,3.59,92,33,A,7
3602,1587.3,184109,214.19,8.3,74.98,3.81,52,39,A,4
3603,6900.8,203819,132.82,8.27,48.69,3.05,16,24,A,10
3604,1012.0,120653,132.6,9.34,75.79,2.79,36,18,B,7
3605,20571.65,57197,196.17,6.23,20.79,3.17,8,16,B,12
3606,12881.06,93188,131.03,6.24,55.69,3.8,23,17,B,5
3607,277.14,204184,141.12,8.01,37.86,3.83,59,27,A,2
3608,2225.1,203007,189.49,8.96,46.42,2.79,37,32,A,5
3609,3015.2,155078,225.3,5.68,78.31,3.5,44,8,A,6
3610,12112.17,206302,129.04,13.74,78.72,3.98,98,28,A,6
3611,106078.7,126512,127.3,8.74,49.98,3.31,38,10,B,1
3612,534.49,57197,190.47,6.87,56.55,2.8,27,16,B,9
3613,5077.62,93188,129.17,6.74,68.59,3.57,67,17,B,7
3614,18369.14,219622,126.44,8.32,31.53,2.67,80,13,A,2
3615,4430.85,34875,212.2,6.5,87.41,2.69,46,5,B,8
3616,26956.67,70713,195.87,8.51,11.17,3.33,11,7,B,12
3617,5937.79,112238,128.13,14.02,48.45,3.53,16,12,B,2
3618,200.73,155083,138.38,4.16,66.11,3.88,59,40,A,8
3619,10426.63,202505,213.71,6.86,44.98,3.01,67,6,A,1
3620,10400.63,39690,126.38,9.27,74.2,3.01,79,33,A,10
3621,2895.32,57197,198.1,6.06,60.09,3.6,97,16,B,9
3622,3707.81,118221,191.13,8.68,82.99,3.48,35,45,B,7
3623,65546.35,184109,220.25,6.99,70.04,3.88,40,39,A,4
3624,303.84,203750,214.84,7.85,87.57,3.52,28,31,A,7
3625,1677.12,57197,189.42,6.84,52.4,2.67,97,16,B,6
3626,202.4,203750,215.01,7.85,91.05,3.58,60,31,A,7
3627,206575.9,200898,191.02,8.57,64.3,3.69,92,14,A,6
3628,3591.83,158114,130.65,9.65,42.74,3.62,20,34,A,3
3629,5.97,93188,126.14,6.64,53.79,2.87,45,17,B,6
3630,6358.83,203742,208.15,7.29,73.64,3.88,71,20,A,6
3631,1228.07,119557,136.69,8.57,50.24,2.92,83,22,B,10
3632,1594.35,206302,130.35,12.19,50.58,3.7,36,28,A,2
3633,2084.82,42988,219.9,7.06,46.52,3.41,83,30,C,2
3634,1767.83,70713,198.03,7.87,61.83,3.53,96,7,B,8
3635,8607.36,57197,198.08,6.06,70.24,3.51,14,16,B,8
3636,494.4,39690,129.98,7.87,48.36,3.54,10,42,C,12
3637,5879.12,140167,214.84,7.85,87.57,3.52,32,21,B,7
3638,28519.57,205863,131.13,4.31,76.47,3.81,34,4,A,4
3639,3234.7,93638,134.28,9.97,48.88,3.82,18,29,B,4
3640,4969.17,140167,221.38,6.89,79.49,3.56,29,21,B,5
3641,42737.76,140167,221.26,6.89,69.21,3.81,95,21,B,4
3642,34247.19,39910,210.36,8.36,85.54,2.6,93,36,A,8
3643,13918.1,200898,181.69,8.9,54.28,2.9,49,14,A,4
3644,519.2,206302,128.51,14.02,64.21,3.69,60,28,A,3
3645,2381.48,93188,130.35,6.4,26.26,3.08,36,17,B,2
3646,4436.45,196321,191.67,7.24,32.23,3.01,26,41,A,1
3647,2031.06,93638,136.75,8.99,39.0,3.52,33,29,B,1
3648,45941.65,155083,138.12,4.12,55.78,3.75,94,40,A,6
3649,431.93,184109,218.86,7.24,60.69,3.36,36,39,A,2
3650,2876.35,155078,215.25,6.43,43.86,2.77,52,8,A,11
3651,3.36,39690,130.79,7.4,95.75,4.01,23,33,A,6
3652,12.0,120653,131.94,9.27,59.91,2.85,78,18,B,4
3653,105297.23,158114,126.98,10.21,42.74,2.89,72,34,A,12
3654,3674.24,120653,138.11,8.3,62.31,3.9,21,18,B,5
3655,5269.48,184109,209.12,8.46,74.86,2.84,30,39,A,5
3656,48313.78,203819,132.29,8.19,68.85,3.05,94,19,A,5
3657,32138.07,155078,225.31,5.68,77.14,3.39,16,8,A,6
3658,174.44,39910,221.12,6.62,84.19,3.7,9,36,A,9
3659,14607.28,202307,210.95,8.32,39.69,2.51,3,2,A,2
3660,23098.29,203819,132.68,8.07,25.12,3.26,79,19,A,12
3661,17616.71,203819,134.86,8.21,73.12,4.07,14,24,A,6
3662,15044.3,123737,138.03,8.15,51.04,4.12,7,15,B,5
3663,66143.57,184109,220.72,6.62,84.72,3.57,13,39,A,8
3664,7161.12,140167,221.38,6.89,79.49,3.56,24,21,B,5
3665,19540.57,203819,132.77,8.1,58.68,2.85,82,19,A,9
3666,6770.21,152513,132.72,8.44,66.93,2.74,21,26,A,9
3667,1163.59,151315,211.4,7.74,48.27,2.98,59,1,A,1
3668,5546.66,184109,214.49,8.18,86.49,3.52,32,39,A,8
3669,2074.65,93638,133.26,10.26,28.89,3.26,97,29,B,2
3670,10088.12,93638,132.11,10.16,63.81,2.98,10,29,B,5
3671,5855.34,37392,214.91,7.35,76.9,2.62,1,3,B,9
3672,15248.17,203750,219.81,7.06,55.83,3.36,14,31,A,2
3673,354.6,184109,214.03,8.3,73.19,3.74,59,39,A,4
3674,11199.28,204184,142.41,8.24,75.0,4.03,71,27,A,8
3675,115717.38,196321,197.23,6.59,44.04,3.66,92,41,A,3
3676,1415.0,196321,193.0,6.93,59.54,3.66,48,41,A,6
3677,1234.89,184109,213.11,8.4,65.28,3.49,27,39,A,3
3678,14552.33,119557,136.15,8.35,65.64,2.91,56,22,B,5
3679,47.0,42988,211.12,8.16,46.35,2.84,31,30,C,12
3680,4333.67,203750,221.2,6.89,66.97,3.88,21,31,A,4
3681,84788.93,125833,214.14,6.38,64.95,2.77,38,9,B,4
3682,8848.2,70713,191.04,9.14,22.12,2.74,87,7,B,11
3683,3917.77,202307,215.26,7.85,91.58,3.64,37,2,A,8
3684,6317.76,203007,192.34,8.6,48.81,3.53,22,32,A,4
3685,55103.74,204184,140.53,7.91,41.59,3.59,55,27,A,12
3686,113163.91,126512,126.58,9.77,55.92,2.88,2,10,B,3
3687,16550.48,155078,216.31,6.26,28.26,3.02,11,8,A,2
3688,13396.66,123737,132.98,8.07,39.63,3.06,4,15,B,11
3689,11785.88,152513,132.44,8.51,51.62,2.83,11,26,A,6
3690,18601.13,93638,137.92,9.14,58.81,4.05,9,29,B,4
3691,2463.64,158114,126.14,9.59,72.17,2.7,44,34,A,6
3692,3487.83,120653,132.22,9.27,60.27,2.96,52,18,B,5
3693,25100.64,155078,226.97,5.12,55.03,3.6,13,8,A,10
3694,3830.5,140167,211.26,8.1,80.79,2.62,81,21,B,9
3695,7979.16,120653,137.73,8.08,45.35,3.92,94,18,B,3
3696,14430.8,155083,132.57,5.33,74.25,2.8,11,40,A,7
3697,37301.3,152513,136.27,7.77,60.98,3.81,40,26,A,9
3698,15647.52,203007,197.74,8.09,74.85,3.74,74,32,A,6
3699,25928.34,93638,136.05,9.86,75.33,3.9,2,29,B,8
3700,674.35,70713,194.81,8.62,43.67,3.58,96,7,B,9
3701,2089.53,118221,186.14,8.62,78.47,3.76,56,45,B,7
3702,10661.11,42988,221.48,6.89,88.05,3.29,81,30,C,6
3703,21266.36,114533,132.68,5.29,20.12,3.13,26,23,B,12
3704,48091.52,112238,129.37,13.5,88.0,3.91,13,12,B,9
3705,1869.92,34875,222.1,5.8,70.56,3.89,35,5,B,4
3706,53.46,119557,141.63,7.5,54.68,3.89,49,22,B,3
3707,46.72,41062,213.8,9.28,84.99,3.73,25,43,C,9
3708,113531.31,203742,203.65,7.86,54.75,2.92,38,20,A,4
3709,21752.86,207499,214.93,7.35,88.93,2.66,34,11,A,8
3710,8522.28,203819,136.96,8.66,31.92,3.74,55,24,A,1
3711,922.84,41062,213.21,9.58,87.51,3.35,74,43,C,6
3712,10879.54,39910,214.36,8.3,76.1,3.81,80,37,C,4
3713,1923.3,151315,222.04,6.91,84.85,3.57,52,1,A,8
3714,426.24,39690,131.04,11.63,64.05,4.12,10,38,C,4
3715,12893.46,155078,226.36,5.4,66.96,3.72,82,8,A,9
3716,107.1,119557,138.59,8.25,58.56,4.1,18,22,B,5
3717,5445.75,125833,219.02,6.4,89.08,3.65,14,9,B,7
3718,3168.5,120653,134.59,8.98,58.48,4.09,97,18,B,5
3719,43873.03,114533,136.75,4.26,28.49,3.52,38,23,B,1
3720,1823.68,37392,214.93,7.35,88.02,2.66,29,3,B,8
3721,78744.96,200898,191.1,8.57,75.22,3.51,90,14,A,6
3722,755.0,203819,136.59,8.45,36.93,3.59,50,24,A,12
3723,20977.4,37392,225.25,6.66,81.55,3.5,95,3,B,6
3724,26194.03,152513,132.92,8.15,30.51,2.94,2,26,A,11
3725,7092.97,103681,138.33,8.51,61.71,3.96,42,35,B,4
3726,912.39,93638,132.76,10.52,55.23,2.88,93,29,B,10
3727,708.33,39690,129.61,13.5,83.26,3.88,16,38,C,9
3728,2849.59,112238,129.2,13.5,91.04,3.7,35,12,B,8
3729,5388.65,152513,132.15,8.51,39.08,2.98,3,26,A,5
3730,1592.44,125833,214.76,6.42,53.15,2.72,29,9,B,3
3731,1759.58,140167,223.06,6.17,68.52,3.59,16,21,B,10
3732,1007.2,34875,215.99,6.53,86.97,3.65,6,5,B,7
3733,1208.5,93188,126.44,6.55,23.11,2.67,83,17,B,2
3734,169.67,42988,211.12,8.16,46.35,2.84,10,30,C,12
3735,58172.84,202307,211.27,8.16,49.33,2.71,8,2,A,12
3736,1297.15,155078,223.8,5.82,35.71,3.41,27,8,A,2
3737,677.1,93638,132.76,10.52,69.31,2.72,28,29,B,10
3738,445.72,123737,132.66,8.1,71.1,2.91,83,15,B,8
3739,72352.3,205863,129.28,5.64,81.47,3.52,40,4,A,8
3740,6409.44,118221,191.01,8.57,74.48,3.74,33,45,B,6
3741,2159.22,118221,188.8,8.52,39.93,3.41,59,45,B,12
3742,9701.41,34875,222.26,5.8,77.1,3.75,11,5,B,5
3743,1501.22,93638,134.59,9.97,57.71,4.09,27,29,B,5
3744,1107.83,120653,132.15,9.27,49.9,2.98,85,18,B,5
3745,1123.0,125833,214.93,6.44,79.83,2.64,41,9,B,7
3746,6297.0,219622,126.61,8.32,41.48,2.82,58,13,A,3
3747,64342.4,207499,225.24,6.66,75.13,3.69,72,11,A,5
3748,45052.23,219622,129.84,6.39,38.89,3.44,13,13,A,11
3749,745.0,93638,132.15,10.16,50.99,2.98,94,29,B,5
3750,7055.14,119557,140.42,7.71,46.28,3.54,44,22,B,11
3751,2113.79,206302,130.28,12.19,46.2,3.66,52,28,A,1
3752,8509.65,93188,130.35,6.4,26.26,3.08,17,17,B,2
3753,67.56,155078,225.49,5.4,79.94,3.31,59,8,A,7
3754,507.16,114533,138.38,4.16,68.34,3.88,59,23,B,8
3755,15516.28,205863,130.55,4.61,41.31,3.54,3,4,A,2
3756,2349.36,200898,192.01,8.68,64.88,4.0,6,14,A,9
3757,3740.5,204184,136.49,7.98,77.36,2.92,50,27,A,8
3758,12439.01,34875,215.16,6.63,70.71,3.47,8,5,B,3
3759,24835.68,219622,126.98,7.8,34.9,2.85,44,13,A,12
3760,1430.0,203007,198.36,7.87,63.49,3.76,58,32,A,9
3761,1244.0,120653,136.21,8.89,70.32,3.8,50,18,B,8
3762,2562.94,93188,127.58,6.87,22.16,2.96,6,17,B,1
3763,5883.96,152513,132.5,8.51,63.78,2.81,56,26,A,6
3764,11538.01,112238,130.76,11.63,90.47,3.88,16,12,B,6
3765,71020.33,204184,142.41,8.24,75.0,4.03,40,27,A,8
3766,2542.87,203007,192.01,8.82,39.17,3.23,56,32,A,3
3767,8545.67,200898,181.69,8.9,54.28,2.9,42,14,A,4
3768,7976.83,152513,136.5,7.6,45.23,3.62,98,26,A,10
3769,13525.49,118221,185.79,8.52,74.85,3.8,79,45,B,6
3770,78820.22,202307,210.28,8.2,65.41,2.77,40,2,A,4
3771,2777.81,184109,220.43,6.99,78.31,3.56,35,39,A,5
3772,914.33,112238,126.13,14.1,87.27,3.08,59,12,B,6
3773,5014.43,125833,223.25,6.05,43.41,3.13,96,9,B,12
3774,4828.86,39910,126.16,7.97,53.11,2.91,80,44,C,5
3775,62115.82,123737,132.52,8.1,66.13,2.96,38,15,B,7
3776,13493.32,120653,137.42,8.08,33.59,3.83,82,18,B,3
3777,15970.96,203819,136.21,8.36,69.94,3.91,34,24,A,8
3778,19239.96,93638,131.82,10.06,46.03,2.83,8,29,B,3
3779,15841.24,155078,225.49,5.4,79.94,3.31,5,8,A,7
3780,5952.3,42988,222.62,6.56,80.38,3.67,79,30,C,9
3781,313.53,39690,129.43,13.5,76.36,3.92,72,38,C,9
3782,20781.81,184109,209.98,8.55,58.62,2.72,97,39,A,3
3783,46.16,39690,126.19,14.18,81.77,2.94,42,38,C,9
3784,200.0,203007,189.66,8.96,53.49,2.76,54,32,A,4
3785,5220.16,203819,136.5,8.45,42.3,3.63,6,24,A,12
3786,4767.64,203819,138.2,8.19,74.43,3.82,33,19,A,7
3787,12282.54,70713,197.41,8.26,44.99,3.75,7,7,B,3
3788,10430.8,125833,214.14,6.38,71.5,2.83,7,9,B,5
3789,19483.48,114533,136.05,4.58,69.53,3.9,96,23,B,8
3790,4617.78,123737,132.06,8.19,49.09,3.04,26,15,B,4
3791,1158.0,196321,189.38,7.54,30.27,2.58,27,41,A,2
3792,15889.48,103681,141.39,8.74,40.07,3.82,17,35,B,3
3793,59671.98,119557,140.13,8.02,71.3,3.82,72,22,B,8
3794,4594.6,34875,216.3,6.53,89.18,3.52,46,5,B,8
3795,780.5,196321,189.72,7.54,32.3,2.72,27,41,A,3
3796,33536.41,196321,191.03,7.51,31.51,2.78,46,41,A,12
3797,134.8,155083,136.59,4.42,24.46,3.41,54,40,A,12
3798,396.0,184109,219.32,7.24,61.1,3.56,60,39,A,2
3799,3928.66,118221,181.68,8.9,53.47,2.9,42,45,B,4
3800,22213.17,205863,126.15,7.37,78.53,2.62,34,4,A,7
3801,89.88,219622,129.17,6.88,77.62,3.57,51,13,A,7
3802,27715.62,196321,193.31,6.9,68.18,3.53,16,41,A,7
3803,10598.8,39910,217.66,7.72,50.64,3.15,81,36,A,12
3804,8746.94,203007,191.14,9.14,30.72,2.78,71,32,A,12
3805,14039.75,203750,211.55,8.16,51.71,2.77,34,31,A,11
3806,30031.63,114533,132.92,5.29,41.66,3.03,74,23,B,11
3807,34281.5,219622,130.79,5.96,72.89,3.74,8,13,A,6
3808,40649.6,202505,215.65,6.86,57.71,3.46,93,6,A,3
3809,1761.04,203007,192.34,8.6,48.81,3.53,96,32,A,4
3810,1.27,119557,137.38,8.46,30.23,3.28,19,22,B,2
3811,3705.44,152513,132.47,8.51,53.62,2.8,83,26,A,6
3812,142.51,41062,203.42,9.82,84.66,2.63,59,43,C,8
3813,555.84,103681,140.38,8.68,70.92,3.64,28,35,B,9
3814,4462.03,202505,212.97,6.86,38.37,2.98,12,6,A,1
3815,865.58,119557,137.25,8.46,35.34,3.26,28,22,B,2
3816,28109.05,120653,136.37,8.89,60.44,3.76,8,18,B,9
3817,1851.25,37392,221.41,7.2,61.7,3.3,67,3,B,11
3818,695.91,206302,129.83,12.89,54.2,3.81,28,28,A,11
3819,5008.23,184109,210.58,8.48,69.96,2.72,6,39,A,10
3820,18566.54,202307,219.81,7.06,55.21,3.36,74,2,A,2
3821,17584.45,155078,227.04,5.12,64.74,3.51,18,8,A,10
3822,2103.88,57197,191.76,6.61,13.64,3.01,71,16,B,2
3823,18318.54,219622,129.11,6.88,77.3,3.56,3,13,A,7
3824,19415.52,200898,187.88,8.52,51.78,3.57,98,14,A,10
3825,865.42,155083,132.5,5.44,69.72,2.81,31,40,A,6
3826,1539.1,70713,190.57,9.02,47.55,2.79,21,7,B,9
3827,26.73,155083,137.58,4.26,37.13,3.87,49,40,A,3
3828,4158.17,57197,191.48,6.61,17.46,2.91,81,16,B,1
3829,26095.32,206302,130.9,12.19,56.26,4.04,4,28,A,3
3830,2003.43,196321,198.03,6.43,73.16,3.53,85,41,A,8
3831,224.64,140167,214.94,7.93,71.01,3.74,54,21,B,4
3832,60938.03,93188,126.15,6.7,58.53,2.88,72,17,B,9
3833,6434.2,202505,216.82,6.92,88.36,3.48,71,6,A,7
3834,14.7,219622,126.21,8.11,50.15,2.96,45,13,A,5
3835,5736.3,118221,183.7,8.55,30.3,3.24,25,45,B,2
3836,31696.72,219622,130.7,5.76,75.69,3.56,74,13,A,7
3837,10026.08,126512,129.24,8.26,87.4,3.74,96,10,B,8
3838,492.76,41062,205.99,10.4,60.24,3.46,74,43,C,3
3839,3429.6,120653,136.7,8.08,31.27,3.44,93,18,B,1
3840,18628.15,155083,132.6,5.33,71.35,2.79,97,40,A,7
3841,10794.82,207499,214.57,7.37,48.01,2.55,20,11,A,2
3842,54980.64,114533,133.26,5.11,21.52,3.26,92,23,B,2
3843,100640.63,205863,130.45,4.61,34.19,3.49,90,4,A,2
3844,35229.12,151315,214.11,7.74,53.56,3.46,4,1,A,3
3845,2248.65,112238,129.37,13.5,88.0,3.91,85,12,B,9
3846,1185.09,184109,220.61,6.62,78.16,3.26,27,39,A,7
3847,42603.09,39910,130.74,5.41,81.99,3.51,92,44,C,8
3848,524.67,39690,126.73,9.27,52.82,3.04,17,33,A,12
3849,4242.33,184109,221.26,6.62,76.71,3.72,44,39,A,9
3850,45914.21,219622,126.13,7.95,82.27,2.8,93,13,A,7
3851,13177.73,93638,137.8,9.14,46.38,3.96,90,29,B,4
3852,17677.87,34875,218.25,6.3,69.27,3.37,40,5,B,10
3853,1314.51,70713,191.76,8.82,-2.06,3.01,41,7,B,2
3854,1480.11,39910,220.2,6.99,72.54,3.92,14,36,A,4
3855,11376.01,128107,214.65,7.14,69.84,3.51,82,25,B,6
3856,4838.87,39910,131.19,5.22,46.97,3.76,79,44,C,10
3857,51534.42,184109,210.51,8.48,64.8,2.63,13,39,A,10
3858,44553.03,202505,224.2,5.67,76.41,3.72,87,6,A,9
3859,11769.12,118221,182.57,8.72,29.67,3.18,1,45,B,12
3860,173.5,39910,210.67,8.48,76.22,2.72,28,37,C,10
3861,2710.72,203819,136.47,8.45,48.17,3.72,30,24,A,11
3862,2128.64,39690,130.65,7.6,60.91,3.88,46,33,A,3
3863,25914.91,120653,131.78,9.2,42.39,2.8,46,18,B,3
3864,1654.99,200898,182.26,8.74,82.45,2.79,41,14,A,7
3865,16857.47,155078,223.52,5.82,46.81,3.27,46,8,A,1
3866,27.2,57197,197.56,6.17,56.74,3.84,98,16,B,5
3867,231.24,140167,221.31,6.89,77.53,3.75,94,21,B,5
3868,262.8,39910,130.7,5.41,75.69,3.56,87,44,C,7
3869,21477.2,155083,132.72,5.33,70.66,2.74,81,40,A,9
3870,8605.28,39690,131.19,6.9,73.7,4.3,81,33,A,10
3871,15213.44,120653,135.78,8.89,74.36,3.83,1,18,B,7
3872,1993.55,103681,140.44,8.74,46.28,3.42,52,35,B,12
3873,12820.41,203819,132.57,8.1,74.6,2.93,67,19,A,7
3874,79672.74,219622,130.55,6.1,35.38,3.14,2,13,A,2
3875,2283.5,34875,212.15,6.5,78.53,2.62,34,5,B,9
3876,3177.14,39910,129.06,6.91,54.62,3.78,98,44,C,5
3877,60626.22,126512,128.91,8.49,61.05,4.09,5,10,B,4
3878,6543.0,119557,135.47,8.28,31.96,2.75,42,22,B,2
3879,2925.27,39690,126.14,9.5,97.66,2.98,8,33,A,7
3880,21536.77,126512,130.84,7.17,82.5,4.05,82,10,B,8
3881,24.72,114533,136.18,4.58,67.09,3.82,51,23,B,8
3882,7047.32,202307,217.49,7.44,55.53,3.33,16,2,A,11
3883,28372.33,204184,136.37,7.98,76.25,2.96,14,27,A,7
3884,11028.68,125833,215.06,6.44,81.19,2.58,55,9,B,9
3885,4899.69,155078,213.72,6.29,61.01,2.78,55,8,A,4
3886,458.48,42988,211.27,8.16,50.43,2.71,18,30,C,12
3887,19912.8,119557,142.22,7.75,74.92,3.84,90,22,B,8
3888,1066.13,93188,126.58,6.55,31.58,2.68,59,17,B,3
3889,2982.36,204184,136.89,7.83,30.13,3.39,85,27,A,1
3890,2717.78,57197,193.31,6.34,65.16,3.53,41,16,B,7
3891,1524.0,70713,191.04,9.14,22.12,2.74,36,7,B,11
3892,72.98,203750,215.14,7.85,91.56,3.68,19,31,A,7
3893,97.91,39910,126.23,7.61,68.74,2.85,59,44,C,10
3894,3055.98,155078,221.29,6.12,49.68,3.33,20,8,A,11
3895,489.16,70713,192.34,8.6,30.64,3.53,80,7,B,4
3896,4148.5,93638,135.96,9.86,75.32,3.9,29,29,B,7
3897,3776.0,204184,138.16,7.72,52.24,3.98,50,27,A,4
3898,168.04,39690,126.79,14.31,50.01,3.2,28,38,C,12
3899,424.95,39690,130.74,7.54,57.65,3.96,7,42,C,3
3900,3373.03,128107,204.63,7.48,21.6,3.14,97,25,B,12
3901,164055.8,202307,211.04,8.32,57.56,2.67,92,2,A,3
3902,51913.39,158114,129.08,10.58,61.47,3.88,65,34,A,5
3903,71179.18,204184,137.96,7.72,37.27,3.81,91,27,A,4
3904,280.0,200898,182.62,8.74,78.44,2.8,54,14,A,8
3905,48347.88,34875,215.86,6.49,72.02,3.74,38,5,B,4
3906,1781.25,37392,214.55,7.35,82.2,2.67,29,3,B,7
3907,7668.11,37392,218.84,7.57,88.07,3.68,4,3,B,7
3908,28557.31,128107,204.46,8.19,29.16,2.75,8,25,B,2
3909,677.6,206302,129.69,12.89,70.44,3.83,60,28,A,10
3910,5867.65,202307,211.15,8.1,79.09,2.56,83,2,A,9
3911,824.85,93638,132.57,10.41,76.3,2.8,52,29,B,7
3912,3093.87,93638,132.92,10.52,48.62,3.03,32,29,B,11
3913,933.75,119557,136.08,8.35,59.99,2.96,52,22,B,5
3914,9102.19,155083,136.86,4.26,14.02,3.54,7,40,A,1
3915,36030.12,206302,128.0,14.02,53.35,3.43,5,28,A,2
3916,23.9,119557,135.83,8.35,51.14,2.88,45,22,B,4
3917,1469.02,57197,192.83,6.34,43.29,3.77,97,16,B,5
3918,15141.06,219622,129.04,7.19,61.39,3.73,87,13,A,6
3919,6302.06,70713,194.88,8.62,47.34,3.54,6,7,B,9
3920,7760.31,119557,137.25,8.46,35.34,3.26,42,22,B,2
3921,3817.65,123737,132.76,8.07,59.69,2.84,24,15,B,10
3922,74.25,39910,210.21,8.46,84.37,2.57,25,36,A,6
3923,12258.78,103681,137.25,8.55,39.32,3.24,90,35,B,2
3924,1153.55,39910,220.35,6.99,77.17,3.75,3,37,C,5
3925,4783.53,196321,190.57,7.34,60.11,2.79,20,41,A,9
3926,4802.32,202307,221.36,6.89,73.87,3.69,30,2,A,5
3927,326.35,70713,196.95,8.26,24.41,3.13,35,7,B,2
3928,11593.03,184109,213.58,8.3,66.57,3.52,80,39,A,4
3929,11572.73,119557,136.73,8.46,32.56,3.19,11,22,B,1
3930,9072.16,37392,213.62,7.34,73.47,2.84,8,3,B,5
3931,35910.87,204184,139.54,7.85,76.87,3.89,81,27,A,7
3932,1562.8,93638,133.18,10.26,26.39,3.24,93,29,B,2
3933,15152.76,112238,128.13,14.02,48.45,3.53,82,12,B,2
3934,39941.45,219622,131.19,5.62,46.97,3.76,7,13,A,10
3935,4687.24,140167,217.16,7.44,65.16,3.35,42,21,B,10
3936,10397.49,219622,126.44,7.8,45.12,2.84,49,13,A,10
3937,33926.87,114533,136.7,4.26,24.29,3.44,8,23,B,1
3938,7161.22,123737,135.63,7.81,73.47,3.89,22,15,B,7
3939,2816.24,118221,189.52,8.42,37.93,3.57,21,45,B,1
3940,7561.9,93638,136.24,9.86,69.16,3.78,74,29,B,9
3941,56177.96,203742,210.12,7.08,52.42,3.58,4,20,A,10
3942,14931.98,34875,222.35,5.8,81.64,3.39,8,5,B,6
3943,4197.68,206302,130.72,10.93,93.47,3.77,21,28,A,7
3944,44055.39,155078,223.71,5.82,45.56,3.36,40,8,A,2
3945,16101.65,39690,127.44,8.74,56.75,3.34,13,42,C,1
3946,38.7,42988,220.7,7.06,57.16,3.67,52,30,C,3
3947,9.37,39910,209.67,8.46,80.87,2.72,52,36,A,5
3948,17945.78,41062,211.68,9.65,51.92,3.36,80,43,C,2
3949,946.84,93638,136.5,9.36,59.3,3.62,28,29,B,10
3950,86711.39,203742,207.66,7.34,44.83,3.62,90,20,A,3
3951,8416.79,39690,126.11,14.1,90.84,2.95,8,38,C,6
3952,92941.82,200898,182.6,8.74,78.37,2.72,72,14,A,9
3953,21182.71,93638,132.02,10.16,51.04,2.9,8,29,B,4
3954,25165.42,114533,136.5,4.42,36.4,3.47,91,23,B,12
3955,8735.33,125833,214.97,6.42,36.43,2.98,3,9,B,1
3956,7228.82,204184,138.33,7.72,61.71,4.12,32,27,A,4
3957,5467.53,206302,131.14,11.63,76.03,4.17,20,28,A,5
3958,9807.74,155078,219.2,6.42,84.77,3.53,74,8,A,9
3959,7561.96,57197,192.01,6.61,31.77,3.23,3,16,B,3
3960,1513.17,125833,224.8,5.67,54.03,3.67,29,9,B,3
3961,2901.08,203819,132.82,8.27,25.9,3.34,59,24,A,12
3962,2416.09,112238,126.58,13.98,53.77,2.99,97,12,B,3
3963,11327.47,126512,130.76,7.17,90.78,3.81,96,10,B,8
3964,1050.76,39690,130.72,10.93,93.47,3.77,21,38,C,7
3965,318.62,39690,130.68,7.17,89.8,3.72,22,42,C,7
3966,5072.78,203007,189.45,8.96,72.42,2.72,71,32,A,6
3967,36841.71,39910,126.23,7.61,68.74,2.85,92,44,C,10
3968,5205.5,93188,129.24,6.74,67.59,3.58,67,17,B,8
3969,14836.91,151315,216.38,7.96,75.8,3.47,7,1,A,9
3970,11480.04,152513,132.76,8.15,27.73,3.06,79,26,A,12
3971,162.49,203007,197.66,8.09,61.76,3.93,18,32,A,4
3972,7502.08,196321,191.86,7.24,16.81,3.04,71,41,A,2
3973,5.97,41062,206.9,10.58,85.81,3.65,20,43,C,6
3974,1330.99,203819,138.2,8.15,69.92,3.67,52,19,A,6
3975,396.0,37392,219.13,7.57,75.79,3.91,41,3,B,5
3976,71207.64,151315,211.24,7.79,83.36,2.61,90,1,A,7
3977,20453.34,39910,214.02,8.18,84.71,3.44,79,36,A,7
3978,7501.73,203742,204.89,7.48,61.08,2.71,20,20,A,10
3979,36237.13,202505,213.38,7.01,70.97,2.72,93,6,A,10
3980,4189.19,34875,218.09,6.3,66.9,3.35,7,5,B,10
3981,15829.82,39910,214.79,8.18,82.06,3.47,38,36,A,9
3982,3251.0,158114,130.7,9.28,77.7,3.26,33,34,A,7
3983,38110.35,203742,204.85,7.53,75.98,2.8,10,20,A,8
3984,28904.47,118221,191.13,8.68,82.99,3.48,4,45,B,7
3985,17895.99,39910,126.56,7.97,50.39,2.92,91,44,C,4
3986,9930.78,118221,187.97,8.52,43.92,3.55,9,45,B,11
3987,21827.9,151315,211.35,8.11,46.5,2.62,1,1,A,3
3988,22.76,39690,130.97,12.19,64.36,4.29,6,38,C,3
3989,9121.97,202505,224.4,5.67,70.81,3.72,44,6,A,9
3990,6824.74,140167,214.94,7.93,71.01,3.74,33,21,B,4
3991,1191.88,155078,218.69,6.42,83.57,3.48,49,8,A,7
3992,29299.34,140167,221.94,6.56,83.58,3.64,13,21,B,8
3993,21338.13,119557,141.84,7.67,49.89,4.02,46,22,B,4
3994,2.75,57197,192.01,6.61,31.77,3.23,98,16,B,3
3995,3444.14,203750,215.26,7.85,92.32,3.64,30,31,A,8
3996,95435.7,202307,214.65,7.93,86.53,3.64,90,2,A,6
3997,20671.24,103681,137.85,8.55,40.11,3.62,34,35,B,3
3998,18100.66,140167,215.45,7.85,91.94,3.53,82,21,B,9
3999,146470.0,202307,221.56,6.56,80.17,3.26,95,2,A,7
4000,2890.95,184109,219.9,7.24,65.81,3.73,18,39,A,3
4001,3719.89,93188,130.96,6.24,54.13,3.79,52,17,B,6
4002,2708.05,155078,225.3,5.68,74.28,3.45,29,8,A,6
4003,2851.36,34875,216.6,6.53,83.55,3.53,34,5,B,9
4004,10369.06,200898,181.85,8.9,62.62,2.96,83,14,A,5
4005,20389.97,219622,129.79,6.39,47.41,3.57,11,13,A,10
4006,22204.85,140167,217.33,7.44,65.46,3.37,1,21,B,10
4007,34863.03,151315,214.36,7.74,62.76,3.49,4,1,A,3
4008,11217.71,41062,204.87,10.4,40.65,3.02,1,43,C,2
4009,11158.89,118221,186.37,8.62,78.22,3.84,11,45,B,8
4010,725.76,119557,136.6,8.57,29.76,3.15,54,22,B,12
4011,3661.29,203819,132.22,8.19,57.53,3.1,83,19,A,5
4012,45079.02,140167,215.61,7.93,75.04,3.9,2,21,B,5
4013,46.36,112238,126.16,14.1,67.84,3.06,80,12,B,5
4014,8536.85,70713,192.62,8.6,26.79,3.66,91,7,B,4
4015,6910.61,42988,221.44,6.89,81.78,3.35,80,30,C,6
4016,5174.32,118221,190.54,8.42,59.45,3.9,20,45,B,3
4017,7008.3,112238,129.05,13.74,71.81,4.03,71,12,B,6
4018,20937.01,204184,135.47,8.24,32.44,2.91,82,27,A,2
4019,24863.15,126512,130.98,7.17,78.47,3.97,11,10,B,9
4020,6716.0,93638,132.92,10.52,48.62,3.03,74,29,B,11
4021,4818.55,184109,222.05,6.23,69.88,3.6,12,39,A,10
4022,243.64,39910,129.33,6.56,77.0,3.58,17,44,C,9
4023,31409.96,125833,214.93,6.56,50.93,2.89,40,9,B,12
4024,5187.16,184109,210.63,8.48,71.73,2.72,33,39,A,10
4025,9299.89,219622,129.04,7.19,61.39,3.73,21,13,A,6
4026,45766.63,219622,126.6,8.11,38.97,2.88,13,13,A,4
4027,19319.81,41062,213.93,9.28,73.03,3.72,81,43,C,9
4028,11762.13,203742,204.2,8.19,50.49,2.85,3,20,A,3
4029,75.6,112238,129.61,13.5,83.26,3.88,83,12,B,9
4030,6372.31,37392,224.13,6.83,60.12,3.56,46,3,B,2
4031,20829.27,152513,136.52,7.6,53.91,3.58,1,26,A,10
4032,5658.14,128107,204.73,7.53,71.79,2.78,21,25,B,8
4033,5183.74,123737,138.28,8.19,66.98,4.0,67,15,B,8
4034,20515.29,34875,216.2,6.49,74.75,3.81,95,5,B,4
4035,5616.38,93188,129.0,6.77,40.14,3.68,12,17,B,4
4036,11642.26,140167,215.39,7.85,92.07,3.52,5,21,B,8
4037,3905.32,219622,131.03,5.96,62.39,3.8,19,13,A,5
4038,5102.13,39690,126.67,9.0,55.33,3.16,14,42,C,11
4039,5522.43,155083,136.59,4.42,24.46,3.41,71,40,A,12
4040,181.96,114533,136.46,4.42,44.04,3.57,98,23,B,11
4041,3080.0,34875,212.37,6.77,68.11,2.72,34,5,B,10
4042,8.96,39690,126.06,14.18,87.01,3.16,31,38,C,8
4043,118241.45,184109,216.25,7.72,67.65,3.35,92,39,A,10
4044,56123.63,103681,136.46,8.86,79.78,2.78,95,35,B,7
4045,1549.03,140167,215.14,7.85,91.56,3.68,19,21,B,7
4046,29.24,140167,214.93,7.85,89.16,3.48,83,21,B,7
4047,13251.07,41062,212.52,9.65,54.52,3.67,79,43,C,3
4048,55035.57,155083,132.76,5.33,55.63,2.72,90,40,A,9
4049,2720.14,205863,126.11,7.9,81.53,2.64,52,4,A,6
4050,8366.04,119557,137.5,8.46,33.52,3.44,26,22,B,3
4051,4692.82,39910,130.89,5.62,68.4,3.78,79,44,C,6
4052,21620.32,203750,219.18,7.44,45.16,3.13,81,31,A,12
4053,18104.9,41062,213.17,9.58,82.41,3.56,97,43,C,5
4054,16339.17,39910,215.12,8.18,78.35,3.47,2,37,C,9
4055,3122.52,112238,126.6,13.98,50.11,2.92,19,12,B,3
4056,12138.52,205863,126.08,7.37,78.83,2.67,98,4,A,8
4057,57778.6,203750,215.44,7.93,61.87,3.91,93,31,A,5
4058,17689.48,155083,134.18,4.78,34.77,3.72,10,40,A,4
4059,16678.75,151315,211.6,7.79,86.65,2.66,74,1,A,8
4060,5887.3,202505,222.89,6.13,63.71,3.79,29,6,A,3
4061,8932.74,120653,132.77,9.34,60.94,2.72,29,18,B,9
4062,809.6,202505,220.77,6.55,53.27,3.16,60,6,A,12
4063,3550.67,158114,129.09,10.58,63.05,3.87,44,34,A,5
4064,5050.32,155078,223.06,6.12,36.33,3.13,67,8,A,12
4065,67183.66,205863,126.98,7.13,43.21,2.89,91,4,A,12
4066,3357.27,155078,219.01,6.42,86.05,3.64,31,8,A,8
4067,6462.9,202307,212.9,8.03,57.83,3.04,83,2,A,2
4068,1277.74,39910,131.1,5.62,65.17,3.81,16,44,C,5
4069,2786.24,155078,222.87,6.12,38.16,3.11,83,8,A,12
4070,31197.04,39690,126.55,9.27,65.21,3.13,94,33,A,11
4071,59811.34,155078,218.9,6.3,65.11,3.81,38,8,A,4
4072,23395.57,114533,132.22,5.44,57.94,2.96,49,23,B,5
4073,64055.43,158114,127.3,10.4,30.75,2.99,95,34,A,1
4074,11792.16,203819,132.06,8.21,51.48,3.04,22,24,A,4
4075,662.5,70713,192.73,8.6,26.54,3.74,52,7,B,5
4076,3118.18,203819,136.14,8.36,72.52,4.0,31,24,A,8
4077,11635.84,93188,131.19,5.53,39.94,3.76,55,17,B,10
4078,23546.37,203742,214.83,7.28,69.57,3.81,74,20,A,8
4079,24861.32,112238,129.18,13.5,90.61,3.8,3,12,B,8
4080,61700.46,205863,126.58,8.62,43.49,2.65,94,4,A,3
4081,22146.25,57197,190.33,6.87,65.66,2.73,3,16,B,8
4082,21836.56,202505,217.01,6.86,74.24,3.81,97,6,A,4
4083,18929.69,202307,210.28,8.2,65.41,2.77,14,2,A,4
4084,4056.79,140167,211.26,8.1,89.58,2.66,81,21,B,8
4085,22534.4,203742,204.48,7.53,77.75,2.77,49,20,A,7
4086,823.52,37392,219.09,7.57,87.67,3.52,19,3,B,8
4087,702.12,39910,126.61,8.12,42.49,2.78,67,44,C,3
4088,2147.19,93188,130.76,6.24,71.14,3.68,71,17,B,6
4089,21909.91,203819,138.91,7.99,48.29,4.19,80,19,A,10
4090,303.0,70713,191.01,9.14,17.95,2.74,35,7,B,11
4091,8106.32,140167,221.36,6.89,74.14,3.69,3,21,B,5
4092,2091.36,112238,129.85,12.89,52.5,3.7,41,12,B,12
4093,17320.57,204184,136.6,8.02,31.34,3.31,24,27,A,12
4094,13354.22,140167,210.98,8.32,45.31,2.56,5,21,B,2
4095,10505.48,34875,215.84,6.49,83.81,3.7,11,5,B,6
4096,54316.44,203007,197.83,7.87,78.68,3.65,40,32,A,7
4097,18327.16,151315,217.05,7.87,69.31,3.28,23,1,A,10
4098,10632.48,93638,132.44,10.16,65.01,2.83,90,29,B,6
4099,1118.9,125833,218.68,6.38,86.74,3.59,19,9,B,6
4100,6449.38,152513,132.84,8.15,28.11,3.07,26,26,A,11
4101,155112.08,202307,221.38,6.89,78.19,3.56,95,2,A,5
4102,10390.99,184109,222.11,6.23,72.9,3.51,55,39,A,10
4103,117.0,114533,138.11,4.12,58.42,3.9,60,23,B,5
4104,3746.8,158114,128.96,10.58,63.83,3.78,24,34,A,4
4105,199.89,39910,214.24,8.3,81.28,3.79,85,37,C,5
4106,24943.85,204184,142.76,8.0,58.99,4.07,80,27,A,10
4107,62360.86,203819,132.58,8.1,74.68,2.92,90,19,A,7
4108,57957.47,184109,210.44,8.48,72.74,2.6,91,39,A,10
4109,3286.09,219622,128.51,7.47,44.69,3.41,31,13,A,3
4110,3007.06,203007,191.03,9.14,36.07,2.78,19,32,A,12
4111,820.14,39910,130.72,5.41,80.42,3.54,21,44,C,7
4112,15327.67,119557,136.53,8.57,30.46,3.14,6,22,B,12
4113,2043.61,203007,189.77,9.02,75.69,2.69,52,32,A,7
4114,2847.41,152513,132.06,8.51,40.56,2.94,83,26,A,4
4115,11326.14,93638,132.02,10.16,51.04,2.9,46,29,B,4
4116,1945.12,119557,140.44,7.71,49.31,3.6,93,22,B,10
4117,4315.34,128107,209.19,7.27,62.05,3.74,42,25,B,9
4118,2445.57,123737,134.86,7.66,69.8,4.07,21,15,B,6
4119,19551.03,39910,210.18,8.48,52.88,2.95,80,36,A,12
4120,3517.51,39910,216.56,7.72,58.97,3.29,8,36,A,11
4121,24768.85,155078,225.17,5.68,70.34,3.81,94,8,A,4
4122,1642.27,203819,132.82,8.07,48.45,3.05,56,19,A,10
4123,8653.12,39690,127.19,14.02,37.64,3.29,96,38,C,1
4124,13966.88,70713,193.0,8.6,46.85,3.66,90,7,B,6
4125,6293.68,128107,208.96,7.27,67.2,3.7,67,25,B,9
4126,15807.64,39690,126.11,9.52,83.49,2.94,80,42,C,6
4127,5392.04,203819,136.7,8.66,32.86,3.58,21,24,A,1
4128,3632.72,39910,210.26,8.36,80.58,2.51,83,36,A,9
4129,9881.08,202505,212.63,6.97,80.93,2.64,67,6,A,7
4130,11650.43,184109,214.62,8.18,79.15,3.55,34,39,A,9
4131,99114.78,126512,131.03,7.38,86.03,4.13,40,10,B,5
4132,11403.49,57197,189.46,7.04,20.87,2.57,7,16,B,2
4133,14600.03,119557,140.91,7.5,35.68,3.57,7,22,B,1
4134,861.83,112238,127.86,14.02,51.3,3.38,41,12,B,2
4135,64.92,151315,215.96,7.68,75.64,3.9,54,1,A,5
4136,549.74,39690,128.72,13.74,63.63,3.77,67,38,C,4
4137,87316.81,126512,129.11,8.26,88.57,3.79,40,10,B,7
4138,2852.96,196321,195.64,6.76,32.87,3.5,85,41,A,11
4139,40763.9,202505,213.04,6.97,81.78,2.58,10,6,A,9
4140,14152.17,203819,137.42,8.66,35.36,3.98,17,24,A,3
4141,7435.6,39910,130.79,5.41,79.4,3.54,97,44,C,8
4142,12120.38,200898,190.54,8.42,59.45,3.9,3,14,A,3
4143,11488.95,200898,186.45,8.62,77.0,3.81,20,14,A,8
4144,3804.36,151315,214.6,7.74,69.97,3.47,20,1,A,3
4145,3587.21,140167,220.92,7.06,62.96,3.79,44,21,B,3
4146,1579.5,57197,190.26,6.87,63.91,2.72,30,16,B,8
4147,21882.75,70713,194.74,8.62,43.67,3.6,10,7,B,9
4148,18455.4,206302,126.61,14.31,58.18,3.16,14,28,A,11
4149,11506.08,196321,192.62,6.93,39.81,3.66,98,41,A,4
4150,2.16,70713,190.91,9.14,36.84,2.76,51,7,B,10
4151,25621.5,202307,221.26,6.89,67.2,3.81,80,2,A,4
4152,29525.24,39910,209.17,8.46,70.9,2.78,91,37,C,4
4153,17702.22,34875,219.94,6.3,50.33,3.11,1,5,B,12
4154,876.25,125833,214.93,6.42,55.76,2.67,27,9,B,3
4155,5982.36,202505,217.27,6.92,90.07,3.52,30,6,A,8
4156,11085.6,128107,204.79,7.53,67.15,2.76,90,25,B,8
4157,6707.38,57197,189.72,7.04,29.88,2.72,6,16,B,3
4158,53873.12,118221,184.16,8.55,35.78,3.27,38,45,B,2
4159,1882.1,203819,136.42,8.36,68.0,3.86,31,24,A,9
4160,5563.44,128107,207.19,7.34,36.73,3.58,25,25,B,3
4161,12991.41,128107,212.74,6.96,34.6,3.51,3,25,B,1
4162,16924.0,103681,142.31,8.84,72.93,3.83,5,35,B,8
4163,356.81,203750,221.39,6.89,79.47,3.45,28,31,A,6
4164,16832.97,103681,136.63,8.76,70.19,2.71,17,35,B,10
4165,58434.24,155083,132.98,5.29,38.5,2.96,95,40,A,11
4166,5667.23,203819,133.49,7.77,23.24,3.45,29,19,A,2
4167,20292.96,151315,223.18,6.57,68.55,3.62,82,1,A,10
4168,3581.45,114533,134.18,4.78,36.74,3.72,31,23,B,4
4169,39597.19,140167,211.41,8.16,62.96,2.74,14,21,B,11
4170,2946.64,123737,138.2,8.19,73.9,3.82,91,15,B,7
4171,13961.2,207499,214.62,7.37,48.3,2.51,3,11,A,2
4172,18810.22,203750,214.02,8.03,63.26,3.49,7,31,A,3
4173,4260.97,93188,131.15,6.24,49.96,3.81,93,17,B,5
4174,20.0,39690,130.7,7.15,91.49,3.59,32,33,A,7
4175,22131.4,203742,210.4,7.08,62.54,3.54,74,20,A,10
4176,9146.4,200898,182.92,8.55,30.55,3.23,9,14,A,1
4177,16802.06,120653,136.86,8.08,24.2,3.54,14,18,B,1
4178,22835.96,125833,215.21,6.56,69.08,2.6,13,9,B,10
4179,10249.65,196321,192.34,6.93,42.87,3.53,17,41,A,4
4180,45439.31,70713,192.2,8.82,25.69,3.41,72,7,B,3
4181,11144.71,206302,126.19,14.18,81.77,2.94,87,28,A,9
4182,32077.73,42988,215.07,7.85,90.27,3.65,91,30,C,7
4183,2298.0,219622,130.98,5.76,68.55,3.75,50,13,A,9
4184,13680.78,112238,129.79,12.89,67.41,3.73,11,12,B,10
4185,35577.91,204184,140.48,7.91,64.78,3.74,23,27,A,10
4186,21260.73,125833,220.32,6.4,78.45,3.36,8,9,B,9
4187,27758.89,39910,212.86,8.4,59.15,3.45,93,36,A,3
4188,17800.0,202307,221.15,6.89,68.08,3.89,58,2,A,4
4189,6008.36,202307,215.14,7.85,90.07,3.68,44,2,A,7
4190,3259.0,203007,197.98,7.87,77.56,3.57,83,32,A,7
4191,11370.72,119557,136.15,8.35,65.64,2.91,67,22,B,5
4192,54404.16,203819,132.47,8.19,66.25,2.94,40,19,A,6
4193,4263.62,57197,189.45,6.84,62.37,2.72,67,16,B,6
4194,897.0,202307,222.22,6.56,75.88,3.72,48,2,A,9
4195,30996.07,202307,214.93,7.85,87.7,3.48,81,2,A,7
4196,18733.14,202505,213.03,6.97,86.61,2.63,22,6,A,8
4197,257.0,120653,132.87,9.33,55.85,2.94,50,18,B,10
4198,84.0,39910,126.88,7.61,35.21,2.84,31,44,C,12
4199,7971.44,151315,210.39,7.81,67.41,2.78,26,1,A,4
4200,13184.33,103681,136.89,8.55,30.13,3.23,22,35,B,1
4201,12085.0,184109,216.25,7.72,67.65,3.35,22,39,A,10
4202,1758.72,57197,190.91,6.99,45.85,2.76,33,16,B,10
4203,2459.39,128107,208.59,7.27,78.1,3.81,26,25,B,7
4204,11724.66,125833,220.66,6.05,72.62,3.28,11,9,B,10
4205,4229.65,114533,132.58,5.33,70.2,2.78,97,23,B,7
4206,459.75,103681,136.37,8.86,76.25,2.82,59,35,B,7
4207,14.97,119557,136.69,8.57,50.24,2.92,48,22,B,10
4208,1752.56,158114,126.61,10.21,40.93,2.78,83,34,A,11
4209,193.56,39910,212.86,8.4,59.15,3.46,72,37,C,3
4210,87951.12,125833,218.69,6.38,71.4,3.62,38,9,B,4
4211,841.0,203742,204.25,8.19,25.92,2.78,48,20,A,2
4212,13068.86,205863,130.74,4.61,53.63,3.67,42,4,A,3
4213,14580.32,93188,126.08,6.7,67.04,2.85,10,17,B,8
4214,24477.64,152513,136.27,7.77,60.98,3.81,13,26,A,9
4215,6256.62,152513,138.23,7.4,64.94,3.54,21,26,A,7
4216,8079.57,219622,128.0,7.47,40.85,3.06,42,13,A,2
4217,1372.07,39690,129.08,8.49,72.62,3.99,21,42,C,5
4218,959.0,203007,191.92,8.82,42.09,3.05,36,32,A,2
4219,2463.18,37392,225.25,6.66,81.65,3.45,12,3,B,6
4220,4671.31,123737,131.64,8.35,27.54,2.91,30,15,B,2
4221,15154.29,200898,185.67,8.52,69.32,3.84,32,14,A,6
4222,19537.26,200898,189.52,8.42,37.93,3.57,1,14,A,1
4223,5055.21,57197,198.1,6.06,60.09,3.6,34,16,B,9
4224,70240.93,39910,212.86,8.4,59.15,3.46,38,37,C,3
4225,21034.28,219622,129.24,6.88,76.68,3.58,24,13,A,8
4226,140.8,120653,136.86,8.08,24.2,3.54,60,18,B,1
4227,422.2,39910,130.38,5.77,33.73,3.12,60,44,C,2
4228,9019.26,184109,210.14,8.55,61.88,2.67,98,39,A,3
4229,35090.31,205863,129.61,5.64,72.15,3.37,7,4,A,9
4230,4730.94,202307,213.19,8.03,60.8,3.06,37,2,A,2
4231,3387.39,70713,197.62,8.09,55.06,3.76,67,7,B,6
4232,10378.9,39910,129.24,6.56,76.68,3.58,93,44,C,8
4233,22365.95,125833,223.07,6.05,44.43,3.11,11,9,B,12
4234,49791.59,103681,135.83,9.05,54.95,2.9,40,35,B,4
4235,20228.33,155083,136.46,4.42,40.75,3.57,87,40,A,11
4236,43545.8,203742,208.11,7.29,47.09,3.72,87,20,A,4
4237,17514.45,41062,207.85,10.64,77.17,3.53,13,43,C,9
4238,17956.71,39910,220.2,6.99,72.54,3.92,80,36,A,4
4239,98.41,39690,126.15,9.2,91.8,2.97,42,42,C,7
4240,1276.6,203819,137.87,8.98,48.65,4.19,85,24,A,4
4241,32.36,39690,126.11,9.85,87.69,2.94,59,33,A,6
4242,1596.96,207499,220.43,7.2,76.97,3.28,56,11,A,10
4243,10863.52,203007,194.88,8.62,65.04,3.54,3,32,A,9
4244,13347.18,219622,126.61,8.32,41.48,2.82,67,13,A,3
4245,155897.11,203742,204.69,7.48,24.27,3.11,7,20,A,12
4246,551.76,158114,130.68,9.28,74.02,3.22,27,34,A,7
4247,3790.52,37392,225.56,6.33,87.36,3.57,22,3,B,8
4248,1456.66,158114,127.09,10.21,34.11,2.96,59,34,A,12
4249,104966.36,206302,126.98,14.31,52.02,3.24,92,28,A,12
4250,4003.62,123737,134.77,7.66,65.87,4.13,32,15,B,5
4251,9211.11,103681,138.25,8.51,50.02,3.89,18,35,B,4
4252,3998.23,202505,223.35,5.96,80.39,3.5,71,6,A,6
4253,20016.63,203819,138.13,8.98,68.28,3.79,79,24,A,6
4254,353.78,123737,138.17,8.19,73.13,3.82,93,15,B,8
4255,77038.43,202307,210.88,8.1,82.74,2.67,94,2,A,7
4256,50897.75,158114,129.04,10.58,54.4,3.87,38,34,A,5
4257,34353.21,203742,208.59,7.27,78.89,3.81,46,20,A,7
4258,2694.01,119557,140.44,7.71,49.31,3.6,85,22,B,10
4259,2124.47,70713,189.77,9.02,64.64,2.69,85,7,B,7
4260,18126.41,206302,130.89,10.93,89.78,4.09,33,28,A,8
4261,12809.9,196321,194.25,6.9,70.55,3.5,87,41,A,8
4262,26255.7,203007,195.98,8.51,26.23,3.27,55,32,A,12
4263,455.46,41062,211.92,9.65,49.38,3.51,10,43,C,2
4264,22855.52,123737,135.78,7.81,73.34,3.92,7,15,B,7
4265,4151.54,57197,194.38,6.34,67.51,3.48,81,16,B,8
4266,441.0,203819,138.11,8.15,58.81,4.03,60,19,A,5
4267,16875.65,39910,210.05,8.55,45.66,2.51,4,37,C,2
4268,34928.88,158114,129.84,10.15,45.99,3.22,91,34,A,11
4269,94561.74,202307,211.33,8.16,69.24,2.6,38,2,A,10
4270,5003.62,39690,129.07,13.74,88.95,3.9,46,38,C,6
4271,9756.48,152513,132.55,8.44,71.08,2.81,14,26,A,7
4272,9341.62,39690,130.55,7.6,59.41,3.95,96,33,A,2
4273,14071.51,140167,221.2,6.89,66.97,3.88,82,21,B,4
4274,4219.07,39910,126.61,8.12,42.49,2.78,79,44,C,3
4275,13482.41,203750,221.56,6.56,82.51,3.26,74,31,A,7
4276,8468.75,207499,224.35,6.83,62.61,3.63,33,11,A,3
4277,12725.51,202307,210.05,8.2,66.98,2.78,98,2,A,4
4278,11987.16,206302,130.24,12.19,48.07,3.66,9,28,A,1
4279,39667.11,207499,214.12,7.34,66.16,2.72,91,11,A,4
4280,7848.55,219622,126.79,7.8,36.78,2.82,49,13,A,12
4281,335.12,93638,132.44,10.16,65.01,2.83,59,29,B,6
4282,65.76,42988,211.15,8.1,79.3,2.56,42,30,C,9
4283,2807.3,70713,191.03,9.14,25.56,2.76,67,7,B,11
4284,4083.88,203819,134.59,8.21,58.49,4.21,35,24,A,5
4285,1069.31,200898,186.07,8.52,60.38,4.07,28,14,A,5
4286,6086.73,184109,220.35,6.99,77.15,3.75,32,39,A,5
4287,4490.78,118221,186.67,8.62,71.48,3.74,20,45,B,9
4288,2601.0,200898,182.08,8.99,48.79,2.84,31,14,A,3
4289,1436.26,152513,133.11,7.91,5.54,3.24,30,26,A,1
4290,5469.93,39690,130.72,10.93,89.13,3.76,98,38,C,7
4291,1605.44,93638,138.14,9.42,76.74,3.77,93,29,B,8
4292,39515.41,204184,142.5,8.24,76.0,4.08,38,27,A,9
4293,26942.98,207499,217.97,7.55,73.74,3.47,93,11,A,3
4294,810.52,39690,130.24,7.54,51.0,3.48,16,42,C,1
4295,35129.04,128107,210.55,7.08,50.22,3.57,2,25,B,10
4296,68.25,93188,126.73,6.88,22.47,2.81,41,17,B,12
4297,7399.59,126512,131.1,7.38,85.19,4.31,41,10,B,5
4298,4438.23,57197,197.93,6.06,68.43,3.58,81,16,B,7
4299,20997.72,119557,136.37,8.43,72.88,2.82,5,22,B,7
4300,19922.26,123737,132.55,8.1,77.33,2.94,13,15,B,7
4301,9350.04,39910,218.41,7.24,57.18,3.16,1,37,C,1
4302,11057.2,57197,194.95,6.23,48.91,3.5,87,16,B,10
4303,8440.25,57197,198.1,6.06,61.44,3.56,17,16,B,8
4304,4626.29,37392,225.25,6.66,72.38,3.63,67,3,B,5
4305,1705.0,203750,211.01,8.32,48.61,2.62,31,31,A,3
4306,10260.72,103681,136.73,8.55,34.42,3.19,1,35,B,1
4307,2859.99,126512,126.11,9.2,84.04,2.96,27,10,B,9
4308,35999.85,204184,140.27,7.85,69.65,3.94,79,27,A,9
4309,1697.76,41062,210.91,10.15,42.63,3.11,67,43,C,12
4310,3198.37,140167,214.93,7.93,83.82,3.7,52,21,B,6
4311,241.36,42988,221.15,6.89,69.03,3.89,10,30,C,4
4312,20868.67,93188,126.1,6.7,57.86,2.87,46,17,B,9
4313,613.83,203750,210.48,8.2,64.12,2.72,59,31,A,4
4314,25058.17,184109,214.23,8.18,86.24,3.68,74,39,A,7
4315,934.56,152513,138.57,7.4,57.69,3.99,31,26,A,9
4316,18505.76,93188,131.19,5.53,39.94,3.76,82,17,B,10
4317,931.82,152513,132.6,8.44,63.79,2.79,41,26,A,7
4318,36551.35,155083,132.76,5.29,62.01,2.72,38,40,A,10
4319,3745.11,114533,138.23,4.16,70.86,3.54,31,23,B,7
4320,484.0,152513,136.37,7.77,50.72,3.76,48,26,A,9
4321,6346.07,119557,136.64,8.57,55.23,2.88,44,22,B,10
4322,7217.54,151315,212.2,7.74,43.83,3.01,21,1,A,1
4323,4159.25,37392,213.67,7.34,70.24,2.78,1,3,B,4
4324,435.14,39690,130.72,7.15,93.95,3.77,74,33,A,7
4325,15746.97,118221,182.26,8.74,82.45,2.79,91,45,B,7
4326,7730.0,155078,225.51,5.4,85.06,3.42,33,8,A,8
4327,5033.0,120653,131.98,9.27,50.26,2.88,58,18,B,4
4328,1069.1,184109,222.11,6.23,72.9,3.51,85,39,A,10
4329,1365.97,219622,126.47,8.11,55.66,2.94,59,13,A,4
4330,30246.95,196321,197.78,6.55,46.84,3.9,13,41,A,4
4331,2886.0,202307,211.57,8.16,66.24,2.72,48,2,A,10
4332,4381.44,39910,126.14,7.8,78.82,2.81,8,44,C,7
4333,213.48,93638,131.59,10.06,28.14,2.77,94,29,B,2
4334,53780.81,118221,182.08,8.99,34.89,2.75,92,45,B,2
4335,10842.01,152513,136.47,7.6,37.78,3.57,11,26,A,11
4336,7.24,57197,194.74,6.34,53.68,3.6,59,16,B,9
4337,3058.12,123737,134.68,7.66,57.19,4.2,71,15,B,5
4338,1943.18,57197,197.78,6.17,45.83,3.9,26,16,B,4
4339,501.69,39690,129.17,8.26,86.75,3.69,7,42,C,7
4340,10.34,114533,132.61,5.33,70.03,2.79,94,23,B,8
4341,52526.31,39910,126.23,7.61,68.74,2.85,38,44,C,10
4342,1144.9,57197,189.62,6.84,44.9,2.78,19,16,B,4
4343,378.4,39690,126.16,9.52,76.67,3.06,60,42,C,5
4344,783.2,203819,131.53,8.35,20.96,2.95,60,19,A,2
4345,7285.53,196321,198.1,6.43,69.07,3.56,67,41,A,8
4346,29145.39,205863,129.43,5.64,72.76,3.53,82,4,A,9
4347,25113.32,207499,226.72,6.03,73.37,3.62,82,11,A,10
4348,17341.51,37392,224.79,6.83,66.53,3.79,2,3,B,3
4349,2548.3,93188,129.86,6.62,17.56,3.34,31,17,B,12
4350,3844.18,57197,189.66,6.84,45.69,2.76,90,16,B,4
4351,48143.09,140167,214.84,7.85,87.57,3.52,38,21,B,7
4352,550.69,118221,185.8,8.52,66.18,3.96,83,45,B,4
4353,32525.74,128107,215.93,7.29,57.58,3.98,8,25,B,10
4354,225.0,203750,220.07,7.06,45.03,3.51,60,31,A,2
4355,11180.47,120653,138.26,8.54,75.09,3.56,29,18,B,7
4356,5847.58,93638,132.72,10.41,75.85,2.74,81,29,B,9
4357,13207.82,42988,222.42,6.56,71.54,3.72,97,30,C,9
4358,1133.59,203819,136.86,8.66,25.73,3.7,52,24,A,1
4359,29995.64,202307,215.26,7.85,91.58,3.64,81,2,A,8
4360,121483.11,151315,215.42,7.96,85.77,3.65,95,1,A,7
4361,20827.28,152513,135.87,7.77,69.52,3.88,81,26,A,7
4362,45015.8,203819,136.42,8.36,68.0,3.86,72,24,A,9
4363,54873.79,196321,192.52,6.93,42.86,3.64,40,41,A,4
4364,3764.7,103681,138.77,8.51,74.17,3.92,21,35,B,6
4365,413.71,112238,129.83,12.89,54.2,3.81,56,12,B,11
4366,9136.11,205863,126.11,7.37,73.54,2.57,83,4,A,9
4367,5854.6,123737,138.16,8.15,74.28,3.72,22,15,B,6
4368,15791.25,205863,130.98,4.08,68.2,3.71,3,4,A,9
4369,5811.91,219622,130.24,6.1,25.61,3.06,83,13,A,1
4370,1063.28,93188,129.61,6.74,61.4,3.62,28,17,B,9
4371,5310.32,151315,220.43,7.35,45.32,3.51,44,1,A,2
4372,1304.67,202307,222.42,6.56,71.09,3.72,27,2,A,9
4373,573.0,34875,212.38,6.63,45.41,3.02,71,5,B,1
4374,3292.91,184109,213.34,8.4,71.17,3.47,44,39,A,3
4375,22954.74,103681,142.41,8.84,75.0,3.87,22,35,B,8
4376,10476.52,206302,126.44,14.31,61.09,3.02,55,28,A,10
4377,636.4,125833,215.41,6.56,69.99,2.72,27,9,B,10
4378,7643.31,39910,220.64,6.62,84.41,3.49,79,37,C,8
4379,468.71,120653,138.38,8.54,70.09,3.88,41,18,B,8
4380,64786.83,205863,128.51,6.51,51.86,3.5,8,4,A,3
4381,25629.14,203750,221.4,6.89,81.51,3.39,8,31,A,6
4382,20400.06,123737,136.47,7.87,51.24,3.78,13,15,B,10
4383,30746.33,39910,218.05,7.72,55.41,3.1,95,36,A,12
4384,73862.9,203750,214.93,7.93,83.82,3.7,38,31,A,6
4385,14890.22,39690,128.96,8.49,75.93,3.92,96,42,C,4
4386,72805.71,120653,138.23,8.54,76.08,3.54,95,18,B,7
4387,29752.67,151315,213.54,7.74,62.9,3.06,96,1,A,2
4388,140346.7,202307,211.26,8.1,81.79,2.62,92,2,A,9
4389,5248.34,140167,211.47,8.16,68.61,2.72,67,21,B,10
4390,23476.64,118221,182.38,8.9,79.32,2.81,4,45,B,6
4391,87517.19,184109,221.85,6.23,72.05,3.62,90,39,A,10
4392,15868.68,41062,207.25,10.64,88.58,3.65,13,43,C,7
4393,6190.12,112238,131.04,11.63,64.05,4.12,12,12,B,4
4394,18288.35,184109,214.69,8.3,77.39,3.9,82,39,A,5
4395,50719.11,118221,182.62,8.74,66.55,2.71,95,45,B,9
4396,1325.97,37392,225.47,6.33,85.85,3.49,21,3,B,8
4397,15377.27,184109,213.34,8.4,71.17,3.47,34,39,A,3
4398,231.48,140167,221.36,6.89,74.14,3.69,59,21,B,5
4399,13211.75,70713,199.22,7.56,42.53,3.69,90,7,B,10
4400,12766.87,120653,135.27,8.98,67.41,3.85,90,18,B,6
4401,44.04,39910,213.93,8.18,85.33,3.52,23,37,C,7
4402,61.48,70713,192.52,8.6,31.84,3.64,59,7,B,4
4403,1416.0,219622,127.09,7.8,26.79,2.87,36,13,A,12
4404,9309.55,114533,138.14,4.16,71.12,3.77,21,23,B,8
4405,2286.4,119557,136.22,8.35,69.49,2.86,31,22,B,6
4406,7113.4,128107,204.82,7.53,65.06,2.71,81,25,B,9
4407,14042.14,120653,132.66,9.34,71.76,2.8,82,18,B,8
4408,10660.99,207499,219.37,7.57,80.93,3.9,98,11,A,5
4409,20133.11,114533,134.28,4.78,45.51,3.82,11,23,B,4
4410,18688.72,112238,126.55,14.31,57.79,3.13,26,12,B,11
4411,117.56,37392,217.17,7.55,65.11,3.29,97,3,B,3
4412,38162.0,152513,132.77,8.44,50.08,2.72,40,26,A,9
4413,33211.76,203819,131.98,8.21,51.08,3.01,93,24,A,4
4414,16360.05,203007,189.72,9.01,36.59,2.72,81,32,A,3
4415,610.44,34875,216.2,6.49,74.75,3.81,97,5,B,4
4416,36678.37,158114,129.78,10.15,58.93,3.36,65,34,A,10
4417,482.37,158114,126.61,9.52,45.86,2.74,59,34,A,3
4418,177.32,39690,129.0,8.49,73.38,4.15,9,42,C,4
4419,4.61,114533,138.14,4.16,71.12,3.77,18,23,B,8
4420,18272.82,203750,210.98,8.32,45.31,2.56,34,31,A,2
4421,143565.94,204184,140.65,8.01,35.8,3.58,92,27,A,1
4422,2527.0,37392,214.79,7.34,83.52,2.64,67,3,B,6
4423,9352.41,203742,214.48,7.14,62.74,3.95,44,20,A,5
4424,7.24,39690,130.83,7.4,92.44,4.14,12,33,A,6
4425,89971.83,219622,126.53,8.32,35.7,2.65,94,13,A,2
4426,5653.53,202505,221.68,6.13,53.95,3.29,12,6,A,1
4427,2622.61,158114,126.13,9.82,79.58,2.61,71,34,A,7
4428,85358.79,126512,129.04,8.49,84.57,3.98,8,10,B,6
4429,1243.95,125833,218.64,6.38,85.81,3.65,71,9,B,6
4430,8889.65,152513,131.82,8.49,35.34,2.83,17,26,A,3
4431,39937.51,158114,131.03,9.58,72.42,3.55,94,34,A,5
4432,10240.39,128107,213.12,6.96,32.47,3.64,14,25,B,2
4433,1174.44,57197,196.78,6.16,29.3,3.06,41,16,B,1
4434,123.2,114533,136.49,4.42,42.57,3.6,60,23,B,10
4435,5302.17,203007,189.73,9.01,42.43,2.69,49,32,A,3
4436,4880.29,158114,129.33,10.64,78.24,3.53,32,34,A,9
4437,4608.23,203742,212.57,6.96,33.42,3.42,12,20,A,1
4438,3898.44,203007,191.03,9.14,36.24,2.76,29,32,A,11
4439,1240.02,196321,194.51,6.9,70.37,3.51,31,41,A,9
4440,2249.0,203819,132.98,8.07,40.3,3.06,35,19,A,11
4441,25.92,118221,185.8,8.52,66.18,3.96,54,45,B,4
4442,12835.35,203742,208.78,7.27,73.52,3.81,67,20,A,8
4443,27172.81,140167,214.93,7.93,83.82,3.7,7,21,B,6
4444,0.75,203742,204.47,7.53,70.1,2.82,18,20,A,7
4445,1880.96,118221,183.94,8.55,40.7,3.24,93,45,B,2
4446,108255.91,203742,208.15,7.29,73.64,3.88,38,20,A,6
4447,11462.35,204184,139.54,7.85,76.87,3.89,32,27,A,7
4448,5595.03,93638,136.48,9.36,42.81,3.59,33,29,B,11
4449,18978.16,57197,195.98,6.23,22.5,3.27,1,16,B,12
4450,10421.34,151315,211.6,7.79,86.65,2.66,34,1,A,8
4451,16418.32,93188,126.15,6.7,65.66,2.79,10,17,B,7
4452,77.75,120653,136.86,8.08,24.2,3.54,56,18,B,1
4453,26977.31,119557,138.5,8.25,57.71,4.09,23,22,B,5
4454,1722.94,205863,129.17,5.64,84.36,3.66,27,4,A,7
4455,11973.41,196321,195.77,6.76,36.37,3.42,33,41,A,11
4456,2767.25,203007,193.51,8.62,76.0,3.54,85,32,A,7
4457,2112.62,118221,181.87,8.9,47.74,2.85,52,45,B,4
4458,1147.54,70713,197.23,8.26,35.06,3.66,30,7,B,3
4459,243.0,93188,131.11,6.24,46.94,3.83,60,17,B,4
4460,11977.82,203742,214.73,7.28,78.27,3.52,32,20,A,7
4461,18997.93,196321,196.55,6.59,37.21,3.1,81,41,A,1
4462,6215.13,196321,196.17,6.76,25.59,3.17,20,41,A,12
4463,32363.4,103681,136.64,8.76,58.38,2.87,13,35,B,10
4464,10549.56,39910,210.26,8.36,85.49,2.57,98,36,A,8
4465,26030.66,202307,221.68,6.56,84.79,3.57,7,2,A,8
4466,7214.86,123737,132.88,7.77,30.53,3.35,49,15,B,1
4467,58412.27,200898,190.46,8.42,50.56,3.86,94,14,A,3
4468,91871.89,93188,131.03,6.24,55.69,3.8,38,17,B,5
4469,4210.79,34875,224.04,5.42,71.7,3.51,46,5,B,10
4470,6492.75,184109,210.26,8.36,84.92,2.63,25,39,A,8
4471,15450.51,202505,213.13,6.97,87.36,2.66,25,6,A,8
4472,19372.24,206302,126.61,13.98,60.06,3.08,81,28,A,3
4473,330.91,39910,126.49,7.61,49.96,2.83,7,44,C,11
4474,4357.34,34875,217.92,6.3,72.36,3.27,46,5,B,10
4475,8815.58,203750,215.2,7.85,94.22,3.68,87,31,A,8
4476,39588.0,118221,182.62,8.74,66.55,2.71,40,45,B,9
4477,16089.96,202307,221.39,6.89,78.38,3.5,25,2,A,6
4478,66432.03,57197,190.47,6.87,56.55,2.8,9,16,B,9
4479,14211.08,207499,218.21,7.57,69.1,3.52,56,11,A,4
4480,158.4,155083,136.46,4.42,40.75,3.57,60,40,A,11
4481,72268.9,152513,132.29,8.51,61.65,2.91,92,26,A,5
4482,24309.08,206302,129.08,13.74,66.59,4.17,7,28,A,5
4483,284.85,39910,218.23,7.72,48.26,3.13,3,36,A,12
4484,60661.01,184109,214.11,8.18,85.96,3.58,91,39,A,7
4485,11328.03,70713,192.83,8.6,36.61,3.77,4,7,B,5
4486,7206.71,123737,133.96,7.77,32.63,3.79,3,15,B,3
4487,57239.85,184109,210.24,8.4,41.74,2.98,2,39,A,1
4488,4570.99,219622,129.83,6.39,40.65,3.49,85,13,A,11
4489,192.13,39910,129.08,6.91,52.12,3.8,10,44,C,5
4490,3312.76,203742,214.48,7.14,62.74,3.95,85,20,A,5
4491,5950.94,203819,132.69,8.12,67.0,2.88,30,24,A,8
4492,48758.31,203819,132.5,8.21,74.9,2.96,72,24,A,6
4493,46530.9,204184,139.18,7.72,72.02,3.96,23,27,A,6
4494,27442.0,206302,130.84,10.93,85.32,4.05,96,28,A,8
4495,5548.44,203007,190.1,9.02,72.95,2.69,21,32,A,8
4496,33444.84,114533,136.24,4.58,65.33,3.78,11,23,B,9
4497,1271.62,155083,138.91,4.14,47.35,4.03,27,40,A,10
4498,8650.57,93638,132.29,10.16,65.64,2.91,5,29,B,5
4499,2328.75,158114,126.11,9.82,72.26,2.65,37,34,A,7
4500,266.1,39690,126.61,14.31,58.18,3.16,74,38,C,11
4501,502.8,37392,218.64,7.57,85.38,3.48,97,3,B,7
4502,15381.14,155083,131.64,5.89,27.84,2.75,80,40,A,2
4503,1905.96,206302,129.9,12.89,43.29,3.6,36,28,A,12
4504,17800.66,103681,136.69,8.76,46.67,3.04,26,35,B,11
4505,83.2,120653,135.45,8.89,69.75,3.82,80,18,B,7
4506,63807.48,200898,182.6,8.74,70.87,2.7,4,14,A,9
4507,140.8,155078,223.52,5.82,46.81,3.27,60,8,A,1
4508,610.08,42988,220.7,7.06,57.16,3.67,5,30,C,3
4509,934.91,112238,129.04,13.74,86.84,3.94,28,12,B,6
4510,4252.48,204184,142.22,8.24,82.08,3.65,44,27,A,7
4511,19400.47,206302,126.61,14.31,58.18,3.16,46,28,A,11
4512,6221.64,39690,126.47,9.52,66.42,3.05,98,42,C,4
4513,3942.42,203007,190.36,9.02,70.2,2.77,37,32,A,9
4514,15241.24,205863,127.3,6.51,31.6,2.99,22,4,A,1
4515,58.03,39690,128.91,8.49,61.05,4.09,85,42,C,4
4516,24525.54,203819,131.53,8.35,20.96,2.95,10,19,A,2
4517,435.0,203819,136.48,8.45,41.83,3.69,50,24,A,11
4518,23.0,39910,126.55,7.61,42.55,2.83,25,44,C,11
4519,73717.11,207499,226.92,6.03,69.94,3.6,95,11,A,10
4520,14000.62,203819,135.78,8.36,74.43,3.92,14,24,A,7
4521,12983.19,204184,136.01,8.06,53.82,3.11,98,27,A,5
4522,9045.39,206302,126.33,14.31,75.0,2.98,3,28,A,10
4523,57265.3,42988,219.63,7.06,52.21,3.27,92,30,C,1
4524,15201.97,140167,220.28,7.06,54.81,3.56,10,21,B,2
4525,61.75,203750,221.52,6.56,85.26,3.23,19,31,A,7
4526,21914.97,200898,186.22,8.62,82.33,3.81,5,14,A,7
4527,23387.31,112238,129.09,13.5,89.85,3.84,34,12,B,7
4528,828.8,184109,209.85,8.55,44.3,2.57,28,39,A,2
4529,9825.4,93188,126.61,6.88,36.31,2.84,91,17,B,11
4530,141.92,155083,132.68,5.29,21.64,3.13,54,40,A,12
4531,134396.52,219622,131.04,5.76,64.8,3.82,95,13,A,9
4532,34.11,57197,189.72,7.04,29.88,2.72,51,16,B,3
4533,1430.5,203750,222.62,6.56,80.38,3.67,35,31,A,9
4534,388.8,118221,183.7,8.55,30.3,3.24,98,45,B,2
4535,311.72,126512,130.84,7.17,82.5,4.05,54,10,B,8
4536,5373.68,119557,141.77,7.67,46.38,3.96,30,22,B,4
4537,692.2,70713,197.72,8.09,39.3,3.94,83,7,B,4
4538,12.88,202307,219.81,7.06,55.21,3.36,78,2,A,2
4539,16258.35,126512,130.65,7.54,57.62,3.88,90,10,B,3
4540,48926.81,202307,211.0,8.2,86.26,2.65,10,2,A,6
4541,20113.65,126512,129.06,8.49,78.62,3.93,22,10,B,5
4542,1179.6,37392,226.11,6.33,78.36,3.72,21,3,B,9
4543,91.5,41062,203.12,9.59,82.76,2.7,28,43,C,6
4544,31215.13,93188,126.61,6.55,35.59,2.82,79,17,B,3
4545,7425.14,112238,127.3,14.02,43.15,3.31,81,12,B,1
4546,7715.71,219622,131.14,5.96,54.41,3.83,33,13,A,5
4547,11986.19,152513,138.38,7.4,63.69,3.88,7,26,A,8
4548,5818.92,207499,218.84,7.57,89.46,3.68,42,11,A,7
4549,11430.15,203742,209.81,7.27,63.44,3.64,55,20,A,9
4550,484.0,206302,129.08,13.74,66.59,4.17,60,28,A,5
4551,5957.77,34875,217.61,6.3,71.64,3.28,96,5,B,10
4552,32007.96,207499,225.25,6.66,72.53,3.63,79,11,A,5
4553,11786.56,123737,132.52,8.1,66.13,2.96,1,15,B,7
4554,21670.49,200898,185.75,8.52,76.38,3.92,82,14,A,6
4555,25022.8,114533,131.74,5.89,33.15,2.77,10,23,B,3
4556,9103.66,203819,132.84,8.07,42.62,3.19,71,19,A,11
4557,37193.6,39910,220.35,6.99,77.17,3.84,95,36,A,5
4558,1037.18,39910,126.29,7.97,44.42,2.95,5,44,C,5
4559,70236.04,114533,135.96,4.58,69.55,3.9,2,23,B,7
4560,2178.42,203819,136.49,8.45,47.21,3.67,30,24,A,12
4561,11047.49,103681,140.43,8.74,50.55,3.45,90,35,B,12
4562,77540.88,203742,208.84,7.27,71.25,3.75,8,20,A,8
4563,1034.6,70713,192.84,8.6,37.51,3.8,29,7,B,5
4564,521.21,93188,130.45,6.4,30.76,3.12,59,17,B,2
4565,10349.62,140167,211.01,8.32,48.61,2.62,3,21,B,3
4566,11933.34,128107,204.49,8.19,29.45,2.78,7,25,B,3
4567,27360.55,140167,219.0,7.44,46.54,3.11,25,21,B,12
4568,268.71,37392,214.89,7.35,86.15,2.62,91,3,B,8
4569,348.3,39690,126.09,9.2,86.13,3.12,74,42,C,8
4570,775.65,203819,131.74,8.33,36.73,2.92,28,24,A,3
4571,4231.9,123737,135.96,7.81,74.67,4.0,6,15,B,7
4572,4066.62,155078,224.61,5.82,49.59,3.67,56,8,A,3
4573,1002.92,37392,214.75,7.55,44.76,2.98,31,3,B,1
4574,7489.38,120653,133.96,9.13,36.65,3.62,30,18,B,3
4575,3288.99,219622,129.11,6.88,77.3,3.56,37,13,A,7
4576,1328.8,196321,196.17,6.76,25.59,3.17,60,41,A,12
4577,5380.08,158114,127.58,10.4,34.68,3.02,17,34,A,1
4578,20654.46,103681,136.08,9.05,63.31,2.96,17,35,B,5
4579,105.58,39910,210.05,8.55,45.66,2.51,85,37,C,2
4580,3100.29,203750,215.01,7.85,91.05,3.58,6,31,A,7
4581,1803.57,184109,214.79,8.18,83.11,3.53,52,39,A,9
4582,4150.01,204184,139.89,7.85,79.41,4.0,31,27,A,7
4583,4185.4,155078,220.8,6.12,61.74,3.27,21,8,A,10
4584,182.15,39910,126.14,7.8,78.82,2.81,59,44,C,7
4585,31959.41,203750,213.76,8.03,54.69,3.46,97,31,A,3
4586,5644.2,128107,203.65,7.86,50.97,2.92,87,25,B,4
4587,13062.73,155083,131.59,5.89,20.84,2.77,11,40,A,2
4588,217.58,39910,131.14,5.62,54.41,3.83,87,44,C,5
4589,262.39,37392,214.83,7.35,85.13,2.63,91,3,B,8
4590,41.58,34875,219.94,6.3,50.33,3.11,49,5,B,12
4591,76690.69,204184,138.25,7.72,50.02,4.06,94,27,A,4
4592,10685.61,37392,218.96,7.57,88.88,3.64,23,3,B,8
4593,11914.8,126512,129.79,7.87,72.79,3.84,20,10,B,10
4594,2247.65,93638,137.87,9.14,49.89,4.02,35,29,B,4
4595,5824.27,202307,211.12,8.16,45.5,2.84,16,2,A,12
4596,25932.13,93188,130.16,6.4,27.64,3.08,11,17,B,1
4597,18016.04,41062,207.26,10.58,74.49,3.81,4,43,C,4
4598,2744.31,219622,131.12,5.96,50.24,3.84,18,13,A,4
4599,750.54,39690,128.91,8.49,61.05,4.09,3,42,C,4
4600,78.88,70713,193.51,8.62,56.22,3.54,54,7,B,7
4601,2057.0,118221,182.78,8.72,46.15,3.04,35,45,B,11
4602,40435.38,203819,131.9,8.21,45.22,2.96,2,24,A,4
4603,9364.82,196321,189.72,7.54,32.3,2.72,3,41,A,3
4604,7.48,34875,216.11,6.53,91.07,3.68,59,5,B,8
4605,2579.84,196321,196.78,6.59,31.56,3.06,30,41,A,1
4606,128.72,39690,129.43,8.44,85.79,3.78,26,33,A,9
4607,7407.8,203007,197.66,8.09,61.76,3.93,42,32,A,4
4608,13514.98,140167,219.18,7.44,45.16,3.13,10,21,B,12
4609,658.45,140167,210.15,8.2,67.87,2.81,93,21,B,4
4610,13.16,103681,136.79,8.76,45.91,2.92,51,35,B,11
4611,7208.29,93188,129.84,6.62,32.81,3.44,52,17,B,11
4612,14615.79,39690,128.91,8.49,61.05,4.09,4,42,C,4
4613,7367.3,205863,129.82,5.14,47.12,3.29,12,4,A,11
4614,7235.8,152513,131.69,8.49,27.32,2.75,98,26,A,2
4615,87747.22,203819,134.36,8.21,46.0,4.06,95,24,A,4
4616,41025.34,114533,136.53,4.42,32.99,3.44,17,23,B,12
4617,48387.66,196321,197.78,6.55,46.84,3.9,2,41,A,4
4618,1301.16,57197,197.61,6.17,51.34,3.9,24,16,B,5
4619,2717.16,93638,132.58,10.41,76.91,2.78,26,29,B,7
4620,14336.36,125833,214.43,6.38,77.12,2.76,74,9,B,5
4621,11998.17,114533,134.44,4.78,54.2,3.99,96,23,B,4
4622,29663.42,204184,140.42,7.91,47.88,3.69,1,27,A,11
4623,765.6,151315,215.67,7.96,89.94,3.55,60,1,A,8
4624,8636.33,39690,126.61,9.0,58.83,3.05,1,42,C,11
4625,934.51,39690,130.7,7.17,84.45,3.59,67,42,C,7
4626,8816.35,37392,218.55,7.57,85.1,3.52,7,3,B,7
4627,56817.41,203742,208.33,7.27,69.66,3.75,13,20,A,7
4628,3840.67,125833,223.07,6.05,44.43,3.11,16,9,B,12
4629,19090.68,206302,126.98,14.31,52.02,3.24,97,28,A,12
4630,4368.81,70713,189.62,8.96,43.07,2.78,81,7,B,4
4631,473.24,152513,138.74,7.4,50.66,4.02,28,26,A,9
4632,2578.0,123737,136.5,7.87,38.53,3.63,16,15,B,12
4633,37076.53,203742,204.4,7.86,72.52,2.85,46,20,A,6
4634,9703.63,128107,214.69,7.28,75.52,3.48,81,25,B,7
4635,3125.89,125833,214.0,6.38,66.09,2.81,42,9,B,4
4636,96937.39,205863,129.43,5.64,72.76,3.53,2,4,A,9
4637,16214.0,202307,220.28,7.06,54.63,3.56,58,2,A,2
4638,92.0,39910,221.26,6.62,78.16,3.72,32,37,C,9
4639,1540.0,200898,186.37,8.62,78.22,3.84,36,14,A,8
4640,60136.79,41062,202.43,9.59,66.91,2.78,90,43,C,4
4641,9251.03,39910,129.61,6.56,68.28,3.62,2,44,C,9
4642,15359.13,93638,134.18,9.97,44.42,3.72,23,29,B,4
4643,1228.64,37392,214.93,7.35,88.02,2.66,44,3,B,8
4644,56.01,42988,218.82,7.44,50.56,3.16,42,30,C,12
4645,36759.02,202307,210.77,8.1,82.59,2.64,79,2,A,7
4646,13690.4,114533,135.08,4.78,61.06,3.87,20,23,B,6
4647,26818.89,155078,219.13,6.42,84.69,3.52,13,8,A,8
4648,60459.16,205863,130.38,4.61,33.0,3.41,4,4,A,2
4649,7695.0,114533,136.18,4.58,67.09,3.82,50,23,B,8
4650,14853.6,207499,214.62,7.37,48.3,2.51,11,11,A,2
4651,3306.96,203819,132.87,8.07,56.11,3.06,27,19,A,10
4652,15374.45,203819,136.31,7.81,62.76,3.94,11,19,A,9
4653,11821.34,114533,136.86,4.26,15.33,3.54,71,23,B,1
4654,25799.25,200898,185.94,8.52,58.21,4.05,56,14,A,5
4655,50220.19,42988,210.89,8.1,87.17,2.61,92,30,C,7
4656,1029.21,114533,138.09,4.12,52.9,3.95,28,23,B,5
4657,20059.85,152513,132.68,8.15,16.6,3.13,80,26,A,12
4658,79.5,39910,220.45,6.99,82.15,3.39,31,37,C,6
4659,637.97,125833,221.88,6.05,58.8,3.31,91,9,B,11
4660,2737.38,152513,132.55,8.44,71.08,2.81,26,26,A,7
4661,45891.91,128107,204.2,8.19,45.84,2.85,38,25,B,3
4662,1115.45,39690,130.72,7.17,86.87,3.67,21,42,C,7
4663,4011.96,57197,198.08,6.06,70.24,3.51,55,16,B,8
4664,16796.25,93638,136.52,9.36,62.63,3.58,13,29,B,10
4665,18813.85,119557,136.63,8.43,65.14,2.72,46,22,B,9
4666,7282.01,118221,182.81,8.72,58.61,2.87,18,45,B,10
4667,8163.5,196321,192.52,6.93,42.86,3.64,22,41,A,4
4668,13881.71,114533,136.52,4.42,56.79,3.58,42,23,B,10
4669,10126.11,206302,129.52,13.5,82.95,3.79,26,28,A,9
4670,41096.56,203819,136.75,7.94,37.08,3.67,2,19,A,1
4671,51275.1,203750,215.28,7.93,70.19,3.81,93,31,A,4
4672,14464.31,204184,136.46,7.98,79.78,2.93,20,27,A,7
4673,68500.11,202505,212.86,7.09,84.2,2.65,72,6,A,6
4674,13.78,126512,126.15,9.2,91.8,2.97,98,10,B,7
4675,27337.35,93638,136.64,9.36,36.28,3.4,40,29,B,12
4676,4701.02,205863,130.89,4.31,78.11,3.43,35,4,A,6
4677,19907.75,123737,137.26,7.94,30.26,3.87,92,15,B,2
4678,9068.74,205863,129.04,5.95,63.41,3.87,21,4,A,5
4679,859.14,39690,129.52,8.44,88.93,3.79,67,33,A,9
4680,11528.69,202307,210.76,8.1,85.32,2.62,17,2,A,7
4681,7458.86,196321,196.94,6.59,22.52,3.11,49,41,A,2
4682,13404.05,184109,214.24,8.3,82.1,3.79,22,39,A,5
4683,2207.99,57197,191.86,6.61,15.02,3.04,20,16,B,2
4684,843.43,112238,129.06,13.74,76.67,4.09,98,12,B,5
4685,21566.48,123737,131.64,8.35,27.54,2.91,8,15,B,2
4686,11487.57,203819,138.73,8.69,55.16,4.07,55,24,A,10
4687,21128.81,158114,126.55,10.21,47.2,2.74,55,34,A,11
4688,765.5,118221,182.03,8.99,31.27,2.74,36,45,B,2
4689,1365.26,39910,210.33,8.36,84.62,2.56,3,36,A,8
4690,60680.55,205863,126.14,7.9,70.83,2.7,91,4,A,6
4691,2250.0,202307,212.22,8.03,38.25,2.99,41,2,A,2
4692,20797.3,196321,198.03,6.43,73.16,3.53,1,41,A,8
4693,3506.93,125833,219.45,6.4,75.65,3.55,90,9,B,9
4694,3940.01,207499,219.13,7.57,76.97,3.91,37,11,A,5
4695,3050.12,128107,212.4,7.08,32.42,3.39,16,25,B,12
4696,12041.61,57197,196.36,6.23,23.91,3.12,17,16,B,12
4697,23387.01,126512,129.2,8.26,85.61,3.79,25,10,B,8
4698,17968.21,140167,216.7,7.44,71.64,3.28,4,21,B,10
4699,84721.24,151315,215.0,7.68,86.41,3.64,90,1,A,6
4700,21276.4,120653,135.63,8.89,73.12,3.78,14,18,B,7
4701,26720.61,39910,220.53,6.99,86.68,3.29,40,37,C,6
4702,7012.79,39690,130.55,7.54,56.02,3.95,46,42,C,2
4703,9545.4,155078,219.13,6.42,84.69,3.52,22,8,A,8
4704,36386.14,114533,132.52,5.33,64.76,2.82,10,23,B,7
4705,332.67,93188,129.17,6.74,68.59,3.57,59,17,B,7
4706,12903.0,155083,131.82,5.89,40.54,2.83,55,40,A,3
4707,3602.08,196321,193.71,6.9,71.3,3.55,30,41,A,7
4708,108.39,41062,210.09,10.15,55.7,3.24,9,43,C,11
4709,5164.5,118221,181.65,8.9,70.75,2.97,29,45,B,5
4710,33.9,39910,128.62,7.22,42.38,3.44,9,44,C,3
4711,2510.5,204184,140.53,7.91,41.59,3.59,50,27,A,12
4712,10835.47,123737,133.03,7.77,21.84,3.39,7,15,B,1
4713,25211.06,120653,131.82,9.2,45.42,2.83,46,18,B,3
4714,7163.52,57197,191.03,6.99,26.01,2.78,90,16,B,12
4715,15918.02,202505,212.74,7.26,56.55,2.72,80,6,A,3
4716,559.78,120653,135.08,8.98,63.23,3.87,83,18,B,6
4717,17242.52,207499,218.68,7.57,76.64,3.74,97,11,A,4
4718,17394.95,203750,210.28,8.2,65.74,2.77,14,31,A,4
4719,8000.55,112238,128.82,13.74,64.47,4.0,20,12,B,4
4720,38659.34,202307,210.88,8.1,82.74,2.67,79,2,A,7
4721,7728.06,202505,223.36,5.96,80.5,3.45,12,6,A,6
4722,1310.31,158114,126.09,9.82,73.8,2.64,56,34,A,8
4723,33747.83,206302,130.74,10.93,88.16,3.76,8,28,A,8
4724,5716.46,203750,211.57,8.16,67.51,2.72,83,31,A,10
4725,8413.59,114533,138.23,4.16,70.86,3.54,55,23,B,7
4726,9264.39,219622,126.6,8.11,38.97,2.88,20,13,A,4
4727,9968.02,202505,223.37,5.96,82.1,3.39,42,6,A,6
4728,20580.3,202307,215.26,7.85,91.58,3.64,1,2,A,8
4729,6214.29,204184,138.06,7.72,46.87,3.9,21,27,A,4
4730,7702.39,207499,214.65,7.37,52.79,2.56,21,11,A,2
4731,61.6,70713,192.62,8.6,26.79,3.66,60,7,B,4
4732,26401.23,152513,134.36,7.82,33.81,3.92,8,26,A,4
4733,2317.91,204184,139.99,7.85,78.14,4.02,52,27,A,8
4734,11379.69,155078,214.75,6.43,45.67,2.89,74,8,A,12
4735,42241.23,151315,221.96,6.91,85.05,3.49,13,1,A,8
4736,3914.2,34875,220.76,5.94,57.35,3.36,3,5,B,2
4737,65820.93,114533,132.76,5.29,34.3,3.06,92,23,B,12
4738,0.25,37392,223.47,6.83,56.2,3.27,94,3,B,1
4739,68085.51,203750,214.84,7.85,87.57,3.52,91,31,A,7
4740,38207.54,200898,185.67,8.52,53.04,3.89,5,14,A,4
4741,2032.24,123737,133.37,7.77,33.06,3.42,52,15,B,2
4742,12999.73,203819,134.44,7.66,54.23,4.12,98,19,A,4
4743,587.72,140167,220.92,7.06,62.96,3.79,28,21,B,3
4744,34624.9,39910,213.75,8.3,84.43,3.64,94,37,C,6
4745,4093.15,119557,136.32,8.35,67.13,2.8,85,22,B,6
4746,53202.31,184109,210.21,8.46,81.78,2.67,40,39,A,6
4747,1087.58,126512,130.7,7.17,84.45,3.59,93,10,B,7
4748,3824.68,203007,197.88,7.87,71.57,3.61,12,32,A,7
4749,9098.39,200898,187.26,8.62,70.66,3.64,71,14,A,9
4750,258.68,103681,136.53,8.76,31.62,3.14,54,35,B,12
4751,7507.69,184109,214.03,8.3,73.19,3.74,20,39,A,4
4752,24680.02,112238,129.04,13.74,68.4,4.19,92,12,B,5
4753,82.96,151315,215.0,7.68,86.41,3.64,54,1,A,6
4754,38010.57,39910,210.72,8.48,62.72,2.66,90,36,A,11
4755,16776.04,39690,130.98,7.17,78.47,3.97,81,42,C,9
4756,9776.67,128107,214.37,7.14,57.1,4.03,14,25,B,4
4757,2238.91,158114,126.88,10.21,42.64,2.88,37,34,A,12
4758,58580.21,203007,198.59,7.87,60.62,3.79,40,32,A,9
4759,24030.92,205863,129.2,5.64,82.98,3.62,11,4,A,8
4760,5302.21,126512,130.65,7.54,57.62,3.88,97,10,B,3
4761,17943.82,158114,131.1,9.58,64.97,3.62,9,34,A,5
4762,1259.4,114533,137.51,4.26,33.11,3.88,83,23,B,3
4763,9023.38,93188,131.15,6.24,49.96,3.81,97,17,B,5
4764,6718.72,202505,223.56,5.67,87.55,3.42,12,6,A,8
4765,610.24,39910,210.6,8.4,51.18,2.98,74,36,A,1
4766,5953.68,112238,129.05,13.74,71.81,4.03,12,12,B,6
4767,26179.96,203819,135.45,8.36,70.27,3.92,10,24,A,7
4768,4712.66,206302,128.51,14.02,64.21,3.69,29,28,A,3
4769,732.46,155083,138.73,4.14,49.65,3.92,56,40,A,10
4770,25906.87,125833,214.93,6.56,50.93,2.89,23,9,B,12
4771,18346.59,152513,132.55,8.44,71.08,2.81,1,26,A,7
4772,8411.77,155078,223.71,5.82,45.56,3.36,9,8,A,2
4773,30103.54,123737,131.94,8.19,57.77,2.99,40,15,B,4
4774,18533.1,202505,215.65,6.86,57.71,3.46,11,6,A,3
4775,11995.02,203742,204.67,7.86,67.32,2.81,22,20,A,6
4776,978.98,158114,126.38,10.21,58.11,2.74,56,34,A,10
4777,23058.73,39690,130.68,7.15,97.6,3.72,38,33,A,7
4778,796.35,203750,220.28,7.06,54.81,3.56,56,31,A,2
4779,50087.19,203819,132.76,8.07,51.32,3.0,2,19,A,10
4780,14.0,152513,131.69,8.49,27.32,2.75,51,26,A,2
4781,37334.89,140167,210.88,8.1,82.29,2.67,40,21,B,7
4782,22167.31,93188,126.79,6.88,31.64,2.82,3,17,B,12
4783,4330.4,196321,196.36,6.76,34.12,3.12,83,41,A,12
4784,4305.08,57197,197.59,6.17,57.36,3.8,55,16,B,5
4785,48333.11,205863,126.14,7.9,70.83,2.7,79,4,A,6
4786,926.81,152513,138.74,7.4,50.66,4.02,36,26,A,9
4787,7110.09,123737,138.11,8.15,67.97,3.98,5,15,B,5
4788,29480.05,204184,140.53,7.91,41.59,3.59,81,27,A,12
4789,14369.41,34875,221.95,5.94,67.76,3.84,8,5,B,3
4790,47346.71,118221,182.9,8.72,61.3,2.92,38,45,B,10
4791,2470.59,203742,207.43,7.34,44.8,3.63,31,20,A,3
4792,123589.98,203742,211.87,7.08,41.64,3.42,38,20,A,12
4793,713.05,155078,214.89,6.32,76.14,2.58,27,8,A,9
4794,37183.08,140167,214.94,7.93,71.01,3.74,23,21,B,4
4795,12192.96,125833,224.16,5.67,43.81,3.51,55,9,B,2
4796,7222.88,203819,132.76,8.1,63.36,2.84,85,19,A,9
4797,80484.83,126512,129.06,8.49,78.62,3.93,95,10,B,5
4798,14957.8,158114,129.06,10.58,65.99,3.77,1,34,A,5
4799,57458.09,202307,218.61,7.44,41.76,3.16,94,2,A,12
4800,21730.13,203819,136.75,8.66,36.5,3.67,81,24,A,1
4801,129791.3,219622,129.09,7.19,52.4,3.77,95,13,A,5
4802,11795.38,120653,132.77,9.34,60.94,2.72,82,18,B,9
4803,273.0,125833,214.93,6.56,45.92,2.94,28,9,B,12
4804,14308.45,57197,198.1,6.06,64.19,3.56,8,16,B,8
4805,1354.0,202505,217.21,6.92,89.26,3.55,36,6,A,8
4806,4058.02,207499,214.83,7.35,86.54,2.63,44,11,A,8
4807,591.88,39690,126.06,9.2,88.37,3.05,5,42,C,8
4808,34870.18,57197,189.38,7.04,19.79,2.58,40,16,B,2
4809,28863.28,203750,223.06,6.17,68.52,3.59,96,31,A,10
4810,6781.2,202505,223.55,5.67,85.78,3.41,71,6,A,7
4811,25076.81,103681,136.53,8.76,31.62,3.14,17,35,B,12
4812,660.0,118221,188.8,8.52,39.93,3.41,60,45,B,12
4813,17.82,37392,224.94,6.66,73.01,3.89,49,3,B,4
4814,26394.12,155083,138.2,4.16,67.88,3.7,4,40,A,7
4815,1111.52,37392,221.25,7.2,59.31,3.33,30,3,B,11
4816,169090.95,219622,131.11,5.96,51.7,3.83,92,13,A,4
4817,6561.34,203750,210.05,8.2,66.93,2.78,87,31,A,4
4818,56920.05,114533,132.06,5.44,45.47,2.94,9,23,B,4
4819,1432.73,34875,212.15,6.5,78.53,2.62,91,5,B,9
4820,202.4,34875,215.64,6.49,69.64,3.62,60,5,B,4
4821,10794.04,70713,189.73,9.01,29.04,2.69,55,7,B,3
4822,635.43,93188,131.11,6.24,46.94,3.83,80,17,B,4
4823,28045.49,39690,128.4,8.95,66.51,3.63,95,33,A,3
4824,5534.98,205863,129.77,5.14,63.75,3.28,6,4,A,10
4825,59563.32,42988,211.26,8.1,89.58,2.66,38,30,C,8
4826,50.0,206302,129.04,13.74,86.84,3.94,99,28,A,6
4827,51903.71,203007,191.92,8.82,42.09,3.05,2,32,A,2
4828,45640.28,184109,216.94,7.72,66.09,3.31,93,39,A,11
4829,44558.52,112238,126.15,14.18,97.18,3.09,13,12,B,7
4830,6121.99,158114,129.09,10.64,81.96,3.5,74,34,A,7
4831,6214.2,120653,136.75,8.08,35.25,3.52,42,18,B,1
4832,2413.7,112238,130.79,11.63,91.61,4.01,31,12,B,6
4833,1725.79,203819,138.11,8.98,71.79,3.92,41,24,A,6
4834,12147.17,205863,129.78,5.14,64.79,3.36,33,4,A,10
4835,31402.45,119557,138.06,8.25,44.42,3.72,4,22,B,4
4836,64.89,39910,222.11,6.23,74.39,3.51,28,37,C,10
4837,46256.01,184109,218.58,7.24,54.66,3.26,4,39,A,1
4838,7609.05,203007,196.87,8.26,35.89,3.03,34,32,A,2
4839,13.14,203750,210.05,8.2,66.93,2.78,51,31,A,4
4840,13136.1,151315,214.84,7.68,59.17,3.52,14,1,A,4
4841,37469.33,203819,132.95,7.77,21.68,3.37,93,19,A,1
4842,35644.03,112238,129.0,13.74,68.27,4.15,7,12,B,4
4843,23881.96,200898,187.88,8.52,51.78,3.57,97,14,A,10
4844,289.4,123737,134.77,7.66,65.87,4.13,98,15,B,5
4845,21761.07,155083,136.59,4.42,24.46,3.41,17,40,A,12
4846,63125.99,205863,129.09,5.64,84.54,3.5,93,4,A,7
4847,5799.43,128107,208.96,7.29,60.1,4.07,32,25,B,5
4848,2518.07,202505,216.82,6.92,88.36,3.48,19,6,A,7
4849,3540.0,119557,139.54,8.02,74.22,3.78,58,22,B,7
4850,16.32,120653,132.68,9.33,27.4,3.14,51,18,B,12
4851,3624.47,118221,183.18,8.55,24.05,3.24,42,45,B,1
4852,3296.99,118221,182.62,8.74,78.44,2.8,31,45,B,8
4853,197.81,37392,214.7,7.37,63.08,2.67,97,3,B,3
4854,32781.3,126512,130.97,7.54,67.92,4.29,11,10,B,3
4855,87.0,196321,189.62,7.36,45.29,2.78,54,41,A,4
4856,13552.24,128107,208.44,7.27,71.64,3.71,34,25,B,7
4857,4631.19,155083,134.86,4.78,66.16,3.97,42,40,A,6
4858,5998.95,203742,210.84,7.08,43.88,3.55,6,20,A,11
4859,17078.93,120653,132.76,9.34,64.82,2.72,5,18,B,9
4860,285.13,202505,223.04,5.96,71.6,3.89,59,6,A,4
4861,37321.62,152513,138.65,7.4,52.68,4.06,91,26,A,9
4862,791.35,39910,220.05,7.24,70.48,3.84,18,37,C,3
4863,51739.64,140167,221.81,6.56,77.72,3.62,2,21,B,8
4864,12070.09,203742,212.4,7.08,36.35,3.39,71,20,A,12
4865,11119.32,120653,131.98,9.27,50.26,2.88,55,18,B,4
4866,140.0,128107,204.57,7.86,72.17,2.81,54,25,B,6
4867,733.0,204184,135.47,8.24,32.44,2.91,36,27,A,2
4868,5939.95,207499,214.53,7.37,61.51,2.72,42,11,A,3
4869,8713.96,219622,129.11,6.88,77.3,3.56,26,13,A,7
4870,111287.62,126512,131.12,7.38,67.75,4.11,38,10,B,4
4871,36008.51,184109,220.45,6.99,81.33,3.39,16,39,A,6
4872,2081.5,184109,220.3,6.99,69.11,3.81,36,39,A,4
4873,12053.08,202505,211.84,7.09,73.68,2.84,21,6,A,5
4874,12759.78,205863,129.13,5.64,83.27,3.56,33,4,A,7
4875,595.25,112238,126.67,14.31,47.66,3.16,41,12,B,11
4876,2136.96,103681,141.21,8.74,37.24,3.7,35,35,B,2
4877,97906.29,126512,129.9,7.87,50.53,3.49,18,10,B,12
4878,121861.67,205863,126.79,7.13,42.4,2.86,7,4,A,12
4879,41.88,206302,126.38,14.31,68.85,3.01,45,28,A,10
4880,817.71,39910,209.4,8.46,68.54,2.74,74,36,A,4
4881,5352.72,155083,134.59,4.78,54.09,4.09,32,40,A,5
4882,29240.93,203742,214.75,7.28,75.4,3.72,1,20,A,8
4883,2292.28,155083,138.28,4.16,63.91,3.87,71,40,A,8
4884,4530.06,112238,127.3,14.02,43.15,3.31,20,12,B,1
4885,25849.25,206302,130.35,12.19,50.58,3.7,7,28,A,2
4886,1933.4,37392,223.19,6.83,52.42,3.16,26,3,B,1
4887,15.58,39690,129.09,13.5,89.85,3.84,52,38,C,7
4888,5415.35,219622,129.04,7.19,47.75,3.74,30,13,A,5
4889,24928.47,152513,138.11,7.49,52.55,3.9,2,26,A,5
4890,7290.93,37392,214.55,7.35,82.2,2.67,5,3,B,7
4891,8770.46,203819,138.47,8.19,72.2,4.08,55,19,A,9
4892,30245.69,206302,130.89,11.63,84.83,4.1,97,28,A,6
4893,7571.58,155083,137.17,4.26,23.92,3.66,17,40,A,2
4894,22435.62,120653,132.82,9.33,47.12,2.92,79,18,B,10
4895,9047.83,203742,204.67,7.86,67.32,2.81,42,20,A,6
4896,179.21,37392,225.25,6.66,72.38,3.63,28,3,B,5
4897,15773.73,203742,212.4,7.08,36.35,3.39,98,20,A,12
4898,8216.75,202307,211.06,8.16,47.3,2.94,29,2,A,12
4899,33817.53,203750,221.56,6.56,82.51,3.26,79,31,A,7
4900,20670.66,119557,142.94,7.54,54.18,4.03,7,22,B,10
4901,43181.09,155083,136.75,4.26,25.9,3.52,91,40,A,1
4902,1329.74,93638,136.49,9.36,49.31,3.6,36,29,B,10
4903,656.58,39910,129.78,6.08,54.66,3.58,67,44,C,10
4904,13232.01,184109,218.77,7.24,60.65,3.29,10,39,A,1
4905,767.56,34875,217.28,6.53,81.16,3.36,18,5,B,9
4906,9285.91,206302,126.28,14.31,71.82,3.01,17,28,A,10
4907,4275.76,207499,218.84,7.57,89.46,3.68,31,11,A,7
4908,3058.61,205863,127.09,7.13,38.09,2.96,37,4,A,12
4909,6699.78,39690,130.76,7.4,98.15,3.88,13,33,A,6
4910,48714.52,202505,214.46,6.86,39.38,3.02,91,6,A,2
4911,16903.22,126512,126.11,9.2,85.03,3.02,55,10,B,7
4912,7110.16,200898,183.18,8.55,24.05,3.24,55,14,A,1
4913,3951.0,207499,214.57,7.37,48.01,2.55,12,11,A,2
4914,18043.48,39690,128.4,8.74,64.22,3.63,8,42,C,3
4915,27239.15,152513,138.83,7.14,54.07,4.03,4,26,A,10
4916,2545.05,39690,126.15,9.5,95.88,3.1,8,33,A,7
4917,67757.19,126512,129.83,7.87,58.97,3.67,5,10,B,11
4918,2440.67,57197,195.72,6.23,31.73,3.48,24,16,B,11
4919,52145.11,203819,131.64,8.35,28.57,2.91,2,19,A,2
4920,76.46,41062,203.92,10.21,59.98,2.73,9,43,C,11
4921,369.6,39690,126.49,9.0,71.04,3.01,60,42,C,11
4922,3650.03,140167,210.68,8.32,51.66,2.73,81,21,B,3
4923,15366.6,57197,191.03,6.99,26.01,2.78,4,16,B,12
4924,28422.62,120653,136.48,8.47,41.97,3.54,8,18,B,11
4925,1276.0,93638,132.75,10.52,29.76,3.15,60,29,B,12
4926,19.99,37392,224.35,6.83,61.65,3.63,36,3,B,3
4927,201.0,202505,215.07,6.86,62.86,3.06,54,6,A,2
4928,62964.86,184109,213.75,8.3,85.21,3.64,91,39,A,6
4929,2945.94,206302,129.07,13.74,88.95,3.9,35,28,A,6
4930,37670.21,219622,126.33,7.8,54.12,2.84,4,13,A,10
4931,42907.59,203819,138.2,8.19,74.43,3.82,91,19,A,7
4932,7591.6,203750,211.16,8.1,90.3,2.63,17,31,A,8
4933,8785.83,206302,129.69,12.89,70.44,3.83,17,28,A,10
4934,4250.91,155078,214.75,6.43,45.67,2.89,12,8,A,12
4935,3488.99,128107,214.55,7.14,58.48,3.69,44,25,B,6
4936,42494.92,207499,221.9,7.2,70.03,3.24,13,11,A,11
4937,62190.78,202307,211.26,8.1,81.79,2.62,94,2,A,9
4938,6779.61,57197,191.01,6.99,23.46,2.74,87,16,B,11
4939,5697.72,41062,207.85,10.64,77.17,3.53,1,43,C,9
4940,7546.32,203819,136.27,7.81,68.28,3.93,32,19,A,9
4941,19343.89,155078,224.91,5.82,66.69,3.84,87,8,A,3
4942,23952.56,207499,225.18,6.66,79.07,3.75,14,11,A,5
4943,45105.42,128107,215.09,7.28,68.55,3.87,40,25,B,8
4944,45194.43,202505,217.14,6.92,90.49,3.64,8,6,A,8
4945,1241.88,196321,197.62,6.55,57.29,3.76,27,41,A,6
4946,7558.25,205863,131.15,4.31,67.64,3.68,21,4,A,5
4947,9757.65,57197,194.81,6.34,50.39,3.58,1,16,B,9
4948,39266.27,204184,140.43,7.91,44.46,3.74,8,27,A,11
4949,21322.01,155078,218.69,6.42,83.57,3.48,72,8,A,7
4950,2750.02,125833,224.59,5.67,57.2,3.63,81,9,B,3
4951,1366.82,37392,218.73,7.57,87.14,3.58,81,3,B,7
4952,246.96,39910,222.05,6.23,71.28,3.6,12,37,C,10
4953,110770.53,200898,182.55,8.72,30.54,3.11,38,14,A,12
4954,908.35,200898,181.66,8.9,54.26,2.98,59,14,A,5
4955,11698.55,206302,131.04,11.63,64.05,4.12,98,28,A,4
4956,21056.26,155078,218.9,6.3,65.11,3.81,7,8,A,4
4957,18220.11,155078,221.69,6.12,51.72,3.31,11,8,A,11
4958,49274.29,203819,136.14,8.36,72.52,4.0,8,24,A,8
4959,56905.64,155083,133.26,5.11,16.87,3.26,72,40,A,2
4960,15449.93,39690,126.14,9.52,82.82,2.94,96,42,C,6
4961,15755.89,123737,138.74,8.19,57.13,4.16,9,15,B,9
4962,2186.15,70713,198.1,7.87,57.84,3.6,71,7,B,9
4963,20183.31,119557,135.57,8.28,36.82,2.77,79,22,B,3
4964,18391.14,196321,191.03,7.51,31.34,2.76,81,41,A,11
4965,7632.15,93638,132.92,10.52,48.62,3.03,79,29,B,11
4966,10563.43,206302,128.13,14.02,48.45,3.53,3,28,A,2
4967,15537.79,151315,221.73,7.14,73.77,3.69,14,1,A,5
4968,39688.38,158114,126.15,9.82,78.53,2.62,94,34,A,7
4969,3988.36,206302,129.05,13.74,71.81,4.03,44,28,A,6
4970,3921.38,203742,204.65,7.34,31.43,3.19,16,20,A,1
4971,3356.14,70713,196.96,8.26,21.64,3.19,34,7,B,3
4972,22368.12,203750,217.49,7.44,56.01,3.33,23,31,A,11
4973,10887.84,200898,185.36,8.52,48.71,3.72,26,14,A,4
4974,10558.02,152513,133.37,7.91,19.63,3.26,55,26,A,2
4975,67336.14,203007,198.1,7.87,70.75,3.54,38,32,A,8
4976,37567.96,207499,215.28,7.56,64.41,2.69,5,11,A,11
4977,9655.05,155083,138.38,4.16,66.11,3.88,16,40,A,8
4978,10564.17,202307,220.85,7.06,63.68,3.73,26,2,A,3
4979,2543.62,196321,196.87,6.59,31.65,3.03,6,41,A,2
4980,1395.0,202505,212.53,7.26,53.74,2.73,27,6,A,3
4981,41440.97,39690,126.23,14.31,85.2,3.0,95,38,C,10
4982,107254.51,206302,126.55,13.98,50.23,2.82,95,28,A,2
4983,22775.36,196321,194.81,6.9,55.06,3.58,1,41,A,9
4984,1077.57,152513,136.42,7.77,59.42,3.68,19,26,A,9
4985,7637.08,205863,126.58,8.62,43.49,2.65,71,4,A,3
4986,3339.17,34875,222.52,5.6,81.05,3.31,90,5,B,7
4987,16641.04,140167,217.0,7.44,69.79,3.27,7,21,B,10
4988,80656.31,203742,208.23,7.29,72.4,3.8,40,20,A,6
4989,23821.56,112238,127.86,14.02,51.3,3.38,1,12,B,2
4990,88.12,39910,126.13,7.8,82.27,2.8,12,44,C,7
4991,36.8,200898,191.16,8.68,76.58,3.65,54,14,A,8
4992,1097.75,219622,126.13,8.11,71.83,2.82,28,13,A,6
4993,13236.29,120653,138.2,8.54,72.97,3.7,22,18,B,7
4994,7235.44,204184,136.46,7.98,79.78,2.93,29,27,A,7
4995,18758.11,206302,131.15,11.63,77.27,4.19,5,28,A,5
4996,11270.0,219622,129.18,6.88,75.56,3.6,58,13,A,8
4997,25147.49,184109,221.85,6.23,72.05,3.62,5,39,A,10
4998,2880.0,114533,136.52,4.42,56.79,3.58,58,23,B,10
4999,18192.32,207499,224.79,6.83,67.16,3.79,9,11,A,3
5000,40236.19,103681,141.9,8.88,62.62,4.03,40,35,B,4
5001,12571.96,112238,127.86,14.02,51.3,3.38,24,12,B,2
5002,2796.16,125833,215.51,6.56,58.69,2.69,90,9,B,11
5003,3056.33,70713,190.33,9.02,57.57,2.73,44,7,B,8
5004,4615.67,37392,214.42,7.37,45.71,2.57,14,3,B,2
5005,18596.5,158114,130.97,9.65,59.29,3.82,4,34,A,3
5006,690.31,207499,218.64,7.57,86.14,3.7,28,11,A,6
5007,20710.56,184109,222.11,6.23,72.9,3.51,11,39,A,10
5008,4313.47,203007,189.49,8.96,46.42,2.79,26,32,A,5
5009,149.6,203819,136.37,8.36,60.61,3.9,60,24,A,9
5010,51643.09,42988,211.18,8.1,83.03,2.58,95,30,C,9
5011,94008.06,203007,197.66,8.09,71.14,3.74,95,32,A,6
5012,628.5,119557,141.12,7.5,35.68,3.66,41,22,B,2
5013,7290.15,196321,192.9,6.93,62.3,3.7,20,41,A,6
5014,37645.66,151315,216.38,7.96,75.8,3.47,13,1,A,9
5015,26177.58,152513,132.95,7.91,16.7,3.22,8,26,A,1
5016,3801.44,128107,204.46,8.19,29.16,2.75,16,25,B,2
5017,26877.1,93188,129.86,6.62,17.56,3.34,46,17,B,12
5018,38560.5,206302,126.53,13.98,54.83,2.92,93,28,A,2
5019,210.0,155083,137.34,4.26,29.88,3.75,41,40,A,2
5020,11017.58,219622,126.6,8.11,42.15,2.84,71,13,A,4
5021,0.25,184109,209.4,8.46,68.15,2.77,45,39,A,4
5022,13589.25,207499,223.75,6.83,52.23,3.41,81,11,A,2
5023,2478.82,123737,136.7,7.94,30.24,3.58,30,15,B,1
5024,44485.68,112238,126.14,14.1,81.39,2.94,79,12,B,6
5025,1158.04,125833,226.21,5.28,87.93,3.73,19,9,B,9
5026,6683.36,202505,212.98,7.09,81.81,2.67,56,6,A,6
5027,12421.2,70713,196.17,8.51,12.19,3.17,17,7,B,12
5028,5903.09,151315,215.46,7.68,72.99,3.81,24,1,A,4
5029,9363.0,37392,218.84,7.57,88.07,3.68,3,3,B,7
5030,6589.55,203007,192.9,8.6,67.38,3.7,6,32,A,6
5031,19772.18,93188,126.6,6.55,29.71,2.73,8,17,B,3
5032,3950.96,57197,196.96,6.16,23.4,3.19,32,16,B,3
5033,75273.31,203742,209.19,7.27,64.02,3.74,2,20,A,9
5034,20057.94,203819,136.7,7.94,31.84,3.58,81,19,A,1
5035,13133.5,184109,214.42,8.18,87.93,3.55,80,39,A,8
5036,171598.2,219622,130.74,5.76,81.99,3.51,92,13,A,8
5037,995.0,128107,214.96,7.28,64.53,3.83,58,25,B,8
5038,75103.03,126512,129.9,7.87,50.53,3.49,46,10,B,12
5039,9096.61,202505,216.82,6.86,84.01,3.7,26,6,A,6
5040,6183.47,203007,197.66,8.09,71.14,3.74,20,32,A,6
5041,13357.23,204184,139.8,7.85,82.28,3.97,25,27,A,7
5042,4557.89,39910,126.15,7.8,77.79,2.79,8,44,C,7
5043,3316.97,152513,136.64,7.6,18.8,3.4,16,26,A,12
5044,1133.9,203819,133.96,8.25,36.88,3.79,52,24,A,3
5045,1182.43,93188,126.1,6.7,57.86,2.87,56,17,B,9
5046,6605.5,120653,132.58,9.34,75.71,2.78,91,18,B,7
5047,13091.31,204184,136.67,8.02,29.59,3.34,9,27,A,12
5048,22472.32,125833,216.12,6.42,31.82,2.99,2,9,B,2
5049,2112.71,205863,130.89,4.08,76.47,3.65,37,4,A,8
5050,36741.34,219622,130.72,5.76,80.42,3.54,3,13,A,7
5051,15531.52,200898,191.34,8.68,72.62,3.83,11,14,A,8
5052,2015.73,120653,138.57,8.54,64.45,3.99,27,18,B,9
5053,15005.94,37392,224.56,6.83,60.71,3.67,5,3,B,3
5054,3007.99,206302,130.89,11.63,84.83,4.1,36,28,A,6
5055,16434.48,203819,132.58,8.1,74.68,2.92,87,19,A,7
5056,572.0,219622,129.07,7.19,66.38,3.67,60,13,A,6
5057,114416.93,206302,129.05,13.74,71.81,4.03,95,28,A,6
5058,642.0,203742,206.92,7.34,37.33,3.43,19,20,A,3
5059,8048.21,219622,127.19,7.47,16.94,2.89,21,13,A,1
5060,135143.25,204184,142.19,8.25,73.94,3.67,92,27,A,6
5061,75243.7,203819,136.47,8.45,53.87,3.78,38,24,A,10
5062,6020.1,125833,219.43,6.38,62.2,3.91,3,9,B,5
5063,56320.86,203007,193.0,8.6,65.06,3.66,38,32,A,6
5064,1590.98,203007,198.1,7.87,70.12,3.56,19,32,A,8
5065,13730.96,155078,219.44,6.42,69.09,3.53,23,8,A,9
5066,1015.54,57197,197.23,6.16,38.7,3.66,93,16,B,3
5067,41272.99,120653,132.82,9.33,47.12,2.92,92,18,B,10
5068,3926.51,155083,138.03,4.12,44.47,3.99,32,40,A,5
5069,310.98,200898,191.02,8.57,64.3,3.69,59,14,A,6
5070,20596.08,206302,131.15,11.63,77.27,4.19,34,28,A,5
5071,5988.33,203819,138.73,7.99,56.49,4.07,29,19,A,10
5072,12602.85,37392,214.85,7.35,84.16,2.58,13,3,B,9
5073,11338.15,126512,131.11,6.94,76.03,4.47,67,10,B,10
5074,13497.78,125833,216.82,6.42,58.5,3.04,79,9,B,2
5075,22607.58,200898,191.0,8.57,66.3,3.85,56,14,A,5
5076,9907.67,126512,128.13,8.74,53.59,3.4,35,10,B,2
5077,29603.88,155078,225.17,5.68,70.34,3.81,91,8,A,4
5078,5878.39,41062,207.73,10.58,76.03,3.9,1,43,C,5
5079,1457.0,103681,137.5,8.55,36.99,3.43,44,35,B,3
5080,805.25,37392,221.41,7.2,61.7,3.3,87,3,B,11
5081,17636.29,152513,134.77,7.82,56.74,4.03,87,26,A,5
5082,2096.14,206302,130.74,12.19,54.54,4.25,31,28,A,3
5083,0.1,39910,218.41,7.24,57.18,3.13,52,36,A,1
5084,12746.72,42988,211.4,8.16,65.76,2.63,81,30,C,10
5085,2933.48,112238,129.06,13.74,76.67,4.09,31,12,B,5
5086,3976.43,34875,222.33,5.8,79.72,3.5,55,5,B,6
5087,1182.45,128107,205.39,7.34,18.92,3.24,27,25,B,1
5088,1329.5,57197,196.92,6.16,23.69,3.1,19,16,B,2
5089,17260.48,200898,191.02,8.57,64.3,3.69,22,14,A,6
5090,18397.5,41062,207.57,10.58,66.77,3.91,40,43,C,5
5091,47348.8,203742,208.11,7.29,47.09,3.72,4,20,A,4
5092,14250.76,203750,211.03,8.1,83.59,2.64,82,31,A,7
5093,12650.55,207499,219.2,7.57,71.39,3.91,17,11,A,5
5094,19.86,123737,135.78,7.81,73.34,3.92,45,15,B,7
5095,1763.25,37392,214.55,7.35,82.2,2.67,24,3,B,7
5096,10986.55,204184,136.74,8.02,61.02,3.06,33,27,A,10
5097,7.0,42988,211.01,8.32,48.61,2.62,44,30,C,3
5098,56336.23,203742,208.72,7.27,77.8,3.84,93,20,A,8
5099,689.57,39910,126.73,7.61,25.8,2.81,14,44,C,12
5100,18346.78,203742,208.64,7.29,62.97,3.96,97,20,A,4
5101,53964.45,128107,212.07,7.08,33.09,3.41,72,25,B,12
5102,2072.36,42988,210.28,8.2,65.74,2.77,21,30,C,4
5103,26681.4,103681,136.29,9.05,68.9,2.81,74,35,B,6
5104,33889.2,103681,136.53,8.76,30.83,3.11,14,35,B,12
5105,7564.27,202505,218.91,6.55,71.24,3.27,21,6,A,10
5106,999.0,203007,189.45,8.96,64.69,2.74,27,32,A,5
5107,589.38,203742,215.09,7.28,72.66,3.87,59,20,A,8
5108,19098.8,140167,221.52,6.56,85.26,3.23,34,21,B,7
5109,4431.95,152513,138.11,7.49,52.55,3.9,22,26,A,5
5110,110811.21,219622,128.51,7.47,44.69,3.41,90,13,A,3
5111,42561.39,219622,129.2,6.88,75.95,3.61,4,13,A,8
5112,13755.6,112238,128.96,13.74,72.12,4.13,55,12,B,4
5113,5080.3,196321,194.51,6.9,70.37,3.51,21,41,A,9
5114,66977.86,203742,208.36,7.29,73.51,3.92,7,20,A,6
5115,10919.58,155078,214.47,6.3,34.14,2.57,55,8,A,2
5116,7606.44,203750,210.48,8.2,64.12,2.72,17,31,A,4
5117,6755.77,206302,126.6,14.1,59.25,3.09,67,28,A,4
5118,30645.69,119557,140.59,7.71,36.28,3.4,5,22,B,12
5119,51357.84,126512,127.3,8.74,49.98,3.31,23,10,B,1
5120,490.15,125833,225.8,5.28,86.37,3.57,27,9,B,8
5121,4997.9,204184,141.02,8.01,42.52,3.8,24,27,A,2
5122,14362.79,114533,137.98,4.12,44.62,4.02,56,23,B,4
5123,75.57,39910,220.53,6.99,86.68,3.29,85,37,C,6
5124,15926.39,123737,134.94,7.66,69.86,4.02,92,15,B,6
5125,3634.73,155083,137.26,4.26,25.56,3.7,6,40,A,2
5126,7818.36,204184,140.41,7.91,49.69,3.72,24,27,A,11
5127,32723.07,119557,140.16,8.02,72.22,3.8,23,22,B,8
5128,30595.92,203819,134.77,8.21,65.74,4.13,4,24,A,5
5129,6617.79,203742,204.03,7.86,51.0,2.85,52,20,A,4
5130,10583.82,202307,210.0,8.2,73.31,2.85,21,2,A,5
5131,9840.86,126512,131.15,6.94,72.71,4.45,44,10,B,10
5132,1148.31,206302,130.07,12.89,44.64,3.43,37,28,A,12
5133,23.92,125833,225.8,5.28,86.37,3.57,54,9,B,8
5134,56697.22,152513,133.49,7.91,16.3,3.28,72,26,A,2
5135,12592.91,103681,140.16,8.68,72.88,3.7,24,35,B,8
5136,401.0,34875,214.67,6.63,55.74,3.46,36,5,B,3
5137,2549.88,126512,126.15,9.2,85.52,3.03,85,10,B,9
5138,66956.44,184109,220.61,6.62,80.32,3.31,40,39,A,7
5139,385.9,203819,136.18,7.81,71.14,3.94,59,19,A,8
5140,21002.21,93638,131.82,10.06,46.03,2.83,92,29,B,3
5141,29816.06,196321,192.84,6.93,50.56,3.8,4,41,A,5
5142,9071.82,118221,182.9,8.72,61.3,2.92,22,45,B,10
5143,9756.35,203742,204.76,7.53,75.5,2.72,12,20,A,9
5144,3510.15,123737,136.5,7.87,38.53,3.63,35,15,B,12
5145,1185.0,118221,181.98,8.99,27.73,2.77,58,45,B,2
5146,26188.52,203750,214.93,7.93,83.82,3.7,7,31,A,6
5147,7997.1,112238,127.72,14.02,45.14,3.35,81,12,B,2
5148,1057.0,196321,197.72,6.55,43.57,3.94,48,41,A,4
5149,4559.63,39910,126.67,7.61,28.22,2.83,46,44,C,11
5150,4094.13,118221,185.91,8.62,74.04,3.75,32,45,B,7
5151,31546.65,203742,204.96,7.48,46.66,3.04,46,20,A,11
5152,5767.38,93638,137.73,8.99,46.4,3.92,67,29,B,3
5153,18313.22,119557,136.8,8.46,24.76,3.22,46,22,B,1
5154,18.76,41062,213.35,9.28,86.36,3.49,6,43,C,8
5155,12310.61,203819,136.21,7.81,69.34,3.91,20,19,A,8
5156,41206.78,203742,204.49,8.19,31.75,2.78,1,20,A,3
5157,138127.34,202307,211.66,8.16,59.69,2.73,95,2,A,11
5158,13859.84,34875,211.96,6.63,48.3,2.98,8,5,B,1
5159,10592.73,151315,215.0,7.68,86.41,3.64,17,1,A,6
5160,14675.17,158114,126.61,9.52,45.86,2.74,81,34,A,3
5161,30984.13,203819,134.36,7.66,41.66,4.06,4,19,A,4
5162,61995.67,34875,215.4,6.49,61.5,3.52,38,5,B,4
5163,6888.32,112238,128.96,13.74,72.12,4.13,20,12,B,4
5164,23218.19,42988,210.28,8.2,65.74,2.77,93,30,C,4
5165,2220.24,155078,218.77,6.42,84.26,3.58,83,8,A,7
5166,4025.47,93188,129.82,6.62,27.61,3.51,52,17,B,11
5167,2873.72,34875,222.31,5.8,73.45,3.69,12,5,B,5
5168,88105.96,140167,211.06,8.16,51.29,2.89,23,21,B,12
5169,6.25,114533,132.06,5.44,45.47,2.94,18,23,B,4
5170,215.83,41062,207.52,10.58,74.21,3.91,9,43,C,5
5171,6817.85,219622,129.43,6.88,67.54,3.64,6,13,A,9
5172,39556.69,196321,197.78,6.55,46.84,3.9,93,41,A,4
5173,40714.08,204184,140.43,7.91,50.55,3.67,46,27,A,12
5174,3967.6,140167,221.0,7.06,67.87,3.84,67,21,B,3
5175,21431.97,128107,214.73,7.28,74.32,3.57,4,25,B,7
5176,11852.45,42988,211.27,8.16,50.43,2.71,13,30,C,12
5177,14831.0,202505,212.62,7.26,40.43,2.57,3,6,A,2
5178,48131.71,196321,197.55,6.55,50.22,3.87,2,41,A,5
5179,9195.38,57197,189.7,6.84,36.19,2.72,10,16,B,4
5180,11512.48,219622,126.61,7.8,42.0,2.84,44,13,A,11
5181,23002.69,203819,136.52,7.87,61.86,3.74,5,19,A,10
5182,6781.84,112238,129.81,12.89,59.77,3.83,42,12,B,11
5183,37671.85,39690,126.5,9.77,49.96,2.83,38,42,C,2
5184,44245.27,93188,130.72,5.94,68.91,3.63,2,17,B,7
5185,4226.4,202307,211.41,8.16,62.98,2.74,56,2,A,11
5186,1599.62,155078,225.44,5.4,81.24,3.23,52,8,A,7
5187,1315.86,70713,197.74,8.09,63.69,3.74,30,7,B,6
5188,299.99,39690,129.18,8.26,89.8,3.8,74,42,C,8
5189,13513.48,123737,136.53,7.87,35.49,3.61,74,15,B,12
5190,841.62,39690,129.81,7.87,68.57,3.83,67,42,C,11
5191,27049.62,202505,212.76,6.97,83.9,2.61,11,6,A,7
5192,17343.36,152513,132.88,7.91,21.13,3.19,81,26,A,1
5193,43.0,39910,210.18,8.48,52.88,2.95,55,36,A,12
5194,7354.74,39690,126.15,9.2,91.8,2.97,82,42,C,7
5195,32.2,39690,129.04,13.74,78.72,3.98,59,38,C,6
5196,0.46,39910,209.59,8.46,63.43,2.72,44,37,C,4
5197,23006.32,158114,130.79,9.58,78.85,3.33,10,34,A,6
5198,816.4,207499,218.96,7.57,90.3,3.64,56,11,A,8
5199,7781.62,39690,130.35,7.54,56.85,3.54,82,42,C,2
5200,26017.15,114533,136.52,4.42,56.79,3.58,4,23,B,10
5201,37140.95,204184,136.08,8.06,63.31,3.1,9,27,A,5
5202,10305.28,206302,129.82,12.89,48.76,3.82,33,28,A,11
5203,15439.83,204184,142.77,8.24,64.92,4.16,26,27,A,9
5204,1126.4,151315,215.18,7.96,85.55,3.52,60,1,A,7
5205,155.16,39690,131.04,7.15,86.42,3.97,16,33,A,9
5206,468.67,126512,130.35,7.54,56.85,3.54,83,10,B,2
5207,26856.78,152513,132.68,8.15,20.61,3.14,82,26,A,12
5208,4775.69,93188,126.06,6.7,65.17,2.84,67,17,B,8
5209,3787.66,202307,215.11,7.93,69.39,3.81,37,2,A,4
5210,23240.95,151315,220.43,7.35,45.32,3.51,46,1,A,2
5211,30.03,203742,208.78,7.27,73.52,3.81,19,20,A,8
5212,1292.14,196321,196.83,6.59,33.15,3.04,27,41,A,1
5213,12409.78,204184,135.87,8.06,53.91,3.02,20,27,A,4
5214,16337.82,202307,217.49,7.44,55.53,3.33,74,2,A,11
5215,839.44,39690,126.15,14.18,97.18,3.09,11,38,C,7
5216,1303.73,34875,215.84,6.49,83.81,3.7,24,5,B,6
5217,6590.01,204184,141.96,8.25,52.33,4.16,55,27,A,4
5218,585.0,126512,131.08,6.94,80.88,4.13,60,10,B,10
5219,20901.81,39690,130.31,7.6,56.33,3.68,94,33,A,1
5220,420.0,128107,214.48,7.14,58.76,3.95,58,25,B,5
5221,4004.48,207499,214.56,7.35,84.57,2.61,44,11,A,7
5222,1129.1,39690,129.69,7.87,75.01,3.83,21,42,C,10
5223,2606.0,103681,136.35,9.05,78.02,2.81,41,35,B,6
5224,2267.52,140167,219.81,7.06,55.83,3.36,16,21,B,2
5225,37511.18,204184,139.7,7.85,77.83,3.92,38,27,A,7
5226,560.64,41062,203.43,10.4,40.47,2.98,74,43,C,1
5227,411.0,202307,214.93,7.85,87.7,3.48,48,2,A,7
5228,15607.92,203819,135.27,7.66,68.4,3.96,14,19,A,6
5229,1325.0,128107,204.39,8.19,19.64,2.77,50,25,B,2
5230,23399.35,202307,217.0,7.44,71.67,3.27,80,2,A,10
5231,37654.06,203819,137.87,8.15,44.42,4.19,94,19,A,4
5232,17743.27,203742,204.03,7.86,51.0,2.85,17,20,A,4
5233,3507.11,128107,204.75,7.53,60.13,2.71,12,25,B,9
5234,8222.62,200898,191.03,8.57,71.93,3.62,21,14,A,6
5235,16821.12,34875,218.41,6.3,56.71,3.33,72,5,B,11
5236,3157.05,204184,136.6,8.02,31.34,3.31,12,27,A,12
5237,4189.7,204184,138.41,7.72,56.48,4.19,44,27,A,5
5238,5565.35,202307,221.48,6.89,86.32,3.29,71,2,A,6
5239,12294.75,140167,219.18,7.44,45.16,3.13,49,21,B,12
5240,3645.06,128107,214.96,7.28,64.53,3.83,26,25,B,8
5241,15174.29,205863,130.98,4.08,68.2,3.71,87,4,A,9
5242,40186.6,202307,219.81,7.06,55.21,3.36,79,2,A,2
5243,8911.5,39910,127.19,7.22,16.94,2.89,2,44,C,1
5244,37950.69,202307,214.49,7.93,55.43,3.52,97,2,A,4
5245,112484.35,152513,136.49,7.6,36.74,3.5,38,26,A,12
5246,56451.51,184109,222.1,6.23,71.45,3.59,38,39,A,10
5247,13874.57,184109,217.18,7.72,66.36,3.24,71,39,A,11
5248,17905.41,39690,129.52,13.5,82.95,3.79,93,38,C,9
5249,35909.45,119557,140.27,8.02,68.08,3.81,8,22,B,9
5250,4371.83,155078,226.77,5.12,61.41,3.62,21,8,A,10
5251,7302.54,120653,135.78,8.89,74.36,3.83,24,18,B,7
5252,27791.82,204184,136.77,8.02,50.81,3.14,80,27,A,11
5253,13282.39,202505,216.82,6.86,84.01,3.7,32,6,A,6
5254,1467.62,39910,210.18,8.4,54.11,2.98,67,37,C,1
5255,5153.14,112238,126.79,14.31,50.01,3.2,42,12,B,12
5256,19316.23,206302,128.13,14.02,48.45,3.53,82,28,A,2
5257,12060.12,112238,131.11,11.63,64.28,4.25,17,12,B,4
5258,25682.11,123737,132.98,8.07,39.63,3.06,95,15,B,11
5259,3238.27,203750,214.65,7.93,87.54,3.64,12,31,A,6
5260,6605.66,41062,203.12,9.59,82.76,2.7,1,43,C,6
5261,8742.62,103681,140.33,8.68,63.61,3.71,87,35,B,9
5262,35537.62,207499,215.51,7.55,51.04,3.01,13,11,A,1
5263,8593.07,202307,214.73,7.93,67.0,3.62,42,2,A,4
5264,2648.21,126512,130.83,7.38,88.58,4.14,19,10,B,6
5265,10005.77,206302,126.33,14.31,75.0,2.98,22,28,A,10
5266,50694.37,205863,129.18,5.64,86.09,3.66,79,4,A,8
5267,139354.6,151315,222.78,6.91,69.87,3.72,92,1,A,9
5268,19704.45,204184,136.73,7.83,34.42,3.35,97,27,A,1
5269,432.17,39690,129.06,8.49,78.62,3.93,17,42,C,5
5270,14384.6,70713,194.64,8.62,45.61,3.57,46,7,B,9
5271,10772.95,118221,190.46,8.42,50.56,3.86,74,45,B,3
5272,12824.84,202505,217.21,6.92,89.26,3.55,80,6,A,8
5273,7551.51,39910,126.15,7.8,77.79,2.79,81,44,C,7
5274,8016.11,205863,128.51,6.51,51.86,3.5,29,4,A,3
5275,6796.98,203819,132.61,8.1,74.2,2.94,29,19,A,8
5276,2536.55,123737,136.52,7.87,61.3,3.74,71,15,B,10
5277,1506.09,184109,216.56,7.72,58.04,3.33,35,39,A,11
5278,7251.87,39690,127.09,9.27,52.91,3.15,81,33,A,12
5279,12410.5,128107,204.85,7.53,72.73,2.8,49,25,B,8
5280,4586.33,125833,215.56,6.56,61.59,2.73,26,9,B,11
5281,68282.54,120653,132.22,9.27,60.27,2.96,2,18,B,5
5282,24420.03,219622,129.84,6.39,38.89,3.44,33,13,A,11
5283,19674.99,128107,211.87,7.08,38.69,3.42,46,25,B,12
5284,37307.2,155078,214.46,6.32,77.49,2.62,90,8,A,7
5285,3295.35,203819,131.69,8.33,33.98,2.91,6,24,A,2
5286,24100.54,103681,142.77,8.84,64.92,4.0,14,35,B,9
5287,40166.3,202505,213.12,6.97,76.49,2.62,10,6,A,9
5288,721.6,41062,203.4,10.21,56.51,2.87,60,43,C,12
5289,53679.05,196321,195.77,6.76,36.37,3.42,91,41,A,11
5290,4331.75,203819,132.75,8.27,27.74,3.31,41,24,A,12
5291,24.68,39690,130.68,10.93,95.61,3.72,56,38,C,7
5292,7072.13,205863,129.61,5.64,72.15,3.37,49,4,A,9
5293,4193.36,202307,219.63,7.06,51.7,3.27,24,2,A,1
5294,16108.57,118221,187.26,8.62,70.66,3.64,91,45,B,9
5295,5.0,39690,129.61,8.26,82.27,3.88,55,42,C,9
5296,1665.13,41062,213.33,9.28,82.01,3.41,14,43,C,7
5297,4010.8,93188,126.15,6.7,62.41,2.8,20,17,B,7
5298,2593.91,125833,214.0,6.38,66.09,2.81,22,9,B,4
5299,22.52,158114,128.4,10.4,45.87,3.46,51,34,A,3
5300,24538.6,155083,135.63,4.58,67.86,3.78,81,40,A,7
5301,15014.06,151315,211.41,7.84,52.33,2.89,67,1,A,12
5302,5794.4,39690,129.08,13.74,66.59,4.17,1,38,C,5
5303,47386.89,120653,132.57,9.34,76.9,2.8,13,18,B,7
5304,71878.86,207499,219.74,7.57,82.14,3.47,38,11,A,9
5305,3303.68,206302,129.69,12.89,70.44,3.83,6,28,A,10
5306,7242.5,200898,187.88,8.52,51.78,3.57,58,14,A,10
5307,655.98,205863,131.11,4.31,68.69,3.88,59,4,A,4
5308,13675.52,114533,131.78,5.89,36.07,2.8,42,23,B,3
5309,67272.36,41062,203.05,9.82,84.17,2.62,90,43,C,7
5310,12690.12,196321,197.59,6.55,54.89,3.8,11,41,A,5
5311,11011.12,93638,132.55,10.41,79.22,2.81,10,29,B,7
5312,8201.99,205863,129.04,5.95,80.05,3.64,42,4,A,6
5313,60793.02,151315,221.84,7.14,84.88,3.29,94,1,A,6
5314,5.28,41062,213.21,9.58,87.51,3.35,28,43,C,6
5315,21470.02,114533,136.27,4.58,66.04,3.81,34,23,B,9
5316,58106.79,202505,212.62,7.26,40.43,2.57,90,6,A,2
5317,4111.78,93638,131.64,10.06,31.96,2.75,21,29,B,2
5318,35.88,207499,216.88,7.55,68.74,3.06,45,11,A,2
5319,3132.18,93638,136.42,9.86,69.78,3.68,21,29,B,9
5320,16431.01,103681,141.3,8.74,41.74,3.74,7,35,B,2
5321,162.68,155078,216.63,6.26,50.64,3.04,54,8,A,2
5322,1602.46,203742,214.74,7.28,74.6,3.65,56,20,A,7
5323,5042.89,42988,215.38,7.93,68.36,3.91,79,30,C,5
5324,13364.35,93188,130.9,6.4,40.69,3.67,74,17,B,3
5325,1810.24,112238,131.14,11.63,76.03,4.17,27,12,B,5
5326,95.92,203742,207.19,7.34,39.53,3.58,54,20,A,3
5327,17410.66,200898,181.66,8.9,53.15,2.92,98,14,A,4
5328,22562.72,126512,129.04,8.49,84.57,3.98,87,10,B,6
5329,413.6,41062,206.86,10.58,88.49,3.64,60,43,C,6
5330,1613.0,70713,189.61,9.02,62.19,2.7,29,7,B,7
5331,19425.52,103681,140.2,8.68,71.44,3.7,7,35,B,9
5332,15996.3,120653,137.87,8.3,47.75,4.02,5,18,B,4
5333,31783.13,57197,197.66,6.17,65.43,3.74,16,16,B,6
5334,12809.79,42988,221.48,6.89,88.05,3.29,4,30,C,6
5335,1086.23,93188,130.07,6.62,26.73,3.12,28,17,B,12
5336,13791.89,125833,219.09,6.38,72.35,3.81,9,9,B,4
5337,84485.05,151315,219.89,7.35,48.53,3.26,93,1,A,1
5338,313.77,155078,224.91,5.82,66.69,3.84,28,8,A,3
5339,466.0,151315,222.04,6.91,84.85,3.57,48,1,A,8
5340,17797.23,112238,130.24,12.19,48.07,3.66,14,12,B,1
5341,3140.02,203742,215.74,7.28,58.65,4.0,56,20,A,9
5342,1573.42,123737,138.14,8.19,73.99,3.86,56,15,B,8
5343,28949.91,128107,203.61,7.86,50.27,2.98,8,25,B,5
5344,5018.79,151315,214.36,7.74,62.76,3.49,67,1,A,3
5345,38607.17,152513,132.44,8.51,51.62,2.83,40,26,A,6
5346,2412.26,158114,131.13,9.58,66.49,3.81,37,34,A,4
5347,308.0,196321,191.04,7.51,38.99,2.74,60,41,A,11
5348,364.11,39910,130.79,5.41,79.4,3.54,17,44,C,8
5349,3179.16,34875,212.45,6.77,52.52,2.77,25,5,B,11
5350,4188.45,206302,131.1,11.63,84.51,4.11,30,28,A,5
5351,26243.05,39690,128.51,8.95,72.72,3.89,95,33,A,3
5352,2005.83,205863,129.84,5.14,47.96,3.22,59,4,A,11
5353,5995.37,205863,126.38,7.9,53.04,2.79,44,4,A,4
5354,4082.0,205863,130.76,4.08,83.21,3.48,48,4,A,8
5355,16384.33,140167,211.12,8.16,46.35,2.84,33,21,B,12
5356,4378.2,70713,191.03,9.14,20.74,2.78,42,7,B,12
5357,10.29,41062,213.31,9.28,78.82,3.26,52,43,C,7
5358,19947.34,41062,202.54,9.59,69.46,2.81,97,43,C,4
5359,36155.41,219622,130.89,5.76,79.18,3.62,8,13,A,8
5360,953.69,70713,196.96,8.26,21.64,3.19,52,7,B,3
5361,8360.72,152513,132.06,8.51,40.56,2.94,46,26,A,4
5362,473.4,200898,184.16,8.55,35.78,3.27,60,14,A,2
5363,3646.25,207499,226.72,6.03,73.37,3.62,35,11,A,10
5364,15683.53,155083,132.76,5.29,33.6,3.06,97,40,A,12
5365,3837.12,203742,214.73,7.28,78.27,3.52,37,20,A,7
5366,8442.95,203007,198.03,7.87,75.09,3.53,22,32,A,8
5367,3391.69,93188,130.65,6.4,26.28,3.24,19,17,B,3
5368,20303.64,158114,130.72,9.28,77.3,3.36,96,34,A,7
5369,26754.8,155078,225.12,5.68,63.59,3.88,93,8,A,4
5370,3755.02,196321,190.99,7.51,33.0,2.71,42,41,A,12
5371,134832.22,151315,221.95,6.91,86.11,3.42,95,1,A,8
5372,6720.41,204184,139.36,7.85,73.76,3.92,21,27,A,7
5373,75898.93,93188,126.61,6.88,36.31,2.84,38,17,B,11
5374,6251.06,112238,129.86,12.89,42.17,3.64,42,12,B,12
5375,18567.32,200898,187.88,8.52,51.78,3.57,11,14,A,10
5376,43699.61,206302,130.74,12.19,54.54,4.25,13,28,A,3
5377,2384.98,125833,225.42,5.54,78.98,3.75,35,9,B,5
5378,14080.3,39910,220.05,7.24,70.48,3.89,93,36,A,3
5379,986.7,112238,131.04,11.63,64.05,4.12,98,12,B,4
5380,783.0,207499,225.25,6.66,72.53,3.63,41,11,A,5
5381,276.0,140167,211.3,8.1,89.65,2.69,54,21,B,8
5382,22828.99,158114,129.85,10.15,39.75,3.18,7,34,A,12
5383,499.96,70713,195.48,8.51,23.41,3.53,96,7,B,11
5384,12564.25,123737,136.27,7.81,67.59,3.93,34,15,B,9
5385,10202.65,126512,131.08,6.94,80.88,4.13,81,10,B,10
5386,8443.93,202505,217.52,6.86,76.95,3.9,6,6,A,5
5387,490.26,39910,209.98,8.36,81.85,2.67,31,37,C,7
5388,2961.07,203750,220.7,7.06,57.16,3.67,12,31,A,3
5389,4344.97,123737,138.23,8.19,74.64,3.65,55,15,B,7
5390,51.59,103681,136.47,8.86,77.45,2.78,80,35,B,8
5391,10904.81,103681,137.14,8.55,30.45,3.24,87,35,B,2
5392,42794.51,126512,126.55,9.0,61.24,3.13,34,10,B,11
5393,1631.66,158114,129.81,10.15,48.04,3.32,85,34,A,11
5394,882.54,39910,126.21,7.97,50.15,2.96,83,44,C,5
5395,4004.55,39910,210.05,8.55,45.66,2.51,67,37,C,2
5396,13795.66,114533,132.6,5.33,69.71,2.79,20,23,B,7
5397,9558.35,155083,132.76,5.29,44.56,2.88,74,40,A,10
5398,11737.67,120653,137.34,8.08,36.34,3.75,55,18,B,2
5399,9174.55,93638,135.96,9.86,75.32,3.9,16,29,B,7
5400,70.7,203007,189.52,9.02,67.55,2.71,51,32,A,7
5401,21667.06,158114,130.79,9.28,77.78,3.55,4,34,A,8
5402,940.84,152513,133.49,7.91,16.3,3.28,19,26,A,2
5403,18914.13,114533,131.82,5.89,43.01,2.83,22,23,B,3
5404,866.63,39690,129.06,8.49,78.62,3.93,7,42,C,5
5405,31788.91,184109,210.1,8.46,83.24,2.65,7,39,A,6
5406,17389.7,128107,204.69,7.48,22.65,3.11,82,25,B,12
5407,16943.17,39910,210.05,8.55,45.66,2.51,8,37,C,2
5408,6211.82,203819,131.78,8.35,39.06,2.94,30,19,A,3
5409,12927.73,204184,138.5,7.72,60.07,4.21,22,27,A,5
5410,11781.75,205863,126.13,7.37,79.78,2.61,33,4,A,7
5411,1716.23,202505,221.68,6.13,53.95,3.29,31,6,A,1
5412,151.34,93638,134.68,9.97,58.56,4.1,59,29,B,5
5413,151.43,39690,126.61,9.77,60.05,2.98,85,42,C,3
5414,5002.35,128107,212.74,6.96,34.6,3.51,25,25,B,1
5415,12331.75,203742,208.59,7.27,78.89,3.81,55,20,A,7
5416,6696.09,203819,136.52,8.45,60.21,3.74,16,24,A,10
5417,4050.79,93638,134.51,9.97,53.63,4.08,6,29,B,5
5418,2940.49,204184,141.3,8.01,41.74,3.92,85,27,A,2
5419,14439.98,126512,128.62,8.74,62.53,3.72,29,10,B,3
5420,966.8,152513,134.18,7.82,29.09,3.72,27,26,A,4
5421,2177.0,204184,142.22,8.24,76.51,3.96,50,27,A,8
5422,3928.76,203819,138.83,7.99,53.44,4.15,85,19,A,10
5423,35.79,42988,215.07,7.85,90.27,3.65,85,30,C,7
5424,8875.03,120653,138.47,8.54,71.85,3.92,94,18,B,9
5425,21439.19,39910,214.02,8.3,82.96,3.7,96,37,C,6
5426,2012.1,39910,214.36,8.18,87.64,3.64,11,37,C,8
5427,506.55,196321,196.94,6.59,22.52,3.11,59,41,A,2
5428,26879.65,219622,127.86,7.47,30.83,3.03,14,13,A,2
5429,34980.64,202505,216.63,6.86,85.51,3.59,13,6,A,6
5430,4290.71,155083,136.59,4.42,24.46,3.41,31,40,A,12
5431,37.38,39690,131.14,7.4,82.43,4.06,22,33,A,5
5432,95.04,57197,194.38,6.34,67.51,3.48,49,16,B,8
5433,9206.91,204184,142.94,8.0,55.4,4.19,67,27,A,10
5434,3754.55,196321,189.42,7.36,60.13,2.7,44,41,A,6
5435,7400.47,93638,136.37,9.86,62.36,3.76,74,29,B,9
5436,10820.05,93638,131.53,10.06,24.36,2.79,7,29,B,2
5437,706.28,202505,221.31,6.13,50.82,3.16,28,6,A,1
5438,43917.0,184109,220.64,6.62,83.47,3.49,93,39,A,8
5439,13496.63,202505,212.98,7.01,48.46,2.84,33,6,A,12
5440,71718.0,200898,183.18,8.55,24.05,3.24,72,14,A,1
5441,21138.74,202307,210.76,8.1,85.32,2.62,3,2,A,7
5442,47558.2,118221,187.03,8.62,63.75,3.71,92,45,B,9
5443,4946.15,202505,224.6,5.67,77.82,3.67,33,6,A,9
5444,7405.53,42988,210.15,8.2,67.87,2.81,80,30,C,4
5445,5805.81,39690,126.13,9.85,93.66,3.08,4,33,A,6
5446,20792.04,126512,130.9,7.54,56.54,4.29,3,10,B,3
5447,6529.0,42988,211.52,8.16,70.72,2.72,46,30,C,10
5448,406.31,203750,212.9,8.03,59.87,3.04,59,31,A,2
5449,9283.39,103681,142.68,8.84,66.1,4.04,9,35,B,9
5450,1086.5,125833,227.21,4.95,68.01,3.59,41,9,B,10
5451,16753.84,93188,130.76,5.94,73.29,3.51,82,17,B,8
5452,389.74,39910,210.39,8.36,86.06,2.64,87,36,A,8
5453,83936.47,41062,209.52,10.15,59.08,3.33,92,43,C,11
5454,5216.79,119557,137.05,8.46,26.39,3.24,16,22,B,2
5455,10864.46,39910,220.35,6.99,77.17,3.75,80,37,C,5
5456,19829.0,114533,132.66,5.33,68.65,2.8,25,23,B,8
5457,8199.81,203750,219.9,7.06,46.52,3.41,55,31,A,2
5458,3920.52,103681,135.71,9.26,52.34,2.85,31,35,B,3
5459,7865.18,41062,203.87,10.21,62.52,2.69,46,43,C,11
5460,10029.32,204184,141.21,8.01,37.24,3.87,71,27,A,2
5461,34090.05,203742,208.48,7.29,52.56,3.89,18,20,A,4
5462,1780.63,37392,223.47,6.83,56.2,3.27,90,3,B,1
5463,5790.39,140167,211.57,8.16,67.51,2.72,91,21,B,10
5464,30442.76,155083,138.17,4.16,70.15,3.7,4,40,A,8
5465,19439.35,219622,130.83,6.1,52.5,3.53,80,13,A,3
5466,20135.79,184109,211.33,8.4,45.96,2.99,5,39,A,2
5467,64352.21,158114,128.0,10.4,45.12,3.06,95,34,A,2
5468,41129.59,202307,217.16,7.44,64.53,3.35,97,2,A,10
5469,1216.67,37392,225.97,6.33,84.99,3.73,21,3,B,9
5470,1687.03,42988,215.15,7.93,76.86,3.79,21,30,C,5
5471,1125.0,34875,216.17,6.53,90.16,3.64,58,5,B,8
5472,93267.47,203007,189.53,8.96,48.94,2.77,92,32,A,5
5473,30707.93,202307,220.07,7.06,43.82,3.51,46,2,A,2
5474,25837.73,155078,215.37,6.43,54.89,2.73,8,8,A,11
5475,1931.0,219622,126.15,7.95,66.84,2.88,50,13,A,9
5476,27254.6,202505,217.05,6.86,80.83,3.79,5,6,A,5
5477,40.88,119557,140.41,7.71,47.8,3.57,54,22,B,11
5478,6167.31,120653,138.11,8.3,62.31,3.9,55,18,B,5
5479,13849.72,120653,138.11,8.3,62.31,3.9,82,18,B,5
5480,3741.39,184109,218.58,7.24,54.66,3.26,18,39,A,1
5481,20391.59,203819,138.13,8.98,68.28,3.79,97,24,A,6
5482,9820.06,39910,210.26,8.36,80.58,2.56,80,37,C,9
5483,1379.7,93638,131.69,10.06,35.98,2.75,85,29,B,2
5484,22547.07,118221,185.67,8.52,53.04,3.89,4,45,B,4
5485,20586.64,200898,182.62,8.74,76.01,2.78,10,14,A,8
5486,2770.0,123737,134.51,7.66,49.87,4.19,58,15,B,5
5487,36.7,42988,210.98,8.32,45.31,2.56,12,30,C,2
5488,1071.02,202505,211.94,7.09,64.11,2.8,59,6,A,4
5489,49568.01,34875,212.06,6.5,86.1,2.63,38,5,B,8
5490,7675.74,207499,220.43,7.2,76.97,3.28,49,11,A,10
5491,10781.49,151315,221.95,6.91,86.11,3.42,98,1,A,8
5492,48809.8,158114,126.11,9.59,80.84,2.67,38,34,A,6
5493,43.14,39910,129.84,6.08,38.89,3.44,52,44,C,11
5494,3769.27,125833,215.56,6.56,61.59,2.73,17,9,B,11
5495,11976.45,93638,138.28,9.42,70.42,3.87,5,29,B,8
5496,30938.99,114533,136.64,4.42,22.3,3.4,1,23,B,12
5497,24578.62,155083,138.83,4.14,57.21,4.03,13,40,A,10
5498,1763.88,120653,138.74,8.54,58.24,4.02,85,18,B,9
5499,143.57,42988,215.11,7.93,70.79,3.81,17,30,C,4
5500,33410.17,207499,217.97,7.55,73.74,3.47,23,11,A,3
5501,12247.1,119557,139.7,8.02,75.2,3.83,17,22,B,7
5502,2076.1,41062,207.19,10.64,84.67,3.58,3,43,C,7
5503,40863.68,112238,126.23,14.31,85.2,3.0,79,12,B,10
5504,92564.14,152513,132.98,8.15,37.51,2.96,92,26,A,11
5505,293.92,203819,137.73,8.66,47.28,4.1,59,24,A,3
5506,22464.35,39690,128.13,14.02,48.45,3.53,91,38,C,2
5507,23478.48,203819,136.96,8.66,31.92,3.74,4,24,A,1
5508,178.03,39910,210.65,8.48,56.73,2.74,11,36,A,11
5509,124.66,39690,126.61,14.31,58.18,3.16,59,38,C,11
5510,32677.82,203819,132.55,8.1,78.22,2.94,23,19,A,7
5511,9798.13,128107,204.25,8.19,21.1,2.78,34,25,B,2
5512,7167.92,34875,211.94,6.57,58.5,2.67,9,5,B,3
5513,378.56,103681,140.53,8.74,41.59,3.39,80,35,B,12
5514,36330.76,118221,186.3,8.62,81.31,3.83,2,45,B,7
5515,5045.17,155078,219.79,6.42,68.72,3.47,42,8,A,9
5516,22102.79,39690,130.65,12.19,52.27,4.18,94,38,C,3
5517,27376.17,184109,214.36,8.3,76.47,3.81,96,39,A,4
5518,4947.12,219622,128.62,7.47,42.38,3.44,18,13,A,3
5519,29700.43,39910,212.01,8.4,57.48,3.02,93,36,A,2
5520,1962.1,207499,214.7,7.55,54.43,2.98,27,11,A,1
5521,6257.19,158114,126.61,9.52,42.91,2.75,22,34,A,3
5522,22131.79,119557,140.47,7.71,39.11,3.44,34,22,B,12
5523,1168.49,219622,126.15,7.95,66.84,2.88,28,13,A,9
5524,24507.65,42988,220.7,7.06,57.16,3.67,94,30,C,3
5525,33643.2,158114,131.04,9.28,67.06,3.67,2,34,A,9
5526,6596.0,128107,208.96,7.27,67.2,3.7,41,25,B,9
5527,28373.49,103681,140.33,8.68,63.61,3.71,13,35,B,9
5528,4135.33,184109,220.3,6.99,69.11,3.81,42,39,A,4
5529,925.8,37392,218.9,7.57,88.45,3.68,85,3,B,8
5530,10465.34,204184,137.63,7.83,43.64,3.75,20,27,A,3
5531,5422.75,204184,136.69,8.02,52.82,3.05,44,27,A,10
5532,3922.0,126512,126.33,9.0,75.48,3.08,58,10,B,10
5533,5736.23,118221,187.03,8.62,63.75,3.71,24,45,B,9
5534,1060.0,128107,205.05,7.34,23.21,3.23,58,25,B,1
5535,25998.05,203750,219.9,7.06,46.52,3.41,8,31,A,2
5536,10.08,42988,221.2,6.89,66.97,3.88,23,30,C,4
5537,25943.28,120653,132.72,9.34,75.42,2.74,14,18,B,9
5538,6867.15,206302,126.09,14.18,92.95,3.12,6,28,A,8
5539,2273.64,93638,132.58,10.41,76.91,2.78,12,29,B,7
5540,23577.76,219622,129.61,6.88,68.28,3.62,14,13,A,9
5541,3462.36,112238,130.79,10.93,94.87,4.0,21,12,B,8
5542,2013.14,155083,136.47,4.42,50.21,3.63,30,40,A,10
5543,13037.82,37392,225.25,6.66,78.58,3.56,23,3,B,5
5544,26872.76,219622,126.61,8.32,41.48,2.82,74,13,A,3
5545,6725.25,140167,214.74,7.93,85.72,3.59,24,21,B,6
5546,50329.06,196321,194.38,6.9,71.61,3.48,94,41,A,8
5547,5357.5,112238,129.43,13.5,76.36,3.92,20,12,B,9
5548,5425.84,126512,126.61,9.77,60.05,2.98,97,10,B,3
5549,1319.69,114533,131.82,5.89,43.01,2.83,28,23,B,3
5550,146047.98,205863,130.38,4.61,33.0,3.41,72,4,A,2
5551,32149.8,39910,130.83,5.62,65.97,3.76,90,44,C,6
5552,39057.03,93188,130.65,6.4,26.28,3.24,90,17,B,3
5553,1747.89,103681,142.85,8.66,64.5,3.98,27,35,B,10
5554,8375.89,202307,212.59,8.03,33.19,3.02,44,2,A,2
5555,59438.78,114533,137.58,4.26,41.19,3.87,40,23,B,3
5556,15930.18,57197,191.14,6.99,32.46,2.78,17,16,B,12
5557,42067.12,39910,209.12,8.46,75.56,2.79,93,36,A,5
5558,16806.59,39910,126.61,8.12,41.48,2.82,91,44,C,3
5559,3070.79,205863,129.0,5.95,64.22,3.78,37,4,A,4
5560,5532.88,203819,131.82,8.35,43.74,2.96,24,19,A,3
5561,12142.37,203819,138.83,7.99,53.44,4.15,25,19,A,10
5562,44918.2,219622,129.09,6.88,74.29,3.61,13,13,A,7
5563,2769.99,152513,138.16,7.49,63.04,3.63,42,26,A,6
5564,1430.93,57197,192.62,6.34,37.77,3.66,33,16,B,4
5565,24739.57,120653,134.28,8.98,49.91,3.82,46,18,B,4
5566,5482.45,203819,132.82,8.07,48.45,3.05,24,19,A,10
5567,3840.51,184109,210.37,8.36,78.5,2.62,12,39,A,9
5568,3118.86,112238,129.18,13.5,90.61,3.8,52,12,B,8
5569,4550.14,203007,189.45,8.96,64.69,2.74,49,32,A,5
5570,18639.71,93188,130.72,5.94,68.91,3.63,5,17,B,7
5571,7728.72,203750,213.48,8.03,59.52,3.29,87,31,A,3
5572,2470.05,119557,136.29,8.35,65.01,2.83,93,22,B,6
5573,19366.65,155078,214.47,6.3,34.14,2.57,11,8,A,2
5574,10996.16,34875,211.9,6.46,83.72,2.65,13,5,B,6
5575,47214.5,70713,198.03,7.87,61.83,3.53,95,7,B,8
5576,1726.53,140167,211.52,8.16,70.72,2.72,85,21,B,10
5577,39879.14,202307,221.48,6.89,86.32,3.29,11,2,A,6
5578,5352.22,203750,210.0,8.2,70.87,2.84,56,31,A,5
5579,31585.04,155083,138.83,4.14,57.21,4.03,87,40,A,10
5580,132.0,155083,136.47,4.42,50.21,3.63,60,40,A,10
5581,15545.56,42988,218.11,7.44,56.43,3.24,4,30,C,11
5582,5859.0,202307,215.15,7.93,76.42,3.79,36,2,A,5
5583,3000.41,123737,138.19,8.19,70.29,3.96,55,15,B,8
5584,4250.93,37392,225.01,6.66,72.83,3.89,3,3,B,4
5585,18264.99,196321,198.59,6.43,56.08,3.79,23,41,A,9
5586,22993.48,202307,210.9,8.32,38.49,2.55,14,2,A,2
5587,4595.62,158114,126.28,10.21,65.21,2.64,87,34,A,10
5588,28904.65,203819,132.75,8.07,26.05,3.31,3,19,A,12
5589,6061.13,123737,138.11,8.15,58.84,4.03,3,15,B,5
5590,3398.03,203750,217.87,7.44,61.9,3.31,37,31,A,11
5591,1955.0,103681,142.41,8.84,75.0,3.87,83,35,B,8
5592,50688.41,206302,131.04,11.63,64.05,4.12,40,28,A,4
5593,34077.22,119557,136.4,8.43,79.22,2.81,4,22,B,7
5594,1419.85,158114,129.61,10.64,69.44,3.37,85,34,A,9
5595,812.37,196321,197.66,6.55,57.66,3.93,19,41,A,4
5596,2934.14,219622,130.65,6.1,32.36,3.24,31,13,A,3
5597,9102.57,203742,206.64,7.34,33.2,3.27,29,20,A,2
5598,17324.83,125833,215.2,6.44,86.85,2.69,4,9,B,8
5599,4028.88,119557,142.19,7.75,72.99,3.7,93,22,B,8
5600,13755.41,128107,214.75,7.28,71.93,3.72,7,25,B,8
5601,3249.08,128107,215.55,7.28,57.6,4.04,56,25,B,9
5602,5882.29,203819,137.58,8.66,48.68,4.02,21,24,A,3
5603,24685.6,152513,132.47,8.51,53.62,2.8,4,26,A,6
5604,76.42,39910,210.58,8.48,71.57,2.72,42,37,C,10
5605,18941.44,155083,136.59,4.42,24.46,3.41,80,40,A,12
5606,20.0,39690,131.03,7.4,88.89,4.13,32,33,A,5
5607,10776.8,202505,220.04,6.55,62.78,3.24,71,6,A,11
5608,66735.7,203742,210.98,7.08,47.27,3.53,93,20,A,11
5609,7560.73,203742,209.5,7.27,62.15,3.71,29,20,A,9
5610,5193.38,196321,189.7,7.36,41.31,2.72,20,41,A,4
5611,31976.96,93638,133.61,10.26,33.52,3.44,40,29,B,3
5612,7551.65,34875,211.78,6.5,81.25,2.67,92,5,B,7
5613,952.62,205863,129.79,5.14,55.31,3.36,56,4,A,10
5614,60823.97,205863,126.08,7.37,78.83,2.67,93,4,A,8
5615,28887.29,152513,133.18,7.91,11.17,3.24,8,26,A,2
5616,466.09,37392,225.43,6.33,82.28,3.26,85,3,B,7
5617,57831.43,42988,222.82,6.17,70.28,3.62,38,30,C,10
5618,42592.68,202505,216.73,6.92,87.0,3.52,96,6,A,7
5619,19882.63,205863,129.33,5.64,77.99,3.53,34,4,A,9
5620,23703.53,114533,136.37,4.58,57.14,3.76,49,23,B,9
5621,23056.78,206302,126.67,14.31,47.66,3.16,10,28,A,11
5622,34950.64,203819,132.63,8.1,72.71,2.92,13,19,A,8
5623,18221.91,196321,198.1,6.43,71.56,3.56,23,41,A,8
5624,3483.66,34875,214.38,6.63,60.35,3.29,3,5,B,3
5625,17898.93,151315,217.36,7.87,71.74,3.27,46,1,A,10
5626,16772.83,206302,128.96,13.74,72.12,4.13,14,28,A,4
5627,67649.78,119557,135.41,8.28,28.14,2.77,38,22,B,2
5628,17802.54,41062,207.62,10.64,87.84,3.53,81,43,C,9
5629,125434.23,126512,130.89,7.38,86.87,4.1,72,10,B,6
5630,8674.99,219622,129.61,6.88,68.28,3.62,32,13,A,9
5631,1369.0,34875,222.47,5.6,82.35,3.23,44,5,B,7
5632,4535.78,205863,126.55,8.62,41.36,2.59,44,4,A,2
5633,23613.79,120653,137.34,8.08,36.34,3.75,7,18,B,2
5634,588.84,39910,220.61,6.62,81.76,3.3,67,36,A,7
5635,12.38,39910,131.14,5.62,54.41,3.83,52,44,C,5
5636,2310.07,200898,187.26,8.62,70.66,3.64,27,14,A,9
5637,1926.14,119557,138.86,8.25,69.53,3.92,31,22,B,6
5638,2762.9,203819,132.82,8.27,48.69,3.05,31,24,A,10
5639,7370.58,70713,199.22,7.56,42.53,3.69,22,7,B,10
5640,939.14,39910,209.85,8.55,45.97,2.54,17,36,A,2
5641,8843.45,39690,128.13,14.02,48.45,3.53,97,38,C,2
5642,3031.56,196321,197.55,6.55,50.22,3.87,85,41,A,5
5643,12460.57,93188,131.15,5.53,48.16,3.78,14,17,B,10
5644,4660.15,118221,191.17,8.68,77.2,3.65,42,45,B,7
5645,2351.0,93638,132.02,10.16,51.04,2.9,35,29,B,4
5646,12399.41,200898,182.44,8.74,79.78,2.78,83,14,A,7
5647,214.0,152513,138.23,7.4,64.94,3.54,48,26,A,7
5648,40174.72,151315,221.44,7.14,70.43,3.89,72,1,A,4
5649,43168.0,203819,134.44,8.21,60.48,4.12,91,24,A,4
5650,1579.43,39690,126.44,9.77,54.34,2.96,21,42,C,2
5651,14851.08,118221,191.03,8.57,71.93,3.62,5,45,B,6
5652,3171.0,155078,223.61,5.82,45.52,3.29,44,8,A,1
5653,26483.46,204184,140.44,7.91,46.28,3.63,80,27,A,12
5654,15107.04,203750,214.49,7.93,56.36,3.52,1,31,A,4
5655,1056.9,70713,191.37,8.82,10.09,2.88,30,7,B,1
5656,10326.17,70713,197.55,8.09,48.54,3.87,87,7,B,5
5657,7791.7,219622,130.96,5.96,61.11,3.79,42,13,A,6
5658,8051.91,203819,132.66,8.12,72.17,2.91,26,24,A,8
5659,35082.95,203742,214.73,7.28,76.04,3.57,81,20,A,7
5660,5932.0,207499,214.97,7.35,87.73,2.69,58,11,A,8
5661,12418.28,41062,213.25,9.58,89.85,3.29,8,43,C,6
5662,97268.38,205863,130.72,4.08,80.37,3.19,90,4,A,7
5663,9.96,123737,136.37,7.81,59.0,3.9,80,15,B,9
5664,3575.0,42988,221.38,6.89,72.42,3.63,67,30,C,5
5665,25548.72,202307,215.07,7.85,89.34,3.65,7,2,A,7
5666,48976.38,203819,132.58,8.12,75.27,2.92,91,24,A,7
5667,2155.0,34875,223.97,5.42,66.24,3.6,58,5,B,10
5668,191.19,118221,186.45,8.62,77.0,3.81,28,45,B,8
5669,4538.58,119557,136.29,8.35,65.01,2.83,71,22,B,6
5670,4400.71,37392,215.13,7.55,50.74,3.02,14,3,B,1
5671,17263.1,39910,126.47,7.97,55.66,2.94,91,44,C,4
5672,2947.58,126512,126.44,9.0,68.76,3.13,58,10,B,10
5673,23392.51,93188,126.47,6.64,52.25,2.94,7,17,B,4
5674,1113.36,39690,129.52,8.26,82.51,3.79,67,42,C,9
5675,2961.6,37392,221.64,7.2,63.91,3.31,16,3,B,11
5676,5840.28,39910,129.52,6.56,63.6,3.65,46,44,C,9
5677,55720.04,202505,212.63,6.97,80.93,2.64,90,6,A,7
5678,19139.44,155078,218.5,6.3,65.62,3.62,46,8,A,4
5679,25678.14,203750,217.16,7.44,65.16,3.35,81,31,A,10
5680,3719.08,196321,191.37,7.24,23.76,2.88,21,41,A,1
5681,5712.23,34875,211.66,6.5,83.98,2.62,7,5,B,7
5682,6847.28,120653,137.17,8.08,32.83,3.66,18,18,B,2
5683,6912.38,37392,221.9,7.2,68.0,3.24,1,3,B,11
5684,7196.4,152513,138.2,7.4,64.12,3.7,17,26,A,7
5685,25842.19,203007,190.91,9.14,52.3,2.76,8,32,A,10
5686,93346.87,126512,129.06,8.49,78.62,3.93,40,10,B,5
5687,4189.65,119557,142.19,7.67,70.99,3.58,71,22,B,6
5688,7789.63,128107,204.49,8.19,29.45,2.78,81,25,B,3
5689,7507.23,119557,142.19,7.75,72.99,3.7,20,22,B,8
5690,5203.71,203007,189.58,8.96,47.51,2.77,32,32,A,4
5691,5523.99,39690,130.68,10.93,95.61,3.72,82,38,C,7
5692,1110.79,34875,214.38,6.63,60.35,3.29,24,5,B,3
5693,42021.1,202505,219.24,6.55,69.51,3.37,91,6,A,10
5694,4701.08,152513,132.06,8.51,40.56,2.94,32,26,A,4
5695,3388.43,118221,182.61,8.74,71.36,2.76,6,45,B,8
5696,34797.12,155083,138.2,4.12,64.42,3.58,8,40,A,6
5697,1542.0,140167,214.49,7.93,56.36,3.52,36,21,B,4
5698,26.1,57197,198.59,6.06,51.4,3.79,98,16,B,9
5699,8522.81,140167,214.93,7.85,89.16,3.48,26,21,B,7
5700,8118.08,219622,129.09,7.19,52.4,3.77,20,13,A,5
5701,4632.64,202307,211.26,8.1,88.7,2.66,71,2,A,8
5702,76723.6,184109,214.02,8.18,84.33,3.48,90,39,A,7
5703,16270.25,93188,131.15,5.53,48.16,3.78,87,17,B,10
5704,2359.01,140167,221.48,6.89,88.05,3.29,31,21,B,6
5705,73529.71,151315,221.8,7.14,78.39,3.35,38,1,A,6
5706,16857.14,120653,132.82,9.33,47.12,2.92,10,18,B,10
5707,3786.96,207499,225.97,6.33,85.17,3.73,12,11,A,9
5708,5604.49,70713,196.83,8.26,26.9,3.04,79,7,B,1
5709,26140.0,202307,220.07,7.06,43.82,3.51,58,2,A,2
5710,24534.05,207499,213.77,7.34,67.81,2.81,7,11,A,4
5711,109738.87,204184,140.44,7.91,51.81,3.76,95,27,A,10
5712,1221.0,203750,215.39,7.85,92.07,3.52,41,31,A,8
5713,5936.38,152513,135.87,7.77,69.52,3.88,25,26,A,7
5714,13743.73,70713,189.74,9.01,27.25,2.68,8,7,B,3
5715,36.12,39910,216.41,7.72,71.31,3.37,6,37,C,10
5716,10795.46,112238,128.13,14.02,48.45,3.53,90,12,B,2
5717,49921.17,202307,211.12,8.16,45.5,2.84,23,2,A,12
5718,44436.37,39690,129.04,8.49,87.96,3.94,91,42,C,6
5719,21134.26,202505,212.89,6.97,81.37,2.64,11,6,A,7
5720,2633.95,126512,129.61,8.26,82.27,3.88,19,10,B,9
5721,2768.0,206302,126.79,14.31,50.01,3.2,31,28,A,12
5722,4879.46,203819,132.82,8.07,28.65,3.34,85,19,A,12
5723,34267.49,202505,221.13,6.55,46.8,3.13,4,6,A,12
5724,21533.47,39910,217.18,7.72,66.41,3.18,96,36,A,11
5725,36050.95,204184,135.41,8.24,29.81,2.94,79,27,A,2
5726,18435.37,196321,197.66,6.55,57.66,3.93,97,41,A,4
5727,1432.16,93638,138.74,9.42,62.17,4.02,93,29,B,9
5728,798.11,203742,205.16,7.48,42.78,2.92,56,20,A,11
5729,21723.05,114533,133.26,5.11,21.52,3.26,22,23,B,2
5730,1387.45,203750,221.52,6.56,85.26,3.23,44,31,A,7
5731,316.8,39910,130.07,6.08,31.53,3.12,60,44,C,12
5732,10.0,34875,221.8,5.94,63.55,3.73,19,5,B,3
5733,3175.18,155083,131.78,5.89,35.1,2.8,44,40,A,3
5734,468.11,39910,130.83,5.77,52.5,3.53,14,44,C,3
5735,175.43,34875,212.05,6.5,79.86,2.56,28,5,B,9
5736,711.05,39910,130.98,5.41,68.55,3.75,3,44,C,9
5737,53180.83,203742,208.32,7.29,55.0,3.82,13,20,A,4
5738,57500.38,114533,132.55,5.33,77.16,2.81,7,23,B,7
5739,11660.98,37392,215.51,7.55,48.71,3.01,5,3,B,1
5740,1.97,118221,182.16,8.99,45.8,2.82,45,45,B,3
5741,9779.71,119557,142.5,7.75,73.3,3.92,25,22,B,9
5742,82674.86,151315,220.64,7.35,57.25,3.56,90,1,A,2
5743,16720.82,140167,210.77,8.1,81.67,2.64,34,21,B,7
5744,194.0,34875,222.76,5.6,79.45,3.62,36,5,B,8
5745,45.33,41062,203.37,9.59,84.9,2.64,52,43,C,6
5746,2830.96,155078,214.25,6.29,74.71,2.76,30,8,A,5
5747,22374.6,203819,134.51,8.21,55.75,4.19,7,24,A,5
5748,2598.39,196321,192.83,6.93,41.11,3.83,85,41,A,5
5749,5763.09,155083,136.14,4.58,68.3,3.88,22,40,A,8
5750,11814.93,200898,189.61,8.42,42.96,3.62,55,14,A,2
5751,12588.2,57197,191.03,6.99,26.01,2.78,17,16,B,12
5752,11435.6,151315,210.39,7.81,67.41,2.78,25,1,A,4
5753,38377.26,203819,133.49,8.25,26.09,3.45,2,24,A,2
5754,1358.0,93188,129.0,6.77,40.14,3.68,48,17,B,4
5755,49784.63,93188,129.9,6.62,21.07,3.28,1,17,B,12
5756,9108.47,196321,195.33,6.76,37.02,3.55,55,41,A,10
5757,4040.58,155083,133.61,5.11,18.49,3.44,25,40,A,3
5758,6772.63,206302,128.62,14.02,54.4,3.91,42,28,A,3
5759,19864.93,37392,225.47,6.33,85.85,3.49,95,3,B,8
5760,266.0,41062,204.53,10.4,33.21,2.99,18,43,C,2
5761,6202.33,39690,131.12,7.4,72.94,4.11,4,33,A,4
5762,7519.3,155078,213.67,6.29,62.68,2.84,26,8,A,5
5763,4238.72,37392,221.9,7.2,68.0,3.24,17,3,B,11
5764,224.0,155083,132.5,5.44,69.72,2.81,54,40,A,6
5765,31369.8,204184,140.33,7.85,63.61,3.9,46,27,A,9
5766,10179.29,151315,210.62,7.81,65.86,2.77,3,1,A,4
5767,12057.68,202505,225.07,5.33,72.34,3.51,49,6,A,10
5768,18701.28,126512,129.83,7.87,58.97,3.67,24,10,B,11
5769,7891.74,196321,192.34,6.93,42.87,3.53,22,41,A,4
5770,2.94,119557,135.92,8.35,50.96,2.94,94,22,B,4
5771,2113.82,203007,191.37,8.82,23.78,2.88,12,32,A,1
5772,4102.28,203742,215.74,7.28,58.65,4.0,52,20,A,9
5773,25633.3,155083,132.69,5.33,62.57,2.77,4,40,A,8
5774,14928.51,203742,204.43,8.19,25.43,2.74,26,20,A,2
5775,5895.27,205863,130.65,4.61,50.38,3.62,6,4,A,3
5776,8489.21,202307,211.18,8.1,82.05,2.58,12,2,A,9
5777,3416.15,42988,211.52,8.16,70.72,2.72,98,30,C,10
5778,15716.76,70713,196.96,8.26,21.64,3.19,9,7,B,3
5779,25.92,184109,214.47,8.3,73.31,3.91,54,39,A,5
5780,1217.05,126512,131.11,6.94,76.03,4.47,56,10,B,10
5781,17300.73,205863,131.11,3.88,57.11,3.6,98,4,A,10
5782,60538.36,184109,219.9,7.24,65.81,3.73,91,39,A,3
5783,26035.14,202307,210.68,8.32,51.26,2.73,46,2,A,3
5784,4789.95,203819,136.7,7.94,31.84,3.58,29,19,A,1
5785,11146.38,184109,220.43,6.99,72.36,3.63,98,39,A,5
5786,9431.2,125833,215.36,6.42,44.72,3.02,87,9,B,1
5787,21603.18,93638,135.27,9.97,68.53,3.85,8,29,B,6
5788,88433.59,202307,210.75,8.32,40.19,2.57,91,2,A,2
5789,40539.75,205863,130.74,4.08,83.86,3.37,46,4,A,8
5790,3060.92,203819,134.07,7.66,30.68,3.81,32,19,A,4
5791,20133.76,114533,138.38,4.16,68.34,3.88,33,23,B,8
5792,6986.51,125833,224.59,5.67,57.2,3.63,12,9,B,3
5793,18788.75,204184,140.38,7.85,70.92,3.86,22,27,A,9
5794,15576.72,204184,140.42,7.91,47.88,3.69,98,27,A,11
5795,68324.22,126512,126.09,9.2,84.99,3.02,38,10,B,8
5796,47587.24,184109,218.05,7.72,54.62,3.11,96,39,A,12
5797,12431.69,202307,219.9,7.06,46.98,3.41,18,2,A,2
5798,51904.53,206302,130.68,10.93,95.61,3.72,2,28,A,7
5799,4895.26,203819,138.28,8.95,68.13,4.0,29,24,A,8
5800,19922.0,128107,214.55,7.14,69.54,3.74,9,25,B,6
5801,424.91,39910,130.72,5.41,79.23,3.63,11,44,C,7
5802,13656.88,41062,202.87,9.59,78.59,2.76,8,43,C,5
5803,11087.64,34875,221.95,5.94,67.76,3.84,13,5,B,3
5804,6470.33,125833,215.06,6.44,81.19,2.58,12,9,B,9
5805,1272.0,203742,211.41,7.08,46.38,3.49,77,20,A,11
5806,8698.9,39690,127.09,14.31,45.64,3.15,80,38,C,12
5807,8102.59,123737,135.45,7.81,67.43,3.92,22,15,B,7
5808,17951.55,203819,132.76,8.07,59.91,2.84,97,19,A,10
5809,15715.89,119557,142.94,7.54,54.18,4.03,79,22,B,10
5810,18931.95,184109,222.1,6.23,71.45,3.59,14,39,A,10
5811,4059.26,202307,215.44,7.93,61.48,3.91,31,2,A,5
5812,15412.44,151315,211.6,7.79,86.65,2.66,5,1,A,8
5813,4872.91,206302,128.4,14.02,57.75,3.82,67,28,A,3
5814,2139.42,37392,218.89,7.57,84.41,3.79,44,3,B,5
5815,34429.95,203742,209.02,7.27,68.74,3.74,23,20,A,9
5816,1506.18,103681,136.97,8.55,23.64,3.24,18,35,B,1
5817,7554.1,152513,132.02,8.51,39.68,2.9,17,26,A,4
5818,47473.93,140167,215.45,7.85,91.94,3.53,2,21,B,9
5819,4733.76,123737,136.21,7.81,69.19,3.91,29,15,B,8
5820,38522.52,120653,138.11,8.3,65.48,3.85,13,18,B,5
5821,866.78,39690,126.1,9.2,83.8,3.09,7,42,C,9
5822,11655.02,41062,213.8,9.28,84.99,3.73,79,43,C,9
5823,1255.0,203819,131.9,8.19,45.26,2.96,41,19,A,4
5824,3459.83,125833,214.35,6.38,65.21,2.72,32,9,B,4
5825,7684.24,206302,131.13,11.63,77.99,4.19,3,28,A,4
5826,9038.63,39690,126.08,14.18,92.81,3.04,97,38,C,8
5827,23430.43,206302,131.11,11.63,64.28,4.25,9,28,A,4
5828,21070.75,184109,219.11,7.24,52.75,3.51,74,39,A,2
5829,38033.01,155083,138.12,4.12,55.78,3.75,8,40,A,6
5830,21958.54,125833,219.43,6.38,62.2,3.91,8,9,B,5
5831,28829.75,202307,222.62,6.56,79.45,3.67,81,2,A,9
5832,47063.32,155083,136.46,4.42,40.75,3.57,91,40,A,11
5833,144.75,39910,210.18,8.48,56.73,2.85,26,36,A,12
5834,28222.58,114533,138.65,4.16,56.8,4.06,79,23,B,9
5835,1078.38,39910,214.02,8.18,84.71,3.44,16,36,A,7
5836,3744.56,155083,131.59,5.89,20.84,2.77,33,40,A,2
5837,738.67,42988,215.26,7.85,92.32,3.64,14,30,C,8
5838,7934.52,140167,213.76,8.03,54.69,3.46,24,21,B,3
5839,8349.1,37392,219.74,7.57,80.19,3.47,5,3,B,9
5840,11176.73,184109,214.36,8.3,76.47,3.81,80,39,A,4
5841,41.6,39690,129.81,12.89,59.77,3.83,9,38,C,11
5842,29215.25,219622,126.88,7.8,35.21,2.84,3,13,A,12
5843,6076.63,39910,127.3,7.22,20.6,2.9,1,44,C,1
5844,55.54,119557,140.41,7.71,50.62,3.57,94,22,B,11
5845,14021.97,123737,132.84,8.07,40.71,3.19,46,15,B,11
5846,23282.44,196321,198.1,6.43,71.56,3.56,97,41,A,8
5847,4792.26,103681,136.44,8.86,81.56,2.77,97,35,B,7
5848,252.72,118221,191.17,8.68,77.2,3.65,28,45,B,7
5849,35901.38,120653,132.82,9.33,47.12,2.92,8,18,B,10
5850,34459.67,158114,129.37,10.64,70.05,3.55,91,34,A,9
5851,1318.73,93188,130.89,5.94,68.07,3.62,27,17,B,8
5852,81926.84,202307,210.77,8.1,82.59,2.64,38,2,A,7
5853,3594.71,203742,208.78,7.27,73.52,3.81,50,20,A,8
5854,10694.27,126512,128.72,8.49,67.64,3.77,67,10,B,4
5855,19606.52,196321,189.4,7.36,63.36,2.68,97,41,A,6
5856,2577.27,119557,135.87,8.35,51.04,2.9,85,22,B,4
5857,16209.6,206302,129.78,12.89,73.05,3.84,18,28,A,10
5858,31523.74,125833,220.32,6.4,78.45,3.36,95,9,B,9
5859,16984.94,203819,138.23,8.19,76.17,3.73,3,19,A,7
5860,10160.05,202505,212.74,7.26,56.55,2.72,67,6,A,3
5861,12529.05,70713,190.97,9.14,24.24,2.73,87,7,B,12
5862,876.76,152513,132.76,8.15,57.8,2.72,27,26,A,10
5863,41333.49,39690,129.33,13.5,93.66,3.8,90,38,C,9
5864,109438.91,37392,213.91,7.34,75.81,2.83,38,3,B,5
5865,161983.12,219622,126.55,7.8,42.55,2.83,92,13,A,11
5866,16910.37,155083,138.91,4.14,47.35,4.03,97,40,A,10
5867,13466.05,219622,130.83,6.1,52.5,3.53,26,13,A,3
5868,126.0,200898,185.18,8.52,37.27,3.64,54,14,A,4
5869,55.25,42988,211.86,8.03,44.04,3.01,12,30,C,1
5870,57886.5,206302,126.13,14.18,99.22,3.11,2,28,A,7
5871,30.0,93638,131.74,10.06,36.82,2.77,54,29,B,3
5872,2843.47,57197,193.19,6.34,65.0,3.54,85,16,B,7
5873,4876.1,151315,210.9,7.81,80.44,2.76,85,1,A,5
5874,21007.26,202307,214.49,7.93,55.43,3.52,87,2,A,4
5875,8168.14,203750,214.74,7.93,85.72,3.59,83,31,A,6
5876,565.59,39910,216.94,7.72,66.28,3.31,72,37,C,11
5877,7134.46,112238,130.68,10.93,95.61,3.72,42,12,B,7
5878,42034.27,112238,126.15,14.18,82.45,3.03,38,12,B,9
5879,6974.34,152513,136.64,7.6,18.8,3.4,67,26,A,12
5880,1356.52,202505,223.17,5.96,68.64,3.88,27,6,A,4
5881,14242.39,126512,130.93,7.17,83.07,4.12,96,10,B,9
5882,8255.57,202505,213.43,7.01,70.39,2.72,44,6,A,10
5883,74680.79,203007,195.82,8.51,33.8,3.38,95,32,A,12
5884,17542.35,119557,140.2,8.02,69.16,3.78,74,22,B,9
5885,1214.62,39910,209.4,8.46,68.54,2.77,3,37,C,4
5886,4508.82,152513,137.87,7.49,36.9,4.02,22,26,A,4
5887,17311.17,41062,213.67,9.28,81.12,3.64,40,43,C,8
5888,1087.35,112238,129.0,13.74,68.27,4.15,28,12,B,4
5889,16014.23,70713,196.94,8.26,27.03,3.11,5,7,B,2
5890,2394.98,155083,134.28,4.78,43.69,3.82,30,40,A,4
5891,862.87,37392,218.64,7.57,85.38,3.48,85,3,B,7
5892,4370.84,207499,215.89,7.55,47.17,2.99,44,11,A,2
5893,63443.73,126512,131.14,7.38,77.02,4.06,13,10,B,5
5894,17565.9,39910,209.79,8.55,55.76,2.73,96,37,C,3
5895,4347.39,140167,211.04,8.32,57.1,2.67,67,21,B,3
5896,16989.45,93638,136.5,9.36,59.3,3.62,1,29,B,10
5897,16142.14,200898,190.54,8.42,59.45,3.9,87,14,A,3
5898,3280.5,37392,214.7,7.55,53.35,2.98,34,3,B,1
5899,255.2,39690,129.15,13.5,91.17,3.79,60,38,C,7
5900,3019.15,39910,129.86,6.08,24.82,3.34,98,44,C,12
5901,24253.71,112238,126.79,14.31,50.01,3.2,1,12,B,12
5902,1.58,41062,212.32,9.65,56.43,3.63,56,43,C,3
5903,33912.19,219622,131.04,5.76,64.8,3.82,74,13,A,9
5904,35149.33,118221,191.01,8.57,74.48,3.74,2,45,B,6
5905,1045.5,70713,189.58,8.96,38.99,2.77,33,7,B,4
5906,2555.51,123737,137.26,7.94,30.26,3.87,12,15,B,2
5907,31506.64,205863,126.08,7.37,78.83,2.67,81,4,A,8
5908,13418.6,103681,136.63,8.86,67.08,2.71,10,35,B,9
5909,5234.36,128107,215.09,7.28,68.55,3.87,41,25,B,8
5910,23954.18,203750,211.15,8.1,79.3,2.56,8,31,A,9
5911,58296.91,207499,214.89,7.35,87.7,2.62,2,11,A,8
5912,5339.38,203819,138.11,8.98,63.1,4.03,26,24,A,5
5913,2163.09,93188,128.0,6.87,26.86,3.06,56,17,B,2
5914,5199.89,93188,126.11,6.7,56.28,2.87,21,17,B,9
5915,1775.15,128107,215.74,7.28,54.52,4.0,31,25,B,9
5916,17331.88,120653,138.57,8.54,64.45,3.99,14,18,B,9
5917,2917.73,203819,134.18,7.66,41.26,3.9,31,19,A,4
5918,10445.97,39690,129.43,13.5,76.36,3.92,13,38,C,9
5919,7961.93,140167,215.26,7.85,92.32,3.64,91,21,B,8
5920,3064.42,184109,210.18,8.48,55.31,2.87,42,39,A,12
5921,20409.71,123737,132.63,8.1,72.17,2.92,23,15,B,8
5922,7201.12,205863,126.55,7.13,52.65,2.74,71,4,A,11
5923,12684.28,200898,188.35,8.52,48.71,3.49,21,14,A,11
5924,610.79,93638,137.98,9.14,51.42,4.02,28,29,B,4
5925,501.19,203819,138.09,8.98,58.7,4.05,28,24,A,5
5926,4928.06,118221,184.81,8.55,46.66,3.63,32,45,B,3
5927,55012.45,184109,209.12,8.46,74.86,2.84,40,39,A,5
5928,66722.28,202307,210.76,8.1,85.32,2.62,93,2,A,7
5929,1298.26,155078,214.89,6.32,76.14,2.58,56,8,A,9
5930,907.73,152513,132.77,8.44,50.08,2.72,27,26,A,9
5931,6147.94,205863,126.06,7.37,78.08,2.7,49,4,A,8
5932,874.76,34875,220.48,5.94,48.86,3.26,29,5,B,1
5933,8710.83,204184,141.63,8.01,57.3,4.05,55,27,A,3
5934,9046.64,202505,212.63,6.97,80.93,2.64,42,6,A,7
5935,9.97,158114,130.28,9.65,39.28,3.27,19,34,A,1
5936,18252.65,118221,188.8,8.52,39.93,3.41,34,45,B,12
5937,98023.5,184109,209.12,8.46,74.86,2.84,92,39,A,5
5938,363.16,126512,130.79,7.38,89.92,4.01,80,10,B,6
5939,2607.26,203819,136.96,8.66,31.92,3.74,37,24,A,1
5940,1045.87,207499,214.68,7.37,53.96,2.62,59,11,A,3
5941,2958.14,155083,133.96,5.11,28.89,3.62,29,40,A,3
5942,31968.1,128107,204.7,7.34,18.3,3.2,2,25,B,1
5943,9707.03,203007,189.53,8.96,48.94,2.77,3,32,A,5
5944,36459.67,204184,136.44,7.98,81.56,2.92,16,27,A,7
5945,8410.3,206302,129.33,13.5,93.66,3.8,83,28,A,9
5946,87.69,57197,191.92,6.61,27.18,3.05,59,16,B,2
5947,488.08,39910,214.17,8.18,83.31,3.64,67,36,A,7
5948,10100.53,206302,129.52,13.5,82.95,3.79,11,28,A,9
5949,18.5,42988,221.0,7.06,67.87,3.84,31,30,C,3
5950,10812.06,39690,129.08,13.74,66.59,4.17,2,38,C,5
5951,632.0,120653,138.65,8.54,60.23,4.06,50,18,B,9
5952,25399.83,118221,182.32,8.74,76.61,2.82,4,45,B,7
5953,22164.01,184109,221.46,6.62,73.58,3.72,82,39,A,9
5954,4.44,39690,130.83,11.63,85.94,4.14,52,38,C,6
5955,2376.49,34875,212.09,6.5,84.06,2.58,81,5,B,9
5956,1590.06,57197,190.26,6.87,63.91,2.72,52,16,B,8
5957,27785.42,155078,225.3,5.68,74.28,3.45,72,8,A,6
5958,76719.44,184109,210.65,8.48,55.5,2.77,90,39,A,11
5959,6315.7,70713,194.38,8.62,57.6,3.48,22,7,B,8
5960,8450.0,203750,211.11,8.2,83.51,2.67,58,31,A,6
5961,39621.37,155083,138.38,4.16,66.11,3.88,91,40,A,8
5962,78299.35,219622,129.69,6.39,60.62,3.59,38,13,A,10
5963,16463.02,203750,222.42,6.56,71.54,3.72,1,31,A,9
5964,3348.33,112238,130.83,11.63,85.94,4.14,52,12,B,6
5965,12942.97,152513,136.7,7.47,22.94,3.44,11,26,A,1
5966,3747.86,202307,215.32,7.85,89.86,3.55,19,2,A,8
5967,905.45,125833,225.59,5.54,87.18,3.29,56,9,B,6
5968,2000.19,34875,212.37,6.77,68.11,2.72,22,5,B,10
5969,2231.62,125833,226.07,5.28,80.71,3.64,67,9,B,8
5970,7039.0,126512,131.1,7.38,85.19,4.31,36,10,B,5
5971,8523.55,203742,203.88,7.86,60.38,2.96,6,20,A,5
5972,3991.02,151315,215.86,7.96,76.0,3.55,20,1,A,9
5973,51206.84,126512,126.55,9.77,52.77,2.82,4,10,B,2
5974,6758.13,155083,133.26,5.11,16.87,3.26,17,40,A,2
5975,43921.32,140167,210.89,8.1,87.17,2.61,95,21,B,7
5976,3437.18,203742,208.76,7.29,59.01,4.06,37,20,A,5
5977,5957.52,202307,211.18,8.1,82.05,2.58,83,2,A,9
5978,10693.55,140167,210.28,8.2,74.24,2.83,26,21,B,5
5979,8188.04,205863,126.79,7.13,42.4,2.86,44,4,A,12
5980,4166.24,205863,126.14,7.9,70.83,2.7,37,4,A,6
5981,222.76,39910,129.17,6.56,77.62,3.57,87,44,C,7
5982,28290.61,128107,214.16,6.96,47.92,3.95,72,25,B,3
5983,1791.65,37392,225.25,6.66,81.55,3.5,90,3,B,6
5984,117022.79,204184,136.67,8.02,29.59,3.34,92,27,A,12
5985,13033.16,203742,209.81,7.27,63.44,3.64,67,20,A,9
5986,770.0,155078,221.29,6.12,49.68,3.33,58,8,A,11
5987,690.86,128107,205.21,7.48,40.68,2.93,93,25,B,11
5988,274.03,34875,212.09,6.5,84.06,2.58,27,5,B,9
5989,425.43,184109,214.36,8.18,88.27,3.64,59,39,A,8
5990,221.03,34875,216.53,6.49,77.38,3.9,27,5,B,5
5991,29290.11,93638,138.11,9.14,70.01,3.8,40,29,B,6
5992,61674.82,39910,209.27,8.46,66.74,2.77,92,36,A,4
5993,15940.21,120653,133.85,9.13,41.12,3.63,22,18,B,3
5994,16789.57,200898,182.67,8.72,40.93,3.05,87,14,A,12
5995,40071.04,219622,126.13,7.95,82.27,2.8,4,13,A,7
5996,13665.49,207499,214.85,7.35,84.94,2.58,16,11,A,9
5997,10769.39,70713,194.25,8.62,56.06,3.5,82,7,B,8
5998,6892.34,155083,133.18,5.11,13.29,3.24,74,40,A,2
5999,29850.61,39910,131.11,5.62,51.7,3.83,95,44,C,4
6000,19893.39,202307,214.49,7.93,55.43,3.52,14,2,A,4
6001,8109.6,119557,135.35,8.28,24.36,2.79,33,22,B,2
6002,2773.73,203819,136.7,8.66,32.86,3.58,6,24,A,1
6003,1277.5,128107,203.88,7.86,57.17,2.96,27,25,B,5
6004,31687.44,39910,216.09,7.72,74.16,3.27,91,37,C,10
6005,258.7,204184,137.74,7.83,46.65,3.8,19,27,A,3
6006,9519.81,103681,137.14,8.55,30.45,3.24,32,35,B,2
6007,183.0,39910,210.24,8.4,42.87,2.98,28,37,C,1
6008,10.0,39690,129.83,8.01,63.35,3.67,59,33,A,11
6009,21838.16,204184,141.96,8.25,52.33,4.16,82,27,A,4
6010,33693.47,155083,135.63,4.58,67.86,3.78,40,40,A,7
6011,9082.28,39690,126.16,9.85,78.47,3.06,81,33,A,5
6012,48811.05,140167,221.48,6.89,88.05,3.29,95,21,B,6
6013,2959.72,93188,129.37,6.74,61.94,3.62,19,17,B,9
6014,7085.79,151315,222.78,6.91,69.87,3.72,21,1,A,9
6015,789.69,120653,138.91,8.24,50.97,4.03,41,18,B,10
6016,228.8,207499,223.38,6.83,53.1,3.26,60,11,A,1
6017,7855.34,203742,205.21,7.48,42.38,2.93,44,20,A,11
6018,13956.91,202505,212.97,6.86,38.37,2.98,55,6,A,1
6019,9013.11,152513,138.73,7.14,46.95,3.92,79,26,A,10
6020,23.92,152513,136.42,7.77,59.42,3.68,54,26,A,9
6021,52641.17,123737,136.37,7.81,59.0,3.9,38,15,B,9
6022,7004.38,140167,220.28,7.06,54.81,3.56,24,21,B,2
6023,21510.49,203750,220.92,7.06,62.96,3.79,82,31,A,3
6024,4993.53,119557,142.02,7.67,50.75,3.99,21,22,B,5
6025,8921.19,42988,215.44,7.93,61.87,3.91,1,30,C,5
6026,1308.7,70713,198.08,7.87,63.41,3.51,94,7,B,8
6027,10154.66,158114,129.04,10.58,54.4,3.87,14,34,A,5
6028,37459.97,203819,132.72,8.12,73.52,2.86,93,24,A,9
6029,4638.1,203819,138.26,8.19,73.17,3.69,44,19,A,7
6030,863.98,123737,138.23,8.19,75.31,3.73,19,15,B,7
6031,1471.99,57197,189.42,6.84,52.4,2.67,91,16,B,6
6032,18255.87,158114,129.84,10.15,45.99,3.22,1,34,A,11
6033,6299.4,202307,221.2,6.89,65.69,3.88,29,2,A,4
6034,23514.79,202307,220.07,7.06,43.82,3.51,9,2,A,2
6035,1090.66,203819,131.69,8.35,30.33,2.91,41,19,A,2
6036,4902.06,196321,190.91,7.51,48.09,2.76,44,41,A,10
6037,1993.28,155078,221.95,6.12,49.61,3.24,85,8,A,11
6038,7338.85,151315,220.27,7.35,48.02,3.41,6,1,A,2
6039,4840.84,57197,192.34,6.34,38.04,3.53,34,16,B,4
6040,54237.09,219622,129.69,6.39,60.62,3.59,13,13,A,10
6041,12514.59,114533,132.57,5.33,73.94,2.8,29,23,B,7
6042,3077.39,155078,216.63,6.26,50.64,3.04,83,8,A,2
6043,16456.3,93638,132.61,10.41,74.37,2.79,23,29,B,8
6044,435.6,41062,207.56,10.64,87.43,3.52,11,43,C,8
6045,23.0,203819,132.68,8.07,26.83,3.3,45,19,A,12
6046,70.4,158114,128.13,10.4,44.57,3.09,60,34,A,2
6047,29800.78,123737,133.03,7.77,21.84,3.39,40,15,B,1
6048,7.98,34875,224.02,5.42,69.17,3.59,59,5,B,10
6049,13360.74,126512,126.06,9.2,88.37,3.05,31,10,B,8
6050,27500.67,152513,132.66,8.44,62.68,2.8,8,26,A,8
6051,3373.75,118221,182.92,8.55,30.55,3.23,29,45,B,1
6052,12894.09,155078,219.42,6.3,72.96,3.9,81,8,A,5
6053,45072.11,151315,215.5,7.68,77.72,3.79,2,1,A,5
6054,323.77,39690,129.18,13.5,90.61,3.8,17,38,C,8
6055,46554.78,39910,129.82,6.08,33.8,3.51,92,44,C,11
6056,13336.59,204184,142.5,8.24,76.0,4.08,26,27,A,9
6057,15265.22,112238,126.6,13.98,50.11,2.92,17,12,B,3
6058,26611.53,200898,181.68,8.9,53.47,2.9,17,14,A,4
6059,5294.19,37392,219.37,7.57,79.87,3.9,42,3,B,5
6060,23.88,219622,129.83,6.39,40.65,3.49,54,13,A,11
6061,10889.4,151315,211.46,7.81,80.43,2.67,12,1,A,6
6062,37938.9,119557,142.19,7.75,72.99,3.7,8,22,B,8
6063,8295.78,57197,197.72,6.17,43.61,3.94,7,16,B,4
6064,83657.03,120653,132.98,9.33,43.17,2.96,72,18,B,11
6065,38123.51,184109,210.18,8.48,55.31,2.87,93,39,A,12
6066,35.2,70713,190.4,9.02,48.5,2.78,60,7,B,9
6067,21.28,39910,126.55,7.61,42.55,2.83,52,44,C,11
6068,42183.38,114533,132.44,5.44,58.35,2.83,38,23,B,6
6069,32625.2,119557,135.79,8.35,57.06,2.85,16,22,B,4
6070,61666.32,39690,129.78,7.87,77.91,3.84,95,42,C,10
6071,12971.15,203819,137.26,8.66,33.92,3.87,32,24,A,2
6072,13824.99,118221,186.67,8.62,71.48,3.74,9,45,B,9
6073,20479.14,123737,138.47,8.19,71.61,4.08,13,15,B,9
6074,5819.3,93638,136.52,9.36,62.63,3.58,25,29,B,10
6075,264.0,155078,219.2,6.42,84.77,3.53,60,8,A,9
6076,240.0,123737,138.2,8.15,68.91,3.67,58,15,B,6
6077,29112.98,93638,136.31,9.86,68.08,3.81,95,29,B,9
6078,530.0,39690,126.55,13.98,50.23,2.82,74,38,C,2
6079,5537.52,128107,212.83,6.96,23.87,3.53,67,25,B,1
6080,1720.5,206302,129.08,13.74,66.59,4.17,19,28,A,5
6081,53.75,203750,222.82,6.17,70.28,3.62,19,31,A,10
6082,57313.05,196321,195.98,6.76,25.01,3.27,5,41,A,12
6083,8820.37,128107,205.1,7.48,42.72,3.0,81,25,B,11
6084,25401.69,203750,210.89,8.1,87.17,2.61,46,31,A,7
6085,1621.99,158114,126.23,10.21,70.13,2.62,85,34,A,10
6086,4179.18,140167,211.33,8.16,70.28,2.6,42,21,B,10
6087,80348.28,152513,135.87,7.77,69.52,3.88,95,26,A,7
6088,22795.79,114533,136.31,4.58,60.52,3.81,11,23,B,9
6089,471.78,39690,126.29,9.85,75.4,3.13,74,33,A,5
6090,5481.45,119557,142.19,7.67,70.99,3.58,44,22,B,6
6091,33238.22,103681,137.38,8.55,33.05,3.27,40,35,B,2
6092,75946.28,207499,214.7,7.56,59.33,2.89,38,11,A,12
6093,18674.85,119557,142.21,7.75,73.52,3.7,7,22,B,7
6094,1633.12,34875,220.76,5.94,57.35,3.36,91,5,B,2
6095,448.8,203819,133.49,7.77,23.24,3.45,60,19,A,2
6096,38257.54,184109,220.41,6.99,75.52,3.69,16,39,A,5
6097,5.88,125833,226.97,4.95,66.61,3.62,54,9,B,10
6098,131612.61,202307,218.11,7.44,56.36,3.24,90,2,A,11
6099,9778.37,119557,140.43,7.71,49.11,3.5,22,22,B,12
6100,530.48,39690,127.19,8.95,46.25,3.29,17,33,A,1
6101,17715.19,93638,138.74,9.42,62.17,4.02,13,29,B,9
6102,2788.5,151315,211.11,7.79,80.48,2.64,35,1,A,7
6103,12098.96,206302,129.28,13.5,94.61,3.74,11,28,A,8
6104,10488.59,203750,220.49,7.06,59.3,3.63,17,31,A,3
6105,3.23,39910,209.98,8.55,59.56,2.7,10,36,A,3
6106,53276.14,118221,183.44,8.55,28.73,3.23,92,45,B,2
6107,32713.89,200898,182.78,8.72,46.15,3.04,80,14,A,11
6108,619.07,128107,205.01,7.48,54.09,2.87,59,25,B,10
6109,124.04,126512,129.15,8.26,88.59,3.7,83,10,B,7
6110,31660.03,219622,129.83,6.39,40.65,3.49,23,13,A,11
6111,296.91,39910,212.86,8.4,59.15,3.45,10,36,A,3
6112,1168.68,204184,135.83,8.06,54.95,3.01,28,27,A,4
6113,11418.34,114533,131.59,5.89,18.75,2.77,33,23,B,2
6114,17210.81,203750,211.06,8.16,51.29,2.89,22,31,A,12
6115,412.01,202505,217.35,6.86,65.42,3.91,59,6,A,5
6116,1256.72,39910,130.38,5.77,33.73,3.12,83,44,C,2
6117,12873.18,103681,136.77,8.76,50.81,3.0,11,35,B,11
6118,8372.24,140167,210.98,8.32,45.31,2.56,55,21,B,2
6119,6304.88,120653,135.87,8.89,78.68,3.88,67,18,B,7
6120,8060.8,202307,215.32,7.85,89.86,3.55,32,2,A,8
6121,15983.14,200898,182.78,8.72,46.15,3.04,20,14,A,11
6122,2883.5,207499,221.64,7.2,66.17,3.31,83,11,A,11
6123,675.07,203819,131.59,8.33,25.94,2.94,41,24,A,2
6124,1032.84,155083,137.58,4.26,37.13,3.87,27,40,A,3
6125,11834.29,37392,215.13,7.55,50.74,3.02,95,3,B,1
6126,22228.86,203742,206.64,7.34,33.2,3.27,97,20,A,2
6127,5785.08,158114,129.83,10.15,46.0,3.29,22,34,A,11
6128,8920.0,140167,211.55,8.16,51.71,2.77,49,21,B,11
6129,22.2,196321,189.4,7.36,63.36,2.68,51,41,A,6
6130,6831.6,125833,215.02,6.38,82.99,2.64,74,9,B,6
6131,46141.99,207499,225.47,6.33,86.21,3.49,3,11,A,8
6132,1019.0,206302,126.73,14.31,43.33,3.04,60,28,A,12
6133,885.64,202307,215.28,7.93,69.21,3.81,28,2,A,4
6134,54824.9,196321,197.88,6.43,67.24,3.61,94,41,A,7
6135,45461.53,204184,139.54,7.85,76.87,3.89,23,27,A,7
6136,2839.53,70713,189.4,8.96,63.59,2.68,67,7,B,6
6137,2685.0,112238,126.11,14.18,96.31,3.02,35,12,B,7
6138,6072.87,70713,195.48,8.51,23.41,3.53,25,7,B,11
6139,4918.09,112238,130.98,10.93,83.64,4.13,67,12,B,9
6140,2051.08,119557,142.22,7.75,74.92,3.84,52,22,B,8
6141,4599.2,203750,220.92,7.06,62.96,3.79,32,31,A,3
6142,12791.68,39690,130.79,10.93,94.87,4.0,96,38,C,8
6143,1.29,93638,132.77,10.41,62.49,2.72,94,29,B,9
6144,10954.23,93188,129.07,6.77,60.99,3.67,3,17,B,6
6145,31816.93,39910,130.97,5.77,53.2,3.73,95,44,C,3
6146,73.29,119557,136.32,8.35,67.13,2.8,45,22,B,6
6147,4400.84,37392,214.89,7.35,86.15,2.62,46,3,B,8
6148,8028.57,203750,210.28,8.2,74.24,2.83,17,31,A,5
6149,184.15,34875,212.08,6.5,82.28,2.58,28,5,B,9
6150,11824.04,128107,208.9,7.27,66.8,3.7,90,25,B,8
6151,11.48,39690,126.61,9.27,61.95,3.05,6,33,A,11
6152,1403.56,34875,212.09,6.5,84.06,2.58,26,5,B,9
6153,25.72,39910,126.44,7.61,45.12,2.84,31,44,C,10
6154,19770.82,93638,138.17,9.42,72.99,3.7,13,29,B,8
6155,6591.5,140167,210.28,8.2,65.74,2.77,87,21,B,4
6156,37611.15,206302,126.11,14.1,81.06,3.04,13,28,A,6
6157,4845.8,155083,137.98,4.12,47.51,4.02,3,40,A,4
6158,5839.51,39690,128.72,13.74,63.63,3.77,1,38,C,4
6159,12107.45,123737,136.47,7.87,51.24,3.78,10,15,B,10
6160,3793.61,125833,225.49,5.54,80.26,3.5,56,9,B,6
6161,23338.99,151315,222.44,6.91,83.96,3.73,11,1,A,9
6162,1669.3,128107,213.27,6.96,32.23,3.7,56,25,B,2
6163,4878.61,155078,226.97,5.12,55.03,3.6,42,8,A,10
6164,4729.51,57197,189.77,6.87,70.67,2.69,21,16,B,7
6165,10818.91,196321,195.72,6.76,36.64,3.48,87,41,A,11
6166,768.66,57197,193.51,6.34,65.36,3.54,27,16,B,7
6167,40767.47,202505,216.82,6.92,88.36,3.48,16,6,A,7
6168,11627.04,34875,222.76,5.6,79.45,3.62,3,5,B,8
6169,2453.82,203750,212.9,8.03,59.87,3.04,35,31,A,2
6170,8814.53,152513,137.06,7.47,25.24,3.63,10,26,A,2
6171,21638.02,203007,190.97,9.14,36.62,2.73,55,32,A,12
6172,37115.68,123737,132.75,8.07,25.07,3.31,40,15,B,12
6173,18692.7,207499,214.83,7.35,83.04,2.58,96,11,A,9
6174,8313.44,37392,214.12,7.34,65.56,2.72,4,3,B,4
6175,1892.03,123737,137.34,7.94,33.18,3.92,16,15,B,2
6176,24531.27,155078,221.13,6.12,56.86,3.37,1,8,A,10
6177,11545.03,118221,190.87,8.57,53.2,4.0,82,45,B,4
6178,69720.14,203750,212.22,8.03,36.33,2.99,94,31,A,2
6179,25946.87,112238,126.55,13.98,50.23,2.82,34,12,B,2
6180,5913.3,203819,137.34,7.94,33.91,3.92,33,19,A,2
6181,55.0,140167,210.87,8.32,54.68,2.72,98,21,B,3
6182,1085.0,203007,198.1,7.87,70.12,3.56,58,32,A,8
6183,3772.06,140167,210.05,8.2,66.93,2.78,81,21,B,4
6184,749.75,39690,129.2,8.26,85.61,3.79,5,42,C,8
6185,4977.84,39910,210.51,8.48,66.34,2.63,98,37,C,10
6186,2418.38,120653,136.53,8.47,35.52,3.44,98,18,B,12
6187,14240.82,184109,210.36,8.36,85.73,2.66,10,39,A,8
6188,37909.95,39910,214.49,8.18,86.02,3.5,92,36,A,8
6189,6629.68,37392,215.33,7.56,62.79,2.73,79,3,B,11
6190,1830.62,70713,190.36,9.02,49.84,2.77,24,7,B,9
6191,8053.72,125833,225.37,5.54,73.07,3.81,74,9,B,4
6192,12.85,39910,220.43,6.99,80.74,3.5,49,37,C,6
6193,63205.68,126512,130.07,7.87,48.92,3.43,9,10,B,12
6194,39196.18,151315,221.06,7.35,58.76,3.67,79,1,A,3
6195,2870.0,203742,214.55,7.14,62.01,3.69,58,20,A,6
6196,2048.63,34875,219.29,6.3,51.14,3.17,33,5,B,12
6197,10317.99,39690,130.35,7.6,59.53,3.54,79,33,A,2
6198,4410.47,155083,132.11,5.44,60.05,2.98,6,40,A,5
6199,4759.97,200898,182.05,8.9,69.27,2.9,41,14,A,5
6200,21007.2,151315,223.18,6.57,68.55,3.62,80,1,A,10
6201,36512.94,151315,215.07,7.68,67.84,3.62,72,1,A,4
6202,1870.19,184109,216.25,7.72,67.65,3.35,85,39,A,10
6203,3774.71,205863,126.21,7.9,62.35,2.84,37,4,A,5
6204,3421.64,57197,192.84,6.34,54.08,3.76,32,16,B,6
6205,6148.4,207499,225.56,6.33,87.73,3.57,44,11,A,8
6206,193.48,57197,194.64,6.34,56.99,3.57,28,16,B,9
6207,84069.95,205863,129.52,5.64,69.23,3.47,72,4,A,9
6208,4889.47,203750,210.75,8.32,39.05,2.57,58,31,A,2
6209,31740.91,184109,211.7,8.4,40.34,3.02,1,39,A,2
6210,61.6,103681,138.5,8.51,60.07,4.07,60,35,B,5
6211,1349.88,123737,136.64,7.87,31.44,3.57,97,15,B,12
6212,42494.99,203742,204.85,7.53,75.98,2.8,80,20,A,8
6213,5833.71,202307,214.25,8.03,69.42,3.47,33,2,A,3
6214,28468.45,202307,211.03,8.1,83.49,2.64,23,2,A,7
6215,24873.93,140167,215.69,7.85,80.62,3.53,92,21,B,9
6216,1558.0,155083,131.78,5.89,35.1,2.8,48,40,A,3
6217,2349.84,203007,190.36,9.02,70.2,2.77,29,32,A,9
6218,70.4,39690,128.91,8.69,64.64,4.09,60,33,A,4
6219,15709.5,119557,137.5,8.46,33.52,3.44,82,22,B,3
6220,121126.83,126512,131.19,6.94,70.5,4.3,72,10,B,10
6221,2939.68,39910,214.79,8.18,82.06,3.47,83,36,A,9
6222,13626.4,140167,212.22,8.03,36.33,2.99,46,21,B,2
6223,1383.75,125833,214.73,6.38,79.65,2.7,19,9,B,6
6224,7904.71,39690,128.82,8.69,75.11,3.82,2,33,A,4
6225,28867.68,202505,211.94,7.09,64.11,2.8,87,6,A,4
6226,2175.12,155078,215.37,6.43,54.89,2.73,83,8,A,11
6227,11372.41,202307,221.39,6.89,78.69,3.45,3,2,A,6
6228,5.36,120653,132.82,9.33,26.1,3.18,51,18,B,12
6229,7194.5,114533,135.78,4.58,69.8,3.83,97,23,B,7
6230,453.0,155078,214.46,6.32,77.49,2.62,41,8,A,7
6231,36087.66,119557,138.86,8.25,69.53,3.92,8,22,B,6
6232,7838.31,203007,196.78,8.26,36.86,3.06,34,32,A,1
6233,1732.7,152513,138.57,7.4,57.69,3.99,52,26,A,9
6234,10062.72,41062,203.31,9.52,52.89,2.62,46,43,C,3
6235,1259.88,219622,129.69,6.39,60.62,3.59,28,13,A,10
6236,40046.23,219622,126.29,8.11,44.42,2.95,46,13,A,5
6237,2072.5,119557,141.63,7.5,54.68,3.89,93,22,B,3
6238,1231.0,206302,128.62,14.02,54.4,3.91,36,28,A,3
6239,19295.88,39910,130.89,5.41,79.18,3.62,91,44,C,8
6240,60624.64,206302,126.09,14.18,93.19,3.13,2,28,A,8
6241,3114.47,103681,138.86,8.51,73.26,3.88,21,35,B,6
6242,7025.7,140167,211.26,8.1,89.58,2.66,55,21,B,8
6243,40548.05,203742,213.87,6.96,41.14,3.85,80,20,A,3
6244,11357.12,39690,129.77,12.89,67.31,3.8,96,38,C,10
6245,2177.56,119557,142.76,7.54,57.58,3.92,36,22,B,10
6246,2072.94,203819,131.94,8.19,55.66,2.99,37,19,A,4
6247,17692.79,39910,221.66,6.62,79.49,3.67,8,37,C,9
6248,59.8,103681,135.79,9.05,62.62,2.87,60,35,B,4
6249,1731.23,39690,126.56,9.52,69.74,3.11,16,42,C,4
6250,21131.22,203742,208.96,7.27,70.82,3.7,11,20,A,9
6251,26411.29,206302,126.5,13.98,47.87,2.95,14,28,A,2
6252,7151.13,151315,211.75,7.84,63.93,2.63,32,1,A,10
6253,29205.26,70713,195.64,8.51,19.53,3.5,38,7,B,11
6254,32475.19,219622,130.65,6.1,32.36,3.24,74,13,A,3
6255,17077.35,200898,190.61,8.42,50.04,3.95,87,14,A,3
6256,21475.27,202505,212.76,6.97,83.9,2.61,3,6,A,7
6257,40943.86,184109,214.52,8.3,68.75,3.91,4,39,A,5
6258,4015.94,158114,126.79,10.21,41.93,2.86,12,34,A,12
6259,8523.93,205863,130.45,4.61,34.19,3.49,30,4,A,2
6260,4253.98,119557,135.71,8.28,48.56,2.83,44,22,B,3
6261,5185.27,155083,133.18,5.11,13.29,3.24,21,40,A,2
6262,19738.45,119557,136.15,8.35,65.64,2.91,90,22,B,5
6263,378.4,41062,210.09,10.15,55.7,3.24,60,43,C,11
6264,439.88,39690,126.6,9.85,68.43,3.0,17,33,A,4
6265,8995.67,114533,134.18,4.78,36.74,3.72,81,23,B,4
6266,1348.24,70713,196.96,8.26,21.64,3.19,85,7,B,3
6267,38759.69,57197,196.17,6.23,20.79,3.17,92,16,B,12
6268,5679.39,203819,132.72,8.12,73.52,2.86,30,24,A,9
6269,21404.9,152513,138.73,7.14,46.95,3.92,13,26,A,10
6270,95.5,152513,136.18,7.77,60.58,3.82,54,26,A,8
6271,73215.89,114533,137.06,4.26,29.71,3.63,92,23,B,2
6272,6254.99,70713,195.03,8.51,32.65,3.49,7,7,B,10
6273,3038.22,70713,191.48,8.82,11.32,2.91,44,7,B,1
6274,1737.89,151315,211.6,7.79,86.65,2.66,27,1,A,8
6275,167356.08,203742,208.72,7.27,77.8,3.84,95,20,A,8
6276,1127.47,103681,140.65,8.74,35.8,3.42,41,35,B,1
6277,98.28,42988,210.28,8.2,65.74,2.77,9,30,C,4
6278,14683.8,219622,129.37,6.88,70.19,3.62,55,13,A,9
6279,16246.6,205863,130.35,4.61,41.81,3.35,55,4,A,2
6280,37161.16,158114,130.38,9.65,36.7,3.41,2,34,A,2
6281,316.21,34875,212.01,6.46,83.91,2.64,56,5,B,6
6282,13220.64,103681,136.61,8.76,41.81,3.05,82,35,B,12
6283,53.97,93638,133.85,10.26,43.38,3.63,54,29,B,3
6284,20.88,70713,194.11,8.62,54.56,3.54,54,7,B,8
6285,2000.7,34875,220.12,6.3,45.62,3.13,12,5,B,12
6286,19135.62,200898,184.99,8.55,41.76,3.62,9,14,A,3
6287,36401.06,203819,132.52,8.12,71.12,2.96,13,24,A,7
6288,10090.51,203819,131.98,8.19,49.67,3.01,22,19,A,4
6289,5512.32,125833,215.14,6.44,77.15,2.62,74,9,B,9
6290,8649.43,125833,213.9,6.38,66.07,2.78,7,9,B,4
6291,34275.3,158114,126.44,9.52,35.44,2.6,91,34,A,2
6292,50.92,202307,211.27,8.16,49.33,2.71,54,2,A,12
6293,89059.39,126512,127.19,8.74,43.43,3.29,8,10,B,1
6294,72.0,39910,221.26,6.62,78.16,3.69,60,36,A,9
6295,2178.49,120653,132.15,9.27,49.9,2.98,94,18,B,5
6296,471.09,39910,219.53,7.24,64.54,3.62,16,36,A,3
6297,7907.29,155083,138.2,4.16,67.88,3.7,3,40,A,7
6298,3126.69,119557,136.69,8.57,44.61,3.07,16,22,B,11
6299,5635.03,39910,213.34,8.4,71.07,3.49,82,36,A,3
6300,39148.41,200898,182.78,8.72,46.15,3.04,74,14,A,11
6301,1383.0,206302,131.13,11.63,77.99,4.19,56,28,A,4
6302,19375.38,151315,221.93,6.91,80.42,3.31,80,1,A,7
6303,23276.48,70713,193.31,8.62,54.37,3.53,10,7,B,7
6304,10679.76,39690,126.23,14.31,85.2,3.0,97,38,C,10
6305,2430.13,219622,129.61,6.88,68.28,3.62,31,13,A,9
6306,4212.0,207499,214.42,7.37,46.04,2.57,35,11,A,2
6307,17151.42,39910,220.61,6.62,78.15,3.26,2,37,C,7
6308,24811.37,119557,141.12,7.5,35.68,3.66,90,22,B,2
6309,4489.06,123737,138.26,8.19,72.62,3.69,90,15,B,7
6310,1664.88,93188,126.73,6.88,22.47,2.81,30,17,B,12
6311,4809.41,205863,129.07,5.95,81.85,3.57,35,4,A,6
6312,4742.89,112238,127.58,14.02,50.74,3.34,6,12,B,1
6313,20806.18,155078,224.99,5.68,62.18,3.89,5,8,A,4
6314,20140.38,152513,132.06,8.51,40.56,2.94,93,26,A,4
6315,3331.3,125833,224.0,5.67,44.03,3.41,96,9,B,2
6316,950.04,120653,136.96,8.08,30.44,3.57,28,18,B,1
6317,11425.55,158114,129.0,10.58,57.73,3.78,80,34,A,4
6318,44802.64,39690,131.03,11.63,83.84,4.29,92,38,C,5
6319,15241.76,155078,218.83,6.42,85.46,3.65,5,8,A,7
6320,13008.35,126512,126.58,9.77,55.92,2.88,91,10,B,3
6321,10.0,120653,134.68,8.98,57.55,4.1,98,18,B,5
6322,6.01,42988,211.55,8.16,51.71,2.77,52,30,C,11
6323,6150.85,39690,127.58,8.95,56.62,3.23,4,33,A,1
6324,201.32,34875,220.12,6.3,45.62,3.13,28,5,B,12
6325,2362.44,128107,214.61,7.14,73.52,3.56,33,25,B,6
6326,8111.51,205863,126.23,7.13,63.96,2.62,49,4,A,10
6327,10566.2,206302,130.79,11.63,91.61,4.01,74,28,A,6
6328,1966.4,196321,198.1,6.43,69.07,3.56,52,41,A,8
6329,241.28,39690,130.97,7.54,67.92,4.29,9,42,C,3
6330,23222.13,203750,211.0,8.2,87.01,2.65,8,31,A,6
6331,40724.52,151315,217.05,7.87,69.31,3.28,97,1,A,10
6332,42948.78,128107,214.55,7.14,67.69,3.8,92,25,B,5
6333,33641.04,205863,126.11,7.37,73.54,2.57,1,4,A,9
6334,26633.15,206302,129.09,13.5,89.85,3.84,9,28,A,7
6335,150.06,39690,129.05,8.49,81.87,3.89,25,42,C,6
6336,4535.0,126512,130.83,7.38,88.58,4.14,50,10,B,6
6337,20400.04,128107,210.55,7.08,50.22,3.57,4,25,B,10
6338,9652.47,70713,198.1,7.87,57.84,3.6,5,7,B,9
6339,2441.93,203819,134.59,8.21,58.49,4.21,37,24,A,5
6340,2244.27,205863,130.16,4.61,38.64,3.16,19,4,A,1
6341,9710.15,205863,126.09,7.37,76.53,2.64,12,4,A,8
6342,32487.91,103681,140.44,8.74,51.81,3.57,38,35,B,10
6343,2001.67,204184,142.77,8.24,64.92,4.16,19,27,A,9
6344,3330.34,37392,214.93,7.35,88.02,2.66,74,3,B,8
6345,456.28,57197,195.72,6.23,31.73,3.48,41,16,B,11
6346,55758.15,126512,130.9,7.54,56.54,4.29,5,10,B,3
6347,17346.01,120653,132.92,9.33,45.26,3.03,87,18,B,11
6348,3314.64,118221,181.66,8.9,54.26,2.98,93,45,B,5
6349,13011.44,119557,137.63,8.46,41.42,3.6,22,22,B,3
6350,2480.34,196321,193.09,6.9,67.01,3.6,35,41,A,7
6351,162202.48,219622,129.04,7.19,63.35,3.7,92,13,A,6
6352,7394.75,128107,214.37,7.14,57.1,4.03,67,25,B,4
6353,16104.32,206302,130.7,10.93,85.53,3.73,3,28,A,7
6354,1163.96,34875,222.43,5.8,87.08,3.29,44,5,B,6
6355,20980.47,155083,135.96,4.58,67.45,3.9,9,40,A,7
6356,7845.67,202505,212.98,7.01,48.46,2.84,20,6,A,12
6357,7123.52,205863,126.61,8.62,55.19,2.74,29,4,A,3
6358,6677.52,207499,223.19,6.83,54.44,3.16,42,11,A,1
6359,13027.68,206302,126.06,14.18,87.01,3.16,87,28,A,8
6360,60.92,39690,129.79,7.87,72.79,3.84,59,42,C,10
6361,84985.92,126512,126.56,9.52,69.74,3.11,8,10,B,4
6362,21390.78,204184,140.2,7.85,71.44,3.88,96,27,A,9
6363,23486.08,120653,138.2,8.3,70.17,3.58,90,18,B,6
6364,45.0,196321,191.86,7.24,16.81,3.04,54,41,A,2
6365,1776.0,70713,197.6,8.09,44.29,3.85,48,7,B,4
6366,26026.54,155083,133.96,5.11,28.89,3.62,2,40,A,3
6367,6266.25,128107,204.64,7.48,25.89,3.18,34,25,B,12
6368,2442.39,205863,129.79,5.14,55.31,3.36,85,4,A,10
6369,27391.99,70713,198.59,7.87,50.64,3.79,40,7,B,9
6370,101993.08,203742,204.7,7.34,20.39,3.2,38,20,A,1
6371,2494.0,128107,204.49,8.19,29.45,2.78,50,25,B,3
6372,13713.65,203819,133.49,8.25,26.09,3.45,1,24,A,2
6373,71.8,196321,192.62,6.93,39.81,3.66,54,41,A,4
6374,16997.93,39690,126.58,9.77,55.92,2.88,97,42,C,3
6375,24638.34,39690,129.17,8.44,95.28,3.69,95,33,A,7
6376,243.47,39910,220.61,6.62,81.76,3.3,21,36,A,7
6377,12.0,155078,226.36,5.4,66.96,3.72,54,8,A,9
6378,2531.19,203819,132.77,8.12,60.31,2.85,37,24,A,9
6379,16654.88,203007,197.05,8.26,51.51,3.49,82,32,A,3
6380,18890.16,120653,131.64,9.2,30.91,2.75,11,18,B,2
6381,348.04,119557,139.99,8.02,75.33,3.9,28,22,B,8
6382,1606.68,207499,218.89,7.57,85.61,3.79,31,11,A,5
6383,73538.08,219622,126.67,7.8,28.22,2.83,55,13,A,11
6384,1116.16,37392,221.08,7.2,71.04,3.37,52,3,B,10
6385,24958.63,200898,187.48,8.52,55.82,3.58,14,14,A,10
6386,2738.65,37392,214.57,7.37,47.93,2.55,44,3,B,2
6387,2399.01,155083,134.44,4.78,52.68,3.99,24,40,A,4
6388,12430.91,207499,220.75,7.2,75.56,3.27,17,11,A,10
6389,47.88,114533,138.09,4.12,52.9,3.95,45,23,B,5
6390,4378.26,112238,126.14,14.1,81.39,2.94,52,12,B,6
6391,60260.46,120653,138.12,8.3,59.1,3.75,40,18,B,6
6392,66617.39,103681,136.61,8.76,41.81,3.05,72,35,B,12
6393,13568.78,125833,216.82,6.42,58.5,3.04,10,9,B,2
6394,65825.92,203742,208.59,7.27,78.89,3.81,94,20,A,7
6395,21251.19,206302,126.13,14.18,99.22,3.11,97,28,A,7
6396,2499.28,123737,136.86,7.94,21.39,3.7,42,15,B,1
6397,39758.42,158114,129.78,10.15,58.93,3.36,40,34,A,10
6398,2690.2,118221,187.69,8.52,63.82,3.54,6,45,B,10
6399,14489.73,112238,126.16,14.1,67.84,3.06,55,12,B,5
6400,10352.74,203742,214.69,7.28,79.2,3.48,26,20,A,7
6401,1681.46,118221,185.36,8.52,48.71,3.72,85,45,B,4
6402,67302.61,202307,219.53,7.06,45.99,3.26,94,2,A,1
6403,162.71,39910,210.29,8.36,82.1,2.58,12,37,C,9
6404,124022.94,200898,182.67,8.72,40.93,3.05,95,14,A,12
6405,1092.03,158114,130.55,9.65,39.89,3.54,85,34,A,2
6406,1345.76,39690,126.11,9.2,84.04,2.96,21,42,C,9
6407,9328.55,219622,130.9,6.1,47.83,3.67,20,13,A,3
6408,6322.64,203742,208.96,7.29,62.26,4.07,20,20,A,5
6409,2895.9,203742,206.92,7.34,37.33,3.43,27,20,A,3
6410,110010.62,219622,126.49,7.8,49.96,2.83,95,13,A,11
6411,2913.0,123737,132.87,8.07,55.09,3.06,35,15,B,10
6412,5225.8,112238,126.15,14.18,82.45,3.03,42,12,B,9
6413,1350.31,70713,189.94,9.02,66.07,2.69,52,7,B,7
6414,9219.49,128107,205.21,7.48,40.68,2.93,3,25,B,11
6415,20231.2,203750,211.18,8.1,83.03,2.58,10,31,A,9
6416,4.26,196321,189.74,7.54,33.4,2.68,51,41,A,3
6417,19096.26,152513,132.76,8.15,39.93,2.88,80,26,A,10
6418,17027.4,155078,225.74,5.4,73.77,3.62,46,8,A,8
6419,4860.62,118221,181.66,8.9,54.26,2.98,20,45,B,5
6420,58998.37,155078,226.57,5.4,71.1,3.67,92,8,A,9
6421,17518.1,202307,210.48,8.2,63.27,2.72,49,2,A,4
6422,7293.03,202307,211.04,8.32,57.56,2.67,33,2,A,3
6423,1460.54,125833,215.02,6.38,83.75,2.67,19,9,B,6
6424,2615.62,219622,130.35,6.1,31.39,3.08,31,13,A,2
6425,8968.66,158114,126.13,9.59,78.47,2.65,55,34,A,6
6426,8806.81,125833,216.82,6.42,58.5,3.04,46,9,B,2
6427,10821.06,34875,215.84,6.49,83.81,3.7,4,5,B,6
6428,8096.26,202307,217.65,7.44,59.33,3.3,33,2,A,11
6429,154.56,42988,210.76,8.1,85.61,2.62,17,30,C,7
6430,11349.3,123737,136.48,7.87,41.1,3.69,1,15,B,11
6431,114.4,34875,211.66,6.5,81.14,2.64,60,5,B,7
6432,2786.63,57197,197.55,6.17,53.57,3.87,44,16,B,5
6433,13995.32,158114,130.79,9.58,78.85,3.33,79,34,A,6
6434,1408.79,125833,221.32,6.05,63.96,3.37,71,9,B,10
6435,7.98,39910,131.08,5.22,61.79,3.82,59,44,C,10
6436,29859.65,93638,136.18,9.86,71.3,3.82,95,29,B,8
6437,27638.68,202505,223.35,5.96,80.39,3.5,11,6,A,6
6438,11407.7,200898,186.56,8.62,72.55,3.7,49,14,A,8
6439,17601.1,204184,136.32,8.06,70.0,2.94,17,27,A,6
6440,17478.99,205863,130.74,4.61,53.63,3.67,87,4,A,3
6441,5918.7,203742,205.11,7.48,57.56,2.92,30,20,A,10
6442,14945.64,203819,137.06,8.66,38.61,3.8,46,24,A,2
6443,2448.12,158114,131.04,9.58,54.42,3.86,6,34,A,4
6444,9062.83,203750,220.28,7.06,54.81,3.56,25,31,A,2
6445,2479.67,204184,140.23,7.85,70.93,3.93,27,27,A,9
6446,79.6,41062,205.99,10.4,60.24,3.46,52,43,C,3
6447,6205.72,125833,225.11,5.67,67.87,3.84,25,9,B,3
6448,23975.49,112238,131.13,11.63,77.99,4.19,25,12,B,4
6449,15060.58,39690,126.58,9.77,55.92,2.88,81,42,C,3
6450,31.27,39910,222.11,6.23,74.39,3.51,52,37,C,10
6451,62757.63,39690,129.81,12.89,59.77,3.83,38,38,C,11
6452,38433.85,112238,130.72,10.93,93.47,3.77,79,12,B,7
6453,55916.25,118221,182.54,8.72,30.59,3.14,2,45,B,12
6454,2146.68,70713,198.1,7.87,60.46,3.56,31,7,B,8
6455,6300.63,93188,129.9,6.62,21.07,3.28,6,17,B,12
6456,2029.9,151315,211.32,8.11,46.63,2.56,35,1,A,2
6457,24574.62,103681,136.49,8.86,77.36,2.8,22,35,B,8
6458,63275.48,202505,212.91,7.01,49.14,2.94,40,6,A,12
6459,5930.77,158114,128.96,10.58,63.83,3.78,32,34,A,4
6460,6621.97,103681,142.94,8.66,55.4,4.0,81,35,B,10
6461,1649.0,93188,126.38,6.88,47.95,2.85,35,17,B,10
6462,1399.89,39910,129.04,6.91,61.39,3.73,16,44,C,6
6463,30.0,41062,203.45,9.82,80.43,2.58,32,43,C,9
6464,6598.13,202307,210.56,8.2,81.13,2.76,30,2,A,5
6465,4785.0,126512,126.11,9.2,85.03,3.02,50,10,B,7
6466,3273.88,34875,222.52,5.6,81.05,3.31,42,5,B,7
6467,17288.08,158114,130.84,9.28,72.44,3.61,97,34,A,8
6468,3616.65,119557,137.63,8.46,41.42,3.6,6,22,B,3
6469,21445.98,205863,130.96,4.31,77.41,3.48,74,4,A,6
6470,21275.42,151315,215.5,7.68,77.72,3.79,23,1,A,5
6471,12967.37,152513,138.83,7.14,54.07,4.03,11,26,A,10
6472,2406.6,120653,137.06,8.08,37.62,3.63,52,18,B,2
6473,18570.33,203819,138.19,8.19,69.83,3.96,97,19,A,8
6474,13891.52,125833,226.97,4.95,66.61,3.62,10,9,B,10
6475,15929.12,158114,126.15,9.82,78.53,2.62,79,34,A,7
6476,20705.89,219622,130.16,6.1,33.8,3.08,80,13,A,1
6477,4267.31,70713,192.83,8.6,36.61,3.77,79,7,B,5
6478,29006.3,205863,126.11,7.37,80.7,2.65,81,4,A,7
6479,11182.66,93188,126.18,6.64,53.94,2.95,81,17,B,5
6480,593.29,112238,131.04,10.93,81.22,3.97,98,12,B,9
6481,17945.33,118221,191.01,8.57,74.48,3.74,10,45,B,6
6482,78770.01,205863,126.38,7.13,64.17,2.74,40,4,A,10
6483,16314.25,206302,131.1,11.63,84.51,4.11,80,28,A,5
6484,10560.28,203007,189.67,9.01,37.72,2.62,3,32,A,3
6485,8308.79,151315,211.45,7.81,84.11,2.64,42,1,A,6
6486,85.0,123737,132.15,8.19,47.13,3.11,54,15,B,5
6487,11706.34,151315,219.89,7.35,48.53,3.26,98,1,A,1
6488,26690.82,202307,215.07,7.85,89.34,3.65,46,2,A,7
6489,21877.81,203819,131.53,8.33,22.43,2.95,7,24,A,2
6490,26585.37,202505,223.17,5.96,68.64,3.88,46,6,A,4
6491,12907.01,204184,136.63,8.02,57.78,2.9,55,27,A,10
6492,49567.33,202505,216.14,6.86,70.83,3.47,16,6,A,3
6493,85593.38,207499,214.79,7.34,82.81,2.67,95,11,A,6
6494,436.27,41062,213.06,9.58,78.27,3.81,11,43,C,4
6495,301.49,34875,222.31,5.8,73.45,3.69,71,5,B,5
6496,4686.72,126512,130.38,7.54,55.73,3.72,37,10,B,2
6497,4148.95,118221,185.91,8.62,74.04,3.75,21,45,B,7
6498,4199.01,125833,214.79,6.44,84.49,2.61,96,9,B,7
6499,9435.59,70713,199.22,7.56,42.53,3.69,91,7,B,10
6500,15488.66,206302,127.86,14.02,51.3,3.38,25,28,A,2
6501,10119.33,128107,208.53,7.27,72.67,3.76,74,25,B,7
6502,2476.88,39910,209.39,8.46,77.34,2.83,67,37,C,5
6503,11406.34,128107,208.44,7.27,71.64,3.71,74,25,B,7
6504,20751.5,206302,131.14,11.63,76.03,4.17,9,28,A,5
6505,2833.77,203007,192.84,8.6,61.25,3.76,29,32,A,6
6506,19657.79,203742,210.55,7.08,53.69,3.57,17,20,A,10
6507,10920.01,112238,129.04,13.74,78.72,3.98,90,12,B,6
6508,15667.26,203819,131.59,8.35,23.22,2.94,3,19,A,2
6509,674.12,39910,128.0,7.22,40.85,3.06,11,44,C,2
6510,83098.16,151315,221.36,7.35,67.61,3.84,90,1,A,3
6511,529.54,39910,214.24,8.3,81.28,3.79,74,36,A,5
6512,15371.2,126512,126.15,9.2,85.52,3.03,26,10,B,9
6513,10941.88,184109,220.62,6.62,82.89,3.41,17,39,A,7
6514,8173.43,196321,191.67,7.24,32.23,3.01,22,41,A,1
6515,24176.19,93188,126.15,6.7,65.66,2.79,4,17,B,7
6516,87397.62,219622,126.1,7.95,65.71,2.87,38,13,A,9
6517,4271.6,184109,214.19,8.3,74.98,3.81,30,39,A,4
6518,429.42,128107,214.65,7.14,69.84,3.51,80,25,B,6
6519,882.13,151315,211.37,7.79,81.84,2.64,27,1,A,7
6520,60.9,103681,137.74,8.55,46.65,3.63,80,35,B,3
6521,9303.55,152513,132.76,8.15,57.8,2.72,10,26,A,10
6522,19096.76,125833,225.18,5.54,68.83,3.89,87,9,B,4
6523,5589.62,70713,197.61,8.09,45.38,3.9,1,7,B,5
6524,8712.44,151315,222.44,6.91,83.96,3.73,17,1,A,9
6525,6235.15,120653,132.6,9.34,75.79,2.79,21,18,B,7
6526,3610.3,196321,191.03,7.51,31.51,2.78,20,41,A,12
6527,64121.38,118221,185.67,8.52,53.04,3.89,1,45,B,4
6528,7200.04,114533,133.74,5.11,29.36,3.6,20,23,B,3
6529,1094.29,155083,138.74,4.16,50.98,4.02,27,40,A,9
6530,21868.96,203819,132.36,8.19,68.88,3.01,80,19,A,6
6531,21120.64,205863,129.28,5.64,81.47,3.52,80,4,A,8
6532,9058.5,155078,213.67,6.29,62.68,2.84,34,8,A,5
6533,3025.75,37392,221.41,7.2,61.7,3.3,24,3,B,11
6534,29198.09,203007,189.52,9.02,67.55,2.71,13,32,A,7
6535,66394.22,205863,126.09,7.37,76.53,2.64,72,4,A,8
6536,19583.13,41062,207.43,10.64,86.64,3.64,97,43,C,8
6537,6031.9,202505,222.67,6.13,57.89,3.67,29,6,A,3
6538,2511.51,118221,183.18,8.55,24.05,3.24,32,45,B,1
6539,1824.37,39910,210.26,8.36,80.58,2.56,67,37,C,9
6540,6564.42,93188,126.11,6.64,57.14,2.84,21,17,B,6
6541,2429.15,70713,197.41,8.26,44.99,3.75,56,7,B,3
6542,26886.86,203007,197.23,8.26,47.64,3.66,4,32,A,3
6543,11975.49,205863,126.14,7.37,73.66,2.67,87,4,A,7
6544,25265.16,57197,197.56,6.17,56.74,3.84,40,16,B,5
6545,32102.86,39910,218.96,7.24,54.49,3.41,91,37,C,2
6546,1231.0,119557,139.8,8.02,77.79,3.88,41,22,B,7
6547,4527.89,155078,214.67,6.3,39.1,2.51,29,8,A,2
6548,7579.35,112238,130.9,12.19,56.26,4.04,81,12,B,3
6549,1782.29,112238,129.84,12.89,53.25,3.62,41,12,B,11
6550,22541.15,126512,131.1,7.38,85.19,4.31,22,10,B,5
6551,48213.73,184109,220.43,6.99,80.33,3.5,38,39,A,6
6552,267.74,70713,190.4,9.02,48.5,2.78,80,7,B,9
6553,7040.72,196321,189.45,7.36,56.97,2.74,26,41,A,5
6554,6466.57,202307,214.49,7.93,55.43,3.52,44,2,A,4
6555,9562.79,140167,211.06,8.03,44.24,2.98,10,21,B,1
6556,2431.8,152513,132.36,8.51,58.46,2.86,29,26,A,6
6557,97.26,34875,215.99,6.53,86.97,3.65,28,5,B,7
6558,25419.49,118221,182.81,8.72,58.61,2.87,72,45,B,10
6559,0.04,155078,225.61,5.4,81.21,3.57,99,8,A,8
6560,18555.1,155078,218.77,6.42,84.26,3.58,79,8,A,7
6561,300.92,70713,199.22,7.56,42.53,3.69,28,7,B,10
6562,98955.58,206302,131.11,10.2,71.74,4.47,92,28,A,10
6563,35000.3,151315,217.36,7.87,71.74,3.27,4,1,A,10
6564,11357.89,39910,210.6,8.4,51.18,2.98,4,36,A,1
6565,7313.23,140167,221.07,6.89,69.02,3.89,33,21,B,4
6566,3562.67,158114,126.6,9.59,50.07,2.74,20,34,A,4
6567,12273.14,155078,224.91,5.82,66.69,3.84,81,8,A,3
6568,715.98,39690,127.44,8.95,59.46,3.34,67,33,A,1
6569,8076.82,219622,126.56,8.11,50.39,2.92,96,13,A,4
6570,2828.87,93188,126.73,6.88,22.47,2.81,42,17,B,12
6571,846.35,119557,141.21,7.5,36.25,3.7,28,22,B,2
6572,1024.14,34875,222.34,5.8,81.02,3.45,30,5,B,6
6573,9894.0,120653,132.76,9.33,37.09,3.06,29,18,B,12
6574,51648.08,158114,126.21,9.59,60.74,2.84,38,34,A,5
6575,4045.71,118221,191.86,8.68,65.32,4.04,32,45,B,9
6576,1069.77,203750,211.86,8.03,44.04,3.01,18,31,A,1
6577,30203.01,114533,137.58,4.26,41.19,3.87,10,23,B,3
6578,6141.13,114533,138.23,4.16,70.86,3.54,35,23,B,7
6579,15751.24,128107,214.83,7.28,66.99,3.81,49,25,B,8
6580,4554.9,219622,129.83,6.39,40.65,3.49,83,13,A,11
6581,1276.13,155083,138.14,4.16,70.09,3.77,56,40,A,8
6582,12814.47,203819,136.49,8.45,47.21,3.67,9,24,A,12
6583,21135.28,118221,182.72,8.72,70.58,2.71,90,45,B,10
6584,4939.56,128107,214.16,6.96,47.92,3.95,22,25,B,3
6585,17673.04,158114,130.83,9.65,48.09,3.71,82,34,A,3
6586,867.17,39910,210.13,8.36,81.88,2.64,7,37,C,7
6587,349.36,155078,225.88,5.4,75.33,3.64,36,8,A,8
6588,4085.57,151315,210.39,7.81,67.41,2.78,83,1,A,4
6589,8521.97,203007,192.84,8.6,61.25,3.76,67,32,A,6
6590,43725.38,120653,137.87,8.3,47.75,4.02,1,18,B,4
6591,13390.71,103681,136.32,9.05,70.0,2.78,24,35,B,6
6592,421.61,39910,126.44,8.12,31.53,2.67,7,44,C,2
6593,17902.75,34875,218.57,6.3,60.71,3.3,95,5,B,11
6594,66687.86,205863,126.28,7.13,67.73,2.64,93,4,A,10
6595,4773.82,207499,218.84,7.57,89.46,3.68,6,11,A,7
6596,6124.84,120653,138.47,8.54,71.85,3.92,32,18,B,9
6597,6561.23,204184,142.19,8.24,75.22,3.82,21,27,A,8
6598,894.89,152513,138.38,7.4,63.69,3.88,19,26,A,8
6599,2654.57,203819,138.26,8.19,73.17,3.69,37,19,A,7
6600,11516.48,200898,181.69,8.9,54.28,2.9,20,14,A,4
6601,32.43,196321,197.59,6.55,54.89,3.8,99,41,A,5
6602,12718.68,196321,190.78,7.51,57.1,2.74,17,41,A,10
6603,4322.53,126512,126.15,9.2,91.03,3.1,37,10,B,7
6604,959.1,39910,217.18,7.72,66.41,3.24,87,37,C,11
6605,12378.67,203819,136.42,7.81,64.99,3.86,98,19,A,9
6606,29454.01,103681,137.96,8.51,37.27,3.64,13,35,B,4
6607,4705.59,123737,136.48,7.87,43.39,3.74,67,15,B,11
6608,9015.57,184109,209.4,8.46,68.15,2.77,67,39,A,4
6609,47848.64,196321,195.18,6.76,45.62,3.55,72,41,A,10
6610,927.47,37392,223.38,6.83,51.86,3.26,6,3,B,1
6611,3975.64,151315,215.73,7.68,67.63,3.91,85,1,A,5
6612,39613.81,205863,126.13,7.37,79.78,2.61,97,4,A,7
6613,3132.68,112238,130.55,12.19,53.13,3.95,31,12,B,2
6614,16052.98,155078,213.67,6.29,61.35,2.85,5,8,A,5
6615,378.4,205863,130.28,4.61,42.09,3.27,60,4,A,1
6616,19.47,39910,213.11,8.4,64.9,3.49,9,36,A,3
6617,10263.74,206302,129.43,13.5,76.36,3.92,87,28,A,9
6618,7642.5,155083,132.72,5.33,70.66,2.74,34,40,A,9
6619,15270.79,118221,181.76,8.9,65.45,2.87,46,45,B,4
6620,34768.51,103681,136.64,8.76,58.38,2.87,38,35,B,10
6621,12282.23,203819,136.48,7.87,44.97,3.74,25,19,A,11
6622,11021.02,125833,216.82,6.42,58.5,3.04,9,9,B,2
6623,7538.46,41062,205.44,10.4,58.37,3.06,82,43,C,2
6624,10.5,39690,129.79,8.01,76.73,3.84,41,33,A,10
6625,2602.76,202505,212.98,7.09,81.81,2.67,31,6,A,6
6626,2886.61,39910,210.18,8.48,59.1,2.86,83,36,A,12
6627,316.31,39690,126.56,14.1,64.95,3.11,74,38,C,4
6628,32113.9,203750,221.26,6.89,69.21,3.81,72,31,A,4
6629,944.72,184109,210.21,8.46,83.96,2.64,27,39,A,6
6630,3828.0,39910,127.09,7.61,26.79,2.87,80,44,C,12
6631,1338.53,37392,214.7,7.56,57.16,2.89,12,3,B,12
6632,5308.87,155083,136.49,4.42,42.09,3.6,22,40,A,10
6633,2257.25,196321,190.97,7.51,33.9,2.73,41,41,A,12
6634,3089.03,57197,197.79,6.17,77.31,3.69,21,16,B,6
6635,18145.94,120653,138.23,8.54,77.43,3.61,16,18,B,7
6636,7319.77,112238,130.55,12.19,53.13,3.95,44,12,B,2
6637,3282.13,93638,138.65,9.42,63.38,4.06,55,29,B,9
6638,94179.77,155083,136.18,4.58,64.05,3.82,92,40,A,8
6639,8834.76,112238,128.26,14.02,51.72,3.67,20,12,B,3
6640,12697.01,206302,131.12,11.63,66.73,4.22,49,28,A,4
6641,90076.18,57197,194.64,6.34,56.99,3.57,9,16,B,9
6642,241.3,103681,140.2,8.68,71.44,3.7,28,35,B,9
6643,26607.99,70713,190.78,9.14,44.13,2.74,40,7,B,10
6644,757.89,39910,130.55,5.77,35.38,3.14,21,44,C,2
6645,2643.53,203819,133.03,8.25,23.69,3.39,6,24,A,1
6646,4070.44,155078,217.51,6.26,49.14,3.46,24,8,A,3
6647,1611.0,196321,190.91,7.51,48.09,2.76,58,41,A,10
6648,5925.68,39690,126.73,9.27,52.82,3.04,91,33,A,12
6649,7884.5,158114,126.47,9.59,55.04,2.8,34,34,A,4
6650,374.76,152513,132.61,8.44,62.93,2.79,59,26,A,8
6651,8777.1,93638,132.82,10.52,50.24,2.92,87,29,B,10
6652,15.75,103681,139.8,8.68,82.28,3.81,98,35,B,7
6653,9090.17,39910,216.72,7.72,63.5,3.25,98,36,A,11
6654,880.18,204184,137.74,7.83,46.65,3.8,28,27,A,3
6655,3531.06,219622,129.06,7.19,54.62,3.78,19,13,A,5
6656,1387.54,39910,212.01,8.4,57.48,3.04,3,37,C,2
6657,32040.05,103681,140.81,8.74,30.35,3.53,95,35,B,1
6658,5012.25,118221,185.67,8.52,53.04,3.89,32,45,B,4
6659,814.49,93188,130.07,6.62,26.73,3.12,36,17,B,12
6660,5304.54,158114,126.13,9.82,79.58,2.61,49,34,A,7
6661,9533.18,120653,135.45,8.89,69.75,3.82,29,18,B,7
6662,23871.64,119557,142.85,7.54,62.09,4.03,90,22,B,10
6663,6004.18,203819,132.82,8.27,48.69,3.05,24,24,A,10
6664,5113.91,123737,138.83,7.99,52.89,4.15,24,15,B,10
6665,11863.42,103681,141.96,8.88,52.33,4.0,26,35,B,4
6666,4132.54,184109,214.17,8.18,84.6,3.65,30,39,A,7
6667,739.96,114533,138.12,4.12,56.82,3.75,28,23,B,6
6668,18314.0,219622,126.79,7.8,36.78,2.82,34,13,A,12
6669,27659.77,219622,129.82,6.39,33.8,3.51,74,13,A,11
6670,3240.16,202505,223.23,5.96,71.5,3.81,83,6,A,4
6671,3373.57,93188,126.49,6.88,42.54,2.83,6,17,B,11
6672,25888.28,155078,225.4,5.68,84.47,3.29,13,8,A,6
6673,22063.8,42988,215.15,7.93,76.86,3.79,40,30,C,5
6674,15299.35,203819,136.5,7.87,52.05,3.76,34,19,A,10
6675,1350.67,128107,216.15,7.29,56.69,3.88,27,25,B,10
6676,184.8,39690,126.73,9.27,52.82,3.04,60,33,A,12
6677,15594.56,203819,134.07,7.66,30.68,3.81,87,19,A,4
6678,4998.54,203750,220.28,7.06,54.81,3.56,67,31,A,2
6679,19381.65,196321,197.93,6.43,74.06,3.58,80,41,A,7
6680,433.26,70713,194.51,8.62,53.4,3.51,80,7,B,9
6681,255.2,123737,136.5,7.87,38.53,3.63,60,15,B,12
6682,16377.91,119557,137.14,8.46,28.89,3.26,34,22,B,2
6683,44593.72,207499,221.25,7.2,61.13,3.33,13,11,A,11
6684,50302.21,39690,128.72,13.74,63.63,3.77,38,38,C,4
6685,15344.33,93188,130.55,6.4,30.01,3.14,87,17,B,2
6686,64128.65,203742,214.57,7.14,71.51,3.62,72,20,A,6
6687,85992.45,152513,138.11,7.49,58.2,3.85,92,26,A,5
6688,66.49,39690,129.0,13.74,68.27,4.15,12,38,C,4
6689,1528.42,70713,193.71,8.62,56.66,3.55,96,7,B,7
6690,5768.33,39690,126.11,9.5,92.71,3.02,13,33,A,7
6691,4015.99,203007,197.55,8.09,55.4,3.87,12,32,A,5
6692,2339.22,70713,192.85,8.6,53.3,3.74,20,7,B,6
6693,639.35,118221,185.75,8.52,76.38,3.92,80,45,B,6
6694,19772.79,203742,214.55,7.14,73.67,3.74,98,20,A,6
6695,2629.97,39910,218.86,7.24,61.33,3.36,83,37,C,2
6696,4132.68,114533,137.51,4.26,33.11,3.88,12,23,B,3
6697,212.16,203819,137.8,8.98,45.25,4.14,59,24,A,4
6698,81536.26,196321,190.57,7.34,60.11,2.79,95,41,A,9
6699,50.38,42988,214.49,7.93,56.36,3.52,85,30,C,4
6700,10206.32,39690,126.15,9.5,89.43,3.03,38,33,A,9
6701,18219.95,203819,136.05,7.81,73.84,4.02,11,19,A,8
6702,1409.5,219622,126.33,7.8,54.12,2.84,36,13,A,10
6703,8347.89,114533,132.52,5.33,64.76,2.82,44,23,B,7
6704,11844.55,203819,132.06,8.19,49.89,3.04,98,19,A,4
6705,1423.94,57197,199.15,5.85,40.59,3.75,29,16,B,10
6706,610.86,39690,126.09,14.18,93.19,3.13,67,38,C,8
6707,1698.7,37392,226.52,6.33,77.46,3.67,87,3,B,9
6708,4467.4,206302,129.33,13.5,93.66,3.8,29,28,A,9
6709,830.68,39910,220.57,6.62,81.52,3.23,3,37,C,7
6710,554.4,206302,126.09,14.18,93.19,3.13,60,28,A,8
6711,514.21,39910,130.74,5.77,38.24,3.38,14,44,C,3
6712,569.58,57197,197.55,6.17,53.57,3.87,31,16,B,5
6713,413.52,196321,191.96,7.24,26.1,3.1,18,41,A,2
6714,2421.0,158114,131.13,9.58,66.49,3.81,48,34,A,4
6715,17316.42,120653,137.8,8.3,43.8,3.96,82,18,B,4
6716,345.03,155078,221.29,6.12,49.68,3.33,28,8,A,11
6717,3047.8,202307,211.12,8.03,33.02,2.98,19,2,A,1
6718,1814.14,37392,219.15,7.57,89.12,3.53,33,3,B,9
6719,10206.5,219622,126.15,7.95,71.33,2.8,32,13,A,7
6720,2022.94,158114,130.76,9.28,78.26,3.48,30,34,A,8
6721,31522.55,200898,182.03,8.99,31.27,2.74,17,14,A,2
6722,3187.0,155078,214.94,6.32,74.92,2.62,58,8,A,8
6723,605.0,70713,191.67,8.82,10.11,3.01,83,7,B,1
6724,24488.64,202307,219.63,7.06,51.7,3.27,80,2,A,1
6725,20796.4,203819,132.82,8.07,48.45,3.05,80,19,A,10
6726,106068.93,200898,182.92,8.55,30.55,3.23,90,14,A,1
6727,51040.66,196321,190.1,7.34,69.21,2.69,94,41,A,8
6728,6061.76,103681,142.23,8.84,78.64,3.57,30,35,B,7
6729,8720.29,205863,129.98,5.14,35.92,3.1,31,4,A,12
6730,19454.27,41062,202.48,9.59,62.71,2.8,40,43,C,4
6731,2963.97,37392,220.43,7.2,75.54,3.28,42,3,B,10
6732,13216.21,39910,126.44,7.61,45.12,2.84,40,44,C,10
6733,20.86,203819,138.65,8.19,60.62,4.2,39,19,A,9
6734,31856.21,118221,181.69,8.9,54.28,2.9,72,45,B,4
6735,1209.07,37392,222.16,7.2,54.97,3.17,52,3,B,12
6736,4388.37,93188,126.09,6.7,65.03,2.85,85,17,B,8
6737,4613.39,34875,220.76,5.94,57.35,3.36,16,5,B,2
6738,36634.74,202505,224.4,5.67,70.81,3.72,13,6,A,9
6739,5806.26,112238,130.45,12.19,51.8,3.78,6,12,B,2
6740,3269.76,125833,219.26,6.38,70.85,3.81,67,9,B,4
6741,45611.85,128107,203.61,7.86,50.27,2.98,95,25,B,5
6742,650.39,128107,213.87,6.96,37.44,3.85,93,25,B,3
6743,32697.54,205863,131.15,4.31,67.64,3.68,81,4,A,5
6744,46070.89,93188,129.04,6.77,45.66,3.74,40,17,B,5
6745,48391.98,203819,137.42,8.66,35.36,3.98,8,24,A,3
6746,752.0,158114,130.74,9.65,42.7,3.67,36,34,A,3
6747,10417.72,151315,218.0,7.87,59.11,3.3,25,1,A,11
6748,18049.72,151315,220.64,7.35,57.25,3.56,82,1,A,2
6749,75.52,39690,130.72,7.15,93.21,3.67,42,33,A,7
6750,1182.65,93638,131.53,10.06,24.36,2.79,16,29,B,2
6751,7489.77,123737,136.37,7.81,59.0,3.9,3,15,B,9
6752,1126.25,34875,211.04,6.46,65.3,2.81,21,5,B,4
6753,6336.48,155078,225.51,5.4,85.06,3.42,34,8,A,8
6754,16980.81,203750,211.03,8.1,83.59,2.64,80,31,A,7
6755,14618.6,118221,192.31,8.67,58.85,3.88,79,45,B,10
6756,19585.59,155078,214.96,6.43,42.85,2.71,4,8,A,12
6757,32489.77,205863,130.24,4.61,34.41,3.26,46,4,A,1
6758,4951.01,125833,227.17,4.95,60.09,3.6,25,9,B,10
6759,81760.78,203742,204.82,7.53,69.37,2.71,90,20,A,9
6760,24443.5,42988,223.02,6.17,61.53,3.6,40,30,C,10
6761,4457.61,203742,209.19,7.27,64.02,3.74,37,20,A,9
6762,34876.92,158114,126.18,9.59,63.99,2.82,40,34,A,5
6763,11712.24,112238,126.09,14.18,93.19,3.13,26,12,B,8
6764,20012.0,203819,136.7,7.94,31.84,3.58,97,19,A,1
6765,6584.26,103681,136.77,8.76,50.81,3.0,91,35,B,11
6766,25316.2,126512,129.86,7.87,42.58,3.64,32,10,B,12
6767,3401.75,93188,130.72,5.94,74.2,3.54,71,17,B,7
6768,23307.06,152513,132.76,8.15,57.8,2.72,4,26,A,10
6769,29229.1,204184,140.44,7.91,46.28,3.63,81,27,A,12
6770,102277.59,126512,131.11,7.38,70.28,4.25,40,10,B,4
6771,1777.34,37392,226.72,6.03,72.74,3.62,90,3,B,10
6772,1898.23,42988,211.22,8.1,86.2,2.62,16,30,C,8
6773,57478.63,196321,194.51,6.9,70.37,3.51,72,41,A,9
6774,941.55,126512,129.78,7.87,77.91,3.84,80,10,B,10
6775,19110.66,119557,135.35,8.28,24.36,2.79,79,22,B,2
6776,58757.32,120653,137.66,8.08,58.06,3.89,2,18,B,3
6777,29.1,39690,126.38,9.52,69.76,3.1,52,42,C,4
6778,34933.17,155078,225.17,5.68,70.34,3.81,2,8,A,4
6779,2556.44,203819,133.37,7.77,34.74,3.42,31,19,A,2
6780,16357.71,114533,131.64,5.89,26.7,2.75,67,23,B,2
6781,18468.11,206302,127.44,14.02,53.53,3.22,97,28,A,1
6782,8644.46,39690,128.51,14.02,64.21,3.69,97,38,C,3
6783,4872.84,205863,126.73,7.13,46.4,2.73,59,4,A,12
6784,892.55,41062,207.37,10.64,87.47,3.68,14,43,C,8
6785,3391.89,93638,137.06,8.99,40.58,3.63,26,29,B,2
6786,3259.56,57197,191.26,6.99,19.66,2.83,44,16,B,12
6787,76.5,70713,191.26,9.14,13.76,2.83,28,7,B,12
6788,62352.54,42988,211.12,8.03,34.14,2.98,92,30,C,1
6789,39169.84,126512,126.67,9.0,55.33,3.16,11,10,B,11
6790,126.88,39910,214.55,8.18,87.5,3.48,5,36,A,9
6791,4339.0,114533,132.63,5.33,67.43,2.81,35,23,B,8
6792,7754.02,155078,214.88,6.32,75.32,2.58,16,8,A,9
6793,105986.88,184109,219.97,7.24,67.91,3.79,95,39,A,3
6794,73188.29,203750,221.4,6.89,81.51,3.39,94,31,A,6
6795,9915.36,204184,140.09,7.85,76.67,4.0,42,27,A,8
6796,7128.05,114533,133.96,5.11,29.11,3.62,44,23,B,3
6797,8257.3,93638,134.07,9.97,36.04,3.64,79,29,B,4
6798,1483.22,118221,181.69,8.9,54.28,2.9,83,45,B,4
6799,2110.09,155078,215.03,6.43,68.7,2.6,19,8,A,10
6800,5236.53,93638,132.76,10.41,65.14,2.72,25,29,B,9
6801,2211.39,57197,193.31,6.34,65.16,3.53,24,16,B,7
6802,2497.72,203819,132.75,8.07,53.74,2.9,37,19,A,10
6803,934.45,155083,136.42,4.58,63.45,3.68,52,40,A,9
6804,65333.19,119557,139.54,8.02,74.22,3.78,95,22,B,7
6805,316.0,158114,129.79,10.15,54.56,3.36,48,34,A,10
6806,2481.76,123737,136.37,7.81,59.0,3.9,21,15,B,9
6807,10654.5,196321,189.49,7.34,69.39,2.73,22,41,A,7
6808,2487.0,123737,138.19,8.19,70.29,3.96,50,15,B,8
6809,12068.64,200898,190.46,8.42,50.56,3.86,26,14,A,3
6810,331.8,202307,221.38,6.89,71.27,3.63,59,2,A,5
6811,17171.26,119557,140.41,7.71,50.62,3.57,55,22,B,11
6812,6945.28,114533,138.2,4.16,69.31,3.7,44,23,B,7
6813,95406.64,155083,136.75,4.26,25.9,3.52,92,40,A,1
6814,5440.91,152513,135.27,7.82,56.94,3.85,3,26,A,6
6815,2800.64,204184,136.37,7.98,76.25,2.96,31,27,A,7
6816,57128.71,184109,212.01,8.4,58.2,3.04,72,39,A,2
6817,7855.78,158114,126.61,10.21,40.93,2.78,74,34,A,11
6818,179.5,34875,210.89,6.46,71.53,2.84,71,5,B,5
6819,25093.01,203750,211.55,8.16,51.71,2.77,23,31,A,11
6820,27526.04,203742,213.12,6.96,33.47,3.64,67,20,A,2
6821,15077.3,57197,193.0,6.34,54.36,3.66,8,16,B,6
6822,4038.02,93188,130.45,6.4,30.76,3.12,21,17,B,2
6823,3066.1,103681,142.23,8.84,78.64,3.57,21,35,B,7
6824,84637.61,203742,214.55,7.14,73.67,3.74,40,20,A,6
6825,602.0,114533,132.57,5.33,73.94,2.8,54,23,B,7
6826,2209.27,37392,218.64,7.57,85.38,3.48,74,3,B,7
6827,3900.27,93188,129.04,6.77,45.66,3.74,71,17,B,5
6828,28.92,203007,192.84,8.6,61.25,3.76,54,32,A,6
6829,4376.16,125833,225.49,5.54,79.69,3.56,96,9,B,5
6830,38446.12,128107,204.4,7.86,69.22,2.85,2,25,B,6
6831,42298.47,39910,210.51,8.48,66.34,2.63,90,37,C,10
6832,3787.75,158114,129.06,10.58,65.99,3.77,42,34,A,5
6833,14928.61,41062,203.2,9.52,56.0,2.72,8,43,C,3
6834,11539.12,152513,138.38,7.4,63.69,3.88,10,26,A,8
6835,8020.87,128107,204.64,7.48,25.89,3.18,3,25,B,12
6836,3104.59,155083,133.37,5.11,21.82,3.26,20,40,A,2
6837,32286.5,93638,131.94,10.16,57.06,2.85,95,29,B,4
6838,159670.69,205863,129.2,5.64,82.98,3.62,92,4,A,8
6839,930.0,70713,197.83,7.87,64.67,3.65,27,7,B,7
6840,20323.38,203819,132.87,8.27,57.29,3.06,7,24,A,10
6841,416.11,39690,127.19,8.95,46.25,3.29,67,33,A,1
6842,16597.77,206302,126.67,14.31,47.66,3.16,1,28,A,11
6843,6001.08,203819,131.98,8.21,51.08,3.01,12,24,A,4
6844,5975.73,152513,135.45,7.77,59.89,3.82,21,26,A,7
6845,8170.13,34875,215.61,6.49,83.61,3.65,1,5,B,6
6846,1504.0,126512,129.52,8.26,82.51,3.79,48,10,B,9
6847,2751.85,203819,132.66,8.12,72.17,2.91,85,24,A,8
6848,1459.5,205863,128.13,6.51,49.0,3.09,36,4,A,2
6849,69306.16,207499,215.18,7.56,72.6,2.72,92,11,A,10
6850,6497.0,207499,220.09,7.57,84.4,3.36,44,11,A,9
6851,41731.34,152513,138.2,7.4,64.12,3.7,72,26,A,7
6852,2681.09,203742,208.23,7.29,72.4,3.8,31,20,A,6
6853,491.47,57197,190.97,6.99,32.02,2.73,28,16,B,12
6854,7571.65,39690,130.98,7.15,83.4,3.97,80,33,A,9
6855,2537.7,128107,208.78,7.27,70.93,3.81,30,25,B,8
6856,964.23,123737,136.7,7.94,30.24,3.58,6,15,B,1
6857,13809.0,93638,132.75,10.52,56.32,2.78,34,29,B,10
6858,26483.85,196321,189.46,7.54,23.04,2.57,13,41,A,2
6859,14097.18,203819,136.75,8.66,36.5,3.67,82,24,A,1
6860,3534.93,151315,220.08,7.35,54.26,3.29,24,1,A,1
6861,285.0,123737,136.48,7.87,41.1,3.69,58,15,B,11
6862,1505.0,155078,225.23,5.68,73.96,3.75,58,8,A,5
6863,22701.44,203742,215.09,7.28,72.66,3.87,74,20,A,8
6864,20565.21,196321,197.56,6.55,55.24,3.84,82,41,A,5
6865,15127.0,200898,190.46,8.42,50.56,3.86,25,14,A,3
6866,2150.0,120653,132.11,9.27,65.64,2.98,27,18,B,5
6867,33819.24,219622,126.15,7.95,71.33,2.8,10,13,A,7
6868,1312.96,39690,129.2,8.44,96.0,3.79,3,33,A,8
6869,247.34,39910,128.82,6.91,42.75,3.55,18,44,C,4
6870,5767.83,203819,136.18,7.81,71.14,3.94,29,19,A,8
6871,1344.16,126512,130.45,7.54,54.12,3.78,93,10,B,2
6872,39708.08,204184,138.86,7.72,73.26,4.02,8,27,A,6
6873,34305.73,203819,136.14,7.81,70.92,4.0,3,19,A,8
6874,2822.93,155083,134.51,4.78,50.81,4.08,33,40,A,5
6875,5791.75,202505,213.27,7.01,65.79,2.74,41,6,A,11
6876,753.45,140167,222.62,6.56,80.38,3.67,36,21,B,9
6877,2009.85,37392,214.85,7.35,84.16,2.58,22,3,B,9
6878,13202.26,125833,221.32,6.05,63.96,3.37,10,9,B,10
6879,12690.39,118221,186.62,8.62,70.63,3.7,11,45,B,9
6880,9172.48,123737,132.76,8.1,62.36,2.84,24,15,B,9
6881,511.62,37392,225.18,6.66,79.51,3.75,27,3,B,5
6882,11544.59,203750,210.15,8.2,67.87,2.81,11,31,A,4
6883,960.42,155083,137.17,4.26,23.92,3.66,52,40,A,2
6884,26757.81,126512,126.1,9.2,83.8,3.09,17,10,B,9
6885,14325.31,140167,215.28,7.93,70.19,3.81,82,21,B,4
6886,61.6,152513,134.44,7.82,47.17,3.99,60,26,A,4
6887,25410.05,203819,137.58,7.94,48.2,4.02,9,19,A,3
6888,7605.32,152513,136.24,7.77,59.67,3.78,16,26,A,9
6889,28085.18,93188,126.15,6.7,58.53,2.88,79,17,B,9
6890,1211.37,42988,215.32,7.85,90.11,3.55,67,30,C,8
6891,1359.39,57197,197.55,6.17,53.57,3.87,24,16,B,5
6892,4008.96,119557,142.08,7.67,56.72,3.95,97,22,B,5
6893,9661.11,205863,130.89,4.31,78.11,3.43,83,4,A,6
6894,1142.46,123737,138.12,8.15,59.35,3.87,19,15,B,6
6895,2560.48,128107,204.2,8.19,45.84,2.85,30,25,B,3
6896,47.75,41062,207.5,10.64,82.08,3.55,25,43,C,8
6897,3257.89,128107,203.61,7.86,63.67,2.97,24,25,B,5
6898,5248.07,93188,129.69,6.62,54.4,3.59,32,17,B,10
6899,3374.96,39910,212.01,8.4,57.48,3.02,83,36,A,2
6900,21162.08,203007,191.14,9.14,30.72,2.78,97,32,A,12
6901,9529.07,155078,217.22,6.26,53.18,3.29,34,8,A,3
6902,8164.85,184109,214.47,8.3,73.31,3.91,20,39,A,5
6903,355.41,37392,225.25,6.66,81.55,3.5,41,3,B,6
6904,15716.08,93638,138.65,9.42,63.38,4.06,4,29,B,9
6905,1121.7,155083,133.37,5.11,21.82,3.26,31,40,A,2
6906,13003.43,196321,192.27,6.93,38.16,3.46,14,41,A,4
6907,3179.0,126512,126.18,9.52,78.32,3.12,58,10,B,5
6908,21988.97,42988,211.03,8.1,83.59,2.64,96,30,C,7
6909,3650.25,203007,191.0,9.14,49.2,2.73,33,32,A,11
6910,23442.15,93188,131.11,5.53,44.82,3.8,4,17,B,10
6911,461.65,37392,218.64,7.57,84.29,3.7,97,3,B,6
6912,2101.04,57197,199.05,5.85,43.26,3.76,26,16,B,10
6913,8138.18,39910,218.77,7.24,62.73,3.29,79,37,C,1
6914,44.0,39690,126.28,9.27,79.02,2.92,20,33,A,10
6915,23720.75,155078,220.96,6.12,59.97,3.35,87,8,A,10
6916,15933.49,126512,126.55,9.77,52.77,2.82,29,10,B,2
6917,4520.32,34875,219.94,6.3,50.33,3.11,74,5,B,12
6918,1083.26,128107,204.25,8.19,21.1,2.78,59,25,B,2
6919,4078.33,203750,221.57,6.56,84.25,3.31,29,31,A,7
6920,457.99,200898,186.45,8.62,77.0,3.81,28,14,A,8
6921,894.43,93188,130.72,5.94,74.2,3.54,56,17,B,7
6922,21516.34,196321,192.12,7.24,40.19,3.41,79,41,A,3
6923,16620.32,203750,210.15,8.2,67.87,2.81,14,31,A,4
6924,10551.13,112238,126.6,14.1,59.84,3.09,33,12,B,4
6925,1182.41,203819,136.75,8.66,36.5,3.67,31,24,A,1
6926,28655.76,125833,224.37,5.67,53.67,3.56,95,9,B,2
6927,52020.31,196321,191.01,7.51,25.3,2.74,91,41,A,11
6928,7322.08,203007,198.03,7.87,75.09,3.53,98,32,A,8
6929,2837.06,37392,216.27,7.55,43.57,3.02,67,3,B,2
6930,1330.55,114533,131.9,5.44,40.5,2.83,28,23,B,4
6931,11458.37,140167,223.02,6.17,61.53,3.6,24,21,B,10
6932,3089.24,103681,135.71,9.26,52.34,2.85,12,35,B,3
6933,35560.51,155078,225.44,5.4,81.24,3.23,16,8,A,7
6934,21921.96,39910,220.49,6.99,80.4,3.35,93,37,C,6
6935,4196.42,57197,197.69,6.17,65.36,3.72,55,16,B,6
6936,61889.9,114533,134.51,4.78,50.07,4.08,92,23,B,5
6937,14217.49,155083,136.59,4.42,24.46,3.41,22,40,A,12
6938,40379.22,126512,126.06,9.2,88.37,3.05,7,10,B,8
6939,3067.22,123737,136.52,7.87,61.3,3.74,44,15,B,10
6940,10371.55,128107,212.83,6.96,23.87,3.53,3,25,B,1
6941,7946.14,219622,130.31,6.1,34.32,3.06,96,13,A,1
6942,10509.28,57197,198.03,6.06,68.59,3.53,7,16,B,8
6943,9186.55,120653,136.86,8.08,24.2,3.54,49,18,B,1
6944,56141.88,120653,132.84,9.33,40.81,3.07,14,18,B,11
6945,80903.39,93188,129.28,6.74,72.04,3.57,38,17,B,8
6946,9122.14,203750,222.22,6.56,76.1,3.72,3,31,A,9
6947,2712.86,34875,215.86,6.49,72.02,3.74,67,5,B,4
6948,815.34,57197,195.87,6.23,14.44,3.33,80,16,B,12
6949,30678.2,158114,129.79,10.15,54.56,3.36,91,34,A,10
6950,31193.64,196321,190.33,7.34,70.59,2.73,93,41,A,8
6951,41191.95,158114,126.15,9.82,70.71,2.59,90,34,A,9
6952,62428.35,114533,137.26,4.26,27.01,3.7,40,23,B,2
6953,9.75,39690,126.58,10.12,59.17,2.88,25,33,A,3
6954,28823.35,202307,210.0,8.2,71.28,2.84,67,2,A,5
6955,7373.77,140167,216.7,7.44,71.64,3.28,22,21,B,10
6956,2486.65,203819,133.61,7.77,29.28,3.6,37,19,A,3
6957,86883.11,207499,218.64,7.57,87.17,3.48,95,11,A,7
6958,11790.44,203819,136.47,7.87,48.21,3.72,25,19,A,11
6959,44.55,155083,136.64,4.42,18.75,3.4,49,40,A,12
6960,8395.52,120653,131.78,9.2,42.39,2.8,67,18,B,3
6961,45852.62,126512,126.11,9.2,85.03,3.02,4,10,B,7
6962,31913.94,200898,187.48,8.52,55.82,3.58,5,14,A,10
6963,1488.29,103681,140.48,8.74,64.78,3.54,16,35,B,10
6964,6780.89,39910,212.01,8.4,57.48,3.04,98,37,C,2
6965,26440.89,202505,219.79,6.55,63.89,3.31,96,6,A,11
6966,81062.08,41062,211.41,9.65,43.68,3.26,38,43,C,1
6967,6199.17,39690,131.13,11.63,77.99,4.19,46,38,C,4
6968,556.57,155078,225.17,5.68,70.34,3.81,27,8,A,4
6969,23699.63,125833,225.49,5.54,69.52,3.63,8,9,B,5
6970,10147.59,206302,129.15,13.5,91.17,3.79,87,28,A,7
6971,5009.0,203742,211.18,7.08,49.3,3.53,85,20,A,11
6972,39558.52,114533,132.06,5.44,45.47,2.94,92,23,B,4
6973,16836.84,103681,138.25,8.51,50.02,3.89,4,35,B,4
6974,6177.61,206302,127.09,14.31,45.64,3.15,24,28,A,12
6975,11062.19,57197,190.1,6.87,67.42,2.69,1,16,B,8
6976,10862.96,103681,140.91,8.74,36.96,3.57,90,35,B,1
6977,5559.3,103681,140.13,8.68,72.97,3.75,81,35,B,8
6978,6805.2,37392,214.97,7.35,86.74,2.69,8,3,B,8
6979,32177.66,151315,211.45,7.81,84.11,2.64,10,1,A,6
6980,13861.79,39910,220.05,7.24,70.48,3.84,97,37,C,3
6981,9506.75,203819,138.57,8.19,65.08,4.09,26,19,A,9
6982,49.04,39690,126.15,9.2,85.52,3.03,59,42,C,9
6983,19419.27,202505,214.09,6.86,40.59,2.99,22,6,A,2
6984,45184.76,155078,226.97,5.12,55.03,3.6,90,8,A,10
6985,13738.48,205863,130.74,4.08,83.86,3.37,26,4,A,8
6986,42523.83,140167,211.61,8.16,58.71,2.69,23,21,B,11
6987,1776.2,125833,220.32,6.4,78.45,3.36,29,9,B,9
6988,394.36,39910,129.78,6.08,54.66,3.58,87,44,C,10
6989,4780.79,123737,132.47,8.19,65.83,2.94,90,15,B,6
6990,335.74,125833,214.85,6.42,43.06,2.51,47,9,B,2
6991,533.13,70713,189.52,9.02,58.0,2.71,94,7,B,7
6992,21.78,41062,203.73,10.21,68.78,2.72,85,43,C,10
6993,19892.8,57197,197.78,6.17,45.83,3.9,2,16,B,4
6994,30711.9,119557,136.42,8.43,76.3,2.8,4,22,B,7
6995,9412.76,202307,215.2,7.85,93.34,3.68,55,2,A,8
6996,12459.66,37392,214.32,7.37,57.06,2.73,72,3,B,3
6997,17572.8,39690,128.62,14.02,54.4,3.91,40,38,C,3
6998,36358.69,196321,189.42,7.36,60.13,2.7,72,41,A,6
6999,2127.46,103681,135.87,9.05,53.91,2.9,41,35,B,4
7000,9647.5,34875,211.73,6.46,79.54,2.7,7,5,B,6
7001,548.07,200898,191.16,8.68,78.65,3.72,28,14,A,8
7002,9060.23,219622,126.14,8.11,59.85,2.87,21,13,A,6
7003,1757.97,39910,215.45,8.18,81.52,3.33,1,36,A,9
7004,47438.97,206302,128.13,14.02,48.45,3.53,91,28,A,2
7005,15886.87,103681,135.47,9.26,32.44,2.74,20,35,B,2
7006,3602.46,204184,139.36,7.85,73.76,3.92,35,27,A,7
7007,19576.19,155083,132.98,5.29,38.5,2.96,5,40,A,11
7008,12534.15,112238,126.5,13.98,47.87,2.95,33,12,B,2
7009,19970.44,120653,131.69,9.2,35.42,2.75,5,18,B,2
7010,24288.09,93188,126.38,6.88,47.95,2.85,46,17,B,10
7011,246.87,151315,215.18,7.96,85.55,3.52,41,1,A,7
7012,6502.65,219622,129.98,6.39,24.76,3.19,12,13,A,12
7013,974.87,39690,129.82,7.87,55.28,3.68,87,42,C,11
7014,8494.24,196321,189.42,7.36,60.13,2.7,26,41,A,6
7015,7235.74,219622,129.09,7.19,52.4,3.77,96,13,A,5
7016,13760.07,203742,214.61,7.14,76.51,3.56,32,20,A,6
7017,12671.71,140167,221.36,6.89,74.14,3.69,82,21,B,5
7018,1319.76,206302,130.93,10.93,88.52,4.12,27,28,A,9
7019,86039.52,126512,129.33,8.26,91.61,3.8,8,10,B,9
7020,236.0,34875,212.15,6.5,78.53,2.62,36,5,B,9
7021,9879.86,114533,133.26,5.11,21.52,3.26,29,23,B,2
7022,6637.32,125833,214.14,6.38,64.95,2.77,34,9,B,4
7023,6947.12,112238,130.9,12.19,56.26,4.04,42,12,B,3
7024,594.0,184109,220.12,6.99,73.49,3.89,60,39,A,4
7025,9967.62,70713,189.46,9.01,25.9,2.57,55,7,B,2
7026,9966.6,119557,136.63,8.57,69.31,2.72,22,22,B,10
7027,3547.53,120653,132.75,9.33,54.73,2.78,19,18,B,10
7028,6476.41,151315,211.38,8.11,57.79,2.67,20,1,A,3
7029,2.0,184109,214.47,8.3,73.31,3.91,51,39,A,5
7030,1936.27,203819,134.07,8.21,35.73,3.81,37,24,A,4
7031,2502.88,112238,129.85,12.89,52.5,3.7,31,12,B,12
7032,38864.35,114533,137.17,4.26,26.6,3.66,1,23,B,2
7033,139.14,39910,209.12,8.46,75.56,2.84,72,37,C,5
7034,11529.95,219622,126.49,7.8,49.96,2.83,67,13,A,11
7035,12214.56,39690,127.09,14.31,45.64,3.15,96,38,C,12
7036,4862.08,112238,126.49,14.31,65.49,3.13,12,12,B,11
7037,16469.39,155078,223.06,6.12,36.33,3.13,14,8,A,12
7038,4682.22,155078,214.74,6.26,35.77,2.98,21,8,A,1
7039,77.72,112238,130.65,12.19,52.27,4.18,54,12,B,3
7040,13079.4,42988,210.28,8.2,74.24,2.83,13,30,C,5
7041,4982.07,203007,196.94,8.26,24.26,3.11,44,32,A,2
7042,13320.76,158114,126.61,9.52,45.86,2.74,9,34,A,3
7043,136.86,41062,213.42,9.28,85.66,3.57,25,43,C,8
7044,4932.04,219622,129.85,6.39,33.94,3.39,85,13,A,12
7045,22513.09,93638,137.87,9.14,49.89,4.02,72,29,B,4
7046,2349.27,123737,138.57,8.19,65.44,4.09,31,15,B,9
7047,26115.95,118221,187.97,8.52,43.92,3.55,90,45,B,11
7048,75.0,39690,126.14,9.2,92.89,2.98,20,42,C,7
7049,2683.62,93188,126.88,6.88,25.13,2.84,27,17,B,12
7050,7785.54,200898,191.7,8.68,67.87,3.95,24,14,A,9
7051,16972.98,196321,198.1,6.43,67.41,3.6,23,41,A,9
7052,6912.01,203742,205.39,7.34,23.21,3.24,42,20,A,1
7053,119715.02,126512,127.86,8.74,51.51,3.38,2,10,B,2
7054,155105.39,205863,129.28,5.64,81.47,3.52,95,4,A,8
7055,1643.73,37392,225.47,6.33,85.85,3.49,90,3,B,8
7056,6784.12,203742,208.8,7.29,53.41,4.05,33,20,A,5
7057,13223.39,112238,127.09,14.31,45.64,3.15,10,12,B,12
7058,68092.72,120653,132.88,9.13,30.1,3.19,40,18,B,1
7059,5479.18,140167,215.15,7.93,76.86,3.79,81,21,B,5
7060,2709.2,140167,219.72,7.06,50.79,3.29,31,21,B,1
7061,34796.41,140167,214.93,7.93,83.82,3.7,38,21,B,6
7062,10935.7,57197,193.19,6.34,65.0,3.54,14,16,B,7
7063,20131.72,126512,129.0,8.49,73.38,4.15,55,10,B,4
7064,48705.9,219622,130.96,5.96,61.11,3.79,46,13,A,6
7065,308.0,93188,126.11,6.7,69.96,2.8,60,17,B,7
7066,7484.42,205863,126.14,7.9,70.83,2.7,29,4,A,6
7067,440.0,39690,127.72,14.02,45.14,3.35,60,38,C,2
7068,242.06,39690,126.5,13.98,47.87,2.95,10,38,C,2
7069,4244.12,203750,211.3,8.1,89.65,2.69,29,31,A,8
7070,23779.83,103681,136.63,8.76,70.19,2.71,14,35,B,10
7071,1406.81,93638,137.34,8.99,39.0,3.75,6,29,B,2
7072,4012.49,93188,130.83,6.4,43.69,3.53,93,17,B,3
7073,51.84,114533,131.9,5.44,40.5,2.83,80,23,B,4
7074,30624.96,206302,126.28,14.31,71.82,3.01,97,28,A,10
7075,3711.0,203742,204.48,7.53,77.75,2.77,58,20,A,7
7076,50666.95,41062,212.89,9.58,64.7,3.89,94,43,C,4
7077,58555.78,152513,138.83,7.14,43.51,4.0,90,26,A,10
7078,16175.24,158114,131.1,9.58,64.97,3.62,1,34,A,5
7079,5654.86,57197,189.69,6.84,34.21,2.75,79,16,B,4
7080,338.48,39690,129.98,8.01,53.39,3.54,3,33,A,12
7081,11216.4,140167,210.05,8.2,66.93,2.78,82,21,B,4
7082,99141.69,219622,130.65,6.1,32.36,3.24,38,13,A,3
7083,69.0,57197,189.62,6.84,44.9,2.78,47,16,B,4
7084,10054.76,219622,126.5,8.32,33.16,2.67,24,13,A,2
7085,10999.66,126512,126.49,9.0,71.04,3.01,42,10,B,11
7086,17376.18,155083,138.83,4.14,57.21,4.03,23,40,A,10
7087,5733.39,119557,135.67,8.28,46.03,2.83,21,22,B,3
7088,1052.17,206302,129.52,13.5,82.95,3.79,27,28,A,9
7089,35816.06,200898,190.17,8.42,41.55,3.82,80,14,A,3
7090,20045.11,123737,132.82,8.07,26.54,3.34,2,15,B,12
7091,8448.64,128107,204.82,7.48,32.41,3.05,79,25,B,12
7092,40321.95,202505,212.9,7.26,58.82,2.67,94,6,A,3
7093,86565.39,205863,131.04,4.31,67.69,3.86,93,4,A,4
7094,4963.89,151315,220.85,7.35,60.96,3.63,44,1,A,3
7095,27292.08,151315,211.6,7.79,80.94,2.62,79,1,A,9
7096,2226.2,203750,222.42,6.56,71.54,3.72,18,31,A,9
7097,25272.04,202505,221.58,6.13,55.37,3.27,5,6,A,1
7098,11435.17,39690,130.76,7.38,91.36,3.88,79,42,C,6
7099,4019.83,184109,210.0,8.55,44.58,2.55,6,39,A,2
7100,2492.5,34875,216.94,6.53,78.01,3.47,34,5,B,9
7101,26398.28,203742,212.57,6.96,33.42,3.42,1,20,A,1
7102,781.06,34875,211.96,6.63,48.3,2.98,33,5,B,1
7103,457.75,37392,215.23,7.56,72.04,2.72,71,3,B,10
7104,1234.37,39690,131.04,7.38,65.99,4.28,16,42,C,4
7105,2637.69,125833,227.21,4.95,68.01,3.59,81,9,B,10
7106,1429.75,203750,211.06,8.03,44.24,2.98,35,31,A,1
7107,30440.88,203819,132.76,8.07,36.64,3.2,55,19,A,12
7108,49.25,41062,203.92,10.21,59.98,2.73,25,43,C,11
7109,23390.6,200898,185.8,8.52,66.18,3.96,14,14,A,4
7110,5447.54,203007,196.95,8.26,33.41,3.13,71,32,A,2
7111,10963.75,57197,198.08,6.06,70.24,3.51,7,16,B,8
7112,2001.81,70713,192.06,8.82,20.7,3.37,71,7,B,3
7113,143.5,37392,214.89,7.35,86.15,2.62,28,3,B,8
7114,4739.67,196321,190.26,7.34,70.24,2.72,42,41,A,8
7115,6172.19,125833,214.97,6.42,36.43,2.98,46,9,B,1
7116,41935.9,202307,215.01,7.85,89.83,3.58,4,2,A,7
7117,6.27,39910,215.45,8.18,81.52,3.36,23,37,C,9
7118,12163.39,202307,217.0,7.44,71.67,3.27,25,2,A,10
7119,66451.07,41062,209.08,10.15,68.09,3.27,90,43,C,10
7120,8928.71,202505,216.96,6.92,88.06,3.65,21,6,A,7
7121,1978.0,205863,126.47,7.9,56.87,2.8,48,4,A,4
7122,4847.73,184109,210.58,8.48,69.96,2.72,83,39,A,10
7123,1990.27,34875,216.36,6.53,90.38,3.53,67,5,B,9
7124,7485.94,200898,186.07,8.52,60.38,4.07,21,14,A,5
7125,181936.16,219622,129.81,6.39,43.51,3.54,92,13,A,11
7126,14965.05,204184,142.1,8.25,65.15,4.03,17,27,A,5
7127,12835.41,93188,131.03,6.24,55.69,3.8,11,17,B,5
7128,624.66,39690,128.4,14.02,57.75,3.82,67,38,C,3
7129,11523.39,203819,134.86,8.21,73.12,4.07,1,24,A,6
7130,26639.49,114533,132.76,5.29,62.07,2.72,1,23,B,10
7131,8778.93,114533,138.2,4.16,69.31,3.7,26,23,B,7
7132,66589.28,202307,210.95,8.32,39.69,2.51,8,2,A,2
7133,101377.26,126512,131.15,7.38,76.03,4.19,38,10,B,5
7134,10667.02,206302,126.6,14.1,59.25,3.09,17,28,A,4
7135,1290.79,93188,130.9,6.4,40.69,3.67,28,17,B,3
7136,1454.75,125833,215.36,6.42,44.72,3.02,24,9,B,1
7137,4170.04,184109,209.17,8.46,70.03,2.78,87,39,A,4
7138,11535.14,203742,215.93,7.29,60.77,3.98,3,20,A,10
7139,83.92,39910,211.7,8.4,41.16,3.02,12,37,C,2
7140,11186.95,34875,212.2,6.5,87.41,2.69,13,5,B,8
7141,2094.54,103681,140.27,8.68,69.65,3.74,12,35,B,9
7142,74975.11,205863,129.2,5.64,82.98,3.62,94,4,A,8
7143,1182.37,70713,190.91,9.14,36.84,2.76,52,7,B,10
7144,13867.62,207499,225.56,6.33,87.73,3.57,80,11,A,8
7145,12852.47,118221,189.06,8.52,37.79,3.39,91,45,B,12
7146,3422.71,203819,136.48,8.45,39.87,3.74,12,24,A,11
7147,11.88,155083,136.86,4.26,14.02,3.54,49,40,A,1
7148,35704.29,158114,129.84,10.15,45.99,3.22,38,34,A,11
7149,1928.94,93638,138.03,9.14,50.75,3.99,97,29,B,5
7150,6551.33,140167,211.06,8.16,47.19,2.94,32,21,B,12
7151,10633.7,204184,142.76,8.0,58.99,4.07,67,27,A,10
7152,28346.27,119557,138.59,8.25,58.56,4.1,16,22,B,5
7153,2761.47,39690,126.15,9.5,89.43,3.03,8,33,A,9
7154,6382.39,202505,216.14,6.86,70.83,3.47,44,6,A,3
7155,13050.95,123737,134.18,7.66,40.94,3.9,34,15,B,4
7156,20721.39,203742,204.61,7.53,76.03,2.78,49,20,A,7
7157,2985.37,126512,126.15,9.2,91.03,3.1,19,10,B,7
7158,58022.09,202505,212.63,6.97,80.93,2.64,10,6,A,7
7159,56655.89,203819,138.2,8.19,74.43,3.82,90,19,A,7
7160,9460.45,103681,139.18,8.51,72.02,3.8,71,35,B,6
7161,3797.37,205863,126.18,7.9,67.4,2.82,37,4,A,5
7162,233.64,39910,220.49,6.99,80.4,3.35,12,37,C,6
7163,618.15,41062,210.09,10.15,55.7,3.24,56,43,C,11
7164,12497.34,152513,132.76,8.15,39.93,2.88,79,26,A,10
7165,872.08,39910,130.83,5.77,52.5,3.53,67,44,C,3
7166,40257.83,126512,130.83,7.38,88.58,4.14,74,10,B,6
7167,8.0,34875,216.3,6.53,89.18,3.52,54,5,B,8
7168,6031.2,219622,126.5,8.32,33.16,2.67,83,13,A,2
7169,29444.89,125833,215.0,6.56,46.1,2.84,7,9,B,12
7170,5519.3,155083,132.76,5.33,62.75,2.72,67,40,A,9
7171,21119.1,152513,132.98,8.15,37.51,2.96,13,26,A,11
7172,8040.51,206302,130.83,12.19,64.44,4.27,24,28,A,3
7173,9475.42,155078,218.73,6.3,63.55,3.74,80,8,A,4
7174,24716.6,184109,210.38,8.48,53.55,2.71,1,39,A,12
7175,26.89,93188,126.11,6.7,69.96,2.8,45,17,B,7
7176,55.0,39690,129.82,8.01,58.75,3.68,5,33,A,11
7177,57732.92,155083,132.55,5.33,76.67,2.81,90,40,A,7
7178,5396.66,103681,136.89,8.55,30.13,3.23,6,35,B,1
7179,4418.11,39690,126.29,14.1,70.15,3.13,98,38,C,5
7180,28416.37,203742,214.48,7.14,62.74,3.95,1,20,A,5
7181,5161.18,204184,142.19,8.25,73.94,3.67,35,27,A,6
7182,460.67,123737,131.9,8.19,45.27,2.96,59,15,B,4
7183,5449.04,126512,126.29,9.52,71.06,3.13,31,10,B,5
7184,10539.96,123737,132.68,8.07,25.3,3.3,67,15,B,12
7185,9505.0,219622,126.09,7.95,81.24,2.8,58,13,A,8
7186,9975.12,207499,214.65,7.37,52.79,2.56,29,11,A,2
7187,4313.44,158114,126.44,10.21,50.78,2.72,33,34,A,10
7188,7333.74,125833,221.15,6.05,65.46,3.35,46,9,B,10
7189,38121.79,140167,211.26,8.1,80.79,2.62,95,21,B,9
7190,6405.54,70713,190.97,9.14,24.24,2.73,81,7,B,12
7191,10653.74,39910,217.88,7.72,58.31,3.13,81,36,A,12
7192,40894.61,57197,196.95,6.16,26.21,3.13,72,16,B,2
7193,15780.9,196321,190.99,7.51,33.0,2.71,97,41,A,12
7194,5335.21,219622,130.79,5.76,79.4,3.54,83,13,A,8
7195,863.4,93188,131.01,5.94,58.43,3.82,80,17,B,9
7196,45720.85,112238,129.05,13.74,71.81,4.03,38,12,B,6
7197,4700.99,118221,185.18,8.52,37.27,3.64,20,45,B,4
7198,27138.25,123737,135.63,7.81,73.47,3.89,2,15,B,7
7199,6940.03,202505,213.43,7.01,70.39,2.72,29,6,A,10
7200,16452.5,120653,132.06,9.27,51.12,2.94,25,18,B,4
7201,26555.75,203819,138.38,8.95,71.18,4.03,10,24,A,8
7202,1625.29,158114,127.19,10.4,24.5,2.98,37,34,A,1
7203,4420.51,39690,126.23,9.27,91.45,3.0,97,33,A,10
7204,3015.0,196321,197.79,6.55,76.54,3.69,36,41,A,6
7205,11999.17,202307,212.9,8.03,57.83,3.04,3,2,A,2
7206,158.0,41062,202.48,9.59,62.71,2.8,28,43,C,4
7207,4096.82,202505,217.18,6.86,75.27,3.81,52,6,A,4
7208,50563.02,42988,211.16,8.1,90.3,2.63,92,30,C,8
7209,1581.16,118221,182.9,8.72,50.02,3.0,27,45,B,11
7210,23947.43,206302,129.17,13.5,93.29,3.8,96,28,A,7
7211,180.0,118221,185.67,8.52,53.04,3.89,58,45,B,4
7212,5954.0,203742,204.85,7.53,75.98,2.8,58,20,A,8
7213,5558.46,39690,127.3,14.02,43.15,3.31,82,38,C,1
7214,102.13,39690,131.11,6.9,79.64,4.47,26,33,A,10
7215,96.8,70713,196.78,8.26,27.41,3.06,60,7,B,1
7216,10547.13,126512,129.61,8.26,82.27,3.88,33,10,B,9
7217,866.34,125833,215.06,6.44,81.19,2.58,91,9,B,9
7218,2038.38,70713,192.34,8.6,30.64,3.53,85,7,B,4
7219,15824.65,70713,189.58,8.96,38.99,2.77,9,7,B,4
7220,12957.35,57197,195.64,6.23,29.56,3.5,9,16,B,11
7221,62749.86,203750,217.49,7.44,56.01,3.33,94,31,A,11
7222,18692.46,204184,136.61,8.02,41.81,3.2,22,27,A,12
7223,48.88,202505,213.12,6.97,76.49,2.62,19,6,A,9
7224,6026.18,152513,135.87,7.77,69.52,3.88,22,26,A,7
7225,57161.59,203750,211.11,8.2,83.51,2.67,2,31,A,6
7226,13518.91,203750,214.7,7.93,84.71,3.65,11,31,A,6
7227,27286.75,93188,129.04,6.77,54.57,3.73,90,17,B,6
7228,10927.97,39910,209.39,8.46,77.34,2.83,81,37,C,5
7229,70473.15,219622,128.62,7.47,42.38,3.44,94,13,A,3
7230,15422.81,203819,132.98,8.27,41.76,3.06,17,24,A,11
7231,36523.39,158114,130.24,9.65,33.99,3.26,65,34,A,1
7232,394.72,39910,127.19,7.22,16.94,2.89,87,44,C,1
7233,1.11,140167,213.19,8.03,61.27,3.06,98,21,B,2
7234,9203.86,70713,191.86,8.82,10.24,3.04,14,7,B,2
7235,14587.89,151315,212.94,7.74,36.39,3.02,18,1,A,2
7236,11187.84,203819,136.75,7.94,37.08,3.67,98,19,A,1
7237,2805.19,140167,217.49,7.44,56.01,3.33,52,21,B,11
7238,4555.65,203007,189.6,9.01,26.64,2.59,16,32,A,2
7239,1972.0,112238,127.44,14.02,53.53,3.22,35,12,B,1
7240,125.45,39910,214.79,8.18,82.06,3.53,42,37,C,9
7241,333.14,128107,204.48,7.53,75.37,2.77,28,25,B,7
7242,30039.03,203007,197.79,8.09,81.95,3.69,10,32,A,6
7243,1044.86,114533,137.8,4.12,37.43,3.96,19,23,B,4
7244,92797.59,207499,214.7,7.56,54.63,2.87,5,11,A,12
7245,20542.21,203819,138.19,8.95,72.87,3.96,5,24,A,8
7246,5714.31,34875,212.23,6.77,71.1,2.6,11,5,B,10
7247,15814.51,118221,191.23,8.68,75.71,3.81,16,45,B,8
7248,81167.85,207499,214.2,7.34,79.69,2.76,38,11,A,5
7249,2079.04,155078,214.83,6.29,82.21,2.67,71,8,A,6
7250,44409.45,207499,214.68,7.37,53.96,2.62,13,11,A,3
7251,4231.81,152513,138.13,7.49,57.84,3.68,55,26,A,6
7252,37709.62,158114,128.91,10.58,53.3,3.72,40,34,A,4
7253,9657.98,158114,126.67,10.21,41.13,2.75,26,34,A,11
7254,12663.06,184109,210.08,8.55,49.79,2.56,82,39,A,2
7255,1784.56,151315,220.64,7.35,57.25,3.56,27,1,A,2
7256,25901.56,202307,210.98,8.32,46.1,2.56,80,2,A,2
7257,22145.76,205863,129.17,5.64,84.36,3.66,74,4,A,7
7258,24751.45,103681,138.68,8.51,66.43,3.98,16,35,B,5
7259,25021.19,203819,132.36,8.21,71.99,3.01,11,24,A,6
7260,2037.9,119557,137.85,8.46,38.77,3.62,93,22,B,3
7261,9570.21,184109,210.18,8.48,58.86,2.89,16,39,A,12
7262,11430.28,125833,219.45,6.4,75.65,3.55,79,9,B,9
7263,17649.23,41062,205.71,10.4,60.26,3.29,80,43,C,3
7264,13302.77,204184,135.52,8.24,36.0,2.91,55,27,A,2
7265,7000.44,203742,213.12,6.96,33.47,3.64,16,20,A,2
7266,621.81,39910,129.61,6.56,68.28,3.62,14,44,C,9
7267,1735.95,70713,190.4,9.02,48.5,2.78,26,7,B,9
7268,10927.07,39910,213.79,8.3,82.41,3.65,46,37,C,6
7269,4145.06,207499,219.09,7.57,89.09,3.52,6,11,A,8
7270,7233.98,203742,204.76,7.53,75.5,2.72,44,20,A,9
7271,307.88,34875,222.33,5.8,79.72,3.5,27,5,B,6
7272,1609.1,203750,214.25,8.03,70.33,3.47,85,31,A,3
7273,32316.11,140167,211.61,8.16,58.71,2.69,95,21,B,11
7274,705.57,202505,220.04,6.55,62.78,3.24,28,6,A,11
7275,36840.52,93188,126.53,6.55,25.06,2.65,2,17,B,2
7276,923.76,39690,126.88,9.27,61.12,3.12,67,33,A,12
7277,6894.13,184109,209.98,8.36,81.35,2.67,26,39,A,7
7278,1941.58,158114,128.91,10.58,53.3,3.72,71,34,A,4
7279,13467.49,118221,190.17,8.42,41.55,3.82,9,45,B,3
7280,25116.16,120653,131.9,9.27,45.63,2.83,34,18,B,4
7281,50015.04,93188,129.61,6.74,61.4,3.62,40,17,B,9
7282,5200.34,140167,211.57,8.16,67.51,2.72,67,21,B,10
7283,887.5,203007,194.81,8.62,58.66,3.58,58,32,A,9
7284,10690.04,204184,142.1,8.25,65.15,4.03,3,27,A,5
7285,11213.34,206302,129.78,12.89,73.05,3.84,98,28,A,10
7286,10667.17,39690,131.15,11.63,77.27,4.19,81,38,C,5
7287,4208.39,39690,126.53,13.98,54.83,2.92,98,38,C,2
7288,8147.09,114533,132.76,5.33,57.75,2.72,44,23,B,9
7289,39378.68,120653,138.12,8.3,59.1,3.75,23,18,B,6
7290,1024.97,70713,189.94,9.02,66.07,2.69,93,7,B,7
7291,4547.08,119557,136.64,8.57,55.23,2.88,12,22,B,10
7292,9173.88,155083,136.5,4.42,51.61,3.62,18,40,A,10
7293,33947.57,196321,193.09,6.9,67.01,3.6,46,41,A,7
7294,121.4,39910,213.34,8.4,71.07,3.47,85,37,C,3
7295,13728.17,205863,126.61,8.62,55.19,2.74,98,4,A,3
7296,41280.25,184109,221.66,6.62,78.04,3.67,79,39,A,9
7297,3266.96,202307,220.85,7.06,63.68,3.73,31,2,A,3
7298,41937.69,119557,142.25,7.75,75.81,3.56,72,22,B,7
7299,3958.62,39910,211.33,8.4,46.68,2.99,11,37,C,2
7300,36327.18,128107,203.65,7.86,50.97,2.92,2,25,B,4
7301,6242.56,37392,225.25,6.66,81.65,3.45,46,3,B,6
7302,27271.54,158114,130.45,9.65,37.25,3.49,8,34,A,2
7303,27765.68,203819,131.59,8.33,25.94,2.94,4,24,A,2
7304,26428.15,202307,219.9,7.06,46.98,3.41,14,2,A,2
7305,13984.42,219622,126.6,8.32,37.62,2.73,98,13,A,3
7306,85.71,57197,199.15,5.85,40.59,3.75,96,16,B,10
7307,1160.0,203819,138.28,8.95,68.13,4.0,50,24,A,8
7308,204.0,39690,130.7,7.17,84.45,3.59,20,42,C,7
7309,14945.51,93188,130.65,6.4,26.28,3.24,9,17,B,3
7310,4.88,203819,135.45,7.81,67.64,3.92,54,19,A,7
7311,21859.45,203007,197.56,8.09,57.46,3.84,10,32,A,5
7312,7042.36,120653,132.76,9.34,67.09,2.72,42,18,B,9
7313,10427.18,120653,134.86,8.98,70.9,3.97,20,18,B,6
7314,2926.09,205863,131.15,4.31,67.64,3.68,85,4,A,5
7315,1705.74,203742,214.69,7.28,79.2,3.48,27,20,A,7
7316,2988.0,184109,214.36,8.3,76.47,3.81,36,39,A,4
7317,1477.1,204184,142.17,8.24,78.44,3.86,56,27,A,8
7318,3284.64,140167,221.38,6.89,72.42,3.63,6,21,B,5
7319,5220.54,118221,185.36,8.52,48.71,3.72,56,45,B,4
7320,14238.65,206302,126.79,14.31,50.01,3.2,26,28,A,12
7321,4519.24,39910,210.65,8.48,56.73,2.74,82,36,A,11
7322,17301.63,202307,213.48,8.03,57.77,3.29,11,2,A,3
7323,22093.79,39690,131.13,11.63,77.99,4.19,94,38,C,4
7324,3283.96,125833,215.08,6.44,82.47,2.58,26,9,B,9
7325,30801.94,202307,220.49,7.06,58.79,3.63,46,2,A,3
7326,44590.47,205863,130.79,4.08,81.41,3.55,96,4,A,8
7327,22957.53,203742,216.15,7.29,60.04,3.88,18,20,A,10
7328,6206.13,203750,220.7,7.06,57.16,3.67,71,31,A,3
7329,35658.61,203750,221.59,6.56,91.57,3.42,4,31,A,8
7330,16490.11,118221,182.55,8.72,30.54,3.11,91,45,B,12
7331,84601.45,205863,129.09,5.95,70.65,3.87,90,4,A,5
7332,3949.42,57197,194.88,6.34,57.61,3.54,42,16,B,9
7333,671.09,37392,225.31,6.66,82.7,3.35,56,3,B,6
7334,10284.88,120653,138.83,8.24,51.96,4.0,3,18,B,10
7335,17462.43,39690,129.2,8.26,85.61,3.79,8,42,C,8
7336,246.14,42988,211.12,8.16,46.35,2.84,74,30,C,12
7337,2605.28,151315,221.93,6.91,80.42,3.31,31,1,A,7
7338,21108.75,128107,204.36,7.53,73.43,2.78,10,25,B,7
7339,57250.77,203007,190.26,9.02,74.97,2.72,90,32,A,8
7340,14516.94,206302,131.15,10.2,68.66,4.45,25,28,A,10
7341,10703.22,203819,132.76,8.07,59.91,2.84,67,19,A,10
7342,5153.02,70713,191.48,8.82,11.32,2.91,17,7,B,1
7343,4036.85,196321,189.45,7.36,66.0,2.72,96,41,A,6
7344,7479.17,119557,140.43,7.71,42.81,3.59,16,22,B,11
7345,45233.69,39910,131.12,5.62,50.24,3.84,92,44,C,4
7346,18818.14,103681,135.92,9.05,53.55,2.92,16,35,B,4
7347,8445.17,205863,129.04,5.95,63.41,3.87,20,4,A,5
7348,104.68,39690,127.09,14.31,45.64,3.15,72,38,C,12
7349,4647.03,203819,138.2,8.15,69.92,3.67,6,19,A,6
7350,46567.72,203819,134.07,8.21,35.73,3.81,72,24,A,4
7351,4410.29,206302,129.79,12.89,67.41,3.73,83,28,A,10
7352,14869.34,39690,130.76,7.38,91.36,3.88,13,42,C,6
7353,10534.53,207499,225.25,6.66,82.1,3.45,67,11,A,6
7354,144.0,39690,130.76,7.4,98.15,3.88,60,33,A,6
7355,0.5,125833,215.06,6.44,87.09,2.63,18,9,B,8
7356,302.85,184109,213.58,8.3,66.57,3.52,59,39,A,4
7357,3697.79,119557,138.86,8.25,69.53,3.92,85,22,B,6
7358,17281.26,206302,131.11,10.2,71.74,4.47,82,28,A,10
7359,11542.44,204184,137.74,7.83,46.65,3.8,83,27,A,3
7360,5880.51,39690,130.89,11.63,84.83,4.1,46,38,C,6
7361,2900.65,103681,139.7,8.68,77.83,3.76,21,35,B,7
7362,12050.35,205863,129.09,5.95,70.65,3.87,22,4,A,5
7363,147302.52,205863,130.28,4.61,42.09,3.27,95,4,A,1
7364,22243.31,112238,128.4,14.02,57.75,3.82,14,12,B,3
7365,12727.79,219622,129.98,6.39,24.76,3.19,27,13,A,12
7366,7127.19,203750,221.0,7.06,67.87,3.84,83,31,A,3
7367,16112.76,128107,210.12,7.08,50.82,3.58,46,25,B,10
7368,27899.23,158114,129.08,10.58,61.47,3.88,72,34,A,5
7369,17180.37,39910,210.51,8.48,66.34,2.6,96,36,A,10
7370,1590.0,207499,225.83,6.33,86.49,3.64,58,11,A,8
7371,38499.98,120653,137.66,8.08,58.06,3.89,13,18,B,3
7372,25508.1,128107,211.18,7.08,46.41,3.53,7,25,B,11
7373,143460.55,200898,186.8,8.62,69.17,3.74,95,14,A,9
7374,5174.44,128107,203.61,7.86,50.27,2.98,22,25,B,5
7375,61005.0,118221,191.23,8.68,75.71,3.81,38,45,B,8
7376,48701.35,158114,128.0,10.4,45.12,3.06,65,34,A,2
7377,8282.65,207499,214.55,7.35,83.09,2.67,21,11,A,7
7378,902.74,152513,136.59,7.6,22.53,3.41,56,26,A,12
7379,73.46,152513,138.57,7.4,57.69,3.99,59,26,A,9
7380,7605.77,205863,128.72,5.95,56.99,3.52,21,4,A,4
7381,5466.79,140167,215.14,7.85,91.56,3.68,81,21,B,7
7382,2514.01,155083,137.87,4.12,40.65,4.02,18,40,A,4
7383,8864.74,39910,215.78,7.72,71.2,3.28,79,37,C,10
7384,2509.37,37392,221.25,7.2,59.31,3.33,12,3,B,11
7385,8336.82,151315,211.38,8.11,57.79,2.67,42,1,A,3
7386,89929.45,126512,126.73,9.0,51.17,3.04,8,10,B,12
7387,56010.95,206302,130.65,12.19,52.27,4.18,79,28,A,3
7388,3782.04,202307,222.62,6.56,79.45,3.67,33,2,A,9
7389,40690.53,140167,219.36,7.06,48.1,3.16,38,21,B,1
7390,6487.44,41062,207.1,10.58,65.01,3.74,83,43,C,4
7391,30.92,205863,127.3,6.51,31.6,2.99,54,4,A,1
7392,8408.16,155083,136.31,4.58,58.28,3.81,98,40,A,9
7393,3960.03,128107,207.19,7.34,36.73,3.58,20,25,B,3
7394,4118.01,34875,213.81,6.63,58.83,3.04,16,5,B,2
7395,40994.89,200898,182.24,8.9,75.93,2.85,46,14,A,6
7396,43590.18,39910,130.55,5.77,35.38,3.14,92,44,C,2
7397,2195.93,158114,131.11,9.58,59.12,3.88,29,34,A,4
7398,21046.11,123737,132.76,8.1,62.36,2.84,8,15,B,9
7399,83.45,34875,215.75,6.53,85.81,3.52,56,5,B,7
7400,3975.69,158114,126.61,9.52,42.91,2.75,26,34,A,3
7401,14694.39,128107,214.65,7.14,69.84,3.51,34,25,B,6
7402,4717.48,203819,138.2,8.15,69.92,3.67,30,19,A,6
7403,16593.56,112238,126.23,14.31,85.2,3.0,10,12,B,10
7404,6325.49,152513,137.51,7.47,29.03,3.88,3,26,A,3
7405,3847.74,196321,196.92,6.59,22.0,3.1,16,41,A,2
7406,3443.88,207499,217.47,7.55,63.29,3.46,44,11,A,3
7407,17769.7,184109,210.13,8.36,80.99,2.64,23,39,A,7
7408,1850.13,125833,226.76,5.28,76.8,3.67,41,9,B,9
7409,6121.67,57197,189.45,6.84,52.08,2.74,3,16,B,5
7410,8232.64,103681,138.5,8.51,60.07,4.07,29,35,B,5
7411,2614.52,34875,216.3,6.53,89.18,3.52,81,5,B,8
7412,38089.69,103681,142.19,8.84,75.22,3.65,23,35,B,8
7413,16605.36,207499,223.47,6.83,56.43,3.27,1,11,A,1
7414,28.8,39910,210.58,8.48,71.57,2.7,59,36,A,10
7415,96.29,39910,214.11,8.18,85.63,3.58,25,37,C,7
7416,5780.54,57197,192.84,6.34,54.08,3.76,90,16,B,6
7417,118.96,42988,211.66,8.16,60.95,2.73,31,30,C,11
7418,9575.56,93188,126.14,6.7,68.98,2.81,55,17,B,7
7419,23191.13,203742,208.59,7.27,78.89,3.81,49,20,A,7
7420,13481.8,93638,131.74,10.06,36.82,2.77,4,29,B,3
7421,4436.36,203750,215.15,7.93,76.86,3.79,21,31,A,5
7422,17364.02,207499,225.12,6.66,73.4,3.81,74,11,A,4
7423,166.5,118221,182.35,8.74,81.46,2.77,54,45,B,7
7424,8326.09,155083,136.52,4.42,53.9,3.58,46,40,A,10
7425,2193.0,93638,132.77,10.41,62.49,2.72,6,29,B,9
7426,3064.73,119557,140.46,7.71,59.3,3.62,31,22,B,10
7427,3895.18,155083,132.84,5.29,32.94,3.07,20,40,A,11
7428,12932.65,207499,213.62,7.34,75.57,2.84,81,11,A,5
7429,5162.16,119557,142.86,7.54,55.28,4.0,21,22,B,10
7430,18321.33,204184,137.63,7.83,43.64,3.75,82,27,A,3
7431,32420.69,219622,126.09,7.95,81.24,2.8,1,13,A,8
7432,34.14,196321,189.62,7.36,45.29,2.78,45,41,A,4
7433,14766.82,119557,140.16,8.02,72.22,3.8,87,22,B,8
7434,12087.07,93638,137.42,8.99,37.47,3.83,46,29,B,3
7435,12359.3,151315,217.68,7.87,66.57,3.37,98,1,A,10
7436,7516.0,114533,138.57,4.16,61.37,3.99,50,23,B,9
7437,53.98,93188,131.12,6.24,47.69,3.84,18,17,B,4
7438,4360.03,123737,132.44,8.19,61.04,2.97,26,15,B,6
7439,3008.32,152513,133.03,7.91,12.98,3.23,16,26,A,1
7440,5975.66,39690,126.5,10.12,55.47,2.83,4,33,A,2
7441,31105.4,203007,195.87,8.51,17.94,3.33,1,32,A,12
7442,66.21,34875,212.15,6.5,78.53,2.62,59,5,B,9
7443,1940.31,126512,128.4,8.74,64.22,3.63,93,10,B,3
7444,4940.92,39910,126.06,7.8,74.93,2.84,80,44,C,8
7445,15094.12,196321,196.83,6.59,33.15,3.04,3,41,A,1
7446,93078.33,196321,189.94,7.34,70.07,2.69,92,41,A,7
7447,3414.3,57197,194.95,6.23,48.91,3.5,20,16,B,10
7448,2287.09,151315,217.68,7.87,66.57,3.37,71,1,A,10
7449,11925.74,219622,126.61,7.8,42.0,2.84,87,13,A,11
7450,10595.93,196321,195.98,6.76,25.01,3.27,33,41,A,12
7451,5288.61,203819,138.47,8.95,72.81,4.08,6,24,A,9
7452,5942.96,202307,222.62,6.56,79.45,3.67,24,2,A,9
7453,4866.19,70713,197.41,8.26,44.99,3.75,32,7,B,3
7454,1668.67,203750,214.74,7.93,85.72,3.59,31,31,A,6
7455,4920.04,103681,139.89,8.68,79.41,3.83,81,35,B,7
7456,50341.27,39690,130.9,7.54,56.54,4.29,38,42,C,3
7457,7442.13,152513,137.87,7.49,36.9,4.02,34,26,A,4
7458,10997.35,204184,141.3,8.01,41.74,3.92,83,27,A,2
7459,19277.45,184109,220.99,6.62,83.72,3.64,5,39,A,8
7460,7744.44,123737,138.91,7.99,49.12,4.19,79,15,B,10
7461,770.43,93188,126.67,6.88,19.03,2.83,59,17,B,11
7462,11.47,125833,219.36,6.38,70.49,3.91,45,9,B,5
7463,1796.12,112238,127.44,14.02,53.53,3.22,85,12,B,1
7464,168.52,41062,214.68,8.84,71.14,3.6,72,43,C,10
7465,13164.07,196321,197.62,6.55,57.29,3.76,87,41,A,6
7466,926.21,207499,218.9,7.57,90.04,3.68,56,11,A,8
7467,7870.55,184109,220.45,6.99,81.33,3.39,49,39,A,6
7468,4060.81,93188,127.19,6.87,6.23,2.89,33,17,B,1
7469,1634.63,41062,214.12,9.28,75.87,3.72,14,43,C,9
7470,8671.0,196321,192.06,7.24,31.6,3.37,58,41,A,3
7471,2995.98,70713,189.38,9.01,10.53,2.58,71,7,B,2
7472,1204.0,125833,215.21,6.56,69.08,2.6,41,9,B,10
7473,41972.62,120653,133.85,9.13,41.12,3.63,13,18,B,3
7474,3425.18,118221,189.42,8.42,31.85,3.53,21,45,B,1
7475,7173.42,203819,138.28,8.19,66.66,4.0,26,19,A,8
7476,9312.27,155083,132.11,5.44,60.05,2.98,46,40,A,5
7477,13940.58,42988,214.73,7.93,68.62,3.62,97,30,C,4
7478,631.79,203007,190.91,9.14,52.3,2.76,56,32,A,10
7479,4189.31,158114,129.04,10.58,54.4,3.87,26,34,A,5
7480,32826.91,196321,193.51,6.9,74.11,3.54,7,41,A,7
7481,38.0,126512,130.79,7.17,88.83,4.0,54,10,B,8
7482,31529.57,114533,136.47,4.42,45.48,3.57,74,23,B,11
7483,34058.75,39910,129.17,6.56,77.62,3.57,92,44,C,7
7484,8127.63,207499,214.97,7.35,87.73,2.69,98,11,A,8
7485,13348.99,203819,133.61,7.77,29.28,3.6,22,19,A,3
7486,21185.74,93638,138.19,9.42,74.92,3.84,72,29,B,8
7487,4039.45,196321,191.03,7.51,31.34,2.76,32,41,A,11
7488,3411.52,196321,190.99,7.51,33.0,2.71,71,41,A,12
7489,2810.92,202505,225.05,5.33,69.68,3.59,31,6,A,10
7490,106925.29,200898,182.24,8.9,75.93,2.85,38,14,A,6
7491,17671.94,200898,181.76,8.9,65.45,2.87,56,14,A,4
7492,576.0,203819,138.14,8.19,74.45,3.86,60,19,A,8
7493,3743.82,203007,196.96,8.26,39.9,3.29,24,32,A,3
7494,458.83,93188,126.56,6.64,45.22,2.92,80,17,B,4
7495,5435.0,114533,138.2,4.16,69.31,3.7,58,23,B,7
7496,44090.89,202505,214.09,6.86,40.59,2.99,10,6,A,2
7497,18702.22,123737,132.75,8.07,52.19,2.9,92,15,B,10
7498,1577.5,203819,138.91,8.69,51.64,4.19,36,24,A,10
7499,9935.42,203007,190.57,9.02,64.19,2.79,22,32,A,9
7500,12311.05,70713,190.36,9.02,49.84,2.77,74,7,B,9
7501,5825.84,39690,129.77,12.89,67.31,3.8,82,38,C,10
7502,17752.0,125833,226.56,5.28,69.92,3.72,5,9,B,9
7503,2541.0,123737,132.77,8.1,57.94,2.85,35,15,B,9
7504,26032.72,93188,126.79,6.88,31.64,2.82,79,17,B,12
7505,38807.31,151315,218.96,7.87,43.93,3.16,11,1,A,12
7506,2820.91,200898,191.0,8.57,66.3,3.85,19,14,A,5
7507,494.55,41062,207.31,10.58,80.89,3.79,7,43,C,5
7508,245.91,39690,131.12,7.4,72.94,4.11,16,33,A,4
7509,6316.79,123737,138.13,8.15,67.7,3.79,56,15,B,6
7510,3238.0,205863,130.83,4.61,59.81,3.71,36,4,A,3
7511,144.94,37392,214.81,7.35,80.84,2.56,59,3,B,9
7512,33170.81,203819,132.15,8.19,46.53,3.11,13,19,A,5
7513,5865.64,219622,129.79,6.39,47.41,3.57,52,13,A,10
7514,7.5,128107,208.32,7.29,51.43,3.82,51,25,B,4
7515,23929.15,128107,214.61,7.14,73.52,3.56,23,25,B,6
7516,8218.44,155083,138.91,4.14,47.35,4.03,34,40,A,10
7517,59282.83,200898,184.81,8.55,46.66,3.63,13,14,A,3
7518,23607.8,203750,211.61,8.16,58.71,2.69,81,31,A,11
7519,322.32,39910,217.88,7.72,58.31,3.16,12,37,C,12
7520,6737.77,37392,226.11,6.33,78.36,3.72,11,3,B,9
7521,174.16,206302,131.1,11.63,84.51,4.11,59,28,A,5
7522,19756.34,200898,186.07,8.52,60.38,4.07,32,14,A,5
7523,4065.95,205863,130.72,4.08,81.06,3.36,35,4,A,7
7524,351.0,41062,213.25,9.58,89.85,3.29,60,43,C,6
7525,15495.28,70713,192.12,8.82,27.69,3.41,13,7,B,3
7526,1757.59,37392,218.55,7.57,85.1,3.52,17,3,B,7
7527,37637.54,203742,210.4,7.08,62.54,3.54,81,20,A,10
7528,1349.98,119557,136.63,8.57,69.31,2.72,80,22,B,10
7529,33042.86,70713,197.66,8.09,51.49,3.93,72,7,B,4
7530,1593.16,120653,136.52,8.47,60.26,3.58,85,18,B,10
7531,79880.46,120653,138.73,8.24,56.09,3.92,92,18,B,10
7532,22229.5,57197,195.87,6.23,14.44,3.33,18,16,B,12
7533,50395.12,202307,216.36,7.85,78.14,3.36,72,2,A,9
7534,1688.75,34875,210.89,6.46,71.53,2.84,33,5,B,5
7535,7251.08,120653,136.49,8.47,46.25,3.5,24,18,B,12
7536,56202.44,204184,135.57,8.24,38.07,2.92,2,27,A,3
7537,147.19,42988,211.04,8.32,57.1,2.67,72,30,C,3
7538,48249.11,120653,136.59,8.47,35.78,3.41,55,18,B,12
7539,11115.55,203750,221.38,6.89,72.42,3.63,98,31,A,5
7540,2241.0,203750,210.28,8.2,74.24,2.83,35,31,A,5
7541,4121.9,155078,218.4,6.3,84.73,3.64,21,8,A,6
7542,11561.42,103681,141.7,8.74,49.4,3.95,87,35,B,3
7543,39839.42,202505,216.58,6.86,84.49,3.65,87,6,A,6
7544,1800.32,196321,196.95,6.59,27.89,3.13,96,41,A,2
7545,252.98,39690,128.96,13.74,72.12,4.13,74,38,C,4
7546,11176.04,39910,209.67,8.46,80.87,2.72,4,36,A,5
7547,5466.21,37392,222.42,7.2,49.26,3.16,32,3,B,12
7548,5.38,39690,129.24,13.5,91.74,3.74,26,38,C,8
7549,67633.43,203819,136.49,8.45,47.21,3.67,72,24,A,12
7550,21338.87,203819,132.82,8.07,48.45,3.05,7,19,A,10
7551,130.72,39690,126.14,9.2,92.89,2.98,85,42,C,7
7552,10796.27,118221,185.91,8.62,74.04,3.75,1,45,B,7
7553,19669.99,196321,196.87,6.59,31.65,3.03,97,41,A,2
7554,58192.19,120653,132.76,9.34,67.09,2.72,95,18,B,9
7555,3340.0,93638,132.11,10.16,63.81,2.98,35,29,B,5
7556,18540.5,158114,126.11,9.82,72.26,2.65,16,34,A,7
7557,1173.25,93638,138.17,9.42,72.99,3.7,35,29,B,8
7558,9664.5,196321,189.62,7.36,45.29,2.78,34,41,A,4
7559,27053.5,112238,126.14,14.18,91.98,3.1,4,12,B,7
7560,4697.4,126512,126.38,9.0,68.12,3.01,31,10,B,10
7561,10087.51,123737,133.37,7.77,33.06,3.42,11,15,B,2
7562,10352.7,128107,210.69,7.08,46.28,3.57,18,25,B,10
7563,39375.61,206302,126.08,14.18,92.81,3.04,79,28,A,8
7564,2842.79,203819,138.83,8.69,52.59,4.15,35,24,A,10
7565,4478.74,34875,211.04,6.46,65.3,2.81,46,5,B,4
7566,9463.43,93188,129.09,6.77,49.26,3.77,32,17,B,5
7567,7038.56,123737,134.94,7.66,69.86,4.02,22,15,B,6
7568,859.14,120653,132.77,9.34,60.94,2.72,93,18,B,9
7569,3609.78,39910,210.24,8.48,51.83,2.81,8,36,A,12
7570,76760.46,202307,211.26,8.1,88.7,2.66,38,2,A,8
7571,34809.36,207499,225.25,6.66,81.67,3.5,93,11,A,6
7572,18624.14,119557,140.38,8.02,69.78,3.68,1,22,B,9
7573,100.79,39690,126.15,9.2,91.8,2.97,85,42,C,7
7574,13273.83,140167,223.06,6.17,68.52,3.59,5,21,B,10
7575,16432.45,203007,197.88,7.87,71.57,3.61,81,32,A,7
7576,23700.36,203819,131.86,8.33,48.87,2.96,1,24,A,3
7577,5208.61,39690,129.09,8.44,98.43,3.84,4,33,A,7
7578,30.0,125833,219.6,6.38,77.66,3.9,54,9,B,5
7579,11275.81,219622,126.13,8.11,71.83,2.82,56,13,A,6
7580,1416.16,34875,211.45,6.46,79.81,2.76,91,5,B,5
7581,22029.44,203819,132.69,8.1,66.4,2.88,22,19,A,8
7582,5611.6,202307,221.38,6.89,78.19,3.56,44,2,A,5
7583,13.72,114533,131.53,5.89,15.25,2.79,94,23,B,2
7584,4353.66,57197,191.96,6.61,26.15,3.1,34,16,B,2
7585,24109.77,204184,136.29,8.06,68.9,2.97,82,27,A,6
7586,6474.08,196321,191.86,7.24,16.81,3.04,26,41,A,2
7587,5317.2,196321,194.11,6.9,67.65,3.54,26,41,A,8
7588,1595.17,126512,130.35,7.54,56.85,3.54,28,10,B,2
7589,32635.08,203742,208.11,7.29,47.09,3.72,10,20,A,4
7590,97591.4,203819,138.57,8.19,65.08,4.09,95,19,A,9
7591,8668.06,151315,210.62,7.81,65.86,2.77,18,1,A,4
7592,9410.73,205863,127.58,6.51,40.6,3.02,25,4,A,1
7593,3121.34,155078,215.17,6.26,42.06,3.02,29,8,A,1
7594,8317.89,93638,136.49,9.36,49.31,3.6,82,29,B,10
7595,1967.0,103681,141.55,8.74,49.6,3.86,41,35,B,3
7596,1244.35,203007,189.47,8.96,55.89,2.78,19,32,A,5
7597,4952.54,155078,220.13,6.42,72.2,3.36,26,8,A,9
7598,3.25,39910,213.75,8.3,84.43,3.6,25,36,A,6
7599,20502.66,200898,192.01,8.68,64.88,4.0,87,14,A,9
7600,9346.35,202505,220.95,6.55,49.45,3.11,42,6,A,12
7601,27057.57,93188,129.0,6.77,40.14,3.68,46,17,B,4
7602,1816.89,120653,138.28,8.54,68.52,3.87,98,18,B,8
7603,702.71,39690,130.89,7.15,94.55,3.89,67,33,A,8
7604,55464.62,184109,209.17,8.46,70.03,2.78,91,39,A,4
7605,75426.85,205863,129.09,5.64,84.54,3.5,38,4,A,7
7606,72060.21,196321,192.83,6.93,41.11,3.83,90,41,A,5
7607,47149.55,219622,126.79,7.8,36.78,2.82,14,13,A,12
7608,289.46,39910,130.9,5.77,47.83,3.67,74,44,C,3
7609,11376.11,42988,214.25,8.03,70.33,3.47,13,30,C,3
7610,24409.99,202307,219.72,7.06,50.5,3.29,46,2,A,1
7611,8817.93,200898,187.03,8.62,63.75,3.71,83,14,A,9
7612,7804.9,203819,132.82,8.27,48.69,3.05,3,24,A,10
7613,569.86,41062,209.37,10.15,66.82,3.37,5,43,C,10
7614,4235.74,155078,218.45,6.3,82.21,3.65,22,8,A,6
7615,5425.44,203819,132.44,8.19,61.64,2.97,44,19,A,6
7616,2405.54,155083,136.64,4.42,18.75,3.4,26,40,A,12
7617,6903.68,207499,215.18,7.56,72.6,2.72,6,11,A,10
7618,3103.98,151315,221.8,7.14,78.39,3.35,37,1,A,6
7619,7319.42,203007,192.2,8.82,46.7,3.41,67,32,A,3
7620,71449.32,207499,218.85,7.57,78.31,3.81,92,11,A,4
7621,131.2,39910,216.94,7.72,66.28,3.26,60,36,A,11
7622,16679.75,120653,135.08,8.98,63.23,3.87,1,18,B,6
7623,2004.28,196321,191.01,7.51,25.3,2.74,30,41,A,11
7624,1155.43,93638,132.52,10.41,72.88,2.82,52,29,B,7
7625,42916.77,114533,138.83,4.14,56.65,4.03,8,23,B,10
7626,18662.25,41062,203.83,10.4,53.05,3.02,97,43,C,1
7627,21.0,112238,126.6,14.1,59.25,3.09,45,12,B,4
7628,365.57,39910,126.6,7.97,38.97,2.88,18,44,C,4
7629,10370.33,93188,129.83,6.62,32.93,3.49,17,17,B,11
7630,38.34,39690,129.15,8.26,88.59,3.7,25,42,C,7
7631,43879.68,126512,130.76,7.38,91.36,3.88,11,10,B,6
7632,9105.53,203750,223.02,6.17,61.53,3.6,87,31,A,10
7633,24094.04,206302,126.11,14.1,90.84,2.95,34,28,A,6
7634,20221.73,120653,136.53,8.47,35.52,3.44,11,18,B,12
7635,3000.22,119557,139.99,8.02,75.33,3.9,93,22,B,8
7636,20558.72,128107,208.59,7.27,78.1,3.81,10,25,B,7
7637,52662.39,196321,192.9,6.93,62.3,3.7,40,41,A,6
7638,70.48,120653,137.87,8.3,47.75,4.02,54,18,B,4
7639,109.64,70713,190.47,9.02,48.56,2.8,59,7,B,9
7640,444.0,34875,212.38,6.63,45.41,3.02,30,5,B,1
7641,14829.61,205863,126.56,7.9,56.23,2.81,55,4,A,4
7642,39962.3,219622,126.28,7.8,63.03,2.84,9,13,A,10
7643,483.75,123737,132.76,8.07,36.0,3.2,56,15,B,12
7644,12277.5,203819,133.26,8.25,26.51,3.42,34,24,A,2
7645,20167.74,158114,129.37,10.64,70.05,3.55,4,34,A,9
7646,32238.51,41062,213.06,9.58,78.27,3.81,91,43,C,4
7647,724.64,70713,190.57,9.02,47.55,2.79,30,7,B,9
7648,5856.68,39910,130.89,5.41,79.18,3.62,46,44,C,8
7649,4640.37,152513,135.87,7.77,69.52,3.88,32,26,A,7
7650,59850.75,119557,136.6,8.57,29.76,3.15,14,22,B,12
7651,58795.09,120653,138.2,8.3,70.17,3.58,40,18,B,6
7652,2170.8,57197,189.67,7.04,27.92,2.62,41,16,B,3
7653,89653.69,126512,126.16,9.52,76.67,3.06,8,10,B,5
7654,50752.03,203819,138.91,7.99,48.29,4.19,40,19,A,10
7655,706.0,118221,191.17,8.68,78.89,3.57,36,45,B,7
7656,22870.26,184109,210.21,8.46,83.96,2.64,97,39,A,6
7657,5715.09,151315,220.27,7.35,48.02,3.41,83,1,A,2
7658,775.04,37392,222.16,7.2,54.97,3.17,36,3,B,12
7659,24159.98,42988,219.81,7.06,55.83,3.36,40,30,C,2
7660,37641.0,184109,216.09,7.72,73.79,3.27,93,39,A,10
7661,9119.34,184109,220.45,6.99,81.33,3.39,25,39,A,6
7662,67459.39,202505,217.52,6.86,76.95,3.9,72,6,A,5
7663,8117.0,202505,223.45,5.96,87.35,3.29,36,6,A,6
7664,6472.77,125833,214.78,6.44,78.55,2.67,14,9,B,7
7665,32554.2,158114,129.83,10.15,46.0,3.29,65,34,A,11
7666,1369.69,203750,211.15,8.1,79.3,2.56,85,31,A,9
7667,924.28,93188,126.19,6.7,58.39,2.87,27,17,B,9
7668,42940.95,196321,189.7,7.36,41.31,2.72,72,41,A,4
7669,19565.61,37392,225.25,6.66,72.38,3.63,40,3,B,5
7670,5843.24,93188,130.76,5.94,73.29,3.51,55,17,B,8
7671,62.66,41062,203.78,10.21,69.46,2.72,85,43,C,10
7672,73940.64,114533,134.86,4.78,67.21,3.97,16,23,B,6
7673,3045.5,140167,211.26,8.1,89.58,2.66,35,21,B,8
7674,22895.52,203819,134.44,8.21,60.48,4.12,23,24,A,4
7675,13.75,39690,128.62,8.95,63.34,3.72,25,33,A,3
7676,3935.13,155078,223.24,5.82,43.47,3.16,67,8,A,1
7677,9687.5,120653,136.47,8.47,54.65,3.63,18,18,B,10
7678,1528.63,34875,211.93,6.5,82.46,2.64,20,5,B,7
7679,1391.5,37392,214.79,7.34,83.52,2.64,36,3,B,6
7680,17710.04,93638,132.58,10.41,76.91,2.78,13,29,B,7
7681,2824.96,204184,142.31,8.24,72.93,4.0,56,27,A,8
7682,2421.64,70713,196.83,8.26,26.9,3.04,24,7,B,1
7683,2196.92,125833,219.09,6.38,72.35,3.81,33,9,B,4
7684,56910.63,203742,208.48,7.29,52.56,3.89,5,20,A,4
7685,5752.34,112238,129.98,12.89,45.4,3.54,91,12,B,12
7686,1293.0,203819,132.68,8.27,27.11,3.26,50,24,A,12
7687,12940.13,103681,138.16,8.51,52.24,3.82,26,35,B,4
7688,4457.18,103681,140.41,8.74,49.69,3.53,6,35,B,11
7689,1920.76,57197,196.83,6.16,28.17,3.04,36,16,B,1
7690,4345.92,118221,191.06,8.57,74.22,3.56,55,45,B,6
7691,5763.56,140167,219.0,7.44,46.54,3.11,42,21,B,12
7692,24685.85,184109,220.2,6.99,71.59,3.89,97,39,A,4
7693,13045.62,126512,130.68,7.17,89.8,3.72,26,10,B,7
7694,5061.35,203007,195.18,8.51,48.87,3.55,20,32,A,10
7695,63951.79,203819,131.64,8.35,28.57,2.91,91,19,A,2
7696,13166.78,207499,214.85,7.35,84.94,2.58,17,11,A,9
7697,1275.2,140167,215.28,7.93,70.19,3.81,27,21,B,4
7698,18576.0,158114,129.09,10.58,63.05,3.87,46,34,A,5
7699,24092.5,203007,198.1,7.87,76.12,3.56,10,32,A,8
7700,13527.6,112238,131.11,11.63,64.28,4.25,3,12,B,4
7701,3055.7,103681,136.63,8.86,67.08,2.71,16,35,B,9
7702,3382.53,120653,138.23,8.54,77.43,3.61,6,18,B,7
7703,44.96,41062,203.05,9.82,84.17,2.62,5,43,C,7
7704,32249.32,120653,134.18,8.98,43.32,3.72,23,18,B,4
7705,18481.45,200898,186.56,8.62,72.55,3.7,34,14,A,8
7706,13515.36,155083,134.44,4.78,52.68,3.99,97,40,A,4
7707,1282.08,203742,204.36,7.53,75.14,2.78,59,20,A,7
7708,27010.25,70713,195.77,8.51,27.6,3.42,14,7,B,11
7709,8094.48,155078,226.36,5.4,66.96,3.72,74,8,A,9
7710,51635.89,202505,215.65,6.86,57.71,3.46,90,6,A,3
7711,60536.13,202307,211.61,8.16,57.85,2.69,94,2,A,11
7712,8062.68,123737,134.68,7.66,57.19,4.2,79,15,B,5
7713,3571.96,93188,130.9,6.4,40.69,3.67,33,17,B,3
7714,8542.69,196321,197.78,6.55,46.84,3.9,67,41,A,4
7715,4569.65,158114,126.6,9.52,42.26,2.7,26,34,A,3
7716,15968.09,155078,225.28,5.68,64.96,3.69,5,8,A,5
7717,16085.2,34875,212.56,6.77,62.37,2.73,95,5,B,11
7718,8192.77,39910,215.45,8.18,81.52,3.36,46,37,C,9
7719,19001.49,206302,130.74,10.93,88.16,3.76,46,28,A,8
7720,7016.97,128107,211.64,7.08,42.85,3.45,44,25,B,12
7721,26047.41,203819,132.72,8.1,74.69,2.86,7,19,A,9
7722,2368.06,128107,204.39,8.19,19.64,2.77,42,25,B,2
7723,963.48,34875,212.46,6.77,70.58,2.72,20,5,B,10
7724,14380.22,206302,126.18,14.1,76.2,3.12,14,28,A,5
7725,21629.95,205863,126.16,7.9,67.73,2.76,14,4,A,5
7726,9988.51,112238,129.83,12.89,54.2,3.81,87,12,B,11
7727,4929.15,126512,126.6,9.52,65.29,3.0,41,10,B,4
7728,4697.01,119557,140.43,7.71,42.81,3.59,6,22,B,11
7729,368.71,203819,138.26,8.19,73.17,3.69,28,19,A,7
7730,75923.74,114533,138.65,4.16,56.8,4.06,92,23,B,9
7731,46240.97,118221,188.2,8.52,51.34,3.53,95,45,B,11
7732,3692.86,196321,189.6,7.54,21.84,2.59,42,41,A,2
7733,80720.71,205863,128.72,5.95,56.99,3.52,72,4,A,4
7734,11534.96,57197,198.82,5.85,50.46,3.78,10,16,B,10
7735,4909.42,200898,185.36,8.52,48.71,3.72,44,14,A,4
7736,1497.0,158114,126.73,10.21,34.7,2.73,36,34,A,12
7737,4810.5,203819,132.36,8.19,68.88,3.01,49,19,A,6
7738,2812.72,123737,138.65,8.19,60.34,4.2,21,15,B,9
7739,144.02,39690,131.11,7.38,70.28,4.25,12,42,C,4
7740,1693.0,196321,190.86,7.51,49.91,2.76,35,41,A,10
7741,19494.71,203819,134.68,8.21,59.84,4.2,7,24,A,5
7742,1660.88,155078,213.67,6.29,62.68,2.84,71,8,A,5
7743,41938.09,158114,126.1,9.82,72.59,2.58,90,34,A,9
7744,16690.5,184109,210.65,8.48,55.5,2.77,34,39,A,11
7745,6212.77,203819,136.18,7.81,71.14,3.94,32,19,A,8
7746,300.98,70713,189.4,8.96,63.59,2.68,96,7,B,6
7747,71173.04,202505,224.6,5.67,77.82,3.67,38,6,A,9
7748,6265.94,196321,190.99,7.51,33.0,2.71,24,41,A,12
7749,42387.52,205863,131.1,4.31,68.43,3.62,96,4,A,5
7750,45717.53,151315,213.82,7.74,59.58,3.29,79,1,A,3
7751,12023.04,39690,130.76,7.4,98.15,3.88,96,33,A,6
7752,17158.78,196321,192.73,6.93,41.2,3.74,82,41,A,5
7753,3183.9,155083,138.91,4.14,47.35,4.03,32,40,A,10
7754,9313.16,151315,211.5,7.79,87.16,2.63,33,1,A,8
7755,16969.7,203819,136.96,7.94,32.41,3.74,74,19,A,1
7756,7055.84,114533,136.64,4.42,22.3,3.4,44,23,B,12
7757,3544.36,184109,214.03,8.3,73.19,3.74,30,39,A,4
7758,10613.04,42988,215.69,7.85,80.62,3.53,8,30,C,9
7759,3010.5,203750,214.93,7.93,83.82,3.7,41,31,A,6
7760,71261.74,204184,136.64,8.02,58.38,3.0,91,27,A,10
7761,17676.88,203007,193.0,8.6,65.06,3.66,97,32,A,6
7762,22402.44,114533,132.72,5.33,72.91,2.74,71,23,B,9
7763,20179.56,120653,137.98,8.3,50.43,4.02,34,18,B,4
7764,2230.0,123737,136.48,7.87,43.39,3.74,50,15,B,11
7765,2027.98,196321,196.96,6.59,27.39,3.19,36,41,A,3
7766,5.12,206302,131.11,10.2,71.74,4.47,54,28,A,10
7767,11661.11,70713,190.86,9.14,35.86,2.76,5,7,B,10
7768,2578.68,93638,132.29,10.16,65.64,2.91,97,29,B,5
7769,6702.44,203819,131.64,8.35,28.57,2.91,30,19,A,2
7770,23646.08,128107,208.96,7.29,60.1,4.07,56,25,B,5
7771,15433.72,126512,126.49,9.0,71.04,3.01,20,10,B,11
7772,16723.65,152513,132.98,8.15,37.51,2.96,9,26,A,11
7773,1264.0,219622,127.86,7.47,30.83,3.03,48,13,A,2
7774,11702.58,196321,198.82,6.2,50.14,3.78,3,41,A,10
7775,11849.82,140167,210.98,8.32,45.31,2.56,3,21,B,2
7776,13009.67,103681,138.86,8.51,73.26,3.88,20,35,B,6
7777,15035.06,202505,217.05,6.86,80.83,3.79,81,6,A,5
7778,33438.81,112238,126.14,14.18,91.98,3.1,7,12,B,7
7779,62.42,155083,132.84,5.29,32.94,3.07,54,40,A,11
7780,297.2,41062,213.28,9.28,82.68,3.23,9,43,C,7
7781,722.78,123737,132.11,8.19,63.16,3.1,28,15,B,5
7782,64.22,39910,220.12,6.99,73.95,3.89,6,37,C,4
7783,20977.98,200898,186.67,8.62,71.48,3.74,24,14,A,9
7784,3260.61,155083,134.28,4.78,43.69,3.82,33,40,A,4
7785,2359.89,203819,132.76,8.07,59.91,2.84,37,19,A,10
7786,1636.51,103681,141.12,8.74,37.86,3.64,44,35,B,2
7787,5562.02,184109,210.44,8.48,72.74,2.6,20,39,A,10
7788,9602.93,120653,136.86,8.08,24.2,3.54,29,18,B,1
7789,911.0,93638,133.26,10.26,28.89,3.26,58,29,B,2
7790,5027.67,203750,221.81,6.56,77.72,3.62,67,31,A,8
7791,6533.79,118221,187.97,8.52,43.92,3.55,29,45,B,11
7792,19711.09,103681,140.43,8.74,50.55,3.45,22,35,B,12
7793,3699.48,203742,207.43,7.34,44.8,3.63,85,20,A,3
7794,28.0,128107,204.67,7.86,63.68,2.81,60,25,B,6
7795,82281.26,207499,224.72,6.83,64.21,3.73,95,11,A,3
7796,13374.63,184109,213.81,8.3,69.45,3.62,56,39,A,4
7797,11.97,155078,225.44,5.4,81.24,3.23,45,8,A,7
7798,6444.59,206302,128.26,14.02,51.72,3.67,21,28,A,3
7799,4686.26,123737,132.69,8.1,65.07,2.88,81,15,B,8
7800,79.53,39690,129.2,13.5,91.04,3.7,12,38,C,8
7801,355.02,202505,213.17,6.97,86.83,2.69,28,6,A,8
7802,2620.0,93188,131.12,6.24,47.69,3.84,58,17,B,4
7803,11627.23,205863,130.76,4.08,83.21,3.48,29,4,A,8
7804,18063.33,203742,205.05,7.34,27.43,3.23,3,20,A,1
7805,10259.9,203742,204.73,7.53,74.57,2.78,32,20,A,8
7806,34223.38,202505,212.86,7.09,84.2,2.65,46,6,A,6
7807,188.02,42988,222.22,6.56,76.1,3.72,7,30,C,9
7808,19865.78,126512,129.05,8.49,81.87,3.89,49,10,B,6
7809,14642.39,200898,181.87,8.9,47.74,2.85,32,14,A,4
7810,124.81,93638,138.23,9.42,76.57,3.61,59,29,B,7
7811,3985.48,203819,138.38,8.95,71.18,4.03,30,24,A,8
7812,45390.9,196321,191.86,7.24,16.81,3.04,94,41,A,2
7813,989.81,103681,135.87,9.05,53.91,2.9,28,35,B,4
7814,63580.09,114533,137.34,4.26,31.12,3.75,40,23,B,2
7815,11443.72,196321,190.4,7.34,63.3,2.78,3,41,A,9
7816,31819.87,120653,138.28,8.54,68.52,3.87,74,18,B,8
7817,4709.41,112238,130.76,10.93,95.91,3.81,6,12,B,8
7818,1230.0,118221,185.67,8.52,53.04,3.89,36,45,B,4
7819,2288.12,114533,138.23,4.16,70.86,3.54,52,23,B,7
7820,3804.47,140167,210.95,8.32,39.75,2.51,44,21,B,2
7821,1892.34,155083,132.88,5.11,24.05,3.19,30,40,A,1
7822,9891.09,184109,214.36,8.3,76.47,3.81,22,39,A,4
7823,45113.86,41062,207.25,10.64,88.58,3.65,38,43,C,7
7824,19125.43,203819,136.42,7.81,64.99,3.86,7,19,A,9
7825,3869.1,93188,131.08,5.53,52.81,3.82,85,17,B,10
7826,2303.1,37392,215.89,7.55,45.95,2.99,6,3,B,2
7827,30104.67,207499,214.53,7.37,61.51,2.72,7,11,A,3
7828,35212.42,118221,191.86,8.68,65.32,4.04,8,45,B,9
7829,109022.63,184109,209.67,8.46,80.22,2.76,95,39,A,5
7830,13389.0,200898,182.53,8.74,77.17,2.78,58,14,A,8
7831,3509.97,155078,225.3,5.68,78.31,3.5,21,8,A,6
7832,10442.92,184109,209.4,8.46,68.15,2.77,17,39,A,4
7833,32629.06,120653,138.47,8.54,71.85,3.92,91,18,B,9
7834,299.2,41062,207.12,10.64,87.02,3.48,60,43,C,7
7835,12355.8,93188,127.44,6.87,26.62,2.93,74,17,B,1
7836,4478.2,37392,214.79,7.34,83.52,2.64,96,3,B,6
7837,3390.1,34875,222.33,5.8,79.72,3.5,90,5,B,6
7838,124.19,41062,207.1,10.58,65.01,3.74,7,43,C,4
7839,13300.79,202307,214.94,7.93,69.48,3.74,74,2,A,4
7840,549.5,158114,126.38,9.59,56.58,2.79,27,34,A,4
7841,1226.99,119557,136.56,8.43,68.99,2.77,41,22,B,8
7842,80233.08,184109,219.74,7.24,61.64,3.67,90,39,A,3
7843,53130.38,118221,184.16,8.55,35.78,3.27,72,45,B,2
7844,9566.31,140167,210.9,8.32,37.77,2.55,17,21,B,2
7845,14201.72,203750,210.9,8.32,37.77,2.55,7,31,A,2
7846,22838.99,120653,134.44,8.98,58.82,3.99,34,18,B,4
7847,49245.46,112238,129.24,13.5,91.74,3.74,3,12,B,8
7848,15933.51,205863,129.85,5.14,38.71,3.18,17,4,A,12
7849,23323.05,41062,206.45,10.4,65.53,3.47,96,43,C,3
7850,8017.0,219622,127.19,7.47,16.94,2.89,32,13,A,1
7851,12506.06,118221,190.01,8.42,42.86,3.74,82,45,B,2
7852,11321.74,112238,128.4,14.02,57.75,3.82,71,12,B,3
7853,20119.19,206302,129.37,13.5,88.0,3.91,3,28,A,9
7854,22384.25,39690,129.82,7.87,55.28,3.68,97,42,C,11
7855,1672.3,203819,137.06,8.66,38.61,3.8,35,24,A,2
7856,4859.49,34875,215.84,6.49,83.81,3.7,79,5,B,6
7857,3271.15,202307,221.39,6.89,78.38,3.5,52,2,A,6
7858,34981.97,207499,219.09,7.57,89.09,3.52,23,11,A,8
7859,18660.8,128107,208.36,7.29,70.69,3.92,10,25,B,6
7860,9698.0,114533,138.19,4.16,69.97,3.84,50,23,B,8
7861,575.03,112238,129.18,13.5,90.61,3.8,59,12,B,8
7862,3931.4,152513,133.26,7.91,15.12,3.26,44,26,A,2
7863,47030.86,39910,214.69,8.3,76.73,3.92,92,36,A,5
7864,21689.51,42988,217.0,7.44,69.79,3.27,94,30,C,10
7865,5776.32,202307,210.0,8.2,73.31,2.85,83,2,A,5
7866,35027.45,42988,215.11,7.93,70.79,3.81,90,30,C,4
7867,244.75,39690,131.08,6.9,85.18,4.13,17,33,A,10
7868,8232.44,118221,182.81,8.72,58.61,2.87,25,45,B,10
7869,1487.0,70713,191.86,8.82,10.24,3.04,36,7,B,2
7870,14753.83,42988,210.15,8.2,67.87,2.81,2,30,C,4
7871,11786.07,207499,214.12,7.34,66.16,2.72,98,11,A,4
7872,56423.08,155078,215.27,6.43,57.93,2.72,38,8,A,10
7873,1585.39,41062,213.18,9.58,72.06,3.63,14,43,C,5
7874,21671.42,206302,126.61,13.98,60.06,3.08,96,28,A,3
7875,2736.0,203819,132.68,8.07,26.83,3.3,58,19,A,12
7876,1262.5,184109,209.98,8.55,58.62,2.72,27,39,A,3
7877,37464.04,202307,211.06,8.16,47.3,2.94,7,2,A,12
7878,8581.02,152513,132.72,8.44,66.93,2.74,17,26,A,9
7879,3668.38,42988,221.52,6.56,85.26,3.23,82,30,C,7
7880,7033.49,112238,131.11,10.2,71.74,4.47,71,12,B,10
7881,62226.93,203750,219.0,7.44,46.54,3.11,5,31,A,12
7882,21.0,93188,126.09,6.7,70.53,2.8,41,17,B,8
7883,2746.01,152513,136.47,7.6,37.78,3.57,20,26,A,11
7884,7277.43,219622,129.17,6.88,77.62,3.57,21,13,A,7
7885,30658.09,152513,138.14,7.4,67.01,3.77,2,26,A,8
7886,2115.19,34875,216.11,6.53,91.07,3.68,26,5,B,8
7887,4346.81,70713,189.69,8.96,33.79,2.75,12,7,B,4
7888,30537.01,57197,189.42,6.84,52.4,2.67,40,16,B,6
7889,69297.34,119557,136.35,8.35,74.37,2.81,95,22,B,6
7890,154116.17,200898,182.08,8.99,48.79,2.84,95,14,A,3
7891,12787.06,125833,225.49,5.54,79.69,3.56,23,9,B,5
7892,1536.0,126512,128.0,8.74,61.77,3.43,48,10,B,2
7893,0.25,207499,218.4,7.57,85.79,3.65,18,11,A,6
7894,23335.47,206302,131.14,11.63,76.03,4.17,46,28,A,5
7895,3155.68,37392,226.32,6.33,72.78,3.72,17,3,B,9
7896,27289.08,203819,131.86,8.33,48.87,2.96,4,24,A,3
7897,22458.2,93188,126.33,6.88,47.35,2.84,13,17,B,10
7898,37214.74,202307,219.18,7.44,44.57,3.13,96,2,A,12
7899,44.9,203819,138.28,8.95,68.13,4.0,19,24,A,8
7900,46.0,39910,129.17,6.56,77.62,3.57,32,44,C,7
7901,1879.69,152513,136.18,7.77,60.58,3.82,31,26,A,8
7902,13907.43,207499,218.79,7.57,87.8,3.65,16,11,A,7
7903,3650.0,204184,136.37,7.98,76.25,2.96,35,27,A,7
7904,118492.13,204184,137.05,7.83,28.7,3.4,95,27,A,2
7905,100266.39,203007,197.23,8.26,47.64,3.66,92,32,A,3
7906,13692.26,203742,214.09,6.96,66.11,3.9,32,20,A,3
7907,540.56,42988,222.82,6.17,70.28,3.62,3,30,C,10
7908,232.72,206302,129.43,13.5,76.36,3.92,56,28,A,9
7909,2795.67,123737,137.06,7.94,35.3,3.8,33,15,B,2
7910,2097.64,125833,214.92,6.42,41.82,2.98,67,9,B,1
7911,18804.36,39690,129.18,8.26,89.8,3.8,40,42,C,8
7912,30199.35,151315,211.53,7.79,81.21,2.58,81,1,A,9
7913,257.4,152513,134.36,7.82,33.81,3.92,59,26,A,4
7914,1113.73,34875,221.43,5.94,60.66,3.63,21,5,B,3
7915,9013.26,39910,220.53,6.99,86.68,3.27,91,36,A,6
7916,10877.24,128107,206.92,7.34,31.59,3.43,49,25,B,3
7917,9955.07,57197,198.1,6.06,64.19,3.56,23,16,B,8
7918,14078.55,206302,129.11,13.5,89.9,3.7,74,28,A,7
7919,190.0,203750,222.82,6.17,70.28,3.62,99,31,A,10
7920,78893.28,200898,182.43,8.9,69.71,2.81,40,14,A,6
7921,12560.7,39690,131.04,7.38,65.99,4.28,79,42,C,4
7922,4186.35,93638,137.66,8.99,54.68,3.89,32,29,B,3
7923,17606.04,205863,130.7,4.08,79.14,3.26,17,4,A,7
7924,80234.1,158114,130.38,9.65,36.7,3.41,92,34,A,2
7925,12113.22,202307,218.11,7.44,56.36,3.24,3,2,A,11
7926,2165.63,158114,131.15,9.58,61.92,3.68,29,34,A,5
7927,2594.93,206302,130.07,12.89,44.64,3.43,52,28,A,12
7928,12532.81,155078,218.89,6.42,86.46,3.68,82,8,A,7
7929,51.81,39690,129.24,8.44,95.89,3.74,42,33,A,8
7930,49502.12,200898,191.06,8.57,74.22,3.56,93,14,A,6
7931,43947.17,112238,131.03,11.63,83.84,4.29,79,12,B,5
7932,1629.51,34875,222.33,5.8,70.45,3.63,24,5,B,5
7933,3722.91,196321,189.66,7.36,46.79,2.76,32,41,A,4
7934,2613.9,155078,226.36,5.4,66.96,3.72,83,8,A,9
7935,5051.9,119557,142.12,7.67,61.71,3.75,21,22,B,6
7936,5356.43,219622,131.03,5.96,62.39,3.8,35,13,A,5
7937,1249.0,114533,132.63,5.33,67.43,2.81,41,23,B,8
7938,6541.86,120653,133.11,9.13,14.84,3.24,71,18,B,1
7939,11172.04,204184,140.41,7.91,51.42,3.72,98,27,A,11
7940,747.79,37392,214.43,7.35,81.75,2.64,19,3,B,7
7941,78663.21,39910,209.12,8.46,77.53,2.8,94,36,A,5
7942,3655.87,57197,198.59,6.06,51.4,3.79,18,16,B,9
7943,5560.85,203819,138.2,8.95,73.62,3.82,29,24,A,7
7944,7591.69,103681,141.7,8.74,49.4,3.95,33,35,B,3
7945,3106.16,119557,138.5,8.25,57.71,4.09,85,22,B,5
7946,3631.01,203007,190.26,9.02,74.97,2.72,33,32,A,8
7947,4017.39,39910,210.33,8.36,84.62,2.62,82,37,C,8
7948,20715.82,205863,126.56,7.9,56.23,2.81,34,4,A,4
7949,2485.81,123737,134.07,7.66,30.34,3.81,85,15,B,4
7950,14819.04,151315,213.25,7.74,57.36,3.04,16,1,A,2
7951,1212.76,103681,140.81,8.74,30.35,3.53,12,35,B,1
7952,4577.69,57197,198.59,6.06,51.4,3.79,25,16,B,9
7953,5.0,158114,130.07,10.15,28.84,3.12,19,34,A,12
7954,9924.8,207499,226.92,6.03,69.94,3.6,71,11,A,10
7955,31393.88,203750,211.11,8.2,83.51,2.67,97,31,A,6
7956,35.0,205863,129.18,5.64,86.09,3.66,54,4,A,8
7957,7529.02,37392,213.77,7.34,66.98,2.81,4,3,B,4
7958,9248.11,126512,130.24,7.54,51.0,3.48,24,10,B,1
7959,30733.33,39910,129.04,6.91,63.35,3.7,90,44,C,6
7960,137.24,37392,214.83,7.35,82.36,2.58,97,3,B,9
7961,183.65,39910,129.04,6.91,47.75,3.74,85,44,C,5
7962,10831.53,39910,214.02,8.18,84.71,3.48,80,37,C,7
7963,48.0,39910,218.86,7.24,61.33,3.42,20,36,A,2
7964,5130.49,196321,191.0,7.51,46.74,2.73,24,41,A,11
7965,12115.62,114533,138.23,4.16,71.13,3.61,32,23,B,7
7966,6556.83,206302,126.08,14.18,92.81,3.04,42,28,A,8
7967,3945.53,57197,197.56,6.17,56.74,3.84,55,16,B,5
7968,3286.64,140167,215.11,7.93,70.79,3.81,12,21,B,4
7969,3142.37,34875,211.96,6.77,55.01,2.89,26,5,B,12
7970,567.97,39910,214.62,8.18,77.94,3.5,67,36,A,9
7971,63338.51,203742,205.73,7.34,28.58,3.23,94,20,A,2
7972,51935.47,103681,140.16,8.68,72.88,3.7,3,35,B,8
7973,1115.39,119557,140.13,8.02,71.3,3.82,83,22,B,8
7974,7.5,120653,132.69,9.34,67.05,2.77,60,18,B,8
7975,8075.87,184109,220.99,6.62,83.72,3.64,25,39,A,8
7976,3259.63,93638,138.12,9.14,61.71,3.75,71,29,B,6
7977,47834.96,202307,218.82,7.44,50.13,3.16,4,2,A,12
7978,14983.75,205863,126.18,7.9,67.4,2.82,98,4,A,5
7979,380.57,70713,198.1,7.87,59.66,3.54,98,7,B,8
7980,112744.67,203819,133.37,7.77,34.74,3.42,92,19,A,2
7981,44381.72,202505,217.27,6.92,90.07,3.52,9,6,A,8
7982,19837.76,200898,187.48,8.52,55.82,3.58,98,14,A,10
7983,4813.05,206302,128.72,13.74,63.63,3.77,67,28,A,4
7984,52015.18,203819,138.23,8.19,76.17,3.73,40,19,A,7
7985,5428.41,39690,129.06,8.69,82.32,3.93,40,33,A,5
7986,74656.72,205863,126.14,7.9,70.83,2.7,90,4,A,6
7987,45.36,42988,214.94,7.93,71.01,3.74,31,30,C,4
7988,456.6,203742,204.67,7.86,72.62,2.78,60,20,A,6
7989,3887.89,207499,214.93,7.35,88.93,2.66,44,11,A,8
7990,24190.57,42988,211.61,8.16,58.71,2.69,40,30,C,11
7991,20546.05,155078,225.36,5.68,78.85,3.35,79,8,A,6
7992,3259.16,125833,225.31,5.54,68.04,3.88,90,9,B,4
7993,138.95,39910,222.05,6.23,71.28,3.6,22,37,C,10
7994,31291.01,151315,211.52,7.79,82.11,2.58,79,1,A,9
7995,33633.06,200898,191.13,8.68,82.99,3.48,80,14,A,7
7996,11925.78,114533,137.58,4.26,41.19,3.87,3,23,B,3
7997,18499.58,152513,132.57,8.44,67.66,2.8,1,26,A,7
7998,8276.47,202505,217.18,6.86,75.27,3.81,26,6,A,4
7999,308.0,200898,187.88,8.52,51.78,3.57,60,14,A,10
8000,2515.24,103681,136.53,8.76,30.83,3.11,27,35,B,12
8001,27789.45,125833,213.85,6.38,68.58,2.84,40,9,B,5
8002,2480.61,125833,217.11,6.42,59.01,3.06,56,9,B,2
8003,28932.91,207499,217.72,7.55,70.17,3.49,16,11,A,3
8004,16695.64,203819,138.11,8.15,58.81,4.03,5,19,A,5
8005,30545.42,126512,131.04,7.17,82.52,3.97,14,10,B,9
8006,1899.12,57197,190.57,6.87,58.19,2.79,29,16,B,9
8007,4488.9,158114,129.81,10.15,48.04,3.32,12,34,A,11
8008,40035.31,200898,187.03,8.62,63.75,3.71,81,14,A,9
8009,329.19,123737,138.47,8.19,71.61,4.08,98,15,B,9
8010,168899.55,184109,217.18,7.72,66.36,3.24,92,39,A,11
8011,20363.76,219622,126.08,7.95,76.34,2.85,34,13,A,8
8012,4607.05,37392,214.62,7.37,47.07,2.51,42,3,B,2
8013,1329.51,39690,126.14,9.2,92.89,2.98,16,42,C,7
8014,3884.78,206302,126.11,14.18,83.63,3.04,30,28,A,9
8015,41975.13,184109,220.63,6.62,84.05,3.42,46,39,A,8
8016,156.0,125833,218.45,6.38,56.12,3.52,94,9,B,4
8017,5341.62,93638,132.29,10.16,65.64,2.91,67,29,B,5
8018,6416.87,114533,135.45,4.58,65.65,3.82,12,23,B,7
8019,615.9,34875,213.12,6.63,41.67,2.99,30,5,B,2
8020,7885.42,119557,142.02,7.67,50.75,3.99,3,22,B,5
8021,51661.99,206302,126.29,14.1,70.15,3.13,38,28,A,5
8022,1182.5,128107,208.48,7.29,45.87,3.89,36,25,B,4
8023,4805.13,37392,214.7,7.56,57.16,2.89,67,3,B,12
8024,34904.16,103681,141.3,8.74,41.74,3.74,40,35,B,2
8025,31043.94,204184,139.54,7.85,76.87,3.89,11,27,A,7
8026,14000.48,152513,136.52,7.6,53.91,3.58,82,26,A,10
8027,9869.9,203742,205.21,7.48,42.38,2.93,42,20,A,11
8028,7409.82,203750,218.11,7.44,56.43,3.24,67,31,A,11
8029,64906.41,205863,126.79,7.13,42.4,2.86,13,4,A,12
8030,12367.38,120653,132.6,9.34,75.79,2.79,25,18,B,7
8031,3735.5,126512,130.84,7.17,82.5,4.05,27,10,B,8
8032,33704.0,202307,218.82,7.44,50.13,3.16,58,2,A,12
8033,2554.93,39910,126.29,7.97,44.42,2.95,96,44,C,5
8034,131.92,93638,135.45,9.86,70.8,3.82,94,29,B,7
8035,18617.35,203750,212.9,8.03,59.87,3.04,67,31,A,2
8036,29566.64,103681,142.08,8.88,58.97,3.89,13,35,B,5
8037,2776.97,151315,221.92,6.91,77.12,3.26,6,1,A,7
8038,124.0,152513,132.68,8.15,20.61,3.14,47,26,A,12
8039,21406.18,203819,131.82,8.33,46.09,2.96,81,24,A,3
8040,26094.65,126512,126.61,9.77,61.46,3.05,55,10,B,3
8041,4550.48,103681,135.63,9.26,45.98,2.82,16,35,B,3
8042,92.0,39690,126.15,14.18,97.18,3.09,20,38,C,7
8043,9744.29,114533,133.49,5.11,17.0,3.28,20,23,B,2
8044,3208.48,202307,215.14,7.85,90.07,3.68,52,2,A,7
8045,1362.0,93188,130.74,6.4,32.02,3.38,36,17,B,3
8046,1688.5,203750,211.47,8.16,68.61,2.72,31,31,A,10
8047,2308.32,203819,137.34,8.66,37.35,3.92,27,24,A,2
8048,23450.05,202307,215.32,7.85,89.86,3.55,82,2,A,8
8049,12718.96,206302,127.86,14.02,51.3,3.38,98,28,A,2
8050,3037.8,114533,135.63,4.58,69.92,3.78,93,23,B,7
8051,30442.57,151315,221.84,7.14,84.88,3.29,79,1,A,6
8052,8311.45,93638,133.61,10.26,33.52,3.44,22,29,B,3
8053,12369.54,39910,214.03,8.3,73.25,3.74,1,37,C,4
8054,4000.86,57197,198.36,6.06,56.48,3.76,42,16,B,9
8055,2919.4,203819,133.37,7.77,34.74,3.42,37,19,A,2
8056,1995.17,37392,214.43,7.35,81.75,2.64,22,3,B,7
8057,68767.03,39910,210.65,8.48,56.73,2.77,38,37,C,11
8058,5683.91,203819,133.61,8.25,31.36,3.6,49,24,A,3
8059,4717.01,203819,132.58,8.1,74.68,2.92,49,19,A,7
8060,898.82,39690,131.08,6.94,80.88,4.13,16,42,C,10
8061,26943.07,114533,136.52,4.42,56.79,3.58,79,23,B,10
8062,6747.11,151315,211.4,7.74,48.27,2.98,25,1,A,1
8063,150.17,39690,129.9,7.87,50.53,3.49,42,42,C,12
8064,6589.98,203750,211.06,8.03,44.24,2.98,49,31,A,1
8065,718.88,126512,130.72,7.17,83.98,3.77,80,10,B,7
8066,2635.0,196321,197.93,6.43,74.06,3.58,48,41,A,7
8067,145009.72,200898,191.34,8.68,72.62,3.83,92,14,A,8
8068,203.54,120653,133.03,9.13,22.55,3.23,93,18,B,1
8069,8266.58,120653,133.03,9.13,22.55,3.23,29,18,B,1
8070,57995.38,203819,138.73,8.69,55.16,4.07,38,24,A,10
8071,9152.49,207499,218.68,7.57,76.64,3.74,20,11,A,4
8072,7600.57,203007,189.66,8.96,53.49,2.76,98,32,A,4
8073,14079.36,152513,133.18,7.91,11.17,3.24,96,26,A,2
8074,2349.0,125833,214.81,6.42,37.08,2.55,20,9,B,2
8075,10395.59,203742,205.11,7.48,57.56,2.92,41,20,A,10
8076,8183.58,103681,136.97,8.55,23.64,3.24,3,35,B,1
8077,4560.98,203007,197.55,8.09,55.4,3.87,44,32,A,5
8078,14321.78,205863,126.6,8.62,49.63,2.7,3,4,A,3
8079,49.5,37392,225.25,6.66,81.55,3.5,98,3,B,6
8080,5055.0,196321,192.83,6.93,50.29,3.77,58,41,A,5
8081,28013.73,202307,221.81,6.56,76.91,3.62,5,2,A,8
8082,6745.72,120653,132.76,9.34,64.82,2.72,91,18,B,9
8083,8.73,112238,129.98,12.89,45.4,3.54,49,12,B,12
8084,131.01,39910,222.05,6.23,71.28,3.58,22,36,A,10
8085,39192.0,93188,126.08,6.7,67.04,2.85,2,17,B,8
8086,11775.5,39690,129.11,8.44,96.44,3.79,91,33,A,7
8087,12298.36,93188,127.58,6.87,22.16,2.96,82,17,B,1
8088,1272.06,119557,136.73,8.46,32.56,3.19,80,22,B,1
8089,27417.65,70713,195.72,8.51,29.53,3.48,10,7,B,11
8090,3788.22,37392,225.47,6.33,85.85,3.49,32,3,B,8
8091,14246.22,155083,136.75,4.26,25.9,3.52,80,40,A,1
8092,1042.94,203819,138.83,8.69,60.35,4.15,52,24,A,10
8093,17793.65,203819,138.12,8.15,60.19,3.87,87,19,A,6
8094,20303.12,203742,214.73,7.28,78.27,3.52,14,20,A,7
8095,237.6,39690,129.61,8.26,82.27,3.88,60,42,C,9
8096,8952.54,203819,133.49,8.25,26.09,3.45,98,24,A,2
8097,49656.58,202505,223.23,5.96,71.5,3.81,2,6,A,4
8098,6183.49,151315,221.75,7.14,77.95,3.5,32,1,A,6
8099,70728.28,205863,127.3,6.51,31.6,2.99,91,4,A,1
8100,16333.23,155083,132.75,5.29,24.18,3.15,21,40,A,12
8101,2468.67,184109,221.85,6.23,72.05,3.62,31,39,A,10
8102,38.53,34875,211.04,6.46,65.3,2.81,18,5,B,4
8103,6971.41,93638,136.48,9.36,42.81,3.59,29,29,B,11
8104,11256.68,204184,136.49,7.98,77.36,2.92,83,27,A,8
8105,1438.78,57197,197.55,6.17,53.57,3.87,26,16,B,5
8106,16590.97,120653,138.12,8.3,59.1,3.75,5,18,B,6
8107,917.86,34875,222.35,5.8,81.64,3.39,56,5,B,6
8108,59400.05,202505,220.95,6.55,49.45,3.11,46,6,A,12
8109,83617.39,114533,131.9,5.44,40.5,2.83,7,23,B,4
8110,15794.01,196321,198.1,6.43,69.07,3.56,87,41,A,8
8111,9695.89,34875,216.3,6.49,71.37,3.91,10,5,B,5
8112,2523.42,205863,129.11,5.64,84.59,3.47,85,4,A,7
8113,5479.15,203007,194.88,8.62,65.04,3.54,25,32,A,9
8114,18672.3,203750,210.98,8.32,45.31,2.56,74,31,A,2
8115,2071.05,37392,214.83,7.35,85.13,2.63,22,3,B,8
8116,25489.36,93638,132.6,10.41,76.35,2.79,2,29,B,7
8117,6223.86,184109,214.23,8.18,86.24,3.68,33,39,A,7
8118,4530.88,219622,126.53,8.32,35.7,2.65,30,13,A,2
8119,4137.47,57197,194.25,6.34,68.83,3.5,85,16,B,8
8120,661.16,126512,130.76,7.17,90.78,3.81,28,10,B,8
8121,72.84,42988,214.84,7.85,87.57,3.52,28,30,C,7
8122,16350.67,219622,126.09,7.95,81.24,2.8,87,13,A,8
8123,7814.39,155083,132.76,5.29,33.6,3.06,21,40,A,12
8124,707.67,128107,204.36,7.53,73.43,2.78,59,25,B,7
8125,2288.76,203819,132.36,8.19,68.88,3.01,37,19,A,6
8126,4158.48,140167,211.22,8.1,86.2,2.62,67,21,B,8
8127,951.58,123737,138.13,8.15,67.7,3.79,41,15,B,6
8128,6316.28,203819,131.78,8.33,42.31,2.94,20,24,A,3
8129,6024.0,155083,138.28,4.16,63.91,3.87,58,40,A,8
8130,47248.28,200898,181.69,8.9,54.28,2.9,7,14,A,4
8131,15581.2,140167,222.82,6.17,70.28,3.62,4,21,B,10
8132,4728.28,200898,182.26,8.74,82.45,2.79,56,14,A,7
8133,924.74,114533,133.49,5.11,17.0,3.28,28,23,B,2
8134,42.42,39910,219.74,7.24,63.19,3.67,25,37,C,3
8135,1679.5,128107,204.61,7.53,71.99,2.78,36,25,B,7
8136,3284.53,123737,137.92,8.15,54.47,4.17,24,15,B,4
8137,40040.24,206302,129.09,13.5,89.85,3.84,72,28,A,7
8138,3067.92,155078,213.77,6.29,56.1,2.8,30,8,A,4
8139,27423.73,39690,127.09,9.27,52.91,3.15,92,33,A,12
8140,18496.32,203742,204.57,7.86,75.17,2.81,14,20,A,6
8141,2670.0,205863,130.24,4.61,34.41,3.26,48,4,A,1
8142,20682.29,39910,215.12,8.18,78.35,3.44,93,36,A,9
8143,5492.31,203750,211.4,8.16,65.76,2.63,20,31,A,10
8144,31967.54,126512,131.08,6.94,80.88,4.13,87,10,B,10
8145,3955.0,203819,138.11,8.98,63.1,4.03,58,24,A,5
8146,5802.29,203007,190.1,9.02,72.95,2.69,49,32,A,8
8147,23381.23,120653,138.74,8.54,58.24,4.02,7,18,B,9
8148,101.28,118221,186.45,8.62,77.0,3.81,49,45,B,8
8149,2800.18,125833,224.8,5.67,54.03,3.67,81,9,B,3
8150,45377.7,202307,214.84,7.85,85.69,3.52,16,2,A,7
8151,5380.54,203819,132.77,8.1,58.68,2.85,20,19,A,9
8152,2232.91,123737,131.9,8.19,45.27,2.96,52,15,B,4
8153,37063.42,202505,223.33,5.96,72.66,3.69,13,6,A,5
8154,33290.82,39910,129.61,6.56,68.28,3.62,90,44,C,9
8155,9621.16,126512,126.49,9.0,71.04,3.01,6,10,B,11
8156,1976.75,34875,220.3,5.94,50.21,3.16,12,5,B,1
8157,32.56,200898,185.91,8.62,74.04,3.75,51,14,A,7
8158,16527.55,155083,136.7,4.26,23.29,3.44,80,40,A,1
8159,13254.08,118221,185.8,8.52,66.18,3.96,10,45,B,4
8160,1506.5,204184,136.97,7.83,23.64,3.4,35,27,A,1
8161,2665.6,119557,136.63,8.57,56.32,2.78,31,22,B,10
8162,6238.31,203007,198.03,7.87,75.09,3.53,71,32,A,8
8163,5283.73,126512,129.04,8.49,73.56,4.19,31,10,B,5
8164,23.01,39690,130.38,12.19,52.27,3.72,23,38,C,2
8165,95697.94,204184,140.33,7.85,63.61,3.9,90,27,A,9
8166,20926.81,184109,210.18,8.48,52.45,2.94,82,39,A,12
8167,15719.62,125833,215.41,6.56,69.99,2.72,4,9,B,10
8168,23992.99,203007,190.47,9.02,67.17,2.8,8,32,A,9
8169,5.88,155083,138.13,4.12,63.39,3.68,54,40,A,6
8170,60649.41,206302,130.89,11.63,84.83,4.1,2,28,A,6
8171,6945.46,37392,214.42,7.35,84.32,2.62,4,3,B,7
8172,3343.12,120653,138.65,8.54,60.23,4.06,18,18,B,9
8173,8696.27,93638,138.17,9.42,72.99,3.7,74,29,B,8
8174,8482.46,203007,192.42,8.6,45.97,3.61,67,32,A,4
8175,3908.91,37392,214.7,7.56,57.16,2.89,17,3,B,12
8176,574.12,158114,130.65,9.65,42.74,3.62,18,34,A,3
8177,15689.87,155083,132.02,5.44,45.85,2.9,80,40,A,4
8178,5.77,39910,129.82,6.08,33.8,3.51,23,44,C,11
8179,622.02,70713,192.01,8.82,21.84,3.23,27,7,B,3
8180,5075.0,205863,126.11,7.9,81.53,2.64,35,4,A,6
8181,1338.78,41062,211.5,9.65,52.72,3.27,5,43,C,1
8182,4303.0,120653,131.9,9.27,45.63,2.83,35,18,B,4
8183,4790.66,155083,137.87,4.12,40.65,4.02,3,40,A,4
8184,9936.23,204184,142.85,8.0,64.5,4.15,98,27,A,10
8185,68464.99,93188,129.98,6.62,18.76,3.19,7,17,B,12
8186,1817.99,93188,126.38,6.88,47.95,2.85,28,17,B,10
8187,30131.18,152513,138.23,7.4,66.75,3.61,2,26,A,7
8188,1373.78,200898,189.06,8.52,37.79,3.39,85,14,A,12
8189,55916.15,203819,136.27,7.81,68.28,3.93,2,19,A,9
8190,3958.16,158114,131.1,9.58,64.97,3.62,21,34,A,5
8191,39679.87,203742,214.24,7.14,50.06,4.0,16,20,A,4
8192,7402.08,158114,131.13,9.58,66.49,3.81,74,34,A,4
8193,1472.5,219622,126.44,8.32,31.53,2.67,59,13,A,2
8194,76524.48,206302,131.08,10.2,81.61,3.97,91,28,A,10
8195,33066.38,202505,219.79,6.55,63.89,3.31,13,6,A,11
8196,460.31,196321,197.55,6.55,50.22,3.87,59,41,A,5
8197,22651.21,57197,196.96,6.16,28.16,3.29,2,16,B,3
8198,3907.95,196321,191.57,7.24,32.7,2.97,44,41,A,1
8199,1.98,140167,215.39,7.85,92.07,3.52,80,21,B,8
8200,6279.79,93638,133.37,10.26,35.34,3.26,32,29,B,2
8201,60911.67,158114,126.11,9.59,80.84,2.67,92,34,A,6
8202,19287.86,203007,193.31,8.62,70.55,3.53,1,32,A,7
8203,14145.96,126512,131.01,7.17,81.93,4.12,26,10,B,9
8204,102.75,39690,126.13,9.5,97.04,3.11,20,33,A,7
8205,10461.88,118221,185.67,8.52,53.04,3.89,18,45,B,4
8206,3852.22,196321,189.52,7.34,60.93,2.71,96,41,A,7
8207,1845.0,202505,213.04,6.97,81.78,2.58,58,6,A,9
8208,14250.4,219622,126.38,8.11,48.33,2.94,22,13,A,4
8209,9965.12,118221,181.66,8.9,53.15,2.92,82,45,B,4
8210,18580.86,93638,138.91,9.15,54.18,4.03,13,29,B,10
8211,27557.33,152513,138.12,7.49,49.43,3.75,87,26,A,6
8212,11262.93,120653,134.94,8.98,69.49,3.92,90,18,B,6
8213,36876.61,196321,197.93,6.43,74.06,3.58,93,41,A,7
8214,5331.12,119557,142.41,7.75,71.93,3.88,30,22,B,8
8215,14244.07,203750,210.9,8.32,37.77,2.55,98,31,A,2
8216,290.08,155083,132.55,5.33,76.67,2.81,59,40,A,7
8217,98886.58,200898,185.65,8.52,73.88,3.88,91,14,A,6
8218,4929.18,93188,131.08,5.53,52.81,3.82,93,17,B,10
8219,2402.54,203819,138.91,8.69,51.64,4.19,31,24,A,10
8220,61775.39,202307,211.55,8.16,50.81,2.77,8,2,A,11
8221,6474.01,202505,223.54,5.67,81.57,3.31,24,6,A,7
8222,32.13,39910,130.97,5.77,53.2,3.73,25,44,C,3
8223,22681.13,39690,129.84,12.89,53.25,3.62,93,38,C,11
8224,33050.06,39910,129.52,6.56,63.6,3.65,90,44,C,9
8225,21242.72,155078,218.95,6.42,85.15,3.68,11,8,A,8
8226,5763.02,203750,211.57,8.16,67.51,2.72,32,31,A,10
8227,110.17,39690,129.09,13.5,89.85,3.84,72,38,C,7
8228,13410.83,57197,193.0,6.34,54.36,3.66,10,16,B,6
8229,9288.11,155078,215.11,6.43,62.94,2.63,14,8,A,10
8230,29140.64,206302,127.58,14.02,50.74,3.34,94,28,A,1
8231,11024.33,155083,136.75,4.26,25.9,3.52,11,40,A,1
8232,10952.25,203750,218.36,7.44,48.72,3.17,74,31,A,12
8233,3774.61,152513,132.98,8.15,37.51,2.96,49,26,A,11
8234,18.27,42988,214.93,7.85,89.16,3.48,72,30,C,7
8235,2689.0,128107,214.96,7.28,64.53,3.83,50,25,B,8
8236,5317.65,207499,214.7,7.56,55.03,2.94,24,11,A,12
8237,440.14,42988,215.26,7.85,92.32,3.64,7,30,C,8
8238,83102.5,205863,126.1,7.37,76.8,2.58,72,4,A,9
8239,1535.64,93638,132.52,10.41,72.88,2.82,93,29,B,7
8240,9411.39,93638,136.37,9.86,62.36,3.76,82,29,B,9
8241,2771.56,155083,137.66,4.26,52.27,3.89,20,40,A,3
8242,9968.03,123737,138.65,8.19,60.34,4.2,17,15,B,9
8243,1448.13,37392,225.24,6.66,75.19,3.69,29,3,B,5
8244,31986.02,203750,219.72,7.06,50.79,3.29,79,31,A,1
8245,37135.84,155078,219.42,6.3,72.96,3.9,94,8,A,5
8246,88.0,125833,218.68,6.38,86.74,3.59,60,9,B,6
8247,8102.5,196321,196.17,6.76,25.59,3.17,58,41,A,12
8248,16139.05,151315,211.24,8.11,38.51,2.55,49,1,A,2
8249,14208.97,70713,197.62,8.09,55.06,3.76,8,7,B,6
8250,4335.23,202307,221.58,6.56,86.37,3.41,37,2,A,7
8251,1771.95,196321,196.55,6.59,37.21,3.1,35,41,A,1
8252,14192.8,39690,126.79,9.0,60.51,3.09,2,42,C,12
8253,4984.86,203819,136.31,8.36,65.56,3.94,20,24,A,9
8254,11974.26,120653,138.65,8.54,60.23,4.06,9,18,B,9
8255,4868.43,152513,137.73,7.47,33.33,3.92,3,26,A,3
8256,17750.85,200898,182.67,8.72,40.93,3.05,10,14,A,12
8257,10284.7,200898,182.76,8.72,56.49,2.76,33,14,A,10
8258,126.0,140167,220.28,7.06,54.81,3.56,60,21,B,2
8259,6750.01,204184,142.31,8.24,72.93,4.0,55,27,A,8
8260,844.33,203750,210.76,8.1,85.61,2.62,56,31,A,7
8261,7125.01,206302,128.0,14.02,53.35,3.43,29,28,A,2
8262,16528.29,200898,182.6,8.55,34.32,3.19,9,14,A,1
8263,4162.4,203750,221.31,6.89,77.53,3.75,29,31,A,5
8264,518.44,34875,215.4,6.49,61.5,3.52,18,5,B,4
8265,48093.04,119557,135.52,8.28,35.98,2.75,92,22,B,2
8266,2253.46,57197,195.64,6.23,29.56,3.5,26,16,B,11
8267,90132.9,204184,142.85,8.0,64.5,4.15,90,27,A,10
8268,50848.59,203007,193.0,8.6,65.06,3.66,2,32,A,6
8269,7337.0,118221,190.34,8.42,45.52,3.85,87,45,B,3
8270,457.64,39690,129.69,12.89,70.44,3.83,5,38,C,10
8271,43.5,39690,126.6,9.52,63.66,3.09,28,42,C,4
8272,12202.51,207499,214.7,7.56,54.63,2.87,81,11,A,12
8273,1068.65,57197,194.25,6.34,68.83,3.5,56,16,B,8
8274,14092.14,155078,214.54,6.29,75.71,2.7,82,8,A,6
8275,29317.82,204184,142.16,8.25,73.23,3.72,81,27,A,6
8276,1886.67,114533,133.74,5.11,29.36,3.6,6,23,B,3
8277,51.93,39910,130.38,5.77,33.73,3.12,28,44,C,2
8278,6784.16,155083,138.17,4.16,70.15,3.7,17,40,A,8
8279,14068.66,207499,214.68,7.37,53.96,2.62,71,11,A,3
8280,8327.89,119557,141.47,7.5,41.72,3.88,25,22,B,3
8281,28647.38,114533,136.75,4.26,28.49,3.52,49,23,B,1
8282,1612.6,152513,136.14,7.77,62.99,3.88,41,26,A,8
8283,45.8,206302,128.13,14.02,48.45,3.53,54,28,A,2
8284,4701.0,155083,135.63,4.58,67.86,3.78,20,40,A,7
8285,3574.0,203819,132.61,8.1,74.2,2.94,58,19,A,8
8286,9788.8,200898,182.32,8.74,76.61,2.82,30,14,A,7
8287,1866.8,155078,226.97,5.12,55.03,3.6,85,8,A,10
8288,9610.26,126512,130.79,7.38,89.92,4.01,24,10,B,6
8289,1192.66,57197,192.52,6.34,40.74,3.64,30,16,B,4
8290,2208.75,140167,211.11,8.2,83.51,2.67,85,21,B,6
8291,1672.22,103681,140.43,8.74,50.55,3.45,85,35,B,12
8292,2021.23,155083,132.95,5.11,18.55,3.22,12,40,A,1
8293,14737.41,42988,211.4,8.16,65.76,2.63,97,30,C,10
8294,6081.57,125833,222.14,6.05,54.32,3.24,26,9,B,11
8295,7526.6,125833,225.8,5.28,86.37,3.57,16,9,B,8
8296,20262.71,219622,126.79,7.8,36.78,2.82,33,13,A,12
8297,13.68,39910,209.98,8.36,81.85,2.61,52,36,A,7
8298,52390.47,93188,129.09,6.74,67.39,3.61,92,17,B,7
8299,3447.54,155083,138.2,4.12,64.42,3.58,6,40,A,6
8300,423.5,158114,128.13,10.4,44.57,3.09,36,34,A,2
8301,5826.73,219622,126.55,8.32,29.98,2.67,29,13,A,2
8302,1275.13,158114,126.44,9.52,35.44,2.6,52,34,A,2
8303,10042.29,125833,215.36,6.42,44.72,3.02,1,9,B,1
8304,13329.0,205863,126.15,7.37,78.53,2.62,33,4,A,7
8305,48786.24,119557,136.8,8.46,24.76,3.22,95,22,B,1
8306,20.0,93188,129.17,6.74,68.59,3.57,54,17,B,7
8307,14393.78,200898,191.0,8.57,66.3,3.85,22,14,A,5
8308,1744.0,158114,126.15,9.82,75.0,2.64,35,34,A,7
8309,15924.56,39690,130.65,7.54,57.62,3.88,4,42,C,3
8310,10729.0,219622,126.61,8.32,42.49,2.78,58,13,A,3
8311,9131.2,93188,126.14,6.7,68.98,2.81,17,17,B,7
8312,52017.54,196321,192.2,7.24,41.11,3.41,91,41,A,3
8313,59794.86,203742,204.61,7.53,76.03,2.78,13,20,A,7
8314,20417.86,204184,139.8,7.85,82.28,3.97,22,27,A,7
8315,1977.3,119557,141.63,7.5,54.68,3.89,6,22,B,3
8316,4426.62,34875,223.57,5.6,78.33,3.67,16,5,B,9
8317,711.73,70713,197.66,8.09,63.07,3.74,27,7,B,6
8318,18032.78,203007,189.52,9.02,67.55,2.71,82,32,A,7
8319,6332.31,140167,211.12,8.03,34.14,2.98,24,21,B,1
8320,27030.05,126512,129.84,7.87,60.68,3.76,32,10,B,11
8321,5550.56,196321,191.04,7.51,38.99,2.74,49,41,A,11
8322,36.82,93188,126.09,6.7,70.53,2.8,45,17,B,8
8323,6212.99,118221,188.65,8.52,46.57,3.42,97,45,B,12
8324,394.27,112238,130.76,11.63,90.47,3.88,98,12,B,6
8325,2525.15,123737,132.82,8.07,26.54,3.34,26,15,B,12
8326,7164.84,120653,135.87,8.89,78.68,3.88,71,18,B,7
8327,27756.11,203819,137.26,7.94,30.95,3.87,10,19,A,2
8328,2018.64,34875,224.02,5.42,69.17,3.59,18,5,B,10
8329,5697.78,34875,223.03,5.6,86.3,3.73,3,5,B,9
8330,5.0,39910,210.05,8.55,45.66,2.51,55,37,C,2
8331,6867.05,207499,224.94,6.66,74.19,3.89,42,11,A,4
8332,45497.43,112238,126.47,14.1,64.55,3.05,13,12,B,4
8333,12804.42,39910,210.24,8.48,51.83,2.84,1,37,C,12
8334,15333.65,155083,134.51,4.78,50.81,4.08,1,40,A,5
8335,19961.4,203007,192.12,8.82,45.25,3.41,1,32,A,3
8336,15118.86,158114,128.91,10.58,53.3,3.72,81,34,A,4
8337,20.92,128107,206.64,7.34,28.36,3.27,54,25,B,2
8338,18810.2,158114,129.04,10.58,76.58,3.62,96,34,A,6
8339,3641.0,126512,131.11,6.94,76.03,4.47,50,10,B,10
8340,17213.62,155083,137.87,4.12,40.65,4.02,81,40,A,4
8341,72357.4,203750,221.81,6.56,77.72,3.62,38,31,A,8
8342,4069.52,206302,127.58,14.02,50.74,3.34,30,28,A,1
8343,55904.64,200898,182.62,8.74,78.44,2.8,8,14,A,8
8344,5160.41,123737,134.18,7.66,40.94,3.9,24,15,B,4
8345,36410.2,203742,208.13,7.29,66.41,3.84,46,20,A,6
8346,8332.27,39690,126.11,9.85,93.52,3.06,2,33,A,6
8347,4294.78,196321,194.95,6.76,58.74,3.5,33,41,A,10
8348,1270.5,34875,222.55,5.6,86.96,3.49,26,5,B,8
8349,18.0,203750,210.0,8.2,73.08,2.85,51,31,A,5
8350,2344.59,103681,139.18,8.51,72.02,3.8,12,35,B,6
8351,7103.61,196321,194.64,6.9,58.31,3.57,25,41,A,9
8352,5623.19,103681,136.56,8.86,70.31,2.76,32,35,B,8
8353,3481.57,39690,127.09,9.27,52.91,3.15,7,33,A,12
8354,186.58,70713,194.11,8.62,54.56,3.54,98,7,B,8
8355,11163.51,207499,214.7,7.55,54.43,2.98,32,11,A,1
8356,1126.63,120653,132.77,9.34,60.94,2.72,28,18,B,9
8357,1425.56,202505,216.9,6.92,88.93,3.58,56,6,A,7
8358,16861.1,34875,211.8,6.57,39.81,2.55,1,5,B,2
8359,61070.86,205863,126.11,7.37,80.7,2.65,94,4,A,7
8360,51189.47,126512,129.2,8.26,85.61,3.79,46,10,B,8
8361,54804.27,200898,189.61,8.42,42.96,3.62,8,14,A,2
8362,2977.74,93188,126.09,6.7,70.53,2.8,52,17,B,8
8363,29147.2,151315,211.75,7.84,64.52,2.74,79,1,A,11
8364,13722.97,204184,137.14,7.83,30.45,3.42,9,27,A,2
8365,701.21,39910,212.86,8.4,59.15,3.45,16,36,A,3
8366,58829.33,114533,137.73,4.26,36.71,3.92,72,23,B,3
8367,13726.48,123737,138.11,8.15,67.61,3.92,4,15,B,6
8368,5479.94,206302,126.19,14.18,81.77,2.94,58,28,A,9
8369,571.75,39690,126.49,14.31,65.49,3.13,18,38,C,11
8370,5139.57,126512,130.55,7.54,56.02,3.95,37,10,B,2
8371,3857.55,158114,126.6,9.59,51.26,2.77,42,34,A,4
8372,1915.8,126512,127.58,8.74,53.03,3.23,56,10,B,1
8373,36782.77,184109,214.02,8.18,84.33,3.48,8,39,A,7
8374,6225.03,93638,134.18,9.97,44.42,3.72,25,29,B,4
8375,40037.93,158114,126.08,9.82,76.45,2.67,2,34,A,8
8376,35278.45,184109,212.86,8.4,58.35,3.46,93,39,A,3
8377,53275.58,196321,194.38,6.9,71.61,3.48,91,41,A,8
8378,348.55,37392,220.43,7.2,75.54,3.28,36,3,B,10
8379,8328.0,126512,128.96,8.49,75.93,3.92,36,10,B,4
8380,16612.9,203007,189.67,9.01,37.72,2.62,81,32,A,3
8381,580.0,123737,137.17,7.94,31.91,3.83,58,15,B,2
8382,8657.65,155078,221.95,6.12,49.61,3.24,26,8,A,11
8383,506.22,39690,130.93,7.17,83.07,4.12,17,42,C,9
8384,307.29,70713,191.76,8.82,-2.06,3.01,56,7,B,2
8385,18.4,39910,127.86,7.22,30.83,3.03,42,44,C,2
8386,140411.05,151315,219.99,7.35,54.11,3.27,92,1,A,1
8387,178.84,184109,210.38,8.48,53.55,2.71,54,39,A,12
8388,5527.04,57197,189.7,6.84,36.19,2.72,79,16,B,4
8389,413.73,39910,129.09,6.56,74.29,3.61,14,44,C,7
8390,37689.25,126512,128.72,8.49,67.64,3.77,14,10,B,4
8391,49966.98,203742,204.69,7.48,24.27,3.11,94,20,A,12
8392,40.5,103681,142.23,8.84,78.64,3.57,94,35,B,7
8393,2582.89,155078,218.89,6.42,86.46,3.68,29,8,A,7
8394,2622.98,57197,192.06,6.61,29.36,3.37,67,16,B,3
8395,432.43,128107,204.65,7.34,29.0,3.19,28,25,B,1
8396,1283.16,93188,126.38,6.88,47.95,2.85,27,17,B,10
8397,3534.42,203819,138.83,7.99,53.44,4.15,30,19,A,10
8398,2936.89,155078,215.55,6.26,39.26,3.01,44,8,A,1
8399,6865.04,207499,215.23,7.56,74.21,2.72,24,11,A,10
8400,49635.33,118221,182.6,8.55,34.32,3.19,92,45,B,1
8401,1656.78,155078,215.22,6.43,62.86,2.72,83,8,A,10
8402,40831.31,39690,129.09,13.74,70.93,4.2,92,38,C,5
8403,41221.13,184109,221.26,6.62,76.71,3.72,79,39,A,9
8404,5612.16,203819,132.6,8.1,72.83,2.93,44,19,A,7
8405,7926.89,114533,132.55,5.33,77.16,2.81,26,23,B,7
8406,10512.26,93638,134.51,9.97,53.63,4.08,90,29,B,5
8407,41181.94,126512,131.1,7.38,85.19,4.31,74,10,B,5
8408,14755.86,203007,198.82,7.56,55.34,3.78,14,32,A,10
8409,3807.68,125833,214.76,6.42,53.15,2.72,22,9,B,3
8410,19981.73,158114,129.69,10.15,60.42,3.3,96,34,A,10
8411,1242.67,70713,195.03,8.51,32.65,3.49,93,7,B,10
8412,236.1,39690,129.28,8.44,99.66,3.66,11,33,A,8
8413,70471.88,203819,136.64,8.45,33.45,3.57,90,24,A,12
8414,28319.34,103681,137.38,8.55,33.05,3.27,5,35,B,2
8415,7628.87,128107,212.24,7.08,36.56,3.39,44,25,B,12
8416,1762.79,205863,131.14,4.31,80.14,3.75,27,4,A,5
8417,30866.19,151315,221.62,7.14,67.23,3.81,79,1,A,4
8418,4026.23,155083,136.96,4.26,22.91,3.57,34,40,A,1
8419,23.75,112238,128.62,14.02,54.4,3.91,80,12,B,3
8420,70920.64,204184,136.35,8.06,78.02,2.96,40,27,A,6
8421,7973.25,57197,196.94,6.16,31.19,3.11,82,16,B,2
8422,2754.66,112238,127.72,14.02,45.14,3.35,19,12,B,2
8423,43530.67,196321,189.94,7.34,70.07,2.69,38,41,A,7
8424,28.0,120653,134.28,8.98,49.91,3.82,54,18,B,4
8425,21.79,41062,210.09,10.15,55.7,3.24,72,43,C,11
8426,163.96,93188,129.9,6.62,21.07,3.28,54,17,B,12
8427,3981.63,152513,131.53,8.49,9.55,2.79,6,26,A,2
8428,41518.08,200898,186.67,8.62,71.48,3.74,23,14,A,9
8429,31614.73,112238,126.1,14.18,83.12,3.09,4,12,B,9
8430,10571.39,112238,130.35,12.19,50.58,3.7,22,12,B,2
8431,15524.0,205863,131.08,3.88,63.07,3.62,17,4,A,10
8432,164.23,39690,129.18,8.44,96.93,3.8,11,33,A,8
8433,1578.13,41062,206.67,10.58,67.79,3.52,14,43,C,4
8434,13033.06,112238,128.72,13.74,63.63,3.77,82,12,B,4
8435,5015.18,203819,131.64,8.33,31.05,2.91,44,24,A,2
8436,2526.82,34875,216.36,6.53,90.38,3.53,32,5,B,9
8437,220.0,34875,212.46,6.77,70.58,2.72,60,5,B,10
8438,18859.31,203742,204.03,7.86,51.0,2.85,21,20,A,4
8439,2855.02,120653,136.5,8.47,42.36,3.47,83,18,B,12
8440,686.72,200898,182.92,8.55,30.55,3.23,59,14,A,1
8441,7029.52,196321,189.47,7.36,50.59,2.78,26,41,A,5
8442,378.0,39690,130.76,7.17,90.78,3.81,60,42,C,8
8443,244.79,57197,196.94,6.16,31.19,3.11,83,16,B,2
8444,2135.47,184109,220.63,6.62,84.05,3.42,85,39,A,8
8445,32.86,203750,215.44,7.93,61.87,3.91,19,31,A,5
8446,1859.81,202307,211.49,8.03,41.4,3.02,56,2,A,1
8447,37809.05,155078,225.74,5.4,73.77,3.62,3,8,A,8
8448,16845.09,203007,195.77,8.51,40.22,3.42,81,32,A,11
8449,3451.48,125833,223.71,5.67,51.56,3.27,26,9,B,1
8450,12474.64,184109,210.13,8.36,80.99,2.64,10,39,A,7
8451,1106.83,200898,189.84,8.42,36.85,3.7,28,14,A,2
8452,17069.45,39910,210.24,8.48,51.83,2.84,4,37,C,12
8453,1155.66,103681,142.1,8.88,65.15,3.85,85,35,B,5
8454,64929.24,151315,211.11,7.79,80.48,2.64,94,1,A,7
8455,4.88,158114,129.82,10.15,41.04,3.29,54,34,A,11
8456,4028.92,34875,212.05,6.5,79.86,2.56,74,5,B,9
8457,162.26,39910,214.69,8.3,76.73,3.92,10,36,A,5
8458,3765.33,196321,194.51,6.9,70.37,3.51,24,41,A,9
8459,5476.72,203750,221.0,7.06,67.87,3.84,42,31,A,3
8460,8831.72,203819,132.76,8.07,51.32,3.0,26,19,A,10
8461,12917.27,70713,198.13,7.87,53.66,3.66,23,7,B,9
8462,4974.0,206302,126.6,14.1,59.25,3.09,30,28,A,4
8463,45716.93,93188,130.16,6.4,27.64,3.08,74,17,B,1
8464,643.75,39690,130.68,10.93,95.61,3.72,67,38,C,7
8465,21677.69,123737,138.73,7.99,55.75,4.07,1,15,B,10
8466,92905.5,39690,130.76,7.17,90.78,3.81,92,42,C,8
8467,6020.43,203819,131.59,8.35,23.22,2.94,30,19,A,2
8468,28315.23,203819,133.37,8.25,34.04,3.42,13,24,A,2
8469,10646.56,103681,142.94,8.66,55.4,4.0,18,35,B,10
8470,2480.96,203007,196.73,8.26,28.99,3.08,52,32,A,1
8471,16741.46,42988,211.49,8.03,42.72,3.02,96,30,C,1
8472,30965.75,103681,136.08,9.05,63.31,2.96,38,35,B,5
8473,22.96,203750,211.3,8.1,89.65,2.69,51,31,A,8
8474,397.89,128107,204.73,7.53,61.14,2.7,28,25,B,9
8475,2002.48,34875,211.65,6.57,39.7,2.57,21,5,B,2
8476,10754.88,118221,187.78,8.52,59.6,3.57,14,45,B,10
8477,70442.67,207499,214.5,7.34,79.66,2.7,92,11,A,6
8478,3767.52,158114,126.16,9.59,68.68,2.76,49,34,A,5
8479,9194.54,37392,223.75,6.83,51.65,3.41,8,3,B,2
8480,4870.06,119557,140.65,7.5,34.61,3.44,26,22,B,1
8481,9924.83,120653,137.8,8.3,43.8,3.96,55,18,B,4
8482,33168.59,155078,214.58,6.3,47.26,2.72,2,8,A,3
8483,211.2,93638,136.7,8.99,34.61,3.44,60,29,B,1
8484,8154.9,155078,226.77,5.12,61.41,3.62,98,8,A,10
8485,2605.06,200898,190.76,8.57,51.83,4.04,31,14,A,4
8486,51334.84,119557,135.35,8.28,24.36,2.79,2,22,B,2
8487,821.23,93188,129.81,6.62,37.52,3.54,35,17,B,11
8488,15470.81,184109,209.98,8.36,81.35,2.67,1,39,A,7
8489,11.88,42988,221.26,6.89,69.21,3.81,55,30,C,4
8490,13673.3,207499,214.79,7.34,84.13,2.64,87,11,A,6
8491,19955.52,128107,204.96,7.48,43.43,3.04,4,25,B,11
8492,7436.09,119557,135.41,8.28,28.14,2.77,24,22,B,2
8493,28143.4,128107,214.74,7.28,72.08,3.65,13,25,B,8
8494,2486.02,200898,182.44,8.74,79.78,2.78,56,14,A,7
8495,210.03,203750,214.93,7.85,89.16,3.48,59,31,A,7
8496,43686.56,114533,132.44,5.44,58.35,2.83,13,23,B,6
8497,24533.54,203819,138.91,8.69,51.64,4.19,5,24,A,10
8498,6536.3,200898,192.33,8.67,54.47,4.0,21,14,A,10
8499,16758.27,119557,136.53,8.57,28.43,3.13,79,22,B,12
8500,16166.02,205863,126.44,8.62,43.76,2.6,3,4,A,2
8501,23926.92,203819,131.82,8.35,43.74,2.96,23,19,A,3
8502,5858.13,140167,211.06,8.16,51.29,2.89,81,21,B,12
8503,9295.78,151315,211.32,8.11,46.63,2.56,22,1,A,2
8504,4506.2,203819,135.08,7.66,64.02,3.99,24,19,A,6
8505,6860.0,57197,199.05,5.85,43.26,3.76,22,16,B,10
8506,2326.97,118221,183.44,8.55,28.73,3.23,12,45,B,2
8507,2.0,39690,130.89,7.15,94.55,3.89,25,33,A,8
8508,12586.47,155078,214.69,6.3,37.91,2.56,23,8,A,2
8509,19748.28,126512,129.37,8.26,89.06,3.77,82,10,B,9
8510,12856.06,155078,214.75,6.43,45.67,2.89,81,8,A,12
8511,3330.81,93188,126.79,6.88,31.64,2.82,20,17,B,12
8512,8768.4,114533,132.92,5.29,36.6,2.94,71,23,B,11
8513,15138.07,126512,126.58,9.77,55.92,2.88,29,10,B,3
8514,8020.47,158114,130.76,9.28,78.26,3.48,14,34,A,8
8515,3057.49,203007,194.88,8.62,65.04,3.54,29,32,A,9
8516,1510.0,34875,211.45,6.46,79.81,2.76,58,5,B,5
8517,6344.6,155083,138.11,4.12,64.75,3.8,17,40,A,6
8518,15636.16,203007,192.27,8.6,44.83,3.46,97,32,A,4
8519,42617.3,200898,182.32,8.74,76.61,2.82,46,14,A,7
8520,41194.56,200898,185.86,8.52,69.7,3.98,23,14,A,5
8521,56657.24,155083,136.49,4.42,38.51,3.5,72,40,A,12
8522,50959.51,126512,131.13,7.38,80.11,4.09,10,10,B,4
8523,1895.0,103681,137.14,8.55,30.45,3.24,58,35,B,2
8524,1251.86,39910,209.4,8.46,68.54,2.77,11,37,C,4
8525,15920.62,203819,136.7,8.66,32.86,3.58,11,24,A,1
8526,34115.07,203742,208.33,7.27,69.66,3.75,81,20,A,7
8527,19.95,118221,182.9,8.72,61.3,2.92,80,45,B,10
8528,18946.2,39690,126.14,9.52,82.82,2.94,40,42,C,6
8529,327.77,39690,126.11,14.1,90.84,2.95,10,38,C,6
8530,907.92,103681,139.7,8.68,77.83,3.76,83,35,B,7
8531,52735.73,203750,212.22,8.03,36.33,2.99,2,31,A,2
8532,34250.65,126512,127.44,8.74,56.75,3.34,3,10,B,1
8533,237.16,128107,212.83,6.96,23.87,3.53,83,25,B,1
8534,14.69,70713,189.72,9.01,23.33,2.72,94,7,B,3
8535,23679.29,184109,220.62,6.62,82.89,3.41,97,39,A,7
8536,18385.06,120653,132.88,9.13,30.1,3.19,87,18,B,1
8537,53623.98,203742,205.39,7.34,23.21,3.24,94,20,A,1
8538,16184.29,203007,199.22,7.56,47.22,3.69,97,32,A,10
8539,18451.48,202505,222.67,6.13,57.89,3.67,82,6,A,3
8540,27827.88,93188,127.72,6.87,11.29,2.97,79,17,B,2
8541,54307.88,57197,189.94,6.87,70.71,2.69,38,16,B,7
8542,44760.72,152513,136.47,7.6,46.84,3.63,72,26,A,10
8543,5272.77,155083,137.92,4.12,55.3,4.05,98,40,A,4
8544,9084.28,155083,133.11,5.11,9.51,3.24,23,40,A,1
8545,14845.08,196321,190.91,7.51,48.09,2.76,14,41,A,10
8546,28132.77,152513,138.2,7.49,60.71,3.58,93,26,A,6
8547,21566.56,184109,210.0,8.55,44.58,2.55,67,39,A,2
8548,233.42,126512,126.49,9.0,71.04,3.01,83,10,B,11
8549,34762.14,158114,129.06,10.58,65.99,3.77,2,34,A,5
8550,88285.96,155083,136.37,4.58,54.09,3.76,92,40,A,9
8551,14.88,118221,190.87,8.57,53.2,4.0,54,45,B,4
8552,14331.3,114533,131.59,5.89,18.75,2.77,26,23,B,2
8553,32719.88,118221,190.54,8.42,59.45,3.9,72,45,B,3
8554,2918.75,34875,211.93,6.5,82.46,2.64,14,5,B,7
8555,11313.03,203750,210.89,8.1,87.17,2.61,3,31,A,7
8556,1497.78,152513,132.95,7.91,16.7,3.22,6,26,A,1
8557,11003.47,93638,133.26,10.26,28.89,3.26,7,29,B,2
8558,32780.05,39910,218.96,7.24,54.49,3.46,95,36,A,2
8559,155634.89,200898,190.69,8.57,49.73,4.0,95,14,A,4
8560,2648.34,112238,128.26,14.02,51.72,3.67,27,12,B,3
8561,8452.3,202505,217.02,6.92,90.22,3.68,32,6,A,7
8562,40591.73,93188,126.38,6.64,43.82,2.94,2,17,B,4
8563,29465.47,203742,214.55,7.14,62.01,3.69,97,20,A,6
8564,4745.22,202307,214.73,7.93,67.0,3.62,71,2,A,4
8565,33302.1,207499,214.7,7.56,59.33,2.89,9,11,A,12
8566,12544.66,207499,219.13,7.57,76.97,3.91,22,11,A,5
8567,23.92,103681,142.41,8.84,75.0,3.87,54,35,B,8
8568,56635.64,39690,126.58,9.77,55.92,2.88,95,42,C,3
8569,8.71,118221,181.69,8.9,54.28,2.9,94,45,B,4
8570,36305.89,196321,191.26,7.51,25.19,2.83,2,41,A,12
8571,973.92,140167,221.2,6.89,66.97,3.88,85,21,B,4
8572,118.14,42988,221.6,6.56,89.57,3.49,22,30,C,8
8573,3161.84,34875,212.01,6.63,37.74,2.98,7,5,B,1
8574,18777.06,202307,214.74,7.93,85.17,3.59,34,2,A,6
8575,25785.37,155083,136.37,4.58,54.09,3.76,2,40,A,9
8576,2138.25,203750,216.03,7.85,75.68,3.47,6,31,A,9
8577,12615.45,42988,221.44,6.89,81.78,3.35,97,30,C,6
8578,4023.01,120653,135.87,8.89,78.68,3.88,31,18,B,7
8579,12900.04,70713,196.92,8.26,18.79,3.1,8,7,B,2
8580,123.87,39910,210.38,8.48,54.44,2.71,59,37,C,12
8581,5560.72,203819,133.61,8.25,31.36,3.6,32,24,A,3
8582,13345.92,93638,136.14,9.86,74.69,3.88,23,29,B,8
8583,70.82,126512,131.04,7.38,65.99,4.28,94,10,B,4
8584,52487.7,119557,140.38,8.02,69.78,3.68,2,22,B,9
8585,43610.33,202505,216.58,6.86,84.49,3.65,94,6,A,6
8586,34.97,41062,209.08,10.15,68.09,3.27,6,43,C,10
8587,66796.1,126512,131.1,7.38,85.19,4.31,23,10,B,5
8588,8.5,57197,192.2,6.61,32.61,3.41,51,16,B,3
8589,1735.0,151315,216.71,7.96,79.69,3.36,58,1,A,9
8590,21721.87,202505,218.91,6.55,71.24,3.27,23,6,A,10
8591,870.19,155083,137.51,4.26,30.58,3.88,52,40,A,3
8592,21945.16,203750,210.9,8.32,37.77,2.55,34,31,A,2
8593,39764.02,205863,130.79,4.08,81.41,3.55,46,4,A,8
8594,8193.5,140167,210.89,8.1,87.17,2.61,55,21,B,7
8595,432.11,93188,130.31,6.4,29.99,3.06,59,17,B,1
8596,18335.78,184109,210.18,8.48,52.45,2.94,55,39,A,12
8597,10385.86,119557,136.52,8.43,73.21,2.8,11,22,B,8
8598,49.55,39690,126.19,9.2,85.75,2.94,52,42,C,9
8599,7837.11,155078,214.72,6.3,45.64,2.62,22,8,A,3
8600,1092.78,196321,191.96,7.24,26.1,3.1,56,41,A,2
8601,300.0,103681,135.63,9.26,45.98,2.82,54,35,B,3
8602,9742.8,202505,223.92,5.67,83.58,3.64,42,6,A,8
8603,42284.11,126512,130.83,7.54,62.11,4.27,16,10,B,3
8604,5932.06,119557,136.32,8.35,67.13,2.8,56,22,B,6
8605,19.88,39910,126.38,7.97,48.33,2.94,87,44,C,4
8606,4317.19,155083,137.42,4.26,23.79,3.83,16,40,A,3
8607,6959.71,39690,127.44,8.74,56.75,3.34,82,42,C,1
8608,4169.9,196321,197.74,6.55,66.88,3.74,30,41,A,6
8609,2163.52,155078,214.79,6.26,31.62,2.98,20,8,A,1
8610,6354.08,119557,136.52,8.43,73.21,2.8,26,22,B,8
8611,10654.45,123737,133.18,7.77,20.69,3.4,4,15,B,2
8612,22367.42,207499,225.07,6.66,71.97,3.88,74,11,A,4
8613,6707.86,202505,214.78,6.86,59.61,3.04,44,6,A,2
8614,42859.65,203819,132.84,8.27,41.92,3.19,23,24,A,11
8615,4047.33,203007,197.59,8.09,59.74,3.8,24,32,A,5
8616,825.24,204184,138.68,7.72,66.43,4.13,28,27,A,5
8617,4518.5,203819,132.95,7.77,21.68,3.37,42,19,A,1
8618,24781.21,152513,136.05,7.77,63.16,3.9,80,26,A,8
8619,1008.53,39910,126.79,7.61,36.78,2.82,11,44,C,12
8620,61243.46,126512,126.67,9.0,55.33,3.16,34,10,B,11
8621,20674.49,120653,135.08,8.98,63.23,3.87,14,18,B,6
8622,2121.8,152513,136.59,7.6,22.53,3.41,19,26,A,12
8623,23615.69,205863,129.78,5.14,64.79,3.36,26,4,A,10
8624,1012.7,152513,132.82,8.15,18.73,3.18,27,26,A,12
8625,15992.7,34875,211.96,6.77,51.61,2.87,95,5,B,12
8626,36689.64,103681,140.33,8.68,63.61,3.71,23,35,B,9
8627,577.0,155078,218.89,6.42,86.46,3.68,36,8,A,7
8628,30538.97,202505,212.13,7.09,74.8,2.83,46,6,A,5
8629,11568.88,118221,185.75,8.52,76.38,3.92,14,45,B,6
8630,71215.07,200898,186.37,8.62,78.22,3.84,93,14,A,8
8631,92.85,41062,204.18,10.4,44.98,3.01,12,43,C,1
8632,1152.78,93188,131.11,6.24,46.94,3.83,31,17,B,4
8633,1417.94,70713,190.78,9.14,44.13,2.74,21,7,B,10
8634,1450.14,57197,189.53,7.04,21.13,2.55,97,16,B,2
8635,4030.68,203750,210.28,8.2,74.24,2.83,30,31,A,5
8636,9403.58,128107,214.24,7.14,44.73,4.0,56,25,B,4
8637,317.38,202505,216.63,6.86,85.51,3.59,28,6,A,6
8638,19581.6,70713,191.37,8.82,10.09,2.88,23,7,B,1
8639,3534.69,151315,215.28,7.96,85.83,3.48,33,1,A,7
8640,11113.72,184109,209.4,8.46,68.15,2.77,56,39,A,4
8641,18528.78,205863,130.74,4.61,53.63,3.67,26,4,A,3
8642,1135.0,202307,219.81,7.06,55.21,3.36,41,2,A,2
8643,2351.8,204184,140.46,7.91,59.62,3.76,41,27,A,10
8644,13209.36,93638,133.18,10.26,26.39,3.24,4,29,B,2
8645,0.1,202505,216.73,6.92,87.0,3.52,18,6,A,7
8646,32954.82,151315,211.67,7.84,71.89,2.6,97,1,A,10
8647,20337.87,140167,214.93,7.85,89.16,3.48,46,21,B,7
8648,4283.22,155083,132.72,5.33,70.66,2.74,24,40,A,9
8649,7640.2,93638,136.59,9.36,39.83,3.41,26,29,B,12
8650,13055.97,123737,136.5,7.87,51.67,3.76,34,15,B,10
8651,26125.7,202505,217.02,6.92,90.22,3.68,5,6,A,7
8652,808.5,219622,126.09,7.95,75.31,2.85,36,13,A,8
8653,505.13,42988,215.26,7.85,92.32,3.64,74,30,C,8
8654,16209.58,203007,197.41,8.26,56.09,3.75,81,32,A,3
8655,10700.0,203819,133.03,7.77,22.8,3.39,22,19,A,1
8656,35414.29,120653,138.19,8.54,73.25,3.84,23,18,B,8
8657,34122.0,200898,190.98,8.57,61.24,3.89,23,14,A,5
8658,5795.7,39910,220.45,6.99,82.15,3.39,82,37,C,6
8659,22673.95,219622,129.79,6.39,47.41,3.57,74,13,A,10
8660,3988.85,120653,132.22,9.27,60.27,2.96,97,18,B,5
8661,6738.96,203750,210.68,8.32,51.66,2.73,87,31,A,3
8662,232.21,158114,130.89,9.28,75.89,3.65,59,34,A,8
8663,17.82,37392,225.25,6.66,81.55,3.5,49,3,B,6
8664,22120.8,119557,136.4,8.43,79.22,2.81,91,22,B,7
8665,1477.74,152513,136.31,7.77,55.19,3.81,19,26,A,9
8666,1820.27,57197,198.1,6.06,60.09,3.6,24,16,B,9
8667,10.0,39690,130.96,7.38,80.06,4.28,31,42,C,6
8668,11385.79,123737,137.06,7.94,35.3,3.8,46,15,B,2
8669,13212.64,158114,129.24,10.64,77.08,3.55,16,34,A,8
8670,21351.55,128107,208.84,7.27,68.09,3.75,10,25,B,8
8671,3864.86,151315,221.74,7.14,70.33,3.63,29,1,A,5
8672,22503.18,118221,182.32,8.74,76.61,2.82,11,45,B,7
8673,22411.02,93638,134.07,9.97,36.04,3.64,92,29,B,4
8674,51193.14,202505,217.08,6.92,91.46,3.68,10,6,A,8
8675,12423.39,42988,221.81,6.56,77.72,3.62,4,30,C,8
8676,10352.66,219622,129.86,6.39,24.82,3.34,29,13,A,12
8677,85511.15,219622,126.6,8.11,42.15,2.84,38,13,A,4
8678,8830.42,128107,208.56,7.29,67.18,3.98,82,25,B,5
8679,346.0,57197,189.38,7.04,19.79,2.58,58,16,B,2
8680,504.35,39910,126.19,7.8,68.22,2.87,3,44,C,9
8681,756.0,140167,211.18,8.1,83.03,2.58,36,21,B,9
8682,1222.0,93188,126.23,6.88,60.07,2.85,35,17,B,10
8683,79117.82,203750,214.65,7.93,87.54,3.64,94,31,A,6
8684,4820.94,196321,190.4,7.34,63.3,2.78,58,41,A,9
8685,7965.44,128107,215.74,7.28,54.52,4.0,91,25,B,9
8686,15251.31,103681,141.55,8.74,49.6,3.86,10,35,B,3
8687,843.94,152513,134.68,7.82,48.86,4.1,27,26,A,5
8688,1014.24,184109,213.81,8.3,69.45,3.62,85,39,A,4
8689,8841.69,155083,132.82,5.29,19.29,3.18,9,40,A,12
8690,40589.7,206302,129.84,12.89,53.25,3.62,14,28,A,11
8691,45861.03,151315,210.9,7.81,80.44,2.76,16,1,A,5
8692,145.27,57197,198.82,5.85,50.46,3.78,96,16,B,10
8693,65179.54,205863,129.0,5.95,64.22,3.78,13,4,A,4
8694,3268.05,140167,210.68,8.32,51.66,2.73,52,21,B,3
8695,4490.05,57197,190.26,6.87,63.91,2.72,21,16,B,8
8696,49607.73,205863,126.28,7.13,67.73,2.64,79,4,A,10
8697,1878.0,202505,213.53,7.01,62.11,2.73,36,6,A,11
8698,41928.21,112238,129.18,13.5,90.61,3.8,79,12,B,8
8699,113.44,39910,220.35,6.99,77.17,3.75,42,37,C,5
8700,26039.33,112238,129.69,12.89,70.44,3.83,4,12,B,10
8701,21632.1,155078,222.47,6.12,30.51,3.16,46,8,A,12
8702,223.12,103681,142.86,8.66,56.53,3.97,56,35,B,10
8703,860.4,126512,126.61,9.0,58.83,3.05,98,10,B,11
8704,25769.75,203819,137.87,8.15,44.42,4.19,10,19,A,4
8705,8715.42,57197,196.95,6.16,26.21,3.13,82,16,B,2
8706,16179.38,202505,211.84,7.09,74.95,2.85,22,6,A,5
8707,4102.75,125833,219.36,6.38,70.49,3.91,32,9,B,5
8708,8195.5,34875,216.05,6.53,89.42,3.68,11,5,B,7
8709,17144.89,203819,136.5,7.87,40.18,3.63,67,19,A,12
8710,41036.18,206302,129.81,12.89,59.77,3.83,94,28,A,11
8711,11546.43,155078,215.37,6.43,54.89,2.73,1,8,A,11
8712,818.47,41062,207.62,10.64,87.84,3.53,74,43,C,9
8713,9565.14,155083,136.59,4.42,24.46,3.41,29,40,A,12
8714,8035.17,57197,193.91,6.34,63.96,3.55,17,16,B,8
8715,863.84,155083,137.51,4.26,30.58,3.88,27,40,A,3
8716,1545.44,39910,220.43,6.99,80.74,3.5,21,37,C,6
8717,8271.05,219622,126.15,7.95,66.84,2.88,33,13,A,9
8718,642.82,93188,126.5,6.55,18.36,2.67,83,17,B,2
8719,56729.76,114533,132.66,5.33,68.65,2.8,9,23,B,8
8720,20830.41,125833,215.14,6.56,49.89,2.71,95,9,B,12
8721,24073.8,206302,130.9,12.19,56.26,4.04,5,28,A,3
8722,1742.24,120653,138.83,8.24,59.68,4.03,52,18,B,10
8723,22132.21,204184,137.85,7.83,40.11,3.79,82,27,A,3
8724,1015.0,37392,226.32,6.33,72.78,3.72,30,3,B,9
8725,19549.57,155083,132.87,5.29,47.1,2.94,9,40,A,10
8726,1.0,204184,136.4,7.98,82.69,2.94,18,27,A,7
8727,38916.67,202307,216.03,7.85,75.58,3.47,97,2,A,9
8728,6572.7,151315,211.41,7.84,52.33,2.89,83,1,A,12
8729,3749.62,128107,214.55,7.14,69.54,3.74,26,25,B,6
8730,22.0,39910,216.56,7.72,58.97,3.33,31,37,C,11
8731,10474.79,123737,132.22,8.19,59.09,3.1,5,15,B,5
8732,4148.89,219622,130.89,5.76,79.18,3.62,83,13,A,8
8733,22749.34,152513,132.44,8.51,51.62,2.83,13,26,A,6
8734,37504.61,203007,192.9,8.6,67.38,3.7,72,32,A,6
8735,4063.42,203007,197.78,8.09,52.1,3.9,20,32,A,4
8736,1404.87,128107,204.76,7.53,71.17,2.72,52,25,B,9
8737,55871.87,205863,126.11,7.37,80.7,2.65,93,4,A,7
8738,12808.04,155083,136.48,4.42,32.76,3.54,97,40,A,11
8739,9732.35,205863,129.17,5.64,84.36,3.66,20,4,A,7
8740,3438.67,219622,129.85,6.39,33.94,3.39,41,13,A,12
8741,18030.72,207499,223.38,6.83,53.1,3.26,3,11,A,1
8742,24910.26,203750,216.36,7.85,78.91,3.36,81,31,A,9
8743,97756.5,202505,223.41,5.96,81.2,3.35,92,6,A,6
8744,22088.3,70713,189.77,9.02,64.64,2.69,10,7,B,7
8745,53502.62,203742,204.76,7.53,75.5,2.72,93,20,A,9
8746,27500.93,206302,129.81,12.89,59.77,3.83,7,28,A,11
8747,6096.91,184109,219.32,7.24,61.1,3.56,83,39,A,2
8748,72853.84,203819,136.42,8.36,68.0,3.86,90,24,A,9
8749,8893.75,207499,213.77,7.34,67.81,2.81,56,11,A,4
8750,5202.42,155083,138.13,4.12,63.39,3.68,6,40,A,6
8751,34.88,39690,129.81,7.87,68.57,3.83,25,42,C,11
8752,1947.28,93638,135.08,9.97,63.97,3.87,97,29,B,6
8753,3295.32,120653,137.73,8.08,45.35,3.92,83,18,B,3
8754,2198.0,207499,214.7,7.37,64.1,2.67,31,11,A,3
8755,7795.89,39690,130.76,7.4,98.15,3.88,2,33,A,6
8756,5812.06,34875,222.52,5.6,81.05,3.31,79,5,B,7
8757,26348.03,205863,130.28,4.61,42.09,3.27,82,4,A,1
8758,9575.55,123737,134.59,7.66,57.07,4.21,17,15,B,5
8759,5191.41,203007,189.45,8.96,72.42,2.72,32,32,A,6
8760,2967.4,123737,136.75,7.94,36.26,3.67,32,15,B,1
8761,15684.4,152513,131.9,8.51,36.53,2.83,96,26,A,4
8762,56309.14,202307,210.89,8.1,87.66,2.61,93,2,A,7
8763,6200.0,114533,136.96,4.26,25.71,3.57,50,23,B,1
8764,5297.66,155083,133.85,5.11,35.76,3.63,3,40,A,3
8765,15484.59,203819,138.19,8.19,69.83,3.96,22,19,A,8
8766,86376.58,203750,211.27,8.16,50.43,2.71,95,31,A,12
8767,7627.32,118221,191.17,8.68,79.97,3.52,25,45,B,7
8768,15564.37,39910,214.03,8.3,73.25,3.74,8,37,C,4
8769,8.91,39910,218.23,7.72,48.26,3.13,49,37,C,12
8770,9423.74,114533,132.92,5.29,41.66,3.03,71,23,B,11
8771,4895.09,205863,129.15,5.64,82.84,3.63,44,4,A,7
8772,3278.22,57197,196.95,6.16,26.21,3.13,21,16,B,2
8773,49068.25,39690,126.67,9.0,55.33,3.16,95,42,C,11
8774,6531.83,204184,140.91,8.01,36.96,3.74,55,27,A,1
8775,26774.81,207499,218.68,7.57,76.64,3.74,46,11,A,4
8776,1847.82,118221,181.65,8.9,70.75,2.97,44,45,B,5
8777,6424.26,203007,198.59,7.87,60.62,3.79,55,32,A,9
8778,9236.46,39910,209.87,8.36,81.74,2.6,40,36,A,7
8779,5634.04,155078,213.77,6.29,56.1,2.8,55,8,A,4
8780,729.27,42988,214.65,7.93,87.54,3.64,7,30,C,6
8781,12253.37,42988,214.73,7.93,68.62,3.62,81,30,C,4
8782,17773.32,203007,189.53,8.96,48.94,2.77,5,32,A,5
8783,2735.14,37392,221.41,7.2,61.7,3.3,17,3,B,11
8784,27004.64,128107,204.67,7.86,69.56,2.78,13,25,B,6
8785,25058.75,155083,138.13,4.12,63.39,3.68,4,40,A,6
8786,27078.52,202505,223.33,5.96,72.66,3.69,46,6,A,5
8787,33445.26,203750,223.08,6.17,70.5,3.51,4,31,A,10
8788,7885.29,37392,219.4,7.57,83.63,3.53,4,3,B,9
8789,5263.73,203750,211.3,8.1,89.65,2.69,42,31,A,8
8790,15747.17,151315,212.94,7.74,36.39,3.02,55,1,A,2
8791,30667.66,196321,196.73,6.59,27.49,3.08,13,41,A,1
8792,5176.34,123737,136.18,7.81,70.41,3.94,90,15,B,8
8793,7414.54,114533,137.51,4.26,33.11,3.88,30,23,B,3
8794,71152.22,93188,126.38,6.64,43.82,2.94,38,17,B,4
8795,1521.38,93638,132.77,10.41,62.49,2.72,31,29,B,9
8796,8504.18,128107,210.69,7.08,46.28,3.57,67,25,B,10
8797,27576.18,204184,138.33,7.72,61.71,4.12,81,27,A,4
8798,10646.61,39690,131.11,10.2,71.74,4.47,4,38,C,10
8799,41063.36,152513,132.72,8.44,66.93,2.74,94,26,A,9
8800,13225.86,114533,138.19,4.16,69.97,3.84,29,23,B,8
8801,1023.38,151315,221.62,7.14,67.23,3.81,31,1,A,4
8802,14518.86,219622,131.01,5.76,67.96,3.82,67,13,A,9
8803,6572.16,103681,142.11,8.88,73.4,3.74,30,35,B,6
8804,2010.71,39910,218.05,7.72,55.41,3.1,46,36,A,12
8805,4920.05,206302,130.89,10.93,89.78,4.09,20,28,A,8
8806,4848.24,204184,137.63,7.83,43.64,3.75,44,27,A,3
8807,4547.26,34875,222.33,5.8,70.45,3.63,14,5,B,5
8808,5467.53,42988,219.63,7.06,52.21,3.27,79,30,C,1
8809,30615.12,219622,129.69,6.39,60.62,3.59,23,13,A,10
8810,65591.14,203819,136.5,7.87,52.05,3.76,72,19,A,10
8811,40853.91,120653,134.94,8.98,69.49,3.92,72,18,B,6
8812,2974.01,204184,140.27,7.85,69.65,3.94,52,27,A,9
8813,819.13,112238,129.07,13.74,88.95,3.9,28,12,B,6
8814,22650.1,118221,185.53,8.52,53.69,3.82,16,45,B,4
8815,12734.7,203819,138.57,8.19,65.08,4.09,25,19,A,9
8816,11775.21,114533,134.59,4.78,55.12,4.09,96,23,B,5
8817,19294.8,120653,134.68,8.98,57.55,4.1,34,18,B,5
8818,29586.48,140167,212.22,8.03,36.33,2.99,23,21,B,2
8819,7670.87,114533,138.11,4.12,66.22,3.8,55,23,B,6
8820,4203.87,151315,213.54,7.74,62.9,3.06,6,1,A,2
8821,32621.43,39910,130.68,5.41,83.68,3.6,90,44,C,7
8822,26807.27,203742,204.43,8.19,25.43,2.74,11,20,A,2
8823,3796.37,155083,132.69,5.33,62.57,2.77,26,40,A,8
8824,132.38,140167,223.08,6.17,70.5,3.51,83,21,B,10
8825,22728.55,200898,185.36,8.52,48.71,3.72,82,14,A,4
8826,4112.62,203742,208.64,7.29,62.97,3.96,85,20,A,4
8827,9736.13,202505,212.98,7.09,81.81,2.67,42,6,A,6
8828,22893.64,203742,210.69,7.08,49.36,3.57,11,20,A,10
8829,3088.26,93188,129.08,6.77,51.93,3.8,20,17,B,5
8830,3215.58,202307,219.53,7.06,45.99,3.26,30,2,A,1
8831,20610.4,203007,189.53,8.96,48.94,2.77,7,32,A,5
8832,1151.92,203819,136.59,7.87,36.09,3.59,28,19,A,12
8833,843.6,140167,211.04,8.32,57.1,2.67,18,21,B,3
8834,14686.9,202505,216.54,6.86,87.08,3.64,25,6,A,6
8835,10428.2,57197,194.88,6.34,57.61,3.54,11,16,B,9
8836,9688.16,206302,126.29,14.1,70.15,3.13,3,28,A,5
8837,28309.01,196321,190.33,7.34,70.59,2.73,4,41,A,8
8838,1538.0,203742,213.12,6.96,33.47,3.64,48,20,A,2
8839,21542.08,42988,218.61,7.44,41.44,3.16,40,30,C,12
8840,60681.17,203007,196.87,8.26,35.89,3.03,91,32,A,2
8841,23933.55,39690,129.07,13.74,88.95,3.9,91,38,C,6
8842,30054.19,196321,195.18,6.76,45.62,3.55,4,41,A,10
8843,6322.37,158114,126.61,9.52,45.86,2.74,98,34,A,3
8844,17921.33,206302,130.38,12.19,52.27,3.72,22,28,A,2
8845,17146.82,203007,196.55,8.26,36.75,3.1,82,32,A,1
8846,10001.29,118221,182.08,8.99,34.89,2.75,9,45,B,2
8847,7826.8,120653,132.76,9.33,67.76,2.72,32,18,B,10
8848,9792.79,39910,219.9,7.24,67.48,3.73,80,37,C,3
8849,10355.99,114533,132.84,5.29,34.95,3.07,42,23,B,11
8850,3805.0,202505,213.19,7.01,70.69,2.6,58,6,A,10
8851,19051.75,196321,193.51,6.9,74.11,3.54,5,41,A,7
8852,19944.42,93638,138.23,9.42,76.57,3.61,8,29,B,7
8853,20.1,184109,221.12,6.62,83.71,3.73,99,39,A,9
8854,205.53,57197,197.56,6.17,56.74,3.84,96,16,B,5
8855,714.0,125833,214.66,6.42,38.01,2.57,41,9,B,2
8856,7350.3,120653,137.42,8.08,33.59,3.83,33,18,B,3
8857,32438.65,70713,193.09,8.62,58.54,3.6,38,7,B,7
8858,39123.74,200898,192.33,8.67,54.47,4.0,7,14,A,10
8859,11696.1,196321,189.58,7.36,40.2,2.77,67,41,A,4
8860,11.97,112238,129.17,13.5,93.29,3.8,45,12,B,7
8861,35996.79,42988,221.07,6.89,69.02,3.89,90,30,C,4
8862,8723.84,119557,141.84,7.67,49.89,4.02,55,22,B,4
8863,30186.27,151315,214.11,7.74,53.56,3.46,81,1,A,3
8864,4791.74,125833,219.63,6.4,77.95,3.53,55,9,B,9
8865,14252.77,203007,199.15,7.56,53.57,3.75,79,32,A,10
8866,4685.52,93188,127.86,6.87,14.19,3.03,33,17,B,2
8867,26928.33,203819,138.28,8.95,68.13,4.0,5,24,A,8
8868,14950.61,219622,126.28,7.8,63.03,2.84,98,13,A,10
8869,7720.77,34875,223.97,5.42,66.24,3.6,96,5,B,10
8870,60669.07,202307,217.16,7.44,64.53,3.35,2,2,A,10
8871,41.32,196321,189.47,7.36,50.59,2.78,45,41,A,5
8872,8340.62,207499,221.9,7.2,70.03,3.24,67,11,A,11
8873,55436.45,203819,138.74,8.95,58.86,4.16,72,24,A,9
8874,6159.3,202307,220.85,7.06,63.68,3.73,83,2,A,3
8875,89520.32,204184,138.77,7.72,74.17,4.07,94,27,A,6
8876,11.56,123737,131.86,8.35,39.53,2.96,51,15,B,3
8877,77567.1,202307,211.12,8.03,33.02,2.98,93,2,A,1
8878,309.82,202505,222.45,6.13,60.32,3.63,59,6,A,3
8879,18106.8,126512,126.13,9.52,90.32,3.08,3,10,B,6
8880,13633.78,206302,131.1,11.63,84.51,4.11,87,28,A,5
8881,34021.85,128107,203.65,7.86,50.97,2.92,72,25,B,4
8882,599.04,205863,126.13,7.37,79.78,2.61,28,4,A,7
8883,14318.51,93188,131.19,5.53,39.94,3.76,91,17,B,10
8884,470.63,125833,225.26,5.54,69.19,3.89,27,9,B,4
8885,1794.55,39690,129.79,12.89,67.41,3.73,83,38,C,10
8886,2485.97,120653,138.74,8.54,58.24,4.02,27,18,B,9
8887,36699.79,103681,136.69,8.76,46.67,3.04,55,35,B,11
8888,2061.87,203819,132.66,8.12,72.17,2.91,56,24,A,8
8889,6459.2,155078,218.4,6.3,84.73,3.64,25,8,A,6
8890,115720.81,37392,215.18,7.56,71.64,2.72,38,3,B,10
8891,27384.43,118221,181.98,8.99,27.73,2.77,2,45,B,2
8892,24718.8,57197,191.26,6.99,19.66,2.83,2,16,B,12
8893,7220.28,93188,129.09,6.74,67.39,3.61,26,17,B,7
8894,3584.45,196321,189.6,7.54,21.84,2.59,12,41,A,2
8895,6012.5,93638,131.82,10.06,46.03,2.83,25,29,B,3
8896,33738.1,140167,216.7,7.44,71.64,3.28,72,21,B,10
8897,3589.03,140167,211.01,8.32,48.61,2.62,67,21,B,3
8898,5727.68,155083,136.21,4.58,65.01,3.8,55,40,A,8
8899,5.88,118221,185.91,8.62,74.04,3.75,54,45,B,7
8900,2581.97,125833,214.55,6.42,51.8,2.73,67,9,B,3
8901,35127.5,118221,185.97,8.52,62.28,4.06,2,45,B,5
8902,40480.27,203819,138.19,8.19,69.83,3.96,3,19,A,8
8903,48.98,39910,126.61,8.12,41.48,2.82,42,44,C,3
8904,53608.74,203750,211.57,8.16,67.51,2.72,2,31,A,10
8905,83832.54,152513,138.26,7.4,64.47,3.56,95,26,A,7
8906,65381.41,203742,215.93,7.29,60.77,3.98,7,20,A,10
8907,10862.0,202307,211.86,8.03,42.83,3.01,58,2,A,1
8908,202.4,204184,136.6,8.02,31.34,3.31,60,27,A,12
8909,62762.65,155078,213.77,6.29,56.1,2.8,95,8,A,4
8910,108.7,39910,128.96,6.91,47.55,3.66,72,44,C,4
8911,1710.54,103681,142.11,8.88,73.4,3.74,93,35,B,6
8912,2476.07,39690,126.13,9.52,90.32,3.08,83,42,C,6
8913,15644.98,158114,128.51,10.4,55.58,3.5,7,34,A,3
8914,2526.97,128107,205.06,7.48,46.73,2.92,97,25,B,10
8915,171.0,203750,211.12,8.16,46.35,2.84,54,31,A,12
8916,838.86,126512,126.16,9.52,76.67,3.06,56,10,B,5
8917,61883.75,151315,222.78,6.91,69.87,3.72,72,1,A,9
8918,2927.35,103681,141.7,8.74,49.4,3.95,18,35,B,3
8919,1092.35,119557,136.22,8.35,69.49,2.86,52,22,B,6
8920,10881.11,184109,210.97,8.4,47.94,3.01,10,39,A,1
8921,328.63,184109,209.86,8.36,83.86,2.62,28,39,A,7
8922,22038.63,203819,138.16,8.15,75.83,3.72,82,19,A,6
8923,18316.85,120653,132.82,9.33,47.12,2.92,87,18,B,10
8924,7156.46,39910,126.09,7.8,81.24,2.8,81,44,C,8
8925,58501.54,41062,206.86,10.58,88.49,3.64,38,43,C,6
8926,22723.72,206302,130.79,11.63,91.61,4.01,10,28,A,6
8927,19098.01,34875,212.05,6.5,79.86,2.56,40,5,B,9
8928,42983.95,57197,191.37,6.61,12.39,2.88,72,16,B,1
8929,7304.29,152513,137.98,7.49,43.6,4.02,34,26,A,4
8930,31593.55,203819,132.61,8.12,74.54,2.94,80,24,A,8
8931,31903.55,203742,214.96,7.28,68.27,3.83,5,20,A,8
8932,17020.45,155078,226.57,5.4,71.1,3.67,7,8,A,9
8933,25632.39,202307,211.06,8.16,47.3,2.94,82,2,A,12
8934,88767.53,203819,138.91,7.99,48.29,4.19,95,19,A,10
8935,1166.52,158114,128.4,10.4,45.87,3.46,52,34,A,3
8936,9154.22,203750,221.2,6.89,66.97,3.88,87,31,A,4
8937,17119.9,39690,131.04,7.38,65.99,4.28,1,42,C,4
8938,11984.04,103681,137.5,8.55,36.99,3.43,90,35,B,3
8939,4688.83,126512,130.38,7.54,55.73,3.72,31,10,B,2
8940,29094.97,103681,142.1,8.88,64.77,3.8,7,35,B,5
8941,226.88,200898,190.98,8.57,61.24,3.89,59,14,A,5
8942,1439.06,103681,137.63,8.55,43.64,3.58,52,35,B,3
8943,15850.4,112238,129.37,13.5,88.0,3.91,14,12,B,9
8944,85590.75,203819,131.64,8.33,31.05,2.91,95,24,A,2
8945,46.91,39910,218.05,7.72,55.41,3.1,12,36,A,12
8946,2236.01,37392,214.2,7.34,78.6,2.76,17,3,B,5
8947,24949.75,140167,210.75,8.32,39.05,2.57,34,21,B,2
8948,9679.36,128107,216.15,7.29,56.69,3.88,81,25,B,10
8949,23.68,155083,132.5,5.44,69.72,2.81,51,40,A,6
8950,2754.86,57197,193.09,6.34,63.59,3.6,67,16,B,7
8951,793.38,39690,126.1,14.18,83.12,3.09,16,38,C,9
8952,13429.99,123737,131.69,8.35,29.87,2.91,74,15,B,2
8953,47712.78,202505,217.05,6.86,80.83,3.79,10,6,A,5
8954,235.68,41062,207.1,10.58,65.01,3.74,42,43,C,4
8955,17685.82,200898,182.08,8.99,48.79,2.84,11,14,A,3
8956,9959.82,123737,137.42,7.94,33.24,3.98,22,15,B,3
8957,7950.48,125833,214.93,6.56,49.7,2.87,3,9,B,12
8958,3844.2,155078,214.74,6.43,41.47,2.94,29,8,A,12
8959,7838.04,103681,142.17,8.84,78.44,3.72,91,35,B,8
8960,2571.52,125833,215.12,6.44,84.01,2.62,20,9,B,8
8961,33617.51,202307,222.22,6.56,75.88,3.72,96,2,A,9
8962,37641.15,203819,136.31,7.81,62.76,3.94,9,19,A,9
8963,5044.7,126512,129.77,7.87,70.27,3.7,97,10,B,10
8964,3452.01,70713,189.73,9.01,29.04,2.69,67,7,B,3
8965,3225.45,34875,222.54,5.6,86.91,3.42,81,5,B,8
8966,5788.55,202307,219.63,7.06,51.7,3.27,29,2,A,1
8967,13321.56,205863,130.07,5.14,36.89,3.12,98,4,A,12
8968,26025.09,207499,217.97,7.55,73.74,3.47,5,11,A,3
8969,1846.8,39910,220.64,6.62,84.41,3.49,1,36,A,8
8970,67762.1,39690,126.14,9.2,92.89,2.98,92,42,C,7
8971,10616.57,42988,219.18,7.44,45.16,3.13,97,30,C,12
8972,22399.66,118221,191.16,8.68,78.65,3.72,90,45,B,8
8973,13901.47,202505,214.46,6.86,39.38,3.02,3,6,A,2
8974,22179.78,155083,136.53,4.42,29.53,3.44,10,40,A,12
8975,5274.94,203007,197.66,8.09,71.14,3.74,44,32,A,6
8976,1705.93,123737,138.57,8.19,65.44,4.09,35,15,B,9
8977,16577.88,205863,126.61,7.13,48.05,2.78,22,4,A,11
8978,335.67,39910,211.7,8.4,41.16,3.01,3,36,A,2
8979,12.0,41062,203.54,9.82,86.31,2.69,20,43,C,8
8980,1927.81,207499,225.46,6.33,86.94,3.42,27,11,A,8
8981,531.0,42988,221.59,6.56,91.57,3.42,60,30,C,8
8982,7655.62,203750,213.48,8.03,59.52,3.29,20,31,A,3
8983,3157.99,57197,197.88,6.06,70.29,3.61,67,16,B,7
8984,1205.94,114533,132.47,5.44,60.29,2.8,93,23,B,6
8985,1274.52,103681,135.83,9.05,54.95,2.9,28,35,B,4
8986,9075.77,114533,132.69,5.33,63.25,2.77,21,23,B,8
8987,29119.57,123737,136.21,7.81,69.19,3.91,95,15,B,8
8988,2984.9,200898,190.69,8.57,49.73,4.0,52,14,A,4
8989,7823.67,206302,131.01,10.93,82.97,4.12,22,28,A,9
8990,24196.23,203007,197.83,7.87,78.68,3.65,8,32,A,7
8991,2824.02,219622,127.44,7.47,34.8,2.93,31,13,A,1
8992,78270.35,203742,214.96,7.28,68.27,3.83,8,20,A,8
8993,3764.36,152513,132.36,8.51,58.46,2.86,20,26,A,6
8994,158.4,200898,184.99,8.55,41.76,3.62,60,14,A,3
8995,2183.73,37392,214.81,7.35,80.84,2.56,17,3,B,9
8996,17459.78,125833,214.88,6.42,43.83,2.56,5,9,B,2
8997,13651.24,39690,126.67,14.31,47.66,3.16,96,38,C,11
8998,13487.5,151315,211.41,7.84,49.84,2.87,17,1,A,12
8999,10975.63,39910,214.47,8.3,73.02,3.91,81,37,C,5
9000,84053.55,202307,221.68,6.56,84.79,3.57,93,2,A,8
9001,5095.58,57197,194.38,6.34,67.51,3.48,12,16,B,8
9002,370.57,39690,130.83,12.19,64.44,4.27,74,38,C,3
9003,611.0,219622,128.96,7.19,47.55,3.66,48,13,A,4
9004,1913.79,205863,130.72,4.08,80.37,3.19,85,4,A,7
9005,16274.88,204184,140.44,7.91,46.28,3.63,87,27,A,12
9006,38404.83,151315,211.11,7.79,80.48,2.64,97,1,A,7
9007,781.99,128107,208.66,7.27,74.72,3.83,27,25,B,7
9008,18512.55,140167,221.31,6.89,77.53,3.75,8,21,B,5
9009,577.48,203742,214.73,7.28,78.27,3.52,59,20,A,7
9010,4563.9,57197,194.25,6.34,68.83,3.5,32,16,B,8
9011,16145.22,119557,136.77,8.57,48.62,3.03,79,22,B,11
9012,9818.84,39690,127.44,14.02,53.53,3.22,13,38,C,1
9013,15943.53,140167,215.15,7.93,76.86,3.79,82,21,B,5
9014,3954.4,203819,133.03,8.25,23.69,3.39,83,24,A,1
9015,12462.02,196321,191.48,7.24,22.44,2.91,7,41,A,1
9016,2489.3,203007,194.74,8.62,60.88,3.6,52,32,A,9
9017,13265.44,123737,138.26,8.19,72.62,3.69,34,15,B,7
9018,118431.03,203750,221.39,6.89,79.24,3.5,92,31,A,6
9019,4986.67,155078,214.88,6.32,80.37,2.63,26,8,A,8
9020,181.72,39910,209.39,8.46,77.34,2.83,85,37,C,5
9021,9486.64,152513,134.18,7.82,29.09,3.72,11,26,A,4
9022,2048.88,125833,225.49,5.54,78.91,3.45,24,9,B,6
9023,27336.59,39690,130.72,7.17,83.98,3.77,93,42,C,7
9024,37794.81,93638,137.34,8.99,39.0,3.75,38,29,B,2
9025,54964.88,196321,192.42,6.93,39.94,3.61,40,41,A,4
9026,1.2,202505,217.05,6.86,80.83,3.79,18,6,A,5
9027,7530.5,203819,135.08,7.66,64.02,3.99,42,19,A,6
9028,52550.84,203819,132.95,7.77,21.68,3.37,40,19,A,1
9029,1193.65,219622,129.08,7.19,52.12,3.8,28,13,A,5
9030,14489.98,114533,137.51,4.26,33.11,3.88,55,23,B,3
9031,30736.03,39690,126.06,9.5,95.57,3.05,93,33,A,8
9032,20157.1,42988,215.28,7.93,70.19,3.81,93,30,C,4
9033,23.84,93638,134.59,9.97,57.71,4.09,80,29,B,5
9034,7533.56,205863,126.56,7.9,56.23,2.81,32,4,A,4
9035,19106.94,39910,213.93,8.18,85.33,3.5,96,36,A,7
9036,530.18,140167,211.33,8.16,70.28,2.6,56,21,B,10
9037,3365.91,34875,222.33,5.8,79.72,3.5,12,5,B,6
9038,16911.55,39690,130.93,7.17,83.07,4.12,13,42,C,9
9039,6771.67,203742,214.53,7.14,63.19,3.89,6,20,A,5
9040,1149.2,103681,137.96,8.51,37.27,3.64,93,35,B,4
9041,3936.11,204184,142.5,8.24,76.0,4.08,44,27,A,9
9042,4341.74,204184,142.5,8.24,76.0,4.08,85,27,A,9
9043,6602.0,219622,126.38,8.11,48.33,2.94,58,13,A,4
9044,24349.77,119557,138.5,8.25,57.71,4.09,46,22,B,5
9045,14722.16,205863,126.18,7.9,67.4,2.82,26,4,A,5
9046,3615.05,126512,131.01,7.17,81.93,4.12,27,10,B,9
9047,1480.99,155078,226.36,5.4,66.96,3.72,85,8,A,9
9048,1870.12,128107,214.53,7.14,59.21,3.89,52,25,B,5
9049,31257.13,203819,132.44,8.21,64.84,2.97,23,24,A,6
9050,2439.38,112238,129.04,13.74,78.72,3.98,97,12,B,6
9051,19878.51,203819,132.84,8.27,41.92,3.19,9,24,A,11
9052,4449.76,203007,191.01,9.14,29.97,2.74,49,32,A,11
9053,40217.85,205863,128.13,6.51,49.0,3.09,10,4,A,2
9054,7856.0,114533,134.86,4.78,67.21,3.97,36,23,B,6
9055,625.94,123737,132.06,8.19,49.09,3.04,28,15,B,4
9056,4510.39,206302,126.14,14.18,91.98,3.1,44,28,A,7
9057,9602.68,39690,126.61,13.98,60.06,3.08,4,38,C,3
9058,137.75,39690,126.14,9.5,97.66,2.98,25,33,A,7
9059,11436.75,39690,130.97,7.6,71.34,4.29,79,33,A,3
9060,37881.58,152513,133.18,7.91,11.17,3.24,91,26,A,2
9061,8657.44,204184,136.61,8.02,41.81,3.2,20,27,A,12
9062,13644.98,155078,218.26,6.3,49.86,3.52,1,8,A,4
9063,4475.88,120653,136.21,8.89,70.32,3.8,21,18,B,8
9064,5356.96,114533,132.92,5.29,36.6,2.94,31,23,B,11
9065,5277.16,203007,190.47,9.02,67.17,2.8,26,32,A,9
9066,6648.47,39690,126.15,9.2,91.03,3.1,82,42,C,7
9067,13159.08,103681,142.02,8.88,53.68,3.95,10,35,B,5
9068,397.3,42988,221.36,6.89,74.14,3.69,7,30,C,5
9069,284.0,155083,136.86,4.26,14.02,3.54,48,40,A,1
9070,4685.0,205863,126.5,8.62,28.84,2.57,35,4,A,2
9071,2487.9,93188,129.37,6.74,61.94,3.62,30,17,B,9
9072,2787.5,120653,131.86,9.2,47.55,2.83,36,18,B,3
9073,4987.0,103681,136.08,9.05,63.31,2.96,35,35,B,5
9074,1125.33,41062,210.74,10.15,43.78,3.16,16,43,C,12
9075,2146.45,34875,219.54,6.3,44.12,3.16,16,5,B,12
9076,4690.1,118221,191.13,8.68,82.99,3.48,33,45,B,7
9077,62.5,39910,126.38,7.97,48.33,2.94,25,44,C,4
9078,11701.46,203819,138.83,7.99,53.44,4.15,22,19,A,10
9079,27894.59,203007,191.96,8.82,33.0,3.1,4,32,A,2
9080,2341.74,70713,194.11,8.62,54.56,3.54,33,7,B,8
9081,3387.99,123737,136.24,7.81,67.63,3.88,42,15,B,9
9082,9978.16,140167,220.7,7.06,57.16,3.67,22,21,B,3
9083,4586.88,70713,192.83,8.6,36.16,3.83,32,7,B,5
9084,317.84,39910,215.12,8.18,78.35,3.44,3,36,A,9
9085,79.65,93188,126.11,6.64,54.94,2.82,51,17,B,6
9086,2637.17,125833,222.88,6.05,47.31,3.16,96,9,B,12
9087,8106.19,118221,181.68,8.9,53.47,2.9,22,45,B,4
9088,1819.17,204184,142.94,8.0,55.4,4.19,56,27,A,10
9089,27587.11,203007,189.42,8.96,66.69,2.7,4,32,A,6
9090,4621.63,39910,126.18,7.97,57.71,2.95,80,44,C,5
9091,84.72,39910,130.72,5.41,80.42,3.54,85,44,C,7
9092,15228.1,158114,129.43,10.64,64.94,3.53,82,34,A,9
9093,11596.18,42988,221.59,6.56,91.57,3.42,8,30,C,8
9094,4415.0,126512,131.13,7.38,80.11,4.09,58,10,B,4
9095,40.0,39690,126.28,9.0,77.04,2.92,25,42,C,10
9096,3397.32,123737,137.8,8.15,40.01,4.14,71,15,B,4
9097,17412.64,219622,126.11,7.95,78.94,2.8,55,13,A,7
9098,2172.53,34875,211.8,6.57,39.81,2.55,17,5,B,2
9099,2696.97,126512,126.98,9.0,57.06,3.24,36,10,B,12
9100,171.15,120653,135.78,8.89,74.36,3.83,59,18,B,7
9101,4372.01,70713,195.72,8.51,29.53,3.48,32,7,B,11
9102,19580.01,202505,223.92,5.67,83.58,3.64,74,6,A,8
9103,11466.06,151315,211.22,7.79,80.91,2.67,55,1,A,7
9104,27359.45,207499,225.25,6.66,81.67,3.5,34,11,A,6
9105,3557.75,155078,216.63,6.26,50.64,3.04,52,8,A,2
9106,7832.45,119557,136.62,8.43,68.6,2.72,29,22,B,9
9107,28497.01,155078,226.02,5.4,80.87,3.73,94,8,A,9
9108,6997.33,202307,211.55,8.16,50.81,2.77,12,2,A,11
9109,29935.68,39690,126.11,14.1,81.06,3.04,90,38,C,6
9110,10961.75,118221,182.6,8.55,34.32,3.19,82,45,B,1
9111,1932.04,57197,196.87,6.16,25.53,3.03,85,16,B,2
9112,32.0,203750,210.76,8.1,85.61,2.62,54,31,A,7
9113,46305.77,155083,132.15,5.44,45.5,2.98,94,40,A,5
9114,22909.42,123737,132.11,8.19,63.16,3.1,7,15,B,5
9115,1847.62,37392,225.83,6.33,85.18,3.64,30,3,B,8
9116,193.73,128107,207.43,7.34,40.94,3.63,18,25,B,3
9117,2630.04,140167,211.06,8.03,44.24,2.98,21,21,B,1
9118,5753.98,200898,191.06,8.57,74.22,3.56,21,14,A,6
9119,60671.91,155078,218.95,6.42,85.15,3.68,92,8,A,8
9120,18638.97,203007,197.93,7.87,77.76,3.58,80,32,A,7
9121,35431.73,151315,211.02,8.11,51.45,2.73,13,1,A,3
9122,18064.41,39690,126.98,9.0,57.06,3.24,40,42,C,12
9123,2934.23,37392,215.89,7.55,45.95,2.99,26,3,B,2
9124,756.57,34875,220.48,5.94,48.86,3.26,31,5,B,1
9125,99.0,158114,131.04,9.28,67.06,3.67,60,34,A,9
9126,27838.19,204184,136.69,8.02,52.82,3.05,80,27,A,10
9127,2631.27,93188,126.09,6.7,70.53,2.8,29,17,B,8
9128,2838.0,203819,132.55,8.1,78.22,2.94,58,19,A,7
9129,19348.65,112238,131.1,11.63,84.51,4.11,14,12,B,5
9130,209.65,39690,131.12,7.4,72.94,4.11,17,33,A,4
9131,7051.15,155083,138.19,4.16,69.41,3.84,25,40,A,8
9132,2.5,158114,129.52,10.64,66.23,3.47,54,34,A,9
9133,8069.41,41062,203.06,9.52,47.31,2.57,82,43,C,2
9134,5249.49,203819,136.37,7.81,61.32,3.9,33,19,A,9
9135,2203.28,39910,218.68,7.24,58.9,3.27,83,37,C,1
9136,5995.86,202307,221.6,6.56,88.55,3.49,29,2,A,8
9137,23569.62,39690,129.52,8.44,88.93,3.79,90,33,A,9
9138,12836.4,203750,218.61,7.44,41.44,3.16,98,31,A,12
9139,1820.52,123737,133.74,7.77,34.27,3.75,97,15,B,3
9140,9294.51,128107,208.66,7.27,74.72,3.83,79,25,B,7
9141,7130.04,103681,141.47,8.74,44.32,3.85,91,35,B,3
9142,33217.84,118221,182.86,8.72,53.15,2.92,2,45,B,10
9143,45.64,39690,131.01,10.93,82.97,4.12,23,38,C,9
9144,3887.44,118221,188.06,8.52,47.65,3.53,6,45,B,11
9145,845.0,103681,140.27,8.68,69.65,3.74,58,35,B,9
9146,37984.33,152513,136.52,7.6,53.91,3.58,72,26,A,10
9147,2922.31,57197,191.92,6.61,27.18,3.05,20,16,B,2
9148,4761.96,152513,134.28,7.82,39.46,3.82,56,26,A,4
9149,7557.84,203750,221.4,6.89,81.51,3.39,17,31,A,6
9150,919.12,93638,131.64,10.06,31.96,2.75,83,29,B,2
9151,18498.11,119557,140.48,7.71,62.63,3.58,10,22,B,10
9152,11042.47,203819,134.36,7.66,41.66,4.06,22,19,A,4
9153,5.0,119557,136.01,8.35,50.99,2.98,48,22,B,5
9154,4531.23,155083,135.96,4.58,67.45,3.9,32,40,A,7
9155,6937.06,151315,215.5,7.68,77.72,3.79,17,1,A,5
9156,16.0,203750,214.94,7.93,71.01,3.74,45,31,A,4
9157,2608.0,151315,222.58,6.91,74.97,3.72,85,1,A,9
9158,261.0,93638,138.13,9.14,66.56,3.68,60,29,B,6
9159,8807.27,207499,214.53,7.37,61.51,2.72,33,11,A,3
9160,2359.96,202505,217.01,6.86,74.24,3.81,19,6,A,4
9161,11263.37,125833,214.43,6.38,77.12,2.76,87,9,B,5
9162,63107.13,200898,185.79,8.52,74.85,3.8,7,14,A,6
9163,4333.74,184109,218.96,7.24,52.89,3.41,44,39,A,2
9164,1075.72,155083,138.11,4.12,57.59,3.9,52,40,A,5
9165,12150.14,204184,136.37,7.98,76.25,2.96,24,27,A,7
9166,12337.93,93188,126.19,6.7,58.39,2.87,23,17,B,9
9167,7796.87,39690,126.09,9.5,94.0,3.02,81,33,A,8
9168,6601.07,119557,142.23,7.75,76.57,3.61,32,22,B,7
9169,106022.11,203819,132.55,8.1,78.22,2.94,92,19,A,7
9170,2684.26,70713,192.12,8.82,27.69,3.41,96,7,B,3
9171,31243.58,114533,132.02,5.44,46.4,2.9,74,23,B,4
9172,56875.4,203819,137.42,7.94,34.83,3.98,40,19,A,3
9173,65609.06,112238,130.65,12.19,52.27,4.18,38,12,B,3
9174,23062.05,119557,140.2,8.02,69.16,3.78,9,22,B,9
9175,18689.54,151315,218.0,7.87,59.11,3.3,1,1,A,11
9176,63270.34,152513,136.7,7.47,22.94,3.44,90,26,A,1
9177,570.14,203750,210.68,8.32,51.66,2.73,59,31,A,3
9178,107.73,39910,126.06,7.8,74.93,2.84,59,44,C,8
9179,50607.06,126512,131.13,7.38,80.11,4.09,34,10,B,4
9180,31954.76,203742,203.61,7.86,66.74,2.97,1,20,A,5
9181,5525.48,202307,211.01,8.32,47.17,2.62,71,2,A,3
9182,1886.01,206302,126.6,14.1,59.25,3.09,37,28,A,4
9183,6935.85,152513,138.73,7.14,46.95,3.92,55,26,A,10
9184,49005.98,207499,216.58,7.55,61.5,3.04,90,11,A,2
9185,9164.36,112238,129.28,13.5,94.61,3.74,55,12,B,8
9186,10466.52,207499,218.64,7.57,86.14,3.7,55,11,A,6
9187,63049.04,184109,214.3,8.18,87.73,3.68,91,39,A,8
9188,135.0,57197,197.61,6.17,51.34,3.9,60,16,B,5
9189,7132.17,202307,221.6,6.56,88.55,3.49,44,2,A,8
9190,23980.29,203007,196.96,8.26,39.9,3.29,8,32,A,3
9191,8932.14,203750,213.19,8.03,61.27,3.06,83,31,A,2
9192,12163.88,155083,131.78,5.89,35.1,2.8,14,40,A,3
9193,3794.97,205863,126.73,7.13,46.4,2.73,58,4,A,12
9194,4215.28,118221,182.95,8.72,45.65,2.92,71,45,B,11
9195,5619.32,120653,133.03,9.13,22.55,3.23,20,18,B,1
9196,4768.58,123737,132.02,8.19,46.54,3.02,71,15,B,4
9197,1097.88,207499,214.7,7.37,64.1,2.67,41,11,A,3
9198,28706.72,39690,129.28,8.44,99.66,3.66,92,33,A,8
9199,2893.92,70713,189.42,8.96,52.7,2.67,20,7,B,6
9200,3729.72,140167,211.01,8.32,48.61,2.62,52,21,B,3
9201,23349.07,206302,129.04,13.74,68.4,4.19,80,28,A,5
9202,7373.6,155078,223.71,5.82,45.56,3.36,98,8,A,2
9203,11778.88,196321,196.95,6.59,27.89,3.13,3,41,A,2
9204,88190.46,200898,182.9,8.72,61.3,2.92,1,14,A,10
9205,175.24,112238,126.79,14.31,50.01,3.2,83,12,B,12
9206,31334.97,118221,182.78,8.72,46.15,3.04,8,45,B,11
9207,57134.77,42988,221.56,6.56,82.51,3.26,38,30,C,7
9208,13554.39,219622,128.96,7.19,47.55,3.66,24,13,A,4
9209,532.0,158114,126.6,9.59,51.26,2.77,27,34,A,4
9210,735.2,205863,129.07,5.95,81.85,3.57,28,4,A,6
9211,11817.11,120653,134.07,8.98,35.06,3.64,16,18,B,4
9212,7352.13,203007,189.67,9.01,37.72,2.62,67,32,A,3
9213,75214.29,151315,223.43,6.57,67.97,3.59,93,1,A,10
9214,2220.0,196321,191.01,7.51,25.3,2.74,35,41,A,11
9215,10138.46,184109,214.02,8.3,83.59,3.7,25,39,A,6
9216,11243.91,125833,225.8,5.28,86.37,3.57,82,9,B,8
9217,5502.2,155078,215.25,6.43,43.86,2.77,24,8,A,11
9218,1881.32,114533,136.27,4.58,66.04,3.81,36,23,B,9
9219,31149.77,206302,129.24,13.5,91.74,3.74,3,28,A,8
9220,5.97,93188,130.89,5.94,68.07,3.62,45,17,B,8
9221,21295.55,155078,222.21,6.12,40.82,3.17,4,8,A,12
9222,3734.62,196321,192.9,6.93,62.3,3.7,29,41,A,6
9223,18.07,140167,220.28,7.06,54.81,3.56,98,21,B,2
9224,9706.26,202505,222.82,6.13,62.8,3.73,21,6,A,3
9225,65.88,39910,211.33,8.4,46.68,2.99,85,37,C,2
9226,2973.79,203007,192.73,8.6,46.65,3.74,24,32,A,5
9227,51052.38,203750,211.41,8.16,62.96,2.74,7,31,A,11
9228,28962.33,151315,211.96,7.84,58.74,2.69,81,1,A,11
9229,59152.58,207499,225.44,6.33,82.41,3.31,2,11,A,7
9230,635.0,151315,223.18,6.57,68.55,3.62,99,1,A,10
9231,13590.35,39690,128.26,8.74,56.96,3.67,79,42,C,3
9232,1397.56,184109,210.18,8.48,52.45,2.94,52,39,A,12
9233,9332.53,112238,126.15,14.18,97.18,3.09,90,12,B,7
9234,3832.08,155083,136.48,4.42,35.4,3.59,16,40,A,11
9235,15160.64,155078,213.72,6.29,61.01,2.78,46,8,A,4
9236,35.56,120653,132.63,9.34,74.19,2.81,51,18,B,8
9237,43006.51,202505,222.24,6.13,59.17,3.56,91,6,A,2
9238,1030.0,140167,219.81,7.06,55.83,3.36,58,21,B,2
9239,36493.73,39910,218.96,7.24,54.49,3.46,94,36,A,2
9240,2963.5,103681,141.55,8.74,49.6,3.86,97,35,B,3
9241,4141.53,93638,132.77,10.41,62.49,2.72,42,29,B,9
9242,15.25,39910,210.0,8.36,82.6,2.61,52,37,C,7
9243,6740.82,120653,135.96,8.89,73.85,3.9,91,18,B,7
9244,4983.87,70713,189.72,9.01,23.33,2.72,22,7,B,3
9245,5.88,93188,131.04,5.94,57.77,3.82,54,17,B,9
9246,6662.41,152513,131.78,8.49,31.1,2.8,22,26,A,3
9247,28132.03,120653,136.05,8.89,74.58,3.9,4,18,B,8
9248,876.0,57197,190.99,6.99,23.68,2.71,30,16,B,12
9249,7427.1,118221,185.18,8.52,37.27,3.64,26,45,B,4
9250,41327.02,202505,220.95,6.55,49.45,3.11,18,6,A,12
9251,18716.69,41062,212.89,9.58,64.7,3.89,4,43,C,4
9252,44024.56,57197,191.0,6.99,39.94,2.73,38,16,B,11
9253,9323.08,207499,215.21,7.56,58.63,2.77,32,11,A,11
9254,6177.37,128107,204.67,7.86,69.56,2.78,21,25,B,6
9255,19790.92,207499,215.28,7.56,64.41,2.69,96,11,A,11
9256,10.0,158114,130.74,9.65,42.7,3.67,54,34,A,3
9257,9646.92,103681,140.33,8.68,63.61,3.71,24,35,B,9
9258,8795.8,219622,129.05,7.19,52.76,3.75,49,13,A,6
9259,4093.48,158114,130.76,9.28,78.26,3.48,21,34,A,8
9260,9803.11,126512,130.74,7.17,84.76,3.6,67,10,B,8
9261,186.54,140167,221.15,6.89,69.03,3.89,59,21,B,4
9262,4276.0,128107,210.98,7.08,44.81,3.53,26,25,B,11
9263,1660.79,114533,134.44,4.78,54.2,3.99,93,23,B,4
9264,6977.45,140167,218.61,7.44,41.44,3.16,91,21,B,12
9265,11280.45,118221,188.8,8.52,39.93,3.41,22,45,B,12
9266,4890.94,155078,214.88,6.32,75.32,2.58,21,8,A,9
9267,4319.56,158114,130.31,9.65,39.81,3.29,26,34,A,1
9268,20093.44,57197,199.05,5.85,43.26,3.76,2,16,B,10
9269,272.8,202505,219.4,6.55,58.54,3.33,60,6,A,11
9270,441.0,205863,130.72,4.08,80.37,3.19,60,4,A,7
9271,3059.68,118221,184.99,8.55,41.76,3.62,6,45,B,3
9272,16277.22,119557,138.06,8.25,44.42,3.72,82,22,B,4
9273,32080.15,205863,128.62,6.51,59.1,3.48,96,4,A,3
9274,1435.0,158114,129.09,10.64,81.96,3.5,36,34,A,7
9275,32453.2,206302,131.19,10.2,65.95,4.3,8,28,A,10
9276,5391.39,202307,218.36,7.44,48.74,3.17,31,2,A,12
9277,18322.25,207499,215.21,7.56,58.63,2.77,74,11,A,11
9278,16712.46,207499,221.64,7.2,66.17,3.31,22,11,A,11
9279,1811.28,128107,205.06,7.48,46.73,2.92,27,25,B,10
9280,22847.31,207499,218.45,7.57,86.13,3.59,11,11,A,6
9281,10241.5,126512,129.11,8.26,88.57,3.79,96,10,B,7
9282,4.1,57197,189.62,6.84,44.9,2.78,18,16,B,4
9283,1742.71,155078,224.18,5.82,46.33,3.56,52,8,A,2
9284,55600.92,196321,197.59,6.55,54.89,3.8,91,41,A,5
9285,24810.27,39690,129.61,13.5,83.26,3.88,91,38,C,9
9286,19886.43,196321,196.17,6.76,25.59,3.17,32,41,A,12
9287,77104.81,219622,130.7,5.76,75.69,3.56,40,13,A,7
9288,2136.37,204184,142.12,8.25,64.05,3.87,37,27,A,6
9289,1204.56,57197,197.79,6.17,77.31,3.69,93,16,B,6
9290,5230.43,118221,181.87,8.99,27.31,2.78,32,45,B,2
9291,385.0,151315,211.24,7.79,83.36,2.61,54,1,A,7
9292,167.23,39910,217.88,7.72,58.31,3.16,28,37,C,12
9293,471.0,39910,130.55,5.77,35.38,3.14,3,44,C,2
9294,106.47,34875,211.77,6.57,55.46,2.72,59,5,B,3
9295,5525.3,112238,126.11,14.18,83.63,3.04,29,12,B,9
9296,1398.7,152513,133.96,7.91,22.99,3.62,85,26,A,3
9297,2498.19,151315,221.29,7.35,65.93,3.79,37,1,A,3
9298,33936.65,207499,214.55,7.35,83.09,2.67,23,11,A,7
9299,11538.87,204184,142.17,8.24,78.44,3.86,49,27,A,8
9300,3579.81,103681,136.59,8.86,78.52,2.72,67,35,B,9
9301,7167.65,204184,140.13,7.85,72.97,3.94,21,27,A,8
9302,4217.74,93638,136.49,9.36,49.11,3.5,91,29,B,12
9303,93.0,39690,131.11,6.94,76.03,4.47,12,42,C,10
9304,98543.1,203819,138.2,8.15,69.92,3.67,95,19,A,6
9305,614.82,34875,219.04,6.3,61.93,3.24,97,5,B,11
9306,1155.47,126512,130.16,7.54,59.85,3.44,59,10,B,1
9307,12637.4,39910,210.18,8.48,52.88,2.95,13,36,A,12
9308,11237.69,202307,215.38,7.93,67.14,3.91,67,2,A,5
9309,53840.9,202307,221.38,6.89,78.19,3.56,16,2,A,5
9310,2035.57,200898,191.16,8.68,76.58,3.65,52,14,A,8
9311,20.94,103681,140.7,8.74,41.3,3.51,94,35,B,1
9312,52355.1,202505,212.98,7.09,81.81,2.67,90,6,A,6
9313,616.0,41062,202.62,9.59,74.74,2.83,60,43,C,5
9314,1304.56,39910,129.98,6.08,24.76,3.19,14,44,C,12
9315,79.63,42988,211.06,8.03,44.24,2.98,12,30,C,1
9316,8436.94,184109,210.08,8.55,49.79,2.56,67,39,A,2
9317,3953.87,93188,131.11,6.24,46.94,3.83,18,17,B,4
9318,95951.06,205863,129.18,5.64,86.09,3.66,90,4,A,8
9319,11206.57,112238,126.56,14.1,64.95,3.11,17,12,B,4
9320,9625.65,42988,216.36,7.85,78.91,3.36,13,30,C,9
9321,9941.31,39690,126.09,9.5,92.51,3.12,91,33,A,8
9322,13831.24,39690,129.09,13.5,89.85,3.84,40,38,C,7
9323,14828.24,204184,141.7,8.01,49.4,4.1,22,27,A,3
9324,2546.74,203007,190.36,9.02,70.2,2.77,52,32,A,9
9325,31760.25,114533,138.74,4.16,53.71,4.02,5,23,B,9
9326,5802.38,93188,126.15,6.7,62.41,2.8,22,17,B,7
9327,22387.49,155083,136.21,4.58,65.01,3.8,13,40,A,8
9328,71253.11,120653,131.98,9.27,50.26,2.88,40,18,B,4
9329,9674.4,140167,211.22,8.1,86.2,2.62,5,21,B,8
9330,11986.38,126512,129.18,8.26,89.8,3.8,55,10,B,8
9331,605.0,155078,221.46,6.12,50.56,3.3,58,8,A,11
9332,62587.67,151315,221.44,7.14,70.43,3.89,87,1,A,4
9333,18013.58,205863,129.43,5.64,72.76,3.53,22,4,A,9
9334,54.75,39910,210.44,8.48,74.66,2.57,20,36,A,10
9335,12954.06,34875,211.96,6.77,55.01,2.89,14,5,B,12
9336,3852.78,93188,127.86,6.87,14.19,3.03,24,17,B,2
9337,25757.52,205863,129.82,5.14,47.12,3.29,34,4,A,11
9338,6980.66,184109,220.99,6.62,83.72,3.64,31,39,A,8
9339,2975.0,155078,215.37,6.43,54.89,2.73,58,8,A,11
9340,5690.81,140167,210.0,8.2,70.87,2.84,24,21,B,5
9341,5629.36,70713,196.83,8.26,26.9,3.04,25,7,B,1
9342,2455.8,39690,126.28,9.27,79.02,2.92,82,33,A,10
9343,11816.73,126512,131.11,6.94,76.03,4.47,42,10,B,10
9344,30.0,207499,220.43,7.2,76.97,3.28,48,11,A,10
9345,566.91,155078,214.88,6.32,75.32,2.58,27,8,A,9
9346,53131.45,119557,142.19,7.67,70.99,3.58,92,22,B,6
9347,6972.01,39910,210.18,8.4,54.11,2.94,97,36,A,1
9348,3898.15,203007,191.01,9.14,29.97,2.74,83,32,A,11
9349,8157.98,126512,129.17,8.26,86.75,3.69,21,10,B,7
9350,9721.48,202505,216.38,6.86,62.25,3.52,20,6,A,4
9351,175.38,39910,126.15,7.8,66.84,2.88,59,44,C,9
9352,5399.94,203007,194.64,8.62,61.24,3.57,20,32,A,9
9353,1783.49,41062,203.37,9.59,88.12,2.67,14,43,C,6
9354,2886.0,126512,131.15,7.38,76.03,4.19,48,10,B,5
9355,22421.31,114533,135.63,4.58,69.92,3.78,17,23,B,7
9356,4769.43,140167,210.87,8.32,54.68,2.72,42,21,B,3
9357,10304.69,39910,126.09,7.8,75.31,2.85,2,44,C,8
9358,113.4,42988,210.0,8.2,73.08,2.85,9,30,C,5
9359,54285.72,203819,132.87,8.07,56.11,3.06,40,19,A,10
9360,2603.59,39910,209.12,8.46,77.53,2.85,16,37,C,5
9361,16627.43,39690,126.08,9.2,89.88,3.04,40,42,C,8
9362,16.92,39690,131.14,7.4,82.43,4.06,20,33,A,5
9363,6277.09,184109,214.62,8.18,79.15,3.55,49,39,A,9
9364,197.94,119557,140.7,7.5,39.0,3.52,94,22,B,1
9365,77213.82,203819,136.46,7.87,48.22,3.72,90,19,A,11
9366,84175.93,155083,138.17,4.16,70.15,3.7,95,40,A,8
9367,11471.66,204184,138.77,7.72,74.17,4.07,49,27,A,6
9368,12496.44,202505,213.05,6.97,82.15,2.58,49,6,A,9
9369,3647.16,203007,191.86,8.82,18.51,3.04,24,32,A,2
9370,12081.99,203750,219.81,7.06,55.83,3.36,34,31,A,2
9371,74.84,37392,224.56,6.83,60.71,3.67,54,3,B,3
9372,10237.94,39690,126.67,14.31,47.66,3.16,80,38,C,11
9373,29845.15,93188,130.74,6.4,32.02,3.38,79,17,B,3
9374,575.0,34875,211.8,6.57,39.81,2.55,27,5,B,2
9375,57338.05,112238,131.15,11.63,77.27,4.19,72,12,B,5
9376,1040.85,93638,134.28,9.97,48.88,3.82,52,29,B,4
9377,3841.79,93638,133.49,10.26,30.23,3.28,32,29,B,2
9378,16542.9,219622,126.53,8.32,35.7,2.65,71,13,A,2
9379,4539.08,207499,214.7,7.55,54.43,2.98,30,11,A,1
9380,13618.43,57197,194.38,6.34,67.51,3.48,8,16,B,8
9381,26308.83,202307,221.4,6.89,80.56,3.39,82,2,A,6
9382,1147.0,204184,136.49,7.98,77.36,2.92,36,27,A,8
9383,1187.13,34875,210.99,6.46,65.13,2.8,20,5,B,4
9384,41175.95,203819,136.47,8.45,48.17,3.72,93,24,A,11
9385,13756.72,41062,207.68,10.64,79.29,3.55,79,43,C,9
9386,9346.08,123737,133.26,7.77,21.64,3.42,82,15,B,2
9387,8799.08,57197,191.96,6.61,26.15,3.1,14,16,B,2
9388,4786.5,125833,215.41,6.56,69.99,2.72,34,9,B,10
9389,13034.26,207499,213.72,7.34,68.37,2.8,3,11,A,4
9390,5416.04,34875,212.01,6.46,83.91,2.64,5,5,B,6
9391,7587.63,203007,189.42,8.96,60.94,2.67,22,32,A,6
9392,2439.86,155083,138.16,4.12,69.32,3.63,6,40,A,6
9393,120.0,206302,131.15,11.63,77.27,4.19,99,28,A,5
9394,1986.51,155083,138.91,4.14,47.35,4.03,71,40,A,10
9395,35582.19,103681,142.31,8.84,72.93,3.83,38,35,B,8
9396,762.25,203742,214.48,7.14,62.74,3.95,28,20,A,5
9397,2885.46,152513,136.49,7.6,35.06,3.6,71,26,A,10
9398,74.76,120653,132.55,9.34,79.75,2.81,80,18,B,7
9399,164.36,57197,197.56,6.17,56.74,3.84,28,16,B,5
9400,3793.32,203007,191.67,8.82,34.86,3.01,71,32,A,1
9401,81227.75,151315,221.21,7.35,64.74,3.73,93,1,A,3
9402,2849.74,70713,198.1,7.87,59.27,3.56,44,7,B,8
9403,58541.71,203007,189.69,8.96,44.88,2.75,90,32,A,4
9404,18884.94,39910,210.29,8.36,82.1,2.58,96,37,C,9
9405,2454.83,125833,224.16,5.67,43.81,3.51,33,9,B,2
9406,443.16,112238,126.6,13.98,50.11,2.92,93,12,B,3
9407,33047.64,39910,130.74,5.41,81.99,3.51,90,44,C,8
9408,20271.56,112238,126.6,14.1,59.84,3.09,14,12,B,4
9409,1026.38,202505,219.24,6.55,69.51,3.37,28,6,A,10
9410,353.78,39690,129.24,13.5,91.74,3.74,7,38,C,8
9411,3871.58,155078,220.13,6.42,72.2,3.36,67,8,A,9
9412,2.26,112238,126.16,14.1,67.84,3.06,94,12,B,5
9413,28715.12,155083,132.55,5.33,76.67,2.81,2,40,A,7
9414,48564.1,120653,136.27,8.89,68.11,3.81,92,18,B,9
9415,10048.2,118221,191.02,8.57,64.3,3.69,14,45,B,6
9416,12572.44,42988,216.7,7.44,71.64,3.28,2,30,C,10
9417,3020.07,151315,215.09,7.68,83.58,3.59,6,1,A,6
9418,32015.66,41062,207.5,10.64,82.08,3.55,93,43,C,8
9419,37013.52,202505,213.12,7.01,52.3,2.71,4,6,A,12
9420,17.34,200898,182.16,8.99,45.8,2.82,45,14,A,3
9421,20704.63,112238,130.97,12.19,64.36,4.29,14,12,B,3
9422,63916.21,207499,214.81,7.35,81.93,2.56,72,11,A,9
9423,4.52,126512,126.58,9.77,55.92,2.88,94,10,B,3
9424,1645.2,114533,137.51,4.26,33.11,3.88,80,23,B,3
9425,4224.37,120653,132.15,9.27,49.9,2.98,35,18,B,5
9426,252.0,112238,131.15,10.2,68.66,4.45,60,12,B,10
9427,2151.27,57197,191.92,6.61,27.18,3.05,52,16,B,2
9428,2467.16,152513,132.76,8.44,54.82,2.72,24,26,A,9
9429,156.78,42988,211.16,8.1,90.3,2.63,10,30,C,8
9430,5343.1,203819,133.18,7.77,21.02,3.4,49,19,A,2
9431,3101.82,39910,211.7,8.4,41.16,3.01,83,36,A,2
9432,22135.29,112238,126.53,13.98,54.83,2.92,1,12,B,2
9433,2612.94,202307,221.4,6.89,80.56,3.39,31,2,A,6
9434,1586.28,70713,190.4,9.02,48.5,2.78,29,7,B,9
9435,9989.15,204184,137.74,7.83,46.65,3.8,67,27,A,3
9436,75896.1,204184,135.96,8.06,69.02,3.1,91,27,A,5
9437,4391.28,206302,129.06,13.74,76.67,4.09,83,28,A,5
9438,5094.08,123737,136.5,7.87,51.67,3.76,24,15,B,10
9439,25153.87,202505,217.35,6.86,65.42,3.91,14,6,A,5
9440,4082.09,37392,215.13,7.55,50.74,3.02,74,3,B,1
9441,9366.65,126512,130.45,7.54,54.12,3.78,44,10,B,2
9442,59454.3,118221,190.81,8.57,63.13,4.03,38,45,B,4
9443,33998.24,155083,132.95,5.11,18.55,3.22,72,40,A,1
9444,110184.21,151315,211.6,7.79,80.94,2.62,92,1,A,9
9445,42861.94,202505,213.12,6.97,76.49,2.62,8,6,A,9
9446,15359.57,204184,142.5,8.24,76.0,4.08,33,27,A,9
9447,9766.77,39690,131.03,11.63,83.84,4.29,97,38,C,5
9448,8773.3,202505,217.52,6.86,76.95,3.9,98,6,A,5
9449,1338.03,119557,142.11,7.67,70.01,3.8,19,22,B,6
9450,9782.77,34875,210.89,6.46,71.53,2.84,72,5,B,5
9451,251.71,119557,136.83,8.57,44.42,2.96,56,22,B,11
9452,16080.86,39690,129.79,12.89,67.41,3.73,40,38,C,10
9453,1722.0,202307,221.2,6.89,65.69,3.88,36,2,A,4
9454,873.24,70713,196.96,8.26,30.1,3.29,52,7,B,3
9455,43697.56,155083,138.11,4.12,65.25,3.85,94,40,A,5
9456,3848.82,128107,208.8,7.29,49.5,4.05,44,25,B,5
9457,12500.97,219622,126.11,7.95,65.74,2.87,67,13,A,9
9458,1227.91,42988,221.07,6.89,69.02,3.89,21,30,C,4
9459,1115.3,152513,136.5,7.6,45.23,3.62,36,26,A,10
9460,322.04,114533,136.42,4.58,64.76,3.68,94,23,B,9
9461,2882.73,155083,136.53,4.42,29.53,3.44,12,40,A,12
9462,6148.48,155078,225.51,5.4,85.06,3.42,98,8,A,8
9463,10344.16,151315,211.67,7.84,71.89,2.6,98,1,A,10
9464,2649.05,119557,140.33,8.02,62.36,3.76,6,22,B,9
9465,1062.0,203819,132.87,8.07,56.11,3.06,58,19,A,10
9466,2449.36,57197,191.26,6.99,19.66,2.83,85,16,B,12
9467,2662.03,155078,224.61,5.82,49.59,3.67,37,8,A,3
9468,7822.61,42988,211.11,8.2,86.18,2.64,46,30,C,6
9469,71.91,152513,136.49,7.6,36.74,3.5,45,26,A,12
9470,2.84,39910,216.41,7.72,71.31,3.31,59,36,A,10
9471,14277.01,123737,137.34,7.94,33.18,3.92,17,15,B,2
9472,4059.98,202307,217.65,7.44,59.33,3.3,30,2,A,11
9473,8390.57,114533,137.06,4.26,29.71,3.63,32,23,B,2
9474,9433.69,155083,137.51,4.26,30.58,3.88,9,40,A,3
9475,47547.73,203007,189.58,8.96,47.51,2.77,2,32,A,4
9476,21326.22,125833,217.96,6.42,63.82,3.49,13,9,B,3
9477,7149.54,158114,129.85,10.15,39.75,3.18,87,34,A,12
9478,9021.45,203750,214.84,7.85,87.57,3.52,98,31,A,7
9479,26255.45,219622,126.18,8.11,57.71,2.95,82,13,A,5
9480,14381.42,202505,222.97,6.13,67.91,3.84,81,6,A,3
9481,21121.84,114533,137.92,4.12,56.55,4.05,56,23,B,4
9482,2260.69,126512,129.84,7.87,60.68,3.76,56,10,B,11
9483,1110.84,123737,132.66,8.1,71.1,2.91,27,15,B,8
9484,956.82,103681,142.17,8.84,78.44,3.72,16,35,B,8
9485,1938.76,152513,131.53,8.49,9.55,2.79,52,26,A,2
9486,11153.46,125833,215.41,6.56,69.99,2.72,79,9,B,10
9487,10246.6,112238,129.08,13.74,66.59,4.17,17,12,B,5
9488,1144.45,202505,212.85,7.26,47.1,2.56,59,6,A,2
9489,54287.72,204184,138.16,7.72,52.24,3.98,93,27,A,4
9490,675.0,151315,221.93,6.91,80.42,3.31,60,1,A,7
9491,1214.84,70713,197.55,8.09,48.54,3.87,33,7,B,5
9492,15245.01,123737,135.45,7.81,67.43,3.92,34,15,B,7
9493,20822.13,219622,131.19,5.62,46.97,3.76,34,13,A,10
9494,22374.62,123737,136.53,7.87,35.49,3.61,55,15,B,12
9495,1542.41,39910,215.12,8.18,78.35,3.47,11,37,C,9
9496,27868.84,114533,131.86,5.89,38.59,2.83,17,23,B,3
9497,5.47,118221,186.51,8.62,72.98,3.75,45,45,B,8
9498,9505.33,93188,130.72,5.94,68.91,3.63,12,17,B,7
9499,211.41,39910,221.85,6.23,73.57,3.61,17,36,A,10
9500,10041.42,152513,136.46,7.6,40.08,3.57,14,26,A,11
9501,7154.19,196321,195.48,6.76,35.04,3.53,33,41,A,11
9502,14057.43,70713,189.62,8.96,43.07,2.78,8,7,B,4
9503,25.92,57197,191.48,6.61,17.46,2.91,54,16,B,1
9504,66097.28,203819,138.11,8.15,67.79,3.98,38,19,A,5
9505,40691.52,93188,131.1,6.24,59.67,3.81,2,17,B,5
9506,105045.44,205863,130.74,4.61,53.63,3.67,2,4,A,3
9507,2981.38,120653,136.49,8.47,45.61,3.6,52,18,B,10
9508,13354.89,206302,129.98,12.89,45.4,3.54,87,28,A,12
9509,287.0,39910,210.38,8.48,54.44,2.69,56,36,A,12
9510,24631.4,203007,189.94,9.02,75.62,2.69,3,32,A,7
9511,13760.31,103681,142.25,8.84,78.95,3.52,5,35,B,7
9512,0.5,151315,210.34,7.81,74.78,2.85,18,1,A,5
9513,105.22,70713,198.1,7.87,57.84,3.6,18,7,B,9
9514,56112.3,126512,129.06,8.49,78.62,3.93,13,10,B,5
9515,8228.17,114533,132.02,5.44,46.4,2.9,96,23,B,4
9516,21122.77,39910,220.63,6.62,85.56,3.42,96,37,C,8
9517,2538.88,120653,132.29,9.27,69.12,2.91,27,18,B,5
9518,4062.84,123737,136.24,7.81,67.63,3.88,32,15,B,9
9519,25.92,203007,192.42,8.6,45.97,3.61,54,32,A,4
9520,366.0,155083,137.26,4.26,25.56,3.7,48,40,A,2
9521,2362.02,57197,190.67,6.99,59.39,2.76,71,16,B,10
9522,41057.25,158114,126.44,9.52,35.44,2.6,65,34,A,2
9523,4891.5,206302,129.77,12.89,67.31,3.8,21,28,A,10
9524,6292.6,39690,129.04,8.69,91.11,3.94,13,33,A,6
9525,5341.54,155078,224.91,5.82,66.69,3.84,42,8,A,3
9526,25923.84,158114,130.38,9.65,36.7,3.41,5,34,A,2
9527,6223.54,125833,219.12,6.38,80.42,3.79,25,9,B,5
9528,38880.1,103681,136.29,9.05,68.9,2.81,38,35,B,6
9529,6958.7,93188,126.61,6.55,33.96,2.78,12,17,B,3
9530,1465.71,39910,220.43,6.99,73.7,3.63,14,37,C,5
9531,8012.36,152513,136.21,7.77,61.1,3.8,34,26,A,8
9532,13227.2,123737,135.63,7.81,73.47,3.89,74,15,B,7
9533,96.8,155083,136.42,4.58,63.45,3.68,60,40,A,9
9534,6781.28,202505,222.89,6.13,63.71,3.79,44,6,A,3
9535,29862.34,119557,136.29,8.35,65.01,2.83,9,22,B,6
9536,228.8,155078,214.85,6.32,74.34,2.56,60,8,A,9
9537,4023.5,203007,196.96,8.26,33.4,3.19,83,32,A,3
9538,8151.88,203819,138.38,8.95,71.18,4.03,67,24,A,8
9539,14366.25,202307,215.2,7.85,93.34,3.68,17,2,A,8
9540,463.18,39690,126.15,9.2,85.52,3.03,17,42,C,9
9541,5505.0,196321,196.95,6.59,27.89,3.13,58,41,A,2
9542,23980.41,204184,138.68,7.72,66.43,4.13,97,27,A,5
9543,81098.94,219622,131.08,5.62,61.79,3.82,40,13,A,10
9544,38147.65,202505,220.04,6.55,62.78,3.24,22,6,A,11
9545,3902.0,34875,215.65,6.49,84.76,3.59,34,5,B,6
9546,7210.82,202505,212.89,6.97,81.37,2.64,24,6,A,7
9547,619.28,39910,213.11,8.4,64.9,3.49,87,37,C,3
9548,2484.5,34875,211.93,6.5,82.46,2.64,34,5,B,7
9549,8914.49,151315,211.24,7.79,83.36,2.61,17,1,A,7
9550,25183.22,103681,136.37,8.86,76.25,2.82,8,35,B,7
9551,9574.95,39910,210.14,8.55,61.96,2.67,1,37,C,3
9552,1280.4,57197,190.91,6.99,45.85,2.76,94,16,B,10
9553,121.92,39690,126.5,13.98,47.87,2.95,72,38,C,2
9554,15857.37,200898,192.33,8.67,56.47,3.97,74,14,A,10
9555,59430.2,152513,131.53,8.49,9.55,2.79,90,26,A,2
9556,16029.26,140167,220.49,7.06,59.3,3.63,7,21,B,3
9557,7766.9,41062,211.76,9.65,46.54,3.41,82,43,C,2
9558,607.78,128107,212.4,7.08,32.42,3.39,93,25,B,12
9559,12374.83,207499,219.2,7.57,71.39,3.91,81,11,A,5
9560,119.99,39690,130.89,10.93,89.78,4.09,42,38,C,8
9561,2314.0,155083,131.82,5.89,40.54,2.83,35,40,A,3
9562,8037.93,93638,136.37,9.86,62.36,3.76,10,29,B,9
9563,4904.09,204184,142.19,8.24,75.22,3.82,6,27,A,8
9564,1113.0,219622,126.16,8.11,53.11,2.91,41,13,A,5
9565,2130.0,206302,129.9,12.89,43.29,3.6,99,28,A,12
9566,14791.2,114533,136.27,4.58,66.04,3.81,26,23,B,9
9567,90545.38,203742,214.96,7.28,68.27,3.83,90,20,A,8
9568,2521.83,123737,138.19,8.19,70.29,3.96,41,15,B,8
9569,44124.11,206302,129.09,13.74,70.93,4.2,79,28,A,5
9570,753.3,70713,190.4,9.02,48.5,2.78,93,7,B,9
9571,38565.09,112238,126.33,14.31,75.0,2.98,8,12,B,10
9572,27804.67,114533,138.03,4.12,45.88,3.99,4,23,B,5
9573,6648.13,158114,128.51,10.4,55.58,3.5,22,34,A,3
9574,15033.77,206302,126.15,14.18,82.45,3.03,82,28,A,9
9575,28.35,219622,127.09,7.8,26.79,2.87,45,13,A,12
9576,367.44,39910,130.83,5.62,65.97,3.76,87,44,C,6
9577,11001.03,118221,191.1,8.57,75.22,3.51,1,45,B,6
9578,68018.99,205863,126.33,7.13,62.03,2.73,38,4,A,10
9579,13465.85,203742,205.1,7.48,45.88,3.0,67,20,A,11
9580,686.95,34875,211.96,6.63,48.3,2.98,97,5,B,1
9581,10504.16,39910,214.69,8.3,76.73,3.9,81,37,C,5
9582,12893.77,112238,126.14,14.18,91.98,3.1,82,12,B,7
9583,30078.61,151315,211.24,7.79,83.36,2.61,10,1,A,7
9584,25400.48,203007,189.46,9.01,28.09,2.57,8,32,A,2
9585,9739.84,152513,136.7,7.47,22.94,3.44,9,26,A,1
9586,10775.89,39910,209.79,8.55,55.76,2.71,4,36,A,3
9587,17218.5,103681,142.86,8.66,56.53,3.97,74,35,B,10
9588,1169.04,37392,214.5,7.34,78.53,2.7,44,3,B,6
9589,37253.74,184109,210.37,8.36,78.5,2.62,72,39,A,9
9590,31181.08,205863,126.06,7.37,78.08,2.7,81,4,A,8
9591,3902.67,118221,183.7,8.55,30.3,3.24,18,45,B,2
9592,9045.97,203742,214.57,7.14,71.51,3.62,42,20,A,6
9593,40263.26,152513,131.82,8.49,35.34,2.83,94,26,A,3
9594,6047.91,152513,132.68,8.15,20.61,3.14,26,26,A,12
9595,9852.78,39910,127.19,7.22,16.94,2.89,93,44,C,1
9596,2320.61,119557,142.08,7.67,56.72,3.95,52,22,B,5
9597,42687.02,207499,224.35,6.83,62.61,3.63,91,11,A,3
9598,10178.65,126512,129.86,7.87,42.58,3.64,81,10,B,12
9599,11898.04,206302,126.21,14.1,68.44,3.14,16,28,A,5
9600,16514.51,206302,128.62,14.02,54.4,3.91,34,28,A,3
9601,6901.49,114533,138.2,4.12,64.23,3.58,12,23,B,6
9602,17755.16,114533,133.26,5.11,21.52,3.26,82,23,B,2
9603,623.25,155078,225.3,5.68,78.31,3.5,27,8,A,6
9604,188.1,202505,223.49,5.67,82.95,3.23,59,6,A,7
9605,11422.27,114533,132.5,5.44,69.83,2.81,29,23,B,6
9606,62941.61,202307,215.61,7.93,74.61,3.9,2,2,A,5
9607,1342.81,203742,204.63,7.48,24.07,3.14,28,20,A,12
9608,155.25,128107,214.74,7.28,72.98,3.65,59,25,B,7
9609,6204.0,196321,189.73,7.54,36.7,2.69,58,41,A,3
9610,1059.04,155078,222.47,6.12,30.51,3.16,56,8,A,12
9611,18272.42,120653,131.9,9.27,45.63,2.83,16,18,B,4
9612,4354.27,70713,192.62,8.6,26.79,3.66,12,7,B,4
9613,89000.82,126512,128.4,8.74,64.22,3.63,8,10,B,3
9614,76.89,42988,210.75,8.32,39.05,2.57,12,30,C,2
9615,24187.16,203007,198.36,7.87,63.49,3.76,10,32,A,9
9616,323.34,39910,129.0,6.91,43.85,3.68,74,44,C,4
9617,162.42,39910,210.58,8.48,71.57,2.72,59,37,C,10
9618,22818.92,152513,131.86,8.49,35.26,2.83,1,26,A,3
9619,1860.16,152513,131.9,8.51,36.53,2.83,52,26,A,4
9620,254.2,202505,213.27,7.01,65.21,2.63,19,6,A,10
9621,418.97,196321,192.62,6.93,39.81,3.66,59,41,A,4
9622,24353.34,103681,136.53,8.76,31.62,3.14,46,35,B,12
9623,15770.91,203007,192.73,8.6,46.65,3.74,79,32,A,5
9624,1507.73,70713,197.78,8.09,41.43,3.9,85,7,B,4
9625,7029.96,123737,138.73,7.99,55.75,4.07,3,15,B,10
9626,2381.68,112238,131.04,10.93,81.22,3.97,97,12,B,9
9627,4839.46,39690,126.49,14.31,65.49,3.13,98,38,C,11
9628,18748.56,152513,131.53,8.49,9.55,2.79,81,26,A,2
9629,4441.03,118221,186.22,8.62,82.33,3.81,42,45,B,7
9630,461.5,206302,128.13,14.02,48.45,3.53,36,28,A,2
9631,3337.39,203819,132.92,8.27,42.2,3.05,83,24,A,11
9632,634.54,34875,222.43,5.8,87.08,3.29,56,5,B,6
9633,13268.57,42988,210.68,8.32,51.66,2.73,2,30,C,3
9634,39184.44,203819,138.2,8.15,69.92,3.67,94,19,A,6
9635,47714.72,112238,129.17,13.5,93.29,3.8,72,12,B,7
9636,25339.59,206302,126.14,14.18,91.98,3.1,5,28,A,7
9637,42893.37,39690,131.1,11.63,84.51,4.11,92,38,C,5
9638,41247.44,128107,204.82,7.53,65.06,2.71,95,25,B,9
9639,4114.07,196321,193.31,6.9,68.18,3.53,44,41,A,7
9640,249.84,39690,126.55,9.27,65.21,3.13,5,33,A,11
9641,736.05,128107,204.03,7.86,47.2,2.85,93,25,B,4
9642,2302.18,123737,134.68,7.66,57.19,4.2,31,15,B,5
9643,48.65,155083,138.57,4.16,59.38,3.99,54,40,A,9
9644,10369.9,123737,137.34,7.94,33.18,3.92,22,15,B,2
9645,15363.5,158114,126.5,9.52,36.13,2.57,18,34,A,2
9646,7170.57,151315,221.94,6.91,82.66,3.41,22,1,A,7
9647,9415.79,114533,132.15,5.44,45.33,2.98,30,23,B,5
9648,17852.55,140167,219.9,7.06,46.52,3.41,46,21,B,2
9649,2186.0,203750,210.75,8.32,39.05,2.57,35,31,A,2
9650,10.47,126512,126.09,9.2,84.99,3.02,45,10,B,8
9651,64882.37,151315,214.6,7.74,69.97,3.47,93,1,A,3
9652,1812.48,155078,222.69,6.12,39.79,3.16,37,8,A,12
9653,5559.7,206302,130.79,10.93,94.87,4.0,55,28,A,8
9654,3598.59,200898,188.93,8.52,42.27,3.39,19,14,A,12
9655,22733.18,203819,136.24,8.36,68.14,3.88,82,24,A,9
9656,2906.98,34875,212.3,6.77,66.15,2.74,20,5,B,11
9657,13049.14,202307,211.4,8.16,63.19,2.63,49,2,A,10
9658,13485.22,118221,189.06,8.52,37.79,3.39,79,45,B,12
9659,7820.01,125833,214.93,6.56,45.92,2.94,1,9,B,12
9660,34644.0,158114,129.05,10.58,74.64,3.68,2,34,A,6
9661,62004.37,114533,135.08,4.78,61.06,3.87,40,23,B,6
9662,27038.94,204184,141.77,8.25,48.73,4.14,74,27,A,4
9663,37291.41,203742,203.88,7.86,60.38,2.96,79,20,A,5
9664,73913.71,206302,129.11,13.5,89.9,3.7,93,28,A,7
9665,7753.39,93638,136.24,9.86,69.16,3.78,14,29,B,9
9666,11266.42,39690,130.24,12.19,48.07,3.66,2,38,C,1
9667,4452.28,125833,225.59,5.54,87.18,3.29,32,9,B,6
9668,17998.65,203819,136.24,7.81,69.27,3.88,55,19,A,9
9669,13263.25,196321,189.38,7.54,30.27,2.58,14,41,A,2
9670,6942.3,155083,136.42,4.58,63.45,3.68,22,40,A,9
9671,99425.05,184109,214.03,8.3,73.19,3.74,95,39,A,4
9672,14577.22,207499,214.7,7.35,83.26,2.64,87,11,A,7
9673,410.0,140167,214.73,7.93,68.62,3.62,58,21,B,4
9674,1530.0,70713,197.62,8.09,55.06,3.76,36,7,B,6
9675,825.07,39910,130.9,5.77,47.83,3.67,83,44,C,3
9676,932.92,39910,210.58,8.48,71.57,2.72,18,37,C,10
9677,17082.87,126512,130.74,7.54,57.65,3.96,26,10,B,3
9678,17183.29,196321,189.42,7.36,60.13,2.7,14,41,A,6
9679,2824.04,37392,217.47,7.55,61.29,3.46,24,3,B,3
9680,38.29,39690,127.86,8.95,53.35,3.38,10,33,A,2
9681,36629.78,203750,219.81,7.06,55.83,3.36,4,31,A,2
9682,5412.52,37392,226.11,6.33,78.36,3.72,46,3,B,9
9683,14141.47,120653,133.74,9.13,38.4,3.6,82,18,B,3
9684,15100.23,202505,212.9,7.26,58.82,2.67,56,6,A,3
9685,52718.23,126512,129.04,8.49,84.57,3.98,7,10,B,6
9686,501.66,123737,136.48,7.87,41.1,3.69,59,15,B,11
9687,287.04,200898,186.3,8.62,81.31,3.83,59,14,A,7
9688,9509.88,219622,126.61,8.32,42.49,2.78,44,13,A,3
9689,19.94,118221,182.9,8.72,61.3,2.92,45,45,B,10
9690,34626.9,202307,220.28,7.06,54.63,3.56,5,2,A,2
9691,5288.85,128107,204.63,7.48,21.6,3.14,26,25,B,12
9692,13919.18,155083,133.11,5.11,9.51,3.24,97,40,A,1
9693,8065.22,205863,130.76,4.31,84.23,3.26,71,4,A,6
9694,7392.4,93188,130.79,5.94,70.98,3.54,26,17,B,8
9695,64718.53,151315,211.22,8.11,54.58,2.72,94,1,A,3
9696,1789.66,125833,225.49,5.54,69.52,3.63,30,9,B,5
9697,3943.96,93638,138.12,9.14,61.71,3.75,21,29,B,6
9698,16765.7,103681,142.08,8.88,58.97,3.89,46,35,B,5
9699,24.72,196321,196.55,6.59,37.21,3.1,54,41,A,1
9700,9484.64,204184,142.59,8.24,68.72,4.09,98,27,A,9
9701,42.35,203819,137.42,8.66,35.36,3.98,19,24,A,3
9702,112921.59,184109,220.3,6.99,69.11,3.81,92,39,A,4
9703,3806.64,118221,182.55,8.72,30.54,3.11,59,45,B,12
9704,6830.04,103681,142.19,8.84,75.22,3.65,81,35,B,8
9705,941.5,93638,134.28,9.97,48.88,3.82,28,29,B,4
9706,20807.71,206302,131.03,11.63,83.84,4.29,46,28,A,5
9707,41951.09,203819,136.05,8.36,74.64,4.02,93,24,A,8
9708,87.1,41062,213.35,9.28,86.36,3.49,25,43,C,8
9709,52437.74,112238,129.04,13.74,68.4,4.19,38,12,B,5
9710,58.17,39690,126.55,14.31,57.79,3.13,9,38,C,11
9711,29196.13,118221,191.13,8.68,82.99,3.48,23,45,B,7
9712,25450.51,155078,224.18,5.82,46.33,3.56,10,8,A,2
9713,13858.54,205863,130.89,4.08,76.47,3.65,16,4,A,8
9714,5779.28,155078,225.49,5.4,79.94,3.31,32,8,A,7
9715,42007.17,203742,204.36,7.53,75.14,2.78,16,20,A,7
9716,27004.54,93188,129.11,6.74,70.6,3.56,16,17,B,7
9717,14895.88,126512,131.04,7.17,82.52,3.97,26,10,B,9
9718,387.65,39910,210.26,8.36,85.49,2.57,3,36,A,8
9719,7262.66,200898,187.78,8.52,59.6,3.57,33,14,A,10
9720,24536.38,203742,212.07,7.08,37.16,3.41,22,20,A,12
9721,234.92,42988,210.83,8.2,82.68,2.7,5,30,C,6
9722,6602.89,203742,213.12,6.96,33.47,3.64,6,20,A,2
9723,500.0,155083,136.59,4.42,24.46,3.41,99,40,A,12
9724,2860.63,126512,129.04,8.49,87.96,3.94,85,10,B,6
9725,12937.38,123737,136.7,7.94,30.24,3.58,5,15,B,1
9726,5770.23,70713,189.6,9.01,24.91,2.59,3,7,B,2
9727,103.56,39910,214.17,8.18,83.31,3.65,42,37,C,7
9728,9052.96,118221,190.34,8.42,45.52,3.85,22,45,B,3
9729,13540.95,39910,210.08,8.55,50.87,2.52,13,36,A,2
9730,7235.35,39690,129.85,12.89,52.5,3.7,1,38,C,12
9731,10077.03,120653,132.77,9.34,60.94,2.72,24,18,B,9
9732,17423.3,203742,215.22,7.28,76.36,3.91,3,20,A,9
9733,17901.39,196321,195.18,6.76,45.62,3.55,79,41,A,10
9734,18126.03,119557,136.37,8.43,72.88,2.82,79,22,B,7
9735,4072.69,57197,192.2,6.61,32.61,3.41,81,16,B,3
9736,3367.45,206302,126.55,14.31,57.79,3.13,16,28,A,11
9737,23.71,39910,219.11,7.24,54.38,3.51,27,37,C,2
9738,2324.71,125833,214.76,6.42,53.15,2.72,90,9,B,3
9739,28902.6,151315,215.8,7.68,64.61,3.91,10,1,A,5
9740,6242.05,120653,136.64,8.47,32.36,3.4,20,18,B,12
9741,6606.05,103681,138.06,8.51,46.87,3.72,6,35,B,4
9742,11532.13,140167,220.28,7.06,54.81,3.56,74,21,B,2
9743,3.96,39910,129.07,6.91,66.38,3.67,31,44,C,6
9744,19225.0,207499,214.42,7.35,84.9,2.62,11,11,A,7
9745,11399.25,126512,130.7,7.17,84.45,3.59,96,10,B,7
9746,2473.47,37392,225.44,6.33,81.38,3.31,17,3,B,7
9747,56.74,42988,222.62,6.56,80.38,3.67,25,30,C,9
9748,8912.72,196321,197.69,6.55,64.92,3.72,25,41,A,6
9749,3316.54,205863,130.98,4.08,68.2,3.71,52,4,A,9
9750,1233.73,203819,138.12,8.15,60.19,3.87,52,19,A,6
9751,3058.5,203742,213.27,6.96,31.11,3.7,50,20,A,2
9752,13966.99,204184,142.08,8.25,58.97,4.05,22,27,A,5
9753,3655.22,93638,137.73,8.99,46.4,3.92,32,29,B,3
9754,258.96,37392,224.87,6.83,69.36,3.84,28,3,B,3
9755,3191.72,34875,219.04,6.3,61.93,3.24,32,5,B,11
9756,148531.94,151315,221.92,6.91,77.12,3.26,92,1,A,7
9757,60.92,103681,138.5,8.51,60.07,4.07,54,35,B,5
9758,27507.47,203819,138.83,7.99,59.86,4.15,7,19,A,10
9759,5617.83,203742,214.61,7.14,76.51,3.56,56,20,A,6
9760,16500.57,112238,126.49,14.31,65.49,3.13,74,12,B,11
9761,4158.54,119557,136.52,8.43,73.21,2.8,12,22,B,8
9762,228.31,202505,223.57,5.67,87.04,3.49,59,6,A,8
9763,281.6,119557,138.77,8.25,70.09,3.97,60,22,B,6
9764,46355.75,184109,212.58,8.4,63.56,3.29,72,39,A,3
9765,4483.86,203750,212.22,8.03,36.33,2.99,33,31,A,2
9766,365.0,184109,220.3,6.99,69.11,3.81,41,39,A,4
9767,79528.58,219622,126.09,7.95,81.24,2.8,2,13,A,8
9768,1571.3,203007,190.47,9.02,67.17,2.8,31,32,A,9
9769,6653.91,93638,133.11,10.26,20.61,3.24,3,29,B,1
9770,6776.55,125833,214.97,6.42,36.43,2.98,74,9,B,1
9771,81785.67,204184,142.19,8.24,75.22,3.82,2,27,A,8
9772,5.97,39690,130.74,10.93,88.16,3.76,24,38,C,8
9773,10975.12,120653,132.52,9.34,71.22,2.82,32,18,B,7
9774,21098.65,119557,141.77,7.67,46.38,3.96,91,22,B,4
9775,18206.91,140167,223.02,6.17,61.53,3.6,25,21,B,10
9776,31798.53,158114,126.14,9.82,73.66,2.67,72,34,A,7
9777,358.64,155078,218.26,6.3,49.86,3.52,59,8,A,4
9778,3281.12,93188,126.23,6.88,60.07,2.85,24,17,B,10
9779,2002.41,39910,214.52,8.3,69.56,3.92,1,36,A,5
9780,1427.34,37392,225.97,6.33,84.99,3.73,6,3,B,9
9781,895.72,39690,130.74,12.19,54.54,4.25,87,38,C,3
9782,29138.39,202307,211.52,8.16,68.5,2.72,81,2,A,10
9783,84.25,39690,129.2,13.5,91.04,3.7,9,38,C,8
9784,47236.86,34875,215.61,6.49,83.61,3.65,38,5,B,6
9785,54256.83,203007,199.15,7.56,53.57,3.75,2,32,A,10
9786,10880.28,207499,221.08,7.2,72.66,3.37,98,11,A,10
9787,75488.69,203750,219.0,7.44,46.54,3.11,2,31,A,12
9788,727.39,39910,217.18,7.72,66.41,3.24,3,37,C,11
9789,85961.55,200898,182.54,8.72,30.59,3.14,14,14,A,12
9790,40238.47,41062,202.37,9.59,72.14,2.85,93,43,C,5
9791,18797.22,140167,221.94,6.56,83.58,3.64,9,21,B,8
9792,19077.41,203007,191.76,8.82,15.47,3.01,81,32,A,2
9793,5868.19,42988,223.08,6.17,70.5,3.51,79,30,C,10
9794,700.0,202505,221.13,6.55,46.8,3.13,99,6,A,12
9795,18192.37,203007,195.33,8.51,42.76,3.55,18,32,A,10
9796,187.47,39690,129.04,8.69,87.02,3.98,17,33,A,6
9797,249.57,126512,128.51,8.74,70.12,3.89,98,10,B,3
9798,251.42,39910,221.46,6.62,75.98,3.71,17,36,A,9
9799,4714.85,123737,135.45,7.81,67.43,3.92,29,15,B,7
9800,9551.17,140167,221.94,6.56,83.58,3.64,49,21,B,8
9801,27742.97,200898,182.38,8.9,79.32,2.81,97,14,A,6
9802,34206.18,200898,186.07,8.52,60.38,4.07,79,14,A,5
9803,10265.32,205863,129.13,5.64,83.27,3.56,24,4,A,7
9804,741.54,125833,219.43,6.38,62.2,3.91,91,9,B,5
9805,11818.62,112238,128.91,13.74,57.63,3.87,17,12,B,4
9806,4118.87,203819,137.42,8.66,35.36,3.98,24,24,A,3
9807,38488.19,155083,137.87,4.12,40.65,4.02,38,40,A,4
9808,22876.87,203819,132.82,8.27,48.69,3.05,81,24,A,10
9809,12661.83,184109,216.41,7.72,71.05,3.37,10,39,A,10
9810,5079.27,158114,126.13,9.82,79.58,2.61,67,34,A,7
9811,177.0,125833,214.93,6.44,79.83,2.64,54,9,B,7
9812,462.0,37392,225.97,6.33,84.99,3.73,91,3,B,9
9813,90.88,39910,214.24,8.3,81.28,3.79,9,36,A,5
9814,17646.3,219622,126.44,8.32,31.53,2.67,67,13,A,2
9815,32966.91,114533,138.26,4.16,69.19,3.56,4,23,B,7
9816,3442.15,219622,130.68,5.76,83.68,3.6,19,13,A,7
9817,1294.88,120653,136.86,8.08,24.2,3.54,28,18,B,1
9818,41125.83,203819,137.17,8.66,33.82,3.83,2,24,A,2
9819,2543.42,158114,131.08,8.84,65.41,3.62,37,34,A,10
9820,4995.27,112238,126.15,14.18,90.37,3.1,42,12,B,7
9821,14717.58,202505,223.23,5.96,71.5,3.81,81,6,A,4
9822,96.0,39910,127.86,7.22,30.83,3.03,28,44,C,2
9823,16.94,118221,182.72,8.72,70.58,2.71,80,45,B,10
9824,1004.0,93188,131.11,6.24,46.94,3.83,48,17,B,4
9825,20974.85,155083,133.74,5.11,30.53,3.6,4,40,A,3
9826,2.0,103681,140.23,8.68,70.93,3.74,51,35,B,9
9827,11044.46,39690,129.82,8.01,58.75,3.68,79,33,A,11
9828,10010.65,118221,188.06,8.52,47.65,3.53,74,45,B,11
9829,5719.44,203819,132.6,8.1,72.83,2.93,71,19,A,7
9830,20371.15,119557,142.17,7.75,76.74,3.77,91,22,B,8
9831,13188.8,155083,133.74,5.11,30.53,3.6,7,40,A,3
9832,3896.92,93188,130.84,5.94,68.89,3.58,21,17,B,8
9833,18237.63,120653,137.92,8.3,60.88,4.05,74,18,B,4
9834,3651.05,196321,191.76,7.24,14.56,3.01,42,41,A,2
9835,1084.75,114533,137.66,4.26,57.82,3.89,80,23,B,3
9836,7573.86,93638,132.06,10.16,50.96,2.94,87,29,B,4
9837,20467.82,93638,138.2,9.14,70.99,3.58,8,29,B,6
9838,27010.43,42988,220.49,7.06,59.3,3.63,40,30,C,3
9839,9543.78,203750,215.38,7.93,68.36,3.91,49,31,A,5
9840,17283.57,206302,131.13,11.63,77.99,4.19,11,28,A,4
9841,7924.16,123737,136.24,7.81,67.63,3.88,79,15,B,9
9842,4473.48,118221,185.36,8.52,48.71,3.72,42,45,B,4
9843,86904.28,219622,126.56,8.11,50.39,2.92,91,13,A,4
9844,20.0,119557,142.85,7.54,62.09,4.03,49,22,B,10
9845,601.9,205863,130.72,4.08,81.06,3.36,28,4,A,7
9846,4261.94,202505,212.98,7.01,48.46,2.84,30,6,A,12
9847,7687.1,93638,134.94,9.97,69.53,3.92,14,29,B,6
9848,11248.85,204184,136.52,7.98,75.16,2.91,33,27,A,8
9849,5302.75,200898,185.8,8.52,66.18,3.96,12,14,A,4
9850,1659.67,34875,222.9,5.6,84.25,3.64,91,5,B,8
9851,2370.0,120653,138.28,8.54,68.52,3.87,50,18,B,8
9852,19491.21,123737,131.74,8.35,31.79,2.92,23,15,B,3
9853,538.25,37392,226.52,6.33,77.46,3.67,85,3,B,9
9854,9686.48,203742,214.55,7.14,60.99,3.85,22,20,A,5
9855,37.8,93188,129.52,6.74,56.96,3.65,98,17,B,9
9856,17849.51,207499,214.55,7.35,83.09,2.67,11,11,A,7
9857,2657.17,155078,225.4,5.68,84.47,3.29,83,8,A,6
9858,3051.84,39690,126.6,9.85,66.79,3.09,82,33,A,4
9859,59803.35,203819,132.76,8.27,66.88,2.84,38,24,A,10
9860,8047.04,119557,141.9,7.67,58.81,4.05,29,22,B,4
9861,25933.16,93188,129.83,6.62,32.93,3.49,79,17,B,11
9862,34958.32,203819,136.21,7.81,69.34,3.91,74,19,A,8
9863,101.22,118221,191.23,8.68,75.71,3.81,59,45,B,8
9864,2157.64,207499,224.13,6.83,61.11,3.56,31,11,A,2
9865,30291.35,203819,138.23,8.95,76.42,3.73,13,24,A,7
9866,92.16,41062,205.99,10.4,60.24,3.46,9,43,C,3
9867,15596.95,200898,185.18,8.52,37.27,3.64,87,14,A,4
9868,11241.52,39690,129.15,13.5,91.17,3.79,80,38,C,7
9869,4280.61,120653,134.68,8.98,57.55,4.1,12,18,B,5
9870,18418.23,126512,131.12,7.38,67.75,4.11,49,10,B,4
9871,7158.34,103681,135.35,9.26,27.19,2.78,67,35,B,2
9872,95155.55,200898,184.61,8.55,45.01,3.58,72,14,A,3
9873,2081.65,140167,220.85,7.06,63.39,3.73,19,21,B,3
9874,6.0,114533,132.15,5.44,45.33,2.98,51,23,B,5
9875,38065.42,151315,212.57,7.74,42.27,2.99,13,1,A,2
9876,14472.18,205863,129.04,5.95,63.41,3.87,98,4,A,5
9877,19791.73,37392,216.58,7.55,61.58,3.04,40,3,B,2
9878,1843.02,57197,197.78,6.17,45.83,3.9,94,16,B,4
9879,2750.87,37392,221.08,7.2,71.04,3.37,12,3,B,10
9880,5801.12,37392,214.79,7.34,83.52,2.64,92,3,B,6
9881,1984.09,200898,191.16,8.68,78.65,3.72,52,14,A,8
9882,27210.27,204184,136.22,8.06,74.29,3.01,34,27,A,6
9883,35910.4,119557,140.09,8.02,74.69,3.88,8,22,B,8
9884,32914.2,205863,126.11,7.37,73.54,2.57,46,4,A,9
9885,184.8,57197,191.86,6.61,15.02,3.04,60,16,B,2
9886,30576.03,126512,130.35,7.54,56.85,3.54,87,10,B,2
9887,106.74,42988,219.63,7.06,52.21,3.27,7,30,C,1
9888,12263.79,93188,126.55,6.55,15.64,2.67,82,17,B,2
9889,4593.5,37392,214.7,7.37,63.08,2.67,34,3,B,3
9890,9921.92,203742,214.42,7.14,47.64,4.0,22,20,A,4
9891,2381.5,70713,196.73,8.26,7.46,3.08,41,7,B,1
9892,9494.72,155078,218.69,6.3,82.05,3.7,74,8,A,6
9893,46056.32,103681,135.35,9.26,27.19,2.78,13,35,B,2
9894,26514.41,184109,218.41,7.24,55.83,3.16,97,39,A,1
9895,12258.38,196321,196.92,6.59,22.0,3.1,11,41,A,2
9896,3674.1,200898,182.03,8.99,31.27,2.74,52,14,A,2
9897,5190.61,118221,182.81,8.72,58.61,2.87,67,45,B,10
9898,5802.88,202505,219.56,6.55,61.33,3.3,12,6,A,11
9899,153.0,57197,198.1,6.06,62.07,3.54,60,16,B,8
9900,7158.37,155078,226.57,5.4,71.1,3.67,22,8,A,9
9901,2884.7,123737,138.2,8.19,73.9,3.82,21,15,B,7
9902,211.31,39910,220.05,7.24,70.48,3.89,10,36,A,3
9903,5798.25,219622,127.44,7.47,34.8,2.93,83,13,A,1
9904,11423.07,155083,137.34,4.26,29.88,3.75,74,40,A,2
9905,7665.81,184109,222.05,6.23,69.88,3.6,21,39,A,10
9906,50.92,151315,214.36,7.74,62.76,3.49,54,1,A,3
9907,67887.39,206302,129.05,13.74,71.81,4.03,93,28,A,6
9908,5103.5,140167,210.15,8.2,67.87,2.81,71,21,B,4
9909,4618.6,120653,136.96,8.08,30.44,3.57,20,18,B,1
9910,4661.0,203742,203.73,7.86,55.43,2.9,35,20,A,4
9911,7531.17,205863,126.1,7.37,76.8,2.58,20,4,A,9
9912,1874.63,119557,142.22,7.75,77.41,3.54,80,22,B,7
9913,5747.96,39690,129.77,8.01,76.49,3.7,4,33,A,10
9914,16317.99,41062,213.31,9.28,78.82,3.26,40,43,C,7
9915,2644.46,151315,211.67,7.84,71.89,2.6,71,1,A,10
9916,1295.45,37392,215.13,7.55,50.74,3.02,90,3,B,1
9917,24632.3,34875,219.94,6.3,50.33,3.11,7,5,B,12
9918,1130.75,42988,221.36,6.89,74.14,3.69,21,30,C,5
9919,36792.81,202307,210.75,8.32,40.19,2.57,87,2,A,2
9920,11964.47,123737,138.73,7.99,55.75,4.07,34,15,B,10
9921,10362.61,196321,196.92,6.59,22.0,3.1,17,41,A,2
9922,4255.69,207499,214.75,7.55,45.34,2.98,83,11,A,1
9923,9383.07,114533,134.28,4.78,45.51,3.82,20,23,B,4
9924,6705.28,93638,133.74,10.26,41.42,3.6,9,29,B,3
9925,27688.84,202505,212.97,6.86,38.37,2.98,5,6,A,1
9926,211.32,118221,192.33,8.67,54.47,4.0,59,45,B,10
9927,45369.2,151315,219.36,7.87,47.96,3.11,55,1,A,12
9928,130479.6,204184,135.83,8.06,54.95,3.01,95,27,A,4
9929,272.7,39910,216.41,7.72,71.31,3.31,11,36,A,10
9930,1059.74,204184,138.41,7.72,56.48,4.19,28,27,A,5
9931,11040.83,203819,135.87,8.36,79.29,3.97,17,24,A,7
9932,93.9,39690,126.1,9.2,83.8,3.09,85,42,C,9
9933,12081.12,155078,215.25,6.43,43.86,2.77,18,8,A,11
9934,18414.06,34875,212.01,6.46,83.91,2.64,40,5,B,6
9935,47587.95,203819,132.76,8.27,66.88,2.84,8,24,A,10
9936,2492.0,219622,126.58,8.32,40.65,2.68,27,13,A,3
9937,23147.4,207499,214.12,7.34,66.16,2.72,9,11,A,4
9938,6330.14,112238,129.82,12.89,48.76,3.82,91,12,B,11
9939,10794.3,126512,128.96,8.49,75.93,3.92,6,10,B,4
9940,16152.78,158114,129.81,10.15,48.04,3.32,9,34,A,11
9941,31017.03,204184,136.4,7.98,82.69,2.94,80,27,A,7
9942,428.76,151315,217.36,7.87,71.74,3.27,59,1,A,10
9943,18599.28,125833,225.18,5.54,68.83,3.89,56,9,B,4
9944,18127.24,140167,215.01,7.85,91.05,3.58,46,21,B,7
9945,14244.59,70713,192.27,8.6,24.83,3.46,13,7,B,4
9946,20972.51,204184,135.71,8.24,52.34,2.96,97,27,A,3
9947,10927.63,155078,214.59,6.32,74.78,2.67,1,8,A,7
9948,3220.58,93188,127.72,6.87,11.29,2.97,42,17,B,2
9949,1121.92,200898,192.33,8.67,56.47,3.97,56,14,A,10
9950,9483.38,120653,132.88,9.13,30.1,3.19,91,18,B,1
9951,10780.0,120653,133.85,9.13,41.12,3.63,55,18,B,3
9952,15472.56,126512,126.33,9.0,75.48,3.08,16,10,B,10
9953,47573.08,151315,221.74,7.14,77.22,3.56,87,1,A,5
9954,29386.14,118221,186.51,8.62,72.98,3.75,72,45,B,8
9955,1668.4,119557,138.33,8.25,57.2,3.99,80,22,B,4
9956,6552.26,70713,189.67,9.01,35.86,2.62,87,7,B,3
9957,3899.0,112238,126.11,14.1,81.06,3.04,36,12,B,6
9958,12973.75,70713,194.51,8.62,53.4,3.51,90,7,B,9
9959,27246.98,39910,222.11,6.23,74.39,3.49,94,36,A,10
9960,11375.44,126512,126.38,9.52,69.76,3.1,24,10,B,4
9961,14209.71,128107,203.61,7.86,50.27,2.98,9,25,B,5
9962,17743.7,203750,210.56,8.2,80.94,2.76,34,31,A,5
9963,1709.52,37392,225.39,6.33,83.14,3.23,6,3,B,7
9964,51256.38,39910,131.14,5.62,54.41,3.83,38,44,C,5
9965,50079.67,151315,210.82,7.81,62.27,2.72,72,1,A,4
9966,17247.91,158114,126.08,9.82,76.45,2.67,10,34,A,8
9967,14435.99,125833,218.88,6.4,89.04,3.48,5,9,B,7
9968,17199.11,196321,191.37,7.24,23.76,2.88,11,41,A,1
9969,514.38,202505,223.36,5.96,80.5,3.45,59,6,A,6
9970,4812.69,184109,210.26,8.36,79.94,2.56,25,39,A,9
9971,51.78,39910,129.11,6.56,77.3,3.56,6,44,C,7
9972,21211.82,203819,132.76,8.1,63.36,2.84,5,19,A,9
9973,3675.84,155083,138.74,4.16,50.98,4.02,18,40,A,9
9974,677.6,203742,204.49,8.19,31.75,2.78,60,20,A,3
9975,1699.03,155078,214.74,6.32,76.02,2.64,52,8,A,7
9976,15406.0,206302,130.31,12.19,50.43,3.68,10,28,A,1
9977,129581.85,151315,213.25,7.74,57.36,3.04,92,1,A,2
9978,51407.61,39690,131.12,7.38,67.75,4.11,90,42,C,4
9979,30367.73,203742,204.67,7.86,72.62,2.78,87,20,A,6
9980,5782.5,93638,131.69,10.06,35.98,2.75,25,29,B,2
9981,37197.27,155078,213.67,6.29,62.68,2.84,16,8,A,5
9982,21501.16,119557,135.47,8.28,31.96,2.75,7,22,B,2
9983,24.17,39690,126.14,14.1,81.39,2.94,32,38,C,6
9984,46842.75,39910,131.04,5.41,64.8,3.82,92,44,C,9
9985,3332.93,70713,192.84,8.6,45.77,3.76,25,7,B,6
9986,25142.84,152513,135.96,7.77,63.32,3.9,96,26,A,7
9987,60682.53,184109,214.11,8.18,85.96,3.58,94,39,A,7
9988,3690.09,123737,138.83,7.99,59.57,4.15,71,15,B,10
9989,14729.85,126512,126.47,9.52,66.42,3.05,26,10,B,4
9990,1368.78,152513,138.57,7.4,57.69,3.99,85,26,A,9
9991,10813.19,204184,141.84,8.25,52.22,4.19,55,27,A,4
9992,6475.0,114533,132.95,5.11,18.2,3.22,50,23,B,1
9993,9740.2,126512,126.11,9.2,84.04,2.96,33,10,B,9
9994,31625.18,140167,211.55,8.16,51.71,2.77,95,21,B,11
9995,4489.48,202307,211.33,8.16,69.24,2.6,83,2,A,10
9996,8827.39,39690,130.07,12.89,44.64,3.43,79,38,C,12
9997,1975.45,39910,210.0,8.36,82.6,2.61,21,37,C,7
9998,765.0,39690,126.11,9.5,92.71,3.02,1,33,A,7
9999,36948.53,202505,223.36,5.96,80.5,3.45,23,6,A,6
10000,201.0,112238,126.09,14.18,92.95,3.12,54,12,B,8
