row_id,municipio,censal_area,month,mean_temperature_c,household_income_index,building_type,avg_household_size,current_heating_source,distance_to_gas_network_m,competitor_price_delta_pct,marketing_touches,referral_lead,potential_daily_consumption_m3,potential_daily_revenue_eur,signed_contract
20240101_rv_centro,rincon_de_la_victoria,rv_centro,1,10.7,58,apartment,2.6,electric,150,6.0,2,0,2.5,1.9,0
20240101_rv_torre_benagalbon,rincon_de_la_victoria,rv_torre_benagalbon,1,11.4,52,apartment,2.8,butane_lpg,650,6.6,2,0,2.09,1.55,0
20240101_rv_cala_del_moral,rincon_de_la_victoria,rv_cala_del_moral,1,8.3,72,detached_house,3.0,electric,900,0.6,1,1,4.1,3.19,0
20240101_rv_benagalbon_pueblo,rincon_de_la_victoria,rv_benagalbon_pueblo,1,10.9,44,terraced_house,3.2,none,1800,-12.3,1,0,3.33,2.6,0
20240101_me_casco_historico,miranda_de_ebro,me_casco_historico,1,2.0,48,apartment,2.4,diesel,120,-2.8,3,0,5.57,4.36,1
20240101_me_ircio,miranda_de_ebro,me_ircio,1,-0.0,55,apartment,2.7,electric,400,23.0,1,0,5.87,4.57,1
20240101_me_industrial_norte,miranda_de_ebro,me_industrial_norte,1,1.7,40,terraced_house,3.1,diesel,700,17.4,3,0,7.11,5.79,0
20240101_me_bayas,miranda_de_ebro,me_bayas,1,-0.9,50,detached_house,3.4,butane_lpg,1600,-4.9,3,0,7.98,6.16,0
20240102_rv_centro,rincon_de_la_victoria,rv_centro,1,12.7,58,apartment,2.6,electric,150,-1.3,1,0,2.22,1.7,0
20240102_rv_torre_benagalbon,rincon_de_la_victoria,rv_torre_benagalbon,1,12.2,52,apartment,2.8,butane_lpg,650,9.5,3,0,2.7,1.97,0
20240102_rv_cala_del_moral,rincon_de_la_victoria,rv_cala_del_moral,1,8.0,72,detached_house,3.0,electric,900,-0.0,3,0,4.43,3.43,0
20240102_rv_benagalbon_pueblo,rincon_de_la_victoria,rv_benagalbon_pueblo,1,11.6,44,terraced_house,3.2,none,1800,8.2,1,0,3.09,2.5,0
20240102_me_casco_historico,miranda_de_ebro,me_casco_historico,1,1.0,48,apartment,2.4,diesel,120,3.9,3,0,3.95,3.17,0
20240102_me_ircio,miranda_de_ebro,me_ircio,1,-0.3,55,apartment,2.7,electric,400,10.8,4,0,6.34,4.84,0
20240102_me_industrial_norte,miranda_de_ebro,me_industrial_norte,1,0.7,40,terraced_house,3.1,diesel,700,-4.9,1,0,6.53,4.96,0
20240102_me_bayas,miranda_de_ebro,me_bayas,1,0.3,50,detached_house,3.4,butane_lpg,1600,-2.6,3,0,7.19,5.38,0
20240103_rv_centro,rincon_de_la_victoria,rv_centro,1,11.1,58,apartment,2.6,electric,150,17.1,4,0,2.78,2.12,1
20240103_rv_torre_benagalbon,rincon_de_la_victoria,rv_torre_benagalbon,1,10.5,52,apartment,2.8,butane_lpg,650,-8.1,1,0,2.81,2.15,0
20240103_rv_cala_del_moral,rincon_de_la_victoria,rv_cala_del_moral,1,11.5,72,detached_house,3.0,electric,900,-0.0,0,0,3.49,2.66,0
20240103_rv_benagalbon_pueblo,rincon_de_la_victoria,rv_benagalbon_pueblo,1,8.9,44,terraced_house,3.2,none,1800,12.5,1,0,5.09,3.9,0
20240103_me_casco_historico,miranda_de_ebro,me_casco_historico,1,2.7,48,apartment,2.4,diesel,120,-9.5,1,0,3.97,2.89,0
20240103_me_ircio,miranda_de_ebro,me_ircio,1,1.8,55,apartment,2.7,electric,400,-7.2,4,0,4.28,3.14,0
20240103_me_industrial_norte,miranda_de_ebro,me_industrial_norte,1,0.5,40,terraced_house,3.1,diesel,700,-6.7,0,0,5.67,4.31,0
20240103_me_bayas,miranda_de_ebro,me_bayas,1,-0.6,50,detached_house,3.4,butane_lpg,1600,-5.9,2,0,9.48,7.37,0
20240104_rv_centro,rincon_de_la_victoria,rv_centro,1,10.6,58,apartment,2.6,electric,150,-11.5,1,0,3.22,2.51,0
20240104_rv_torre_benagalbon,rincon_de_la_victoria,rv_torre_benagalbon,1,7.8,52,apartment,2.8,butane_lpg,650,-3.9,1,0,3.7,2.76,1
20240104_rv_cala_del_moral,rincon_de_la_victoria,rv_cala_del_moral,1,9.4,72,detached_house,3.0,electric,900,14.3,1,0,4.4,3.46,1
20240104_rv_benagalbon_pueblo,rincon_de_la_victoria,rv_benagalbon_pueblo,1,9.3,44,terraced_house,3.2,none,1800,8.1,2,0,5.56,4.58,0
20240104_me_casco_historico,miranda_de_ebro,me_casco_historico,1,0.1,48,apartment,2.4,diesel,120,10.7,2,0,5.15,3.99,1
20240104_me_ircio,miranda_de_ebro,me_ircio,1,2.2,55,apartment,2.7,electric,400,6.3,1,0,6.03,4.87,0
20240104_me_industrial_norte,miranda_de_ebro,me_industrial_norte,1,1.9,40,terraced_house,3.1,diesel,700,9.7,2,0,6.68,5.2,0
20240104_me_bayas,miranda_de_ebro,me_bayas,1,-0.1,50,detached_house,3.4,butane_lpg,1600,-3.3,3,0,7.64,5.91,0
20240105_rv_centro,rincon_de_la_victoria,rv_centro,1,10.3,58,apartment,2.6,electric,150,4.1,2,0,2.26,1.87,1
20240105_rv_torre_benagalbon,rincon_de_la_victoria,rv_torre_benagalbon,1,10.2,52,apartment,2.8,butane_lpg,650,-3.0,2,0,2.97,2.23,0
20240105_rv_cala_del_moral,rincon_de_la_victoria,rv_cala_del_moral,1,11.0,72,detached_house,3.0,electric,900,-9.5,2,1,3.76,3.15,0
20240105_rv_benagalbon_pueblo,rincon_de_la_victoria,rv_benagalbon_pueblo,1,10.4,44,terraced_house,3.2,none,1800,-2.9,1,0,3.41,2.58,0
20240105_me_casco_historico,miranda_de_ebro,me_casco_historico,1,-0.0,48,apartment,2.4,diesel,120,5.9,2,0,5.32,4.23,0
20240105_me_ircio,miranda_de_ebro,me_ircio,1,3.1,55,apartment,2.7,electric,400,8.9,1,0,5.18,4.15,0
20240105_me_industrial_norte,miranda_de_ebro,me_industrial_norte,1,0.5,40,terraced_house,3.1,diesel,700,-14.1,1,0,5.86,4.37,1
20240105_me_bayas,miranda_de_ebro,me_bayas,1,0.6,50,detached_house,3.4,butane_lpg,1600,1.2,6,0,7.47,5.53,0
20240106_rv_centro,rincon_de_la_victoria,rv_centro,1,8.7,58,apartment,2.6,electric,150,10.9,1,0,3.25,2.57,0
20240106_rv_torre_benagalbon,rincon_de_la_victoria,rv_torre_benagalbon,1,10.1,52,apartment,2.8,butane_lpg,650,13.3,3,0,3.38,2.77,0
20240106_rv_cala_del_moral,rincon_de_la_victoria,rv_cala_del_moral,1,10.1,72,detached_house,3.0,electric,900,0.0,0,0,3.45,2.71,0
20240106_rv_benagalbon_pueblo,rincon_de_la_victoria,rv_benagalbon_pueblo,1,8.4,44,terraced_house,3.2,none,1800,-0.8,1,0,4.26,3.26,0
20240106_me_casco_historico,miranda_de_ebro,me_casco_historico,1,0.6,48,apartment,2.4,diesel,120,-2.4,0,0,5.21,4.2,0
20240106_me_ircio,miranda_de_ebro,me_ircio,1,-1.4,55,apartment,2.7,electric,400,3.0,4,0,5.02,4.0,0
20240106_me_industrial_norte,miranda_de_ebro,me_industrial_norte,1,0.4,40,terraced_house,3.1,diesel,700,9.0,3,0,5.1,4.07,0
20240106_me_bayas,miranda_de_ebro,me_bayas,1,-0.8,50,detached_house,3.4,butane_lpg,1600,-15.1,0,0,7.12,5.39,0
20240107_rv_centro,rincon_de_la_victoria,rv_centro,1,9.1,58,apartment,2.6,electric,150,6.8,1,0,2.66,1.97,0
20240107_rv_torre_benagalbon,rincon_de_la_victoria,rv_torre_benagalbon,1,8.2,52,apartment,2.8,butane_lpg,650,21.6,3,0,2.83,2.12,0
20240107_rv_cala_del_moral,rincon_de_la_victoria,rv_cala_del_moral,1,8.8,72,detached_house,3.0,electric,900,10.5,5,0,3.62,2.79,0
20240107_rv_benagalbon_pueblo,rincon_de_la_victoria,rv_benagalbon_pueblo,1,8.6,44,terraced_house,3.2,none,1800,-6.8,2,0,4.5,3.5,0
20240107_me_casco_historico,miranda_de_ebro,me_casco_historico,1,0.5,48,apartment,2.4,diesel,120,-8.2,2,0,5.21,3.97,0
20240107_me_ircio,miranda_de_ebro,me_ircio,1,-0.4,55,apartment,2.7,electric,400,2.4,2,0,4.67,3.61,0
20240107_me_industrial_norte,miranda_de_ebro,me_industrial_norte,1,-0.1,40,terraced_house,3.1,diesel,700,5.3,2,0,4.96,3.88,0
20240107_me_bayas,miranda_de_ebro,me_bayas,1,0.8,50,detached_house,3.4,butane_lpg,1600,1.4,1,0,7.88,5.86,0
20240108_rv_centro,rincon_de_la_victoria,rv_centro,1,10.9,58,apartment,2.6,electric,150,4.4,2,0,2.77,2.19,0
20240108_rv_torre_benagalbon,rincon_de_la_victoria,rv_torre_benagalbon,1,9.7,52,apartment,2.8,butane_lpg,650,0.4,1,0,3.8,3.08,0
20240108_rv_cala_del_moral,rincon_de_la_victoria,rv_cala_del_moral,1,10.9,72,detached_house,3.0,electric,900,-12.6,1,0,2.9,2.21,0
20240108_rv_benagalbon_pueblo,rincon_de_la_victoria,rv_benagalbon_pueblo,1,12.2,44,terraced_house,3.2,none,1800,-0.7,3,1,3.52,2.79,0
20240108_me_casco_historico,miranda_de_ebro,me_casco_historico,1,0.7,48,apartment,2.4,diesel,120,12.9,0,0,6.11,4.84,0
20240108_me_ircio,miranda_de_ebro,me_ircio,1,0.2,55,apartment,2.7,electric,400,6.6,3,0,4.8,3.62,0
20240108_me_industrial_norte,miranda_de_ebro,me_industrial_norte,1,-2.4,40,terraced_house,3.1,diesel,700,-0.3,3,0,8.09,6.48,0
20240108_me_bayas,miranda_de_ebro,me_bayas,1,2.8,50,detached_house,3.4,butane_lpg,1600,14.4,3,0,6.85,5.33,0
20240109_rv_centro,rincon_de_la_victoria,rv_centro,1,10.8,58,apartment,2.6,electric,150,16.4,3,1,2.13,1.6,0
20240109_rv_torre_benagalbon,rincon_de_la_victoria,rv_torre_benagalbon,1,11.0,52,apartment,2.8,butane_lpg,650,-3.6,3,1,3.39,2.55,1
20240109_rv_cala_del_moral,rincon_de_la_victoria,rv_cala_del_moral,1,9.4,72,detached_house,3.0,electric,900,5.0,3,0,4.17,3.37,0
20240109_rv_benagalbon_pueblo,rincon_de_la_victoria,rv_benagalbon_pueblo,1,9.7,44,terraced_house,3.2,none,1800,-1.4,3,0,3.58,2.81,0
20240109_me_casco_historico,miranda_de_ebro,me_casco_historico,1,1.1,48,apartment,2.4,diesel,120,-5.3,3,0,4.85,3.85,1
20240109_me_ircio,miranda_de_ebro,me_ircio,1,-0.6,55,apartment,2.7,electric,400,-0.6,3,0,4.28,3.2,0
20240109_me_industrial_norte,miranda_de_ebro,me_industrial_norte,1,0.1,40,terraced_house,3.1,diesel,700,28.3,1,0,6.35,5.18,1
20240109_me_bayas,miranda_de_ebro,me_bayas,1,1.2,50,detached_house,3.4,butane_lpg,1600,9.7,1,0,5.62,4.49,0
20240110_rv_centro,rincon_de_la_victoria,rv_centro,1,10.3,58,apartment,2.6,electric,150,7.3,1,0,2.66,2.02,1
20240110_rv_torre_benagalbon,rincon_de_la_victoria,rv_torre_benagalbon,1,10.1,52,apartment,2.8,butane_lpg,650,-20.1,1,0,2.36,1.78,0
20240110_rv_cala_del_moral,rincon_de_la_victoria,rv_cala_del_moral,1,9.0,72,detached_house,3.0,electric,900,-2.0,0,0,4.41,3.42,0
20240110_rv_benagalbon_pueblo,rincon_de_la_victoria,rv_benagalbon_pueblo,1,10.1,44,terraced_house,3.2,none,1800,2.3,1,0,5.4,4.43,0
20240110_me_casco_historico,miranda_de_ebro,me_casco_historico,1,1.5,48,apartment,2.4,diesel,120,-3.8,2,0,4.96,3.71,0
20240110_me_ircio,miranda_de_ebro,me_ircio,1,0.1,55,apartment,2.7,electric,400,25.8,1,0,5.12,4.13,0
20240110_me_industrial_norte,miranda_de_ebro,me_industrial_norte,1,0.9,40,terraced_house,3.1,diesel,700,4.2,2,0,5.84,4.46,1
20240110_me_bayas,miranda_de_ebro,me_bayas,1,1.4,50,detached_house,3.4,butane_lpg,1600,9.1,1,0,8.18,6.15,0
20240111_rv_centro,rincon_de_la_victoria,rv_centro,1,7.8,58,apartment,2.6,electric,150,-0.7,5,0,2.81,2.23,0
20240111_rv_torre_benagalbon,rincon_de_la_victoria,rv_torre_benagalbon,1,9.7,52,apartment,2.8,butane_lpg,650,-16.8,2,0,3.85,3.05,0
20240111_rv_cala_del_moral,rincon_de_la_victoria,rv_cala_del_moral,1,11.0,72,detached_house,3.0,electric,900,7.1,1,0,4.42,3.46,0
20240111_rv_benagalbon_pueblo,rincon_de_la_victoria,rv_benagalbon_pueblo,1,8.9,44,terraced_house,3.2,none,1800,-14.1,3,1,4.38,3.55,0
20240111_me_casco_historico,miranda_de_ebro,me_casco_historico,1,3.9,48,apartment,2.4,diesel,120,-7.1,1,0,4.4,3.3,0
20240111_me_ircio,miranda_de_ebro,me_ircio,1,-0.7,55,apartment,2.7,electric,400,-1.8,3,0,6.16,4.91,0
20240111_me_industrial_norte,miranda_de_ebro,me_industrial_norte,1,0.4,40,terraced_house,3.1,diesel,700,-5.9,1,0,6.82,5.56,1
20240111_me_bayas,miranda_de_ebro,me_bayas,1,-0.1,50,detached_house,3.4,butane_lpg,1600,12.4,1,0,8.01,6.33,0
20240112_rv_centro,rincon_de_la_victoria,rv_centro,1,12.1,58,apartment,2.6,electric,150,-1.9,1,0,2.48,1.99,1
20240112_rv_torre_benagalbon,rincon_de_la_victoria,rv_torre_benagalbon,1,9.1,52,apartment,2.8,butane_lpg,650,11.7,0,0,4.38,3.29,0
20240112_rv_cala_del_moral,rincon_de_la_victoria,rv_cala_del_moral,1,10.4,72,detached_house,3.0,electric,900,7.6,4,0,4.22,3.17,0
20240112_rv_benagalbon_pueblo,rincon_de_la_victoria,rv_benagalbon_pueblo,1,10.2,44,terraced_house,3.2,none,1800,9.6,1,0,5.4,4.18,0
20240112_me_casco_historico,miranda_de_ebro,me_casco_historico,1,1.5,48,apartment,2.4,diesel,120,4.2,0,0,4.98,4.09,0
20240112_me_ircio,miranda_de_ebro,me_ircio,1,0.8,55,apartment,2.7,electric,400,-3.7,3,1,5.68,4.45,0
20240112_me_industrial_norte,miranda_de_ebro,me_industrial_norte,1,0.6,40,terraced_house,3.1,diesel,700,13.4,3,0,7.82,5.95,0
20240112_me_bayas,miranda_de_ebro,me_bayas,1,-0.9,50,detached_house,3.4,butane_lpg,1600,15.6,0,0,10.08,7.73,0
20240113_rv_centro,rincon_de_la_victoria,rv_centro,1,11.0,58,apartment,2.6,electric,150,10.1,1,0,2.64,2.06,0
20240113_rv_torre_benagalbon,rincon_de_la_victoria,rv_torre_benagalbon,1,9.8,52,apartment,2.8,butane_lpg,650,-1.3,3,0,3.58,2.76,1
20240113_rv_cala_del_moral,rincon_de_la_victoria,rv_cala_del_moral,1,12.9,72,detached_house,3.0,electric,900,20.0,2,0,2.97,2.37,0
20240113_rv_benagalbon_pueblo,rincon_de_la_victoria,rv_benagalbon_pueblo,1,10.4,44,terraced_house,3.2,none,1800,13.3,0,0,3.78,2.85,0
20240113_me_casco_historico,miranda_de_ebro,me_casco_historico,1,1.0,48,apartment,2.4,diesel,120,-6.1,3,0,6.01,4.69,0
20240113_me_ircio,miranda_de_ebro,me_ircio,1,0.4,55,apartment,2.7,electric,400,8.7,2,0,6.07,4.66,1
20240113_me_industrial_norte,miranda_de_ebro,me_industrial_norte,1,1.1,40,terraced_house,3.1,diesel,700,-5.3,2,0,7.38,5.61,0
20240113_me_bayas,miranda_de_ebro,me_bayas,1,0.0,50,detached_house,3.4,butane_lpg,1600,7.4,3,0,7.24,5.49,1
20240114_rv_centro,rincon_de_la_victoria,rv_centro,1,10.2,58,apartment,2.6,electric,150,5.7,1,0,3.56,2.67,0
20240114_rv_torre_benagalbon,rincon_de_la_victoria,rv_torre_benagalbon,1,11.3,52,apartment,2.8,butane_lpg,650,-10.7,1,0,2.86,2.24,0
20240114_rv_cala_del_moral,rincon_de_la_victoria,rv_cala_del_moral,1,9.2,72,detached_house,3.0,electric,900,8.8,4,0,3.65,2.82,0
20240114_rv_benagalbon_pueblo,rincon_de_la_victoria,rv_benagalbon_pueblo,1,8.7,44,terraced_house,3.2,none,1800,4.2,3,0,4.05,3.26,0
20240114_me_casco_historico,miranda_de_ebro,me_casco_historico,1,1.6,48,apartment,2.4,diesel,120,-0.7,2,0,5.35,4.47,0
20240114_me_ircio,miranda_de_ebro,me_ircio,1,2.0,55,apartment,2.7,electric,400,-8.5,4,0,4.07,3.15,1
20240114_me_industrial_norte,miranda_de_ebro,me_industrial_norte,1,0.2,40,terraced_house,3.1,diesel,700,4.7,2,0,6.8,5.35,0
20240114_me_bayas,miranda_de_ebro,me_bayas,1,-0.7,50,detached_house,3.4,butane_lpg,1600,-3.4,2,0,8.73,7.46,0
20240115_rv_centro,rincon_de_la_victoria,rv_centro,1,11.5,58,apartment,2.6,electric,150,5.2,2,0,2.34,1.74,1
20240115_rv_torre_benagalbon,rincon_de_la_victoria,rv_torre_benagalbon,1,10.4,52,apartment,2.8,butane_lpg,650,-5.9,0,0,3.17,2.48,0
20240115_rv_cala_del_moral,rincon_de_la_victoria,rv_cala_del_moral,1,10.3,72,detached_house,3.0,electric,900,-0.1,1,0,3.45,2.62,0
20240115_rv_benagalbon_pueblo,rincon_de_la_victoria,rv_benagalbon_pueblo,1,10.7,44,terraced_house,3.2,none,1800,-4.2,3,0,4.2,3.11,0
20240115_me_casco_historico,miranda_de_ebro,me_casco_historico,1,-0.5,48,apartment,2.4,diesel,120,20.8,1,0,6.69,5.25,0
20240115_me_ircio,miranda_de_ebro,me_ircio,1,1.0,55,apartment,2.7,electric,400,9.2,0,0,5.02,3.93,0
20240115_me_industrial_norte,miranda_de_ebro,me_industrial_norte,1,3.5,40,terraced_house,3.1,diesel,700,-5.5,4,0,6.11,4.77,0
20240115_me_bayas,miranda_de_ebro,me_bayas,1,-0.8,50,detached_house,3.4,butane_lpg,1600,-0.7,2,0,10.7,7.64,0
20240116_rv_centro,rincon_de_la_victoria,rv_centro,1,10.1,58,apartment,2.6,electric,150,5.2,3,0,2.5,1.91,0
20240116_rv_torre_benagalbon,rincon_de_la_victoria,rv_torre_benagalbon,1,10.8,52,apartment,2.8,butane_lpg,650,9.4,4,0,3.3,2.44,0
20240116_rv_cala_del_moral,rincon_de_la_victoria,rv_cala_del_moral,1,10.8,72,detached_house,3.0,electric,900,-2.3,3,0,4.12,3.2,0
20240116_rv_benagalbon_pueblo,rincon_de_la_victoria,rv_benagalbon_pueblo,1,10.3,44,terraced_house,3.2,none,1800,-5.3,2,0,3.17,2.39,0
20240116_me_casco_historico,miranda_de_ebro,me_casco_historico,1,-1.4,48,apartment,2.4,diesel,120,-9.0,2,0,5.18,3.99,0
20240116_me_ircio,miranda_de_ebro,me_ircio,1,0.9,55,apartment,2.7,electric,400,9.4,3,0,5.33,4.1,1
20240116_me_industrial_norte,miranda_de_ebro,me_industrial_norte,1,1.7,40,terraced_house,3.1,diesel,700,-0.6,5,0,5.8,4.35,0
20240116_me_bayas,miranda_de_ebro,me_bayas,1,0.8,50,detached_house,3.4,butane_lpg,1600,14.9,3,0,7.01,5.63,0
20240117_rv_centro,rincon_de_la_victoria,rv_centro,1,9.9,58,apartment,2.6,electric,150,-6.2,2,0,2.6,2.13,0
20240117_rv_torre_benagalbon,rincon_de_la_victoria,rv_torre_benagalbon,1,10.4,52,apartment,2.8,butane_lpg,650,1.7,2,0,3.25,2.59,0
20240117_rv_cala_del_moral,rincon_de_la_victoria,rv_cala_del_moral,1,12.3,72,detached_house,3.0,electric,900,7.2,3,0,2.63,2.15,0
20240117_rv_benagalbon_pueblo,rincon_de_la_victoria,rv_benagalbon_pueblo,1,11.3,44,terraced_house,3.2,none,1800,20.2,2,0,3.61,2.99,0
20240117_me_casco_historico,miranda_de_ebro,me_casco_historico,1,-1.7,48,apartment,2.4,diesel,120,5.6,4,0,6.38,5.01,1
20240117_me_ircio,miranda_de_ebro,me_ircio,1,-2.9,55,apartment,2.7,electric,400,-4.6,1,0,7.4,6.18,0
20240117_me_industrial_norte,miranda_de_ebro,me_industrial_norte,1,0.5,40,terraced_house,3.1,diesel,700,0.8,1,0,7.12,5.34,0
20240117_me_bayas,miranda_de_ebro,me_bayas,1,2.2,50,detached_house,3.4,butane_lpg,1600,-9.3,2,0,5.95,4.65,0
20240118_rv_centro,rincon_de_la_victoria,rv_centro,1,9.6,58,apartment,2.6,electric,150,-10.1,6,0,3.39,2.62,0
20240118_rv_torre_benagalbon,rincon_de_la_victoria,rv_torre_benagalbon,1,10.1,52,apartment,2.8,butane_lpg,650,20.1,2,0,2.67,2.13,0
20240118_rv_cala_del_moral,rincon_de_la_victoria,rv_cala_del_moral,1,11.3,72,detached_house,3.0,electric,900,-3.4,0,0,3.59,2.74,0
20240118_rv_benagalbon_pueblo,rincon_de_la_victoria,rv_benagalbon_pueblo,1,7.7,44,terraced_house,3.2,none,1800,0.2,3,0,5.59,4.38,0
20240118_me_casco_historico,miranda_de_ebro,me_casco_historico,1,-1.0,48,apartment,2.4,diesel,120,9.3,1,0,4.91,4.05,0
20240118_me_ircio,miranda_de_ebro,me_ircio,1,2.6,55,apartment,2.7,electric,400,18.5,1,0,4.74,3.56,1
20240118_me_industrial_norte,miranda_de_ebro,me_industrial_norte,1,0.3,40,terraced_house,3.1,diesel,700,1.9,2,0,7.61,5.65,0
20240118_me_bayas,miranda_de_ebro,me_bayas,1,0.2,50,detached_house,3.4,butane_lpg,1600,-10.2,3,0,9.98,8.49,0
20240119_rv_centro,rincon_de_la_victoria,rv_centro,1,11.1,58,apartment,2.6,electric,150,-4.2,3,0,2.83,2.16,1
20240119_rv_torre_benagalbon,rincon_de_la_victoria,rv_torre_benagalbon,1,10.0,52,apartment,2.8,butane_lpg,650,-14.2,2,0,2.52,1.9,0
20240119_rv_cala_del_moral,rincon_de_la_victoria,rv_cala_del_moral,1,9.3,72,detached_house,3.0,electric,900,10.5,2,0,3.71,2.58,0
20240119_rv_benagalbon_pueblo,rincon_de_la_victoria,rv_benagalbon_pueblo,1,14.0,44,terraced_house,3.2,none,1800,18.8,3,0,2.8,2.29,0
20240119_me_casco_historico,miranda_de_ebro,me_casco_historico,1,0.6,48,apartment,2.4,diesel,120,26.5,3,0,5.18,3.88,1
20240119_me_ircio,miranda_de_ebro,me_ircio,1,0.1,55,apartment,2.7,electric,400,-2.1,4,0,7.86,6.33,0
20240119_me_industrial_norte,miranda_de_ebro,me_industrial_norte,1,0.5,40,terraced_house,3.1,diesel,700,1.3,3,0,7.36,5.65,0
20240119_me_bayas,miranda_de_ebro,me_bayas,1,0.3,50,detached_house,3.4,butane_lpg,1600,-9.2,1,0,7.68,6.16,0
20240120_rv_centro,rincon_de_la_victoria,rv_centro,1,14.0,58,apartment,2.6,electric,150,-9.2,1,0,1.71,1.36,0
20240120_rv_torre_benagalbon,rincon_de_la_victoria,rv_torre_benagalbon,1,9.4,52,apartment,2.8,butane_lpg,650,-3.9,2,0,3.91,3.14,0
20240120_rv_cala_del_moral,rincon_de_la_victoria,rv_cala_del_moral,1,10.1,72,detached_house,3.0,electric,900,2.1,5,0,4.71,3.5,0
20240120_rv_benagalbon_pueblo,rincon_de_la_victoria,rv_benagalbon_pueblo,1,10.7,44,terraced_house,3.2,none,1800,18.0,1,0,3.3,2.67,0
20240120_me_casco_historico,miranda_de_ebro,me_casco_historico,1,-1.1,48,apartment,2.4,diesel,120,9.9,1,1,7.19,5.36,1
20240120_me_ircio,miranda_de_ebro,me_ircio,1,-0.9,55,apartment,2.7,electric,400,17.8,0,0,5.45,4.45,0
20240120_me_industrial_norte,miranda_de_ebro,me_industrial_norte,1,1.8,40,terraced_house,3.1,diesel,700,3.0,2,0,5.74,4.6,1
20240120_me_bayas,miranda_de_ebro,me_bayas,1,1.4,50,detached_house,3.4,butane_lpg,1600,1.6,2,0,7.99,6.54,0
20240121_rv_centro,rincon_de_la_victoria,rv_centro,1,11.4,58,apartment,2.6,electric,150,3.2,4,0,1.86,1.44,1
20240121_rv_torre_benagalbon,rincon_de_la_victoria,rv_torre_benagalbon,1,10.2,52,apartment,2.8,butane_lpg,650,-1.5,2,0,2.55,1.97,1
20240121_rv_cala_del_moral,rincon_de_la_victoria,rv_cala_del_moral,1,12.3,72,detached_house,3.0,electric,900,-4.1,3,0,2.64,1.98,0
20240121_rv_benagalbon_pueblo,rincon_de_la_victoria,rv_benagalbon_pueblo,1,9.1,44,terraced_house,3.2,none,1800,-5.8,2,0,4.45,3.69,0
20240121_me_casco_historico,miranda_de_ebro,me_casco_historico,1,1.0,48,apartment,2.4,diesel,120,-3.5,0,0,5.87,4.43,1
20240121_me_ircio,miranda_de_ebro,me_ircio,1,0.3,55,apartment,2.7,electric,400,14.4,0,0,4.83,4.08,0
20240121_me_industrial_norte,miranda_de_ebro,me_industrial_norte,1,0.0,40,terraced_house,3.1,diesel,700,-2.3,3,0,7.01,5.59,0
20240121_me_bayas,miranda_de_ebro,me_bayas,1,-1.3,50,detached_house,3.4,butane_lpg,1600,1.7,1,0,8.04,6.21,1
20240122_rv_centro,rincon_de_la_victoria,rv_centro,1,10.3,58,apartment,2.6,electric,150,7.1,2,0,2.47,1.92,0
20240122_rv_torre_benagalbon,rincon_de_la_victoria,rv_torre_benagalbon,1,12.1,52,apartment,2.8,butane_lpg,650,-7.6,3,0,2.44,1.88,0
20240122_rv_cala_del_moral,rincon_de_la_victoria,rv_cala_del_moral,1,9.9,72,detached_house,3.0,electric,900,4.0,2,0,3.16,2.37,0
20240122_rv_benagalbon_pueblo,rincon_de_la_victoria,rv_benagalbon_pueblo,1,10.5,44,terraced_house,3.2,none,1800,8.9,4,0,3.44,2.72,0
20240122_me_casco_historico,miranda_de_ebro,me_casco_historico,1,1.9,48,apartment,2.4,diesel,120,6.4,3,0,4.97,3.74,1
20240122_me_ircio,miranda_de_ebro,me_ircio,1,0.2,55,apartment,2.7,electric,400,10.8,1,0,5.16,4.13,0
20240122_me_industrial_norte,miranda_de_ebro,me_industrial_norte,1,-0.4,40,terraced_house,3.1,diesel,700,3.9,1,0,7.61,5.88,0
20240122_me_bayas,miranda_de_ebro,me_bayas,1,1.6,50,detached_house,3.4,butane_lpg,1600,-6.3,5,0,5.76,4.69,0
20240123_rv_centro,rincon_de_la_victoria,rv_centro,1,12.0,58,apartment,2.6,electric,150,11.2,1,1,2.76,2.09,0
20240123_rv_torre_benagalbon,rincon_de_la_victoria,rv_torre_benagalbon,1,13.5,52,apartment,2.8,butane_lpg,650,3.7,2,0,2.74,2.1,0
20240123_rv_cala_del_moral,rincon_de_la_victoria,rv_cala_del_moral,1,9.6,72,detached_house,3.0,electric,900,13.2,1,0,4.06,3.31,0
20240123_rv_benagalbon_pueblo,rincon_de_la_victoria,rv_benagalbon_pueblo,1,11.5,44,terraced_house,3.2,none,1800,-12.6,1,0,3.08,2.49,0
20240123_me_casco_historico,miranda_de_ebro,me_casco_historico,1,-0.8,48,apartment,2.4,diesel,120,-18.6,6,0,4.67,3.5,1
20240123_me_ircio,miranda_de_ebro,me_ircio,1,1.5,55,apartment,2.7,electric,400,2.3,2,0,4.61,3.74,0
20240123_me_industrial_norte,miranda_de_ebro,me_industrial_norte,1,-0.4,40,terraced_house,3.1,diesel,700,14.2,4,0,7.22,5.46,0
20240123_me_bayas,miranda_de_ebro,me_bayas,1,1.6,50,detached_house,3.4,butane_lpg,1600,-8.8,2,0,6.46,5.15,0
20240124_rv_centro,rincon_de_la_victoria,rv_centro,1,7.9,58,apartment,2.6,electric,150,-1.3,1,0,3.26,2.48,0
20240124_rv_torre_benagalbon,rincon_de_la_victoria,rv_torre_benagalbon,1,8.8,52,apartment,2.8,butane_lpg,650,-8.8,2,0,3.26,2.44,1
20240124_rv_cala_del_moral,rincon_de_la_victoria,rv_cala_del_moral,1,11.9,72,detached_house,3.0,electric,900,6.1,3,0,3.25,2.56,0
20240124_rv_benagalbon_pueblo,rincon_de_la_victoria,rv_benagalbon_pueblo,1,11.9,44,terraced_house,3.2,none,1800,-2.1,3,0,4.64,3.57,0
20240124_me_casco_historico,miranda_de_ebro,me_casco_historico,1,-1.0,48,apartment,2.4,diesel,120,-4.1,3,0,7.39,5.61,0
20240124_me_ircio,miranda_de_ebro,me_ircio,1,1.4,55,apartment,2.7,electric,400,6.0,2,0,4.64,3.43,1
20240124_me_industrial_norte,miranda_de_ebro,me_industrial_norte,1,2.5,40,terraced_house,3.1,diesel,700,5.7,2,0,5.87,4.58,0
20240124_me_bayas,miranda_de_ebro,me_bayas,1,2.1,50,detached_house,3.4,butane_lpg,1600,4.2,5,0,9.84,8.07,0
20240125_rv_centro,rincon_de_la_victoria,rv_centro,1,11.2,58,apartment,2.6,electric,150,2.5,1,0,3.18,2.48,0
20240125_rv_torre_benagalbon,rincon_de_la_victoria,rv_torre_benagalbon,1,13.3,52,apartment,2.8,butane_lpg,650,-5.8,1,0,2.62,2.14,0
20240125_rv_cala_del_moral,rincon_de_la_victoria,rv_cala_del_moral,1,9.2,72,detached_house,3.0,electric,900,-0.5,6,0,4.07,3.12,0
20240125_rv_benagalbon_pueblo,rincon_de_la_victoria,rv_benagalbon_pueblo,1,11.3,44,terraced_house,3.2,none,1800,-6.5,0,0,3.54,2.8,0
20240125_me_casco_historico,miranda_de_ebro,me_casco_historico,1,0.3,48,apartment,2.4,diesel,120,-12.5,3,0,6.69,5.5,1
20240125_me_ircio,miranda_de_ebro,me_ircio,1,-0.3,55,apartment,2.7,electric,400,-8.8,4,0,5.31,4.24,0
20240125_me_industrial_norte,miranda_de_ebro,me_industrial_norte,1,1.7,40,terraced_house,3.1,diesel,700,-0.4,4,0,8.16,6.7,1
20240125_me_bayas,miranda_de_ebro,me_bayas,1,-0.0,50,detached_house,3.4,butane_lpg,1600,2.1,2,0,7.32,5.73,0
20240126_rv_centro,rincon_de_la_victoria,rv_centro,1,9.0,58,apartment,2.6,electric,150,-5.7,2,0,2.87,2.12,0
20240126_rv_torre_benagalbon,rincon_de_la_victoria,rv_torre_benagalbon,1,9.6,52,apartment,2.8,butane_lpg,650,9.5,1,0,2.72,2.23,1
20240126_rv_cala_del_moral,rincon_de_la_victoria,rv_cala_del_moral,1,12.1,72,detached_house,3.0,electric,900,5.4,2,0,2.81,2.18,1
20240126_rv_benagalbon_pueblo,rincon_de_la_victoria,rv_benagalbon_pueblo,1,10.6,44,terraced_house,3.2,none,1800,7.2,2,0,3.48,2.47,0
20240126_me_casco_historico,miranda_de_ebro,me_casco_historico,1,1.7,48,apartment,2.4,diesel,120,4.6,2,0,4.42,3.5,0
20240126_me_ircio,miranda_de_ebro,me_ircio,1,-0.0,55,apartment,2.7,electric,400,-1.5,4,0,4.6,3.55,1
20240126_me_industrial_norte,miranda_de_ebro,me_industrial_norte,1,-1.1,40,terraced_house,3.1,diesel,700,-0.4,0,0,6.7,5.08,0
20240126_me_bayas,miranda_de_ebro,me_bayas,1,-0.9,50,detached_house,3.4,butane_lpg,1600,3.6,3,0,6.87,5.68,0
20240127_rv_centro,rincon_de_la_victoria,rv_centro,1,11.4,58,apartment,2.6,electric,150,-0.6,3,0,3.4,2.59,1
20240127_rv_torre_benagalbon,rincon_de_la_victoria,rv_torre_benagalbon,1,11.4,52,apartment,2.8,butane_lpg,650,-9.5,2,0,2.72,2.28,0
20240127_rv_cala_del_moral,rincon_de_la_victoria,rv_cala_del_moral,1,10.2,72,detached_house,3.0,electric,900,2.9,2,0,3.8,2.97,0
20240127_rv_benagalbon_pueblo,rincon_de_la_victoria,rv_benagalbon_pueblo,1,9.5,44,terraced_house,3.2,none,1800,15.1,3,0,4.73,3.73,0
20240127_me_casco_historico,miranda_de_ebro,me_casco_historico,1,2.0,48,apartment,2.4,diesel,120,-2.6,1,0,5.81,4.65,1
20240127_me_ircio,miranda_de_ebro,me_ircio,1,-2.9,55,apartment,2.7,electric,400,3.4,2,0,6.32,5.05,0
20240127_me_industrial_norte,miranda_de_ebro,me_industrial_norte,1,2.4,40,terraced_house,3.1,diesel,700,-6.9,4,0,5.94,4.84,0
20240127_me_bayas,miranda_de_ebro,me_bayas,1,-1.0,50,detached_house,3.4,butane_lpg,1600,7.7,2,0,9.19,7.66,0
20240128_rv_centro,rincon_de_la_victoria,rv_centro,1,8.2,58,apartment,2.6,electric,150,15.8,1,0,2.96,2.35,1
20240128_rv_torre_benagalbon,rincon_de_la_victoria,rv_torre_benagalbon,1,8.8,52,apartment,2.8,butane_lpg,650,17.3,2,0,3.43,2.65,0
20240128_rv_cala_del_moral,rincon_de_la_victoria,rv_cala_del_moral,1,8.8,72,detached_house,3.0,electric,900,0.3,3,0,3.3,2.65,0
20240128_rv_benagalbon_pueblo,rincon_de_la_victoria,rv_benagalbon_pueblo,1,9.7,44,terraced_house,3.2,none,1800,3.6,1,0,3.68,2.97,0
20240128_me_casco_historico,miranda_de_ebro,me_casco_historico,1,-0.6,48,apartment,2.4,diesel,120,-8.3,6,0,4.98,4.18,0
20240128_me_ircio,miranda_de_ebro,me_ircio,1,-1.7,55,apartment,2.7,electric,400,6.8,0,0,5.83,4.62,1
20240128_me_industrial_norte,miranda_de_ebro,me_industrial_norte,1,1.7,40,terraced_house,3.1,diesel,700,-17.3,5,0,5.51,4.28,1
20240128_me_bayas,miranda_de_ebro,me_bayas,1,-1.7,50,detached_house,3.4,butane_lpg,1600,1.4,0,0,7.29,5.45,0
20240129_rv_centro,rincon_de_la_victoria,rv_centro,1,9.7,58,apartment,2.6,electric,150,15.0,0,0,3.45,2.59,0
20240129_rv_torre_benagalbon,rincon_de_la_victoria,rv_torre_benagalbon,1,12.6,52,apartment,2.8,butane_lpg,650,17.2,2,0,2.33,1.76,0
20240129_rv_cala_del_moral,rincon_de_la_victoria,rv_cala_del_moral,1,10.8,72,detached_house,3.0,electric,900,0.9,1,0,3.89,3.17,0
20240129_rv_benagalbon_pueblo,rincon_de_la_victoria,rv_benagalbon_pueblo,1,10.0,44,terraced_house,3.2,none,1800,2.2,3,1,3.88,3.15,0
20240129_me_casco_historico,miranda_de_ebro,me_casco_historico,1,0.8,48,apartment,2.4,diesel,120,-0.0,1,0,5.71,4.68,0
20240129_me_ircio,miranda_de_ebro,me_ircio,1,-1.4,55,apartment,2.7,electric,400,-0.9,2,0,4.72,3.87,1
20240129_me_industrial_norte,miranda_de_ebro,me_industrial_norte,1,2.1,40,terraced_house,3.1,diesel,700,-2.7,6,0,5.59,3.75,0
20240129_me_bayas,miranda_de_ebro,me_bayas,1,0.9,50,detached_house,3.4,butane_lpg,1600,-16.0,3,0,7.08,5.32,0
20240130_rv_centro,rincon_de_la_victoria,rv_centro,1,12.3,58,apartment,2.6,electric,150,2.8,2,1,2.4,1.82,0
20240130_rv_torre_benagalbon,rincon_de_la_victoria,rv_torre_benagalbon,1,9.7,52,apartment,2.8,butane_lpg,650,19.6,4,0,3.45,2.68,1
20240130_rv_cala_del_moral,rincon_de_la_victoria,rv_cala_del_moral,1,8.9,72,detached_house,3.0,electric,900,-10.3,1,0,4.03,2.97,0
20240130_rv_benagalbon_pueblo,rincon_de_la_victoria,rv_benagalbon_pueblo,1,11.9,44,terraced_house,3.2,none,1800,14.5,1,0,3.21,2.45,0
20240130_me_casco_historico,miranda_de_ebro,me_casco_historico,1,0.6,48,apartment,2.4,diesel,120,12.7,3,0,4.25,3.52,0
20240130_me_ircio,miranda_de_ebro,me_ircio,1,2.5,55,apartment,2.7,electric,400,10.5,1,0,5.07,3.89,0
20240130_me_industrial_norte,miranda_de_ebro,me_industrial_norte,1,2.0,40,terraced_house,3.1,diesel,700,5.4,1,0,6.4,4.92,0
20240130_me_bayas,miranda_de_ebro,me_bayas,1,-1.1,50,detached_house,3.4,butane_lpg,1600,12.1,2,0,7.51,5.59,0
20240131_rv_centro,rincon_de_la_victoria,rv_centro,1,11.7,58,apartment,2.6,electric,150,0.6,6,0,2.57,1.99,0
20240131_rv_torre_benagalbon,rincon_de_la_victoria,rv_torre_benagalbon,1,9.8,52,apartment,2.8,butane_lpg,650,8.4,2,0,2.85,2.34,0
20240131_rv_cala_del_moral,rincon_de_la_victoria,rv_cala_del_moral,1,10.5,72,detached_house,3.0,electric,900,-4.8,3,0,4.12,3.46,0
20240131_rv_benagalbon_pueblo,rincon_de_la_victoria,rv_benagalbon_pueblo,1,11.7,44,terraced_house,3.2,none,1800,5.7,2,0,3.57,2.82,0
20240131_me_casco_historico,miranda_de_ebro,me_casco_historico,1,1.2,48,apartment,2.4,diesel,120,-4.8,3,0,5.8,4.54,0
20240131_me_ircio,miranda_de_ebro,me_ircio,1,3.1,55,apartment,2.7,electric,400,21.7,4,0,4.08,3.17,1
20240131_me_industrial_norte,miranda_de_ebro,me_industrial_norte,1,-1.0,40,terraced_house,3.1,diesel,700,-7.5,4,0,7.07,5.39,0
20240131_me_bayas,miranda_de_ebro,me_bayas,1,2.1,50,detached_house,3.4,butane_lpg,1600,2.4,4,0,7.44,5.81,0
20240201_rv_centro,rincon_de_la_victoria,rv_centro,2,11.5,58,apartment,2.6,electric,150,13.2,1,0,2.49,1.79,0
20240201_rv_torre_benagalbon,rincon_de_la_victoria,rv_torre_benagalbon,2,12.6,52,apartment,2.8,butane_lpg,650,4.1,1,0,2.53,1.86,0
20240201_rv_cala_del_moral,rincon_de_la_victoria,rv_cala_del_moral,2,11.5,72,detached_house,3.0,electric,900,-1.0,3,0,3.49,2.9,0
20240201_rv_benagalbon_pueblo,rincon_de_la_victoria,rv_benagalbon_pueblo,2,8.3,44,terraced_house,3.2,none,1800,14.7,1,0,4.99,3.81,0
20240201_me_casco_historico,miranda_de_ebro,me_casco_historico,2,1.9,48,apartment,2.4,diesel,120,-2.1,6,0,5.82,4.46,0
20240201_me_ircio,miranda_de_ebro,me_ircio,2,1.6,55,apartment,2.7,electric,400,9.0,0,0,5.26,4.11,0
20240201_me_industrial_norte,miranda_de_ebro,me_industrial_norte,2,-0.8,40,terraced_house,3.1,diesel,700,4.2,1,0,7.77,5.92,0
20240201_me_bayas,miranda_de_ebro,me_bayas,2,2.5,50,detached_house,3.4,butane_lpg,1600,0.0,3,0,8.94,6.9,0
20240202_rv_centro,rincon_de_la_victoria,rv_centro,2,13.0,58,apartment,2.6,electric,150,2.6,0,1,2.24,1.66,0
20240202_rv_torre_benagalbon,rincon_de_la_victoria,rv_torre_benagalbon,2,12.6,52,apartment,2.8,butane_lpg,650,-1.1,0,0,2.79,2.26,0
20240202_rv_cala_del_moral,rincon_de_la_victoria,rv_cala_del_moral,2,13.1,72,detached_house,3.0,electric,900,2.5,1,0,2.23,1.76,0
20240202_rv_benagalbon_pueblo,rincon_de_la_victoria,rv_benagalbon_pueblo,2,10.6,44,terraced_house,3.2,none,1800,-5.2,0,0,5.01,3.68,0
20240202_me_casco_historico,miranda_de_ebro,me_casco_historico,2,1.3,48,apartment,2.4,diesel,120,9.1,1,1,4.6,3.42,1
20240202_me_ircio,miranda_de_ebro,me_ircio,2,2.3,55,apartment,2.7,electric,400,14.1,1,0,3.93,3.08,0
20240202_me_industrial_norte,miranda_de_ebro,me_industrial_norte,2,0.8,40,terraced_house,3.1,diesel,700,-8.1,2,0,6.92,5.46,0
20240202_me_bayas,miranda_de_ebro,me_bayas,2,2.4,50,detached_house,3.4,butane_lpg,1600,-9.0,1,1,6.28,5.05,1
20240203_rv_centro,rincon_de_la_victoria,rv_centro,2,9.8,58,apartment,2.6,electric,150,-11.9,1,0,3.03,2.48,0
20240203_rv_torre_benagalbon,rincon_de_la_victoria,rv_torre_benagalbon,2,9.6,52,apartment,2.8,butane_lpg,650,-10.9,2,0,4.06,3.25,0
20240203_rv_cala_del_moral,rincon_de_la_victoria,rv_cala_del_moral,2,11.6,72,detached_house,3.0,electric,900,6.8,6,0,3.59,2.63,0
20240203_rv_benagalbon_pueblo,rincon_de_la_victoria,rv_benagalbon_pueblo,2,11.5,44,terraced_house,3.2,none,1800,-8.8,0,0,5.66,4.55,0
20240203_me_casco_historico,miranda_de_ebro,me_casco_historico,2,2.0,48,apartment,2.4,diesel,120,-6.0,2,0,4.2,3.1,1
20240203_me_ircio,miranda_de_ebro,me_ircio,2,-0.7,55,apartment,2.7,electric,400,7.5,0,0,6.04,4.45,0
20240203_me_industrial_norte,miranda_de_ebro,me_industrial_norte,2,4.0,40,terraced_house,3.1,diesel,700,15.0,0,0,4.88,3.92,0
20240203_me_bayas,miranda_de_ebro,me_bayas,2,1.2,50,detached_house,3.4,butane_lpg,1600,-1.9,3,0,10.16,7.75,0
20240204_rv_centro,rincon_de_la_victoria,rv_centro,2,13.5,58,apartment,2.6,electric,150,-7.9,1,0,1.67,1.36,0
20240204_rv_torre_benagalbon,rincon_de_la_victoria,rv_torre_benagalbon,2,9.9,52,apartment,2.8,butane_lpg,650,4.3,3,1,2.44,1.8,1
20240204_rv_cala_del_moral,rincon_de_la_victoria,rv_cala_del_moral,2,11.6,72,detached_house,3.0,electric,900,-0.4,3,0,3.26,2.48,0
20240204_rv_benagalbon_pueblo,rincon_de_la_victoria,rv_benagalbon_pueblo,2,8.9,44,terraced_house,3.2,none,1800,-8.7,0,0,4.57,3.59,0
20240204_me_casco_historico,miranda_de_ebro,me_casco_historico,2,-0.2,48,apartment,2.4,diesel,120,-18.5,4,0,4.92,3.91,0
20240204_me_ircio,miranda_de_ebro,me_ircio,2,0.8,55,apartment,2.7,electric,400,-7.2,1,0,6.38,4.82,0
20240204_me_industrial_norte,miranda_de_ebro,me_industrial_norte,2,3.7,40,terraced_house,3.1,diesel,700,4.2,1,0,6.76,5.13,0
20240204_me_bayas,miranda_de_ebro,me_bayas,2,-0.2,50,detached_house,3.4,butane_lpg,1600,10.9,5,0,6.44,4.88,0
20240205_rv_centro,rincon_de_la_victoria,rv_centro,2,12.4,58,apartment,2.6,electric,150,-1.7,0,0,2.02,1.57,0
20240205_rv_torre_benagalbon,rincon_de_la_victoria,rv_torre_benagalbon,2,12.3,52,apartment,2.8,butane_lpg,650,-3.6,0,0,1.72,1.26,0
20240205_rv_cala_del_moral,rincon_de_la_victoria,rv_cala_del_moral,2,9.7,72,detached_house,3.0,electric,900,1.6,2,0,3.59,3.09,0
20240205_rv_benagalbon_pueblo,rincon_de_la_victoria,rv_benagalbon_pueblo,2,12.0,44,terraced_house,3.2,none,1800,-5.4,1,0,3.84,2.94,0
20240205_me_casco_historico,miranda_de_ebro,me_casco_historico,2,0.2,48,apartment,2.4,diesel,120,-10.4,4,1,3.96,2.93,1
20240205_me_ircio,miranda_de_ebro,me_ircio,2,2.1,55,apartment,2.7,electric,400,17.0,1,0,5.54,4.38,0
20240205_me_industrial_norte,miranda_de_ebro,me_industrial_norte,2,0.9,40,terraced_house,3.1,diesel,700,-0.3,0,0,6.71,5.24,0
20240205_me_bayas,miranda_de_ebro,me_bayas,2,3.1,50,detached_house,3.4,butane_lpg,1600,13.2,5,0,5.95,4.61,1
20240206_rv_centro,rincon_de_la_victoria,rv_centro,2,11.4,58,apartment,2.6,electric,150,9.1,1,0,2.59,1.98,0
20240206_rv_torre_benagalbon,rincon_de_la_victoria,rv_torre_benagalbon,2,10.9,52,apartment,2.8,butane_lpg,650,2.4,2,0,2.63,2.18,0
20240206_rv_cala_del_moral,rincon_de_la_victoria,rv_cala_del_moral,2,7.5,72,detached_house,3.0,electric,900,-3.9,3,0,4.58,3.63,0
20240206_rv_benagalbon_pueblo,rincon_de_la_victoria,rv_benagalbon_pueblo,2,9.9,44,terraced_house,3.2,none,1800,11.1,2,0,3.35,2.73,1
20240206_me_casco_historico,miranda_de_ebro,me_casco_historico,2,1.7,48,apartment,2.4,diesel,120,-12.2,2,0,4.47,3.61,0
20240206_me_ircio,miranda_de_ebro,me_ircio,2,1.2,55,apartment,2.7,electric,400,11.6,2,0,6.08,4.79,0
20240206_me_industrial_norte,miranda_de_ebro,me_industrial_norte,2,1.0,40,terraced_house,3.1,diesel,700,6.9,3,0,6.21,5.07,0
20240206_me_bayas,miranda_de_ebro,me_bayas,2,0.7,50,detached_house,3.4,butane_lpg,1600,0.2,4,0,7.81,5.7,0
20240207_rv_centro,rincon_de_la_victoria,rv_centro,2,11.0,58,apartment,2.6,electric,150,-11.8,1,0,2.87,2.25,0
20240207_rv_torre_benagalbon,rincon_de_la_victoria,rv_torre_benagalbon,2,10.8,52,apartment,2.8,butane_lpg,650,12.7,3,0,2.44,2.04,1
20240207_rv_cala_del_moral,rincon_de_la_victoria,rv_cala_del_moral,2,11.4,72,detached_house,3.0,electric,900,-11.2,2,0,3.3,2.55,1
20240207_rv_benagalbon_pueblo,rincon_de_la_victoria,rv_benagalbon_pueblo,2,11.4,44,terraced_house,3.2,none,1800,9.0,5,0,4.82,3.61,0
20240207_me_casco_historico,miranda_de_ebro,me_casco_historico,2,-0.9,48,apartment,2.4,diesel,120,5.8,2,0,5.12,3.97,0
20240207_me_ircio,miranda_de_ebro,me_ircio,2,2.2,55,apartment,2.7,electric,400,9.2,2,0,5.35,3.95,0
20240207_me_industrial_norte,miranda_de_ebro,me_industrial_norte,2,0.9,40,terraced_house,3.1,diesel,700,2.0,3,0,6.43,5.15,0
20240207_me_bayas,miranda_de_ebro,me_bayas,2,3.7,50,detached_house,3.4,butane_lpg,1600,-8.9,3,0,6.03,4.58,1
20240208_rv_centro,rincon_de_la_victoria,rv_centro,2,10.9,58,apartment,2.6,electric,150,1.6,4,0,2.73,2.15,1
20240208_rv_torre_benagalbon,rincon_de_la_victoria,rv_torre_benagalbon,2,10.4,52,apartment,2.8,butane_lpg,650,3.4,1,0,2.46,2.08,1
20240208_rv_cala_del_moral,rincon_de_la_victoria,rv_cala_del_moral,2,10.6,72,detached_house,3.0,electric,900,23.8,3,0,3.69,3.03,0
20240208_rv_benagalbon_pueblo,rincon_de_la_victoria,rv_benagalbon_pueblo,2,12.2,44,terraced_house,3.2,none,1800,-7.0,0,1,2.87,2.22,0
20240208_me_casco_historico,miranda_de_ebro,me_casco_historico,2,1.9,48,apartment,2.4,diesel,120,13.0,4,0,4.79,3.76,1
20240208_me_ircio,miranda_de_ebro,me_ircio,2,3.9,55,apartment,2.7,electric,400,-10.8,2,0,4.84,3.79,0
20240208_me_industrial_norte,miranda_de_ebro,me_industrial_norte,2,-0.1,40,terraced_house,3.1,diesel,700,12.5,3,0,8.28,6.63,0
20240208_me_bayas,miranda_de_ebro,me_bayas,2,1.5,50,detached_house,3.4,butane_lpg,1600,-1.3,2,0,6.85,5.07,0
20240209_rv_centro,rincon_de_la_victoria,rv_centro,2,10.2,58,apartment,2.6,electric,150,10.2,3,0,4.06,3.08,0
20240209_rv_torre_benagalbon,rincon_de_la_victoria,rv_torre_benagalbon,2,11.0,52,apartment,2.8,butane_lpg,650,11.8,1,0,2.83,2.29,0
20240209_rv_cala_del_moral,rincon_de_la_victoria,rv_cala_del_moral,2,12.5,72,detached_house,3.0,electric,900,6.2,2,1,3.14,2.42,0
20240209_rv_benagalbon_pueblo,rincon_de_la_victoria,rv_benagalbon_pueblo,2,9.3,44,terraced_house,3.2,none,1800,-7.0,4,0,4.16,3.26,0
20240209_me_casco_historico,miranda_de_ebro,me_casco_historico,2,0.2,48,apartment,2.4,diesel,120,7.7,3,0,5.69,4.44,0
20240209_me_ircio,miranda_de_ebro,me_ircio,2,3.6,55,apartment,2.7,electric,400,9.1,1,0,5.11,3.98,0
20240209_me_industrial_norte,miranda_de_ebro,me_industrial_norte,2,3.6,40,terraced_house,3.1,diesel,700,10.4,0,1,6.44,4.89,0
20240209_me_bayas,miranda_de_ebro,me_bayas,2,2.1,50,detached_house,3.4,butane_lpg,1600,29.2,2,0,7.61,6.36,0
20240210_rv_centro,rincon_de_la_victoria,rv_centro,2,14.5,58,apartment,2.6,electric,150,-5.9,3,1,1.88,1.54,1
20240210_rv_torre_benagalbon,rincon_de_la_victoria,rv_torre_benagalbon,2,12.4,52,apartment,2.8,butane_lpg,650,7.6,2,0,2.15,1.68,0
20240210_rv_cala_del_moral,rincon_de_la_victoria,rv_cala_del_moral,2,11.6,72,detached_house,3.0,electric,900,-17.5,1,0,3.95,3.0,0
20240210_rv_benagalbon_pueblo,rincon_de_la_victoria,rv_benagalbon_pueblo,2,9.6,44,terraced_house,3.2,none,1800,-7.8,1,0,3.49,2.65,0
20240210_me_casco_historico,miranda_de_ebro,me_casco_historico,2,0.4,48,apartment,2.4,diesel,120,1.2,0,0,5.67,4.26,0
20240210_me_ircio,miranda_de_ebro,me_ircio,2,-0.4,55,apartment,2.7,electric,400,-3.4,0,0,5.12,4.23,0
20240210_me_industrial_norte,miranda_de_ebro,me_industrial_norte,2,2.2,40,terraced_house,3.1,diesel,700,-1.5,0,0,6.3,4.91,0
20240210_me_bayas,miranda_de_ebro,me_bayas,2,1.4,50,detached_house,3.4,butane_lpg,1600,-1.1,3,0,6.88,5.5,0
20240211_rv_centro,rincon_de_la_victoria,rv_centro,2,11.3,58,apartment,2.6,electric,150,18.5,6,0,2.18,1.78,0
20240211_rv_torre_benagalbon,rincon_de_la_victoria,rv_torre_benagalbon,2,13.0,52,apartment,2.8,butane_lpg,650,5.7,5,0,1.99,1.58,0
20240211_rv_cala_del_moral,rincon_de_la_victoria,rv_cala_del_moral,2,11.4,72,detached_house,3.0,electric,900,-5.0,3,0,3.59,2.99,0
20240211_rv_benagalbon_pueblo,rincon_de_la_victoria,rv_benagalbon_pueblo,2,9.0,44,terraced_house,3.2,none,1800,2.8,4,1,4.31,3.36,0
20240211_me_casco_historico,miranda_de_ebro,me_casco_historico,2,1.8,48,apartment,2.4,diesel,120,1.3,0,1,4.26,3.21,0
20240211_me_ircio,miranda_de_ebro,me_ircio,2,0.2,55,apartment,2.7,electric,400,4.9,2,0,5.26,4.09,0
20240211_me_industrial_norte,miranda_de_ebro,me_industrial_norte,2,3.0,40,terraced_house,3.1,diesel,700,3.7,1,0,4.94,3.84,1
20240211_me_bayas,miranda_de_ebro,me_bayas,2,2.1,50,detached_house,3.4,butane_lpg,1600,27.0,1,0,7.73,6.05,0
20240212_rv_centro,rincon_de_la_victoria,rv_centro,2,11.9,58,apartment,2.6,electric,150,14.3,4,0,2.12,1.75,1
20240212_rv_torre_benagalbon,rincon_de_la_victoria,rv_torre_benagalbon,2,14.2,52,apartment,2.8,butane_lpg,650,-0.9,0,0,2.1,1.63,0
20240212_rv_cala_del_moral,rincon_de_la_victoria,rv_cala_del_moral,2,11.5,72,detached_house,3.0,electric,900,-7.0,3,0,2.86,2.28,0
20240212_rv_benagalbon_pueblo,rincon_de_la_victoria,rv_benagalbon_pueblo,2,11.1,44,terraced_house,3.2,none,1800,4.9,0,1,2.95,2.41,0
20240212_me_casco_historico,miranda_de_ebro,me_casco_historico,2,-0.9,48,apartment,2.4,diesel,120,-7.0,3,0,5.33,4.26,0
20240212_me_ircio,miranda_de_ebro,me_ircio,2,1.5,55,apartment,2.7,electric,400,12.4,1,0,5.22,4.1,1
20240212_me_industrial_norte,miranda_de_ebro,me_industrial_norte,2,0.9,40,terraced_house,3.1,diesel,700,-4.6,0,0,6.05,5.08,0
20240212_me_bayas,miranda_de_ebro,me_bayas,2,-1.4,50,detached_house,3.4,butane_lpg,1600,6.6,6,0,6.17,5.09,0
20240213_rv_centro,rincon_de_la_victoria,rv_centro,2,11.2,58,apartment,2.6,electric,150,14.2,2,0,2.24,1.87,0
20240213_rv_torre_benagalbon,rincon_de_la_victoria,rv_torre_benagalbon,2,10.9,52,apartment,2.8,butane_lpg,650,-10.6,2,0,3.03,2.29,1
20240213_rv_cala_del_moral,rincon_de_la_victoria,rv_cala_del_moral,2,11.0,72,detached_house,3.0,electric,900,1.6,2,1,3.67,2.99,0
20240213_rv_benagalbon_pueblo,rincon_de_la_victoria,rv_benagalbon_pueblo,2,12.1,44,terraced_house,3.2,none,1800,20.9,2,0,3.3,2.43,0
20240213_me_casco_historico,miranda_de_ebro,me_casco_historico,2,-0.6,48,apartment,2.4,diesel,120,6.5,2,0,5.89,4.45,1
20240213_me_ircio,miranda_de_ebro,me_ircio,2,1.0,55,apartment,2.7,electric,400,-17.7,0,0,5.79,4.58,0
20240213_me_industrial_norte,miranda_de_ebro,me_industrial_norte,2,1.0,40,terraced_house,3.1,diesel,700,6.5,4,0,8.32,6.4,0
20240213_me_bayas,miranda_de_ebro,me_bayas,2,1.3,50,detached_house,3.4,butane_lpg,1600,-19.5,1,0,6.78,5.22,0
20240214_rv_centro,rincon_de_la_victoria,rv_centro,2,10.2,58,apartment,2.6,electric,150,10.6,3,0,2.79,2.21,0
20240214_rv_torre_benagalbon,rincon_de_la_victoria,rv_torre_benagalbon,2,10.1,52,apartment,2.8,butane_lpg,650,6.4,5,0,2.59,2.02,0
20240214_rv_cala_del_moral,rincon_de_la_victoria,rv_cala_del_moral,2,11.6,72,detached_house,3.0,electric,900,-5.5,2,0,3.33,2.57,0
20240214_rv_benagalbon_pueblo,rincon_de_la_victoria,rv_benagalbon_pueblo,2,10.9,44,terraced_house,3.2,none,1800,-3.9,4,0,3.56,2.91,0
20240214_me_casco_historico,miranda_de_ebro,me_casco_historico,2,2.1,48,apartment,2.4,diesel,120,17.6,0,0,4.45,3.67,0
20240214_me_ircio,miranda_de_ebro,me_ircio,2,2.3,55,apartment,2.7,electric,400,10.3,1,0,5.25,4.17,0
20240214_me_industrial_norte,miranda_de_ebro,me_industrial_norte,2,2.5,40,terraced_house,3.1,diesel,700,4.5,1,0,5.76,4.91,0
20240214_me_bayas,miranda_de_ebro,me_bayas,2,1.4,50,detached_house,3.4,butane_lpg,1600,-8.3,2,0,12.09,9.45,0
20240215_rv_centro,rincon_de_la_victoria,rv_centro,2,10.8,58,apartment,2.6,electric,150,-1.9,4,0,2.13,1.62,0
20240215_rv_torre_benagalbon,rincon_de_la_victoria,rv_torre_benagalbon,2,10.6,52,apartment,2.8,butane_lpg,650,2.6,1,0,2.61,2.11,0
20240215_rv_cala_del_moral,rincon_de_la_victoria,rv_cala_del_moral,2,8.3,72,detached_house,3.0,electric,900,-0.4,1,0,3.94,3.3,0
20240215_rv_benagalbon_pueblo,rincon_de_la_victoria,rv_benagalbon_pueblo,2,12.7,44,terraced_house,3.2,none,1800,14.3,2,0,2.59,2.08,0
20240215_me_casco_historico,miranda_de_ebro,me_casco_historico,2,2.0,48,apartment,2.4,diesel,120,7.8,1,0,5.61,4.46,1
20240215_me_ircio,miranda_de_ebro,me_ircio,2,2.8,55,apartment,2.7,electric,400,-24.1,2,1,5.11,4.2,0
20240215_me_industrial_norte,miranda_de_ebro,me_industrial_norte,2,1.1,40,terraced_house,3.1,diesel,700,-6.0,2,0,8.22,6.06,0
20240215_me_bayas,miranda_de_ebro,me_bayas,2,4.0,50,detached_house,3.4,butane_lpg,1600,0.2,3,0,7.28,5.62,0
20240216_rv_centro,rincon_de_la_victoria,rv_centro,2,10.9,58,apartment,2.6,electric,150,0.1,1,0,3.87,3.11,0
20240216_rv_torre_benagalbon,rincon_de_la_victoria,rv_torre_benagalbon,2,11.0,52,apartment,2.8,butane_lpg,650,8.6,2,0,2.84,2.3,0
20240216_rv_cala_del_moral,rincon_de_la_victoria,rv_cala_del_moral,2,12.3,72,detached_house,3.0,electric,900,6.8,4,0,3.54,2.79,0
20240216_rv_benagalbon_pueblo,rincon_de_la_victoria,rv_benagalbon_pueblo,2,12.8,44,terraced_house,3.2,none,1800,20.4,0,1,3.44,2.84,0
20240216_me_casco_historico,miranda_de_ebro,me_casco_historico,2,3.9,48,apartment,2.4,diesel,120,26.2,4,0,4.77,3.52,1
20240216_me_ircio,miranda_de_ebro,me_ircio,2,3.5,55,apartment,2.7,electric,400,-7.3,1,0,3.96,3.09,1
20240216_me_industrial_norte,miranda_de_ebro,me_industrial_norte,2,1.4,40,terraced_house,3.1,diesel,700,-20.1,1,0,5.41,4.22,0
20240216_me_bayas,miranda_de_ebro,me_bayas,2,1.2,50,detached_house,3.4,butane_lpg,1600,25.9,2,0,7.1,5.62,0
20240217_rv_centro,rincon_de_la_victoria,rv_centro,2,13.2,58,apartment,2.6,electric,150,-0.7,3,0,2.73,2.22,0
20240217_rv_torre_benagalbon,rincon_de_la_victoria,rv_torre_benagalbon,2,12.8,52,apartment,2.8,butane_lpg,650,-8.8,1,0,2.51,1.98,1
20240217_rv_cala_del_moral,rincon_de_la_victoria,rv_cala_del_moral,2,11.0,72,detached_house,3.0,electric,900,15.9,3,1,3.14,2.51,1
20240217_rv_benagalbon_pueblo,rincon_de_la_victoria,rv_benagalbon_pueblo,2,11.1,44,terraced_house,3.2,none,1800,-3.0,5,1,4.41,3.58,1
20240217_me_casco_historico,miranda_de_ebro,me_casco_historico,2,1.4,48,apartment,2.4,diesel,120,1.3,1,0,3.7,3.06,1
20240217_me_ircio,miranda_de_ebro,me_ircio,2,2.3,55,apartment,2.7,electric,400,4.3,0,0,5.59,4.28,0
20240217_me_industrial_norte,miranda_de_ebro,me_industrial_norte,2,1.5,40,terraced_house,3.1,diesel,700,20.3,4,0,5.18,4.07,0
20240217_me_bayas,miranda_de_ebro,me_bayas,2,3.2,50,detached_house,3.4,butane_lpg,1600,13.3,2,1,7.07,5.7,0
20240218_rv_centro,rincon_de_la_victoria,rv_centro,2,11.2,58,apartment,2.6,electric,150,3.4,3,0,2.36,1.83,1
20240218_rv_torre_benagalbon,rincon_de_la_victoria,rv_torre_benagalbon,2,12.5,52,apartment,2.8,butane_lpg,650,-4.9,3,0,2.41,1.89,0
20240218_rv_cala_del_moral,rincon_de_la_victoria,rv_cala_del_moral,2,13.3,72,detached_house,3.0,electric,900,15.6,4,0,2.9,2.23,0
20240218_rv_benagalbon_pueblo,rincon_de_la_victoria,rv_benagalbon_pueblo,2,11.6,44,terraced_house,3.2,none,1800,12.7,0,0,3.36,2.65,0
20240218_me_casco_historico,miranda_de_ebro,me_casco_historico,2,1.9,48,apartment,2.4,diesel,120,-2.1,2,0,5.92,4.54,0
20240218_me_ircio,miranda_de_ebro,me_ircio,2,1.6,55,apartment,2.7,electric,400,-3.9,4,0,5.57,4.45,0
20240218_me_industrial_norte,miranda_de_ebro,me_industrial_norte,2,2.6,40,terraced_house,3.1,diesel,700,-13.5,1,0,4.99,3.82,0
20240218_me_bayas,miranda_de_ebro,me_bayas,2,0.6,50,detached_house,3.4,butane_lpg,1600,12.8,1,0,6.8,4.93,0
20240219_rv_centro,rincon_de_la_victoria,rv_centro,2,12.3,58,apartment,2.6,electric,150,-8.4,2,0,2.81,2.15,0
20240219_rv_torre_benagalbon,rincon_de_la_victoria,rv_torre_benagalbon,2,11.5,52,apartment,2.8,butane_lpg,650,-5.3,2,0,2.09,1.76,0
20240219_rv_cala_del_moral,rincon_de_la_victoria,rv_cala_del_moral,2,11.9,72,detached_house,3.0,electric,900,5.4,5,0,3.15,2.55,1
20240219_rv_benagalbon_pueblo,rincon_de_la_victoria,rv_benagalbon_pueblo,2,12.1,44,terraced_house,3.2,none,1800,6.7,1,0,3.23,2.28,0
20240219_me_casco_historico,miranda_de_ebro,me_casco_historico,2,3.3,48,apartment,2.4,diesel,120,10.6,3,0,5.49,4.28,1
20240219_me_ircio,miranda_de_ebro,me_ircio,2,2.2,55,apartment,2.7,electric,400,-2.5,2,0,4.23,3.38,0
20240219_me_industrial_norte,miranda_de_ebro,me_industrial_norte,2,1.4,40,terraced_house,3.1,diesel,700,11.9,1,0,5.99,5.1,0
20240219_me_bayas,miranda_de_ebro,me_bayas,2,0.8,50,detached_house,3.4,butane_lpg,1600,-1.7,3,1,7.85,6.37,0
20240220_rv_centro,rincon_de_la_victoria,rv_centro,2,10.5,58,apartment,2.6,electric,150,4.7,2,1,3.3,2.53,0
20240220_rv_torre_benagalbon,rincon_de_la_victoria,rv_torre_benagalbon,2,10.6,52,apartment,2.8,butane_lpg,650,1.3,1,0,3.23,2.49,0
20240220_rv_cala_del_moral,rincon_de_la_victoria,rv_cala_del_moral,2,11.9,72,detached_house,3.0,electric,900,-11.4,1,0,2.46,1.8,0
20240220_rv_benagalbon_pueblo,rincon_de_la_victoria,rv_benagalbon_pueblo,2,11.5,44,terraced_house,3.2,none,1800,7.7,2,0,3.08,2.36,0
20240220_me_casco_historico,miranda_de_ebro,me_casco_historico,2,2.8,48,apartment,2.4,diesel,120,5.2,2,0,4.32,3.23,1
20240220_me_ircio,miranda_de_ebro,me_ircio,2,3.1,55,apartment,2.7,electric,400,7.2,6,0,5.97,4.82,0
20240220_me_industrial_norte,miranda_de_ebro,me_industrial_norte,2,3.3,40,terraced_house,3.1,diesel,700,8.9,2,0,6.01,4.81,0
20240220_me_bayas,miranda_de_ebro,me_bayas,2,-0.2,50,detached_house,3.4,butane_lpg,1600,14.9,1,0,7.03,5.63,0
20240221_rv_centro,rincon_de_la_victoria,rv_centro,2,11.3,58,apartment,2.6,electric,150,12.6,5,0,2.99,2.51,1
20240221_rv_torre_benagalbon,rincon_de_la_victoria,rv_torre_benagalbon,2,12.7,52,apartment,2.8,butane_lpg,650,8.5,1,0,3.57,2.86,0
20240221_rv_cala_del_moral,rincon_de_la_victoria,rv_cala_del_moral,2,12.5,72,detached_house,3.0,electric,900,18.6,3,1,3.66,2.94,0
20240221_rv_benagalbon_pueblo,rincon_de_la_victoria,rv_benagalbon_pueblo,2,11.5,44,terraced_house,3.2,none,1800,9.2,1,0,4.5,3.68,0
20240221_me_casco_historico,miranda_de_ebro,me_casco_historico,2,1.5,48,apartment,2.4,diesel,120,4.2,3,0,4.03,3.36,1
20240221_me_ircio,miranda_de_ebro,me_ircio,2,2.3,55,apartment,2.7,electric,400,16.8,0,1,5.85,4.3,1
20240221_me_industrial_norte,miranda_de_ebro,me_industrial_norte,2,3.7,40,terraced_house,3.1,diesel,700,0.6,0,0,4.23,3.31,0
20240221_me_bayas,miranda_de_ebro,me_bayas,2,1.6,50,detached_house,3.4,butane_lpg,1600,14.7,2,0,8.24,6.68,0
20240222_rv_centro,rincon_de_la_victoria,rv_centro,2,11.5,58,apartment,2.6,electric,150,3.5,2,0,1.89,1.39,1
20240222_rv_torre_benagalbon,rincon_de_la_victoria,rv_torre_benagalbon,2,11.4,52,apartment,2.8,butane_lpg,650,3.2,2,0,3.79,2.69,0
20240222_rv_cala_del_moral,rincon_de_la_victoria,rv_cala_del_moral,2,11.8,72,detached_house,3.0,electric,900,17.6,2,0,3.56,2.8,0
20240222_rv_benagalbon_pueblo,rincon_de_la_victoria,rv_benagalbon_pueblo,2,13.5,44,terraced_house,3.2,none,1800,16.9,1,0,2.98,2.54,0
20240222_me_casco_historico,miranda_de_ebro,me_casco_historico,2,1.3,48,apartment,2.4,diesel,120,12.0,1,0,4.67,3.42,0
20240222_me_ircio,miranda_de_ebro,me_ircio,2,3.3,55,apartment,2.7,electric,400,-1.6,2,0,4.88,3.75,0
20240222_me_industrial_norte,miranda_de_ebro,me_industrial_norte,2,0.6,40,terraced_house,3.1,diesel,700,12.9,4,0,6.5,5.1,0
20240222_me_bayas,miranda_de_ebro,me_bayas,2,3.7,50,detached_house,3.4,butane_lpg,1600,-0.0,2,0,6.54,4.98,0
20240223_rv_centro,rincon_de_la_victoria,rv_centro,2,11.5,58,apartment,2.6,electric,150,14.2,2,0,2.82,2.26,0
20240223_rv_torre_benagalbon,rincon_de_la_victoria,rv_torre_benagalbon,2,9.6,52,apartment,2.8,butane_lpg,650,11.5,1,0,2.58,1.93,0
20240223_rv_cala_del_moral,rincon_de_la_victoria,rv_cala_del_moral,2,13.3,72,detached_house,3.0,electric,900,-10.3,2,0,2.18,1.67,1
20240223_rv_benagalbon_pueblo,rincon_de_la_victoria,rv_benagalbon_pueblo,2,12.2,44,terraced_house,3.2,none,1800,-6.3,3,0,2.81,2.23,0
20240223_me_casco_historico,miranda_de_ebro,me_casco_historico,2,3.4,48,apartment,2.4,diesel,120,1.4,3,0,4.36,3.32,0
20240223_me_ircio,miranda_de_ebro,me_ircio,2,2.1,55,apartment,2.7,electric,400,-15.0,2,0,4.06,3.24,0
20240223_me_industrial_norte,miranda_de_ebro,me_industrial_norte,2,2.1,40,terraced_house,3.1,diesel,700,7.1,1,0,6.59,5.17,1
20240223_me_bayas,miranda_de_ebro,me_bayas,2,2.5,50,detached_house,3.4,butane_lpg,1600,11.0,1,0,7.43,5.7,0
20240224_rv_centro,rincon_de_la_victoria,rv_centro,2,12.7,58,apartment,2.6,electric,150,13.6,3,1,2.14,1.72,1
20240224_rv_torre_benagalbon,rincon_de_la_victoria,rv_torre_benagalbon,2,11.5,52,apartment,2.8,butane_lpg,650,0.9,2,1,2.74,2.15,1
20240224_rv_cala_del_moral,rincon_de_la_victoria,rv_cala_del_moral,2,11.5,72,detached_house,3.0,electric,900,2.4,4,0,3.56,2.81,0
20240224_rv_benagalbon_pueblo,rincon_de_la_victoria,rv_benagalbon_pueblo,2,11.4,44,terraced_house,3.2,none,1800,5.2,3,0,4.35,3.36,0
20240224_me_casco_historico,miranda_de_ebro,me_casco_historico,2,2.8,48,apartment,2.4,diesel,120,-3.6,1,0,4.9,3.87,0
20240224_me_ircio,miranda_de_ebro,me_ircio,2,2.7,55,apartment,2.7,electric,400,5.9,1,0,3.98,3.0,0
20240224_me_industrial_norte,miranda_de_ebro,me_industrial_norte,2,3.2,40,terraced_house,3.1,diesel,700,-16.9,1,1,6.73,5.4,0
20240224_me_bayas,miranda_de_ebro,me_bayas,2,4.4,50,detached_house,3.4,butane_lpg,1600,8.3,3,0,7.12,5.73,1
20240225_rv_centro,rincon_de_la_victoria,rv_centro,2,10.4,58,apartment,2.6,electric,150,1.5,2,1,2.95,2.22,0
20240225_rv_torre_benagalbon,rincon_de_la_victoria,rv_torre_benagalbon,2,12.2,52,apartment,2.8,butane_lpg,650,-9.7,4,0,2.1,1.67,0
20240225_rv_cala_del_moral,rincon_de_la_victoria,rv_cala_del_moral,2,11.4,72,detached_house,3.0,electric,900,4.4,1,0,2.68,2.13,1
20240225_rv_benagalbon_pueblo,rincon_de_la_victoria,rv_benagalbon_pueblo,2,12.1,44,terraced_house,3.2,none,1800,-13.8,2,0,3.25,2.58,0
20240225_me_casco_historico,miranda_de_ebro,me_casco_historico,2,3.4,48,apartment,2.4,diesel,120,6.6,3,0,4.13,3.36,0
20240225_me_ircio,miranda_de_ebro,me_ircio,2,5.4,55,apartment,2.7,electric,400,-7.0,2,1,3.97,3.22,0
20240225_me_industrial_norte,miranda_de_ebro,me_industrial_norte,2,2.6,40,terraced_house,3.1,diesel,700,-1.2,3,0,5.23,3.98,0
20240225_me_bayas,miranda_de_ebro,me_bayas,2,2.4,50,detached_house,3.4,butane_lpg,1600,-7.4,5,0,6.84,5.33,0
20240226_rv_centro,rincon_de_la_victoria,rv_centro,2,12.2,58,apartment,2.6,electric,150,-3.4,6,0,2.33,1.87,1
20240226_rv_torre_benagalbon,rincon_de_la_victoria,rv_torre_benagalbon,2,9.9,52,apartment,2.8,butane_lpg,650,6.1,3,0,3.08,2.58,0
20240226_rv_cala_del_moral,rincon_de_la_victoria,rv_cala_del_moral,2,13.4,72,detached_house,3.0,electric,900,16.9,4,0,1.97,1.51,0
20240226_rv_benagalbon_pueblo,rincon_de_la_victoria,rv_benagalbon_pueblo,2,14.4,44,terraced_house,3.2,none,1800,24.3,1,0,2.93,2.25,0
20240226_me_casco_historico,miranda_de_ebro,me_casco_historico,2,6.1,48,apartment,2.4,diesel,120,5.7,0,0,3.74,2.66,0
20240226_me_ircio,miranda_de_ebro,me_ircio,2,4.3,55,apartment,2.7,electric,400,12.3,3,0,3.88,2.96,0
20240226_me_industrial_norte,miranda_de_ebro,me_industrial_norte,2,-0.2,40,terraced_house,3.1,diesel,700,-5.6,2,1,7.3,5.84,0
20240226_me_bayas,miranda_de_ebro,me_bayas,2,2.0,50,detached_house,3.4,butane_lpg,1600,11.6,0,0,5.39,4.3,0
20240227_rv_centro,rincon_de_la_victoria,rv_centro,2,12.4,58,apartment,2.6,electric,150,4.5,4,0,2.5,1.96,1
20240227_rv_torre_benagalbon,rincon_de_la_victoria,rv_torre_benagalbon,2,15.4,52,apartment,2.8,butane_lpg,650,3.2,0,0,1.74,1.37,0
20240227_rv_cala_del_moral,rincon_de_la_victoria,rv_cala_del_moral,2,11.4,72,detached_house,3.0,electric,900,19.8,2,0,3.15,2.63,0
20240227_rv_benagalbon_pueblo,rincon_de_la_victoria,rv_benagalbon_pueblo,2,12.5,44,terraced_house,3.2,none,1800,5.3,2,0,2.22,1.66,0
20240227_me_casco_historico,miranda_de_ebro,me_casco_historico,2,0.8,48,apartment,2.4,diesel,120,15.9,0,0,4.84,3.8,1
20240227_me_ircio,miranda_de_ebro,me_ircio,2,0.5,55,apartment,2.7,electric,400,14.2,3,0,4.94,3.85,0
20240227_me_industrial_norte,miranda_de_ebro,me_industrial_norte,2,2.5,40,terraced_house,3.1,diesel,700,9.7,2,0,5.54,4.05,0
20240227_me_bayas,miranda_de_ebro,me_bayas,2,5.0,50,detached_house,3.4,butane_lpg,1600,8.0,0,1,5.99,4.57,0
20240228_rv_centro,rincon_de_la_victoria,rv_centro,2,11.1,58,apartment,2.6,electric,150,-1.1,1,0,2.12,1.57,0
20240228_rv_torre_benagalbon,rincon_de_la_victoria,rv_torre_benagalbon,2,12.2,52,apartment,2.8,butane_lpg,650,17.9,2,0,2.87,2.29,0
20240228_rv_cala_del_moral,rincon_de_la_victoria,rv_cala_del_moral,2,12.1,72,detached_house,3.0,electric,900,5.8,0,0,2.96,2.33,0
20240228_rv_benagalbon_pueblo,rincon_de_la_victoria,rv_benagalbon_pueblo,2,13.4,44,terraced_house,3.2,none,1800,3.4,4,0,2.65,2.02,0
20240228_me_casco_historico,miranda_de_ebro,me_casco_historico,2,1.6,48,apartment,2.4,diesel,120,-11.5,3,0,4.96,4.08,0
20240228_me_ircio,miranda_de_ebro,me_ircio,2,5.0,55,apartment,2.7,electric,400,-2.1,4,0,4.48,3.45,1
20240228_me_industrial_norte,miranda_de_ebro,me_industrial_norte,2,6.4,40,terraced_house,3.1,diesel,700,6.9,4,0,3.88,2.87,0
20240228_me_bayas,miranda_de_ebro,me_bayas,2,2.4,50,detached_house,3.4,butane_lpg,1600,-7.3,5,0,8.23,6.36,0
20240229_rv_centro,rincon_de_la_victoria,rv_centro,2,10.9,58,apartment,2.6,electric,150,-2.6,1,1,2.97,2.36,0
20240229_rv_torre_benagalbon,rincon_de_la_victoria,rv_torre_benagalbon,2,11.1,52,apartment,2.8,butane_lpg,650,-8.3,2,0,3.02,2.43,0
20240229_rv_cala_del_moral,rincon_de_la_victoria,rv_cala_del_moral,2,11.1,72,detached_house,3.0,electric,900,-5.2,2,0,3.86,2.94,0
20240229_rv_benagalbon_pueblo,rincon_de_la_victoria,rv_benagalbon_pueblo,2,12.4,44,terraced_house,3.2,none,1800,2.0,5,0,3.85,2.95,0
20240229_me_casco_historico,miranda_de_ebro,me_casco_historico,2,3.1,48,apartment,2.4,diesel,120,0.1,0,0,4.11,3.2,0
20240229_me_ircio,miranda_de_ebro,me_ircio,2,3.7,55,apartment,2.7,electric,400,25.6,2,0,4.42,3.57,0
20240229_me_industrial_norte,miranda_de_ebro,me_industrial_norte,2,1.5,40,terraced_house,3.1,diesel,700,15.8,1,0,7.35,5.74,0
20240229_me_bayas,miranda_de_ebro,me_bayas,2,2.4,50,detached_house,3.4,butane_lpg,1600,9.4,3,0,9.82,8.07,0
20240301_rv_centro,rincon_de_la_victoria,rv_centro,3,11.5,58,apartment,2.6,electric,150,17.0,1,0,2.57,1.94,0
20240301_rv_torre_benagalbon,rincon_de_la_victoria,rv_torre_benagalbon,3,12.0,52,apartment,2.8,butane_lpg,650,10.0,1,0,2.71,2.14,0
20240301_rv_cala_del_moral,rincon_de_la_victoria,rv_cala_del_moral,3,12.8,72,detached_house,3.0,electric,900,-5.5,6,0,3.15,2.44,0
20240301_rv_benagalbon_pueblo,rincon_de_la_victoria,rv_benagalbon_pueblo,3,12.1,44,terraced_house,3.2,none,1800,24.4,2,0,3.33,2.53,0
20240301_me_casco_historico,miranda_de_ebro,me_casco_historico,3,4.5,48,apartment,2.4,diesel,120,-14.3,3,0,4.75,3.88,0
20240301_me_ircio,miranda_de_ebro,me_ircio,3,3.7,55,apartment,2.7,electric,400,12.5,3,0,3.58,2.79,0
20240301_me_industrial_norte,miranda_de_ebro,me_industrial_norte,3,4.4,40,terraced_house,3.1,diesel,700,-2.8,1,0,5.74,4.31,0
20240301_me_bayas,miranda_de_ebro,me_bayas,3,5.5,50,detached_house,3.4,butane_lpg,1600,1.3,3,0,5.3,4.11,0
20240302_rv_centro,rincon_de_la_victoria,rv_centro,3,14.0,58,apartment,2.6,electric,150,-1.1,4,0,2.17,1.74,0
20240302_rv_torre_benagalbon,rincon_de_la_victoria,rv_torre_benagalbon,3,12.4,52,apartment,2.8,butane_lpg,650,7.3,2,0,2.58,2.08,0
20240302_rv_cala_del_moral,rincon_de_la_victoria,rv_cala_del_moral,3,13.6,72,detached_house,3.0,electric,900,1.7,4,0,2.37,1.84,0
20240302_rv_benagalbon_pueblo,rincon_de_la_victoria,rv_benagalbon_pueblo,3,14.2,44,terraced_house,3.2,none,1800,7.7,2,0,2.51,1.92,0
20240302_me_casco_historico,miranda_de_ebro,me_casco_historico,3,3.8,48,apartment,2.4,diesel,120,-6.5,0,0,4.35,3.4,0
20240302_me_ircio,miranda_de_ebro,me_ircio,3,3.8,55,apartment,2.7,electric,400,3.7,1,0,3.75,3.03,0
20240302_me_industrial_norte,miranda_de_ebro,me_industrial_norte,3,3.6,40,terraced_house,3.1,diesel,700,-3.7,2,0,6.11,4.92,0
20240302_me_bayas,miranda_de_ebro,me_bayas,3,2.6,50,detached_house,3.4,butane_lpg,1600,19.1,4,0,8.66,6.73,0
20240303_rv_centro,rincon_de_la_victoria,rv_centro,3,15.2,58,apartment,2.6,electric,150,1.0,1,0,1.55,1.26,0
20240303_rv_torre_benagalbon,rincon_de_la_victoria,rv_torre_benagalbon,3,12.9,52,apartment,2.8,butane_lpg,650,-4.5,3,0,2.62,2.09,1
20240303_rv_cala_del_moral,rincon_de_la_victoria,rv_cala_del_moral,3,12.6,72,detached_house,3.0,electric,900,12.0,5,0,2.61,2.07,1
20240303_rv_benagalbon_pueblo,rincon_de_la_victoria,rv_benagalbon_pueblo,3,14.9,44,terraced_house,3.2,none,1800,6.6,1,0,2.63,2.09,0
20240303_me_casco_historico,miranda_de_ebro,me_casco_historico,3,3.6,48,apartment,2.4,diesel,120,-2.0,0,0,4.3,3.37,1
20240303_me_ircio,miranda_de_ebro,me_ircio,3,4.4,55,apartment,2.7,electric,400,-13.1,1,0,3.73,2.99,1
20240303_me_industrial_norte,miranda_de_ebro,me_industrial_norte,3,4.3,40,terraced_house,3.1,diesel,700,-13.3,6,0,6.15,5.01,0
20240303_me_bayas,miranda_de_ebro,me_bayas,3,2.6,50,detached_house,3.4,butane_lpg,1600,20.1,0,0,7.54,5.77,0
20240304_rv_centro,rincon_de_la_victoria,rv_centro,3,16.0,58,apartment,2.6,electric,150,8.8,2,0,1.79,1.33,1
20240304_rv_torre_benagalbon,rincon_de_la_victoria,rv_torre_benagalbon,3,12.4,52,apartment,2.8,butane_lpg,650,-6.2,3,0,2.49,1.96,1
20240304_rv_cala_del_moral,rincon_de_la_victoria,rv_cala_del_moral,3,10.7,72,detached_house,3.0,electric,900,11.0,1,0,3.74,2.93,1
20240304_rv_benagalbon_pueblo,rincon_de_la_victoria,rv_benagalbon_pueblo,3,13.2,44,terraced_house,3.2,none,1800,21.1,4,0,3.79,2.89,0
20240304_me_casco_historico,miranda_de_ebro,me_casco_historico,3,3.7,48,apartment,2.4,diesel,120,4.0,4,0,5.59,3.97,1
20240304_me_ircio,miranda_de_ebro,me_ircio,3,3.2,55,apartment,2.7,electric,400,8.8,3,0,4.61,3.63,0
20240304_me_industrial_norte,miranda_de_ebro,me_industrial_norte,3,5.8,40,terraced_house,3.1,diesel,700,7.9,1,0,3.98,3.27,0
20240304_me_bayas,miranda_de_ebro,me_bayas,3,4.1,50,detached_house,3.4,butane_lpg,1600,6.9,0,0,6.6,4.73,0
20240305_rv_centro,rincon_de_la_victoria,rv_centro,3,14.9,58,apartment,2.6,electric,150,-8.0,5,0,2.27,1.71,0
20240305_rv_torre_benagalbon,rincon_de_la_victoria,rv_torre_benagalbon,3,14.0,52,apartment,2.8,butane_lpg,650,-6.4,0,0,1.78,1.31,0
20240305_rv_cala_del_moral,rincon_de_la_victoria,rv_cala_del_moral,3,12.2,72,detached_house,3.0,electric,900,-6.4,2,0,2.94,2.24,0
20240305_rv_benagalbon_pueblo,rincon_de_la_victoria,rv_benagalbon_pueblo,3,14.2,44,terraced_house,3.2,none,1800,11.6,4,0,3.16,2.39,0
20240305_me_casco_historico,miranda_de_ebro,me_casco_historico,3,4.7,48,apartment,2.4,diesel,120,3.6,2,0,5.29,4.32,0
20240305_me_ircio,miranda_de_ebro,me_ircio,3,4.6,55,apartment,2.7,electric,400,13.1,3,0,3.55,2.82,0
20240305_me_industrial_norte,miranda_de_ebro,me_industrial_norte,3,5.5,40,terraced_house,3.1,diesel,700,-10.6,3,0,4.26,3.36,0
20240305_me_bayas,miranda_de_ebro,me_bayas,3,1.5,50,detached_house,3.4,butane_lpg,1600,4.4,6,0,9.59,7.6,0
20240306_rv_centro,rincon_de_la_victoria,rv_centro,3,12.2,58,apartment,2.6,electric,150,-4.3,3,0,2.31,1.81,0
20240306_rv_torre_benagalbon,rincon_de_la_victoria,rv_torre_benagalbon,3,15.4,52,apartment,2.8,butane_lpg,650,1.4,4,0,1.91,1.49,0
20240306_rv_cala_del_moral,rincon_de_la_victoria,rv_cala_del_moral,3,13.9,72,detached_house,3.0,electric,900,11.3,3,0,1.86,1.46,0
20240306_rv_benagalbon_pueblo,rincon_de_la_victoria,rv_benagalbon_pueblo,3,13.1,44,terraced_house,3.2,none,1800,-15.9,1,0,2.83,2.06,0
20240306_me_casco_historico,miranda_de_ebro,me_casco_historico,3,3.1,48,apartment,2.4,diesel,120,-0.7,2,0,4.08,3.14,0
20240306_me_ircio,miranda_de_ebro,me_ircio,3,5.4,55,apartment,2.7,electric,400,7.8,1,0,4.3,3.45,0
20240306_me_industrial_norte,miranda_de_ebro,me_industrial_norte,3,3.0,40,terraced_house,3.1,diesel,700,4.9,1,0,5.62,4.42,0
20240306_me_bayas,miranda_de_ebro,me_bayas,3,7.3,50,detached_house,3.4,butane_lpg,1600,-8.0,4,0,5.43,4.23,0
20240307_rv_centro,rincon_de_la_victoria,rv_centro,3,12.8,58,apartment,2.6,electric,150,2.8,0,0,2.66,2.0,0
20240307_rv_torre_benagalbon,rincon_de_la_victoria,rv_torre_benagalbon,3,15.3,52,apartment,2.8,butane_lpg,650,-4.2,2,0,1.58,1.25,0
20240307_rv_cala_del_moral,rincon_de_la_victoria,rv_cala_del_moral,3,12.7,72,detached_house,3.0,electric,900,13.5,2,0,2.89,2.23,0
20240307_rv_benagalbon_pueblo,rincon_de_la_victoria,rv_benagalbon_pueblo,3,11.2,44,terraced_house,3.2,none,1800,-2.4,1,0,2.87,2.12,0
20240307_me_casco_historico,miranda_de_ebro,me_casco_historico,3,4.9,48,apartment,2.4,diesel,120,-8.9,2,0,4.84,3.75,0
20240307_me_ircio,miranda_de_ebro,me_ircio,3,2.2,55,apartment,2.7,electric,400,7.9,5,0,4.16,3.27,0
20240307_me_industrial_norte,miranda_de_ebro,me_industrial_norte,3,4.0,40,terraced_house,3.1,diesel,700,0.6,4,0,6.58,5.29,0
20240307_me_bayas,miranda_de_ebro,me_bayas,3,3.5,50,detached_house,3.4,butane_lpg,1600,-8.4,2,0,6.75,5.29,0
20240308_rv_centro,rincon_de_la_victoria,rv_centro,3,14.4,58,apartment,2.6,electric,150,23.7,4,0,2.28,1.8,0
20240308_rv_torre_benagalbon,rincon_de_la_victoria,rv_torre_benagalbon,3,12.0,52,apartment,2.8,butane_lpg,650,-3.4,0,0,3.5,2.72,0
20240308_rv_cala_del_moral,rincon_de_la_victoria,rv_cala_del_moral,3,13.1,72,detached_house,3.0,electric,900,-8.1,0,1,2.94,2.13,0
20240308_rv_benagalbon_pueblo,rincon_de_la_victoria,rv_benagalbon_pueblo,3,14.4,44,terraced_house,3.2,none,1800,4.4,1,0,2.17,1.65,0
20240308_me_casco_historico,miranda_de_ebro,me_casco_historico,3,5.7,48,apartment,2.4,diesel,120,-9.1,5,0,3.72,2.97,1
20240308_me_ircio,miranda_de_ebro,me_ircio,3,3.6,55,apartment,2.7,electric,400,15.3,2,0,3.16,2.51,1
20240308_me_industrial_norte,miranda_de_ebro,me_industrial_norte,3,2.8,40,terraced_house,3.1,diesel,700,13.8,2,0,6.69,4.93,0
20240308_me_bayas,miranda_de_ebro,me_bayas,3,4.0,50,detached_house,3.4,butane_lpg,1600,-4.9,2,0,5.51,4.23,0
20240309_rv_centro,rincon_de_la_victoria,rv_centro,3,12.7,58,apartment,2.6,electric,150,6.1,3,0,2.4,1.87,0
20240309_rv_torre_benagalbon,rincon_de_la_victoria,rv_torre_benagalbon,3,14.5,52,apartment,2.8,butane_lpg,650,-1.3,2,0,1.67,1.31,0
20240309_rv_cala_del_moral,rincon_de_la_victoria,rv_cala_del_moral,3,12.3,72,detached_house,3.0,electric,900,-1.4,2,0,3.44,2.76,0
20240309_rv_benagalbon_pueblo,rincon_de_la_victoria,rv_benagalbon_pueblo,3,15.1,44,terraced_house,3.2,none,1800,20.9,2,0,2.14,1.78,0
20240309_me_casco_historico,miranda_de_ebro,me_casco_historico,3,2.4,48,apartment,2.4,diesel,120,-2.4,2,0,3.93,3.06,0
20240309_me_ircio,miranda_de_ebro,me_ircio,3,7.2,55,apartment,2.7,electric,400,16.2,2,0,5.7,4.41,0
20240309_me_industrial_norte,miranda_de_ebro,me_industrial_norte,3,3.5,40,terraced_house,3.1,diesel,700,5.4,4,0,5.28,4.3,0
20240309_me_bayas,miranda_de_ebro,me_bayas,3,5.7,50,detached_house,3.4,butane_lpg,1600,-6.9,0,0,6.74,5.12,0
20240310_rv_centro,rincon_de_la_victoria,rv_centro,3,11.7,58,apartment,2.6,electric,150,8.5,1,0,1.9,1.51,0
20240310_rv_torre_benagalbon,rincon_de_la_victoria,rv_torre_benagalbon,3,14.7,52,apartment,2.8,butane_lpg,650,2.4,4,0,2.05,1.65,0
20240310_rv_cala_del_moral,rincon_de_la_victoria,rv_cala_del_moral,3,11.7,72,detached_house,3.0,electric,900,8.6,4,0,3.94,3.21,1
20240310_rv_benagalbon_pueblo,rincon_de_la_victoria,rv_benagalbon_pueblo,3,12.8,44,terraced_house,3.2,none,1800,25.0,2,0,3.11,2.32,0
20240310_me_casco_historico,miranda_de_ebro,me_casco_historico,3,5.3,48,apartment,2.4,diesel,120,-8.1,6,0,3.88,2.98,1
20240310_me_ircio,miranda_de_ebro,me_ircio,3,4.9,55,apartment,2.7,electric,400,11.2,1,0,4.29,3.39,0
20240310_me_industrial_norte,miranda_de_ebro,me_industrial_norte,3,4.2,40,terraced_house,3.1,diesel,700,-7.0,5,0,5.27,4.09,1
20240310_me_bayas,miranda_de_ebro,me_bayas,3,3.3,50,detached_house,3.4,butane_lpg,1600,-14.3,1,0,6.49,4.77,0
20240311_rv_centro,rincon_de_la_victoria,rv_centro,3,13.6,58,apartment,2.6,electric,150,-0.3,2,1,2.34,1.85,0
20240311_rv_torre_benagalbon,rincon_de_la_victoria,rv_torre_benagalbon,3,14.7,52,apartment,2.8,butane_lpg,650,11.8,1,0,1.87,1.44,0
20240311_rv_cala_del_moral,rincon_de_la_victoria,rv_cala_del_moral,3,13.7,72,detached_house,3.0,electric,900,5.4,2,0,2.97,2.46,0
20240311_rv_benagalbon_pueblo,rincon_de_la_victoria,rv_benagalbon_pueblo,3,14.2,44,terraced_house,3.2,none,1800,-2.5,0,0,2.66,2.08,0
20240311_me_casco_historico,miranda_de_ebro,me_casco_historico,3,5.8,48,apartment,2.4,diesel,120,-0.3,1,0,4.95,3.89,0
20240311_me_ircio,miranda_de_ebro,me_ircio,3,5.5,55,apartment,2.7,electric,400,-6.8,0,1,3.45,2.8,1
20240311_me_industrial_norte,miranda_de_ebro,me_industrial_norte,3,5.0,40,terraced_house,3.1,diesel,700,4.8,2,0,4.68,3.44,0
20240311_me_bayas,miranda_de_ebro,me_bayas,3,4.1,50,detached_house,3.4,butane_lpg,1600,-2.0,4,0,4.92,3.86,0
20240312_rv_centro,rincon_de_la_victoria,rv_centro,3,13.9,58,apartment,2.6,electric,150,1.9,5,0,2.12,1.67,0
20240312_rv_torre_benagalbon,rincon_de_la_victoria,rv_torre_benagalbon,3,12.5,52,apartment,2.8,butane_lpg,650,12.7,0,0,2.36,1.84,1
20240312_rv_cala_del_moral,rincon_de_la_victoria,rv_cala_del_moral,3,14.7,72,detached_house,3.0,electric,900,4.3,1,0,2.25,1.81,0
20240312_rv_benagalbon_pueblo,rincon_de_la_victoria,rv_benagalbon_pueblo,3,15.9,44,terraced_house,3.2,none,1800,0.1,2,1,1.81,1.47,0
20240312_me_casco_historico,miranda_de_ebro,me_casco_historico,3,5.6,48,apartment,2.4,diesel,120,7.1,3,0,3.74,2.87,1
20240312_me_ircio,miranda_de_ebro,me_ircio,3,4.4,55,apartment,2.7,electric,400,6.5,2,0,4.02,3.22,1
20240312_me_industrial_norte,miranda_de_ebro,me_industrial_norte,3,5.6,40,terraced_house,3.1,diesel,700,1.7,4,0,5.58,4.26,0
20240312_me_bayas,miranda_de_ebro,me_bayas,3,5.0,50,detached_house,3.4,butane_lpg,1600,-13.1,3,0,7.87,6.57,0
20240313_rv_centro,rincon_de_la_victoria,rv_centro,3,15.2,58,apartment,2.6,electric,150,26.7,3,0,1.5,1.17,1
20240313_rv_torre_benagalbon,rincon_de_la_victoria,rv_torre_benagalbon,3,13.1,52,apartment,2.8,butane_lpg,650,4.5,2,0,3.21,2.61,0
20240313_rv_cala_del_moral,rincon_de_la_victoria,rv_cala_del_moral,3,16.3,72,detached_house,3.0,electric,900,8.0,1,0,2.11,1.67,0
20240313_rv_benagalbon_pueblo,rincon_de_la_victoria,rv_benagalbon_pueblo,3,15.4,44,terraced_house,3.2,none,1800,-0.6,1,0,1.99,1.53,0
20240313_me_casco_historico,miranda_de_ebro,me_casco_historico,3,5.1,48,apartment,2.4,diesel,120,-0.3,1,0,4.04,2.95,0
20240313_me_ircio,miranda_de_ebro,me_ircio,3,6.5,55,apartment,2.7,electric,400,-6.9,3,0,3.91,3.3,0
20240313_me_industrial_norte,miranda_de_ebro,me_industrial_norte,3,5.2,40,terraced_house,3.1,diesel,700,8.8,1,1,5.36,4.38,1
20240313_me_bayas,miranda_de_ebro,me_bayas,3,2.6,50,detached_house,3.4,butane_lpg,1600,2.0,2,0,6.58,4.81,0
20240314_rv_centro,rincon_de_la_victoria,rv_centro,3,13.5,58,apartment,2.6,electric,150,-15.1,4,0,1.86,1.41,1
20240314_rv_torre_benagalbon,rincon_de_la_victoria,rv_torre_benagalbon,3,13.9,52,apartment,2.8,butane_lpg,650,-2.7,1,0,2.09,1.72,0
20240314_rv_cala_del_moral,rincon_de_la_victoria,rv_cala_del_moral,3,14.7,72,detached_house,3.0,electric,900,14.6,2,0,2.33,1.78,0
20240314_rv_benagalbon_pueblo,rincon_de_la_victoria,rv_benagalbon_pueblo,3,11.8,44,terraced_house,3.2,none,1800,-2.8,2,0,3.44,2.54,0
20240314_me_casco_historico,miranda_de_ebro,me_casco_historico,3,7.2,48,apartment,2.4,diesel,120,7.8,2,0,4.13,3.18,0
20240314_me_ircio,miranda_de_ebro,me_ircio,3,5.5,55,apartment,2.7,electric,400,6.4,4,0,4.06,3.26,0
20240314_me_industrial_norte,miranda_de_ebro,me_industrial_norte,3,6.1,40,terraced_house,3.1,diesel,700,6.2,3,0,5.54,4.33,0
20240314_me_bayas,miranda_de_ebro,me_bayas,3,7.0,50,detached_house,3.4,butane_lpg,1600,3.8,2,0,6.17,4.87,0
20240315_rv_centro,rincon_de_la_victoria,rv_centro,3,12.2,58,apartment,2.6,electric,150,-0.5,2,0,2.34,1.84,1
20240315_rv_torre_benagalbon,rincon_de_la_victoria,rv_torre_benagalbon,3,12.3,52,apartment,2.8,butane_lpg,650,13.1,2,0,2.19,1.74,1
20240315_rv_cala_del_moral,rincon_de_la_victoria,rv_cala_del_moral,3,12.1,72,detached_house,3.0,electric,900,-18.7,2,0,2.81,2.16,0
20240315_rv_benagalbon_pueblo,rincon_de_la_victoria,rv_benagalbon_pueblo,3,15.0,44,terraced_house,3.2,none,1800,13.2,0,0,2.26,1.78,0
20240315_me_casco_historico,miranda_de_ebro,me_casco_historico,3,3.6,48,apartment,2.4,diesel,120,17.8,2,0,4.23,3.13,1
20240315_me_ircio,miranda_de_ebro,me_ircio,3,4.9,55,apartment,2.7,electric,400,2.5,4,0,4.06,3.03,0
20240315_me_industrial_norte,miranda_de_ebro,me_industrial_norte,3,5.8,40,terraced_house,3.1,diesel,700,23.5,3,0,5.44,4.09,0
20240315_me_bayas,miranda_de_ebro,me_bayas,3,7.7,50,detached_house,3.4,butane_lpg,1600,-9.3,2,0,5.99,4.75,1
20240316_rv_centro,rincon_de_la_victoria,rv_centro,3,17.1,58,apartment,2.6,electric,150,-3.2,1,0,1.16,0.86,0
20240316_rv_torre_benagalbon,rincon_de_la_victoria,rv_torre_benagalbon,3,15.3,52,apartment,2.8,butane_lpg,650,-11.8,1,0,1.74,1.34,0
20240316_rv_cala_del_moral,rincon_de_la_victoria,rv_cala_del_moral,3,14.2,72,detached_house,3.0,electric,900,14.2,0,0,1.81,1.45,0
20240316_rv_benagalbon_pueblo,rincon_de_la_victoria,rv_benagalbon_pueblo,3,15.5,44,terraced_house,3.2,none,1800,-0.3,6,0,2.09,1.58,0
20240316_me_casco_historico,miranda_de_ebro,me_casco_historico,3,5.8,48,apartment,2.4,diesel,120,4.5,3,0,2.74,2.13,1
20240316_me_ircio,miranda_de_ebro,me_ircio,3,6.3,55,apartment,2.7,electric,400,15.1,1,0,3.64,2.72,0
20240316_me_industrial_norte,miranda_de_ebro,me_industrial_norte,3,6.7,40,terraced_house,3.1,diesel,700,-4.7,1,0,4.99,4.13,0
20240316_me_bayas,miranda_de_ebro,me_bayas,3,5.6,50,detached_house,3.4,butane_lpg,1600,13.0,2,0,4.53,3.35,0
20240317_rv_centro,rincon_de_la_victoria,rv_centro,3,13.2,58,apartment,2.6,electric,150,13.5,0,0,2.19,1.69,0
20240317_rv_torre_benagalbon,rincon_de_la_victoria,rv_torre_benagalbon,3,15.9,52,apartment,2.8,butane_lpg,650,-4.0,1,0,1.23,0.97,0
20240317_rv_cala_del_moral,rincon_de_la_victoria,rv_cala_del_moral,3,12.7,72,detached_house,3.0,electric,900,-4.5,3,0,2.44,1.84,0
20240317_rv_benagalbon_pueblo,rincon_de_la_victoria,rv_benagalbon_pueblo,3,14.6,44,terraced_house,3.2,none,1800,3.7,2,0,2.82,2.27,0
20240317_me_casco_historico,miranda_de_ebro,me_casco_historico,3,5.3,48,apartment,2.4,diesel,120,-14.0,1,0,3.77,2.82,1
20240317_me_ircio,miranda_de_ebro,me_ircio,3,8.3,55,apartment,2.7,electric,400,17.5,2,0,3.22,2.41,0
20240317_me_industrial_norte,miranda_de_ebro,me_industrial_norte,3,6.1,40,terraced_house,3.1,diesel,700,-9.6,2,0,5.65,4.36,0
20240317_me_bayas,miranda_de_ebro,me_bayas,3,6.3,50,detached_house,3.4,butane_lpg,1600,3.8,5,0,5.67,4.46,0
20240318_rv_centro,rincon_de_la_victoria,rv_centro,3,14.7,58,apartment,2.6,electric,150,-3.1,2,0,1.47,1.17,0
20240318_rv_torre_benagalbon,rincon_de_la_victoria,rv_torre_benagalbon,3,13.0,52,apartment,2.8,butane_lpg,650,6.1,2,0,3.14,2.48,0
20240318_rv_cala_del_moral,rincon_de_la_victoria,rv_cala_del_moral,3,14.9,72,detached_house,3.0,electric,900,2.0,2,0,2.2,1.73,0
20240318_rv_benagalbon_pueblo,rincon_de_la_victoria,rv_benagalbon_pueblo,3,13.3,44,terraced_house,3.2,none,1800,1.2,2,0,2.52,2.0,0
20240318_me_casco_historico,miranda_de_ebro,me_casco_historico,3,5.3,48,apartment,2.4,diesel,120,7.3,2,0,4.54,3.69,0
20240318_me_ircio,miranda_de_ebro,me_ircio,3,5.4,55,apartment,2.7,electric,400,3.8,2,0,4.33,3.27,0
20240318_me_industrial_norte,miranda_de_ebro,me_industrial_norte,3,3.9,40,terraced_house,3.1,diesel,700,26.0,3,0,5.4,4.09,0
20240318_me_bayas,miranda_de_ebro,me_bayas,3,7.9,50,detached_house,3.4,butane_lpg,1600,-13.2,1,0,7.01,5.36,0
20240319_rv_centro,rincon_de_la_victoria,rv_centro,3,14.8,58,apartment,2.6,electric,150,11.2,0,0,1.44,1.1,0
20240319_rv_torre_benagalbon,rincon_de_la_victoria,rv_torre_benagalbon,3,12.6,52,apartment,2.8,butane_lpg,650,6.4,5,0,2.21,1.79,1
20240319_rv_cala_del_moral,rincon_de_la_victoria,rv_cala_del_moral,3,13.5,72,detached_house,3.0,electric,900,3.6,2,0,2.51,2.05,0
20240319_rv_benagalbon_pueblo,rincon_de_la_victoria,rv_benagalbon_pueblo,3,11.4,44,terraced_house,3.2,none,1800,8.2,0,0,3.03,2.3,0
20240319_me_casco_historico,miranda_de_ebro,me_casco_historico,3,7.0,48,apartment,2.4,diesel,120,-0.8,2,1,3.99,3.11,0
20240319_me_ircio,miranda_de_ebro,me_ircio,3,5.0,55,apartment,2.7,electric,400,16.3,4,0,4.41,3.57,0
20240319_me_industrial_norte,miranda_de_ebro,me_industrial_norte,3,5.0,40,terraced_house,3.1,diesel,700,7.4,3,0,4.21,3.43,0
20240319_me_bayas,miranda_de_ebro,me_bayas,3,4.2,50,detached_house,3.4,butane_lpg,1600,4.0,3,0,7.5,6.07,0
20240320_rv_centro,rincon_de_la_victoria,rv_centro,3,14.0,58,apartment,2.6,electric,150,-6.2,0,0,1.86,1.41,0
20240320_rv_torre_benagalbon,rincon_de_la_victoria,rv_torre_benagalbon,3,15.6,52,apartment,2.8,butane_lpg,650,14.9,1,0,2.04,1.73,0
20240320_rv_cala_del_moral,rincon_de_la_victoria,rv_cala_del_moral,3,15.1,72,detached_house,3.0,electric,900,-8.2,1,0,1.59,1.16,0
20240320_rv_benagalbon_pueblo,rincon_de_la_victoria,rv_benagalbon_pueblo,3,15.8,44,terraced_house,3.2,none,1800,2.0,4,0,2.17,1.64,0
20240320_me_casco_historico,miranda_de_ebro,me_casco_historico,3,7.1,48,apartment,2.4,diesel,120,-0.2,1,0,3.97,3.46,0
20240320_me_ircio,miranda_de_ebro,me_ircio,3,4.7,55,apartment,2.7,electric,400,-7.9,3,0,5.28,4.08,0
20240320_me_industrial_norte,miranda_de_ebro,me_industrial_norte,3,6.0,40,terraced_house,3.1,diesel,700,7.0,3,0,5.22,4.12,0
20240320_me_bayas,miranda_de_ebro,me_bayas,3,7.6,50,detached_house,3.4,butane_lpg,1600,3.3,2,0,6.07,4.5,0
20240321_rv_centro,rincon_de_la_victoria,rv_centro,3,14.7,58,apartment,2.6,electric,150,-3.4,2,1,2.17,1.73,0
20240321_rv_torre_benagalbon,rincon_de_la_victoria,rv_torre_benagalbon,3,17.0,52,apartment,2.8,butane_lpg,650,14.0,1,0,1.78,1.38,0
20240321_rv_cala_del_moral,rincon_de_la_victoria,rv_cala_del_moral,3,13.9,72,detached_house,3.0,electric,900,-7.5,1,0,2.12,1.63,0
20240321_rv_benagalbon_pueblo,rincon_de_la_victoria,rv_benagalbon_pueblo,3,13.3,44,terraced_house,3.2,none,1800,14.3,3,0,3.2,2.37,0
20240321_me_casco_historico,miranda_de_ebro,me_casco_historico,3,6.6,48,apartment,2.4,diesel,120,8.5,3,0,3.24,2.46,0
20240321_me_ircio,miranda_de_ebro,me_ircio,3,7.1,55,apartment,2.7,electric,400,13.8,2,1,4.05,3.37,1
20240321_me_industrial_norte,miranda_de_ebro,me_industrial_norte,3,5.2,40,terraced_house,3.1,diesel,700,8.6,4,0,5.81,4.51,0
20240321_me_bayas,miranda_de_ebro,me_bayas,3,6.7,50,detached_house,3.4,butane_lpg,1600,6.0,2,0,4.46,3.62,0
20240322_rv_centro,rincon_de_la_victoria,rv_centro,3,15.3,58,apartment,2.6,electric,150,7.4,2,0,2.04,1.54,0
20240322_rv_torre_benagalbon,rincon_de_la_victoria,rv_torre_benagalbon,3,14.3,52,apartment,2.8,butane_lpg,650,-7.4,4,0,1.59,1.25,0
20240322_rv_cala_del_moral,rincon_de_la_victoria,rv_cala_del_moral,3,14.9,72,detached_house,3.0,electric,900,-4.9,2,0,2.78,2.11,0
20240322_rv_benagalbon_pueblo,rincon_de_la_victoria,rv_benagalbon_pueblo,3,15.5,44,terraced_house,3.2,none,1800,-2.7,2,0,2.12,1.69,0
20240322_me_casco_historico,miranda_de_ebro,me_casco_historico,3,6.1,48,apartment,2.4,diesel,120,-15.7,2,0,4.05,3.13,0
20240322_me_ircio,miranda_de_ebro,me_ircio,3,3.7,55,apartment,2.7,electric,400,1.3,1,0,5.18,4.06,0
20240322_me_industrial_norte,miranda_de_ebro,me_industrial_norte,3,4.7,40,terraced_house,3.1,diesel,700,-4.5,2,0,4.29,3.43,0
20240322_me_bayas,miranda_de_ebro,me_bayas,3,5.6,50,detached_house,3.4,butane_lpg,1600,0.1,1,0,7.25,5.99,0
20240323_rv_centro,rincon_de_la_victoria,rv_centro,3,17.2,58,apartment,2.6,electric,150,10.8,3,1,1.85,1.44,0
20240323_rv_torre_benagalbon,rincon_de_la_victoria,rv_torre_benagalbon,3,17.9,52,apartment,2.8,butane_lpg,650,30.1,3,0,1.85,1.46,0
20240323_rv_cala_del_moral,rincon_de_la_victoria,rv_cala_del_moral,3,15.1,72,detached_house,3.0,electric,900,4.0,3,0,2.04,1.51,0
20240323_rv_benagalbon_pueblo,rincon_de_la_victoria,rv_benagalbon_pueblo,3,16.8,44,terraced_house,3.2,none,1800,-0.4,4,0,1.71,1.34,0
20240323_me_casco_historico,miranda_de_ebro,me_casco_historico,3,7.8,48,apartment,2.4,diesel,120,-7.3,2,0,3.2,2.28,1
20240323_me_ircio,miranda_de_ebro,me_ircio,3,6.9,55,apartment,2.7,electric,400,-10.3,4,0,4.44,3.38,1
20240323_me_industrial_norte,miranda_de_ebro,me_industrial_norte,3,8.1,40,terraced_house,3.1,diesel,700,5.5,4,0,3.4,2.66,0
20240323_me_bayas,miranda_de_ebro,me_bayas,3,8.4,50,detached_house,3.4,butane_lpg,1600,10.9,5,0,3.94,3.12,0
20240324_rv_centro,rincon_de_la_victoria,rv_centro,3,13.7,58,apartment,2.6,electric,150,4.6,2,0,1.81,1.46,0
20240324_rv_torre_benagalbon,rincon_de_la_victoria,rv_torre_benagalbon,3,15.3,52,apartment,2.8,butane_lpg,650,2.6,7,0,2.17,1.67,0
20240324_rv_cala_del_moral,rincon_de_la_victoria,rv_cala_del_moral,3,15.8,72,detached_house,3.0,electric,900,19.4,0,0,1.53,1.21,0
20240324_rv_benagalbon_pueblo,rincon_de_la_victoria,rv_benagalbon_pueblo,3,15.9,44,terraced_house,3.2,none,1800,-6.2,0,0,2.09,1.64,0
20240324_me_casco_historico,miranda_de_ebro,me_casco_historico,3,5.2,48,apartment,2.4,diesel,120,-7.6,1,0,4.24,3.39,0
20240324_me_ircio,miranda_de_ebro,me_ircio,3,6.2,55,apartment,2.7,electric,400,-5.7,3,0,3.61,2.55,0
20240324_me_industrial_norte,miranda_de_ebro,me_industrial_norte,3,8.8,40,terraced_house,3.1,diesel,700,-8.0,2,0,4.55,3.47,0
20240324_me_bayas,miranda_de_ebro,me_bayas,3,7.7,50,detached_house,3.4,butane_lpg,1600,-0.9,1,1,5.29,4.14,0
20240325_rv_centro,rincon_de_la_victoria,rv_centro,3,14.2,58,apartment,2.6,electric,150,19.8,0,0,1.33,1.12,0
20240325_rv_torre_benagalbon,rincon_de_la_victoria,rv_torre_benagalbon,3,15.0,52,apartment,2.8,butane_lpg,650,-9.5,2,0,1.51,1.17,0
20240325_rv_cala_del_moral,rincon_de_la_victoria,rv_cala_del_moral,3,14.9,72,detached_house,3.0,electric,900,24.2,3,0,2.25,1.79,1
20240325_rv_benagalbon_pueblo,rincon_de_la_victoria,rv_benagalbon_pueblo,3,14.5,44,terraced_house,3.2,none,1800,4.9,1,0,2.07,1.61,0
20240325_me_casco_historico,miranda_de_ebro,me_casco_historico,3,5.3,48,apartment,2.4,diesel,120,3.4,1,0,3.3,2.7,1
20240325_me_ircio,miranda_de_ebro,me_ircio,3,7.5,55,apartment,2.7,electric,400,2.1,2,0,3.29,2.62,0
20240325_me_industrial_norte,miranda_de_ebro,me_industrial_norte,3,9.6,40,terraced_house,3.1,diesel,700,-7.8,4,0,3.21,2.62,0
20240325_me_bayas,miranda_de_ebro,me_bayas,3,7.6,50,detached_house,3.4,butane_lpg,1600,7.8,1,0,5.15,4.15,0
20240326_rv_centro,rincon_de_la_victoria,rv_centro,3,14.1,58,apartment,2.6,electric,150,13.1,1,0,2.08,1.54,1
20240326_rv_torre_benagalbon,rincon_de_la_victoria,rv_torre_benagalbon,3,13.7,52,apartment,2.8,butane_lpg,650,12.9,0,0,1.83,1.49,0
20240326_rv_cala_del_moral,rincon_de_la_victoria,rv_cala_del_moral,3,14.3,72,detached_house,3.0,electric,900,9.9,2,0,1.92,1.44,0
20240326_rv_benagalbon_pueblo,rincon_de_la_victoria,rv_benagalbon_pueblo,3,16.2,44,terraced_house,3.2,none,1800,11.0,3,0,2.09,1.57,0
20240326_me_casco_historico,miranda_de_ebro,me_casco_historico,3,9.4,48,apartment,2.4,diesel,120,4.0,0,0,3.14,2.42,0
20240326_me_ircio,miranda_de_ebro,me_ircio,3,7.0,55,apartment,2.7,electric,400,5.8,2,0,3.33,2.6,0
20240326_me_industrial_norte,miranda_de_ebro,me_industrial_norte,3,6.9,40,terraced_house,3.1,diesel,700,6.7,0,0,5.38,4.34,0
20240326_me_bayas,miranda_de_ebro,me_bayas,3,8.5,50,detached_house,3.4,butane_lpg,1600,-0.6,0,0,5.9,4.27,0
20240327_rv_centro,rincon_de_la_victoria,rv_centro,3,15.0,58,apartment,2.6,electric,150,-4.3,3,1,1.54,1.21,1
20240327_rv_torre_benagalbon,rincon_de_la_victoria,rv_torre_benagalbon,3,13.8,52,apartment,2.8,butane_lpg,650,-2.0,0,1,2.7,2.09,0
20240327_rv_cala_del_moral,rincon_de_la_victoria,rv_cala_del_moral,3,15.3,72,detached_house,3.0,electric,900,-1.2,1,0,1.84,1.45,0
20240327_rv_benagalbon_pueblo,rincon_de_la_victoria,rv_benagalbon_pueblo,3,15.7,44,terraced_house,3.2,none,1800,-5.7,3,0,2.2,1.62,0
20240327_me_casco_historico,miranda_de_ebro,me_casco_historico,3,8.6,48,apartment,2.4,diesel,120,-8.2,1,0,3.45,2.71,0
20240327_me_ircio,miranda_de_ebro,me_ircio,3,9.6,55,apartment,2.7,electric,400,-9.7,2,0,2.64,2.05,1
20240327_me_industrial_norte,miranda_de_ebro,me_industrial_norte,3,8.6,40,terraced_house,3.1,diesel,700,7.4,3,0,3.39,2.59,0
20240327_me_bayas,miranda_de_ebro,me_bayas,3,6.7,50,detached_house,3.4,butane_lpg,1600,-1.8,3,0,5.5,4.53,0
20240328_rv_centro,rincon_de_la_victoria,rv_centro,3,16.0,58,apartment,2.6,electric,150,4.2,2,0,1.69,1.29,0
20240328_rv_torre_benagalbon,rincon_de_la_victoria,rv_torre_benagalbon,3,13.6,52,apartment,2.8,butane_lpg,650,-1.6,3,0,2.52,1.86,0
20240328_rv_cala_del_moral,rincon_de_la_victoria,rv_cala_del_moral,3,16.0,72,detached_house,3.0,electric,900,-2.8,1,0,1.71,1.28,0
20240328_rv_benagalbon_pueblo,rincon_de_la_victoria,rv_benagalbon_pueblo,3,15.2,44,terraced_house,3.2,none,1800,0.0,1,0,2.24,1.79,0
20240328_me_casco_historico,miranda_de_ebro,me_casco_historico,3,10.0,48,apartment,2.4,diesel,120,-6.0,0,0,1.96,1.61,1
20240328_me_ircio,miranda_de_ebro,me_ircio,3,7.7,55,apartment,2.7,electric,400,-15.7,2,1,3.22,2.51,1
20240328_me_industrial_norte,miranda_de_ebro,me_industrial_norte,3,8.2,40,terraced_house,3.1,diesel,700,-2.0,2,0,3.84,2.84,1
20240328_me_bayas,miranda_de_ebro,me_bayas,3,6.2,50,detached_house,3.4,butane_lpg,1600,8.1,0,0,5.39,4.14,0
20240329_rv_centro,rincon_de_la_victoria,rv_centro,3,16.9,58,apartment,2.6,electric,150,7.3,5,0,1.2,0.98,0
20240329_rv_torre_benagalbon,rincon_de_la_victoria,rv_torre_benagalbon,3,16.0,52,apartment,2.8,butane_lpg,650,-5.9,2,0,1.61,1.25,0
20240329_rv_cala_del_moral,rincon_de_la_victoria,rv_cala_del_moral,3,13.4,72,detached_house,3.0,electric,900,5.7,2,0,2.42,1.99,0
20240329_rv_benagalbon_pueblo,rincon_de_la_victoria,rv_benagalbon_pueblo,3,17.6,44,terraced_house,3.2,none,1800,13.5,1,0,2.09,1.61,0
20240329_me_casco_historico,miranda_de_ebro,me_casco_historico,3,5.9,48,apartment,2.4,diesel,120,9.4,2,0,4.36,3.21,0
20240329_me_ircio,miranda_de_ebro,me_ircio,3,7.5,55,apartment,2.7,electric,400,7.5,3,0,3.04,2.34,0
20240329_me_industrial_norte,miranda_de_ebro,me_industrial_norte,3,6.5,40,terraced_house,3.1,diesel,700,10.8,6,0,5.35,4.22,0
20240329_me_bayas,miranda_de_ebro,me_bayas,3,8.2,50,detached_house,3.4,butane_lpg,1600,-1.7,2,0,5.87,4.54,0
20240330_rv_centro,rincon_de_la_victoria,rv_centro,3,17.3,58,apartment,2.6,electric,150,3.5,5,0,1.27,0.98,0
20240330_rv_torre_benagalbon,rincon_de_la_victoria,rv_torre_benagalbon,3,13.9,52,apartment,2.8,butane_lpg,650,16.5,1,1,1.66,1.31,1
20240330_rv_cala_del_moral,rincon_de_la_victoria,rv_cala_del_moral,3,15.0,72,detached_house,3.0,electric,900,-0.6,2,1,1.65,1.29,0
20240330_rv_benagalbon_pueblo,rincon_de_la_victoria,rv_benagalbon_pueblo,3,14.3,44,terraced_house,3.2,none,1800,-5.5,1,0,3.21,2.39,0
20240330_me_casco_historico,miranda_de_ebro,me_casco_historico,3,6.5,48,apartment,2.4,diesel,120,8.4,5,0,4.51,3.64,0
20240330_me_ircio,miranda_de_ebro,me_ircio,3,7.3,55,apartment,2.7,electric,400,-4.7,3,0,4.28,3.12,0
20240330_me_industrial_norte,miranda_de_ebro,me_industrial_norte,3,6.9,40,terraced_house,3.1,diesel,700,-3.9,1,0,4.34,3.29,0
20240330_me_bayas,miranda_de_ebro,me_bayas,3,6.8,50,detached_house,3.4,butane_lpg,1600,13.8,2,1,4.77,3.82,0
20240331_rv_centro,rincon_de_la_victoria,rv_centro,3,14.0,58,apartment,2.6,electric,150,8.8,2,1,1.78,1.32,1
20240331_rv_torre_benagalbon,rincon_de_la_victoria,rv_torre_benagalbon,3,14.5,52,apartment,2.8,butane_lpg,650,2.7,3,0,1.64,1.3,0
20240331_rv_cala_del_moral,rincon_de_la_victoria,rv_cala_del_moral,3,18.0,72,detached_house,3.0,electric,900,-17.9,2,0,1.66,1.32,0
20240331_rv_benagalbon_pueblo,rincon_de_la_victoria,rv_benagalbon_pueblo,3,15.1,44,terraced_house,3.2,none,1800,-7.0,1,0,1.9,1.32,0
20240331_me_casco_historico,miranda_de_ebro,me_casco_historico,3,8.9,48,apartment,2.4,diesel,120,16.0,0,0,3.42,2.79,0
20240331_me_ircio,miranda_de_ebro,me_ircio,3,8.1,55,apartment,2.7,electric,400,6.1,4,0,3.52,2.47,0
20240331_me_industrial_norte,miranda_de_ebro,me_industrial_norte,3,6.9,40,terraced_house,3.1,diesel,700,9.2,3,0,4.77,3.9,0
20240331_me_bayas,miranda_de_ebro,me_bayas,3,8.4,50,detached_house,3.4,butane_lpg,1600,-12.4,1,0,4.87,3.88,0
20240401_rv_centro,rincon_de_la_victoria,rv_centro,4,14.0,58,apartment,2.6,electric,150,-6.8,0,0,1.79,1.4,0
20240401_rv_torre_benagalbon,rincon_de_la_victoria,rv_torre_benagalbon,4,15.3,52,apartment,2.8,butane_lpg,650,-4.1,2,0,1.79,1.4,0
20240401_rv_cala_del_moral,rincon_de_la_victoria,rv_cala_del_moral,4,16.9,72,detached_house,3.0,electric,900,9.0,1,1,1.64,1.36,0
20240401_rv_benagalbon_pueblo,rincon_de_la_victoria,rv_benagalbon_pueblo,4,15.6,44,terraced_house,3.2,none,1800,8.0,2,0,1.88,1.5,0
20240401_me_casco_historico,miranda_de_ebro,me_casco_historico,4,7.5,48,apartment,2.4,diesel,120,-6.7,5,0,3.51,2.73,1
20240401_me_ircio,miranda_de_ebro,me_ircio,4,8.5,55,apartment,2.7,electric,400,-13.6,2,0,3.92,3.0,0
20240401_me_industrial_norte,miranda_de_ebro,me_industrial_norte,4,6.7,40,terraced_house,3.1,diesel,700,3.3,2,0,4.86,3.77,0
20240401_me_bayas,miranda_de_ebro,me_bayas,4,7.7,50,detached_house,3.4,butane_lpg,1600,-5.9,2,0,6.21,4.88,0
20240402_rv_centro,rincon_de_la_victoria,rv_centro,4,16.9,58,apartment,2.6,electric,150,6.4,2,0,1.49,1.16,0
20240402_rv_torre_benagalbon,rincon_de_la_victoria,rv_torre_benagalbon,4,16.5,52,apartment,2.8,butane_lpg,650,2.1,0,0,1.52,1.07,0
20240402_rv_cala_del_moral,rincon_de_la_victoria,rv_cala_del_moral,4,16.3,72,detached_house,3.0,electric,900,-20.1,4,0,1.66,1.33,0
20240402_rv_benagalbon_pueblo,rincon_de_la_victoria,rv_benagalbon_pueblo,4,16.9,44,terraced_house,3.2,none,1800,-7.9,1,0,2.53,1.99,0
20240402_me_casco_historico,miranda_de_ebro,me_casco_historico,4,9.9,48,apartment,2.4,diesel,120,17.9,0,0,2.68,2.02,0
20240402_me_ircio,miranda_de_ebro,me_ircio,4,8.5,55,apartment,2.7,electric,400,-3.8,1,0,3.77,2.89,0
20240402_me_industrial_norte,miranda_de_ebro,me_industrial_norte,4,10.2,40,terraced_house,3.1,diesel,700,7.1,1,0,3.46,2.73,0
20240402_me_bayas,miranda_de_ebro,me_bayas,4,7.3,50,detached_house,3.4,butane_lpg,1600,7.6,4,0,4.71,3.86,0
20240403_rv_centro,rincon_de_la_victoria,rv_centro,4,15.8,58,apartment,2.6,electric,150,11.8,1,0,1.3,1.03,0
20240403_rv_torre_benagalbon,rincon_de_la_victoria,rv_torre_benagalbon,4,14.9,52,apartment,2.8,butane_lpg,650,-6.7,2,0,2.06,1.57,1
20240403_rv_cala_del_moral,rincon_de_la_victoria,rv_cala_del_moral,4,16.1,72,detached_house,3.0,electric,900,10.1,4,0,2.0,1.54,0
20240403_rv_benagalbon_pueblo,rincon_de_la_victoria,rv_benagalbon_pueblo,4,15.9,44,terraced_house,3.2,none,1800,-1.0,4,0,2.42,1.93,0
20240403_me_casco_historico,miranda_de_ebro,me_casco_historico,4,7.6,48,apartment,2.4,diesel,120,7.4,0,0,3.78,3.12,0
20240403_me_ircio,miranda_de_ebro,me_ircio,4,10.0,55,apartment,2.7,electric,400,4.8,5,0,2.55,1.99,1
20240403_me_industrial_norte,miranda_de_ebro,me_industrial_norte,4,7.0,40,terraced_house,3.1,diesel,700,2.9,0,0,4.93,3.87,1
20240403_me_bayas,miranda_de_ebro,me_bayas,4,8.2,50,detached_house,3.4,butane_lpg,1600,-2.0,3,1,5.09,3.91,0
20240404_rv_centro,rincon_de_la_victoria,rv_centro,4,17.1,58,apartment,2.6,electric,150,10.4,1,0,1.41,1.07,1
20240404_rv_torre_benagalbon,rincon_de_la_victoria,rv_torre_benagalbon,4,15.5,52,apartment,2.8,butane_lpg,650,5.8,1,0,1.89,1.53,0
20240404_rv_cala_del_moral,rincon_de_la_victoria,rv_cala_del_moral,4,15.4,72,detached_house,3.0,electric,900,1.7,0,0,1.44,1.14,1
20240404_rv_benagalbon_pueblo,rincon_de_la_victoria,rv_benagalbon_pueblo,4,15.9,44,terraced_house,3.2,none,1800,13.7,1,0,2.0,1.56,1
20240404_me_casco_historico,miranda_de_ebro,me_casco_historico,4,9.6,48,apartment,2.4,diesel,120,-7.6,4,1,2.8,2.19,0
20240404_me_ircio,miranda_de_ebro,me_ircio,4,9.4,55,apartment,2.7,electric,400,-11.9,2,1,3.9,3.06,0
20240404_me_industrial_norte,miranda_de_ebro,me_industrial_norte,4,8.4,40,terraced_house,3.1,diesel,700,-1.7,1,0,4.29,3.35,0
20240404_me_bayas,miranda_de_ebro,me_bayas,4,8.1,50,detached_house,3.4,butane_lpg,1600,-20.7,2,1,6.6,5.18,0
20240405_rv_centro,rincon_de_la_victoria,rv_centro,4,15.2,58,apartment,2.6,electric,150,10.5,2,0,1.95,1.52,0
20240405_rv_torre_benagalbon,rincon_de_la_victoria,rv_torre_benagalbon,4,15.4,52,apartment,2.8,butane_lpg,650,-13.9,5,0,1.8,1.31,0
20240405_rv_cala_del_moral,rincon_de_la_victoria,rv_cala_del_moral,4,19.2,72,detached_house,3.0,electric,900,11.2,3,1,1.48,1.19,0
20240405_rv_benagalbon_pueblo,rincon_de_la_victoria,rv_benagalbon_pueblo,4,16.6,44,terraced_house,3.2,none,1800,24.0,2,0,1.79,1.38,0
20240405_me_casco_historico,miranda_de_ebro,me_casco_historico,4,10.4,48,apartment,2.4,diesel,120,-8.4,1,0,3.03,2.38,0
20240405_me_ircio,miranda_de_ebro,me_ircio,4,11.4,55,apartment,2.7,electric,400,17.0,1,0,2.93,2.29,1
20240405_me_industrial_norte,miranda_de_ebro,me_industrial_norte,4,9.3,40,terraced_house,3.1,diesel,700,16.2,0,0,3.81,3.05,0
20240405_me_bayas,miranda_de_ebro,me_bayas,4,9.1,50,detached_house,3.4,butane_lpg,1600,15.5,4,0,5.95,4.88,0
20240406_rv_centro,rincon_de_la_victoria,rv_centro,4,17.7,58,apartment,2.6,electric,150,-3.5,3,0,1.22,0.93,0
20240406_rv_torre_benagalbon,rincon_de_la_victoria,rv_torre_benagalbon,4,17.5,52,apartment,2.8,butane_lpg,650,-12.3,0,0,1.51,1.1,0
20240406_rv_cala_del_moral,rincon_de_la_victoria,rv_cala_del_moral,4,18.5,72,detached_house,3.0,electric,900,3.5,2,0,1.29,1.03,0
20240406_rv_benagalbon_pueblo,rincon_de_la_victoria,rv_benagalbon_pueblo,4,17.0,44,terraced_house,3.2,none,1800,24.4,0,0,1.61,1.29,0
20240406_me_casco_historico,miranda_de_ebro,me_casco_historico,4,9.6,48,apartment,2.4,diesel,120,-1.8,3,0,2.87,2.14,1
20240406_me_ircio,miranda_de_ebro,me_ircio,4,9.1,55,apartment,2.7,electric,400,2.2,4,0,3.42,2.72,0
20240406_me_industrial_norte,miranda_de_ebro,me_industrial_norte,4,8.4,40,terraced_house,3.1,diesel,700,-3.0,1,0,4.85,3.66,0
20240406_me_bayas,miranda_de_ebro,me_bayas,4,10.4,50,detached_house,3.4,butane_lpg,1600,7.1,2,0,3.59,2.77,0
20240407_rv_centro,rincon_de_la_victoria,rv_centro,4,17.9,58,apartment,2.6,electric,150,8.6,2,0,0.99,0.76,1
20240407_rv_torre_benagalbon,rincon_de_la_victoria,rv_torre_benagalbon,4,15.6,52,apartment,2.8,butane_lpg,650,3.9,2,0,1.98,1.54,0
20240407_rv_cala_del_moral,rincon_de_la_victoria,rv_cala_del_moral,4,16.9,72,detached_house,3.0,electric,900,5.9,3,0,2.0,1.59,0
20240407_rv_benagalbon_pueblo,rincon_de_la_victoria,rv_benagalbon_pueblo,4,16.4,44,terraced_house,3.2,none,1800,-18.0,3,0,2.42,1.79,0
20240407_me_casco_historico,miranda_de_ebro,me_casco_historico,4,9.3,48,apartment,2.4,diesel,120,-9.0,4,0,2.46,1.78,0
20240407_me_ircio,miranda_de_ebro,me_ircio,4,11.9,55,apartment,2.7,electric,400,5.7,3,0,2.3,1.85,0
20240407_me_industrial_norte,miranda_de_ebro,me_industrial_norte,4,8.7,40,terraced_house,3.1,diesel,700,-11.1,2,0,3.79,2.68,0
20240407_me_bayas,miranda_de_ebro,me_bayas,4,10.8,50,detached_house,3.4,butane_lpg,1600,11.8,2,0,3.81,3.01,0
20240408_rv_centro,rincon_de_la_victoria,rv_centro,4,16.4,58,apartment,2.6,electric,150,-0.1,2,0,1.88,1.4,1
20240408_rv_torre_benagalbon,rincon_de_la_victoria,rv_torre_benagalbon,4,17.6,52,apartment,2.8,butane_lpg,650,13.8,3,0,1.59,1.22,0
20240408_rv_cala_del_moral,rincon_de_la_victoria,rv_cala_del_moral,4,18.8,72,detached_house,3.0,electric,900,-3.8,4,0,1.89,1.39,0
20240408_rv_benagalbon_pueblo,rincon_de_la_victoria,rv_benagalbon_pueblo,4,13.1,44,terraced_house,3.2,none,1800,-0.4,3,0,2.65,2.22,0
20240408_me_casco_historico,miranda_de_ebro,me_casco_historico,4,9.6,48,apartment,2.4,diesel,120,9.1,2,0,3.46,2.64,0
20240408_me_ircio,miranda_de_ebro,me_ircio,4,9.6,55,apartment,2.7,electric,400,-2.2,2,0,2.96,2.32,0
20240408_me_industrial_norte,miranda_de_ebro,me_industrial_norte,4,9.4,40,terraced_house,3.1,diesel,700,0.8,2,0,3.33,2.65,0
20240408_me_bayas,miranda_de_ebro,me_bayas,4,11.2,50,detached_house,3.4,butane_lpg,1600,19.5,0,0,4.53,3.65,0
20240409_rv_centro,rincon_de_la_victoria,rv_centro,4,18.2,58,apartment,2.6,electric,150,3.8,4,0,1.69,1.37,1
20240409_rv_torre_benagalbon,rincon_de_la_victoria,rv_torre_benagalbon,4,18.4,52,apartment,2.8,butane_lpg,650,-10.6,1,0,1.85,1.54,0
20240409_rv_cala_del_moral,rincon_de_la_victoria,rv_cala_del_moral,4,16.6,72,detached_house,3.0,electric,900,12.3,2,1,1.66,1.35,1
20240409_rv_benagalbon_pueblo,rincon_de_la_victoria,rv_benagalbon_pueblo,4,17.6,44,terraced_house,3.2,none,1800,10.0,4,0,2.01,1.62,0
20240409_me_casco_historico,miranda_de_ebro,me_casco_historico,4,10.5,48,apartment,2.4,diesel,120,-7.6,2,0,3.69,2.88,1
20240409_me_ircio,miranda_de_ebro,me_ircio,4,9.9,55,apartment,2.7,electric,400,-2.9,2,0,2.49,1.94,1
20240409_me_industrial_norte,miranda_de_ebro,me_industrial_norte,4,9.0,40,terraced_house,3.1,diesel,700,-10.2,5,0,4.07,3.11,0
20240409_me_bayas,miranda_de_ebro,me_bayas,4,9.9,50,detached_house,3.4,butane_lpg,1600,-6.1,5,0,3.94,3.03,0
20240410_rv_centro,rincon_de_la_victoria,rv_centro,4,16.6,58,apartment,2.6,electric,150,-13.6,2,0,1.58,1.27,0
20240410_rv_torre_benagalbon,rincon_de_la_victoria,rv_torre_benagalbon,4,17.2,52,apartment,2.8,butane_lpg,650,2.8,0,0,1.73,1.34,0
20240410_rv_cala_del_moral,rincon_de_la_victoria,rv_cala_del_moral,4,19.8,72,detached_house,3.0,electric,900,0.1,4,0,1.57,1.21,0
20240410_rv_benagalbon_pueblo,rincon_de_la_victoria,rv_benagalbon_pueblo,4,14.4,44,terraced_house,3.2,none,1800,8.3,5,0,2.38,1.84,0
20240410_me_casco_historico,miranda_de_ebro,me_casco_historico,4,11.0,48,apartment,2.4,diesel,120,9.0,1,0,2.38,1.81,1
20240410_me_ircio,miranda_de_ebro,me_ircio,4,10.1,55,apartment,2.7,electric,400,-6.7,3,0,2.81,2.12,0
20240410_me_industrial_norte,miranda_de_ebro,me_industrial_norte,4,11.9,40,terraced_house,3.1,diesel,700,12.1,3,0,3.58,2.75,1
20240410_me_bayas,miranda_de_ebro,me_bayas,4,10.8,50,detached_house,3.4,butane_lpg,1600,25.2,1,0,4.09,3.25,0
20240411_rv_centro,rincon_de_la_victoria,rv_centro,4,16.7,58,apartment,2.6,electric,150,28.9,2,0,1.44,1.11,0
20240411_rv_torre_benagalbon,rincon_de_la_victoria,rv_torre_benagalbon,4,18.2,52,apartment,2.8,butane_lpg,650,2.1,2,0,1.66,1.24,0
20240411_rv_cala_del_moral,rincon_de_la_victoria,rv_cala_del_moral,4,18.1,72,detached_house,3.0,electric,900,-9.1,1,0,1.47,1.12,0
20240411_rv_benagalbon_pueblo,rincon_de_la_victoria,rv_benagalbon_pueblo,4,20.1,44,terraced_house,3.2,none,1800,0.7,4,0,1.95,1.53,0
20240411_me_casco_historico,miranda_de_ebro,me_casco_historico,4,11.5,48,apartment,2.4,diesel,120,-8.2,1,0,2.22,1.58,0
20240411_me_ircio,miranda_de_ebro,me_ircio,4,11.5,55,apartment,2.7,electric,400,-10.9,1,0,2.84,2.22,0
20240411_me_industrial_norte,miranda_de_ebro,me_industrial_norte,4,9.6,40,terraced_house,3.1,diesel,700,16.3,1,0,4.23,3.4,1
20240411_me_bayas,miranda_de_ebro,me_bayas,4,12.9,50,detached_house,3.4,butane_lpg,1600,-2.9,1,0,3.13,2.44,0
20240412_rv_centro,rincon_de_la_victoria,rv_centro,4,16.8,58,apartment,2.6,electric,150,-1.0,0,0,1.7,1.24,1
20240412_rv_torre_benagalbon,rincon_de_la_victoria,rv_torre_benagalbon,4,17.0,52,apartment,2.8,butane_lpg,650,1.7,5,1,1.74,1.43,0
20240412_rv_cala_del_moral,rincon_de_la_victoria,rv_cala_del_moral,4,18.1,72,detached_house,3.0,electric,900,10.4,3,1,1.6,1.3,0
20240412_rv_benagalbon_pueblo,rincon_de_la_victoria,rv_benagalbon_pueblo,4,17.6,44,terraced_house,3.2,none,1800,12.7,6,0,2.23,1.69,1
20240412_me_casco_historico,miranda_de_ebro,me_casco_historico,4,10.3,48,apartment,2.4,diesel,120,-3.4,3,0,3.45,2.48,0
20240412_me_ircio,miranda_de_ebro,me_ircio,4,10.9,55,apartment,2.7,electric,400,-14.2,1,0,2.47,1.95,0
20240412_me_industrial_norte,miranda_de_ebro,me_industrial_norte,4,11.9,40,terraced_house,3.1,diesel,700,2.2,1,0,2.87,2.17,0
20240412_me_bayas,miranda_de_ebro,me_bayas,4,10.1,50,detached_house,3.4,butane_lpg,1600,15.4,3,0,3.45,2.55,0
20240413_rv_centro,rincon_de_la_victoria,rv_centro,4,18.3,58,apartment,2.6,electric,150,0.1,1,0,1.46,1.17,0
20240413_rv_torre_benagalbon,rincon_de_la_victoria,rv_torre_benagalbon,4,18.9,52,apartment,2.8,butane_lpg,650,5.0,2,0,2.18,1.69,0
20240413_rv_cala_del_moral,rincon_de_la_victoria,rv_cala_del_moral,4,15.5,72,detached_house,3.0,electric,900,11.1,3,0,1.64,1.22,0
20240413_rv_benagalbon_pueblo,rincon_de_la_victoria,rv_benagalbon_pueblo,4,16.1,44,terraced_house,3.2,none,1800,4.5,3,0,2.14,1.58,0
20240413_me_casco_historico,miranda_de_ebro,me_casco_historico,4,10.7,48,apartment,2.4,diesel,120,1.4,1,0,2.2,1.73,1
20240413_me_ircio,miranda_de_ebro,me_ircio,4,9.8,55,apartment,2.7,electric,400,6.1,1,0,2.88,2.11,0
20240413_me_industrial_norte,miranda_de_ebro,me_industrial_norte,4,10.2,40,terraced_house,3.1,diesel,700,-4.2,3,0,3.59,2.79,0
20240413_me_bayas,miranda_de_ebro,me_bayas,4,9.0,50,detached_house,3.4,butane_lpg,1600,8.3,0,0,5.31,4.42,0
20240414_rv_centro,rincon_de_la_victoria,rv_centro,4,19.4,58,apartment,2.6,electric,150,4.4,4,0,1.32,1.02,0
20240414_rv_torre_benagalbon,rincon_de_la_victoria,rv_torre_benagalbon,4,15.3,52,apartment,2.8,butane_lpg,650,10.6,0,0,1.63,1.37,0
20240414_rv_cala_del_moral,rincon_de_la_victoria,rv_cala_del_moral,4,17.3,72,detached_house,3.0,electric,900,12.3,2,0,1.92,1.48,1
20240414_rv_benagalbon_pueblo,rincon_de_la_victoria,rv_benagalbon_pueblo,4,16.5,44,terraced_house,3.2,none,1800,15.6,2,0,1.87,1.44,0
20240414_me_casco_historico,miranda_de_ebro,me_casco_historico,4,9.7,48,apartment,2.4,diesel,120,4.3,2,0,3.5,2.71,0
20240414_me_ircio,miranda_de_ebro,me_ircio,4,10.6,55,apartment,2.7,electric,400,1.4,2,0,2.87,2.35,0
20240414_me_industrial_norte,miranda_de_ebro,me_industrial_norte,4,8.0,40,terraced_house,3.1,diesel,700,17.5,5,0,3.72,3.0,0
20240414_me_bayas,miranda_de_ebro,me_bayas,4,8.7,50,detached_house,3.4,butane_lpg,1600,-5.8,3,0,6.19,4.94,0
20240415_rv_centro,rincon_de_la_victoria,rv_centro,4,18.8,58,apartment,2.6,electric,150,-14.4,1,0,1.17,0.88,0
20240415_rv_torre_benagalbon,rincon_de_la_victoria,rv_torre_benagalbon,4,16.9,52,apartment,2.8,butane_lpg,650,13.2,1,0,1.56,1.14,0
20240415_rv_cala_del_moral,rincon_de_la_victoria,rv_cala_del_moral,4,18.8,72,detached_house,3.0,electric,900,12.2,1,0,1.36,1.02,0
20240415_rv_benagalbon_pueblo,rincon_de_la_victoria,rv_benagalbon_pueblo,4,18.8,44,terraced_house,3.2,none,1800,13.2,2,0,1.91,1.42,0
20240415_me_casco_historico,miranda_de_ebro,me_casco_historico,4,11.1,48,apartment,2.4,diesel,120,1.3,2,0,2.51,2.02,1
20240415_me_ircio,miranda_de_ebro,me_ircio,4,11.2,55,apartment,2.7,electric,400,13.2,1,0,2.47,1.87,0
20240415_me_industrial_norte,miranda_de_ebro,me_industrial_norte,4,10.5,40,terraced_house,3.1,diesel,700,-2.6,1,0,4.38,3.57,0
20240415_me_bayas,miranda_de_ebro,me_bayas,4,10.2,50,detached_house,3.4,butane_lpg,1600,6.9,4,0,3.66,2.9,0
20240416_rv_centro,rincon_de_la_victoria,rv_centro,4,17.6,58,apartment,2.6,electric,150,5.5,1,0,1.4,0.99,0
20240416_rv_torre_benagalbon,rincon_de_la_victoria,rv_torre_benagalbon,4,18.9,52,apartment,2.8,butane_lpg,650,2.5,1,0,1.52,1.28,0
20240416_rv_cala_del_moral,rincon_de_la_victoria,rv_cala_del_moral,4,20.4,72,detached_house,3.0,electric,900,-1.9,2,0,1.92,1.41,0
20240416_rv_benagalbon_pueblo,rincon_de_la_victoria,rv_benagalbon_pueblo,4,15.8,44,terraced_house,3.2,none,1800,-5.3,1,0,2.26,1.76,0
20240416_me_casco_historico,miranda_de_ebro,me_casco_historico,4,10.5,48,apartment,2.4,diesel,120,8.3,3,0,2.84,2.32,1
20240416_me_ircio,miranda_de_ebro,me_ircio,4,8.4,55,apartment,2.7,electric,400,1.3,3,0,3.04,2.38,0
20240416_me_industrial_norte,miranda_de_ebro,me_industrial_norte,4,11.6,40,terraced_house,3.1,diesel,700,6.8,1,0,5.01,4.24,0
20240416_me_bayas,miranda_de_ebro,me_bayas,4,12.1,50,detached_house,3.4,butane_lpg,1600,9.9,5,0,3.61,2.63,0
20240417_rv_centro,rincon_de_la_victoria,rv_centro,4,17.3,58,apartment,2.6,electric,150,1.8,1,0,1.34,0.99,0
20240417_rv_torre_benagalbon,rincon_de_la_victoria,rv_torre_benagalbon,4,19.0,52,apartment,2.8,butane_lpg,650,-10.0,5,1,1.52,1.12,0
20240417_rv_cala_del_moral,rincon_de_la_victoria,rv_cala_del_moral,4,18.3,72,detached_house,3.0,electric,900,-0.3,1,0,1.46,1.19,0
20240417_rv_benagalbon_pueblo,rincon_de_la_victoria,rv_benagalbon_pueblo,4,18.0,44,terraced_house,3.2,none,1800,4.3,3,0,2.56,1.99,0
20240417_me_casco_historico,miranda_de_ebro,me_casco_historico,4,11.4,48,apartment,2.4,diesel,120,7.8,1,0,3.71,2.82,0
20240417_me_ircio,miranda_de_ebro,me_ircio,4,8.6,55,apartment,2.7,electric,400,10.8,4,0,3.37,2.5,0
20240417_me_industrial_norte,miranda_de_ebro,me_industrial_norte,4,10.8,40,terraced_house,3.1,diesel,700,-11.9,0,0,3.29,2.48,0
20240417_me_bayas,miranda_de_ebro,me_bayas,4,13.8,50,detached_house,3.4,butane_lpg,1600,6.3,2,0,2.46,1.87,0
20240418_rv_centro,rincon_de_la_victoria,rv_centro,4,18.2,58,apartment,2.6,electric,150,3.7,4,0,1.53,1.21,1
20240418_rv_torre_benagalbon,rincon_de_la_victoria,rv_torre_benagalbon,4,18.4,52,apartment,2.8,butane_lpg,650,-15.6,1,0,1.36,1.04,0
20240418_rv_cala_del_moral,rincon_de_la_victoria,rv_cala_del_moral,4,18.8,72,detached_house,3.0,electric,900,-18.0,3,0,1.2,0.93,0
20240418_rv_benagalbon_pueblo,rincon_de_la_victoria,rv_benagalbon_pueblo,4,19.8,44,terraced_house,3.2,none,1800,-3.9,0,0,1.82,1.35,0
20240418_me_casco_historico,miranda_de_ebro,me_casco_historico,4,12.2,48,apartment,2.4,diesel,120,-14.5,2,0,2.76,2.26,0
20240418_me_ircio,miranda_de_ebro,me_ircio,4,11.3,55,apartment,2.7,electric,400,3.8,1,0,3.07,2.43,0
20240418_me_industrial_norte,miranda_de_ebro,me_industrial_norte,4,12.3,40,terraced_house,3.1,diesel,700,-4.6,4,0,3.52,2.85,1
20240418_me_bayas,miranda_de_ebro,me_bayas,4,8.2,50,detached_house,3.4,butane_lpg,1600,0.1,2,0,3.73,2.93,0
20240419_rv_centro,rincon_de_la_victoria,rv_centro,4,17.6,58,apartment,2.6,electric,150,-4.8,0,0,1.55,1.2,0
20240419_rv_torre_benagalbon,rincon_de_la_victoria,rv_torre_benagalbon,4,17.5,52,apartment,2.8,butane_lpg,650,5.3,1,0,1.26,1.0,0
20240419_rv_cala_del_moral,rincon_de_la_victoria,rv_cala_del_moral,4,19.1,72,detached_house,3.0,electric,900,5.4,2,0,1.79,1.45,0
20240419_rv_benagalbon_pueblo,rincon_de_la_victoria,rv_benagalbon_pueblo,4,17.7,44,terraced_house,3.2,none,1800,-4.3,0,0,2.34,1.99,0
20240419_me_casco_historico,miranda_de_ebro,me_casco_historico,4,13.1,48,apartment,2.4,diesel,120,-11.6,0,1,1.97,1.47,1
20240419_me_ircio,miranda_de_ebro,me_ircio,4,12.1,55,apartment,2.7,electric,400,3.1,4,1,2.16,1.66,1
20240419_me_industrial_norte,miranda_de_ebro,me_industrial_norte,4,10.0,40,terraced_house,3.1,diesel,700,-1.7,5,0,4.22,3.39,0
20240419_me_bayas,miranda_de_ebro,me_bayas,4,12.0,50,detached_house,3.4,butane_lpg,1600,16.0,3,0,3.18,2.4,0
20240420_rv_centro,rincon_de_la_victoria,rv_centro,4,19.6,58,apartment,2.6,electric,150,14.4,4,0,1.45,1.11,0
20240420_rv_torre_benagalbon,rincon_de_la_victoria,rv_torre_benagalbon,4,16.9,52,apartment,2.8,butane_lpg,650,1.6,2,0,1.39,1.1,1
20240420_rv_cala_del_moral,rincon_de_la_victoria,rv_cala_del_moral,4,20.1,72,detached_house,3.0,electric,900,3.7,2,0,1.42,1.14,0
20240420_rv_benagalbon_pueblo,rincon_de_la_victoria,rv_benagalbon_pueblo,4,17.0,44,terraced_house,3.2,none,1800,-15.8,2,0,2.09,1.57,0
20240420_me_casco_historico,miranda_de_ebro,me_casco_historico,4,13.2,48,apartment,2.4,diesel,120,4.4,0,0,2.01,1.55,0
20240420_me_ircio,miranda_de_ebro,me_ircio,4,12.7,55,apartment,2.7,electric,400,17.5,3,0,2.14,1.72,0
20240420_me_industrial_norte,miranda_de_ebro,me_industrial_norte,4,10.8,40,terraced_house,3.1,diesel,700,-8.1,1,0,3.2,2.57,0
20240420_me_bayas,miranda_de_ebro,me_bayas,4,12.3,50,detached_house,3.4,butane_lpg,1600,17.5,3,0,3.64,2.98,0
20240421_rv_centro,rincon_de_la_victoria,rv_centro,4,16.9,58,apartment,2.6,electric,150,-5.6,4,0,1.11,0.89,0
20240421_rv_torre_benagalbon,rincon_de_la_victoria,rv_torre_benagalbon,4,19.2,52,apartment,2.8,butane_lpg,650,-8.2,0,0,1.45,1.09,0
20240421_rv_cala_del_moral,rincon_de_la_victoria,rv_cala_del_moral,4,19.3,72,detached_house,3.0,electric,900,6.3,0,0,1.24,1.01,0
20240421_rv_benagalbon_pueblo,rincon_de_la_victoria,rv_benagalbon_pueblo,4,19.2,44,terraced_house,3.2,none,1800,3.4,1,0,1.57,1.26,0
20240421_me_casco_historico,miranda_de_ebro,me_casco_historico,4,13.4,48,apartment,2.4,diesel,120,-31.7,4,0,2.03,1.63,0
20240421_me_ircio,miranda_de_ebro,me_ircio,4,9.9,55,apartment,2.7,electric,400,1.4,0,0,2.41,1.87,1
20240421_me_industrial_norte,miranda_de_ebro,me_industrial_norte,4,12.0,40,terraced_house,3.1,diesel,700,4.7,5,0,2.46,1.92,0
20240421_me_bayas,miranda_de_ebro,me_bayas,4,13.2,50,detached_house,3.4,butane_lpg,1600,17.8,0,0,3.77,2.97,0
20240422_rv_centro,rincon_de_la_victoria,rv_centro,4,19.1,58,apartment,2.6,electric,150,0.4,4,0,1.38,1.07,0
20240422_rv_torre_benagalbon,rincon_de_la_victoria,rv_torre_benagalbon,4,21.1,52,apartment,2.8,butane_lpg,650,2.7,2,0,1.65,1.31,0
20240422_rv_cala_del_moral,rincon_de_la_victoria,rv_cala_del_moral,4,19.4,72,detached_house,3.0,electric,900,-13.6,3,0,1.63,1.27,0
20240422_rv_benagalbon_pueblo,rincon_de_la_victoria,rv_benagalbon_pueblo,4,16.8,44,terraced_house,3.2,none,1800,-5.1,3,0,2.1,1.59,0
20240422_me_casco_historico,miranda_de_ebro,me_casco_historico,4,9.9,48,apartment,2.4,diesel,120,-4.8,3,0,3.3,2.41,0
20240422_me_ircio,miranda_de_ebro,me_ircio,4,12.3,55,apartment,2.7,electric,400,6.6,2,0,2.37,1.84,0
20240422_me_industrial_norte,miranda_de_ebro,me_industrial_norte,4,13.5,40,terraced_house,3.1,diesel,700,6.5,1,0,2.51,1.95,0
20240422_me_bayas,miranda_de_ebro,me_bayas,4,11.0,50,detached_house,3.4,butane_lpg,1600,-11.5,1,0,3.42,2.97,0
20240423_rv_centro,rincon_de_la_victoria,rv_centro,4,17.6,58,apartment,2.6,electric,150,-6.9,2,0,1.58,1.2,1
20240423_rv_torre_benagalbon,rincon_de_la_victoria,rv_torre_benagalbon,4,17.7,52,apartment,2.8,butane_lpg,650,-0.8,3,1,1.96,1.51,0
20240423_rv_cala_del_moral,rincon_de_la_victoria,rv_cala_del_moral,4,19.4,72,detached_house,3.0,electric,900,3.6,6,0,1.89,1.4,1
20240423_rv_benagalbon_pueblo,rincon_de_la_victoria,rv_benagalbon_pueblo,4,19.3,44,terraced_house,3.2,none,1800,1.0,2,0,1.99,1.64,0
20240423_me_casco_historico,miranda_de_ebro,me_casco_historico,4,11.8,48,apartment,2.4,diesel,120,8.6,3,0,2.8,2.17,0
20240423_me_ircio,miranda_de_ebro,me_ircio,4,11.5,55,apartment,2.7,electric,400,7.0,3,0,2.48,1.9,0
20240423_me_industrial_norte,miranda_de_ebro,me_industrial_norte,4,9.5,40,terraced_house,3.1,diesel,700,1.6,1,0,3.92,2.92,0
20240423_me_bayas,miranda_de_ebro,me_bayas,4,12.8,50,detached_house,3.4,butane_lpg,1600,9.1,2,0,2.91,2.22,0
20240424_rv_centro,rincon_de_la_victoria,rv_centro,4,20.5,58,apartment,2.6,electric,150,5.1,2,0,1.64,1.29,0
20240424_rv_torre_benagalbon,rincon_de_la_victoria,rv_torre_benagalbon,4,17.8,52,apartment,2.8,butane_lpg,650,-10.5,4,0,1.69,1.36,0
20240424_rv_cala_del_moral,rincon_de_la_victoria,rv_cala_del_moral,4,17.6,72,detached_house,3.0,electric,900,3.5,1,0,1.89,1.45,0
20240424_rv_benagalbon_pueblo,rincon_de_la_victoria,rv_benagalbon_pueblo,4,17.5,44,terraced_house,3.2,none,1800,8.7,1,0,2.38,1.91,0
20240424_me_casco_historico,miranda_de_ebro,me_casco_historico,4,12.7,48,apartment,2.4,diesel,120,0.2,3,0,1.87,1.52,1
20240424_me_ircio,miranda_de_ebro,me_ircio,4,13.7,55,apartment,2.7,electric,400,16.3,2,1,1.82,1.36,0
20240424_me_industrial_norte,miranda_de_ebro,me_industrial_norte,4,13.1,40,terraced_house,3.1,diesel,700,4.3,3,0,2.28,1.83,0
20240424_me_bayas,miranda_de_ebro,me_bayas,4,15.1,50,detached_house,3.4,butane_lpg,1600,-10.3,2,0,2.39,1.91,0
20240425_rv_centro,rincon_de_la_victoria,rv_centro,4,19.4,58,apartment,2.6,electric,150,11.5,2,0,1.54,1.2,0
20240425_rv_torre_benagalbon,rincon_de_la_victoria,rv_torre_benagalbon,4,21.7,52,apartment,2.8,butane_lpg,650,-21.2,1,0,1.74,1.29,0
20240425_rv_cala_del_moral,rincon_de_la_victoria,rv_cala_del_moral,4,18.4,72,detached_house,3.0,electric,900,11.5,3,0,1.53,1.27,0
20240425_rv_benagalbon_pueblo,rincon_de_la_victoria,rv_benagalbon_pueblo,4,19.9,44,terraced_house,3.2,none,1800,10.9,2,0,1.83,1.4,0
20240425_me_casco_historico,miranda_de_ebro,me_casco_historico,4,14.3,48,apartment,2.4,diesel,120,18.3,4,0,2.79,2.29,1
20240425_me_ircio,miranda_de_ebro,me_ircio,4,13.8,55,apartment,2.7,electric,400,13.4,3,0,2.09,1.63,0
20240425_me_industrial_norte,miranda_de_ebro,me_industrial_norte,4,12.2,40,terraced_house,3.1,diesel,700,11.5,2,0,2.32,1.75,0
20240425_me_bayas,miranda_de_ebro,me_bayas,4,13.6,50,detached_house,3.4,butane_lpg,1600,-2.5,1,0,2.77,2.19,0
20240426_rv_centro,rincon_de_la_victoria,rv_centro,4,20.0,58,apartment,2.6,electric,150,-3.2,3,1,1.55,1.23,0
20240426_rv_torre_benagalbon,rincon_de_la_victoria,rv_torre_benagalbon,4,19.1,52,apartment,2.8,butane_lpg,650,6.5,1,0,1.66,1.23,1
20240426_rv_cala_del_moral,rincon_de_la_victoria,rv_cala_del_moral,4,19.0,72,detached_house,3.0,electric,900,2.5,3,0,1.35,1.07,0
20240426_rv_benagalbon_pueblo,rincon_de_la_victoria,rv_benagalbon_pueblo,4,19.5,44,terraced_house,3.2,none,1800,-1.5,0,0,1.69,1.39,0
20240426_me_casco_historico,miranda_de_ebro,me_casco_historico,4,12.1,48,apartment,2.4,diesel,120,-17.3,0,0,2.73,2.16,0
20240426_me_ircio,miranda_de_ebro,me_ircio,4,15.2,55,apartment,2.7,electric,400,2.2,1,0,1.73,1.25,0
20240426_me_industrial_norte,miranda_de_ebro,me_industrial_norte,4,12.5,40,terraced_house,3.1,diesel,700,-9.2,3,0,4.26,3.36,1
20240426_me_bayas,miranda_de_ebro,me_bayas,4,11.9,50,detached_house,3.4,butane_lpg,1600,9.5,1,0,4.72,3.7,0
20240427_rv_centro,rincon_de_la_victoria,rv_centro,4,19.0,58,apartment,2.6,electric,150,10.1,1,0,1.77,1.46,0
20240427_rv_torre_benagalbon,rincon_de_la_victoria,rv_torre_benagalbon,4,21.2,52,apartment,2.8,butane_lpg,650,8.9,1,0,1.45,1.18,0
20240427_rv_cala_del_moral,rincon_de_la_victoria,rv_cala_del_moral,4,20.8,72,detached_house,3.0,electric,900,-11.2,3,0,1.68,1.35,0
20240427_rv_benagalbon_pueblo,rincon_de_la_victoria,rv_benagalbon_pueblo,4,20.2,44,terraced_house,3.2,none,1800,3.0,1,0,2.03,1.61,0
20240427_me_casco_historico,miranda_de_ebro,me_casco_historico,4,12.2,48,apartment,2.4,diesel,120,0.1,1,0,2.41,1.93,0
20240427_me_ircio,miranda_de_ebro,me_ircio,4,14.8,55,apartment,2.7,electric,400,0.4,2,0,1.63,1.24,1
20240427_me_industrial_norte,miranda_de_ebro,me_industrial_norte,4,13.1,40,terraced_house,3.1,diesel,700,-13.9,6,0,2.41,1.87,0
20240427_me_bayas,miranda_de_ebro,me_bayas,4,13.8,50,detached_house,3.4,butane_lpg,1600,7.6,3,0,2.32,1.73,0
20240428_rv_centro,rincon_de_la_victoria,rv_centro,4,19.9,58,apartment,2.6,electric,150,0.7,2,0,1.24,0.98,0
20240428_rv_torre_benagalbon,rincon_de_la_victoria,rv_torre_benagalbon,4,21.0,52,apartment,2.8,butane_lpg,650,17.2,1,0,2.0,1.42,0
20240428_rv_cala_del_moral,rincon_de_la_victoria,rv_cala_del_moral,4,16.9,72,detached_house,3.0,electric,900,17.6,2,0,1.88,1.48,0
20240428_rv_benagalbon_pueblo,rincon_de_la_victoria,rv_benagalbon_pueblo,4,20.4,44,terraced_house,3.2,none,1800,21.8,2,0,1.87,1.5,0
20240428_me_casco_historico,miranda_de_ebro,me_casco_historico,4,13.4,48,apartment,2.4,diesel,120,7.3,1,0,2.2,1.76,0
20240428_me_ircio,miranda_de_ebro,me_ircio,4,14.8,55,apartment,2.7,electric,400,11.1,1,0,1.71,1.46,0
20240428_me_industrial_norte,miranda_de_ebro,me_industrial_norte,4,11.0,40,terraced_house,3.1,diesel,700,4.3,2,0,3.24,2.7,1
20240428_me_bayas,miranda_de_ebro,me_bayas,4,13.7,50,detached_house,3.4,butane_lpg,1600,5.7,2,0,3.0,2.22,0
20240429_rv_centro,rincon_de_la_victoria,rv_centro,4,17.9,58,apartment,2.6,electric,150,8.4,2,0,1.87,1.42,1
20240429_rv_torre_benagalbon,rincon_de_la_victoria,rv_torre_benagalbon,4,20.4,52,apartment,2.8,butane_lpg,650,1.2,3,0,1.67,1.29,0
20240429_rv_cala_del_moral,rincon_de_la_victoria,rv_cala_del_moral,4,20.2,72,detached_house,3.0,electric,900,4.7,2,0,1.65,1.32,0
20240429_rv_benagalbon_pueblo,rincon_de_la_victoria,rv_benagalbon_pueblo,4,21.7,44,terraced_house,3.2,none,1800,0.9,3,0,2.16,1.69,0
20240429_me_casco_historico,miranda_de_ebro,me_casco_historico,4,16.0,48,apartment,2.4,diesel,120,3.7,3,1,1.34,1.1,0
20240429_me_ircio,miranda_de_ebro,me_ircio,4,16.7,55,apartment,2.7,electric,400,-7.3,2,0,1.24,0.91,0
20240429_me_industrial_norte,miranda_de_ebro,me_industrial_norte,4,11.2,40,terraced_house,3.1,diesel,700,15.0,2,0,3.42,2.75,0
20240429_me_bayas,miranda_de_ebro,me_bayas,4,14.0,50,detached_house,3.4,butane_lpg,1600,-1.6,4,0,3.28,2.77,0
20240430_rv_centro,rincon_de_la_victoria,rv_centro,4,20.5,58,apartment,2.6,electric,150,-7.6,4,0,1.21,1.02,0
20240430_rv_torre_benagalbon,rincon_de_la_victoria,rv_torre_benagalbon,4,21.4,52,apartment,2.8,butane_lpg,650,12.9,2,0,1.53,1.29,0
20240430_rv_cala_del_moral,rincon_de_la_victoria,rv_cala_del_moral,4,21.3,72,detached_house,3.0,electric,900,2.4,2,0,1.8,1.35,0
20240430_rv_benagalbon_pueblo,rincon_de_la_victoria,rv_benagalbon_pueblo,4,20.9,44,terraced_house,3.2,none,1800,5.1,1,0,2.0,1.6,0
20240430_me_casco_historico,miranda_de_ebro,me_casco_historico,4,12.6,48,apartment,2.4,diesel,120,1.5,2,0,2.41,1.89,0
20240430_me_ircio,miranda_de_ebro,me_ircio,4,15.0,55,apartment,2.7,electric,400,0.1,4,0,1.84,1.51,0
20240430_me_industrial_norte,miranda_de_ebro,me_industrial_norte,4,14.1,40,terraced_house,3.1,diesel,700,7.2,1,0,2.23,1.76,0
20240430_me_bayas,miranda_de_ebro,me_bayas,4,12.7,50,detached_house,3.4,butane_lpg,1600,1.3,1,0,2.94,2.31,0
20240501_rv_centro,rincon_de_la_victoria,rv_centro,5,22.9,58,apartment,2.6,electric,150,6.5,1,0,1.54,1.16,1
20240501_rv_torre_benagalbon,rincon_de_la_victoria,rv_torre_benagalbon,5,18.4,52,apartment,2.8,butane_lpg,650,-6.9,1,0,1.27,0.99,1
20240501_rv_cala_del_moral,rincon_de_la_victoria,rv_cala_del_moral,5,19.4,72,detached_house,3.0,electric,900,2.0,2,0,1.8,1.34,0
20240501_rv_benagalbon_pueblo,rincon_de_la_victoria,rv_benagalbon_pueblo,5,19.3,44,terraced_house,3.2,none,1800,-9.3,1,0,1.94,1.53,0
20240501_me_casco_historico,miranda_de_ebro,me_casco_historico,5,14.0,48,apartment,2.4,diesel,120,-8.3,3,1,1.54,1.2,1
20240501_me_ircio,miranda_de_ebro,me_ircio,5,13.8,55,apartment,2.7,electric,400,6.1,3,0,1.88,1.51,0
20240501_me_industrial_norte,miranda_de_ebro,me_industrial_norte,5,12.8,40,terraced_house,3.1,diesel,700,0.1,4,0,2.43,1.81,1
20240501_me_bayas,miranda_de_ebro,me_bayas,5,15.1,50,detached_house,3.4,butane_lpg,1600,-8.9,2,0,1.91,1.51,0
20240502_rv_centro,rincon_de_la_victoria,rv_centro,5,20.3,58,apartment,2.6,electric,150,2.8,5,0,1.04,0.77,0
20240502_rv_torre_benagalbon,rincon_de_la_victoria,rv_torre_benagalbon,5,19.0,52,apartment,2.8,butane_lpg,650,11.8,1,0,1.51,1.24,0
20240502_rv_cala_del_moral,rincon_de_la_victoria,rv_cala_del_moral,5,22.0,72,detached_house,3.0,electric,900,26.4,1,0,1.91,1.43,0
20240502_rv_benagalbon_pueblo,rincon_de_la_victoria,rv_benagalbon_pueblo,5,19.9,44,terraced_house,3.2,none,1800,-4.5,3,0,2.18,1.67,0
20240502_me_casco_historico,miranda_de_ebro,me_casco_historico,5,15.4,48,apartment,2.4,diesel,120,25.4,3,0,1.69,1.26,1
20240502_me_ircio,miranda_de_ebro,me_ircio,5,15.2,55,apartment,2.7,electric,400,-26.6,4,0,1.87,1.49,1
20240502_me_industrial_norte,miranda_de_ebro,me_industrial_norte,5,11.9,40,terraced_house,3.1,diesel,700,9.8,0,0,2.82,2.23,0
20240502_me_bayas,miranda_de_ebro,me_bayas,5,14.9,50,detached_house,3.4,butane_lpg,1600,-0.5,2,0,1.83,1.48,0
20240503_rv_centro,rincon_de_la_victoria,rv_centro,5,19.9,58,apartment,2.6,electric,150,0.1,5,0,1.48,1.19,1
20240503_rv_torre_benagalbon,rincon_de_la_victoria,rv_torre_benagalbon,5,19.3,52,apartment,2.8,butane_lpg,650,1.3,2,0,1.41,1.25,1
20240503_rv_cala_del_moral,rincon_de_la_victoria,rv_cala_del_moral,5,20.2,72,detached_house,3.0,electric,900,13.9,3,0,1.76,1.4,0
20240503_rv_benagalbon_pueblo,rincon_de_la_victoria,rv_benagalbon_pueblo,5,19.5,44,terraced_house,3.2,none,1800,4.1,2,0,1.79,1.41,0
20240503_me_casco_historico,miranda_de_ebro,me_casco_historico,5,16.1,48,apartment,2.4,diesel,120,18.8,1,1,1.49,1.15,1
20240503_me_ircio,miranda_de_ebro,me_ircio,5,14.2,55,apartment,2.7,electric,400,23.2,5,0,1.48,1.15,1
20240503_me_industrial_norte,miranda_de_ebro,me_industrial_norte,5,14.1,40,terraced_house,3.1,diesel,700,-20.3,2,0,2.57,1.93,0
20240503_me_bayas,miranda_de_ebro,me_bayas,5,16.2,50,detached_house,3.4,butane_lpg,1600,7.5,4,0,1.69,1.39,0
20240504_rv_centro,rincon_de_la_victoria,rv_centro,5,22.1,58,apartment,2.6,electric,150,-0.0,0,0,1.59,1.19,0
20240504_rv_torre_benagalbon,rincon_de_la_victoria,rv_torre_benagalbon,5,21.5,52,apartment,2.8,butane_lpg,650,-18.5,2,0,1.83,1.45,0
20240504_rv_cala_del_moral,rincon_de_la_victoria,rv_cala_del_moral,5,21.2,72,detached_house,3.0,electric,900,8.3,1,0,1.6,1.24,0
20240504_rv_benagalbon_pueblo,rincon_de_la_victoria,rv_benagalbon_pueblo,5,20.7,44,terraced_house,3.2,none,1800,1.0,2,0,1.95,1.55,0
20240504_me_casco_historico,miranda_de_ebro,me_casco_historico,5,16.5,48,apartment,2.4,diesel,120,-2.9,1,0,1.24,1.05,0
20240504_me_ircio,miranda_de_ebro,me_ircio,5,15.5,55,apartment,2.7,electric,400,5.4,2,0,1.58,1.28,0
20240504_me_industrial_norte,miranda_de_ebro,me_industrial_norte,5,15.7,40,terraced_house,3.1,diesel,700,9.4,2,0,2.04,1.65,1
20240504_me_bayas,miranda_de_ebro,me_bayas,5,15.3,50,detached_house,3.4,butane_lpg,1600,4.4,0,0,2.01,1.59,0
20240505_rv_centro,rincon_de_la_victoria,rv_centro,5,18.9,58,apartment,2.6,electric,150,5.7,3,0,1.54,1.2,0
20240505_rv_torre_benagalbon,rincon_de_la_victoria,rv_torre_benagalbon,5,20.7,52,apartment,2.8,butane_lpg,650,-3.0,1,0,1.95,1.49,0
20240505_rv_cala_del_moral,rincon_de_la_victoria,rv_cala_del_moral,5,19.4,72,detached_house,3.0,electric,900,15.2,3,0,1.55,1.18,0
20240505_rv_benagalbon_pueblo,rincon_de_la_victoria,rv_benagalbon_pueblo,5,23.2,44,terraced_house,3.2,none,1800,12.4,2,0,2.29,1.81,0
20240505_me_casco_historico,miranda_de_ebro,me_casco_historico,5,14.0,48,apartment,2.4,diesel,120,5.4,1,0,1.98,1.46,0
20240505_me_ircio,miranda_de_ebro,me_ircio,5,13.7,55,apartment,2.7,electric,400,21.5,2,0,1.7,1.31,0
20240505_me_industrial_norte,miranda_de_ebro,me_industrial_norte,5,15.6,40,terraced_house,3.1,diesel,700,10.1,1,0,1.73,1.32,0
20240505_me_bayas,miranda_de_ebro,me_bayas,5,13.7,50,detached_house,3.4,butane_lpg,1600,2.2,3,0,2.95,2.42,0
20240506_rv_centro,rincon_de_la_victoria,rv_centro,5,20.2,58,apartment,2.6,electric,150,-7.2,2,0,1.6,1.25,0
20240506_rv_torre_benagalbon,rincon_de_la_victoria,rv_torre_benagalbon,5,20.1,52,apartment,2.8,butane_lpg,650,14.4,1,1,1.57,1.13,0
20240506_rv_cala_del_moral,rincon_de_la_victoria,rv_cala_del_moral,5,21.5,72,detached_house,3.0,electric,900,16.1,2,0,1.8,1.44,0
20240506_rv_benagalbon_pueblo,rincon_de_la_victoria,rv_benagalbon_pueblo,5,21.4,44,terraced_house,3.2,none,1800,-9.7,3,0,2.23,1.74,0
20240506_me_casco_historico,miranda_de_ebro,me_casco_historico,5,13.8,48,apartment,2.4,diesel,120,2.9,3,0,1.96,1.46,1
20240506_me_ircio,miranda_de_ebro,me_ircio,5,16.1,55,apartment,2.7,electric,400,-13.1,3,0,1.39,1.03,1
20240506_me_industrial_norte,miranda_de_ebro,me_industrial_norte,5,14.6,40,terraced_house,3.1,diesel,700,7.2,2,0,2.42,1.92,1
20240506_me_bayas,miranda_de_ebro,me_bayas,5,14.4,50,detached_house,3.4,butane_lpg,1600,2.9,1,0,2.22,1.68,0
20240507_rv_centro,rincon_de_la_victoria,rv_centro,5,22.2,58,apartment,2.6,electric,150,25.1,1,0,1.74,1.39,0
20240507_rv_torre_benagalbon,rincon_de_la_victoria,rv_torre_benagalbon,5,21.9,52,apartment,2.8,butane_lpg,650,1.5,1,0,1.53,1.2,0
20240507_rv_cala_del_moral,rincon_de_la_victoria,rv_cala_del_moral,5,21.1,72,detached_house,3.0,electric,900,13.9,6,0,1.54,1.23,0
20240507_rv_benagalbon_pueblo,rincon_de_la_victoria,rv_benagalbon_pueblo,5,22.7,44,terraced_house,3.2,none,1800,2.6,2,0,1.96,1.56,0
20240507_me_casco_historico,miranda_de_ebro,me_casco_historico,5,12.3,48,apartment,2.4,diesel,120,4.2,2,0,2.51,1.91,0
20240507_me_ircio,miranda_de_ebro,me_ircio,5,15.4,55,apartment,2.7,electric,400,-11.6,0,0,1.77,1.37,0
20240507_me_industrial_norte,miranda_de_ebro,me_industrial_norte,5,15.7,40,terraced_house,3.1,diesel,700,3.0,2,0,1.89,1.39,1
20240507_me_bayas,miranda_de_ebro,me_bayas,5,15.5,50,detached_house,3.4,butane_lpg,1600,0.9,2,0,1.86,1.53,0
20240508_rv_centro,rincon_de_la_victoria,rv_centro,5,23.1,58,apartment,2.6,electric,150,2.9,3,0,1.19,0.92,1
20240508_rv_torre_benagalbon,rincon_de_la_victoria,rv_torre_benagalbon,5,19.6,52,apartment,2.8,butane_lpg,650,21.2,2,0,1.5,1.16,1
20240508_rv_cala_del_moral,rincon_de_la_victoria,rv_cala_del_moral,5,22.5,72,detached_house,3.0,electric,900,7.4,3,0,1.61,1.25,0
20240508_rv_benagalbon_pueblo,rincon_de_la_victoria,rv_benagalbon_pueblo,5,19.7,44,terraced_house,3.2,none,1800,6.7,5,0,1.76,1.33,0
20240508_me_casco_historico,miranda_de_ebro,me_casco_historico,5,16.5,48,apartment,2.4,diesel,120,-3.4,1,0,1.51,1.18,1
20240508_me_ircio,miranda_de_ebro,me_ircio,5,14.6,55,apartment,2.7,electric,400,8.2,6,0,1.75,1.33,0
20240508_me_industrial_norte,miranda_de_ebro,me_industrial_norte,5,15.8,40,terraced_house,3.1,diesel,700,16.9,1,0,2.15,1.67,0
20240508_me_bayas,miranda_de_ebro,me_bayas,5,13.3,50,detached_house,3.4,butane_lpg,1600,1.0,0,0,3.01,2.31,0
20240509_rv_centro,rincon_de_la_victoria,rv_centro,5,21.3,58,apartment,2.6,electric,150,-12.5,1,0,1.25,0.97,0
20240509_rv_torre_benagalbon,rincon_de_la_victoria,rv_torre_benagalbon,5,23.9,52,apartment,2.8,butane_lpg,650,16.4,2,0,1.46,1.09,0
20240509_rv_cala_del_moral,rincon_de_la_victoria,rv_cala_del_moral,5,20.8,72,detached_house,3.0,electric,900,13.2,3,0,2.19,1.61,0
20240509_rv_benagalbon_pueblo,rincon_de_la_victoria,rv_benagalbon_pueblo,5,19.6,44,terraced_house,3.2,none,1800,25.9,0,0,2.48,1.94,0
20240509_me_casco_historico,miranda_de_ebro,me_casco_historico,5,14.7,48,apartment,2.4,diesel,120,2.6,3,0,2.08,1.64,1
20240509_me_ircio,miranda_de_ebro,me_ircio,5,14.0,55,apartment,2.7,electric,400,-4.3,3,0,2.23,1.65,1
20240509_me_industrial_norte,miranda_de_ebro,me_industrial_norte,5,14.7,40,terraced_house,3.1,diesel,700,-14.1,1,0,2.07,1.54,0
20240509_me_bayas,miranda_de_ebro,me_bayas,5,12.7,50,detached_house,3.4,butane_lpg,1600,2.6,3,0,2.52,2.01,0
20240510_rv_centro,rincon_de_la_victoria,rv_centro,5,23.1,58,apartment,2.6,electric,150,3.0,1,0,1.4,1.11,1
20240510_rv_torre_benagalbon,rincon_de_la_victoria,rv_torre_benagalbon,5,22.2,52,apartment,2.8,butane_lpg,650,-13.7,2,0,1.39,1.07,0
20240510_rv_cala_del_moral,rincon_de_la_victoria,rv_cala_del_moral,5,19.8,72,detached_house,3.0,electric,900,3.6,4,0,1.71,1.24,0
20240510_rv_benagalbon_pueblo,rincon_de_la_victoria,rv_benagalbon_pueblo,5,20.9,44,terraced_house,3.2,none,1800,-11.6,0,0,1.62,1.15,0
20240510_me_casco_historico,miranda_de_ebro,me_casco_historico,5,14.6,48,apartment,2.4,diesel,120,0.4,1,0,1.97,1.51,0
20240510_me_ircio,miranda_de_ebro,me_ircio,5,15.5,55,apartment,2.7,electric,400,9.2,2,0,1.76,1.37,0
20240510_me_industrial_norte,miranda_de_ebro,me_industrial_norte,5,16.4,40,terraced_house,3.1,diesel,700,12.6,5,0,1.91,1.52,1
20240510_me_bayas,miranda_de_ebro,me_bayas,5,13.3,50,detached_house,3.4,butane_lpg,1600,22.7,2,0,3.53,2.95,0
20240511_rv_centro,rincon_de_la_victoria,rv_centro,5,22.3,58,apartment,2.6,electric,150,10.3,0,0,1.4,1.03,0
20240511_rv_torre_benagalbon,rincon_de_la_victoria,rv_torre_benagalbon,5,20.8,52,apartment,2.8,butane_lpg,650,9.4,0,0,1.41,1.07,0
20240511_rv_cala_del_moral,rincon_de_la_victoria,rv_cala_del_moral,5,20.8,72,detached_house,3.0,electric,900,0.5,2,0,2.45,2.02,0
20240511_rv_benagalbon_pueblo,rincon_de_la_victoria,rv_benagalbon_pueblo,5,22.0,44,terraced_house,3.2,none,1800,13.0,2,0,2.58,1.97,0
20240511_me_casco_historico,miranda_de_ebro,me_casco_historico,5,17.1,48,apartment,2.4,diesel,120,1.7,3,0,1.27,0.94,1
20240511_me_ircio,miranda_de_ebro,me_ircio,5,17.8,55,apartment,2.7,electric,400,-0.7,1,0,1.16,0.9,1
20240511_me_industrial_norte,miranda_de_ebro,me_industrial_norte,5,13.1,40,terraced_house,3.1,diesel,700,14.7,2,0,2.21,1.65,0
20240511_me_bayas,miranda_de_ebro,me_bayas,5,13.2,50,detached_house,3.4,butane_lpg,1600,21.9,2,0,3.2,2.48,0
20240512_rv_centro,rincon_de_la_victoria,rv_centro,5,18.8,58,apartment,2.6,electric,150,12.9,5,0,1.6,1.24,1
20240512_rv_torre_benagalbon,rincon_de_la_victoria,rv_torre_benagalbon,5,23.0,52,apartment,2.8,butane_lpg,650,-3.9,1,0,1.54,1.21,0
20240512_rv_cala_del_moral,rincon_de_la_victoria,rv_cala_del_moral,5,21.1,72,detached_house,3.0,electric,900,6.6,3,0,1.38,1.15,0
20240512_rv_benagalbon_pueblo,rincon_de_la_victoria,rv_benagalbon_pueblo,5,21.4,44,terraced_house,3.2,none,1800,-17.8,2,0,1.97,1.52,0
20240512_me_casco_historico,miranda_de_ebro,me_casco_historico,5,17.6,48,apartment,2.4,diesel,120,3.8,0,0,1.28,0.96,0
20240512_me_ircio,miranda_de_ebro,me_ircio,5,16.9,55,apartment,2.7,electric,400,4.0,2,0,1.64,1.34,0
20240512_me_industrial_norte,miranda_de_ebro,me_industrial_norte,5,14.0,40,terraced_house,3.1,diesel,700,12.0,1,0,2.59,1.87,0
20240512_me_bayas,miranda_de_ebro,me_bayas,5,17.8,50,detached_house,3.4,butane_lpg,1600,13.6,2,0,1.44,1.11,0
20240513_rv_centro,rincon_de_la_victoria,rv_centro,5,19.4,58,apartment,2.6,electric,150,1.6,1,0,1.49,1.21,0
20240513_rv_torre_benagalbon,rincon_de_la_victoria,rv_torre_benagalbon,5,19.7,52,apartment,2.8,butane_lpg,650,-6.1,2,0,1.53,1.19,0
20240513_rv_cala_del_moral,rincon_de_la_victoria,rv_cala_del_moral,5,21.5,72,detached_house,3.0,electric,900,9.0,2,0,1.34,1.07,0
20240513_rv_benagalbon_pueblo,rincon_de_la_victoria,rv_benagalbon_pueblo,5,20.1,44,terraced_house,3.2,none,1800,6.1,3,1,1.92,1.52,0
20240513_me_casco_historico,miranda_de_ebro,me_casco_historico,5,16.5,48,apartment,2.4,diesel,120,-4.3,5,0,1.21,0.91,1
20240513_me_ircio,miranda_de_ebro,me_ircio,5,17.2,55,apartment,2.7,electric,400,5.7,4,0,1.41,1.08,0
20240513_me_industrial_norte,miranda_de_ebro,me_industrial_norte,5,17.7,40,terraced_house,3.1,diesel,700,-1.4,2,0,2.05,1.53,0
20240513_me_bayas,miranda_de_ebro,me_bayas,5,15.3,50,detached_house,3.4,butane_lpg,1600,10.1,0,0,2.1,1.58,0
20240514_rv_centro,rincon_de_la_victoria,rv_centro,5,23.4,58,apartment,2.6,electric,150,2.2,3,0,1.63,1.32,0
20240514_rv_torre_benagalbon,rincon_de_la_victoria,rv_torre_benagalbon,5,21.7,52,apartment,2.8,butane_lpg,650,-0.1,2,0,2.0,1.54,0
20240514_rv_cala_del_moral,rincon_de_la_victoria,rv_cala_del_moral,5,21.7,72,detached_house,3.0,electric,900,5.7,2,0,1.6,1.2,1
20240514_rv_benagalbon_pueblo,rincon_de_la_victoria,rv_benagalbon_pueblo,5,20.8,44,terraced_house,3.2,none,1800,10.6,1,1,2.11,1.68,0
20240514_me_casco_historico,miranda_de_ebro,me_casco_historico,5,17.2,48,apartment,2.4,diesel,120,-8.4,1,1,1.51,1.22,0
20240514_me_ircio,miranda_de_ebro,me_ircio,5,15.6,55,apartment,2.7,electric,400,2.0,1,0,1.41,1.08,0
20240514_me_industrial_norte,miranda_de_ebro,me_industrial_norte,5,17.1,40,terraced_house,3.1,diesel,700,-0.9,2,0,1.94,1.5,0
20240514_me_bayas,miranda_de_ebro,me_bayas,5,18.7,50,detached_house,3.4,butane_lpg,1600,4.1,2,0,2.1,1.54,0
20240515_rv_centro,rincon_de_la_victoria,rv_centro,5,22.2,58,apartment,2.6,electric,150,-1.4,3,0,1.23,0.93,0
20240515_rv_torre_benagalbon,rincon_de_la_victoria,rv_torre_benagalbon,5,20.0,52,apartment,2.8,butane_lpg,650,13.3,2,0,1.94,1.43,0
20240515_rv_cala_del_moral,rincon_de_la_victoria,rv_cala_del_moral,5,20.8,72,detached_house,3.0,electric,900,5.4,3,0,1.48,1.16,0
20240515_rv_benagalbon_pueblo,rincon_de_la_victoria,rv_benagalbon_pueblo,5,19.5,44,terraced_house,3.2,none,1800,17.8,3,0,2.01,1.58,0
20240515_me_casco_historico,miranda_de_ebro,me_casco_historico,5,15.5,48,apartment,2.4,diesel,120,-2.7,3,0,1.6,1.25,1
20240515_me_ircio,miranda_de_ebro,me_ircio,5,16.8,55,apartment,2.7,electric,400,17.0,2,0,1.11,0.92,1
20240515_me_industrial_norte,miranda_de_ebro,me_industrial_norte,5,15.2,40,terraced_house,3.1,diesel,700,-4.6,3,0,1.68,1.32,0
20240515_me_bayas,miranda_de_ebro,me_bayas,5,16.4,50,detached_house,3.4,butane_lpg,1600,-1.5,1,0,2.01,1.66,0
20240516_rv_centro,rincon_de_la_victoria,rv_centro,5,22.3,58,apartment,2.6,electric,150,-7.0,4,0,1.43,1.08,0
20240516_rv_torre_benagalbon,rincon_de_la_victoria,rv_torre_benagalbon,5,24.5,52,apartment,2.8,butane_lpg,650,1.6,1,0,1.39,1.12,1
20240516_rv_cala_del_moral,rincon_de_la_victoria,rv_cala_del_moral,5,23.1,72,detached_house,3.0,electric,900,9.8,1,0,1.88,1.48,0
20240516_rv_benagalbon_pueblo,rincon_de_la_victoria,rv_benagalbon_pueblo,5,21.3,44,terraced_house,3.2,none,1800,-5.1,1,0,2.0,1.53,0
20240516_me_casco_historico,miranda_de_ebro,me_casco_historico,5,16.0,48,apartment,2.4,diesel,120,-18.7,4,0,1.47,1.12,0
20240516_me_ircio,miranda_de_ebro,me_ircio,5,18.2,55,apartment,2.7,electric,400,-10.9,1,0,1.42,1.11,0
20240516_me_industrial_norte,miranda_de_ebro,me_industrial_norte,5,19.6,40,terraced_house,3.1,diesel,700,16.8,2,0,1.69,1.33,0
20240516_me_bayas,miranda_de_ebro,me_bayas,5,15.9,50,detached_house,3.4,butane_lpg,1600,-2.5,4,0,2.15,1.61,0
20240517_rv_centro,rincon_de_la_victoria,rv_centro,5,24.5,58,apartment,2.6,electric,150,14.6,3,0,1.37,1.13,1
20240517_rv_torre_benagalbon,rincon_de_la_victoria,rv_torre_benagalbon,5,22.7,52,apartment,2.8,butane_lpg,650,-0.7,4,0,1.33,1.06,0
20240517_rv_cala_del_moral,rincon_de_la_victoria,rv_cala_del_moral,5,21.5,72,detached_house,3.0,electric,900,12.2,4,1,1.45,1.16,1
20240517_rv_benagalbon_pueblo,rincon_de_la_victoria,rv_benagalbon_pueblo,5,20.8,44,terraced_house,3.2,none,1800,-3.2,3,0,2.43,1.8,0
20240517_me_casco_historico,miranda_de_ebro,me_casco_historico,5,19.0,48,apartment,2.4,diesel,120,10.7,4,0,1.39,1.07,0
20240517_me_ircio,miranda_de_ebro,me_ircio,5,15.5,55,apartment,2.7,electric,400,12.7,2,0,1.43,1.04,0
20240517_me_industrial_norte,miranda_de_ebro,me_industrial_norte,5,16.4,40,terraced_house,3.1,diesel,700,2.6,3,0,2.24,1.8,0
20240517_me_bayas,miranda_de_ebro,me_bayas,5,16.8,50,detached_house,3.4,butane_lpg,1600,8.9,3,0,1.86,1.42,0
20240518_rv_centro,rincon_de_la_victoria,rv_centro,5,20.8,58,apartment,2.6,electric,150,-15.9,3,1,1.15,0.93,0
20240518_rv_torre_benagalbon,rincon_de_la_victoria,rv_torre_benagalbon,5,22.3,52,apartment,2.8,butane_lpg,650,1.1,2,0,2.02,1.54,0
20240518_rv_cala_del_moral,rincon_de_la_victoria,rv_cala_del_moral,5,22.5,72,detached_house,3.0,electric,900,-3.3,3,0,1.44,1.07,0
20240518_rv_benagalbon_pueblo,rincon_de_la_victoria,rv_benagalbon_pueblo,5,21.3,44,terraced_house,3.2,none,1800,-1.7,2,0,2.22,1.76,0
20240518_me_casco_historico,miranda_de_ebro,me_casco_historico,5,16.0,48,apartment,2.4,diesel,120,6.1,4,0,1.22,0.91,0
20240518_me_ircio,miranda_de_ebro,me_ircio,5,18.8,55,apartment,2.7,electric,400,-2.9,2,0,1.52,1.23,0
20240518_me_industrial_norte,miranda_de_ebro,me_industrial_norte,5,18.3,40,terraced_house,3.1,diesel,700,7.0,4,0,1.61,1.39,0
20240518_me_bayas,miranda_de_ebro,me_bayas,5,16.8,50,detached_house,3.4,butane_lpg,1600,6.4,3,0,1.32,0.95,0
20240519_rv_centro,rincon_de_la_victoria,rv_centro,5,21.7,58,apartment,2.6,electric,150,2.3,3,0,1.55,1.25,1
20240519_rv_torre_benagalbon,rincon_de_la_victoria,rv_torre_benagalbon,5,21.2,52,apartment,2.8,butane_lpg,650,0.2,1,0,1.72,1.38,0
20240519_rv_cala_del_moral,rincon_de_la_victoria,rv_cala_del_moral,5,22.3,72,detached_house,3.0,electric,900,13.7,3,0,2.21,1.75,0
20240519_rv_benagalbon_pueblo,rincon_de_la_victoria,rv_benagalbon_pueblo,5,22.7,44,terraced_house,3.2,none,1800,1.3,2,0,1.67,1.27,0
20240519_me_casco_historico,miranda_de_ebro,me_casco_historico,5,16.3,48,apartment,2.4,diesel,120,-1.9,0,0,1.58,1.18,0
20240519_me_ircio,miranda_de_ebro,me_ircio,5,12.9,55,apartment,2.7,electric,400,11.5,2,0,2.33,1.79,1
20240519_me_industrial_norte,miranda_de_ebro,me_industrial_norte,5,16.1,40,terraced_house,3.1,diesel,700,13.8,2,0,1.8,1.39,1
20240519_me_bayas,miranda_de_ebro,me_bayas,5,16.9,50,detached_house,3.4,butane_lpg,1600,9.5,8,0,2.09,1.71,0
20240520_rv_centro,rincon_de_la_victoria,rv_centro,5,23.1,58,apartment,2.6,electric,150,25.1,3,0,1.48,1.19,1
20240520_rv_torre_benagalbon,rincon_de_la_victoria,rv_torre_benagalbon,5,23.8,52,apartment,2.8,butane_lpg,650,1.3,3,0,1.57,1.16,0
20240520_rv_cala_del_moral,rincon_de_la_victoria,rv_cala_del_moral,5,22.5,72,detached_house,3.0,electric,900,1.9,2,0,1.91,1.5,0
20240520_rv_benagalbon_pueblo,rincon_de_la_victoria,rv_benagalbon_pueblo,5,21.5,44,terraced_house,3.2,none,1800,5.1,1,0,1.63,1.24,0
20240520_me_casco_historico,miranda_de_ebro,me_casco_historico,5,19.2,48,apartment,2.4,diesel,120,-5.1,3,0,1.36,1.08,0
20240520_me_ircio,miranda_de_ebro,me_ircio,5,16.5,55,apartment,2.7,electric,400,1.7,1,0,1.45,1.1,1
20240520_me_industrial_norte,miranda_de_ebro,me_industrial_norte,5,15.2,40,terraced_house,3.1,diesel,700,-13.1,4,0,2.42,1.83,0
20240520_me_bayas,miranda_de_ebro,me_bayas,5,16.4,50,detached_house,3.4,butane_lpg,1600,2.5,3,0,2.78,2.31,0
20240521_rv_centro,rincon_de_la_victoria,rv_centro,5,22.8,58,apartment,2.6,electric,150,21.8,3,0,1.31,1.05,0
20240521_rv_torre_benagalbon,rincon_de_la_victoria,rv_torre_benagalbon,5,21.8,52,apartment,2.8,butane_lpg,650,-9.2,1,0,1.87,1.48,0
20240521_rv_cala_del_moral,rincon_de_la_victoria,rv_cala_del_moral,5,22.6,72,detached_house,3.0,electric,900,7.9,3,0,1.94,1.41,1
20240521_rv_benagalbon_pueblo,rincon_de_la_victoria,rv_benagalbon_pueblo,5,22.0,44,terraced_house,3.2,none,1800,7.0,1,0,1.65,1.33,0
20240521_me_casco_historico,miranda_de_ebro,me_casco_historico,5,16.5,48,apartment,2.4,diesel,120,-6.3,2,1,1.57,1.29,1
20240521_me_ircio,miranda_de_ebro,me_ircio,5,15.8,55,apartment,2.7,electric,400,-20.1,5,0,1.6,1.3,0
20240521_me_industrial_norte,miranda_de_ebro,me_industrial_norte,5,16.0,40,terraced_house,3.1,diesel,700,3.1,4,1,1.74,1.41,0
20240521_me_bayas,miranda_de_ebro,me_bayas,5,17.4,50,detached_house,3.4,butane_lpg,1600,8.1,2,0,1.79,1.42,0
20240522_rv_centro,rincon_de_la_victoria,rv_centro,5,24.3,58,apartment,2.6,electric,150,3.6,3,0,1.56,1.17,0
20240522_rv_torre_benagalbon,rincon_de_la_victoria,rv_torre_benagalbon,5,21.5,52,apartment,2.8,butane_lpg,650,-1.3,1,0,1.52,1.17,0
20240522_rv_cala_del_moral,rincon_de_la_victoria,rv_cala_del_moral,5,22.7,72,detached_house,3.0,electric,900,-2.1,4,0,1.42,1.08,0
20240522_rv_benagalbon_pueblo,rincon_de_la_victoria,rv_benagalbon_pueblo,5,22.6,44,terraced_house,3.2,none,1800,-0.8,2,0,2.53,1.98,0
20240522_me_casco_historico,miranda_de_ebro,me_casco_historico,5,16.2,48,apartment,2.4,diesel,120,8.7,1,0,1.28,1.07,1
20240522_me_ircio,miranda_de_ebro,me_ircio,5,16.5,55,apartment,2.7,electric,400,5.6,2,0,1.54,1.22,0
20240522_me_industrial_norte,miranda_de_ebro,me_industrial_norte,5,17.3,40,terraced_house,3.1,diesel,700,6.1,1,0,1.6,1.23,0
20240522_me_bayas,miranda_de_ebro,me_bayas,5,16.7,50,detached_house,3.4,butane_lpg,1600,3.3,1,0,2.22,1.68,0
20240523_rv_centro,rincon_de_la_victoria,rv_centro,5,22.0,58,apartment,2.6,electric,150,-6.6,1,0,1.54,1.25,0
20240523_rv_torre_benagalbon,rincon_de_la_victoria,rv_torre_benagalbon,5,22.8,52,apartment,2.8,butane_lpg,650,1.8,2,1,1.77,1.38,1
20240523_rv_cala_del_moral,rincon_de_la_victoria,rv_cala_del_moral,5,20.8,72,detached_house,3.0,electric,900,-4.8,0,0,1.36,1.02,0
20240523_rv_benagalbon_pueblo,rincon_de_la_victoria,rv_benagalbon_pueblo,5,23.7,44,terraced_house,3.2,none,1800,-0.0,2,0,1.73,1.33,0
20240523_me_casco_historico,miranda_de_ebro,me_casco_historico,5,15.8,48,apartment,2.4,diesel,120,0.5,4,0,2.13,1.69,1
20240523_me_ircio,miranda_de_ebro,me_ircio,5,17.9,55,apartment,2.7,electric,400,13.6,2,0,1.44,1.04,0
20240523_me_industrial_norte,miranda_de_ebro,me_industrial_norte,5,18.0,40,terraced_house,3.1,diesel,700,14.7,2,0,2.08,1.59,0
20240523_me_bayas,miranda_de_ebro,me_bayas,5,15.0,50,detached_house,3.4,butane_lpg,1600,6.6,2,0,2.43,1.79,0
20240524_rv_centro,rincon_de_la_victoria,rv_centro,5,25.2,58,apartment,2.6,electric,150,8.7,2,0,1.57,1.32,1
20240524_rv_torre_benagalbon,rincon_de_la_victoria,rv_torre_benagalbon,5,23.1,52,apartment,2.8,butane_lpg,650,-15.0,2,0,1.61,1.22,0
20240524_rv_cala_del_moral,rincon_de_la_victoria,rv_cala_del_moral,5,23.3,72,detached_house,3.0,electric,900,0.5,3,0,1.26,1.09,1
20240524_rv_benagalbon_pueblo,rincon_de_la_victoria,rv_benagalbon_pueblo,5,21.7,44,terraced_house,3.2,none,1800,3.9,1,0,1.64,1.24,0
20240524_me_casco_historico,miranda_de_ebro,me_casco_historico,5,15.9,48,apartment,2.4,diesel,120,20.9,4,0,1.13,0.82,1
20240524_me_ircio,miranda_de_ebro,me_ircio,5,16.2,55,apartment,2.7,electric,400,10.3,0,0,1.62,1.26,0
20240524_me_industrial_norte,miranda_de_ebro,me_industrial_norte,5,17.8,40,terraced_house,3.1,diesel,700,-6.3,0,0,1.97,1.57,0
20240524_me_bayas,miranda_de_ebro,me_bayas,5,17.4,50,detached_house,3.4,butane_lpg,1600,-4.8,1,0,1.7,1.26,0
20240525_rv_centro,rincon_de_la_victoria,rv_centro,5,21.2,58,apartment,2.6,electric,150,11.3,2,0,1.35,1.01,1
20240525_rv_torre_benagalbon,rincon_de_la_victoria,rv_torre_benagalbon,5,24.3,52,apartment,2.8,butane_lpg,650,12.9,4,0,1.54,1.12,1
20240525_rv_cala_del_moral,rincon_de_la_victoria,rv_cala_del_moral,5,25.0,72,detached_house,3.0,electric,900,16.7,3,0,1.45,1.08,0
20240525_rv_benagalbon_pueblo,rincon_de_la_victoria,rv_benagalbon_pueblo,5,22.7,44,terraced_house,3.2,none,1800,6.6,0,0,1.96,1.39,0
20240525_me_casco_historico,miranda_de_ebro,me_casco_historico,5,17.0,48,apartment,2.4,diesel,120,10.6,0,0,1.19,0.95,0
20240525_me_ircio,miranda_de_ebro,me_ircio,5,16.5,55,apartment,2.7,electric,400,-0.7,2,0,1.52,1.08,0
20240525_me_industrial_norte,miranda_de_ebro,me_industrial_norte,5,18.0,40,terraced_house,3.1,diesel,700,2.4,3,0,1.42,1.12,0
20240525_me_bayas,miranda_de_ebro,me_bayas,5,18.7,50,detached_house,3.4,butane_lpg,1600,-3.7,3,0,2.28,1.89,0
20240526_rv_centro,rincon_de_la_victoria,rv_centro,5,22.1,58,apartment,2.6,electric,150,9.8,2,0,1.39,1.04,0
20240526_rv_torre_benagalbon,rincon_de_la_victoria,rv_torre_benagalbon,5,25.1,52,apartment,2.8,butane_lpg,650,11.6,3,0,1.55,1.32,0
20240526_rv_cala_del_moral,rincon_de_la_victoria,rv_cala_del_moral,5,22.3,72,detached_house,3.0,electric,900,7.7,0,0,1.54,1.2,0
20240526_rv_benagalbon_pueblo,rincon_de_la_victoria,rv_benagalbon_pueblo,5,21.8,44,terraced_house,3.2,none,1800,14.5,4,0,1.96,1.59,1
20240526_me_casco_historico,miranda_de_ebro,me_casco_historico,5,19.0,48,apartment,2.4,diesel,120,21.1,2,0,0.99,0.74,1
20240526_me_ircio,miranda_de_ebro,me_ircio,5,17.4,55,apartment,2.7,electric,400,21.3,2,0,1.19,0.9,0
20240526_me_industrial_norte,miranda_de_ebro,me_industrial_norte,5,14.8,40,terraced_house,3.1,diesel,700,4.3,4,0,1.84,1.54,0
20240526_me_bayas,miranda_de_ebro,me_bayas,5,18.0,50,detached_house,3.4,butane_lpg,1600,-15.9,2,0,1.32,1.08,0
20240527_rv_centro,rincon_de_la_victoria,rv_centro,5,22.3,58,apartment,2.6,electric,150,6.4,1,0,1.18,0.92,1
20240527_rv_torre_benagalbon,rincon_de_la_victoria,rv_torre_benagalbon,5,23.9,52,apartment,2.8,butane_lpg,650,-2.0,6,0,2.1,1.65,0
20240527_rv_cala_del_moral,rincon_de_la_victoria,rv_cala_del_moral,5,22.6,72,detached_house,3.0,electric,900,11.0,2,0,1.69,1.39,0
20240527_rv_benagalbon_pueblo,rincon_de_la_victoria,rv_benagalbon_pueblo,5,22.5,44,terraced_house,3.2,none,1800,25.9,2,0,2.45,1.87,0
20240527_me_casco_historico,miranda_de_ebro,me_casco_historico,5,18.0,48,apartment,2.4,diesel,120,-9.8,4,1,1.61,1.27,0
20240527_me_ircio,miranda_de_ebro,me_ircio,5,17.2,55,apartment,2.7,electric,400,-13.2,0,0,1.12,0.88,0
20240527_me_industrial_norte,miranda_de_ebro,me_industrial_norte,5,18.6,40,terraced_house,3.1,diesel,700,0.4,1,0,1.44,1.07,0
20240527_me_bayas,miranda_de_ebro,me_bayas,5,17.0,50,detached_house,3.4,butane_lpg,1600,3.2,3,0,2.35,1.78,0
20240528_rv_centro,rincon_de_la_victoria,rv_centro,5,21.7,58,apartment,2.6,electric,150,-7.4,1,0,1.13,0.9,0
20240528_rv_torre_benagalbon,rincon_de_la_victoria,rv_torre_benagalbon,5,23.3,52,apartment,2.8,butane_lpg,650,22.7,1,0,1.62,1.31,0
20240528_rv_cala_del_moral,rincon_de_la_victoria,rv_cala_del_moral,5,20.9,72,detached_house,3.0,electric,900,11.9,3,0,1.93,1.55,0
20240528_rv_benagalbon_pueblo,rincon_de_la_victoria,rv_benagalbon_pueblo,5,24.2,44,terraced_house,3.2,none,1800,-17.2,3,0,1.81,1.37,0
20240528_me_casco_historico,miranda_de_ebro,me_casco_historico,5,18.6,48,apartment,2.4,diesel,120,-9.2,0,0,1.51,1.22,0
20240528_me_ircio,miranda_de_ebro,me_ircio,5,18.0,55,apartment,2.7,electric,400,10.3,1,0,1.14,0.87,1
20240528_me_industrial_norte,miranda_de_ebro,me_industrial_norte,5,18.4,40,terraced_house,3.1,diesel,700,5.8,2,0,2.04,1.56,1
20240528_me_bayas,miranda_de_ebro,me_bayas,5,17.8,50,detached_house,3.4,butane_lpg,1600,3.4,1,0,2.12,1.62,0
20240529_rv_centro,rincon_de_la_victoria,rv_centro,5,24.8,58,apartment,2.6,electric,150,3.2,2,0,1.06,0.82,0
20240529_rv_torre_benagalbon,rincon_de_la_victoria,rv_torre_benagalbon,5,20.0,52,apartment,2.8,butane_lpg,650,3.7,6,0,1.55,1.21,0
20240529_rv_cala_del_moral,rincon_de_la_victoria,rv_cala_del_moral,5,21.5,72,detached_house,3.0,electric,900,-1.3,2,0,1.7,1.32,0
20240529_rv_benagalbon_pueblo,rincon_de_la_victoria,rv_benagalbon_pueblo,5,25.3,44,terraced_house,3.2,none,1800,7.8,4,0,2.48,1.91,0
20240529_me_casco_historico,miranda_de_ebro,me_casco_historico,5,18.7,48,apartment,2.4,diesel,120,-7.7,2,1,1.35,1.04,1
20240529_me_ircio,miranda_de_ebro,me_ircio,5,17.3,55,apartment,2.7,electric,400,-20.1,3,0,1.56,1.26,0
20240529_me_industrial_norte,miranda_de_ebro,me_industrial_norte,5,18.9,40,terraced_house,3.1,diesel,700,-1.6,2,0,2.05,1.6,0
20240529_me_bayas,miranda_de_ebro,me_bayas,5,17.4,50,detached_house,3.4,butane_lpg,1600,-6.7,7,1,2.0,1.56,0
20240530_rv_centro,rincon_de_la_victoria,rv_centro,5,23.0,58,apartment,2.6,electric,150,-8.8,3,0,1.24,0.96,1
20240530_rv_torre_benagalbon,rincon_de_la_victoria,rv_torre_benagalbon,5,25.9,52,apartment,2.8,butane_lpg,650,3.7,2,0,1.31,1.04,1
20240530_rv_cala_del_moral,rincon_de_la_victoria,rv_cala_del_moral,5,23.3,72,detached_house,3.0,electric,900,5.2,6,0,1.72,1.4,0
20240530_rv_benagalbon_pueblo,rincon_de_la_victoria,rv_benagalbon_pueblo,5,23.2,44,terraced_house,3.2,none,1800,10.2,3,0,1.97,1.54,0
20240530_me_casco_historico,miranda_de_ebro,me_casco_historico,5,18.9,48,apartment,2.4,diesel,120,2.7,2,0,1.39,1.08,0
20240530_me_ircio,miranda_de_ebro,me_ircio,5,19.0,55,apartment,2.7,electric,400,-1.6,1,0,1.33,1.05,0
20240530_me_industrial_norte,miranda_de_ebro,me_industrial_norte,5,17.4,40,terraced_house,3.1,diesel,700,-5.6,1,0,2.29,1.89,0
20240530_me_bayas,miranda_de_ebro,me_bayas,5,17.8,50,detached_house,3.4,butane_lpg,1600,-4.0,1,0,1.67,1.24,0
20240531_rv_centro,rincon_de_la_victoria,rv_centro,5,21.7,58,apartment,2.6,electric,150,-10.8,3,0,1.51,1.22,0
20240531_rv_torre_benagalbon,rincon_de_la_victoria,rv_torre_benagalbon,5,24.4,52,apartment,2.8,butane_lpg,650,7.1,2,0,1.76,1.29,1
20240531_rv_cala_del_moral,rincon_de_la_victoria,rv_cala_del_moral,5,24.6,72,detached_house,3.0,electric,900,-5.7,1,0,1.38,1.08,0
20240531_rv_benagalbon_pueblo,rincon_de_la_victoria,rv_benagalbon_pueblo,5,23.2,44,terraced_house,3.2,none,1800,-13.1,2,0,1.79,1.35,0
20240531_me_casco_historico,miranda_de_ebro,me_casco_historico,5,20.0,48,apartment,2.4,diesel,120,-0.6,3,0,1.29,1.01,0
20240531_me_ircio,miranda_de_ebro,me_ircio,5,18.3,55,apartment,2.7,electric,400,14.2,2,0,1.83,1.45,0
20240531_me_industrial_norte,miranda_de_ebro,me_industrial_norte,5,19.0,40,terraced_house,3.1,diesel,700,-14.2,3,0,1.98,1.48,1
20240531_me_bayas,miranda_de_ebro,me_bayas,5,19.4,50,detached_house,3.4,butane_lpg,1600,4.4,4,0,2.19,1.76,0
20240601_rv_centro,rincon_de_la_victoria,rv_centro,6,22.4,58,apartment,2.6,electric,150,8.7,4,0,1.46,1.15,1
20240601_rv_torre_benagalbon,rincon_de_la_victoria,rv_torre_benagalbon,6,22.9,52,apartment,2.8,butane_lpg,650,15.5,1,0,1.5,1.22,0
20240601_rv_cala_del_moral,rincon_de_la_victoria,rv_cala_del_moral,6,21.9,72,detached_house,3.0,electric,900,1.0,2,0,1.19,0.86,0
20240601_rv_benagalbon_pueblo,rincon_de_la_victoria,rv_benagalbon_pueblo,6,24.2,44,terraced_house,3.2,none,1800,4.0,4,0,1.8,1.37,0
20240601_me_casco_historico,miranda_de_ebro,me_casco_historico,6,17.4,48,apartment,2.4,diesel,120,0.6,1,1,1.16,0.92,0
20240601_me_ircio,miranda_de_ebro,me_ircio,6,21.4,55,apartment,2.7,electric,400,-4.3,2,0,1.37,1.12,0
20240601_me_industrial_norte,miranda_de_ebro,me_industrial_norte,6,17.6,40,terraced_house,3.1,diesel,700,13.9,1,0,1.61,1.26,0
20240601_me_bayas,miranda_de_ebro,me_bayas,6,18.3,50,detached_house,3.4,butane_lpg,1600,4.9,2,0,2.3,1.86,0
20240602_rv_centro,rincon_de_la_victoria,rv_centro,6,23.2,58,apartment,2.6,electric,150,9.6,1,0,1.44,1.1,1
20240602_rv_torre_benagalbon,rincon_de_la_victoria,rv_torre_benagalbon,6,24.2,52,apartment,2.8,butane_lpg,650,-10.6,0,0,1.59,1.25,0
20240602_rv_cala_del_moral,rincon_de_la_victoria,rv_cala_del_moral,6,23.5,72,detached_house,3.0,electric,900,1.9,0,0,1.38,1.02,1
20240602_rv_benagalbon_pueblo,rincon_de_la_victoria,rv_benagalbon_pueblo,6,23.1,44,terraced_house,3.2,none,1800,10.6,3,0,1.52,1.15,0
20240602_me_casco_historico,miranda_de_ebro,me_casco_historico,6,19.3,48,apartment,2.4,diesel,120,-8.1,1,0,1.18,0.91,0
20240602_me_ircio,miranda_de_ebro,me_ircio,6,18.7,55,apartment,2.7,electric,400,1.1,2,0,1.43,1.09,0
20240602_me_industrial_norte,miranda_de_ebro,me_industrial_norte,6,16.5,40,terraced_house,3.1,diesel,700,18.3,0,0,2.43,1.92,0
20240602_me_bayas,miranda_de_ebro,me_bayas,6,20.5,50,detached_house,3.4,butane_lpg,1600,17.8,4,0,1.76,1.44,0
20240603_rv_centro,rincon_de_la_victoria,rv_centro,6,24.6,58,apartment,2.6,electric,150,1.9,3,0,1.07,0.85,0
20240603_rv_torre_benagalbon,rincon_de_la_victoria,rv_torre_benagalbon,6,21.2,52,apartment,2.8,butane_lpg,650,3.8,2,0,1.98,1.53,0
20240603_rv_cala_del_moral,rincon_de_la_victoria,rv_cala_del_moral,6,23.1,72,detached_house,3.0,electric,900,3.2,3,0,1.46,1.11,0
20240603_rv_benagalbon_pueblo,rincon_de_la_victoria,rv_benagalbon_pueblo,6,22.7,44,terraced_house,3.2,none,1800,-3.2,2,0,2.08,1.69,0
20240603_me_casco_historico,miranda_de_ebro,me_casco_historico,6,19.9,48,apartment,2.4,diesel,120,6.7,1,0,1.15,0.95,0
20240603_me_ircio,miranda_de_ebro,me_ircio,6,19.2,55,apartment,2.7,electric,400,-17.5,5,0,1.56,1.25,1
20240603_me_industrial_norte,miranda_de_ebro,me_industrial_norte,6,18.8,40,terraced_house,3.1,diesel,700,-0.8,3,0,1.65,1.35,0
20240603_me_bayas,miranda_de_ebro,me_bayas,6,18.5,50,detached_house,3.4,butane_lpg,1600,17.2,4,0,1.93,1.5,0
20240604_rv_centro,rincon_de_la_victoria,rv_centro,6,21.5,58,apartment,2.6,electric,150,3.2,2,0,0.97,0.73,0
20240604_rv_torre_benagalbon,rincon_de_la_victoria,rv_torre_benagalbon,6,26.4,52,apartment,2.8,butane_lpg,650,9.6,2,0,1.83,1.43,0
20240604_rv_cala_del_moral,rincon_de_la_victoria,rv_cala_del_moral,6,24.7,72,detached_house,3.0,electric,900,7.0,2,0,1.59,1.21,0
20240604_rv_benagalbon_pueblo,rincon_de_la_victoria,rv_benagalbon_pueblo,6,24.0,44,terraced_house,3.2,none,1800,16.2,4,0,1.85,1.51,0
20240604_me_casco_historico,miranda_de_ebro,me_casco_historico,6,18.3,48,apartment,2.4,diesel,120,12.2,3,0,1.24,0.96,0
20240604_me_ircio,miranda_de_ebro,me_ircio,6,19.2,55,apartment,2.7,electric,400,-5.3,5,0,1.59,1.19,0
20240604_me_industrial_norte,miranda_de_ebro,me_industrial_norte,6,18.8,40,terraced_house,3.1,diesel,700,-5.5,3,0,1.82,1.48,0
20240604_me_bayas,miranda_de_ebro,me_bayas,6,19.5,50,detached_house,3.4,butane_lpg,1600,13.5,3,0,1.72,1.32,0
20240605_rv_centro,rincon_de_la_victoria,rv_centro,6,22.8,58,apartment,2.6,electric,150,4.3,2,0,1.33,1.09,1
20240605_rv_torre_benagalbon,rincon_de_la_victoria,rv_torre_benagalbon,6,24.4,52,apartment,2.8,butane_lpg,650,23.1,1,0,1.75,1.36,0
20240605_rv_cala_del_moral,rincon_de_la_victoria,rv_cala_del_moral,6,24.6,72,detached_house,3.0,electric,900,18.0,1,0,1.74,1.39,0
20240605_rv_benagalbon_pueblo,rincon_de_la_victoria,rv_benagalbon_pueblo,6,24.8,44,terraced_house,3.2,none,1800,11.4,4,0,2.08,1.56,0
20240605_me_casco_historico,miranda_de_ebro,me_casco_historico,6,19.5,48,apartment,2.4,diesel,120,5.2,1,0,1.37,1.01,0
20240605_me_ircio,miranda_de_ebro,me_ircio,6,20.5,55,apartment,2.7,electric,400,-17.2,2,0,1.63,1.17,1
20240605_me_industrial_norte,miranda_de_ebro,me_industrial_norte,6,19.4,40,terraced_house,3.1,diesel,700,-15.4,1,1,2.33,1.86,0
20240605_me_bayas,miranda_de_ebro,me_bayas,6,20.6,50,detached_house,3.4,butane_lpg,1600,10.7,2,0,1.9,1.5,0
20240606_rv_centro,rincon_de_la_victoria,rv_centro,6,22.9,58,apartment,2.6,electric,150,11.8,0,0,1.09,0.83,0
20240606_rv_torre_benagalbon,rincon_de_la_victoria,rv_torre_benagalbon,6,23.5,52,apartment,2.8,butane_lpg,650,28.1,4,0,1.39,1.05,0
20240606_rv_cala_del_moral,rincon_de_la_victoria,rv_cala_del_moral,6,25.7,72,detached_house,3.0,electric,900,5.9,2,0,1.89,1.39,0
20240606_rv_benagalbon_pueblo,rincon_de_la_victoria,rv_benagalbon_pueblo,6,24.1,44,terraced_house,3.2,none,1800,16.9,4,0,2.15,1.8,0
20240606_me_casco_historico,miranda_de_ebro,me_casco_historico,6,19.7,48,apartment,2.4,diesel,120,-7.4,5,0,1.3,1.04,0
20240606_me_ircio,miranda_de_ebro,me_ircio,6,19.3,55,apartment,2.7,electric,400,9.4,2,0,1.49,1.2,0
20240606_me_industrial_norte,miranda_de_ebro,me_industrial_norte,6,19.1,40,terraced_house,3.1,diesel,700,-10.5,2,0,2.05,1.57,0
20240606_me_bayas,miranda_de_ebro,me_bayas,6,20.5,50,detached_house,3.4,butane_lpg,1600,5.2,2,0,2.2,1.71,0
20240607_rv_centro,rincon_de_la_victoria,rv_centro,6,22.6,58,apartment,2.6,electric,150,11.5,1,0,1.68,1.36,0
20240607_rv_torre_benagalbon,rincon_de_la_victoria,rv_torre_benagalbon,6,23.3,52,apartment,2.8,butane_lpg,650,23.2,2,0,1.26,1.02,1
20240607_rv_cala_del_moral,rincon_de_la_victoria,rv_cala_del_moral,6,25.8,72,detached_house,3.0,electric,900,22.1,5,0,1.64,1.3,1
20240607_rv_benagalbon_pueblo,rincon_de_la_victoria,rv_benagalbon_pueblo,6,23.4,44,terraced_house,3.2,none,1800,12.3,3,0,2.22,1.79,0
20240607_me_casco_historico,miranda_de_ebro,me_casco_historico,6,20.1,48,apartment,2.4,diesel,120,-2.0,3,0,1.14,0.9,0
20240607_me_ircio,miranda_de_ebro,me_ircio,6,20.0,55,apartment,2.7,electric,400,11.2,2,1,1.59,1.33,0
20240607_me_industrial_norte,miranda_de_ebro,me_industrial_norte,6,19.7,40,terraced_house,3.1,diesel,700,20.6,1,0,1.67,1.29,0
20240607_me_bayas,miranda_de_ebro,me_bayas,6,19.7,50,detached_house,3.4,butane_lpg,1600,7.5,2,0,2.33,1.86,0
20240608_rv_centro,rincon_de_la_victoria,rv_centro,6,23.8,58,apartment,2.6,electric,150,4.6,1,0,1.96,1.53,0
20240608_rv_torre_benagalbon,rincon_de_la_victoria,rv_torre_benagalbon,6,26.3,52,apartment,2.8,butane_lpg,650,12.3,0,0,1.48,1.08,0
20240608_rv_cala_del_moral,rincon_de_la_victoria,rv_cala_del_moral,6,25.6,72,detached_house,3.0,electric,900,5.0,3,0,1.87,1.49,0
20240608_rv_benagalbon_pueblo,rincon_de_la_victoria,rv_benagalbon_pueblo,6,24.1,44,terraced_house,3.2,none,1800,19.8,1,0,1.93,1.55,0
20240608_me_casco_historico,miranda_de_ebro,me_casco_historico,6,17.9,48,apartment,2.4,diesel,120,9.6,2,0,1.34,1.01,0
20240608_me_ircio,miranda_de_ebro,me_ircio,6,17.8,55,apartment,2.7,electric,400,23.2,1,0,1.38,1.09,1
20240608_me_industrial_norte,miranda_de_ebro,me_industrial_norte,6,20.7,40,terraced_house,3.1,diesel,700,0.6,1,0,1.76,1.42,0
20240608_me_bayas,miranda_de_ebro,me_bayas,6,20.4,50,detached_house,3.4,butane_lpg,1600,1.8,0,0,2.24,1.74,0
20240609_rv_centro,rincon_de_la_victoria,rv_centro,6,22.0,58,apartment,2.6,electric,150,-4.2,2,0,1.19,0.9,0
20240609_rv_torre_benagalbon,rincon_de_la_victoria,rv_torre_benagalbon,6,23.7,52,apartment,2.8,butane_lpg,650,9.2,4,0,1.74,1.32,0
20240609_rv_cala_del_moral,rincon_de_la_victoria,rv_cala_del_moral,6,24.8,72,detached_house,3.0,electric,900,16.1,1,0,1.56,1.24,0
20240609_rv_benagalbon_pueblo,rincon_de_la_victoria,rv_benagalbon_pueblo,6,25.6,44,terraced_house,3.2,none,1800,12.0,1,0,2.08,1.59,0
20240609_me_casco_historico,miranda_de_ebro,me_casco_historico,6,18.8,48,apartment,2.4,diesel,120,-12.1,3,0,1.45,1.16,0
20240609_me_ircio,miranda_de_ebro,me_ircio,6,21.1,55,apartment,2.7,electric,400,-4.4,1,0,1.49,1.18,0
20240609_me_industrial_norte,miranda_de_ebro,me_industrial_norte,6,18.9,40,terraced_house,3.1,diesel,700,14.1,3,0,1.35,1.0,0
20240609_me_bayas,miranda_de_ebro,me_bayas,6,20.8,50,detached_house,3.4,butane_lpg,1600,-5.7,1,0,1.85,1.4,0
20240610_rv_centro,rincon_de_la_victoria,rv_centro,6,24.9,58,apartment,2.6,electric,150,-9.8,3,0,1.25,0.97,1
20240610_rv_torre_benagalbon,rincon_de_la_victoria,rv_torre_benagalbon,6,24.3,52,apartment,2.8,butane_lpg,650,4.9,1,1,1.79,1.43,1
20240610_rv_cala_del_moral,rincon_de_la_victoria,rv_cala_del_moral,6,24.0,72,detached_house,3.0,electric,900,9.1,0,0,1.84,1.42,0
20240610_rv_benagalbon_pueblo,rincon_de_la_victoria,rv_benagalbon_pueblo,6,23.5,44,terraced_house,3.2,none,1800,30.3,4,0,2.06,1.6,0
20240610_me_casco_historico,miranda_de_ebro,me_casco_historico,6,18.2,48,apartment,2.4,diesel,120,3.6,2,0,1.15,0.95,1
20240610_me_ircio,miranda_de_ebro,me_ircio,6,19.4,55,apartment,2.7,electric,400,8.0,2,0,1.51,1.19,0
20240610_me_industrial_norte,miranda_de_ebro,me_industrial_norte,6,19.4,40,terraced_house,3.1,diesel,700,10.5,1,0,1.7,1.33,0
20240610_me_bayas,miranda_de_ebro,me_bayas,6,20.4,50,detached_house,3.4,butane_lpg,1600,0.3,3,0,1.69,1.35,0
20240611_rv_centro,rincon_de_la_victoria,rv_centro,6,22.9,58,apartment,2.6,electric,150,6.0,1,0,1.16,0.93,1
20240611_rv_torre_benagalbon,rincon_de_la_victoria,rv_torre_benagalbon,6,22.8,52,apartment,2.8,butane_lpg,650,1.5,0,0,1.6,1.21,0
20240611_rv_cala_del_moral,rincon_de_la_victoria,rv_cala_del_moral,6,23.2,72,detached_house,3.0,electric,900,10.0,2,0,1.34,1.03,1
20240611_rv_benagalbon_pueblo,rincon_de_la_victoria,rv_benagalbon_pueblo,6,23.4,44,terraced_house,3.2,none,1800,3.3,2,0,1.88,1.44,0
20240611_me_casco_historico,miranda_de_ebro,me_casco_historico,6,18.6,48,apartment,2.4,diesel,120,2.1,2,0,1.6,1.28,0
20240611_me_ircio,miranda_de_ebro,me_ircio,6,23.3,55,apartment,2.7,electric,400,-7.9,2,0,1.54,1.25,0
20240611_me_industrial_norte,miranda_de_ebro,me_industrial_norte,6,18.2,40,terraced_house,3.1,diesel,700,-12.4,1,0,1.84,1.46,0
20240611_me_bayas,miranda_de_ebro,me_bayas,6,19.5,50,detached_house,3.4,butane_lpg,1600,2.2,4,0,1.9,1.45,0
20240612_rv_centro,rincon_de_la_victoria,rv_centro,6,26.0,58,apartment,2.6,electric,150,5.6,3,0,1.35,1.05,0
20240612_rv_torre_benagalbon,rincon_de_la_victoria,rv_torre_benagalbon,6,22.4,52,apartment,2.8,butane_lpg,650,-1.1,1,0,1.58,1.22,1
20240612_rv_cala_del_moral,rincon_de_la_victoria,rv_cala_del_moral,6,24.2,72,detached_house,3.0,electric,900,6.8,1,0,1.39,1.11,0
20240612_rv_benagalbon_pueblo,rincon_de_la_victoria,rv_benagalbon_pueblo,6,24.9,44,terraced_house,3.2,none,1800,-3.5,2,0,2.03,1.5,0
20240612_me_casco_historico,miranda_de_ebro,me_casco_historico,6,18.5,48,apartment,2.4,diesel,120,-4.2,0,0,1.58,1.23,0
20240612_me_ircio,miranda_de_ebro,me_ircio,6,17.0,55,apartment,2.7,electric,400,1.1,1,1,1.03,0.82,0
20240612_me_industrial_norte,miranda_de_ebro,me_industrial_norte,6,19.1,40,terraced_house,3.1,diesel,700,6.6,1,0,1.52,1.19,0
20240612_me_bayas,miranda_de_ebro,me_bayas,6,20.3,50,detached_house,3.4,butane_lpg,1600,8.8,3,0,2.65,2.11,0
20240613_rv_centro,rincon_de_la_victoria,rv_centro,6,23.0,58,apartment,2.6,electric,150,-2.3,1,0,1.26,1.0,1
20240613_rv_torre_benagalbon,rincon_de_la_victoria,rv_torre_benagalbon,6,23.4,52,apartment,2.8,butane_lpg,650,2.6,4,0,1.74,1.33,0
20240613_rv_cala_del_moral,rincon_de_la_victoria,rv_cala_del_moral,6,23.2,72,detached_house,3.0,electric,900,2.9,2,0,1.46,1.21,0
20240613_rv_benagalbon_pueblo,rincon_de_la_victoria,rv_benagalbon_pueblo,6,23.6,44,terraced_house,3.2,none,1800,12.9,4,0,2.01,1.59,0
20240613_me_casco_historico,miranda_de_ebro,me_casco_historico,6,20.1,48,apartment,2.4,diesel,120,-2.8,2,0,1.34,1.03,0
20240613_me_ircio,miranda_de_ebro,me_ircio,6,19.8,55,apartment,2.7,electric,400,-8.0,1,0,1.58,1.24,0
20240613_me_industrial_norte,miranda_de_ebro,me_industrial_norte,6,18.4,40,terraced_house,3.1,diesel,700,-1.2,2,0,1.78,1.42,0
20240613_me_bayas,miranda_de_ebro,me_bayas,6,18.1,50,detached_house,3.4,butane_lpg,1600,17.4,4,0,2.17,1.79,0
20240614_rv_centro,rincon_de_la_victoria,rv_centro,6,23.4,58,apartment,2.6,electric,150,-10.6,2,1,1.65,1.2,0
20240614_rv_torre_benagalbon,rincon_de_la_victoria,rv_torre_benagalbon,6,23.7,52,apartment,2.8,butane_lpg,650,0.3,5,1,1.71,1.43,1
20240614_rv_cala_del_moral,rincon_de_la_victoria,rv_cala_del_moral,6,26.6,72,detached_house,3.0,electric,900,3.5,1,0,1.6,1.26,0
20240614_rv_benagalbon_pueblo,rincon_de_la_victoria,rv_benagalbon_pueblo,6,23.8,44,terraced_house,3.2,none,1800,12.9,0,0,1.93,1.47,0
20240614_me_casco_historico,miranda_de_ebro,me_casco_historico,6,21.0,48,apartment,2.4,diesel,120,5.0,1,0,1.23,0.94,1
20240614_me_ircio,miranda_de_ebro,me_ircio,6,19.4,55,apartment,2.7,electric,400,6.4,4,0,1.65,1.27,1
20240614_me_industrial_norte,miranda_de_ebro,me_industrial_norte,6,18.7,40,terraced_house,3.1,diesel,700,3.8,2,0,1.91,1.54,0
20240614_me_bayas,miranda_de_ebro,me_bayas,6,15.9,50,detached_house,3.4,butane_lpg,1600,8.7,4,1,1.79,1.41,0
20240615_rv_centro,rincon_de_la_victoria,rv_centro,6,22.8,58,apartment,2.6,electric,150,3.3,2,1,1.03,0.79,1
20240615_rv_torre_benagalbon,rincon_de_la_victoria,rv_torre_benagalbon,6,24.6,52,apartment,2.8,butane_lpg,650,14.4,1,0,1.87,1.52,1
20240615_rv_cala_del_moral,rincon_de_la_victoria,rv_cala_del_moral,6,25.1,72,detached_house,3.0,electric,900,-6.6,3,0,1.51,1.24,0
20240615_rv_benagalbon_pueblo,rincon_de_la_victoria,rv_benagalbon_pueblo,6,25.7,44,terraced_house,3.2,none,1800,8.1,1,0,1.56,1.22,0
20240615_me_casco_historico,miranda_de_ebro,me_casco_historico,6,21.9,48,apartment,2.4,diesel,120,-1.9,3,0,1.28,1.06,0
20240615_me_ircio,miranda_de_ebro,me_ircio,6,20.0,55,apartment,2.7,electric,400,4.7,2,0,1.75,1.31,0
20240615_me_industrial_norte,miranda_de_ebro,me_industrial_norte,6,19.4,40,terraced_house,3.1,diesel,700,19.1,2,0,1.64,1.3,0
20240615_me_bayas,miranda_de_ebro,me_bayas,6,19.5,50,detached_house,3.4,butane_lpg,1600,0.6,4,0,1.78,1.38,0
20240616_rv_centro,rincon_de_la_victoria,rv_centro,6,22.9,58,apartment,2.6,electric,150,3.3,4,0,1.41,1.09,1
20240616_rv_torre_benagalbon,rincon_de_la_victoria,rv_torre_benagalbon,6,20.3,52,apartment,2.8,butane_lpg,650,11.7,0,0,1.73,1.24,0
20240616_rv_cala_del_moral,rincon_de_la_victoria,rv_cala_del_moral,6,22.3,72,detached_house,3.0,electric,900,3.3,3,0,1.43,1.06,0
20240616_rv_benagalbon_pueblo,rincon_de_la_victoria,rv_benagalbon_pueblo,6,23.8,44,terraced_house,3.2,none,1800,2.5,5,0,2.65,2.05,0
20240616_me_casco_historico,miranda_de_ebro,me_casco_historico,6,17.5,48,apartment,2.4,diesel,120,-8.4,1,0,1.25,1.01,0
20240616_me_ircio,miranda_de_ebro,me_ircio,6,20.2,55,apartment,2.7,electric,400,3.8,3,0,1.15,0.95,1
20240616_me_industrial_norte,miranda_de_ebro,me_industrial_norte,6,22.7,40,terraced_house,3.1,diesel,700,7.7,2,0,1.57,1.2,1
20240616_me_bayas,miranda_de_ebro,me_bayas,6,21.5,50,detached_house,3.4,butane_lpg,1600,3.9,0,0,2.91,2.3,0
20240617_rv_centro,rincon_de_la_victoria,rv_centro,6,24.4,58,apartment,2.6,electric,150,14.5,2,0,1.3,0.96,1
20240617_rv_torre_benagalbon,rincon_de_la_victoria,rv_torre_benagalbon,6,23.6,52,apartment,2.8,butane_lpg,650,14.9,3,0,1.2,0.96,0
20240617_rv_cala_del_moral,rincon_de_la_victoria,rv_cala_del_moral,6,25.5,72,detached_house,3.0,electric,900,3.0,1,0,1.69,1.36,0
20240617_rv_benagalbon_pueblo,rincon_de_la_victoria,rv_benagalbon_pueblo,6,25.1,44,terraced_house,3.2,none,1800,3.3,1,0,2.33,1.79,0
20240617_me_casco_historico,miranda_de_ebro,me_casco_historico,6,19.1,48,apartment,2.4,diesel,120,11.6,0,0,1.38,1.04,0
20240617_me_ircio,miranda_de_ebro,me_ircio,6,22.4,55,apartment,2.7,electric,400,3.6,6,0,1.78,1.37,0
20240617_me_industrial_norte,miranda_de_ebro,me_industrial_norte,6,20.5,40,terraced_house,3.1,diesel,700,-1.9,2,0,1.54,1.21,1
20240617_me_bayas,miranda_de_ebro,me_bayas,6,19.8,50,detached_house,3.4,butane_lpg,1600,-1.2,6,1,2.08,1.62,0
20240618_rv_centro,rincon_de_la_victoria,rv_centro,6,23.7,58,apartment,2.6,electric,150,-22.1,1,0,1.25,0.97,0
20240618_rv_torre_benagalbon,rincon_de_la_victoria,rv_torre_benagalbon,6,23.6,52,apartment,2.8,butane_lpg,650,6.4,2,0,1.59,1.29,1
20240618_rv_cala_del_moral,rincon_de_la_victoria,rv_cala_del_moral,6,24.5,72,detached_house,3.0,electric,900,6.9,4,0,1.87,1.46,0
20240618_rv_benagalbon_pueblo,rincon_de_la_victoria,rv_benagalbon_pueblo,6,25.2,44,terraced_house,3.2,none,1800,-8.3,4,1,2.01,1.57,0
20240618_me_casco_historico,miranda_de_ebro,me_casco_historico,6,20.9,48,apartment,2.4,diesel,120,9.9,3,0,1.61,1.23,1
20240618_me_ircio,miranda_de_ebro,me_ircio,6,20.5,55,apartment,2.7,electric,400,-1.2,2,0,1.39,1.06,0
20240618_me_industrial_norte,miranda_de_ebro,me_industrial_norte,6,20.2,40,terraced_house,3.1,diesel,700,9.8,4,0,1.66,1.28,1
20240618_me_bayas,miranda_de_ebro,me_bayas,6,18.3,50,detached_house,3.4,butane_lpg,1600,3.4,0,0,1.74,1.31,0
20240619_rv_centro,rincon_de_la_victoria,rv_centro,6,23.6,58,apartment,2.6,electric,150,-14.8,1,0,1.33,1.1,1
20240619_rv_torre_benagalbon,rincon_de_la_victoria,rv_torre_benagalbon,6,25.6,52,apartment,2.8,butane_lpg,650,3.8,2,0,2.13,1.75,0
20240619_rv_cala_del_moral,rincon_de_la_victoria,rv_cala_del_moral,6,23.2,72,detached_house,3.0,electric,900,7.9,3,0,1.89,1.46,0
20240619_rv_benagalbon_pueblo,rincon_de_la_victoria,rv_benagalbon_pueblo,6,25.8,44,terraced_house,3.2,none,1800,3.2,1,0,1.98,1.65,0
20240619_me_casco_historico,miranda_de_ebro,me_casco_historico,6,19.7,48,apartment,2.4,diesel,120,0.6,5,0,1.49,1.12,0
20240619_me_ircio,miranda_de_ebro,me_ircio,6,22.9,55,apartment,2.7,electric,400,1.4,1,0,1.59,1.15,0
20240619_me_industrial_norte,miranda_de_ebro,me_industrial_norte,6,21.7,40,terraced_house,3.1,diesel,700,-8.1,3,0,1.7,1.34,0
20240619_me_bayas,miranda_de_ebro,me_bayas,6,22.0,50,detached_house,3.4,butane_lpg,1600,-0.9,3,0,1.85,1.54,0
20240620_rv_centro,rincon_de_la_victoria,rv_centro,6,26.1,58,apartment,2.6,electric,150,-16.5,3,0,1.38,1.09,0
20240620_rv_torre_benagalbon,rincon_de_la_victoria,rv_torre_benagalbon,6,26.8,52,apartment,2.8,butane_lpg,650,6.6,0,0,2.09,1.55,0
20240620_rv_cala_del_moral,rincon_de_la_victoria,rv_cala_del_moral,6,22.8,72,detached_house,3.0,electric,900,2.4,1,0,1.83,1.44,0
20240620_rv_benagalbon_pueblo,rincon_de_la_victoria,rv_benagalbon_pueblo,6,24.7,44,terraced_house,3.2,none,1800,0.9,2,0,2.3,1.66,0
20240620_me_casco_historico,miranda_de_ebro,me_casco_historico,6,21.2,48,apartment,2.4,diesel,120,8.3,2,0,1.31,1.0,0
20240620_me_ircio,miranda_de_ebro,me_ircio,6,20.4,55,apartment,2.7,electric,400,0.9,2,0,1.81,1.41,1
20240620_me_industrial_norte,miranda_de_ebro,me_industrial_norte,6,19.0,40,terraced_house,3.1,diesel,700,1.9,1,0,2.12,1.67,0
20240620_me_bayas,miranda_de_ebro,me_bayas,6,20.8,50,detached_house,3.4,butane_lpg,1600,-6.5,2,0,1.87,1.46,0
20240621_rv_centro,rincon_de_la_victoria,rv_centro,6,25.2,58,apartment,2.6,electric,150,-9.6,5,0,1.36,1.04,1
20240621_rv_torre_benagalbon,rincon_de_la_victoria,rv_torre_benagalbon,6,24.1,52,apartment,2.8,butane_lpg,650,6.5,2,1,1.93,1.43,0
20240621_rv_cala_del_moral,rincon_de_la_victoria,rv_cala_del_moral,6,23.2,72,detached_house,3.0,electric,900,8.9,5,0,1.89,1.47,1
20240621_rv_benagalbon_pueblo,rincon_de_la_victoria,rv_benagalbon_pueblo,6,23.6,44,terraced_house,3.2,none,1800,-1.1,3,1,2.34,1.89,0
20240621_me_casco_historico,miranda_de_ebro,me_casco_historico,6,18.7,48,apartment,2.4,diesel,120,11.8,8,0,1.45,1.16,1
20240621_me_ircio,miranda_de_ebro,me_ircio,6,20.5,55,apartment,2.7,electric,400,11.5,3,0,1.75,1.45,0
20240621_me_industrial_norte,miranda_de_ebro,me_industrial_norte,6,21.5,40,terraced_house,3.1,diesel,700,-11.1,1,0,2.27,1.79,0
20240621_me_bayas,miranda_de_ebro,me_bayas,6,20.6,50,detached_house,3.4,butane_lpg,1600,10.7,4,0,1.88,1.56,0
20240622_rv_centro,rincon_de_la_victoria,rv_centro,6,27.2,58,apartment,2.6,electric,150,-9.0,4,0,1.6,1.21,0
20240622_rv_torre_benagalbon,rincon_de_la_victoria,rv_torre_benagalbon,6,25.5,52,apartment,2.8,butane_lpg,650,-3.7,1,0,1.43,1.17,0
20240622_rv_cala_del_moral,rincon_de_la_victoria,rv_cala_del_moral,6,22.6,72,detached_house,3.0,electric,900,8.6,3,0,1.49,1.18,0
20240622_rv_benagalbon_pueblo,rincon_de_la_victoria,rv_benagalbon_pueblo,6,25.9,44,terraced_house,3.2,none,1800,-3.8,1,0,1.43,1.11,0
20240622_me_casco_historico,miranda_de_ebro,me_casco_historico,6,22.6,48,apartment,2.4,diesel,120,-24.5,1,0,1.39,1.05,0
20240622_me_ircio,miranda_de_ebro,me_ircio,6,19.0,55,apartment,2.7,electric,400,-1.0,2,0,1.75,1.36,0
20240622_me_industrial_norte,miranda_de_ebro,me_industrial_norte,6,23.5,40,terraced_house,3.1,diesel,700,20.1,1,0,1.73,1.33,1
20240622_me_bayas,miranda_de_ebro,me_bayas,6,20.5,50,detached_house,3.4,butane_lpg,1600,9.8,2,0,1.66,1.32,0
20240623_rv_centro,rincon_de_la_victoria,rv_centro,6,25.2,58,apartment,2.6,electric,150,15.2,1,0,1.65,1.3,0
20240623_rv_torre_benagalbon,rincon_de_la_victoria,rv_torre_benagalbon,6,26.1,52,apartment,2.8,butane_lpg,650,-4.0,1,0,1.91,1.51,0
20240623_rv_cala_del_moral,rincon_de_la_victoria,rv_cala_del_moral,6,26.4,72,detached_house,3.0,electric,900,-6.5,2,0,2.08,1.67,0
20240623_rv_benagalbon_pueblo,rincon_de_la_victoria,rv_benagalbon_pueblo,6,25.1,44,terraced_house,3.2,none,1800,-4.2,1,0,2.3,1.75,0
20240623_me_casco_historico,miranda_de_ebro,me_casco_historico,6,22.2,48,apartment,2.4,diesel,120,6.8,0,1,1.71,1.26,0
20240623_me_ircio,miranda_de_ebro,me_ircio,6,21.6,55,apartment,2.7,electric,400,0.8,1,0,1.49,1.1,0
20240623_me_industrial_norte,miranda_de_ebro,me_industrial_norte,6,18.5,40,terraced_house,3.1,diesel,700,21.6,3,0,2.07,1.53,1
20240623_me_bayas,miranda_de_ebro,me_bayas,6,19.2,50,detached_house,3.4,butane_lpg,1600,1.3,4,0,2.68,2.1,0
20240624_rv_centro,rincon_de_la_victoria,rv_centro,6,25.8,58,apartment,2.6,electric,150,-5.6,2,0,1.53,1.27,0
20240624_rv_torre_benagalbon,rincon_de_la_victoria,rv_torre_benagalbon,6,22.7,52,apartment,2.8,butane_lpg,650,2.3,1,0,1.65,1.25,0
20240624_rv_cala_del_moral,rincon_de_la_victoria,rv_cala_del_moral,6,24.3,72,detached_house,3.0,electric,900,-0.7,2,0,1.39,1.11,0
20240624_rv_benagalbon_pueblo,rincon_de_la_victoria,rv_benagalbon_pueblo,6,25.3,44,terraced_house,3.2,none,1800,-2.5,1,1,2.37,1.83,0
20240624_me_casco_historico,miranda_de_ebro,me_casco_historico,6,20.8,48,apartment,2.4,diesel,120,-7.7,5,0,1.39,1.05,0
20240624_me_ircio,miranda_de_ebro,me_ircio,6,21.2,55,apartment,2.7,electric,400,1.1,1,0,1.67,1.27,1
20240624_me_industrial_norte,miranda_de_ebro,me_industrial_norte,6,20.4,40,terraced_house,3.1,diesel,700,-15.3,2,0,1.9,1.39,0
20240624_me_bayas,miranda_de_ebro,me_bayas,6,20.3,50,detached_house,3.4,butane_lpg,1600,28.3,2,0,2.1,1.7,0
20240625_rv_centro,rincon_de_la_victoria,rv_centro,6,25.2,58,apartment,2.6,electric,150,11.5,3,0,1.31,1.03,1
20240625_rv_torre_benagalbon,rincon_de_la_victoria,rv_torre_benagalbon,6,26.0,52,apartment,2.8,butane_lpg,650,-8.0,1,0,1.73,1.36,0
20240625_rv_cala_del_moral,rincon_de_la_victoria,rv_cala_del_moral,6,26.5,72,detached_house,3.0,electric,900,2.4,3,0,1.45,1.07,0
20240625_rv_benagalbon_pueblo,rincon_de_la_victoria,rv_benagalbon_pueblo,6,24.7,44,terraced_house,3.2,none,1800,-5.6,2,0,2.18,1.61,0
20240625_me_casco_historico,miranda_de_ebro,me_casco_historico,6,20.6,48,apartment,2.4,diesel,120,-3.4,2,0,1.23,0.95,0
20240625_me_ircio,miranda_de_ebro,me_ircio,6,20.6,55,apartment,2.7,electric,400,-4.3,2,1,1.48,1.09,0
20240625_me_industrial_norte,miranda_de_ebro,me_industrial_norte,6,20.3,40,terraced_house,3.1,diesel,700,-15.3,3,0,2.04,1.62,0
20240625_me_bayas,miranda_de_ebro,me_bayas,6,20.3,50,detached_house,3.4,butane_lpg,1600,7.1,1,0,1.6,1.33,0
20240626_rv_centro,rincon_de_la_victoria,rv_centro,6,26.1,58,apartment,2.6,electric,150,-4.7,2,1,1.44,1.14,0
20240626_rv_torre_benagalbon,rincon_de_la_victoria,rv_torre_benagalbon,6,22.6,52,apartment,2.8,butane_lpg,650,3.0,1,0,1.79,1.38,0
20240626_rv_cala_del_moral,rincon_de_la_victoria,rv_cala_del_moral,6,24.3,72,detached_house,3.0,electric,900,20.6,3,0,1.61,1.31,0
20240626_rv_benagalbon_pueblo,rincon_de_la_victoria,rv_benagalbon_pueblo,6,24.4,44,terraced_house,3.2,none,1800,3.7,1,0,2.19,1.68,0
20240626_me_casco_historico,miranda_de_ebro,me_casco_historico,6,23.5,48,apartment,2.4,diesel,120,-11.4,2,0,1.32,1.03,0
20240626_me_ircio,miranda_de_ebro,me_ircio,6,21.6,55,apartment,2.7,electric,400,12.7,4,0,1.7,1.33,0
20240626_me_industrial_norte,miranda_de_ebro,me_industrial_norte,6,22.2,40,terraced_house,3.1,diesel,700,-12.7,2,0,1.51,1.24,0
20240626_me_bayas,miranda_de_ebro,me_bayas,6,20.5,50,detached_house,3.4,butane_lpg,1600,-8.7,4,0,1.64,1.29,0
20240627_rv_centro,rincon_de_la_victoria,rv_centro,6,26.7,58,apartment,2.6,electric,150,1.4,3,0,1.47,1.1,0
20240627_rv_torre_benagalbon,rincon_de_la_victoria,rv_torre_benagalbon,6,23.8,52,apartment,2.8,butane_lpg,650,-9.6,2,0,2.17,1.8,0
20240627_rv_cala_del_moral,rincon_de_la_victoria,rv_cala_del_moral,6,23.9,72,detached_house,3.0,electric,900,13.8,2,0,1.63,1.32,0
20240627_rv_benagalbon_pueblo,rincon_de_la_victoria,rv_benagalbon_pueblo,6,26.2,44,terraced_house,3.2,none,1800,7.2,3,0,2.0,1.52,0
20240627_me_casco_historico,miranda_de_ebro,me_casco_historico,6,18.5,48,apartment,2.4,diesel,120,8.7,2,0,1.45,1.18,0
20240627_me_ircio,miranda_de_ebro,me_ircio,6,22.2,55,apartment,2.7,electric,400,3.3,2,0,1.56,1.25,0
20240627_me_industrial_norte,miranda_de_ebro,me_industrial_norte,6,23.2,40,terraced_house,3.1,diesel,700,-4.5,2,0,1.74,1.36,0
20240627_me_bayas,miranda_de_ebro,me_bayas,6,22.2,50,detached_house,3.4,butane_lpg,1600,4.0,2,1,1.86,1.52,1
20240628_rv_centro,rincon_de_la_victoria,rv_centro,6,27.4,58,apartment,2.6,electric,150,9.4,1,0,1.31,1.01,0
20240628_rv_torre_benagalbon,rincon_de_la_victoria,rv_torre_benagalbon,6,27.2,52,apartment,2.8,butane_lpg,650,12.9,0,0,1.68,1.23,0
20240628_rv_cala_del_moral,rincon_de_la_victoria,rv_cala_del_moral,6,23.0,72,detached_house,3.0,electric,900,-16.0,5,0,2.03,1.55,0
20240628_rv_benagalbon_pueblo,rincon_de_la_victoria,rv_benagalbon_pueblo,6,27.7,44,terraced_house,3.2,none,1800,3.5,5,0,1.57,1.23,0
20240628_me_casco_historico,miranda_de_ebro,me_casco_historico,6,21.6,48,apartment,2.4,diesel,120,3.7,1,1,1.79,1.48,0
20240628_me_ircio,miranda_de_ebro,me_ircio,6,20.2,55,apartment,2.7,electric,400,-4.4,1,0,1.23,0.93,0
20240628_me_industrial_norte,miranda_de_ebro,me_industrial_norte,6,20.1,40,terraced_house,3.1,diesel,700,7.9,3,0,2.02,1.48,1
20240628_me_bayas,miranda_de_ebro,me_bayas,6,19.0,50,detached_house,3.4,butane_lpg,1600,-7.2,2,0,2.29,1.59,0
20240629_rv_centro,rincon_de_la_victoria,rv_centro,6,25.0,58,apartment,2.6,electric,150,16.9,3,0,1.45,1.13,0
20240629_rv_torre_benagalbon,rincon_de_la_victoria,rv_torre_benagalbon,6,27.3,52,apartment,2.8,butane_lpg,650,6.6,2,0,1.86,1.34,0
20240629_rv_cala_del_moral,rincon_de_la_victoria,rv_cala_del_moral,6,25.6,72,detached_house,3.0,electric,900,10.4,5,0,1.46,1.05,1
20240629_rv_benagalbon_pueblo,rincon_de_la_victoria,rv_benagalbon_pueblo,6,25.9,44,terraced_house,3.2,none,1800,-4.1,1,0,2.25,1.77,0
20240629_me_casco_historico,miranda_de_ebro,me_casco_historico,6,21.3,48,apartment,2.4,diesel,120,7.6,1,0,1.24,1.0,0
20240629_me_ircio,miranda_de_ebro,me_ircio,6,20.7,55,apartment,2.7,electric,400,22.2,2,0,1.5,1.12,0
20240629_me_industrial_norte,miranda_de_ebro,me_industrial_norte,6,22.2,40,terraced_house,3.1,diesel,700,18.5,4,1,1.5,1.18,1
20240629_me_bayas,miranda_de_ebro,me_bayas,6,20.2,50,detached_house,3.4,butane_lpg,1600,3.9,1,0,1.59,1.27,0
20240630_rv_centro,rincon_de_la_victoria,rv_centro,6,25.6,58,apartment,2.6,electric,150,-3.3,1,0,1.54,1.17,0
20240630_rv_torre_benagalbon,rincon_de_la_victoria,rv_torre_benagalbon,6,25.6,52,apartment,2.8,butane_lpg,650,0.6,0,1,1.83,1.3,0
20240630_rv_cala_del_moral,rincon_de_la_victoria,rv_cala_del_moral,6,25.3,72,detached_house,3.0,electric,900,-3.0,5,0,1.62,1.31,0
20240630_rv_benagalbon_pueblo,rincon_de_la_victoria,rv_benagalbon_pueblo,6,24.6,44,terraced_house,3.2,none,1800,1.8,1,0,1.58,1.19,0
20240630_me_casco_historico,miranda_de_ebro,me_casco_historico,6,19.0,48,apartment,2.4,diesel,120,25.2,3,0,1.4,1.03,0
20240630_me_ircio,miranda_de_ebro,me_ircio,6,21.0,55,apartment,2.7,electric,400,6.7,2,1,1.57,1.22,1
20240630_me_industrial_norte,miranda_de_ebro,me_industrial_norte,6,19.8,40,terraced_house,3.1,diesel,700,8.5,5,0,1.94,1.51,0
20240630_me_bayas,miranda_de_ebro,me_bayas,6,20.1,50,detached_house,3.4,butane_lpg,1600,7.3,1,0,2.01,1.68,0
20240701_rv_centro,rincon_de_la_victoria,rv_centro,7,24.3,58,apartment,2.6,electric,150,0.3,2,0,1.26,0.92,0
20240701_rv_torre_benagalbon,rincon_de_la_victoria,rv_torre_benagalbon,7,25.3,52,apartment,2.8,butane_lpg,650,-8.3,0,0,2.05,1.47,0
20240701_rv_cala_del_moral,rincon_de_la_victoria,rv_cala_del_moral,7,24.2,72,detached_house,3.0,electric,900,5.4,1,0,1.58,1.24,0
20240701_rv_benagalbon_pueblo,rincon_de_la_victoria,rv_benagalbon_pueblo,7,24.8,44,terraced_house,3.2,none,1800,1.2,0,0,2.27,1.64,0
20240701_me_casco_historico,miranda_de_ebro,me_casco_historico,7,20.9,48,apartment,2.4,diesel,120,-3.3,2,1,1.03,0.8,0
20240701_me_ircio,miranda_de_ebro,me_ircio,7,23.1,55,apartment,2.7,electric,400,3.1,5,0,1.21,0.94,0
20240701_me_industrial_norte,miranda_de_ebro,me_industrial_norte,7,20.9,40,terraced_house,3.1,diesel,700,9.2,0,0,1.9,1.48,0
20240701_me_bayas,miranda_de_ebro,me_bayas,7,19.6,50,detached_house,3.4,butane_lpg,1600,8.7,3,0,2.61,1.98,0
20240702_rv_centro,rincon_de_la_victoria,rv_centro,7,27.9,58,apartment,2.6,electric,150,-26.6,2,0,1.21,0.97,0
20240702_rv_torre_benagalbon,rincon_de_la_victoria,rv_torre_benagalbon,7,26.4,52,apartment,2.8,butane_lpg,650,-4.0,3,0,1.73,1.24,0
20240702_rv_cala_del_moral,rincon_de_la_victoria,rv_cala_del_moral,7,25.5,72,detached_house,3.0,electric,900,-2.6,2,1,1.75,1.43,0
20240702_rv_benagalbon_pueblo,rincon_de_la_victoria,rv_benagalbon_pueblo,7,25.2,44,terraced_house,3.2,none,1800,11.3,1,0,1.67,1.26,0
20240702_me_casco_historico,miranda_de_ebro,me_casco_historico,7,21.9,48,apartment,2.4,diesel,120,1.6,6,0,1.34,1.06,0
20240702_me_ircio,miranda_de_ebro,me_ircio,7,19.0,55,apartment,2.7,electric,400,-5.7,2,0,1.62,1.28,0
20240702_me_industrial_norte,miranda_de_ebro,me_industrial_norte,7,21.4,40,terraced_house,3.1,diesel,700,2.6,4,0,1.86,1.51,0
20240702_me_bayas,miranda_de_ebro,me_bayas,7,19.6,50,detached_house,3.4,butane_lpg,1600,1.7,0,0,1.89,1.48,0
20240703_rv_centro,rincon_de_la_victoria,rv_centro,7,25.7,58,apartment,2.6,electric,150,2.0,1,0,1.28,1.05,0
20240703_rv_torre_benagalbon,rincon_de_la_victoria,rv_torre_benagalbon,7,26.2,52,apartment,2.8,butane_lpg,650,0.9,5,0,1.25,0.93,0
20240703_rv_cala_del_moral,rincon_de_la_victoria,rv_cala_del_moral,7,24.1,72,detached_house,3.0,electric,900,-1.6,2,0,1.39,1.08,0
20240703_rv_benagalbon_pueblo,rincon_de_la_victoria,rv_benagalbon_pueblo,7,25.6,44,terraced_house,3.2,none,1800,0.6,3,0,2.16,1.81,0
20240703_me_casco_historico,miranda_de_ebro,me_casco_historico,7,20.6,48,apartment,2.4,diesel,120,3.6,1,0,1.33,1.07,0
20240703_me_ircio,miranda_de_ebro,me_ircio,7,18.7,55,apartment,2.7,electric,400,-0.5,2,0,1.39,1.06,0
20240703_me_industrial_norte,miranda_de_ebro,me_industrial_norte,7,22.6,40,terraced_house,3.1,diesel,700,5.2,2,0,1.94,1.43,0
20240703_me_bayas,miranda_de_ebro,me_bayas,7,23.5,50,detached_house,3.4,butane_lpg,1600,15.1,2,0,2.07,1.55,0
20240704_rv_centro,rincon_de_la_victoria,rv_centro,7,25.3,58,apartment,2.6,electric,150,-3.6,2,0,1.28,0.99,0
20240704_rv_torre_benagalbon,rincon_de_la_victoria,rv_torre_benagalbon,7,24.9,52,apartment,2.8,butane_lpg,650,3.5,2,0,1.65,1.22,0
20240704_rv_cala_del_moral,rincon_de_la_victoria,rv_cala_del_moral,7,23.9,72,detached_house,3.0,electric,900,-13.5,0,1,1.74,1.35,0
20240704_rv_benagalbon_pueblo,rincon_de_la_victoria,rv_benagalbon_pueblo,7,25.8,44,terraced_house,3.2,none,1800,-5.4,4,0,2.04,1.59,0
20240704_me_casco_historico,miranda_de_ebro,me_casco_historico,7,21.6,48,apartment,2.4,diesel,120,-8.8,3,0,1.54,1.27,0
20240704_me_ircio,miranda_de_ebro,me_ircio,7,21.9,55,apartment,2.7,electric,400,15.5,1,0,1.98,1.6,1
20240704_me_industrial_norte,miranda_de_ebro,me_industrial_norte,7,21.4,40,terraced_house,3.1,diesel,700,22.7,2,0,1.71,1.29,1
20240704_me_bayas,miranda_de_ebro,me_bayas,7,21.4,50,detached_house,3.4,butane_lpg,1600,1.1,0,0,2.24,1.82,0
20240705_rv_centro,rincon_de_la_victoria,rv_centro,7,25.4,58,apartment,2.6,electric,150,13.5,2,0,1.84,1.4,0
20240705_rv_torre_benagalbon,rincon_de_la_victoria,rv_torre_benagalbon,7,25.9,52,apartment,2.8,butane_lpg,650,-3.4,2,0,2.33,1.86,0
20240705_rv_cala_del_moral,rincon_de_la_victoria,rv_cala_del_moral,7,23.8,72,detached_house,3.0,electric,900,1.0,3,0,1.23,0.96,0
20240705_rv_benagalbon_pueblo,rincon_de_la_victoria,rv_benagalbon_pueblo,7,22.5,44,terraced_house,3.2,none,1800,-0.8,4,0,1.9,1.46,0
20240705_me_casco_historico,miranda_de_ebro,me_casco_historico,7,20.0,48,apartment,2.4,diesel,120,1.3,2,1,1.27,1.0,1
20240705_me_ircio,miranda_de_ebro,me_ircio,7,22.2,55,apartment,2.7,electric,400,-27.4,3,0,1.37,1.1,0
20240705_me_industrial_norte,miranda_de_ebro,me_industrial_norte,7,21.6,40,terraced_house,3.1,diesel,700,-5.1,6,0,1.56,1.19,0
20240705_me_bayas,miranda_de_ebro,me_bayas,7,22.8,50,detached_house,3.4,butane_lpg,1600,-2.4,3,0,2.2,1.69,0
20240706_rv_centro,rincon_de_la_victoria,rv_centro,7,24.8,58,apartment,2.6,electric,150,-8.5,2,0,1.44,1.13,0
20240706_rv_torre_benagalbon,rincon_de_la_victoria,rv_torre_benagalbon,7,27.1,52,apartment,2.8,butane_lpg,650,-9.2,5,0,1.51,1.2,0
20240706_rv_cala_del_moral,rincon_de_la_victoria,rv_cala_del_moral,7,25.1,72,detached_house,3.0,electric,900,3.2,3,0,1.48,1.19,0
20240706_rv_benagalbon_pueblo,rincon_de_la_victoria,rv_benagalbon_pueblo,7,26.3,44,terraced_house,3.2,none,1800,-19.6,1,0,1.83,1.42,0
20240706_me_casco_historico,miranda_de_ebro,me_casco_historico,7,20.9,48,apartment,2.4,diesel,120,10.2,1,0,1.3,0.99,0
20240706_me_ircio,miranda_de_ebro,me_ircio,7,22.4,55,apartment,2.7,electric,400,11.9,1,0,1.57,1.23,0
20240706_me_industrial_norte,miranda_de_ebro,me_industrial_norte,7,20.3,40,terraced_house,3.1,diesel,700,7.5,2,0,1.84,1.39,0
20240706_me_bayas,miranda_de_ebro,me_bayas,7,20.7,50,detached_house,3.4,butane_lpg,1600,10.0,3,0,1.92,1.52,0
20240707_rv_centro,rincon_de_la_victoria,rv_centro,7,26.0,58,apartment,2.6,electric,150,-10.6,1,0,1.3,1.05,0
20240707_rv_torre_benagalbon,rincon_de_la_victoria,rv_torre_benagalbon,7,25.1,52,apartment,2.8,butane_lpg,650,-12.7,2,0,1.58,1.13,0
20240707_rv_cala_del_moral,rincon_de_la_victoria,rv_cala_del_moral,7,25.8,72,detached_house,3.0,electric,900,1.7,2,0,1.46,1.13,0
20240707_rv_benagalbon_pueblo,rincon_de_la_victoria,rv_benagalbon_pueblo,7,25.7,44,terraced_house,3.2,none,1800,13.6,3,0,2.72,2.22,0
20240707_me_casco_historico,miranda_de_ebro,me_casco_historico,7,21.4,48,apartment,2.4,diesel,120,-5.2,2,0,1.54,1.21,0
20240707_me_ircio,miranda_de_ebro,me_ircio,7,20.0,55,apartment,2.7,electric,400,3.8,1,0,1.76,1.32,0
20240707_me_industrial_norte,miranda_de_ebro,me_industrial_norte,7,18.2,40,terraced_house,3.1,diesel,700,15.5,2,0,2.27,1.74,0
20240707_me_bayas,miranda_de_ebro,me_bayas,7,23.8,50,detached_house,3.4,butane_lpg,1600,-15.2,3,0,2.28,1.81,0
20240708_rv_centro,rincon_de_la_victoria,rv_centro,7,26.9,58,apartment,2.6,electric,150,-14.6,1,0,1.45,1.15,0
20240708_rv_torre_benagalbon,rincon_de_la_victoria,rv_torre_benagalbon,7,22.4,52,apartment,2.8,butane_lpg,650,15.5,4,0,1.39,1.18,0
20240708_rv_cala_del_moral,rincon_de_la_victoria,rv_cala_del_moral,7,24.2,72,detached_house,3.0,electric,900,-9.1,1,0,2.14,1.62,0
20240708_rv_benagalbon_pueblo,rincon_de_la_victoria,rv_benagalbon_pueblo,7,24.7,44,terraced_house,3.2,none,1800,-2.7,2,0,1.95,1.51,0
20240708_me_casco_historico,miranda_de_ebro,me_casco_historico,7,23.3,48,apartment,2.4,diesel,120,19.4,1,0,1.43,1.13,0
20240708_me_ircio,miranda_de_ebro,me_ircio,7,19.7,55,apartment,2.7,electric,400,-3.1,1,1,1.25,0.97,0
20240708_me_industrial_norte,miranda_de_ebro,me_industrial_norte,7,19.9,40,terraced_house,3.1,diesel,700,-8.8,1,0,2.02,1.55,0
20240708_me_bayas,miranda_de_ebro,me_bayas,7,20.9,50,detached_house,3.4,butane_lpg,1600,-20.2,2,0,1.5,1.29,0
20240709_rv_centro,rincon_de_la_victoria,rv_centro,7,23.4,58,apartment,2.6,electric,150,4.1,3,0,1.52,1.15,1
20240709_rv_torre_benagalbon,rincon_de_la_victoria,rv_torre_benagalbon,7,23.3,52,apartment,2.8,butane_lpg,650,-10.1,2,0,1.67,1.21,0
20240709_rv_cala_del_moral,rincon_de_la_victoria,rv_cala_del_moral,7,26.2,72,detached_house,3.0,electric,900,-8.1,3,0,1.52,1.27,0
20240709_rv_benagalbon_pueblo,rincon_de_la_victoria,rv_benagalbon_pueblo,7,22.8,44,terraced_house,3.2,none,1800,-7.3,2,0,2.18,1.63,0
20240709_me_casco_historico,miranda_de_ebro,me_casco_historico,7,21.7,48,apartment,2.4,diesel,120,-3.3,3,0,1.19,0.91,1
20240709_me_ircio,miranda_de_ebro,me_ircio,7,21.9,55,apartment,2.7,electric,400,-2.0,3,0,1.33,1.1,0
20240709_me_industrial_norte,miranda_de_ebro,me_industrial_norte,7,21.6,40,terraced_house,3.1,diesel,700,13.9,3,0,1.49,1.17,0
20240709_me_bayas,miranda_de_ebro,me_bayas,7,19.8,50,detached_house,3.4,butane_lpg,1600,-3.8,4,0,1.93,1.45,0
20240710_rv_centro,rincon_de_la_victoria,rv_centro,7,26.2,58,apartment,2.6,electric,150,-9.5,0,0,1.88,1.41,0
20240710_rv_torre_benagalbon,rincon_de_la_victoria,rv_torre_benagalbon,7,27.3,52,apartment,2.8,butane_lpg,650,-3.8,1,0,1.51,1.15,0
20240710_rv_cala_del_moral,rincon_de_la_victoria,rv_cala_del_moral,7,25.7,72,detached_house,3.0,electric,900,-4.1,1,0,1.47,1.24,0
20240710_rv_benagalbon_pueblo,rincon_de_la_victoria,rv_benagalbon_pueblo,7,27.4,44,terraced_house,3.2,none,1800,3.7,2,0,1.54,1.23,0
20240710_me_casco_historico,miranda_de_ebro,me_casco_historico,7,21.7,48,apartment,2.4,diesel,120,-3.9,0,0,1.56,1.14,1
20240710_me_ircio,miranda_de_ebro,me_ircio,7,21.0,55,apartment,2.7,electric,400,-20.6,0,0,1.26,1.0,1
20240710_me_industrial_norte,miranda_de_ebro,me_industrial_norte,7,20.3,40,terraced_house,3.1,diesel,700,12.1,1,0,1.82,1.42,0
20240710_me_bayas,miranda_de_ebro,me_bayas,7,22.8,50,detached_house,3.4,butane_lpg,1600,7.4,0,0,1.87,1.4,1
20240711_rv_centro,rincon_de_la_victoria,rv_centro,7,22.1,58,apartment,2.6,electric,150,1.9,1,0,1.41,1.06,0
20240711_rv_torre_benagalbon,rincon_de_la_victoria,rv_torre_benagalbon,7,26.5,52,apartment,2.8,butane_lpg,650,-2.9,2,0,1.91,1.42,0
20240711_rv_cala_del_moral,rincon_de_la_victoria,rv_cala_del_moral,7,25.7,72,detached_house,3.0,electric,900,7.1,3,0,1.54,1.21,0
20240711_rv_benagalbon_pueblo,rincon_de_la_victoria,rv_benagalbon_pueblo,7,24.4,44,terraced_house,3.2,none,1800,16.7,3,0,2.17,1.69,0
20240711_me_casco_historico,miranda_de_ebro,me_casco_historico,7,20.1,48,apartment,2.4,diesel,120,4.6,1,0,1.35,1.01,0
20240711_me_ircio,miranda_de_ebro,me_ircio,7,19.2,55,apartment,2.7,electric,400,11.7,2,0,1.63,1.27,0
20240711_me_industrial_norte,miranda_de_ebro,me_industrial_norte,7,19.3,40,terraced_house,3.1,diesel,700,16.8,3,0,1.48,1.15,0
20240711_me_bayas,miranda_de_ebro,me_bayas,7,24.9,50,detached_house,3.4,butane_lpg,1600,32.9,2,0,2.31,1.79,0
20240712_rv_centro,rincon_de_la_victoria,rv_centro,7,26.1,58,apartment,2.6,electric,150,10.2,1,0,1.59,1.29,0
20240712_rv_torre_benagalbon,rincon_de_la_victoria,rv_torre_benagalbon,7,24.8,52,apartment,2.8,butane_lpg,650,8.9,2,0,1.46,1.13,0
20240712_rv_cala_del_moral,rincon_de_la_victoria,rv_cala_del_moral,7,25.6,72,detached_house,3.0,electric,900,9.3,3,0,1.64,1.3,0
20240712_rv_benagalbon_pueblo,rincon_de_la_victoria,rv_benagalbon_pueblo,7,27.1,44,terraced_house,3.2,none,1800,-1.7,4,0,1.74,1.38,0
20240712_me_casco_historico,miranda_de_ebro,me_casco_historico,7,22.2,48,apartment,2.4,diesel,120,1.9,2,0,1.64,1.28,0
20240712_me_ircio,miranda_de_ebro,me_ircio,7,21.3,55,apartment,2.7,electric,400,-7.2,1,0,1.47,1.08,0
20240712_me_industrial_norte,miranda_de_ebro,me_industrial_norte,7,20.8,40,terraced_house,3.1,diesel,700,-5.9,2,0,2.82,2.15,1
20240712_me_bayas,miranda_de_ebro,me_bayas,7,21.9,50,detached_house,3.4,butane_lpg,1600,-1.0,0,0,1.67,1.32,0
20240713_rv_centro,rincon_de_la_victoria,rv_centro,7,23.9,58,apartment,2.6,electric,150,5.1,3,1,1.2,0.92,0
20240713_rv_torre_benagalbon,rincon_de_la_victoria,rv_torre_benagalbon,7,26.0,52,apartment,2.8,butane_lpg,650,1.9,2,1,1.72,1.35,0
20240713_rv_cala_del_moral,rincon_de_la_victoria,rv_cala_del_moral,7,28.0,72,detached_house,3.0,electric,900,2.5,1,0,1.88,1.49,0
20240713_rv_benagalbon_pueblo,rincon_de_la_victoria,rv_benagalbon_pueblo,7,25.6,44,terraced_house,3.2,none,1800,9.8,1,0,2.79,2.35,0
20240713_me_casco_historico,miranda_de_ebro,me_casco_historico,7,21.9,48,apartment,2.4,diesel,120,1.4,1,0,1.58,1.26,1
20240713_me_ircio,miranda_de_ebro,me_ircio,7,19.1,55,apartment,2.7,electric,400,2.7,2,0,1.34,0.98,1
20240713_me_industrial_norte,miranda_de_ebro,me_industrial_norte,7,21.1,40,terraced_house,3.1,diesel,700,2.3,2,0,1.91,1.52,0
20240713_me_bayas,miranda_de_ebro,me_bayas,7,21.5,50,detached_house,3.4,butane_lpg,1600,11.9,4,0,1.48,1.22,1
20240714_rv_centro,rincon_de_la_victoria,rv_centro,7,24.9,58,apartment,2.6,electric,150,-7.0,5,0,1.36,1.05,0
20240714_rv_torre_benagalbon,rincon_de_la_victoria,rv_torre_benagalbon,7,25.7,52,apartment,2.8,butane_lpg,650,7.8,2,0,1.79,1.41,0
20240714_rv_cala_del_moral,rincon_de_la_victoria,rv_cala_del_moral,7,25.7,72,detached_house,3.0,electric,900,12.5,4,1,1.99,1.46,0
20240714_rv_benagalbon_pueblo,rincon_de_la_victoria,rv_benagalbon_pueblo,7,25.5,44,terraced_house,3.2,none,1800,28.6,1,0,1.98,1.59,0
20240714_me_casco_historico,miranda_de_ebro,me_casco_historico,7,22.5,48,apartment,2.4,diesel,120,1.9,1,0,1.26,0.96,0
20240714_me_ircio,miranda_de_ebro,me_ircio,7,23.4,55,apartment,2.7,electric,400,-8.2,5,0,1.29,1.01,1
20240714_me_industrial_norte,miranda_de_ebro,me_industrial_norte,7,22.1,40,terraced_house,3.1,diesel,700,-6.0,1,0,1.38,1.09,0
20240714_me_bayas,miranda_de_ebro,me_bayas,7,24.8,50,detached_house,3.4,butane_lpg,1600,-2.9,1,0,1.99,1.46,0
20240715_rv_centro,rincon_de_la_victoria,rv_centro,7,26.5,58,apartment,2.6,electric,150,-21.1,3,0,1.42,1.11,1
20240715_rv_torre_benagalbon,rincon_de_la_victoria,rv_torre_benagalbon,7,24.5,52,apartment,2.8,butane_lpg,650,-1.7,0,0,1.53,1.2,0
20240715_rv_cala_del_moral,rincon_de_la_victoria,rv_cala_del_moral,7,24.9,72,detached_house,3.0,electric,900,1.1,2,0,1.3,1.01,0
20240715_rv_benagalbon_pueblo,rincon_de_la_victoria,rv_benagalbon_pueblo,7,27.6,44,terraced_house,3.2,none,1800,8.1,0,0,2.48,1.86,0
20240715_me_casco_historico,miranda_de_ebro,me_casco_historico,7,20.5,48,apartment,2.4,diesel,120,14.1,3,0,1.38,1.1,1
20240715_me_ircio,miranda_de_ebro,me_ircio,7,20.1,55,apartment,2.7,electric,400,0.9,2,0,1.65,1.25,0
20240715_me_industrial_norte,miranda_de_ebro,me_industrial_norte,7,22.7,40,terraced_house,3.1,diesel,700,-6.1,1,0,2.13,1.56,0
20240715_me_bayas,miranda_de_ebro,me_bayas,7,20.8,50,detached_house,3.4,butane_lpg,1600,-1.7,1,0,1.89,1.55,0
20240716_rv_centro,rincon_de_la_victoria,rv_centro,7,22.3,58,apartment,2.6,electric,150,-1.4,4,0,1.39,1.14,1
20240716_rv_torre_benagalbon,rincon_de_la_victoria,rv_torre_benagalbon,7,25.5,52,apartment,2.8,butane_lpg,650,-3.7,5,0,1.36,1.03,1
20240716_rv_cala_del_moral,rincon_de_la_victoria,rv_cala_del_moral,7,27.1,72,detached_house,3.0,electric,900,-8.2,3,0,1.76,1.35,0
20240716_rv_benagalbon_pueblo,rincon_de_la_victoria,rv_benagalbon_pueblo,7,24.2,44,terraced_house,3.2,none,1800,11.6,6,0,1.81,1.5,0
20240716_me_casco_historico,miranda_de_ebro,me_casco_historico,7,18.9,48,apartment,2.4,diesel,120,9.9,3,0,1.11,0.83,0
20240716_me_ircio,miranda_de_ebro,me_ircio,7,20.2,55,apartment,2.7,electric,400,-0.6,1,0,1.46,1.1,0
20240716_me_industrial_norte,miranda_de_ebro,me_industrial_norte,7,20.5,40,terraced_house,3.1,diesel,700,1.7,3,0,1.39,1.11,0
20240716_me_bayas,miranda_de_ebro,me_bayas,7,20.9,50,detached_house,3.4,butane_lpg,1600,13.8,2,0,1.96,1.5,0
20240717_rv_centro,rincon_de_la_victoria,rv_centro,7,25.1,58,apartment,2.6,electric,150,11.4,0,0,1.3,1.0,0
20240717_rv_torre_benagalbon,rincon_de_la_victoria,rv_torre_benagalbon,7,24.8,52,apartment,2.8,butane_lpg,650,14.2,6,1,1.78,1.42,1
20240717_rv_cala_del_moral,rincon_de_la_victoria,rv_cala_del_moral,7,28.1,72,detached_house,3.0,electric,900,-28.0,3,0,1.79,1.39,0
20240717_rv_benagalbon_pueblo,rincon_de_la_victoria,rv_benagalbon_pueblo,7,24.8,44,terraced_house,3.2,none,1800,4.7,0,0,1.75,1.4,0
20240717_me_casco_historico,miranda_de_ebro,me_casco_historico,7,21.4,48,apartment,2.4,diesel,120,14.0,3,0,1.25,1.01,1
20240717_me_ircio,miranda_de_ebro,me_ircio,7,20.7,55,apartment,2.7,electric,400,-5.1,3,0,1.2,0.92,0
20240717_me_industrial_norte,miranda_de_ebro,me_industrial_norte,7,20.1,40,terraced_house,3.1,diesel,700,0.6,5,0,2.16,1.7,0
20240717_me_bayas,miranda_de_ebro,me_bayas,7,21.0,50,detached_house,3.4,butane_lpg,1600,-11.7,3,1,1.6,1.23,0
20240718_rv_centro,rincon_de_la_victoria,rv_centro,7,25.9,58,apartment,2.6,electric,150,0.4,2,0,1.0,0.8,0
20240718_rv_torre_benagalbon,rincon_de_la_victoria,rv_torre_benagalbon,7,25.1,52,apartment,2.8,butane_lpg,650,-7.7,2,0,1.52,1.12,0
20240718_rv_cala_del_moral,rincon_de_la_victoria,rv_cala_del_moral,7,24.2,72,detached_house,3.0,electric,900,5.4,2,1,1.16,0.93,0
20240718_rv_benagalbon_pueblo,rincon_de_la_victoria,rv_benagalbon_pueblo,7,24.7,44,terraced_house,3.2,none,1800,-11.2,0,0,1.96,1.53,0
20240718_me_casco_historico,miranda_de_ebro,me_casco_historico,7,19.0,48,apartment,2.4,diesel,120,11.8,0,0,1.44,1.09,0
20240718_me_ircio,miranda_de_ebro,me_ircio,7,21.3,55,apartment,2.7,electric,400,18.5,3,0,1.54,1.1,1
20240718_me_industrial_norte,miranda_de_ebro,me_industrial_norte,7,19.9,40,terraced_house,3.1,diesel,700,-2.2,1,0,1.39,1.1,0
20240718_me_bayas,miranda_de_ebro,me_bayas,7,23.1,50,detached_house,3.4,butane_lpg,1600,14.4,2,0,1.96,1.47,0
20240719_rv_centro,rincon_de_la_victoria,rv_centro,7,26.4,58,apartment,2.6,electric,150,10.8,1,0,1.56,1.3,0
20240719_rv_torre_benagalbon,rincon_de_la_victoria,rv_torre_benagalbon,7,25.6,52,apartment,2.8,butane_lpg,650,-0.8,2,0,1.18,0.96,1
20240719_rv_cala_del_moral,rincon_de_la_victoria,rv_cala_del_moral,7,25.1,72,detached_house,3.0,electric,900,10.7,2,0,1.37,1.04,1
20240719_rv_benagalbon_pueblo,rincon_de_la_victoria,rv_benagalbon_pueblo,7,24.1,44,terraced_house,3.2,none,1800,9.7,3,0,2.24,1.79,0
20240719_me_casco_historico,miranda_de_ebro,me_casco_historico,7,20.1,48,apartment,2.4,diesel,120,26.7,2,0,1.95,1.57,0
20240719_me_ircio,miranda_de_ebro,me_ircio,7,24.0,55,apartment,2.7,electric,400,9.0,2,0,1.32,1.02,1
20240719_me_industrial_norte,miranda_de_ebro,me_industrial_norte,7,21.9,40,terraced_house,3.1,diesel,700,15.6,2,0,1.64,1.27,0
20240719_me_bayas,miranda_de_ebro,me_bayas,7,22.4,50,detached_house,3.4,butane_lpg,1600,5.1,0,0,1.49,1.14,0
20240720_rv_centro,rincon_de_la_victoria,rv_centro,7,25.5,58,apartment,2.6,electric,150,0.6,3,1,1.42,1.16,0
20240720_rv_torre_benagalbon,rincon_de_la_victoria,rv_torre_benagalbon,7,24.0,52,apartment,2.8,butane_lpg,650,21.4,2,0,1.73,1.38,1
20240720_rv_cala_del_moral,rincon_de_la_victoria,rv_cala_del_moral,7,24.7,72,detached_house,3.0,electric,900,-19.9,2,0,1.74,1.39,0
20240720_rv_benagalbon_pueblo,rincon_de_la_victoria,rv_benagalbon_pueblo,7,25.5,44,terraced_house,3.2,none,1800,13.3,2,0,1.88,1.51,0
20240720_me_casco_historico,miranda_de_ebro,me_casco_historico,7,19.8,48,apartment,2.4,diesel,120,2.8,3,0,1.21,0.97,0
20240720_me_ircio,miranda_de_ebro,me_ircio,7,19.9,55,apartment,2.7,electric,400,14.2,3,0,1.7,1.32,0
20240720_me_industrial_norte,miranda_de_ebro,me_industrial_norte,7,20.9,40,terraced_house,3.1,diesel,700,-1.3,1,0,1.65,1.28,0
20240720_me_bayas,miranda_de_ebro,me_bayas,7,21.0,50,detached_house,3.4,butane_lpg,1600,2.0,0,0,1.93,1.53,0
20240721_rv_centro,rincon_de_la_victoria,rv_centro,7,25.5,58,apartment,2.6,electric,150,2.1,1,0,1.61,1.3,0
20240721_rv_torre_benagalbon,rincon_de_la_victoria,rv_torre_benagalbon,7,27.1,52,apartment,2.8,butane_lpg,650,17.5,0,0,1.49,1.23,0
20240721_rv_cala_del_moral,rincon_de_la_victoria,rv_cala_del_moral,7,27.8,72,detached_house,3.0,electric,900,3.0,3,0,1.24,0.99,0
20240721_rv_benagalbon_pueblo,rincon_de_la_victoria,rv_benagalbon_pueblo,7,27.7,44,terraced_house,3.2,none,1800,-18.3,3,0,1.84,1.53,0
20240721_me_casco_historico,miranda_de_ebro,me_casco_historico,7,23.4,48,apartment,2.4,diesel,120,9.6,2,0,1.27,1.02,1
20240721_me_ircio,miranda_de_ebro,me_ircio,7,23.5,55,apartment,2.7,electric,400,9.7,1,0,1.41,1.14,0
20240721_me_industrial_norte,miranda_de_ebro,me_industrial_norte,7,23.3,40,terraced_house,3.1,diesel,700,-2.3,1,0,1.88,1.42,0
20240721_me_bayas,miranda_de_ebro,me_bayas,7,22.9,50,detached_house,3.4,butane_lpg,1600,20.3,4,0,1.94,1.49,0
20240722_rv_centro,rincon_de_la_victoria,rv_centro,7,25.1,58,apartment,2.6,electric,150,8.0,2,0,1.64,1.34,1
20240722_rv_torre_benagalbon,rincon_de_la_victoria,rv_torre_benagalbon,7,26.1,52,apartment,2.8,butane_lpg,650,-3.5,1,0,1.84,1.46,0
20240722_rv_cala_del_moral,rincon_de_la_victoria,rv_cala_del_moral,7,25.4,72,detached_house,3.0,electric,900,-1.8,2,0,1.25,0.97,0
20240722_rv_benagalbon_pueblo,rincon_de_la_victoria,rv_benagalbon_pueblo,7,25.7,44,terraced_house,3.2,none,1800,15.5,5,1,2.86,2.16,0
20240722_me_casco_historico,miranda_de_ebro,me_casco_historico,7,23.1,48,apartment,2.4,diesel,120,-5.7,2,0,1.47,1.2,0
20240722_me_ircio,miranda_de_ebro,me_ircio,7,21.4,55,apartment,2.7,electric,400,18.5,3,0,1.36,1.11,0
20240722_me_industrial_norte,miranda_de_ebro,me_industrial_norte,7,20.8,40,terraced_house,3.1,diesel,700,22.4,3,0,2.23,1.76,1
20240722_me_bayas,miranda_de_ebro,me_bayas,7,22.6,50,detached_house,3.4,butane_lpg,1600,-8.5,3,0,1.94,1.5,0
20240723_rv_centro,rincon_de_la_victoria,rv_centro,7,26.2,58,apartment,2.6,electric,150,15.9,2,0,1.27,1.0,0
20240723_rv_torre_benagalbon,rincon_de_la_victoria,rv_torre_benagalbon,7,26.4,52,apartment,2.8,butane_lpg,650,-5.2,0,0,1.44,1.17,0
20240723_rv_cala_del_moral,rincon_de_la_victoria,rv_cala_del_moral,7,25.2,72,detached_house,3.0,electric,900,12.0,2,0,1.82,1.45,0
20240723_rv_benagalbon_pueblo,rincon_de_la_victoria,rv_benagalbon_pueblo,7,25.5,44,terraced_house,3.2,none,1800,-11.3,1,0,2.74,2.18,0
20240723_me_casco_historico,miranda_de_ebro,me_casco_historico,7,20.5,48,apartment,2.4,diesel,120,1.2,3,0,1.41,1.08,0
20240723_me_ircio,miranda_de_ebro,me_ircio,7,21.8,55,apartment,2.7,electric,400,-2.3,1,0,1.22,1.01,0
20240723_me_industrial_norte,miranda_de_ebro,me_industrial_norte,7,21.7,40,terraced_house,3.1,diesel,700,-1.2,2,0,1.86,1.42,0
20240723_me_bayas,miranda_de_ebro,me_bayas,7,24.4,50,detached_house,3.4,butane_lpg,1600,3.0,0,0,2.45,1.91,0
20240724_rv_centro,rincon_de_la_victoria,rv_centro,7,24.5,58,apartment,2.6,electric,150,9.5,4,0,1.58,1.23,0
20240724_rv_torre_benagalbon,rincon_de_la_victoria,rv_torre_benagalbon,7,24.8,52,apartment,2.8,butane_lpg,650,15.6,0,0,1.75,1.38,1
20240724_rv_cala_del_moral,rincon_de_la_victoria,rv_cala_del_moral,7,25.9,72,detached_house,3.0,electric,900,-5.1,1,1,1.58,1.23,1
20240724_rv_benagalbon_pueblo,rincon_de_la_victoria,rv_benagalbon_pueblo,7,24.5,44,terraced_house,3.2,none,1800,14.2,4,0,1.76,1.26,1
20240724_me_casco_historico,miranda_de_ebro,me_casco_historico,7,20.9,48,apartment,2.4,diesel,120,-10.1,2,0,1.34,1.07,0
20240724_me_ircio,miranda_de_ebro,me_ircio,7,20.2,55,apartment,2.7,electric,400,8.7,2,0,1.14,0.86,0
20240724_me_industrial_norte,miranda_de_ebro,me_industrial_norte,7,20.1,40,terraced_house,3.1,diesel,700,14.9,1,0,1.51,1.21,0
20240724_me_bayas,miranda_de_ebro,me_bayas,7,22.4,50,detached_house,3.4,butane_lpg,1600,16.1,2,0,1.68,1.33,1
20240725_rv_centro,rincon_de_la_victoria,rv_centro,7,23.7,58,apartment,2.6,electric,150,1.6,3,0,1.44,1.17,0
20240725_rv_torre_benagalbon,rincon_de_la_victoria,rv_torre_benagalbon,7,26.4,52,apartment,2.8,butane_lpg,650,6.6,2,0,1.82,1.4,1
20240725_rv_cala_del_moral,rincon_de_la_victoria,rv_cala_del_moral,7,24.6,72,detached_house,3.0,electric,900,1.9,2,0,1.37,1.05,0
20240725_rv_benagalbon_pueblo,rincon_de_la_victoria,rv_benagalbon_pueblo,7,24.0,44,terraced_house,3.2,none,1800,11.6,2,0,2.11,1.69,0
20240725_me_casco_historico,miranda_de_ebro,me_casco_historico,7,22.6,48,apartment,2.4,diesel,120,-8.9,2,1,1.13,0.88,1
20240725_me_ircio,miranda_de_ebro,me_ircio,7,21.9,55,apartment,2.7,electric,400,13.1,5,0,1.29,1.0,0
20240725_me_industrial_norte,miranda_de_ebro,me_industrial_norte,7,22.9,40,terraced_house,3.1,diesel,700,8.5,3,0,1.36,1.09,0
20240725_me_bayas,miranda_de_ebro,me_bayas,7,20.7,50,detached_house,3.4,butane_lpg,1600,3.1,3,0,2.32,1.78,0
20240726_rv_centro,rincon_de_la_victoria,rv_centro,7,25.6,58,apartment,2.6,electric,150,-0.6,3,0,1.5,1.15,0
20240726_rv_torre_benagalbon,rincon_de_la_victoria,rv_torre_benagalbon,7,23.3,52,apartment,2.8,butane_lpg,650,-7.6,1,0,1.45,1.14,1
20240726_rv_cala_del_moral,rincon_de_la_victoria,rv_cala_del_moral,7,25.3,72,detached_house,3.0,electric,900,-13.0,1,0,1.43,1.12,0
20240726_rv_benagalbon_pueblo,rincon_de_la_victoria,rv_benagalbon_pueblo,7,26.5,44,terraced_house,3.2,none,1800,-12.7,3,1,2.36,1.91,0
20240726_me_casco_historico,miranda_de_ebro,me_casco_historico,7,20.6,48,apartment,2.4,diesel,120,5.7,2,0,1.1,0.86,1
20240726_me_ircio,miranda_de_ebro,me_ircio,7,21.7,55,apartment,2.7,electric,400,-1.9,1,0,1.56,1.21,0
20240726_me_industrial_norte,miranda_de_ebro,me_industrial_norte,7,20.2,40,terraced_house,3.1,diesel,700,1.6,1,0,2.39,1.76,0
20240726_me_bayas,miranda_de_ebro,me_bayas,7,19.7,50,detached_house,3.4,butane_lpg,1600,-1.9,1,0,1.51,1.19,0
20240727_rv_centro,rincon_de_la_victoria,rv_centro,7,27.2,58,apartment,2.6,electric,150,-7.3,2,0,1.68,1.26,1
20240727_rv_torre_benagalbon,rincon_de_la_victoria,rv_torre_benagalbon,7,24.4,52,apartment,2.8,butane_lpg,650,-4.3,0,0,1.66,1.15,0
20240727_rv_cala_del_moral,rincon_de_la_victoria,rv_cala_del_moral,7,24.9,72,detached_house,3.0,electric,900,0.2,3,0,1.33,1.09,0
20240727_rv_benagalbon_pueblo,rincon_de_la_victoria,rv_benagalbon_pueblo,7,24.8,44,terraced_house,3.2,none,1800,15.6,2,0,2.39,1.89,0
20240727_me_casco_historico,miranda_de_ebro,me_casco_historico,7,22.2,48,apartment,2.4,diesel,120,-3.7,2,0,1.28,1.05,1
20240727_me_ircio,miranda_de_ebro,me_ircio,7,20.1,55,apartment,2.7,electric,400,-3.1,1,0,1.62,1.25,0
20240727_me_industrial_norte,miranda_de_ebro,me_industrial_norte,7,20.3,40,terraced_house,3.1,diesel,700,-2.2,3,0,1.81,1.48,1
20240727_me_bayas,miranda_de_ebro,me_bayas,7,23.1,50,detached_house,3.4,butane_lpg,1600,-5.2,5,0,1.94,1.56,0
20240728_rv_centro,rincon_de_la_victoria,rv_centro,7,24.8,58,apartment,2.6,electric,150,14.9,0,0,1.61,1.22,0
20240728_rv_torre_benagalbon,rincon_de_la_victoria,rv_torre_benagalbon,7,26.8,52,apartment,2.8,butane_lpg,650,1.8,1,0,1.5,1.22,0
20240728_rv_cala_del_moral,rincon_de_la_victoria,rv_cala_del_moral,7,27.2,72,detached_house,3.0,electric,900,-4.4,1,0,1.44,1.12,0
20240728_rv_benagalbon_pueblo,rincon_de_la_victoria,rv_benagalbon_pueblo,7,25.6,44,terraced_house,3.2,none,1800,1.1,3,0,1.81,1.45,0
20240728_me_casco_historico,miranda_de_ebro,me_casco_historico,7,21.4,48,apartment,2.4,diesel,120,12.2,3,0,1.48,1.26,0
20240728_me_ircio,miranda_de_ebro,me_ircio,7,20.6,55,apartment,2.7,electric,400,9.2,3,0,1.53,1.1,0
20240728_me_industrial_norte,miranda_de_ebro,me_industrial_norte,7,20.4,40,terraced_house,3.1,diesel,700,-3.5,1,0,2.29,1.78,0
20240728_me_bayas,miranda_de_ebro,me_bayas,7,19.6,50,detached_house,3.4,butane_lpg,1600,9.6,1,0,2.16,1.79,0
20240729_rv_centro,rincon_de_la_victoria,rv_centro,7,25.7,58,apartment,2.6,electric,150,23.8,2,1,1.4,1.06,1
20240729_rv_torre_benagalbon,rincon_de_la_victoria,rv_torre_benagalbon,7,24.6,52,apartment,2.8,butane_lpg,650,1.4,1,1,2.17,1.67,0
20240729_rv_cala_del_moral,rincon_de_la_victoria,rv_cala_del_moral,7,26.3,72,detached_house,3.0,electric,900,20.4,1,0,1.44,1.1,0
20240729_rv_benagalbon_pueblo,rincon_de_la_victoria,rv_benagalbon_pueblo,7,23.2,44,terraced_house,3.2,none,1800,2.5,1,0,2.01,1.54,0
20240729_me_casco_historico,miranda_de_ebro,me_casco_historico,7,23.4,48,apartment,2.4,diesel,120,3.5,2,1,1.59,1.26,1
20240729_me_ircio,miranda_de_ebro,me_ircio,7,21.9,55,apartment,2.7,electric,400,7.3,3,0,1.65,1.32,0
20240729_me_industrial_norte,miranda_de_ebro,me_industrial_norte,7,21.5,40,terraced_house,3.1,diesel,700,-11.8,1,0,2.08,1.72,0
20240729_me_bayas,miranda_de_ebro,me_bayas,7,18.4,50,detached_house,3.4,butane_lpg,1600,13.1,1,0,2.11,1.64,0
20240730_rv_centro,rincon_de_la_victoria,rv_centro,7,26.3,58,apartment,2.6,electric,150,-0.1,2,0,1.19,0.9,0
20240730_rv_torre_benagalbon,rincon_de_la_victoria,rv_torre_benagalbon,7,25.9,52,apartment,2.8,butane_lpg,650,14.6,1,0,2.01,1.54,0
20240730_rv_cala_del_moral,rincon_de_la_victoria,rv_cala_del_moral,7,25.0,72,detached_house,3.0,electric,900,-13.1,1,0,1.7,1.31,1
20240730_rv_benagalbon_pueblo,rincon_de_la_victoria,rv_benagalbon_pueblo,7,26.0,44,terraced_house,3.2,none,1800,-7.1,1,0,2.43,1.89,0
20240730_me_casco_historico,miranda_de_ebro,me_casco_historico,7,19.7,48,apartment,2.4,diesel,120,-8.5,5,0,1.13,0.89,0
20240730_me_ircio,miranda_de_ebro,me_ircio,7,19.4,55,apartment,2.7,electric,400,-7.0,0,0,1.6,1.29,0
20240730_me_industrial_norte,miranda_de_ebro,me_industrial_norte,7,22.4,40,terraced_house,3.1,diesel,700,17.1,3,1,1.98,1.63,0
20240730_me_bayas,miranda_de_ebro,me_bayas,7,22.6,50,detached_house,3.4,butane_lpg,1600,14.5,2,0,1.94,1.4,1
20240731_rv_centro,rincon_de_la_victoria,rv_centro,7,21.9,58,apartment,2.6,electric,150,-3.9,0,0,1.19,0.94,0
20240731_rv_torre_benagalbon,rincon_de_la_victoria,rv_torre_benagalbon,7,26.5,52,apartment,2.8,butane_lpg,650,18.8,2,0,1.79,1.38,0
20240731_rv_cala_del_moral,rincon_de_la_victoria,rv_cala_del_moral,7,25.0,72,detached_house,3.0,electric,900,2.6,4,0,1.33,1.02,0
20240731_rv_benagalbon_pueblo,rincon_de_la_victoria,rv_benagalbon_pueblo,7,24.7,44,terraced_house,3.2,none,1800,-9.7,1,0,1.82,1.38,0
20240731_me_casco_historico,miranda_de_ebro,me_casco_historico,7,21.0,48,apartment,2.4,diesel,120,5.4,2,0,1.27,0.99,0
20240731_me_ircio,miranda_de_ebro,me_ircio,7,20.1,55,apartment,2.7,electric,400,8.3,0,0,1.16,0.89,0
20240731_me_industrial_norte,miranda_de_ebro,me_industrial_norte,7,21.7,40,terraced_house,3.1,diesel,700,0.9,3,0,1.57,1.23,0
20240731_me_bayas,miranda_de_ebro,me_bayas,7,20.2,50,detached_house,3.4,butane_lpg,1600,4.0,2,0,2.11,1.76,0
20240801_rv_centro,rincon_de_la_victoria,rv_centro,8,24.7,58,apartment,2.6,electric,150,-6.0,3,0,1.53,1.22,0
20240801_rv_torre_benagalbon,rincon_de_la_victoria,rv_torre_benagalbon,8,24.5,52,apartment,2.8,butane_lpg,650,7.9,1,0,1.59,1.19,1
20240801_rv_cala_del_moral,rincon_de_la_victoria,rv_cala_del_moral,8,26.9,72,detached_house,3.0,electric,900,-0.1,2,0,1.92,1.47,0
20240801_rv_benagalbon_pueblo,rincon_de_la_victoria,rv_benagalbon_pueblo,8,26.1,44,terraced_house,3.2,none,1800,4.9,1,0,2.45,1.88,0
20240801_me_casco_historico,miranda_de_ebro,me_casco_historico,8,21.1,48,apartment,2.4,diesel,120,14.4,1,0,1.6,1.29,1
20240801_me_ircio,miranda_de_ebro,me_ircio,8,20.6,55,apartment,2.7,electric,400,30.0,1,0,0.98,0.76,0
20240801_me_industrial_norte,miranda_de_ebro,me_industrial_norte,8,19.4,40,terraced_house,3.1,diesel,700,1.0,3,1,2.0,1.63,0
20240801_me_bayas,miranda_de_ebro,me_bayas,8,22.2,50,detached_house,3.4,butane_lpg,1600,7.8,1,0,1.85,1.4,0
20240802_rv_centro,rincon_de_la_victoria,rv_centro,8,25.6,58,apartment,2.6,electric,150,9.4,8,0,1.22,1.0,1
20240802_rv_torre_benagalbon,rincon_de_la_victoria,rv_torre_benagalbon,8,24.3,52,apartment,2.8,butane_lpg,650,1.7,3,0,1.8,1.27,0
20240802_rv_cala_del_moral,rincon_de_la_victoria,rv_cala_del_moral,8,24.6,72,detached_house,3.0,electric,900,-3.9,0,0,1.5,1.2,0
20240802_rv_benagalbon_pueblo,rincon_de_la_victoria,rv_benagalbon_pueblo,8,25.7,44,terraced_house,3.2,none,1800,9.3,3,0,1.74,1.34,0
20240802_me_casco_historico,miranda_de_ebro,me_casco_historico,8,21.0,48,apartment,2.4,diesel,120,1.1,2,0,1.16,0.89,0
20240802_me_ircio,miranda_de_ebro,me_ircio,8,21.9,55,apartment,2.7,electric,400,18.2,2,0,1.46,1.21,1
20240802_me_industrial_norte,miranda_de_ebro,me_industrial_norte,8,19.8,40,terraced_house,3.1,diesel,700,-6.4,0,0,2.25,1.75,0
20240802_me_bayas,miranda_de_ebro,me_bayas,8,21.5,50,detached_house,3.4,butane_lpg,1600,-4.7,5,1,1.65,1.26,0
20240803_rv_centro,rincon_de_la_victoria,rv_centro,8,25.0,58,apartment,2.6,electric,150,8.2,1,0,1.37,1.06,0
20240803_rv_torre_benagalbon,rincon_de_la_victoria,rv_torre_benagalbon,8,25.6,52,apartment,2.8,butane_lpg,650,11.6,1,0,1.76,1.4,0
20240803_rv_cala_del_moral,rincon_de_la_victoria,rv_cala_del_moral,8,27.8,72,detached_house,3.0,electric,900,0.5,2,0,1.73,1.32,0
20240803_rv_benagalbon_pueblo,rincon_de_la_victoria,rv_benagalbon_pueblo,8,25.4,44,terraced_house,3.2,none,1800,2.1,2,0,1.63,1.27,0
20240803_me_casco_historico,miranda_de_ebro,me_casco_historico,8,20.8,48,apartment,2.4,diesel,120,-13.8,0,0,1.1,0.87,0
20240803_me_ircio,miranda_de_ebro,me_ircio,8,20.4,55,apartment,2.7,electric,400,3.4,1,0,1.66,1.28,1
20240803_me_industrial_norte,miranda_de_ebro,me_industrial_norte,8,20.4,40,terraced_house,3.1,diesel,700,-1.1,1,0,1.5,1.24,0
20240803_me_bayas,miranda_de_ebro,me_bayas,8,21.9,50,detached_house,3.4,butane_lpg,1600,12.6,4,0,2.47,2.03,0
20240804_rv_centro,rincon_de_la_victoria,rv_centro,8,23.8,58,apartment,2.6,electric,150,5.9,1,0,1.96,1.57,1
20240804_rv_torre_benagalbon,rincon_de_la_victoria,rv_torre_benagalbon,8,25.0,52,apartment,2.8,butane_lpg,650,9.1,3,0,1.89,1.54,0
20240804_rv_cala_del_moral,rincon_de_la_victoria,rv_cala_del_moral,8,26.7,72,detached_house,3.0,electric,900,9.9,2,0,1.34,1.13,0
20240804_rv_benagalbon_pueblo,rincon_de_la_victoria,rv_benagalbon_pueblo,8,26.6,44,terraced_house,3.2,none,1800,20.8,3,0,1.73,1.32,0
20240804_me_casco_historico,miranda_de_ebro,me_casco_historico,8,20.2,48,apartment,2.4,diesel,120,0.3,2,0,1.2,0.95,0
20240804_me_ircio,miranda_de_ebro,me_ircio,8,19.9,55,apartment,2.7,electric,400,-1.1,4,0,1.25,0.97,0
20240804_me_industrial_norte,miranda_de_ebro,me_industrial_norte,8,19.6,40,terraced_house,3.1,diesel,700,-2.0,3,0,1.71,1.33,0
20240804_me_bayas,miranda_de_ebro,me_bayas,8,20.3,50,detached_house,3.4,butane_lpg,1600,-1.9,1,0,1.7,1.32,0
20240805_rv_centro,rincon_de_la_victoria,rv_centro,8,24.6,58,apartment,2.6,electric,150,5.8,1,0,1.5,1.14,0
20240805_rv_torre_benagalbon,rincon_de_la_victoria,rv_torre_benagalbon,8,26.6,52,apartment,2.8,butane_lpg,650,-0.8,0,0,1.51,1.1,0
20240805_rv_cala_del_moral,rincon_de_la_victoria,rv_cala_del_moral,8,25.1,72,detached_house,3.0,electric,900,20.3,2,0,1.41,1.1,0
20240805_rv_benagalbon_pueblo,rincon_de_la_victoria,rv_benagalbon_pueblo,8,27.0,44,terraced_house,3.2,none,1800,-9.3,3,0,2.43,1.8,0
20240805_me_casco_historico,miranda_de_ebro,me_casco_historico,8,20.7,48,apartment,2.4,diesel,120,-1.4,2,0,1.27,1.08,1
20240805_me_ircio,miranda_de_ebro,me_ircio,8,21.1,55,apartment,2.7,electric,400,-1.6,1,0,1.63,1.25,0
20240805_me_industrial_norte,miranda_de_ebro,me_industrial_norte,8,20.8,40,terraced_house,3.1,diesel,700,14.1,4,0,2.11,1.48,0
20240805_me_bayas,miranda_de_ebro,me_bayas,8,20.9,50,detached_house,3.4,butane_lpg,1600,10.9,3,0,1.59,1.32,0
20240806_rv_centro,rincon_de_la_victoria,rv_centro,8,24.3,58,apartment,2.6,electric,150,15.8,1,0,1.36,1.02,0
20240806_rv_torre_benagalbon,rincon_de_la_victoria,rv_torre_benagalbon,8,23.9,52,apartment,2.8,butane_lpg,650,14.3,1,0,1.7,1.36,0
20240806_rv_cala_del_moral,rincon_de_la_victoria,rv_cala_del_moral,8,20.8,72,detached_house,3.0,electric,900,-2.3,4,0,1.48,1.13,0
20240806_rv_benagalbon_pueblo,rincon_de_la_victoria,rv_benagalbon_pueblo,8,26.8,44,terraced_house,3.2,none,1800,2.6,3,0,2.04,1.62,0
20240806_me_casco_historico,miranda_de_ebro,me_casco_historico,8,20.4,48,apartment,2.4,diesel,120,-21.9,1,0,1.68,1.32,0
20240806_me_ircio,miranda_de_ebro,me_ircio,8,22.0,55,apartment,2.7,electric,400,-0.5,3,0,1.53,1.18,0
20240806_me_industrial_norte,miranda_de_ebro,me_industrial_norte,8,20.4,40,terraced_house,3.1,diesel,700,-9.0,1,0,1.48,1.14,0
20240806_me_bayas,miranda_de_ebro,me_bayas,8,20.0,50,detached_house,3.4,butane_lpg,1600,12.9,1,0,2.4,1.98,0
20240807_rv_centro,rincon_de_la_victoria,rv_centro,8,26.4,58,apartment,2.6,electric,150,-17.6,0,0,1.85,1.41,0
20240807_rv_torre_benagalbon,rincon_de_la_victoria,rv_torre_benagalbon,8,25.3,52,apartment,2.8,butane_lpg,650,11.0,0,0,1.56,1.11,0
20240807_rv_cala_del_moral,rincon_de_la_victoria,rv_cala_del_moral,8,26.2,72,detached_house,3.0,electric,900,-3.3,5,0,2.01,1.55,0
20240807_rv_benagalbon_pueblo,rincon_de_la_victoria,rv_benagalbon_pueblo,8,22.9,44,terraced_house,3.2,none,1800,-15.9,0,0,1.94,1.46,0
20240807_me_casco_historico,miranda_de_ebro,me_casco_historico,8,20.0,48,apartment,2.4,diesel,120,5.5,6,0,1.65,1.34,1
20240807_me_ircio,miranda_de_ebro,me_ircio,8,20.3,55,apartment,2.7,electric,400,19.1,2,0,1.44,1.17,0
20240807_me_industrial_norte,miranda_de_ebro,me_industrial_norte,8,20.6,40,terraced_house,3.1,diesel,700,-7.4,2,1,1.72,1.33,1
20240807_me_bayas,miranda_de_ebro,me_bayas,8,20.8,50,detached_house,3.4,butane_lpg,1600,-9.1,2,0,1.68,1.34,0
20240808_rv_centro,rincon_de_la_victoria,rv_centro,8,23.3,58,apartment,2.6,electric,150,12.8,3,0,1.38,1.11,0
20240808_rv_torre_benagalbon,rincon_de_la_victoria,rv_torre_benagalbon,8,24.0,52,apartment,2.8,butane_lpg,650,-15.8,2,0,1.57,1.26,1
20240808_rv_cala_del_moral,rincon_de_la_victoria,rv_cala_del_moral,8,24.8,72,detached_house,3.0,electric,900,-1.8,2,0,1.39,1.07,0
20240808_rv_benagalbon_pueblo,rincon_de_la_victoria,rv_benagalbon_pueblo,8,25.7,44,terraced_house,3.2,none,1800,-10.4,2,0,2.06,1.63,0
20240808_me_casco_historico,miranda_de_ebro,me_casco_historico,8,19.7,48,apartment,2.4,diesel,120,17.3,0,0,1.42,1.16,0
20240808_me_ircio,miranda_de_ebro,me_ircio,8,17.3,55,apartment,2.7,electric,400,8.5,0,0,1.69,1.36,0
20240808_me_industrial_norte,miranda_de_ebro,me_industrial_norte,8,22.4,40,terraced_house,3.1,diesel,700,7.3,0,0,2.13,1.7,0
20240808_me_bayas,miranda_de_ebro,me_bayas,8,19.8,50,detached_house,3.4,butane_lpg,1600,3.2,3,0,2.01,1.65,0
20240809_rv_centro,rincon_de_la_victoria,rv_centro,8,24.9,58,apartment,2.6,electric,150,-20.3,1,0,1.49,1.18,0
20240809_rv_torre_benagalbon,rincon_de_la_victoria,rv_torre_benagalbon,8,25.3,52,apartment,2.8,butane_lpg,650,7.3,3,0,1.27,0.99,1
20240809_rv_cala_del_moral,rincon_de_la_victoria,rv_cala_del_moral,8,23.9,72,detached_house,3.0,electric,900,-4.4,4,0,1.27,0.97,0
20240809_rv_benagalbon_pueblo,rincon_de_la_victoria,rv_benagalbon_pueblo,8,25.2,44,terraced_house,3.2,none,1800,-5.5,0,0,2.16,1.68,0
20240809_me_casco_historico,miranda_de_ebro,me_casco_historico,8,19.7,48,apartment,2.4,diesel,120,-0.7,3,0,1.25,0.91,1
20240809_me_ircio,miranda_de_ebro,me_ircio,8,20.4,55,apartment,2.7,electric,400,-5.1,1,0,1.14,0.91,0
20240809_me_industrial_norte,miranda_de_ebro,me_industrial_norte,8,21.8,40,terraced_house,3.1,diesel,700,-13.5,3,0,1.78,1.39,0
20240809_me_bayas,miranda_de_ebro,me_bayas,8,23.7,50,detached_house,3.4,butane_lpg,1600,-7.8,4,0,1.77,1.44,0
20240810_rv_centro,rincon_de_la_victoria,rv_centro,8,24.4,58,apartment,2.6,electric,150,10.0,2,0,1.36,1.01,0
20240810_rv_torre_benagalbon,rincon_de_la_victoria,rv_torre_benagalbon,8,24.6,52,apartment,2.8,butane_lpg,650,-2.0,2,0,1.35,1.16,0
20240810_rv_cala_del_moral,rincon_de_la_victoria,rv_cala_del_moral,8,25.5,72,detached_house,3.0,electric,900,10.0,2,0,1.47,1.11,0
20240810_rv_benagalbon_pueblo,rincon_de_la_victoria,rv_benagalbon_pueblo,8,24.6,44,terraced_house,3.2,none,1800,0.6,1,0,1.88,1.39,0
20240810_me_casco_historico,miranda_de_ebro,me_casco_historico,8,20.7,48,apartment,2.4,diesel,120,-19.0,2,0,1.38,1.09,0
20240810_me_ircio,miranda_de_ebro,me_ircio,8,19.1,55,apartment,2.7,electric,400,-14.0,4,0,1.35,1.03,0
20240810_me_industrial_norte,miranda_de_ebro,me_industrial_norte,8,20.1,40,terraced_house,3.1,diesel,700,7.2,4,0,1.37,1.13,0
20240810_me_bayas,miranda_de_ebro,me_bayas,8,20.5,50,detached_house,3.4,butane_lpg,1600,6.4,3,0,2.2,1.69,1
20240811_rv_centro,rincon_de_la_victoria,rv_centro,8,24.7,58,apartment,2.6,electric,150,12.3,2,0,1.32,1.05,0
20240811_rv_torre_benagalbon,rincon_de_la_victoria,rv_torre_benagalbon,8,23.6,52,apartment,2.8,butane_lpg,650,5.5,2,0,1.79,1.39,0
20240811_rv_cala_del_moral,rincon_de_la_victoria,rv_cala_del_moral,8,25.1,72,detached_house,3.0,electric,900,-12.8,2,0,1.54,1.23,0
20240811_rv_benagalbon_pueblo,rincon_de_la_victoria,rv_benagalbon_pueblo,8,26.9,44,terraced_house,3.2,none,1800,6.3,1,0,2.02,1.48,0
20240811_me_casco_historico,miranda_de_ebro,me_casco_historico,8,21.7,48,apartment,2.4,diesel,120,-3.3,2,0,1.29,1.09,0
20240811_me_ircio,miranda_de_ebro,me_ircio,8,21.5,55,apartment,2.7,electric,400,10.2,2,0,1.26,0.97,1
20240811_me_industrial_norte,miranda_de_ebro,me_industrial_norte,8,19.2,40,terraced_house,3.1,diesel,700,3.4,4,0,1.7,1.28,1
20240811_me_bayas,miranda_de_ebro,me_bayas,8,20.8,50,detached_house,3.4,butane_lpg,1600,-0.6,1,0,1.63,1.35,0
20240812_rv_centro,rincon_de_la_victoria,rv_centro,8,23.8,58,apartment,2.6,electric,150,-12.6,1,0,1.22,0.99,0
20240812_rv_torre_benagalbon,rincon_de_la_victoria,rv_torre_benagalbon,8,25.0,52,apartment,2.8,butane_lpg,650,2.8,3,0,1.73,1.32,0
20240812_rv_cala_del_moral,rincon_de_la_victoria,rv_cala_del_moral,8,26.4,72,detached_house,3.0,electric,900,6.5,4,0,1.8,1.34,0
20240812_rv_benagalbon_pueblo,rincon_de_la_victoria,rv_benagalbon_pueblo,8,25.9,44,terraced_house,3.2,none,1800,-3.7,3,0,1.96,1.54,0
20240812_me_casco_historico,miranda_de_ebro,me_casco_historico,8,19.7,48,apartment,2.4,diesel,120,-1.4,2,0,1.25,0.98,0
20240812_me_ircio,miranda_de_ebro,me_ircio,8,21.2,55,apartment,2.7,electric,400,10.3,7,0,1.46,1.09,0
20240812_me_industrial_norte,miranda_de_ebro,me_industrial_norte,8,21.5,40,terraced_house,3.1,diesel,700,2.3,4,0,1.73,1.34,1
20240812_me_bayas,miranda_de_ebro,me_bayas,8,21.0,50,detached_house,3.4,butane_lpg,1600,-23.5,3,0,2.17,1.79,1
20240813_rv_centro,rincon_de_la_victoria,rv_centro,8,23.3,58,apartment,2.6,electric,150,-2.0,2,0,1.62,1.15,0
20240813_rv_torre_benagalbon,rincon_de_la_victoria,rv_torre_benagalbon,8,25.3,52,apartment,2.8,butane_lpg,650,4.8,3,0,1.39,1.13,0
20240813_rv_cala_del_moral,rincon_de_la_victoria,rv_cala_del_moral,8,25.0,72,detached_house,3.0,electric,900,2.6,2,0,1.38,1.15,0
20240813_rv_benagalbon_pueblo,rincon_de_la_victoria,rv_benagalbon_pueblo,8,24.8,44,terraced_house,3.2,none,1800,-2.6,4,0,1.68,1.32,0
20240813_me_casco_historico,miranda_de_ebro,me_casco_historico,8,18.9,48,apartment,2.4,diesel,120,6.0,3,0,1.8,1.38,1
20240813_me_ircio,miranda_de_ebro,me_ircio,8,20.8,55,apartment,2.7,electric,400,0.2,1,0,1.2,0.95,0
20240813_me_industrial_norte,miranda_de_ebro,me_industrial_norte,8,19.1,40,terraced_house,3.1,diesel,700,-4.6,3,0,1.84,1.42,1
20240813_me_bayas,miranda_de_ebro,me_bayas,8,19.9,50,detached_house,3.4,butane_lpg,1600,5.6,5,0,1.88,1.44,0
20240814_rv_centro,rincon_de_la_victoria,rv_centro,8,24.1,58,apartment,2.6,electric,150,1.6,3,0,1.45,1.11,0
20240814_rv_torre_benagalbon,rincon_de_la_victoria,rv_torre_benagalbon,8,26.0,52,apartment,2.8,butane_lpg,650,1.8,2,0,1.84,1.35,0
20240814_rv_cala_del_moral,rincon_de_la_victoria,rv_cala_del_moral,8,25.4,72,detached_house,3.0,electric,900,27.5,3,0,1.32,0.97,0
20240814_rv_benagalbon_pueblo,rincon_de_la_victoria,rv_benagalbon_pueblo,8,23.6,44,terraced_house,3.2,none,1800,-17.4,2,0,1.82,1.45,0
20240814_me_casco_historico,miranda_de_ebro,me_casco_historico,8,21.5,48,apartment,2.4,diesel,120,3.3,3,0,1.35,0.98,1
20240814_me_ircio,miranda_de_ebro,me_ircio,8,19.3,55,apartment,2.7,electric,400,12.6,1,0,1.55,1.25,0
20240814_me_industrial_norte,miranda_de_ebro,me_industrial_norte,8,19.3,40,terraced_house,3.1,diesel,700,15.8,1,0,1.62,1.27,1
20240814_me_bayas,miranda_de_ebro,me_bayas,8,20.4,50,detached_house,3.4,butane_lpg,1600,16.9,3,0,2.08,1.67,0
20240815_rv_centro,rincon_de_la_victoria,rv_centro,8,24.3,58,apartment,2.6,electric,150,-8.3,0,0,1.82,1.47,0
20240815_rv_torre_benagalbon,rincon_de_la_victoria,rv_torre_benagalbon,8,23.6,52,apartment,2.8,butane_lpg,650,-11.7,1,0,1.76,1.41,0
20240815_rv_cala_del_moral,rincon_de_la_victoria,rv_cala_del_moral,8,22.2,72,detached_house,3.0,electric,900,-1.4,3,1,1.77,1.38,0
20240815_rv_benagalbon_pueblo,rincon_de_la_victoria,rv_benagalbon_pueblo,8,24.8,44,terraced_house,3.2,none,1800,10.6,2,0,2.03,1.53,0
20240815_me_casco_historico,miranda_de_ebro,me_casco_historico,8,19.6,48,apartment,2.4,diesel,120,4.3,0,0,1.34,1.05,0
20240815_me_ircio,miranda_de_ebro,me_ircio,8,20.9,55,apartment,2.7,electric,400,-5.4,1,0,1.33,0.99,0
20240815_me_industrial_norte,miranda_de_ebro,me_industrial_norte,8,21.4,40,terraced_house,3.1,diesel,700,-8.5,1,0,1.82,1.41,0
20240815_me_bayas,miranda_de_ebro,me_bayas,8,19.9,50,detached_house,3.4,butane_lpg,1600,-11.2,3,0,2.04,1.65,0
20240816_rv_centro,rincon_de_la_victoria,rv_centro,8,26.2,58,apartment,2.6,electric,150,16.1,1,0,1.4,1.13,0
20240816_rv_torre_benagalbon,rincon_de_la_victoria,rv_torre_benagalbon,8,22.0,52,apartment,2.8,butane_lpg,650,14.1,4,0,1.54,1.24,1
20240816_rv_cala_del_moral,rincon_de_la_victoria,rv_cala_del_moral,8,25.6,72,detached_house,3.0,electric,900,-1.4,1,0,1.72,1.38,0
20240816_rv_benagalbon_pueblo,rincon_de_la_victoria,rv_benagalbon_pueblo,8,25.0,44,terraced_house,3.2,none,1800,-1.0,4,0,2.43,1.86,0
20240816_me_casco_historico,miranda_de_ebro,me_casco_historico,8,17.5,48,apartment,2.4,diesel,120,14.4,1,0,1.41,1.12,0
20240816_me_ircio,miranda_de_ebro,me_ircio,8,19.5,55,apartment,2.7,electric,400,0.2,2,0,1.59,1.2,0
20240816_me_industrial_norte,miranda_de_ebro,me_industrial_norte,8,19.8,40,terraced_house,3.1,diesel,700,15.1,1,0,2.0,1.55,0
20240816_me_bayas,miranda_de_ebro,me_bayas,8,20.7,50,detached_house,3.4,butane_lpg,1600,3.1,5,1,2.04,1.6,0
20240817_rv_centro,rincon_de_la_victoria,rv_centro,8,24.6,58,apartment,2.6,electric,150,20.0,1,1,1.24,0.98,0
20240817_rv_torre_benagalbon,rincon_de_la_victoria,rv_torre_benagalbon,8,24.9,52,apartment,2.8,butane_lpg,650,19.0,2,0,1.56,1.21,1
20240817_rv_cala_del_moral,rincon_de_la_victoria,rv_cala_del_moral,8,26.1,72,detached_house,3.0,electric,900,4.0,4,0,1.38,1.08,0
20240817_rv_benagalbon_pueblo,rincon_de_la_victoria,rv_benagalbon_pueblo,8,25.8,44,terraced_house,3.2,none,1800,1.4,2,0,2.21,1.71,0
20240817_me_casco_historico,miranda_de_ebro,me_casco_historico,8,20.3,48,apartment,2.4,diesel,120,5.1,0,0,1.75,1.43,1
20240817_me_ircio,miranda_de_ebro,me_ircio,8,19.5,55,apartment,2.7,electric,400,8.5,3,1,1.66,1.29,1
20240817_me_industrial_norte,miranda_de_ebro,me_industrial_norte,8,18.2,40,terraced_house,3.1,diesel,700,20.9,5,0,1.48,1.18,0
20240817_me_bayas,miranda_de_ebro,me_bayas,8,19.3,50,detached_house,3.4,butane_lpg,1600,-1.5,3,0,2.15,1.71,0
20240818_rv_centro,rincon_de_la_victoria,rv_centro,8,24.3,58,apartment,2.6,electric,150,-13.4,6,0,1.59,1.21,0
20240818_rv_torre_benagalbon,rincon_de_la_victoria,rv_torre_benagalbon,8,25.3,52,apartment,2.8,butane_lpg,650,-12.4,1,1,1.54,1.16,1
20240818_rv_cala_del_moral,rincon_de_la_victoria,rv_cala_del_moral,8,24.6,72,detached_house,3.0,electric,900,4.5,2,0,1.51,1.23,0
20240818_rv_benagalbon_pueblo,rincon_de_la_victoria,rv_benagalbon_pueblo,8,23.3,44,terraced_house,3.2,none,1800,3.0,1,1,1.61,1.19,0
20240818_me_casco_historico,miranda_de_ebro,me_casco_historico,8,19.9,48,apartment,2.4,diesel,120,17.1,0,0,1.01,0.81,0
20240818_me_ircio,miranda_de_ebro,me_ircio,8,19.3,55,apartment,2.7,electric,400,16.5,1,0,1.38,1.19,0
20240818_me_industrial_norte,miranda_de_ebro,me_industrial_norte,8,20.1,40,terraced_house,3.1,diesel,700,-8.2,2,1,1.5,1.15,0
20240818_me_bayas,miranda_de_ebro,me_bayas,8,20.1,50,detached_house,3.4,butane_lpg,1600,-2.6,3,0,2.91,2.36,0
20240819_rv_centro,rincon_de_la_victoria,rv_centro,8,23.1,58,apartment,2.6,electric,150,4.2,4,0,1.54,1.18,0
20240819_rv_torre_benagalbon,rincon_de_la_victoria,rv_torre_benagalbon,8,24.9,52,apartment,2.8,butane_lpg,650,10.4,1,0,1.62,1.26,0
20240819_rv_cala_del_moral,rincon_de_la_victoria,rv_cala_del_moral,8,23.5,72,detached_house,3.0,electric,900,7.1,3,0,2.19,1.72,0
20240819_rv_benagalbon_pueblo,rincon_de_la_victoria,rv_benagalbon_pueblo,8,23.6,44,terraced_house,3.2,none,1800,-1.2,3,0,1.81,1.44,0
20240819_me_casco_historico,miranda_de_ebro,me_casco_historico,8,18.7,48,apartment,2.4,diesel,120,9.8,2,0,1.37,1.06,0
20240819_me_ircio,miranda_de_ebro,me_ircio,8,20.7,55,apartment,2.7,electric,400,-5.3,0,0,1.52,1.24,0
20240819_me_industrial_norte,miranda_de_ebro,me_industrial_norte,8,19.3,40,terraced_house,3.1,diesel,700,0.9,1,0,2.14,1.54,0
20240819_me_bayas,miranda_de_ebro,me_bayas,8,19.2,50,detached_house,3.4,butane_lpg,1600,12.6,2,0,1.77,1.26,0
20240820_rv_centro,rincon_de_la_victoria,rv_centro,8,23.8,58,apartment,2.6,electric,150,8.5,2,0,1.83,1.4,0
20240820_rv_torre_benagalbon,rincon_de_la_victoria,rv_torre_benagalbon,8,25.7,52,apartment,2.8,butane_lpg,650,21.0,2,0,1.24,0.97,0
20240820_rv_cala_del_moral,rincon_de_la_victoria,rv_cala_del_moral,8,23.7,72,detached_house,3.0,electric,900,5.0,1,1,1.83,1.45,0
20240820_rv_benagalbon_pueblo,rincon_de_la_victoria,rv_benagalbon_pueblo,8,24.4,44,terraced_house,3.2,none,1800,18.8,1,0,2.05,1.7,0
20240820_me_casco_historico,miranda_de_ebro,me_casco_historico,8,20.5,48,apartment,2.4,diesel,120,6.9,0,0,1.61,1.28,1
20240820_me_ircio,miranda_de_ebro,me_ircio,8,20.5,55,apartment,2.7,electric,400,10.1,2,0,1.84,1.52,1
20240820_me_industrial_norte,miranda_de_ebro,me_industrial_norte,8,18.6,40,terraced_house,3.1,diesel,700,18.1,3,0,1.71,1.38,0
20240820_me_bayas,miranda_de_ebro,me_bayas,8,19.5,50,detached_house,3.4,butane_lpg,1600,4.6,1,0,1.85,1.45,0
20240821_rv_centro,rincon_de_la_victoria,rv_centro,8,22.9,58,apartment,2.6,electric,150,11.9,3,1,1.63,1.26,1
20240821_rv_torre_benagalbon,rincon_de_la_victoria,rv_torre_benagalbon,8,25.3,52,apartment,2.8,butane_lpg,650,-0.4,1,0,1.9,1.45,0
20240821_rv_cala_del_moral,rincon_de_la_victoria,rv_cala_del_moral,8,24.8,72,detached_house,3.0,electric,900,-4.7,1,0,1.29,1.02,0
20240821_rv_benagalbon_pueblo,rincon_de_la_victoria,rv_benagalbon_pueblo,8,25.5,44,terraced_house,3.2,none,1800,16.0,3,0,2.14,1.62,0
20240821_me_casco_historico,miranda_de_ebro,me_casco_historico,8,20.4,48,apartment,2.4,diesel,120,-2.2,2,1,1.33,0.94,0
20240821_me_ircio,miranda_de_ebro,me_ircio,8,22.1,55,apartment,2.7,electric,400,6.9,4,0,1.45,1.09,0
20240821_me_industrial_norte,miranda_de_ebro,me_industrial_norte,8,18.8,40,terraced_house,3.1,diesel,700,-0.0,2,0,1.65,1.28,0
20240821_me_bayas,miranda_de_ebro,me_bayas,8,18.6,50,detached_house,3.4,butane_lpg,1600,16.3,2,1,2.06,1.63,1
20240822_rv_centro,rincon_de_la_victoria,rv_centro,8,24.8,58,apartment,2.6,electric,150,1.0,3,0,1.93,1.48,0
20240822_rv_torre_benagalbon,rincon_de_la_victoria,rv_torre_benagalbon,8,22.0,52,apartment,2.8,butane_lpg,650,7.2,4,0,1.95,1.47,1
20240822_rv_cala_del_moral,rincon_de_la_victoria,rv_cala_del_moral,8,24.6,72,detached_house,3.0,electric,900,13.0,0,0,1.98,1.54,0
20240822_rv_benagalbon_pueblo,rincon_de_la_victoria,rv_benagalbon_pueblo,8,26.5,44,terraced_house,3.2,none,1800,-9.2,0,0,1.76,1.42,0
20240822_me_casco_historico,miranda_de_ebro,me_casco_historico,8,19.4,48,apartment,2.4,diesel,120,-13.1,2,0,1.45,1.08,0
20240822_me_ircio,miranda_de_ebro,me_ircio,8,19.6,55,apartment,2.7,electric,400,8.3,2,0,1.29,0.98,0
20240822_me_industrial_norte,miranda_de_ebro,me_industrial_norte,8,18.5,40,terraced_house,3.1,diesel,700,21.3,1,0,1.69,1.33,1
20240822_me_bayas,miranda_de_ebro,me_bayas,8,21.0,50,detached_house,3.4,butane_lpg,1600,1.0,1,0,1.89,1.56,0
20240823_rv_centro,rincon_de_la_victoria,rv_centro,8,24.7,58,apartment,2.6,electric,150,4.6,3,0,1.23,0.95,1
20240823_rv_torre_benagalbon,rincon_de_la_victoria,rv_torre_benagalbon,8,23.7,52,apartment,2.8,butane_lpg,650,-0.6,1,0,1.63,1.33,0
20240823_rv_cala_del_moral,rincon_de_la_victoria,rv_cala_del_moral,8,25.7,72,detached_house,3.0,electric,900,-7.0,1,0,1.79,1.39,0
20240823_rv_benagalbon_pueblo,rincon_de_la_victoria,rv_benagalbon_pueblo,8,23.6,44,terraced_house,3.2,none,1800,8.3,2,1,1.76,1.32,0
20240823_me_casco_historico,miranda_de_ebro,me_casco_historico,8,17.7,48,apartment,2.4,diesel,120,-5.0,1,0,1.51,1.12,0
20240823_me_ircio,miranda_de_ebro,me_ircio,8,18.1,55,apartment,2.7,electric,400,-0.4,3,0,1.44,1.06,0
20240823_me_industrial_norte,miranda_de_ebro,me_industrial_norte,8,20.1,40,terraced_house,3.1,diesel,700,0.9,1,0,1.58,1.24,0
20240823_me_bayas,miranda_de_ebro,me_bayas,8,20.6,50,detached_house,3.4,butane_lpg,1600,-5.7,1,0,2.01,1.59,0
20240824_rv_centro,rincon_de_la_victoria,rv_centro,8,21.9,58,apartment,2.6,electric,150,4.5,6,0,1.25,0.95,1
20240824_rv_torre_benagalbon,rincon_de_la_victoria,rv_torre_benagalbon,8,22.1,52,apartment,2.8,butane_lpg,650,-11.4,3,0,1.74,1.34,0
20240824_rv_cala_del_moral,rincon_de_la_victoria,rv_cala_del_moral,8,23.6,72,detached_house,3.0,electric,900,-0.6,2,0,1.43,1.01,0
20240824_rv_benagalbon_pueblo,rincon_de_la_victoria,rv_benagalbon_pueblo,8,21.3,44,terraced_house,3.2,none,1800,3.6,2,0,1.62,1.29,0
20240824_me_casco_historico,miranda_de_ebro,me_casco_historico,8,18.9,48,apartment,2.4,diesel,120,0.9,2,0,1.64,1.22,0
20240824_me_ircio,miranda_de_ebro,me_ircio,8,19.0,55,apartment,2.7,electric,400,-6.0,2,0,1.18,0.88,0
20240824_me_industrial_norte,miranda_de_ebro,me_industrial_norte,8,17.5,40,terraced_house,3.1,diesel,700,1.2,2,0,1.9,1.51,0
20240824_me_bayas,miranda_de_ebro,me_bayas,8,18.7,50,detached_house,3.4,butane_lpg,1600,14.7,0,1,1.56,1.11,0
20240825_rv_centro,rincon_de_la_victoria,rv_centro,8,22.9,58,apartment,2.6,electric,150,7.2,2,0,1.46,1.18,1
20240825_rv_torre_benagalbon,rincon_de_la_victoria,rv_torre_benagalbon,8,22.9,52,apartment,2.8,butane_lpg,650,-3.5,2,0,1.92,1.48,0
20240825_rv_cala_del_moral,rincon_de_la_victoria,rv_cala_del_moral,8,25.2,72,detached_house,3.0,electric,900,2.5,1,0,2.1,1.59,0
20240825_rv_benagalbon_pueblo,rincon_de_la_victoria,rv_benagalbon_pueblo,8,22.6,44,terraced_house,3.2,none,1800,-19.0,0,0,1.94,1.43,0
20240825_me_casco_historico,miranda_de_ebro,me_casco_historico,8,19.1,48,apartment,2.4,diesel,120,5.7,2,0,1.12,0.87,0
20240825_me_ircio,miranda_de_ebro,me_ircio,8,19.8,55,apartment,2.7,electric,400,-24.5,0,0,1.42,1.13,0
20240825_me_industrial_norte,miranda_de_ebro,me_industrial_norte,8,18.8,40,terraced_house,3.1,diesel,700,-8.3,4,0,1.63,1.21,0
20240825_me_bayas,miranda_de_ebro,me_bayas,8,16.8,50,detached_house,3.4,butane_lpg,1600,6.4,0,0,2.23,1.67,0
20240826_rv_centro,rincon_de_la_victoria,rv_centro,8,25.1,58,apartment,2.6,electric,150,12.0,0,0,1.85,1.41,0
20240826_rv_torre_benagalbon,rincon_de_la_victoria,rv_torre_benagalbon,8,25.7,52,apartment,2.8,butane_lpg,650,-0.6,0,0,1.46,1.17,0
20240826_rv_cala_del_moral,rincon_de_la_victoria,rv_cala_del_moral,8,23.3,72,detached_house,3.0,electric,900,2.5,3,0,1.4,1.07,0
20240826_rv_benagalbon_pueblo,rincon_de_la_victoria,rv_benagalbon_pueblo,8,26.1,44,terraced_house,3.2,none,1800,-1.3,1,0,2.1,1.67,0
20240826_me_casco_historico,miranda_de_ebro,me_casco_historico,8,20.3,48,apartment,2.4,diesel,120,-5.8,4,0,1.49,1.2,0
20240826_me_ircio,miranda_de_ebro,me_ircio,8,22.8,55,apartment,2.7,electric,400,-4.1,0,0,1.53,1.21,0
20240826_me_industrial_norte,miranda_de_ebro,me_industrial_norte,8,17.7,40,terraced_house,3.1,diesel,700,6.7,0,0,2.32,1.73,1
20240826_me_bayas,miranda_de_ebro,me_bayas,8,17.2,50,detached_house,3.4,butane_lpg,1600,3.5,2,0,1.95,1.58,0
20240827_rv_centro,rincon_de_la_victoria,rv_centro,8,22.9,58,apartment,2.6,electric,150,-2.2,2,0,1.47,1.16,0
20240827_rv_torre_benagalbon,rincon_de_la_victoria,rv_torre_benagalbon,8,23.1,52,apartment,2.8,butane_lpg,650,2.3,1,0,1.9,1.43,0
20240827_rv_cala_del_moral,rincon_de_la_victoria,rv_cala_del_moral,8,22.2,72,detached_house,3.0,electric,900,12.5,4,1,1.85,1.37,0
20240827_rv_benagalbon_pueblo,rincon_de_la_victoria,rv_benagalbon_pueblo,8,24.2,44,terraced_house,3.2,none,1800,2.4,2,0,1.74,1.39,0
20240827_me_casco_historico,miranda_de_ebro,me_casco_historico,8,19.1,48,apartment,2.4,diesel,120,8.2,2,0,1.49,1.18,0
20240827_me_ircio,miranda_de_ebro,me_ircio,8,17.6,55,apartment,2.7,electric,400,-14.4,3,0,1.41,1.05,0
20240827_me_industrial_norte,miranda_de_ebro,me_industrial_norte,8,18.7,40,terraced_house,3.1,diesel,700,9.5,3,0,1.97,1.72,0
20240827_me_bayas,miranda_de_ebro,me_bayas,8,19.5,50,detached_house,3.4,butane_lpg,1600,2.5,5,0,2.34,1.75,0
20240828_rv_centro,rincon_de_la_victoria,rv_centro,8,22.5,58,apartment,2.6,electric,150,-0.7,2,0,1.53,1.25,0
20240828_rv_torre_benagalbon,rincon_de_la_victoria,rv_torre_benagalbon,8,24.8,52,apartment,2.8,butane_lpg,650,5.5,6,0,1.46,1.13,1
20240828_rv_cala_del_moral,rincon_de_la_victoria,rv_cala_del_moral,8,23.6,72,detached_house,3.0,electric,900,-8.5,0,0,1.4,1.14,0
20240828_rv_benagalbon_pueblo,rincon_de_la_victoria,rv_benagalbon_pueblo,8,22.7,44,terraced_house,3.2,none,1800,-16.0,4,0,2.34,1.81,0
20240828_me_casco_historico,miranda_de_ebro,me_casco_historico,8,20.1,48,apartment,2.4,diesel,120,1.1,4,0,2.1,1.6,1
20240828_me_ircio,miranda_de_ebro,me_ircio,8,19.5,55,apartment,2.7,electric,400,6.0,4,0,1.22,0.97,0
20240828_me_industrial_norte,miranda_de_ebro,me_industrial_norte,8,18.5,40,terraced_house,3.1,diesel,700,6.6,3,0,1.97,1.55,0
20240828_me_bayas,miranda_de_ebro,me_bayas,8,18.4,50,detached_house,3.4,butane_lpg,1600,3.6,1,0,1.49,1.19,0
20240829_rv_centro,rincon_de_la_victoria,rv_centro,8,24.6,58,apartment,2.6,electric,150,20.1,1,0,1.34,1.05,1
20240829_rv_torre_benagalbon,rincon_de_la_victoria,rv_torre_benagalbon,8,22.8,52,apartment,2.8,butane_lpg,650,9.8,2,0,1.5,1.13,0
20240829_rv_cala_del_moral,rincon_de_la_victoria,rv_cala_del_moral,8,25.2,72,detached_house,3.0,electric,900,12.5,2,1,1.67,1.4,0
20240829_rv_benagalbon_pueblo,rincon_de_la_victoria,rv_benagalbon_pueblo,8,22.8,44,terraced_house,3.2,none,1800,16.3,2,0,2.21,1.75,0
20240829_me_casco_historico,miranda_de_ebro,me_casco_historico,8,18.7,48,apartment,2.4,diesel,120,13.5,2,0,1.47,1.16,1
20240829_me_ircio,miranda_de_ebro,me_ircio,8,17.9,55,apartment,2.7,electric,400,2.2,2,0,1.25,0.94,0
20240829_me_industrial_norte,miranda_de_ebro,me_industrial_norte,8,17.5,40,terraced_house,3.1,diesel,700,10.1,5,0,1.51,1.16,0
20240829_me_bayas,miranda_de_ebro,me_bayas,8,21.2,50,detached_house,3.4,butane_lpg,1600,18.4,2,1,1.53,1.22,1
20240830_rv_centro,rincon_de_la_victoria,rv_centro,8,25.0,58,apartment,2.6,electric,150,-12.4,0,0,1.2,0.96,0
20240830_rv_torre_benagalbon,rincon_de_la_victoria,rv_torre_benagalbon,8,22.9,52,apartment,2.8,butane_lpg,650,4.3,1,0,2.0,1.52,0
20240830_rv_cala_del_moral,rincon_de_la_victoria,rv_cala_del_moral,8,22.6,72,detached_house,3.0,electric,900,6.9,4,1,1.61,1.3,0
20240830_rv_benagalbon_pueblo,rincon_de_la_victoria,rv_benagalbon_pueblo,8,24.7,44,terraced_house,3.2,none,1800,6.5,3,0,1.94,1.52,0
20240830_me_casco_historico,miranda_de_ebro,me_casco_historico,8,18.2,48,apartment,2.4,diesel,120,11.8,5,0,1.42,1.14,0
20240830_me_ircio,miranda_de_ebro,me_ircio,8,20.4,55,apartment,2.7,electric,400,8.7,2,0,1.7,1.3,0
20240830_me_industrial_norte,miranda_de_ebro,me_industrial_norte,8,18.5,40,terraced_house,3.1,diesel,700,22.6,2,0,1.82,1.48,1
20240830_me_bayas,miranda_de_ebro,me_bayas,8,16.8,50,detached_house,3.4,butane_lpg,1600,-4.2,4,0,2.1,1.64,0
20240831_rv_centro,rincon_de_la_victoria,rv_centro,8,24.4,58,apartment,2.6,electric,150,6.4,2,0,1.68,1.3,0
20240831_rv_torre_benagalbon,rincon_de_la_victoria,rv_torre_benagalbon,8,21.2,52,apartment,2.8,butane_lpg,650,-3.9,1,0,1.49,1.1,0
20240831_rv_cala_del_moral,rincon_de_la_victoria,rv_cala_del_moral,8,23.4,72,detached_house,3.0,electric,900,-7.6,2,1,1.57,1.22,0
20240831_rv_benagalbon_pueblo,rincon_de_la_victoria,rv_benagalbon_pueblo,8,20.8,44,terraced_house,3.2,none,1800,-16.2,2,0,1.68,1.31,0
20240831_me_casco_historico,miranda_de_ebro,me_casco_historico,8,18.2,48,apartment,2.4,diesel,120,2.8,2,0,1.47,1.15,0
20240831_me_ircio,miranda_de_ebro,me_ircio,8,20.5,55,apartment,2.7,electric,400,2.1,1,0,1.68,1.42,0
20240831_me_industrial_norte,miranda_de_ebro,me_industrial_norte,8,20.4,40,terraced_house,3.1,diesel,700,18.0,2,0,1.91,1.42,1
20240831_me_bayas,miranda_de_ebro,me_bayas,8,18.5,50,detached_house,3.4,butane_lpg,1600,11.4,5,0,2.37,1.98,0
20240901_rv_centro,rincon_de_la_victoria,rv_centro,9,24.1,58,apartment,2.6,electric,150,-4.0,3,0,1.01,0.75,0
20240901_rv_torre_benagalbon,rincon_de_la_victoria,rv_torre_benagalbon,9,22.4,52,apartment,2.8,butane_lpg,650,7.5,2,0,1.41,1.14,1
20240901_rv_cala_del_moral,rincon_de_la_victoria,rv_cala_del_moral,9,23.2,72,detached_house,3.0,electric,900,6.6,4,0,1.57,1.2,0
20240901_rv_benagalbon_pueblo,rincon_de_la_victoria,rv_benagalbon_pueblo,9,22.3,44,terraced_house,3.2,none,1800,-9.5,1,0,1.95,1.51,1
20240901_me_casco_historico,miranda_de_ebro,me_casco_historico,9,17.7,48,apartment,2.4,diesel,120,6.0,3,0,1.41,1.07,0
20240901_me_ircio,miranda_de_ebro,me_ircio,9,19.1,55,apartment,2.7,electric,400,6.6,2,0,1.35,1.06,0
20240901_me_industrial_norte,miranda_de_ebro,me_industrial_norte,9,18.6,40,terraced_house,3.1,diesel,700,3.0,2,0,1.44,1.14,0
20240901_me_bayas,miranda_de_ebro,me_bayas,9,19.2,50,detached_house,3.4,butane_lpg,1600,11.8,1,0,1.88,1.38,0
20240902_rv_centro,rincon_de_la_victoria,rv_centro,9,24.7,58,apartment,2.6,electric,150,-11.0,3,0,1.16,0.87,0
20240902_rv_torre_benagalbon,rincon_de_la_victoria,rv_torre_benagalbon,9,23.2,52,apartment,2.8,butane_lpg,650,2.0,1,0,1.85,1.42,1
20240902_rv_cala_del_moral,rincon_de_la_victoria,rv_cala_del_moral,9,24.9,72,detached_house,3.0,electric,900,10.0,5,0,1.95,1.5,1
20240902_rv_benagalbon_pueblo,rincon_de_la_victoria,rv_benagalbon_pueblo,9,22.4,44,terraced_house,3.2,none,1800,10.0,2,0,2.43,1.93,0
20240902_me_casco_historico,miranda_de_ebro,me_casco_historico,9,19.2,48,apartment,2.4,diesel,120,2.5,0,0,1.24,0.94,0
20240902_me_ircio,miranda_de_ebro,me_ircio,9,18.5,55,apartment,2.7,electric,400,0.5,1,0,1.28,0.96,0
20240902_me_industrial_norte,miranda_de_ebro,me_industrial_norte,9,17.5,40,terraced_house,3.1,diesel,700,5.2,0,0,2.13,1.5,0
20240902_me_bayas,miranda_de_ebro,me_bayas,9,18.0,50,detached_house,3.4,butane_lpg,1600,5.5,2,0,1.99,1.64,0
20240903_rv_centro,rincon_de_la_victoria,rv_centro,9,24.2,58,apartment,2.6,electric,150,11.9,0,0,1.66,1.23,0
20240903_rv_torre_benagalbon,rincon_de_la_victoria,rv_torre_benagalbon,9,25.6,52,apartment,2.8,butane_lpg,650,15.0,1,0,1.77,1.36,0
20240903_rv_cala_del_moral,rincon_de_la_victoria,rv_cala_del_moral,9,25.5,72,detached_house,3.0,electric,900,8.4,2,0,1.7,1.42,1
20240903_rv_benagalbon_pueblo,rincon_de_la_victoria,rv_benagalbon_pueblo,9,24.5,44,terraced_house,3.2,none,1800,-2.0,1,0,1.86,1.42,0
20240903_me_casco_historico,miranda_de_ebro,me_casco_historico,9,20.1,48,apartment,2.4,diesel,120,17.3,6,0,1.39,1.07,1
20240903_me_ircio,miranda_de_ebro,me_ircio,9,16.8,55,apartment,2.7,electric,400,12.2,4,0,1.45,1.02,0
20240903_me_industrial_norte,miranda_de_ebro,me_industrial_norte,9,18.7,40,terraced_house,3.1,diesel,700,0.3,2,0,1.67,1.3,0
20240903_me_bayas,miranda_de_ebro,me_bayas,9,18.7,50,detached_house,3.4,butane_lpg,1600,-10.3,2,0,1.97,1.44,0
20240904_rv_centro,rincon_de_la_victoria,rv_centro,9,20.8,58,apartment,2.6,electric,150,-11.1,4,0,1.67,1.24,1
20240904_rv_torre_benagalbon,rincon_de_la_victoria,rv_torre_benagalbon,9,20.1,52,apartment,2.8,butane_lpg,650,-8.7,4,1,1.4,1.15,0
20240904_rv_cala_del_moral,rincon_de_la_victoria,rv_cala_del_moral,9,22.4,72,detached_house,3.0,electric,900,-6.1,0,0,1.53,1.2,0
20240904_rv_benagalbon_pueblo,rincon_de_la_victoria,rv_benagalbon_pueblo,9,23.3,44,terraced_house,3.2,none,1800,-1.0,2,1,2.47,1.92,0
20240904_me_casco_historico,miranda_de_ebro,me_casco_historico,9,16.6,48,apartment,2.4,diesel,120,26.9,6,0,1.79,1.39,0
20240904_me_ircio,miranda_de_ebro,me_ircio,9,17.6,55,apartment,2.7,electric,400,13.3,1,0,1.39,1.12,1
20240904_me_industrial_norte,miranda_de_ebro,me_industrial_norte,9,18.6,40,terraced_house,3.1,diesel,700,15.0,1,0,1.88,1.46,0
20240904_me_bayas,miranda_de_ebro,me_bayas,9,18.6,50,detached_house,3.4,butane_lpg,1600,2.7,4,0,2.25,1.67,0
20240905_rv_centro,rincon_de_la_victoria,rv_centro,9,23.3,58,apartment,2.6,electric,150,6.4,4,0,1.89,1.49,0
20240905_rv_torre_benagalbon,rincon_de_la_victoria,rv_torre_benagalbon,9,20.7,52,apartment,2.8,butane_lpg,650,0.1,4,0,1.85,1.36,0
20240905_rv_cala_del_moral,rincon_de_la_victoria,rv_cala_del_moral,9,19.8,72,detached_house,3.0,electric,900,-1.2,3,0,1.69,1.3,0
20240905_rv_benagalbon_pueblo,rincon_de_la_victoria,rv_benagalbon_pueblo,9,23.5,44,terraced_house,3.2,none,1800,8.6,1,0,2.68,2.14,0
20240905_me_casco_historico,miranda_de_ebro,me_casco_historico,9,18.3,48,apartment,2.4,diesel,120,5.5,3,0,1.33,1.02,0
20240905_me_ircio,miranda_de_ebro,me_ircio,9,18.0,55,apartment,2.7,electric,400,0.1,2,0,1.78,1.35,0
20240905_me_industrial_norte,miranda_de_ebro,me_industrial_norte,9,19.4,40,terraced_house,3.1,diesel,700,-2.0,1,0,1.75,1.4,1
20240905_me_bayas,miranda_de_ebro,me_bayas,9,19.2,50,detached_house,3.4,butane_lpg,1600,11.4,6,1,1.75,1.32,0
20240906_rv_centro,rincon_de_la_victoria,rv_centro,9,21.8,58,apartment,2.6,electric,150,5.3,2,0,1.29,0.98,0
20240906_rv_torre_benagalbon,rincon_de_la_victoria,rv_torre_benagalbon,9,23.2,52,apartment,2.8,butane_lpg,650,14.7,3,0,1.47,1.15,0
20240906_rv_cala_del_moral,rincon_de_la_victoria,rv_cala_del_moral,9,22.1,72,detached_house,3.0,electric,900,0.4,4,0,1.68,1.33,0
20240906_rv_benagalbon_pueblo,rincon_de_la_victoria,rv_benagalbon_pueblo,9,23.4,44,terraced_house,3.2,none,1800,4.2,2,0,1.96,1.5,0
20240906_me_casco_historico,miranda_de_ebro,me_casco_historico,9,17.5,48,apartment,2.4,diesel,120,8.3,4,0,1.41,1.09,0
20240906_me_ircio,miranda_de_ebro,me_ircio,9,19.8,55,apartment,2.7,electric,400,-9.4,1,0,1.93,1.5,0
20240906_me_industrial_norte,miranda_de_ebro,me_industrial_norte,9,16.5,40,terraced_house,3.1,diesel,700,25.2,6,0,1.47,1.13,1
20240906_me_bayas,miranda_de_ebro,me_bayas,9,16.3,50,detached_house,3.4,butane_lpg,1600,5.6,0,0,1.79,1.41,0
20240907_rv_centro,rincon_de_la_victoria,rv_centro,9,23.2,58,apartment,2.6,electric,150,1.7,3,0,1.5,1.2,0
20240907_rv_torre_benagalbon,rincon_de_la_victoria,rv_torre_benagalbon,9,21.9,52,apartment,2.8,butane_lpg,650,16.8,3,0,1.99,1.62,0
20240907_rv_cala_del_moral,rincon_de_la_victoria,rv_cala_del_moral,9,22.8,72,detached_house,3.0,electric,900,20.9,1,0,1.53,1.2,0
20240907_rv_benagalbon_pueblo,rincon_de_la_victoria,rv_benagalbon_pueblo,9,23.7,44,terraced_house,3.2,none,1800,7.6,4,0,2.23,1.78,0
20240907_me_casco_historico,miranda_de_ebro,me_casco_historico,9,18.5,48,apartment,2.4,diesel,120,7.2,2,0,1.37,1.09,0
20240907_me_ircio,miranda_de_ebro,me_ircio,9,17.0,55,apartment,2.7,electric,400,12.8,1,0,1.41,1.05,0
20240907_me_industrial_norte,miranda_de_ebro,me_industrial_norte,9,17.8,40,terraced_house,3.1,diesel,700,14.1,2,1,1.67,1.34,1
20240907_me_bayas,miranda_de_ebro,me_bayas,9,17.7,50,detached_house,3.4,butane_lpg,1600,10.2,2,0,1.63,1.19,0
20240908_rv_centro,rincon_de_la_victoria,rv_centro,9,21.7,58,apartment,2.6,electric,150,-3.7,3,0,1.45,1.11,0
20240908_rv_torre_benagalbon,rincon_de_la_victoria,rv_torre_benagalbon,9,21.3,52,apartment,2.8,butane_lpg,650,-10.4,5,0,1.22,0.88,0
20240908_rv_cala_del_moral,rincon_de_la_victoria,rv_cala_del_moral,9,20.1,72,detached_house,3.0,electric,900,11.2,0,0,1.49,1.22,0
20240908_rv_benagalbon_pueblo,rincon_de_la_victoria,rv_benagalbon_pueblo,9,20.0,44,terraced_house,3.2,none,1800,-1.8,0,0,1.68,1.28,0
20240908_me_casco_historico,miranda_de_ebro,me_casco_historico,9,15.2,48,apartment,2.4,diesel,120,9.8,1,0,1.87,1.4,0
20240908_me_ircio,miranda_de_ebro,me_ircio,9,18.3,55,apartment,2.7,electric,400,-14.6,3,0,1.85,1.47,1
20240908_me_industrial_norte,miranda_de_ebro,me_industrial_norte,9,18.8,40,terraced_house,3.1,diesel,700,16.3,3,0,1.55,1.19,0
20240908_me_bayas,miranda_de_ebro,me_bayas,9,16.8,50,detached_house,3.4,butane_lpg,1600,13.2,2,0,2.25,1.72,0
20240909_rv_centro,rincon_de_la_victoria,rv_centro,9,23.1,58,apartment,2.6,electric,150,18.0,3,0,1.66,1.28,0
20240909_rv_torre_benagalbon,rincon_de_la_victoria,rv_torre_benagalbon,9,23.0,52,apartment,2.8,butane_lpg,650,1.0,1,1,1.78,1.39,1
20240909_rv_cala_del_moral,rincon_de_la_victoria,rv_cala_del_moral,9,22.4,72,detached_house,3.0,electric,900,7.8,2,0,1.41,1.09,0
20240909_rv_benagalbon_pueblo,rincon_de_la_victoria,rv_benagalbon_pueblo,9,21.7,44,terraced_house,3.2,none,1800,8.7,4,0,2.22,1.64,0
20240909_me_casco_historico,miranda_de_ebro,me_casco_historico,9,17.0,48,apartment,2.4,diesel,120,8.3,2,0,1.56,1.23,0
20240909_me_ircio,miranda_de_ebro,me_ircio,9,18.8,55,apartment,2.7,electric,400,-7.6,2,0,1.57,1.26,0
20240909_me_industrial_norte,miranda_de_ebro,me_industrial_norte,9,16.3,40,terraced_house,3.1,diesel,700,-8.0,0,0,1.73,1.34,0
20240909_me_bayas,miranda_de_ebro,me_bayas,9,16.2,50,detached_house,3.4,butane_lpg,1600,-16.2,1,0,1.82,1.42,0
20240910_rv_centro,rincon_de_la_victoria,rv_centro,9,21.6,58,apartment,2.6,electric,150,-1.1,1,0,1.23,0.98,0
20240910_rv_torre_benagalbon,rincon_de_la_victoria,rv_torre_benagalbon,9,21.2,52,apartment,2.8,butane_lpg,650,7.5,1,0,1.48,1.13,0
20240910_rv_cala_del_moral,rincon_de_la_victoria,rv_cala_del_moral,9,22.4,72,detached_house,3.0,electric,900,8.6,2,0,2.04,1.73,0
20240910_rv_benagalbon_pueblo,rincon_de_la_victoria,rv_benagalbon_pueblo,9,21.8,44,terraced_house,3.2,none,1800,1.6,3,0,2.23,1.9,0
20240910_me_casco_historico,miranda_de_ebro,me_casco_historico,9,15.8,48,apartment,2.4,diesel,120,9.8,5,0,1.49,1.09,1
20240910_me_ircio,miranda_de_ebro,me_ircio,9,17.8,55,apartment,2.7,electric,400,5.4,4,0,1.36,1.09,1
20240910_me_industrial_norte,miranda_de_ebro,me_industrial_norte,9,18.2,40,terraced_house,3.1,diesel,700,15.9,1,0,1.98,1.47,1
20240910_me_bayas,miranda_de_ebro,me_bayas,9,15.9,50,detached_house,3.4,butane_lpg,1600,-17.8,1,0,1.97,1.52,0
20240911_rv_centro,rincon_de_la_victoria,rv_centro,9,24.4,58,apartment,2.6,electric,150,14.3,1,1,1.1,0.85,1
20240911_rv_torre_benagalbon,rincon_de_la_victoria,rv_torre_benagalbon,9,19.1,52,apartment,2.8,butane_lpg,650,-10.6,0,0,1.8,1.36,0
20240911_rv_cala_del_moral,rincon_de_la_victoria,rv_cala_del_moral,9,23.5,72,detached_house,3.0,electric,900,5.1,4,0,2.63,2.19,0
20240911_rv_benagalbon_pueblo,rincon_de_la_victoria,rv_benagalbon_pueblo,9,22.4,44,terraced_house,3.2,none,1800,-0.6,3,0,1.88,1.39,0
20240911_me_casco_historico,miranda_de_ebro,me_casco_historico,9,17.8,48,apartment,2.4,diesel,120,-11.1,1,0,1.44,1.16,0
20240911_me_ircio,miranda_de_ebro,me_ircio,9,17.3,55,apartment,2.7,electric,400,-2.8,2,0,1.45,1.16,0
20240911_me_industrial_norte,miranda_de_ebro,me_industrial_norte,9,15.0,40,terraced_house,3.1,diesel,700,30.2,1,0,1.77,1.37,0
20240911_me_bayas,miranda_de_ebro,me_bayas,9,14.8,50,detached_house,3.4,butane_lpg,1600,-3.1,2,0,2.22,1.81,0
20240912_rv_centro,rincon_de_la_victoria,rv_centro,9,21.6,58,apartment,2.6,electric,150,11.6,1,0,1.37,1.04,1
20240912_rv_torre_benagalbon,rincon_de_la_victoria,rv_torre_benagalbon,9,24.0,52,apartment,2.8,butane_lpg,650,-1.4,2,0,1.68,1.3,0
20240912_rv_cala_del_moral,rincon_de_la_victoria,rv_cala_del_moral,9,22.4,72,detached_house,3.0,electric,900,7.1,0,0,2.04,1.53,0
20240912_rv_benagalbon_pueblo,rincon_de_la_victoria,rv_benagalbon_pueblo,9,22.1,44,terraced_house,3.2,none,1800,18.8,1,0,2.04,1.51,0
20240912_me_casco_historico,miranda_de_ebro,me_casco_historico,9,17.4,48,apartment,2.4,diesel,120,-13.0,3,1,1.04,0.77,0
20240912_me_ircio,miranda_de_ebro,me_ircio,9,17.1,55,apartment,2.7,electric,400,3.4,3,1,1.63,1.3,0
20240912_me_industrial_norte,miranda_de_ebro,me_industrial_norte,9,14.5,40,terraced_house,3.1,diesel,700,-4.7,1,0,2.97,2.27,0
20240912_me_bayas,miranda_de_ebro,me_bayas,9,16.5,50,detached_house,3.4,butane_lpg,1600,3.9,1,0,1.48,1.18,0
20240913_rv_centro,rincon_de_la_victoria,rv_centro,9,20.1,58,apartment,2.6,electric,150,-8.6,3,0,1.56,1.22,0
20240913_rv_torre_benagalbon,rincon_de_la_victoria,rv_torre_benagalbon,9,22.5,52,apartment,2.8,butane_lpg,650,0.0,2,0,1.72,1.29,0
20240913_rv_cala_del_moral,rincon_de_la_victoria,rv_cala_del_moral,9,23.0,72,detached_house,3.0,electric,900,-10.4,4,0,1.3,1.01,0
20240913_rv_benagalbon_pueblo,rincon_de_la_victoria,rv_benagalbon_pueblo,9,21.6,44,terraced_house,3.2,none,1800,-13.3,5,0,2.05,1.63,0
20240913_me_casco_historico,miranda_de_ebro,me_casco_historico,9,15.5,48,apartment,2.4,diesel,120,-3.4,2,1,1.79,1.47,0
20240913_me_ircio,miranda_de_ebro,me_ircio,9,18.9,55,apartment,2.7,electric,400,14.9,1,0,1.47,1.23,1
20240913_me_industrial_norte,miranda_de_ebro,me_industrial_norte,9,16.4,40,terraced_house,3.1,diesel,700,15.5,4,0,1.89,1.48,0
20240913_me_bayas,miranda_de_ebro,me_bayas,9,17.8,50,detached_house,3.4,butane_lpg,1600,-9.6,3,0,1.98,1.46,0
20240914_rv_centro,rincon_de_la_victoria,rv_centro,9,23.7,58,apartment,2.6,electric,150,7.8,1,0,1.55,1.26,0
20240914_rv_torre_benagalbon,rincon_de_la_victoria,rv_torre_benagalbon,9,21.5,52,apartment,2.8,butane_lpg,650,20.9,0,0,1.69,1.33,1
20240914_rv_cala_del_moral,rincon_de_la_victoria,rv_cala_del_moral,9,21.8,72,detached_house,3.0,electric,900,-6.5,2,0,1.9,1.42,0
20240914_rv_benagalbon_pueblo,rincon_de_la_victoria,rv_benagalbon_pueblo,9,21.8,44,terraced_house,3.2,none,1800,-6.7,4,0,1.95,1.52,0
20240914_me_casco_historico,miranda_de_ebro,me_casco_historico,9,15.0,48,apartment,2.4,diesel,120,-0.5,2,0,1.74,1.35,0
20240914_me_ircio,miranda_de_ebro,me_ircio,9,16.8,55,apartment,2.7,electric,400,17.1,2,0,1.54,1.34,1
20240914_me_industrial_norte,miranda_de_ebro,me_industrial_norte,9,16.0,40,terraced_house,3.1,diesel,700,10.7,3,0,2.27,1.87,0
20240914_me_bayas,miranda_de_ebro,me_bayas,9,17.6,50,detached_house,3.4,butane_lpg,1600,2.7,2,0,2.61,1.98,0
20240915_rv_centro,rincon_de_la_victoria,rv_centro,9,20.5,58,apartment,2.6,electric,150,3.4,1,1,1.62,1.21,0
20240915_rv_torre_benagalbon,rincon_de_la_victoria,rv_torre_benagalbon,9,23.5,52,apartment,2.8,butane_lpg,650,-15.4,0,0,1.62,1.24,0
20240915_rv_cala_del_moral,rincon_de_la_victoria,rv_cala_del_moral,9,22.1,72,detached_house,3.0,electric,900,22.6,1,0,1.53,1.23,0
20240915_rv_benagalbon_pueblo,rincon_de_la_victoria,rv_benagalbon_pueblo,9,21.1,44,terraced_house,3.2,none,1800,8.4,2,0,2.12,1.66,0
20240915_me_casco_historico,miranda_de_ebro,me_casco_historico,9,15.6,48,apartment,2.4,diesel,120,-6.1,2,0,2.0,1.55,0
20240915_me_ircio,miranda_de_ebro,me_ircio,9,17.1,55,apartment,2.7,electric,400,-12.8,3,1,1.45,1.12,1
20240915_me_industrial_norte,miranda_de_ebro,me_industrial_norte,9,15.4,40,terraced_house,3.1,diesel,700,-1.8,4,0,2.24,1.7,0
20240915_me_bayas,miranda_de_ebro,me_bayas,9,16.9,50,detached_house,3.4,butane_lpg,1600,-3.2,2,0,1.98,1.5,0
20240916_rv_centro,rincon_de_la_victoria,rv_centro,9,23.6,58,apartment,2.6,electric,150,11.7,5,0,1.55,1.24,1
20240916_rv_torre_benagalbon,rincon_de_la_victoria,rv_torre_benagalbon,9,23.3,52,apartment,2.8,butane_lpg,650,-3.5,1,0,1.86,1.36,0
20240916_rv_cala_del_moral,rincon_de_la_victoria,rv_cala_del_moral,9,21.6,72,detached_house,3.0,electric,900,13.4,3,0,1.43,1.12,0
20240916_rv_benagalbon_pueblo,rincon_de_la_victoria,rv_benagalbon_pueblo,9,20.8,44,terraced_house,3.2,none,1800,1.7,2,0,2.06,1.63,0
20240916_me_casco_historico,miranda_de_ebro,me_casco_historico,9,16.5,48,apartment,2.4,diesel,120,-17.1,3,0,1.25,1.03,1
20240916_me_ircio,miranda_de_ebro,me_ircio,9,16.9,55,apartment,2.7,electric,400,2.1,3,0,1.65,1.27,1
20240916_me_industrial_norte,miranda_de_ebro,me_industrial_norte,9,15.4,40,terraced_house,3.1,diesel,700,8.0,2,0,1.96,1.51,1
20240916_me_bayas,miranda_de_ebro,me_bayas,9,16.8,50,detached_house,3.4,butane_lpg,1600,-1.0,0,0,2.42,1.86,0
20240917_rv_centro,rincon_de_la_victoria,rv_centro,9,21.9,58,apartment,2.6,electric,150,4.7,3,0,1.69,1.34,1
20240917_rv_torre_benagalbon,rincon_de_la_victoria,rv_torre_benagalbon,9,21.9,52,apartment,2.8,butane_lpg,650,8.4,0,0,1.15,0.84,0
20240917_rv_cala_del_moral,rincon_de_la_victoria,rv_cala_del_moral,9,22.0,72,detached_house,3.0,electric,900,11.0,3,0,1.36,1.04,0
20240917_rv_benagalbon_pueblo,rincon_de_la_victoria,rv_benagalbon_pueblo,9,21.2,44,terraced_house,3.2,none,1800,-15.3,5,0,2.39,1.91,0
20240917_me_casco_historico,miranda_de_ebro,me_casco_historico,9,16.2,48,apartment,2.4,diesel,120,2.3,2,0,1.11,0.82,0
20240917_me_ircio,miranda_de_ebro,me_ircio,9,15.8,55,apartment,2.7,electric,400,10.3,1,0,1.32,1.02,0
20240917_me_industrial_norte,miranda_de_ebro,me_industrial_norte,9,15.9,40,terraced_house,3.1,diesel,700,3.2,2,0,1.97,1.56,0
20240917_me_bayas,miranda_de_ebro,me_bayas,9,16.5,50,detached_house,3.4,butane_lpg,1600,15.2,1,0,1.75,1.26,0
20240918_rv_centro,rincon_de_la_victoria,rv_centro,9,21.3,58,apartment,2.6,electric,150,13.2,2,0,1.42,1.17,1
20240918_rv_torre_benagalbon,rincon_de_la_victoria,rv_torre_benagalbon,9,21.6,52,apartment,2.8,butane_lpg,650,6.8,4,0,1.96,1.59,0
20240918_rv_cala_del_moral,rincon_de_la_victoria,rv_cala_del_moral,9,20.5,72,detached_house,3.0,electric,900,19.6,3,0,1.61,1.18,1
20240918_rv_benagalbon_pueblo,rincon_de_la_victoria,rv_benagalbon_pueblo,9,21.7,44,terraced_house,3.2,none,1800,-13.8,5,0,2.13,1.73,0
20240918_me_casco_historico,miranda_de_ebro,me_casco_historico,9,13.2,48,apartment,2.4,diesel,120,11.5,2,0,1.96,1.62,0
20240918_me_ircio,miranda_de_ebro,me_ircio,9,16.1,55,apartment,2.7,electric,400,6.9,0,0,1.28,1.01,0
20240918_me_industrial_norte,miranda_de_ebro,me_industrial_norte,9,16.4,40,terraced_house,3.1,diesel,700,-11.4,3,0,1.69,1.37,1
20240918_me_bayas,miranda_de_ebro,me_bayas,9,16.1,50,detached_house,3.4,butane_lpg,1600,16.4,3,0,2.02,1.51,0
20240919_rv_centro,rincon_de_la_victoria,rv_centro,9,21.1,58,apartment,2.6,electric,150,5.6,4,0,1.34,1.12,0
20240919_rv_torre_benagalbon,rincon_de_la_victoria,rv_torre_benagalbon,9,22.8,52,apartment,2.8,butane_lpg,650,11.1,1,1,1.5,1.17,0
20240919_rv_cala_del_moral,rincon_de_la_victoria,rv_cala_del_moral,9,21.2,72,detached_house,3.0,electric,900,-0.6,4,0,1.78,1.44,0
20240919_rv_benagalbon_pueblo,rincon_de_la_victoria,rv_benagalbon_pueblo,9,22.8,44,terraced_house,3.2,none,1800,11.0,3,0,2.15,1.73,0
20240919_me_casco_historico,miranda_de_ebro,me_casco_historico,9,15.9,48,apartment,2.4,diesel,120,-5.0,1,0,1.45,1.07,0
20240919_me_ircio,miranda_de_ebro,me_ircio,9,15.5,55,apartment,2.7,electric,400,10.7,1,0,1.55,1.15,1
20240919_me_industrial_norte,miranda_de_ebro,me_industrial_norte,9,14.2,40,terraced_house,3.1,diesel,700,-12.8,2,0,1.82,1.51,0
20240919_me_bayas,miranda_de_ebro,me_bayas,9,17.0,50,detached_house,3.4,butane_lpg,1600,-10.1,0,0,2.27,1.82,0
20240920_rv_centro,rincon_de_la_victoria,rv_centro,9,22.3,58,apartment,2.6,electric,150,6.5,1,0,1.56,1.21,1
20240920_rv_torre_benagalbon,rincon_de_la_victoria,rv_torre_benagalbon,9,20.3,52,apartment,2.8,butane_lpg,650,2.8,0,0,1.7,1.32,0
20240920_rv_cala_del_moral,rincon_de_la_victoria,rv_cala_del_moral,9,20.2,72,detached_house,3.0,electric,900,-11.2,2,0,1.69,1.34,0
20240920_rv_benagalbon_pueblo,rincon_de_la_victoria,rv_benagalbon_pueblo,9,23.4,44,terraced_house,3.2,none,1800,-18.6,2,0,1.85,1.54,0
20240920_me_casco_historico,miranda_de_ebro,me_casco_historico,9,16.7,48,apartment,2.4,diesel,120,8.4,2,0,1.47,1.13,0
20240920_me_ircio,miranda_de_ebro,me_ircio,9,13.4,55,apartment,2.7,electric,400,2.0,1,0,2.16,1.68,0
20240920_me_industrial_norte,miranda_de_ebro,me_industrial_norte,9,16.2,40,terraced_house,3.1,diesel,700,12.4,3,0,2.22,1.85,0
20240920_me_bayas,miranda_de_ebro,me_bayas,9,13.8,50,detached_house,3.4,butane_lpg,1600,-10.5,3,0,3.13,2.57,0
20240921_rv_centro,rincon_de_la_victoria,rv_centro,9,22.7,58,apartment,2.6,electric,150,10.7,4,0,1.31,1.05,1
20240921_rv_torre_benagalbon,rincon_de_la_victoria,rv_torre_benagalbon,9,21.7,52,apartment,2.8,butane_lpg,650,7.9,1,0,2.27,1.74,0
20240921_rv_cala_del_moral,rincon_de_la_victoria,rv_cala_del_moral,9,20.8,72,detached_house,3.0,electric,900,0.6,1,0,2.0,1.62,0
20240921_rv_benagalbon_pueblo,rincon_de_la_victoria,rv_benagalbon_pueblo,9,21.2,44,terraced_house,3.2,none,1800,-11.2,5,0,1.76,1.36,1
20240921_me_casco_historico,miranda_de_ebro,me_casco_historico,9,14.1,48,apartment,2.4,diesel,120,-8.3,3,0,1.94,1.52,1
20240921_me_ircio,miranda_de_ebro,me_ircio,9,14.1,55,apartment,2.7,electric,400,-7.2,3,0,1.77,1.36,0
20240921_me_industrial_norte,miranda_de_ebro,me_industrial_norte,9,14.2,40,terraced_house,3.1,diesel,700,1.8,2,0,2.16,1.77,0
20240921_me_bayas,miranda_de_ebro,me_bayas,9,17.8,50,detached_house,3.4,butane_lpg,1600,2.0,4,0,1.64,1.26,0
20240922_rv_centro,rincon_de_la_victoria,rv_centro,9,22.8,58,apartment,2.6,electric,150,-2.9,3,0,1.09,0.86,0
20240922_rv_torre_benagalbon,rincon_de_la_victoria,rv_torre_benagalbon,9,21.9,52,apartment,2.8,butane_lpg,650,5.2,4,0,1.21,0.96,1
20240922_rv_cala_del_moral,rincon_de_la_victoria,rv_cala_del_moral,9,21.8,72,detached_house,3.0,electric,900,19.7,0,0,1.5,1.11,0
20240922_rv_benagalbon_pueblo,rincon_de_la_victoria,rv_benagalbon_pueblo,9,18.6,44,terraced_house,3.2,none,1800,-3.7,1,0,2.01,1.65,0
20240922_me_casco_historico,miranda_de_ebro,me_casco_historico,9,14.1,48,apartment,2.4,diesel,120,-3.9,1,0,2.42,1.92,1
20240922_me_ircio,miranda_de_ebro,me_ircio,9,17.2,55,apartment,2.7,electric,400,-20.1,1,1,1.34,0.97,1
20240922_me_industrial_norte,miranda_de_ebro,me_industrial_norte,9,17.3,40,terraced_house,3.1,diesel,700,-22.7,5,0,1.44,1.17,0
20240922_me_bayas,miranda_de_ebro,me_bayas,9,13.4,50,detached_house,3.4,butane_lpg,1600,-8.1,1,0,2.64,2.05,0
20240923_rv_centro,rincon_de_la_victoria,rv_centro,9,17.8,58,apartment,2.6,electric,150,-3.1,3,0,1.37,1.07,0
20240923_rv_torre_benagalbon,rincon_de_la_victoria,rv_torre_benagalbon,9,21.6,52,apartment,2.8,butane_lpg,650,-13.9,3,0,1.35,1.09,1
20240923_rv_cala_del_moral,rincon_de_la_victoria,rv_cala_del_moral,9,19.3,72,detached_house,3.0,electric,900,5.8,3,0,1.42,1.1,0
20240923_rv_benagalbon_pueblo,rincon_de_la_victoria,rv_benagalbon_pueblo,9,21.1,44,terraced_house,3.2,none,1800,13.8,2,0,2.42,1.93,0
20240923_me_casco_historico,miranda_de_ebro,me_casco_historico,9,15.2,48,apartment,2.4,diesel,120,-8.2,3,1,2.04,1.52,0
20240923_me_ircio,miranda_de_ebro,me_ircio,9,14.7,55,apartment,2.7,electric,400,1.6,3,0,1.61,1.29,1
20240923_me_industrial_norte,miranda_de_ebro,me_industrial_norte,9,14.2,40,terraced_house,3.1,diesel,700,-6.9,3,1,2.29,1.83,0
20240923_me_bayas,miranda_de_ebro,me_bayas,9,14.7,50,detached_house,3.4,butane_lpg,1600,0.9,1,0,2.45,1.84,0
20240924_rv_centro,rincon_de_la_victoria,rv_centro,9,22.4,58,apartment,2.6,electric,150,-3.8,1,0,1.39,1.11,0
20240924_rv_torre_benagalbon,rincon_de_la_victoria,rv_torre_benagalbon,9,20.3,52,apartment,2.8,butane_lpg,650,-1.6,3,0,1.62,1.32,0
20240924_rv_cala_del_moral,rincon_de_la_victoria,rv_cala_del_moral,9,21.2,72,detached_house,3.0,electric,900,11.3,3,0,1.36,0.99,0
20240924_rv_benagalbon_pueblo,rincon_de_la_victoria,rv_benagalbon_pueblo,9,20.4,44,terraced_house,3.2,none,1800,-3.7,4,0,2.45,1.9,0
20240924_me_casco_historico,miranda_de_ebro,me_casco_historico,9,14.7,48,apartment,2.4,diesel,120,13.9,1,1,1.61,1.25,0
20240924_me_ircio,miranda_de_ebro,me_ircio,9,15.6,55,apartment,2.7,electric,400,-4.1,4,0,1.87,1.47,1
20240924_me_industrial_norte,miranda_de_ebro,me_industrial_norte,9,14.4,40,terraced_house,3.1,diesel,700,1.1,1,0,2.03,1.53,0
20240924_me_bayas,miranda_de_ebro,me_bayas,9,14.1,50,detached_house,3.4,butane_lpg,1600,-2.6,7,0,2.5,1.87,0
20240925_rv_centro,rincon_de_la_victoria,rv_centro,9,20.1,58,apartment,2.6,electric,150,3.9,0,0,1.41,1.09,0
20240925_rv_torre_benagalbon,rincon_de_la_victoria,rv_torre_benagalbon,9,20.1,52,apartment,2.8,butane_lpg,650,3.5,0,0,1.62,1.28,0
20240925_rv_cala_del_moral,rincon_de_la_victoria,rv_cala_del_moral,9,20.2,72,detached_house,3.0,electric,900,0.8,3,0,1.81,1.4,0
20240925_rv_benagalbon_pueblo,rincon_de_la_victoria,rv_benagalbon_pueblo,9,25.2,44,terraced_house,3.2,none,1800,9.1,4,0,1.94,1.52,0
20240925_me_casco_historico,miranda_de_ebro,me_casco_historico,9,14.6,48,apartment,2.4,diesel,120,-6.1,5,0,2.07,1.73,1
20240925_me_ircio,miranda_de_ebro,me_ircio,9,12.9,55,apartment,2.7,electric,400,2.2,2,1,2.55,1.96,1
20240925_me_industrial_norte,miranda_de_ebro,me_industrial_norte,9,15.9,40,terraced_house,3.1,diesel,700,4.8,4,0,1.5,1.19,0
20240925_me_bayas,miranda_de_ebro,me_bayas,9,13.0,50,detached_house,3.4,butane_lpg,1600,3.4,2,0,3.08,2.41,0
20240926_rv_centro,rincon_de_la_victoria,rv_centro,9,21.0,58,apartment,2.6,electric,150,5.6,3,0,1.45,1.08,1
20240926_rv_torre_benagalbon,rincon_de_la_victoria,rv_torre_benagalbon,9,21.6,52,apartment,2.8,butane_lpg,650,1.6,4,0,1.56,1.19,0
20240926_rv_cala_del_moral,rincon_de_la_victoria,rv_cala_del_moral,9,21.7,72,detached_house,3.0,electric,900,9.8,3,0,1.18,0.9,0
20240926_rv_benagalbon_pueblo,rincon_de_la_victoria,rv_benagalbon_pueblo,9,21.4,44,terraced_house,3.2,none,1800,-4.6,3,0,2.12,1.63,0
20240926_me_casco_historico,miranda_de_ebro,me_casco_historico,9,14.8,48,apartment,2.4,diesel,120,-0.4,1,0,2.27,1.88,0
20240926_me_ircio,miranda_de_ebro,me_ircio,9,14.3,55,apartment,2.7,electric,400,4.5,5,0,1.65,1.32,1
20240926_me_industrial_norte,miranda_de_ebro,me_industrial_norte,9,15.8,40,terraced_house,3.1,diesel,700,4.3,3,0,2.09,1.71,0
20240926_me_bayas,miranda_de_ebro,me_bayas,9,14.3,50,detached_house,3.4,butane_lpg,1600,4.4,5,0,2.37,1.8,0
20240927_rv_centro,rincon_de_la_victoria,rv_centro,9,21.4,58,apartment,2.6,electric,150,6.3,4,0,1.62,1.26,1
20240927_rv_torre_benagalbon,rincon_de_la_victoria,rv_torre_benagalbon,9,18.9,52,apartment,2.8,butane_lpg,650,8.5,4,0,1.77,1.44,0
20240927_rv_cala_del_moral,rincon_de_la_victoria,rv_cala_del_moral,9,20.2,72,detached_house,3.0,electric,900,-8.8,3,0,1.92,1.55,0
20240927_rv_benagalbon_pueblo,rincon_de_la_victoria,rv_benagalbon_pueblo,9,19.2,44,terraced_house,3.2,none,1800,-2.6,1,0,1.84,1.39,0
20240927_me_casco_historico,miranda_de_ebro,me_casco_historico,9,14.1,48,apartment,2.4,diesel,120,19.3,2,0,1.95,1.48,1
20240927_me_ircio,miranda_de_ebro,me_ircio,9,13.9,55,apartment,2.7,electric,400,2.3,2,0,1.74,1.41,1
20240927_me_industrial_norte,miranda_de_ebro,me_industrial_norte,9,13.5,40,terraced_house,3.1,diesel,700,-11.3,2,0,2.52,1.96,0
20240927_me_bayas,miranda_de_ebro,me_bayas,9,15.9,50,detached_house,3.4,butane_lpg,1600,17.7,2,0,1.97,1.52,0
20240928_rv_centro,rincon_de_la_victoria,rv_centro,9,19.3,58,apartment,2.6,electric,150,6.6,1,0,1.45,1.15,0
20240928_rv_torre_benagalbon,rincon_de_la_victoria,rv_torre_benagalbon,9,19.7,52,apartment,2.8,butane_lpg,650,11.3,1,0,1.4,1.1,0
20240928_rv_cala_del_moral,rincon_de_la_victoria,rv_cala_del_moral,9,18.8,72,detached_house,3.0,electric,900,-5.9,2,0,1.73,1.34,0
20240928_rv_benagalbon_pueblo,rincon_de_la_victoria,rv_benagalbon_pueblo,9,20.6,44,terraced_house,3.2,none,1800,4.8,1,0,1.96,1.53,0
20240928_me_casco_historico,miranda_de_ebro,me_casco_historico,9,15.6,48,apartment,2.4,diesel,120,12.5,0,0,1.24,0.99,1
20240928_me_ircio,miranda_de_ebro,me_ircio,9,11.9,55,apartment,2.7,electric,400,-0.4,1,0,2.8,2.15,0
20240928_me_industrial_norte,miranda_de_ebro,me_industrial_norte,9,15.5,40,terraced_house,3.1,diesel,700,22.5,1,0,1.68,1.23,0
20240928_me_bayas,miranda_de_ebro,me_bayas,9,14.0,50,detached_house,3.4,butane_lpg,1600,5.8,1,0,2.67,2.08,0
20240929_rv_centro,rincon_de_la_victoria,rv_centro,9,21.9,58,apartment,2.6,electric,150,6.9,2,1,1.34,1.12,0
20240929_rv_torre_benagalbon,rincon_de_la_victoria,rv_torre_benagalbon,9,18.2,52,apartment,2.8,butane_lpg,650,11.2,3,0,1.46,1.14,1
20240929_rv_cala_del_moral,rincon_de_la_victoria,rv_cala_del_moral,9,21.0,72,detached_house,3.0,electric,900,18.3,1,0,1.85,1.46,1
20240929_rv_benagalbon_pueblo,rincon_de_la_victoria,rv_benagalbon_pueblo,9,20.0,44,terraced_house,3.2,none,1800,17.8,1,0,2.49,1.93,0
20240929_me_casco_historico,miranda_de_ebro,me_casco_historico,9,11.6,48,apartment,2.4,diesel,120,10.5,1,0,2.27,1.71,0
20240929_me_ircio,miranda_de_ebro,me_ircio,9,14.5,55,apartment,2.7,electric,400,7.9,2,0,2.4,1.9,0
20240929_me_industrial_norte,miranda_de_ebro,me_industrial_norte,9,15.0,40,terraced_house,3.1,diesel,700,-11.9,4,0,1.81,1.38,0
20240929_me_bayas,miranda_de_ebro,me_bayas,9,13.3,50,detached_house,3.4,butane_lpg,1600,14.5,2,0,3.93,3.12,0
20240930_rv_centro,rincon_de_la_victoria,rv_centro,9,18.8,58,apartment,2.6,electric,150,4.9,2,0,1.46,1.12,0
20240930_rv_torre_benagalbon,rincon_de_la_victoria,rv_torre_benagalbon,9,16.7,52,apartment,2.8,butane_lpg,650,8.5,2,0,1.67,1.27,1
20240930_rv_cala_del_moral,rincon_de_la_victoria,rv_cala_del_moral,9,19.8,72,detached_house,3.0,electric,900,-5.2,3,0,1.46,1.15,0
20240930_rv_benagalbon_pueblo,rincon_de_la_victoria,rv_benagalbon_pueblo,9,17.4,44,terraced_house,3.2,none,1800,-15.2,2,0,2.07,1.65,0
20240930_me_casco_historico,miranda_de_ebro,me_casco_historico,9,12.7,48,apartment,2.4,diesel,120,21.1,2,0,2.16,1.58,1
20240930_me_ircio,miranda_de_ebro,me_ircio,9,14.7,55,apartment,2.7,electric,400,-3.9,1,0,1.98,1.59,0
20240930_me_industrial_norte,miranda_de_ebro,me_industrial_norte,9,13.2,40,terraced_house,3.1,diesel,700,9.5,2,1,2.66,2.09,0
20240930_me_bayas,miranda_de_ebro,me_bayas,9,12.0,50,detached_house,3.4,butane_lpg,1600,-0.9,2,1,2.99,2.35,0
20241001_rv_centro,rincon_de_la_victoria,rv_centro,10,18.4,58,apartment,2.6,electric,150,14.1,1,0,1.38,1.12,0
20241001_rv_torre_benagalbon,rincon_de_la_victoria,rv_torre_benagalbon,10,20.6,52,apartment,2.8,butane_lpg,650,9.3,1,0,1.44,1.12,0
20241001_rv_cala_del_moral,rincon_de_la_victoria,rv_cala_del_moral,10,21.7,72,detached_house,3.0,electric,900,5.0,1,0,1.97,1.5,0
20241001_rv_benagalbon_pueblo,rincon_de_la_victoria,rv_benagalbon_pueblo,10,20.3,44,terraced_house,3.2,none,1800,-1.1,3,0,2.38,1.84,0
20241001_me_casco_historico,miranda_de_ebro,me_casco_historico,10,11.6,48,apartment,2.4,diesel,120,-3.1,0,0,2.41,2.0,0
20241001_me_ircio,miranda_de_ebro,me_ircio,10,14.3,55,apartment,2.7,electric,400,18.6,1,0,2.49,1.95,1
20241001_me_industrial_norte,miranda_de_ebro,me_industrial_norte,10,13.9,40,terraced_house,3.1,diesel,700,-5.4,4,0,2.35,1.77,0
20241001_me_bayas,miranda_de_ebro,me_bayas,10,11.5,50,detached_house,3.4,butane_lpg,1600,3.2,6,0,3.25,2.53,0
20241002_rv_centro,rincon_de_la_victoria,rv_centro,10,18.4,58,apartment,2.6,electric,150,6.1,5,0,1.55,1.21,1
20241002_rv_torre_benagalbon,rincon_de_la_victoria,rv_torre_benagalbon,10,19.6,52,apartment,2.8,butane_lpg,650,-0.4,5,0,1.61,1.26,0
20241002_rv_cala_del_moral,rincon_de_la_victoria,rv_cala_del_moral,10,18.9,72,detached_house,3.0,electric,900,8.0,5,0,1.27,0.97,0
20241002_rv_benagalbon_pueblo,rincon_de_la_victoria,rv_benagalbon_pueblo,10,19.7,44,terraced_house,3.2,none,1800,15.6,3,0,2.34,1.72,0
20241002_me_casco_historico,miranda_de_ebro,me_casco_historico,10,14.9,48,apartment,2.4,diesel,120,24.7,4,0,1.49,1.15,1
20241002_me_ircio,miranda_de_ebro,me_ircio,10,12.5,55,apartment,2.7,electric,400,14.1,1,0,2.14,1.68,1
20241002_me_industrial_norte,miranda_de_ebro,me_industrial_norte,10,11.6,40,terraced_house,3.1,diesel,700,5.1,3,0,2.82,2.25,0
20241002_me_bayas,miranda_de_ebro,me_bayas,10,14.1,50,detached_house,3.4,butane_lpg,1600,14.0,3,0,2.79,2.28,0
20241003_rv_centro,rincon_de_la_victoria,rv_centro,10,19.8,58,apartment,2.6,electric,150,1.8,0,0,1.49,1.17,0
20241003_rv_torre_benagalbon,rincon_de_la_victoria,rv_torre_benagalbon,10,19.5,52,apartment,2.8,butane_lpg,650,10.7,1,0,1.68,1.3,0
20241003_rv_cala_del_moral,rincon_de_la_victoria,rv_cala_del_moral,10,21.6,72,detached_house,3.0,electric,900,-6.9,1,1,1.37,1.06,1
20241003_rv_benagalbon_pueblo,rincon_de_la_victoria,rv_benagalbon_pueblo,10,20.0,44,terraced_house,3.2,none,1800,14.7,2,0,2.06,1.69,0
20241003_me_casco_historico,miranda_de_ebro,me_casco_historico,10,11.2,48,apartment,2.4,diesel,120,-1.6,2,0,2.38,1.89,0
20241003_me_ircio,miranda_de_ebro,me_ircio,10,11.7,55,apartment,2.7,electric,400,2.6,2,1,3.13,2.47,1
20241003_me_industrial_norte,miranda_de_ebro,me_industrial_norte,10,12.3,40,terraced_house,3.1,diesel,700,16.1,4,0,3.57,2.8,0
20241003_me_bayas,miranda_de_ebro,me_bayas,10,13.1,50,detached_house,3.4,butane_lpg,1600,7.3,2,0,4.09,3.23,0
20241004_rv_centro,rincon_de_la_victoria,rv_centro,10,20.4,58,apartment,2.6,electric,150,-0.3,4,0,1.88,1.38,0
20241004_rv_torre_benagalbon,rincon_de_la_victoria,rv_torre_benagalbon,10,20.9,52,apartment,2.8,butane_lpg,650,-2.8,2,0,1.85,1.43,0
20241004_rv_cala_del_moral,rincon_de_la_victoria,rv_cala_del_moral,10,17.1,72,detached_house,3.0,electric,900,9.9,6,0,1.96,1.57,0
20241004_rv_benagalbon_pueblo,rincon_de_la_victoria,rv_benagalbon_pueblo,10,18.9,44,terraced_house,3.2,none,1800,-14.6,4,0,2.26,1.77,0
20241004_me_casco_historico,miranda_de_ebro,me_casco_historico,10,12.2,48,apartment,2.4,diesel,120,2.7,4,0,1.8,1.33,0
20241004_me_ircio,miranda_de_ebro,me_ircio,10,11.4,55,apartment,2.7,electric,400,-4.2,4,0,2.54,2.0,1
20241004_me_industrial_norte,miranda_de_ebro,me_industrial_norte,10,12.2,40,terraced_house,3.1,diesel,700,-13.8,2,0,3.5,2.68,1
20241004_me_bayas,miranda_de_ebro,me_bayas,10,10.6,50,detached_house,3.4,butane_lpg,1600,7.9,1,1,5.83,4.68,0
20241005_rv_centro,rincon_de_la_victoria,rv_centro,10,19.0,58,apartment,2.6,electric,150,-8.7,3,0,1.24,0.96,0
20241005_rv_torre_benagalbon,rincon_de_la_victoria,rv_torre_benagalbon,10,19.0,52,apartment,2.8,butane_lpg,650,7.8,3,0,1.82,1.26,0
20241005_rv_cala_del_moral,rincon_de_la_victoria,rv_cala_del_moral,10,16.9,72,detached_house,3.0,electric,900,-19.1,5,0,1.53,1.25,0
20241005_rv_benagalbon_pueblo,rincon_de_la_victoria,rv_benagalbon_pueblo,10,19.4,44,terraced_house,3.2,none,1800,6.3,6,0,2.13,1.66,0
20241005_me_casco_historico,miranda_de_ebro,me_casco_historico,10,11.9,48,apartment,2.4,diesel,120,-6.5,0,1,1.94,1.46,1
20241005_me_ircio,miranda_de_ebro,me_ircio,10,14.6,55,apartment,2.7,electric,400,20.2,2,0,1.96,1.55,0
20241005_me_industrial_norte,miranda_de_ebro,me_industrial_norte,10,13.3,40,terraced_house,3.1,diesel,700,-3.6,2,0,3.23,2.55,0
20241005_me_bayas,miranda_de_ebro,me_bayas,10,11.5,50,detached_house,3.4,butane_lpg,1600,-7.6,1,0,3.84,3.09,0
20241006_rv_centro,rincon_de_la_victoria,rv_centro,10,18.0,58,apartment,2.6,electric,150,3.4,3,0,1.54,1.23,1
20241006_rv_torre_benagalbon,rincon_de_la_victoria,rv_torre_benagalbon,10,19.6,52,apartment,2.8,butane_lpg,650,-3.4,1,1,1.86,1.49,0
20241006_rv_cala_del_moral,rincon_de_la_victoria,rv_cala_del_moral,10,17.5,72,detached_house,3.0,electric,900,23.7,3,0,1.41,1.11,1
20241006_rv_benagalbon_pueblo,rincon_de_la_victoria,rv_benagalbon_pueblo,10,19.4,44,terraced_house,3.2,none,1800,13.6,4,0,2.08,1.48,0
20241006_me_casco_historico,miranda_de_ebro,me_casco_historico,10,11.5,48,apartment,2.4,diesel,120,-7.7,1,0,2.68,2.05,1
20241006_me_ircio,miranda_de_ebro,me_ircio,10,11.7,55,apartment,2.7,electric,400,15.9,1,0,2.17,1.74,0
20241006_me_industrial_norte,miranda_de_ebro,me_industrial_norte,10,10.9,40,terraced_house,3.1,diesel,700,5.8,1,0,3.05,2.39,0
20241006_me_bayas,miranda_de_ebro,me_bayas,10,11.0,50,detached_house,3.4,butane_lpg,1600,-1.3,0,0,4.53,3.44,0
20241007_rv_centro,rincon_de_la_victoria,rv_centro,10,19.3,58,apartment,2.6,electric,150,-7.2,2,0,1.11,0.84,1
20241007_rv_torre_benagalbon,rincon_de_la_victoria,rv_torre_benagalbon,10,18.3,52,apartment,2.8,butane_lpg,650,5.4,6,0,1.93,1.58,0
20241007_rv_cala_del_moral,rincon_de_la_victoria,rv_cala_del_moral,10,17.3,72,detached_house,3.0,electric,900,6.4,2,0,1.61,1.2,0
20241007_rv_benagalbon_pueblo,rincon_de_la_victoria,rv_benagalbon_pueblo,10,21.3,44,terraced_house,3.2,none,1800,-12.4,3,0,1.96,1.53,0
20241007_me_casco_historico,miranda_de_ebro,me_casco_historico,10,11.9,48,apartment,2.4,diesel,120,7.5,2,0,2.86,2.2,0
20241007_me_ircio,miranda_de_ebro,me_ircio,10,10.1,55,apartment,2.7,electric,400,10.8,2,0,3.23,2.59,0
20241007_me_industrial_norte,miranda_de_ebro,me_industrial_norte,10,14.4,40,terraced_house,3.1,diesel,700,-7.5,3,1,2.4,1.88,1
20241007_me_bayas,miranda_de_ebro,me_bayas,10,11.5,50,detached_house,3.4,butane_lpg,1600,5.3,3,0,2.62,1.96,0
20241008_rv_centro,rincon_de_la_victoria,rv_centro,10,19.1,58,apartment,2.6,electric,150,8.2,2,0,1.3,1.1,0
20241008_rv_torre_benagalbon,rincon_de_la_victoria,rv_torre_benagalbon,10,20.2,52,apartment,2.8,butane_lpg,650,-7.6,0,1,1.18,0.96,0
20241008_rv_cala_del_moral,rincon_de_la_victoria,rv_cala_del_moral,10,19.7,72,detached_house,3.0,electric,900,9.0,2,0,1.34,0.96,0
20241008_rv_benagalbon_pueblo,rincon_de_la_victoria,rv_benagalbon_pueblo,10,20.3,44,terraced_house,3.2,none,1800,-7.7,3,0,1.86,1.32,0
20241008_me_casco_historico,miranda_de_ebro,me_casco_historico,10,12.3,48,apartment,2.4,diesel,120,1.7,0,0,1.86,1.41,1
20241008_me_ircio,miranda_de_ebro,me_ircio,10,10.9,55,apartment,2.7,electric,400,3.6,5,0,2.96,2.41,0
20241008_me_industrial_norte,miranda_de_ebro,me_industrial_norte,10,12.7,40,terraced_house,3.1,diesel,700,6.8,1,0,2.92,2.31,0
20241008_me_bayas,miranda_de_ebro,me_bayas,10,9.8,50,detached_house,3.4,butane_lpg,1600,-0.4,1,0,4.0,3.14,0
20241009_rv_centro,rincon_de_la_victoria,rv_centro,10,19.8,58,apartment,2.6,electric,150,-7.9,1,0,1.85,1.52,1
20241009_rv_torre_benagalbon,rincon_de_la_victoria,rv_torre_benagalbon,10,16.5,52,apartment,2.8,butane_lpg,650,5.7,3,1,1.67,1.32,0
20241009_rv_cala_del_moral,rincon_de_la_victoria,rv_cala_del_moral,10,18.5,72,detached_house,3.0,electric,900,2.4,2,0,1.95,1.45,0
20241009_rv_benagalbon_pueblo,rincon_de_la_victoria,rv_benagalbon_pueblo,10,19.6,44,terraced_house,3.2,none,1800,-1.1,0,1,1.48,1.11,0
20241009_me_casco_historico,miranda_de_ebro,me_casco_historico,10,10.8,48,apartment,2.4,diesel,120,5.6,3,0,1.99,1.61,1
20241009_me_ircio,miranda_de_ebro,me_ircio,10,14.3,55,apartment,2.7,electric,400,-0.8,1,0,1.7,1.3,0
20241009_me_industrial_norte,miranda_de_ebro,me_industrial_norte,10,13.1,40,terraced_house,3.1,diesel,700,12.1,0,0,2.11,1.62,0
20241009_me_bayas,miranda_de_ebro,me_bayas,10,11.7,50,detached_house,3.4,butane_lpg,1600,20.1,0,0,2.72,2.01,0
20241010_rv_centro,rincon_de_la_victoria,rv_centro,10,19.9,58,apartment,2.6,electric,150,4.0,0,0,1.31,1.08,0
20241010_rv_torre_benagalbon,rincon_de_la_victoria,rv_torre_benagalbon,10,19.0,52,apartment,2.8,butane_lpg,650,14.0,2,0,1.54,1.19,0
20241010_rv_cala_del_moral,rincon_de_la_victoria,rv_cala_del_moral,10,17.4,72,detached_house,3.0,electric,900,16.5,3,0,1.74,1.36,1
20241010_rv_benagalbon_pueblo,rincon_de_la_victoria,rv_benagalbon_pueblo,10,19.1,44,terraced_house,3.2,none,1800,6.3,4,0,1.86,1.49,0
20241010_me_casco_historico,miranda_de_ebro,me_casco_historico,10,11.9,48,apartment,2.4,diesel,120,1.0,1,0,3.27,2.67,0
20241010_me_ircio,miranda_de_ebro,me_ircio,10,13.3,55,apartment,2.7,electric,400,3.1,6,0,1.97,1.55,0
20241010_me_industrial_norte,miranda_de_ebro,me_industrial_norte,10,9.8,40,terraced_house,3.1,diesel,700,-6.6,1,1,4.38,3.33,0
20241010_me_bayas,miranda_de_ebro,me_bayas,10,12.2,50,detached_house,3.4,butane_lpg,1600,7.1,1,0,3.75,3.07,0
20241011_rv_centro,rincon_de_la_victoria,rv_centro,10,17.9,58,apartment,2.6,electric,150,7.5,3,0,1.42,1.13,1
20241011_rv_torre_benagalbon,rincon_de_la_victoria,rv_torre_benagalbon,10,18.1,52,apartment,2.8,butane_lpg,650,30.6,2,0,2.04,1.63,0
20241011_rv_cala_del_moral,rincon_de_la_victoria,rv_cala_del_moral,10,18.1,72,detached_house,3.0,electric,900,0.2,3,1,1.4,1.15,0
20241011_rv_benagalbon_pueblo,rincon_de_la_victoria,rv_benagalbon_pueblo,10,19.4,44,terraced_house,3.2,none,1800,-6.4,4,1,2.0,1.55,0
20241011_me_casco_historico,miranda_de_ebro,me_casco_historico,10,11.2,48,apartment,2.4,diesel,120,20.0,1,0,2.68,2.05,0
20241011_me_ircio,miranda_de_ebro,me_ircio,10,11.8,55,apartment,2.7,electric,400,4.8,0,0,2.6,1.87,1
20241011_me_industrial_norte,miranda_de_ebro,me_industrial_norte,10,11.4,40,terraced_house,3.1,diesel,700,-5.5,0,0,3.3,2.55,0
20241011_me_bayas,miranda_de_ebro,me_bayas,10,12.5,50,detached_house,3.4,butane_lpg,1600,2.6,1,0,2.95,2.31,0
20241012_rv_centro,rincon_de_la_victoria,rv_centro,10,19.3,58,apartment,2.6,electric,150,-3.2,2,0,1.23,0.92,0
20241012_rv_torre_benagalbon,rincon_de_la_victoria,rv_torre_benagalbon,10,18.7,52,apartment,2.8,butane_lpg,650,-13.0,2,0,1.47,1.09,0
20241012_rv_cala_del_moral,rincon_de_la_victoria,rv_cala_del_moral,10,18.0,72,detached_house,3.0,electric,900,-3.2,2,0,1.39,1.07,0
20241012_rv_benagalbon_pueblo,rincon_de_la_victoria,rv_benagalbon_pueblo,10,19.1,44,terraced_house,3.2,none,1800,9.7,3,0,1.99,1.48,0
20241012_me_casco_historico,miranda_de_ebro,me_casco_historico,10,11.8,48,apartment,2.4,diesel,120,-2.9,1,0,1.9,1.54,0
20241012_me_ircio,miranda_de_ebro,me_ircio,10,10.3,55,apartment,2.7,electric,400,2.9,1,1,3.47,2.46,0
20241012_me_industrial_norte,miranda_de_ebro,me_industrial_norte,10,9.2,40,terraced_house,3.1,diesel,700,11.5,2,0,3.52,2.76,1
20241012_me_bayas,miranda_de_ebro,me_bayas,10,10.0,50,detached_house,3.4,butane_lpg,1600,-12.2,3,0,4.2,3.39,0
20241013_rv_centro,rincon_de_la_victoria,rv_centro,10,18.0,58,apartment,2.6,electric,150,1.9,1,0,1.44,1.15,0
20241013_rv_torre_benagalbon,rincon_de_la_victoria,rv_torre_benagalbon,10,20.1,52,apartment,2.8,butane_lpg,650,-20.5,4,0,1.6,1.18,1
20241013_rv_cala_del_moral,rincon_de_la_victoria,rv_cala_del_moral,10,20.1,72,detached_house,3.0,electric,900,6.8,2,0,1.55,1.18,0
20241013_rv_benagalbon_pueblo,rincon_de_la_victoria,rv_benagalbon_pueblo,10,16.9,44,terraced_house,3.2,none,1800,7.0,5,0,2.06,1.61,0
20241013_me_casco_historico,miranda_de_ebro,me_casco_historico,10,12.5,48,apartment,2.4,diesel,120,14.6,1,0,2.24,1.83,0
20241013_me_ircio,miranda_de_ebro,me_ircio,10,11.0,55,apartment,2.7,electric,400,8.1,1,0,2.6,2.01,0
20241013_me_industrial_norte,miranda_de_ebro,me_industrial_norte,10,12.9,40,terraced_house,3.1,diesel,700,6.2,0,0,3.17,2.42,1
20241013_me_bayas,miranda_de_ebro,me_bayas,10,9.7,50,detached_house,3.4,butane_lpg,1600,0.4,3,0,4.65,3.48,0
20241014_rv_centro,rincon_de_la_victoria,rv_centro,10,17.8,58,apartment,2.6,electric,150,-6.1,1,0,1.22,0.93,0
20241014_rv_torre_benagalbon,rincon_de_la_victoria,rv_torre_benagalbon,10,18.0,52,apartment,2.8,butane_lpg,650,20.1,0,0,1.38,1.07,0
20241014_rv_cala_del_moral,rincon_de_la_victoria,rv_cala_del_moral,10,19.2,72,detached_house,3.0,electric,900,4.2,3,0,1.69,1.31,0
20241014_rv_benagalbon_pueblo,rincon_de_la_victoria,rv_benagalbon_pueblo,10,18.2,44,terraced_house,3.2,none,1800,7.3,3,0,1.92,1.42,0
20241014_me_casco_historico,miranda_de_ebro,me_casco_historico,10,10.6,48,apartment,2.4,diesel,120,10.4,2,1,2.52,2.06,0
20241014_me_ircio,miranda_de_ebro,me_ircio,10,11.3,55,apartment,2.7,electric,400,-8.9,4,0,3.06,2.38,1
20241014_me_industrial_norte,miranda_de_ebro,me_industrial_norte,10,10.8,40,terraced_house,3.1,diesel,700,6.9,1,0,3.43,2.75,0
20241014_me_bayas,miranda_de_ebro,me_bayas,10,10.0,50,detached_house,3.4,butane_lpg,1600,-1.1,1,0,4.41,3.4,0
20241015_rv_centro,rincon_de_la_victoria,rv_centro,10,18.1,58,apartment,2.6,electric,150,12.6,1,0,1.39,1.07,1
20241015_rv_torre_benagalbon,rincon_de_la_victoria,rv_torre_benagalbon,10,15.7,52,apartment,2.8,butane_lpg,650,2.1,1,0,1.57,1.29,1
20241015_rv_cala_del_moral,rincon_de_la_victoria,rv_cala_del_moral,10,17.4,72,detached_house,3.0,electric,900,7.6,1,0,1.91,1.41,0
20241015_rv_benagalbon_pueblo,rincon_de_la_victoria,rv_benagalbon_pueblo,10,17.2,44,terraced_house,3.2,none,1800,20.6,4,1,2.17,1.74,0
20241015_me_casco_historico,miranda_de_ebro,me_casco_historico,10,11.5,48,apartment,2.4,diesel,120,12.5,5,0,2.14,1.68,1
20241015_me_ircio,miranda_de_ebro,me_ircio,10,9.3,55,apartment,2.7,electric,400,23.2,4,0,3.02,2.39,0
20241015_me_industrial_norte,miranda_de_ebro,me_industrial_norte,10,10.8,40,terraced_house,3.1,diesel,700,0.3,1,0,3.89,2.81,0
20241015_me_bayas,miranda_de_ebro,me_bayas,10,12.5,50,detached_house,3.4,butane_lpg,1600,-8.3,2,0,4.5,3.44,0
20241016_rv_centro,rincon_de_la_victoria,rv_centro,10,17.1,58,apartment,2.6,electric,150,-2.3,1,0,1.27,0.99,1
20241016_rv_torre_benagalbon,rincon_de_la_victoria,rv_torre_benagalbon,10,16.9,52,apartment,2.8,butane_lpg,650,30.0,1,0,1.43,1.02,0
20241016_rv_cala_del_moral,rincon_de_la_victoria,rv_cala_del_moral,10,17.2,72,detached_house,3.0,electric,900,-2.6,1,0,1.42,1.14,0
20241016_rv_benagalbon_pueblo,rincon_de_la_victoria,rv_benagalbon_pueblo,10,19.4,44,terraced_house,3.2,none,1800,-8.0,4,0,2.01,1.59,0
20241016_me_casco_historico,miranda_de_ebro,me_casco_historico,10,10.6,48,apartment,2.4,diesel,120,-5.5,0,1,3.85,2.74,0
20241016_me_ircio,miranda_de_ebro,me_ircio,10,12.0,55,apartment,2.7,electric,400,-1.2,3,0,1.98,1.53,1
20241016_me_industrial_norte,miranda_de_ebro,me_industrial_norte,10,10.8,40,terraced_house,3.1,diesel,700,-2.5,2,0,3.34,2.71,0
20241016_me_bayas,miranda_de_ebro,me_bayas,10,13.0,50,detached_house,3.4,butane_lpg,1600,-3.1,7,0,3.48,2.8,0
20241017_rv_centro,rincon_de_la_victoria,rv_centro,10,16.6,58,apartment,2.6,electric,150,-2.1,1,0,1.46,1.1,0
20241017_rv_torre_benagalbon,rincon_de_la_victoria,rv_torre_benagalbon,10,17.4,52,apartment,2.8,butane_lpg,650,-0.4,4,0,1.77,1.44,0
20241017_rv_cala_del_moral,rincon_de_la_victoria,rv_cala_del_moral,10,18.8,72,detached_house,3.0,electric,900,15.8,1,0,2.27,1.86,1
20241017_rv_benagalbon_pueblo,rincon_de_la_victoria,rv_benagalbon_pueblo,10,20.8,44,terraced_house,3.2,none,1800,10.0,2,0,2.42,1.85,0
20241017_me_casco_historico,miranda_de_ebro,me_casco_historico,10,11.0,48,apartment,2.4,diesel,120,9.6,5,0,2.31,1.81,0
20241017_me_ircio,miranda_de_ebro,me_ircio,10,9.3,55,apartment,2.7,electric,400,-1.1,6,0,2.35,1.84,0
20241017_me_industrial_norte,miranda_de_ebro,me_industrial_norte,10,10.3,40,terraced_house,3.1,diesel,700,5.2,3,0,3.73,3.07,1
20241017_me_bayas,miranda_de_ebro,me_bayas,10,9.8,50,detached_house,3.4,butane_lpg,1600,-11.4,1,1,3.74,3.02,0
20241018_rv_centro,rincon_de_la_victoria,rv_centro,10,19.0,58,apartment,2.6,electric,150,-4.6,1,0,1.11,0.82,0
20241018_rv_torre_benagalbon,rincon_de_la_victoria,rv_torre_benagalbon,10,16.6,52,apartment,2.8,butane_lpg,650,5.9,6,0,1.51,1.14,1
20241018_rv_cala_del_moral,rincon_de_la_victoria,rv_cala_del_moral,10,14.9,72,detached_house,3.0,electric,900,15.9,2,0,1.57,1.2,0
20241018_rv_benagalbon_pueblo,rincon_de_la_victoria,rv_benagalbon_pueblo,10,17.6,44,terraced_house,3.2,none,1800,-11.7,3,0,1.71,1.23,0
20241018_me_casco_historico,miranda_de_ebro,me_casco_historico,10,9.1,48,apartment,2.4,diesel,120,-14.4,0,0,2.72,2.11,0
20241018_me_ircio,miranda_de_ebro,me_ircio,10,10.6,55,apartment,2.7,electric,400,-7.7,4,0,2.33,1.85,0
20241018_me_industrial_norte,miranda_de_ebro,me_industrial_norte,10,9.8,40,terraced_house,3.1,diesel,700,16.5,3,0,4.41,3.33,1
20241018_me_bayas,miranda_de_ebro,me_bayas,10,12.3,50,detached_house,3.4,butane_lpg,1600,21.8,0,0,3.2,2.55,0
20241019_rv_centro,rincon_de_la_victoria,rv_centro,10,17.2,58,apartment,2.6,electric,150,-12.3,3,0,1.68,1.27,0
20241019_rv_torre_benagalbon,rincon_de_la_victoria,rv_torre_benagalbon,10,16.6,52,apartment,2.8,butane_lpg,650,11.9,5,0,1.22,0.94,0
20241019_rv_cala_del_moral,rincon_de_la_victoria,rv_cala_del_moral,10,13.2,72,detached_house,3.0,electric,900,-2.7,0,0,2.32,1.79,0
20241019_rv_benagalbon_pueblo,rincon_de_la_victoria,rv_benagalbon_pueblo,10,19.4,44,terraced_house,3.2,none,1800,-7.5,3,0,2.34,1.8,0
20241019_me_casco_historico,miranda_de_ebro,me_casco_historico,10,9.4,48,apartment,2.4,diesel,120,8.4,2,0,3.51,2.72,0
20241019_me_ircio,miranda_de_ebro,me_ircio,10,10.5,55,apartment,2.7,electric,400,-16.9,2,0,2.36,1.74,0
20241019_me_industrial_norte,miranda_de_ebro,me_industrial_norte,10,10.3,40,terraced_house,3.1,diesel,700,3.1,0,0,2.79,2.2,0
20241019_me_bayas,miranda_de_ebro,me_bayas,10,11.5,50,detached_house,3.4,butane_lpg,1600,-6.2,3,0,2.65,2.17,0
20241020_rv_centro,rincon_de_la_victoria,rv_centro,10,15.9,58,apartment,2.6,electric,150,-2.5,4,0,1.44,1.15,1
20241020_rv_torre_benagalbon,rincon_de_la_victoria,rv_torre_benagalbon,10,18.5,52,apartment,2.8,butane_lpg,650,-5.0,3,0,1.38,1.1,0
20241020_rv_cala_del_moral,rincon_de_la_victoria,rv_cala_del_moral,10,15.9,72,detached_house,3.0,electric,900,6.2,3,0,1.46,1.15,1
20241020_rv_benagalbon_pueblo,rincon_de_la_victoria,rv_benagalbon_pueblo,10,19.0,44,terraced_house,3.2,none,1800,9.3,1,0,2.5,1.98,0
20241020_me_casco_historico,miranda_de_ebro,me_casco_historico,10,10.6,48,apartment,2.4,diesel,120,13.9,2,0,2.78,2.14,1
20241020_me_ircio,miranda_de_ebro,me_ircio,10,11.7,55,apartment,2.7,electric,400,-9.0,2,0,2.4,1.87,1
20241020_me_industrial_norte,miranda_de_ebro,me_industrial_norte,10,9.3,40,terraced_house,3.1,diesel,700,16.6,0,0,4.45,3.5,0
20241020_me_bayas,miranda_de_ebro,me_bayas,10,9.5,50,detached_house,3.4,butane_lpg,1600,0.8,2,0,3.9,3.14,0
20241021_rv_centro,rincon_de_la_victoria,rv_centro,10,17.3,58,apartment,2.6,electric,150,0.7,5,0,1.27,0.96,0
20241021_rv_torre_benagalbon,rincon_de_la_victoria,rv_torre_benagalbon,10,17.7,52,apartment,2.8,butane_lpg,650,-12.0,4,0,1.44,1.1,0
20241021_rv_cala_del_moral,rincon_de_la_victoria,rv_cala_del_moral,10,18.1,72,detached_house,3.0,electric,900,3.9,3,0,1.53,1.15,0
20241021_rv_benagalbon_pueblo,rincon_de_la_victoria,rv_benagalbon_pueblo,10,17.1,44,terraced_house,3.2,none,1800,-9.1,1,0,2.35,1.91,0
20241021_me_casco_historico,miranda_de_ebro,me_casco_historico,10,11.7,48,apartment,2.4,diesel,120,-0.8,4,0,2.59,2.08,0
20241021_me_ircio,miranda_de_ebro,me_ircio,10,9.9,55,apartment,2.7,electric,400,-9.7,2,0,2.9,2.02,0
20241021_me_industrial_norte,miranda_de_ebro,me_industrial_norte,10,8.4,40,terraced_house,3.1,diesel,700,-24.2,2,0,4.39,3.3,0
20241021_me_bayas,miranda_de_ebro,me_bayas,10,10.7,50,detached_house,3.4,butane_lpg,1600,3.1,0,0,3.95,3.16,0
20241022_rv_centro,rincon_de_la_victoria,rv_centro,10,17.4,58,apartment,2.6,electric,150,-3.2,3,0,1.57,1.25,0
20241022_rv_torre_benagalbon,rincon_de_la_victoria,rv_torre_benagalbon,10,18.5,52,apartment,2.8,butane_lpg,650,8.3,0,0,1.35,1.05,0
20241022_rv_cala_del_moral,rincon_de_la_victoria,rv_cala_del_moral,10,18.0,72,detached_house,3.0,electric,900,3.8,2,0,1.67,1.39,1
20241022_rv_benagalbon_pueblo,rincon_de_la_victoria,rv_benagalbon_pueblo,10,16.1,44,terraced_house,3.2,none,1800,2.4,1,0,2.1,1.81,0
20241022_me_casco_historico,miranda_de_ebro,me_casco_historico,10,9.7,48,apartment,2.4,diesel,120,8.5,4,0,2.62,2.0,1
20241022_me_ircio,miranda_de_ebro,me_ircio,10,8.4,55,apartment,2.7,electric,400,3.6,0,0,4.05,3.24,0
20241022_me_industrial_norte,miranda_de_ebro,me_industrial_norte,10,9.2,40,terraced_house,3.1,diesel,700,8.0,0,0,4.19,3.52,0
20241022_me_bayas,miranda_de_ebro,me_bayas,10,6.9,50,detached_house,3.4,butane_lpg,1600,27.7,5,0,5.58,4.47,0
20241023_rv_centro,rincon_de_la_victoria,rv_centro,10,19.3,58,apartment,2.6,electric,150,2.5,0,0,1.52,1.22,0
20241023_rv_torre_benagalbon,rincon_de_la_victoria,rv_torre_benagalbon,10,15.3,52,apartment,2.8,butane_lpg,650,-0.4,6,0,1.72,1.25,0
20241023_rv_cala_del_moral,rincon_de_la_victoria,rv_cala_del_moral,10,17.8,72,detached_house,3.0,electric,900,7.9,4,0,1.43,1.03,0
20241023_rv_benagalbon_pueblo,rincon_de_la_victoria,rv_benagalbon_pueblo,10,16.0,44,terraced_house,3.2,none,1800,14.2,3,0,2.09,1.66,1
20241023_me_casco_historico,miranda_de_ebro,me_casco_historico,10,11.1,48,apartment,2.4,diesel,120,9.4,2,0,2.25,1.77,0
20241023_me_ircio,miranda_de_ebro,me_ircio,10,8.2,55,apartment,2.7,electric,400,4.1,1,0,3.74,3.09,0
20241023_me_industrial_norte,miranda_de_ebro,me_industrial_norte,10,10.1,40,terraced_house,3.1,diesel,700,11.5,1,0,3.79,3.14,0
20241023_me_bayas,miranda_de_ebro,me_bayas,10,6.3,50,detached_house,3.4,butane_lpg,1600,-3.4,3,1,5.33,3.83,0
20241024_rv_centro,rincon_de_la_victoria,rv_centro,10,17.3,58,apartment,2.6,electric,150,2.6,4,0,1.23,0.92,0
20241024_rv_torre_benagalbon,rincon_de_la_victoria,rv_torre_benagalbon,10,17.4,52,apartment,2.8,butane_lpg,650,8.9,2,1,1.43,1.1,1
20241024_rv_cala_del_moral,rincon_de_la_victoria,rv_cala_del_moral,10,16.8,72,detached_house,3.0,electric,900,7.2,2,0,1.58,1.18,0
20241024_rv_benagalbon_pueblo,rincon_de_la_victoria,rv_benagalbon_pueblo,10,16.5,44,terraced_house,3.2,none,1800,5.9,1,0,1.97,1.54,0
20241024_me_casco_historico,miranda_de_ebro,me_casco_historico,10,11.3,48,apartment,2.4,diesel,120,-7.1,0,0,2.41,1.87,0
20241024_me_ircio,miranda_de_ebro,me_ircio,10,9.5,55,apartment,2.7,electric,400,-11.6,2,0,2.86,2.24,0
20241024_me_industrial_norte,miranda_de_ebro,me_industrial_norte,10,8.1,40,terraced_house,3.1,diesel,700,9.9,4,0,4.04,3.0,1
20241024_me_bayas,miranda_de_ebro,me_bayas,10,7.6,50,detached_house,3.4,butane_lpg,1600,13.3,1,0,4.36,3.32,0
20241025_rv_centro,rincon_de_la_victoria,rv_centro,10,15.8,58,apartment,2.6,electric,150,19.3,2,0,1.14,0.88,1
20241025_rv_torre_benagalbon,rincon_de_la_victoria,rv_torre_benagalbon,10,17.2,52,apartment,2.8,butane_lpg,650,-8.1,0,0,2.17,1.75,0
20241025_rv_cala_del_moral,rincon_de_la_victoria,rv_cala_del_moral,10,17.2,72,detached_house,3.0,electric,900,-7.3,4,0,1.79,1.43,0
20241025_rv_benagalbon_pueblo,rincon_de_la_victoria,rv_benagalbon_pueblo,10,17.2,44,terraced_house,3.2,none,1800,-4.2,3,0,2.43,1.82,0
20241025_me_casco_historico,miranda_de_ebro,me_casco_historico,10,10.1,48,apartment,2.4,diesel,120,-1.5,0,0,2.49,1.85,0
20241025_me_ircio,miranda_de_ebro,me_ircio,10,9.2,55,apartment,2.7,electric,400,6.3,2,0,3.56,2.76,0
20241025_me_industrial_norte,miranda_de_ebro,me_industrial_norte,10,10.6,40,terraced_house,3.1,diesel,700,-0.4,0,0,3.03,2.32,0
20241025_me_bayas,miranda_de_ebro,me_bayas,10,11.9,50,detached_house,3.4,butane_lpg,1600,-2.6,4,1,2.82,1.99,0
20241026_rv_centro,rincon_de_la_victoria,rv_centro,10,14.5,58,apartment,2.6,electric,150,19.0,0,0,1.53,1.21,0
20241026_rv_torre_benagalbon,rincon_de_la_victoria,rv_torre_benagalbon,10,15.5,52,apartment,2.8,butane_lpg,650,-6.6,3,0,1.73,1.4,1
20241026_rv_cala_del_moral,rincon_de_la_victoria,rv_cala_del_moral,10,18.0,72,detached_house,3.0,electric,900,5.2,3,0,1.83,1.4,0
20241026_rv_benagalbon_pueblo,rincon_de_la_victoria,rv_benagalbon_pueblo,10,16.4,44,terraced_house,3.2,none,1800,4.7,2,0,1.93,1.64,0
20241026_me_casco_historico,miranda_de_ebro,me_casco_historico,10,8.8,48,apartment,2.4,diesel,120,10.1,4,0,3.09,2.47,1
20241026_me_ircio,miranda_de_ebro,me_ircio,10,9.0,55,apartment,2.7,electric,400,-5.1,1,0,3.26,2.51,0
20241026_me_industrial_norte,miranda_de_ebro,me_industrial_norte,10,9.9,40,terraced_house,3.1,diesel,700,9.7,2,0,4.42,3.38,0
20241026_me_bayas,miranda_de_ebro,me_bayas,10,8.6,50,detached_house,3.4,butane_lpg,1600,2.5,3,0,4.03,3.35,0
20241027_rv_centro,rincon_de_la_victoria,rv_centro,10,18.1,58,apartment,2.6,electric,150,14.0,1,0,1.38,1.03,0
20241027_rv_torre_benagalbon,rincon_de_la_victoria,rv_torre_benagalbon,10,15.7,52,apartment,2.8,butane_lpg,650,-3.7,4,0,1.47,1.02,1
20241027_rv_cala_del_moral,rincon_de_la_victoria,rv_cala_del_moral,10,16.7,72,detached_house,3.0,electric,900,-5.1,2,1,1.62,1.3,0
20241027_rv_benagalbon_pueblo,rincon_de_la_victoria,rv_benagalbon_pueblo,10,17.5,44,terraced_house,3.2,none,1800,15.6,2,0,1.49,1.2,0
20241027_me_casco_historico,miranda_de_ebro,me_casco_historico,10,9.0,48,apartment,2.4,diesel,120,22.9,6,0,3.18,2.5,0
20241027_me_ircio,miranda_de_ebro,me_ircio,10,8.3,55,apartment,2.7,electric,400,-2.7,0,0,2.09,1.56,0
20241027_me_industrial_norte,miranda_de_ebro,me_industrial_norte,10,8.8,40,terraced_house,3.1,diesel,700,-19.4,4,0,4.06,2.97,0
20241027_me_bayas,miranda_de_ebro,me_bayas,10,7.1,50,detached_house,3.4,butane_lpg,1600,13.2,1,0,5.66,4.74,0
20241028_rv_centro,rincon_de_la_victoria,rv_centro,10,18.0,58,apartment,2.6,electric,150,23.4,2,0,1.34,1.1,0
20241028_rv_torre_benagalbon,rincon_de_la_victoria,rv_torre_benagalbon,10,15.6,52,apartment,2.8,butane_lpg,650,-4.3,2,0,1.9,1.45,1
20241028_rv_cala_del_moral,rincon_de_la_victoria,rv_cala_del_moral,10,17.1,72,detached_house,3.0,electric,900,3.9,2,0,1.44,1.1,0
20241028_rv_benagalbon_pueblo,rincon_de_la_victoria,rv_benagalbon_pueblo,10,16.6,44,terraced_house,3.2,none,1800,-9.2,1,0,1.89,1.47,0
20241028_me_casco_historico,miranda_de_ebro,me_casco_historico,10,9.0,48,apartment,2.4,diesel,120,-3.1,5,0,3.54,2.57,1
20241028_me_ircio,miranda_de_ebro,me_ircio,10,9.4,55,apartment,2.7,electric,400,-2.0,2,0,3.35,2.6,0
20241028_me_industrial_norte,miranda_de_ebro,me_industrial_norte,10,9.2,40,terraced_house,3.1,diesel,700,-4.1,2,0,4.01,3.12,1
20241028_me_bayas,miranda_de_ebro,me_bayas,10,8.9,50,detached_house,3.4,butane_lpg,1600,-11.9,2,0,5.2,4.15,0
20241029_rv_centro,rincon_de_la_victoria,rv_centro,10,16.3,58,apartment,2.6,electric,150,5.3,4,0,1.57,1.19,0
20241029_rv_torre_benagalbon,rincon_de_la_victoria,rv_torre_benagalbon,10,16.1,52,apartment,2.8,butane_lpg,650,-2.8,2,0,1.71,1.4,0
20241029_rv_cala_del_moral,rincon_de_la_victoria,rv_cala_del_moral,10,17.0,72,detached_house,3.0,electric,900,-9.2,5,1,2.04,1.67,0
20241029_rv_benagalbon_pueblo,rincon_de_la_victoria,rv_benagalbon_pueblo,10,17.3,44,terraced_house,3.2,none,1800,9.3,2,0,1.97,1.48,0
20241029_me_casco_historico,miranda_de_ebro,me_casco_historico,10,7.2,48,apartment,2.4,diesel,120,0.8,4,0,4.05,2.91,1
20241029_me_ircio,miranda_de_ebro,me_ircio,10,9.2,55,apartment,2.7,electric,400,15.8,1,0,3.62,2.89,1
20241029_me_industrial_norte,miranda_de_ebro,me_industrial_norte,10,7.2,40,terraced_house,3.1,diesel,700,10.7,0,0,5.08,4.19,1
20241029_me_bayas,miranda_de_ebro,me_bayas,10,6.6,50,detached_house,3.4,butane_lpg,1600,35.3,3,0,5.2,3.97,1
20241030_rv_centro,rincon_de_la_victoria,rv_centro,10,16.2,58,apartment,2.6,electric,150,-0.3,4,0,1.79,1.46,0
20241030_rv_torre_benagalbon,rincon_de_la_victoria,rv_torre_benagalbon,10,17.2,52,apartment,2.8,butane_lpg,650,8.0,5,0,1.2,0.93,0
20241030_rv_cala_del_moral,rincon_de_la_victoria,rv_cala_del_moral,10,15.9,72,detached_house,3.0,electric,900,-0.7,4,0,1.75,1.26,0
20241030_rv_benagalbon_pueblo,rincon_de_la_victoria,rv_benagalbon_pueblo,10,17.3,44,terraced_house,3.2,none,1800,31.0,2,0,2.41,1.93,0
20241030_me_casco_historico,miranda_de_ebro,me_casco_historico,10,7.2,48,apartment,2.4,diesel,120,8.5,3,0,3.11,2.41,0
20241030_me_ircio,miranda_de_ebro,me_ircio,10,7.5,55,apartment,2.7,electric,400,-6.2,1,0,3.67,2.67,0
20241030_me_industrial_norte,miranda_de_ebro,me_industrial_norte,10,7.7,40,terraced_house,3.1,diesel,700,14.5,1,0,4.5,3.44,0
20241030_me_bayas,miranda_de_ebro,me_bayas,10,6.2,50,detached_house,3.4,butane_lpg,1600,-2.7,3,0,5.94,4.59,1
20241031_rv_centro,rincon_de_la_victoria,rv_centro,10,18.2,58,apartment,2.6,electric,150,-4.8,1,0,1.47,1.15,0
20241031_rv_torre_benagalbon,rincon_de_la_victoria,rv_torre_benagalbon,10,16.7,52,apartment,2.8,butane_lpg,650,-1.9,1,0,2.12,1.57,0
20241031_rv_cala_del_moral,rincon_de_la_victoria,rv_cala_del_moral,10,15.0,72,detached_house,3.0,electric,900,24.1,3,0,1.99,1.5,0
20241031_rv_benagalbon_pueblo,rincon_de_la_victoria,rv_benagalbon_pueblo,10,17.1,44,terraced_house,3.2,none,1800,17.7,2,0,2.17,1.62,0
20241031_me_casco_historico,miranda_de_ebro,me_casco_historico,10,7.2,48,apartment,2.4,diesel,120,14.6,1,0,3.55,2.75,0
20241031_me_ircio,miranda_de_ebro,me_ircio,10,7.0,55,apartment,2.7,electric,400,23.6,2,0,3.89,3.06,1
20241031_me_industrial_norte,miranda_de_ebro,me_industrial_norte,10,9.6,40,terraced_house,3.1,diesel,700,12.1,1,0,4.51,3.58,0
20241031_me_bayas,miranda_de_ebro,me_bayas,10,7.3,50,detached_house,3.4,butane_lpg,1600,3.5,6,0,4.7,3.45,0
20241101_rv_centro,rincon_de_la_victoria,rv_centro,11,13.7,58,apartment,2.6,electric,150,13.4,1,0,1.8,1.5,1
20241101_rv_torre_benagalbon,rincon_de_la_victoria,rv_torre_benagalbon,11,16.8,52,apartment,2.8,butane_lpg,650,18.4,1,0,1.45,1.18,1
20241101_rv_cala_del_moral,rincon_de_la_victoria,rv_cala_del_moral,11,16.2,72,detached_house,3.0,electric,900,-3.3,1,0,1.92,1.5,0
20241101_rv_benagalbon_pueblo,rincon_de_la_victoria,rv_benagalbon_pueblo,11,13.0,44,terraced_house,3.2,none,1800,1.9,4,0,3.25,2.57,0
20241101_me_casco_historico,miranda_de_ebro,me_casco_historico,11,5.8,48,apartment,2.4,diesel,120,-1.6,3,0,4.2,3.3,0
20241101_me_ircio,miranda_de_ebro,me_ircio,11,8.6,55,apartment,2.7,electric,400,-0.6,2,0,3.5,2.84,0
20241101_me_industrial_norte,miranda_de_ebro,me_industrial_norte,11,7.2,40,terraced_house,3.1,diesel,700,3.8,2,0,4.86,3.67,0
20241101_me_bayas,miranda_de_ebro,me_bayas,11,7.7,50,detached_house,3.4,butane_lpg,1600,12.8,0,0,4.99,3.9,0
20241102_rv_centro,rincon_de_la_victoria,rv_centro,11,14.7,58,apartment,2.6,electric,150,11.1,4,0,1.69,1.37,1
20241102_rv_torre_benagalbon,rincon_de_la_victoria,rv_torre_benagalbon,11,13.2,52,apartment,2.8,butane_lpg,650,2.1,0,0,2.81,2.15,0
20241102_rv_cala_del_moral,rincon_de_la_victoria,rv_cala_del_moral,11,15.3,72,detached_house,3.0,electric,900,14.9,1,0,1.56,1.18,0
20241102_rv_benagalbon_pueblo,rincon_de_la_victoria,rv_benagalbon_pueblo,11,14.7,44,terraced_house,3.2,none,1800,10.2,0,0,2.26,1.72,0
20241102_me_casco_historico,miranda_de_ebro,me_casco_historico,11,8.4,48,apartment,2.4,diesel,120,12.3,5,0,3.64,2.95,1
20241102_me_ircio,miranda_de_ebro,me_ircio,11,7.4,55,apartment,2.7,electric,400,11.2,1,0,4.0,3.01,0
20241102_me_industrial_norte,miranda_de_ebro,me_industrial_norte,11,6.7,40,terraced_house,3.1,diesel,700,1.2,1,0,4.5,3.46,1
20241102_me_bayas,miranda_de_ebro,me_bayas,11,9.3,50,detached_house,3.4,butane_lpg,1600,-12.0,2,0,3.61,2.84,0
20241103_rv_centro,rincon_de_la_victoria,rv_centro,11,14.9,58,apartment,2.6,electric,150,19.4,2,0,1.8,1.38,0
20241103_rv_torre_benagalbon,rincon_de_la_victoria,rv_torre_benagalbon,11,16.9,52,apartment,2.8,butane_lpg,650,0.6,2,0,1.77,1.32,0
20241103_rv_cala_del_moral,rincon_de_la_victoria,rv_cala_del_moral,11,14.7,72,detached_house,3.0,electric,900,-2.2,3,1,2.07,1.64,0
20241103_rv_benagalbon_pueblo,rincon_de_la_victoria,rv_benagalbon_pueblo,11,16.3,44,terraced_house,3.2,none,1800,-8.3,4,0,1.6,1.25,0
20241103_me_casco_historico,miranda_de_ebro,me_casco_historico,11,7.4,48,apartment,2.4,diesel,120,-7.7,6,0,3.25,2.6,1
20241103_me_ircio,miranda_de_ebro,me_ircio,11,9.7,55,apartment,2.7,electric,400,11.2,0,0,2.67,2.14,0
20241103_me_industrial_norte,miranda_de_ebro,me_industrial_norte,11,7.9,40,terraced_house,3.1,diesel,700,4.9,2,0,3.34,2.75,0
20241103_me_bayas,miranda_de_ebro,me_bayas,11,6.1,50,detached_house,3.4,butane_lpg,1600,4.3,4,0,5.8,4.77,0
20241104_rv_centro,rincon_de_la_victoria,rv_centro,11,14.9,58,apartment,2.6,electric,150,10.9,2,1,1.54,1.24,0
20241104_rv_torre_benagalbon,rincon_de_la_victoria,rv_torre_benagalbon,11,15.2,52,apartment,2.8,butane_lpg,650,4.4,0,0,1.78,1.42,1
20241104_rv_cala_del_moral,rincon_de_la_victoria,rv_cala_del_moral,11,15.7,72,detached_house,3.0,electric,900,14.5,3,1,1.6,1.17,0
20241104_rv_benagalbon_pueblo,rincon_de_la_victoria,rv_benagalbon_pueblo,11,14.3,44,terraced_house,3.2,none,1800,-0.1,2,0,2.35,1.76,0
20241104_me_casco_historico,miranda_de_ebro,me_casco_historico,11,4.6,48,apartment,2.4,diesel,120,8.6,5,0,4.14,3.2,0
20241104_me_ircio,miranda_de_ebro,me_ircio,11,8.0,55,apartment,2.7,electric,400,-4.4,1,0,2.94,2.29,1
20241104_me_industrial_norte,miranda_de_ebro,me_industrial_norte,11,6.2,40,terraced_house,3.1,diesel,700,16.3,0,0,4.35,3.42,0
20241104_me_bayas,miranda_de_ebro,me_bayas,11,6.8,50,detached_house,3.4,butane_lpg,1600,14.3,1,0,4.83,3.77,0
20241105_rv_centro,rincon_de_la_victoria,rv_centro,11,15.5,58,apartment,2.6,electric,150,13.4,3,0,1.17,0.91,0
20241105_rv_torre_benagalbon,rincon_de_la_victoria,rv_torre_benagalbon,11,14.7,52,apartment,2.8,butane_lpg,650,18.4,2,0,1.97,1.53,0
20241105_rv_cala_del_moral,rincon_de_la_victoria,rv_cala_del_moral,11,15.2,72,detached_house,3.0,electric,900,10.5,3,0,2.21,1.76,0
20241105_rv_benagalbon_pueblo,rincon_de_la_victoria,rv_benagalbon_pueblo,11,14.3,44,terraced_house,3.2,none,1800,13.8,4,0,2.4,1.78,0
20241105_me_casco_historico,miranda_de_ebro,me_casco_historico,11,7.3,48,apartment,2.4,diesel,120,4.2,4,0,3.61,2.57,1
20241105_me_ircio,miranda_de_ebro,me_ircio,11,8.8,55,apartment,2.7,electric,400,-8.4,3,0,2.71,2.17,0
20241105_me_industrial_norte,miranda_de_ebro,me_industrial_norte,11,6.6,40,terraced_house,3.1,diesel,700,-1.6,1,0,4.2,3.25,0
20241105_me_bayas,miranda_de_ebro,me_bayas,11,6.3,50,detached_house,3.4,butane_lpg,1600,-7.1,3,0,4.53,3.71,0
20241106_rv_centro,rincon_de_la_victoria,rv_centro,11,16.6,58,apartment,2.6,electric,150,-0.0,3,0,1.3,1.03,0
20241106_rv_torre_benagalbon,rincon_de_la_victoria,rv_torre_benagalbon,11,14.6,52,apartment,2.8,butane_lpg,650,-1.4,3,1,1.95,1.61,0
20241106_rv_cala_del_moral,rincon_de_la_victoria,rv_cala_del_moral,11,16.9,72,detached_house,3.0,electric,900,23.2,3,0,1.5,1.12,0
20241106_rv_benagalbon_pueblo,rincon_de_la_victoria,rv_benagalbon_pueblo,11,15.3,44,terraced_house,3.2,none,1800,-6.0,1,0,2.38,1.79,0
20241106_me_casco_historico,miranda_de_ebro,me_casco_historico,11,8.8,48,apartment,2.4,diesel,120,-17.2,0,0,2.55,1.98,0
20241106_me_ircio,miranda_de_ebro,me_ircio,11,6.7,55,apartment,2.7,electric,400,-0.6,1,0,4.31,3.09,1
20241106_me_industrial_norte,miranda_de_ebro,me_industrial_norte,11,5.0,40,terraced_house,3.1,diesel,700,-7.8,1,0,4.07,3.08,0
20241106_me_bayas,miranda_de_ebro,me_bayas,11,6.8,50,detached_house,3.4,butane_lpg,1600,-5.0,2,0,5.3,4.18,0
20241107_rv_centro,rincon_de_la_victoria,rv_centro,11,16.5,58,apartment,2.6,electric,150,4.6,2,0,1.72,1.36,1
20241107_rv_torre_benagalbon,rincon_de_la_victoria,rv_torre_benagalbon,11,14.8,52,apartment,2.8,butane_lpg,650,10.6,1,0,1.6,1.33,0
20241107_rv_cala_del_moral,rincon_de_la_victoria,rv_cala_del_moral,11,15.5,72,detached_house,3.0,electric,900,-3.2,3,0,1.84,1.31,0
20241107_rv_benagalbon_pueblo,rincon_de_la_victoria,rv_benagalbon_pueblo,11,14.3,44,terraced_house,3.2,none,1800,2.4,2,0,1.98,1.52,0
20241107_me_casco_historico,miranda_de_ebro,me_casco_historico,11,6.6,48,apartment,2.4,diesel,120,-9.0,4,0,3.45,2.94,0
20241107_me_ircio,miranda_de_ebro,me_ircio,11,6.5,55,apartment,2.7,electric,400,19.8,2,0,3.7,3.04,0
20241107_me_industrial_norte,miranda_de_ebro,me_industrial_norte,11,6.7,40,terraced_house,3.1,diesel,700,15.6,3,0,4.33,3.17,1
20241107_me_bayas,miranda_de_ebro,me_bayas,11,6.4,50,detached_house,3.4,butane_lpg,1600,12.8,2,0,5.91,4.51,0
20241108_rv_centro,rincon_de_la_victoria,rv_centro,11,16.4,58,apartment,2.6,electric,150,-11.6,1,0,1.38,1.07,0
20241108_rv_torre_benagalbon,rincon_de_la_victoria,rv_torre_benagalbon,11,13.1,52,apartment,2.8,butane_lpg,650,-10.2,1,0,2.28,1.71,1
20241108_rv_cala_del_moral,rincon_de_la_victoria,rv_cala_del_moral,11,13.3,72,detached_house,3.0,electric,900,-3.9,1,0,2.87,2.37,1
20241108_rv_benagalbon_pueblo,rincon_de_la_victoria,rv_benagalbon_pueblo,11,13.8,44,terraced_house,3.2,none,1800,12.0,6,0,2.29,1.76,1
20241108_me_casco_historico,miranda_de_ebro,me_casco_historico,11,6.9,48,apartment,2.4,diesel,120,19.6,3,0,3.63,2.77,1
20241108_me_ircio,miranda_de_ebro,me_ircio,11,5.4,55,apartment,2.7,electric,400,1.9,2,0,3.81,3.05,0
20241108_me_industrial_norte,miranda_de_ebro,me_industrial_norte,11,5.8,40,terraced_house,3.1,diesel,700,6.8,4,0,4.69,3.42,0
20241108_me_bayas,miranda_de_ebro,me_bayas,11,7.1,50,detached_house,3.4,butane_lpg,1600,-11.1,4,1,5.91,4.44,0
20241109_rv_centro,rincon_de_la_victoria,rv_centro,11,14.6,58,apartment,2.6,electric,150,9.8,1,0,1.75,1.33,1
20241109_rv_torre_benagalbon,rincon_de_la_victoria,rv_torre_benagalbon,11,16.8,52,apartment,2.8,butane_lpg,650,14.9,1,0,1.64,1.29,1
20241109_rv_cala_del_moral,rincon_de_la_victoria,rv_cala_del_moral,11,15.6,72,detached_house,3.0,electric,900,4.0,0,0,2.07,1.56,0
20241109_rv_benagalbon_pueblo,rincon_de_la_victoria,rv_benagalbon_pueblo,11,17.6,44,terraced_house,3.2,none,1800,16.9,4,0,2.02,1.48,0
20241109_me_casco_historico,miranda_de_ebro,me_casco_historico,11,5.4,48,apartment,2.4,diesel,120,3.2,4,0,3.97,3.0,1
20241109_me_ircio,miranda_de_ebro,me_ircio,11,8.7,55,apartment,2.7,electric,400,19.1,3,0,3.26,2.54,0
20241109_me_industrial_norte,miranda_de_ebro,me_industrial_norte,11,6.1,40,terraced_house,3.1,diesel,700,0.7,3,0,4.43,3.46,1
20241109_me_bayas,miranda_de_ebro,me_bayas,11,8.9,50,detached_house,3.4,butane_lpg,1600,6.7,6,0,5.11,4.09,1
20241110_rv_centro,rincon_de_la_victoria,rv_centro,11,15.8,58,apartment,2.6,electric,150,25.0,2,0,1.5,1.22,1
20241110_rv_torre_benagalbon,rincon_de_la_victoria,rv_torre_benagalbon,11,14.2,52,apartment,2.8,butane_lpg,650,-3.6,3,0,2.38,1.89,0
20241110_rv_cala_del_moral,rincon_de_la_victoria,rv_cala_del_moral,11,13.5,72,detached_house,3.0,electric,900,0.1,4,0,1.96,1.55,1
20241110_rv_benagalbon_pueblo,rincon_de_la_victoria,rv_benagalbon_pueblo,11,13.4,44,terraced_house,3.2,none,1800,-9.4,5,0,2.8,2.1,0
20241110_me_casco_historico,miranda_de_ebro,me_casco_historico,11,6.9,48,apartment,2.4,diesel,120,6.1,4,0,3.73,2.83,0
20241110_me_ircio,miranda_de_ebro,me_ircio,11,6.3,55,apartment,2.7,electric,400,12.2,3,0,3.84,3.07,0
20241110_me_industrial_norte,miranda_de_ebro,me_industrial_norte,11,7.0,40,terraced_house,3.1,diesel,700,-3.7,1,0,4.2,3.43,0
20241110_me_bayas,miranda_de_ebro,me_bayas,11,5.0,50,detached_house,3.4,butane_lpg,1600,4.4,1,0,4.62,3.75,0
20241111_rv_centro,rincon_de_la_victoria,rv_centro,11,14.1,58,apartment,2.6,electric,150,2.8,5,0,2.96,2.14,1
20241111_rv_torre_benagalbon,rincon_de_la_victoria,rv_torre_benagalbon,11,13.2,52,apartment,2.8,butane_lpg,650,-6.7,5,0,2.66,2.1,1
20241111_rv_cala_del_moral,rincon_de_la_victoria,rv_cala_del_moral,11,16.1,72,detached_house,3.0,electric,900,-7.2,3,0,1.77,1.41,1
20241111_rv_benagalbon_pueblo,rincon_de_la_victoria,rv_benagalbon_pueblo,11,18.2,44,terraced_house,3.2,none,1800,15.6,2,0,1.34,0.99,0
20241111_me_casco_historico,miranda_de_ebro,me_casco_historico,11,7.1,48,apartment,2.4,diesel,120,5.0,2,0,4.16,3.11,0
20241111_me_ircio,miranda_de_ebro,me_ircio,11,7.4,55,apartment,2.7,electric,400,5.0,4,0,3.55,2.8,0
20241111_me_industrial_norte,miranda_de_ebro,me_industrial_norte,11,5.5,40,terraced_house,3.1,diesel,700,13.9,2,0,4.77,3.76,0
20241111_me_bayas,miranda_de_ebro,me_bayas,11,6.1,50,detached_house,3.4,butane_lpg,1600,6.9,6,0,5.2,4.25,0
20241112_rv_centro,rincon_de_la_victoria,rv_centro,11,15.4,58,apartment,2.6,electric,150,-14.1,1,0,1.81,1.45,0
20241112_rv_torre_benagalbon,rincon_de_la_victoria,rv_torre_benagalbon,11,14.5,52,apartment,2.8,butane_lpg,650,1.2,2,0,1.61,1.25,0
20241112_rv_cala_del_moral,rincon_de_la_victoria,rv_cala_del_moral,11,14.2,72,detached_house,3.0,electric,900,0.6,1,0,2.33,1.73,1
20241112_rv_benagalbon_pueblo,rincon_de_la_victoria,rv_benagalbon_pueblo,11,13.5,44,terraced_house,3.2,none,1800,-3.3,2,0,2.74,2.29,0
20241112_me_casco_historico,miranda_de_ebro,me_casco_historico,11,7.3,48,apartment,2.4,diesel,120,-2.8,3,0,3.66,3.01,0
20241112_me_ircio,miranda_de_ebro,me_ircio,11,6.0,55,apartment,2.7,electric,400,3.8,4,1,3.94,3.04,1
20241112_me_industrial_norte,miranda_de_ebro,me_industrial_norte,11,7.7,40,terraced_house,3.1,diesel,700,8.6,3,0,4.57,3.57,0
20241112_me_bayas,miranda_de_ebro,me_bayas,11,4.8,50,detached_house,3.4,butane_lpg,1600,-0.4,0,1,5.35,4.28,0
20241113_rv_centro,rincon_de_la_victoria,rv_centro,11,13.8,58,apartment,2.6,electric,150,6.7,0,0,1.51,1.17,0
20241113_rv_torre_benagalbon,rincon_de_la_victoria,rv_torre_benagalbon,11,14.0,52,apartment,2.8,butane_lpg,650,-12.6,3,0,2.94,2.04,0
20241113_rv_cala_del_moral,rincon_de_la_victoria,rv_cala_del_moral,11,14.1,72,detached_house,3.0,electric,900,16.5,1,0,2.64,2.05,0
20241113_rv_benagalbon_pueblo,rincon_de_la_victoria,rv_benagalbon_pueblo,11,14.7,44,terraced_house,3.2,none,1800,-8.4,1,0,3.11,2.29,0
20241113_me_casco_historico,miranda_de_ebro,me_casco_historico,11,6.6,48,apartment,2.4,diesel,120,0.3,1,0,3.77,2.99,0
20241113_me_ircio,miranda_de_ebro,me_ircio,11,7.4,55,apartment,2.7,electric,400,2.6,0,0,4.35,3.44,0
20241113_me_industrial_norte,miranda_de_ebro,me_industrial_norte,11,6.0,40,terraced_house,3.1,diesel,700,-7.5,2,0,4.86,3.58,1
20241113_me_bayas,miranda_de_ebro,me_bayas,11,6.5,50,detached_house,3.4,butane_lpg,1600,9.6,3,0,5.68,4.8,0
20241114_rv_centro,rincon_de_la_victoria,rv_centro,11,14.8,58,apartment,2.6,electric,150,25.6,3,0,1.65,1.3,1
20241114_rv_torre_benagalbon,rincon_de_la_victoria,rv_torre_benagalbon,11,14.4,52,apartment,2.8,butane_lpg,650,-11.3,1,0,2.12,1.61,0
20241114_rv_cala_del_moral,rincon_de_la_victoria,rv_cala_del_moral,11,15.8,72,detached_house,3.0,electric,900,11.8,4,0,1.7,1.35,0
20241114_rv_benagalbon_pueblo,rincon_de_la_victoria,rv_benagalbon_pueblo,11,16.3,44,terraced_house,3.2,none,1800,-9.2,4,0,2.06,1.72,0
20241114_me_casco_historico,miranda_de_ebro,me_casco_historico,11,6.3,48,apartment,2.4,diesel,120,20.0,2,1,4.88,3.7,1
20241114_me_ircio,miranda_de_ebro,me_ircio,11,5.3,55,apartment,2.7,electric,400,7.4,6,0,3.64,2.76,0
20241114_me_industrial_norte,miranda_de_ebro,me_industrial_norte,11,6.5,40,terraced_house,3.1,diesel,700,-10.0,1,0,4.68,3.65,0
20241114_me_bayas,miranda_de_ebro,me_bayas,11,7.3,50,detached_house,3.4,butane_lpg,1600,12.0,3,0,4.36,3.25,0
20241115_rv_centro,rincon_de_la_victoria,rv_centro,11,14.4,58,apartment,2.6,electric,150,4.6,3,1,2.03,1.55,0
20241115_rv_torre_benagalbon,rincon_de_la_victoria,rv_torre_benagalbon,11,14.1,52,apartment,2.8,butane_lpg,650,1.8,3,0,2.68,2.18,1
20241115_rv_cala_del_moral,rincon_de_la_victoria,rv_cala_del_moral,11,14.1,72,detached_house,3.0,electric,900,-6.1,2,0,2.17,1.66,0
20241115_rv_benagalbon_pueblo,rincon_de_la_victoria,rv_benagalbon_pueblo,11,14.1,44,terraced_house,3.2,none,1800,8.7,2,0,2.75,2.19,0
20241115_me_casco_historico,miranda_de_ebro,me_casco_historico,11,5.2,48,apartment,2.4,diesel,120,18.6,0,0,3.3,2.58,1
20241115_me_ircio,miranda_de_ebro,me_ircio,11,7.1,55,apartment,2.7,electric,400,6.9,1,0,4.21,3.35,0
20241115_me_industrial_norte,miranda_de_ebro,me_industrial_norte,11,4.8,40,terraced_house,3.1,diesel,700,8.4,3,0,5.16,3.94,0
20241115_me_bayas,miranda_de_ebro,me_bayas,11,5.0,50,detached_house,3.4,butane_lpg,1600,-5.8,0,0,5.76,4.53,0
20241116_rv_centro,rincon_de_la_victoria,rv_centro,11,15.4,58,apartment,2.6,electric,150,5.2,2,0,1.52,1.13,0
20241116_rv_torre_benagalbon,rincon_de_la_victoria,rv_torre_benagalbon,11,16.2,52,apartment,2.8,butane_lpg,650,7.8,2,0,1.54,1.25,0
20241116_rv_cala_del_moral,rincon_de_la_victoria,rv_cala_del_moral,11,14.7,72,detached_house,3.0,electric,900,12.0,3,0,1.8,1.46,0
20241116_rv_benagalbon_pueblo,rincon_de_la_victoria,rv_benagalbon_pueblo,11,11.9,44,terraced_house,3.2,none,1800,-5.4,2,0,2.73,2.21,1
20241116_me_casco_historico,miranda_de_ebro,me_casco_historico,11,5.3,48,apartment,2.4,diesel,120,-15.2,1,0,3.6,2.85,1
20241116_me_ircio,miranda_de_ebro,me_ircio,11,5.7,55,apartment,2.7,electric,400,-7.7,1,0,3.48,2.7,0
20241116_me_industrial_norte,miranda_de_ebro,me_industrial_norte,11,4.3,40,terraced_house,3.1,diesel,700,17.4,5,0,5.57,4.35,1
20241116_me_bayas,miranda_de_ebro,me_bayas,11,5.5,50,detached_house,3.4,butane_lpg,1600,5.9,1,0,6.08,4.81,0
20241117_rv_centro,rincon_de_la_victoria,rv_centro,11,16.4,58,apartment,2.6,electric,150,3.3,4,0,1.4,1.07,0
20241117_rv_torre_benagalbon,rincon_de_la_victoria,rv_torre_benagalbon,11,15.9,52,apartment,2.8,butane_lpg,650,17.9,4,0,1.7,1.3,0
20241117_rv_cala_del_moral,rincon_de_la_victoria,rv_cala_del_moral,11,12.8,72,detached_house,3.0,electric,900,-0.8,2,0,2.46,2.07,0
20241117_rv_benagalbon_pueblo,rincon_de_la_victoria,rv_benagalbon_pueblo,11,14.3,44,terraced_house,3.2,none,1800,14.8,0,0,2.48,1.87,0
20241117_me_casco_historico,miranda_de_ebro,me_casco_historico,11,6.3,48,apartment,2.4,diesel,120,11.1,1,0,3.17,2.45,1
20241117_me_ircio,miranda_de_ebro,me_ircio,11,6.6,55,apartment,2.7,electric,400,3.8,0,0,4.3,3.14,0
20241117_me_industrial_norte,miranda_de_ebro,me_industrial_norte,11,5.8,40,terraced_house,3.1,diesel,700,-0.8,6,0,5.03,3.98,0
20241117_me_bayas,miranda_de_ebro,me_bayas,11,4.5,50,detached_house,3.4,butane_lpg,1600,6.2,4,0,4.72,3.82,0
20241118_rv_centro,rincon_de_la_victoria,rv_centro,11,14.4,58,apartment,2.6,electric,150,3.7,4,0,1.66,1.26,0
20241118_rv_torre_benagalbon,rincon_de_la_victoria,rv_torre_benagalbon,11,14.1,52,apartment,2.8,butane_lpg,650,10.0,0,0,2.62,2.0,0
20241118_rv_cala_del_moral,rincon_de_la_victoria,rv_cala_del_moral,11,12.8,72,detached_house,3.0,electric,900,-3.3,2,0,2.73,2.14,0
20241118_rv_benagalbon_pueblo,rincon_de_la_victoria,rv_benagalbon_pueblo,11,10.0,44,terraced_house,3.2,none,1800,4.9,0,0,4.45,3.26,0
20241118_me_casco_historico,miranda_de_ebro,me_casco_historico,11,6.1,48,apartment,2.4,diesel,120,4.0,1,0,4.63,3.45,0
20241118_me_ircio,miranda_de_ebro,me_ircio,11,6.1,55,apartment,2.7,electric,400,6.0,4,0,4.45,3.54,0
20241118_me_industrial_norte,miranda_de_ebro,me_industrial_norte,11,5.2,40,terraced_house,3.1,diesel,700,4.6,0,0,4.59,3.22,0
20241118_me_bayas,miranda_de_ebro,me_bayas,11,6.0,50,detached_house,3.4,butane_lpg,1600,-4.0,3,1,4.46,3.64,0
20241119_rv_centro,rincon_de_la_victoria,rv_centro,11,15.0,58,apartment,2.6,electric,150,5.8,2,0,1.55,1.2,1
20241119_rv_torre_benagalbon,rincon_de_la_victoria,rv_torre_benagalbon,11,14.9,52,apartment,2.8,butane_lpg,650,-18.3,1,0,1.96,1.63,0
20241119_rv_cala_del_moral,rincon_de_la_victoria,rv_cala_del_moral,11,14.9,72,detached_house,3.0,electric,900,-10.4,3,0,1.81,1.35,0
20241119_rv_benagalbon_pueblo,rincon_de_la_victoria,rv_benagalbon_pueblo,11,12.3,44,terraced_house,3.2,none,1800,11.4,2,0,4.64,3.72,0
20241119_me_casco_historico,miranda_de_ebro,me_casco_historico,11,4.8,48,apartment,2.4,diesel,120,6.4,1,0,3.42,2.78,0
20241119_me_ircio,miranda_de_ebro,me_ircio,11,4.5,55,apartment,2.7,electric,400,-8.7,5,0,4.58,3.45,0
20241119_me_industrial_norte,miranda_de_ebro,me_industrial_norte,11,6.4,40,terraced_house,3.1,diesel,700,-3.3,2,0,5.93,4.68,0
20241119_me_bayas,miranda_de_ebro,me_bayas,11,4.3,50,detached_house,3.4,butane_lpg,1600,6.9,4,0,6.3,4.74,0
20241120_rv_centro,rincon_de_la_victoria,rv_centro,11,13.6,58,apartment,2.6,electric,150,11.2,2,0,1.69,1.33,0
20241120_rv_torre_benagalbon,rincon_de_la_victoria,rv_torre_benagalbon,11,13.4,52,apartment,2.8,butane_lpg,650,-11.4,1,0,1.88,1.49,0
20241120_rv_cala_del_moral,rincon_de_la_victoria,rv_cala_del_moral,11,11.9,72,detached_house,3.0,electric,900,-13.9,5,0,4.29,3.06,0
20241120_rv_benagalbon_pueblo,rincon_de_la_victoria,rv_benagalbon_pueblo,11,14.6,44,terraced_house,3.2,none,1800,4.7,2,0,2.93,2.11,0
20241120_me_casco_historico,miranda_de_ebro,me_casco_historico,11,5.7,48,apartment,2.4,diesel,120,4.4,1,0,3.52,2.85,1
20241120_me_ircio,miranda_de_ebro,me_ircio,11,4.8,55,apartment,2.7,electric,400,19.2,3,1,3.68,2.92,1
20241120_me_industrial_norte,miranda_de_ebro,me_industrial_norte,11,2.9,40,terraced_house,3.1,diesel,700,6.2,2,0,7.37,5.93,0
20241120_me_bayas,miranda_de_ebro,me_bayas,11,5.0,50,detached_house,3.4,butane_lpg,1600,9.2,1,0,5.86,4.56,0
20241121_rv_centro,rincon_de_la_victoria,rv_centro,11,12.8,58,apartment,2.6,electric,150,-2.2,2,0,2.65,2.2,0
20241121_rv_torre_benagalbon,rincon_de_la_victoria,rv_torre_benagalbon,11,13.4,52,apartment,2.8,butane_lpg,650,11.9,1,0,2.63,2.18,0
20241121_rv_cala_del_moral,rincon_de_la_victoria,rv_cala_del_moral,11,13.4,72,detached_house,3.0,electric,900,-10.2,3,0,2.36,1.93,0
20241121_rv_benagalbon_pueblo,rincon_de_la_victoria,rv_benagalbon_pueblo,11,16.8,44,terraced_house,3.2,none,1800,-13.1,2,1,2.3,1.76,0
20241121_me_casco_historico,miranda_de_ebro,me_casco_historico,11,3.9,48,apartment,2.4,diesel,120,3.6,4,0,3.98,3.01,0
20241121_me_ircio,miranda_de_ebro,me_ircio,11,4.1,55,apartment,2.7,electric,400,-6.4,3,0,5.63,4.43,0
20241121_me_industrial_norte,miranda_de_ebro,me_industrial_norte,11,5.3,40,terraced_house,3.1,diesel,700,0.6,1,0,5.62,4.39,0
20241121_me_bayas,miranda_de_ebro,me_bayas,11,5.4,50,detached_house,3.4,butane_lpg,1600,20.2,4,0,5.02,3.96,0
20241122_rv_centro,rincon_de_la_victoria,rv_centro,11,13.7,58,apartment,2.6,electric,150,8.9,4,0,1.66,1.32,1
20241122_rv_torre_benagalbon,rincon_de_la_victoria,rv_torre_benagalbon,11,13.3,52,apartment,2.8,butane_lpg,650,16.8,3,0,2.78,2.17,0
20241122_rv_cala_del_moral,rincon_de_la_victoria,rv_cala_del_moral,11,13.9,72,detached_house,3.0,electric,900,16.1,3,0,2.52,1.92,0
20241122_rv_benagalbon_pueblo,rincon_de_la_victoria,rv_benagalbon_pueblo,11,14.7,44,terraced_house,3.2,none,1800,5.9,7,0,2.26,1.76,0
20241122_me_casco_historico,miranda_de_ebro,me_casco_historico,11,2.6,48,apartment,2.4,diesel,120,12.9,3,0,4.91,3.53,0
20241122_me_ircio,miranda_de_ebro,me_ircio,11,4.0,55,apartment,2.7,electric,400,3.6,4,0,4.53,3.49,0
20241122_me_industrial_norte,miranda_de_ebro,me_industrial_norte,11,4.8,40,terraced_house,3.1,diesel,700,-16.4,0,1,4.92,3.69,1
20241122_me_bayas,miranda_de_ebro,me_bayas,11,5.5,50,detached_house,3.4,butane_lpg,1600,0.8,3,0,6.33,5.09,0
20241123_rv_centro,rincon_de_la_victoria,rv_centro,11,14.0,58,apartment,2.6,electric,150,-9.5,1,0,1.95,1.57,0
20241123_rv_torre_benagalbon,rincon_de_la_victoria,rv_torre_benagalbon,11,12.5,52,apartment,2.8,butane_lpg,650,-1.8,4,0,2.52,1.99,1
20241123_rv_cala_del_moral,rincon_de_la_victoria,rv_cala_del_moral,11,11.7,72,detached_house,3.0,electric,900,12.2,3,1,3.58,2.8,1
20241123_rv_benagalbon_pueblo,rincon_de_la_victoria,rv_benagalbon_pueblo,11,12.9,44,terraced_house,3.2,none,1800,21.5,1,0,2.5,1.85,0
20241123_me_casco_historico,miranda_de_ebro,me_casco_historico,11,1.6,48,apartment,2.4,diesel,120,-4.4,6,0,4.97,4.17,0
20241123_me_ircio,miranda_de_ebro,me_ircio,11,3.8,55,apartment,2.7,electric,400,14.0,2,0,4.61,3.73,0
20241123_me_industrial_norte,miranda_de_ebro,me_industrial_norte,11,4.6,40,terraced_house,3.1,diesel,700,12.1,6,0,8.26,6.66,0
20241123_me_bayas,miranda_de_ebro,me_bayas,11,3.8,50,detached_house,3.4,butane_lpg,1600,-4.2,4,0,6.05,4.81,0
20241124_rv_centro,rincon_de_la_victoria,rv_centro,11,13.6,58,apartment,2.6,electric,150,5.6,1,0,1.57,1.26,1
20241124_rv_torre_benagalbon,rincon_de_la_victoria,rv_torre_benagalbon,11,12.4,52,apartment,2.8,butane_lpg,650,-5.2,1,0,2.74,2.14,0
20241124_rv_cala_del_moral,rincon_de_la_victoria,rv_cala_del_moral,11,10.9,72,detached_house,3.0,electric,900,11.0,4,0,4.1,3.2,1
20241124_rv_benagalbon_pueblo,rincon_de_la_victoria,rv_benagalbon_pueblo,11,12.8,44,terraced_house,3.2,none,1800,11.0,0,0,5.2,4.04,0
20241124_me_casco_historico,miranda_de_ebro,me_casco_historico,11,5.2,48,apartment,2.4,diesel,120,-2.5,1,0,4.21,3.34,0
20241124_me_ircio,miranda_de_ebro,me_ircio,11,4.4,55,apartment,2.7,electric,400,19.0,2,0,2.83,2.35,1
20241124_me_industrial_norte,miranda_de_ebro,me_industrial_norte,11,4.8,40,terraced_house,3.1,diesel,700,19.4,1,0,4.05,3.32,0
20241124_me_bayas,miranda_de_ebro,me_bayas,11,5.1,50,detached_house,3.4,butane_lpg,1600,-4.9,0,0,5.09,3.86,0
20241125_rv_centro,rincon_de_la_victoria,rv_centro,11,13.8,58,apartment,2.6,electric,150,11.9,2,0,1.9,1.42,0
20241125_rv_torre_benagalbon,rincon_de_la_victoria,rv_torre_benagalbon,11,12.2,52,apartment,2.8,butane_lpg,650,-4.7,0,0,3.08,2.39,0
20241125_rv_cala_del_moral,rincon_de_la_victoria,rv_cala_del_moral,11,12.4,72,detached_house,3.0,electric,900,-3.2,1,0,3.17,2.43,0
20241125_rv_benagalbon_pueblo,rincon_de_la_victoria,rv_benagalbon_pueblo,11,15.6,44,terraced_house,3.2,none,1800,-8.6,2,0,1.66,1.3,0
20241125_me_casco_historico,miranda_de_ebro,me_casco_historico,11,2.3,48,apartment,2.4,diesel,120,-15.5,2,0,4.94,3.78,0
20241125_me_ircio,miranda_de_ebro,me_ircio,11,2.1,55,apartment,2.7,electric,400,10.3,2,0,5.56,4.46,0
20241125_me_industrial_norte,miranda_de_ebro,me_industrial_norte,11,3.4,40,terraced_house,3.1,diesel,700,13.2,1,0,5.43,4.39,0
20241125_me_bayas,miranda_de_ebro,me_bayas,11,3.6,50,detached_house,3.4,butane_lpg,1600,19.7,5,0,7.03,5.75,0
20241126_rv_centro,rincon_de_la_victoria,rv_centro,11,12.5,58,apartment,2.6,electric,150,-5.6,1,0,1.99,1.48,1
20241126_rv_torre_benagalbon,rincon_de_la_victoria,rv_torre_benagalbon,11,10.8,52,apartment,2.8,butane_lpg,650,2.2,1,0,2.25,1.82,0
20241126_rv_cala_del_moral,rincon_de_la_victoria,rv_cala_del_moral,11,13.2,72,detached_house,3.0,electric,900,5.5,2,0,2.63,2.03,0
20241126_rv_benagalbon_pueblo,rincon_de_la_victoria,rv_benagalbon_pueblo,11,13.6,44,terraced_house,3.2,none,1800,0.9,1,0,2.52,1.92,0
20241126_me_casco_historico,miranda_de_ebro,me_casco_historico,11,5.9,48,apartment,2.4,diesel,120,-5.6,6,1,5.81,4.55,0
20241126_me_ircio,miranda_de_ebro,me_ircio,11,4.4,55,apartment,2.7,electric,400,8.1,2,0,4.29,3.18,0
20241126_me_industrial_norte,miranda_de_ebro,me_industrial_norte,11,1.8,40,terraced_house,3.1,diesel,700,1.9,3,0,6.59,5.1,0
20241126_me_bayas,miranda_de_ebro,me_bayas,11,5.4,50,detached_house,3.4,butane_lpg,1600,-3.8,0,0,5.08,4.09,0
20241127_rv_centro,rincon_de_la_victoria,rv_centro,11,12.2,58,apartment,2.6,electric,150,0.8,4,0,2.51,1.96,1
20241127_rv_torre_benagalbon,rincon_de_la_victoria,rv_torre_benagalbon,11,11.3,52,apartment,2.8,butane_lpg,650,4.2,2,0,2.56,1.91,0
20241127_rv_cala_del_moral,rincon_de_la_victoria,rv_cala_del_moral,11,13.7,72,detached_house,3.0,electric,900,8.3,0,0,2.27,1.82,0
20241127_rv_benagalbon_pueblo,rincon_de_la_victoria,rv_benagalbon_pueblo,11,12.9,44,terraced_house,3.2,none,1800,13.6,1,0,2.14,1.61,0
20241127_me_casco_historico,miranda_de_ebro,me_casco_historico,11,3.0,48,apartment,2.4,diesel,120,2.8,1,0,5.43,4.39,1
20241127_me_ircio,miranda_de_ebro,me_ircio,11,3.3,55,apartment,2.7,electric,400,7.4,0,0,4.18,3.36,0
20241127_me_industrial_norte,miranda_de_ebro,me_industrial_norte,11,5.5,40,terraced_house,3.1,diesel,700,15.5,5,0,6.1,5.16,0
20241127_me_bayas,miranda_de_ebro,me_bayas,11,5.1,50,detached_house,3.4,butane_lpg,1600,13.6,3,0,6.54,4.93,0
20241128_rv_centro,rincon_de_la_victoria,rv_centro,11,15.9,58,apartment,2.6,electric,150,17.0,4,0,1.66,1.35,1
20241128_rv_torre_benagalbon,rincon_de_la_victoria,rv_torre_benagalbon,11,13.1,52,apartment,2.8,butane_lpg,650,-1.2,3,0,2.02,1.62,1
20241128_rv_cala_del_moral,rincon_de_la_victoria,rv_cala_del_moral,11,12.7,72,detached_house,3.0,electric,900,9.7,2,1,2.81,2.29,1
20241128_rv_benagalbon_pueblo,rincon_de_la_victoria,rv_benagalbon_pueblo,11,14.5,44,terraced_house,3.2,none,1800,10.7,3,0,2.88,2.12,0
20241128_me_casco_historico,miranda_de_ebro,me_casco_historico,11,3.4,48,apartment,2.4,diesel,120,4.0,3,0,5.11,4.15,0
20241128_me_ircio,miranda_de_ebro,me_ircio,11,4.6,55,apartment,2.7,electric,400,8.9,0,0,3.79,3.13,0
20241128_me_industrial_norte,miranda_de_ebro,me_industrial_norte,11,5.2,40,terraced_house,3.1,diesel,700,-7.4,2,0,4.96,3.55,1
20241128_me_bayas,miranda_de_ebro,me_bayas,11,6.6,50,detached_house,3.4,butane_lpg,1600,-8.5,3,0,4.53,3.32,0
20241129_rv_centro,rincon_de_la_victoria,rv_centro,11,13.9,58,apartment,2.6,electric,150,-9.8,1,0,1.73,1.32,0
20241129_rv_torre_benagalbon,rincon_de_la_victoria,rv_torre_benagalbon,11,11.7,52,apartment,2.8,butane_lpg,650,3.5,1,0,2.69,2.09,0
20241129_rv_cala_del_moral,rincon_de_la_victoria,rv_cala_del_moral,11,12.5,72,detached_house,3.0,electric,900,12.5,0,1,3.4,2.61,0
20241129_rv_benagalbon_pueblo,rincon_de_la_victoria,rv_benagalbon_pueblo,11,13.3,44,terraced_house,3.2,none,1800,-15.1,0,0,3.05,2.2,0
20241129_me_casco_historico,miranda_de_ebro,me_casco_historico,11,3.2,48,apartment,2.4,diesel,120,23.7,1,0,4.84,3.94,0
20241129_me_ircio,miranda_de_ebro,me_ircio,11,5.5,55,apartment,2.7,electric,400,10.8,3,0,5.39,4.17,0
20241129_me_industrial_norte,miranda_de_ebro,me_industrial_norte,11,5.1,40,terraced_house,3.1,diesel,700,12.5,2,0,5.03,4.03,0
20241129_me_bayas,miranda_de_ebro,me_bayas,11,4.9,50,detached_house,3.4,butane_lpg,1600,4.6,2,0,6.81,5.46,0
20241130_rv_centro,rincon_de_la_victoria,rv_centro,11,12.8,58,apartment,2.6,electric,150,-16.9,3,1,3.04,2.45,1
20241130_rv_torre_benagalbon,rincon_de_la_victoria,rv_torre_benagalbon,11,13.2,52,apartment,2.8,butane_lpg,650,-5.3,4,0,3.01,2.36,1
20241130_rv_cala_del_moral,rincon_de_la_victoria,rv_cala_del_moral,11,12.5,72,detached_house,3.0,electric,900,5.4,0,0,3.46,2.6,0
20241130_rv_benagalbon_pueblo,rincon_de_la_victoria,rv_benagalbon_pueblo,11,12.3,44,terraced_house,3.2,none,1800,3.5,4,0,3.76,2.95,0
20241130_me_casco_historico,miranda_de_ebro,me_casco_historico,11,2.2,48,apartment,2.4,diesel,120,8.7,2,0,4.64,3.74,1
20241130_me_ircio,miranda_de_ebro,me_ircio,11,2.1,55,apartment,2.7,electric,400,-6.6,2,0,5.24,4.14,1
20241130_me_industrial_norte,miranda_de_ebro,me_industrial_norte,11,1.0,40,terraced_house,3.1,diesel,700,-1.8,1,0,6.97,5.49,0
20241130_me_bayas,miranda_de_ebro,me_bayas,11,2.9,50,detached_house,3.4,butane_lpg,1600,6.3,1,0,7.25,5.57,0
20241201_rv_centro,rincon_de_la_victoria,rv_centro,12,13.1,58,apartment,2.6,electric,150,-6.2,3,0,2.01,1.64,0
20241201_rv_torre_benagalbon,rincon_de_la_victoria,rv_torre_benagalbon,12,12.6,52,apartment,2.8,butane_lpg,650,2.8,1,0,2.37,1.92,0
20241201_rv_cala_del_moral,rincon_de_la_victoria,rv_cala_del_moral,12,14.2,72,detached_house,3.0,electric,900,-0.2,1,0,2.85,2.26,0
20241201_rv_benagalbon_pueblo,rincon_de_la_victoria,rv_benagalbon_pueblo,12,13.0,44,terraced_house,3.2,none,1800,-4.1,5,0,3.1,2.54,0
20241201_me_casco_historico,miranda_de_ebro,me_casco_historico,12,2.9,48,apartment,2.4,diesel,120,-1.4,4,0,4.21,3.52,0
20241201_me_ircio,miranda_de_ebro,me_ircio,12,3.2,55,apartment,2.7,electric,400,-1.3,0,0,4.57,3.62,0
20241201_me_industrial_norte,miranda_de_ebro,me_industrial_norte,12,3.2,40,terraced_house,3.1,diesel,700,7.0,3,0,6.55,5.17,0
20241201_me_bayas,miranda_de_ebro,me_bayas,12,3.0,50,detached_house,3.4,butane_lpg,1600,7.2,3,0,7.69,5.96,0
20241202_rv_centro,rincon_de_la_victoria,rv_centro,12,13.9,58,apartment,2.6,electric,150,6.8,3,0,1.46,1.16,0
20241202_rv_torre_benagalbon,rincon_de_la_victoria,rv_torre_benagalbon,12,11.9,52,apartment,2.8,butane_lpg,650,7.1,1,0,2.5,2.0,0
20241202_rv_cala_del_moral,rincon_de_la_victoria,rv_cala_del_moral,12,12.0,72,detached_house,3.0,electric,900,12.2,1,0,2.67,2.04,0
20241202_rv_benagalbon_pueblo,rincon_de_la_victoria,rv_benagalbon_pueblo,12,13.8,44,terraced_house,3.2,none,1800,-7.0,2,0,3.3,2.58,0
20241202_me_casco_historico,miranda_de_ebro,me_casco_historico,12,5.1,48,apartment,2.4,diesel,120,18.8,3,0,3.28,2.68,0
20241202_me_ircio,miranda_de_ebro,me_ircio,12,5.9,55,apartment,2.7,electric,400,6.7,2,0,3.66,2.86,1
20241202_me_industrial_norte,miranda_de_ebro,me_industrial_norte,12,3.1,40,terraced_house,3.1,diesel,700,10.0,2,0,4.54,3.66,0
20241202_me_bayas,miranda_de_ebro,me_bayas,12,4.0,50,detached_house,3.4,butane_lpg,1600,4.2,1,0,4.5,3.69,0
20241203_rv_centro,rincon_de_la_victoria,rv_centro,12,11.6,58,apartment,2.6,electric,150,8.0,1,0,2.52,2.0,1
20241203_rv_torre_benagalbon,rincon_de_la_victoria,rv_torre_benagalbon,12,11.3,52,apartment,2.8,butane_lpg,650,6.2,1,0,3.24,2.51,0
20241203_rv_cala_del_moral,rincon_de_la_victoria,rv_cala_del_moral,12,12.1,72,detached_house,3.0,electric,900,-0.6,2,0,2.84,2.28,0
20241203_rv_benagalbon_pueblo,rincon_de_la_victoria,rv_benagalbon_pueblo,12,14.7,44,terraced_house,3.2,none,1800,5.3,2,0,2.34,1.79,0
20241203_me_casco_historico,miranda_de_ebro,me_casco_historico,12,3.9,48,apartment,2.4,diesel,120,0.3,0,0,4.41,3.73,0
20241203_me_ircio,miranda_de_ebro,me_ircio,12,4.6,55,apartment,2.7,electric,400,-1.6,4,0,3.94,3.15,0
20241203_me_industrial_norte,miranda_de_ebro,me_industrial_norte,12,3.0,40,terraced_house,3.1,diesel,700,0.8,4,1,6.25,4.42,1
20241203_me_bayas,miranda_de_ebro,me_bayas,12,1.7,50,detached_house,3.4,butane_lpg,1600,1.8,1,0,6.93,5.25,1
20241204_rv_centro,rincon_de_la_victoria,rv_centro,12,11.9,58,apartment,2.6,electric,150,4.8,0,0,2.99,2.5,0
20241204_rv_torre_benagalbon,rincon_de_la_victoria,rv_torre_benagalbon,12,11.8,52,apartment,2.8,butane_lpg,650,-3.6,2,0,3.38,2.65,0
20241204_rv_cala_del_moral,rincon_de_la_victoria,rv_cala_del_moral,12,12.5,72,detached_house,3.0,electric,900,-8.3,3,0,3.23,2.52,1
20241204_rv_benagalbon_pueblo,rincon_de_la_victoria,rv_benagalbon_pueblo,12,12.5,44,terraced_house,3.2,none,1800,13.2,2,0,2.62,1.95,0
20241204_me_casco_historico,miranda_de_ebro,me_casco_historico,12,6.2,48,apartment,2.4,diesel,120,4.2,4,0,3.91,3.08,0
20241204_me_ircio,miranda_de_ebro,me_ircio,12,2.8,55,apartment,2.7,electric,400,6.5,4,0,6.58,5.51,1
20241204_me_industrial_norte,miranda_de_ebro,me_industrial_norte,12,2.7,40,terraced_house,3.1,diesel,700,-3.5,7,0,6.4,5.01,0
20241204_me_bayas,miranda_de_ebro,me_bayas,12,5.7,50,detached_house,3.4,butane_lpg,1600,8.3,4,0,5.31,4.46,0
20241205_rv_centro,rincon_de_la_victoria,rv_centro,12,11.6,58,apartment,2.6,electric,150,5.4,3,0,2.33,1.94,0
20241205_rv_torre_benagalbon,rincon_de_la_victoria,rv_torre_benagalbon,12,12.0,52,apartment,2.8,butane_lpg,650,12.8,2,0,2.61,2.05,0
20241205_rv_cala_del_moral,rincon_de_la_victoria,rv_cala_del_moral,12,13.2,72,detached_house,3.0,electric,900,-9.7,3,0,2.35,1.87,0
20241205_rv_benagalbon_pueblo,rincon_de_la_victoria,rv_benagalbon_pueblo,12,10.6,44,terraced_house,3.2,none,1800,12.7,2,0,4.52,3.48,0
20241205_me_casco_historico,miranda_de_ebro,me_casco_historico,12,2.0,48,apartment,2.4,diesel,120,-3.7,4,0,5.15,4.26,0
20241205_me_ircio,miranda_de_ebro,me_ircio,12,1.4,55,apartment,2.7,electric,400,-10.8,0,0,6.3,4.74,0
20241205_me_industrial_norte,miranda_de_ebro,me_industrial_norte,12,0.9,40,terraced_house,3.1,diesel,700,-0.8,3,0,7.61,5.58,0
20241205_me_bayas,miranda_de_ebro,me_bayas,12,2.4,50,detached_house,3.4,butane_lpg,1600,-2.3,1,0,9.19,7.49,0
20241206_rv_centro,rincon_de_la_victoria,rv_centro,12,9.7,58,apartment,2.6,electric,150,-2.5,0,0,3.65,2.72,1
20241206_rv_torre_benagalbon,rincon_de_la_victoria,rv_torre_benagalbon,12,11.8,52,apartment,2.8,butane_lpg,650,8.7,3,0,2.87,2.12,1
20241206_rv_cala_del_moral,rincon_de_la_victoria,rv_cala_del_moral,12,13.2,72,detached_house,3.0,electric,900,7.0,1,0,2.92,2.32,0
20241206_rv_benagalbon_pueblo,rincon_de_la_victoria,rv_benagalbon_pueblo,12,11.0,44,terraced_house,3.2,none,1800,8.9,3,1,4.39,3.49,0
20241206_me_casco_historico,miranda_de_ebro,me_casco_historico,12,1.9,48,apartment,2.4,diesel,120,10.7,5,0,4.19,3.25,0
20241206_me_ircio,miranda_de_ebro,me_ircio,12,3.9,55,apartment,2.7,electric,400,-0.0,3,0,5.65,4.26,0
20241206_me_industrial_norte,miranda_de_ebro,me_industrial_norte,12,3.6,40,terraced_house,3.1,diesel,700,10.5,1,0,6.55,5.36,0
20241206_me_bayas,miranda_de_ebro,me_bayas,12,2.8,50,detached_house,3.4,butane_lpg,1600,1.8,1,0,6.15,4.9,0
20241207_rv_centro,rincon_de_la_victoria,rv_centro,12,12.2,58,apartment,2.6,electric,150,6.6,4,0,2.14,1.7,1
20241207_rv_torre_benagalbon,rincon_de_la_victoria,rv_torre_benagalbon,12,11.7,52,apartment,2.8,butane_lpg,650,-4.8,1,0,2.76,2.1,0
20241207_rv_cala_del_moral,rincon_de_la_victoria,rv_cala_del_moral,12,11.9,72,detached_house,3.0,electric,900,10.4,2,0,3.91,2.91,0
20241207_rv_benagalbon_pueblo,rincon_de_la_victoria,rv_benagalbon_pueblo,12,11.0,44,terraced_house,3.2,none,1800,-9.3,6,0,3.54,2.56,0
20241207_me_casco_historico,miranda_de_ebro,me_casco_historico,12,1.6,48,apartment,2.4,diesel,120,12.1,4,1,4.47,3.38,1
20241207_me_ircio,miranda_de_ebro,me_ircio,12,0.8,55,apartment,2.7,electric,400,5.8,3,1,4.83,3.72,1
20241207_me_industrial_norte,miranda_de_ebro,me_industrial_norte,12,2.1,40,terraced_house,3.1,diesel,700,22.2,2,0,6.24,5.02,1
20241207_me_bayas,miranda_de_ebro,me_bayas,12,1.8,50,detached_house,3.4,butane_lpg,1600,3.4,4,0,8.65,7.07,0
20241208_rv_centro,rincon_de_la_victoria,rv_centro,12,11.3,58,apartment,2.6,electric,150,5.6,1,0,2.4,1.96,0
20241208_rv_torre_benagalbon,rincon_de_la_victoria,rv_torre_benagalbon,12,13.2,52,apartment,2.8,butane_lpg,650,-3.0,3,0,1.67,1.37,0
20241208_rv_cala_del_moral,rincon_de_la_victoria,rv_cala_del_moral,12,12.9,72,detached_house,3.0,electric,900,11.8,4,0,2.47,1.84,1
20241208_rv_benagalbon_pueblo,rincon_de_la_victoria,rv_benagalbon_pueblo,12,11.9,44,terraced_house,3.2,none,1800,-5.8,0,0,3.31,2.8,0
20241208_me_casco_historico,miranda_de_ebro,me_casco_historico,12,2.5,48,apartment,2.4,diesel,120,14.0,1,0,3.87,3.1,1
20241208_me_ircio,miranda_de_ebro,me_ircio,12,2.4,55,apartment,2.7,electric,400,-12.6,2,0,3.77,2.82,0
20241208_me_industrial_norte,miranda_de_ebro,me_industrial_norte,12,3.1,40,terraced_house,3.1,diesel,700,-5.6,0,0,4.7,3.96,0
20241208_me_bayas,miranda_de_ebro,me_bayas,12,0.8,50,detached_house,3.4,butane_lpg,1600,-0.9,2,0,5.81,4.29,0
20241209_rv_centro,rincon_de_la_victoria,rv_centro,12,12.8,58,apartment,2.6,electric,150,19.7,4,0,1.69,1.4,0
20241209_rv_torre_benagalbon,rincon_de_la_victoria,rv_torre_benagalbon,12,11.4,52,apartment,2.8,butane_lpg,650,30.2,2,0,3.36,2.54,0
20241209_rv_cala_del_moral,rincon_de_la_victoria,rv_cala_del_moral,12,10.9,72,detached_house,3.0,electric,900,4.7,1,0,3.25,2.49,1
20241209_rv_benagalbon_pueblo,rincon_de_la_victoria,rv_benagalbon_pueblo,12,12.6,44,terraced_house,3.2,none,1800,1.9,2,0,3.11,2.43,0
20241209_me_casco_historico,miranda_de_ebro,me_casco_historico,12,2.1,48,apartment,2.4,diesel,120,12.2,3,0,4.18,3.38,1
20241209_me_ircio,miranda_de_ebro,me_ircio,12,4.1,55,apartment,2.7,electric,400,-5.8,1,0,3.91,3.2,0
20241209_me_industrial_norte,miranda_de_ebro,me_industrial_norte,12,0.2,40,terraced_house,3.1,diesel,700,9.6,0,1,6.82,5.19,0
20241209_me_bayas,miranda_de_ebro,me_bayas,12,2.8,50,detached_house,3.4,butane_lpg,1600,-11.5,2,0,7.88,5.71,0
20241210_rv_centro,rincon_de_la_victoria,rv_centro,12,10.5,58,apartment,2.6,electric,150,-7.3,2,0,2.85,2.04,0
20241210_rv_torre_benagalbon,rincon_de_la_victoria,rv_torre_benagalbon,12,13.8,52,apartment,2.8,butane_lpg,650,18.7,5,0,2.26,1.82,0
20241210_rv_cala_del_moral,rincon_de_la_victoria,rv_cala_del_moral,12,10.5,72,detached_house,3.0,electric,900,14.6,2,0,4.45,3.47,1
20241210_rv_benagalbon_pueblo,rincon_de_la_victoria,rv_benagalbon_pueblo,12,12.3,44,terraced_house,3.2,none,1800,21.3,0,0,3.04,2.2,0
20241210_me_casco_historico,miranda_de_ebro,me_casco_historico,12,1.1,48,apartment,2.4,diesel,120,-8.7,0,0,5.76,4.68,0
20241210_me_ircio,miranda_de_ebro,me_ircio,12,4.5,55,apartment,2.7,electric,400,0.5,3,0,3.98,3.13,0
20241210_me_industrial_norte,miranda_de_ebro,me_industrial_norte,12,1.2,40,terraced_house,3.1,diesel,700,23.4,0,0,5.29,4.28,1
20241210_me_bayas,miranda_de_ebro,me_bayas,12,3.9,50,detached_house,3.4,butane_lpg,1600,-13.4,3,0,8.6,6.9,0
20241211_rv_centro,rincon_de_la_victoria,rv_centro,12,11.0,58,apartment,2.6,electric,150,2.5,3,0,2.61,2.08,0
20241211_rv_torre_benagalbon,rincon_de_la_victoria,rv_torre_benagalbon,12,12.6,52,apartment,2.8,butane_lpg,650,-8.4,6,0,2.33,1.85,0
20241211_rv_cala_del_moral,rincon_de_la_victoria,rv_cala_del_moral,12,10.5,72,detached_house,3.0,electric,900,29.7,1,0,3.49,2.79,0
20241211_rv_benagalbon_pueblo,rincon_de_la_victoria,rv_benagalbon_pueblo,12,12.2,44,terraced_house,3.2,none,1800,5.4,1,0,5.08,4.07,0
20241211_me_casco_historico,miranda_de_ebro,me_casco_historico,12,3.2,48,apartment,2.4,diesel,120,-11.6,3,0,4.34,3.16,0
20241211_me_ircio,miranda_de_ebro,me_ircio,12,3.7,55,apartment,2.7,electric,400,-12.3,2,0,2.85,2.1,0
20241211_me_industrial_norte,miranda_de_ebro,me_industrial_norte,12,1.4,40,terraced_house,3.1,diesel,700,-7.6,4,0,6.25,4.87,0
20241211_me_bayas,miranda_de_ebro,me_bayas,12,1.8,50,detached_house,3.4,butane_lpg,1600,8.2,2,0,8.82,6.87,0
20241212_rv_centro,rincon_de_la_victoria,rv_centro,12,11.5,58,apartment,2.6,electric,150,-1.2,3,0,2.75,2.03,1
20241212_rv_torre_benagalbon,rincon_de_la_victoria,rv_torre_benagalbon,12,12.1,52,apartment,2.8,butane_lpg,650,5.1,2,0,3.37,2.62,0
20241212_rv_cala_del_moral,rincon_de_la_victoria,rv_cala_del_moral,12,12.5,72,detached_house,3.0,electric,900,12.8,1,0,3.34,2.6,0
20241212_rv_benagalbon_pueblo,rincon_de_la_victoria,rv_benagalbon_pueblo,12,10.1,44,terraced_house,3.2,none,1800,8.0,1,0,4.49,3.57,0
20241212_me_casco_historico,miranda_de_ebro,me_casco_historico,12,2.4,48,apartment,2.4,diesel,120,13.5,4,1,4.7,3.61,1
20241212_me_ircio,miranda_de_ebro,me_ircio,12,-0.1,55,apartment,2.7,electric,400,9.3,0,0,4.93,3.93,0
20241212_me_industrial_norte,miranda_de_ebro,me_industrial_norte,12,1.7,40,terraced_house,3.1,diesel,700,11.2,5,0,6.2,4.94,1
20241212_me_bayas,miranda_de_ebro,me_bayas,12,-0.8,50,detached_house,3.4,butane_lpg,1600,4.7,2,0,9.67,7.2,0
20241213_rv_centro,rincon_de_la_victoria,rv_centro,12,14.9,58,apartment,2.6,electric,150,-4.1,1,0,1.44,1.02,0
20241213_rv_torre_benagalbon,rincon_de_la_victoria,rv_torre_benagalbon,12,13.2,52,apartment,2.8,butane_lpg,650,10.8,0,0,3.59,2.74,0
20241213_rv_cala_del_moral,rincon_de_la_victoria,rv_cala_del_moral,12,10.1,72,detached_house,3.0,electric,900,23.7,1,0,4.01,2.98,1
20241213_rv_benagalbon_pueblo,rincon_de_la_victoria,rv_benagalbon_pueblo,12,12.6,44,terraced_house,3.2,none,1800,-4.6,2,0,3.04,2.31,0
20241213_me_casco_historico,miranda_de_ebro,me_casco_historico,12,2.8,48,apartment,2.4,diesel,120,6.0,2,0,5.29,4.22,1
20241213_me_ircio,miranda_de_ebro,me_ircio,12,-1.0,55,apartment,2.7,electric,400,16.5,0,0,6.11,4.85,0
20241213_me_industrial_norte,miranda_de_ebro,me_industrial_norte,12,2.4,40,terraced_house,3.1,diesel,700,-3.4,4,0,6.11,4.79,1
20241213_me_bayas,miranda_de_ebro,me_bayas,12,0.6,50,detached_house,3.4,butane_lpg,1600,1.3,5,0,6.89,5.11,0
20241214_rv_centro,rincon_de_la_victoria,rv_centro,12,9.2,58,apartment,2.6,electric,150,3.0,4,1,3.45,2.5,1
20241214_rv_torre_benagalbon,rincon_de_la_victoria,rv_torre_benagalbon,12,10.8,52,apartment,2.8,butane_lpg,650,7.5,3,0,2.87,2.28,0
20241214_rv_cala_del_moral,rincon_de_la_victoria,rv_cala_del_moral,12,13.5,72,detached_house,3.0,electric,900,13.1,4,0,2.54,1.89,1
20241214_rv_benagalbon_pueblo,rincon_de_la_victoria,rv_benagalbon_pueblo,12,12.3,44,terraced_house,3.2,none,1800,-5.8,4,0,3.56,2.93,0
20241214_me_casco_historico,miranda_de_ebro,me_casco_historico,12,-0.0,48,apartment,2.4,diesel,120,4.5,4,1,5.48,4.18,0
20241214_me_ircio,miranda_de_ebro,me_ircio,12,3.5,55,apartment,2.7,electric,400,12.1,4,0,4.12,3.23,1
20241214_me_industrial_norte,miranda_de_ebro,me_industrial_norte,12,0.4,40,terraced_house,3.1,diesel,700,-19.0,2,0,7.92,5.91,0
20241214_me_bayas,miranda_de_ebro,me_bayas,12,2.4,50,detached_house,3.4,butane_lpg,1600,-1.1,2,1,8.18,6.1,0
20241215_rv_centro,rincon_de_la_victoria,rv_centro,12,12.1,58,apartment,2.6,electric,150,-6.5,2,0,2.32,1.86,0
20241215_rv_torre_benagalbon,rincon_de_la_victoria,rv_torre_benagalbon,12,11.8,52,apartment,2.8,butane_lpg,650,5.1,5,0,2.03,1.56,0
20241215_rv_cala_del_moral,rincon_de_la_victoria,rv_cala_del_moral,12,14.4,72,detached_house,3.0,electric,900,3.7,1,0,2.53,1.99,0
20241215_rv_benagalbon_pueblo,rincon_de_la_victoria,rv_benagalbon_pueblo,12,12.0,44,terraced_house,3.2,none,1800,4.0,1,0,3.75,2.85,0
20241215_me_casco_historico,miranda_de_ebro,me_casco_historico,12,2.2,48,apartment,2.4,diesel,120,3.2,1,0,4.78,3.67,0
20241215_me_ircio,miranda_de_ebro,me_ircio,12,1.1,55,apartment,2.7,electric,400,-2.6,3,0,5.79,4.47,0
20241215_me_industrial_norte,miranda_de_ebro,me_industrial_norte,12,2.8,40,terraced_house,3.1,diesel,700,-12.6,1,0,5.3,3.92,0
20241215_me_bayas,miranda_de_ebro,me_bayas,12,0.3,50,detached_house,3.4,butane_lpg,1600,-6.1,1,0,6.14,4.69,0
20241216_rv_centro,rincon_de_la_victoria,rv_centro,12,13.4,58,apartment,2.6,electric,150,5.0,2,0,2.17,1.81,0
20241216_rv_torre_benagalbon,rincon_de_la_victoria,rv_torre_benagalbon,12,11.2,52,apartment,2.8,butane_lpg,650,-9.2,3,0,2.76,2.12,0
20241216_rv_cala_del_moral,rincon_de_la_victoria,rv_cala_del_moral,12,10.9,72,detached_house,3.0,electric,900,0.0,1,0,3.76,2.86,0
20241216_rv_benagalbon_pueblo,rincon_de_la_victoria,rv_benagalbon_pueblo,12,14.1,44,terraced_house,3.2,none,1800,0.7,1,0,2.6,2.01,0
20241216_me_casco_historico,miranda_de_ebro,me_casco_historico,12,0.7,48,apartment,2.4,diesel,120,-6.2,1,0,6.73,5.62,0
20241216_me_ircio,miranda_de_ebro,me_ircio,12,3.2,55,apartment,2.7,electric,400,-20.5,3,0,4.52,3.3,0
20241216_me_industrial_norte,miranda_de_ebro,me_industrial_norte,12,1.7,40,terraced_house,3.1,diesel,700,-5.9,2,0,6.29,4.87,0
20241216_me_bayas,miranda_de_ebro,me_bayas,12,2.7,50,detached_house,3.4,butane_lpg,1600,-6.5,2,0,7.24,5.67,0
20241217_rv_centro,rincon_de_la_victoria,rv_centro,12,11.4,58,apartment,2.6,electric,150,11.5,3,0,3.06,2.33,0
20241217_rv_torre_benagalbon,rincon_de_la_victoria,rv_torre_benagalbon,12,12.9,52,apartment,2.8,butane_lpg,650,-5.3,3,0,2.24,1.72,0
20241217_rv_cala_del_moral,rincon_de_la_victoria,rv_cala_del_moral,12,10.6,72,detached_house,3.0,electric,900,-1.7,1,0,3.98,3.0,0
20241217_rv_benagalbon_pueblo,rincon_de_la_victoria,rv_benagalbon_pueblo,12,11.3,44,terraced_house,3.2,none,1800,-7.9,3,0,3.59,2.66,0
20241217_me_casco_historico,miranda_de_ebro,me_casco_historico,12,2.9,48,apartment,2.4,diesel,120,3.7,3,0,5.96,4.83,1
20241217_me_ircio,miranda_de_ebro,me_ircio,12,0.4,55,apartment,2.7,electric,400,6.9,2,0,6.53,5.23,1
20241217_me_industrial_norte,miranda_de_ebro,me_industrial_norte,12,1.9,40,terraced_house,3.1,diesel,700,-13.5,5,0,6.02,4.78,0
20241217_me_bayas,miranda_de_ebro,me_bayas,12,-0.1,50,detached_house,3.4,butane_lpg,1600,6.5,0,0,6.44,4.89,0
20241218_rv_centro,rincon_de_la_victoria,rv_centro,12,10.9,58,apartment,2.6,electric,150,12.0,2,0,2.82,2.15,1
20241218_rv_torre_benagalbon,rincon_de_la_victoria,rv_torre_benagalbon,12,10.4,52,apartment,2.8,butane_lpg,650,15.2,4,0,2.91,2.26,1
20241218_rv_cala_del_moral,rincon_de_la_victoria,rv_cala_del_moral,12,8.6,72,detached_house,3.0,electric,900,-1.3,1,0,4.32,3.61,0
20241218_rv_benagalbon_pueblo,rincon_de_la_victoria,rv_benagalbon_pueblo,12,12.5,44,terraced_house,3.2,none,1800,-4.6,2,0,3.06,2.47,0
20241218_me_casco_historico,miranda_de_ebro,me_casco_historico,12,3.2,48,apartment,2.4,diesel,120,-15.2,1,0,5.06,4.13,0
20241218_me_ircio,miranda_de_ebro,me_ircio,12,1.0,55,apartment,2.7,electric,400,-20.0,4,0,4.93,3.86,0
20241218_me_industrial_norte,miranda_de_ebro,me_industrial_norte,12,0.6,40,terraced_house,3.1,diesel,700,-6.0,1,0,5.99,4.8,1
20241218_me_bayas,miranda_de_ebro,me_bayas,12,0.6,50,detached_house,3.4,butane_lpg,1600,3.6,1,0,7.26,5.55,0
20241219_rv_centro,rincon_de_la_victoria,rv_centro,12,10.9,58,apartment,2.6,electric,150,-1.7,2,0,2.32,1.85,0
20241219_rv_torre_benagalbon,rincon_de_la_victoria,rv_torre_benagalbon,12,13.6,52,apartment,2.8,butane_lpg,650,-4.0,4,0,3.0,2.25,0
20241219_rv_cala_del_moral,rincon_de_la_victoria,rv_cala_del_moral,12,11.9,72,detached_house,3.0,electric,900,10.0,2,0,2.65,2.04,0
20241219_rv_benagalbon_pueblo,rincon_de_la_victoria,rv_benagalbon_pueblo,12,12.5,44,terraced_house,3.2,none,1800,21.9,1,0,3.04,2.23,0
20241219_me_casco_historico,miranda_de_ebro,me_casco_historico,12,1.4,48,apartment,2.4,diesel,120,-8.8,1,0,4.75,3.84,0
20241219_me_ircio,miranda_de_ebro,me_ircio,12,2.1,55,apartment,2.7,electric,400,13.9,3,0,5.51,4.37,0
20241219_me_industrial_norte,miranda_de_ebro,me_industrial_norte,12,1.1,40,terraced_house,3.1,diesel,700,-5.6,4,0,6.88,5.5,0
20241219_me_bayas,miranda_de_ebro,me_bayas,12,1.5,50,detached_house,3.4,butane_lpg,1600,0.4,4,0,8.89,6.95,0
20241220_rv_centro,rincon_de_la_victoria,rv_centro,12,12.6,58,apartment,2.6,electric,150,2.3,3,1,1.9,1.46,1
20241220_rv_torre_benagalbon,rincon_de_la_victoria,rv_torre_benagalbon,12,10.4,52,apartment,2.8,butane_lpg,650,5.2,1,0,3.76,2.88,1
20241220_rv_cala_del_moral,rincon_de_la_victoria,rv_cala_del_moral,12,12.2,72,detached_house,3.0,electric,900,5.5,1,0,3.87,2.94,0
20241220_rv_benagalbon_pueblo,rincon_de_la_victoria,rv_benagalbon_pueblo,12,11.0,44,terraced_house,3.2,none,1800,-1.9,4,0,4.23,3.46,0
20241220_me_casco_historico,miranda_de_ebro,me_casco_historico,12,2.0,48,apartment,2.4,diesel,120,10.8,4,0,4.02,3.14,1
20241220_me_ircio,miranda_de_ebro,me_ircio,12,1.2,55,apartment,2.7,electric,400,0.4,2,0,4.09,3.1,1
20241220_me_industrial_norte,miranda_de_ebro,me_industrial_norte,12,3.9,40,terraced_house,3.1,diesel,700,3.0,1,0,4.71,3.37,0
20241220_me_bayas,miranda_de_ebro,me_bayas,12,1.4,50,detached_house,3.4,butane_lpg,1600,2.7,6,0,7.18,5.22,0
20241221_rv_centro,rincon_de_la_victoria,rv_centro,12,11.6,58,apartment,2.6,electric,150,4.7,2,1,2.34,1.9,1
20241221_rv_torre_benagalbon,rincon_de_la_victoria,rv_torre_benagalbon,12,10.5,52,apartment,2.8,butane_lpg,650,-1.8,3,0,2.55,1.95,0
20241221_rv_cala_del_moral,rincon_de_la_victoria,rv_cala_del_moral,12,10.9,72,detached_house,3.0,electric,900,-15.9,2,0,3.73,2.85,0
20241221_rv_benagalbon_pueblo,rincon_de_la_victoria,rv_benagalbon_pueblo,12,11.7,44,terraced_house,3.2,none,1800,8.3,3,0,3.74,2.93,1
20241221_me_casco_historico,miranda_de_ebro,me_casco_historico,12,3.9,48,apartment,2.4,diesel,120,-1.0,4,0,3.9,2.98,1
20241221_me_ircio,miranda_de_ebro,me_ircio,12,0.2,55,apartment,2.7,electric,400,-8.3,1,0,4.68,3.87,0
20241221_me_industrial_norte,miranda_de_ebro,me_industrial_norte,12,0.0,40,terraced_house,3.1,diesel,700,7.3,3,0,7.29,5.43,0
20241221_me_bayas,miranda_de_ebro,me_bayas,12,1.4,50,detached_house,3.4,butane_lpg,1600,14.7,5,0,5.74,4.65,0
20241222_rv_centro,rincon_de_la_victoria,rv_centro,12,10.4,58,apartment,2.6,electric,150,10.7,3,0,2.41,1.89,0
20241222_rv_torre_benagalbon,rincon_de_la_victoria,rv_torre_benagalbon,12,12.4,52,apartment,2.8,butane_lpg,650,23.0,5,0,2.49,1.89,1
20241222_rv_cala_del_moral,rincon_de_la_victoria,rv_cala_del_moral,12,10.7,72,detached_house,3.0,electric,900,12.6,6,0,3.2,2.4,1
20241222_rv_benagalbon_pueblo,rincon_de_la_victoria,rv_benagalbon_pueblo,12,10.9,44,terraced_house,3.2,none,1800,-10.7,3,0,3.31,2.66,0
20241222_me_casco_historico,miranda_de_ebro,me_casco_historico,12,0.9,48,apartment,2.4,diesel,120,-2.3,3,0,4.95,4.03,0
20241222_me_ircio,miranda_de_ebro,me_ircio,12,2.9,55,apartment,2.7,electric,400,9.4,2,0,5.11,4.26,0
20241222_me_industrial_norte,miranda_de_ebro,me_industrial_norte,12,3.8,40,terraced_house,3.1,diesel,700,-0.1,2,0,5.6,4.26,1
20241222_me_bayas,miranda_de_ebro,me_bayas,12,1.6,50,detached_house,3.4,butane_lpg,1600,0.0,3,0,8.3,6.87,0
20241223_rv_centro,rincon_de_la_victoria,rv_centro,12,11.2,58,apartment,2.6,electric,150,-3.1,2,0,2.58,2.0,0
20241223_rv_torre_benagalbon,rincon_de_la_victoria,rv_torre_benagalbon,12,10.4,52,apartment,2.8,butane_lpg,650,18.8,2,0,2.19,1.68,0
20241223_rv_cala_del_moral,rincon_de_la_victoria,rv_cala_del_moral,12,9.8,72,detached_house,3.0,electric,900,-11.7,2,0,4.03,3.15,0
20241223_rv_benagalbon_pueblo,rincon_de_la_victoria,rv_benagalbon_pueblo,12,11.8,44,terraced_house,3.2,none,1800,-0.1,4,0,3.34,2.6,0
20241223_me_casco_historico,miranda_de_ebro,me_casco_historico,12,2.9,48,apartment,2.4,diesel,120,-8.8,0,0,5.71,4.38,1
20241223_me_ircio,miranda_de_ebro,me_ircio,12,1.4,55,apartment,2.7,electric,400,20.2,3,0,4.88,3.87,0
20241223_me_industrial_norte,miranda_de_ebro,me_industrial_norte,12,1.5,40,terraced_house,3.1,diesel,700,21.2,3,0,5.07,3.75,1
20241223_me_bayas,miranda_de_ebro,me_bayas,12,2.3,50,detached_house,3.4,butane_lpg,1600,0.0,0,0,6.44,4.94,0
20241224_rv_centro,rincon_de_la_victoria,rv_centro,12,12.0,58,apartment,2.6,electric,150,1.5,2,0,2.05,1.62,0
20241224_rv_torre_benagalbon,rincon_de_la_victoria,rv_torre_benagalbon,12,9.4,52,apartment,2.8,butane_lpg,650,4.8,2,0,3.44,2.63,0
20241224_rv_cala_del_moral,rincon_de_la_victoria,rv_cala_del_moral,12,9.8,72,detached_house,3.0,electric,900,-11.8,0,1,2.5,2.01,0
20241224_rv_benagalbon_pueblo,rincon_de_la_victoria,rv_benagalbon_pueblo,12,13.8,44,terraced_house,3.2,none,1800,2.0,1,0,1.76,1.38,0
20241224_me_casco_historico,miranda_de_ebro,me_casco_historico,12,1.0,48,apartment,2.4,diesel,120,1.0,1,0,4.74,3.57,1
20241224_me_ircio,miranda_de_ebro,me_ircio,12,-1.2,55,apartment,2.7,electric,400,16.1,0,0,5.74,4.08,0
20241224_me_industrial_norte,miranda_de_ebro,me_industrial_norte,12,2.6,40,terraced_house,3.1,diesel,700,11.2,2,0,7.28,5.38,0
20241224_me_bayas,miranda_de_ebro,me_bayas,12,1.0,50,detached_house,3.4,butane_lpg,1600,8.8,1,0,6.77,5.18,0
20241225_rv_centro,rincon_de_la_victoria,rv_centro,12,12.0,58,apartment,2.6,electric,150,7.0,1,0,2.36,1.77,0
20241225_rv_torre_benagalbon,rincon_de_la_victoria,rv_torre_benagalbon,12,9.9,52,apartment,2.8,butane_lpg,650,-5.2,1,0,4.04,3.1,0
20241225_rv_cala_del_moral,rincon_de_la_victoria,rv_cala_del_moral,12,12.9,72,detached_house,3.0,electric,900,7.3,2,0,3.41,2.61,0
20241225_rv_benagalbon_pueblo,rincon_de_la_victoria,rv_benagalbon_pueblo,12,9.7,44,terraced_house,3.2,none,1800,13.0,3,1,4.59,3.5,1
20241225_me_casco_historico,miranda_de_ebro,me_casco_historico,12,-2.3,48,apartment,2.4,diesel,120,4.2,4,0,6.16,4.79,0
20241225_me_ircio,miranda_de_ebro,me_ircio,12,1.8,55,apartment,2.7,electric,400,-2.6,0,0,6.21,4.79,0
20241225_me_industrial_norte,miranda_de_ebro,me_industrial_norte,12,1.7,40,terraced_house,3.1,diesel,700,-4.5,1,0,6.35,5.16,0
20241225_me_bayas,miranda_de_ebro,me_bayas,12,0.4,50,detached_house,3.4,butane_lpg,1600,6.6,3,0,7.39,5.55,0
20241226_rv_centro,rincon_de_la_victoria,rv_centro,12,9.9,58,apartment,2.6,electric,150,0.8,2,0,2.42,1.97,1
20241226_rv_torre_benagalbon,rincon_de_la_victoria,rv_torre_benagalbon,12,12.0,52,apartment,2.8,butane_lpg,650,-10.1,0,0,2.64,1.92,0
20241226_rv_cala_del_moral,rincon_de_la_victoria,rv_cala_del_moral,12,11.1,72,detached_house,3.0,electric,900,4.7,1,0,3.85,3.09,0
20241226_rv_benagalbon_pueblo,rincon_de_la_victoria,rv_benagalbon_pueblo,12,12.0,44,terraced_house,3.2,none,1800,1.4,5,0,3.72,3.0,0
20241226_me_casco_historico,miranda_de_ebro,me_casco_historico,12,3.9,48,apartment,2.4,diesel,120,-1.1,4,0,5.06,3.85,0
20241226_me_ircio,miranda_de_ebro,me_ircio,12,-0.9,55,apartment,2.7,electric,400,13.8,1,0,5.25,4.17,0
20241226_me_industrial_norte,miranda_de_ebro,me_industrial_norte,12,1.0,40,terraced_house,3.1,diesel,700,9.7,4,0,6.23,4.75,0
20241226_me_bayas,miranda_de_ebro,me_bayas,12,2.8,50,detached_house,3.4,butane_lpg,1600,2.3,1,0,7.45,5.32,1
20241227_rv_centro,rincon_de_la_victoria,rv_centro,12,11.7,58,apartment,2.6,electric,150,-5.0,2,0,1.98,1.52,0
20241227_rv_torre_benagalbon,rincon_de_la_victoria,rv_torre_benagalbon,12,10.3,52,apartment,2.8,butane_lpg,650,0.2,1,0,3.13,2.48,0
20241227_rv_cala_del_moral,rincon_de_la_victoria,rv_cala_del_moral,12,10.6,72,detached_house,3.0,electric,900,10.0,1,1,4.81,3.74,1
20241227_rv_benagalbon_pueblo,rincon_de_la_victoria,rv_benagalbon_pueblo,12,13.5,44,terraced_house,3.2,none,1800,24.9,5,0,2.8,2.19,0
20241227_me_casco_historico,miranda_de_ebro,me_casco_historico,12,1.7,48,apartment,2.4,diesel,120,-2.2,2,0,4.33,3.3,1
20241227_me_ircio,miranda_de_ebro,me_ircio,12,3.5,55,apartment,2.7,electric,400,2.0,3,0,5.09,3.92,1
20241227_me_industrial_norte,miranda_de_ebro,me_industrial_norte,12,0.3,40,terraced_house,3.1,diesel,700,-15.9,0,0,7.54,5.83,0
20241227_me_bayas,miranda_de_ebro,me_bayas,12,2.1,50,detached_house,3.4,butane_lpg,1600,5.5,3,0,6.57,5.04,0
20241228_rv_centro,rincon_de_la_victoria,rv_centro,12,9.9,58,apartment,2.6,electric,150,7.3,4,0,3.13,2.5,1
20241228_rv_torre_benagalbon,rincon_de_la_victoria,rv_torre_benagalbon,12,10.2,52,apartment,2.8,butane_lpg,650,-25.2,2,0,2.49,1.91,0
20241228_rv_cala_del_moral,rincon_de_la_victoria,rv_cala_del_moral,12,13.6,72,detached_house,3.0,electric,900,3.8,2,1,2.58,2.02,1
20241228_rv_benagalbon_pueblo,rincon_de_la_victoria,rv_benagalbon_pueblo,12,9.9,44,terraced_house,3.2,none,1800,4.4,1,0,4.62,3.69,0
20241228_me_casco_historico,miranda_de_ebro,me_casco_historico,12,2.9,48,apartment,2.4,diesel,120,3.5,1,0,4.19,3.23,0
20241228_me_ircio,miranda_de_ebro,me_ircio,12,1.1,55,apartment,2.7,electric,400,18.6,0,0,5.36,4.63,1
20241228_me_industrial_norte,miranda_de_ebro,me_industrial_norte,12,-0.2,40,terraced_house,3.1,diesel,700,-2.3,5,0,7.16,5.85,0
20241228_me_bayas,miranda_de_ebro,me_bayas,12,-0.0,50,detached_house,3.4,butane_lpg,1600,-4.5,1,0,8.09,6.01,0
20241229_rv_centro,rincon_de_la_victoria,rv_centro,12,9.1,58,apartment,2.6,electric,150,9.8,3,0,2.73,2.15,1
20241229_rv_torre_benagalbon,rincon_de_la_victoria,rv_torre_benagalbon,12,10.4,52,apartment,2.8,butane_lpg,650,2.4,1,0,3.45,2.8,0
20241229_rv_cala_del_moral,rincon_de_la_victoria,rv_cala_del_moral,12,11.1,72,detached_house,3.0,electric,900,14.6,4,0,3.65,2.88,1
20241229_rv_benagalbon_pueblo,rincon_de_la_victoria,rv_benagalbon_pueblo,12,10.3,44,terraced_house,3.2,none,1800,8.1,0,0,3.79,3.15,0
20241229_me_casco_historico,miranda_de_ebro,me_casco_historico,12,1.0,48,apartment,2.4,diesel,120,-4.2,4,0,4.48,3.36,1
20241229_me_ircio,miranda_de_ebro,me_ircio,12,-0.7,55,apartment,2.7,electric,400,-0.4,4,0,4.9,3.83,0
20241229_me_industrial_norte,miranda_de_ebro,me_industrial_norte,12,2.2,40,terraced_house,3.1,diesel,700,-1.7,2,0,6.77,4.97,0
20241229_me_bayas,miranda_de_ebro,me_bayas,12,-0.7,50,detached_house,3.4,butane_lpg,1600,-1.6,2,0,7.57,6.13,0
20241230_rv_centro,rincon_de_la_victoria,rv_centro,12,8.7,58,apartment,2.6,electric,150,-13.5,7,0,3.84,2.91,1
20241230_rv_torre_benagalbon,rincon_de_la_victoria,rv_torre_benagalbon,12,9.7,52,apartment,2.8,butane_lpg,650,9.5,1,0,4.18,3.2,1
20241230_rv_cala_del_moral,rincon_de_la_victoria,rv_cala_del_moral,12,13.6,72,detached_house,3.0,electric,900,9.7,2,0,2.03,1.62,0
20241230_rv_benagalbon_pueblo,rincon_de_la_victoria,rv_benagalbon_pueblo,12,10.0,44,terraced_house,3.2,none,1800,-5.9,3,0,3.47,2.74,0
20241230_me_casco_historico,miranda_de_ebro,me_casco_historico,12,0.4,48,apartment,2.4,diesel,120,19.8,3,0,5.17,4.16,0
20241230_me_ircio,miranda_de_ebro,me_ircio,12,0.5,55,apartment,2.7,electric,400,5.8,4,0,5.16,4.0,0
20241230_me_industrial_norte,miranda_de_ebro,me_industrial_norte,12,0.4,40,terraced_house,3.1,diesel,700,3.2,1,1,7.71,5.96,0
20241230_me_bayas,miranda_de_ebro,me_bayas,12,1.3,50,detached_house,3.4,butane_lpg,1600,-5.0,7,0,7.52,5.76,0
20241231_rv_centro,rincon_de_la_victoria,rv_centro,12,10.7,58,apartment,2.6,electric,150,-6.3,2,0,3.45,2.76,0
20241231_rv_torre_benagalbon,rincon_de_la_victoria,rv_torre_benagalbon,12,11.5,52,apartment,2.8,butane_lpg,650,19.1,3,0,2.72,2.03,0
20241231_rv_cala_del_moral,rincon_de_la_victoria,rv_cala_del_moral,12,10.8,72,detached_house,3.0,electric,900,1.4,3,0,3.68,2.75,0
20241231_rv_benagalbon_pueblo,rincon_de_la_victoria,rv_benagalbon_pueblo,12,9.7,44,terraced_house,3.2,none,1800,5.5,4,0,3.5,2.86,0
20241231_me_casco_historico,miranda_de_ebro,me_casco_historico,12,2.1,48,apartment,2.4,diesel,120,16.6,5,0,3.65,2.88,1
20241231_me_ircio,miranda_de_ebro,me_ircio,12,0.8,55,apartment,2.7,electric,400,9.1,1,1,5.44,4.37,0
20241231_me_industrial_norte,miranda_de_ebro,me_industrial_norte,12,1.3,40,terraced_house,3.1,diesel,700,25.6,0,0,6.53,5.51,1
20241231_me_bayas,miranda_de_ebro,me_bayas,12,1.7,50,detached_house,3.4,butane_lpg,1600,2.2,2,0,8.29,6.41,0
